model_id,optimizer_update,validation_episode_count,validation_H,mean_J_network,source_record
full_N500_K100_nominal_s1,1000,10,800,,
full_N500_K100_nominal_s1,2000,10,800,,
full_N500_K100_nominal_s1,3000,10,800,,
full_N500_K100_nominal_s1,4000,10,800,,
full_N500_K100_nominal_s1,5000,10,800,,
full_N500_K100_nominal_s1,6000,10,800,,
full_N500_K100_nominal_s1,7000,10,800,,
full_N500_K100_nominal_s1,8000,10,800,,
full_N500_K100_nominal_s1,9000,10,800,,
full_N500_K100_nominal_s1,10000,10,800,,
full_N500_K100_nominal_s1,11000,10,800,,
full_N500_K100_nominal_s1,12000,10,800,,
full_N500_K100_nominal_s1,13000,10,800,,
full_N500_K100_nominal_s1,14000,10,800,,
full_N500_K100_nominal_s1,15000,10,800,,
full_N500_K100_nominal_s1,16000,10,800,,
full_N500_K100_nominal_s1,17000,10,800,,
full_N500_K100_nominal_s1,18000,10,800,,
full_N500_K100_nominal_s1,19000,10,800,,
full_N500_K100_nominal_s1,20000,10,800,,
full_N500_K100_nominal_s2,1000,10,800,,
full_N500_K100_nominal_s2,2000,10,800,,
full_N500_K100_nominal_s2,3000,10,800,,
full_N500_K100_nominal_s2,4000,10,800,,
full_N500_K100_nominal_s2,5000,10,800,,
full_N500_K100_nominal_s2,6000,10,800,,
full_N500_K100_nominal_s2,7000,10,800,,
full_N500_K100_nominal_s2,8000,10,800,,
full_N500_K100_nominal_s2,9000,10,800,,
full_N500_K100_nominal_s2,10000,10,800,,
full_N500_K100_nominal_s2,11000,10,800,,
full_N500_K100_nominal_s2,12000,10,800,,
full_N500_K100_nominal_s2,13000,10,800,,
full_N500_K100_nominal_s2,14000,10,800,,
full_N500_K100_nominal_s2,15000,10,800,,
full_N500_K100_nominal_s2,16000,10,800,,
full_N500_K100_nominal_s2,17000,10,800,,
full_N500_K100_nominal_s2,18000,10,800,,
full_N500_K100_nominal_s2,19000,10,800,,
full_N500_K100_nominal_s2,20000,10,800,,
full_N500_K100_nominal_s3,1000,10,800,,
full_N500_K100_nominal_s3,2000,10,800,,
full_N500_K100_nominal_s3,3000,10,800,,
full_N500_K100_nominal_s3,4000,10,800,,
full_N500_K100_nominal_s3,5000,10,800,,
full_N500_K100_nominal_s3,6000,10,800,,
full_N500_K100_nominal_s3,7000,10,800,,
full_N500_K100_nominal_s3,8000,10,800,,
full_N500_K100_nominal_s3,9000,10,800,,
full_N500_K100_nominal_s3,10000,10,800,,
full_N500_K100_nominal_s3,11000,10,800,,
full_N500_K100_nominal_s3,12000,10,800,,
full_N500_K100_nominal_s3,13000,10,800,,
full_N500_K100_nominal_s3,14000,10,800,,
full_N500_K100_nominal_s3,15000,10,800,,
full_N500_K100_nominal_s3,16000,10,800,,
full_N500_K100_nominal_s3,17000,10,800,,
full_N500_K100_nominal_s3,18000,10,800,,
full_N500_K100_nominal_s3,19000,10,800,,
full_N500_K100_nominal_s3,20000,10,800,,
full_N500_K100_nominal_s4,1000,10,800,,
full_N500_K100_nominal_s4,2000,10,800,,
full_N500_K100_nominal_s4,3000,10,800,,
full_N500_K100_nominal_s4,4000,10,800,,
full_N500_K100_nominal_s4,5000,10,800,,
full_N500_K100_nominal_s4,6000,10,800,,
full_N500_K100_nominal_s4,7000,10,800,,
full_N500_K100_nominal_s4,8000,10,800,,
full_N500_K100_nominal_s4,9000,10,800,,
full_N500_K100_nominal_s4,10000,10,800,,
full_N500_K100_nominal_s4,11000,10,800,,
full_N500_K100_nominal_s4,12000,10,800,,
full_N500_K100_nominal_s4,13000,10,800,,
full_N500_K100_nominal_s4,14000,10,800,,
full_N500_K100_nominal_s4,15000,10,800,,
full_N500_K100_nominal_s4,16000,10,800,,
full_N500_K100_nominal_s4,17000,10,800,,
full_N500_K100_nominal_s4,18000,10,800,,
full_N500_K100_nominal_s4,19000,10,800,,
full_N500_K100_nominal_s4,20000,10,800,,
full_N500_K100_nominal_s5,1000,10,800,,
full_N500_K100_nominal_s5,2000,10,800,,
full_N500_K100_nominal_s5,3000,10,800,,
full_N500_K100_nominal_s5,4000,10,800,,
full_N500_K100_nominal_s5,5000,10,800,,
full_N500_K100_nominal_s5,6000,10,800,,
full_N500_K100_nominal_s5,7000,10,800,,
full_N500_K100_nominal_s5,8000,10,800,,
full_N500_K100_nominal_s5,9000,10,800,,
full_N500_K100_nominal_s5,10000,10,800,,
full_N500_K100_nominal_s5,11000,10,800,,
full_N500_K100_nominal_s5,12000,10,800,,
full_N500_K100_nominal_s5,13000,10,800,,
full_N500_K100_nominal_s5,14000,10,800,,
full_N500_K100_nominal_s5,15000,10,800,,
full_N500_K100_nominal_s5,16000,10,800,,
full_N500_K100_nominal_s5,17000,10,800,,
full_N500_K100_nominal_s5,18000,10,800,,
full_N500_K100_nominal_s5,19000,10,800,,
full_N500_K100_nominal_s5,20000,10,800,,
full_N1000_K100_nominal_s1,1000,10,800,,
full_N1000_K100_nominal_s1,2000,10,800,,
full_N1000_K100_nominal_s1,3000,10,800,,
full_N1000_K100_nominal_s1,4000,10,800,,
full_N1000_K100_nominal_s1,5000,10,800,,
full_N1000_K100_nominal_s1,6000,10,800,,
full_N1000_K100_nominal_s1,7000,10,800,,
full_N1000_K100_nominal_s1,8000,10,800,,
full_N1000_K100_nominal_s1,9000,10,800,,
full_N1000_K100_nominal_s1,10000,10,800,,
full_N1000_K100_nominal_s1,11000,10,800,,
full_N1000_K100_nominal_s1,12000,10,800,,
full_N1000_K100_nominal_s1,13000,10,800,,
full_N1000_K100_nominal_s1,14000,10,800,,
full_N1000_K100_nominal_s1,15000,10,800,,
full_N1000_K100_nominal_s1,16000,10,800,,
full_N1000_K100_nominal_s1,17000,10,800,,
full_N1000_K100_nominal_s1,18000,10,800,,
full_N1000_K100_nominal_s1,19000,10,800,,
full_N1000_K100_nominal_s1,20000,10,800,,
full_N1000_K100_nominal_s2,1000,10,800,,
full_N1000_K100_nominal_s2,2000,10,800,,
full_N1000_K100_nominal_s2,3000,10,800,,
full_N1000_K100_nominal_s2,4000,10,800,,
full_N1000_K100_nominal_s2,5000,10,800,,
full_N1000_K100_nominal_s2,6000,10,800,,
full_N1000_K100_nominal_s2,7000,10,800,,
full_N1000_K100_nominal_s2,8000,10,800,,
full_N1000_K100_nominal_s2,9000,10,800,,
full_N1000_K100_nominal_s2,10000,10,800,,
full_N1000_K100_nominal_s2,11000,10,800,,
full_N1000_K100_nominal_s2,12000,10,800,,
full_N1000_K100_nominal_s2,13000,10,800,,
full_N1000_K100_nominal_s2,14000,10,800,,
full_N1000_K100_nominal_s2,15000,10,800,,
full_N1000_K100_nominal_s2,16000,10,800,,
full_N1000_K100_nominal_s2,17000,10,800,,
full_N1000_K100_nominal_s2,18000,10,800,,
full_N1000_K100_nominal_s2,19000,10,800,,
full_N1000_K100_nominal_s2,20000,10,800,,
full_N1000_K100_nominal_s3,1000,10,800,,
full_N1000_K100_nominal_s3,2000,10,800,,
full_N1000_K100_nominal_s3,3000,10,800,,
full_N1000_K100_nominal_s3,4000,10,800,,
full_N1000_K100_nominal_s3,5000,10,800,,
full_N1000_K100_nominal_s3,6000,10,800,,
full_N1000_K100_nominal_s3,7000,10,800,,
full_N1000_K100_nominal_s3,8000,10,800,,
full_N1000_K100_nominal_s3,9000,10,800,,
full_N1000_K100_nominal_s3,10000,10,800,,
full_N1000_K100_nominal_s3,11000,10,800,,
full_N1000_K100_nominal_s3,12000,10,800,,
full_N1000_K100_nominal_s3,13000,10,800,,
full_N1000_K100_nominal_s3,14000,10,800,,
full_N1000_K100_nominal_s3,15000,10,800,,
full_N1000_K100_nominal_s3,16000,10,800,,
full_N1000_K100_nominal_s3,17000,10,800,,
full_N1000_K100_nominal_s3,18000,10,800,,
full_N1000_K100_nominal_s3,19000,10,800,,
full_N1000_K100_nominal_s3,20000,10,800,,
full_N1000_K100_nominal_s4,1000,10,800,,
full_N1000_K100_nominal_s4,2000,10,800,,
full_N1000_K100_nominal_s4,3000,10,800,,
full_N1000_K100_nominal_s4,4000,10,800,,
full_N1000_K100_nominal_s4,5000,10,800,,
full_N1000_K100_nominal_s4,6000,10,800,,
full_N1000_K100_nominal_s4,7000,10,800,,
full_N1000_K100_nominal_s4,8000,10,800,,
full_N1000_K100_nominal_s4,9000,10,800,,
full_N1000_K100_nominal_s4,10000,10,800,,
full_N1000_K100_nominal_s4,11000,10,800,,
full_N1000_K100_nominal_s4,12000,10,800,,
full_N1000_K100_nominal_s4,13000,10,800,,
full_N1000_K100_nominal_s4,14000,10,800,,
full_N1000_K100_nominal_s4,15000,10,800,,
full_N1000_K100_nominal_s4,16000,10,800,,
full_N1000_K100_nominal_s4,17000,10,800,,
full_N1000_K100_nominal_s4,18000,10,800,,
full_N1000_K100_nominal_s4,19000,10,800,,
full_N1000_K100_nominal_s4,20000,10,800,,
full_N1000_K100_nominal_s5,1000,10,800,,
full_N1000_K100_nominal_s5,2000,10,800,,
full_N1000_K100_nominal_s5,3000,10,800,,
full_N1000_K100_nominal_s5,4000,10,800,,
full_N1000_K100_nominal_s5,5000,10,800,,
full_N1000_K100_nominal_s5,6000,10,800,,
full_N1000_K100_nominal_s5,7000,10,800,,
full_N1000_K100_nominal_s5,8000,10,800,,
full_N1000_K100_nominal_s5,9000,10,800,,
full_N1000_K100_nominal_s5,10000,10,800,,
full_N1000_K100_nominal_s5,11000,10,800,,
full_N1000_K100_nominal_s5,12000,10,800,,
full_N1000_K100_nominal_s5,13000,10,800,,
full_N1000_K100_nominal_s5,14000,10,800,,
full_N1000_K100_nominal_s5,15000,10,800,,
full_N1000_K100_nominal_s5,16000,10,800,,
full_N1000_K100_nominal_s5,17000,10,800,,
full_N1000_K100_nominal_s5,18000,10,800,,
full_N1000_K100_nominal_s5,19000,10,800,,
full_N1000_K100_nominal_s5,20000,10,800,,
full_N2000_K100_nominal_s1,1000,10,800,,
full_N2000_K100_nominal_s1,2000,10,800,,
full_N2000_K100_nominal_s1,3000,10,800,,
full_N2000_K100_nominal_s1,4000,10,800,,
full_N2000_K100_nominal_s1,5000,10,800,,
full_N2000_K100_nominal_s1,6000,10,800,,
full_N2000_K100_nominal_s1,7000,10,800,,
full_N2000_K100_nominal_s1,8000,10,800,,
full_N2000_K100_nominal_s1,9000,10,800,,
full_N2000_K100_nominal_s1,10000,10,800,,
full_N2000_K100_nominal_s1,11000,10,800,,
full_N2000_K100_nominal_s1,12000,10,800,,
full_N2000_K100_nominal_s1,13000,10,800,,
full_N2000_K100_nominal_s1,14000,10,800,,
full_N2000_K100_nominal_s1,15000,10,800,,
full_N2000_K100_nominal_s1,16000,10,800,,
full_N2000_K100_nominal_s1,17000,10,800,,
full_N2000_K100_nominal_s1,18000,10,800,,
full_N2000_K100_nominal_s1,19000,10,800,,
full_N2000_K100_nominal_s1,20000,10,800,,
full_N2000_K100_nominal_s2,1000,10,800,,
full_N2000_K100_nominal_s2,2000,10,800,,
full_N2000_K100_nominal_s2,3000,10,800,,
full_N2000_K100_nominal_s2,4000,10,800,,
full_N2000_K100_nominal_s2,5000,10,800,,
full_N2000_K100_nominal_s2,6000,10,800,,
full_N2000_K100_nominal_s2,7000,10,800,,
full_N2000_K100_nominal_s2,8000,10,800,,
full_N2000_K100_nominal_s2,9000,10,800,,
full_N2000_K100_nominal_s2,10000,10,800,,
full_N2000_K100_nominal_s2,11000,10,800,,
full_N2000_K100_nominal_s2,12000,10,800,,
full_N2000_K100_nominal_s2,13000,10,800,,
full_N2000_K100_nominal_s2,14000,10,800,,
full_N2000_K100_nominal_s2,15000,10,800,,
full_N2000_K100_nominal_s2,16000,10,800,,
full_N2000_K100_nominal_s2,17000,10,800,,
full_N2000_K100_nominal_s2,18000,10,800,,
full_N2000_K100_nominal_s2,19000,10,800,,
full_N2000_K100_nominal_s2,20000,10,800,,
full_N2000_K100_nominal_s3,1000,10,800,,
full_N2000_K100_nominal_s3,2000,10,800,,
full_N2000_K100_nominal_s3,3000,10,800,,
full_N2000_K100_nominal_s3,4000,10,800,,
full_N2000_K100_nominal_s3,5000,10,800,,
full_N2000_K100_nominal_s3,6000,10,800,,
full_N2000_K100_nominal_s3,7000,10,800,,
full_N2000_K100_nominal_s3,8000,10,800,,
full_N2000_K100_nominal_s3,9000,10,800,,
full_N2000_K100_nominal_s3,10000,10,800,,
full_N2000_K100_nominal_s3,11000,10,800,,
full_N2000_K100_nominal_s3,12000,10,800,,
full_N2000_K100_nominal_s3,13000,10,800,,
full_N2000_K100_nominal_s3,14000,10,800,,
full_N2000_K100_nominal_s3,15000,10,800,,
full_N2000_K100_nominal_s3,16000,10,800,,
full_N2000_K100_nominal_s3,17000,10,800,,
full_N2000_K100_nominal_s3,18000,10,800,,
full_N2000_K100_nominal_s3,19000,10,800,,
full_N2000_K100_nominal_s3,20000,10,800,,
full_N2000_K100_nominal_s4,1000,10,800,,
full_N2000_K100_nominal_s4,2000,10,800,,
full_N2000_K100_nominal_s4,3000,10,800,,
full_N2000_K100_nominal_s4,4000,10,800,,
full_N2000_K100_nominal_s4,5000,10,800,,
full_N2000_K100_nominal_s4,6000,10,800,,
full_N2000_K100_nominal_s4,7000,10,800,,
full_N2000_K100_nominal_s4,8000,10,800,,
full_N2000_K100_nominal_s4,9000,10,800,,
full_N2000_K100_nominal_s4,10000,10,800,,
full_N2000_K100_nominal_s4,11000,10,800,,
full_N2000_K100_nominal_s4,12000,10,800,,
full_N2000_K100_nominal_s4,13000,10,800,,
full_N2000_K100_nominal_s4,14000,10,800,,
full_N2000_K100_nominal_s4,15000,10,800,,
full_N2000_K100_nominal_s4,16000,10,800,,
full_N2000_K100_nominal_s4,17000,10,800,,
full_N2000_K100_nominal_s4,18000,10,800,,
full_N2000_K100_nominal_s4,19000,10,800,,
full_N2000_K100_nominal_s4,20000,10,800,,
full_N2000_K100_nominal_s5,1000,10,800,,
full_N2000_K100_nominal_s5,2000,10,800,,
full_N2000_K100_nominal_s5,3000,10,800,,
full_N2000_K100_nominal_s5,4000,10,800,,
full_N2000_K100_nominal_s5,5000,10,800,,
full_N2000_K100_nominal_s5,6000,10,800,,
full_N2000_K100_nominal_s5,7000,10,800,,
full_N2000_K100_nominal_s5,8000,10,800,,
full_N2000_K100_nominal_s5,9000,10,800,,
full_N2000_K100_nominal_s5,10000,10,800,,
full_N2000_K100_nominal_s5,11000,10,800,,
full_N2000_K100_nominal_s5,12000,10,800,,
full_N2000_K100_nominal_s5,13000,10,800,,
full_N2000_K100_nominal_s5,14000,10,800,,
full_N2000_K100_nominal_s5,15000,10,800,,
full_N2000_K100_nominal_s5,16000,10,800,,
full_N2000_K100_nominal_s5,17000,10,800,,
full_N2000_K100_nominal_s5,18000,10,800,,
full_N2000_K100_nominal_s5,19000,10,800,,
full_N2000_K100_nominal_s5,20000,10,800,,
mlp213_N500_K100_nominal_s1,1000,10,800,,
mlp213_N500_K100_nominal_s1,2000,10,800,,
mlp213_N500_K100_nominal_s1,3000,10,800,,
mlp213_N500_K100_nominal_s1,4000,10,800,,
mlp213_N500_K100_nominal_s1,5000,10,800,,
mlp213_N500_K100_nominal_s1,6000,10,800,,
mlp213_N500_K100_nominal_s1,7000,10,800,,
mlp213_N500_K100_nominal_s1,8000,10,800,,
mlp213_N500_K100_nominal_s1,9000,10,800,,
mlp213_N500_K100_nominal_s1,10000,10,800,,
mlp213_N500_K100_nominal_s1,11000,10,800,,
mlp213_N500_K100_nominal_s1,12000,10,800,,
mlp213_N500_K100_nominal_s1,13000,10,800,,
mlp213_N500_K100_nominal_s1,14000,10,800,,
mlp213_N500_K100_nominal_s1,15000,10,800,,
mlp213_N500_K100_nominal_s1,16000,10,800,,
mlp213_N500_K100_nominal_s1,17000,10,800,,
mlp213_N500_K100_nominal_s1,18000,10,800,,
mlp213_N500_K100_nominal_s1,19000,10,800,,
mlp213_N500_K100_nominal_s1,20000,10,800,,
mlp213_N500_K100_nominal_s2,1000,10,800,,
mlp213_N500_K100_nominal_s2,2000,10,800,,
mlp213_N500_K100_nominal_s2,3000,10,800,,
mlp213_N500_K100_nominal_s2,4000,10,800,,
mlp213_N500_K100_nominal_s2,5000,10,800,,
mlp213_N500_K100_nominal_s2,6000,10,800,,
mlp213_N500_K100_nominal_s2,7000,10,800,,
mlp213_N500_K100_nominal_s2,8000,10,800,,
mlp213_N500_K100_nominal_s2,9000,10,800,,
mlp213_N500_K100_nominal_s2,10000,10,800,,
mlp213_N500_K100_nominal_s2,11000,10,800,,
mlp213_N500_K100_nominal_s2,12000,10,800,,
mlp213_N500_K100_nominal_s2,13000,10,800,,
mlp213_N500_K100_nominal_s2,14000,10,800,,
mlp213_N500_K100_nominal_s2,15000,10,800,,
mlp213_N500_K100_nominal_s2,16000,10,800,,
mlp213_N500_K100_nominal_s2,17000,10,800,,
mlp213_N500_K100_nominal_s2,18000,10,800,,
mlp213_N500_K100_nominal_s2,19000,10,800,,
mlp213_N500_K100_nominal_s2,20000,10,800,,
mlp213_N500_K100_nominal_s3,1000,10,800,,
mlp213_N500_K100_nominal_s3,2000,10,800,,
mlp213_N500_K100_nominal_s3,3000,10,800,,
mlp213_N500_K100_nominal_s3,4000,10,800,,
mlp213_N500_K100_nominal_s3,5000,10,800,,
mlp213_N500_K100_nominal_s3,6000,10,800,,
mlp213_N500_K100_nominal_s3,7000,10,800,,
mlp213_N500_K100_nominal_s3,8000,10,800,,
mlp213_N500_K100_nominal_s3,9000,10,800,,
mlp213_N500_K100_nominal_s3,10000,10,800,,
mlp213_N500_K100_nominal_s3,11000,10,800,,
mlp213_N500_K100_nominal_s3,12000,10,800,,
mlp213_N500_K100_nominal_s3,13000,10,800,,
mlp213_N500_K100_nominal_s3,14000,10,800,,
mlp213_N500_K100_nominal_s3,15000,10,800,,
mlp213_N500_K100_nominal_s3,16000,10,800,,
mlp213_N500_K100_nominal_s3,17000,10,800,,
mlp213_N500_K100_nominal_s3,18000,10,800,,
mlp213_N500_K100_nominal_s3,19000,10,800,,
mlp213_N500_K100_nominal_s3,20000,10,800,,
mlp213_N500_K100_nominal_s4,1000,10,800,,
mlp213_N500_K100_nominal_s4,2000,10,800,,
mlp213_N500_K100_nominal_s4,3000,10,800,,
mlp213_N500_K100_nominal_s4,4000,10,800,,
mlp213_N500_K100_nominal_s4,5000,10,800,,
mlp213_N500_K100_nominal_s4,6000,10,800,,
mlp213_N500_K100_nominal_s4,7000,10,800,,
mlp213_N500_K100_nominal_s4,8000,10,800,,
mlp213_N500_K100_nominal_s4,9000,10,800,,
mlp213_N500_K100_nominal_s4,10000,10,800,,
mlp213_N500_K100_nominal_s4,11000,10,800,,
mlp213_N500_K100_nominal_s4,12000,10,800,,
mlp213_N500_K100_nominal_s4,13000,10,800,,
mlp213_N500_K100_nominal_s4,14000,10,800,,
mlp213_N500_K100_nominal_s4,15000,10,800,,
mlp213_N500_K100_nominal_s4,16000,10,800,,
mlp213_N500_K100_nominal_s4,17000,10,800,,
mlp213_N500_K100_nominal_s4,18000,10,800,,
mlp213_N500_K100_nominal_s4,19000,10,800,,
mlp213_N500_K100_nominal_s4,20000,10,800,,
mlp213_N500_K100_nominal_s5,1000,10,800,,
mlp213_N500_K100_nominal_s5,2000,10,800,,
mlp213_N500_K100_nominal_s5,3000,10,800,,
mlp213_N500_K100_nominal_s5,4000,10,800,,
mlp213_N500_K100_nominal_s5,5000,10,800,,
mlp213_N500_K100_nominal_s5,6000,10,800,,
mlp213_N500_K100_nominal_s5,7000,10,800,,
mlp213_N500_K100_nominal_s5,8000,10,800,,
mlp213_N500_K100_nominal_s5,9000,10,800,,
mlp213_N500_K100_nominal_s5,10000,10,800,,
mlp213_N500_K100_nominal_s5,11000,10,800,,
mlp213_N500_K100_nominal_s5,12000,10,800,,
mlp213_N500_K100_nominal_s5,13000,10,800,,
mlp213_N500_K100_nominal_s5,14000,10,800,,
mlp213_N500_K100_nominal_s5,15000,10,800,,
mlp213_N500_K100_nominal_s5,16000,10,800,,
mlp213_N500_K100_nominal_s5,17000,10,800,,
mlp213_N500_K100_nominal_s5,18000,10,800,,
mlp213_N500_K100_nominal_s5,19000,10,800,,
mlp213_N500_K100_nominal_s5,20000,10,800,,
mlp213_N1000_K100_nominal_s1,1000,10,800,,
mlp213_N1000_K100_nominal_s1,2000,10,800,,
mlp213_N1000_K100_nominal_s1,3000,10,800,,
mlp213_N1000_K100_nominal_s1,4000,10,800,,
mlp213_N1000_K100_nominal_s1,5000,10,800,,
mlp213_N1000_K100_nominal_s1,6000,10,800,,
mlp213_N1000_K100_nominal_s1,7000,10,800,,
mlp213_N1000_K100_nominal_s1,8000,10,800,,
mlp213_N1000_K100_nominal_s1,9000,10,800,,
mlp213_N1000_K100_nominal_s1,10000,10,800,,
mlp213_N1000_K100_nominal_s1,11000,10,800,,
mlp213_N1000_K100_nominal_s1,12000,10,800,,
mlp213_N1000_K100_nominal_s1,13000,10,800,,
mlp213_N1000_K100_nominal_s1,14000,10,800,,
mlp213_N1000_K100_nominal_s1,15000,10,800,,
mlp213_N1000_K100_nominal_s1,16000,10,800,,
mlp213_N1000_K100_nominal_s1,17000,10,800,,
mlp213_N1000_K100_nominal_s1,18000,10,800,,
mlp213_N1000_K100_nominal_s1,19000,10,800,,
mlp213_N1000_K100_nominal_s1,20000,10,800,,
mlp213_N1000_K100_nominal_s2,1000,10,800,,
mlp213_N1000_K100_nominal_s2,2000,10,800,,
mlp213_N1000_K100_nominal_s2,3000,10,800,,
mlp213_N1000_K100_nominal_s2,4000,10,800,,
mlp213_N1000_K100_nominal_s2,5000,10,800,,
mlp213_N1000_K100_nominal_s2,6000,10,800,,
mlp213_N1000_K100_nominal_s2,7000,10,800,,
mlp213_N1000_K100_nominal_s2,8000,10,800,,
mlp213_N1000_K100_nominal_s2,9000,10,800,,
mlp213_N1000_K100_nominal_s2,10000,10,800,,
mlp213_N1000_K100_nominal_s2,11000,10,800,,
mlp213_N1000_K100_nominal_s2,12000,10,800,,
mlp213_N1000_K100_nominal_s2,13000,10,800,,
mlp213_N1000_K100_nominal_s2,14000,10,800,,
mlp213_N1000_K100_nominal_s2,15000,10,800,,
mlp213_N1000_K100_nominal_s2,16000,10,800,,
mlp213_N1000_K100_nominal_s2,17000,10,800,,
mlp213_N1000_K100_nominal_s2,18000,10,800,,
mlp213_N1000_K100_nominal_s2,19000,10,800,,
mlp213_N1000_K100_nominal_s2,20000,10,800,,
mlp213_N1000_K100_nominal_s3,1000,10,800,,
mlp213_N1000_K100_nominal_s3,2000,10,800,,
mlp213_N1000_K100_nominal_s3,3000,10,800,,
mlp213_N1000_K100_nominal_s3,4000,10,800,,
mlp213_N1000_K100_nominal_s3,5000,10,800,,
mlp213_N1000_K100_nominal_s3,6000,10,800,,
mlp213_N1000_K100_nominal_s3,7000,10,800,,
mlp213_N1000_K100_nominal_s3,8000,10,800,,
mlp213_N1000_K100_nominal_s3,9000,10,800,,
mlp213_N1000_K100_nominal_s3,10000,10,800,,
mlp213_N1000_K100_nominal_s3,11000,10,800,,
mlp213_N1000_K100_nominal_s3,12000,10,800,,
mlp213_N1000_K100_nominal_s3,13000,10,800,,
mlp213_N1000_K100_nominal_s3,14000,10,800,,
mlp213_N1000_K100_nominal_s3,15000,10,800,,
mlp213_N1000_K100_nominal_s3,16000,10,800,,
mlp213_N1000_K100_nominal_s3,17000,10,800,,
mlp213_N1000_K100_nominal_s3,18000,10,800,,
mlp213_N1000_K100_nominal_s3,19000,10,800,,
mlp213_N1000_K100_nominal_s3,20000,10,800,,
mlp213_N1000_K100_nominal_s4,1000,10,800,,
mlp213_N1000_K100_nominal_s4,2000,10,800,,
mlp213_N1000_K100_nominal_s4,3000,10,800,,
mlp213_N1000_K100_nominal_s4,4000,10,800,,
mlp213_N1000_K100_nominal_s4,5000,10,800,,
mlp213_N1000_K100_nominal_s4,6000,10,800,,
mlp213_N1000_K100_nominal_s4,7000,10,800,,
mlp213_N1000_K100_nominal_s4,8000,10,800,,
mlp213_N1000_K100_nominal_s4,9000,10,800,,
mlp213_N1000_K100_nominal_s4,10000,10,800,,
mlp213_N1000_K100_nominal_s4,11000,10,800,,
mlp213_N1000_K100_nominal_s4,12000,10,800,,
mlp213_N1000_K100_nominal_s4,13000,10,800,,
mlp213_N1000_K100_nominal_s4,14000,10,800,,
mlp213_N1000_K100_nominal_s4,15000,10,800,,
mlp213_N1000_K100_nominal_s4,16000,10,800,,
mlp213_N1000_K100_nominal_s4,17000,10,800,,
mlp213_N1000_K100_nominal_s4,18000,10,800,,
mlp213_N1000_K100_nominal_s4,19000,10,800,,
mlp213_N1000_K100_nominal_s4,20000,10,800,,
mlp213_N1000_K100_nominal_s5,1000,10,800,,
mlp213_N1000_K100_nominal_s5,2000,10,800,,
mlp213_N1000_K100_nominal_s5,3000,10,800,,
mlp213_N1000_K100_nominal_s5,4000,10,800,,
mlp213_N1000_K100_nominal_s5,5000,10,800,,
mlp213_N1000_K100_nominal_s5,6000,10,800,,
mlp213_N1000_K100_nominal_s5,7000,10,800,,
mlp213_N1000_K100_nominal_s5,8000,10,800,,
mlp213_N1000_K100_nominal_s5,9000,10,800,,
mlp213_N1000_K100_nominal_s5,10000,10,800,,
mlp213_N1000_K100_nominal_s5,11000,10,800,,
mlp213_N1000_K100_nominal_s5,12000,10,800,,
mlp213_N1000_K100_nominal_s5,13000,10,800,,
mlp213_N1000_K100_nominal_s5,14000,10,800,,
mlp213_N1000_K100_nominal_s5,15000,10,800,,
mlp213_N1000_K100_nominal_s5,16000,10,800,,
mlp213_N1000_K100_nominal_s5,17000,10,800,,
mlp213_N1000_K100_nominal_s5,18000,10,800,,
mlp213_N1000_K100_nominal_s5,19000,10,800,,
mlp213_N1000_K100_nominal_s5,20000,10,800,,
mlp213_N2000_K100_nominal_s1,1000,10,800,,
mlp213_N2000_K100_nominal_s1,2000,10,800,,
mlp213_N2000_K100_nominal_s1,3000,10,800,,
mlp213_N2000_K100_nominal_s1,4000,10,800,,
mlp213_N2000_K100_nominal_s1,5000,10,800,,
mlp213_N2000_K100_nominal_s1,6000,10,800,,
mlp213_N2000_K100_nominal_s1,7000,10,800,,
mlp213_N2000_K100_nominal_s1,8000,10,800,,
mlp213_N2000_K100_nominal_s1,9000,10,800,,
mlp213_N2000_K100_nominal_s1,10000,10,800,,
mlp213_N2000_K100_nominal_s1,11000,10,800,,
mlp213_N2000_K100_nominal_s1,12000,10,800,,
mlp213_N2000_K100_nominal_s1,13000,10,800,,
mlp213_N2000_K100_nominal_s1,14000,10,800,,
mlp213_N2000_K100_nominal_s1,15000,10,800,,
mlp213_N2000_K100_nominal_s1,16000,10,800,,
mlp213_N2000_K100_nominal_s1,17000,10,800,,
mlp213_N2000_K100_nominal_s1,18000,10,800,,
mlp213_N2000_K100_nominal_s1,19000,10,800,,
mlp213_N2000_K100_nominal_s1,20000,10,800,,
mlp213_N2000_K100_nominal_s2,1000,10,800,,
mlp213_N2000_K100_nominal_s2,2000,10,800,,
mlp213_N2000_K100_nominal_s2,3000,10,800,,
mlp213_N2000_K100_nominal_s2,4000,10,800,,
mlp213_N2000_K100_nominal_s2,5000,10,800,,
mlp213_N2000_K100_nominal_s2,6000,10,800,,
mlp213_N2000_K100_nominal_s2,7000,10,800,,
mlp213_N2000_K100_nominal_s2,8000,10,800,,
mlp213_N2000_K100_nominal_s2,9000,10,800,,
mlp213_N2000_K100_nominal_s2,10000,10,800,,
mlp213_N2000_K100_nominal_s2,11000,10,800,,
mlp213_N2000_K100_nominal_s2,12000,10,800,,
mlp213_N2000_K100_nominal_s2,13000,10,800,,
mlp213_N2000_K100_nominal_s2,14000,10,800,,
mlp213_N2000_K100_nominal_s2,15000,10,800,,
mlp213_N2000_K100_nominal_s2,16000,10,800,,
mlp213_N2000_K100_nominal_s2,17000,10,800,,
mlp213_N2000_K100_nominal_s2,18000,10,800,,
mlp213_N2000_K100_nominal_s2,19000,10,800,,
mlp213_N2000_K100_nominal_s2,20000,10,800,,
mlp213_N2000_K100_nominal_s3,1000,10,800,,
mlp213_N2000_K100_nominal_s3,2000,10,800,,
mlp213_N2000_K100_nominal_s3,3000,10,800,,
mlp213_N2000_K100_nominal_s3,4000,10,800,,
mlp213_N2000_K100_nominal_s3,5000,10,800,,
mlp213_N2000_K100_nominal_s3,6000,10,800,,
mlp213_N2000_K100_nominal_s3,7000,10,800,,
mlp213_N2000_K100_nominal_s3,8000,10,800,,
mlp213_N2000_K100_nominal_s3,9000,10,800,,
mlp213_N2000_K100_nominal_s3,10000,10,800,,
mlp213_N2000_K100_nominal_s3,11000,10,800,,
mlp213_N2000_K100_nominal_s3,12000,10,800,,
mlp213_N2000_K100_nominal_s3,13000,10,800,,
mlp213_N2000_K100_nominal_s3,14000,10,800,,
mlp213_N2000_K100_nominal_s3,15000,10,800,,
mlp213_N2000_K100_nominal_s3,16000,10,800,,
mlp213_N2000_K100_nominal_s3,17000,10,800,,
mlp213_N2000_K100_nominal_s3,18000,10,800,,
mlp213_N2000_K100_nominal_s3,19000,10,800,,
mlp213_N2000_K100_nominal_s3,20000,10,800,,
mlp213_N2000_K100_nominal_s4,1000,10,800,,
mlp213_N2000_K100_nominal_s4,2000,10,800,,
mlp213_N2000_K100_nominal_s4,3000,10,800,,
mlp213_N2000_K100_nominal_s4,4000,10,800,,
mlp213_N2000_K100_nominal_s4,5000,10,800,,
mlp213_N2000_K100_nominal_s4,6000,10,800,,
mlp213_N2000_K100_nominal_s4,7000,10,800,,
mlp213_N2000_K100_nominal_s4,8000,10,800,,
mlp213_N2000_K100_nominal_s4,9000,10,800,,
mlp213_N2000_K100_nominal_s4,10000,10,800,,
mlp213_N2000_K100_nominal_s4,11000,10,800,,
mlp213_N2000_K100_nominal_s4,12000,10,800,,
mlp213_N2000_K100_nominal_s4,13000,10,800,,
mlp213_N2000_K100_nominal_s4,14000,10,800,,
mlp213_N2000_K100_nominal_s4,15000,10,800,,
mlp213_N2000_K100_nominal_s4,16000,10,800,,
mlp213_N2000_K100_nominal_s4,17000,10,800,,
mlp213_N2000_K100_nominal_s4,18000,10,800,,
mlp213_N2000_K100_nominal_s4,19000,10,800,,
mlp213_N2000_K100_nominal_s4,20000,10,800,,
mlp213_N2000_K100_nominal_s5,1000,10,800,,
mlp213_N2000_K100_nominal_s5,2000,10,800,,
mlp213_N2000_K100_nominal_s5,3000,10,800,,
mlp213_N2000_K100_nominal_s5,4000,10,800,,
mlp213_N2000_K100_nominal_s5,5000,10,800,,
mlp213_N2000_K100_nominal_s5,6000,10,800,,
mlp213_N2000_K100_nominal_s5,7000,10,800,,
mlp213_N2000_K100_nominal_s5,8000,10,800,,
mlp213_N2000_K100_nominal_s5,9000,10,800,,
mlp213_N2000_K100_nominal_s5,10000,10,800,,
mlp213_N2000_K100_nominal_s5,11000,10,800,,
mlp213_N2000_K100_nominal_s5,12000,10,800,,
mlp213_N2000_K100_nominal_s5,13000,10,800,,
mlp213_N2000_K100_nominal_s5,14000,10,800,,
mlp213_N2000_K100_nominal_s5,15000,10,800,,
mlp213_N2000_K100_nominal_s5,16000,10,800,,
mlp213_N2000_K100_nominal_s5,17000,10,800,,
mlp213_N2000_K100_nominal_s5,18000,10,800,,
mlp213_N2000_K100_nominal_s5,19000,10,800,,
mlp213_N2000_K100_nominal_s5,20000,10,800,,
kan_generic_N500_K100_nominal_s1,1000,10,800,,
kan_generic_N500_K100_nominal_s1,2000,10,800,,
kan_generic_N500_K100_nominal_s1,3000,10,800,,
kan_generic_N500_K100_nominal_s1,4000,10,800,,
kan_generic_N500_K100_nominal_s1,5000,10,800,,
kan_generic_N500_K100_nominal_s1,6000,10,800,,
kan_generic_N500_K100_nominal_s1,7000,10,800,,
kan_generic_N500_K100_nominal_s1,8000,10,800,,
kan_generic_N500_K100_nominal_s1,9000,10,800,,
kan_generic_N500_K100_nominal_s1,10000,10,800,,
kan_generic_N500_K100_nominal_s1,11000,10,800,,
kan_generic_N500_K100_nominal_s1,12000,10,800,,
kan_generic_N500_K100_nominal_s1,13000,10,800,,
kan_generic_N500_K100_nominal_s1,14000,10,800,,
kan_generic_N500_K100_nominal_s1,15000,10,800,,
kan_generic_N500_K100_nominal_s1,16000,10,800,,
kan_generic_N500_K100_nominal_s1,17000,10,800,,
kan_generic_N500_K100_nominal_s1,18000,10,800,,
kan_generic_N500_K100_nominal_s1,19000,10,800,,
kan_generic_N500_K100_nominal_s1,20000,10,800,,
kan_generic_N500_K100_nominal_s2,1000,10,800,,
kan_generic_N500_K100_nominal_s2,2000,10,800,,
kan_generic_N500_K100_nominal_s2,3000,10,800,,
kan_generic_N500_K100_nominal_s2,4000,10,800,,
kan_generic_N500_K100_nominal_s2,5000,10,800,,
kan_generic_N500_K100_nominal_s2,6000,10,800,,
kan_generic_N500_K100_nominal_s2,7000,10,800,,
kan_generic_N500_K100_nominal_s2,8000,10,800,,
kan_generic_N500_K100_nominal_s2,9000,10,800,,
kan_generic_N500_K100_nominal_s2,10000,10,800,,
kan_generic_N500_K100_nominal_s2,11000,10,800,,
kan_generic_N500_K100_nominal_s2,12000,10,800,,
kan_generic_N500_K100_nominal_s2,13000,10,800,,
kan_generic_N500_K100_nominal_s2,14000,10,800,,
kan_generic_N500_K100_nominal_s2,15000,10,800,,
kan_generic_N500_K100_nominal_s2,16000,10,800,,
kan_generic_N500_K100_nominal_s2,17000,10,800,,
kan_generic_N500_K100_nominal_s2,18000,10,800,,
kan_generic_N500_K100_nominal_s2,19000,10,800,,
kan_generic_N500_K100_nominal_s2,20000,10,800,,
kan_generic_N500_K100_nominal_s3,1000,10,800,,
kan_generic_N500_K100_nominal_s3,2000,10,800,,
kan_generic_N500_K100_nominal_s3,3000,10,800,,
kan_generic_N500_K100_nominal_s3,4000,10,800,,
kan_generic_N500_K100_nominal_s3,5000,10,800,,
kan_generic_N500_K100_nominal_s3,6000,10,800,,
kan_generic_N500_K100_nominal_s3,7000,10,800,,
kan_generic_N500_K100_nominal_s3,8000,10,800,,
kan_generic_N500_K100_nominal_s3,9000,10,800,,
kan_generic_N500_K100_nominal_s3,10000,10,800,,
kan_generic_N500_K100_nominal_s3,11000,10,800,,
kan_generic_N500_K100_nominal_s3,12000,10,800,,
kan_generic_N500_K100_nominal_s3,13000,10,800,,
kan_generic_N500_K100_nominal_s3,14000,10,800,,
kan_generic_N500_K100_nominal_s3,15000,10,800,,
kan_generic_N500_K100_nominal_s3,16000,10,800,,
kan_generic_N500_K100_nominal_s3,17000,10,800,,
kan_generic_N500_K100_nominal_s3,18000,10,800,,
kan_generic_N500_K100_nominal_s3,19000,10,800,,
kan_generic_N500_K100_nominal_s3,20000,10,800,,
kan_generic_N500_K100_nominal_s4,1000,10,800,,
kan_generic_N500_K100_nominal_s4,2000,10,800,,
kan_generic_N500_K100_nominal_s4,3000,10,800,,
kan_generic_N500_K100_nominal_s4,4000,10,800,,
kan_generic_N500_K100_nominal_s4,5000,10,800,,
kan_generic_N500_K100_nominal_s4,6000,10,800,,
kan_generic_N500_K100_nominal_s4,7000,10,800,,
kan_generic_N500_K100_nominal_s4,8000,10,800,,
kan_generic_N500_K100_nominal_s4,9000,10,800,,
kan_generic_N500_K100_nominal_s4,10000,10,800,,
kan_generic_N500_K100_nominal_s4,11000,10,800,,
kan_generic_N500_K100_nominal_s4,12000,10,800,,
kan_generic_N500_K100_nominal_s4,13000,10,800,,
kan_generic_N500_K100_nominal_s4,14000,10,800,,
kan_generic_N500_K100_nominal_s4,15000,10,800,,
kan_generic_N500_K100_nominal_s4,16000,10,800,,
kan_generic_N500_K100_nominal_s4,17000,10,800,,
kan_generic_N500_K100_nominal_s4,18000,10,800,,
kan_generic_N500_K100_nominal_s4,19000,10,800,,
kan_generic_N500_K100_nominal_s4,20000,10,800,,
kan_generic_N500_K100_nominal_s5,1000,10,800,,
kan_generic_N500_K100_nominal_s5,2000,10,800,,
kan_generic_N500_K100_nominal_s5,3000,10,800,,
kan_generic_N500_K100_nominal_s5,4000,10,800,,
kan_generic_N500_K100_nominal_s5,5000,10,800,,
kan_generic_N500_K100_nominal_s5,6000,10,800,,
kan_generic_N500_K100_nominal_s5,7000,10,800,,
kan_generic_N500_K100_nominal_s5,8000,10,800,,
kan_generic_N500_K100_nominal_s5,9000,10,800,,
kan_generic_N500_K100_nominal_s5,10000,10,800,,
kan_generic_N500_K100_nominal_s5,11000,10,800,,
kan_generic_N500_K100_nominal_s5,12000,10,800,,
kan_generic_N500_K100_nominal_s5,13000,10,800,,
kan_generic_N500_K100_nominal_s5,14000,10,800,,
kan_generic_N500_K100_nominal_s5,15000,10,800,,
kan_generic_N500_K100_nominal_s5,16000,10,800,,
kan_generic_N500_K100_nominal_s5,17000,10,800,,
kan_generic_N500_K100_nominal_s5,18000,10,800,,
kan_generic_N500_K100_nominal_s5,19000,10,800,,
kan_generic_N500_K100_nominal_s5,20000,10,800,,
kan_generic_N1000_K100_nominal_s1,1000,10,800,,
kan_generic_N1000_K100_nominal_s1,2000,10,800,,
kan_generic_N1000_K100_nominal_s1,3000,10,800,,
kan_generic_N1000_K100_nominal_s1,4000,10,800,,
kan_generic_N1000_K100_nominal_s1,5000,10,800,,
kan_generic_N1000_K100_nominal_s1,6000,10,800,,
kan_generic_N1000_K100_nominal_s1,7000,10,800,,
kan_generic_N1000_K100_nominal_s1,8000,10,800,,
kan_generic_N1000_K100_nominal_s1,9000,10,800,,
kan_generic_N1000_K100_nominal_s1,10000,10,800,,
kan_generic_N1000_K100_nominal_s1,11000,10,800,,
kan_generic_N1000_K100_nominal_s1,12000,10,800,,
kan_generic_N1000_K100_nominal_s1,13000,10,800,,
kan_generic_N1000_K100_nominal_s1,14000,10,800,,
kan_generic_N1000_K100_nominal_s1,15000,10,800,,
kan_generic_N1000_K100_nominal_s1,16000,10,800,,
kan_generic_N1000_K100_nominal_s1,17000,10,800,,
kan_generic_N1000_K100_nominal_s1,18000,10,800,,
kan_generic_N1000_K100_nominal_s1,19000,10,800,,
kan_generic_N1000_K100_nominal_s1,20000,10,800,,
kan_generic_N1000_K100_nominal_s2,1000,10,800,,
kan_generic_N1000_K100_nominal_s2,2000,10,800,,
kan_generic_N1000_K100_nominal_s2,3000,10,800,,
kan_generic_N1000_K100_nominal_s2,4000,10,800,,
kan_generic_N1000_K100_nominal_s2,5000,10,800,,
kan_generic_N1000_K100_nominal_s2,6000,10,800,,
kan_generic_N1000_K100_nominal_s2,7000,10,800,,
kan_generic_N1000_K100_nominal_s2,8000,10,800,,
kan_generic_N1000_K100_nominal_s2,9000,10,800,,
kan_generic_N1000_K100_nominal_s2,10000,10,800,,
kan_generic_N1000_K100_nominal_s2,11000,10,800,,
kan_generic_N1000_K100_nominal_s2,12000,10,800,,
kan_generic_N1000_K100_nominal_s2,13000,10,800,,
kan_generic_N1000_K100_nominal_s2,14000,10,800,,
kan_generic_N1000_K100_nominal_s2,15000,10,800,,
kan_generic_N1000_K100_nominal_s2,16000,10,800,,
kan_generic_N1000_K100_nominal_s2,17000,10,800,,
kan_generic_N1000_K100_nominal_s2,18000,10,800,,
kan_generic_N1000_K100_nominal_s2,19000,10,800,,
kan_generic_N1000_K100_nominal_s2,20000,10,800,,
kan_generic_N1000_K100_nominal_s3,1000,10,800,,
kan_generic_N1000_K100_nominal_s3,2000,10,800,,
kan_generic_N1000_K100_nominal_s3,3000,10,800,,
kan_generic_N1000_K100_nominal_s3,4000,10,800,,
kan_generic_N1000_K100_nominal_s3,5000,10,800,,
kan_generic_N1000_K100_nominal_s3,6000,10,800,,
kan_generic_N1000_K100_nominal_s3,7000,10,800,,
kan_generic_N1000_K100_nominal_s3,8000,10,800,,
kan_generic_N1000_K100_nominal_s3,9000,10,800,,
kan_generic_N1000_K100_nominal_s3,10000,10,800,,
kan_generic_N1000_K100_nominal_s3,11000,10,800,,
kan_generic_N1000_K100_nominal_s3,12000,10,800,,
kan_generic_N1000_K100_nominal_s3,13000,10,800,,
kan_generic_N1000_K100_nominal_s3,14000,10,800,,
kan_generic_N1000_K100_nominal_s3,15000,10,800,,
kan_generic_N1000_K100_nominal_s3,16000,10,800,,
kan_generic_N1000_K100_nominal_s3,17000,10,800,,
kan_generic_N1000_K100_nominal_s3,18000,10,800,,
kan_generic_N1000_K100_nominal_s3,19000,10,800,,
kan_generic_N1000_K100_nominal_s3,20000,10,800,,
kan_generic_N1000_K100_nominal_s4,1000,10,800,,
kan_generic_N1000_K100_nominal_s4,2000,10,800,,
kan_generic_N1000_K100_nominal_s4,3000,10,800,,
kan_generic_N1000_K100_nominal_s4,4000,10,800,,
kan_generic_N1000_K100_nominal_s4,5000,10,800,,
kan_generic_N1000_K100_nominal_s4,6000,10,800,,
kan_generic_N1000_K100_nominal_s4,7000,10,800,,
kan_generic_N1000_K100_nominal_s4,8000,10,800,,
kan_generic_N1000_K100_nominal_s4,9000,10,800,,
kan_generic_N1000_K100_nominal_s4,10000,10,800,,
kan_generic_N1000_K100_nominal_s4,11000,10,800,,
kan_generic_N1000_K100_nominal_s4,12000,10,800,,
kan_generic_N1000_K100_nominal_s4,13000,10,800,,
kan_generic_N1000_K100_nominal_s4,14000,10,800,,
kan_generic_N1000_K100_nominal_s4,15000,10,800,,
kan_generic_N1000_K100_nominal_s4,16000,10,800,,
kan_generic_N1000_K100_nominal_s4,17000,10,800,,
kan_generic_N1000_K100_nominal_s4,18000,10,800,,
kan_generic_N1000_K100_nominal_s4,19000,10,800,,
kan_generic_N1000_K100_nominal_s4,20000,10,800,,
kan_generic_N1000_K100_nominal_s5,1000,10,800,,
kan_generic_N1000_K100_nominal_s5,2000,10,800,,
kan_generic_N1000_K100_nominal_s5,3000,10,800,,
kan_generic_N1000_K100_nominal_s5,4000,10,800,,
kan_generic_N1000_K100_nominal_s5,5000,10,800,,
kan_generic_N1000_K100_nominal_s5,6000,10,800,,
kan_generic_N1000_K100_nominal_s5,7000,10,800,,
kan_generic_N1000_K100_nominal_s5,8000,10,800,,
kan_generic_N1000_K100_nominal_s5,9000,10,800,,
kan_generic_N1000_K100_nominal_s5,10000,10,800,,
kan_generic_N1000_K100_nominal_s5,11000,10,800,,
kan_generic_N1000_K100_nominal_s5,12000,10,800,,
kan_generic_N1000_K100_nominal_s5,13000,10,800,,
kan_generic_N1000_K100_nominal_s5,14000,10,800,,
kan_generic_N1000_K100_nominal_s5,15000,10,800,,
kan_generic_N1000_K100_nominal_s5,16000,10,800,,
kan_generic_N1000_K100_nominal_s5,17000,10,800,,
kan_generic_N1000_K100_nominal_s5,18000,10,800,,
kan_generic_N1000_K100_nominal_s5,19000,10,800,,
kan_generic_N1000_K100_nominal_s5,20000,10,800,,
kan_generic_N2000_K100_nominal_s1,1000,10,800,,
kan_generic_N2000_K100_nominal_s1,2000,10,800,,
kan_generic_N2000_K100_nominal_s1,3000,10,800,,
kan_generic_N2000_K100_nominal_s1,4000,10,800,,
kan_generic_N2000_K100_nominal_s1,5000,10,800,,
kan_generic_N2000_K100_nominal_s1,6000,10,800,,
kan_generic_N2000_K100_nominal_s1,7000,10,800,,
kan_generic_N2000_K100_nominal_s1,8000,10,800,,
kan_generic_N2000_K100_nominal_s1,9000,10,800,,
kan_generic_N2000_K100_nominal_s1,10000,10,800,,
kan_generic_N2000_K100_nominal_s1,11000,10,800,,
kan_generic_N2000_K100_nominal_s1,12000,10,800,,
kan_generic_N2000_K100_nominal_s1,13000,10,800,,
kan_generic_N2000_K100_nominal_s1,14000,10,800,,
kan_generic_N2000_K100_nominal_s1,15000,10,800,,
kan_generic_N2000_K100_nominal_s1,16000,10,800,,
kan_generic_N2000_K100_nominal_s1,17000,10,800,,
kan_generic_N2000_K100_nominal_s1,18000,10,800,,
kan_generic_N2000_K100_nominal_s1,19000,10,800,,
kan_generic_N2000_K100_nominal_s1,20000,10,800,,
kan_generic_N2000_K100_nominal_s2,1000,10,800,,
kan_generic_N2000_K100_nominal_s2,2000,10,800,,
kan_generic_N2000_K100_nominal_s2,3000,10,800,,
kan_generic_N2000_K100_nominal_s2,4000,10,800,,
kan_generic_N2000_K100_nominal_s2,5000,10,800,,
kan_generic_N2000_K100_nominal_s2,6000,10,800,,
kan_generic_N2000_K100_nominal_s2,7000,10,800,,
kan_generic_N2000_K100_nominal_s2,8000,10,800,,
kan_generic_N2000_K100_nominal_s2,9000,10,800,,
kan_generic_N2000_K100_nominal_s2,10000,10,800,,
kan_generic_N2000_K100_nominal_s2,11000,10,800,,
kan_generic_N2000_K100_nominal_s2,12000,10,800,,
kan_generic_N2000_K100_nominal_s2,13000,10,800,,
kan_generic_N2000_K100_nominal_s2,14000,10,800,,
kan_generic_N2000_K100_nominal_s2,15000,10,800,,
kan_generic_N2000_K100_nominal_s2,16000,10,800,,
kan_generic_N2000_K100_nominal_s2,17000,10,800,,
kan_generic_N2000_K100_nominal_s2,18000,10,800,,
kan_generic_N2000_K100_nominal_s2,19000,10,800,,
kan_generic_N2000_K100_nominal_s2,20000,10,800,,
kan_generic_N2000_K100_nominal_s3,1000,10,800,,
kan_generic_N2000_K100_nominal_s3,2000,10,800,,
kan_generic_N2000_K100_nominal_s3,3000,10,800,,
kan_generic_N2000_K100_nominal_s3,4000,10,800,,
kan_generic_N2000_K100_nominal_s3,5000,10,800,,
kan_generic_N2000_K100_nominal_s3,6000,10,800,,
kan_generic_N2000_K100_nominal_s3,7000,10,800,,
kan_generic_N2000_K100_nominal_s3,8000,10,800,,
kan_generic_N2000_K100_nominal_s3,9000,10,800,,
kan_generic_N2000_K100_nominal_s3,10000,10,800,,
kan_generic_N2000_K100_nominal_s3,11000,10,800,,
kan_generic_N2000_K100_nominal_s3,12000,10,800,,
kan_generic_N2000_K100_nominal_s3,13000,10,800,,
kan_generic_N2000_K100_nominal_s3,14000,10,800,,
kan_generic_N2000_K100_nominal_s3,15000,10,800,,
kan_generic_N2000_K100_nominal_s3,16000,10,800,,
kan_generic_N2000_K100_nominal_s3,17000,10,800,,
kan_generic_N2000_K100_nominal_s3,18000,10,800,,
kan_generic_N2000_K100_nominal_s3,19000,10,800,,
kan_generic_N2000_K100_nominal_s3,20000,10,800,,
kan_generic_N2000_K100_nominal_s4,1000,10,800,,
kan_generic_N2000_K100_nominal_s4,2000,10,800,,
kan_generic_N2000_K100_nominal_s4,3000,10,800,,
kan_generic_N2000_K100_nominal_s4,4000,10,800,,
kan_generic_N2000_K100_nominal_s4,5000,10,800,,
kan_generic_N2000_K100_nominal_s4,6000,10,800,,
kan_generic_N2000_K100_nominal_s4,7000,10,800,,
kan_generic_N2000_K100_nominal_s4,8000,10,800,,
kan_generic_N2000_K100_nominal_s4,9000,10,800,,
kan_generic_N2000_K100_nominal_s4,10000,10,800,,
kan_generic_N2000_K100_nominal_s4,11000,10,800,,
kan_generic_N2000_K100_nominal_s4,12000,10,800,,
kan_generic_N2000_K100_nominal_s4,13000,10,800,,
kan_generic_N2000_K100_nominal_s4,14000,10,800,,
kan_generic_N2000_K100_nominal_s4,15000,10,800,,
kan_generic_N2000_K100_nominal_s4,16000,10,800,,
kan_generic_N2000_K100_nominal_s4,17000,10,800,,
kan_generic_N2000_K100_nominal_s4,18000,10,800,,
kan_generic_N2000_K100_nominal_s4,19000,10,800,,
kan_generic_N2000_K100_nominal_s4,20000,10,800,,
kan_generic_N2000_K100_nominal_s5,1000,10,800,,
kan_generic_N2000_K100_nominal_s5,2000,10,800,,
kan_generic_N2000_K100_nominal_s5,3000,10,800,,
kan_generic_N2000_K100_nominal_s5,4000,10,800,,
kan_generic_N2000_K100_nominal_s5,5000,10,800,,
kan_generic_N2000_K100_nominal_s5,6000,10,800,,
kan_generic_N2000_K100_nominal_s5,7000,10,800,,
kan_generic_N2000_K100_nominal_s5,8000,10,800,,
kan_generic_N2000_K100_nominal_s5,9000,10,800,,
kan_generic_N2000_K100_nominal_s5,10000,10,800,,
kan_generic_N2000_K100_nominal_s5,11000,10,800,,
kan_generic_N2000_K100_nominal_s5,12000,10,800,,
kan_generic_N2000_K100_nominal_s5,13000,10,800,,
kan_generic_N2000_K100_nominal_s5,14000,10,800,,
kan_generic_N2000_K100_nominal_s5,15000,10,800,,
kan_generic_N2000_K100_nominal_s5,16000,10,800,,
kan_generic_N2000_K100_nominal_s5,17000,10,800,,
kan_generic_N2000_K100_nominal_s5,18000,10,800,,
kan_generic_N2000_K100_nominal_s5,19000,10,800,,
kan_generic_N2000_K100_nominal_s5,20000,10,800,,
leo_madrl_N2000_K100_nominal_s1,1000,10,800,,
leo_madrl_N2000_K100_nominal_s1,2000,10,800,,
leo_madrl_N2000_K100_nominal_s1,3000,10,800,,
leo_madrl_N2000_K100_nominal_s1,4000,10,800,,
leo_madrl_N2000_K100_nominal_s1,5000,10,800,,
leo_madrl_N2000_K100_nominal_s1,6000,10,800,,
leo_madrl_N2000_K100_nominal_s1,7000,10,800,,
leo_madrl_N2000_K100_nominal_s1,8000,10,800,,
leo_madrl_N2000_K100_nominal_s1,9000,10,800,,
leo_madrl_N2000_K100_nominal_s1,10000,10,800,,
leo_madrl_N2000_K100_nominal_s1,11000,10,800,,
leo_madrl_N2000_K100_nominal_s1,12000,10,800,,
leo_madrl_N2000_K100_nominal_s1,13000,10,800,,
leo_madrl_N2000_K100_nominal_s1,14000,10,800,,
leo_madrl_N2000_K100_nominal_s1,15000,10,800,,
leo_madrl_N2000_K100_nominal_s1,16000,10,800,,
leo_madrl_N2000_K100_nominal_s1,17000,10,800,,
leo_madrl_N2000_K100_nominal_s1,18000,10,800,,
leo_madrl_N2000_K100_nominal_s1,19000,10,800,,
leo_madrl_N2000_K100_nominal_s1,20000,10,800,,
leo_madrl_N2000_K100_nominal_s1,21000,10,800,,
leo_madrl_N2000_K100_nominal_s1,22000,10,800,,
leo_madrl_N2000_K100_nominal_s1,23000,10,800,,
leo_madrl_N2000_K100_nominal_s1,24000,10,800,,
leo_madrl_N2000_K100_nominal_s1,25000,10,800,,
leo_madrl_N2000_K100_nominal_s1,26000,10,800,,
leo_madrl_N2000_K100_nominal_s1,27000,10,800,,
leo_madrl_N2000_K100_nominal_s1,28000,10,800,,
leo_madrl_N2000_K100_nominal_s1,29000,10,800,,
leo_madrl_N2000_K100_nominal_s1,30000,10,800,,
leo_madrl_N2000_K100_nominal_s1,31000,10,800,,
leo_madrl_N2000_K100_nominal_s1,32000,10,800,,
leo_madrl_N2000_K100_nominal_s1,33000,10,800,,
leo_madrl_N2000_K100_nominal_s1,34000,10,800,,
leo_madrl_N2000_K100_nominal_s1,35000,10,800,,
leo_madrl_N2000_K100_nominal_s1,36000,10,800,,
leo_madrl_N2000_K100_nominal_s1,37000,10,800,,
leo_madrl_N2000_K100_nominal_s1,38000,10,800,,
leo_madrl_N2000_K100_nominal_s1,39000,10,800,,
leo_madrl_N2000_K100_nominal_s1,40000,10,800,,
leo_madrl_N2000_K100_nominal_s1,41000,10,800,,
leo_madrl_N2000_K100_nominal_s1,42000,10,800,,
leo_madrl_N2000_K100_nominal_s1,43000,10,800,,
leo_madrl_N2000_K100_nominal_s1,44000,10,800,,
leo_madrl_N2000_K100_nominal_s1,45000,10,800,,
leo_madrl_N2000_K100_nominal_s1,46000,10,800,,
leo_madrl_N2000_K100_nominal_s1,47000,10,800,,
leo_madrl_N2000_K100_nominal_s1,48000,10,800,,
leo_madrl_N2000_K100_nominal_s1,49000,10,800,,
leo_madrl_N2000_K100_nominal_s1,50000,10,800,,
leo_madrl_N2000_K100_nominal_s1,51000,10,800,,
leo_madrl_N2000_K100_nominal_s1,52000,10,800,,
leo_madrl_N2000_K100_nominal_s1,53000,10,800,,
leo_madrl_N2000_K100_nominal_s1,54000,10,800,,
leo_madrl_N2000_K100_nominal_s1,55000,10,800,,
leo_madrl_N2000_K100_nominal_s1,56000,10,800,,
leo_madrl_N2000_K100_nominal_s1,57000,10,800,,
leo_madrl_N2000_K100_nominal_s1,58000,10,800,,
leo_madrl_N2000_K100_nominal_s1,59000,10,800,,
leo_madrl_N2000_K100_nominal_s1,60000,10,800,,
leo_madrl_N2000_K100_nominal_s1,61000,10,800,,
leo_madrl_N2000_K100_nominal_s1,62000,10,800,,
leo_madrl_N2000_K100_nominal_s1,63000,10,800,,
leo_madrl_N2000_K100_nominal_s1,64000,10,800,,
leo_madrl_N2000_K100_nominal_s1,65000,10,800,,
leo_madrl_N2000_K100_nominal_s1,66000,10,800,,
leo_madrl_N2000_K100_nominal_s1,67000,10,800,,
leo_madrl_N2000_K100_nominal_s1,68000,10,800,,
leo_madrl_N2000_K100_nominal_s1,69000,10,800,,
leo_madrl_N2000_K100_nominal_s1,70000,10,800,,
leo_madrl_N2000_K100_nominal_s1,71000,10,800,,
leo_madrl_N2000_K100_nominal_s1,72000,10,800,,
leo_madrl_N2000_K100_nominal_s1,73000,10,800,,
leo_madrl_N2000_K100_nominal_s1,74000,10,800,,
leo_madrl_N2000_K100_nominal_s1,75000,10,800,,
leo_madrl_N2000_K100_nominal_s1,76000,10,800,,
leo_madrl_N2000_K100_nominal_s1,77000,10,800,,
leo_madrl_N2000_K100_nominal_s1,78000,10,800,,
leo_madrl_N2000_K100_nominal_s1,79000,10,800,,
leo_madrl_N2000_K100_nominal_s1,80000,10,800,,
leo_madrl_N2000_K100_nominal_s1,81000,10,800,,
leo_madrl_N2000_K100_nominal_s1,82000,10,800,,
leo_madrl_N2000_K100_nominal_s1,83000,10,800,,
leo_madrl_N2000_K100_nominal_s1,84000,10,800,,
leo_madrl_N2000_K100_nominal_s1,85000,10,800,,
leo_madrl_N2000_K100_nominal_s1,86000,10,800,,
leo_madrl_N2000_K100_nominal_s1,87000,10,800,,
leo_madrl_N2000_K100_nominal_s1,88000,10,800,,
leo_madrl_N2000_K100_nominal_s1,89000,10,800,,
leo_madrl_N2000_K100_nominal_s1,90000,10,800,,
leo_madrl_N2000_K100_nominal_s1,91000,10,800,,
leo_madrl_N2000_K100_nominal_s1,92000,10,800,,
leo_madrl_N2000_K100_nominal_s1,93000,10,800,,
leo_madrl_N2000_K100_nominal_s1,94000,10,800,,
leo_madrl_N2000_K100_nominal_s1,95000,10,800,,
leo_madrl_N2000_K100_nominal_s1,96000,10,800,,
leo_madrl_N2000_K100_nominal_s1,97000,10,800,,
leo_madrl_N2000_K100_nominal_s1,98000,10,800,,
leo_madrl_N2000_K100_nominal_s1,99000,10,800,,
leo_madrl_N2000_K100_nominal_s1,100000,10,800,,
leo_madrl_N2000_K100_nominal_s1,101000,10,800,,
leo_madrl_N2000_K100_nominal_s1,102000,10,800,,
leo_madrl_N2000_K100_nominal_s1,103000,10,800,,
leo_madrl_N2000_K100_nominal_s1,104000,10,800,,
leo_madrl_N2000_K100_nominal_s1,105000,10,800,,
leo_madrl_N2000_K100_nominal_s1,106000,10,800,,
leo_madrl_N2000_K100_nominal_s1,107000,10,800,,
leo_madrl_N2000_K100_nominal_s1,108000,10,800,,
leo_madrl_N2000_K100_nominal_s1,109000,10,800,,
leo_madrl_N2000_K100_nominal_s1,110000,10,800,,
leo_madrl_N2000_K100_nominal_s1,111000,10,800,,
leo_madrl_N2000_K100_nominal_s1,112000,10,800,,
leo_madrl_N2000_K100_nominal_s1,113000,10,800,,
leo_madrl_N2000_K100_nominal_s1,114000,10,800,,
leo_madrl_N2000_K100_nominal_s1,115000,10,800,,
leo_madrl_N2000_K100_nominal_s1,116000,10,800,,
leo_madrl_N2000_K100_nominal_s1,117000,10,800,,
leo_madrl_N2000_K100_nominal_s1,118000,10,800,,
leo_madrl_N2000_K100_nominal_s1,119000,10,800,,
leo_madrl_N2000_K100_nominal_s1,120000,10,800,,
leo_madrl_N2000_K100_nominal_s1,121000,10,800,,
leo_madrl_N2000_K100_nominal_s1,122000,10,800,,
leo_madrl_N2000_K100_nominal_s1,123000,10,800,,
leo_madrl_N2000_K100_nominal_s1,124000,10,800,,
leo_madrl_N2000_K100_nominal_s1,125000,10,800,,
leo_madrl_N2000_K100_nominal_s1,126000,10,800,,
leo_madrl_N2000_K100_nominal_s1,127000,10,800,,
leo_madrl_N2000_K100_nominal_s1,128000,10,800,,
leo_madrl_N2000_K100_nominal_s1,129000,10,800,,
leo_madrl_N2000_K100_nominal_s1,130000,10,800,,
leo_madrl_N2000_K100_nominal_s1,131000,10,800,,
leo_madrl_N2000_K100_nominal_s1,132000,10,800,,
leo_madrl_N2000_K100_nominal_s1,133000,10,800,,
leo_madrl_N2000_K100_nominal_s1,134000,10,800,,
leo_madrl_N2000_K100_nominal_s1,135000,10,800,,
leo_madrl_N2000_K100_nominal_s1,136000,10,800,,
leo_madrl_N2000_K100_nominal_s1,137000,10,800,,
leo_madrl_N2000_K100_nominal_s1,138000,10,800,,
leo_madrl_N2000_K100_nominal_s1,139000,10,800,,
leo_madrl_N2000_K100_nominal_s1,140000,10,800,,
leo_madrl_N2000_K100_nominal_s1,141000,10,800,,
leo_madrl_N2000_K100_nominal_s1,142000,10,800,,
leo_madrl_N2000_K100_nominal_s1,143000,10,800,,
leo_madrl_N2000_K100_nominal_s1,144000,10,800,,
leo_madrl_N2000_K100_nominal_s1,145000,10,800,,
leo_madrl_N2000_K100_nominal_s1,146000,10,800,,
leo_madrl_N2000_K100_nominal_s1,147000,10,800,,
leo_madrl_N2000_K100_nominal_s1,148000,10,800,,
leo_madrl_N2000_K100_nominal_s1,149000,10,800,,
leo_madrl_N2000_K100_nominal_s1,150000,10,800,,
leo_madrl_N2000_K100_nominal_s1,151000,10,800,,
leo_madrl_N2000_K100_nominal_s1,152000,10,800,,
leo_madrl_N2000_K100_nominal_s1,153000,10,800,,
leo_madrl_N2000_K100_nominal_s1,154000,10,800,,
leo_madrl_N2000_K100_nominal_s1,155000,10,800,,
leo_madrl_N2000_K100_nominal_s1,156000,10,800,,
leo_madrl_N2000_K100_nominal_s1,157000,10,800,,
leo_madrl_N2000_K100_nominal_s1,158000,10,800,,
leo_madrl_N2000_K100_nominal_s1,159000,10,800,,
leo_madrl_N2000_K100_nominal_s1,160000,10,800,,
leo_madrl_N2000_K100_nominal_s1,161000,10,800,,
leo_madrl_N2000_K100_nominal_s1,162000,10,800,,
leo_madrl_N2000_K100_nominal_s1,163000,10,800,,
leo_madrl_N2000_K100_nominal_s1,164000,10,800,,
leo_madrl_N2000_K100_nominal_s1,165000,10,800,,
leo_madrl_N2000_K100_nominal_s1,166000,10,800,,
leo_madrl_N2000_K100_nominal_s1,167000,10,800,,
leo_madrl_N2000_K100_nominal_s1,168000,10,800,,
leo_madrl_N2000_K100_nominal_s1,169000,10,800,,
leo_madrl_N2000_K100_nominal_s1,170000,10,800,,
leo_madrl_N2000_K100_nominal_s1,171000,10,800,,
leo_madrl_N2000_K100_nominal_s1,172000,10,800,,
leo_madrl_N2000_K100_nominal_s1,173000,10,800,,
leo_madrl_N2000_K100_nominal_s1,174000,10,800,,
leo_madrl_N2000_K100_nominal_s1,175000,10,800,,
leo_madrl_N2000_K100_nominal_s1,176000,10,800,,
leo_madrl_N2000_K100_nominal_s1,177000,10,800,,
leo_madrl_N2000_K100_nominal_s1,178000,10,800,,
leo_madrl_N2000_K100_nominal_s1,179000,10,800,,
leo_madrl_N2000_K100_nominal_s1,180000,10,800,,
leo_madrl_N2000_K100_nominal_s1,181000,10,800,,
leo_madrl_N2000_K100_nominal_s1,182000,10,800,,
leo_madrl_N2000_K100_nominal_s1,183000,10,800,,
leo_madrl_N2000_K100_nominal_s1,184000,10,800,,
leo_madrl_N2000_K100_nominal_s1,185000,10,800,,
leo_madrl_N2000_K100_nominal_s1,186000,10,800,,
leo_madrl_N2000_K100_nominal_s1,187000,10,800,,
leo_madrl_N2000_K100_nominal_s1,188000,10,800,,
leo_madrl_N2000_K100_nominal_s1,189000,10,800,,
leo_madrl_N2000_K100_nominal_s1,190000,10,800,,
leo_madrl_N2000_K100_nominal_s1,191000,10,800,,
leo_madrl_N2000_K100_nominal_s1,192000,10,800,,
leo_madrl_N2000_K100_nominal_s1,193000,10,800,,
leo_madrl_N2000_K100_nominal_s1,194000,10,800,,
leo_madrl_N2000_K100_nominal_s1,195000,10,800,,
leo_madrl_N2000_K100_nominal_s1,196000,10,800,,
leo_madrl_N2000_K100_nominal_s1,197000,10,800,,
leo_madrl_N2000_K100_nominal_s1,198000,10,800,,
leo_madrl_N2000_K100_nominal_s1,199000,10,800,,
leo_madrl_N2000_K100_nominal_s1,200000,10,800,,
leo_madrl_N2000_K100_nominal_s1,201000,10,800,,
leo_madrl_N2000_K100_nominal_s1,202000,10,800,,
leo_madrl_N2000_K100_nominal_s1,203000,10,800,,
leo_madrl_N2000_K100_nominal_s1,204000,10,800,,
leo_madrl_N2000_K100_nominal_s1,205000,10,800,,
leo_madrl_N2000_K100_nominal_s1,206000,10,800,,
leo_madrl_N2000_K100_nominal_s1,207000,10,800,,
leo_madrl_N2000_K100_nominal_s1,208000,10,800,,
leo_madrl_N2000_K100_nominal_s1,209000,10,800,,
leo_madrl_N2000_K100_nominal_s1,210000,10,800,,
leo_madrl_N2000_K100_nominal_s1,211000,10,800,,
leo_madrl_N2000_K100_nominal_s1,212000,10,800,,
leo_madrl_N2000_K100_nominal_s1,213000,10,800,,
leo_madrl_N2000_K100_nominal_s1,214000,10,800,,
leo_madrl_N2000_K100_nominal_s1,215000,10,800,,
leo_madrl_N2000_K100_nominal_s1,216000,10,800,,
leo_madrl_N2000_K100_nominal_s1,217000,10,800,,
leo_madrl_N2000_K100_nominal_s1,218000,10,800,,
leo_madrl_N2000_K100_nominal_s1,219000,10,800,,
leo_madrl_N2000_K100_nominal_s1,220000,10,800,,
leo_madrl_N2000_K100_nominal_s1,221000,10,800,,
leo_madrl_N2000_K100_nominal_s1,222000,10,800,,
leo_madrl_N2000_K100_nominal_s1,223000,10,800,,
leo_madrl_N2000_K100_nominal_s1,224000,10,800,,
leo_madrl_N2000_K100_nominal_s1,225000,10,800,,
leo_madrl_N2000_K100_nominal_s1,226000,10,800,,
leo_madrl_N2000_K100_nominal_s1,227000,10,800,,
leo_madrl_N2000_K100_nominal_s1,228000,10,800,,
leo_madrl_N2000_K100_nominal_s1,229000,10,800,,
leo_madrl_N2000_K100_nominal_s1,230000,10,800,,
leo_madrl_N2000_K100_nominal_s1,231000,10,800,,
leo_madrl_N2000_K100_nominal_s1,232000,10,800,,
leo_madrl_N2000_K100_nominal_s1,233000,10,800,,
leo_madrl_N2000_K100_nominal_s1,234000,10,800,,
leo_madrl_N2000_K100_nominal_s1,235000,10,800,,
leo_madrl_N2000_K100_nominal_s1,236000,10,800,,
leo_madrl_N2000_K100_nominal_s1,237000,10,800,,
leo_madrl_N2000_K100_nominal_s1,238000,10,800,,
leo_madrl_N2000_K100_nominal_s1,239000,10,800,,
leo_madrl_N2000_K100_nominal_s1,240000,10,800,,
leo_madrl_N2000_K100_nominal_s1,241000,10,800,,
leo_madrl_N2000_K100_nominal_s1,242000,10,800,,
leo_madrl_N2000_K100_nominal_s1,243000,10,800,,
leo_madrl_N2000_K100_nominal_s1,244000,10,800,,
leo_madrl_N2000_K100_nominal_s1,245000,10,800,,
leo_madrl_N2000_K100_nominal_s1,246000,10,800,,
leo_madrl_N2000_K100_nominal_s1,247000,10,800,,
leo_madrl_N2000_K100_nominal_s1,248000,10,800,,
leo_madrl_N2000_K100_nominal_s1,249000,10,800,,
leo_madrl_N2000_K100_nominal_s1,250000,10,800,,
leo_madrl_N2000_K100_nominal_s1,251000,10,800,,
leo_madrl_N2000_K100_nominal_s1,252000,10,800,,
leo_madrl_N2000_K100_nominal_s1,253000,10,800,,
leo_madrl_N2000_K100_nominal_s1,254000,10,800,,
leo_madrl_N2000_K100_nominal_s1,255000,10,800,,
leo_madrl_N2000_K100_nominal_s2,1000,10,800,,
leo_madrl_N2000_K100_nominal_s2,2000,10,800,,
leo_madrl_N2000_K100_nominal_s2,3000,10,800,,
leo_madrl_N2000_K100_nominal_s2,4000,10,800,,
leo_madrl_N2000_K100_nominal_s2,5000,10,800,,
leo_madrl_N2000_K100_nominal_s2,6000,10,800,,
leo_madrl_N2000_K100_nominal_s2,7000,10,800,,
leo_madrl_N2000_K100_nominal_s2,8000,10,800,,
leo_madrl_N2000_K100_nominal_s2,9000,10,800,,
leo_madrl_N2000_K100_nominal_s2,10000,10,800,,
leo_madrl_N2000_K100_nominal_s2,11000,10,800,,
leo_madrl_N2000_K100_nominal_s2,12000,10,800,,
leo_madrl_N2000_K100_nominal_s2,13000,10,800,,
leo_madrl_N2000_K100_nominal_s2,14000,10,800,,
leo_madrl_N2000_K100_nominal_s2,15000,10,800,,
leo_madrl_N2000_K100_nominal_s2,16000,10,800,,
leo_madrl_N2000_K100_nominal_s2,17000,10,800,,
leo_madrl_N2000_K100_nominal_s2,18000,10,800,,
leo_madrl_N2000_K100_nominal_s2,19000,10,800,,
leo_madrl_N2000_K100_nominal_s2,20000,10,800,,
leo_madrl_N2000_K100_nominal_s2,21000,10,800,,
leo_madrl_N2000_K100_nominal_s2,22000,10,800,,
leo_madrl_N2000_K100_nominal_s2,23000,10,800,,
leo_madrl_N2000_K100_nominal_s2,24000,10,800,,
leo_madrl_N2000_K100_nominal_s2,25000,10,800,,
leo_madrl_N2000_K100_nominal_s2,26000,10,800,,
leo_madrl_N2000_K100_nominal_s2,27000,10,800,,
leo_madrl_N2000_K100_nominal_s2,28000,10,800,,
leo_madrl_N2000_K100_nominal_s2,29000,10,800,,
leo_madrl_N2000_K100_nominal_s2,30000,10,800,,
leo_madrl_N2000_K100_nominal_s2,31000,10,800,,
leo_madrl_N2000_K100_nominal_s2,32000,10,800,,
leo_madrl_N2000_K100_nominal_s2,33000,10,800,,
leo_madrl_N2000_K100_nominal_s2,34000,10,800,,
leo_madrl_N2000_K100_nominal_s2,35000,10,800,,
leo_madrl_N2000_K100_nominal_s2,36000,10,800,,
leo_madrl_N2000_K100_nominal_s2,37000,10,800,,
leo_madrl_N2000_K100_nominal_s2,38000,10,800,,
leo_madrl_N2000_K100_nominal_s2,39000,10,800,,
leo_madrl_N2000_K100_nominal_s2,40000,10,800,,
leo_madrl_N2000_K100_nominal_s2,41000,10,800,,
leo_madrl_N2000_K100_nominal_s2,42000,10,800,,
leo_madrl_N2000_K100_nominal_s2,43000,10,800,,
leo_madrl_N2000_K100_nominal_s2,44000,10,800,,
leo_madrl_N2000_K100_nominal_s2,45000,10,800,,
leo_madrl_N2000_K100_nominal_s2,46000,10,800,,
leo_madrl_N2000_K100_nominal_s2,47000,10,800,,
leo_madrl_N2000_K100_nominal_s2,48000,10,800,,
leo_madrl_N2000_K100_nominal_s2,49000,10,800,,
leo_madrl_N2000_K100_nominal_s2,50000,10,800,,
leo_madrl_N2000_K100_nominal_s2,51000,10,800,,
leo_madrl_N2000_K100_nominal_s2,52000,10,800,,
leo_madrl_N2000_K100_nominal_s2,53000,10,800,,
leo_madrl_N2000_K100_nominal_s2,54000,10,800,,
leo_madrl_N2000_K100_nominal_s2,55000,10,800,,
leo_madrl_N2000_K100_nominal_s2,56000,10,800,,
leo_madrl_N2000_K100_nominal_s2,57000,10,800,,
leo_madrl_N2000_K100_nominal_s2,58000,10,800,,
leo_madrl_N2000_K100_nominal_s2,59000,10,800,,
leo_madrl_N2000_K100_nominal_s2,60000,10,800,,
leo_madrl_N2000_K100_nominal_s2,61000,10,800,,
leo_madrl_N2000_K100_nominal_s2,62000,10,800,,
leo_madrl_N2000_K100_nominal_s2,63000,10,800,,
leo_madrl_N2000_K100_nominal_s2,64000,10,800,,
leo_madrl_N2000_K100_nominal_s2,65000,10,800,,
leo_madrl_N2000_K100_nominal_s2,66000,10,800,,
leo_madrl_N2000_K100_nominal_s2,67000,10,800,,
leo_madrl_N2000_K100_nominal_s2,68000,10,800,,
leo_madrl_N2000_K100_nominal_s2,69000,10,800,,
leo_madrl_N2000_K100_nominal_s2,70000,10,800,,
leo_madrl_N2000_K100_nominal_s2,71000,10,800,,
leo_madrl_N2000_K100_nominal_s2,72000,10,800,,
leo_madrl_N2000_K100_nominal_s2,73000,10,800,,
leo_madrl_N2000_K100_nominal_s2,74000,10,800,,
leo_madrl_N2000_K100_nominal_s2,75000,10,800,,
leo_madrl_N2000_K100_nominal_s2,76000,10,800,,
leo_madrl_N2000_K100_nominal_s2,77000,10,800,,
leo_madrl_N2000_K100_nominal_s2,78000,10,800,,
leo_madrl_N2000_K100_nominal_s2,79000,10,800,,
leo_madrl_N2000_K100_nominal_s2,80000,10,800,,
leo_madrl_N2000_K100_nominal_s2,81000,10,800,,
leo_madrl_N2000_K100_nominal_s2,82000,10,800,,
leo_madrl_N2000_K100_nominal_s2,83000,10,800,,
leo_madrl_N2000_K100_nominal_s2,84000,10,800,,
leo_madrl_N2000_K100_nominal_s2,85000,10,800,,
leo_madrl_N2000_K100_nominal_s2,86000,10,800,,
leo_madrl_N2000_K100_nominal_s2,87000,10,800,,
leo_madrl_N2000_K100_nominal_s2,88000,10,800,,
leo_madrl_N2000_K100_nominal_s2,89000,10,800,,
leo_madrl_N2000_K100_nominal_s2,90000,10,800,,
leo_madrl_N2000_K100_nominal_s2,91000,10,800,,
leo_madrl_N2000_K100_nominal_s2,92000,10,800,,
leo_madrl_N2000_K100_nominal_s2,93000,10,800,,
leo_madrl_N2000_K100_nominal_s2,94000,10,800,,
leo_madrl_N2000_K100_nominal_s2,95000,10,800,,
leo_madrl_N2000_K100_nominal_s2,96000,10,800,,
leo_madrl_N2000_K100_nominal_s2,97000,10,800,,
leo_madrl_N2000_K100_nominal_s2,98000,10,800,,
leo_madrl_N2000_K100_nominal_s2,99000,10,800,,
leo_madrl_N2000_K100_nominal_s2,100000,10,800,,
leo_madrl_N2000_K100_nominal_s2,101000,10,800,,
leo_madrl_N2000_K100_nominal_s2,102000,10,800,,
leo_madrl_N2000_K100_nominal_s2,103000,10,800,,
leo_madrl_N2000_K100_nominal_s2,104000,10,800,,
leo_madrl_N2000_K100_nominal_s2,105000,10,800,,
leo_madrl_N2000_K100_nominal_s2,106000,10,800,,
leo_madrl_N2000_K100_nominal_s2,107000,10,800,,
leo_madrl_N2000_K100_nominal_s2,108000,10,800,,
leo_madrl_N2000_K100_nominal_s2,109000,10,800,,
leo_madrl_N2000_K100_nominal_s2,110000,10,800,,
leo_madrl_N2000_K100_nominal_s2,111000,10,800,,
leo_madrl_N2000_K100_nominal_s2,112000,10,800,,
leo_madrl_N2000_K100_nominal_s2,113000,10,800,,
leo_madrl_N2000_K100_nominal_s2,114000,10,800,,
leo_madrl_N2000_K100_nominal_s2,115000,10,800,,
leo_madrl_N2000_K100_nominal_s2,116000,10,800,,
leo_madrl_N2000_K100_nominal_s2,117000,10,800,,
leo_madrl_N2000_K100_nominal_s2,118000,10,800,,
leo_madrl_N2000_K100_nominal_s2,119000,10,800,,
leo_madrl_N2000_K100_nominal_s2,120000,10,800,,
leo_madrl_N2000_K100_nominal_s2,121000,10,800,,
leo_madrl_N2000_K100_nominal_s2,122000,10,800,,
leo_madrl_N2000_K100_nominal_s2,123000,10,800,,
leo_madrl_N2000_K100_nominal_s2,124000,10,800,,
leo_madrl_N2000_K100_nominal_s2,125000,10,800,,
leo_madrl_N2000_K100_nominal_s2,126000,10,800,,
leo_madrl_N2000_K100_nominal_s2,127000,10,800,,
leo_madrl_N2000_K100_nominal_s2,128000,10,800,,
leo_madrl_N2000_K100_nominal_s2,129000,10,800,,
leo_madrl_N2000_K100_nominal_s2,130000,10,800,,
leo_madrl_N2000_K100_nominal_s2,131000,10,800,,
leo_madrl_N2000_K100_nominal_s2,132000,10,800,,
leo_madrl_N2000_K100_nominal_s2,133000,10,800,,
leo_madrl_N2000_K100_nominal_s2,134000,10,800,,
leo_madrl_N2000_K100_nominal_s2,135000,10,800,,
leo_madrl_N2000_K100_nominal_s2,136000,10,800,,
leo_madrl_N2000_K100_nominal_s2,137000,10,800,,
leo_madrl_N2000_K100_nominal_s2,138000,10,800,,
leo_madrl_N2000_K100_nominal_s2,139000,10,800,,
leo_madrl_N2000_K100_nominal_s2,140000,10,800,,
leo_madrl_N2000_K100_nominal_s2,141000,10,800,,
leo_madrl_N2000_K100_nominal_s2,142000,10,800,,
leo_madrl_N2000_K100_nominal_s2,143000,10,800,,
leo_madrl_N2000_K100_nominal_s2,144000,10,800,,
leo_madrl_N2000_K100_nominal_s2,145000,10,800,,
leo_madrl_N2000_K100_nominal_s2,146000,10,800,,
leo_madrl_N2000_K100_nominal_s2,147000,10,800,,
leo_madrl_N2000_K100_nominal_s2,148000,10,800,,
leo_madrl_N2000_K100_nominal_s2,149000,10,800,,
leo_madrl_N2000_K100_nominal_s2,150000,10,800,,
leo_madrl_N2000_K100_nominal_s2,151000,10,800,,
leo_madrl_N2000_K100_nominal_s2,152000,10,800,,
leo_madrl_N2000_K100_nominal_s2,153000,10,800,,
leo_madrl_N2000_K100_nominal_s2,154000,10,800,,
leo_madrl_N2000_K100_nominal_s2,155000,10,800,,
leo_madrl_N2000_K100_nominal_s2,156000,10,800,,
leo_madrl_N2000_K100_nominal_s2,157000,10,800,,
leo_madrl_N2000_K100_nominal_s2,158000,10,800,,
leo_madrl_N2000_K100_nominal_s2,159000,10,800,,
leo_madrl_N2000_K100_nominal_s2,160000,10,800,,
leo_madrl_N2000_K100_nominal_s2,161000,10,800,,
leo_madrl_N2000_K100_nominal_s2,162000,10,800,,
leo_madrl_N2000_K100_nominal_s2,163000,10,800,,
leo_madrl_N2000_K100_nominal_s2,164000,10,800,,
leo_madrl_N2000_K100_nominal_s2,165000,10,800,,
leo_madrl_N2000_K100_nominal_s2,166000,10,800,,
leo_madrl_N2000_K100_nominal_s2,167000,10,800,,
leo_madrl_N2000_K100_nominal_s2,168000,10,800,,
leo_madrl_N2000_K100_nominal_s2,169000,10,800,,
leo_madrl_N2000_K100_nominal_s2,170000,10,800,,
leo_madrl_N2000_K100_nominal_s2,171000,10,800,,
leo_madrl_N2000_K100_nominal_s2,172000,10,800,,
leo_madrl_N2000_K100_nominal_s2,173000,10,800,,
leo_madrl_N2000_K100_nominal_s2,174000,10,800,,
leo_madrl_N2000_K100_nominal_s2,175000,10,800,,
leo_madrl_N2000_K100_nominal_s2,176000,10,800,,
leo_madrl_N2000_K100_nominal_s2,177000,10,800,,
leo_madrl_N2000_K100_nominal_s2,178000,10,800,,
leo_madrl_N2000_K100_nominal_s2,179000,10,800,,
leo_madrl_N2000_K100_nominal_s2,180000,10,800,,
leo_madrl_N2000_K100_nominal_s2,181000,10,800,,
leo_madrl_N2000_K100_nominal_s2,182000,10,800,,
leo_madrl_N2000_K100_nominal_s2,183000,10,800,,
leo_madrl_N2000_K100_nominal_s2,184000,10,800,,
leo_madrl_N2000_K100_nominal_s2,185000,10,800,,
leo_madrl_N2000_K100_nominal_s2,186000,10,800,,
leo_madrl_N2000_K100_nominal_s2,187000,10,800,,
leo_madrl_N2000_K100_nominal_s2,188000,10,800,,
leo_madrl_N2000_K100_nominal_s2,189000,10,800,,
leo_madrl_N2000_K100_nominal_s2,190000,10,800,,
leo_madrl_N2000_K100_nominal_s2,191000,10,800,,
leo_madrl_N2000_K100_nominal_s2,192000,10,800,,
leo_madrl_N2000_K100_nominal_s2,193000,10,800,,
leo_madrl_N2000_K100_nominal_s2,194000,10,800,,
leo_madrl_N2000_K100_nominal_s2,195000,10,800,,
leo_madrl_N2000_K100_nominal_s2,196000,10,800,,
leo_madrl_N2000_K100_nominal_s2,197000,10,800,,
leo_madrl_N2000_K100_nominal_s2,198000,10,800,,
leo_madrl_N2000_K100_nominal_s2,199000,10,800,,
leo_madrl_N2000_K100_nominal_s2,200000,10,800,,
leo_madrl_N2000_K100_nominal_s2,201000,10,800,,
leo_madrl_N2000_K100_nominal_s2,202000,10,800,,
leo_madrl_N2000_K100_nominal_s2,203000,10,800,,
leo_madrl_N2000_K100_nominal_s2,204000,10,800,,
leo_madrl_N2000_K100_nominal_s2,205000,10,800,,
leo_madrl_N2000_K100_nominal_s2,206000,10,800,,
leo_madrl_N2000_K100_nominal_s2,207000,10,800,,
leo_madrl_N2000_K100_nominal_s2,208000,10,800,,
leo_madrl_N2000_K100_nominal_s2,209000,10,800,,
leo_madrl_N2000_K100_nominal_s2,210000,10,800,,
leo_madrl_N2000_K100_nominal_s2,211000,10,800,,
leo_madrl_N2000_K100_nominal_s2,212000,10,800,,
leo_madrl_N2000_K100_nominal_s2,213000,10,800,,
leo_madrl_N2000_K100_nominal_s2,214000,10,800,,
leo_madrl_N2000_K100_nominal_s2,215000,10,800,,
leo_madrl_N2000_K100_nominal_s2,216000,10,800,,
leo_madrl_N2000_K100_nominal_s2,217000,10,800,,
leo_madrl_N2000_K100_nominal_s2,218000,10,800,,
leo_madrl_N2000_K100_nominal_s2,219000,10,800,,
leo_madrl_N2000_K100_nominal_s2,220000,10,800,,
leo_madrl_N2000_K100_nominal_s2,221000,10,800,,
leo_madrl_N2000_K100_nominal_s2,222000,10,800,,
leo_madrl_N2000_K100_nominal_s2,223000,10,800,,
leo_madrl_N2000_K100_nominal_s2,224000,10,800,,
leo_madrl_N2000_K100_nominal_s2,225000,10,800,,
leo_madrl_N2000_K100_nominal_s2,226000,10,800,,
leo_madrl_N2000_K100_nominal_s2,227000,10,800,,
leo_madrl_N2000_K100_nominal_s2,228000,10,800,,
leo_madrl_N2000_K100_nominal_s2,229000,10,800,,
leo_madrl_N2000_K100_nominal_s2,230000,10,800,,
leo_madrl_N2000_K100_nominal_s2,231000,10,800,,
leo_madrl_N2000_K100_nominal_s2,232000,10,800,,
leo_madrl_N2000_K100_nominal_s2,233000,10,800,,
leo_madrl_N2000_K100_nominal_s2,234000,10,800,,
leo_madrl_N2000_K100_nominal_s2,235000,10,800,,
leo_madrl_N2000_K100_nominal_s2,236000,10,800,,
leo_madrl_N2000_K100_nominal_s2,237000,10,800,,
leo_madrl_N2000_K100_nominal_s2,238000,10,800,,
leo_madrl_N2000_K100_nominal_s2,239000,10,800,,
leo_madrl_N2000_K100_nominal_s2,240000,10,800,,
leo_madrl_N2000_K100_nominal_s2,241000,10,800,,
leo_madrl_N2000_K100_nominal_s2,242000,10,800,,
leo_madrl_N2000_K100_nominal_s2,243000,10,800,,
leo_madrl_N2000_K100_nominal_s2,244000,10,800,,
leo_madrl_N2000_K100_nominal_s2,245000,10,800,,
leo_madrl_N2000_K100_nominal_s2,246000,10,800,,
leo_madrl_N2000_K100_nominal_s2,247000,10,800,,
leo_madrl_N2000_K100_nominal_s2,248000,10,800,,
leo_madrl_N2000_K100_nominal_s2,249000,10,800,,
leo_madrl_N2000_K100_nominal_s2,250000,10,800,,
leo_madrl_N2000_K100_nominal_s2,251000,10,800,,
leo_madrl_N2000_K100_nominal_s2,252000,10,800,,
leo_madrl_N2000_K100_nominal_s2,253000,10,800,,
leo_madrl_N2000_K100_nominal_s2,254000,10,800,,
leo_madrl_N2000_K100_nominal_s2,255000,10,800,,
leo_madrl_N2000_K100_nominal_s3,1000,10,800,,
leo_madrl_N2000_K100_nominal_s3,2000,10,800,,
leo_madrl_N2000_K100_nominal_s3,3000,10,800,,
leo_madrl_N2000_K100_nominal_s3,4000,10,800,,
leo_madrl_N2000_K100_nominal_s3,5000,10,800,,
leo_madrl_N2000_K100_nominal_s3,6000,10,800,,
leo_madrl_N2000_K100_nominal_s3,7000,10,800,,
leo_madrl_N2000_K100_nominal_s3,8000,10,800,,
leo_madrl_N2000_K100_nominal_s3,9000,10,800,,
leo_madrl_N2000_K100_nominal_s3,10000,10,800,,
leo_madrl_N2000_K100_nominal_s3,11000,10,800,,
leo_madrl_N2000_K100_nominal_s3,12000,10,800,,
leo_madrl_N2000_K100_nominal_s3,13000,10,800,,
leo_madrl_N2000_K100_nominal_s3,14000,10,800,,
leo_madrl_N2000_K100_nominal_s3,15000,10,800,,
leo_madrl_N2000_K100_nominal_s3,16000,10,800,,
leo_madrl_N2000_K100_nominal_s3,17000,10,800,,
leo_madrl_N2000_K100_nominal_s3,18000,10,800,,
leo_madrl_N2000_K100_nominal_s3,19000,10,800,,
leo_madrl_N2000_K100_nominal_s3,20000,10,800,,
leo_madrl_N2000_K100_nominal_s3,21000,10,800,,
leo_madrl_N2000_K100_nominal_s3,22000,10,800,,
leo_madrl_N2000_K100_nominal_s3,23000,10,800,,
leo_madrl_N2000_K100_nominal_s3,24000,10,800,,
leo_madrl_N2000_K100_nominal_s3,25000,10,800,,
leo_madrl_N2000_K100_nominal_s3,26000,10,800,,
leo_madrl_N2000_K100_nominal_s3,27000,10,800,,
leo_madrl_N2000_K100_nominal_s3,28000,10,800,,
leo_madrl_N2000_K100_nominal_s3,29000,10,800,,
leo_madrl_N2000_K100_nominal_s3,30000,10,800,,
leo_madrl_N2000_K100_nominal_s3,31000,10,800,,
leo_madrl_N2000_K100_nominal_s3,32000,10,800,,
leo_madrl_N2000_K100_nominal_s3,33000,10,800,,
leo_madrl_N2000_K100_nominal_s3,34000,10,800,,
leo_madrl_N2000_K100_nominal_s3,35000,10,800,,
leo_madrl_N2000_K100_nominal_s3,36000,10,800,,
leo_madrl_N2000_K100_nominal_s3,37000,10,800,,
leo_madrl_N2000_K100_nominal_s3,38000,10,800,,
leo_madrl_N2000_K100_nominal_s3,39000,10,800,,
leo_madrl_N2000_K100_nominal_s3,40000,10,800,,
leo_madrl_N2000_K100_nominal_s3,41000,10,800,,
leo_madrl_N2000_K100_nominal_s3,42000,10,800,,
leo_madrl_N2000_K100_nominal_s3,43000,10,800,,
leo_madrl_N2000_K100_nominal_s3,44000,10,800,,
leo_madrl_N2000_K100_nominal_s3,45000,10,800,,
leo_madrl_N2000_K100_nominal_s3,46000,10,800,,
leo_madrl_N2000_K100_nominal_s3,47000,10,800,,
leo_madrl_N2000_K100_nominal_s3,48000,10,800,,
leo_madrl_N2000_K100_nominal_s3,49000,10,800,,
leo_madrl_N2000_K100_nominal_s3,50000,10,800,,
leo_madrl_N2000_K100_nominal_s3,51000,10,800,,
leo_madrl_N2000_K100_nominal_s3,52000,10,800,,
leo_madrl_N2000_K100_nominal_s3,53000,10,800,,
leo_madrl_N2000_K100_nominal_s3,54000,10,800,,
leo_madrl_N2000_K100_nominal_s3,55000,10,800,,
leo_madrl_N2000_K100_nominal_s3,56000,10,800,,
leo_madrl_N2000_K100_nominal_s3,57000,10,800,,
leo_madrl_N2000_K100_nominal_s3,58000,10,800,,
leo_madrl_N2000_K100_nominal_s3,59000,10,800,,
leo_madrl_N2000_K100_nominal_s3,60000,10,800,,
leo_madrl_N2000_K100_nominal_s3,61000,10,800,,
leo_madrl_N2000_K100_nominal_s3,62000,10,800,,
leo_madrl_N2000_K100_nominal_s3,63000,10,800,,
leo_madrl_N2000_K100_nominal_s3,64000,10,800,,
leo_madrl_N2000_K100_nominal_s3,65000,10,800,,
leo_madrl_N2000_K100_nominal_s3,66000,10,800,,
leo_madrl_N2000_K100_nominal_s3,67000,10,800,,
leo_madrl_N2000_K100_nominal_s3,68000,10,800,,
leo_madrl_N2000_K100_nominal_s3,69000,10,800,,
leo_madrl_N2000_K100_nominal_s3,70000,10,800,,
leo_madrl_N2000_K100_nominal_s3,71000,10,800,,
leo_madrl_N2000_K100_nominal_s3,72000,10,800,,
leo_madrl_N2000_K100_nominal_s3,73000,10,800,,
leo_madrl_N2000_K100_nominal_s3,74000,10,800,,
leo_madrl_N2000_K100_nominal_s3,75000,10,800,,
leo_madrl_N2000_K100_nominal_s3,76000,10,800,,
leo_madrl_N2000_K100_nominal_s3,77000,10,800,,
leo_madrl_N2000_K100_nominal_s3,78000,10,800,,
leo_madrl_N2000_K100_nominal_s3,79000,10,800,,
leo_madrl_N2000_K100_nominal_s3,80000,10,800,,
leo_madrl_N2000_K100_nominal_s3,81000,10,800,,
leo_madrl_N2000_K100_nominal_s3,82000,10,800,,
leo_madrl_N2000_K100_nominal_s3,83000,10,800,,
leo_madrl_N2000_K100_nominal_s3,84000,10,800,,
leo_madrl_N2000_K100_nominal_s3,85000,10,800,,
leo_madrl_N2000_K100_nominal_s3,86000,10,800,,
leo_madrl_N2000_K100_nominal_s3,87000,10,800,,
leo_madrl_N2000_K100_nominal_s3,88000,10,800,,
leo_madrl_N2000_K100_nominal_s3,89000,10,800,,
leo_madrl_N2000_K100_nominal_s3,90000,10,800,,
leo_madrl_N2000_K100_nominal_s3,91000,10,800,,
leo_madrl_N2000_K100_nominal_s3,92000,10,800,,
leo_madrl_N2000_K100_nominal_s3,93000,10,800,,
leo_madrl_N2000_K100_nominal_s3,94000,10,800,,
leo_madrl_N2000_K100_nominal_s3,95000,10,800,,
leo_madrl_N2000_K100_nominal_s3,96000,10,800,,
leo_madrl_N2000_K100_nominal_s3,97000,10,800,,
leo_madrl_N2000_K100_nominal_s3,98000,10,800,,
leo_madrl_N2000_K100_nominal_s3,99000,10,800,,
leo_madrl_N2000_K100_nominal_s3,100000,10,800,,
leo_madrl_N2000_K100_nominal_s3,101000,10,800,,
leo_madrl_N2000_K100_nominal_s3,102000,10,800,,
leo_madrl_N2000_K100_nominal_s3,103000,10,800,,
leo_madrl_N2000_K100_nominal_s3,104000,10,800,,
leo_madrl_N2000_K100_nominal_s3,105000,10,800,,
leo_madrl_N2000_K100_nominal_s3,106000,10,800,,
leo_madrl_N2000_K100_nominal_s3,107000,10,800,,
leo_madrl_N2000_K100_nominal_s3,108000,10,800,,
leo_madrl_N2000_K100_nominal_s3,109000,10,800,,
leo_madrl_N2000_K100_nominal_s3,110000,10,800,,
leo_madrl_N2000_K100_nominal_s3,111000,10,800,,
leo_madrl_N2000_K100_nominal_s3,112000,10,800,,
leo_madrl_N2000_K100_nominal_s3,113000,10,800,,
leo_madrl_N2000_K100_nominal_s3,114000,10,800,,
leo_madrl_N2000_K100_nominal_s3,115000,10,800,,
leo_madrl_N2000_K100_nominal_s3,116000,10,800,,
leo_madrl_N2000_K100_nominal_s3,117000,10,800,,
leo_madrl_N2000_K100_nominal_s3,118000,10,800,,
leo_madrl_N2000_K100_nominal_s3,119000,10,800,,
leo_madrl_N2000_K100_nominal_s3,120000,10,800,,
leo_madrl_N2000_K100_nominal_s3,121000,10,800,,
leo_madrl_N2000_K100_nominal_s3,122000,10,800,,
leo_madrl_N2000_K100_nominal_s3,123000,10,800,,
leo_madrl_N2000_K100_nominal_s3,124000,10,800,,
leo_madrl_N2000_K100_nominal_s3,125000,10,800,,
leo_madrl_N2000_K100_nominal_s3,126000,10,800,,
leo_madrl_N2000_K100_nominal_s3,127000,10,800,,
leo_madrl_N2000_K100_nominal_s3,128000,10,800,,
leo_madrl_N2000_K100_nominal_s3,129000,10,800,,
leo_madrl_N2000_K100_nominal_s3,130000,10,800,,
leo_madrl_N2000_K100_nominal_s3,131000,10,800,,
leo_madrl_N2000_K100_nominal_s3,132000,10,800,,
leo_madrl_N2000_K100_nominal_s3,133000,10,800,,
leo_madrl_N2000_K100_nominal_s3,134000,10,800,,
leo_madrl_N2000_K100_nominal_s3,135000,10,800,,
leo_madrl_N2000_K100_nominal_s3,136000,10,800,,
leo_madrl_N2000_K100_nominal_s3,137000,10,800,,
leo_madrl_N2000_K100_nominal_s3,138000,10,800,,
leo_madrl_N2000_K100_nominal_s3,139000,10,800,,
leo_madrl_N2000_K100_nominal_s3,140000,10,800,,
leo_madrl_N2000_K100_nominal_s3,141000,10,800,,
leo_madrl_N2000_K100_nominal_s3,142000,10,800,,
leo_madrl_N2000_K100_nominal_s3,143000,10,800,,
leo_madrl_N2000_K100_nominal_s3,144000,10,800,,
leo_madrl_N2000_K100_nominal_s3,145000,10,800,,
leo_madrl_N2000_K100_nominal_s3,146000,10,800,,
leo_madrl_N2000_K100_nominal_s3,147000,10,800,,
leo_madrl_N2000_K100_nominal_s3,148000,10,800,,
leo_madrl_N2000_K100_nominal_s3,149000,10,800,,
leo_madrl_N2000_K100_nominal_s3,150000,10,800,,
leo_madrl_N2000_K100_nominal_s3,151000,10,800,,
leo_madrl_N2000_K100_nominal_s3,152000,10,800,,
leo_madrl_N2000_K100_nominal_s3,153000,10,800,,
leo_madrl_N2000_K100_nominal_s3,154000,10,800,,
leo_madrl_N2000_K100_nominal_s3,155000,10,800,,
leo_madrl_N2000_K100_nominal_s3,156000,10,800,,
leo_madrl_N2000_K100_nominal_s3,157000,10,800,,
leo_madrl_N2000_K100_nominal_s3,158000,10,800,,
leo_madrl_N2000_K100_nominal_s3,159000,10,800,,
leo_madrl_N2000_K100_nominal_s3,160000,10,800,,
leo_madrl_N2000_K100_nominal_s3,161000,10,800,,
leo_madrl_N2000_K100_nominal_s3,162000,10,800,,
leo_madrl_N2000_K100_nominal_s3,163000,10,800,,
leo_madrl_N2000_K100_nominal_s3,164000,10,800,,
leo_madrl_N2000_K100_nominal_s3,165000,10,800,,
leo_madrl_N2000_K100_nominal_s3,166000,10,800,,
leo_madrl_N2000_K100_nominal_s3,167000,10,800,,
leo_madrl_N2000_K100_nominal_s3,168000,10,800,,
leo_madrl_N2000_K100_nominal_s3,169000,10,800,,
leo_madrl_N2000_K100_nominal_s3,170000,10,800,,
leo_madrl_N2000_K100_nominal_s3,171000,10,800,,
leo_madrl_N2000_K100_nominal_s3,172000,10,800,,
leo_madrl_N2000_K100_nominal_s3,173000,10,800,,
leo_madrl_N2000_K100_nominal_s3,174000,10,800,,
leo_madrl_N2000_K100_nominal_s3,175000,10,800,,
leo_madrl_N2000_K100_nominal_s3,176000,10,800,,
leo_madrl_N2000_K100_nominal_s3,177000,10,800,,
leo_madrl_N2000_K100_nominal_s3,178000,10,800,,
leo_madrl_N2000_K100_nominal_s3,179000,10,800,,
leo_madrl_N2000_K100_nominal_s3,180000,10,800,,
leo_madrl_N2000_K100_nominal_s3,181000,10,800,,
leo_madrl_N2000_K100_nominal_s3,182000,10,800,,
leo_madrl_N2000_K100_nominal_s3,183000,10,800,,
leo_madrl_N2000_K100_nominal_s3,184000,10,800,,
leo_madrl_N2000_K100_nominal_s3,185000,10,800,,
leo_madrl_N2000_K100_nominal_s3,186000,10,800,,
leo_madrl_N2000_K100_nominal_s3,187000,10,800,,
leo_madrl_N2000_K100_nominal_s3,188000,10,800,,
leo_madrl_N2000_K100_nominal_s3,189000,10,800,,
leo_madrl_N2000_K100_nominal_s3,190000,10,800,,
leo_madrl_N2000_K100_nominal_s3,191000,10,800,,
leo_madrl_N2000_K100_nominal_s3,192000,10,800,,
leo_madrl_N2000_K100_nominal_s3,193000,10,800,,
leo_madrl_N2000_K100_nominal_s3,194000,10,800,,
leo_madrl_N2000_K100_nominal_s3,195000,10,800,,
leo_madrl_N2000_K100_nominal_s3,196000,10,800,,
leo_madrl_N2000_K100_nominal_s3,197000,10,800,,
leo_madrl_N2000_K100_nominal_s3,198000,10,800,,
leo_madrl_N2000_K100_nominal_s3,199000,10,800,,
leo_madrl_N2000_K100_nominal_s3,200000,10,800,,
leo_madrl_N2000_K100_nominal_s3,201000,10,800,,
leo_madrl_N2000_K100_nominal_s3,202000,10,800,,
leo_madrl_N2000_K100_nominal_s3,203000,10,800,,
leo_madrl_N2000_K100_nominal_s3,204000,10,800,,
leo_madrl_N2000_K100_nominal_s3,205000,10,800,,
leo_madrl_N2000_K100_nominal_s3,206000,10,800,,
leo_madrl_N2000_K100_nominal_s3,207000,10,800,,
leo_madrl_N2000_K100_nominal_s3,208000,10,800,,
leo_madrl_N2000_K100_nominal_s3,209000,10,800,,
leo_madrl_N2000_K100_nominal_s3,210000,10,800,,
leo_madrl_N2000_K100_nominal_s3,211000,10,800,,
leo_madrl_N2000_K100_nominal_s3,212000,10,800,,
leo_madrl_N2000_K100_nominal_s3,213000,10,800,,
leo_madrl_N2000_K100_nominal_s3,214000,10,800,,
leo_madrl_N2000_K100_nominal_s3,215000,10,800,,
leo_madrl_N2000_K100_nominal_s3,216000,10,800,,
leo_madrl_N2000_K100_nominal_s3,217000,10,800,,
leo_madrl_N2000_K100_nominal_s3,218000,10,800,,
leo_madrl_N2000_K100_nominal_s3,219000,10,800,,
leo_madrl_N2000_K100_nominal_s3,220000,10,800,,
leo_madrl_N2000_K100_nominal_s3,221000,10,800,,
leo_madrl_N2000_K100_nominal_s3,222000,10,800,,
leo_madrl_N2000_K100_nominal_s3,223000,10,800,,
leo_madrl_N2000_K100_nominal_s3,224000,10,800,,
leo_madrl_N2000_K100_nominal_s3,225000,10,800,,
leo_madrl_N2000_K100_nominal_s3,226000,10,800,,
leo_madrl_N2000_K100_nominal_s3,227000,10,800,,
leo_madrl_N2000_K100_nominal_s3,228000,10,800,,
leo_madrl_N2000_K100_nominal_s3,229000,10,800,,
leo_madrl_N2000_K100_nominal_s3,230000,10,800,,
leo_madrl_N2000_K100_nominal_s3,231000,10,800,,
leo_madrl_N2000_K100_nominal_s3,232000,10,800,,
leo_madrl_N2000_K100_nominal_s3,233000,10,800,,
leo_madrl_N2000_K100_nominal_s3,234000,10,800,,
leo_madrl_N2000_K100_nominal_s3,235000,10,800,,
leo_madrl_N2000_K100_nominal_s3,236000,10,800,,
leo_madrl_N2000_K100_nominal_s3,237000,10,800,,
leo_madrl_N2000_K100_nominal_s3,238000,10,800,,
leo_madrl_N2000_K100_nominal_s3,239000,10,800,,
leo_madrl_N2000_K100_nominal_s3,240000,10,800,,
leo_madrl_N2000_K100_nominal_s3,241000,10,800,,
leo_madrl_N2000_K100_nominal_s3,242000,10,800,,
leo_madrl_N2000_K100_nominal_s3,243000,10,800,,
leo_madrl_N2000_K100_nominal_s3,244000,10,800,,
leo_madrl_N2000_K100_nominal_s3,245000,10,800,,
leo_madrl_N2000_K100_nominal_s3,246000,10,800,,
leo_madrl_N2000_K100_nominal_s3,247000,10,800,,
leo_madrl_N2000_K100_nominal_s3,248000,10,800,,
leo_madrl_N2000_K100_nominal_s3,249000,10,800,,
leo_madrl_N2000_K100_nominal_s3,250000,10,800,,
leo_madrl_N2000_K100_nominal_s3,251000,10,800,,
leo_madrl_N2000_K100_nominal_s3,252000,10,800,,
leo_madrl_N2000_K100_nominal_s3,253000,10,800,,
leo_madrl_N2000_K100_nominal_s3,254000,10,800,,
leo_madrl_N2000_K100_nominal_s3,255000,10,800,,
leo_madrl_N2000_K100_nominal_s4,1000,10,800,,
leo_madrl_N2000_K100_nominal_s4,2000,10,800,,
leo_madrl_N2000_K100_nominal_s4,3000,10,800,,
leo_madrl_N2000_K100_nominal_s4,4000,10,800,,
leo_madrl_N2000_K100_nominal_s4,5000,10,800,,
leo_madrl_N2000_K100_nominal_s4,6000,10,800,,
leo_madrl_N2000_K100_nominal_s4,7000,10,800,,
leo_madrl_N2000_K100_nominal_s4,8000,10,800,,
leo_madrl_N2000_K100_nominal_s4,9000,10,800,,
leo_madrl_N2000_K100_nominal_s4,10000,10,800,,
leo_madrl_N2000_K100_nominal_s4,11000,10,800,,
leo_madrl_N2000_K100_nominal_s4,12000,10,800,,
leo_madrl_N2000_K100_nominal_s4,13000,10,800,,
leo_madrl_N2000_K100_nominal_s4,14000,10,800,,
leo_madrl_N2000_K100_nominal_s4,15000,10,800,,
leo_madrl_N2000_K100_nominal_s4,16000,10,800,,
leo_madrl_N2000_K100_nominal_s4,17000,10,800,,
leo_madrl_N2000_K100_nominal_s4,18000,10,800,,
leo_madrl_N2000_K100_nominal_s4,19000,10,800,,
leo_madrl_N2000_K100_nominal_s4,20000,10,800,,
leo_madrl_N2000_K100_nominal_s4,21000,10,800,,
leo_madrl_N2000_K100_nominal_s4,22000,10,800,,
leo_madrl_N2000_K100_nominal_s4,23000,10,800,,
leo_madrl_N2000_K100_nominal_s4,24000,10,800,,
leo_madrl_N2000_K100_nominal_s4,25000,10,800,,
leo_madrl_N2000_K100_nominal_s4,26000,10,800,,
leo_madrl_N2000_K100_nominal_s4,27000,10,800,,
leo_madrl_N2000_K100_nominal_s4,28000,10,800,,
leo_madrl_N2000_K100_nominal_s4,29000,10,800,,
leo_madrl_N2000_K100_nominal_s4,30000,10,800,,
leo_madrl_N2000_K100_nominal_s4,31000,10,800,,
leo_madrl_N2000_K100_nominal_s4,32000,10,800,,
leo_madrl_N2000_K100_nominal_s4,33000,10,800,,
leo_madrl_N2000_K100_nominal_s4,34000,10,800,,
leo_madrl_N2000_K100_nominal_s4,35000,10,800,,
leo_madrl_N2000_K100_nominal_s4,36000,10,800,,
leo_madrl_N2000_K100_nominal_s4,37000,10,800,,
leo_madrl_N2000_K100_nominal_s4,38000,10,800,,
leo_madrl_N2000_K100_nominal_s4,39000,10,800,,
leo_madrl_N2000_K100_nominal_s4,40000,10,800,,
leo_madrl_N2000_K100_nominal_s4,41000,10,800,,
leo_madrl_N2000_K100_nominal_s4,42000,10,800,,
leo_madrl_N2000_K100_nominal_s4,43000,10,800,,
leo_madrl_N2000_K100_nominal_s4,44000,10,800,,
leo_madrl_N2000_K100_nominal_s4,45000,10,800,,
leo_madrl_N2000_K100_nominal_s4,46000,10,800,,
leo_madrl_N2000_K100_nominal_s4,47000,10,800,,
leo_madrl_N2000_K100_nominal_s4,48000,10,800,,
leo_madrl_N2000_K100_nominal_s4,49000,10,800,,
leo_madrl_N2000_K100_nominal_s4,50000,10,800,,
leo_madrl_N2000_K100_nominal_s4,51000,10,800,,
leo_madrl_N2000_K100_nominal_s4,52000,10,800,,
leo_madrl_N2000_K100_nominal_s4,53000,10,800,,
leo_madrl_N2000_K100_nominal_s4,54000,10,800,,
leo_madrl_N2000_K100_nominal_s4,55000,10,800,,
leo_madrl_N2000_K100_nominal_s4,56000,10,800,,
leo_madrl_N2000_K100_nominal_s4,57000,10,800,,
leo_madrl_N2000_K100_nominal_s4,58000,10,800,,
leo_madrl_N2000_K100_nominal_s4,59000,10,800,,
leo_madrl_N2000_K100_nominal_s4,60000,10,800,,
leo_madrl_N2000_K100_nominal_s4,61000,10,800,,
leo_madrl_N2000_K100_nominal_s4,62000,10,800,,
leo_madrl_N2000_K100_nominal_s4,63000,10,800,,
leo_madrl_N2000_K100_nominal_s4,64000,10,800,,
leo_madrl_N2000_K100_nominal_s4,65000,10,800,,
leo_madrl_N2000_K100_nominal_s4,66000,10,800,,
leo_madrl_N2000_K100_nominal_s4,67000,10,800,,
leo_madrl_N2000_K100_nominal_s4,68000,10,800,,
leo_madrl_N2000_K100_nominal_s4,69000,10,800,,
leo_madrl_N2000_K100_nominal_s4,70000,10,800,,
leo_madrl_N2000_K100_nominal_s4,71000,10,800,,
leo_madrl_N2000_K100_nominal_s4,72000,10,800,,
leo_madrl_N2000_K100_nominal_s4,73000,10,800,,
leo_madrl_N2000_K100_nominal_s4,74000,10,800,,
leo_madrl_N2000_K100_nominal_s4,75000,10,800,,
leo_madrl_N2000_K100_nominal_s4,76000,10,800,,
leo_madrl_N2000_K100_nominal_s4,77000,10,800,,
leo_madrl_N2000_K100_nominal_s4,78000,10,800,,
leo_madrl_N2000_K100_nominal_s4,79000,10,800,,
leo_madrl_N2000_K100_nominal_s4,80000,10,800,,
leo_madrl_N2000_K100_nominal_s4,81000,10,800,,
leo_madrl_N2000_K100_nominal_s4,82000,10,800,,
leo_madrl_N2000_K100_nominal_s4,83000,10,800,,
leo_madrl_N2000_K100_nominal_s4,84000,10,800,,
leo_madrl_N2000_K100_nominal_s4,85000,10,800,,
leo_madrl_N2000_K100_nominal_s4,86000,10,800,,
leo_madrl_N2000_K100_nominal_s4,87000,10,800,,
leo_madrl_N2000_K100_nominal_s4,88000,10,800,,
leo_madrl_N2000_K100_nominal_s4,89000,10,800,,
leo_madrl_N2000_K100_nominal_s4,90000,10,800,,
leo_madrl_N2000_K100_nominal_s4,91000,10,800,,
leo_madrl_N2000_K100_nominal_s4,92000,10,800,,
leo_madrl_N2000_K100_nominal_s4,93000,10,800,,
leo_madrl_N2000_K100_nominal_s4,94000,10,800,,
leo_madrl_N2000_K100_nominal_s4,95000,10,800,,
leo_madrl_N2000_K100_nominal_s4,96000,10,800,,
leo_madrl_N2000_K100_nominal_s4,97000,10,800,,
leo_madrl_N2000_K100_nominal_s4,98000,10,800,,
leo_madrl_N2000_K100_nominal_s4,99000,10,800,,
leo_madrl_N2000_K100_nominal_s4,100000,10,800,,
leo_madrl_N2000_K100_nominal_s4,101000,10,800,,
leo_madrl_N2000_K100_nominal_s4,102000,10,800,,
leo_madrl_N2000_K100_nominal_s4,103000,10,800,,
leo_madrl_N2000_K100_nominal_s4,104000,10,800,,
leo_madrl_N2000_K100_nominal_s4,105000,10,800,,
leo_madrl_N2000_K100_nominal_s4,106000,10,800,,
leo_madrl_N2000_K100_nominal_s4,107000,10,800,,
leo_madrl_N2000_K100_nominal_s4,108000,10,800,,
leo_madrl_N2000_K100_nominal_s4,109000,10,800,,
leo_madrl_N2000_K100_nominal_s4,110000,10,800,,
leo_madrl_N2000_K100_nominal_s4,111000,10,800,,
leo_madrl_N2000_K100_nominal_s4,112000,10,800,,
leo_madrl_N2000_K100_nominal_s4,113000,10,800,,
leo_madrl_N2000_K100_nominal_s4,114000,10,800,,
leo_madrl_N2000_K100_nominal_s4,115000,10,800,,
leo_madrl_N2000_K100_nominal_s4,116000,10,800,,
leo_madrl_N2000_K100_nominal_s4,117000,10,800,,
leo_madrl_N2000_K100_nominal_s4,118000,10,800,,
leo_madrl_N2000_K100_nominal_s4,119000,10,800,,
leo_madrl_N2000_K100_nominal_s4,120000,10,800,,
leo_madrl_N2000_K100_nominal_s4,121000,10,800,,
leo_madrl_N2000_K100_nominal_s4,122000,10,800,,
leo_madrl_N2000_K100_nominal_s4,123000,10,800,,
leo_madrl_N2000_K100_nominal_s4,124000,10,800,,
leo_madrl_N2000_K100_nominal_s4,125000,10,800,,
leo_madrl_N2000_K100_nominal_s4,126000,10,800,,
leo_madrl_N2000_K100_nominal_s4,127000,10,800,,
leo_madrl_N2000_K100_nominal_s4,128000,10,800,,
leo_madrl_N2000_K100_nominal_s4,129000,10,800,,
leo_madrl_N2000_K100_nominal_s4,130000,10,800,,
leo_madrl_N2000_K100_nominal_s4,131000,10,800,,
leo_madrl_N2000_K100_nominal_s4,132000,10,800,,
leo_madrl_N2000_K100_nominal_s4,133000,10,800,,
leo_madrl_N2000_K100_nominal_s4,134000,10,800,,
leo_madrl_N2000_K100_nominal_s4,135000,10,800,,
leo_madrl_N2000_K100_nominal_s4,136000,10,800,,
leo_madrl_N2000_K100_nominal_s4,137000,10,800,,
leo_madrl_N2000_K100_nominal_s4,138000,10,800,,
leo_madrl_N2000_K100_nominal_s4,139000,10,800,,
leo_madrl_N2000_K100_nominal_s4,140000,10,800,,
leo_madrl_N2000_K100_nominal_s4,141000,10,800,,
leo_madrl_N2000_K100_nominal_s4,142000,10,800,,
leo_madrl_N2000_K100_nominal_s4,143000,10,800,,
leo_madrl_N2000_K100_nominal_s4,144000,10,800,,
leo_madrl_N2000_K100_nominal_s4,145000,10,800,,
leo_madrl_N2000_K100_nominal_s4,146000,10,800,,
leo_madrl_N2000_K100_nominal_s4,147000,10,800,,
leo_madrl_N2000_K100_nominal_s4,148000,10,800,,
leo_madrl_N2000_K100_nominal_s4,149000,10,800,,
leo_madrl_N2000_K100_nominal_s4,150000,10,800,,
leo_madrl_N2000_K100_nominal_s4,151000,10,800,,
leo_madrl_N2000_K100_nominal_s4,152000,10,800,,
leo_madrl_N2000_K100_nominal_s4,153000,10,800,,
leo_madrl_N2000_K100_nominal_s4,154000,10,800,,
leo_madrl_N2000_K100_nominal_s4,155000,10,800,,
leo_madrl_N2000_K100_nominal_s4,156000,10,800,,
leo_madrl_N2000_K100_nominal_s4,157000,10,800,,
leo_madrl_N2000_K100_nominal_s4,158000,10,800,,
leo_madrl_N2000_K100_nominal_s4,159000,10,800,,
leo_madrl_N2000_K100_nominal_s4,160000,10,800,,
leo_madrl_N2000_K100_nominal_s4,161000,10,800,,
leo_madrl_N2000_K100_nominal_s4,162000,10,800,,
leo_madrl_N2000_K100_nominal_s4,163000,10,800,,
leo_madrl_N2000_K100_nominal_s4,164000,10,800,,
leo_madrl_N2000_K100_nominal_s4,165000,10,800,,
leo_madrl_N2000_K100_nominal_s4,166000,10,800,,
leo_madrl_N2000_K100_nominal_s4,167000,10,800,,
leo_madrl_N2000_K100_nominal_s4,168000,10,800,,
leo_madrl_N2000_K100_nominal_s4,169000,10,800,,
leo_madrl_N2000_K100_nominal_s4,170000,10,800,,
leo_madrl_N2000_K100_nominal_s4,171000,10,800,,
leo_madrl_N2000_K100_nominal_s4,172000,10,800,,
leo_madrl_N2000_K100_nominal_s4,173000,10,800,,
leo_madrl_N2000_K100_nominal_s4,174000,10,800,,
leo_madrl_N2000_K100_nominal_s4,175000,10,800,,
leo_madrl_N2000_K100_nominal_s4,176000,10,800,,
leo_madrl_N2000_K100_nominal_s4,177000,10,800,,
leo_madrl_N2000_K100_nominal_s4,178000,10,800,,
leo_madrl_N2000_K100_nominal_s4,179000,10,800,,
leo_madrl_N2000_K100_nominal_s4,180000,10,800,,
leo_madrl_N2000_K100_nominal_s4,181000,10,800,,
leo_madrl_N2000_K100_nominal_s4,182000,10,800,,
leo_madrl_N2000_K100_nominal_s4,183000,10,800,,
leo_madrl_N2000_K100_nominal_s4,184000,10,800,,
leo_madrl_N2000_K100_nominal_s4,185000,10,800,,
leo_madrl_N2000_K100_nominal_s4,186000,10,800,,
leo_madrl_N2000_K100_nominal_s4,187000,10,800,,
leo_madrl_N2000_K100_nominal_s4,188000,10,800,,
leo_madrl_N2000_K100_nominal_s4,189000,10,800,,
leo_madrl_N2000_K100_nominal_s4,190000,10,800,,
leo_madrl_N2000_K100_nominal_s4,191000,10,800,,
leo_madrl_N2000_K100_nominal_s4,192000,10,800,,
leo_madrl_N2000_K100_nominal_s4,193000,10,800,,
leo_madrl_N2000_K100_nominal_s4,194000,10,800,,
leo_madrl_N2000_K100_nominal_s4,195000,10,800,,
leo_madrl_N2000_K100_nominal_s4,196000,10,800,,
leo_madrl_N2000_K100_nominal_s4,197000,10,800,,
leo_madrl_N2000_K100_nominal_s4,198000,10,800,,
leo_madrl_N2000_K100_nominal_s4,199000,10,800,,
leo_madrl_N2000_K100_nominal_s4,200000,10,800,,
leo_madrl_N2000_K100_nominal_s4,201000,10,800,,
leo_madrl_N2000_K100_nominal_s4,202000,10,800,,
leo_madrl_N2000_K100_nominal_s4,203000,10,800,,
leo_madrl_N2000_K100_nominal_s4,204000,10,800,,
leo_madrl_N2000_K100_nominal_s4,205000,10,800,,
leo_madrl_N2000_K100_nominal_s4,206000,10,800,,
leo_madrl_N2000_K100_nominal_s4,207000,10,800,,
leo_madrl_N2000_K100_nominal_s4,208000,10,800,,
leo_madrl_N2000_K100_nominal_s4,209000,10,800,,
leo_madrl_N2000_K100_nominal_s4,210000,10,800,,
leo_madrl_N2000_K100_nominal_s4,211000,10,800,,
leo_madrl_N2000_K100_nominal_s4,212000,10,800,,
leo_madrl_N2000_K100_nominal_s4,213000,10,800,,
leo_madrl_N2000_K100_nominal_s4,214000,10,800,,
leo_madrl_N2000_K100_nominal_s4,215000,10,800,,
leo_madrl_N2000_K100_nominal_s4,216000,10,800,,
leo_madrl_N2000_K100_nominal_s4,217000,10,800,,
leo_madrl_N2000_K100_nominal_s4,218000,10,800,,
leo_madrl_N2000_K100_nominal_s4,219000,10,800,,
leo_madrl_N2000_K100_nominal_s4,220000,10,800,,
leo_madrl_N2000_K100_nominal_s4,221000,10,800,,
leo_madrl_N2000_K100_nominal_s4,222000,10,800,,
leo_madrl_N2000_K100_nominal_s4,223000,10,800,,
leo_madrl_N2000_K100_nominal_s4,224000,10,800,,
leo_madrl_N2000_K100_nominal_s4,225000,10,800,,
leo_madrl_N2000_K100_nominal_s4,226000,10,800,,
leo_madrl_N2000_K100_nominal_s4,227000,10,800,,
leo_madrl_N2000_K100_nominal_s4,228000,10,800,,
leo_madrl_N2000_K100_nominal_s4,229000,10,800,,
leo_madrl_N2000_K100_nominal_s4,230000,10,800,,
leo_madrl_N2000_K100_nominal_s4,231000,10,800,,
leo_madrl_N2000_K100_nominal_s4,232000,10,800,,
leo_madrl_N2000_K100_nominal_s4,233000,10,800,,
leo_madrl_N2000_K100_nominal_s4,234000,10,800,,
leo_madrl_N2000_K100_nominal_s4,235000,10,800,,
leo_madrl_N2000_K100_nominal_s4,236000,10,800,,
leo_madrl_N2000_K100_nominal_s4,237000,10,800,,
leo_madrl_N2000_K100_nominal_s4,238000,10,800,,
leo_madrl_N2000_K100_nominal_s4,239000,10,800,,
leo_madrl_N2000_K100_nominal_s4,240000,10,800,,
leo_madrl_N2000_K100_nominal_s4,241000,10,800,,
leo_madrl_N2000_K100_nominal_s4,242000,10,800,,
leo_madrl_N2000_K100_nominal_s4,243000,10,800,,
leo_madrl_N2000_K100_nominal_s4,244000,10,800,,
leo_madrl_N2000_K100_nominal_s4,245000,10,800,,
leo_madrl_N2000_K100_nominal_s4,246000,10,800,,
leo_madrl_N2000_K100_nominal_s4,247000,10,800,,
leo_madrl_N2000_K100_nominal_s4,248000,10,800,,
leo_madrl_N2000_K100_nominal_s4,249000,10,800,,
leo_madrl_N2000_K100_nominal_s4,250000,10,800,,
leo_madrl_N2000_K100_nominal_s4,251000,10,800,,
leo_madrl_N2000_K100_nominal_s4,252000,10,800,,
leo_madrl_N2000_K100_nominal_s4,253000,10,800,,
leo_madrl_N2000_K100_nominal_s4,254000,10,800,,
leo_madrl_N2000_K100_nominal_s4,255000,10,800,,
leo_madrl_N2000_K100_nominal_s5,1000,10,800,,
leo_madrl_N2000_K100_nominal_s5,2000,10,800,,
leo_madrl_N2000_K100_nominal_s5,3000,10,800,,
leo_madrl_N2000_K100_nominal_s5,4000,10,800,,
leo_madrl_N2000_K100_nominal_s5,5000,10,800,,
leo_madrl_N2000_K100_nominal_s5,6000,10,800,,
leo_madrl_N2000_K100_nominal_s5,7000,10,800,,
leo_madrl_N2000_K100_nominal_s5,8000,10,800,,
leo_madrl_N2000_K100_nominal_s5,9000,10,800,,
leo_madrl_N2000_K100_nominal_s5,10000,10,800,,
leo_madrl_N2000_K100_nominal_s5,11000,10,800,,
leo_madrl_N2000_K100_nominal_s5,12000,10,800,,
leo_madrl_N2000_K100_nominal_s5,13000,10,800,,
leo_madrl_N2000_K100_nominal_s5,14000,10,800,,
leo_madrl_N2000_K100_nominal_s5,15000,10,800,,
leo_madrl_N2000_K100_nominal_s5,16000,10,800,,
leo_madrl_N2000_K100_nominal_s5,17000,10,800,,
leo_madrl_N2000_K100_nominal_s5,18000,10,800,,
leo_madrl_N2000_K100_nominal_s5,19000,10,800,,
leo_madrl_N2000_K100_nominal_s5,20000,10,800,,
leo_madrl_N2000_K100_nominal_s5,21000,10,800,,
leo_madrl_N2000_K100_nominal_s5,22000,10,800,,
leo_madrl_N2000_K100_nominal_s5,23000,10,800,,
leo_madrl_N2000_K100_nominal_s5,24000,10,800,,
leo_madrl_N2000_K100_nominal_s5,25000,10,800,,
leo_madrl_N2000_K100_nominal_s5,26000,10,800,,
leo_madrl_N2000_K100_nominal_s5,27000,10,800,,
leo_madrl_N2000_K100_nominal_s5,28000,10,800,,
leo_madrl_N2000_K100_nominal_s5,29000,10,800,,
leo_madrl_N2000_K100_nominal_s5,30000,10,800,,
leo_madrl_N2000_K100_nominal_s5,31000,10,800,,
leo_madrl_N2000_K100_nominal_s5,32000,10,800,,
leo_madrl_N2000_K100_nominal_s5,33000,10,800,,
leo_madrl_N2000_K100_nominal_s5,34000,10,800,,
leo_madrl_N2000_K100_nominal_s5,35000,10,800,,
leo_madrl_N2000_K100_nominal_s5,36000,10,800,,
leo_madrl_N2000_K100_nominal_s5,37000,10,800,,
leo_madrl_N2000_K100_nominal_s5,38000,10,800,,
leo_madrl_N2000_K100_nominal_s5,39000,10,800,,
leo_madrl_N2000_K100_nominal_s5,40000,10,800,,
leo_madrl_N2000_K100_nominal_s5,41000,10,800,,
leo_madrl_N2000_K100_nominal_s5,42000,10,800,,
leo_madrl_N2000_K100_nominal_s5,43000,10,800,,
leo_madrl_N2000_K100_nominal_s5,44000,10,800,,
leo_madrl_N2000_K100_nominal_s5,45000,10,800,,
leo_madrl_N2000_K100_nominal_s5,46000,10,800,,
leo_madrl_N2000_K100_nominal_s5,47000,10,800,,
leo_madrl_N2000_K100_nominal_s5,48000,10,800,,
leo_madrl_N2000_K100_nominal_s5,49000,10,800,,
leo_madrl_N2000_K100_nominal_s5,50000,10,800,,
leo_madrl_N2000_K100_nominal_s5,51000,10,800,,
leo_madrl_N2000_K100_nominal_s5,52000,10,800,,
leo_madrl_N2000_K100_nominal_s5,53000,10,800,,
leo_madrl_N2000_K100_nominal_s5,54000,10,800,,
leo_madrl_N2000_K100_nominal_s5,55000,10,800,,
leo_madrl_N2000_K100_nominal_s5,56000,10,800,,
leo_madrl_N2000_K100_nominal_s5,57000,10,800,,
leo_madrl_N2000_K100_nominal_s5,58000,10,800,,
leo_madrl_N2000_K100_nominal_s5,59000,10,800,,
leo_madrl_N2000_K100_nominal_s5,60000,10,800,,
leo_madrl_N2000_K100_nominal_s5,61000,10,800,,
leo_madrl_N2000_K100_nominal_s5,62000,10,800,,
leo_madrl_N2000_K100_nominal_s5,63000,10,800,,
leo_madrl_N2000_K100_nominal_s5,64000,10,800,,
leo_madrl_N2000_K100_nominal_s5,65000,10,800,,
leo_madrl_N2000_K100_nominal_s5,66000,10,800,,
leo_madrl_N2000_K100_nominal_s5,67000,10,800,,
leo_madrl_N2000_K100_nominal_s5,68000,10,800,,
leo_madrl_N2000_K100_nominal_s5,69000,10,800,,
leo_madrl_N2000_K100_nominal_s5,70000,10,800,,
leo_madrl_N2000_K100_nominal_s5,71000,10,800,,
leo_madrl_N2000_K100_nominal_s5,72000,10,800,,
leo_madrl_N2000_K100_nominal_s5,73000,10,800,,
leo_madrl_N2000_K100_nominal_s5,74000,10,800,,
leo_madrl_N2000_K100_nominal_s5,75000,10,800,,
leo_madrl_N2000_K100_nominal_s5,76000,10,800,,
leo_madrl_N2000_K100_nominal_s5,77000,10,800,,
leo_madrl_N2000_K100_nominal_s5,78000,10,800,,
leo_madrl_N2000_K100_nominal_s5,79000,10,800,,
leo_madrl_N2000_K100_nominal_s5,80000,10,800,,
leo_madrl_N2000_K100_nominal_s5,81000,10,800,,
leo_madrl_N2000_K100_nominal_s5,82000,10,800,,
leo_madrl_N2000_K100_nominal_s5,83000,10,800,,
leo_madrl_N2000_K100_nominal_s5,84000,10,800,,
leo_madrl_N2000_K100_nominal_s5,85000,10,800,,
leo_madrl_N2000_K100_nominal_s5,86000,10,800,,
leo_madrl_N2000_K100_nominal_s5,87000,10,800,,
leo_madrl_N2000_K100_nominal_s5,88000,10,800,,
leo_madrl_N2000_K100_nominal_s5,89000,10,800,,
leo_madrl_N2000_K100_nominal_s5,90000,10,800,,
leo_madrl_N2000_K100_nominal_s5,91000,10,800,,
leo_madrl_N2000_K100_nominal_s5,92000,10,800,,
leo_madrl_N2000_K100_nominal_s5,93000,10,800,,
leo_madrl_N2000_K100_nominal_s5,94000,10,800,,
leo_madrl_N2000_K100_nominal_s5,95000,10,800,,
leo_madrl_N2000_K100_nominal_s5,96000,10,800,,
leo_madrl_N2000_K100_nominal_s5,97000,10,800,,
leo_madrl_N2000_K100_nominal_s5,98000,10,800,,
leo_madrl_N2000_K100_nominal_s5,99000,10,800,,
leo_madrl_N2000_K100_nominal_s5,100000,10,800,,
leo_madrl_N2000_K100_nominal_s5,101000,10,800,,
leo_madrl_N2000_K100_nominal_s5,102000,10,800,,
leo_madrl_N2000_K100_nominal_s5,103000,10,800,,
leo_madrl_N2000_K100_nominal_s5,104000,10,800,,
leo_madrl_N2000_K100_nominal_s5,105000,10,800,,
leo_madrl_N2000_K100_nominal_s5,106000,10,800,,
leo_madrl_N2000_K100_nominal_s5,107000,10,800,,
leo_madrl_N2000_K100_nominal_s5,108000,10,800,,
leo_madrl_N2000_K100_nominal_s5,109000,10,800,,
leo_madrl_N2000_K100_nominal_s5,110000,10,800,,
leo_madrl_N2000_K100_nominal_s5,111000,10,800,,
leo_madrl_N2000_K100_nominal_s5,112000,10,800,,
leo_madrl_N2000_K100_nominal_s5,113000,10,800,,
leo_madrl_N2000_K100_nominal_s5,114000,10,800,,
leo_madrl_N2000_K100_nominal_s5,115000,10,800,,
leo_madrl_N2000_K100_nominal_s5,116000,10,800,,
leo_madrl_N2000_K100_nominal_s5,117000,10,800,,
leo_madrl_N2000_K100_nominal_s5,118000,10,800,,
leo_madrl_N2000_K100_nominal_s5,119000,10,800,,
leo_madrl_N2000_K100_nominal_s5,120000,10,800,,
leo_madrl_N2000_K100_nominal_s5,121000,10,800,,
leo_madrl_N2000_K100_nominal_s5,122000,10,800,,
leo_madrl_N2000_K100_nominal_s5,123000,10,800,,
leo_madrl_N2000_K100_nominal_s5,124000,10,800,,
leo_madrl_N2000_K100_nominal_s5,125000,10,800,,
leo_madrl_N2000_K100_nominal_s5,126000,10,800,,
leo_madrl_N2000_K100_nominal_s5,127000,10,800,,
leo_madrl_N2000_K100_nominal_s5,128000,10,800,,
leo_madrl_N2000_K100_nominal_s5,129000,10,800,,
leo_madrl_N2000_K100_nominal_s5,130000,10,800,,
leo_madrl_N2000_K100_nominal_s5,131000,10,800,,
leo_madrl_N2000_K100_nominal_s5,132000,10,800,,
leo_madrl_N2000_K100_nominal_s5,133000,10,800,,
leo_madrl_N2000_K100_nominal_s5,134000,10,800,,
leo_madrl_N2000_K100_nominal_s5,135000,10,800,,
leo_madrl_N2000_K100_nominal_s5,136000,10,800,,
leo_madrl_N2000_K100_nominal_s5,137000,10,800,,
leo_madrl_N2000_K100_nominal_s5,138000,10,800,,
leo_madrl_N2000_K100_nominal_s5,139000,10,800,,
leo_madrl_N2000_K100_nominal_s5,140000,10,800,,
leo_madrl_N2000_K100_nominal_s5,141000,10,800,,
leo_madrl_N2000_K100_nominal_s5,142000,10,800,,
leo_madrl_N2000_K100_nominal_s5,143000,10,800,,
leo_madrl_N2000_K100_nominal_s5,144000,10,800,,
leo_madrl_N2000_K100_nominal_s5,145000,10,800,,
leo_madrl_N2000_K100_nominal_s5,146000,10,800,,
leo_madrl_N2000_K100_nominal_s5,147000,10,800,,
leo_madrl_N2000_K100_nominal_s5,148000,10,800,,
leo_madrl_N2000_K100_nominal_s5,149000,10,800,,
leo_madrl_N2000_K100_nominal_s5,150000,10,800,,
leo_madrl_N2000_K100_nominal_s5,151000,10,800,,
leo_madrl_N2000_K100_nominal_s5,152000,10,800,,
leo_madrl_N2000_K100_nominal_s5,153000,10,800,,
leo_madrl_N2000_K100_nominal_s5,154000,10,800,,
leo_madrl_N2000_K100_nominal_s5,155000,10,800,,
leo_madrl_N2000_K100_nominal_s5,156000,10,800,,
leo_madrl_N2000_K100_nominal_s5,157000,10,800,,
leo_madrl_N2000_K100_nominal_s5,158000,10,800,,
leo_madrl_N2000_K100_nominal_s5,159000,10,800,,
leo_madrl_N2000_K100_nominal_s5,160000,10,800,,
leo_madrl_N2000_K100_nominal_s5,161000,10,800,,
leo_madrl_N2000_K100_nominal_s5,162000,10,800,,
leo_madrl_N2000_K100_nominal_s5,163000,10,800,,
leo_madrl_N2000_K100_nominal_s5,164000,10,800,,
leo_madrl_N2000_K100_nominal_s5,165000,10,800,,
leo_madrl_N2000_K100_nominal_s5,166000,10,800,,
leo_madrl_N2000_K100_nominal_s5,167000,10,800,,
leo_madrl_N2000_K100_nominal_s5,168000,10,800,,
leo_madrl_N2000_K100_nominal_s5,169000,10,800,,
leo_madrl_N2000_K100_nominal_s5,170000,10,800,,
leo_madrl_N2000_K100_nominal_s5,171000,10,800,,
leo_madrl_N2000_K100_nominal_s5,172000,10,800,,
leo_madrl_N2000_K100_nominal_s5,173000,10,800,,
leo_madrl_N2000_K100_nominal_s5,174000,10,800,,
leo_madrl_N2000_K100_nominal_s5,175000,10,800,,
leo_madrl_N2000_K100_nominal_s5,176000,10,800,,
leo_madrl_N2000_K100_nominal_s5,177000,10,800,,
leo_madrl_N2000_K100_nominal_s5,178000,10,800,,
leo_madrl_N2000_K100_nominal_s5,179000,10,800,,
leo_madrl_N2000_K100_nominal_s5,180000,10,800,,
leo_madrl_N2000_K100_nominal_s5,181000,10,800,,
leo_madrl_N2000_K100_nominal_s5,182000,10,800,,
leo_madrl_N2000_K100_nominal_s5,183000,10,800,,
leo_madrl_N2000_K100_nominal_s5,184000,10,800,,
leo_madrl_N2000_K100_nominal_s5,185000,10,800,,
leo_madrl_N2000_K100_nominal_s5,186000,10,800,,
leo_madrl_N2000_K100_nominal_s5,187000,10,800,,
leo_madrl_N2000_K100_nominal_s5,188000,10,800,,
leo_madrl_N2000_K100_nominal_s5,189000,10,800,,
leo_madrl_N2000_K100_nominal_s5,190000,10,800,,
leo_madrl_N2000_K100_nominal_s5,191000,10,800,,
leo_madrl_N2000_K100_nominal_s5,192000,10,800,,
leo_madrl_N2000_K100_nominal_s5,193000,10,800,,
leo_madrl_N2000_K100_nominal_s5,194000,10,800,,
leo_madrl_N2000_K100_nominal_s5,195000,10,800,,
leo_madrl_N2000_K100_nominal_s5,196000,10,800,,
leo_madrl_N2000_K100_nominal_s5,197000,10,800,,
leo_madrl_N2000_K100_nominal_s5,198000,10,800,,
leo_madrl_N2000_K100_nominal_s5,199000,10,800,,
leo_madrl_N2000_K100_nominal_s5,200000,10,800,,
leo_madrl_N2000_K100_nominal_s5,201000,10,800,,
leo_madrl_N2000_K100_nominal_s5,202000,10,800,,
leo_madrl_N2000_K100_nominal_s5,203000,10,800,,
leo_madrl_N2000_K100_nominal_s5,204000,10,800,,
leo_madrl_N2000_K100_nominal_s5,205000,10,800,,
leo_madrl_N2000_K100_nominal_s5,206000,10,800,,
leo_madrl_N2000_K100_nominal_s5,207000,10,800,,
leo_madrl_N2000_K100_nominal_s5,208000,10,800,,
leo_madrl_N2000_K100_nominal_s5,209000,10,800,,
leo_madrl_N2000_K100_nominal_s5,210000,10,800,,
leo_madrl_N2000_K100_nominal_s5,211000,10,800,,
leo_madrl_N2000_K100_nominal_s5,212000,10,800,,
leo_madrl_N2000_K100_nominal_s5,213000,10,800,,
leo_madrl_N2000_K100_nominal_s5,214000,10,800,,
leo_madrl_N2000_K100_nominal_s5,215000,10,800,,
leo_madrl_N2000_K100_nominal_s5,216000,10,800,,
leo_madrl_N2000_K100_nominal_s5,217000,10,800,,
leo_madrl_N2000_K100_nominal_s5,218000,10,800,,
leo_madrl_N2000_K100_nominal_s5,219000,10,800,,
leo_madrl_N2000_K100_nominal_s5,220000,10,800,,
leo_madrl_N2000_K100_nominal_s5,221000,10,800,,
leo_madrl_N2000_K100_nominal_s5,222000,10,800,,
leo_madrl_N2000_K100_nominal_s5,223000,10,800,,
leo_madrl_N2000_K100_nominal_s5,224000,10,800,,
leo_madrl_N2000_K100_nominal_s5,225000,10,800,,
leo_madrl_N2000_K100_nominal_s5,226000,10,800,,
leo_madrl_N2000_K100_nominal_s5,227000,10,800,,
leo_madrl_N2000_K100_nominal_s5,228000,10,800,,
leo_madrl_N2000_K100_nominal_s5,229000,10,800,,
leo_madrl_N2000_K100_nominal_s5,230000,10,800,,
leo_madrl_N2000_K100_nominal_s5,231000,10,800,,
leo_madrl_N2000_K100_nominal_s5,232000,10,800,,
leo_madrl_N2000_K100_nominal_s5,233000,10,800,,
leo_madrl_N2000_K100_nominal_s5,234000,10,800,,
leo_madrl_N2000_K100_nominal_s5,235000,10,800,,
leo_madrl_N2000_K100_nominal_s5,236000,10,800,,
leo_madrl_N2000_K100_nominal_s5,237000,10,800,,
leo_madrl_N2000_K100_nominal_s5,238000,10,800,,
leo_madrl_N2000_K100_nominal_s5,239000,10,800,,
leo_madrl_N2000_K100_nominal_s5,240000,10,800,,
leo_madrl_N2000_K100_nominal_s5,241000,10,800,,
leo_madrl_N2000_K100_nominal_s5,242000,10,800,,
leo_madrl_N2000_K100_nominal_s5,243000,10,800,,
leo_madrl_N2000_K100_nominal_s5,244000,10,800,,
leo_madrl_N2000_K100_nominal_s5,245000,10,800,,
leo_madrl_N2000_K100_nominal_s5,246000,10,800,,
leo_madrl_N2000_K100_nominal_s5,247000,10,800,,
leo_madrl_N2000_K100_nominal_s5,248000,10,800,,
leo_madrl_N2000_K100_nominal_s5,249000,10,800,,
leo_madrl_N2000_K100_nominal_s5,250000,10,800,,
leo_madrl_N2000_K100_nominal_s5,251000,10,800,,
leo_madrl_N2000_K100_nominal_s5,252000,10,800,,
leo_madrl_N2000_K100_nominal_s5,253000,10,800,,
leo_madrl_N2000_K100_nominal_s5,254000,10,800,,
leo_madrl_N2000_K100_nominal_s5,255000,10,800,,
no_triplet_N500_K100_nominal_s1,1000,10,800,,
no_triplet_N500_K100_nominal_s1,2000,10,800,,
no_triplet_N500_K100_nominal_s1,3000,10,800,,
no_triplet_N500_K100_nominal_s1,4000,10,800,,
no_triplet_N500_K100_nominal_s1,5000,10,800,,
no_triplet_N500_K100_nominal_s1,6000,10,800,,
no_triplet_N500_K100_nominal_s1,7000,10,800,,
no_triplet_N500_K100_nominal_s1,8000,10,800,,
no_triplet_N500_K100_nominal_s1,9000,10,800,,
no_triplet_N500_K100_nominal_s1,10000,10,800,,
no_triplet_N500_K100_nominal_s1,11000,10,800,,
no_triplet_N500_K100_nominal_s1,12000,10,800,,
no_triplet_N500_K100_nominal_s1,13000,10,800,,
no_triplet_N500_K100_nominal_s1,14000,10,800,,
no_triplet_N500_K100_nominal_s1,15000,10,800,,
no_triplet_N500_K100_nominal_s1,16000,10,800,,
no_triplet_N500_K100_nominal_s1,17000,10,800,,
no_triplet_N500_K100_nominal_s1,18000,10,800,,
no_triplet_N500_K100_nominal_s1,19000,10,800,,
no_triplet_N500_K100_nominal_s1,20000,10,800,,
no_triplet_N500_K100_nominal_s2,1000,10,800,,
no_triplet_N500_K100_nominal_s2,2000,10,800,,
no_triplet_N500_K100_nominal_s2,3000,10,800,,
no_triplet_N500_K100_nominal_s2,4000,10,800,,
no_triplet_N500_K100_nominal_s2,5000,10,800,,
no_triplet_N500_K100_nominal_s2,6000,10,800,,
no_triplet_N500_K100_nominal_s2,7000,10,800,,
no_triplet_N500_K100_nominal_s2,8000,10,800,,
no_triplet_N500_K100_nominal_s2,9000,10,800,,
no_triplet_N500_K100_nominal_s2,10000,10,800,,
no_triplet_N500_K100_nominal_s2,11000,10,800,,
no_triplet_N500_K100_nominal_s2,12000,10,800,,
no_triplet_N500_K100_nominal_s2,13000,10,800,,
no_triplet_N500_K100_nominal_s2,14000,10,800,,
no_triplet_N500_K100_nominal_s2,15000,10,800,,
no_triplet_N500_K100_nominal_s2,16000,10,800,,
no_triplet_N500_K100_nominal_s2,17000,10,800,,
no_triplet_N500_K100_nominal_s2,18000,10,800,,
no_triplet_N500_K100_nominal_s2,19000,10,800,,
no_triplet_N500_K100_nominal_s2,20000,10,800,,
no_triplet_N500_K100_nominal_s3,1000,10,800,,
no_triplet_N500_K100_nominal_s3,2000,10,800,,
no_triplet_N500_K100_nominal_s3,3000,10,800,,
no_triplet_N500_K100_nominal_s3,4000,10,800,,
no_triplet_N500_K100_nominal_s3,5000,10,800,,
no_triplet_N500_K100_nominal_s3,6000,10,800,,
no_triplet_N500_K100_nominal_s3,7000,10,800,,
no_triplet_N500_K100_nominal_s3,8000,10,800,,
no_triplet_N500_K100_nominal_s3,9000,10,800,,
no_triplet_N500_K100_nominal_s3,10000,10,800,,
no_triplet_N500_K100_nominal_s3,11000,10,800,,
no_triplet_N500_K100_nominal_s3,12000,10,800,,
no_triplet_N500_K100_nominal_s3,13000,10,800,,
no_triplet_N500_K100_nominal_s3,14000,10,800,,
no_triplet_N500_K100_nominal_s3,15000,10,800,,
no_triplet_N500_K100_nominal_s3,16000,10,800,,
no_triplet_N500_K100_nominal_s3,17000,10,800,,
no_triplet_N500_K100_nominal_s3,18000,10,800,,
no_triplet_N500_K100_nominal_s3,19000,10,800,,
no_triplet_N500_K100_nominal_s3,20000,10,800,,
no_triplet_N500_K100_nominal_s4,1000,10,800,,
no_triplet_N500_K100_nominal_s4,2000,10,800,,
no_triplet_N500_K100_nominal_s4,3000,10,800,,
no_triplet_N500_K100_nominal_s4,4000,10,800,,
no_triplet_N500_K100_nominal_s4,5000,10,800,,
no_triplet_N500_K100_nominal_s4,6000,10,800,,
no_triplet_N500_K100_nominal_s4,7000,10,800,,
no_triplet_N500_K100_nominal_s4,8000,10,800,,
no_triplet_N500_K100_nominal_s4,9000,10,800,,
no_triplet_N500_K100_nominal_s4,10000,10,800,,
no_triplet_N500_K100_nominal_s4,11000,10,800,,
no_triplet_N500_K100_nominal_s4,12000,10,800,,
no_triplet_N500_K100_nominal_s4,13000,10,800,,
no_triplet_N500_K100_nominal_s4,14000,10,800,,
no_triplet_N500_K100_nominal_s4,15000,10,800,,
no_triplet_N500_K100_nominal_s4,16000,10,800,,
no_triplet_N500_K100_nominal_s4,17000,10,800,,
no_triplet_N500_K100_nominal_s4,18000,10,800,,
no_triplet_N500_K100_nominal_s4,19000,10,800,,
no_triplet_N500_K100_nominal_s4,20000,10,800,,
no_triplet_N500_K100_nominal_s5,1000,10,800,,
no_triplet_N500_K100_nominal_s5,2000,10,800,,
no_triplet_N500_K100_nominal_s5,3000,10,800,,
no_triplet_N500_K100_nominal_s5,4000,10,800,,
no_triplet_N500_K100_nominal_s5,5000,10,800,,
no_triplet_N500_K100_nominal_s5,6000,10,800,,
no_triplet_N500_K100_nominal_s5,7000,10,800,,
no_triplet_N500_K100_nominal_s5,8000,10,800,,
no_triplet_N500_K100_nominal_s5,9000,10,800,,
no_triplet_N500_K100_nominal_s5,10000,10,800,,
no_triplet_N500_K100_nominal_s5,11000,10,800,,
no_triplet_N500_K100_nominal_s5,12000,10,800,,
no_triplet_N500_K100_nominal_s5,13000,10,800,,
no_triplet_N500_K100_nominal_s5,14000,10,800,,
no_triplet_N500_K100_nominal_s5,15000,10,800,,
no_triplet_N500_K100_nominal_s5,16000,10,800,,
no_triplet_N500_K100_nominal_s5,17000,10,800,,
no_triplet_N500_K100_nominal_s5,18000,10,800,,
no_triplet_N500_K100_nominal_s5,19000,10,800,,
no_triplet_N500_K100_nominal_s5,20000,10,800,,
no_triplet_N1000_K100_nominal_s1,1000,10,800,,
no_triplet_N1000_K100_nominal_s1,2000,10,800,,
no_triplet_N1000_K100_nominal_s1,3000,10,800,,
no_triplet_N1000_K100_nominal_s1,4000,10,800,,
no_triplet_N1000_K100_nominal_s1,5000,10,800,,
no_triplet_N1000_K100_nominal_s1,6000,10,800,,
no_triplet_N1000_K100_nominal_s1,7000,10,800,,
no_triplet_N1000_K100_nominal_s1,8000,10,800,,
no_triplet_N1000_K100_nominal_s1,9000,10,800,,
no_triplet_N1000_K100_nominal_s1,10000,10,800,,
no_triplet_N1000_K100_nominal_s1,11000,10,800,,
no_triplet_N1000_K100_nominal_s1,12000,10,800,,
no_triplet_N1000_K100_nominal_s1,13000,10,800,,
no_triplet_N1000_K100_nominal_s1,14000,10,800,,
no_triplet_N1000_K100_nominal_s1,15000,10,800,,
no_triplet_N1000_K100_nominal_s1,16000,10,800,,
no_triplet_N1000_K100_nominal_s1,17000,10,800,,
no_triplet_N1000_K100_nominal_s1,18000,10,800,,
no_triplet_N1000_K100_nominal_s1,19000,10,800,,
no_triplet_N1000_K100_nominal_s1,20000,10,800,,
no_triplet_N1000_K100_nominal_s2,1000,10,800,,
no_triplet_N1000_K100_nominal_s2,2000,10,800,,
no_triplet_N1000_K100_nominal_s2,3000,10,800,,
no_triplet_N1000_K100_nominal_s2,4000,10,800,,
no_triplet_N1000_K100_nominal_s2,5000,10,800,,
no_triplet_N1000_K100_nominal_s2,6000,10,800,,
no_triplet_N1000_K100_nominal_s2,7000,10,800,,
no_triplet_N1000_K100_nominal_s2,8000,10,800,,
no_triplet_N1000_K100_nominal_s2,9000,10,800,,
no_triplet_N1000_K100_nominal_s2,10000,10,800,,
no_triplet_N1000_K100_nominal_s2,11000,10,800,,
no_triplet_N1000_K100_nominal_s2,12000,10,800,,
no_triplet_N1000_K100_nominal_s2,13000,10,800,,
no_triplet_N1000_K100_nominal_s2,14000,10,800,,
no_triplet_N1000_K100_nominal_s2,15000,10,800,,
no_triplet_N1000_K100_nominal_s2,16000,10,800,,
no_triplet_N1000_K100_nominal_s2,17000,10,800,,
no_triplet_N1000_K100_nominal_s2,18000,10,800,,
no_triplet_N1000_K100_nominal_s2,19000,10,800,,
no_triplet_N1000_K100_nominal_s2,20000,10,800,,
no_triplet_N1000_K100_nominal_s3,1000,10,800,,
no_triplet_N1000_K100_nominal_s3,2000,10,800,,
no_triplet_N1000_K100_nominal_s3,3000,10,800,,
no_triplet_N1000_K100_nominal_s3,4000,10,800,,
no_triplet_N1000_K100_nominal_s3,5000,10,800,,
no_triplet_N1000_K100_nominal_s3,6000,10,800,,
no_triplet_N1000_K100_nominal_s3,7000,10,800,,
no_triplet_N1000_K100_nominal_s3,8000,10,800,,
no_triplet_N1000_K100_nominal_s3,9000,10,800,,
no_triplet_N1000_K100_nominal_s3,10000,10,800,,
no_triplet_N1000_K100_nominal_s3,11000,10,800,,
no_triplet_N1000_K100_nominal_s3,12000,10,800,,
no_triplet_N1000_K100_nominal_s3,13000,10,800,,
no_triplet_N1000_K100_nominal_s3,14000,10,800,,
no_triplet_N1000_K100_nominal_s3,15000,10,800,,
no_triplet_N1000_K100_nominal_s3,16000,10,800,,
no_triplet_N1000_K100_nominal_s3,17000,10,800,,
no_triplet_N1000_K100_nominal_s3,18000,10,800,,
no_triplet_N1000_K100_nominal_s3,19000,10,800,,
no_triplet_N1000_K100_nominal_s3,20000,10,800,,
no_triplet_N1000_K100_nominal_s4,1000,10,800,,
no_triplet_N1000_K100_nominal_s4,2000,10,800,,
no_triplet_N1000_K100_nominal_s4,3000,10,800,,
no_triplet_N1000_K100_nominal_s4,4000,10,800,,
no_triplet_N1000_K100_nominal_s4,5000,10,800,,
no_triplet_N1000_K100_nominal_s4,6000,10,800,,
no_triplet_N1000_K100_nominal_s4,7000,10,800,,
no_triplet_N1000_K100_nominal_s4,8000,10,800,,
no_triplet_N1000_K100_nominal_s4,9000,10,800,,
no_triplet_N1000_K100_nominal_s4,10000,10,800,,
no_triplet_N1000_K100_nominal_s4,11000,10,800,,
no_triplet_N1000_K100_nominal_s4,12000,10,800,,
no_triplet_N1000_K100_nominal_s4,13000,10,800,,
no_triplet_N1000_K100_nominal_s4,14000,10,800,,
no_triplet_N1000_K100_nominal_s4,15000,10,800,,
no_triplet_N1000_K100_nominal_s4,16000,10,800,,
no_triplet_N1000_K100_nominal_s4,17000,10,800,,
no_triplet_N1000_K100_nominal_s4,18000,10,800,,
no_triplet_N1000_K100_nominal_s4,19000,10,800,,
no_triplet_N1000_K100_nominal_s4,20000,10,800,,
no_triplet_N1000_K100_nominal_s5,1000,10,800,,
no_triplet_N1000_K100_nominal_s5,2000,10,800,,
no_triplet_N1000_K100_nominal_s5,3000,10,800,,
no_triplet_N1000_K100_nominal_s5,4000,10,800,,
no_triplet_N1000_K100_nominal_s5,5000,10,800,,
no_triplet_N1000_K100_nominal_s5,6000,10,800,,
no_triplet_N1000_K100_nominal_s5,7000,10,800,,
no_triplet_N1000_K100_nominal_s5,8000,10,800,,
no_triplet_N1000_K100_nominal_s5,9000,10,800,,
no_triplet_N1000_K100_nominal_s5,10000,10,800,,
no_triplet_N1000_K100_nominal_s5,11000,10,800,,
no_triplet_N1000_K100_nominal_s5,12000,10,800,,
no_triplet_N1000_K100_nominal_s5,13000,10,800,,
no_triplet_N1000_K100_nominal_s5,14000,10,800,,
no_triplet_N1000_K100_nominal_s5,15000,10,800,,
no_triplet_N1000_K100_nominal_s5,16000,10,800,,
no_triplet_N1000_K100_nominal_s5,17000,10,800,,
no_triplet_N1000_K100_nominal_s5,18000,10,800,,
no_triplet_N1000_K100_nominal_s5,19000,10,800,,
no_triplet_N1000_K100_nominal_s5,20000,10,800,,
no_triplet_N2000_K100_nominal_s1,1000,10,800,,
no_triplet_N2000_K100_nominal_s1,2000,10,800,,
no_triplet_N2000_K100_nominal_s1,3000,10,800,,
no_triplet_N2000_K100_nominal_s1,4000,10,800,,
no_triplet_N2000_K100_nominal_s1,5000,10,800,,
no_triplet_N2000_K100_nominal_s1,6000,10,800,,
no_triplet_N2000_K100_nominal_s1,7000,10,800,,
no_triplet_N2000_K100_nominal_s1,8000,10,800,,
no_triplet_N2000_K100_nominal_s1,9000,10,800,,
no_triplet_N2000_K100_nominal_s1,10000,10,800,,
no_triplet_N2000_K100_nominal_s1,11000,10,800,,
no_triplet_N2000_K100_nominal_s1,12000,10,800,,
no_triplet_N2000_K100_nominal_s1,13000,10,800,,
no_triplet_N2000_K100_nominal_s1,14000,10,800,,
no_triplet_N2000_K100_nominal_s1,15000,10,800,,
no_triplet_N2000_K100_nominal_s1,16000,10,800,,
no_triplet_N2000_K100_nominal_s1,17000,10,800,,
no_triplet_N2000_K100_nominal_s1,18000,10,800,,
no_triplet_N2000_K100_nominal_s1,19000,10,800,,
no_triplet_N2000_K100_nominal_s1,20000,10,800,,
no_triplet_N2000_K100_nominal_s2,1000,10,800,,
no_triplet_N2000_K100_nominal_s2,2000,10,800,,
no_triplet_N2000_K100_nominal_s2,3000,10,800,,
no_triplet_N2000_K100_nominal_s2,4000,10,800,,
no_triplet_N2000_K100_nominal_s2,5000,10,800,,
no_triplet_N2000_K100_nominal_s2,6000,10,800,,
no_triplet_N2000_K100_nominal_s2,7000,10,800,,
no_triplet_N2000_K100_nominal_s2,8000,10,800,,
no_triplet_N2000_K100_nominal_s2,9000,10,800,,
no_triplet_N2000_K100_nominal_s2,10000,10,800,,
no_triplet_N2000_K100_nominal_s2,11000,10,800,,
no_triplet_N2000_K100_nominal_s2,12000,10,800,,
no_triplet_N2000_K100_nominal_s2,13000,10,800,,
no_triplet_N2000_K100_nominal_s2,14000,10,800,,
no_triplet_N2000_K100_nominal_s2,15000,10,800,,
no_triplet_N2000_K100_nominal_s2,16000,10,800,,
no_triplet_N2000_K100_nominal_s2,17000,10,800,,
no_triplet_N2000_K100_nominal_s2,18000,10,800,,
no_triplet_N2000_K100_nominal_s2,19000,10,800,,
no_triplet_N2000_K100_nominal_s2,20000,10,800,,
no_triplet_N2000_K100_nominal_s3,1000,10,800,,
no_triplet_N2000_K100_nominal_s3,2000,10,800,,
no_triplet_N2000_K100_nominal_s3,3000,10,800,,
no_triplet_N2000_K100_nominal_s3,4000,10,800,,
no_triplet_N2000_K100_nominal_s3,5000,10,800,,
no_triplet_N2000_K100_nominal_s3,6000,10,800,,
no_triplet_N2000_K100_nominal_s3,7000,10,800,,
no_triplet_N2000_K100_nominal_s3,8000,10,800,,
no_triplet_N2000_K100_nominal_s3,9000,10,800,,
no_triplet_N2000_K100_nominal_s3,10000,10,800,,
no_triplet_N2000_K100_nominal_s3,11000,10,800,,
no_triplet_N2000_K100_nominal_s3,12000,10,800,,
no_triplet_N2000_K100_nominal_s3,13000,10,800,,
no_triplet_N2000_K100_nominal_s3,14000,10,800,,
no_triplet_N2000_K100_nominal_s3,15000,10,800,,
no_triplet_N2000_K100_nominal_s3,16000,10,800,,
no_triplet_N2000_K100_nominal_s3,17000,10,800,,
no_triplet_N2000_K100_nominal_s3,18000,10,800,,
no_triplet_N2000_K100_nominal_s3,19000,10,800,,
no_triplet_N2000_K100_nominal_s3,20000,10,800,,
no_triplet_N2000_K100_nominal_s4,1000,10,800,,
no_triplet_N2000_K100_nominal_s4,2000,10,800,,
no_triplet_N2000_K100_nominal_s4,3000,10,800,,
no_triplet_N2000_K100_nominal_s4,4000,10,800,,
no_triplet_N2000_K100_nominal_s4,5000,10,800,,
no_triplet_N2000_K100_nominal_s4,6000,10,800,,
no_triplet_N2000_K100_nominal_s4,7000,10,800,,
no_triplet_N2000_K100_nominal_s4,8000,10,800,,
no_triplet_N2000_K100_nominal_s4,9000,10,800,,
no_triplet_N2000_K100_nominal_s4,10000,10,800,,
no_triplet_N2000_K100_nominal_s4,11000,10,800,,
no_triplet_N2000_K100_nominal_s4,12000,10,800,,
no_triplet_N2000_K100_nominal_s4,13000,10,800,,
no_triplet_N2000_K100_nominal_s4,14000,10,800,,
no_triplet_N2000_K100_nominal_s4,15000,10,800,,
no_triplet_N2000_K100_nominal_s4,16000,10,800,,
no_triplet_N2000_K100_nominal_s4,17000,10,800,,
no_triplet_N2000_K100_nominal_s4,18000,10,800,,
no_triplet_N2000_K100_nominal_s4,19000,10,800,,
no_triplet_N2000_K100_nominal_s4,20000,10,800,,
no_triplet_N2000_K100_nominal_s5,1000,10,800,,
no_triplet_N2000_K100_nominal_s5,2000,10,800,,
no_triplet_N2000_K100_nominal_s5,3000,10,800,,
no_triplet_N2000_K100_nominal_s5,4000,10,800,,
no_triplet_N2000_K100_nominal_s5,5000,10,800,,
no_triplet_N2000_K100_nominal_s5,6000,10,800,,
no_triplet_N2000_K100_nominal_s5,7000,10,800,,
no_triplet_N2000_K100_nominal_s5,8000,10,800,,
no_triplet_N2000_K100_nominal_s5,9000,10,800,,
no_triplet_N2000_K100_nominal_s5,10000,10,800,,
no_triplet_N2000_K100_nominal_s5,11000,10,800,,
no_triplet_N2000_K100_nominal_s5,12000,10,800,,
no_triplet_N2000_K100_nominal_s5,13000,10,800,,
no_triplet_N2000_K100_nominal_s5,14000,10,800,,
no_triplet_N2000_K100_nominal_s5,15000,10,800,,
no_triplet_N2000_K100_nominal_s5,16000,10,800,,
no_triplet_N2000_K100_nominal_s5,17000,10,800,,
no_triplet_N2000_K100_nominal_s5,18000,10,800,,
no_triplet_N2000_K100_nominal_s5,19000,10,800,,
no_triplet_N2000_K100_nominal_s5,20000,10,800,,
mlp_coeff_N500_K100_nominal_s1,1000,10,800,,
mlp_coeff_N500_K100_nominal_s1,2000,10,800,,
mlp_coeff_N500_K100_nominal_s1,3000,10,800,,
mlp_coeff_N500_K100_nominal_s1,4000,10,800,,
mlp_coeff_N500_K100_nominal_s1,5000,10,800,,
mlp_coeff_N500_K100_nominal_s1,6000,10,800,,
mlp_coeff_N500_K100_nominal_s1,7000,10,800,,
mlp_coeff_N500_K100_nominal_s1,8000,10,800,,
mlp_coeff_N500_K100_nominal_s1,9000,10,800,,
mlp_coeff_N500_K100_nominal_s1,10000,10,800,,
mlp_coeff_N500_K100_nominal_s1,11000,10,800,,
mlp_coeff_N500_K100_nominal_s1,12000,10,800,,
mlp_coeff_N500_K100_nominal_s1,13000,10,800,,
mlp_coeff_N500_K100_nominal_s1,14000,10,800,,
mlp_coeff_N500_K100_nominal_s1,15000,10,800,,
mlp_coeff_N500_K100_nominal_s1,16000,10,800,,
mlp_coeff_N500_K100_nominal_s1,17000,10,800,,
mlp_coeff_N500_K100_nominal_s1,18000,10,800,,
mlp_coeff_N500_K100_nominal_s1,19000,10,800,,
mlp_coeff_N500_K100_nominal_s1,20000,10,800,,
mlp_coeff_N500_K100_nominal_s2,1000,10,800,,
mlp_coeff_N500_K100_nominal_s2,2000,10,800,,
mlp_coeff_N500_K100_nominal_s2,3000,10,800,,
mlp_coeff_N500_K100_nominal_s2,4000,10,800,,
mlp_coeff_N500_K100_nominal_s2,5000,10,800,,
mlp_coeff_N500_K100_nominal_s2,6000,10,800,,
mlp_coeff_N500_K100_nominal_s2,7000,10,800,,
mlp_coeff_N500_K100_nominal_s2,8000,10,800,,
mlp_coeff_N500_K100_nominal_s2,9000,10,800,,
mlp_coeff_N500_K100_nominal_s2,10000,10,800,,
mlp_coeff_N500_K100_nominal_s2,11000,10,800,,
mlp_coeff_N500_K100_nominal_s2,12000,10,800,,
mlp_coeff_N500_K100_nominal_s2,13000,10,800,,
mlp_coeff_N500_K100_nominal_s2,14000,10,800,,
mlp_coeff_N500_K100_nominal_s2,15000,10,800,,
mlp_coeff_N500_K100_nominal_s2,16000,10,800,,
mlp_coeff_N500_K100_nominal_s2,17000,10,800,,
mlp_coeff_N500_K100_nominal_s2,18000,10,800,,
mlp_coeff_N500_K100_nominal_s2,19000,10,800,,
mlp_coeff_N500_K100_nominal_s2,20000,10,800,,
mlp_coeff_N500_K100_nominal_s3,1000,10,800,,
mlp_coeff_N500_K100_nominal_s3,2000,10,800,,
mlp_coeff_N500_K100_nominal_s3,3000,10,800,,
mlp_coeff_N500_K100_nominal_s3,4000,10,800,,
mlp_coeff_N500_K100_nominal_s3,5000,10,800,,
mlp_coeff_N500_K100_nominal_s3,6000,10,800,,
mlp_coeff_N500_K100_nominal_s3,7000,10,800,,
mlp_coeff_N500_K100_nominal_s3,8000,10,800,,
mlp_coeff_N500_K100_nominal_s3,9000,10,800,,
mlp_coeff_N500_K100_nominal_s3,10000,10,800,,
mlp_coeff_N500_K100_nominal_s3,11000,10,800,,
mlp_coeff_N500_K100_nominal_s3,12000,10,800,,
mlp_coeff_N500_K100_nominal_s3,13000,10,800,,
mlp_coeff_N500_K100_nominal_s3,14000,10,800,,
mlp_coeff_N500_K100_nominal_s3,15000,10,800,,
mlp_coeff_N500_K100_nominal_s3,16000,10,800,,
mlp_coeff_N500_K100_nominal_s3,17000,10,800,,
mlp_coeff_N500_K100_nominal_s3,18000,10,800,,
mlp_coeff_N500_K100_nominal_s3,19000,10,800,,
mlp_coeff_N500_K100_nominal_s3,20000,10,800,,
mlp_coeff_N500_K100_nominal_s4,1000,10,800,,
mlp_coeff_N500_K100_nominal_s4,2000,10,800,,
mlp_coeff_N500_K100_nominal_s4,3000,10,800,,
mlp_coeff_N500_K100_nominal_s4,4000,10,800,,
mlp_coeff_N500_K100_nominal_s4,5000,10,800,,
mlp_coeff_N500_K100_nominal_s4,6000,10,800,,
mlp_coeff_N500_K100_nominal_s4,7000,10,800,,
mlp_coeff_N500_K100_nominal_s4,8000,10,800,,
mlp_coeff_N500_K100_nominal_s4,9000,10,800,,
mlp_coeff_N500_K100_nominal_s4,10000,10,800,,
mlp_coeff_N500_K100_nominal_s4,11000,10,800,,
mlp_coeff_N500_K100_nominal_s4,12000,10,800,,
mlp_coeff_N500_K100_nominal_s4,13000,10,800,,
mlp_coeff_N500_K100_nominal_s4,14000,10,800,,
mlp_coeff_N500_K100_nominal_s4,15000,10,800,,
mlp_coeff_N500_K100_nominal_s4,16000,10,800,,
mlp_coeff_N500_K100_nominal_s4,17000,10,800,,
mlp_coeff_N500_K100_nominal_s4,18000,10,800,,
mlp_coeff_N500_K100_nominal_s4,19000,10,800,,
mlp_coeff_N500_K100_nominal_s4,20000,10,800,,
mlp_coeff_N500_K100_nominal_s5,1000,10,800,,
mlp_coeff_N500_K100_nominal_s5,2000,10,800,,
mlp_coeff_N500_K100_nominal_s5,3000,10,800,,
mlp_coeff_N500_K100_nominal_s5,4000,10,800,,
mlp_coeff_N500_K100_nominal_s5,5000,10,800,,
mlp_coeff_N500_K100_nominal_s5,6000,10,800,,
mlp_coeff_N500_K100_nominal_s5,7000,10,800,,
mlp_coeff_N500_K100_nominal_s5,8000,10,800,,
mlp_coeff_N500_K100_nominal_s5,9000,10,800,,
mlp_coeff_N500_K100_nominal_s5,10000,10,800,,
mlp_coeff_N500_K100_nominal_s5,11000,10,800,,
mlp_coeff_N500_K100_nominal_s5,12000,10,800,,
mlp_coeff_N500_K100_nominal_s5,13000,10,800,,
mlp_coeff_N500_K100_nominal_s5,14000,10,800,,
mlp_coeff_N500_K100_nominal_s5,15000,10,800,,
mlp_coeff_N500_K100_nominal_s5,16000,10,800,,
mlp_coeff_N500_K100_nominal_s5,17000,10,800,,
mlp_coeff_N500_K100_nominal_s5,18000,10,800,,
mlp_coeff_N500_K100_nominal_s5,19000,10,800,,
mlp_coeff_N500_K100_nominal_s5,20000,10,800,,
mlp_coeff_N1000_K100_nominal_s1,1000,10,800,,
mlp_coeff_N1000_K100_nominal_s1,2000,10,800,,
mlp_coeff_N1000_K100_nominal_s1,3000,10,800,,
mlp_coeff_N1000_K100_nominal_s1,4000,10,800,,
mlp_coeff_N1000_K100_nominal_s1,5000,10,800,,
mlp_coeff_N1000_K100_nominal_s1,6000,10,800,,
mlp_coeff_N1000_K100_nominal_s1,7000,10,800,,
mlp_coeff_N1000_K100_nominal_s1,8000,10,800,,
mlp_coeff_N1000_K100_nominal_s1,9000,10,800,,
mlp_coeff_N1000_K100_nominal_s1,10000,10,800,,
mlp_coeff_N1000_K100_nominal_s1,11000,10,800,,
mlp_coeff_N1000_K100_nominal_s1,12000,10,800,,
mlp_coeff_N1000_K100_nominal_s1,13000,10,800,,
mlp_coeff_N1000_K100_nominal_s1,14000,10,800,,
mlp_coeff_N1000_K100_nominal_s1,15000,10,800,,
mlp_coeff_N1000_K100_nominal_s1,16000,10,800,,
mlp_coeff_N1000_K100_nominal_s1,17000,10,800,,
mlp_coeff_N1000_K100_nominal_s1,18000,10,800,,
mlp_coeff_N1000_K100_nominal_s1,19000,10,800,,
mlp_coeff_N1000_K100_nominal_s1,20000,10,800,,
mlp_coeff_N1000_K100_nominal_s2,1000,10,800,,
mlp_coeff_N1000_K100_nominal_s2,2000,10,800,,
mlp_coeff_N1000_K100_nominal_s2,3000,10,800,,
mlp_coeff_N1000_K100_nominal_s2,4000,10,800,,
mlp_coeff_N1000_K100_nominal_s2,5000,10,800,,
mlp_coeff_N1000_K100_nominal_s2,6000,10,800,,
mlp_coeff_N1000_K100_nominal_s2,7000,10,800,,
mlp_coeff_N1000_K100_nominal_s2,8000,10,800,,
mlp_coeff_N1000_K100_nominal_s2,9000,10,800,,
mlp_coeff_N1000_K100_nominal_s2,10000,10,800,,
mlp_coeff_N1000_K100_nominal_s2,11000,10,800,,
mlp_coeff_N1000_K100_nominal_s2,12000,10,800,,
mlp_coeff_N1000_K100_nominal_s2,13000,10,800,,
mlp_coeff_N1000_K100_nominal_s2,14000,10,800,,
mlp_coeff_N1000_K100_nominal_s2,15000,10,800,,
mlp_coeff_N1000_K100_nominal_s2,16000,10,800,,
mlp_coeff_N1000_K100_nominal_s2,17000,10,800,,
mlp_coeff_N1000_K100_nominal_s2,18000,10,800,,
mlp_coeff_N1000_K100_nominal_s2,19000,10,800,,
mlp_coeff_N1000_K100_nominal_s2,20000,10,800,,
mlp_coeff_N1000_K100_nominal_s3,1000,10,800,,
mlp_coeff_N1000_K100_nominal_s3,2000,10,800,,
mlp_coeff_N1000_K100_nominal_s3,3000,10,800,,
mlp_coeff_N1000_K100_nominal_s3,4000,10,800,,
mlp_coeff_N1000_K100_nominal_s3,5000,10,800,,
mlp_coeff_N1000_K100_nominal_s3,6000,10,800,,
mlp_coeff_N1000_K100_nominal_s3,7000,10,800,,
mlp_coeff_N1000_K100_nominal_s3,8000,10,800,,
mlp_coeff_N1000_K100_nominal_s3,9000,10,800,,
mlp_coeff_N1000_K100_nominal_s3,10000,10,800,,
mlp_coeff_N1000_K100_nominal_s3,11000,10,800,,
mlp_coeff_N1000_K100_nominal_s3,12000,10,800,,
mlp_coeff_N1000_K100_nominal_s3,13000,10,800,,
mlp_coeff_N1000_K100_nominal_s3,14000,10,800,,
mlp_coeff_N1000_K100_nominal_s3,15000,10,800,,
mlp_coeff_N1000_K100_nominal_s3,16000,10,800,,
mlp_coeff_N1000_K100_nominal_s3,17000,10,800,,
mlp_coeff_N1000_K100_nominal_s3,18000,10,800,,
mlp_coeff_N1000_K100_nominal_s3,19000,10,800,,
mlp_coeff_N1000_K100_nominal_s3,20000,10,800,,
mlp_coeff_N1000_K100_nominal_s4,1000,10,800,,
mlp_coeff_N1000_K100_nominal_s4,2000,10,800,,
mlp_coeff_N1000_K100_nominal_s4,3000,10,800,,
mlp_coeff_N1000_K100_nominal_s4,4000,10,800,,
mlp_coeff_N1000_K100_nominal_s4,5000,10,800,,
mlp_coeff_N1000_K100_nominal_s4,6000,10,800,,
mlp_coeff_N1000_K100_nominal_s4,7000,10,800,,
mlp_coeff_N1000_K100_nominal_s4,8000,10,800,,
mlp_coeff_N1000_K100_nominal_s4,9000,10,800,,
mlp_coeff_N1000_K100_nominal_s4,10000,10,800,,
mlp_coeff_N1000_K100_nominal_s4,11000,10,800,,
mlp_coeff_N1000_K100_nominal_s4,12000,10,800,,
mlp_coeff_N1000_K100_nominal_s4,13000,10,800,,
mlp_coeff_N1000_K100_nominal_s4,14000,10,800,,
mlp_coeff_N1000_K100_nominal_s4,15000,10,800,,
mlp_coeff_N1000_K100_nominal_s4,16000,10,800,,
mlp_coeff_N1000_K100_nominal_s4,17000,10,800,,
mlp_coeff_N1000_K100_nominal_s4,18000,10,800,,
mlp_coeff_N1000_K100_nominal_s4,19000,10,800,,
mlp_coeff_N1000_K100_nominal_s4,20000,10,800,,
mlp_coeff_N1000_K100_nominal_s5,1000,10,800,,
mlp_coeff_N1000_K100_nominal_s5,2000,10,800,,
mlp_coeff_N1000_K100_nominal_s5,3000,10,800,,
mlp_coeff_N1000_K100_nominal_s5,4000,10,800,,
mlp_coeff_N1000_K100_nominal_s5,5000,10,800,,
mlp_coeff_N1000_K100_nominal_s5,6000,10,800,,
mlp_coeff_N1000_K100_nominal_s5,7000,10,800,,
mlp_coeff_N1000_K100_nominal_s5,8000,10,800,,
mlp_coeff_N1000_K100_nominal_s5,9000,10,800,,
mlp_coeff_N1000_K100_nominal_s5,10000,10,800,,
mlp_coeff_N1000_K100_nominal_s5,11000,10,800,,
mlp_coeff_N1000_K100_nominal_s5,12000,10,800,,
mlp_coeff_N1000_K100_nominal_s5,13000,10,800,,
mlp_coeff_N1000_K100_nominal_s5,14000,10,800,,
mlp_coeff_N1000_K100_nominal_s5,15000,10,800,,
mlp_coeff_N1000_K100_nominal_s5,16000,10,800,,
mlp_coeff_N1000_K100_nominal_s5,17000,10,800,,
mlp_coeff_N1000_K100_nominal_s5,18000,10,800,,
mlp_coeff_N1000_K100_nominal_s5,19000,10,800,,
mlp_coeff_N1000_K100_nominal_s5,20000,10,800,,
mlp_coeff_N2000_K100_nominal_s1,1000,10,800,,
mlp_coeff_N2000_K100_nominal_s1,2000,10,800,,
mlp_coeff_N2000_K100_nominal_s1,3000,10,800,,
mlp_coeff_N2000_K100_nominal_s1,4000,10,800,,
mlp_coeff_N2000_K100_nominal_s1,5000,10,800,,
mlp_coeff_N2000_K100_nominal_s1,6000,10,800,,
mlp_coeff_N2000_K100_nominal_s1,7000,10,800,,
mlp_coeff_N2000_K100_nominal_s1,8000,10,800,,
mlp_coeff_N2000_K100_nominal_s1,9000,10,800,,
mlp_coeff_N2000_K100_nominal_s1,10000,10,800,,
mlp_coeff_N2000_K100_nominal_s1,11000,10,800,,
mlp_coeff_N2000_K100_nominal_s1,12000,10,800,,
mlp_coeff_N2000_K100_nominal_s1,13000,10,800,,
mlp_coeff_N2000_K100_nominal_s1,14000,10,800,,
mlp_coeff_N2000_K100_nominal_s1,15000,10,800,,
mlp_coeff_N2000_K100_nominal_s1,16000,10,800,,
mlp_coeff_N2000_K100_nominal_s1,17000,10,800,,
mlp_coeff_N2000_K100_nominal_s1,18000,10,800,,
mlp_coeff_N2000_K100_nominal_s1,19000,10,800,,
mlp_coeff_N2000_K100_nominal_s1,20000,10,800,,
mlp_coeff_N2000_K100_nominal_s2,1000,10,800,,
mlp_coeff_N2000_K100_nominal_s2,2000,10,800,,
mlp_coeff_N2000_K100_nominal_s2,3000,10,800,,
mlp_coeff_N2000_K100_nominal_s2,4000,10,800,,
mlp_coeff_N2000_K100_nominal_s2,5000,10,800,,
mlp_coeff_N2000_K100_nominal_s2,6000,10,800,,
mlp_coeff_N2000_K100_nominal_s2,7000,10,800,,
mlp_coeff_N2000_K100_nominal_s2,8000,10,800,,
mlp_coeff_N2000_K100_nominal_s2,9000,10,800,,
mlp_coeff_N2000_K100_nominal_s2,10000,10,800,,
mlp_coeff_N2000_K100_nominal_s2,11000,10,800,,
mlp_coeff_N2000_K100_nominal_s2,12000,10,800,,
mlp_coeff_N2000_K100_nominal_s2,13000,10,800,,
mlp_coeff_N2000_K100_nominal_s2,14000,10,800,,
mlp_coeff_N2000_K100_nominal_s2,15000,10,800,,
mlp_coeff_N2000_K100_nominal_s2,16000,10,800,,
mlp_coeff_N2000_K100_nominal_s2,17000,10,800,,
mlp_coeff_N2000_K100_nominal_s2,18000,10,800,,
mlp_coeff_N2000_K100_nominal_s2,19000,10,800,,
mlp_coeff_N2000_K100_nominal_s2,20000,10,800,,
mlp_coeff_N2000_K100_nominal_s3,1000,10,800,,
mlp_coeff_N2000_K100_nominal_s3,2000,10,800,,
mlp_coeff_N2000_K100_nominal_s3,3000,10,800,,
mlp_coeff_N2000_K100_nominal_s3,4000,10,800,,
mlp_coeff_N2000_K100_nominal_s3,5000,10,800,,
mlp_coeff_N2000_K100_nominal_s3,6000,10,800,,
mlp_coeff_N2000_K100_nominal_s3,7000,10,800,,
mlp_coeff_N2000_K100_nominal_s3,8000,10,800,,
mlp_coeff_N2000_K100_nominal_s3,9000,10,800,,
mlp_coeff_N2000_K100_nominal_s3,10000,10,800,,
mlp_coeff_N2000_K100_nominal_s3,11000,10,800,,
mlp_coeff_N2000_K100_nominal_s3,12000,10,800,,
mlp_coeff_N2000_K100_nominal_s3,13000,10,800,,
mlp_coeff_N2000_K100_nominal_s3,14000,10,800,,
mlp_coeff_N2000_K100_nominal_s3,15000,10,800,,
mlp_coeff_N2000_K100_nominal_s3,16000,10,800,,
mlp_coeff_N2000_K100_nominal_s3,17000,10,800,,
mlp_coeff_N2000_K100_nominal_s3,18000,10,800,,
mlp_coeff_N2000_K100_nominal_s3,19000,10,800,,
mlp_coeff_N2000_K100_nominal_s3,20000,10,800,,
mlp_coeff_N2000_K100_nominal_s4,1000,10,800,,
mlp_coeff_N2000_K100_nominal_s4,2000,10,800,,
mlp_coeff_N2000_K100_nominal_s4,3000,10,800,,
mlp_coeff_N2000_K100_nominal_s4,4000,10,800,,
mlp_coeff_N2000_K100_nominal_s4,5000,10,800,,
mlp_coeff_N2000_K100_nominal_s4,6000,10,800,,
mlp_coeff_N2000_K100_nominal_s4,7000,10,800,,
mlp_coeff_N2000_K100_nominal_s4,8000,10,800,,
mlp_coeff_N2000_K100_nominal_s4,9000,10,800,,
mlp_coeff_N2000_K100_nominal_s4,10000,10,800,,
mlp_coeff_N2000_K100_nominal_s4,11000,10,800,,
mlp_coeff_N2000_K100_nominal_s4,12000,10,800,,
mlp_coeff_N2000_K100_nominal_s4,13000,10,800,,
mlp_coeff_N2000_K100_nominal_s4,14000,10,800,,
mlp_coeff_N2000_K100_nominal_s4,15000,10,800,,
mlp_coeff_N2000_K100_nominal_s4,16000,10,800,,
mlp_coeff_N2000_K100_nominal_s4,17000,10,800,,
mlp_coeff_N2000_K100_nominal_s4,18000,10,800,,
mlp_coeff_N2000_K100_nominal_s4,19000,10,800,,
mlp_coeff_N2000_K100_nominal_s4,20000,10,800,,
mlp_coeff_N2000_K100_nominal_s5,1000,10,800,,
mlp_coeff_N2000_K100_nominal_s5,2000,10,800,,
mlp_coeff_N2000_K100_nominal_s5,3000,10,800,,
mlp_coeff_N2000_K100_nominal_s5,4000,10,800,,
mlp_coeff_N2000_K100_nominal_s5,5000,10,800,,
mlp_coeff_N2000_K100_nominal_s5,6000,10,800,,
mlp_coeff_N2000_K100_nominal_s5,7000,10,800,,
mlp_coeff_N2000_K100_nominal_s5,8000,10,800,,
mlp_coeff_N2000_K100_nominal_s5,9000,10,800,,
mlp_coeff_N2000_K100_nominal_s5,10000,10,800,,
mlp_coeff_N2000_K100_nominal_s5,11000,10,800,,
mlp_coeff_N2000_K100_nominal_s5,12000,10,800,,
mlp_coeff_N2000_K100_nominal_s5,13000,10,800,,
mlp_coeff_N2000_K100_nominal_s5,14000,10,800,,
mlp_coeff_N2000_K100_nominal_s5,15000,10,800,,
mlp_coeff_N2000_K100_nominal_s5,16000,10,800,,
mlp_coeff_N2000_K100_nominal_s5,17000,10,800,,
mlp_coeff_N2000_K100_nominal_s5,18000,10,800,,
mlp_coeff_N2000_K100_nominal_s5,19000,10,800,,
mlp_coeff_N2000_K100_nominal_s5,20000,10,800,,
no_cox_rst_N2000_K100_nominal_s1,1000,10,800,,
no_cox_rst_N2000_K100_nominal_s1,2000,10,800,,
no_cox_rst_N2000_K100_nominal_s1,3000,10,800,,
no_cox_rst_N2000_K100_nominal_s1,4000,10,800,,
no_cox_rst_N2000_K100_nominal_s1,5000,10,800,,
no_cox_rst_N2000_K100_nominal_s1,6000,10,800,,
no_cox_rst_N2000_K100_nominal_s1,7000,10,800,,
no_cox_rst_N2000_K100_nominal_s1,8000,10,800,,
no_cox_rst_N2000_K100_nominal_s1,9000,10,800,,
no_cox_rst_N2000_K100_nominal_s1,10000,10,800,,
no_cox_rst_N2000_K100_nominal_s1,11000,10,800,,
no_cox_rst_N2000_K100_nominal_s1,12000,10,800,,
no_cox_rst_N2000_K100_nominal_s1,13000,10,800,,
no_cox_rst_N2000_K100_nominal_s1,14000,10,800,,
no_cox_rst_N2000_K100_nominal_s1,15000,10,800,,
no_cox_rst_N2000_K100_nominal_s1,16000,10,800,,
no_cox_rst_N2000_K100_nominal_s1,17000,10,800,,
no_cox_rst_N2000_K100_nominal_s1,18000,10,800,,
no_cox_rst_N2000_K100_nominal_s1,19000,10,800,,
no_cox_rst_N2000_K100_nominal_s1,20000,10,800,,
no_cox_rst_N2000_K100_nominal_s2,1000,10,800,,
no_cox_rst_N2000_K100_nominal_s2,2000,10,800,,
no_cox_rst_N2000_K100_nominal_s2,3000,10,800,,
no_cox_rst_N2000_K100_nominal_s2,4000,10,800,,
no_cox_rst_N2000_K100_nominal_s2,5000,10,800,,
no_cox_rst_N2000_K100_nominal_s2,6000,10,800,,
no_cox_rst_N2000_K100_nominal_s2,7000,10,800,,
no_cox_rst_N2000_K100_nominal_s2,8000,10,800,,
no_cox_rst_N2000_K100_nominal_s2,9000,10,800,,
no_cox_rst_N2000_K100_nominal_s2,10000,10,800,,
no_cox_rst_N2000_K100_nominal_s2,11000,10,800,,
no_cox_rst_N2000_K100_nominal_s2,12000,10,800,,
no_cox_rst_N2000_K100_nominal_s2,13000,10,800,,
no_cox_rst_N2000_K100_nominal_s2,14000,10,800,,
no_cox_rst_N2000_K100_nominal_s2,15000,10,800,,
no_cox_rst_N2000_K100_nominal_s2,16000,10,800,,
no_cox_rst_N2000_K100_nominal_s2,17000,10,800,,
no_cox_rst_N2000_K100_nominal_s2,18000,10,800,,
no_cox_rst_N2000_K100_nominal_s2,19000,10,800,,
no_cox_rst_N2000_K100_nominal_s2,20000,10,800,,
no_cox_rst_N2000_K100_nominal_s3,1000,10,800,,
no_cox_rst_N2000_K100_nominal_s3,2000,10,800,,
no_cox_rst_N2000_K100_nominal_s3,3000,10,800,,
no_cox_rst_N2000_K100_nominal_s3,4000,10,800,,
no_cox_rst_N2000_K100_nominal_s3,5000,10,800,,
no_cox_rst_N2000_K100_nominal_s3,6000,10,800,,
no_cox_rst_N2000_K100_nominal_s3,7000,10,800,,
no_cox_rst_N2000_K100_nominal_s3,8000,10,800,,
no_cox_rst_N2000_K100_nominal_s3,9000,10,800,,
no_cox_rst_N2000_K100_nominal_s3,10000,10,800,,
no_cox_rst_N2000_K100_nominal_s3,11000,10,800,,
no_cox_rst_N2000_K100_nominal_s3,12000,10,800,,
no_cox_rst_N2000_K100_nominal_s3,13000,10,800,,
no_cox_rst_N2000_K100_nominal_s3,14000,10,800,,
no_cox_rst_N2000_K100_nominal_s3,15000,10,800,,
no_cox_rst_N2000_K100_nominal_s3,16000,10,800,,
no_cox_rst_N2000_K100_nominal_s3,17000,10,800,,
no_cox_rst_N2000_K100_nominal_s3,18000,10,800,,
no_cox_rst_N2000_K100_nominal_s3,19000,10,800,,
no_cox_rst_N2000_K100_nominal_s3,20000,10,800,,
no_cox_rst_N2000_K100_nominal_s4,1000,10,800,,
no_cox_rst_N2000_K100_nominal_s4,2000,10,800,,
no_cox_rst_N2000_K100_nominal_s4,3000,10,800,,
no_cox_rst_N2000_K100_nominal_s4,4000,10,800,,
no_cox_rst_N2000_K100_nominal_s4,5000,10,800,,
no_cox_rst_N2000_K100_nominal_s4,6000,10,800,,
no_cox_rst_N2000_K100_nominal_s4,7000,10,800,,
no_cox_rst_N2000_K100_nominal_s4,8000,10,800,,
no_cox_rst_N2000_K100_nominal_s4,9000,10,800,,
no_cox_rst_N2000_K100_nominal_s4,10000,10,800,,
no_cox_rst_N2000_K100_nominal_s4,11000,10,800,,
no_cox_rst_N2000_K100_nominal_s4,12000,10,800,,
no_cox_rst_N2000_K100_nominal_s4,13000,10,800,,
no_cox_rst_N2000_K100_nominal_s4,14000,10,800,,
no_cox_rst_N2000_K100_nominal_s4,15000,10,800,,
no_cox_rst_N2000_K100_nominal_s4,16000,10,800,,
no_cox_rst_N2000_K100_nominal_s4,17000,10,800,,
no_cox_rst_N2000_K100_nominal_s4,18000,10,800,,
no_cox_rst_N2000_K100_nominal_s4,19000,10,800,,
no_cox_rst_N2000_K100_nominal_s4,20000,10,800,,
no_cox_rst_N2000_K100_nominal_s5,1000,10,800,,
no_cox_rst_N2000_K100_nominal_s5,2000,10,800,,
no_cox_rst_N2000_K100_nominal_s5,3000,10,800,,
no_cox_rst_N2000_K100_nominal_s5,4000,10,800,,
no_cox_rst_N2000_K100_nominal_s5,5000,10,800,,
no_cox_rst_N2000_K100_nominal_s5,6000,10,800,,
no_cox_rst_N2000_K100_nominal_s5,7000,10,800,,
no_cox_rst_N2000_K100_nominal_s5,8000,10,800,,
no_cox_rst_N2000_K100_nominal_s5,9000,10,800,,
no_cox_rst_N2000_K100_nominal_s5,10000,10,800,,
no_cox_rst_N2000_K100_nominal_s5,11000,10,800,,
no_cox_rst_N2000_K100_nominal_s5,12000,10,800,,
no_cox_rst_N2000_K100_nominal_s5,13000,10,800,,
no_cox_rst_N2000_K100_nominal_s5,14000,10,800,,
no_cox_rst_N2000_K100_nominal_s5,15000,10,800,,
no_cox_rst_N2000_K100_nominal_s5,16000,10,800,,
no_cox_rst_N2000_K100_nominal_s5,17000,10,800,,
no_cox_rst_N2000_K100_nominal_s5,18000,10,800,,
no_cox_rst_N2000_K100_nominal_s5,19000,10,800,,
no_cox_rst_N2000_K100_nominal_s5,20000,10,800,,
no_cox_rst_N500_K100_nominal_s1,1000,10,800,,
no_cox_rst_N500_K100_nominal_s1,2000,10,800,,
no_cox_rst_N500_K100_nominal_s1,3000,10,800,,
no_cox_rst_N500_K100_nominal_s1,4000,10,800,,
no_cox_rst_N500_K100_nominal_s1,5000,10,800,,
no_cox_rst_N500_K100_nominal_s1,6000,10,800,,
no_cox_rst_N500_K100_nominal_s1,7000,10,800,,
no_cox_rst_N500_K100_nominal_s1,8000,10,800,,
no_cox_rst_N500_K100_nominal_s1,9000,10,800,,
no_cox_rst_N500_K100_nominal_s1,10000,10,800,,
no_cox_rst_N500_K100_nominal_s1,11000,10,800,,
no_cox_rst_N500_K100_nominal_s1,12000,10,800,,
no_cox_rst_N500_K100_nominal_s1,13000,10,800,,
no_cox_rst_N500_K100_nominal_s1,14000,10,800,,
no_cox_rst_N500_K100_nominal_s1,15000,10,800,,
no_cox_rst_N500_K100_nominal_s1,16000,10,800,,
no_cox_rst_N500_K100_nominal_s1,17000,10,800,,
no_cox_rst_N500_K100_nominal_s1,18000,10,800,,
no_cox_rst_N500_K100_nominal_s1,19000,10,800,,
no_cox_rst_N500_K100_nominal_s1,20000,10,800,,
no_cox_rst_N500_K100_nominal_s2,1000,10,800,,
no_cox_rst_N500_K100_nominal_s2,2000,10,800,,
no_cox_rst_N500_K100_nominal_s2,3000,10,800,,
no_cox_rst_N500_K100_nominal_s2,4000,10,800,,
no_cox_rst_N500_K100_nominal_s2,5000,10,800,,
no_cox_rst_N500_K100_nominal_s2,6000,10,800,,
no_cox_rst_N500_K100_nominal_s2,7000,10,800,,
no_cox_rst_N500_K100_nominal_s2,8000,10,800,,
no_cox_rst_N500_K100_nominal_s2,9000,10,800,,
no_cox_rst_N500_K100_nominal_s2,10000,10,800,,
no_cox_rst_N500_K100_nominal_s2,11000,10,800,,
no_cox_rst_N500_K100_nominal_s2,12000,10,800,,
no_cox_rst_N500_K100_nominal_s2,13000,10,800,,
no_cox_rst_N500_K100_nominal_s2,14000,10,800,,
no_cox_rst_N500_K100_nominal_s2,15000,10,800,,
no_cox_rst_N500_K100_nominal_s2,16000,10,800,,
no_cox_rst_N500_K100_nominal_s2,17000,10,800,,
no_cox_rst_N500_K100_nominal_s2,18000,10,800,,
no_cox_rst_N500_K100_nominal_s2,19000,10,800,,
no_cox_rst_N500_K100_nominal_s2,20000,10,800,,
no_cox_rst_N500_K100_nominal_s3,1000,10,800,,
no_cox_rst_N500_K100_nominal_s3,2000,10,800,,
no_cox_rst_N500_K100_nominal_s3,3000,10,800,,
no_cox_rst_N500_K100_nominal_s3,4000,10,800,,
no_cox_rst_N500_K100_nominal_s3,5000,10,800,,
no_cox_rst_N500_K100_nominal_s3,6000,10,800,,
no_cox_rst_N500_K100_nominal_s3,7000,10,800,,
no_cox_rst_N500_K100_nominal_s3,8000,10,800,,
no_cox_rst_N500_K100_nominal_s3,9000,10,800,,
no_cox_rst_N500_K100_nominal_s3,10000,10,800,,
no_cox_rst_N500_K100_nominal_s3,11000,10,800,,
no_cox_rst_N500_K100_nominal_s3,12000,10,800,,
no_cox_rst_N500_K100_nominal_s3,13000,10,800,,
no_cox_rst_N500_K100_nominal_s3,14000,10,800,,
no_cox_rst_N500_K100_nominal_s3,15000,10,800,,
no_cox_rst_N500_K100_nominal_s3,16000,10,800,,
no_cox_rst_N500_K100_nominal_s3,17000,10,800,,
no_cox_rst_N500_K100_nominal_s3,18000,10,800,,
no_cox_rst_N500_K100_nominal_s3,19000,10,800,,
no_cox_rst_N500_K100_nominal_s3,20000,10,800,,
no_cox_rst_N500_K100_nominal_s4,1000,10,800,,
no_cox_rst_N500_K100_nominal_s4,2000,10,800,,
no_cox_rst_N500_K100_nominal_s4,3000,10,800,,
no_cox_rst_N500_K100_nominal_s4,4000,10,800,,
no_cox_rst_N500_K100_nominal_s4,5000,10,800,,
no_cox_rst_N500_K100_nominal_s4,6000,10,800,,
no_cox_rst_N500_K100_nominal_s4,7000,10,800,,
no_cox_rst_N500_K100_nominal_s4,8000,10,800,,
no_cox_rst_N500_K100_nominal_s4,9000,10,800,,
no_cox_rst_N500_K100_nominal_s4,10000,10,800,,
no_cox_rst_N500_K100_nominal_s4,11000,10,800,,
no_cox_rst_N500_K100_nominal_s4,12000,10,800,,
no_cox_rst_N500_K100_nominal_s4,13000,10,800,,
no_cox_rst_N500_K100_nominal_s4,14000,10,800,,
no_cox_rst_N500_K100_nominal_s4,15000,10,800,,
no_cox_rst_N500_K100_nominal_s4,16000,10,800,,
no_cox_rst_N500_K100_nominal_s4,17000,10,800,,
no_cox_rst_N500_K100_nominal_s4,18000,10,800,,
no_cox_rst_N500_K100_nominal_s4,19000,10,800,,
no_cox_rst_N500_K100_nominal_s4,20000,10,800,,
no_cox_rst_N500_K100_nominal_s5,1000,10,800,,
no_cox_rst_N500_K100_nominal_s5,2000,10,800,,
no_cox_rst_N500_K100_nominal_s5,3000,10,800,,
no_cox_rst_N500_K100_nominal_s5,4000,10,800,,
no_cox_rst_N500_K100_nominal_s5,5000,10,800,,
no_cox_rst_N500_K100_nominal_s5,6000,10,800,,
no_cox_rst_N500_K100_nominal_s5,7000,10,800,,
no_cox_rst_N500_K100_nominal_s5,8000,10,800,,
no_cox_rst_N500_K100_nominal_s5,9000,10,800,,
no_cox_rst_N500_K100_nominal_s5,10000,10,800,,
no_cox_rst_N500_K100_nominal_s5,11000,10,800,,
no_cox_rst_N500_K100_nominal_s5,12000,10,800,,
no_cox_rst_N500_K100_nominal_s5,13000,10,800,,
no_cox_rst_N500_K100_nominal_s5,14000,10,800,,
no_cox_rst_N500_K100_nominal_s5,15000,10,800,,
no_cox_rst_N500_K100_nominal_s5,16000,10,800,,
no_cox_rst_N500_K100_nominal_s5,17000,10,800,,
no_cox_rst_N500_K100_nominal_s5,18000,10,800,,
no_cox_rst_N500_K100_nominal_s5,19000,10,800,,
no_cox_rst_N500_K100_nominal_s5,20000,10,800,,
no_cox_rst_N1000_K100_nominal_s1,1000,10,800,,
no_cox_rst_N1000_K100_nominal_s1,2000,10,800,,
no_cox_rst_N1000_K100_nominal_s1,3000,10,800,,
no_cox_rst_N1000_K100_nominal_s1,4000,10,800,,
no_cox_rst_N1000_K100_nominal_s1,5000,10,800,,
no_cox_rst_N1000_K100_nominal_s1,6000,10,800,,
no_cox_rst_N1000_K100_nominal_s1,7000,10,800,,
no_cox_rst_N1000_K100_nominal_s1,8000,10,800,,
no_cox_rst_N1000_K100_nominal_s1,9000,10,800,,
no_cox_rst_N1000_K100_nominal_s1,10000,10,800,,
no_cox_rst_N1000_K100_nominal_s1,11000,10,800,,
no_cox_rst_N1000_K100_nominal_s1,12000,10,800,,
no_cox_rst_N1000_K100_nominal_s1,13000,10,800,,
no_cox_rst_N1000_K100_nominal_s1,14000,10,800,,
no_cox_rst_N1000_K100_nominal_s1,15000,10,800,,
no_cox_rst_N1000_K100_nominal_s1,16000,10,800,,
no_cox_rst_N1000_K100_nominal_s1,17000,10,800,,
no_cox_rst_N1000_K100_nominal_s1,18000,10,800,,
no_cox_rst_N1000_K100_nominal_s1,19000,10,800,,
no_cox_rst_N1000_K100_nominal_s1,20000,10,800,,
no_cox_rst_N1000_K100_nominal_s2,1000,10,800,,
no_cox_rst_N1000_K100_nominal_s2,2000,10,800,,
no_cox_rst_N1000_K100_nominal_s2,3000,10,800,,
no_cox_rst_N1000_K100_nominal_s2,4000,10,800,,
no_cox_rst_N1000_K100_nominal_s2,5000,10,800,,
no_cox_rst_N1000_K100_nominal_s2,6000,10,800,,
no_cox_rst_N1000_K100_nominal_s2,7000,10,800,,
no_cox_rst_N1000_K100_nominal_s2,8000,10,800,,
no_cox_rst_N1000_K100_nominal_s2,9000,10,800,,
no_cox_rst_N1000_K100_nominal_s2,10000,10,800,,
no_cox_rst_N1000_K100_nominal_s2,11000,10,800,,
no_cox_rst_N1000_K100_nominal_s2,12000,10,800,,
no_cox_rst_N1000_K100_nominal_s2,13000,10,800,,
no_cox_rst_N1000_K100_nominal_s2,14000,10,800,,
no_cox_rst_N1000_K100_nominal_s2,15000,10,800,,
no_cox_rst_N1000_K100_nominal_s2,16000,10,800,,
no_cox_rst_N1000_K100_nominal_s2,17000,10,800,,
no_cox_rst_N1000_K100_nominal_s2,18000,10,800,,
no_cox_rst_N1000_K100_nominal_s2,19000,10,800,,
no_cox_rst_N1000_K100_nominal_s2,20000,10,800,,
no_cox_rst_N1000_K100_nominal_s3,1000,10,800,,
no_cox_rst_N1000_K100_nominal_s3,2000,10,800,,
no_cox_rst_N1000_K100_nominal_s3,3000,10,800,,
no_cox_rst_N1000_K100_nominal_s3,4000,10,800,,
no_cox_rst_N1000_K100_nominal_s3,5000,10,800,,
no_cox_rst_N1000_K100_nominal_s3,6000,10,800,,
no_cox_rst_N1000_K100_nominal_s3,7000,10,800,,
no_cox_rst_N1000_K100_nominal_s3,8000,10,800,,
no_cox_rst_N1000_K100_nominal_s3,9000,10,800,,
no_cox_rst_N1000_K100_nominal_s3,10000,10,800,,
no_cox_rst_N1000_K100_nominal_s3,11000,10,800,,
no_cox_rst_N1000_K100_nominal_s3,12000,10,800,,
no_cox_rst_N1000_K100_nominal_s3,13000,10,800,,
no_cox_rst_N1000_K100_nominal_s3,14000,10,800,,
no_cox_rst_N1000_K100_nominal_s3,15000,10,800,,
no_cox_rst_N1000_K100_nominal_s3,16000,10,800,,
no_cox_rst_N1000_K100_nominal_s3,17000,10,800,,
no_cox_rst_N1000_K100_nominal_s3,18000,10,800,,
no_cox_rst_N1000_K100_nominal_s3,19000,10,800,,
no_cox_rst_N1000_K100_nominal_s3,20000,10,800,,
no_cox_rst_N1000_K100_nominal_s4,1000,10,800,,
no_cox_rst_N1000_K100_nominal_s4,2000,10,800,,
no_cox_rst_N1000_K100_nominal_s4,3000,10,800,,
no_cox_rst_N1000_K100_nominal_s4,4000,10,800,,
no_cox_rst_N1000_K100_nominal_s4,5000,10,800,,
no_cox_rst_N1000_K100_nominal_s4,6000,10,800,,
no_cox_rst_N1000_K100_nominal_s4,7000,10,800,,
no_cox_rst_N1000_K100_nominal_s4,8000,10,800,,
no_cox_rst_N1000_K100_nominal_s4,9000,10,800,,
no_cox_rst_N1000_K100_nominal_s4,10000,10,800,,
no_cox_rst_N1000_K100_nominal_s4,11000,10,800,,
no_cox_rst_N1000_K100_nominal_s4,12000,10,800,,
no_cox_rst_N1000_K100_nominal_s4,13000,10,800,,
no_cox_rst_N1000_K100_nominal_s4,14000,10,800,,
no_cox_rst_N1000_K100_nominal_s4,15000,10,800,,
no_cox_rst_N1000_K100_nominal_s4,16000,10,800,,
no_cox_rst_N1000_K100_nominal_s4,17000,10,800,,
no_cox_rst_N1000_K100_nominal_s4,18000,10,800,,
no_cox_rst_N1000_K100_nominal_s4,19000,10,800,,
no_cox_rst_N1000_K100_nominal_s4,20000,10,800,,
no_cox_rst_N1000_K100_nominal_s5,1000,10,800,,
no_cox_rst_N1000_K100_nominal_s5,2000,10,800,,
no_cox_rst_N1000_K100_nominal_s5,3000,10,800,,
no_cox_rst_N1000_K100_nominal_s5,4000,10,800,,
no_cox_rst_N1000_K100_nominal_s5,5000,10,800,,
no_cox_rst_N1000_K100_nominal_s5,6000,10,800,,
no_cox_rst_N1000_K100_nominal_s5,7000,10,800,,
no_cox_rst_N1000_K100_nominal_s5,8000,10,800,,
no_cox_rst_N1000_K100_nominal_s5,9000,10,800,,
no_cox_rst_N1000_K100_nominal_s5,10000,10,800,,
no_cox_rst_N1000_K100_nominal_s5,11000,10,800,,
no_cox_rst_N1000_K100_nominal_s5,12000,10,800,,
no_cox_rst_N1000_K100_nominal_s5,13000,10,800,,
no_cox_rst_N1000_K100_nominal_s5,14000,10,800,,
no_cox_rst_N1000_K100_nominal_s5,15000,10,800,,
no_cox_rst_N1000_K100_nominal_s5,16000,10,800,,
no_cox_rst_N1000_K100_nominal_s5,17000,10,800,,
no_cox_rst_N1000_K100_nominal_s5,18000,10,800,,
no_cox_rst_N1000_K100_nominal_s5,19000,10,800,,
no_cox_rst_N1000_K100_nominal_s5,20000,10,800,,
eph_physick_N2000_K100_nominal_s1,1000,10,800,,
eph_physick_N2000_K100_nominal_s1,2000,10,800,,
eph_physick_N2000_K100_nominal_s1,3000,10,800,,
eph_physick_N2000_K100_nominal_s1,4000,10,800,,
eph_physick_N2000_K100_nominal_s1,5000,10,800,,
eph_physick_N2000_K100_nominal_s1,6000,10,800,,
eph_physick_N2000_K100_nominal_s1,7000,10,800,,
eph_physick_N2000_K100_nominal_s1,8000,10,800,,
eph_physick_N2000_K100_nominal_s1,9000,10,800,,
eph_physick_N2000_K100_nominal_s1,10000,10,800,,
eph_physick_N2000_K100_nominal_s1,11000,10,800,,
eph_physick_N2000_K100_nominal_s1,12000,10,800,,
eph_physick_N2000_K100_nominal_s1,13000,10,800,,
eph_physick_N2000_K100_nominal_s1,14000,10,800,,
eph_physick_N2000_K100_nominal_s1,15000,10,800,,
eph_physick_N2000_K100_nominal_s1,16000,10,800,,
eph_physick_N2000_K100_nominal_s1,17000,10,800,,
eph_physick_N2000_K100_nominal_s1,18000,10,800,,
eph_physick_N2000_K100_nominal_s1,19000,10,800,,
eph_physick_N2000_K100_nominal_s1,20000,10,800,,
eph_physick_N2000_K100_nominal_s2,1000,10,800,,
eph_physick_N2000_K100_nominal_s2,2000,10,800,,
eph_physick_N2000_K100_nominal_s2,3000,10,800,,
eph_physick_N2000_K100_nominal_s2,4000,10,800,,
eph_physick_N2000_K100_nominal_s2,5000,10,800,,
eph_physick_N2000_K100_nominal_s2,6000,10,800,,
eph_physick_N2000_K100_nominal_s2,7000,10,800,,
eph_physick_N2000_K100_nominal_s2,8000,10,800,,
eph_physick_N2000_K100_nominal_s2,9000,10,800,,
eph_physick_N2000_K100_nominal_s2,10000,10,800,,
eph_physick_N2000_K100_nominal_s2,11000,10,800,,
eph_physick_N2000_K100_nominal_s2,12000,10,800,,
eph_physick_N2000_K100_nominal_s2,13000,10,800,,
eph_physick_N2000_K100_nominal_s2,14000,10,800,,
eph_physick_N2000_K100_nominal_s2,15000,10,800,,
eph_physick_N2000_K100_nominal_s2,16000,10,800,,
eph_physick_N2000_K100_nominal_s2,17000,10,800,,
eph_physick_N2000_K100_nominal_s2,18000,10,800,,
eph_physick_N2000_K100_nominal_s2,19000,10,800,,
eph_physick_N2000_K100_nominal_s2,20000,10,800,,
eph_physick_N2000_K100_nominal_s3,1000,10,800,,
eph_physick_N2000_K100_nominal_s3,2000,10,800,,
eph_physick_N2000_K100_nominal_s3,3000,10,800,,
eph_physick_N2000_K100_nominal_s3,4000,10,800,,
eph_physick_N2000_K100_nominal_s3,5000,10,800,,
eph_physick_N2000_K100_nominal_s3,6000,10,800,,
eph_physick_N2000_K100_nominal_s3,7000,10,800,,
eph_physick_N2000_K100_nominal_s3,8000,10,800,,
eph_physick_N2000_K100_nominal_s3,9000,10,800,,
eph_physick_N2000_K100_nominal_s3,10000,10,800,,
eph_physick_N2000_K100_nominal_s3,11000,10,800,,
eph_physick_N2000_K100_nominal_s3,12000,10,800,,
eph_physick_N2000_K100_nominal_s3,13000,10,800,,
eph_physick_N2000_K100_nominal_s3,14000,10,800,,
eph_physick_N2000_K100_nominal_s3,15000,10,800,,
eph_physick_N2000_K100_nominal_s3,16000,10,800,,
eph_physick_N2000_K100_nominal_s3,17000,10,800,,
eph_physick_N2000_K100_nominal_s3,18000,10,800,,
eph_physick_N2000_K100_nominal_s3,19000,10,800,,
eph_physick_N2000_K100_nominal_s3,20000,10,800,,
eph_physick_N2000_K100_nominal_s4,1000,10,800,,
eph_physick_N2000_K100_nominal_s4,2000,10,800,,
eph_physick_N2000_K100_nominal_s4,3000,10,800,,
eph_physick_N2000_K100_nominal_s4,4000,10,800,,
eph_physick_N2000_K100_nominal_s4,5000,10,800,,
eph_physick_N2000_K100_nominal_s4,6000,10,800,,
eph_physick_N2000_K100_nominal_s4,7000,10,800,,
eph_physick_N2000_K100_nominal_s4,8000,10,800,,
eph_physick_N2000_K100_nominal_s4,9000,10,800,,
eph_physick_N2000_K100_nominal_s4,10000,10,800,,
eph_physick_N2000_K100_nominal_s4,11000,10,800,,
eph_physick_N2000_K100_nominal_s4,12000,10,800,,
eph_physick_N2000_K100_nominal_s4,13000,10,800,,
eph_physick_N2000_K100_nominal_s4,14000,10,800,,
eph_physick_N2000_K100_nominal_s4,15000,10,800,,
eph_physick_N2000_K100_nominal_s4,16000,10,800,,
eph_physick_N2000_K100_nominal_s4,17000,10,800,,
eph_physick_N2000_K100_nominal_s4,18000,10,800,,
eph_physick_N2000_K100_nominal_s4,19000,10,800,,
eph_physick_N2000_K100_nominal_s4,20000,10,800,,
eph_physick_N2000_K100_nominal_s5,1000,10,800,,
eph_physick_N2000_K100_nominal_s5,2000,10,800,,
eph_physick_N2000_K100_nominal_s5,3000,10,800,,
eph_physick_N2000_K100_nominal_s5,4000,10,800,,
eph_physick_N2000_K100_nominal_s5,5000,10,800,,
eph_physick_N2000_K100_nominal_s5,6000,10,800,,
eph_physick_N2000_K100_nominal_s5,7000,10,800,,
eph_physick_N2000_K100_nominal_s5,8000,10,800,,
eph_physick_N2000_K100_nominal_s5,9000,10,800,,
eph_physick_N2000_K100_nominal_s5,10000,10,800,,
eph_physick_N2000_K100_nominal_s5,11000,10,800,,
eph_physick_N2000_K100_nominal_s5,12000,10,800,,
eph_physick_N2000_K100_nominal_s5,13000,10,800,,
eph_physick_N2000_K100_nominal_s5,14000,10,800,,
eph_physick_N2000_K100_nominal_s5,15000,10,800,,
eph_physick_N2000_K100_nominal_s5,16000,10,800,,
eph_physick_N2000_K100_nominal_s5,17000,10,800,,
eph_physick_N2000_K100_nominal_s5,18000,10,800,,
eph_physick_N2000_K100_nominal_s5,19000,10,800,,
eph_physick_N2000_K100_nominal_s5,20000,10,800,,
eph_physick_N500_K100_nominal_s1,1000,10,800,,
eph_physick_N500_K100_nominal_s1,2000,10,800,,
eph_physick_N500_K100_nominal_s1,3000,10,800,,
eph_physick_N500_K100_nominal_s1,4000,10,800,,
eph_physick_N500_K100_nominal_s1,5000,10,800,,
eph_physick_N500_K100_nominal_s1,6000,10,800,,
eph_physick_N500_K100_nominal_s1,7000,10,800,,
eph_physick_N500_K100_nominal_s1,8000,10,800,,
eph_physick_N500_K100_nominal_s1,9000,10,800,,
eph_physick_N500_K100_nominal_s1,10000,10,800,,
eph_physick_N500_K100_nominal_s1,11000,10,800,,
eph_physick_N500_K100_nominal_s1,12000,10,800,,
eph_physick_N500_K100_nominal_s1,13000,10,800,,
eph_physick_N500_K100_nominal_s1,14000,10,800,,
eph_physick_N500_K100_nominal_s1,15000,10,800,,
eph_physick_N500_K100_nominal_s1,16000,10,800,,
eph_physick_N500_K100_nominal_s1,17000,10,800,,
eph_physick_N500_K100_nominal_s1,18000,10,800,,
eph_physick_N500_K100_nominal_s1,19000,10,800,,
eph_physick_N500_K100_nominal_s1,20000,10,800,,
eph_physick_N500_K100_nominal_s2,1000,10,800,,
eph_physick_N500_K100_nominal_s2,2000,10,800,,
eph_physick_N500_K100_nominal_s2,3000,10,800,,
eph_physick_N500_K100_nominal_s2,4000,10,800,,
eph_physick_N500_K100_nominal_s2,5000,10,800,,
eph_physick_N500_K100_nominal_s2,6000,10,800,,
eph_physick_N500_K100_nominal_s2,7000,10,800,,
eph_physick_N500_K100_nominal_s2,8000,10,800,,
eph_physick_N500_K100_nominal_s2,9000,10,800,,
eph_physick_N500_K100_nominal_s2,10000,10,800,,
eph_physick_N500_K100_nominal_s2,11000,10,800,,
eph_physick_N500_K100_nominal_s2,12000,10,800,,
eph_physick_N500_K100_nominal_s2,13000,10,800,,
eph_physick_N500_K100_nominal_s2,14000,10,800,,
eph_physick_N500_K100_nominal_s2,15000,10,800,,
eph_physick_N500_K100_nominal_s2,16000,10,800,,
eph_physick_N500_K100_nominal_s2,17000,10,800,,
eph_physick_N500_K100_nominal_s2,18000,10,800,,
eph_physick_N500_K100_nominal_s2,19000,10,800,,
eph_physick_N500_K100_nominal_s2,20000,10,800,,
eph_physick_N500_K100_nominal_s3,1000,10,800,,
eph_physick_N500_K100_nominal_s3,2000,10,800,,
eph_physick_N500_K100_nominal_s3,3000,10,800,,
eph_physick_N500_K100_nominal_s3,4000,10,800,,
eph_physick_N500_K100_nominal_s3,5000,10,800,,
eph_physick_N500_K100_nominal_s3,6000,10,800,,
eph_physick_N500_K100_nominal_s3,7000,10,800,,
eph_physick_N500_K100_nominal_s3,8000,10,800,,
eph_physick_N500_K100_nominal_s3,9000,10,800,,
eph_physick_N500_K100_nominal_s3,10000,10,800,,
eph_physick_N500_K100_nominal_s3,11000,10,800,,
eph_physick_N500_K100_nominal_s3,12000,10,800,,
eph_physick_N500_K100_nominal_s3,13000,10,800,,
eph_physick_N500_K100_nominal_s3,14000,10,800,,
eph_physick_N500_K100_nominal_s3,15000,10,800,,
eph_physick_N500_K100_nominal_s3,16000,10,800,,
eph_physick_N500_K100_nominal_s3,17000,10,800,,
eph_physick_N500_K100_nominal_s3,18000,10,800,,
eph_physick_N500_K100_nominal_s3,19000,10,800,,
eph_physick_N500_K100_nominal_s3,20000,10,800,,
eph_physick_N500_K100_nominal_s4,1000,10,800,,
eph_physick_N500_K100_nominal_s4,2000,10,800,,
eph_physick_N500_K100_nominal_s4,3000,10,800,,
eph_physick_N500_K100_nominal_s4,4000,10,800,,
eph_physick_N500_K100_nominal_s4,5000,10,800,,
eph_physick_N500_K100_nominal_s4,6000,10,800,,
eph_physick_N500_K100_nominal_s4,7000,10,800,,
eph_physick_N500_K100_nominal_s4,8000,10,800,,
eph_physick_N500_K100_nominal_s4,9000,10,800,,
eph_physick_N500_K100_nominal_s4,10000,10,800,,
eph_physick_N500_K100_nominal_s4,11000,10,800,,
eph_physick_N500_K100_nominal_s4,12000,10,800,,
eph_physick_N500_K100_nominal_s4,13000,10,800,,
eph_physick_N500_K100_nominal_s4,14000,10,800,,
eph_physick_N500_K100_nominal_s4,15000,10,800,,
eph_physick_N500_K100_nominal_s4,16000,10,800,,
eph_physick_N500_K100_nominal_s4,17000,10,800,,
eph_physick_N500_K100_nominal_s4,18000,10,800,,
eph_physick_N500_K100_nominal_s4,19000,10,800,,
eph_physick_N500_K100_nominal_s4,20000,10,800,,
eph_physick_N500_K100_nominal_s5,1000,10,800,,
eph_physick_N500_K100_nominal_s5,2000,10,800,,
eph_physick_N500_K100_nominal_s5,3000,10,800,,
eph_physick_N500_K100_nominal_s5,4000,10,800,,
eph_physick_N500_K100_nominal_s5,5000,10,800,,
eph_physick_N500_K100_nominal_s5,6000,10,800,,
eph_physick_N500_K100_nominal_s5,7000,10,800,,
eph_physick_N500_K100_nominal_s5,8000,10,800,,
eph_physick_N500_K100_nominal_s5,9000,10,800,,
eph_physick_N500_K100_nominal_s5,10000,10,800,,
eph_physick_N500_K100_nominal_s5,11000,10,800,,
eph_physick_N500_K100_nominal_s5,12000,10,800,,
eph_physick_N500_K100_nominal_s5,13000,10,800,,
eph_physick_N500_K100_nominal_s5,14000,10,800,,
eph_physick_N500_K100_nominal_s5,15000,10,800,,
eph_physick_N500_K100_nominal_s5,16000,10,800,,
eph_physick_N500_K100_nominal_s5,17000,10,800,,
eph_physick_N500_K100_nominal_s5,18000,10,800,,
eph_physick_N500_K100_nominal_s5,19000,10,800,,
eph_physick_N500_K100_nominal_s5,20000,10,800,,
eph_physick_N1000_K100_nominal_s1,1000,10,800,,
eph_physick_N1000_K100_nominal_s1,2000,10,800,,
eph_physick_N1000_K100_nominal_s1,3000,10,800,,
eph_physick_N1000_K100_nominal_s1,4000,10,800,,
eph_physick_N1000_K100_nominal_s1,5000,10,800,,
eph_physick_N1000_K100_nominal_s1,6000,10,800,,
eph_physick_N1000_K100_nominal_s1,7000,10,800,,
eph_physick_N1000_K100_nominal_s1,8000,10,800,,
eph_physick_N1000_K100_nominal_s1,9000,10,800,,
eph_physick_N1000_K100_nominal_s1,10000,10,800,,
eph_physick_N1000_K100_nominal_s1,11000,10,800,,
eph_physick_N1000_K100_nominal_s1,12000,10,800,,
eph_physick_N1000_K100_nominal_s1,13000,10,800,,
eph_physick_N1000_K100_nominal_s1,14000,10,800,,
eph_physick_N1000_K100_nominal_s1,15000,10,800,,
eph_physick_N1000_K100_nominal_s1,16000,10,800,,
eph_physick_N1000_K100_nominal_s1,17000,10,800,,
eph_physick_N1000_K100_nominal_s1,18000,10,800,,
eph_physick_N1000_K100_nominal_s1,19000,10,800,,
eph_physick_N1000_K100_nominal_s1,20000,10,800,,
eph_physick_N1000_K100_nominal_s2,1000,10,800,,
eph_physick_N1000_K100_nominal_s2,2000,10,800,,
eph_physick_N1000_K100_nominal_s2,3000,10,800,,
eph_physick_N1000_K100_nominal_s2,4000,10,800,,
eph_physick_N1000_K100_nominal_s2,5000,10,800,,
eph_physick_N1000_K100_nominal_s2,6000,10,800,,
eph_physick_N1000_K100_nominal_s2,7000,10,800,,
eph_physick_N1000_K100_nominal_s2,8000,10,800,,
eph_physick_N1000_K100_nominal_s2,9000,10,800,,
eph_physick_N1000_K100_nominal_s2,10000,10,800,,
eph_physick_N1000_K100_nominal_s2,11000,10,800,,
eph_physick_N1000_K100_nominal_s2,12000,10,800,,
eph_physick_N1000_K100_nominal_s2,13000,10,800,,
eph_physick_N1000_K100_nominal_s2,14000,10,800,,
eph_physick_N1000_K100_nominal_s2,15000,10,800,,
eph_physick_N1000_K100_nominal_s2,16000,10,800,,
eph_physick_N1000_K100_nominal_s2,17000,10,800,,
eph_physick_N1000_K100_nominal_s2,18000,10,800,,
eph_physick_N1000_K100_nominal_s2,19000,10,800,,
eph_physick_N1000_K100_nominal_s2,20000,10,800,,
eph_physick_N1000_K100_nominal_s3,1000,10,800,,
eph_physick_N1000_K100_nominal_s3,2000,10,800,,
eph_physick_N1000_K100_nominal_s3,3000,10,800,,
eph_physick_N1000_K100_nominal_s3,4000,10,800,,
eph_physick_N1000_K100_nominal_s3,5000,10,800,,
eph_physick_N1000_K100_nominal_s3,6000,10,800,,
eph_physick_N1000_K100_nominal_s3,7000,10,800,,
eph_physick_N1000_K100_nominal_s3,8000,10,800,,
eph_physick_N1000_K100_nominal_s3,9000,10,800,,
eph_physick_N1000_K100_nominal_s3,10000,10,800,,
eph_physick_N1000_K100_nominal_s3,11000,10,800,,
eph_physick_N1000_K100_nominal_s3,12000,10,800,,
eph_physick_N1000_K100_nominal_s3,13000,10,800,,
eph_physick_N1000_K100_nominal_s3,14000,10,800,,
eph_physick_N1000_K100_nominal_s3,15000,10,800,,
eph_physick_N1000_K100_nominal_s3,16000,10,800,,
eph_physick_N1000_K100_nominal_s3,17000,10,800,,
eph_physick_N1000_K100_nominal_s3,18000,10,800,,
eph_physick_N1000_K100_nominal_s3,19000,10,800,,
eph_physick_N1000_K100_nominal_s3,20000,10,800,,
eph_physick_N1000_K100_nominal_s4,1000,10,800,,
eph_physick_N1000_K100_nominal_s4,2000,10,800,,
eph_physick_N1000_K100_nominal_s4,3000,10,800,,
eph_physick_N1000_K100_nominal_s4,4000,10,800,,
eph_physick_N1000_K100_nominal_s4,5000,10,800,,
eph_physick_N1000_K100_nominal_s4,6000,10,800,,
eph_physick_N1000_K100_nominal_s4,7000,10,800,,
eph_physick_N1000_K100_nominal_s4,8000,10,800,,
eph_physick_N1000_K100_nominal_s4,9000,10,800,,
eph_physick_N1000_K100_nominal_s4,10000,10,800,,
eph_physick_N1000_K100_nominal_s4,11000,10,800,,
eph_physick_N1000_K100_nominal_s4,12000,10,800,,
eph_physick_N1000_K100_nominal_s4,13000,10,800,,
eph_physick_N1000_K100_nominal_s4,14000,10,800,,
eph_physick_N1000_K100_nominal_s4,15000,10,800,,
eph_physick_N1000_K100_nominal_s4,16000,10,800,,
eph_physick_N1000_K100_nominal_s4,17000,10,800,,
eph_physick_N1000_K100_nominal_s4,18000,10,800,,
eph_physick_N1000_K100_nominal_s4,19000,10,800,,
eph_physick_N1000_K100_nominal_s4,20000,10,800,,
eph_physick_N1000_K100_nominal_s5,1000,10,800,,
eph_physick_N1000_K100_nominal_s5,2000,10,800,,
eph_physick_N1000_K100_nominal_s5,3000,10,800,,
eph_physick_N1000_K100_nominal_s5,4000,10,800,,
eph_physick_N1000_K100_nominal_s5,5000,10,800,,
eph_physick_N1000_K100_nominal_s5,6000,10,800,,
eph_physick_N1000_K100_nominal_s5,7000,10,800,,
eph_physick_N1000_K100_nominal_s5,8000,10,800,,
eph_physick_N1000_K100_nominal_s5,9000,10,800,,
eph_physick_N1000_K100_nominal_s5,10000,10,800,,
eph_physick_N1000_K100_nominal_s5,11000,10,800,,
eph_physick_N1000_K100_nominal_s5,12000,10,800,,
eph_physick_N1000_K100_nominal_s5,13000,10,800,,
eph_physick_N1000_K100_nominal_s5,14000,10,800,,
eph_physick_N1000_K100_nominal_s5,15000,10,800,,
eph_physick_N1000_K100_nominal_s5,16000,10,800,,
eph_physick_N1000_K100_nominal_s5,17000,10,800,,
eph_physick_N1000_K100_nominal_s5,18000,10,800,,
eph_physick_N1000_K100_nominal_s5,19000,10,800,,
eph_physick_N1000_K100_nominal_s5,20000,10,800,,
full_N2000_K100_w_out_0p5_s1,1000,10,800,,
full_N2000_K100_w_out_0p5_s1,2000,10,800,,
full_N2000_K100_w_out_0p5_s1,3000,10,800,,
full_N2000_K100_w_out_0p5_s1,4000,10,800,,
full_N2000_K100_w_out_0p5_s1,5000,10,800,,
full_N2000_K100_w_out_0p5_s1,6000,10,800,,
full_N2000_K100_w_out_0p5_s1,7000,10,800,,
full_N2000_K100_w_out_0p5_s1,8000,10,800,,
full_N2000_K100_w_out_0p5_s1,9000,10,800,,
full_N2000_K100_w_out_0p5_s1,10000,10,800,,
full_N2000_K100_w_out_0p5_s1,11000,10,800,,
full_N2000_K100_w_out_0p5_s1,12000,10,800,,
full_N2000_K100_w_out_0p5_s1,13000,10,800,,
full_N2000_K100_w_out_0p5_s1,14000,10,800,,
full_N2000_K100_w_out_0p5_s1,15000,10,800,,
full_N2000_K100_w_out_0p5_s1,16000,10,800,,
full_N2000_K100_w_out_0p5_s1,17000,10,800,,
full_N2000_K100_w_out_0p5_s1,18000,10,800,,
full_N2000_K100_w_out_0p5_s1,19000,10,800,,
full_N2000_K100_w_out_0p5_s1,20000,10,800,,
full_N2000_K100_w_out_0p5_s2,1000,10,800,,
full_N2000_K100_w_out_0p5_s2,2000,10,800,,
full_N2000_K100_w_out_0p5_s2,3000,10,800,,
full_N2000_K100_w_out_0p5_s2,4000,10,800,,
full_N2000_K100_w_out_0p5_s2,5000,10,800,,
full_N2000_K100_w_out_0p5_s2,6000,10,800,,
full_N2000_K100_w_out_0p5_s2,7000,10,800,,
full_N2000_K100_w_out_0p5_s2,8000,10,800,,
full_N2000_K100_w_out_0p5_s2,9000,10,800,,
full_N2000_K100_w_out_0p5_s2,10000,10,800,,
full_N2000_K100_w_out_0p5_s2,11000,10,800,,
full_N2000_K100_w_out_0p5_s2,12000,10,800,,
full_N2000_K100_w_out_0p5_s2,13000,10,800,,
full_N2000_K100_w_out_0p5_s2,14000,10,800,,
full_N2000_K100_w_out_0p5_s2,15000,10,800,,
full_N2000_K100_w_out_0p5_s2,16000,10,800,,
full_N2000_K100_w_out_0p5_s2,17000,10,800,,
full_N2000_K100_w_out_0p5_s2,18000,10,800,,
full_N2000_K100_w_out_0p5_s2,19000,10,800,,
full_N2000_K100_w_out_0p5_s2,20000,10,800,,
full_N2000_K100_w_out_0p5_s3,1000,10,800,,
full_N2000_K100_w_out_0p5_s3,2000,10,800,,
full_N2000_K100_w_out_0p5_s3,3000,10,800,,
full_N2000_K100_w_out_0p5_s3,4000,10,800,,
full_N2000_K100_w_out_0p5_s3,5000,10,800,,
full_N2000_K100_w_out_0p5_s3,6000,10,800,,
full_N2000_K100_w_out_0p5_s3,7000,10,800,,
full_N2000_K100_w_out_0p5_s3,8000,10,800,,
full_N2000_K100_w_out_0p5_s3,9000,10,800,,
full_N2000_K100_w_out_0p5_s3,10000,10,800,,
full_N2000_K100_w_out_0p5_s3,11000,10,800,,
full_N2000_K100_w_out_0p5_s3,12000,10,800,,
full_N2000_K100_w_out_0p5_s3,13000,10,800,,
full_N2000_K100_w_out_0p5_s3,14000,10,800,,
full_N2000_K100_w_out_0p5_s3,15000,10,800,,
full_N2000_K100_w_out_0p5_s3,16000,10,800,,
full_N2000_K100_w_out_0p5_s3,17000,10,800,,
full_N2000_K100_w_out_0p5_s3,18000,10,800,,
full_N2000_K100_w_out_0p5_s3,19000,10,800,,
full_N2000_K100_w_out_0p5_s3,20000,10,800,,
full_N2000_K100_w_out_0p5_s4,1000,10,800,,
full_N2000_K100_w_out_0p5_s4,2000,10,800,,
full_N2000_K100_w_out_0p5_s4,3000,10,800,,
full_N2000_K100_w_out_0p5_s4,4000,10,800,,
full_N2000_K100_w_out_0p5_s4,5000,10,800,,
full_N2000_K100_w_out_0p5_s4,6000,10,800,,
full_N2000_K100_w_out_0p5_s4,7000,10,800,,
full_N2000_K100_w_out_0p5_s4,8000,10,800,,
full_N2000_K100_w_out_0p5_s4,9000,10,800,,
full_N2000_K100_w_out_0p5_s4,10000,10,800,,
full_N2000_K100_w_out_0p5_s4,11000,10,800,,
full_N2000_K100_w_out_0p5_s4,12000,10,800,,
full_N2000_K100_w_out_0p5_s4,13000,10,800,,
full_N2000_K100_w_out_0p5_s4,14000,10,800,,
full_N2000_K100_w_out_0p5_s4,15000,10,800,,
full_N2000_K100_w_out_0p5_s4,16000,10,800,,
full_N2000_K100_w_out_0p5_s4,17000,10,800,,
full_N2000_K100_w_out_0p5_s4,18000,10,800,,
full_N2000_K100_w_out_0p5_s4,19000,10,800,,
full_N2000_K100_w_out_0p5_s4,20000,10,800,,
full_N2000_K100_w_out_0p5_s5,1000,10,800,,
full_N2000_K100_w_out_0p5_s5,2000,10,800,,
full_N2000_K100_w_out_0p5_s5,3000,10,800,,
full_N2000_K100_w_out_0p5_s5,4000,10,800,,
full_N2000_K100_w_out_0p5_s5,5000,10,800,,
full_N2000_K100_w_out_0p5_s5,6000,10,800,,
full_N2000_K100_w_out_0p5_s5,7000,10,800,,
full_N2000_K100_w_out_0p5_s5,8000,10,800,,
full_N2000_K100_w_out_0p5_s5,9000,10,800,,
full_N2000_K100_w_out_0p5_s5,10000,10,800,,
full_N2000_K100_w_out_0p5_s5,11000,10,800,,
full_N2000_K100_w_out_0p5_s5,12000,10,800,,
full_N2000_K100_w_out_0p5_s5,13000,10,800,,
full_N2000_K100_w_out_0p5_s5,14000,10,800,,
full_N2000_K100_w_out_0p5_s5,15000,10,800,,
full_N2000_K100_w_out_0p5_s5,16000,10,800,,
full_N2000_K100_w_out_0p5_s5,17000,10,800,,
full_N2000_K100_w_out_0p5_s5,18000,10,800,,
full_N2000_K100_w_out_0p5_s5,19000,10,800,,
full_N2000_K100_w_out_0p5_s5,20000,10,800,,
full_N2000_K100_w_out_0p75_s1,1000,10,800,,
full_N2000_K100_w_out_0p75_s1,2000,10,800,,
full_N2000_K100_w_out_0p75_s1,3000,10,800,,
full_N2000_K100_w_out_0p75_s1,4000,10,800,,
full_N2000_K100_w_out_0p75_s1,5000,10,800,,
full_N2000_K100_w_out_0p75_s1,6000,10,800,,
full_N2000_K100_w_out_0p75_s1,7000,10,800,,
full_N2000_K100_w_out_0p75_s1,8000,10,800,,
full_N2000_K100_w_out_0p75_s1,9000,10,800,,
full_N2000_K100_w_out_0p75_s1,10000,10,800,,
full_N2000_K100_w_out_0p75_s1,11000,10,800,,
full_N2000_K100_w_out_0p75_s1,12000,10,800,,
full_N2000_K100_w_out_0p75_s1,13000,10,800,,
full_N2000_K100_w_out_0p75_s1,14000,10,800,,
full_N2000_K100_w_out_0p75_s1,15000,10,800,,
full_N2000_K100_w_out_0p75_s1,16000,10,800,,
full_N2000_K100_w_out_0p75_s1,17000,10,800,,
full_N2000_K100_w_out_0p75_s1,18000,10,800,,
full_N2000_K100_w_out_0p75_s1,19000,10,800,,
full_N2000_K100_w_out_0p75_s1,20000,10,800,,
full_N2000_K100_w_out_0p75_s2,1000,10,800,,
full_N2000_K100_w_out_0p75_s2,2000,10,800,,
full_N2000_K100_w_out_0p75_s2,3000,10,800,,
full_N2000_K100_w_out_0p75_s2,4000,10,800,,
full_N2000_K100_w_out_0p75_s2,5000,10,800,,
full_N2000_K100_w_out_0p75_s2,6000,10,800,,
full_N2000_K100_w_out_0p75_s2,7000,10,800,,
full_N2000_K100_w_out_0p75_s2,8000,10,800,,
full_N2000_K100_w_out_0p75_s2,9000,10,800,,
full_N2000_K100_w_out_0p75_s2,10000,10,800,,
full_N2000_K100_w_out_0p75_s2,11000,10,800,,
full_N2000_K100_w_out_0p75_s2,12000,10,800,,
full_N2000_K100_w_out_0p75_s2,13000,10,800,,
full_N2000_K100_w_out_0p75_s2,14000,10,800,,
full_N2000_K100_w_out_0p75_s2,15000,10,800,,
full_N2000_K100_w_out_0p75_s2,16000,10,800,,
full_N2000_K100_w_out_0p75_s2,17000,10,800,,
full_N2000_K100_w_out_0p75_s2,18000,10,800,,
full_N2000_K100_w_out_0p75_s2,19000,10,800,,
full_N2000_K100_w_out_0p75_s2,20000,10,800,,
full_N2000_K100_w_out_0p75_s3,1000,10,800,,
full_N2000_K100_w_out_0p75_s3,2000,10,800,,
full_N2000_K100_w_out_0p75_s3,3000,10,800,,
full_N2000_K100_w_out_0p75_s3,4000,10,800,,
full_N2000_K100_w_out_0p75_s3,5000,10,800,,
full_N2000_K100_w_out_0p75_s3,6000,10,800,,
full_N2000_K100_w_out_0p75_s3,7000,10,800,,
full_N2000_K100_w_out_0p75_s3,8000,10,800,,
full_N2000_K100_w_out_0p75_s3,9000,10,800,,
full_N2000_K100_w_out_0p75_s3,10000,10,800,,
full_N2000_K100_w_out_0p75_s3,11000,10,800,,
full_N2000_K100_w_out_0p75_s3,12000,10,800,,
full_N2000_K100_w_out_0p75_s3,13000,10,800,,
full_N2000_K100_w_out_0p75_s3,14000,10,800,,
full_N2000_K100_w_out_0p75_s3,15000,10,800,,
full_N2000_K100_w_out_0p75_s3,16000,10,800,,
full_N2000_K100_w_out_0p75_s3,17000,10,800,,
full_N2000_K100_w_out_0p75_s3,18000,10,800,,
full_N2000_K100_w_out_0p75_s3,19000,10,800,,
full_N2000_K100_w_out_0p75_s3,20000,10,800,,
full_N2000_K100_w_out_0p75_s4,1000,10,800,,
full_N2000_K100_w_out_0p75_s4,2000,10,800,,
full_N2000_K100_w_out_0p75_s4,3000,10,800,,
full_N2000_K100_w_out_0p75_s4,4000,10,800,,
full_N2000_K100_w_out_0p75_s4,5000,10,800,,
full_N2000_K100_w_out_0p75_s4,6000,10,800,,
full_N2000_K100_w_out_0p75_s4,7000,10,800,,
full_N2000_K100_w_out_0p75_s4,8000,10,800,,
full_N2000_K100_w_out_0p75_s4,9000,10,800,,
full_N2000_K100_w_out_0p75_s4,10000,10,800,,
full_N2000_K100_w_out_0p75_s4,11000,10,800,,
full_N2000_K100_w_out_0p75_s4,12000,10,800,,
full_N2000_K100_w_out_0p75_s4,13000,10,800,,
full_N2000_K100_w_out_0p75_s4,14000,10,800,,
full_N2000_K100_w_out_0p75_s4,15000,10,800,,
full_N2000_K100_w_out_0p75_s4,16000,10,800,,
full_N2000_K100_w_out_0p75_s4,17000,10,800,,
full_N2000_K100_w_out_0p75_s4,18000,10,800,,
full_N2000_K100_w_out_0p75_s4,19000,10,800,,
full_N2000_K100_w_out_0p75_s4,20000,10,800,,
full_N2000_K100_w_out_0p75_s5,1000,10,800,,
full_N2000_K100_w_out_0p75_s5,2000,10,800,,
full_N2000_K100_w_out_0p75_s5,3000,10,800,,
full_N2000_K100_w_out_0p75_s5,4000,10,800,,
full_N2000_K100_w_out_0p75_s5,5000,10,800,,
full_N2000_K100_w_out_0p75_s5,6000,10,800,,
full_N2000_K100_w_out_0p75_s5,7000,10,800,,
full_N2000_K100_w_out_0p75_s5,8000,10,800,,
full_N2000_K100_w_out_0p75_s5,9000,10,800,,
full_N2000_K100_w_out_0p75_s5,10000,10,800,,
full_N2000_K100_w_out_0p75_s5,11000,10,800,,
full_N2000_K100_w_out_0p75_s5,12000,10,800,,
full_N2000_K100_w_out_0p75_s5,13000,10,800,,
full_N2000_K100_w_out_0p75_s5,14000,10,800,,
full_N2000_K100_w_out_0p75_s5,15000,10,800,,
full_N2000_K100_w_out_0p75_s5,16000,10,800,,
full_N2000_K100_w_out_0p75_s5,17000,10,800,,
full_N2000_K100_w_out_0p75_s5,18000,10,800,,
full_N2000_K100_w_out_0p75_s5,19000,10,800,,
full_N2000_K100_w_out_0p75_s5,20000,10,800,,
full_N2000_K100_w_out_1p25_s1,1000,10,800,,
full_N2000_K100_w_out_1p25_s1,2000,10,800,,
full_N2000_K100_w_out_1p25_s1,3000,10,800,,
full_N2000_K100_w_out_1p25_s1,4000,10,800,,
full_N2000_K100_w_out_1p25_s1,5000,10,800,,
full_N2000_K100_w_out_1p25_s1,6000,10,800,,
full_N2000_K100_w_out_1p25_s1,7000,10,800,,
full_N2000_K100_w_out_1p25_s1,8000,10,800,,
full_N2000_K100_w_out_1p25_s1,9000,10,800,,
full_N2000_K100_w_out_1p25_s1,10000,10,800,,
full_N2000_K100_w_out_1p25_s1,11000,10,800,,
full_N2000_K100_w_out_1p25_s1,12000,10,800,,
full_N2000_K100_w_out_1p25_s1,13000,10,800,,
full_N2000_K100_w_out_1p25_s1,14000,10,800,,
full_N2000_K100_w_out_1p25_s1,15000,10,800,,
full_N2000_K100_w_out_1p25_s1,16000,10,800,,
full_N2000_K100_w_out_1p25_s1,17000,10,800,,
full_N2000_K100_w_out_1p25_s1,18000,10,800,,
full_N2000_K100_w_out_1p25_s1,19000,10,800,,
full_N2000_K100_w_out_1p25_s1,20000,10,800,,
full_N2000_K100_w_out_1p25_s2,1000,10,800,,
full_N2000_K100_w_out_1p25_s2,2000,10,800,,
full_N2000_K100_w_out_1p25_s2,3000,10,800,,
full_N2000_K100_w_out_1p25_s2,4000,10,800,,
full_N2000_K100_w_out_1p25_s2,5000,10,800,,
full_N2000_K100_w_out_1p25_s2,6000,10,800,,
full_N2000_K100_w_out_1p25_s2,7000,10,800,,
full_N2000_K100_w_out_1p25_s2,8000,10,800,,
full_N2000_K100_w_out_1p25_s2,9000,10,800,,
full_N2000_K100_w_out_1p25_s2,10000,10,800,,
full_N2000_K100_w_out_1p25_s2,11000,10,800,,
full_N2000_K100_w_out_1p25_s2,12000,10,800,,
full_N2000_K100_w_out_1p25_s2,13000,10,800,,
full_N2000_K100_w_out_1p25_s2,14000,10,800,,
full_N2000_K100_w_out_1p25_s2,15000,10,800,,
full_N2000_K100_w_out_1p25_s2,16000,10,800,,
full_N2000_K100_w_out_1p25_s2,17000,10,800,,
full_N2000_K100_w_out_1p25_s2,18000,10,800,,
full_N2000_K100_w_out_1p25_s2,19000,10,800,,
full_N2000_K100_w_out_1p25_s2,20000,10,800,,
full_N2000_K100_w_out_1p25_s3,1000,10,800,,
full_N2000_K100_w_out_1p25_s3,2000,10,800,,
full_N2000_K100_w_out_1p25_s3,3000,10,800,,
full_N2000_K100_w_out_1p25_s3,4000,10,800,,
full_N2000_K100_w_out_1p25_s3,5000,10,800,,
full_N2000_K100_w_out_1p25_s3,6000,10,800,,
full_N2000_K100_w_out_1p25_s3,7000,10,800,,
full_N2000_K100_w_out_1p25_s3,8000,10,800,,
full_N2000_K100_w_out_1p25_s3,9000,10,800,,
full_N2000_K100_w_out_1p25_s3,10000,10,800,,
full_N2000_K100_w_out_1p25_s3,11000,10,800,,
full_N2000_K100_w_out_1p25_s3,12000,10,800,,
full_N2000_K100_w_out_1p25_s3,13000,10,800,,
full_N2000_K100_w_out_1p25_s3,14000,10,800,,
full_N2000_K100_w_out_1p25_s3,15000,10,800,,
full_N2000_K100_w_out_1p25_s3,16000,10,800,,
full_N2000_K100_w_out_1p25_s3,17000,10,800,,
full_N2000_K100_w_out_1p25_s3,18000,10,800,,
full_N2000_K100_w_out_1p25_s3,19000,10,800,,
full_N2000_K100_w_out_1p25_s3,20000,10,800,,
full_N2000_K100_w_out_1p25_s4,1000,10,800,,
full_N2000_K100_w_out_1p25_s4,2000,10,800,,
full_N2000_K100_w_out_1p25_s4,3000,10,800,,
full_N2000_K100_w_out_1p25_s4,4000,10,800,,
full_N2000_K100_w_out_1p25_s4,5000,10,800,,
full_N2000_K100_w_out_1p25_s4,6000,10,800,,
full_N2000_K100_w_out_1p25_s4,7000,10,800,,
full_N2000_K100_w_out_1p25_s4,8000,10,800,,
full_N2000_K100_w_out_1p25_s4,9000,10,800,,
full_N2000_K100_w_out_1p25_s4,10000,10,800,,
full_N2000_K100_w_out_1p25_s4,11000,10,800,,
full_N2000_K100_w_out_1p25_s4,12000,10,800,,
full_N2000_K100_w_out_1p25_s4,13000,10,800,,
full_N2000_K100_w_out_1p25_s4,14000,10,800,,
full_N2000_K100_w_out_1p25_s4,15000,10,800,,
full_N2000_K100_w_out_1p25_s4,16000,10,800,,
full_N2000_K100_w_out_1p25_s4,17000,10,800,,
full_N2000_K100_w_out_1p25_s4,18000,10,800,,
full_N2000_K100_w_out_1p25_s4,19000,10,800,,
full_N2000_K100_w_out_1p25_s4,20000,10,800,,
full_N2000_K100_w_out_1p25_s5,1000,10,800,,
full_N2000_K100_w_out_1p25_s5,2000,10,800,,
full_N2000_K100_w_out_1p25_s5,3000,10,800,,
full_N2000_K100_w_out_1p25_s5,4000,10,800,,
full_N2000_K100_w_out_1p25_s5,5000,10,800,,
full_N2000_K100_w_out_1p25_s5,6000,10,800,,
full_N2000_K100_w_out_1p25_s5,7000,10,800,,
full_N2000_K100_w_out_1p25_s5,8000,10,800,,
full_N2000_K100_w_out_1p25_s5,9000,10,800,,
full_N2000_K100_w_out_1p25_s5,10000,10,800,,
full_N2000_K100_w_out_1p25_s5,11000,10,800,,
full_N2000_K100_w_out_1p25_s5,12000,10,800,,
full_N2000_K100_w_out_1p25_s5,13000,10,800,,
full_N2000_K100_w_out_1p25_s5,14000,10,800,,
full_N2000_K100_w_out_1p25_s5,15000,10,800,,
full_N2000_K100_w_out_1p25_s5,16000,10,800,,
full_N2000_K100_w_out_1p25_s5,17000,10,800,,
full_N2000_K100_w_out_1p25_s5,18000,10,800,,
full_N2000_K100_w_out_1p25_s5,19000,10,800,,
full_N2000_K100_w_out_1p25_s5,20000,10,800,,
full_N2000_K100_w_out_1p5_s1,1000,10,800,,
full_N2000_K100_w_out_1p5_s1,2000,10,800,,
full_N2000_K100_w_out_1p5_s1,3000,10,800,,
full_N2000_K100_w_out_1p5_s1,4000,10,800,,
full_N2000_K100_w_out_1p5_s1,5000,10,800,,
full_N2000_K100_w_out_1p5_s1,6000,10,800,,
full_N2000_K100_w_out_1p5_s1,7000,10,800,,
full_N2000_K100_w_out_1p5_s1,8000,10,800,,
full_N2000_K100_w_out_1p5_s1,9000,10,800,,
full_N2000_K100_w_out_1p5_s1,10000,10,800,,
full_N2000_K100_w_out_1p5_s1,11000,10,800,,
full_N2000_K100_w_out_1p5_s1,12000,10,800,,
full_N2000_K100_w_out_1p5_s1,13000,10,800,,
full_N2000_K100_w_out_1p5_s1,14000,10,800,,
full_N2000_K100_w_out_1p5_s1,15000,10,800,,
full_N2000_K100_w_out_1p5_s1,16000,10,800,,
full_N2000_K100_w_out_1p5_s1,17000,10,800,,
full_N2000_K100_w_out_1p5_s1,18000,10,800,,
full_N2000_K100_w_out_1p5_s1,19000,10,800,,
full_N2000_K100_w_out_1p5_s1,20000,10,800,,
full_N2000_K100_w_out_1p5_s2,1000,10,800,,
full_N2000_K100_w_out_1p5_s2,2000,10,800,,
full_N2000_K100_w_out_1p5_s2,3000,10,800,,
full_N2000_K100_w_out_1p5_s2,4000,10,800,,
full_N2000_K100_w_out_1p5_s2,5000,10,800,,
full_N2000_K100_w_out_1p5_s2,6000,10,800,,
full_N2000_K100_w_out_1p5_s2,7000,10,800,,
full_N2000_K100_w_out_1p5_s2,8000,10,800,,
full_N2000_K100_w_out_1p5_s2,9000,10,800,,
full_N2000_K100_w_out_1p5_s2,10000,10,800,,
full_N2000_K100_w_out_1p5_s2,11000,10,800,,
full_N2000_K100_w_out_1p5_s2,12000,10,800,,
full_N2000_K100_w_out_1p5_s2,13000,10,800,,
full_N2000_K100_w_out_1p5_s2,14000,10,800,,
full_N2000_K100_w_out_1p5_s2,15000,10,800,,
full_N2000_K100_w_out_1p5_s2,16000,10,800,,
full_N2000_K100_w_out_1p5_s2,17000,10,800,,
full_N2000_K100_w_out_1p5_s2,18000,10,800,,
full_N2000_K100_w_out_1p5_s2,19000,10,800,,
full_N2000_K100_w_out_1p5_s2,20000,10,800,,
full_N2000_K100_w_out_1p5_s3,1000,10,800,,
full_N2000_K100_w_out_1p5_s3,2000,10,800,,
full_N2000_K100_w_out_1p5_s3,3000,10,800,,
full_N2000_K100_w_out_1p5_s3,4000,10,800,,
full_N2000_K100_w_out_1p5_s3,5000,10,800,,
full_N2000_K100_w_out_1p5_s3,6000,10,800,,
full_N2000_K100_w_out_1p5_s3,7000,10,800,,
full_N2000_K100_w_out_1p5_s3,8000,10,800,,
full_N2000_K100_w_out_1p5_s3,9000,10,800,,
full_N2000_K100_w_out_1p5_s3,10000,10,800,,
full_N2000_K100_w_out_1p5_s3,11000,10,800,,
full_N2000_K100_w_out_1p5_s3,12000,10,800,,
full_N2000_K100_w_out_1p5_s3,13000,10,800,,
full_N2000_K100_w_out_1p5_s3,14000,10,800,,
full_N2000_K100_w_out_1p5_s3,15000,10,800,,
full_N2000_K100_w_out_1p5_s3,16000,10,800,,
full_N2000_K100_w_out_1p5_s3,17000,10,800,,
full_N2000_K100_w_out_1p5_s3,18000,10,800,,
full_N2000_K100_w_out_1p5_s3,19000,10,800,,
full_N2000_K100_w_out_1p5_s3,20000,10,800,,
full_N2000_K100_w_out_1p5_s4,1000,10,800,,
full_N2000_K100_w_out_1p5_s4,2000,10,800,,
full_N2000_K100_w_out_1p5_s4,3000,10,800,,
full_N2000_K100_w_out_1p5_s4,4000,10,800,,
full_N2000_K100_w_out_1p5_s4,5000,10,800,,
full_N2000_K100_w_out_1p5_s4,6000,10,800,,
full_N2000_K100_w_out_1p5_s4,7000,10,800,,
full_N2000_K100_w_out_1p5_s4,8000,10,800,,
full_N2000_K100_w_out_1p5_s4,9000,10,800,,
full_N2000_K100_w_out_1p5_s4,10000,10,800,,
full_N2000_K100_w_out_1p5_s4,11000,10,800,,
full_N2000_K100_w_out_1p5_s4,12000,10,800,,
full_N2000_K100_w_out_1p5_s4,13000,10,800,,
full_N2000_K100_w_out_1p5_s4,14000,10,800,,
full_N2000_K100_w_out_1p5_s4,15000,10,800,,
full_N2000_K100_w_out_1p5_s4,16000,10,800,,
full_N2000_K100_w_out_1p5_s4,17000,10,800,,
full_N2000_K100_w_out_1p5_s4,18000,10,800,,
full_N2000_K100_w_out_1p5_s4,19000,10,800,,
full_N2000_K100_w_out_1p5_s4,20000,10,800,,
full_N2000_K100_w_out_1p5_s5,1000,10,800,,
full_N2000_K100_w_out_1p5_s5,2000,10,800,,
full_N2000_K100_w_out_1p5_s5,3000,10,800,,
full_N2000_K100_w_out_1p5_s5,4000,10,800,,
full_N2000_K100_w_out_1p5_s5,5000,10,800,,
full_N2000_K100_w_out_1p5_s5,6000,10,800,,
full_N2000_K100_w_out_1p5_s5,7000,10,800,,
full_N2000_K100_w_out_1p5_s5,8000,10,800,,
full_N2000_K100_w_out_1p5_s5,9000,10,800,,
full_N2000_K100_w_out_1p5_s5,10000,10,800,,
full_N2000_K100_w_out_1p5_s5,11000,10,800,,
full_N2000_K100_w_out_1p5_s5,12000,10,800,,
full_N2000_K100_w_out_1p5_s5,13000,10,800,,
full_N2000_K100_w_out_1p5_s5,14000,10,800,,
full_N2000_K100_w_out_1p5_s5,15000,10,800,,
full_N2000_K100_w_out_1p5_s5,16000,10,800,,
full_N2000_K100_w_out_1p5_s5,17000,10,800,,
full_N2000_K100_w_out_1p5_s5,18000,10,800,,
full_N2000_K100_w_out_1p5_s5,19000,10,800,,
full_N2000_K100_w_out_1p5_s5,20000,10,800,,
full_N2000_K100_w_ho_0p5_s1,1000,10,800,,
full_N2000_K100_w_ho_0p5_s1,2000,10,800,,
full_N2000_K100_w_ho_0p5_s1,3000,10,800,,
full_N2000_K100_w_ho_0p5_s1,4000,10,800,,
full_N2000_K100_w_ho_0p5_s1,5000,10,800,,
full_N2000_K100_w_ho_0p5_s1,6000,10,800,,
full_N2000_K100_w_ho_0p5_s1,7000,10,800,,
full_N2000_K100_w_ho_0p5_s1,8000,10,800,,
full_N2000_K100_w_ho_0p5_s1,9000,10,800,,
full_N2000_K100_w_ho_0p5_s1,10000,10,800,,
full_N2000_K100_w_ho_0p5_s1,11000,10,800,,
full_N2000_K100_w_ho_0p5_s1,12000,10,800,,
full_N2000_K100_w_ho_0p5_s1,13000,10,800,,
full_N2000_K100_w_ho_0p5_s1,14000,10,800,,
full_N2000_K100_w_ho_0p5_s1,15000,10,800,,
full_N2000_K100_w_ho_0p5_s1,16000,10,800,,
full_N2000_K100_w_ho_0p5_s1,17000,10,800,,
full_N2000_K100_w_ho_0p5_s1,18000,10,800,,
full_N2000_K100_w_ho_0p5_s1,19000,10,800,,
full_N2000_K100_w_ho_0p5_s1,20000,10,800,,
full_N2000_K100_w_ho_0p5_s2,1000,10,800,,
full_N2000_K100_w_ho_0p5_s2,2000,10,800,,
full_N2000_K100_w_ho_0p5_s2,3000,10,800,,
full_N2000_K100_w_ho_0p5_s2,4000,10,800,,
full_N2000_K100_w_ho_0p5_s2,5000,10,800,,
full_N2000_K100_w_ho_0p5_s2,6000,10,800,,
full_N2000_K100_w_ho_0p5_s2,7000,10,800,,
full_N2000_K100_w_ho_0p5_s2,8000,10,800,,
full_N2000_K100_w_ho_0p5_s2,9000,10,800,,
full_N2000_K100_w_ho_0p5_s2,10000,10,800,,
full_N2000_K100_w_ho_0p5_s2,11000,10,800,,
full_N2000_K100_w_ho_0p5_s2,12000,10,800,,
full_N2000_K100_w_ho_0p5_s2,13000,10,800,,
full_N2000_K100_w_ho_0p5_s2,14000,10,800,,
full_N2000_K100_w_ho_0p5_s2,15000,10,800,,
full_N2000_K100_w_ho_0p5_s2,16000,10,800,,
full_N2000_K100_w_ho_0p5_s2,17000,10,800,,
full_N2000_K100_w_ho_0p5_s2,18000,10,800,,
full_N2000_K100_w_ho_0p5_s2,19000,10,800,,
full_N2000_K100_w_ho_0p5_s2,20000,10,800,,
full_N2000_K100_w_ho_0p5_s3,1000,10,800,,
full_N2000_K100_w_ho_0p5_s3,2000,10,800,,
full_N2000_K100_w_ho_0p5_s3,3000,10,800,,
full_N2000_K100_w_ho_0p5_s3,4000,10,800,,
full_N2000_K100_w_ho_0p5_s3,5000,10,800,,
full_N2000_K100_w_ho_0p5_s3,6000,10,800,,
full_N2000_K100_w_ho_0p5_s3,7000,10,800,,
full_N2000_K100_w_ho_0p5_s3,8000,10,800,,
full_N2000_K100_w_ho_0p5_s3,9000,10,800,,
full_N2000_K100_w_ho_0p5_s3,10000,10,800,,
full_N2000_K100_w_ho_0p5_s3,11000,10,800,,
full_N2000_K100_w_ho_0p5_s3,12000,10,800,,
full_N2000_K100_w_ho_0p5_s3,13000,10,800,,
full_N2000_K100_w_ho_0p5_s3,14000,10,800,,
full_N2000_K100_w_ho_0p5_s3,15000,10,800,,
full_N2000_K100_w_ho_0p5_s3,16000,10,800,,
full_N2000_K100_w_ho_0p5_s3,17000,10,800,,
full_N2000_K100_w_ho_0p5_s3,18000,10,800,,
full_N2000_K100_w_ho_0p5_s3,19000,10,800,,
full_N2000_K100_w_ho_0p5_s3,20000,10,800,,
full_N2000_K100_w_ho_0p5_s4,1000,10,800,,
full_N2000_K100_w_ho_0p5_s4,2000,10,800,,
full_N2000_K100_w_ho_0p5_s4,3000,10,800,,
full_N2000_K100_w_ho_0p5_s4,4000,10,800,,
full_N2000_K100_w_ho_0p5_s4,5000,10,800,,
full_N2000_K100_w_ho_0p5_s4,6000,10,800,,
full_N2000_K100_w_ho_0p5_s4,7000,10,800,,
full_N2000_K100_w_ho_0p5_s4,8000,10,800,,
full_N2000_K100_w_ho_0p5_s4,9000,10,800,,
full_N2000_K100_w_ho_0p5_s4,10000,10,800,,
full_N2000_K100_w_ho_0p5_s4,11000,10,800,,
full_N2000_K100_w_ho_0p5_s4,12000,10,800,,
full_N2000_K100_w_ho_0p5_s4,13000,10,800,,
full_N2000_K100_w_ho_0p5_s4,14000,10,800,,
full_N2000_K100_w_ho_0p5_s4,15000,10,800,,
full_N2000_K100_w_ho_0p5_s4,16000,10,800,,
full_N2000_K100_w_ho_0p5_s4,17000,10,800,,
full_N2000_K100_w_ho_0p5_s4,18000,10,800,,
full_N2000_K100_w_ho_0p5_s4,19000,10,800,,
full_N2000_K100_w_ho_0p5_s4,20000,10,800,,
full_N2000_K100_w_ho_0p5_s5,1000,10,800,,
full_N2000_K100_w_ho_0p5_s5,2000,10,800,,
full_N2000_K100_w_ho_0p5_s5,3000,10,800,,
full_N2000_K100_w_ho_0p5_s5,4000,10,800,,
full_N2000_K100_w_ho_0p5_s5,5000,10,800,,
full_N2000_K100_w_ho_0p5_s5,6000,10,800,,
full_N2000_K100_w_ho_0p5_s5,7000,10,800,,
full_N2000_K100_w_ho_0p5_s5,8000,10,800,,
full_N2000_K100_w_ho_0p5_s5,9000,10,800,,
full_N2000_K100_w_ho_0p5_s5,10000,10,800,,
full_N2000_K100_w_ho_0p5_s5,11000,10,800,,
full_N2000_K100_w_ho_0p5_s5,12000,10,800,,
full_N2000_K100_w_ho_0p5_s5,13000,10,800,,
full_N2000_K100_w_ho_0p5_s5,14000,10,800,,
full_N2000_K100_w_ho_0p5_s5,15000,10,800,,
full_N2000_K100_w_ho_0p5_s5,16000,10,800,,
full_N2000_K100_w_ho_0p5_s5,17000,10,800,,
full_N2000_K100_w_ho_0p5_s5,18000,10,800,,
full_N2000_K100_w_ho_0p5_s5,19000,10,800,,
full_N2000_K100_w_ho_0p5_s5,20000,10,800,,
full_N2000_K100_w_ho_0p75_s1,1000,10,800,,
full_N2000_K100_w_ho_0p75_s1,2000,10,800,,
full_N2000_K100_w_ho_0p75_s1,3000,10,800,,
full_N2000_K100_w_ho_0p75_s1,4000,10,800,,
full_N2000_K100_w_ho_0p75_s1,5000,10,800,,
full_N2000_K100_w_ho_0p75_s1,6000,10,800,,
full_N2000_K100_w_ho_0p75_s1,7000,10,800,,
full_N2000_K100_w_ho_0p75_s1,8000,10,800,,
full_N2000_K100_w_ho_0p75_s1,9000,10,800,,
full_N2000_K100_w_ho_0p75_s1,10000,10,800,,
full_N2000_K100_w_ho_0p75_s1,11000,10,800,,
full_N2000_K100_w_ho_0p75_s1,12000,10,800,,
full_N2000_K100_w_ho_0p75_s1,13000,10,800,,
full_N2000_K100_w_ho_0p75_s1,14000,10,800,,
full_N2000_K100_w_ho_0p75_s1,15000,10,800,,
full_N2000_K100_w_ho_0p75_s1,16000,10,800,,
full_N2000_K100_w_ho_0p75_s1,17000,10,800,,
full_N2000_K100_w_ho_0p75_s1,18000,10,800,,
full_N2000_K100_w_ho_0p75_s1,19000,10,800,,
full_N2000_K100_w_ho_0p75_s1,20000,10,800,,
full_N2000_K100_w_ho_0p75_s2,1000,10,800,,
full_N2000_K100_w_ho_0p75_s2,2000,10,800,,
full_N2000_K100_w_ho_0p75_s2,3000,10,800,,
full_N2000_K100_w_ho_0p75_s2,4000,10,800,,
full_N2000_K100_w_ho_0p75_s2,5000,10,800,,
full_N2000_K100_w_ho_0p75_s2,6000,10,800,,
full_N2000_K100_w_ho_0p75_s2,7000,10,800,,
full_N2000_K100_w_ho_0p75_s2,8000,10,800,,
full_N2000_K100_w_ho_0p75_s2,9000,10,800,,
full_N2000_K100_w_ho_0p75_s2,10000,10,800,,
full_N2000_K100_w_ho_0p75_s2,11000,10,800,,
full_N2000_K100_w_ho_0p75_s2,12000,10,800,,
full_N2000_K100_w_ho_0p75_s2,13000,10,800,,
full_N2000_K100_w_ho_0p75_s2,14000,10,800,,
full_N2000_K100_w_ho_0p75_s2,15000,10,800,,
full_N2000_K100_w_ho_0p75_s2,16000,10,800,,
full_N2000_K100_w_ho_0p75_s2,17000,10,800,,
full_N2000_K100_w_ho_0p75_s2,18000,10,800,,
full_N2000_K100_w_ho_0p75_s2,19000,10,800,,
full_N2000_K100_w_ho_0p75_s2,20000,10,800,,
full_N2000_K100_w_ho_0p75_s3,1000,10,800,,
full_N2000_K100_w_ho_0p75_s3,2000,10,800,,
full_N2000_K100_w_ho_0p75_s3,3000,10,800,,
full_N2000_K100_w_ho_0p75_s3,4000,10,800,,
full_N2000_K100_w_ho_0p75_s3,5000,10,800,,
full_N2000_K100_w_ho_0p75_s3,6000,10,800,,
full_N2000_K100_w_ho_0p75_s3,7000,10,800,,
full_N2000_K100_w_ho_0p75_s3,8000,10,800,,
full_N2000_K100_w_ho_0p75_s3,9000,10,800,,
full_N2000_K100_w_ho_0p75_s3,10000,10,800,,
full_N2000_K100_w_ho_0p75_s3,11000,10,800,,
full_N2000_K100_w_ho_0p75_s3,12000,10,800,,
full_N2000_K100_w_ho_0p75_s3,13000,10,800,,
full_N2000_K100_w_ho_0p75_s3,14000,10,800,,
full_N2000_K100_w_ho_0p75_s3,15000,10,800,,
full_N2000_K100_w_ho_0p75_s3,16000,10,800,,
full_N2000_K100_w_ho_0p75_s3,17000,10,800,,
full_N2000_K100_w_ho_0p75_s3,18000,10,800,,
full_N2000_K100_w_ho_0p75_s3,19000,10,800,,
full_N2000_K100_w_ho_0p75_s3,20000,10,800,,
full_N2000_K100_w_ho_0p75_s4,1000,10,800,,
full_N2000_K100_w_ho_0p75_s4,2000,10,800,,
full_N2000_K100_w_ho_0p75_s4,3000,10,800,,
full_N2000_K100_w_ho_0p75_s4,4000,10,800,,
full_N2000_K100_w_ho_0p75_s4,5000,10,800,,
full_N2000_K100_w_ho_0p75_s4,6000,10,800,,
full_N2000_K100_w_ho_0p75_s4,7000,10,800,,
full_N2000_K100_w_ho_0p75_s4,8000,10,800,,
full_N2000_K100_w_ho_0p75_s4,9000,10,800,,
full_N2000_K100_w_ho_0p75_s4,10000,10,800,,
full_N2000_K100_w_ho_0p75_s4,11000,10,800,,
full_N2000_K100_w_ho_0p75_s4,12000,10,800,,
full_N2000_K100_w_ho_0p75_s4,13000,10,800,,
full_N2000_K100_w_ho_0p75_s4,14000,10,800,,
full_N2000_K100_w_ho_0p75_s4,15000,10,800,,
full_N2000_K100_w_ho_0p75_s4,16000,10,800,,
full_N2000_K100_w_ho_0p75_s4,17000,10,800,,
full_N2000_K100_w_ho_0p75_s4,18000,10,800,,
full_N2000_K100_w_ho_0p75_s4,19000,10,800,,
full_N2000_K100_w_ho_0p75_s4,20000,10,800,,
full_N2000_K100_w_ho_0p75_s5,1000,10,800,,
full_N2000_K100_w_ho_0p75_s5,2000,10,800,,
full_N2000_K100_w_ho_0p75_s5,3000,10,800,,
full_N2000_K100_w_ho_0p75_s5,4000,10,800,,
full_N2000_K100_w_ho_0p75_s5,5000,10,800,,
full_N2000_K100_w_ho_0p75_s5,6000,10,800,,
full_N2000_K100_w_ho_0p75_s5,7000,10,800,,
full_N2000_K100_w_ho_0p75_s5,8000,10,800,,
full_N2000_K100_w_ho_0p75_s5,9000,10,800,,
full_N2000_K100_w_ho_0p75_s5,10000,10,800,,
full_N2000_K100_w_ho_0p75_s5,11000,10,800,,
full_N2000_K100_w_ho_0p75_s5,12000,10,800,,
full_N2000_K100_w_ho_0p75_s5,13000,10,800,,
full_N2000_K100_w_ho_0p75_s5,14000,10,800,,
full_N2000_K100_w_ho_0p75_s5,15000,10,800,,
full_N2000_K100_w_ho_0p75_s5,16000,10,800,,
full_N2000_K100_w_ho_0p75_s5,17000,10,800,,
full_N2000_K100_w_ho_0p75_s5,18000,10,800,,
full_N2000_K100_w_ho_0p75_s5,19000,10,800,,
full_N2000_K100_w_ho_0p75_s5,20000,10,800,,
full_N2000_K100_w_ho_1p25_s1,1000,10,800,,
full_N2000_K100_w_ho_1p25_s1,2000,10,800,,
full_N2000_K100_w_ho_1p25_s1,3000,10,800,,
full_N2000_K100_w_ho_1p25_s1,4000,10,800,,
full_N2000_K100_w_ho_1p25_s1,5000,10,800,,
full_N2000_K100_w_ho_1p25_s1,6000,10,800,,
full_N2000_K100_w_ho_1p25_s1,7000,10,800,,
full_N2000_K100_w_ho_1p25_s1,8000,10,800,,
full_N2000_K100_w_ho_1p25_s1,9000,10,800,,
full_N2000_K100_w_ho_1p25_s1,10000,10,800,,
full_N2000_K100_w_ho_1p25_s1,11000,10,800,,
full_N2000_K100_w_ho_1p25_s1,12000,10,800,,
full_N2000_K100_w_ho_1p25_s1,13000,10,800,,
full_N2000_K100_w_ho_1p25_s1,14000,10,800,,
full_N2000_K100_w_ho_1p25_s1,15000,10,800,,
full_N2000_K100_w_ho_1p25_s1,16000,10,800,,
full_N2000_K100_w_ho_1p25_s1,17000,10,800,,
full_N2000_K100_w_ho_1p25_s1,18000,10,800,,
full_N2000_K100_w_ho_1p25_s1,19000,10,800,,
full_N2000_K100_w_ho_1p25_s1,20000,10,800,,
full_N2000_K100_w_ho_1p25_s2,1000,10,800,,
full_N2000_K100_w_ho_1p25_s2,2000,10,800,,
full_N2000_K100_w_ho_1p25_s2,3000,10,800,,
full_N2000_K100_w_ho_1p25_s2,4000,10,800,,
full_N2000_K100_w_ho_1p25_s2,5000,10,800,,
full_N2000_K100_w_ho_1p25_s2,6000,10,800,,
full_N2000_K100_w_ho_1p25_s2,7000,10,800,,
full_N2000_K100_w_ho_1p25_s2,8000,10,800,,
full_N2000_K100_w_ho_1p25_s2,9000,10,800,,
full_N2000_K100_w_ho_1p25_s2,10000,10,800,,
full_N2000_K100_w_ho_1p25_s2,11000,10,800,,
full_N2000_K100_w_ho_1p25_s2,12000,10,800,,
full_N2000_K100_w_ho_1p25_s2,13000,10,800,,
full_N2000_K100_w_ho_1p25_s2,14000,10,800,,
full_N2000_K100_w_ho_1p25_s2,15000,10,800,,
full_N2000_K100_w_ho_1p25_s2,16000,10,800,,
full_N2000_K100_w_ho_1p25_s2,17000,10,800,,
full_N2000_K100_w_ho_1p25_s2,18000,10,800,,
full_N2000_K100_w_ho_1p25_s2,19000,10,800,,
full_N2000_K100_w_ho_1p25_s2,20000,10,800,,
full_N2000_K100_w_ho_1p25_s3,1000,10,800,,
full_N2000_K100_w_ho_1p25_s3,2000,10,800,,
full_N2000_K100_w_ho_1p25_s3,3000,10,800,,
full_N2000_K100_w_ho_1p25_s3,4000,10,800,,
full_N2000_K100_w_ho_1p25_s3,5000,10,800,,
full_N2000_K100_w_ho_1p25_s3,6000,10,800,,
full_N2000_K100_w_ho_1p25_s3,7000,10,800,,
full_N2000_K100_w_ho_1p25_s3,8000,10,800,,
full_N2000_K100_w_ho_1p25_s3,9000,10,800,,
full_N2000_K100_w_ho_1p25_s3,10000,10,800,,
full_N2000_K100_w_ho_1p25_s3,11000,10,800,,
full_N2000_K100_w_ho_1p25_s3,12000,10,800,,
full_N2000_K100_w_ho_1p25_s3,13000,10,800,,
full_N2000_K100_w_ho_1p25_s3,14000,10,800,,
full_N2000_K100_w_ho_1p25_s3,15000,10,800,,
full_N2000_K100_w_ho_1p25_s3,16000,10,800,,
full_N2000_K100_w_ho_1p25_s3,17000,10,800,,
full_N2000_K100_w_ho_1p25_s3,18000,10,800,,
full_N2000_K100_w_ho_1p25_s3,19000,10,800,,
full_N2000_K100_w_ho_1p25_s3,20000,10,800,,
full_N2000_K100_w_ho_1p25_s4,1000,10,800,,
full_N2000_K100_w_ho_1p25_s4,2000,10,800,,
full_N2000_K100_w_ho_1p25_s4,3000,10,800,,
full_N2000_K100_w_ho_1p25_s4,4000,10,800,,
full_N2000_K100_w_ho_1p25_s4,5000,10,800,,
full_N2000_K100_w_ho_1p25_s4,6000,10,800,,
full_N2000_K100_w_ho_1p25_s4,7000,10,800,,
full_N2000_K100_w_ho_1p25_s4,8000,10,800,,
full_N2000_K100_w_ho_1p25_s4,9000,10,800,,
full_N2000_K100_w_ho_1p25_s4,10000,10,800,,
full_N2000_K100_w_ho_1p25_s4,11000,10,800,,
full_N2000_K100_w_ho_1p25_s4,12000,10,800,,
full_N2000_K100_w_ho_1p25_s4,13000,10,800,,
full_N2000_K100_w_ho_1p25_s4,14000,10,800,,
full_N2000_K100_w_ho_1p25_s4,15000,10,800,,
full_N2000_K100_w_ho_1p25_s4,16000,10,800,,
full_N2000_K100_w_ho_1p25_s4,17000,10,800,,
full_N2000_K100_w_ho_1p25_s4,18000,10,800,,
full_N2000_K100_w_ho_1p25_s4,19000,10,800,,
full_N2000_K100_w_ho_1p25_s4,20000,10,800,,
full_N2000_K100_w_ho_1p25_s5,1000,10,800,,
full_N2000_K100_w_ho_1p25_s5,2000,10,800,,
full_N2000_K100_w_ho_1p25_s5,3000,10,800,,
full_N2000_K100_w_ho_1p25_s5,4000,10,800,,
full_N2000_K100_w_ho_1p25_s5,5000,10,800,,
full_N2000_K100_w_ho_1p25_s5,6000,10,800,,
full_N2000_K100_w_ho_1p25_s5,7000,10,800,,
full_N2000_K100_w_ho_1p25_s5,8000,10,800,,
full_N2000_K100_w_ho_1p25_s5,9000,10,800,,
full_N2000_K100_w_ho_1p25_s5,10000,10,800,,
full_N2000_K100_w_ho_1p25_s5,11000,10,800,,
full_N2000_K100_w_ho_1p25_s5,12000,10,800,,
full_N2000_K100_w_ho_1p25_s5,13000,10,800,,
full_N2000_K100_w_ho_1p25_s5,14000,10,800,,
full_N2000_K100_w_ho_1p25_s5,15000,10,800,,
full_N2000_K100_w_ho_1p25_s5,16000,10,800,,
full_N2000_K100_w_ho_1p25_s5,17000,10,800,,
full_N2000_K100_w_ho_1p25_s5,18000,10,800,,
full_N2000_K100_w_ho_1p25_s5,19000,10,800,,
full_N2000_K100_w_ho_1p25_s5,20000,10,800,,
full_N2000_K100_w_ho_1p5_s1,1000,10,800,,
full_N2000_K100_w_ho_1p5_s1,2000,10,800,,
full_N2000_K100_w_ho_1p5_s1,3000,10,800,,
full_N2000_K100_w_ho_1p5_s1,4000,10,800,,
full_N2000_K100_w_ho_1p5_s1,5000,10,800,,
full_N2000_K100_w_ho_1p5_s1,6000,10,800,,
full_N2000_K100_w_ho_1p5_s1,7000,10,800,,
full_N2000_K100_w_ho_1p5_s1,8000,10,800,,
full_N2000_K100_w_ho_1p5_s1,9000,10,800,,
full_N2000_K100_w_ho_1p5_s1,10000,10,800,,
full_N2000_K100_w_ho_1p5_s1,11000,10,800,,
full_N2000_K100_w_ho_1p5_s1,12000,10,800,,
full_N2000_K100_w_ho_1p5_s1,13000,10,800,,
full_N2000_K100_w_ho_1p5_s1,14000,10,800,,
full_N2000_K100_w_ho_1p5_s1,15000,10,800,,
full_N2000_K100_w_ho_1p5_s1,16000,10,800,,
full_N2000_K100_w_ho_1p5_s1,17000,10,800,,
full_N2000_K100_w_ho_1p5_s1,18000,10,800,,
full_N2000_K100_w_ho_1p5_s1,19000,10,800,,
full_N2000_K100_w_ho_1p5_s1,20000,10,800,,
full_N2000_K100_w_ho_1p5_s2,1000,10,800,,
full_N2000_K100_w_ho_1p5_s2,2000,10,800,,
full_N2000_K100_w_ho_1p5_s2,3000,10,800,,
full_N2000_K100_w_ho_1p5_s2,4000,10,800,,
full_N2000_K100_w_ho_1p5_s2,5000,10,800,,
full_N2000_K100_w_ho_1p5_s2,6000,10,800,,
full_N2000_K100_w_ho_1p5_s2,7000,10,800,,
full_N2000_K100_w_ho_1p5_s2,8000,10,800,,
full_N2000_K100_w_ho_1p5_s2,9000,10,800,,
full_N2000_K100_w_ho_1p5_s2,10000,10,800,,
full_N2000_K100_w_ho_1p5_s2,11000,10,800,,
full_N2000_K100_w_ho_1p5_s2,12000,10,800,,
full_N2000_K100_w_ho_1p5_s2,13000,10,800,,
full_N2000_K100_w_ho_1p5_s2,14000,10,800,,
full_N2000_K100_w_ho_1p5_s2,15000,10,800,,
full_N2000_K100_w_ho_1p5_s2,16000,10,800,,
full_N2000_K100_w_ho_1p5_s2,17000,10,800,,
full_N2000_K100_w_ho_1p5_s2,18000,10,800,,
full_N2000_K100_w_ho_1p5_s2,19000,10,800,,
full_N2000_K100_w_ho_1p5_s2,20000,10,800,,
full_N2000_K100_w_ho_1p5_s3,1000,10,800,,
full_N2000_K100_w_ho_1p5_s3,2000,10,800,,
full_N2000_K100_w_ho_1p5_s3,3000,10,800,,
full_N2000_K100_w_ho_1p5_s3,4000,10,800,,
full_N2000_K100_w_ho_1p5_s3,5000,10,800,,
full_N2000_K100_w_ho_1p5_s3,6000,10,800,,
full_N2000_K100_w_ho_1p5_s3,7000,10,800,,
full_N2000_K100_w_ho_1p5_s3,8000,10,800,,
full_N2000_K100_w_ho_1p5_s3,9000,10,800,,
full_N2000_K100_w_ho_1p5_s3,10000,10,800,,
full_N2000_K100_w_ho_1p5_s3,11000,10,800,,
full_N2000_K100_w_ho_1p5_s3,12000,10,800,,
full_N2000_K100_w_ho_1p5_s3,13000,10,800,,
full_N2000_K100_w_ho_1p5_s3,14000,10,800,,
full_N2000_K100_w_ho_1p5_s3,15000,10,800,,
full_N2000_K100_w_ho_1p5_s3,16000,10,800,,
full_N2000_K100_w_ho_1p5_s3,17000,10,800,,
full_N2000_K100_w_ho_1p5_s3,18000,10,800,,
full_N2000_K100_w_ho_1p5_s3,19000,10,800,,
full_N2000_K100_w_ho_1p5_s3,20000,10,800,,
full_N2000_K100_w_ho_1p5_s4,1000,10,800,,
full_N2000_K100_w_ho_1p5_s4,2000,10,800,,
full_N2000_K100_w_ho_1p5_s4,3000,10,800,,
full_N2000_K100_w_ho_1p5_s4,4000,10,800,,
full_N2000_K100_w_ho_1p5_s4,5000,10,800,,
full_N2000_K100_w_ho_1p5_s4,6000,10,800,,
full_N2000_K100_w_ho_1p5_s4,7000,10,800,,
full_N2000_K100_w_ho_1p5_s4,8000,10,800,,
full_N2000_K100_w_ho_1p5_s4,9000,10,800,,
full_N2000_K100_w_ho_1p5_s4,10000,10,800,,
full_N2000_K100_w_ho_1p5_s4,11000,10,800,,
full_N2000_K100_w_ho_1p5_s4,12000,10,800,,
full_N2000_K100_w_ho_1p5_s4,13000,10,800,,
full_N2000_K100_w_ho_1p5_s4,14000,10,800,,
full_N2000_K100_w_ho_1p5_s4,15000,10,800,,
full_N2000_K100_w_ho_1p5_s4,16000,10,800,,
full_N2000_K100_w_ho_1p5_s4,17000,10,800,,
full_N2000_K100_w_ho_1p5_s4,18000,10,800,,
full_N2000_K100_w_ho_1p5_s4,19000,10,800,,
full_N2000_K100_w_ho_1p5_s4,20000,10,800,,
full_N2000_K100_w_ho_1p5_s5,1000,10,800,,
full_N2000_K100_w_ho_1p5_s5,2000,10,800,,
full_N2000_K100_w_ho_1p5_s5,3000,10,800,,
full_N2000_K100_w_ho_1p5_s5,4000,10,800,,
full_N2000_K100_w_ho_1p5_s5,5000,10,800,,
full_N2000_K100_w_ho_1p5_s5,6000,10,800,,
full_N2000_K100_w_ho_1p5_s5,7000,10,800,,
full_N2000_K100_w_ho_1p5_s5,8000,10,800,,
full_N2000_K100_w_ho_1p5_s5,9000,10,800,,
full_N2000_K100_w_ho_1p5_s5,10000,10,800,,
full_N2000_K100_w_ho_1p5_s5,11000,10,800,,
full_N2000_K100_w_ho_1p5_s5,12000,10,800,,
full_N2000_K100_w_ho_1p5_s5,13000,10,800,,
full_N2000_K100_w_ho_1p5_s5,14000,10,800,,
full_N2000_K100_w_ho_1p5_s5,15000,10,800,,
full_N2000_K100_w_ho_1p5_s5,16000,10,800,,
full_N2000_K100_w_ho_1p5_s5,17000,10,800,,
full_N2000_K100_w_ho_1p5_s5,18000,10,800,,
full_N2000_K100_w_ho_1p5_s5,19000,10,800,,
full_N2000_K100_w_ho_1p5_s5,20000,10,800,,
full_N2000_K100_w_load_0p5_s1,1000,10,800,,
full_N2000_K100_w_load_0p5_s1,2000,10,800,,
full_N2000_K100_w_load_0p5_s1,3000,10,800,,
full_N2000_K100_w_load_0p5_s1,4000,10,800,,
full_N2000_K100_w_load_0p5_s1,5000,10,800,,
full_N2000_K100_w_load_0p5_s1,6000,10,800,,
full_N2000_K100_w_load_0p5_s1,7000,10,800,,
full_N2000_K100_w_load_0p5_s1,8000,10,800,,
full_N2000_K100_w_load_0p5_s1,9000,10,800,,
full_N2000_K100_w_load_0p5_s1,10000,10,800,,
full_N2000_K100_w_load_0p5_s1,11000,10,800,,
full_N2000_K100_w_load_0p5_s1,12000,10,800,,
full_N2000_K100_w_load_0p5_s1,13000,10,800,,
full_N2000_K100_w_load_0p5_s1,14000,10,800,,
full_N2000_K100_w_load_0p5_s1,15000,10,800,,
full_N2000_K100_w_load_0p5_s1,16000,10,800,,
full_N2000_K100_w_load_0p5_s1,17000,10,800,,
full_N2000_K100_w_load_0p5_s1,18000,10,800,,
full_N2000_K100_w_load_0p5_s1,19000,10,800,,
full_N2000_K100_w_load_0p5_s1,20000,10,800,,
full_N2000_K100_w_load_0p5_s2,1000,10,800,,
full_N2000_K100_w_load_0p5_s2,2000,10,800,,
full_N2000_K100_w_load_0p5_s2,3000,10,800,,
full_N2000_K100_w_load_0p5_s2,4000,10,800,,
full_N2000_K100_w_load_0p5_s2,5000,10,800,,
full_N2000_K100_w_load_0p5_s2,6000,10,800,,
full_N2000_K100_w_load_0p5_s2,7000,10,800,,
full_N2000_K100_w_load_0p5_s2,8000,10,800,,
full_N2000_K100_w_load_0p5_s2,9000,10,800,,
full_N2000_K100_w_load_0p5_s2,10000,10,800,,
full_N2000_K100_w_load_0p5_s2,11000,10,800,,
full_N2000_K100_w_load_0p5_s2,12000,10,800,,
full_N2000_K100_w_load_0p5_s2,13000,10,800,,
full_N2000_K100_w_load_0p5_s2,14000,10,800,,
full_N2000_K100_w_load_0p5_s2,15000,10,800,,
full_N2000_K100_w_load_0p5_s2,16000,10,800,,
full_N2000_K100_w_load_0p5_s2,17000,10,800,,
full_N2000_K100_w_load_0p5_s2,18000,10,800,,
full_N2000_K100_w_load_0p5_s2,19000,10,800,,
full_N2000_K100_w_load_0p5_s2,20000,10,800,,
full_N2000_K100_w_load_0p5_s3,1000,10,800,,
full_N2000_K100_w_load_0p5_s3,2000,10,800,,
full_N2000_K100_w_load_0p5_s3,3000,10,800,,
full_N2000_K100_w_load_0p5_s3,4000,10,800,,
full_N2000_K100_w_load_0p5_s3,5000,10,800,,
full_N2000_K100_w_load_0p5_s3,6000,10,800,,
full_N2000_K100_w_load_0p5_s3,7000,10,800,,
full_N2000_K100_w_load_0p5_s3,8000,10,800,,
full_N2000_K100_w_load_0p5_s3,9000,10,800,,
full_N2000_K100_w_load_0p5_s3,10000,10,800,,
full_N2000_K100_w_load_0p5_s3,11000,10,800,,
full_N2000_K100_w_load_0p5_s3,12000,10,800,,
full_N2000_K100_w_load_0p5_s3,13000,10,800,,
full_N2000_K100_w_load_0p5_s3,14000,10,800,,
full_N2000_K100_w_load_0p5_s3,15000,10,800,,
full_N2000_K100_w_load_0p5_s3,16000,10,800,,
full_N2000_K100_w_load_0p5_s3,17000,10,800,,
full_N2000_K100_w_load_0p5_s3,18000,10,800,,
full_N2000_K100_w_load_0p5_s3,19000,10,800,,
full_N2000_K100_w_load_0p5_s3,20000,10,800,,
full_N2000_K100_w_load_0p5_s4,1000,10,800,,
full_N2000_K100_w_load_0p5_s4,2000,10,800,,
full_N2000_K100_w_load_0p5_s4,3000,10,800,,
full_N2000_K100_w_load_0p5_s4,4000,10,800,,
full_N2000_K100_w_load_0p5_s4,5000,10,800,,
full_N2000_K100_w_load_0p5_s4,6000,10,800,,
full_N2000_K100_w_load_0p5_s4,7000,10,800,,
full_N2000_K100_w_load_0p5_s4,8000,10,800,,
full_N2000_K100_w_load_0p5_s4,9000,10,800,,
full_N2000_K100_w_load_0p5_s4,10000,10,800,,
full_N2000_K100_w_load_0p5_s4,11000,10,800,,
full_N2000_K100_w_load_0p5_s4,12000,10,800,,
full_N2000_K100_w_load_0p5_s4,13000,10,800,,
full_N2000_K100_w_load_0p5_s4,14000,10,800,,
full_N2000_K100_w_load_0p5_s4,15000,10,800,,
full_N2000_K100_w_load_0p5_s4,16000,10,800,,
full_N2000_K100_w_load_0p5_s4,17000,10,800,,
full_N2000_K100_w_load_0p5_s4,18000,10,800,,
full_N2000_K100_w_load_0p5_s4,19000,10,800,,
full_N2000_K100_w_load_0p5_s4,20000,10,800,,
full_N2000_K100_w_load_0p5_s5,1000,10,800,,
full_N2000_K100_w_load_0p5_s5,2000,10,800,,
full_N2000_K100_w_load_0p5_s5,3000,10,800,,
full_N2000_K100_w_load_0p5_s5,4000,10,800,,
full_N2000_K100_w_load_0p5_s5,5000,10,800,,
full_N2000_K100_w_load_0p5_s5,6000,10,800,,
full_N2000_K100_w_load_0p5_s5,7000,10,800,,
full_N2000_K100_w_load_0p5_s5,8000,10,800,,
full_N2000_K100_w_load_0p5_s5,9000,10,800,,
full_N2000_K100_w_load_0p5_s5,10000,10,800,,
full_N2000_K100_w_load_0p5_s5,11000,10,800,,
full_N2000_K100_w_load_0p5_s5,12000,10,800,,
full_N2000_K100_w_load_0p5_s5,13000,10,800,,
full_N2000_K100_w_load_0p5_s5,14000,10,800,,
full_N2000_K100_w_load_0p5_s5,15000,10,800,,
full_N2000_K100_w_load_0p5_s5,16000,10,800,,
full_N2000_K100_w_load_0p5_s5,17000,10,800,,
full_N2000_K100_w_load_0p5_s5,18000,10,800,,
full_N2000_K100_w_load_0p5_s5,19000,10,800,,
full_N2000_K100_w_load_0p5_s5,20000,10,800,,
full_N2000_K100_w_load_0p75_s1,1000,10,800,,
full_N2000_K100_w_load_0p75_s1,2000,10,800,,
full_N2000_K100_w_load_0p75_s1,3000,10,800,,
full_N2000_K100_w_load_0p75_s1,4000,10,800,,
full_N2000_K100_w_load_0p75_s1,5000,10,800,,
full_N2000_K100_w_load_0p75_s1,6000,10,800,,
full_N2000_K100_w_load_0p75_s1,7000,10,800,,
full_N2000_K100_w_load_0p75_s1,8000,10,800,,
full_N2000_K100_w_load_0p75_s1,9000,10,800,,
full_N2000_K100_w_load_0p75_s1,10000,10,800,,
full_N2000_K100_w_load_0p75_s1,11000,10,800,,
full_N2000_K100_w_load_0p75_s1,12000,10,800,,
full_N2000_K100_w_load_0p75_s1,13000,10,800,,
full_N2000_K100_w_load_0p75_s1,14000,10,800,,
full_N2000_K100_w_load_0p75_s1,15000,10,800,,
full_N2000_K100_w_load_0p75_s1,16000,10,800,,
full_N2000_K100_w_load_0p75_s1,17000,10,800,,
full_N2000_K100_w_load_0p75_s1,18000,10,800,,
full_N2000_K100_w_load_0p75_s1,19000,10,800,,
full_N2000_K100_w_load_0p75_s1,20000,10,800,,
full_N2000_K100_w_load_0p75_s2,1000,10,800,,
full_N2000_K100_w_load_0p75_s2,2000,10,800,,
full_N2000_K100_w_load_0p75_s2,3000,10,800,,
full_N2000_K100_w_load_0p75_s2,4000,10,800,,
full_N2000_K100_w_load_0p75_s2,5000,10,800,,
full_N2000_K100_w_load_0p75_s2,6000,10,800,,
full_N2000_K100_w_load_0p75_s2,7000,10,800,,
full_N2000_K100_w_load_0p75_s2,8000,10,800,,
full_N2000_K100_w_load_0p75_s2,9000,10,800,,
full_N2000_K100_w_load_0p75_s2,10000,10,800,,
full_N2000_K100_w_load_0p75_s2,11000,10,800,,
full_N2000_K100_w_load_0p75_s2,12000,10,800,,
full_N2000_K100_w_load_0p75_s2,13000,10,800,,
full_N2000_K100_w_load_0p75_s2,14000,10,800,,
full_N2000_K100_w_load_0p75_s2,15000,10,800,,
full_N2000_K100_w_load_0p75_s2,16000,10,800,,
full_N2000_K100_w_load_0p75_s2,17000,10,800,,
full_N2000_K100_w_load_0p75_s2,18000,10,800,,
full_N2000_K100_w_load_0p75_s2,19000,10,800,,
full_N2000_K100_w_load_0p75_s2,20000,10,800,,
full_N2000_K100_w_load_0p75_s3,1000,10,800,,
full_N2000_K100_w_load_0p75_s3,2000,10,800,,
full_N2000_K100_w_load_0p75_s3,3000,10,800,,
full_N2000_K100_w_load_0p75_s3,4000,10,800,,
full_N2000_K100_w_load_0p75_s3,5000,10,800,,
full_N2000_K100_w_load_0p75_s3,6000,10,800,,
full_N2000_K100_w_load_0p75_s3,7000,10,800,,
full_N2000_K100_w_load_0p75_s3,8000,10,800,,
full_N2000_K100_w_load_0p75_s3,9000,10,800,,
full_N2000_K100_w_load_0p75_s3,10000,10,800,,
full_N2000_K100_w_load_0p75_s3,11000,10,800,,
full_N2000_K100_w_load_0p75_s3,12000,10,800,,
full_N2000_K100_w_load_0p75_s3,13000,10,800,,
full_N2000_K100_w_load_0p75_s3,14000,10,800,,
full_N2000_K100_w_load_0p75_s3,15000,10,800,,
full_N2000_K100_w_load_0p75_s3,16000,10,800,,
full_N2000_K100_w_load_0p75_s3,17000,10,800,,
full_N2000_K100_w_load_0p75_s3,18000,10,800,,
full_N2000_K100_w_load_0p75_s3,19000,10,800,,
full_N2000_K100_w_load_0p75_s3,20000,10,800,,
full_N2000_K100_w_load_0p75_s4,1000,10,800,,
full_N2000_K100_w_load_0p75_s4,2000,10,800,,
full_N2000_K100_w_load_0p75_s4,3000,10,800,,
full_N2000_K100_w_load_0p75_s4,4000,10,800,,
full_N2000_K100_w_load_0p75_s4,5000,10,800,,
full_N2000_K100_w_load_0p75_s4,6000,10,800,,
full_N2000_K100_w_load_0p75_s4,7000,10,800,,
full_N2000_K100_w_load_0p75_s4,8000,10,800,,
full_N2000_K100_w_load_0p75_s4,9000,10,800,,
full_N2000_K100_w_load_0p75_s4,10000,10,800,,
full_N2000_K100_w_load_0p75_s4,11000,10,800,,
full_N2000_K100_w_load_0p75_s4,12000,10,800,,
full_N2000_K100_w_load_0p75_s4,13000,10,800,,
full_N2000_K100_w_load_0p75_s4,14000,10,800,,
full_N2000_K100_w_load_0p75_s4,15000,10,800,,
full_N2000_K100_w_load_0p75_s4,16000,10,800,,
full_N2000_K100_w_load_0p75_s4,17000,10,800,,
full_N2000_K100_w_load_0p75_s4,18000,10,800,,
full_N2000_K100_w_load_0p75_s4,19000,10,800,,
full_N2000_K100_w_load_0p75_s4,20000,10,800,,
full_N2000_K100_w_load_0p75_s5,1000,10,800,,
full_N2000_K100_w_load_0p75_s5,2000,10,800,,
full_N2000_K100_w_load_0p75_s5,3000,10,800,,
full_N2000_K100_w_load_0p75_s5,4000,10,800,,
full_N2000_K100_w_load_0p75_s5,5000,10,800,,
full_N2000_K100_w_load_0p75_s5,6000,10,800,,
full_N2000_K100_w_load_0p75_s5,7000,10,800,,
full_N2000_K100_w_load_0p75_s5,8000,10,800,,
full_N2000_K100_w_load_0p75_s5,9000,10,800,,
full_N2000_K100_w_load_0p75_s5,10000,10,800,,
full_N2000_K100_w_load_0p75_s5,11000,10,800,,
full_N2000_K100_w_load_0p75_s5,12000,10,800,,
full_N2000_K100_w_load_0p75_s5,13000,10,800,,
full_N2000_K100_w_load_0p75_s5,14000,10,800,,
full_N2000_K100_w_load_0p75_s5,15000,10,800,,
full_N2000_K100_w_load_0p75_s5,16000,10,800,,
full_N2000_K100_w_load_0p75_s5,17000,10,800,,
full_N2000_K100_w_load_0p75_s5,18000,10,800,,
full_N2000_K100_w_load_0p75_s5,19000,10,800,,
full_N2000_K100_w_load_0p75_s5,20000,10,800,,
full_N2000_K100_w_load_1p25_s1,1000,10,800,,
full_N2000_K100_w_load_1p25_s1,2000,10,800,,
full_N2000_K100_w_load_1p25_s1,3000,10,800,,
full_N2000_K100_w_load_1p25_s1,4000,10,800,,
full_N2000_K100_w_load_1p25_s1,5000,10,800,,
full_N2000_K100_w_load_1p25_s1,6000,10,800,,
full_N2000_K100_w_load_1p25_s1,7000,10,800,,
full_N2000_K100_w_load_1p25_s1,8000,10,800,,
full_N2000_K100_w_load_1p25_s1,9000,10,800,,
full_N2000_K100_w_load_1p25_s1,10000,10,800,,
full_N2000_K100_w_load_1p25_s1,11000,10,800,,
full_N2000_K100_w_load_1p25_s1,12000,10,800,,
full_N2000_K100_w_load_1p25_s1,13000,10,800,,
full_N2000_K100_w_load_1p25_s1,14000,10,800,,
full_N2000_K100_w_load_1p25_s1,15000,10,800,,
full_N2000_K100_w_load_1p25_s1,16000,10,800,,
full_N2000_K100_w_load_1p25_s1,17000,10,800,,
full_N2000_K100_w_load_1p25_s1,18000,10,800,,
full_N2000_K100_w_load_1p25_s1,19000,10,800,,
full_N2000_K100_w_load_1p25_s1,20000,10,800,,
full_N2000_K100_w_load_1p25_s2,1000,10,800,,
full_N2000_K100_w_load_1p25_s2,2000,10,800,,
full_N2000_K100_w_load_1p25_s2,3000,10,800,,
full_N2000_K100_w_load_1p25_s2,4000,10,800,,
full_N2000_K100_w_load_1p25_s2,5000,10,800,,
full_N2000_K100_w_load_1p25_s2,6000,10,800,,
full_N2000_K100_w_load_1p25_s2,7000,10,800,,
full_N2000_K100_w_load_1p25_s2,8000,10,800,,
full_N2000_K100_w_load_1p25_s2,9000,10,800,,
full_N2000_K100_w_load_1p25_s2,10000,10,800,,
full_N2000_K100_w_load_1p25_s2,11000,10,800,,
full_N2000_K100_w_load_1p25_s2,12000,10,800,,
full_N2000_K100_w_load_1p25_s2,13000,10,800,,
full_N2000_K100_w_load_1p25_s2,14000,10,800,,
full_N2000_K100_w_load_1p25_s2,15000,10,800,,
full_N2000_K100_w_load_1p25_s2,16000,10,800,,
full_N2000_K100_w_load_1p25_s2,17000,10,800,,
full_N2000_K100_w_load_1p25_s2,18000,10,800,,
full_N2000_K100_w_load_1p25_s2,19000,10,800,,
full_N2000_K100_w_load_1p25_s2,20000,10,800,,
full_N2000_K100_w_load_1p25_s3,1000,10,800,,
full_N2000_K100_w_load_1p25_s3,2000,10,800,,
full_N2000_K100_w_load_1p25_s3,3000,10,800,,
full_N2000_K100_w_load_1p25_s3,4000,10,800,,
full_N2000_K100_w_load_1p25_s3,5000,10,800,,
full_N2000_K100_w_load_1p25_s3,6000,10,800,,
full_N2000_K100_w_load_1p25_s3,7000,10,800,,
full_N2000_K100_w_load_1p25_s3,8000,10,800,,
full_N2000_K100_w_load_1p25_s3,9000,10,800,,
full_N2000_K100_w_load_1p25_s3,10000,10,800,,
full_N2000_K100_w_load_1p25_s3,11000,10,800,,
full_N2000_K100_w_load_1p25_s3,12000,10,800,,
full_N2000_K100_w_load_1p25_s3,13000,10,800,,
full_N2000_K100_w_load_1p25_s3,14000,10,800,,
full_N2000_K100_w_load_1p25_s3,15000,10,800,,
full_N2000_K100_w_load_1p25_s3,16000,10,800,,
full_N2000_K100_w_load_1p25_s3,17000,10,800,,
full_N2000_K100_w_load_1p25_s3,18000,10,800,,
full_N2000_K100_w_load_1p25_s3,19000,10,800,,
full_N2000_K100_w_load_1p25_s3,20000,10,800,,
full_N2000_K100_w_load_1p25_s4,1000,10,800,,
full_N2000_K100_w_load_1p25_s4,2000,10,800,,
full_N2000_K100_w_load_1p25_s4,3000,10,800,,
full_N2000_K100_w_load_1p25_s4,4000,10,800,,
full_N2000_K100_w_load_1p25_s4,5000,10,800,,
full_N2000_K100_w_load_1p25_s4,6000,10,800,,
full_N2000_K100_w_load_1p25_s4,7000,10,800,,
full_N2000_K100_w_load_1p25_s4,8000,10,800,,
full_N2000_K100_w_load_1p25_s4,9000,10,800,,
full_N2000_K100_w_load_1p25_s4,10000,10,800,,
full_N2000_K100_w_load_1p25_s4,11000,10,800,,
full_N2000_K100_w_load_1p25_s4,12000,10,800,,
full_N2000_K100_w_load_1p25_s4,13000,10,800,,
full_N2000_K100_w_load_1p25_s4,14000,10,800,,
full_N2000_K100_w_load_1p25_s4,15000,10,800,,
full_N2000_K100_w_load_1p25_s4,16000,10,800,,
full_N2000_K100_w_load_1p25_s4,17000,10,800,,
full_N2000_K100_w_load_1p25_s4,18000,10,800,,
full_N2000_K100_w_load_1p25_s4,19000,10,800,,
full_N2000_K100_w_load_1p25_s4,20000,10,800,,
full_N2000_K100_w_load_1p25_s5,1000,10,800,,
full_N2000_K100_w_load_1p25_s5,2000,10,800,,
full_N2000_K100_w_load_1p25_s5,3000,10,800,,
full_N2000_K100_w_load_1p25_s5,4000,10,800,,
full_N2000_K100_w_load_1p25_s5,5000,10,800,,
full_N2000_K100_w_load_1p25_s5,6000,10,800,,
full_N2000_K100_w_load_1p25_s5,7000,10,800,,
full_N2000_K100_w_load_1p25_s5,8000,10,800,,
full_N2000_K100_w_load_1p25_s5,9000,10,800,,
full_N2000_K100_w_load_1p25_s5,10000,10,800,,
full_N2000_K100_w_load_1p25_s5,11000,10,800,,
full_N2000_K100_w_load_1p25_s5,12000,10,800,,
full_N2000_K100_w_load_1p25_s5,13000,10,800,,
full_N2000_K100_w_load_1p25_s5,14000,10,800,,
full_N2000_K100_w_load_1p25_s5,15000,10,800,,
full_N2000_K100_w_load_1p25_s5,16000,10,800,,
full_N2000_K100_w_load_1p25_s5,17000,10,800,,
full_N2000_K100_w_load_1p25_s5,18000,10,800,,
full_N2000_K100_w_load_1p25_s5,19000,10,800,,
full_N2000_K100_w_load_1p25_s5,20000,10,800,,
full_N2000_K100_w_load_1p5_s1,1000,10,800,,
full_N2000_K100_w_load_1p5_s1,2000,10,800,,
full_N2000_K100_w_load_1p5_s1,3000,10,800,,
full_N2000_K100_w_load_1p5_s1,4000,10,800,,
full_N2000_K100_w_load_1p5_s1,5000,10,800,,
full_N2000_K100_w_load_1p5_s1,6000,10,800,,
full_N2000_K100_w_load_1p5_s1,7000,10,800,,
full_N2000_K100_w_load_1p5_s1,8000,10,800,,
full_N2000_K100_w_load_1p5_s1,9000,10,800,,
full_N2000_K100_w_load_1p5_s1,10000,10,800,,
full_N2000_K100_w_load_1p5_s1,11000,10,800,,
full_N2000_K100_w_load_1p5_s1,12000,10,800,,
full_N2000_K100_w_load_1p5_s1,13000,10,800,,
full_N2000_K100_w_load_1p5_s1,14000,10,800,,
full_N2000_K100_w_load_1p5_s1,15000,10,800,,
full_N2000_K100_w_load_1p5_s1,16000,10,800,,
full_N2000_K100_w_load_1p5_s1,17000,10,800,,
full_N2000_K100_w_load_1p5_s1,18000,10,800,,
full_N2000_K100_w_load_1p5_s1,19000,10,800,,
full_N2000_K100_w_load_1p5_s1,20000,10,800,,
full_N2000_K100_w_load_1p5_s2,1000,10,800,,
full_N2000_K100_w_load_1p5_s2,2000,10,800,,
full_N2000_K100_w_load_1p5_s2,3000,10,800,,
full_N2000_K100_w_load_1p5_s2,4000,10,800,,
full_N2000_K100_w_load_1p5_s2,5000,10,800,,
full_N2000_K100_w_load_1p5_s2,6000,10,800,,
full_N2000_K100_w_load_1p5_s2,7000,10,800,,
full_N2000_K100_w_load_1p5_s2,8000,10,800,,
full_N2000_K100_w_load_1p5_s2,9000,10,800,,
full_N2000_K100_w_load_1p5_s2,10000,10,800,,
full_N2000_K100_w_load_1p5_s2,11000,10,800,,
full_N2000_K100_w_load_1p5_s2,12000,10,800,,
full_N2000_K100_w_load_1p5_s2,13000,10,800,,
full_N2000_K100_w_load_1p5_s2,14000,10,800,,
full_N2000_K100_w_load_1p5_s2,15000,10,800,,
full_N2000_K100_w_load_1p5_s2,16000,10,800,,
full_N2000_K100_w_load_1p5_s2,17000,10,800,,
full_N2000_K100_w_load_1p5_s2,18000,10,800,,
full_N2000_K100_w_load_1p5_s2,19000,10,800,,
full_N2000_K100_w_load_1p5_s2,20000,10,800,,
full_N2000_K100_w_load_1p5_s3,1000,10,800,,
full_N2000_K100_w_load_1p5_s3,2000,10,800,,
full_N2000_K100_w_load_1p5_s3,3000,10,800,,
full_N2000_K100_w_load_1p5_s3,4000,10,800,,
full_N2000_K100_w_load_1p5_s3,5000,10,800,,
full_N2000_K100_w_load_1p5_s3,6000,10,800,,
full_N2000_K100_w_load_1p5_s3,7000,10,800,,
full_N2000_K100_w_load_1p5_s3,8000,10,800,,
full_N2000_K100_w_load_1p5_s3,9000,10,800,,
full_N2000_K100_w_load_1p5_s3,10000,10,800,,
full_N2000_K100_w_load_1p5_s3,11000,10,800,,
full_N2000_K100_w_load_1p5_s3,12000,10,800,,
full_N2000_K100_w_load_1p5_s3,13000,10,800,,
full_N2000_K100_w_load_1p5_s3,14000,10,800,,
full_N2000_K100_w_load_1p5_s3,15000,10,800,,
full_N2000_K100_w_load_1p5_s3,16000,10,800,,
full_N2000_K100_w_load_1p5_s3,17000,10,800,,
full_N2000_K100_w_load_1p5_s3,18000,10,800,,
full_N2000_K100_w_load_1p5_s3,19000,10,800,,
full_N2000_K100_w_load_1p5_s3,20000,10,800,,
full_N2000_K100_w_load_1p5_s4,1000,10,800,,
full_N2000_K100_w_load_1p5_s4,2000,10,800,,
full_N2000_K100_w_load_1p5_s4,3000,10,800,,
full_N2000_K100_w_load_1p5_s4,4000,10,800,,
full_N2000_K100_w_load_1p5_s4,5000,10,800,,
full_N2000_K100_w_load_1p5_s4,6000,10,800,,
full_N2000_K100_w_load_1p5_s4,7000,10,800,,
full_N2000_K100_w_load_1p5_s4,8000,10,800,,
full_N2000_K100_w_load_1p5_s4,9000,10,800,,
full_N2000_K100_w_load_1p5_s4,10000,10,800,,
full_N2000_K100_w_load_1p5_s4,11000,10,800,,
full_N2000_K100_w_load_1p5_s4,12000,10,800,,
full_N2000_K100_w_load_1p5_s4,13000,10,800,,
full_N2000_K100_w_load_1p5_s4,14000,10,800,,
full_N2000_K100_w_load_1p5_s4,15000,10,800,,
full_N2000_K100_w_load_1p5_s4,16000,10,800,,
full_N2000_K100_w_load_1p5_s4,17000,10,800,,
full_N2000_K100_w_load_1p5_s4,18000,10,800,,
full_N2000_K100_w_load_1p5_s4,19000,10,800,,
full_N2000_K100_w_load_1p5_s4,20000,10,800,,
full_N2000_K100_w_load_1p5_s5,1000,10,800,,
full_N2000_K100_w_load_1p5_s5,2000,10,800,,
full_N2000_K100_w_load_1p5_s5,3000,10,800,,
full_N2000_K100_w_load_1p5_s5,4000,10,800,,
full_N2000_K100_w_load_1p5_s5,5000,10,800,,
full_N2000_K100_w_load_1p5_s5,6000,10,800,,
full_N2000_K100_w_load_1p5_s5,7000,10,800,,
full_N2000_K100_w_load_1p5_s5,8000,10,800,,
full_N2000_K100_w_load_1p5_s5,9000,10,800,,
full_N2000_K100_w_load_1p5_s5,10000,10,800,,
full_N2000_K100_w_load_1p5_s5,11000,10,800,,
full_N2000_K100_w_load_1p5_s5,12000,10,800,,
full_N2000_K100_w_load_1p5_s5,13000,10,800,,
full_N2000_K100_w_load_1p5_s5,14000,10,800,,
full_N2000_K100_w_load_1p5_s5,15000,10,800,,
full_N2000_K100_w_load_1p5_s5,16000,10,800,,
full_N2000_K100_w_load_1p5_s5,17000,10,800,,
full_N2000_K100_w_load_1p5_s5,18000,10,800,,
full_N2000_K100_w_load_1p5_s5,19000,10,800,,
full_N2000_K100_w_load_1p5_s5,20000,10,800,,
full_N2000_K100_w_rate_0p5_s1,1000,10,800,,
full_N2000_K100_w_rate_0p5_s1,2000,10,800,,
full_N2000_K100_w_rate_0p5_s1,3000,10,800,,
full_N2000_K100_w_rate_0p5_s1,4000,10,800,,
full_N2000_K100_w_rate_0p5_s1,5000,10,800,,
full_N2000_K100_w_rate_0p5_s1,6000,10,800,,
full_N2000_K100_w_rate_0p5_s1,7000,10,800,,
full_N2000_K100_w_rate_0p5_s1,8000,10,800,,
full_N2000_K100_w_rate_0p5_s1,9000,10,800,,
full_N2000_K100_w_rate_0p5_s1,10000,10,800,,
full_N2000_K100_w_rate_0p5_s1,11000,10,800,,
full_N2000_K100_w_rate_0p5_s1,12000,10,800,,
full_N2000_K100_w_rate_0p5_s1,13000,10,800,,
full_N2000_K100_w_rate_0p5_s1,14000,10,800,,
full_N2000_K100_w_rate_0p5_s1,15000,10,800,,
full_N2000_K100_w_rate_0p5_s1,16000,10,800,,
full_N2000_K100_w_rate_0p5_s1,17000,10,800,,
full_N2000_K100_w_rate_0p5_s1,18000,10,800,,
full_N2000_K100_w_rate_0p5_s1,19000,10,800,,
full_N2000_K100_w_rate_0p5_s1,20000,10,800,,
full_N2000_K100_w_rate_0p5_s2,1000,10,800,,
full_N2000_K100_w_rate_0p5_s2,2000,10,800,,
full_N2000_K100_w_rate_0p5_s2,3000,10,800,,
full_N2000_K100_w_rate_0p5_s2,4000,10,800,,
full_N2000_K100_w_rate_0p5_s2,5000,10,800,,
full_N2000_K100_w_rate_0p5_s2,6000,10,800,,
full_N2000_K100_w_rate_0p5_s2,7000,10,800,,
full_N2000_K100_w_rate_0p5_s2,8000,10,800,,
full_N2000_K100_w_rate_0p5_s2,9000,10,800,,
full_N2000_K100_w_rate_0p5_s2,10000,10,800,,
full_N2000_K100_w_rate_0p5_s2,11000,10,800,,
full_N2000_K100_w_rate_0p5_s2,12000,10,800,,
full_N2000_K100_w_rate_0p5_s2,13000,10,800,,
full_N2000_K100_w_rate_0p5_s2,14000,10,800,,
full_N2000_K100_w_rate_0p5_s2,15000,10,800,,
full_N2000_K100_w_rate_0p5_s2,16000,10,800,,
full_N2000_K100_w_rate_0p5_s2,17000,10,800,,
full_N2000_K100_w_rate_0p5_s2,18000,10,800,,
full_N2000_K100_w_rate_0p5_s2,19000,10,800,,
full_N2000_K100_w_rate_0p5_s2,20000,10,800,,
full_N2000_K100_w_rate_0p5_s3,1000,10,800,,
full_N2000_K100_w_rate_0p5_s3,2000,10,800,,
full_N2000_K100_w_rate_0p5_s3,3000,10,800,,
full_N2000_K100_w_rate_0p5_s3,4000,10,800,,
full_N2000_K100_w_rate_0p5_s3,5000,10,800,,
full_N2000_K100_w_rate_0p5_s3,6000,10,800,,
full_N2000_K100_w_rate_0p5_s3,7000,10,800,,
full_N2000_K100_w_rate_0p5_s3,8000,10,800,,
full_N2000_K100_w_rate_0p5_s3,9000,10,800,,
full_N2000_K100_w_rate_0p5_s3,10000,10,800,,
full_N2000_K100_w_rate_0p5_s3,11000,10,800,,
full_N2000_K100_w_rate_0p5_s3,12000,10,800,,
full_N2000_K100_w_rate_0p5_s3,13000,10,800,,
full_N2000_K100_w_rate_0p5_s3,14000,10,800,,
full_N2000_K100_w_rate_0p5_s3,15000,10,800,,
full_N2000_K100_w_rate_0p5_s3,16000,10,800,,
full_N2000_K100_w_rate_0p5_s3,17000,10,800,,
full_N2000_K100_w_rate_0p5_s3,18000,10,800,,
full_N2000_K100_w_rate_0p5_s3,19000,10,800,,
full_N2000_K100_w_rate_0p5_s3,20000,10,800,,
full_N2000_K100_w_rate_0p5_s4,1000,10,800,,
full_N2000_K100_w_rate_0p5_s4,2000,10,800,,
full_N2000_K100_w_rate_0p5_s4,3000,10,800,,
full_N2000_K100_w_rate_0p5_s4,4000,10,800,,
full_N2000_K100_w_rate_0p5_s4,5000,10,800,,
full_N2000_K100_w_rate_0p5_s4,6000,10,800,,
full_N2000_K100_w_rate_0p5_s4,7000,10,800,,
full_N2000_K100_w_rate_0p5_s4,8000,10,800,,
full_N2000_K100_w_rate_0p5_s4,9000,10,800,,
full_N2000_K100_w_rate_0p5_s4,10000,10,800,,
full_N2000_K100_w_rate_0p5_s4,11000,10,800,,
full_N2000_K100_w_rate_0p5_s4,12000,10,800,,
full_N2000_K100_w_rate_0p5_s4,13000,10,800,,
full_N2000_K100_w_rate_0p5_s4,14000,10,800,,
full_N2000_K100_w_rate_0p5_s4,15000,10,800,,
full_N2000_K100_w_rate_0p5_s4,16000,10,800,,
full_N2000_K100_w_rate_0p5_s4,17000,10,800,,
full_N2000_K100_w_rate_0p5_s4,18000,10,800,,
full_N2000_K100_w_rate_0p5_s4,19000,10,800,,
full_N2000_K100_w_rate_0p5_s4,20000,10,800,,
full_N2000_K100_w_rate_0p5_s5,1000,10,800,,
full_N2000_K100_w_rate_0p5_s5,2000,10,800,,
full_N2000_K100_w_rate_0p5_s5,3000,10,800,,
full_N2000_K100_w_rate_0p5_s5,4000,10,800,,
full_N2000_K100_w_rate_0p5_s5,5000,10,800,,
full_N2000_K100_w_rate_0p5_s5,6000,10,800,,
full_N2000_K100_w_rate_0p5_s5,7000,10,800,,
full_N2000_K100_w_rate_0p5_s5,8000,10,800,,
full_N2000_K100_w_rate_0p5_s5,9000,10,800,,
full_N2000_K100_w_rate_0p5_s5,10000,10,800,,
full_N2000_K100_w_rate_0p5_s5,11000,10,800,,
full_N2000_K100_w_rate_0p5_s5,12000,10,800,,
full_N2000_K100_w_rate_0p5_s5,13000,10,800,,
full_N2000_K100_w_rate_0p5_s5,14000,10,800,,
full_N2000_K100_w_rate_0p5_s5,15000,10,800,,
full_N2000_K100_w_rate_0p5_s5,16000,10,800,,
full_N2000_K100_w_rate_0p5_s5,17000,10,800,,
full_N2000_K100_w_rate_0p5_s5,18000,10,800,,
full_N2000_K100_w_rate_0p5_s5,19000,10,800,,
full_N2000_K100_w_rate_0p5_s5,20000,10,800,,
full_N2000_K100_w_rate_0p75_s1,1000,10,800,,
full_N2000_K100_w_rate_0p75_s1,2000,10,800,,
full_N2000_K100_w_rate_0p75_s1,3000,10,800,,
full_N2000_K100_w_rate_0p75_s1,4000,10,800,,
full_N2000_K100_w_rate_0p75_s1,5000,10,800,,
full_N2000_K100_w_rate_0p75_s1,6000,10,800,,
full_N2000_K100_w_rate_0p75_s1,7000,10,800,,
full_N2000_K100_w_rate_0p75_s1,8000,10,800,,
full_N2000_K100_w_rate_0p75_s1,9000,10,800,,
full_N2000_K100_w_rate_0p75_s1,10000,10,800,,
full_N2000_K100_w_rate_0p75_s1,11000,10,800,,
full_N2000_K100_w_rate_0p75_s1,12000,10,800,,
full_N2000_K100_w_rate_0p75_s1,13000,10,800,,
full_N2000_K100_w_rate_0p75_s1,14000,10,800,,
full_N2000_K100_w_rate_0p75_s1,15000,10,800,,
full_N2000_K100_w_rate_0p75_s1,16000,10,800,,
full_N2000_K100_w_rate_0p75_s1,17000,10,800,,
full_N2000_K100_w_rate_0p75_s1,18000,10,800,,
full_N2000_K100_w_rate_0p75_s1,19000,10,800,,
full_N2000_K100_w_rate_0p75_s1,20000,10,800,,
full_N2000_K100_w_rate_0p75_s2,1000,10,800,,
full_N2000_K100_w_rate_0p75_s2,2000,10,800,,
full_N2000_K100_w_rate_0p75_s2,3000,10,800,,
full_N2000_K100_w_rate_0p75_s2,4000,10,800,,
full_N2000_K100_w_rate_0p75_s2,5000,10,800,,
full_N2000_K100_w_rate_0p75_s2,6000,10,800,,
full_N2000_K100_w_rate_0p75_s2,7000,10,800,,
full_N2000_K100_w_rate_0p75_s2,8000,10,800,,
full_N2000_K100_w_rate_0p75_s2,9000,10,800,,
full_N2000_K100_w_rate_0p75_s2,10000,10,800,,
full_N2000_K100_w_rate_0p75_s2,11000,10,800,,
full_N2000_K100_w_rate_0p75_s2,12000,10,800,,
full_N2000_K100_w_rate_0p75_s2,13000,10,800,,
full_N2000_K100_w_rate_0p75_s2,14000,10,800,,
full_N2000_K100_w_rate_0p75_s2,15000,10,800,,
full_N2000_K100_w_rate_0p75_s2,16000,10,800,,
full_N2000_K100_w_rate_0p75_s2,17000,10,800,,
full_N2000_K100_w_rate_0p75_s2,18000,10,800,,
full_N2000_K100_w_rate_0p75_s2,19000,10,800,,
full_N2000_K100_w_rate_0p75_s2,20000,10,800,,
full_N2000_K100_w_rate_0p75_s3,1000,10,800,,
full_N2000_K100_w_rate_0p75_s3,2000,10,800,,
full_N2000_K100_w_rate_0p75_s3,3000,10,800,,
full_N2000_K100_w_rate_0p75_s3,4000,10,800,,
full_N2000_K100_w_rate_0p75_s3,5000,10,800,,
full_N2000_K100_w_rate_0p75_s3,6000,10,800,,
full_N2000_K100_w_rate_0p75_s3,7000,10,800,,
full_N2000_K100_w_rate_0p75_s3,8000,10,800,,
full_N2000_K100_w_rate_0p75_s3,9000,10,800,,
full_N2000_K100_w_rate_0p75_s3,10000,10,800,,
full_N2000_K100_w_rate_0p75_s3,11000,10,800,,
full_N2000_K100_w_rate_0p75_s3,12000,10,800,,
full_N2000_K100_w_rate_0p75_s3,13000,10,800,,
full_N2000_K100_w_rate_0p75_s3,14000,10,800,,
full_N2000_K100_w_rate_0p75_s3,15000,10,800,,
full_N2000_K100_w_rate_0p75_s3,16000,10,800,,
full_N2000_K100_w_rate_0p75_s3,17000,10,800,,
full_N2000_K100_w_rate_0p75_s3,18000,10,800,,
full_N2000_K100_w_rate_0p75_s3,19000,10,800,,
full_N2000_K100_w_rate_0p75_s3,20000,10,800,,
full_N2000_K100_w_rate_0p75_s4,1000,10,800,,
full_N2000_K100_w_rate_0p75_s4,2000,10,800,,
full_N2000_K100_w_rate_0p75_s4,3000,10,800,,
full_N2000_K100_w_rate_0p75_s4,4000,10,800,,
full_N2000_K100_w_rate_0p75_s4,5000,10,800,,
full_N2000_K100_w_rate_0p75_s4,6000,10,800,,
full_N2000_K100_w_rate_0p75_s4,7000,10,800,,
full_N2000_K100_w_rate_0p75_s4,8000,10,800,,
full_N2000_K100_w_rate_0p75_s4,9000,10,800,,
full_N2000_K100_w_rate_0p75_s4,10000,10,800,,
full_N2000_K100_w_rate_0p75_s4,11000,10,800,,
full_N2000_K100_w_rate_0p75_s4,12000,10,800,,
full_N2000_K100_w_rate_0p75_s4,13000,10,800,,
full_N2000_K100_w_rate_0p75_s4,14000,10,800,,
full_N2000_K100_w_rate_0p75_s4,15000,10,800,,
full_N2000_K100_w_rate_0p75_s4,16000,10,800,,
full_N2000_K100_w_rate_0p75_s4,17000,10,800,,
full_N2000_K100_w_rate_0p75_s4,18000,10,800,,
full_N2000_K100_w_rate_0p75_s4,19000,10,800,,
full_N2000_K100_w_rate_0p75_s4,20000,10,800,,
full_N2000_K100_w_rate_0p75_s5,1000,10,800,,
full_N2000_K100_w_rate_0p75_s5,2000,10,800,,
full_N2000_K100_w_rate_0p75_s5,3000,10,800,,
full_N2000_K100_w_rate_0p75_s5,4000,10,800,,
full_N2000_K100_w_rate_0p75_s5,5000,10,800,,
full_N2000_K100_w_rate_0p75_s5,6000,10,800,,
full_N2000_K100_w_rate_0p75_s5,7000,10,800,,
full_N2000_K100_w_rate_0p75_s5,8000,10,800,,
full_N2000_K100_w_rate_0p75_s5,9000,10,800,,
full_N2000_K100_w_rate_0p75_s5,10000,10,800,,
full_N2000_K100_w_rate_0p75_s5,11000,10,800,,
full_N2000_K100_w_rate_0p75_s5,12000,10,800,,
full_N2000_K100_w_rate_0p75_s5,13000,10,800,,
full_N2000_K100_w_rate_0p75_s5,14000,10,800,,
full_N2000_K100_w_rate_0p75_s5,15000,10,800,,
full_N2000_K100_w_rate_0p75_s5,16000,10,800,,
full_N2000_K100_w_rate_0p75_s5,17000,10,800,,
full_N2000_K100_w_rate_0p75_s5,18000,10,800,,
full_N2000_K100_w_rate_0p75_s5,19000,10,800,,
full_N2000_K100_w_rate_0p75_s5,20000,10,800,,
full_N2000_K100_w_rate_1p25_s1,1000,10,800,,
full_N2000_K100_w_rate_1p25_s1,2000,10,800,,
full_N2000_K100_w_rate_1p25_s1,3000,10,800,,
full_N2000_K100_w_rate_1p25_s1,4000,10,800,,
full_N2000_K100_w_rate_1p25_s1,5000,10,800,,
full_N2000_K100_w_rate_1p25_s1,6000,10,800,,
full_N2000_K100_w_rate_1p25_s1,7000,10,800,,
full_N2000_K100_w_rate_1p25_s1,8000,10,800,,
full_N2000_K100_w_rate_1p25_s1,9000,10,800,,
full_N2000_K100_w_rate_1p25_s1,10000,10,800,,
full_N2000_K100_w_rate_1p25_s1,11000,10,800,,
full_N2000_K100_w_rate_1p25_s1,12000,10,800,,
full_N2000_K100_w_rate_1p25_s1,13000,10,800,,
full_N2000_K100_w_rate_1p25_s1,14000,10,800,,
full_N2000_K100_w_rate_1p25_s1,15000,10,800,,
full_N2000_K100_w_rate_1p25_s1,16000,10,800,,
full_N2000_K100_w_rate_1p25_s1,17000,10,800,,
full_N2000_K100_w_rate_1p25_s1,18000,10,800,,
full_N2000_K100_w_rate_1p25_s1,19000,10,800,,
full_N2000_K100_w_rate_1p25_s1,20000,10,800,,
full_N2000_K100_w_rate_1p25_s2,1000,10,800,,
full_N2000_K100_w_rate_1p25_s2,2000,10,800,,
full_N2000_K100_w_rate_1p25_s2,3000,10,800,,
full_N2000_K100_w_rate_1p25_s2,4000,10,800,,
full_N2000_K100_w_rate_1p25_s2,5000,10,800,,
full_N2000_K100_w_rate_1p25_s2,6000,10,800,,
full_N2000_K100_w_rate_1p25_s2,7000,10,800,,
full_N2000_K100_w_rate_1p25_s2,8000,10,800,,
full_N2000_K100_w_rate_1p25_s2,9000,10,800,,
full_N2000_K100_w_rate_1p25_s2,10000,10,800,,
full_N2000_K100_w_rate_1p25_s2,11000,10,800,,
full_N2000_K100_w_rate_1p25_s2,12000,10,800,,
full_N2000_K100_w_rate_1p25_s2,13000,10,800,,
full_N2000_K100_w_rate_1p25_s2,14000,10,800,,
full_N2000_K100_w_rate_1p25_s2,15000,10,800,,
full_N2000_K100_w_rate_1p25_s2,16000,10,800,,
full_N2000_K100_w_rate_1p25_s2,17000,10,800,,
full_N2000_K100_w_rate_1p25_s2,18000,10,800,,
full_N2000_K100_w_rate_1p25_s2,19000,10,800,,
full_N2000_K100_w_rate_1p25_s2,20000,10,800,,
full_N2000_K100_w_rate_1p25_s3,1000,10,800,,
full_N2000_K100_w_rate_1p25_s3,2000,10,800,,
full_N2000_K100_w_rate_1p25_s3,3000,10,800,,
full_N2000_K100_w_rate_1p25_s3,4000,10,800,,
full_N2000_K100_w_rate_1p25_s3,5000,10,800,,
full_N2000_K100_w_rate_1p25_s3,6000,10,800,,
full_N2000_K100_w_rate_1p25_s3,7000,10,800,,
full_N2000_K100_w_rate_1p25_s3,8000,10,800,,
full_N2000_K100_w_rate_1p25_s3,9000,10,800,,
full_N2000_K100_w_rate_1p25_s3,10000,10,800,,
full_N2000_K100_w_rate_1p25_s3,11000,10,800,,
full_N2000_K100_w_rate_1p25_s3,12000,10,800,,
full_N2000_K100_w_rate_1p25_s3,13000,10,800,,
full_N2000_K100_w_rate_1p25_s3,14000,10,800,,
full_N2000_K100_w_rate_1p25_s3,15000,10,800,,
full_N2000_K100_w_rate_1p25_s3,16000,10,800,,
full_N2000_K100_w_rate_1p25_s3,17000,10,800,,
full_N2000_K100_w_rate_1p25_s3,18000,10,800,,
full_N2000_K100_w_rate_1p25_s3,19000,10,800,,
full_N2000_K100_w_rate_1p25_s3,20000,10,800,,
full_N2000_K100_w_rate_1p25_s4,1000,10,800,,
full_N2000_K100_w_rate_1p25_s4,2000,10,800,,
full_N2000_K100_w_rate_1p25_s4,3000,10,800,,
full_N2000_K100_w_rate_1p25_s4,4000,10,800,,
full_N2000_K100_w_rate_1p25_s4,5000,10,800,,
full_N2000_K100_w_rate_1p25_s4,6000,10,800,,
full_N2000_K100_w_rate_1p25_s4,7000,10,800,,
full_N2000_K100_w_rate_1p25_s4,8000,10,800,,
full_N2000_K100_w_rate_1p25_s4,9000,10,800,,
full_N2000_K100_w_rate_1p25_s4,10000,10,800,,
full_N2000_K100_w_rate_1p25_s4,11000,10,800,,
full_N2000_K100_w_rate_1p25_s4,12000,10,800,,
full_N2000_K100_w_rate_1p25_s4,13000,10,800,,
full_N2000_K100_w_rate_1p25_s4,14000,10,800,,
full_N2000_K100_w_rate_1p25_s4,15000,10,800,,
full_N2000_K100_w_rate_1p25_s4,16000,10,800,,
full_N2000_K100_w_rate_1p25_s4,17000,10,800,,
full_N2000_K100_w_rate_1p25_s4,18000,10,800,,
full_N2000_K100_w_rate_1p25_s4,19000,10,800,,
full_N2000_K100_w_rate_1p25_s4,20000,10,800,,
full_N2000_K100_w_rate_1p25_s5,1000,10,800,,
full_N2000_K100_w_rate_1p25_s5,2000,10,800,,
full_N2000_K100_w_rate_1p25_s5,3000,10,800,,
full_N2000_K100_w_rate_1p25_s5,4000,10,800,,
full_N2000_K100_w_rate_1p25_s5,5000,10,800,,
full_N2000_K100_w_rate_1p25_s5,6000,10,800,,
full_N2000_K100_w_rate_1p25_s5,7000,10,800,,
full_N2000_K100_w_rate_1p25_s5,8000,10,800,,
full_N2000_K100_w_rate_1p25_s5,9000,10,800,,
full_N2000_K100_w_rate_1p25_s5,10000,10,800,,
full_N2000_K100_w_rate_1p25_s5,11000,10,800,,
full_N2000_K100_w_rate_1p25_s5,12000,10,800,,
full_N2000_K100_w_rate_1p25_s5,13000,10,800,,
full_N2000_K100_w_rate_1p25_s5,14000,10,800,,
full_N2000_K100_w_rate_1p25_s5,15000,10,800,,
full_N2000_K100_w_rate_1p25_s5,16000,10,800,,
full_N2000_K100_w_rate_1p25_s5,17000,10,800,,
full_N2000_K100_w_rate_1p25_s5,18000,10,800,,
full_N2000_K100_w_rate_1p25_s5,19000,10,800,,
full_N2000_K100_w_rate_1p25_s5,20000,10,800,,
full_N2000_K100_w_rate_1p5_s1,1000,10,800,,
full_N2000_K100_w_rate_1p5_s1,2000,10,800,,
full_N2000_K100_w_rate_1p5_s1,3000,10,800,,
full_N2000_K100_w_rate_1p5_s1,4000,10,800,,
full_N2000_K100_w_rate_1p5_s1,5000,10,800,,
full_N2000_K100_w_rate_1p5_s1,6000,10,800,,
full_N2000_K100_w_rate_1p5_s1,7000,10,800,,
full_N2000_K100_w_rate_1p5_s1,8000,10,800,,
full_N2000_K100_w_rate_1p5_s1,9000,10,800,,
full_N2000_K100_w_rate_1p5_s1,10000,10,800,,
full_N2000_K100_w_rate_1p5_s1,11000,10,800,,
full_N2000_K100_w_rate_1p5_s1,12000,10,800,,
full_N2000_K100_w_rate_1p5_s1,13000,10,800,,
full_N2000_K100_w_rate_1p5_s1,14000,10,800,,
full_N2000_K100_w_rate_1p5_s1,15000,10,800,,
full_N2000_K100_w_rate_1p5_s1,16000,10,800,,
full_N2000_K100_w_rate_1p5_s1,17000,10,800,,
full_N2000_K100_w_rate_1p5_s1,18000,10,800,,
full_N2000_K100_w_rate_1p5_s1,19000,10,800,,
full_N2000_K100_w_rate_1p5_s1,20000,10,800,,
full_N2000_K100_w_rate_1p5_s2,1000,10,800,,
full_N2000_K100_w_rate_1p5_s2,2000,10,800,,
full_N2000_K100_w_rate_1p5_s2,3000,10,800,,
full_N2000_K100_w_rate_1p5_s2,4000,10,800,,
full_N2000_K100_w_rate_1p5_s2,5000,10,800,,
full_N2000_K100_w_rate_1p5_s2,6000,10,800,,
full_N2000_K100_w_rate_1p5_s2,7000,10,800,,
full_N2000_K100_w_rate_1p5_s2,8000,10,800,,
full_N2000_K100_w_rate_1p5_s2,9000,10,800,,
full_N2000_K100_w_rate_1p5_s2,10000,10,800,,
full_N2000_K100_w_rate_1p5_s2,11000,10,800,,
full_N2000_K100_w_rate_1p5_s2,12000,10,800,,
full_N2000_K100_w_rate_1p5_s2,13000,10,800,,
full_N2000_K100_w_rate_1p5_s2,14000,10,800,,
full_N2000_K100_w_rate_1p5_s2,15000,10,800,,
full_N2000_K100_w_rate_1p5_s2,16000,10,800,,
full_N2000_K100_w_rate_1p5_s2,17000,10,800,,
full_N2000_K100_w_rate_1p5_s2,18000,10,800,,
full_N2000_K100_w_rate_1p5_s2,19000,10,800,,
full_N2000_K100_w_rate_1p5_s2,20000,10,800,,
full_N2000_K100_w_rate_1p5_s3,1000,10,800,,
full_N2000_K100_w_rate_1p5_s3,2000,10,800,,
full_N2000_K100_w_rate_1p5_s3,3000,10,800,,
full_N2000_K100_w_rate_1p5_s3,4000,10,800,,
full_N2000_K100_w_rate_1p5_s3,5000,10,800,,
full_N2000_K100_w_rate_1p5_s3,6000,10,800,,
full_N2000_K100_w_rate_1p5_s3,7000,10,800,,
full_N2000_K100_w_rate_1p5_s3,8000,10,800,,
full_N2000_K100_w_rate_1p5_s3,9000,10,800,,
full_N2000_K100_w_rate_1p5_s3,10000,10,800,,
full_N2000_K100_w_rate_1p5_s3,11000,10,800,,
full_N2000_K100_w_rate_1p5_s3,12000,10,800,,
full_N2000_K100_w_rate_1p5_s3,13000,10,800,,
full_N2000_K100_w_rate_1p5_s3,14000,10,800,,
full_N2000_K100_w_rate_1p5_s3,15000,10,800,,
full_N2000_K100_w_rate_1p5_s3,16000,10,800,,
full_N2000_K100_w_rate_1p5_s3,17000,10,800,,
full_N2000_K100_w_rate_1p5_s3,18000,10,800,,
full_N2000_K100_w_rate_1p5_s3,19000,10,800,,
full_N2000_K100_w_rate_1p5_s3,20000,10,800,,
full_N2000_K100_w_rate_1p5_s4,1000,10,800,,
full_N2000_K100_w_rate_1p5_s4,2000,10,800,,
full_N2000_K100_w_rate_1p5_s4,3000,10,800,,
full_N2000_K100_w_rate_1p5_s4,4000,10,800,,
full_N2000_K100_w_rate_1p5_s4,5000,10,800,,
full_N2000_K100_w_rate_1p5_s4,6000,10,800,,
full_N2000_K100_w_rate_1p5_s4,7000,10,800,,
full_N2000_K100_w_rate_1p5_s4,8000,10,800,,
full_N2000_K100_w_rate_1p5_s4,9000,10,800,,
full_N2000_K100_w_rate_1p5_s4,10000,10,800,,
full_N2000_K100_w_rate_1p5_s4,11000,10,800,,
full_N2000_K100_w_rate_1p5_s4,12000,10,800,,
full_N2000_K100_w_rate_1p5_s4,13000,10,800,,
full_N2000_K100_w_rate_1p5_s4,14000,10,800,,
full_N2000_K100_w_rate_1p5_s4,15000,10,800,,
full_N2000_K100_w_rate_1p5_s4,16000,10,800,,
full_N2000_K100_w_rate_1p5_s4,17000,10,800,,
full_N2000_K100_w_rate_1p5_s4,18000,10,800,,
full_N2000_K100_w_rate_1p5_s4,19000,10,800,,
full_N2000_K100_w_rate_1p5_s4,20000,10,800,,
full_N2000_K100_w_rate_1p5_s5,1000,10,800,,
full_N2000_K100_w_rate_1p5_s5,2000,10,800,,
full_N2000_K100_w_rate_1p5_s5,3000,10,800,,
full_N2000_K100_w_rate_1p5_s5,4000,10,800,,
full_N2000_K100_w_rate_1p5_s5,5000,10,800,,
full_N2000_K100_w_rate_1p5_s5,6000,10,800,,
full_N2000_K100_w_rate_1p5_s5,7000,10,800,,
full_N2000_K100_w_rate_1p5_s5,8000,10,800,,
full_N2000_K100_w_rate_1p5_s5,9000,10,800,,
full_N2000_K100_w_rate_1p5_s5,10000,10,800,,
full_N2000_K100_w_rate_1p5_s5,11000,10,800,,
full_N2000_K100_w_rate_1p5_s5,12000,10,800,,
full_N2000_K100_w_rate_1p5_s5,13000,10,800,,
full_N2000_K100_w_rate_1p5_s5,14000,10,800,,
full_N2000_K100_w_rate_1p5_s5,15000,10,800,,
full_N2000_K100_w_rate_1p5_s5,16000,10,800,,
full_N2000_K100_w_rate_1p5_s5,17000,10,800,,
full_N2000_K100_w_rate_1p5_s5,18000,10,800,,
full_N2000_K100_w_rate_1p5_s5,19000,10,800,,
full_N2000_K100_w_rate_1p5_s5,20000,10,800,,
