case_id,training_seed,episode_id,raw_episode_index_zero_based,N_sat,K,H,raw_file
full_N500_K100_H50_nominal_t0p05,1,T001,0,500,100,50,raw/v14_001.npz
full_N500_K100_H50_nominal_t0p05,1,T002,1,500,100,50,raw/v14_001.npz
full_N500_K100_H50_nominal_t0p05,1,T003,2,500,100,50,raw/v14_001.npz
full_N500_K100_H50_nominal_t0p05,1,T004,3,500,100,50,raw/v14_001.npz
full_N500_K100_H50_nominal_t0p05,1,T005,4,500,100,50,raw/v14_001.npz
full_N500_K100_H50_nominal_t0p05,1,T006,5,500,100,50,raw/v14_001.npz
full_N500_K100_H50_nominal_t0p05,1,T007,6,500,100,50,raw/v14_001.npz
full_N500_K100_H50_nominal_t0p05,1,T008,7,500,100,50,raw/v14_001.npz
full_N500_K100_H50_nominal_t0p05,1,T009,8,500,100,50,raw/v14_001.npz
full_N500_K100_H50_nominal_t0p05,1,T010,9,500,100,50,raw/v14_001.npz
full_N500_K100_H50_nominal_t0p05,1,T011,10,500,100,50,raw/v14_001.npz
full_N500_K100_H50_nominal_t0p05,1,T012,11,500,100,50,raw/v14_001.npz
full_N500_K100_H50_nominal_t0p05,1,T013,12,500,100,50,raw/v14_001.npz
full_N500_K100_H50_nominal_t0p05,1,T014,13,500,100,50,raw/v14_001.npz
full_N500_K100_H50_nominal_t0p05,1,T015,14,500,100,50,raw/v14_001.npz
full_N500_K100_H50_nominal_t0p05,1,T016,15,500,100,50,raw/v14_001.npz
full_N500_K100_H50_nominal_t0p05,1,T017,16,500,100,50,raw/v14_001.npz
full_N500_K100_H50_nominal_t0p05,1,T018,17,500,100,50,raw/v14_001.npz
full_N500_K100_H50_nominal_t0p05,1,T019,18,500,100,50,raw/v14_001.npz
full_N500_K100_H50_nominal_t0p05,1,T020,19,500,100,50,raw/v14_001.npz
full_N500_K100_H50_nominal_t0p05,1,T021,20,500,100,50,raw/v14_001.npz
full_N500_K100_H50_nominal_t0p05,1,T022,21,500,100,50,raw/v14_001.npz
full_N500_K100_H50_nominal_t0p05,1,T023,22,500,100,50,raw/v14_001.npz
full_N500_K100_H50_nominal_t0p05,1,T024,23,500,100,50,raw/v14_001.npz
full_N500_K100_H50_nominal_t0p05,1,T025,24,500,100,50,raw/v14_001.npz
full_N500_K100_H50_nominal_t0p05,1,T026,25,500,100,50,raw/v14_001.npz
full_N500_K100_H50_nominal_t0p05,1,T027,26,500,100,50,raw/v14_001.npz
full_N500_K100_H50_nominal_t0p05,1,T028,27,500,100,50,raw/v14_001.npz
full_N500_K100_H50_nominal_t0p05,1,T029,28,500,100,50,raw/v14_001.npz
full_N500_K100_H50_nominal_t0p05,1,T030,29,500,100,50,raw/v14_001.npz
full_N500_K100_H50_nominal_t0p05,2,T001,0,500,100,50,raw/v14_002.npz
full_N500_K100_H50_nominal_t0p05,2,T002,1,500,100,50,raw/v14_002.npz
full_N500_K100_H50_nominal_t0p05,2,T003,2,500,100,50,raw/v14_002.npz
full_N500_K100_H50_nominal_t0p05,2,T004,3,500,100,50,raw/v14_002.npz
full_N500_K100_H50_nominal_t0p05,2,T005,4,500,100,50,raw/v14_002.npz
full_N500_K100_H50_nominal_t0p05,2,T006,5,500,100,50,raw/v14_002.npz
full_N500_K100_H50_nominal_t0p05,2,T007,6,500,100,50,raw/v14_002.npz
full_N500_K100_H50_nominal_t0p05,2,T008,7,500,100,50,raw/v14_002.npz
full_N500_K100_H50_nominal_t0p05,2,T009,8,500,100,50,raw/v14_002.npz
full_N500_K100_H50_nominal_t0p05,2,T010,9,500,100,50,raw/v14_002.npz
full_N500_K100_H50_nominal_t0p05,2,T011,10,500,100,50,raw/v14_002.npz
full_N500_K100_H50_nominal_t0p05,2,T012,11,500,100,50,raw/v14_002.npz
full_N500_K100_H50_nominal_t0p05,2,T013,12,500,100,50,raw/v14_002.npz
full_N500_K100_H50_nominal_t0p05,2,T014,13,500,100,50,raw/v14_002.npz
full_N500_K100_H50_nominal_t0p05,2,T015,14,500,100,50,raw/v14_002.npz
full_N500_K100_H50_nominal_t0p05,2,T016,15,500,100,50,raw/v14_002.npz
full_N500_K100_H50_nominal_t0p05,2,T017,16,500,100,50,raw/v14_002.npz
full_N500_K100_H50_nominal_t0p05,2,T018,17,500,100,50,raw/v14_002.npz
full_N500_K100_H50_nominal_t0p05,2,T019,18,500,100,50,raw/v14_002.npz
full_N500_K100_H50_nominal_t0p05,2,T020,19,500,100,50,raw/v14_002.npz
full_N500_K100_H50_nominal_t0p05,2,T021,20,500,100,50,raw/v14_002.npz
full_N500_K100_H50_nominal_t0p05,2,T022,21,500,100,50,raw/v14_002.npz
full_N500_K100_H50_nominal_t0p05,2,T023,22,500,100,50,raw/v14_002.npz
full_N500_K100_H50_nominal_t0p05,2,T024,23,500,100,50,raw/v14_002.npz
full_N500_K100_H50_nominal_t0p05,2,T025,24,500,100,50,raw/v14_002.npz
full_N500_K100_H50_nominal_t0p05,2,T026,25,500,100,50,raw/v14_002.npz
full_N500_K100_H50_nominal_t0p05,2,T027,26,500,100,50,raw/v14_002.npz
full_N500_K100_H50_nominal_t0p05,2,T028,27,500,100,50,raw/v14_002.npz
full_N500_K100_H50_nominal_t0p05,2,T029,28,500,100,50,raw/v14_002.npz
full_N500_K100_H50_nominal_t0p05,2,T030,29,500,100,50,raw/v14_002.npz
full_N500_K100_H50_nominal_t0p05,3,T001,0,500,100,50,raw/v14_003.npz
full_N500_K100_H50_nominal_t0p05,3,T002,1,500,100,50,raw/v14_003.npz
full_N500_K100_H50_nominal_t0p05,3,T003,2,500,100,50,raw/v14_003.npz
full_N500_K100_H50_nominal_t0p05,3,T004,3,500,100,50,raw/v14_003.npz
full_N500_K100_H50_nominal_t0p05,3,T005,4,500,100,50,raw/v14_003.npz
full_N500_K100_H50_nominal_t0p05,3,T006,5,500,100,50,raw/v14_003.npz
full_N500_K100_H50_nominal_t0p05,3,T007,6,500,100,50,raw/v14_003.npz
full_N500_K100_H50_nominal_t0p05,3,T008,7,500,100,50,raw/v14_003.npz
full_N500_K100_H50_nominal_t0p05,3,T009,8,500,100,50,raw/v14_003.npz
full_N500_K100_H50_nominal_t0p05,3,T010,9,500,100,50,raw/v14_003.npz
full_N500_K100_H50_nominal_t0p05,3,T011,10,500,100,50,raw/v14_003.npz
full_N500_K100_H50_nominal_t0p05,3,T012,11,500,100,50,raw/v14_003.npz
full_N500_K100_H50_nominal_t0p05,3,T013,12,500,100,50,raw/v14_003.npz
full_N500_K100_H50_nominal_t0p05,3,T014,13,500,100,50,raw/v14_003.npz
full_N500_K100_H50_nominal_t0p05,3,T015,14,500,100,50,raw/v14_003.npz
full_N500_K100_H50_nominal_t0p05,3,T016,15,500,100,50,raw/v14_003.npz
full_N500_K100_H50_nominal_t0p05,3,T017,16,500,100,50,raw/v14_003.npz
full_N500_K100_H50_nominal_t0p05,3,T018,17,500,100,50,raw/v14_003.npz
full_N500_K100_H50_nominal_t0p05,3,T019,18,500,100,50,raw/v14_003.npz
full_N500_K100_H50_nominal_t0p05,3,T020,19,500,100,50,raw/v14_003.npz
full_N500_K100_H50_nominal_t0p05,3,T021,20,500,100,50,raw/v14_003.npz
full_N500_K100_H50_nominal_t0p05,3,T022,21,500,100,50,raw/v14_003.npz
full_N500_K100_H50_nominal_t0p05,3,T023,22,500,100,50,raw/v14_003.npz
full_N500_K100_H50_nominal_t0p05,3,T024,23,500,100,50,raw/v14_003.npz
full_N500_K100_H50_nominal_t0p05,3,T025,24,500,100,50,raw/v14_003.npz
full_N500_K100_H50_nominal_t0p05,3,T026,25,500,100,50,raw/v14_003.npz
full_N500_K100_H50_nominal_t0p05,3,T027,26,500,100,50,raw/v14_003.npz
full_N500_K100_H50_nominal_t0p05,3,T028,27,500,100,50,raw/v14_003.npz
full_N500_K100_H50_nominal_t0p05,3,T029,28,500,100,50,raw/v14_003.npz
full_N500_K100_H50_nominal_t0p05,3,T030,29,500,100,50,raw/v14_003.npz
full_N500_K100_H50_nominal_t0p05,4,T001,0,500,100,50,raw/v14_004.npz
full_N500_K100_H50_nominal_t0p05,4,T002,1,500,100,50,raw/v14_004.npz
full_N500_K100_H50_nominal_t0p05,4,T003,2,500,100,50,raw/v14_004.npz
full_N500_K100_H50_nominal_t0p05,4,T004,3,500,100,50,raw/v14_004.npz
full_N500_K100_H50_nominal_t0p05,4,T005,4,500,100,50,raw/v14_004.npz
full_N500_K100_H50_nominal_t0p05,4,T006,5,500,100,50,raw/v14_004.npz
full_N500_K100_H50_nominal_t0p05,4,T007,6,500,100,50,raw/v14_004.npz
full_N500_K100_H50_nominal_t0p05,4,T008,7,500,100,50,raw/v14_004.npz
full_N500_K100_H50_nominal_t0p05,4,T009,8,500,100,50,raw/v14_004.npz
full_N500_K100_H50_nominal_t0p05,4,T010,9,500,100,50,raw/v14_004.npz
full_N500_K100_H50_nominal_t0p05,4,T011,10,500,100,50,raw/v14_004.npz
full_N500_K100_H50_nominal_t0p05,4,T012,11,500,100,50,raw/v14_004.npz
full_N500_K100_H50_nominal_t0p05,4,T013,12,500,100,50,raw/v14_004.npz
full_N500_K100_H50_nominal_t0p05,4,T014,13,500,100,50,raw/v14_004.npz
full_N500_K100_H50_nominal_t0p05,4,T015,14,500,100,50,raw/v14_004.npz
full_N500_K100_H50_nominal_t0p05,4,T016,15,500,100,50,raw/v14_004.npz
full_N500_K100_H50_nominal_t0p05,4,T017,16,500,100,50,raw/v14_004.npz
full_N500_K100_H50_nominal_t0p05,4,T018,17,500,100,50,raw/v14_004.npz
full_N500_K100_H50_nominal_t0p05,4,T019,18,500,100,50,raw/v14_004.npz
full_N500_K100_H50_nominal_t0p05,4,T020,19,500,100,50,raw/v14_004.npz
full_N500_K100_H50_nominal_t0p05,4,T021,20,500,100,50,raw/v14_004.npz
full_N500_K100_H50_nominal_t0p05,4,T022,21,500,100,50,raw/v14_004.npz
full_N500_K100_H50_nominal_t0p05,4,T023,22,500,100,50,raw/v14_004.npz
full_N500_K100_H50_nominal_t0p05,4,T024,23,500,100,50,raw/v14_004.npz
full_N500_K100_H50_nominal_t0p05,4,T025,24,500,100,50,raw/v14_004.npz
full_N500_K100_H50_nominal_t0p05,4,T026,25,500,100,50,raw/v14_004.npz
full_N500_K100_H50_nominal_t0p05,4,T027,26,500,100,50,raw/v14_004.npz
full_N500_K100_H50_nominal_t0p05,4,T028,27,500,100,50,raw/v14_004.npz
full_N500_K100_H50_nominal_t0p05,4,T029,28,500,100,50,raw/v14_004.npz
full_N500_K100_H50_nominal_t0p05,4,T030,29,500,100,50,raw/v14_004.npz
full_N500_K100_H50_nominal_t0p05,5,T001,0,500,100,50,raw/v14_005.npz
full_N500_K100_H50_nominal_t0p05,5,T002,1,500,100,50,raw/v14_005.npz
full_N500_K100_H50_nominal_t0p05,5,T003,2,500,100,50,raw/v14_005.npz
full_N500_K100_H50_nominal_t0p05,5,T004,3,500,100,50,raw/v14_005.npz
full_N500_K100_H50_nominal_t0p05,5,T005,4,500,100,50,raw/v14_005.npz
full_N500_K100_H50_nominal_t0p05,5,T006,5,500,100,50,raw/v14_005.npz
full_N500_K100_H50_nominal_t0p05,5,T007,6,500,100,50,raw/v14_005.npz
full_N500_K100_H50_nominal_t0p05,5,T008,7,500,100,50,raw/v14_005.npz
full_N500_K100_H50_nominal_t0p05,5,T009,8,500,100,50,raw/v14_005.npz
full_N500_K100_H50_nominal_t0p05,5,T010,9,500,100,50,raw/v14_005.npz
full_N500_K100_H50_nominal_t0p05,5,T011,10,500,100,50,raw/v14_005.npz
full_N500_K100_H50_nominal_t0p05,5,T012,11,500,100,50,raw/v14_005.npz
full_N500_K100_H50_nominal_t0p05,5,T013,12,500,100,50,raw/v14_005.npz
full_N500_K100_H50_nominal_t0p05,5,T014,13,500,100,50,raw/v14_005.npz
full_N500_K100_H50_nominal_t0p05,5,T015,14,500,100,50,raw/v14_005.npz
full_N500_K100_H50_nominal_t0p05,5,T016,15,500,100,50,raw/v14_005.npz
full_N500_K100_H50_nominal_t0p05,5,T017,16,500,100,50,raw/v14_005.npz
full_N500_K100_H50_nominal_t0p05,5,T018,17,500,100,50,raw/v14_005.npz
full_N500_K100_H50_nominal_t0p05,5,T019,18,500,100,50,raw/v14_005.npz
full_N500_K100_H50_nominal_t0p05,5,T020,19,500,100,50,raw/v14_005.npz
full_N500_K100_H50_nominal_t0p05,5,T021,20,500,100,50,raw/v14_005.npz
full_N500_K100_H50_nominal_t0p05,5,T022,21,500,100,50,raw/v14_005.npz
full_N500_K100_H50_nominal_t0p05,5,T023,22,500,100,50,raw/v14_005.npz
full_N500_K100_H50_nominal_t0p05,5,T024,23,500,100,50,raw/v14_005.npz
full_N500_K100_H50_nominal_t0p05,5,T025,24,500,100,50,raw/v14_005.npz
full_N500_K100_H50_nominal_t0p05,5,T026,25,500,100,50,raw/v14_005.npz
full_N500_K100_H50_nominal_t0p05,5,T027,26,500,100,50,raw/v14_005.npz
full_N500_K100_H50_nominal_t0p05,5,T028,27,500,100,50,raw/v14_005.npz
full_N500_K100_H50_nominal_t0p05,5,T029,28,500,100,50,raw/v14_005.npz
full_N500_K100_H50_nominal_t0p05,5,T030,29,500,100,50,raw/v14_005.npz
full_N500_K100_H200_nominal_t0p05,1,T001,0,500,100,200,raw/v14_001.npz
full_N500_K100_H200_nominal_t0p05,1,T002,1,500,100,200,raw/v14_001.npz
full_N500_K100_H200_nominal_t0p05,1,T003,2,500,100,200,raw/v14_001.npz
full_N500_K100_H200_nominal_t0p05,1,T004,3,500,100,200,raw/v14_001.npz
full_N500_K100_H200_nominal_t0p05,1,T005,4,500,100,200,raw/v14_001.npz
full_N500_K100_H200_nominal_t0p05,1,T006,5,500,100,200,raw/v14_001.npz
full_N500_K100_H200_nominal_t0p05,1,T007,6,500,100,200,raw/v14_001.npz
full_N500_K100_H200_nominal_t0p05,1,T008,7,500,100,200,raw/v14_001.npz
full_N500_K100_H200_nominal_t0p05,1,T009,8,500,100,200,raw/v14_001.npz
full_N500_K100_H200_nominal_t0p05,1,T010,9,500,100,200,raw/v14_001.npz
full_N500_K100_H200_nominal_t0p05,1,T011,10,500,100,200,raw/v14_001.npz
full_N500_K100_H200_nominal_t0p05,1,T012,11,500,100,200,raw/v14_001.npz
full_N500_K100_H200_nominal_t0p05,1,T013,12,500,100,200,raw/v14_001.npz
full_N500_K100_H200_nominal_t0p05,1,T014,13,500,100,200,raw/v14_001.npz
full_N500_K100_H200_nominal_t0p05,1,T015,14,500,100,200,raw/v14_001.npz
full_N500_K100_H200_nominal_t0p05,1,T016,15,500,100,200,raw/v14_001.npz
full_N500_K100_H200_nominal_t0p05,1,T017,16,500,100,200,raw/v14_001.npz
full_N500_K100_H200_nominal_t0p05,1,T018,17,500,100,200,raw/v14_001.npz
full_N500_K100_H200_nominal_t0p05,1,T019,18,500,100,200,raw/v14_001.npz
full_N500_K100_H200_nominal_t0p05,1,T020,19,500,100,200,raw/v14_001.npz
full_N500_K100_H200_nominal_t0p05,1,T021,20,500,100,200,raw/v14_001.npz
full_N500_K100_H200_nominal_t0p05,1,T022,21,500,100,200,raw/v14_001.npz
full_N500_K100_H200_nominal_t0p05,1,T023,22,500,100,200,raw/v14_001.npz
full_N500_K100_H200_nominal_t0p05,1,T024,23,500,100,200,raw/v14_001.npz
full_N500_K100_H200_nominal_t0p05,1,T025,24,500,100,200,raw/v14_001.npz
full_N500_K100_H200_nominal_t0p05,1,T026,25,500,100,200,raw/v14_001.npz
full_N500_K100_H200_nominal_t0p05,1,T027,26,500,100,200,raw/v14_001.npz
full_N500_K100_H200_nominal_t0p05,1,T028,27,500,100,200,raw/v14_001.npz
full_N500_K100_H200_nominal_t0p05,1,T029,28,500,100,200,raw/v14_001.npz
full_N500_K100_H200_nominal_t0p05,1,T030,29,500,100,200,raw/v14_001.npz
full_N500_K100_H200_nominal_t0p05,2,T001,0,500,100,200,raw/v14_002.npz
full_N500_K100_H200_nominal_t0p05,2,T002,1,500,100,200,raw/v14_002.npz
full_N500_K100_H200_nominal_t0p05,2,T003,2,500,100,200,raw/v14_002.npz
full_N500_K100_H200_nominal_t0p05,2,T004,3,500,100,200,raw/v14_002.npz
full_N500_K100_H200_nominal_t0p05,2,T005,4,500,100,200,raw/v14_002.npz
full_N500_K100_H200_nominal_t0p05,2,T006,5,500,100,200,raw/v14_002.npz
full_N500_K100_H200_nominal_t0p05,2,T007,6,500,100,200,raw/v14_002.npz
full_N500_K100_H200_nominal_t0p05,2,T008,7,500,100,200,raw/v14_002.npz
full_N500_K100_H200_nominal_t0p05,2,T009,8,500,100,200,raw/v14_002.npz
full_N500_K100_H200_nominal_t0p05,2,T010,9,500,100,200,raw/v14_002.npz
full_N500_K100_H200_nominal_t0p05,2,T011,10,500,100,200,raw/v14_002.npz
full_N500_K100_H200_nominal_t0p05,2,T012,11,500,100,200,raw/v14_002.npz
full_N500_K100_H200_nominal_t0p05,2,T013,12,500,100,200,raw/v14_002.npz
full_N500_K100_H200_nominal_t0p05,2,T014,13,500,100,200,raw/v14_002.npz
full_N500_K100_H200_nominal_t0p05,2,T015,14,500,100,200,raw/v14_002.npz
full_N500_K100_H200_nominal_t0p05,2,T016,15,500,100,200,raw/v14_002.npz
full_N500_K100_H200_nominal_t0p05,2,T017,16,500,100,200,raw/v14_002.npz
full_N500_K100_H200_nominal_t0p05,2,T018,17,500,100,200,raw/v14_002.npz
full_N500_K100_H200_nominal_t0p05,2,T019,18,500,100,200,raw/v14_002.npz
full_N500_K100_H200_nominal_t0p05,2,T020,19,500,100,200,raw/v14_002.npz
full_N500_K100_H200_nominal_t0p05,2,T021,20,500,100,200,raw/v14_002.npz
full_N500_K100_H200_nominal_t0p05,2,T022,21,500,100,200,raw/v14_002.npz
full_N500_K100_H200_nominal_t0p05,2,T023,22,500,100,200,raw/v14_002.npz
full_N500_K100_H200_nominal_t0p05,2,T024,23,500,100,200,raw/v14_002.npz
full_N500_K100_H200_nominal_t0p05,2,T025,24,500,100,200,raw/v14_002.npz
full_N500_K100_H200_nominal_t0p05,2,T026,25,500,100,200,raw/v14_002.npz
full_N500_K100_H200_nominal_t0p05,2,T027,26,500,100,200,raw/v14_002.npz
full_N500_K100_H200_nominal_t0p05,2,T028,27,500,100,200,raw/v14_002.npz
full_N500_K100_H200_nominal_t0p05,2,T029,28,500,100,200,raw/v14_002.npz
full_N500_K100_H200_nominal_t0p05,2,T030,29,500,100,200,raw/v14_002.npz
full_N500_K100_H200_nominal_t0p05,3,T001,0,500,100,200,raw/v14_003.npz
full_N500_K100_H200_nominal_t0p05,3,T002,1,500,100,200,raw/v14_003.npz
full_N500_K100_H200_nominal_t0p05,3,T003,2,500,100,200,raw/v14_003.npz
full_N500_K100_H200_nominal_t0p05,3,T004,3,500,100,200,raw/v14_003.npz
full_N500_K100_H200_nominal_t0p05,3,T005,4,500,100,200,raw/v14_003.npz
full_N500_K100_H200_nominal_t0p05,3,T006,5,500,100,200,raw/v14_003.npz
full_N500_K100_H200_nominal_t0p05,3,T007,6,500,100,200,raw/v14_003.npz
full_N500_K100_H200_nominal_t0p05,3,T008,7,500,100,200,raw/v14_003.npz
full_N500_K100_H200_nominal_t0p05,3,T009,8,500,100,200,raw/v14_003.npz
full_N500_K100_H200_nominal_t0p05,3,T010,9,500,100,200,raw/v14_003.npz
full_N500_K100_H200_nominal_t0p05,3,T011,10,500,100,200,raw/v14_003.npz
full_N500_K100_H200_nominal_t0p05,3,T012,11,500,100,200,raw/v14_003.npz
full_N500_K100_H200_nominal_t0p05,3,T013,12,500,100,200,raw/v14_003.npz
full_N500_K100_H200_nominal_t0p05,3,T014,13,500,100,200,raw/v14_003.npz
full_N500_K100_H200_nominal_t0p05,3,T015,14,500,100,200,raw/v14_003.npz
full_N500_K100_H200_nominal_t0p05,3,T016,15,500,100,200,raw/v14_003.npz
full_N500_K100_H200_nominal_t0p05,3,T017,16,500,100,200,raw/v14_003.npz
full_N500_K100_H200_nominal_t0p05,3,T018,17,500,100,200,raw/v14_003.npz
full_N500_K100_H200_nominal_t0p05,3,T019,18,500,100,200,raw/v14_003.npz
full_N500_K100_H200_nominal_t0p05,3,T020,19,500,100,200,raw/v14_003.npz
full_N500_K100_H200_nominal_t0p05,3,T021,20,500,100,200,raw/v14_003.npz
full_N500_K100_H200_nominal_t0p05,3,T022,21,500,100,200,raw/v14_003.npz
full_N500_K100_H200_nominal_t0p05,3,T023,22,500,100,200,raw/v14_003.npz
full_N500_K100_H200_nominal_t0p05,3,T024,23,500,100,200,raw/v14_003.npz
full_N500_K100_H200_nominal_t0p05,3,T025,24,500,100,200,raw/v14_003.npz
full_N500_K100_H200_nominal_t0p05,3,T026,25,500,100,200,raw/v14_003.npz
full_N500_K100_H200_nominal_t0p05,3,T027,26,500,100,200,raw/v14_003.npz
full_N500_K100_H200_nominal_t0p05,3,T028,27,500,100,200,raw/v14_003.npz
full_N500_K100_H200_nominal_t0p05,3,T029,28,500,100,200,raw/v14_003.npz
full_N500_K100_H200_nominal_t0p05,3,T030,29,500,100,200,raw/v14_003.npz
full_N500_K100_H200_nominal_t0p05,4,T001,0,500,100,200,raw/v14_004.npz
full_N500_K100_H200_nominal_t0p05,4,T002,1,500,100,200,raw/v14_004.npz
full_N500_K100_H200_nominal_t0p05,4,T003,2,500,100,200,raw/v14_004.npz
full_N500_K100_H200_nominal_t0p05,4,T004,3,500,100,200,raw/v14_004.npz
full_N500_K100_H200_nominal_t0p05,4,T005,4,500,100,200,raw/v14_004.npz
full_N500_K100_H200_nominal_t0p05,4,T006,5,500,100,200,raw/v14_004.npz
full_N500_K100_H200_nominal_t0p05,4,T007,6,500,100,200,raw/v14_004.npz
full_N500_K100_H200_nominal_t0p05,4,T008,7,500,100,200,raw/v14_004.npz
full_N500_K100_H200_nominal_t0p05,4,T009,8,500,100,200,raw/v14_004.npz
full_N500_K100_H200_nominal_t0p05,4,T010,9,500,100,200,raw/v14_004.npz
full_N500_K100_H200_nominal_t0p05,4,T011,10,500,100,200,raw/v14_004.npz
full_N500_K100_H200_nominal_t0p05,4,T012,11,500,100,200,raw/v14_004.npz
full_N500_K100_H200_nominal_t0p05,4,T013,12,500,100,200,raw/v14_004.npz
full_N500_K100_H200_nominal_t0p05,4,T014,13,500,100,200,raw/v14_004.npz
full_N500_K100_H200_nominal_t0p05,4,T015,14,500,100,200,raw/v14_004.npz
full_N500_K100_H200_nominal_t0p05,4,T016,15,500,100,200,raw/v14_004.npz
full_N500_K100_H200_nominal_t0p05,4,T017,16,500,100,200,raw/v14_004.npz
full_N500_K100_H200_nominal_t0p05,4,T018,17,500,100,200,raw/v14_004.npz
full_N500_K100_H200_nominal_t0p05,4,T019,18,500,100,200,raw/v14_004.npz
full_N500_K100_H200_nominal_t0p05,4,T020,19,500,100,200,raw/v14_004.npz
full_N500_K100_H200_nominal_t0p05,4,T021,20,500,100,200,raw/v14_004.npz
full_N500_K100_H200_nominal_t0p05,4,T022,21,500,100,200,raw/v14_004.npz
full_N500_K100_H200_nominal_t0p05,4,T023,22,500,100,200,raw/v14_004.npz
full_N500_K100_H200_nominal_t0p05,4,T024,23,500,100,200,raw/v14_004.npz
full_N500_K100_H200_nominal_t0p05,4,T025,24,500,100,200,raw/v14_004.npz
full_N500_K100_H200_nominal_t0p05,4,T026,25,500,100,200,raw/v14_004.npz
full_N500_K100_H200_nominal_t0p05,4,T027,26,500,100,200,raw/v14_004.npz
full_N500_K100_H200_nominal_t0p05,4,T028,27,500,100,200,raw/v14_004.npz
full_N500_K100_H200_nominal_t0p05,4,T029,28,500,100,200,raw/v14_004.npz
full_N500_K100_H200_nominal_t0p05,4,T030,29,500,100,200,raw/v14_004.npz
full_N500_K100_H200_nominal_t0p05,5,T001,0,500,100,200,raw/v14_005.npz
full_N500_K100_H200_nominal_t0p05,5,T002,1,500,100,200,raw/v14_005.npz
full_N500_K100_H200_nominal_t0p05,5,T003,2,500,100,200,raw/v14_005.npz
full_N500_K100_H200_nominal_t0p05,5,T004,3,500,100,200,raw/v14_005.npz
full_N500_K100_H200_nominal_t0p05,5,T005,4,500,100,200,raw/v14_005.npz
full_N500_K100_H200_nominal_t0p05,5,T006,5,500,100,200,raw/v14_005.npz
full_N500_K100_H200_nominal_t0p05,5,T007,6,500,100,200,raw/v14_005.npz
full_N500_K100_H200_nominal_t0p05,5,T008,7,500,100,200,raw/v14_005.npz
full_N500_K100_H200_nominal_t0p05,5,T009,8,500,100,200,raw/v14_005.npz
full_N500_K100_H200_nominal_t0p05,5,T010,9,500,100,200,raw/v14_005.npz
full_N500_K100_H200_nominal_t0p05,5,T011,10,500,100,200,raw/v14_005.npz
full_N500_K100_H200_nominal_t0p05,5,T012,11,500,100,200,raw/v14_005.npz
full_N500_K100_H200_nominal_t0p05,5,T013,12,500,100,200,raw/v14_005.npz
full_N500_K100_H200_nominal_t0p05,5,T014,13,500,100,200,raw/v14_005.npz
full_N500_K100_H200_nominal_t0p05,5,T015,14,500,100,200,raw/v14_005.npz
full_N500_K100_H200_nominal_t0p05,5,T016,15,500,100,200,raw/v14_005.npz
full_N500_K100_H200_nominal_t0p05,5,T017,16,500,100,200,raw/v14_005.npz
full_N500_K100_H200_nominal_t0p05,5,T018,17,500,100,200,raw/v14_005.npz
full_N500_K100_H200_nominal_t0p05,5,T019,18,500,100,200,raw/v14_005.npz
full_N500_K100_H200_nominal_t0p05,5,T020,19,500,100,200,raw/v14_005.npz
full_N500_K100_H200_nominal_t0p05,5,T021,20,500,100,200,raw/v14_005.npz
full_N500_K100_H200_nominal_t0p05,5,T022,21,500,100,200,raw/v14_005.npz
full_N500_K100_H200_nominal_t0p05,5,T023,22,500,100,200,raw/v14_005.npz
full_N500_K100_H200_nominal_t0p05,5,T024,23,500,100,200,raw/v14_005.npz
full_N500_K100_H200_nominal_t0p05,5,T025,24,500,100,200,raw/v14_005.npz
full_N500_K100_H200_nominal_t0p05,5,T026,25,500,100,200,raw/v14_005.npz
full_N500_K100_H200_nominal_t0p05,5,T027,26,500,100,200,raw/v14_005.npz
full_N500_K100_H200_nominal_t0p05,5,T028,27,500,100,200,raw/v14_005.npz
full_N500_K100_H200_nominal_t0p05,5,T029,28,500,100,200,raw/v14_005.npz
full_N500_K100_H200_nominal_t0p05,5,T030,29,500,100,200,raw/v14_005.npz
full_N500_K100_H800_nominal_t0p05,1,T001,0,500,100,800,raw/v14_001.npz
full_N500_K100_H800_nominal_t0p05,1,T002,1,500,100,800,raw/v14_001.npz
full_N500_K100_H800_nominal_t0p05,1,T003,2,500,100,800,raw/v14_001.npz
full_N500_K100_H800_nominal_t0p05,1,T004,3,500,100,800,raw/v14_001.npz
full_N500_K100_H800_nominal_t0p05,1,T005,4,500,100,800,raw/v14_001.npz
full_N500_K100_H800_nominal_t0p05,1,T006,5,500,100,800,raw/v14_001.npz
full_N500_K100_H800_nominal_t0p05,1,T007,6,500,100,800,raw/v14_001.npz
full_N500_K100_H800_nominal_t0p05,1,T008,7,500,100,800,raw/v14_001.npz
full_N500_K100_H800_nominal_t0p05,1,T009,8,500,100,800,raw/v14_001.npz
full_N500_K100_H800_nominal_t0p05,1,T010,9,500,100,800,raw/v14_001.npz
full_N500_K100_H800_nominal_t0p05,1,T011,10,500,100,800,raw/v14_001.npz
full_N500_K100_H800_nominal_t0p05,1,T012,11,500,100,800,raw/v14_001.npz
full_N500_K100_H800_nominal_t0p05,1,T013,12,500,100,800,raw/v14_001.npz
full_N500_K100_H800_nominal_t0p05,1,T014,13,500,100,800,raw/v14_001.npz
full_N500_K100_H800_nominal_t0p05,1,T015,14,500,100,800,raw/v14_001.npz
full_N500_K100_H800_nominal_t0p05,1,T016,15,500,100,800,raw/v14_001.npz
full_N500_K100_H800_nominal_t0p05,1,T017,16,500,100,800,raw/v14_001.npz
full_N500_K100_H800_nominal_t0p05,1,T018,17,500,100,800,raw/v14_001.npz
full_N500_K100_H800_nominal_t0p05,1,T019,18,500,100,800,raw/v14_001.npz
full_N500_K100_H800_nominal_t0p05,1,T020,19,500,100,800,raw/v14_001.npz
full_N500_K100_H800_nominal_t0p05,1,T021,20,500,100,800,raw/v14_001.npz
full_N500_K100_H800_nominal_t0p05,1,T022,21,500,100,800,raw/v14_001.npz
full_N500_K100_H800_nominal_t0p05,1,T023,22,500,100,800,raw/v14_001.npz
full_N500_K100_H800_nominal_t0p05,1,T024,23,500,100,800,raw/v14_001.npz
full_N500_K100_H800_nominal_t0p05,1,T025,24,500,100,800,raw/v14_001.npz
full_N500_K100_H800_nominal_t0p05,1,T026,25,500,100,800,raw/v14_001.npz
full_N500_K100_H800_nominal_t0p05,1,T027,26,500,100,800,raw/v14_001.npz
full_N500_K100_H800_nominal_t0p05,1,T028,27,500,100,800,raw/v14_001.npz
full_N500_K100_H800_nominal_t0p05,1,T029,28,500,100,800,raw/v14_001.npz
full_N500_K100_H800_nominal_t0p05,1,T030,29,500,100,800,raw/v14_001.npz
full_N500_K100_H800_nominal_t0p05,2,T001,0,500,100,800,raw/v14_002.npz
full_N500_K100_H800_nominal_t0p05,2,T002,1,500,100,800,raw/v14_002.npz
full_N500_K100_H800_nominal_t0p05,2,T003,2,500,100,800,raw/v14_002.npz
full_N500_K100_H800_nominal_t0p05,2,T004,3,500,100,800,raw/v14_002.npz
full_N500_K100_H800_nominal_t0p05,2,T005,4,500,100,800,raw/v14_002.npz
full_N500_K100_H800_nominal_t0p05,2,T006,5,500,100,800,raw/v14_002.npz
full_N500_K100_H800_nominal_t0p05,2,T007,6,500,100,800,raw/v14_002.npz
full_N500_K100_H800_nominal_t0p05,2,T008,7,500,100,800,raw/v14_002.npz
full_N500_K100_H800_nominal_t0p05,2,T009,8,500,100,800,raw/v14_002.npz
full_N500_K100_H800_nominal_t0p05,2,T010,9,500,100,800,raw/v14_002.npz
full_N500_K100_H800_nominal_t0p05,2,T011,10,500,100,800,raw/v14_002.npz
full_N500_K100_H800_nominal_t0p05,2,T012,11,500,100,800,raw/v14_002.npz
full_N500_K100_H800_nominal_t0p05,2,T013,12,500,100,800,raw/v14_002.npz
full_N500_K100_H800_nominal_t0p05,2,T014,13,500,100,800,raw/v14_002.npz
full_N500_K100_H800_nominal_t0p05,2,T015,14,500,100,800,raw/v14_002.npz
full_N500_K100_H800_nominal_t0p05,2,T016,15,500,100,800,raw/v14_002.npz
full_N500_K100_H800_nominal_t0p05,2,T017,16,500,100,800,raw/v14_002.npz
full_N500_K100_H800_nominal_t0p05,2,T018,17,500,100,800,raw/v14_002.npz
full_N500_K100_H800_nominal_t0p05,2,T019,18,500,100,800,raw/v14_002.npz
full_N500_K100_H800_nominal_t0p05,2,T020,19,500,100,800,raw/v14_002.npz
full_N500_K100_H800_nominal_t0p05,2,T021,20,500,100,800,raw/v14_002.npz
full_N500_K100_H800_nominal_t0p05,2,T022,21,500,100,800,raw/v14_002.npz
full_N500_K100_H800_nominal_t0p05,2,T023,22,500,100,800,raw/v14_002.npz
full_N500_K100_H800_nominal_t0p05,2,T024,23,500,100,800,raw/v14_002.npz
full_N500_K100_H800_nominal_t0p05,2,T025,24,500,100,800,raw/v14_002.npz
full_N500_K100_H800_nominal_t0p05,2,T026,25,500,100,800,raw/v14_002.npz
full_N500_K100_H800_nominal_t0p05,2,T027,26,500,100,800,raw/v14_002.npz
full_N500_K100_H800_nominal_t0p05,2,T028,27,500,100,800,raw/v14_002.npz
full_N500_K100_H800_nominal_t0p05,2,T029,28,500,100,800,raw/v14_002.npz
full_N500_K100_H800_nominal_t0p05,2,T030,29,500,100,800,raw/v14_002.npz
full_N500_K100_H800_nominal_t0p05,3,T001,0,500,100,800,raw/v14_003.npz
full_N500_K100_H800_nominal_t0p05,3,T002,1,500,100,800,raw/v14_003.npz
full_N500_K100_H800_nominal_t0p05,3,T003,2,500,100,800,raw/v14_003.npz
full_N500_K100_H800_nominal_t0p05,3,T004,3,500,100,800,raw/v14_003.npz
full_N500_K100_H800_nominal_t0p05,3,T005,4,500,100,800,raw/v14_003.npz
full_N500_K100_H800_nominal_t0p05,3,T006,5,500,100,800,raw/v14_003.npz
full_N500_K100_H800_nominal_t0p05,3,T007,6,500,100,800,raw/v14_003.npz
full_N500_K100_H800_nominal_t0p05,3,T008,7,500,100,800,raw/v14_003.npz
full_N500_K100_H800_nominal_t0p05,3,T009,8,500,100,800,raw/v14_003.npz
full_N500_K100_H800_nominal_t0p05,3,T010,9,500,100,800,raw/v14_003.npz
full_N500_K100_H800_nominal_t0p05,3,T011,10,500,100,800,raw/v14_003.npz
full_N500_K100_H800_nominal_t0p05,3,T012,11,500,100,800,raw/v14_003.npz
full_N500_K100_H800_nominal_t0p05,3,T013,12,500,100,800,raw/v14_003.npz
full_N500_K100_H800_nominal_t0p05,3,T014,13,500,100,800,raw/v14_003.npz
full_N500_K100_H800_nominal_t0p05,3,T015,14,500,100,800,raw/v14_003.npz
full_N500_K100_H800_nominal_t0p05,3,T016,15,500,100,800,raw/v14_003.npz
full_N500_K100_H800_nominal_t0p05,3,T017,16,500,100,800,raw/v14_003.npz
full_N500_K100_H800_nominal_t0p05,3,T018,17,500,100,800,raw/v14_003.npz
full_N500_K100_H800_nominal_t0p05,3,T019,18,500,100,800,raw/v14_003.npz
full_N500_K100_H800_nominal_t0p05,3,T020,19,500,100,800,raw/v14_003.npz
full_N500_K100_H800_nominal_t0p05,3,T021,20,500,100,800,raw/v14_003.npz
full_N500_K100_H800_nominal_t0p05,3,T022,21,500,100,800,raw/v14_003.npz
full_N500_K100_H800_nominal_t0p05,3,T023,22,500,100,800,raw/v14_003.npz
full_N500_K100_H800_nominal_t0p05,3,T024,23,500,100,800,raw/v14_003.npz
full_N500_K100_H800_nominal_t0p05,3,T025,24,500,100,800,raw/v14_003.npz
full_N500_K100_H800_nominal_t0p05,3,T026,25,500,100,800,raw/v14_003.npz
full_N500_K100_H800_nominal_t0p05,3,T027,26,500,100,800,raw/v14_003.npz
full_N500_K100_H800_nominal_t0p05,3,T028,27,500,100,800,raw/v14_003.npz
full_N500_K100_H800_nominal_t0p05,3,T029,28,500,100,800,raw/v14_003.npz
full_N500_K100_H800_nominal_t0p05,3,T030,29,500,100,800,raw/v14_003.npz
full_N500_K100_H800_nominal_t0p05,4,T001,0,500,100,800,raw/v14_004.npz
full_N500_K100_H800_nominal_t0p05,4,T002,1,500,100,800,raw/v14_004.npz
full_N500_K100_H800_nominal_t0p05,4,T003,2,500,100,800,raw/v14_004.npz
full_N500_K100_H800_nominal_t0p05,4,T004,3,500,100,800,raw/v14_004.npz
full_N500_K100_H800_nominal_t0p05,4,T005,4,500,100,800,raw/v14_004.npz
full_N500_K100_H800_nominal_t0p05,4,T006,5,500,100,800,raw/v14_004.npz
full_N500_K100_H800_nominal_t0p05,4,T007,6,500,100,800,raw/v14_004.npz
full_N500_K100_H800_nominal_t0p05,4,T008,7,500,100,800,raw/v14_004.npz
full_N500_K100_H800_nominal_t0p05,4,T009,8,500,100,800,raw/v14_004.npz
full_N500_K100_H800_nominal_t0p05,4,T010,9,500,100,800,raw/v14_004.npz
full_N500_K100_H800_nominal_t0p05,4,T011,10,500,100,800,raw/v14_004.npz
full_N500_K100_H800_nominal_t0p05,4,T012,11,500,100,800,raw/v14_004.npz
full_N500_K100_H800_nominal_t0p05,4,T013,12,500,100,800,raw/v14_004.npz
full_N500_K100_H800_nominal_t0p05,4,T014,13,500,100,800,raw/v14_004.npz
full_N500_K100_H800_nominal_t0p05,4,T015,14,500,100,800,raw/v14_004.npz
full_N500_K100_H800_nominal_t0p05,4,T016,15,500,100,800,raw/v14_004.npz
full_N500_K100_H800_nominal_t0p05,4,T017,16,500,100,800,raw/v14_004.npz
full_N500_K100_H800_nominal_t0p05,4,T018,17,500,100,800,raw/v14_004.npz
full_N500_K100_H800_nominal_t0p05,4,T019,18,500,100,800,raw/v14_004.npz
full_N500_K100_H800_nominal_t0p05,4,T020,19,500,100,800,raw/v14_004.npz
full_N500_K100_H800_nominal_t0p05,4,T021,20,500,100,800,raw/v14_004.npz
full_N500_K100_H800_nominal_t0p05,4,T022,21,500,100,800,raw/v14_004.npz
full_N500_K100_H800_nominal_t0p05,4,T023,22,500,100,800,raw/v14_004.npz
full_N500_K100_H800_nominal_t0p05,4,T024,23,500,100,800,raw/v14_004.npz
full_N500_K100_H800_nominal_t0p05,4,T025,24,500,100,800,raw/v14_004.npz
full_N500_K100_H800_nominal_t0p05,4,T026,25,500,100,800,raw/v14_004.npz
full_N500_K100_H800_nominal_t0p05,4,T027,26,500,100,800,raw/v14_004.npz
full_N500_K100_H800_nominal_t0p05,4,T028,27,500,100,800,raw/v14_004.npz
full_N500_K100_H800_nominal_t0p05,4,T029,28,500,100,800,raw/v14_004.npz
full_N500_K100_H800_nominal_t0p05,4,T030,29,500,100,800,raw/v14_004.npz
full_N500_K100_H800_nominal_t0p05,5,T001,0,500,100,800,raw/v14_005.npz
full_N500_K100_H800_nominal_t0p05,5,T002,1,500,100,800,raw/v14_005.npz
full_N500_K100_H800_nominal_t0p05,5,T003,2,500,100,800,raw/v14_005.npz
full_N500_K100_H800_nominal_t0p05,5,T004,3,500,100,800,raw/v14_005.npz
full_N500_K100_H800_nominal_t0p05,5,T005,4,500,100,800,raw/v14_005.npz
full_N500_K100_H800_nominal_t0p05,5,T006,5,500,100,800,raw/v14_005.npz
full_N500_K100_H800_nominal_t0p05,5,T007,6,500,100,800,raw/v14_005.npz
full_N500_K100_H800_nominal_t0p05,5,T008,7,500,100,800,raw/v14_005.npz
full_N500_K100_H800_nominal_t0p05,5,T009,8,500,100,800,raw/v14_005.npz
full_N500_K100_H800_nominal_t0p05,5,T010,9,500,100,800,raw/v14_005.npz
full_N500_K100_H800_nominal_t0p05,5,T011,10,500,100,800,raw/v14_005.npz
full_N500_K100_H800_nominal_t0p05,5,T012,11,500,100,800,raw/v14_005.npz
full_N500_K100_H800_nominal_t0p05,5,T013,12,500,100,800,raw/v14_005.npz
full_N500_K100_H800_nominal_t0p05,5,T014,13,500,100,800,raw/v14_005.npz
full_N500_K100_H800_nominal_t0p05,5,T015,14,500,100,800,raw/v14_005.npz
full_N500_K100_H800_nominal_t0p05,5,T016,15,500,100,800,raw/v14_005.npz
full_N500_K100_H800_nominal_t0p05,5,T017,16,500,100,800,raw/v14_005.npz
full_N500_K100_H800_nominal_t0p05,5,T018,17,500,100,800,raw/v14_005.npz
full_N500_K100_H800_nominal_t0p05,5,T019,18,500,100,800,raw/v14_005.npz
full_N500_K100_H800_nominal_t0p05,5,T020,19,500,100,800,raw/v14_005.npz
full_N500_K100_H800_nominal_t0p05,5,T021,20,500,100,800,raw/v14_005.npz
full_N500_K100_H800_nominal_t0p05,5,T022,21,500,100,800,raw/v14_005.npz
full_N500_K100_H800_nominal_t0p05,5,T023,22,500,100,800,raw/v14_005.npz
full_N500_K100_H800_nominal_t0p05,5,T024,23,500,100,800,raw/v14_005.npz
full_N500_K100_H800_nominal_t0p05,5,T025,24,500,100,800,raw/v14_005.npz
full_N500_K100_H800_nominal_t0p05,5,T026,25,500,100,800,raw/v14_005.npz
full_N500_K100_H800_nominal_t0p05,5,T027,26,500,100,800,raw/v14_005.npz
full_N500_K100_H800_nominal_t0p05,5,T028,27,500,100,800,raw/v14_005.npz
full_N500_K100_H800_nominal_t0p05,5,T029,28,500,100,800,raw/v14_005.npz
full_N500_K100_H800_nominal_t0p05,5,T030,29,500,100,800,raw/v14_005.npz
full_N1000_K100_H50_nominal_t0p05,1,T001,0,1000,100,50,raw/v14_006.npz
full_N1000_K100_H50_nominal_t0p05,1,T002,1,1000,100,50,raw/v14_006.npz
full_N1000_K100_H50_nominal_t0p05,1,T003,2,1000,100,50,raw/v14_006.npz
full_N1000_K100_H50_nominal_t0p05,1,T004,3,1000,100,50,raw/v14_006.npz
full_N1000_K100_H50_nominal_t0p05,1,T005,4,1000,100,50,raw/v14_006.npz
full_N1000_K100_H50_nominal_t0p05,1,T006,5,1000,100,50,raw/v14_006.npz
full_N1000_K100_H50_nominal_t0p05,1,T007,6,1000,100,50,raw/v14_006.npz
full_N1000_K100_H50_nominal_t0p05,1,T008,7,1000,100,50,raw/v14_006.npz
full_N1000_K100_H50_nominal_t0p05,1,T009,8,1000,100,50,raw/v14_006.npz
full_N1000_K100_H50_nominal_t0p05,1,T010,9,1000,100,50,raw/v14_006.npz
full_N1000_K100_H50_nominal_t0p05,1,T011,10,1000,100,50,raw/v14_006.npz
full_N1000_K100_H50_nominal_t0p05,1,T012,11,1000,100,50,raw/v14_006.npz
full_N1000_K100_H50_nominal_t0p05,1,T013,12,1000,100,50,raw/v14_006.npz
full_N1000_K100_H50_nominal_t0p05,1,T014,13,1000,100,50,raw/v14_006.npz
full_N1000_K100_H50_nominal_t0p05,1,T015,14,1000,100,50,raw/v14_006.npz
full_N1000_K100_H50_nominal_t0p05,1,T016,15,1000,100,50,raw/v14_006.npz
full_N1000_K100_H50_nominal_t0p05,1,T017,16,1000,100,50,raw/v14_006.npz
full_N1000_K100_H50_nominal_t0p05,1,T018,17,1000,100,50,raw/v14_006.npz
full_N1000_K100_H50_nominal_t0p05,1,T019,18,1000,100,50,raw/v14_006.npz
full_N1000_K100_H50_nominal_t0p05,1,T020,19,1000,100,50,raw/v14_006.npz
full_N1000_K100_H50_nominal_t0p05,1,T021,20,1000,100,50,raw/v14_006.npz
full_N1000_K100_H50_nominal_t0p05,1,T022,21,1000,100,50,raw/v14_006.npz
full_N1000_K100_H50_nominal_t0p05,1,T023,22,1000,100,50,raw/v14_006.npz
full_N1000_K100_H50_nominal_t0p05,1,T024,23,1000,100,50,raw/v14_006.npz
full_N1000_K100_H50_nominal_t0p05,1,T025,24,1000,100,50,raw/v14_006.npz
full_N1000_K100_H50_nominal_t0p05,1,T026,25,1000,100,50,raw/v14_006.npz
full_N1000_K100_H50_nominal_t0p05,1,T027,26,1000,100,50,raw/v14_006.npz
full_N1000_K100_H50_nominal_t0p05,1,T028,27,1000,100,50,raw/v14_006.npz
full_N1000_K100_H50_nominal_t0p05,1,T029,28,1000,100,50,raw/v14_006.npz
full_N1000_K100_H50_nominal_t0p05,1,T030,29,1000,100,50,raw/v14_006.npz
full_N1000_K100_H50_nominal_t0p05,2,T001,0,1000,100,50,raw/v14_007.npz
full_N1000_K100_H50_nominal_t0p05,2,T002,1,1000,100,50,raw/v14_007.npz
full_N1000_K100_H50_nominal_t0p05,2,T003,2,1000,100,50,raw/v14_007.npz
full_N1000_K100_H50_nominal_t0p05,2,T004,3,1000,100,50,raw/v14_007.npz
full_N1000_K100_H50_nominal_t0p05,2,T005,4,1000,100,50,raw/v14_007.npz
full_N1000_K100_H50_nominal_t0p05,2,T006,5,1000,100,50,raw/v14_007.npz
full_N1000_K100_H50_nominal_t0p05,2,T007,6,1000,100,50,raw/v14_007.npz
full_N1000_K100_H50_nominal_t0p05,2,T008,7,1000,100,50,raw/v14_007.npz
full_N1000_K100_H50_nominal_t0p05,2,T009,8,1000,100,50,raw/v14_007.npz
full_N1000_K100_H50_nominal_t0p05,2,T010,9,1000,100,50,raw/v14_007.npz
full_N1000_K100_H50_nominal_t0p05,2,T011,10,1000,100,50,raw/v14_007.npz
full_N1000_K100_H50_nominal_t0p05,2,T012,11,1000,100,50,raw/v14_007.npz
full_N1000_K100_H50_nominal_t0p05,2,T013,12,1000,100,50,raw/v14_007.npz
full_N1000_K100_H50_nominal_t0p05,2,T014,13,1000,100,50,raw/v14_007.npz
full_N1000_K100_H50_nominal_t0p05,2,T015,14,1000,100,50,raw/v14_007.npz
full_N1000_K100_H50_nominal_t0p05,2,T016,15,1000,100,50,raw/v14_007.npz
full_N1000_K100_H50_nominal_t0p05,2,T017,16,1000,100,50,raw/v14_007.npz
full_N1000_K100_H50_nominal_t0p05,2,T018,17,1000,100,50,raw/v14_007.npz
full_N1000_K100_H50_nominal_t0p05,2,T019,18,1000,100,50,raw/v14_007.npz
full_N1000_K100_H50_nominal_t0p05,2,T020,19,1000,100,50,raw/v14_007.npz
full_N1000_K100_H50_nominal_t0p05,2,T021,20,1000,100,50,raw/v14_007.npz
full_N1000_K100_H50_nominal_t0p05,2,T022,21,1000,100,50,raw/v14_007.npz
full_N1000_K100_H50_nominal_t0p05,2,T023,22,1000,100,50,raw/v14_007.npz
full_N1000_K100_H50_nominal_t0p05,2,T024,23,1000,100,50,raw/v14_007.npz
full_N1000_K100_H50_nominal_t0p05,2,T025,24,1000,100,50,raw/v14_007.npz
full_N1000_K100_H50_nominal_t0p05,2,T026,25,1000,100,50,raw/v14_007.npz
full_N1000_K100_H50_nominal_t0p05,2,T027,26,1000,100,50,raw/v14_007.npz
full_N1000_K100_H50_nominal_t0p05,2,T028,27,1000,100,50,raw/v14_007.npz
full_N1000_K100_H50_nominal_t0p05,2,T029,28,1000,100,50,raw/v14_007.npz
full_N1000_K100_H50_nominal_t0p05,2,T030,29,1000,100,50,raw/v14_007.npz
full_N1000_K100_H50_nominal_t0p05,3,T001,0,1000,100,50,raw/v14_008.npz
full_N1000_K100_H50_nominal_t0p05,3,T002,1,1000,100,50,raw/v14_008.npz
full_N1000_K100_H50_nominal_t0p05,3,T003,2,1000,100,50,raw/v14_008.npz
full_N1000_K100_H50_nominal_t0p05,3,T004,3,1000,100,50,raw/v14_008.npz
full_N1000_K100_H50_nominal_t0p05,3,T005,4,1000,100,50,raw/v14_008.npz
full_N1000_K100_H50_nominal_t0p05,3,T006,5,1000,100,50,raw/v14_008.npz
full_N1000_K100_H50_nominal_t0p05,3,T007,6,1000,100,50,raw/v14_008.npz
full_N1000_K100_H50_nominal_t0p05,3,T008,7,1000,100,50,raw/v14_008.npz
full_N1000_K100_H50_nominal_t0p05,3,T009,8,1000,100,50,raw/v14_008.npz
full_N1000_K100_H50_nominal_t0p05,3,T010,9,1000,100,50,raw/v14_008.npz
full_N1000_K100_H50_nominal_t0p05,3,T011,10,1000,100,50,raw/v14_008.npz
full_N1000_K100_H50_nominal_t0p05,3,T012,11,1000,100,50,raw/v14_008.npz
full_N1000_K100_H50_nominal_t0p05,3,T013,12,1000,100,50,raw/v14_008.npz
full_N1000_K100_H50_nominal_t0p05,3,T014,13,1000,100,50,raw/v14_008.npz
full_N1000_K100_H50_nominal_t0p05,3,T015,14,1000,100,50,raw/v14_008.npz
full_N1000_K100_H50_nominal_t0p05,3,T016,15,1000,100,50,raw/v14_008.npz
full_N1000_K100_H50_nominal_t0p05,3,T017,16,1000,100,50,raw/v14_008.npz
full_N1000_K100_H50_nominal_t0p05,3,T018,17,1000,100,50,raw/v14_008.npz
full_N1000_K100_H50_nominal_t0p05,3,T019,18,1000,100,50,raw/v14_008.npz
full_N1000_K100_H50_nominal_t0p05,3,T020,19,1000,100,50,raw/v14_008.npz
full_N1000_K100_H50_nominal_t0p05,3,T021,20,1000,100,50,raw/v14_008.npz
full_N1000_K100_H50_nominal_t0p05,3,T022,21,1000,100,50,raw/v14_008.npz
full_N1000_K100_H50_nominal_t0p05,3,T023,22,1000,100,50,raw/v14_008.npz
full_N1000_K100_H50_nominal_t0p05,3,T024,23,1000,100,50,raw/v14_008.npz
full_N1000_K100_H50_nominal_t0p05,3,T025,24,1000,100,50,raw/v14_008.npz
full_N1000_K100_H50_nominal_t0p05,3,T026,25,1000,100,50,raw/v14_008.npz
full_N1000_K100_H50_nominal_t0p05,3,T027,26,1000,100,50,raw/v14_008.npz
full_N1000_K100_H50_nominal_t0p05,3,T028,27,1000,100,50,raw/v14_008.npz
full_N1000_K100_H50_nominal_t0p05,3,T029,28,1000,100,50,raw/v14_008.npz
full_N1000_K100_H50_nominal_t0p05,3,T030,29,1000,100,50,raw/v14_008.npz
full_N1000_K100_H50_nominal_t0p05,4,T001,0,1000,100,50,raw/v14_009.npz
full_N1000_K100_H50_nominal_t0p05,4,T002,1,1000,100,50,raw/v14_009.npz
full_N1000_K100_H50_nominal_t0p05,4,T003,2,1000,100,50,raw/v14_009.npz
full_N1000_K100_H50_nominal_t0p05,4,T004,3,1000,100,50,raw/v14_009.npz
full_N1000_K100_H50_nominal_t0p05,4,T005,4,1000,100,50,raw/v14_009.npz
full_N1000_K100_H50_nominal_t0p05,4,T006,5,1000,100,50,raw/v14_009.npz
full_N1000_K100_H50_nominal_t0p05,4,T007,6,1000,100,50,raw/v14_009.npz
full_N1000_K100_H50_nominal_t0p05,4,T008,7,1000,100,50,raw/v14_009.npz
full_N1000_K100_H50_nominal_t0p05,4,T009,8,1000,100,50,raw/v14_009.npz
full_N1000_K100_H50_nominal_t0p05,4,T010,9,1000,100,50,raw/v14_009.npz
full_N1000_K100_H50_nominal_t0p05,4,T011,10,1000,100,50,raw/v14_009.npz
full_N1000_K100_H50_nominal_t0p05,4,T012,11,1000,100,50,raw/v14_009.npz
full_N1000_K100_H50_nominal_t0p05,4,T013,12,1000,100,50,raw/v14_009.npz
full_N1000_K100_H50_nominal_t0p05,4,T014,13,1000,100,50,raw/v14_009.npz
full_N1000_K100_H50_nominal_t0p05,4,T015,14,1000,100,50,raw/v14_009.npz
full_N1000_K100_H50_nominal_t0p05,4,T016,15,1000,100,50,raw/v14_009.npz
full_N1000_K100_H50_nominal_t0p05,4,T017,16,1000,100,50,raw/v14_009.npz
full_N1000_K100_H50_nominal_t0p05,4,T018,17,1000,100,50,raw/v14_009.npz
full_N1000_K100_H50_nominal_t0p05,4,T019,18,1000,100,50,raw/v14_009.npz
full_N1000_K100_H50_nominal_t0p05,4,T020,19,1000,100,50,raw/v14_009.npz
full_N1000_K100_H50_nominal_t0p05,4,T021,20,1000,100,50,raw/v14_009.npz
full_N1000_K100_H50_nominal_t0p05,4,T022,21,1000,100,50,raw/v14_009.npz
full_N1000_K100_H50_nominal_t0p05,4,T023,22,1000,100,50,raw/v14_009.npz
full_N1000_K100_H50_nominal_t0p05,4,T024,23,1000,100,50,raw/v14_009.npz
full_N1000_K100_H50_nominal_t0p05,4,T025,24,1000,100,50,raw/v14_009.npz
full_N1000_K100_H50_nominal_t0p05,4,T026,25,1000,100,50,raw/v14_009.npz
full_N1000_K100_H50_nominal_t0p05,4,T027,26,1000,100,50,raw/v14_009.npz
full_N1000_K100_H50_nominal_t0p05,4,T028,27,1000,100,50,raw/v14_009.npz
full_N1000_K100_H50_nominal_t0p05,4,T029,28,1000,100,50,raw/v14_009.npz
full_N1000_K100_H50_nominal_t0p05,4,T030,29,1000,100,50,raw/v14_009.npz
full_N1000_K100_H50_nominal_t0p05,5,T001,0,1000,100,50,raw/v14_010.npz
full_N1000_K100_H50_nominal_t0p05,5,T002,1,1000,100,50,raw/v14_010.npz
full_N1000_K100_H50_nominal_t0p05,5,T003,2,1000,100,50,raw/v14_010.npz
full_N1000_K100_H50_nominal_t0p05,5,T004,3,1000,100,50,raw/v14_010.npz
full_N1000_K100_H50_nominal_t0p05,5,T005,4,1000,100,50,raw/v14_010.npz
full_N1000_K100_H50_nominal_t0p05,5,T006,5,1000,100,50,raw/v14_010.npz
full_N1000_K100_H50_nominal_t0p05,5,T007,6,1000,100,50,raw/v14_010.npz
full_N1000_K100_H50_nominal_t0p05,5,T008,7,1000,100,50,raw/v14_010.npz
full_N1000_K100_H50_nominal_t0p05,5,T009,8,1000,100,50,raw/v14_010.npz
full_N1000_K100_H50_nominal_t0p05,5,T010,9,1000,100,50,raw/v14_010.npz
full_N1000_K100_H50_nominal_t0p05,5,T011,10,1000,100,50,raw/v14_010.npz
full_N1000_K100_H50_nominal_t0p05,5,T012,11,1000,100,50,raw/v14_010.npz
full_N1000_K100_H50_nominal_t0p05,5,T013,12,1000,100,50,raw/v14_010.npz
full_N1000_K100_H50_nominal_t0p05,5,T014,13,1000,100,50,raw/v14_010.npz
full_N1000_K100_H50_nominal_t0p05,5,T015,14,1000,100,50,raw/v14_010.npz
full_N1000_K100_H50_nominal_t0p05,5,T016,15,1000,100,50,raw/v14_010.npz
full_N1000_K100_H50_nominal_t0p05,5,T017,16,1000,100,50,raw/v14_010.npz
full_N1000_K100_H50_nominal_t0p05,5,T018,17,1000,100,50,raw/v14_010.npz
full_N1000_K100_H50_nominal_t0p05,5,T019,18,1000,100,50,raw/v14_010.npz
full_N1000_K100_H50_nominal_t0p05,5,T020,19,1000,100,50,raw/v14_010.npz
full_N1000_K100_H50_nominal_t0p05,5,T021,20,1000,100,50,raw/v14_010.npz
full_N1000_K100_H50_nominal_t0p05,5,T022,21,1000,100,50,raw/v14_010.npz
full_N1000_K100_H50_nominal_t0p05,5,T023,22,1000,100,50,raw/v14_010.npz
full_N1000_K100_H50_nominal_t0p05,5,T024,23,1000,100,50,raw/v14_010.npz
full_N1000_K100_H50_nominal_t0p05,5,T025,24,1000,100,50,raw/v14_010.npz
full_N1000_K100_H50_nominal_t0p05,5,T026,25,1000,100,50,raw/v14_010.npz
full_N1000_K100_H50_nominal_t0p05,5,T027,26,1000,100,50,raw/v14_010.npz
full_N1000_K100_H50_nominal_t0p05,5,T028,27,1000,100,50,raw/v14_010.npz
full_N1000_K100_H50_nominal_t0p05,5,T029,28,1000,100,50,raw/v14_010.npz
full_N1000_K100_H50_nominal_t0p05,5,T030,29,1000,100,50,raw/v14_010.npz
full_N1000_K100_H200_nominal_t0p05,1,T001,0,1000,100,200,raw/v14_006.npz
full_N1000_K100_H200_nominal_t0p05,1,T002,1,1000,100,200,raw/v14_006.npz
full_N1000_K100_H200_nominal_t0p05,1,T003,2,1000,100,200,raw/v14_006.npz
full_N1000_K100_H200_nominal_t0p05,1,T004,3,1000,100,200,raw/v14_006.npz
full_N1000_K100_H200_nominal_t0p05,1,T005,4,1000,100,200,raw/v14_006.npz
full_N1000_K100_H200_nominal_t0p05,1,T006,5,1000,100,200,raw/v14_006.npz
full_N1000_K100_H200_nominal_t0p05,1,T007,6,1000,100,200,raw/v14_006.npz
full_N1000_K100_H200_nominal_t0p05,1,T008,7,1000,100,200,raw/v14_006.npz
full_N1000_K100_H200_nominal_t0p05,1,T009,8,1000,100,200,raw/v14_006.npz
full_N1000_K100_H200_nominal_t0p05,1,T010,9,1000,100,200,raw/v14_006.npz
full_N1000_K100_H200_nominal_t0p05,1,T011,10,1000,100,200,raw/v14_006.npz
full_N1000_K100_H200_nominal_t0p05,1,T012,11,1000,100,200,raw/v14_006.npz
full_N1000_K100_H200_nominal_t0p05,1,T013,12,1000,100,200,raw/v14_006.npz
full_N1000_K100_H200_nominal_t0p05,1,T014,13,1000,100,200,raw/v14_006.npz
full_N1000_K100_H200_nominal_t0p05,1,T015,14,1000,100,200,raw/v14_006.npz
full_N1000_K100_H200_nominal_t0p05,1,T016,15,1000,100,200,raw/v14_006.npz
full_N1000_K100_H200_nominal_t0p05,1,T017,16,1000,100,200,raw/v14_006.npz
full_N1000_K100_H200_nominal_t0p05,1,T018,17,1000,100,200,raw/v14_006.npz
full_N1000_K100_H200_nominal_t0p05,1,T019,18,1000,100,200,raw/v14_006.npz
full_N1000_K100_H200_nominal_t0p05,1,T020,19,1000,100,200,raw/v14_006.npz
full_N1000_K100_H200_nominal_t0p05,1,T021,20,1000,100,200,raw/v14_006.npz
full_N1000_K100_H200_nominal_t0p05,1,T022,21,1000,100,200,raw/v14_006.npz
full_N1000_K100_H200_nominal_t0p05,1,T023,22,1000,100,200,raw/v14_006.npz
full_N1000_K100_H200_nominal_t0p05,1,T024,23,1000,100,200,raw/v14_006.npz
full_N1000_K100_H200_nominal_t0p05,1,T025,24,1000,100,200,raw/v14_006.npz
full_N1000_K100_H200_nominal_t0p05,1,T026,25,1000,100,200,raw/v14_006.npz
full_N1000_K100_H200_nominal_t0p05,1,T027,26,1000,100,200,raw/v14_006.npz
full_N1000_K100_H200_nominal_t0p05,1,T028,27,1000,100,200,raw/v14_006.npz
full_N1000_K100_H200_nominal_t0p05,1,T029,28,1000,100,200,raw/v14_006.npz
full_N1000_K100_H200_nominal_t0p05,1,T030,29,1000,100,200,raw/v14_006.npz
full_N1000_K100_H200_nominal_t0p05,2,T001,0,1000,100,200,raw/v14_007.npz
full_N1000_K100_H200_nominal_t0p05,2,T002,1,1000,100,200,raw/v14_007.npz
full_N1000_K100_H200_nominal_t0p05,2,T003,2,1000,100,200,raw/v14_007.npz
full_N1000_K100_H200_nominal_t0p05,2,T004,3,1000,100,200,raw/v14_007.npz
full_N1000_K100_H200_nominal_t0p05,2,T005,4,1000,100,200,raw/v14_007.npz
full_N1000_K100_H200_nominal_t0p05,2,T006,5,1000,100,200,raw/v14_007.npz
full_N1000_K100_H200_nominal_t0p05,2,T007,6,1000,100,200,raw/v14_007.npz
full_N1000_K100_H200_nominal_t0p05,2,T008,7,1000,100,200,raw/v14_007.npz
full_N1000_K100_H200_nominal_t0p05,2,T009,8,1000,100,200,raw/v14_007.npz
full_N1000_K100_H200_nominal_t0p05,2,T010,9,1000,100,200,raw/v14_007.npz
full_N1000_K100_H200_nominal_t0p05,2,T011,10,1000,100,200,raw/v14_007.npz
full_N1000_K100_H200_nominal_t0p05,2,T012,11,1000,100,200,raw/v14_007.npz
full_N1000_K100_H200_nominal_t0p05,2,T013,12,1000,100,200,raw/v14_007.npz
full_N1000_K100_H200_nominal_t0p05,2,T014,13,1000,100,200,raw/v14_007.npz
full_N1000_K100_H200_nominal_t0p05,2,T015,14,1000,100,200,raw/v14_007.npz
full_N1000_K100_H200_nominal_t0p05,2,T016,15,1000,100,200,raw/v14_007.npz
full_N1000_K100_H200_nominal_t0p05,2,T017,16,1000,100,200,raw/v14_007.npz
full_N1000_K100_H200_nominal_t0p05,2,T018,17,1000,100,200,raw/v14_007.npz
full_N1000_K100_H200_nominal_t0p05,2,T019,18,1000,100,200,raw/v14_007.npz
full_N1000_K100_H200_nominal_t0p05,2,T020,19,1000,100,200,raw/v14_007.npz
full_N1000_K100_H200_nominal_t0p05,2,T021,20,1000,100,200,raw/v14_007.npz
full_N1000_K100_H200_nominal_t0p05,2,T022,21,1000,100,200,raw/v14_007.npz
full_N1000_K100_H200_nominal_t0p05,2,T023,22,1000,100,200,raw/v14_007.npz
full_N1000_K100_H200_nominal_t0p05,2,T024,23,1000,100,200,raw/v14_007.npz
full_N1000_K100_H200_nominal_t0p05,2,T025,24,1000,100,200,raw/v14_007.npz
full_N1000_K100_H200_nominal_t0p05,2,T026,25,1000,100,200,raw/v14_007.npz
full_N1000_K100_H200_nominal_t0p05,2,T027,26,1000,100,200,raw/v14_007.npz
full_N1000_K100_H200_nominal_t0p05,2,T028,27,1000,100,200,raw/v14_007.npz
full_N1000_K100_H200_nominal_t0p05,2,T029,28,1000,100,200,raw/v14_007.npz
full_N1000_K100_H200_nominal_t0p05,2,T030,29,1000,100,200,raw/v14_007.npz
full_N1000_K100_H200_nominal_t0p05,3,T001,0,1000,100,200,raw/v14_008.npz
full_N1000_K100_H200_nominal_t0p05,3,T002,1,1000,100,200,raw/v14_008.npz
full_N1000_K100_H200_nominal_t0p05,3,T003,2,1000,100,200,raw/v14_008.npz
full_N1000_K100_H200_nominal_t0p05,3,T004,3,1000,100,200,raw/v14_008.npz
full_N1000_K100_H200_nominal_t0p05,3,T005,4,1000,100,200,raw/v14_008.npz
full_N1000_K100_H200_nominal_t0p05,3,T006,5,1000,100,200,raw/v14_008.npz
full_N1000_K100_H200_nominal_t0p05,3,T007,6,1000,100,200,raw/v14_008.npz
full_N1000_K100_H200_nominal_t0p05,3,T008,7,1000,100,200,raw/v14_008.npz
full_N1000_K100_H200_nominal_t0p05,3,T009,8,1000,100,200,raw/v14_008.npz
full_N1000_K100_H200_nominal_t0p05,3,T010,9,1000,100,200,raw/v14_008.npz
full_N1000_K100_H200_nominal_t0p05,3,T011,10,1000,100,200,raw/v14_008.npz
full_N1000_K100_H200_nominal_t0p05,3,T012,11,1000,100,200,raw/v14_008.npz
full_N1000_K100_H200_nominal_t0p05,3,T013,12,1000,100,200,raw/v14_008.npz
full_N1000_K100_H200_nominal_t0p05,3,T014,13,1000,100,200,raw/v14_008.npz
full_N1000_K100_H200_nominal_t0p05,3,T015,14,1000,100,200,raw/v14_008.npz
full_N1000_K100_H200_nominal_t0p05,3,T016,15,1000,100,200,raw/v14_008.npz
full_N1000_K100_H200_nominal_t0p05,3,T017,16,1000,100,200,raw/v14_008.npz
full_N1000_K100_H200_nominal_t0p05,3,T018,17,1000,100,200,raw/v14_008.npz
full_N1000_K100_H200_nominal_t0p05,3,T019,18,1000,100,200,raw/v14_008.npz
full_N1000_K100_H200_nominal_t0p05,3,T020,19,1000,100,200,raw/v14_008.npz
full_N1000_K100_H200_nominal_t0p05,3,T021,20,1000,100,200,raw/v14_008.npz
full_N1000_K100_H200_nominal_t0p05,3,T022,21,1000,100,200,raw/v14_008.npz
full_N1000_K100_H200_nominal_t0p05,3,T023,22,1000,100,200,raw/v14_008.npz
full_N1000_K100_H200_nominal_t0p05,3,T024,23,1000,100,200,raw/v14_008.npz
full_N1000_K100_H200_nominal_t0p05,3,T025,24,1000,100,200,raw/v14_008.npz
full_N1000_K100_H200_nominal_t0p05,3,T026,25,1000,100,200,raw/v14_008.npz
full_N1000_K100_H200_nominal_t0p05,3,T027,26,1000,100,200,raw/v14_008.npz
full_N1000_K100_H200_nominal_t0p05,3,T028,27,1000,100,200,raw/v14_008.npz
full_N1000_K100_H200_nominal_t0p05,3,T029,28,1000,100,200,raw/v14_008.npz
full_N1000_K100_H200_nominal_t0p05,3,T030,29,1000,100,200,raw/v14_008.npz
full_N1000_K100_H200_nominal_t0p05,4,T001,0,1000,100,200,raw/v14_009.npz
full_N1000_K100_H200_nominal_t0p05,4,T002,1,1000,100,200,raw/v14_009.npz
full_N1000_K100_H200_nominal_t0p05,4,T003,2,1000,100,200,raw/v14_009.npz
full_N1000_K100_H200_nominal_t0p05,4,T004,3,1000,100,200,raw/v14_009.npz
full_N1000_K100_H200_nominal_t0p05,4,T005,4,1000,100,200,raw/v14_009.npz
full_N1000_K100_H200_nominal_t0p05,4,T006,5,1000,100,200,raw/v14_009.npz
full_N1000_K100_H200_nominal_t0p05,4,T007,6,1000,100,200,raw/v14_009.npz
full_N1000_K100_H200_nominal_t0p05,4,T008,7,1000,100,200,raw/v14_009.npz
full_N1000_K100_H200_nominal_t0p05,4,T009,8,1000,100,200,raw/v14_009.npz
full_N1000_K100_H200_nominal_t0p05,4,T010,9,1000,100,200,raw/v14_009.npz
full_N1000_K100_H200_nominal_t0p05,4,T011,10,1000,100,200,raw/v14_009.npz
full_N1000_K100_H200_nominal_t0p05,4,T012,11,1000,100,200,raw/v14_009.npz
full_N1000_K100_H200_nominal_t0p05,4,T013,12,1000,100,200,raw/v14_009.npz
full_N1000_K100_H200_nominal_t0p05,4,T014,13,1000,100,200,raw/v14_009.npz
full_N1000_K100_H200_nominal_t0p05,4,T015,14,1000,100,200,raw/v14_009.npz
full_N1000_K100_H200_nominal_t0p05,4,T016,15,1000,100,200,raw/v14_009.npz
full_N1000_K100_H200_nominal_t0p05,4,T017,16,1000,100,200,raw/v14_009.npz
full_N1000_K100_H200_nominal_t0p05,4,T018,17,1000,100,200,raw/v14_009.npz
full_N1000_K100_H200_nominal_t0p05,4,T019,18,1000,100,200,raw/v14_009.npz
full_N1000_K100_H200_nominal_t0p05,4,T020,19,1000,100,200,raw/v14_009.npz
full_N1000_K100_H200_nominal_t0p05,4,T021,20,1000,100,200,raw/v14_009.npz
full_N1000_K100_H200_nominal_t0p05,4,T022,21,1000,100,200,raw/v14_009.npz
full_N1000_K100_H200_nominal_t0p05,4,T023,22,1000,100,200,raw/v14_009.npz
full_N1000_K100_H200_nominal_t0p05,4,T024,23,1000,100,200,raw/v14_009.npz
full_N1000_K100_H200_nominal_t0p05,4,T025,24,1000,100,200,raw/v14_009.npz
full_N1000_K100_H200_nominal_t0p05,4,T026,25,1000,100,200,raw/v14_009.npz
full_N1000_K100_H200_nominal_t0p05,4,T027,26,1000,100,200,raw/v14_009.npz
full_N1000_K100_H200_nominal_t0p05,4,T028,27,1000,100,200,raw/v14_009.npz
full_N1000_K100_H200_nominal_t0p05,4,T029,28,1000,100,200,raw/v14_009.npz
full_N1000_K100_H200_nominal_t0p05,4,T030,29,1000,100,200,raw/v14_009.npz
full_N1000_K100_H200_nominal_t0p05,5,T001,0,1000,100,200,raw/v14_010.npz
full_N1000_K100_H200_nominal_t0p05,5,T002,1,1000,100,200,raw/v14_010.npz
full_N1000_K100_H200_nominal_t0p05,5,T003,2,1000,100,200,raw/v14_010.npz
full_N1000_K100_H200_nominal_t0p05,5,T004,3,1000,100,200,raw/v14_010.npz
full_N1000_K100_H200_nominal_t0p05,5,T005,4,1000,100,200,raw/v14_010.npz
full_N1000_K100_H200_nominal_t0p05,5,T006,5,1000,100,200,raw/v14_010.npz
full_N1000_K100_H200_nominal_t0p05,5,T007,6,1000,100,200,raw/v14_010.npz
full_N1000_K100_H200_nominal_t0p05,5,T008,7,1000,100,200,raw/v14_010.npz
full_N1000_K100_H200_nominal_t0p05,5,T009,8,1000,100,200,raw/v14_010.npz
full_N1000_K100_H200_nominal_t0p05,5,T010,9,1000,100,200,raw/v14_010.npz
full_N1000_K100_H200_nominal_t0p05,5,T011,10,1000,100,200,raw/v14_010.npz
full_N1000_K100_H200_nominal_t0p05,5,T012,11,1000,100,200,raw/v14_010.npz
full_N1000_K100_H200_nominal_t0p05,5,T013,12,1000,100,200,raw/v14_010.npz
full_N1000_K100_H200_nominal_t0p05,5,T014,13,1000,100,200,raw/v14_010.npz
full_N1000_K100_H200_nominal_t0p05,5,T015,14,1000,100,200,raw/v14_010.npz
full_N1000_K100_H200_nominal_t0p05,5,T016,15,1000,100,200,raw/v14_010.npz
full_N1000_K100_H200_nominal_t0p05,5,T017,16,1000,100,200,raw/v14_010.npz
full_N1000_K100_H200_nominal_t0p05,5,T018,17,1000,100,200,raw/v14_010.npz
full_N1000_K100_H200_nominal_t0p05,5,T019,18,1000,100,200,raw/v14_010.npz
full_N1000_K100_H200_nominal_t0p05,5,T020,19,1000,100,200,raw/v14_010.npz
full_N1000_K100_H200_nominal_t0p05,5,T021,20,1000,100,200,raw/v14_010.npz
full_N1000_K100_H200_nominal_t0p05,5,T022,21,1000,100,200,raw/v14_010.npz
full_N1000_K100_H200_nominal_t0p05,5,T023,22,1000,100,200,raw/v14_010.npz
full_N1000_K100_H200_nominal_t0p05,5,T024,23,1000,100,200,raw/v14_010.npz
full_N1000_K100_H200_nominal_t0p05,5,T025,24,1000,100,200,raw/v14_010.npz
full_N1000_K100_H200_nominal_t0p05,5,T026,25,1000,100,200,raw/v14_010.npz
full_N1000_K100_H200_nominal_t0p05,5,T027,26,1000,100,200,raw/v14_010.npz
full_N1000_K100_H200_nominal_t0p05,5,T028,27,1000,100,200,raw/v14_010.npz
full_N1000_K100_H200_nominal_t0p05,5,T029,28,1000,100,200,raw/v14_010.npz
full_N1000_K100_H200_nominal_t0p05,5,T030,29,1000,100,200,raw/v14_010.npz
full_N1000_K100_H800_nominal_t0p05,1,T001,0,1000,100,800,raw/v14_006.npz
full_N1000_K100_H800_nominal_t0p05,1,T002,1,1000,100,800,raw/v14_006.npz
full_N1000_K100_H800_nominal_t0p05,1,T003,2,1000,100,800,raw/v14_006.npz
full_N1000_K100_H800_nominal_t0p05,1,T004,3,1000,100,800,raw/v14_006.npz
full_N1000_K100_H800_nominal_t0p05,1,T005,4,1000,100,800,raw/v14_006.npz
full_N1000_K100_H800_nominal_t0p05,1,T006,5,1000,100,800,raw/v14_006.npz
full_N1000_K100_H800_nominal_t0p05,1,T007,6,1000,100,800,raw/v14_006.npz
full_N1000_K100_H800_nominal_t0p05,1,T008,7,1000,100,800,raw/v14_006.npz
full_N1000_K100_H800_nominal_t0p05,1,T009,8,1000,100,800,raw/v14_006.npz
full_N1000_K100_H800_nominal_t0p05,1,T010,9,1000,100,800,raw/v14_006.npz
full_N1000_K100_H800_nominal_t0p05,1,T011,10,1000,100,800,raw/v14_006.npz
full_N1000_K100_H800_nominal_t0p05,1,T012,11,1000,100,800,raw/v14_006.npz
full_N1000_K100_H800_nominal_t0p05,1,T013,12,1000,100,800,raw/v14_006.npz
full_N1000_K100_H800_nominal_t0p05,1,T014,13,1000,100,800,raw/v14_006.npz
full_N1000_K100_H800_nominal_t0p05,1,T015,14,1000,100,800,raw/v14_006.npz
full_N1000_K100_H800_nominal_t0p05,1,T016,15,1000,100,800,raw/v14_006.npz
full_N1000_K100_H800_nominal_t0p05,1,T017,16,1000,100,800,raw/v14_006.npz
full_N1000_K100_H800_nominal_t0p05,1,T018,17,1000,100,800,raw/v14_006.npz
full_N1000_K100_H800_nominal_t0p05,1,T019,18,1000,100,800,raw/v14_006.npz
full_N1000_K100_H800_nominal_t0p05,1,T020,19,1000,100,800,raw/v14_006.npz
full_N1000_K100_H800_nominal_t0p05,1,T021,20,1000,100,800,raw/v14_006.npz
full_N1000_K100_H800_nominal_t0p05,1,T022,21,1000,100,800,raw/v14_006.npz
full_N1000_K100_H800_nominal_t0p05,1,T023,22,1000,100,800,raw/v14_006.npz
full_N1000_K100_H800_nominal_t0p05,1,T024,23,1000,100,800,raw/v14_006.npz
full_N1000_K100_H800_nominal_t0p05,1,T025,24,1000,100,800,raw/v14_006.npz
full_N1000_K100_H800_nominal_t0p05,1,T026,25,1000,100,800,raw/v14_006.npz
full_N1000_K100_H800_nominal_t0p05,1,T027,26,1000,100,800,raw/v14_006.npz
full_N1000_K100_H800_nominal_t0p05,1,T028,27,1000,100,800,raw/v14_006.npz
full_N1000_K100_H800_nominal_t0p05,1,T029,28,1000,100,800,raw/v14_006.npz
full_N1000_K100_H800_nominal_t0p05,1,T030,29,1000,100,800,raw/v14_006.npz
full_N1000_K100_H800_nominal_t0p05,2,T001,0,1000,100,800,raw/v14_007.npz
full_N1000_K100_H800_nominal_t0p05,2,T002,1,1000,100,800,raw/v14_007.npz
full_N1000_K100_H800_nominal_t0p05,2,T003,2,1000,100,800,raw/v14_007.npz
full_N1000_K100_H800_nominal_t0p05,2,T004,3,1000,100,800,raw/v14_007.npz
full_N1000_K100_H800_nominal_t0p05,2,T005,4,1000,100,800,raw/v14_007.npz
full_N1000_K100_H800_nominal_t0p05,2,T006,5,1000,100,800,raw/v14_007.npz
full_N1000_K100_H800_nominal_t0p05,2,T007,6,1000,100,800,raw/v14_007.npz
full_N1000_K100_H800_nominal_t0p05,2,T008,7,1000,100,800,raw/v14_007.npz
full_N1000_K100_H800_nominal_t0p05,2,T009,8,1000,100,800,raw/v14_007.npz
full_N1000_K100_H800_nominal_t0p05,2,T010,9,1000,100,800,raw/v14_007.npz
full_N1000_K100_H800_nominal_t0p05,2,T011,10,1000,100,800,raw/v14_007.npz
full_N1000_K100_H800_nominal_t0p05,2,T012,11,1000,100,800,raw/v14_007.npz
full_N1000_K100_H800_nominal_t0p05,2,T013,12,1000,100,800,raw/v14_007.npz
full_N1000_K100_H800_nominal_t0p05,2,T014,13,1000,100,800,raw/v14_007.npz
full_N1000_K100_H800_nominal_t0p05,2,T015,14,1000,100,800,raw/v14_007.npz
full_N1000_K100_H800_nominal_t0p05,2,T016,15,1000,100,800,raw/v14_007.npz
full_N1000_K100_H800_nominal_t0p05,2,T017,16,1000,100,800,raw/v14_007.npz
full_N1000_K100_H800_nominal_t0p05,2,T018,17,1000,100,800,raw/v14_007.npz
full_N1000_K100_H800_nominal_t0p05,2,T019,18,1000,100,800,raw/v14_007.npz
full_N1000_K100_H800_nominal_t0p05,2,T020,19,1000,100,800,raw/v14_007.npz
full_N1000_K100_H800_nominal_t0p05,2,T021,20,1000,100,800,raw/v14_007.npz
full_N1000_K100_H800_nominal_t0p05,2,T022,21,1000,100,800,raw/v14_007.npz
full_N1000_K100_H800_nominal_t0p05,2,T023,22,1000,100,800,raw/v14_007.npz
full_N1000_K100_H800_nominal_t0p05,2,T024,23,1000,100,800,raw/v14_007.npz
full_N1000_K100_H800_nominal_t0p05,2,T025,24,1000,100,800,raw/v14_007.npz
full_N1000_K100_H800_nominal_t0p05,2,T026,25,1000,100,800,raw/v14_007.npz
full_N1000_K100_H800_nominal_t0p05,2,T027,26,1000,100,800,raw/v14_007.npz
full_N1000_K100_H800_nominal_t0p05,2,T028,27,1000,100,800,raw/v14_007.npz
full_N1000_K100_H800_nominal_t0p05,2,T029,28,1000,100,800,raw/v14_007.npz
full_N1000_K100_H800_nominal_t0p05,2,T030,29,1000,100,800,raw/v14_007.npz
full_N1000_K100_H800_nominal_t0p05,3,T001,0,1000,100,800,raw/v14_008.npz
full_N1000_K100_H800_nominal_t0p05,3,T002,1,1000,100,800,raw/v14_008.npz
full_N1000_K100_H800_nominal_t0p05,3,T003,2,1000,100,800,raw/v14_008.npz
full_N1000_K100_H800_nominal_t0p05,3,T004,3,1000,100,800,raw/v14_008.npz
full_N1000_K100_H800_nominal_t0p05,3,T005,4,1000,100,800,raw/v14_008.npz
full_N1000_K100_H800_nominal_t0p05,3,T006,5,1000,100,800,raw/v14_008.npz
full_N1000_K100_H800_nominal_t0p05,3,T007,6,1000,100,800,raw/v14_008.npz
full_N1000_K100_H800_nominal_t0p05,3,T008,7,1000,100,800,raw/v14_008.npz
full_N1000_K100_H800_nominal_t0p05,3,T009,8,1000,100,800,raw/v14_008.npz
full_N1000_K100_H800_nominal_t0p05,3,T010,9,1000,100,800,raw/v14_008.npz
full_N1000_K100_H800_nominal_t0p05,3,T011,10,1000,100,800,raw/v14_008.npz
full_N1000_K100_H800_nominal_t0p05,3,T012,11,1000,100,800,raw/v14_008.npz
full_N1000_K100_H800_nominal_t0p05,3,T013,12,1000,100,800,raw/v14_008.npz
full_N1000_K100_H800_nominal_t0p05,3,T014,13,1000,100,800,raw/v14_008.npz
full_N1000_K100_H800_nominal_t0p05,3,T015,14,1000,100,800,raw/v14_008.npz
full_N1000_K100_H800_nominal_t0p05,3,T016,15,1000,100,800,raw/v14_008.npz
full_N1000_K100_H800_nominal_t0p05,3,T017,16,1000,100,800,raw/v14_008.npz
full_N1000_K100_H800_nominal_t0p05,3,T018,17,1000,100,800,raw/v14_008.npz
full_N1000_K100_H800_nominal_t0p05,3,T019,18,1000,100,800,raw/v14_008.npz
full_N1000_K100_H800_nominal_t0p05,3,T020,19,1000,100,800,raw/v14_008.npz
full_N1000_K100_H800_nominal_t0p05,3,T021,20,1000,100,800,raw/v14_008.npz
full_N1000_K100_H800_nominal_t0p05,3,T022,21,1000,100,800,raw/v14_008.npz
full_N1000_K100_H800_nominal_t0p05,3,T023,22,1000,100,800,raw/v14_008.npz
full_N1000_K100_H800_nominal_t0p05,3,T024,23,1000,100,800,raw/v14_008.npz
full_N1000_K100_H800_nominal_t0p05,3,T025,24,1000,100,800,raw/v14_008.npz
full_N1000_K100_H800_nominal_t0p05,3,T026,25,1000,100,800,raw/v14_008.npz
full_N1000_K100_H800_nominal_t0p05,3,T027,26,1000,100,800,raw/v14_008.npz
full_N1000_K100_H800_nominal_t0p05,3,T028,27,1000,100,800,raw/v14_008.npz
full_N1000_K100_H800_nominal_t0p05,3,T029,28,1000,100,800,raw/v14_008.npz
full_N1000_K100_H800_nominal_t0p05,3,T030,29,1000,100,800,raw/v14_008.npz
full_N1000_K100_H800_nominal_t0p05,4,T001,0,1000,100,800,raw/v14_009.npz
full_N1000_K100_H800_nominal_t0p05,4,T002,1,1000,100,800,raw/v14_009.npz
full_N1000_K100_H800_nominal_t0p05,4,T003,2,1000,100,800,raw/v14_009.npz
full_N1000_K100_H800_nominal_t0p05,4,T004,3,1000,100,800,raw/v14_009.npz
full_N1000_K100_H800_nominal_t0p05,4,T005,4,1000,100,800,raw/v14_009.npz
full_N1000_K100_H800_nominal_t0p05,4,T006,5,1000,100,800,raw/v14_009.npz
full_N1000_K100_H800_nominal_t0p05,4,T007,6,1000,100,800,raw/v14_009.npz
full_N1000_K100_H800_nominal_t0p05,4,T008,7,1000,100,800,raw/v14_009.npz
full_N1000_K100_H800_nominal_t0p05,4,T009,8,1000,100,800,raw/v14_009.npz
full_N1000_K100_H800_nominal_t0p05,4,T010,9,1000,100,800,raw/v14_009.npz
full_N1000_K100_H800_nominal_t0p05,4,T011,10,1000,100,800,raw/v14_009.npz
full_N1000_K100_H800_nominal_t0p05,4,T012,11,1000,100,800,raw/v14_009.npz
full_N1000_K100_H800_nominal_t0p05,4,T013,12,1000,100,800,raw/v14_009.npz
full_N1000_K100_H800_nominal_t0p05,4,T014,13,1000,100,800,raw/v14_009.npz
full_N1000_K100_H800_nominal_t0p05,4,T015,14,1000,100,800,raw/v14_009.npz
full_N1000_K100_H800_nominal_t0p05,4,T016,15,1000,100,800,raw/v14_009.npz
full_N1000_K100_H800_nominal_t0p05,4,T017,16,1000,100,800,raw/v14_009.npz
full_N1000_K100_H800_nominal_t0p05,4,T018,17,1000,100,800,raw/v14_009.npz
full_N1000_K100_H800_nominal_t0p05,4,T019,18,1000,100,800,raw/v14_009.npz
full_N1000_K100_H800_nominal_t0p05,4,T020,19,1000,100,800,raw/v14_009.npz
full_N1000_K100_H800_nominal_t0p05,4,T021,20,1000,100,800,raw/v14_009.npz
full_N1000_K100_H800_nominal_t0p05,4,T022,21,1000,100,800,raw/v14_009.npz
full_N1000_K100_H800_nominal_t0p05,4,T023,22,1000,100,800,raw/v14_009.npz
full_N1000_K100_H800_nominal_t0p05,4,T024,23,1000,100,800,raw/v14_009.npz
full_N1000_K100_H800_nominal_t0p05,4,T025,24,1000,100,800,raw/v14_009.npz
full_N1000_K100_H800_nominal_t0p05,4,T026,25,1000,100,800,raw/v14_009.npz
full_N1000_K100_H800_nominal_t0p05,4,T027,26,1000,100,800,raw/v14_009.npz
full_N1000_K100_H800_nominal_t0p05,4,T028,27,1000,100,800,raw/v14_009.npz
full_N1000_K100_H800_nominal_t0p05,4,T029,28,1000,100,800,raw/v14_009.npz
full_N1000_K100_H800_nominal_t0p05,4,T030,29,1000,100,800,raw/v14_009.npz
full_N1000_K100_H800_nominal_t0p05,5,T001,0,1000,100,800,raw/v14_010.npz
full_N1000_K100_H800_nominal_t0p05,5,T002,1,1000,100,800,raw/v14_010.npz
full_N1000_K100_H800_nominal_t0p05,5,T003,2,1000,100,800,raw/v14_010.npz
full_N1000_K100_H800_nominal_t0p05,5,T004,3,1000,100,800,raw/v14_010.npz
full_N1000_K100_H800_nominal_t0p05,5,T005,4,1000,100,800,raw/v14_010.npz
full_N1000_K100_H800_nominal_t0p05,5,T006,5,1000,100,800,raw/v14_010.npz
full_N1000_K100_H800_nominal_t0p05,5,T007,6,1000,100,800,raw/v14_010.npz
full_N1000_K100_H800_nominal_t0p05,5,T008,7,1000,100,800,raw/v14_010.npz
full_N1000_K100_H800_nominal_t0p05,5,T009,8,1000,100,800,raw/v14_010.npz
full_N1000_K100_H800_nominal_t0p05,5,T010,9,1000,100,800,raw/v14_010.npz
full_N1000_K100_H800_nominal_t0p05,5,T011,10,1000,100,800,raw/v14_010.npz
full_N1000_K100_H800_nominal_t0p05,5,T012,11,1000,100,800,raw/v14_010.npz
full_N1000_K100_H800_nominal_t0p05,5,T013,12,1000,100,800,raw/v14_010.npz
full_N1000_K100_H800_nominal_t0p05,5,T014,13,1000,100,800,raw/v14_010.npz
full_N1000_K100_H800_nominal_t0p05,5,T015,14,1000,100,800,raw/v14_010.npz
full_N1000_K100_H800_nominal_t0p05,5,T016,15,1000,100,800,raw/v14_010.npz
full_N1000_K100_H800_nominal_t0p05,5,T017,16,1000,100,800,raw/v14_010.npz
full_N1000_K100_H800_nominal_t0p05,5,T018,17,1000,100,800,raw/v14_010.npz
full_N1000_K100_H800_nominal_t0p05,5,T019,18,1000,100,800,raw/v14_010.npz
full_N1000_K100_H800_nominal_t0p05,5,T020,19,1000,100,800,raw/v14_010.npz
full_N1000_K100_H800_nominal_t0p05,5,T021,20,1000,100,800,raw/v14_010.npz
full_N1000_K100_H800_nominal_t0p05,5,T022,21,1000,100,800,raw/v14_010.npz
full_N1000_K100_H800_nominal_t0p05,5,T023,22,1000,100,800,raw/v14_010.npz
full_N1000_K100_H800_nominal_t0p05,5,T024,23,1000,100,800,raw/v14_010.npz
full_N1000_K100_H800_nominal_t0p05,5,T025,24,1000,100,800,raw/v14_010.npz
full_N1000_K100_H800_nominal_t0p05,5,T026,25,1000,100,800,raw/v14_010.npz
full_N1000_K100_H800_nominal_t0p05,5,T027,26,1000,100,800,raw/v14_010.npz
full_N1000_K100_H800_nominal_t0p05,5,T028,27,1000,100,800,raw/v14_010.npz
full_N1000_K100_H800_nominal_t0p05,5,T029,28,1000,100,800,raw/v14_010.npz
full_N1000_K100_H800_nominal_t0p05,5,T030,29,1000,100,800,raw/v14_010.npz
full_N2000_K100_H50_nominal_t0p05,1,T001,0,2000,100,50,raw/v14_011.npz
full_N2000_K100_H50_nominal_t0p05,1,T002,1,2000,100,50,raw/v14_011.npz
full_N2000_K100_H50_nominal_t0p05,1,T003,2,2000,100,50,raw/v14_011.npz
full_N2000_K100_H50_nominal_t0p05,1,T004,3,2000,100,50,raw/v14_011.npz
full_N2000_K100_H50_nominal_t0p05,1,T005,4,2000,100,50,raw/v14_011.npz
full_N2000_K100_H50_nominal_t0p05,1,T006,5,2000,100,50,raw/v14_011.npz
full_N2000_K100_H50_nominal_t0p05,1,T007,6,2000,100,50,raw/v14_011.npz
full_N2000_K100_H50_nominal_t0p05,1,T008,7,2000,100,50,raw/v14_011.npz
full_N2000_K100_H50_nominal_t0p05,1,T009,8,2000,100,50,raw/v14_011.npz
full_N2000_K100_H50_nominal_t0p05,1,T010,9,2000,100,50,raw/v14_011.npz
full_N2000_K100_H50_nominal_t0p05,1,T011,10,2000,100,50,raw/v14_011.npz
full_N2000_K100_H50_nominal_t0p05,1,T012,11,2000,100,50,raw/v14_011.npz
full_N2000_K100_H50_nominal_t0p05,1,T013,12,2000,100,50,raw/v14_011.npz
full_N2000_K100_H50_nominal_t0p05,1,T014,13,2000,100,50,raw/v14_011.npz
full_N2000_K100_H50_nominal_t0p05,1,T015,14,2000,100,50,raw/v14_011.npz
full_N2000_K100_H50_nominal_t0p05,1,T016,15,2000,100,50,raw/v14_011.npz
full_N2000_K100_H50_nominal_t0p05,1,T017,16,2000,100,50,raw/v14_011.npz
full_N2000_K100_H50_nominal_t0p05,1,T018,17,2000,100,50,raw/v14_011.npz
full_N2000_K100_H50_nominal_t0p05,1,T019,18,2000,100,50,raw/v14_011.npz
full_N2000_K100_H50_nominal_t0p05,1,T020,19,2000,100,50,raw/v14_011.npz
full_N2000_K100_H50_nominal_t0p05,1,T021,20,2000,100,50,raw/v14_011.npz
full_N2000_K100_H50_nominal_t0p05,1,T022,21,2000,100,50,raw/v14_011.npz
full_N2000_K100_H50_nominal_t0p05,1,T023,22,2000,100,50,raw/v14_011.npz
full_N2000_K100_H50_nominal_t0p05,1,T024,23,2000,100,50,raw/v14_011.npz
full_N2000_K100_H50_nominal_t0p05,1,T025,24,2000,100,50,raw/v14_011.npz
full_N2000_K100_H50_nominal_t0p05,1,T026,25,2000,100,50,raw/v14_011.npz
full_N2000_K100_H50_nominal_t0p05,1,T027,26,2000,100,50,raw/v14_011.npz
full_N2000_K100_H50_nominal_t0p05,1,T028,27,2000,100,50,raw/v14_011.npz
full_N2000_K100_H50_nominal_t0p05,1,T029,28,2000,100,50,raw/v14_011.npz
full_N2000_K100_H50_nominal_t0p05,1,T030,29,2000,100,50,raw/v14_011.npz
full_N2000_K100_H50_nominal_t0p05,2,T001,0,2000,100,50,raw/v14_012.npz
full_N2000_K100_H50_nominal_t0p05,2,T002,1,2000,100,50,raw/v14_012.npz
full_N2000_K100_H50_nominal_t0p05,2,T003,2,2000,100,50,raw/v14_012.npz
full_N2000_K100_H50_nominal_t0p05,2,T004,3,2000,100,50,raw/v14_012.npz
full_N2000_K100_H50_nominal_t0p05,2,T005,4,2000,100,50,raw/v14_012.npz
full_N2000_K100_H50_nominal_t0p05,2,T006,5,2000,100,50,raw/v14_012.npz
full_N2000_K100_H50_nominal_t0p05,2,T007,6,2000,100,50,raw/v14_012.npz
full_N2000_K100_H50_nominal_t0p05,2,T008,7,2000,100,50,raw/v14_012.npz
full_N2000_K100_H50_nominal_t0p05,2,T009,8,2000,100,50,raw/v14_012.npz
full_N2000_K100_H50_nominal_t0p05,2,T010,9,2000,100,50,raw/v14_012.npz
full_N2000_K100_H50_nominal_t0p05,2,T011,10,2000,100,50,raw/v14_012.npz
full_N2000_K100_H50_nominal_t0p05,2,T012,11,2000,100,50,raw/v14_012.npz
full_N2000_K100_H50_nominal_t0p05,2,T013,12,2000,100,50,raw/v14_012.npz
full_N2000_K100_H50_nominal_t0p05,2,T014,13,2000,100,50,raw/v14_012.npz
full_N2000_K100_H50_nominal_t0p05,2,T015,14,2000,100,50,raw/v14_012.npz
full_N2000_K100_H50_nominal_t0p05,2,T016,15,2000,100,50,raw/v14_012.npz
full_N2000_K100_H50_nominal_t0p05,2,T017,16,2000,100,50,raw/v14_012.npz
full_N2000_K100_H50_nominal_t0p05,2,T018,17,2000,100,50,raw/v14_012.npz
full_N2000_K100_H50_nominal_t0p05,2,T019,18,2000,100,50,raw/v14_012.npz
full_N2000_K100_H50_nominal_t0p05,2,T020,19,2000,100,50,raw/v14_012.npz
full_N2000_K100_H50_nominal_t0p05,2,T021,20,2000,100,50,raw/v14_012.npz
full_N2000_K100_H50_nominal_t0p05,2,T022,21,2000,100,50,raw/v14_012.npz
full_N2000_K100_H50_nominal_t0p05,2,T023,22,2000,100,50,raw/v14_012.npz
full_N2000_K100_H50_nominal_t0p05,2,T024,23,2000,100,50,raw/v14_012.npz
full_N2000_K100_H50_nominal_t0p05,2,T025,24,2000,100,50,raw/v14_012.npz
full_N2000_K100_H50_nominal_t0p05,2,T026,25,2000,100,50,raw/v14_012.npz
full_N2000_K100_H50_nominal_t0p05,2,T027,26,2000,100,50,raw/v14_012.npz
full_N2000_K100_H50_nominal_t0p05,2,T028,27,2000,100,50,raw/v14_012.npz
full_N2000_K100_H50_nominal_t0p05,2,T029,28,2000,100,50,raw/v14_012.npz
full_N2000_K100_H50_nominal_t0p05,2,T030,29,2000,100,50,raw/v14_012.npz
full_N2000_K100_H50_nominal_t0p05,3,T001,0,2000,100,50,raw/v14_013.npz
full_N2000_K100_H50_nominal_t0p05,3,T002,1,2000,100,50,raw/v14_013.npz
full_N2000_K100_H50_nominal_t0p05,3,T003,2,2000,100,50,raw/v14_013.npz
full_N2000_K100_H50_nominal_t0p05,3,T004,3,2000,100,50,raw/v14_013.npz
full_N2000_K100_H50_nominal_t0p05,3,T005,4,2000,100,50,raw/v14_013.npz
full_N2000_K100_H50_nominal_t0p05,3,T006,5,2000,100,50,raw/v14_013.npz
full_N2000_K100_H50_nominal_t0p05,3,T007,6,2000,100,50,raw/v14_013.npz
full_N2000_K100_H50_nominal_t0p05,3,T008,7,2000,100,50,raw/v14_013.npz
full_N2000_K100_H50_nominal_t0p05,3,T009,8,2000,100,50,raw/v14_013.npz
full_N2000_K100_H50_nominal_t0p05,3,T010,9,2000,100,50,raw/v14_013.npz
full_N2000_K100_H50_nominal_t0p05,3,T011,10,2000,100,50,raw/v14_013.npz
full_N2000_K100_H50_nominal_t0p05,3,T012,11,2000,100,50,raw/v14_013.npz
full_N2000_K100_H50_nominal_t0p05,3,T013,12,2000,100,50,raw/v14_013.npz
full_N2000_K100_H50_nominal_t0p05,3,T014,13,2000,100,50,raw/v14_013.npz
full_N2000_K100_H50_nominal_t0p05,3,T015,14,2000,100,50,raw/v14_013.npz
full_N2000_K100_H50_nominal_t0p05,3,T016,15,2000,100,50,raw/v14_013.npz
full_N2000_K100_H50_nominal_t0p05,3,T017,16,2000,100,50,raw/v14_013.npz
full_N2000_K100_H50_nominal_t0p05,3,T018,17,2000,100,50,raw/v14_013.npz
full_N2000_K100_H50_nominal_t0p05,3,T019,18,2000,100,50,raw/v14_013.npz
full_N2000_K100_H50_nominal_t0p05,3,T020,19,2000,100,50,raw/v14_013.npz
full_N2000_K100_H50_nominal_t0p05,3,T021,20,2000,100,50,raw/v14_013.npz
full_N2000_K100_H50_nominal_t0p05,3,T022,21,2000,100,50,raw/v14_013.npz
full_N2000_K100_H50_nominal_t0p05,3,T023,22,2000,100,50,raw/v14_013.npz
full_N2000_K100_H50_nominal_t0p05,3,T024,23,2000,100,50,raw/v14_013.npz
full_N2000_K100_H50_nominal_t0p05,3,T025,24,2000,100,50,raw/v14_013.npz
full_N2000_K100_H50_nominal_t0p05,3,T026,25,2000,100,50,raw/v14_013.npz
full_N2000_K100_H50_nominal_t0p05,3,T027,26,2000,100,50,raw/v14_013.npz
full_N2000_K100_H50_nominal_t0p05,3,T028,27,2000,100,50,raw/v14_013.npz
full_N2000_K100_H50_nominal_t0p05,3,T029,28,2000,100,50,raw/v14_013.npz
full_N2000_K100_H50_nominal_t0p05,3,T030,29,2000,100,50,raw/v14_013.npz
full_N2000_K100_H50_nominal_t0p05,4,T001,0,2000,100,50,raw/v14_014.npz
full_N2000_K100_H50_nominal_t0p05,4,T002,1,2000,100,50,raw/v14_014.npz
full_N2000_K100_H50_nominal_t0p05,4,T003,2,2000,100,50,raw/v14_014.npz
full_N2000_K100_H50_nominal_t0p05,4,T004,3,2000,100,50,raw/v14_014.npz
full_N2000_K100_H50_nominal_t0p05,4,T005,4,2000,100,50,raw/v14_014.npz
full_N2000_K100_H50_nominal_t0p05,4,T006,5,2000,100,50,raw/v14_014.npz
full_N2000_K100_H50_nominal_t0p05,4,T007,6,2000,100,50,raw/v14_014.npz
full_N2000_K100_H50_nominal_t0p05,4,T008,7,2000,100,50,raw/v14_014.npz
full_N2000_K100_H50_nominal_t0p05,4,T009,8,2000,100,50,raw/v14_014.npz
full_N2000_K100_H50_nominal_t0p05,4,T010,9,2000,100,50,raw/v14_014.npz
full_N2000_K100_H50_nominal_t0p05,4,T011,10,2000,100,50,raw/v14_014.npz
full_N2000_K100_H50_nominal_t0p05,4,T012,11,2000,100,50,raw/v14_014.npz
full_N2000_K100_H50_nominal_t0p05,4,T013,12,2000,100,50,raw/v14_014.npz
full_N2000_K100_H50_nominal_t0p05,4,T014,13,2000,100,50,raw/v14_014.npz
full_N2000_K100_H50_nominal_t0p05,4,T015,14,2000,100,50,raw/v14_014.npz
full_N2000_K100_H50_nominal_t0p05,4,T016,15,2000,100,50,raw/v14_014.npz
full_N2000_K100_H50_nominal_t0p05,4,T017,16,2000,100,50,raw/v14_014.npz
full_N2000_K100_H50_nominal_t0p05,4,T018,17,2000,100,50,raw/v14_014.npz
full_N2000_K100_H50_nominal_t0p05,4,T019,18,2000,100,50,raw/v14_014.npz
full_N2000_K100_H50_nominal_t0p05,4,T020,19,2000,100,50,raw/v14_014.npz
full_N2000_K100_H50_nominal_t0p05,4,T021,20,2000,100,50,raw/v14_014.npz
full_N2000_K100_H50_nominal_t0p05,4,T022,21,2000,100,50,raw/v14_014.npz
full_N2000_K100_H50_nominal_t0p05,4,T023,22,2000,100,50,raw/v14_014.npz
full_N2000_K100_H50_nominal_t0p05,4,T024,23,2000,100,50,raw/v14_014.npz
full_N2000_K100_H50_nominal_t0p05,4,T025,24,2000,100,50,raw/v14_014.npz
full_N2000_K100_H50_nominal_t0p05,4,T026,25,2000,100,50,raw/v14_014.npz
full_N2000_K100_H50_nominal_t0p05,4,T027,26,2000,100,50,raw/v14_014.npz
full_N2000_K100_H50_nominal_t0p05,4,T028,27,2000,100,50,raw/v14_014.npz
full_N2000_K100_H50_nominal_t0p05,4,T029,28,2000,100,50,raw/v14_014.npz
full_N2000_K100_H50_nominal_t0p05,4,T030,29,2000,100,50,raw/v14_014.npz
full_N2000_K100_H50_nominal_t0p05,5,T001,0,2000,100,50,raw/v14_015.npz
full_N2000_K100_H50_nominal_t0p05,5,T002,1,2000,100,50,raw/v14_015.npz
full_N2000_K100_H50_nominal_t0p05,5,T003,2,2000,100,50,raw/v14_015.npz
full_N2000_K100_H50_nominal_t0p05,5,T004,3,2000,100,50,raw/v14_015.npz
full_N2000_K100_H50_nominal_t0p05,5,T005,4,2000,100,50,raw/v14_015.npz
full_N2000_K100_H50_nominal_t0p05,5,T006,5,2000,100,50,raw/v14_015.npz
full_N2000_K100_H50_nominal_t0p05,5,T007,6,2000,100,50,raw/v14_015.npz
full_N2000_K100_H50_nominal_t0p05,5,T008,7,2000,100,50,raw/v14_015.npz
full_N2000_K100_H50_nominal_t0p05,5,T009,8,2000,100,50,raw/v14_015.npz
full_N2000_K100_H50_nominal_t0p05,5,T010,9,2000,100,50,raw/v14_015.npz
full_N2000_K100_H50_nominal_t0p05,5,T011,10,2000,100,50,raw/v14_015.npz
full_N2000_K100_H50_nominal_t0p05,5,T012,11,2000,100,50,raw/v14_015.npz
full_N2000_K100_H50_nominal_t0p05,5,T013,12,2000,100,50,raw/v14_015.npz
full_N2000_K100_H50_nominal_t0p05,5,T014,13,2000,100,50,raw/v14_015.npz
full_N2000_K100_H50_nominal_t0p05,5,T015,14,2000,100,50,raw/v14_015.npz
full_N2000_K100_H50_nominal_t0p05,5,T016,15,2000,100,50,raw/v14_015.npz
full_N2000_K100_H50_nominal_t0p05,5,T017,16,2000,100,50,raw/v14_015.npz
full_N2000_K100_H50_nominal_t0p05,5,T018,17,2000,100,50,raw/v14_015.npz
full_N2000_K100_H50_nominal_t0p05,5,T019,18,2000,100,50,raw/v14_015.npz
full_N2000_K100_H50_nominal_t0p05,5,T020,19,2000,100,50,raw/v14_015.npz
full_N2000_K100_H50_nominal_t0p05,5,T021,20,2000,100,50,raw/v14_015.npz
full_N2000_K100_H50_nominal_t0p05,5,T022,21,2000,100,50,raw/v14_015.npz
full_N2000_K100_H50_nominal_t0p05,5,T023,22,2000,100,50,raw/v14_015.npz
full_N2000_K100_H50_nominal_t0p05,5,T024,23,2000,100,50,raw/v14_015.npz
full_N2000_K100_H50_nominal_t0p05,5,T025,24,2000,100,50,raw/v14_015.npz
full_N2000_K100_H50_nominal_t0p05,5,T026,25,2000,100,50,raw/v14_015.npz
full_N2000_K100_H50_nominal_t0p05,5,T027,26,2000,100,50,raw/v14_015.npz
full_N2000_K100_H50_nominal_t0p05,5,T028,27,2000,100,50,raw/v14_015.npz
full_N2000_K100_H50_nominal_t0p05,5,T029,28,2000,100,50,raw/v14_015.npz
full_N2000_K100_H50_nominal_t0p05,5,T030,29,2000,100,50,raw/v14_015.npz
full_N2000_K100_H200_nominal_t0p05,1,T001,0,2000,100,200,raw/v14_011.npz
full_N2000_K100_H200_nominal_t0p05,1,T002,1,2000,100,200,raw/v14_011.npz
full_N2000_K100_H200_nominal_t0p05,1,T003,2,2000,100,200,raw/v14_011.npz
full_N2000_K100_H200_nominal_t0p05,1,T004,3,2000,100,200,raw/v14_011.npz
full_N2000_K100_H200_nominal_t0p05,1,T005,4,2000,100,200,raw/v14_011.npz
full_N2000_K100_H200_nominal_t0p05,1,T006,5,2000,100,200,raw/v14_011.npz
full_N2000_K100_H200_nominal_t0p05,1,T007,6,2000,100,200,raw/v14_011.npz
full_N2000_K100_H200_nominal_t0p05,1,T008,7,2000,100,200,raw/v14_011.npz
full_N2000_K100_H200_nominal_t0p05,1,T009,8,2000,100,200,raw/v14_011.npz
full_N2000_K100_H200_nominal_t0p05,1,T010,9,2000,100,200,raw/v14_011.npz
full_N2000_K100_H200_nominal_t0p05,1,T011,10,2000,100,200,raw/v14_011.npz
full_N2000_K100_H200_nominal_t0p05,1,T012,11,2000,100,200,raw/v14_011.npz
full_N2000_K100_H200_nominal_t0p05,1,T013,12,2000,100,200,raw/v14_011.npz
full_N2000_K100_H200_nominal_t0p05,1,T014,13,2000,100,200,raw/v14_011.npz
full_N2000_K100_H200_nominal_t0p05,1,T015,14,2000,100,200,raw/v14_011.npz
full_N2000_K100_H200_nominal_t0p05,1,T016,15,2000,100,200,raw/v14_011.npz
full_N2000_K100_H200_nominal_t0p05,1,T017,16,2000,100,200,raw/v14_011.npz
full_N2000_K100_H200_nominal_t0p05,1,T018,17,2000,100,200,raw/v14_011.npz
full_N2000_K100_H200_nominal_t0p05,1,T019,18,2000,100,200,raw/v14_011.npz
full_N2000_K100_H200_nominal_t0p05,1,T020,19,2000,100,200,raw/v14_011.npz
full_N2000_K100_H200_nominal_t0p05,1,T021,20,2000,100,200,raw/v14_011.npz
full_N2000_K100_H200_nominal_t0p05,1,T022,21,2000,100,200,raw/v14_011.npz
full_N2000_K100_H200_nominal_t0p05,1,T023,22,2000,100,200,raw/v14_011.npz
full_N2000_K100_H200_nominal_t0p05,1,T024,23,2000,100,200,raw/v14_011.npz
full_N2000_K100_H200_nominal_t0p05,1,T025,24,2000,100,200,raw/v14_011.npz
full_N2000_K100_H200_nominal_t0p05,1,T026,25,2000,100,200,raw/v14_011.npz
full_N2000_K100_H200_nominal_t0p05,1,T027,26,2000,100,200,raw/v14_011.npz
full_N2000_K100_H200_nominal_t0p05,1,T028,27,2000,100,200,raw/v14_011.npz
full_N2000_K100_H200_nominal_t0p05,1,T029,28,2000,100,200,raw/v14_011.npz
full_N2000_K100_H200_nominal_t0p05,1,T030,29,2000,100,200,raw/v14_011.npz
full_N2000_K100_H200_nominal_t0p05,2,T001,0,2000,100,200,raw/v14_012.npz
full_N2000_K100_H200_nominal_t0p05,2,T002,1,2000,100,200,raw/v14_012.npz
full_N2000_K100_H200_nominal_t0p05,2,T003,2,2000,100,200,raw/v14_012.npz
full_N2000_K100_H200_nominal_t0p05,2,T004,3,2000,100,200,raw/v14_012.npz
full_N2000_K100_H200_nominal_t0p05,2,T005,4,2000,100,200,raw/v14_012.npz
full_N2000_K100_H200_nominal_t0p05,2,T006,5,2000,100,200,raw/v14_012.npz
full_N2000_K100_H200_nominal_t0p05,2,T007,6,2000,100,200,raw/v14_012.npz
full_N2000_K100_H200_nominal_t0p05,2,T008,7,2000,100,200,raw/v14_012.npz
full_N2000_K100_H200_nominal_t0p05,2,T009,8,2000,100,200,raw/v14_012.npz
full_N2000_K100_H200_nominal_t0p05,2,T010,9,2000,100,200,raw/v14_012.npz
full_N2000_K100_H200_nominal_t0p05,2,T011,10,2000,100,200,raw/v14_012.npz
full_N2000_K100_H200_nominal_t0p05,2,T012,11,2000,100,200,raw/v14_012.npz
full_N2000_K100_H200_nominal_t0p05,2,T013,12,2000,100,200,raw/v14_012.npz
full_N2000_K100_H200_nominal_t0p05,2,T014,13,2000,100,200,raw/v14_012.npz
full_N2000_K100_H200_nominal_t0p05,2,T015,14,2000,100,200,raw/v14_012.npz
full_N2000_K100_H200_nominal_t0p05,2,T016,15,2000,100,200,raw/v14_012.npz
full_N2000_K100_H200_nominal_t0p05,2,T017,16,2000,100,200,raw/v14_012.npz
full_N2000_K100_H200_nominal_t0p05,2,T018,17,2000,100,200,raw/v14_012.npz
full_N2000_K100_H200_nominal_t0p05,2,T019,18,2000,100,200,raw/v14_012.npz
full_N2000_K100_H200_nominal_t0p05,2,T020,19,2000,100,200,raw/v14_012.npz
full_N2000_K100_H200_nominal_t0p05,2,T021,20,2000,100,200,raw/v14_012.npz
full_N2000_K100_H200_nominal_t0p05,2,T022,21,2000,100,200,raw/v14_012.npz
full_N2000_K100_H200_nominal_t0p05,2,T023,22,2000,100,200,raw/v14_012.npz
full_N2000_K100_H200_nominal_t0p05,2,T024,23,2000,100,200,raw/v14_012.npz
full_N2000_K100_H200_nominal_t0p05,2,T025,24,2000,100,200,raw/v14_012.npz
full_N2000_K100_H200_nominal_t0p05,2,T026,25,2000,100,200,raw/v14_012.npz
full_N2000_K100_H200_nominal_t0p05,2,T027,26,2000,100,200,raw/v14_012.npz
full_N2000_K100_H200_nominal_t0p05,2,T028,27,2000,100,200,raw/v14_012.npz
full_N2000_K100_H200_nominal_t0p05,2,T029,28,2000,100,200,raw/v14_012.npz
full_N2000_K100_H200_nominal_t0p05,2,T030,29,2000,100,200,raw/v14_012.npz
full_N2000_K100_H200_nominal_t0p05,3,T001,0,2000,100,200,raw/v14_013.npz
full_N2000_K100_H200_nominal_t0p05,3,T002,1,2000,100,200,raw/v14_013.npz
full_N2000_K100_H200_nominal_t0p05,3,T003,2,2000,100,200,raw/v14_013.npz
full_N2000_K100_H200_nominal_t0p05,3,T004,3,2000,100,200,raw/v14_013.npz
full_N2000_K100_H200_nominal_t0p05,3,T005,4,2000,100,200,raw/v14_013.npz
full_N2000_K100_H200_nominal_t0p05,3,T006,5,2000,100,200,raw/v14_013.npz
full_N2000_K100_H200_nominal_t0p05,3,T007,6,2000,100,200,raw/v14_013.npz
full_N2000_K100_H200_nominal_t0p05,3,T008,7,2000,100,200,raw/v14_013.npz
full_N2000_K100_H200_nominal_t0p05,3,T009,8,2000,100,200,raw/v14_013.npz
full_N2000_K100_H200_nominal_t0p05,3,T010,9,2000,100,200,raw/v14_013.npz
full_N2000_K100_H200_nominal_t0p05,3,T011,10,2000,100,200,raw/v14_013.npz
full_N2000_K100_H200_nominal_t0p05,3,T012,11,2000,100,200,raw/v14_013.npz
full_N2000_K100_H200_nominal_t0p05,3,T013,12,2000,100,200,raw/v14_013.npz
full_N2000_K100_H200_nominal_t0p05,3,T014,13,2000,100,200,raw/v14_013.npz
full_N2000_K100_H200_nominal_t0p05,3,T015,14,2000,100,200,raw/v14_013.npz
full_N2000_K100_H200_nominal_t0p05,3,T016,15,2000,100,200,raw/v14_013.npz
full_N2000_K100_H200_nominal_t0p05,3,T017,16,2000,100,200,raw/v14_013.npz
full_N2000_K100_H200_nominal_t0p05,3,T018,17,2000,100,200,raw/v14_013.npz
full_N2000_K100_H200_nominal_t0p05,3,T019,18,2000,100,200,raw/v14_013.npz
full_N2000_K100_H200_nominal_t0p05,3,T020,19,2000,100,200,raw/v14_013.npz
full_N2000_K100_H200_nominal_t0p05,3,T021,20,2000,100,200,raw/v14_013.npz
full_N2000_K100_H200_nominal_t0p05,3,T022,21,2000,100,200,raw/v14_013.npz
full_N2000_K100_H200_nominal_t0p05,3,T023,22,2000,100,200,raw/v14_013.npz
full_N2000_K100_H200_nominal_t0p05,3,T024,23,2000,100,200,raw/v14_013.npz
full_N2000_K100_H200_nominal_t0p05,3,T025,24,2000,100,200,raw/v14_013.npz
full_N2000_K100_H200_nominal_t0p05,3,T026,25,2000,100,200,raw/v14_013.npz
full_N2000_K100_H200_nominal_t0p05,3,T027,26,2000,100,200,raw/v14_013.npz
full_N2000_K100_H200_nominal_t0p05,3,T028,27,2000,100,200,raw/v14_013.npz
full_N2000_K100_H200_nominal_t0p05,3,T029,28,2000,100,200,raw/v14_013.npz
full_N2000_K100_H200_nominal_t0p05,3,T030,29,2000,100,200,raw/v14_013.npz
full_N2000_K100_H200_nominal_t0p05,4,T001,0,2000,100,200,raw/v14_014.npz
full_N2000_K100_H200_nominal_t0p05,4,T002,1,2000,100,200,raw/v14_014.npz
full_N2000_K100_H200_nominal_t0p05,4,T003,2,2000,100,200,raw/v14_014.npz
full_N2000_K100_H200_nominal_t0p05,4,T004,3,2000,100,200,raw/v14_014.npz
full_N2000_K100_H200_nominal_t0p05,4,T005,4,2000,100,200,raw/v14_014.npz
full_N2000_K100_H200_nominal_t0p05,4,T006,5,2000,100,200,raw/v14_014.npz
full_N2000_K100_H200_nominal_t0p05,4,T007,6,2000,100,200,raw/v14_014.npz
full_N2000_K100_H200_nominal_t0p05,4,T008,7,2000,100,200,raw/v14_014.npz
full_N2000_K100_H200_nominal_t0p05,4,T009,8,2000,100,200,raw/v14_014.npz
full_N2000_K100_H200_nominal_t0p05,4,T010,9,2000,100,200,raw/v14_014.npz
full_N2000_K100_H200_nominal_t0p05,4,T011,10,2000,100,200,raw/v14_014.npz
full_N2000_K100_H200_nominal_t0p05,4,T012,11,2000,100,200,raw/v14_014.npz
full_N2000_K100_H200_nominal_t0p05,4,T013,12,2000,100,200,raw/v14_014.npz
full_N2000_K100_H200_nominal_t0p05,4,T014,13,2000,100,200,raw/v14_014.npz
full_N2000_K100_H200_nominal_t0p05,4,T015,14,2000,100,200,raw/v14_014.npz
full_N2000_K100_H200_nominal_t0p05,4,T016,15,2000,100,200,raw/v14_014.npz
full_N2000_K100_H200_nominal_t0p05,4,T017,16,2000,100,200,raw/v14_014.npz
full_N2000_K100_H200_nominal_t0p05,4,T018,17,2000,100,200,raw/v14_014.npz
full_N2000_K100_H200_nominal_t0p05,4,T019,18,2000,100,200,raw/v14_014.npz
full_N2000_K100_H200_nominal_t0p05,4,T020,19,2000,100,200,raw/v14_014.npz
full_N2000_K100_H200_nominal_t0p05,4,T021,20,2000,100,200,raw/v14_014.npz
full_N2000_K100_H200_nominal_t0p05,4,T022,21,2000,100,200,raw/v14_014.npz
full_N2000_K100_H200_nominal_t0p05,4,T023,22,2000,100,200,raw/v14_014.npz
full_N2000_K100_H200_nominal_t0p05,4,T024,23,2000,100,200,raw/v14_014.npz
full_N2000_K100_H200_nominal_t0p05,4,T025,24,2000,100,200,raw/v14_014.npz
full_N2000_K100_H200_nominal_t0p05,4,T026,25,2000,100,200,raw/v14_014.npz
full_N2000_K100_H200_nominal_t0p05,4,T027,26,2000,100,200,raw/v14_014.npz
full_N2000_K100_H200_nominal_t0p05,4,T028,27,2000,100,200,raw/v14_014.npz
full_N2000_K100_H200_nominal_t0p05,4,T029,28,2000,100,200,raw/v14_014.npz
full_N2000_K100_H200_nominal_t0p05,4,T030,29,2000,100,200,raw/v14_014.npz
full_N2000_K100_H200_nominal_t0p05,5,T001,0,2000,100,200,raw/v14_015.npz
full_N2000_K100_H200_nominal_t0p05,5,T002,1,2000,100,200,raw/v14_015.npz
full_N2000_K100_H200_nominal_t0p05,5,T003,2,2000,100,200,raw/v14_015.npz
full_N2000_K100_H200_nominal_t0p05,5,T004,3,2000,100,200,raw/v14_015.npz
full_N2000_K100_H200_nominal_t0p05,5,T005,4,2000,100,200,raw/v14_015.npz
full_N2000_K100_H200_nominal_t0p05,5,T006,5,2000,100,200,raw/v14_015.npz
full_N2000_K100_H200_nominal_t0p05,5,T007,6,2000,100,200,raw/v14_015.npz
full_N2000_K100_H200_nominal_t0p05,5,T008,7,2000,100,200,raw/v14_015.npz
full_N2000_K100_H200_nominal_t0p05,5,T009,8,2000,100,200,raw/v14_015.npz
full_N2000_K100_H200_nominal_t0p05,5,T010,9,2000,100,200,raw/v14_015.npz
full_N2000_K100_H200_nominal_t0p05,5,T011,10,2000,100,200,raw/v14_015.npz
full_N2000_K100_H200_nominal_t0p05,5,T012,11,2000,100,200,raw/v14_015.npz
full_N2000_K100_H200_nominal_t0p05,5,T013,12,2000,100,200,raw/v14_015.npz
full_N2000_K100_H200_nominal_t0p05,5,T014,13,2000,100,200,raw/v14_015.npz
full_N2000_K100_H200_nominal_t0p05,5,T015,14,2000,100,200,raw/v14_015.npz
full_N2000_K100_H200_nominal_t0p05,5,T016,15,2000,100,200,raw/v14_015.npz
full_N2000_K100_H200_nominal_t0p05,5,T017,16,2000,100,200,raw/v14_015.npz
full_N2000_K100_H200_nominal_t0p05,5,T018,17,2000,100,200,raw/v14_015.npz
full_N2000_K100_H200_nominal_t0p05,5,T019,18,2000,100,200,raw/v14_015.npz
full_N2000_K100_H200_nominal_t0p05,5,T020,19,2000,100,200,raw/v14_015.npz
full_N2000_K100_H200_nominal_t0p05,5,T021,20,2000,100,200,raw/v14_015.npz
full_N2000_K100_H200_nominal_t0p05,5,T022,21,2000,100,200,raw/v14_015.npz
full_N2000_K100_H200_nominal_t0p05,5,T023,22,2000,100,200,raw/v14_015.npz
full_N2000_K100_H200_nominal_t0p05,5,T024,23,2000,100,200,raw/v14_015.npz
full_N2000_K100_H200_nominal_t0p05,5,T025,24,2000,100,200,raw/v14_015.npz
full_N2000_K100_H200_nominal_t0p05,5,T026,25,2000,100,200,raw/v14_015.npz
full_N2000_K100_H200_nominal_t0p05,5,T027,26,2000,100,200,raw/v14_015.npz
full_N2000_K100_H200_nominal_t0p05,5,T028,27,2000,100,200,raw/v14_015.npz
full_N2000_K100_H200_nominal_t0p05,5,T029,28,2000,100,200,raw/v14_015.npz
full_N2000_K100_H200_nominal_t0p05,5,T030,29,2000,100,200,raw/v14_015.npz
full_N2000_K100_H800_nominal_t0p05,1,T001,0,2000,100,800,raw/v14_011.npz
full_N2000_K100_H800_nominal_t0p05,1,T002,1,2000,100,800,raw/v14_011.npz
full_N2000_K100_H800_nominal_t0p05,1,T003,2,2000,100,800,raw/v14_011.npz
full_N2000_K100_H800_nominal_t0p05,1,T004,3,2000,100,800,raw/v14_011.npz
full_N2000_K100_H800_nominal_t0p05,1,T005,4,2000,100,800,raw/v14_011.npz
full_N2000_K100_H800_nominal_t0p05,1,T006,5,2000,100,800,raw/v14_011.npz
full_N2000_K100_H800_nominal_t0p05,1,T007,6,2000,100,800,raw/v14_011.npz
full_N2000_K100_H800_nominal_t0p05,1,T008,7,2000,100,800,raw/v14_011.npz
full_N2000_K100_H800_nominal_t0p05,1,T009,8,2000,100,800,raw/v14_011.npz
full_N2000_K100_H800_nominal_t0p05,1,T010,9,2000,100,800,raw/v14_011.npz
full_N2000_K100_H800_nominal_t0p05,1,T011,10,2000,100,800,raw/v14_011.npz
full_N2000_K100_H800_nominal_t0p05,1,T012,11,2000,100,800,raw/v14_011.npz
full_N2000_K100_H800_nominal_t0p05,1,T013,12,2000,100,800,raw/v14_011.npz
full_N2000_K100_H800_nominal_t0p05,1,T014,13,2000,100,800,raw/v14_011.npz
full_N2000_K100_H800_nominal_t0p05,1,T015,14,2000,100,800,raw/v14_011.npz
full_N2000_K100_H800_nominal_t0p05,1,T016,15,2000,100,800,raw/v14_011.npz
full_N2000_K100_H800_nominal_t0p05,1,T017,16,2000,100,800,raw/v14_011.npz
full_N2000_K100_H800_nominal_t0p05,1,T018,17,2000,100,800,raw/v14_011.npz
full_N2000_K100_H800_nominal_t0p05,1,T019,18,2000,100,800,raw/v14_011.npz
full_N2000_K100_H800_nominal_t0p05,1,T020,19,2000,100,800,raw/v14_011.npz
full_N2000_K100_H800_nominal_t0p05,1,T021,20,2000,100,800,raw/v14_011.npz
full_N2000_K100_H800_nominal_t0p05,1,T022,21,2000,100,800,raw/v14_011.npz
full_N2000_K100_H800_nominal_t0p05,1,T023,22,2000,100,800,raw/v14_011.npz
full_N2000_K100_H800_nominal_t0p05,1,T024,23,2000,100,800,raw/v14_011.npz
full_N2000_K100_H800_nominal_t0p05,1,T025,24,2000,100,800,raw/v14_011.npz
full_N2000_K100_H800_nominal_t0p05,1,T026,25,2000,100,800,raw/v14_011.npz
full_N2000_K100_H800_nominal_t0p05,1,T027,26,2000,100,800,raw/v14_011.npz
full_N2000_K100_H800_nominal_t0p05,1,T028,27,2000,100,800,raw/v14_011.npz
full_N2000_K100_H800_nominal_t0p05,1,T029,28,2000,100,800,raw/v14_011.npz
full_N2000_K100_H800_nominal_t0p05,1,T030,29,2000,100,800,raw/v14_011.npz
full_N2000_K100_H800_nominal_t0p05,2,T001,0,2000,100,800,raw/v14_012.npz
full_N2000_K100_H800_nominal_t0p05,2,T002,1,2000,100,800,raw/v14_012.npz
full_N2000_K100_H800_nominal_t0p05,2,T003,2,2000,100,800,raw/v14_012.npz
full_N2000_K100_H800_nominal_t0p05,2,T004,3,2000,100,800,raw/v14_012.npz
full_N2000_K100_H800_nominal_t0p05,2,T005,4,2000,100,800,raw/v14_012.npz
full_N2000_K100_H800_nominal_t0p05,2,T006,5,2000,100,800,raw/v14_012.npz
full_N2000_K100_H800_nominal_t0p05,2,T007,6,2000,100,800,raw/v14_012.npz
full_N2000_K100_H800_nominal_t0p05,2,T008,7,2000,100,800,raw/v14_012.npz
full_N2000_K100_H800_nominal_t0p05,2,T009,8,2000,100,800,raw/v14_012.npz
full_N2000_K100_H800_nominal_t0p05,2,T010,9,2000,100,800,raw/v14_012.npz
full_N2000_K100_H800_nominal_t0p05,2,T011,10,2000,100,800,raw/v14_012.npz
full_N2000_K100_H800_nominal_t0p05,2,T012,11,2000,100,800,raw/v14_012.npz
full_N2000_K100_H800_nominal_t0p05,2,T013,12,2000,100,800,raw/v14_012.npz
full_N2000_K100_H800_nominal_t0p05,2,T014,13,2000,100,800,raw/v14_012.npz
full_N2000_K100_H800_nominal_t0p05,2,T015,14,2000,100,800,raw/v14_012.npz
full_N2000_K100_H800_nominal_t0p05,2,T016,15,2000,100,800,raw/v14_012.npz
full_N2000_K100_H800_nominal_t0p05,2,T017,16,2000,100,800,raw/v14_012.npz
full_N2000_K100_H800_nominal_t0p05,2,T018,17,2000,100,800,raw/v14_012.npz
full_N2000_K100_H800_nominal_t0p05,2,T019,18,2000,100,800,raw/v14_012.npz
full_N2000_K100_H800_nominal_t0p05,2,T020,19,2000,100,800,raw/v14_012.npz
full_N2000_K100_H800_nominal_t0p05,2,T021,20,2000,100,800,raw/v14_012.npz
full_N2000_K100_H800_nominal_t0p05,2,T022,21,2000,100,800,raw/v14_012.npz
full_N2000_K100_H800_nominal_t0p05,2,T023,22,2000,100,800,raw/v14_012.npz
full_N2000_K100_H800_nominal_t0p05,2,T024,23,2000,100,800,raw/v14_012.npz
full_N2000_K100_H800_nominal_t0p05,2,T025,24,2000,100,800,raw/v14_012.npz
full_N2000_K100_H800_nominal_t0p05,2,T026,25,2000,100,800,raw/v14_012.npz
full_N2000_K100_H800_nominal_t0p05,2,T027,26,2000,100,800,raw/v14_012.npz
full_N2000_K100_H800_nominal_t0p05,2,T028,27,2000,100,800,raw/v14_012.npz
full_N2000_K100_H800_nominal_t0p05,2,T029,28,2000,100,800,raw/v14_012.npz
full_N2000_K100_H800_nominal_t0p05,2,T030,29,2000,100,800,raw/v14_012.npz
full_N2000_K100_H800_nominal_t0p05,3,T001,0,2000,100,800,raw/v14_013.npz
full_N2000_K100_H800_nominal_t0p05,3,T002,1,2000,100,800,raw/v14_013.npz
full_N2000_K100_H800_nominal_t0p05,3,T003,2,2000,100,800,raw/v14_013.npz
full_N2000_K100_H800_nominal_t0p05,3,T004,3,2000,100,800,raw/v14_013.npz
full_N2000_K100_H800_nominal_t0p05,3,T005,4,2000,100,800,raw/v14_013.npz
full_N2000_K100_H800_nominal_t0p05,3,T006,5,2000,100,800,raw/v14_013.npz
full_N2000_K100_H800_nominal_t0p05,3,T007,6,2000,100,800,raw/v14_013.npz
full_N2000_K100_H800_nominal_t0p05,3,T008,7,2000,100,800,raw/v14_013.npz
full_N2000_K100_H800_nominal_t0p05,3,T009,8,2000,100,800,raw/v14_013.npz
full_N2000_K100_H800_nominal_t0p05,3,T010,9,2000,100,800,raw/v14_013.npz
full_N2000_K100_H800_nominal_t0p05,3,T011,10,2000,100,800,raw/v14_013.npz
full_N2000_K100_H800_nominal_t0p05,3,T012,11,2000,100,800,raw/v14_013.npz
full_N2000_K100_H800_nominal_t0p05,3,T013,12,2000,100,800,raw/v14_013.npz
full_N2000_K100_H800_nominal_t0p05,3,T014,13,2000,100,800,raw/v14_013.npz
full_N2000_K100_H800_nominal_t0p05,3,T015,14,2000,100,800,raw/v14_013.npz
full_N2000_K100_H800_nominal_t0p05,3,T016,15,2000,100,800,raw/v14_013.npz
full_N2000_K100_H800_nominal_t0p05,3,T017,16,2000,100,800,raw/v14_013.npz
full_N2000_K100_H800_nominal_t0p05,3,T018,17,2000,100,800,raw/v14_013.npz
full_N2000_K100_H800_nominal_t0p05,3,T019,18,2000,100,800,raw/v14_013.npz
full_N2000_K100_H800_nominal_t0p05,3,T020,19,2000,100,800,raw/v14_013.npz
full_N2000_K100_H800_nominal_t0p05,3,T021,20,2000,100,800,raw/v14_013.npz
full_N2000_K100_H800_nominal_t0p05,3,T022,21,2000,100,800,raw/v14_013.npz
full_N2000_K100_H800_nominal_t0p05,3,T023,22,2000,100,800,raw/v14_013.npz
full_N2000_K100_H800_nominal_t0p05,3,T024,23,2000,100,800,raw/v14_013.npz
full_N2000_K100_H800_nominal_t0p05,3,T025,24,2000,100,800,raw/v14_013.npz
full_N2000_K100_H800_nominal_t0p05,3,T026,25,2000,100,800,raw/v14_013.npz
full_N2000_K100_H800_nominal_t0p05,3,T027,26,2000,100,800,raw/v14_013.npz
full_N2000_K100_H800_nominal_t0p05,3,T028,27,2000,100,800,raw/v14_013.npz
full_N2000_K100_H800_nominal_t0p05,3,T029,28,2000,100,800,raw/v14_013.npz
full_N2000_K100_H800_nominal_t0p05,3,T030,29,2000,100,800,raw/v14_013.npz
full_N2000_K100_H800_nominal_t0p05,4,T001,0,2000,100,800,raw/v14_014.npz
full_N2000_K100_H800_nominal_t0p05,4,T002,1,2000,100,800,raw/v14_014.npz
full_N2000_K100_H800_nominal_t0p05,4,T003,2,2000,100,800,raw/v14_014.npz
full_N2000_K100_H800_nominal_t0p05,4,T004,3,2000,100,800,raw/v14_014.npz
full_N2000_K100_H800_nominal_t0p05,4,T005,4,2000,100,800,raw/v14_014.npz
full_N2000_K100_H800_nominal_t0p05,4,T006,5,2000,100,800,raw/v14_014.npz
full_N2000_K100_H800_nominal_t0p05,4,T007,6,2000,100,800,raw/v14_014.npz
full_N2000_K100_H800_nominal_t0p05,4,T008,7,2000,100,800,raw/v14_014.npz
full_N2000_K100_H800_nominal_t0p05,4,T009,8,2000,100,800,raw/v14_014.npz
full_N2000_K100_H800_nominal_t0p05,4,T010,9,2000,100,800,raw/v14_014.npz
full_N2000_K100_H800_nominal_t0p05,4,T011,10,2000,100,800,raw/v14_014.npz
full_N2000_K100_H800_nominal_t0p05,4,T012,11,2000,100,800,raw/v14_014.npz
full_N2000_K100_H800_nominal_t0p05,4,T013,12,2000,100,800,raw/v14_014.npz
full_N2000_K100_H800_nominal_t0p05,4,T014,13,2000,100,800,raw/v14_014.npz
full_N2000_K100_H800_nominal_t0p05,4,T015,14,2000,100,800,raw/v14_014.npz
full_N2000_K100_H800_nominal_t0p05,4,T016,15,2000,100,800,raw/v14_014.npz
full_N2000_K100_H800_nominal_t0p05,4,T017,16,2000,100,800,raw/v14_014.npz
full_N2000_K100_H800_nominal_t0p05,4,T018,17,2000,100,800,raw/v14_014.npz
full_N2000_K100_H800_nominal_t0p05,4,T019,18,2000,100,800,raw/v14_014.npz
full_N2000_K100_H800_nominal_t0p05,4,T020,19,2000,100,800,raw/v14_014.npz
full_N2000_K100_H800_nominal_t0p05,4,T021,20,2000,100,800,raw/v14_014.npz
full_N2000_K100_H800_nominal_t0p05,4,T022,21,2000,100,800,raw/v14_014.npz
full_N2000_K100_H800_nominal_t0p05,4,T023,22,2000,100,800,raw/v14_014.npz
full_N2000_K100_H800_nominal_t0p05,4,T024,23,2000,100,800,raw/v14_014.npz
full_N2000_K100_H800_nominal_t0p05,4,T025,24,2000,100,800,raw/v14_014.npz
full_N2000_K100_H800_nominal_t0p05,4,T026,25,2000,100,800,raw/v14_014.npz
full_N2000_K100_H800_nominal_t0p05,4,T027,26,2000,100,800,raw/v14_014.npz
full_N2000_K100_H800_nominal_t0p05,4,T028,27,2000,100,800,raw/v14_014.npz
full_N2000_K100_H800_nominal_t0p05,4,T029,28,2000,100,800,raw/v14_014.npz
full_N2000_K100_H800_nominal_t0p05,4,T030,29,2000,100,800,raw/v14_014.npz
full_N2000_K100_H800_nominal_t0p05,5,T001,0,2000,100,800,raw/v14_015.npz
full_N2000_K100_H800_nominal_t0p05,5,T002,1,2000,100,800,raw/v14_015.npz
full_N2000_K100_H800_nominal_t0p05,5,T003,2,2000,100,800,raw/v14_015.npz
full_N2000_K100_H800_nominal_t0p05,5,T004,3,2000,100,800,raw/v14_015.npz
full_N2000_K100_H800_nominal_t0p05,5,T005,4,2000,100,800,raw/v14_015.npz
full_N2000_K100_H800_nominal_t0p05,5,T006,5,2000,100,800,raw/v14_015.npz
full_N2000_K100_H800_nominal_t0p05,5,T007,6,2000,100,800,raw/v14_015.npz
full_N2000_K100_H800_nominal_t0p05,5,T008,7,2000,100,800,raw/v14_015.npz
full_N2000_K100_H800_nominal_t0p05,5,T009,8,2000,100,800,raw/v14_015.npz
full_N2000_K100_H800_nominal_t0p05,5,T010,9,2000,100,800,raw/v14_015.npz
full_N2000_K100_H800_nominal_t0p05,5,T011,10,2000,100,800,raw/v14_015.npz
full_N2000_K100_H800_nominal_t0p05,5,T012,11,2000,100,800,raw/v14_015.npz
full_N2000_K100_H800_nominal_t0p05,5,T013,12,2000,100,800,raw/v14_015.npz
full_N2000_K100_H800_nominal_t0p05,5,T014,13,2000,100,800,raw/v14_015.npz
full_N2000_K100_H800_nominal_t0p05,5,T015,14,2000,100,800,raw/v14_015.npz
full_N2000_K100_H800_nominal_t0p05,5,T016,15,2000,100,800,raw/v14_015.npz
full_N2000_K100_H800_nominal_t0p05,5,T017,16,2000,100,800,raw/v14_015.npz
full_N2000_K100_H800_nominal_t0p05,5,T018,17,2000,100,800,raw/v14_015.npz
full_N2000_K100_H800_nominal_t0p05,5,T019,18,2000,100,800,raw/v14_015.npz
full_N2000_K100_H800_nominal_t0p05,5,T020,19,2000,100,800,raw/v14_015.npz
full_N2000_K100_H800_nominal_t0p05,5,T021,20,2000,100,800,raw/v14_015.npz
full_N2000_K100_H800_nominal_t0p05,5,T022,21,2000,100,800,raw/v14_015.npz
full_N2000_K100_H800_nominal_t0p05,5,T023,22,2000,100,800,raw/v14_015.npz
full_N2000_K100_H800_nominal_t0p05,5,T024,23,2000,100,800,raw/v14_015.npz
full_N2000_K100_H800_nominal_t0p05,5,T025,24,2000,100,800,raw/v14_015.npz
full_N2000_K100_H800_nominal_t0p05,5,T026,25,2000,100,800,raw/v14_015.npz
full_N2000_K100_H800_nominal_t0p05,5,T027,26,2000,100,800,raw/v14_015.npz
full_N2000_K100_H800_nominal_t0p05,5,T028,27,2000,100,800,raw/v14_015.npz
full_N2000_K100_H800_nominal_t0p05,5,T029,28,2000,100,800,raw/v14_015.npz
full_N2000_K100_H800_nominal_t0p05,5,T030,29,2000,100,800,raw/v14_015.npz
full_N2000_K200_H200_nominal_t0p05,1,T001,0,2000,200,200,raw/v14_016.npz
full_N2000_K200_H200_nominal_t0p05,1,T002,1,2000,200,200,raw/v14_016.npz
full_N2000_K200_H200_nominal_t0p05,1,T003,2,2000,200,200,raw/v14_016.npz
full_N2000_K200_H200_nominal_t0p05,1,T004,3,2000,200,200,raw/v14_016.npz
full_N2000_K200_H200_nominal_t0p05,1,T005,4,2000,200,200,raw/v14_016.npz
full_N2000_K200_H200_nominal_t0p05,1,T006,5,2000,200,200,raw/v14_016.npz
full_N2000_K200_H200_nominal_t0p05,1,T007,6,2000,200,200,raw/v14_016.npz
full_N2000_K200_H200_nominal_t0p05,1,T008,7,2000,200,200,raw/v14_016.npz
full_N2000_K200_H200_nominal_t0p05,1,T009,8,2000,200,200,raw/v14_016.npz
full_N2000_K200_H200_nominal_t0p05,1,T010,9,2000,200,200,raw/v14_016.npz
full_N2000_K200_H200_nominal_t0p05,1,T011,10,2000,200,200,raw/v14_016.npz
full_N2000_K200_H200_nominal_t0p05,1,T012,11,2000,200,200,raw/v14_016.npz
full_N2000_K200_H200_nominal_t0p05,1,T013,12,2000,200,200,raw/v14_016.npz
full_N2000_K200_H200_nominal_t0p05,1,T014,13,2000,200,200,raw/v14_016.npz
full_N2000_K200_H200_nominal_t0p05,1,T015,14,2000,200,200,raw/v14_016.npz
full_N2000_K200_H200_nominal_t0p05,1,T016,15,2000,200,200,raw/v14_016.npz
full_N2000_K200_H200_nominal_t0p05,1,T017,16,2000,200,200,raw/v14_016.npz
full_N2000_K200_H200_nominal_t0p05,1,T018,17,2000,200,200,raw/v14_016.npz
full_N2000_K200_H200_nominal_t0p05,1,T019,18,2000,200,200,raw/v14_016.npz
full_N2000_K200_H200_nominal_t0p05,1,T020,19,2000,200,200,raw/v14_016.npz
full_N2000_K200_H200_nominal_t0p05,1,T021,20,2000,200,200,raw/v14_016.npz
full_N2000_K200_H200_nominal_t0p05,1,T022,21,2000,200,200,raw/v14_016.npz
full_N2000_K200_H200_nominal_t0p05,1,T023,22,2000,200,200,raw/v14_016.npz
full_N2000_K200_H200_nominal_t0p05,1,T024,23,2000,200,200,raw/v14_016.npz
full_N2000_K200_H200_nominal_t0p05,1,T025,24,2000,200,200,raw/v14_016.npz
full_N2000_K200_H200_nominal_t0p05,1,T026,25,2000,200,200,raw/v14_016.npz
full_N2000_K200_H200_nominal_t0p05,1,T027,26,2000,200,200,raw/v14_016.npz
full_N2000_K200_H200_nominal_t0p05,1,T028,27,2000,200,200,raw/v14_016.npz
full_N2000_K200_H200_nominal_t0p05,1,T029,28,2000,200,200,raw/v14_016.npz
full_N2000_K200_H200_nominal_t0p05,1,T030,29,2000,200,200,raw/v14_016.npz
full_N2000_K200_H200_nominal_t0p05,2,T001,0,2000,200,200,raw/v14_017.npz
full_N2000_K200_H200_nominal_t0p05,2,T002,1,2000,200,200,raw/v14_017.npz
full_N2000_K200_H200_nominal_t0p05,2,T003,2,2000,200,200,raw/v14_017.npz
full_N2000_K200_H200_nominal_t0p05,2,T004,3,2000,200,200,raw/v14_017.npz
full_N2000_K200_H200_nominal_t0p05,2,T005,4,2000,200,200,raw/v14_017.npz
full_N2000_K200_H200_nominal_t0p05,2,T006,5,2000,200,200,raw/v14_017.npz
full_N2000_K200_H200_nominal_t0p05,2,T007,6,2000,200,200,raw/v14_017.npz
full_N2000_K200_H200_nominal_t0p05,2,T008,7,2000,200,200,raw/v14_017.npz
full_N2000_K200_H200_nominal_t0p05,2,T009,8,2000,200,200,raw/v14_017.npz
full_N2000_K200_H200_nominal_t0p05,2,T010,9,2000,200,200,raw/v14_017.npz
full_N2000_K200_H200_nominal_t0p05,2,T011,10,2000,200,200,raw/v14_017.npz
full_N2000_K200_H200_nominal_t0p05,2,T012,11,2000,200,200,raw/v14_017.npz
full_N2000_K200_H200_nominal_t0p05,2,T013,12,2000,200,200,raw/v14_017.npz
full_N2000_K200_H200_nominal_t0p05,2,T014,13,2000,200,200,raw/v14_017.npz
full_N2000_K200_H200_nominal_t0p05,2,T015,14,2000,200,200,raw/v14_017.npz
full_N2000_K200_H200_nominal_t0p05,2,T016,15,2000,200,200,raw/v14_017.npz
full_N2000_K200_H200_nominal_t0p05,2,T017,16,2000,200,200,raw/v14_017.npz
full_N2000_K200_H200_nominal_t0p05,2,T018,17,2000,200,200,raw/v14_017.npz
full_N2000_K200_H200_nominal_t0p05,2,T019,18,2000,200,200,raw/v14_017.npz
full_N2000_K200_H200_nominal_t0p05,2,T020,19,2000,200,200,raw/v14_017.npz
full_N2000_K200_H200_nominal_t0p05,2,T021,20,2000,200,200,raw/v14_017.npz
full_N2000_K200_H200_nominal_t0p05,2,T022,21,2000,200,200,raw/v14_017.npz
full_N2000_K200_H200_nominal_t0p05,2,T023,22,2000,200,200,raw/v14_017.npz
full_N2000_K200_H200_nominal_t0p05,2,T024,23,2000,200,200,raw/v14_017.npz
full_N2000_K200_H200_nominal_t0p05,2,T025,24,2000,200,200,raw/v14_017.npz
full_N2000_K200_H200_nominal_t0p05,2,T026,25,2000,200,200,raw/v14_017.npz
full_N2000_K200_H200_nominal_t0p05,2,T027,26,2000,200,200,raw/v14_017.npz
full_N2000_K200_H200_nominal_t0p05,2,T028,27,2000,200,200,raw/v14_017.npz
full_N2000_K200_H200_nominal_t0p05,2,T029,28,2000,200,200,raw/v14_017.npz
full_N2000_K200_H200_nominal_t0p05,2,T030,29,2000,200,200,raw/v14_017.npz
full_N2000_K200_H200_nominal_t0p05,3,T001,0,2000,200,200,raw/v14_018.npz
full_N2000_K200_H200_nominal_t0p05,3,T002,1,2000,200,200,raw/v14_018.npz
full_N2000_K200_H200_nominal_t0p05,3,T003,2,2000,200,200,raw/v14_018.npz
full_N2000_K200_H200_nominal_t0p05,3,T004,3,2000,200,200,raw/v14_018.npz
full_N2000_K200_H200_nominal_t0p05,3,T005,4,2000,200,200,raw/v14_018.npz
full_N2000_K200_H200_nominal_t0p05,3,T006,5,2000,200,200,raw/v14_018.npz
full_N2000_K200_H200_nominal_t0p05,3,T007,6,2000,200,200,raw/v14_018.npz
full_N2000_K200_H200_nominal_t0p05,3,T008,7,2000,200,200,raw/v14_018.npz
full_N2000_K200_H200_nominal_t0p05,3,T009,8,2000,200,200,raw/v14_018.npz
full_N2000_K200_H200_nominal_t0p05,3,T010,9,2000,200,200,raw/v14_018.npz
full_N2000_K200_H200_nominal_t0p05,3,T011,10,2000,200,200,raw/v14_018.npz
full_N2000_K200_H200_nominal_t0p05,3,T012,11,2000,200,200,raw/v14_018.npz
full_N2000_K200_H200_nominal_t0p05,3,T013,12,2000,200,200,raw/v14_018.npz
full_N2000_K200_H200_nominal_t0p05,3,T014,13,2000,200,200,raw/v14_018.npz
full_N2000_K200_H200_nominal_t0p05,3,T015,14,2000,200,200,raw/v14_018.npz
full_N2000_K200_H200_nominal_t0p05,3,T016,15,2000,200,200,raw/v14_018.npz
full_N2000_K200_H200_nominal_t0p05,3,T017,16,2000,200,200,raw/v14_018.npz
full_N2000_K200_H200_nominal_t0p05,3,T018,17,2000,200,200,raw/v14_018.npz
full_N2000_K200_H200_nominal_t0p05,3,T019,18,2000,200,200,raw/v14_018.npz
full_N2000_K200_H200_nominal_t0p05,3,T020,19,2000,200,200,raw/v14_018.npz
full_N2000_K200_H200_nominal_t0p05,3,T021,20,2000,200,200,raw/v14_018.npz
full_N2000_K200_H200_nominal_t0p05,3,T022,21,2000,200,200,raw/v14_018.npz
full_N2000_K200_H200_nominal_t0p05,3,T023,22,2000,200,200,raw/v14_018.npz
full_N2000_K200_H200_nominal_t0p05,3,T024,23,2000,200,200,raw/v14_018.npz
full_N2000_K200_H200_nominal_t0p05,3,T025,24,2000,200,200,raw/v14_018.npz
full_N2000_K200_H200_nominal_t0p05,3,T026,25,2000,200,200,raw/v14_018.npz
full_N2000_K200_H200_nominal_t0p05,3,T027,26,2000,200,200,raw/v14_018.npz
full_N2000_K200_H200_nominal_t0p05,3,T028,27,2000,200,200,raw/v14_018.npz
full_N2000_K200_H200_nominal_t0p05,3,T029,28,2000,200,200,raw/v14_018.npz
full_N2000_K200_H200_nominal_t0p05,3,T030,29,2000,200,200,raw/v14_018.npz
full_N2000_K200_H200_nominal_t0p05,4,T001,0,2000,200,200,raw/v14_019.npz
full_N2000_K200_H200_nominal_t0p05,4,T002,1,2000,200,200,raw/v14_019.npz
full_N2000_K200_H200_nominal_t0p05,4,T003,2,2000,200,200,raw/v14_019.npz
full_N2000_K200_H200_nominal_t0p05,4,T004,3,2000,200,200,raw/v14_019.npz
full_N2000_K200_H200_nominal_t0p05,4,T005,4,2000,200,200,raw/v14_019.npz
full_N2000_K200_H200_nominal_t0p05,4,T006,5,2000,200,200,raw/v14_019.npz
full_N2000_K200_H200_nominal_t0p05,4,T007,6,2000,200,200,raw/v14_019.npz
full_N2000_K200_H200_nominal_t0p05,4,T008,7,2000,200,200,raw/v14_019.npz
full_N2000_K200_H200_nominal_t0p05,4,T009,8,2000,200,200,raw/v14_019.npz
full_N2000_K200_H200_nominal_t0p05,4,T010,9,2000,200,200,raw/v14_019.npz
full_N2000_K200_H200_nominal_t0p05,4,T011,10,2000,200,200,raw/v14_019.npz
full_N2000_K200_H200_nominal_t0p05,4,T012,11,2000,200,200,raw/v14_019.npz
full_N2000_K200_H200_nominal_t0p05,4,T013,12,2000,200,200,raw/v14_019.npz
full_N2000_K200_H200_nominal_t0p05,4,T014,13,2000,200,200,raw/v14_019.npz
full_N2000_K200_H200_nominal_t0p05,4,T015,14,2000,200,200,raw/v14_019.npz
full_N2000_K200_H200_nominal_t0p05,4,T016,15,2000,200,200,raw/v14_019.npz
full_N2000_K200_H200_nominal_t0p05,4,T017,16,2000,200,200,raw/v14_019.npz
full_N2000_K200_H200_nominal_t0p05,4,T018,17,2000,200,200,raw/v14_019.npz
full_N2000_K200_H200_nominal_t0p05,4,T019,18,2000,200,200,raw/v14_019.npz
full_N2000_K200_H200_nominal_t0p05,4,T020,19,2000,200,200,raw/v14_019.npz
full_N2000_K200_H200_nominal_t0p05,4,T021,20,2000,200,200,raw/v14_019.npz
full_N2000_K200_H200_nominal_t0p05,4,T022,21,2000,200,200,raw/v14_019.npz
full_N2000_K200_H200_nominal_t0p05,4,T023,22,2000,200,200,raw/v14_019.npz
full_N2000_K200_H200_nominal_t0p05,4,T024,23,2000,200,200,raw/v14_019.npz
full_N2000_K200_H200_nominal_t0p05,4,T025,24,2000,200,200,raw/v14_019.npz
full_N2000_K200_H200_nominal_t0p05,4,T026,25,2000,200,200,raw/v14_019.npz
full_N2000_K200_H200_nominal_t0p05,4,T027,26,2000,200,200,raw/v14_019.npz
full_N2000_K200_H200_nominal_t0p05,4,T028,27,2000,200,200,raw/v14_019.npz
full_N2000_K200_H200_nominal_t0p05,4,T029,28,2000,200,200,raw/v14_019.npz
full_N2000_K200_H200_nominal_t0p05,4,T030,29,2000,200,200,raw/v14_019.npz
full_N2000_K200_H200_nominal_t0p05,5,T001,0,2000,200,200,raw/v14_020.npz
full_N2000_K200_H200_nominal_t0p05,5,T002,1,2000,200,200,raw/v14_020.npz
full_N2000_K200_H200_nominal_t0p05,5,T003,2,2000,200,200,raw/v14_020.npz
full_N2000_K200_H200_nominal_t0p05,5,T004,3,2000,200,200,raw/v14_020.npz
full_N2000_K200_H200_nominal_t0p05,5,T005,4,2000,200,200,raw/v14_020.npz
full_N2000_K200_H200_nominal_t0p05,5,T006,5,2000,200,200,raw/v14_020.npz
full_N2000_K200_H200_nominal_t0p05,5,T007,6,2000,200,200,raw/v14_020.npz
full_N2000_K200_H200_nominal_t0p05,5,T008,7,2000,200,200,raw/v14_020.npz
full_N2000_K200_H200_nominal_t0p05,5,T009,8,2000,200,200,raw/v14_020.npz
full_N2000_K200_H200_nominal_t0p05,5,T010,9,2000,200,200,raw/v14_020.npz
full_N2000_K200_H200_nominal_t0p05,5,T011,10,2000,200,200,raw/v14_020.npz
full_N2000_K200_H200_nominal_t0p05,5,T012,11,2000,200,200,raw/v14_020.npz
full_N2000_K200_H200_nominal_t0p05,5,T013,12,2000,200,200,raw/v14_020.npz
full_N2000_K200_H200_nominal_t0p05,5,T014,13,2000,200,200,raw/v14_020.npz
full_N2000_K200_H200_nominal_t0p05,5,T015,14,2000,200,200,raw/v14_020.npz
full_N2000_K200_H200_nominal_t0p05,5,T016,15,2000,200,200,raw/v14_020.npz
full_N2000_K200_H200_nominal_t0p05,5,T017,16,2000,200,200,raw/v14_020.npz
full_N2000_K200_H200_nominal_t0p05,5,T018,17,2000,200,200,raw/v14_020.npz
full_N2000_K200_H200_nominal_t0p05,5,T019,18,2000,200,200,raw/v14_020.npz
full_N2000_K200_H200_nominal_t0p05,5,T020,19,2000,200,200,raw/v14_020.npz
full_N2000_K200_H200_nominal_t0p05,5,T021,20,2000,200,200,raw/v14_020.npz
full_N2000_K200_H200_nominal_t0p05,5,T022,21,2000,200,200,raw/v14_020.npz
full_N2000_K200_H200_nominal_t0p05,5,T023,22,2000,200,200,raw/v14_020.npz
full_N2000_K200_H200_nominal_t0p05,5,T024,23,2000,200,200,raw/v14_020.npz
full_N2000_K200_H200_nominal_t0p05,5,T025,24,2000,200,200,raw/v14_020.npz
full_N2000_K200_H200_nominal_t0p05,5,T026,25,2000,200,200,raw/v14_020.npz
full_N2000_K200_H200_nominal_t0p05,5,T027,26,2000,200,200,raw/v14_020.npz
full_N2000_K200_H200_nominal_t0p05,5,T028,27,2000,200,200,raw/v14_020.npz
full_N2000_K200_H200_nominal_t0p05,5,T029,28,2000,200,200,raw/v14_020.npz
full_N2000_K200_H200_nominal_t0p05,5,T030,29,2000,200,200,raw/v14_020.npz
full_N2000_K300_H200_nominal_t0p05,1,T001,0,2000,300,200,raw/v14_021.npz
full_N2000_K300_H200_nominal_t0p05,1,T002,1,2000,300,200,raw/v14_021.npz
full_N2000_K300_H200_nominal_t0p05,1,T003,2,2000,300,200,raw/v14_021.npz
full_N2000_K300_H200_nominal_t0p05,1,T004,3,2000,300,200,raw/v14_021.npz
full_N2000_K300_H200_nominal_t0p05,1,T005,4,2000,300,200,raw/v14_021.npz
full_N2000_K300_H200_nominal_t0p05,1,T006,5,2000,300,200,raw/v14_021.npz
full_N2000_K300_H200_nominal_t0p05,1,T007,6,2000,300,200,raw/v14_021.npz
full_N2000_K300_H200_nominal_t0p05,1,T008,7,2000,300,200,raw/v14_021.npz
full_N2000_K300_H200_nominal_t0p05,1,T009,8,2000,300,200,raw/v14_021.npz
full_N2000_K300_H200_nominal_t0p05,1,T010,9,2000,300,200,raw/v14_021.npz
full_N2000_K300_H200_nominal_t0p05,1,T011,10,2000,300,200,raw/v14_021.npz
full_N2000_K300_H200_nominal_t0p05,1,T012,11,2000,300,200,raw/v14_021.npz
full_N2000_K300_H200_nominal_t0p05,1,T013,12,2000,300,200,raw/v14_021.npz
full_N2000_K300_H200_nominal_t0p05,1,T014,13,2000,300,200,raw/v14_021.npz
full_N2000_K300_H200_nominal_t0p05,1,T015,14,2000,300,200,raw/v14_021.npz
full_N2000_K300_H200_nominal_t0p05,1,T016,15,2000,300,200,raw/v14_021.npz
full_N2000_K300_H200_nominal_t0p05,1,T017,16,2000,300,200,raw/v14_021.npz
full_N2000_K300_H200_nominal_t0p05,1,T018,17,2000,300,200,raw/v14_021.npz
full_N2000_K300_H200_nominal_t0p05,1,T019,18,2000,300,200,raw/v14_021.npz
full_N2000_K300_H200_nominal_t0p05,1,T020,19,2000,300,200,raw/v14_021.npz
full_N2000_K300_H200_nominal_t0p05,1,T021,20,2000,300,200,raw/v14_021.npz
full_N2000_K300_H200_nominal_t0p05,1,T022,21,2000,300,200,raw/v14_021.npz
full_N2000_K300_H200_nominal_t0p05,1,T023,22,2000,300,200,raw/v14_021.npz
full_N2000_K300_H200_nominal_t0p05,1,T024,23,2000,300,200,raw/v14_021.npz
full_N2000_K300_H200_nominal_t0p05,1,T025,24,2000,300,200,raw/v14_021.npz
full_N2000_K300_H200_nominal_t0p05,1,T026,25,2000,300,200,raw/v14_021.npz
full_N2000_K300_H200_nominal_t0p05,1,T027,26,2000,300,200,raw/v14_021.npz
full_N2000_K300_H200_nominal_t0p05,1,T028,27,2000,300,200,raw/v14_021.npz
full_N2000_K300_H200_nominal_t0p05,1,T029,28,2000,300,200,raw/v14_021.npz
full_N2000_K300_H200_nominal_t0p05,1,T030,29,2000,300,200,raw/v14_021.npz
full_N2000_K300_H200_nominal_t0p05,2,T001,0,2000,300,200,raw/v14_022.npz
full_N2000_K300_H200_nominal_t0p05,2,T002,1,2000,300,200,raw/v14_022.npz
full_N2000_K300_H200_nominal_t0p05,2,T003,2,2000,300,200,raw/v14_022.npz
full_N2000_K300_H200_nominal_t0p05,2,T004,3,2000,300,200,raw/v14_022.npz
full_N2000_K300_H200_nominal_t0p05,2,T005,4,2000,300,200,raw/v14_022.npz
full_N2000_K300_H200_nominal_t0p05,2,T006,5,2000,300,200,raw/v14_022.npz
full_N2000_K300_H200_nominal_t0p05,2,T007,6,2000,300,200,raw/v14_022.npz
full_N2000_K300_H200_nominal_t0p05,2,T008,7,2000,300,200,raw/v14_022.npz
full_N2000_K300_H200_nominal_t0p05,2,T009,8,2000,300,200,raw/v14_022.npz
full_N2000_K300_H200_nominal_t0p05,2,T010,9,2000,300,200,raw/v14_022.npz
full_N2000_K300_H200_nominal_t0p05,2,T011,10,2000,300,200,raw/v14_022.npz
full_N2000_K300_H200_nominal_t0p05,2,T012,11,2000,300,200,raw/v14_022.npz
full_N2000_K300_H200_nominal_t0p05,2,T013,12,2000,300,200,raw/v14_022.npz
full_N2000_K300_H200_nominal_t0p05,2,T014,13,2000,300,200,raw/v14_022.npz
full_N2000_K300_H200_nominal_t0p05,2,T015,14,2000,300,200,raw/v14_022.npz
full_N2000_K300_H200_nominal_t0p05,2,T016,15,2000,300,200,raw/v14_022.npz
full_N2000_K300_H200_nominal_t0p05,2,T017,16,2000,300,200,raw/v14_022.npz
full_N2000_K300_H200_nominal_t0p05,2,T018,17,2000,300,200,raw/v14_022.npz
full_N2000_K300_H200_nominal_t0p05,2,T019,18,2000,300,200,raw/v14_022.npz
full_N2000_K300_H200_nominal_t0p05,2,T020,19,2000,300,200,raw/v14_022.npz
full_N2000_K300_H200_nominal_t0p05,2,T021,20,2000,300,200,raw/v14_022.npz
full_N2000_K300_H200_nominal_t0p05,2,T022,21,2000,300,200,raw/v14_022.npz
full_N2000_K300_H200_nominal_t0p05,2,T023,22,2000,300,200,raw/v14_022.npz
full_N2000_K300_H200_nominal_t0p05,2,T024,23,2000,300,200,raw/v14_022.npz
full_N2000_K300_H200_nominal_t0p05,2,T025,24,2000,300,200,raw/v14_022.npz
full_N2000_K300_H200_nominal_t0p05,2,T026,25,2000,300,200,raw/v14_022.npz
full_N2000_K300_H200_nominal_t0p05,2,T027,26,2000,300,200,raw/v14_022.npz
full_N2000_K300_H200_nominal_t0p05,2,T028,27,2000,300,200,raw/v14_022.npz
full_N2000_K300_H200_nominal_t0p05,2,T029,28,2000,300,200,raw/v14_022.npz
full_N2000_K300_H200_nominal_t0p05,2,T030,29,2000,300,200,raw/v14_022.npz
full_N2000_K300_H200_nominal_t0p05,3,T001,0,2000,300,200,raw/v14_023.npz
full_N2000_K300_H200_nominal_t0p05,3,T002,1,2000,300,200,raw/v14_023.npz
full_N2000_K300_H200_nominal_t0p05,3,T003,2,2000,300,200,raw/v14_023.npz
full_N2000_K300_H200_nominal_t0p05,3,T004,3,2000,300,200,raw/v14_023.npz
full_N2000_K300_H200_nominal_t0p05,3,T005,4,2000,300,200,raw/v14_023.npz
full_N2000_K300_H200_nominal_t0p05,3,T006,5,2000,300,200,raw/v14_023.npz
full_N2000_K300_H200_nominal_t0p05,3,T007,6,2000,300,200,raw/v14_023.npz
full_N2000_K300_H200_nominal_t0p05,3,T008,7,2000,300,200,raw/v14_023.npz
full_N2000_K300_H200_nominal_t0p05,3,T009,8,2000,300,200,raw/v14_023.npz
full_N2000_K300_H200_nominal_t0p05,3,T010,9,2000,300,200,raw/v14_023.npz
full_N2000_K300_H200_nominal_t0p05,3,T011,10,2000,300,200,raw/v14_023.npz
full_N2000_K300_H200_nominal_t0p05,3,T012,11,2000,300,200,raw/v14_023.npz
full_N2000_K300_H200_nominal_t0p05,3,T013,12,2000,300,200,raw/v14_023.npz
full_N2000_K300_H200_nominal_t0p05,3,T014,13,2000,300,200,raw/v14_023.npz
full_N2000_K300_H200_nominal_t0p05,3,T015,14,2000,300,200,raw/v14_023.npz
full_N2000_K300_H200_nominal_t0p05,3,T016,15,2000,300,200,raw/v14_023.npz
full_N2000_K300_H200_nominal_t0p05,3,T017,16,2000,300,200,raw/v14_023.npz
full_N2000_K300_H200_nominal_t0p05,3,T018,17,2000,300,200,raw/v14_023.npz
full_N2000_K300_H200_nominal_t0p05,3,T019,18,2000,300,200,raw/v14_023.npz
full_N2000_K300_H200_nominal_t0p05,3,T020,19,2000,300,200,raw/v14_023.npz
full_N2000_K300_H200_nominal_t0p05,3,T021,20,2000,300,200,raw/v14_023.npz
full_N2000_K300_H200_nominal_t0p05,3,T022,21,2000,300,200,raw/v14_023.npz
full_N2000_K300_H200_nominal_t0p05,3,T023,22,2000,300,200,raw/v14_023.npz
full_N2000_K300_H200_nominal_t0p05,3,T024,23,2000,300,200,raw/v14_023.npz
full_N2000_K300_H200_nominal_t0p05,3,T025,24,2000,300,200,raw/v14_023.npz
full_N2000_K300_H200_nominal_t0p05,3,T026,25,2000,300,200,raw/v14_023.npz
full_N2000_K300_H200_nominal_t0p05,3,T027,26,2000,300,200,raw/v14_023.npz
full_N2000_K300_H200_nominal_t0p05,3,T028,27,2000,300,200,raw/v14_023.npz
full_N2000_K300_H200_nominal_t0p05,3,T029,28,2000,300,200,raw/v14_023.npz
full_N2000_K300_H200_nominal_t0p05,3,T030,29,2000,300,200,raw/v14_023.npz
full_N2000_K300_H200_nominal_t0p05,4,T001,0,2000,300,200,raw/v14_024.npz
full_N2000_K300_H200_nominal_t0p05,4,T002,1,2000,300,200,raw/v14_024.npz
full_N2000_K300_H200_nominal_t0p05,4,T003,2,2000,300,200,raw/v14_024.npz
full_N2000_K300_H200_nominal_t0p05,4,T004,3,2000,300,200,raw/v14_024.npz
full_N2000_K300_H200_nominal_t0p05,4,T005,4,2000,300,200,raw/v14_024.npz
full_N2000_K300_H200_nominal_t0p05,4,T006,5,2000,300,200,raw/v14_024.npz
full_N2000_K300_H200_nominal_t0p05,4,T007,6,2000,300,200,raw/v14_024.npz
full_N2000_K300_H200_nominal_t0p05,4,T008,7,2000,300,200,raw/v14_024.npz
full_N2000_K300_H200_nominal_t0p05,4,T009,8,2000,300,200,raw/v14_024.npz
full_N2000_K300_H200_nominal_t0p05,4,T010,9,2000,300,200,raw/v14_024.npz
full_N2000_K300_H200_nominal_t0p05,4,T011,10,2000,300,200,raw/v14_024.npz
full_N2000_K300_H200_nominal_t0p05,4,T012,11,2000,300,200,raw/v14_024.npz
full_N2000_K300_H200_nominal_t0p05,4,T013,12,2000,300,200,raw/v14_024.npz
full_N2000_K300_H200_nominal_t0p05,4,T014,13,2000,300,200,raw/v14_024.npz
full_N2000_K300_H200_nominal_t0p05,4,T015,14,2000,300,200,raw/v14_024.npz
full_N2000_K300_H200_nominal_t0p05,4,T016,15,2000,300,200,raw/v14_024.npz
full_N2000_K300_H200_nominal_t0p05,4,T017,16,2000,300,200,raw/v14_024.npz
full_N2000_K300_H200_nominal_t0p05,4,T018,17,2000,300,200,raw/v14_024.npz
full_N2000_K300_H200_nominal_t0p05,4,T019,18,2000,300,200,raw/v14_024.npz
full_N2000_K300_H200_nominal_t0p05,4,T020,19,2000,300,200,raw/v14_024.npz
full_N2000_K300_H200_nominal_t0p05,4,T021,20,2000,300,200,raw/v14_024.npz
full_N2000_K300_H200_nominal_t0p05,4,T022,21,2000,300,200,raw/v14_024.npz
full_N2000_K300_H200_nominal_t0p05,4,T023,22,2000,300,200,raw/v14_024.npz
full_N2000_K300_H200_nominal_t0p05,4,T024,23,2000,300,200,raw/v14_024.npz
full_N2000_K300_H200_nominal_t0p05,4,T025,24,2000,300,200,raw/v14_024.npz
full_N2000_K300_H200_nominal_t0p05,4,T026,25,2000,300,200,raw/v14_024.npz
full_N2000_K300_H200_nominal_t0p05,4,T027,26,2000,300,200,raw/v14_024.npz
full_N2000_K300_H200_nominal_t0p05,4,T028,27,2000,300,200,raw/v14_024.npz
full_N2000_K300_H200_nominal_t0p05,4,T029,28,2000,300,200,raw/v14_024.npz
full_N2000_K300_H200_nominal_t0p05,4,T030,29,2000,300,200,raw/v14_024.npz
full_N2000_K300_H200_nominal_t0p05,5,T001,0,2000,300,200,raw/v14_025.npz
full_N2000_K300_H200_nominal_t0p05,5,T002,1,2000,300,200,raw/v14_025.npz
full_N2000_K300_H200_nominal_t0p05,5,T003,2,2000,300,200,raw/v14_025.npz
full_N2000_K300_H200_nominal_t0p05,5,T004,3,2000,300,200,raw/v14_025.npz
full_N2000_K300_H200_nominal_t0p05,5,T005,4,2000,300,200,raw/v14_025.npz
full_N2000_K300_H200_nominal_t0p05,5,T006,5,2000,300,200,raw/v14_025.npz
full_N2000_K300_H200_nominal_t0p05,5,T007,6,2000,300,200,raw/v14_025.npz
full_N2000_K300_H200_nominal_t0p05,5,T008,7,2000,300,200,raw/v14_025.npz
full_N2000_K300_H200_nominal_t0p05,5,T009,8,2000,300,200,raw/v14_025.npz
full_N2000_K300_H200_nominal_t0p05,5,T010,9,2000,300,200,raw/v14_025.npz
full_N2000_K300_H200_nominal_t0p05,5,T011,10,2000,300,200,raw/v14_025.npz
full_N2000_K300_H200_nominal_t0p05,5,T012,11,2000,300,200,raw/v14_025.npz
full_N2000_K300_H200_nominal_t0p05,5,T013,12,2000,300,200,raw/v14_025.npz
full_N2000_K300_H200_nominal_t0p05,5,T014,13,2000,300,200,raw/v14_025.npz
full_N2000_K300_H200_nominal_t0p05,5,T015,14,2000,300,200,raw/v14_025.npz
full_N2000_K300_H200_nominal_t0p05,5,T016,15,2000,300,200,raw/v14_025.npz
full_N2000_K300_H200_nominal_t0p05,5,T017,16,2000,300,200,raw/v14_025.npz
full_N2000_K300_H200_nominal_t0p05,5,T018,17,2000,300,200,raw/v14_025.npz
full_N2000_K300_H200_nominal_t0p05,5,T019,18,2000,300,200,raw/v14_025.npz
full_N2000_K300_H200_nominal_t0p05,5,T020,19,2000,300,200,raw/v14_025.npz
full_N2000_K300_H200_nominal_t0p05,5,T021,20,2000,300,200,raw/v14_025.npz
full_N2000_K300_H200_nominal_t0p05,5,T022,21,2000,300,200,raw/v14_025.npz
full_N2000_K300_H200_nominal_t0p05,5,T023,22,2000,300,200,raw/v14_025.npz
full_N2000_K300_H200_nominal_t0p05,5,T024,23,2000,300,200,raw/v14_025.npz
full_N2000_K300_H200_nominal_t0p05,5,T025,24,2000,300,200,raw/v14_025.npz
full_N2000_K300_H200_nominal_t0p05,5,T026,25,2000,300,200,raw/v14_025.npz
full_N2000_K300_H200_nominal_t0p05,5,T027,26,2000,300,200,raw/v14_025.npz
full_N2000_K300_H200_nominal_t0p05,5,T028,27,2000,300,200,raw/v14_025.npz
full_N2000_K300_H200_nominal_t0p05,5,T029,28,2000,300,200,raw/v14_025.npz
full_N2000_K300_H200_nominal_t0p05,5,T030,29,2000,300,200,raw/v14_025.npz
full_N2000_K400_H200_nominal_t0p05,1,T001,0,2000,400,200,raw/v14_026.npz
full_N2000_K400_H200_nominal_t0p05,1,T002,1,2000,400,200,raw/v14_026.npz
full_N2000_K400_H200_nominal_t0p05,1,T003,2,2000,400,200,raw/v14_026.npz
full_N2000_K400_H200_nominal_t0p05,1,T004,3,2000,400,200,raw/v14_026.npz
full_N2000_K400_H200_nominal_t0p05,1,T005,4,2000,400,200,raw/v14_026.npz
full_N2000_K400_H200_nominal_t0p05,1,T006,5,2000,400,200,raw/v14_026.npz
full_N2000_K400_H200_nominal_t0p05,1,T007,6,2000,400,200,raw/v14_026.npz
full_N2000_K400_H200_nominal_t0p05,1,T008,7,2000,400,200,raw/v14_026.npz
full_N2000_K400_H200_nominal_t0p05,1,T009,8,2000,400,200,raw/v14_026.npz
full_N2000_K400_H200_nominal_t0p05,1,T010,9,2000,400,200,raw/v14_026.npz
full_N2000_K400_H200_nominal_t0p05,1,T011,10,2000,400,200,raw/v14_026.npz
full_N2000_K400_H200_nominal_t0p05,1,T012,11,2000,400,200,raw/v14_026.npz
full_N2000_K400_H200_nominal_t0p05,1,T013,12,2000,400,200,raw/v14_026.npz
full_N2000_K400_H200_nominal_t0p05,1,T014,13,2000,400,200,raw/v14_026.npz
full_N2000_K400_H200_nominal_t0p05,1,T015,14,2000,400,200,raw/v14_026.npz
full_N2000_K400_H200_nominal_t0p05,1,T016,15,2000,400,200,raw/v14_026.npz
full_N2000_K400_H200_nominal_t0p05,1,T017,16,2000,400,200,raw/v14_026.npz
full_N2000_K400_H200_nominal_t0p05,1,T018,17,2000,400,200,raw/v14_026.npz
full_N2000_K400_H200_nominal_t0p05,1,T019,18,2000,400,200,raw/v14_026.npz
full_N2000_K400_H200_nominal_t0p05,1,T020,19,2000,400,200,raw/v14_026.npz
full_N2000_K400_H200_nominal_t0p05,1,T021,20,2000,400,200,raw/v14_026.npz
full_N2000_K400_H200_nominal_t0p05,1,T022,21,2000,400,200,raw/v14_026.npz
full_N2000_K400_H200_nominal_t0p05,1,T023,22,2000,400,200,raw/v14_026.npz
full_N2000_K400_H200_nominal_t0p05,1,T024,23,2000,400,200,raw/v14_026.npz
full_N2000_K400_H200_nominal_t0p05,1,T025,24,2000,400,200,raw/v14_026.npz
full_N2000_K400_H200_nominal_t0p05,1,T026,25,2000,400,200,raw/v14_026.npz
full_N2000_K400_H200_nominal_t0p05,1,T027,26,2000,400,200,raw/v14_026.npz
full_N2000_K400_H200_nominal_t0p05,1,T028,27,2000,400,200,raw/v14_026.npz
full_N2000_K400_H200_nominal_t0p05,1,T029,28,2000,400,200,raw/v14_026.npz
full_N2000_K400_H200_nominal_t0p05,1,T030,29,2000,400,200,raw/v14_026.npz
full_N2000_K400_H200_nominal_t0p05,2,T001,0,2000,400,200,raw/v14_027.npz
full_N2000_K400_H200_nominal_t0p05,2,T002,1,2000,400,200,raw/v14_027.npz
full_N2000_K400_H200_nominal_t0p05,2,T003,2,2000,400,200,raw/v14_027.npz
full_N2000_K400_H200_nominal_t0p05,2,T004,3,2000,400,200,raw/v14_027.npz
full_N2000_K400_H200_nominal_t0p05,2,T005,4,2000,400,200,raw/v14_027.npz
full_N2000_K400_H200_nominal_t0p05,2,T006,5,2000,400,200,raw/v14_027.npz
full_N2000_K400_H200_nominal_t0p05,2,T007,6,2000,400,200,raw/v14_027.npz
full_N2000_K400_H200_nominal_t0p05,2,T008,7,2000,400,200,raw/v14_027.npz
full_N2000_K400_H200_nominal_t0p05,2,T009,8,2000,400,200,raw/v14_027.npz
full_N2000_K400_H200_nominal_t0p05,2,T010,9,2000,400,200,raw/v14_027.npz
full_N2000_K400_H200_nominal_t0p05,2,T011,10,2000,400,200,raw/v14_027.npz
full_N2000_K400_H200_nominal_t0p05,2,T012,11,2000,400,200,raw/v14_027.npz
full_N2000_K400_H200_nominal_t0p05,2,T013,12,2000,400,200,raw/v14_027.npz
full_N2000_K400_H200_nominal_t0p05,2,T014,13,2000,400,200,raw/v14_027.npz
full_N2000_K400_H200_nominal_t0p05,2,T015,14,2000,400,200,raw/v14_027.npz
full_N2000_K400_H200_nominal_t0p05,2,T016,15,2000,400,200,raw/v14_027.npz
full_N2000_K400_H200_nominal_t0p05,2,T017,16,2000,400,200,raw/v14_027.npz
full_N2000_K400_H200_nominal_t0p05,2,T018,17,2000,400,200,raw/v14_027.npz
full_N2000_K400_H200_nominal_t0p05,2,T019,18,2000,400,200,raw/v14_027.npz
full_N2000_K400_H200_nominal_t0p05,2,T020,19,2000,400,200,raw/v14_027.npz
full_N2000_K400_H200_nominal_t0p05,2,T021,20,2000,400,200,raw/v14_027.npz
full_N2000_K400_H200_nominal_t0p05,2,T022,21,2000,400,200,raw/v14_027.npz
full_N2000_K400_H200_nominal_t0p05,2,T023,22,2000,400,200,raw/v14_027.npz
full_N2000_K400_H200_nominal_t0p05,2,T024,23,2000,400,200,raw/v14_027.npz
full_N2000_K400_H200_nominal_t0p05,2,T025,24,2000,400,200,raw/v14_027.npz
full_N2000_K400_H200_nominal_t0p05,2,T026,25,2000,400,200,raw/v14_027.npz
full_N2000_K400_H200_nominal_t0p05,2,T027,26,2000,400,200,raw/v14_027.npz
full_N2000_K400_H200_nominal_t0p05,2,T028,27,2000,400,200,raw/v14_027.npz
full_N2000_K400_H200_nominal_t0p05,2,T029,28,2000,400,200,raw/v14_027.npz
full_N2000_K400_H200_nominal_t0p05,2,T030,29,2000,400,200,raw/v14_027.npz
full_N2000_K400_H200_nominal_t0p05,3,T001,0,2000,400,200,raw/v14_028.npz
full_N2000_K400_H200_nominal_t0p05,3,T002,1,2000,400,200,raw/v14_028.npz
full_N2000_K400_H200_nominal_t0p05,3,T003,2,2000,400,200,raw/v14_028.npz
full_N2000_K400_H200_nominal_t0p05,3,T004,3,2000,400,200,raw/v14_028.npz
full_N2000_K400_H200_nominal_t0p05,3,T005,4,2000,400,200,raw/v14_028.npz
full_N2000_K400_H200_nominal_t0p05,3,T006,5,2000,400,200,raw/v14_028.npz
full_N2000_K400_H200_nominal_t0p05,3,T007,6,2000,400,200,raw/v14_028.npz
full_N2000_K400_H200_nominal_t0p05,3,T008,7,2000,400,200,raw/v14_028.npz
full_N2000_K400_H200_nominal_t0p05,3,T009,8,2000,400,200,raw/v14_028.npz
full_N2000_K400_H200_nominal_t0p05,3,T010,9,2000,400,200,raw/v14_028.npz
full_N2000_K400_H200_nominal_t0p05,3,T011,10,2000,400,200,raw/v14_028.npz
full_N2000_K400_H200_nominal_t0p05,3,T012,11,2000,400,200,raw/v14_028.npz
full_N2000_K400_H200_nominal_t0p05,3,T013,12,2000,400,200,raw/v14_028.npz
full_N2000_K400_H200_nominal_t0p05,3,T014,13,2000,400,200,raw/v14_028.npz
full_N2000_K400_H200_nominal_t0p05,3,T015,14,2000,400,200,raw/v14_028.npz
full_N2000_K400_H200_nominal_t0p05,3,T016,15,2000,400,200,raw/v14_028.npz
full_N2000_K400_H200_nominal_t0p05,3,T017,16,2000,400,200,raw/v14_028.npz
full_N2000_K400_H200_nominal_t0p05,3,T018,17,2000,400,200,raw/v14_028.npz
full_N2000_K400_H200_nominal_t0p05,3,T019,18,2000,400,200,raw/v14_028.npz
full_N2000_K400_H200_nominal_t0p05,3,T020,19,2000,400,200,raw/v14_028.npz
full_N2000_K400_H200_nominal_t0p05,3,T021,20,2000,400,200,raw/v14_028.npz
full_N2000_K400_H200_nominal_t0p05,3,T022,21,2000,400,200,raw/v14_028.npz
full_N2000_K400_H200_nominal_t0p05,3,T023,22,2000,400,200,raw/v14_028.npz
full_N2000_K400_H200_nominal_t0p05,3,T024,23,2000,400,200,raw/v14_028.npz
full_N2000_K400_H200_nominal_t0p05,3,T025,24,2000,400,200,raw/v14_028.npz
full_N2000_K400_H200_nominal_t0p05,3,T026,25,2000,400,200,raw/v14_028.npz
full_N2000_K400_H200_nominal_t0p05,3,T027,26,2000,400,200,raw/v14_028.npz
full_N2000_K400_H200_nominal_t0p05,3,T028,27,2000,400,200,raw/v14_028.npz
full_N2000_K400_H200_nominal_t0p05,3,T029,28,2000,400,200,raw/v14_028.npz
full_N2000_K400_H200_nominal_t0p05,3,T030,29,2000,400,200,raw/v14_028.npz
full_N2000_K400_H200_nominal_t0p05,4,T001,0,2000,400,200,raw/v14_029.npz
full_N2000_K400_H200_nominal_t0p05,4,T002,1,2000,400,200,raw/v14_029.npz
full_N2000_K400_H200_nominal_t0p05,4,T003,2,2000,400,200,raw/v14_029.npz
full_N2000_K400_H200_nominal_t0p05,4,T004,3,2000,400,200,raw/v14_029.npz
full_N2000_K400_H200_nominal_t0p05,4,T005,4,2000,400,200,raw/v14_029.npz
full_N2000_K400_H200_nominal_t0p05,4,T006,5,2000,400,200,raw/v14_029.npz
full_N2000_K400_H200_nominal_t0p05,4,T007,6,2000,400,200,raw/v14_029.npz
full_N2000_K400_H200_nominal_t0p05,4,T008,7,2000,400,200,raw/v14_029.npz
full_N2000_K400_H200_nominal_t0p05,4,T009,8,2000,400,200,raw/v14_029.npz
full_N2000_K400_H200_nominal_t0p05,4,T010,9,2000,400,200,raw/v14_029.npz
full_N2000_K400_H200_nominal_t0p05,4,T011,10,2000,400,200,raw/v14_029.npz
full_N2000_K400_H200_nominal_t0p05,4,T012,11,2000,400,200,raw/v14_029.npz
full_N2000_K400_H200_nominal_t0p05,4,T013,12,2000,400,200,raw/v14_029.npz
full_N2000_K400_H200_nominal_t0p05,4,T014,13,2000,400,200,raw/v14_029.npz
full_N2000_K400_H200_nominal_t0p05,4,T015,14,2000,400,200,raw/v14_029.npz
full_N2000_K400_H200_nominal_t0p05,4,T016,15,2000,400,200,raw/v14_029.npz
full_N2000_K400_H200_nominal_t0p05,4,T017,16,2000,400,200,raw/v14_029.npz
full_N2000_K400_H200_nominal_t0p05,4,T018,17,2000,400,200,raw/v14_029.npz
full_N2000_K400_H200_nominal_t0p05,4,T019,18,2000,400,200,raw/v14_029.npz
full_N2000_K400_H200_nominal_t0p05,4,T020,19,2000,400,200,raw/v14_029.npz
full_N2000_K400_H200_nominal_t0p05,4,T021,20,2000,400,200,raw/v14_029.npz
full_N2000_K400_H200_nominal_t0p05,4,T022,21,2000,400,200,raw/v14_029.npz
full_N2000_K400_H200_nominal_t0p05,4,T023,22,2000,400,200,raw/v14_029.npz
full_N2000_K400_H200_nominal_t0p05,4,T024,23,2000,400,200,raw/v14_029.npz
full_N2000_K400_H200_nominal_t0p05,4,T025,24,2000,400,200,raw/v14_029.npz
full_N2000_K400_H200_nominal_t0p05,4,T026,25,2000,400,200,raw/v14_029.npz
full_N2000_K400_H200_nominal_t0p05,4,T027,26,2000,400,200,raw/v14_029.npz
full_N2000_K400_H200_nominal_t0p05,4,T028,27,2000,400,200,raw/v14_029.npz
full_N2000_K400_H200_nominal_t0p05,4,T029,28,2000,400,200,raw/v14_029.npz
full_N2000_K400_H200_nominal_t0p05,4,T030,29,2000,400,200,raw/v14_029.npz
full_N2000_K400_H200_nominal_t0p05,5,T001,0,2000,400,200,raw/v14_030.npz
full_N2000_K400_H200_nominal_t0p05,5,T002,1,2000,400,200,raw/v14_030.npz
full_N2000_K400_H200_nominal_t0p05,5,T003,2,2000,400,200,raw/v14_030.npz
full_N2000_K400_H200_nominal_t0p05,5,T004,3,2000,400,200,raw/v14_030.npz
full_N2000_K400_H200_nominal_t0p05,5,T005,4,2000,400,200,raw/v14_030.npz
full_N2000_K400_H200_nominal_t0p05,5,T006,5,2000,400,200,raw/v14_030.npz
full_N2000_K400_H200_nominal_t0p05,5,T007,6,2000,400,200,raw/v14_030.npz
full_N2000_K400_H200_nominal_t0p05,5,T008,7,2000,400,200,raw/v14_030.npz
full_N2000_K400_H200_nominal_t0p05,5,T009,8,2000,400,200,raw/v14_030.npz
full_N2000_K400_H200_nominal_t0p05,5,T010,9,2000,400,200,raw/v14_030.npz
full_N2000_K400_H200_nominal_t0p05,5,T011,10,2000,400,200,raw/v14_030.npz
full_N2000_K400_H200_nominal_t0p05,5,T012,11,2000,400,200,raw/v14_030.npz
full_N2000_K400_H200_nominal_t0p05,5,T013,12,2000,400,200,raw/v14_030.npz
full_N2000_K400_H200_nominal_t0p05,5,T014,13,2000,400,200,raw/v14_030.npz
full_N2000_K400_H200_nominal_t0p05,5,T015,14,2000,400,200,raw/v14_030.npz
full_N2000_K400_H200_nominal_t0p05,5,T016,15,2000,400,200,raw/v14_030.npz
full_N2000_K400_H200_nominal_t0p05,5,T017,16,2000,400,200,raw/v14_030.npz
full_N2000_K400_H200_nominal_t0p05,5,T018,17,2000,400,200,raw/v14_030.npz
full_N2000_K400_H200_nominal_t0p05,5,T019,18,2000,400,200,raw/v14_030.npz
full_N2000_K400_H200_nominal_t0p05,5,T020,19,2000,400,200,raw/v14_030.npz
full_N2000_K400_H200_nominal_t0p05,5,T021,20,2000,400,200,raw/v14_030.npz
full_N2000_K400_H200_nominal_t0p05,5,T022,21,2000,400,200,raw/v14_030.npz
full_N2000_K400_H200_nominal_t0p05,5,T023,22,2000,400,200,raw/v14_030.npz
full_N2000_K400_H200_nominal_t0p05,5,T024,23,2000,400,200,raw/v14_030.npz
full_N2000_K400_H200_nominal_t0p05,5,T025,24,2000,400,200,raw/v14_030.npz
full_N2000_K400_H200_nominal_t0p05,5,T026,25,2000,400,200,raw/v14_030.npz
full_N2000_K400_H200_nominal_t0p05,5,T027,26,2000,400,200,raw/v14_030.npz
full_N2000_K400_H200_nominal_t0p05,5,T028,27,2000,400,200,raw/v14_030.npz
full_N2000_K400_H200_nominal_t0p05,5,T029,28,2000,400,200,raw/v14_030.npz
full_N2000_K400_H200_nominal_t0p05,5,T030,29,2000,400,200,raw/v14_030.npz
full_N2000_K500_H200_nominal_t0p05,1,T001,0,2000,500,200,raw/v14_031.npz
full_N2000_K500_H200_nominal_t0p05,1,T002,1,2000,500,200,raw/v14_031.npz
full_N2000_K500_H200_nominal_t0p05,1,T003,2,2000,500,200,raw/v14_031.npz
full_N2000_K500_H200_nominal_t0p05,1,T004,3,2000,500,200,raw/v14_031.npz
full_N2000_K500_H200_nominal_t0p05,1,T005,4,2000,500,200,raw/v14_031.npz
full_N2000_K500_H200_nominal_t0p05,1,T006,5,2000,500,200,raw/v14_031.npz
full_N2000_K500_H200_nominal_t0p05,1,T007,6,2000,500,200,raw/v14_031.npz
full_N2000_K500_H200_nominal_t0p05,1,T008,7,2000,500,200,raw/v14_031.npz
full_N2000_K500_H200_nominal_t0p05,1,T009,8,2000,500,200,raw/v14_031.npz
full_N2000_K500_H200_nominal_t0p05,1,T010,9,2000,500,200,raw/v14_031.npz
full_N2000_K500_H200_nominal_t0p05,1,T011,10,2000,500,200,raw/v14_031.npz
full_N2000_K500_H200_nominal_t0p05,1,T012,11,2000,500,200,raw/v14_031.npz
full_N2000_K500_H200_nominal_t0p05,1,T013,12,2000,500,200,raw/v14_031.npz
full_N2000_K500_H200_nominal_t0p05,1,T014,13,2000,500,200,raw/v14_031.npz
full_N2000_K500_H200_nominal_t0p05,1,T015,14,2000,500,200,raw/v14_031.npz
full_N2000_K500_H200_nominal_t0p05,1,T016,15,2000,500,200,raw/v14_031.npz
full_N2000_K500_H200_nominal_t0p05,1,T017,16,2000,500,200,raw/v14_031.npz
full_N2000_K500_H200_nominal_t0p05,1,T018,17,2000,500,200,raw/v14_031.npz
full_N2000_K500_H200_nominal_t0p05,1,T019,18,2000,500,200,raw/v14_031.npz
full_N2000_K500_H200_nominal_t0p05,1,T020,19,2000,500,200,raw/v14_031.npz
full_N2000_K500_H200_nominal_t0p05,1,T021,20,2000,500,200,raw/v14_031.npz
full_N2000_K500_H200_nominal_t0p05,1,T022,21,2000,500,200,raw/v14_031.npz
full_N2000_K500_H200_nominal_t0p05,1,T023,22,2000,500,200,raw/v14_031.npz
full_N2000_K500_H200_nominal_t0p05,1,T024,23,2000,500,200,raw/v14_031.npz
full_N2000_K500_H200_nominal_t0p05,1,T025,24,2000,500,200,raw/v14_031.npz
full_N2000_K500_H200_nominal_t0p05,1,T026,25,2000,500,200,raw/v14_031.npz
full_N2000_K500_H200_nominal_t0p05,1,T027,26,2000,500,200,raw/v14_031.npz
full_N2000_K500_H200_nominal_t0p05,1,T028,27,2000,500,200,raw/v14_031.npz
full_N2000_K500_H200_nominal_t0p05,1,T029,28,2000,500,200,raw/v14_031.npz
full_N2000_K500_H200_nominal_t0p05,1,T030,29,2000,500,200,raw/v14_031.npz
full_N2000_K500_H200_nominal_t0p05,2,T001,0,2000,500,200,raw/v14_032.npz
full_N2000_K500_H200_nominal_t0p05,2,T002,1,2000,500,200,raw/v14_032.npz
full_N2000_K500_H200_nominal_t0p05,2,T003,2,2000,500,200,raw/v14_032.npz
full_N2000_K500_H200_nominal_t0p05,2,T004,3,2000,500,200,raw/v14_032.npz
full_N2000_K500_H200_nominal_t0p05,2,T005,4,2000,500,200,raw/v14_032.npz
full_N2000_K500_H200_nominal_t0p05,2,T006,5,2000,500,200,raw/v14_032.npz
full_N2000_K500_H200_nominal_t0p05,2,T007,6,2000,500,200,raw/v14_032.npz
full_N2000_K500_H200_nominal_t0p05,2,T008,7,2000,500,200,raw/v14_032.npz
full_N2000_K500_H200_nominal_t0p05,2,T009,8,2000,500,200,raw/v14_032.npz
full_N2000_K500_H200_nominal_t0p05,2,T010,9,2000,500,200,raw/v14_032.npz
full_N2000_K500_H200_nominal_t0p05,2,T011,10,2000,500,200,raw/v14_032.npz
full_N2000_K500_H200_nominal_t0p05,2,T012,11,2000,500,200,raw/v14_032.npz
full_N2000_K500_H200_nominal_t0p05,2,T013,12,2000,500,200,raw/v14_032.npz
full_N2000_K500_H200_nominal_t0p05,2,T014,13,2000,500,200,raw/v14_032.npz
full_N2000_K500_H200_nominal_t0p05,2,T015,14,2000,500,200,raw/v14_032.npz
full_N2000_K500_H200_nominal_t0p05,2,T016,15,2000,500,200,raw/v14_032.npz
full_N2000_K500_H200_nominal_t0p05,2,T017,16,2000,500,200,raw/v14_032.npz
full_N2000_K500_H200_nominal_t0p05,2,T018,17,2000,500,200,raw/v14_032.npz
full_N2000_K500_H200_nominal_t0p05,2,T019,18,2000,500,200,raw/v14_032.npz
full_N2000_K500_H200_nominal_t0p05,2,T020,19,2000,500,200,raw/v14_032.npz
full_N2000_K500_H200_nominal_t0p05,2,T021,20,2000,500,200,raw/v14_032.npz
full_N2000_K500_H200_nominal_t0p05,2,T022,21,2000,500,200,raw/v14_032.npz
full_N2000_K500_H200_nominal_t0p05,2,T023,22,2000,500,200,raw/v14_032.npz
full_N2000_K500_H200_nominal_t0p05,2,T024,23,2000,500,200,raw/v14_032.npz
full_N2000_K500_H200_nominal_t0p05,2,T025,24,2000,500,200,raw/v14_032.npz
full_N2000_K500_H200_nominal_t0p05,2,T026,25,2000,500,200,raw/v14_032.npz
full_N2000_K500_H200_nominal_t0p05,2,T027,26,2000,500,200,raw/v14_032.npz
full_N2000_K500_H200_nominal_t0p05,2,T028,27,2000,500,200,raw/v14_032.npz
full_N2000_K500_H200_nominal_t0p05,2,T029,28,2000,500,200,raw/v14_032.npz
full_N2000_K500_H200_nominal_t0p05,2,T030,29,2000,500,200,raw/v14_032.npz
full_N2000_K500_H200_nominal_t0p05,3,T001,0,2000,500,200,raw/v14_033.npz
full_N2000_K500_H200_nominal_t0p05,3,T002,1,2000,500,200,raw/v14_033.npz
full_N2000_K500_H200_nominal_t0p05,3,T003,2,2000,500,200,raw/v14_033.npz
full_N2000_K500_H200_nominal_t0p05,3,T004,3,2000,500,200,raw/v14_033.npz
full_N2000_K500_H200_nominal_t0p05,3,T005,4,2000,500,200,raw/v14_033.npz
full_N2000_K500_H200_nominal_t0p05,3,T006,5,2000,500,200,raw/v14_033.npz
full_N2000_K500_H200_nominal_t0p05,3,T007,6,2000,500,200,raw/v14_033.npz
full_N2000_K500_H200_nominal_t0p05,3,T008,7,2000,500,200,raw/v14_033.npz
full_N2000_K500_H200_nominal_t0p05,3,T009,8,2000,500,200,raw/v14_033.npz
full_N2000_K500_H200_nominal_t0p05,3,T010,9,2000,500,200,raw/v14_033.npz
full_N2000_K500_H200_nominal_t0p05,3,T011,10,2000,500,200,raw/v14_033.npz
full_N2000_K500_H200_nominal_t0p05,3,T012,11,2000,500,200,raw/v14_033.npz
full_N2000_K500_H200_nominal_t0p05,3,T013,12,2000,500,200,raw/v14_033.npz
full_N2000_K500_H200_nominal_t0p05,3,T014,13,2000,500,200,raw/v14_033.npz
full_N2000_K500_H200_nominal_t0p05,3,T015,14,2000,500,200,raw/v14_033.npz
full_N2000_K500_H200_nominal_t0p05,3,T016,15,2000,500,200,raw/v14_033.npz
full_N2000_K500_H200_nominal_t0p05,3,T017,16,2000,500,200,raw/v14_033.npz
full_N2000_K500_H200_nominal_t0p05,3,T018,17,2000,500,200,raw/v14_033.npz
full_N2000_K500_H200_nominal_t0p05,3,T019,18,2000,500,200,raw/v14_033.npz
full_N2000_K500_H200_nominal_t0p05,3,T020,19,2000,500,200,raw/v14_033.npz
full_N2000_K500_H200_nominal_t0p05,3,T021,20,2000,500,200,raw/v14_033.npz
full_N2000_K500_H200_nominal_t0p05,3,T022,21,2000,500,200,raw/v14_033.npz
full_N2000_K500_H200_nominal_t0p05,3,T023,22,2000,500,200,raw/v14_033.npz
full_N2000_K500_H200_nominal_t0p05,3,T024,23,2000,500,200,raw/v14_033.npz
full_N2000_K500_H200_nominal_t0p05,3,T025,24,2000,500,200,raw/v14_033.npz
full_N2000_K500_H200_nominal_t0p05,3,T026,25,2000,500,200,raw/v14_033.npz
full_N2000_K500_H200_nominal_t0p05,3,T027,26,2000,500,200,raw/v14_033.npz
full_N2000_K500_H200_nominal_t0p05,3,T028,27,2000,500,200,raw/v14_033.npz
full_N2000_K500_H200_nominal_t0p05,3,T029,28,2000,500,200,raw/v14_033.npz
full_N2000_K500_H200_nominal_t0p05,3,T030,29,2000,500,200,raw/v14_033.npz
full_N2000_K500_H200_nominal_t0p05,4,T001,0,2000,500,200,raw/v14_034.npz
full_N2000_K500_H200_nominal_t0p05,4,T002,1,2000,500,200,raw/v14_034.npz
full_N2000_K500_H200_nominal_t0p05,4,T003,2,2000,500,200,raw/v14_034.npz
full_N2000_K500_H200_nominal_t0p05,4,T004,3,2000,500,200,raw/v14_034.npz
full_N2000_K500_H200_nominal_t0p05,4,T005,4,2000,500,200,raw/v14_034.npz
full_N2000_K500_H200_nominal_t0p05,4,T006,5,2000,500,200,raw/v14_034.npz
full_N2000_K500_H200_nominal_t0p05,4,T007,6,2000,500,200,raw/v14_034.npz
full_N2000_K500_H200_nominal_t0p05,4,T008,7,2000,500,200,raw/v14_034.npz
full_N2000_K500_H200_nominal_t0p05,4,T009,8,2000,500,200,raw/v14_034.npz
full_N2000_K500_H200_nominal_t0p05,4,T010,9,2000,500,200,raw/v14_034.npz
full_N2000_K500_H200_nominal_t0p05,4,T011,10,2000,500,200,raw/v14_034.npz
full_N2000_K500_H200_nominal_t0p05,4,T012,11,2000,500,200,raw/v14_034.npz
full_N2000_K500_H200_nominal_t0p05,4,T013,12,2000,500,200,raw/v14_034.npz
full_N2000_K500_H200_nominal_t0p05,4,T014,13,2000,500,200,raw/v14_034.npz
full_N2000_K500_H200_nominal_t0p05,4,T015,14,2000,500,200,raw/v14_034.npz
full_N2000_K500_H200_nominal_t0p05,4,T016,15,2000,500,200,raw/v14_034.npz
full_N2000_K500_H200_nominal_t0p05,4,T017,16,2000,500,200,raw/v14_034.npz
full_N2000_K500_H200_nominal_t0p05,4,T018,17,2000,500,200,raw/v14_034.npz
full_N2000_K500_H200_nominal_t0p05,4,T019,18,2000,500,200,raw/v14_034.npz
full_N2000_K500_H200_nominal_t0p05,4,T020,19,2000,500,200,raw/v14_034.npz
full_N2000_K500_H200_nominal_t0p05,4,T021,20,2000,500,200,raw/v14_034.npz
full_N2000_K500_H200_nominal_t0p05,4,T022,21,2000,500,200,raw/v14_034.npz
full_N2000_K500_H200_nominal_t0p05,4,T023,22,2000,500,200,raw/v14_034.npz
full_N2000_K500_H200_nominal_t0p05,4,T024,23,2000,500,200,raw/v14_034.npz
full_N2000_K500_H200_nominal_t0p05,4,T025,24,2000,500,200,raw/v14_034.npz
full_N2000_K500_H200_nominal_t0p05,4,T026,25,2000,500,200,raw/v14_034.npz
full_N2000_K500_H200_nominal_t0p05,4,T027,26,2000,500,200,raw/v14_034.npz
full_N2000_K500_H200_nominal_t0p05,4,T028,27,2000,500,200,raw/v14_034.npz
full_N2000_K500_H200_nominal_t0p05,4,T029,28,2000,500,200,raw/v14_034.npz
full_N2000_K500_H200_nominal_t0p05,4,T030,29,2000,500,200,raw/v14_034.npz
full_N2000_K500_H200_nominal_t0p05,5,T001,0,2000,500,200,raw/v14_035.npz
full_N2000_K500_H200_nominal_t0p05,5,T002,1,2000,500,200,raw/v14_035.npz
full_N2000_K500_H200_nominal_t0p05,5,T003,2,2000,500,200,raw/v14_035.npz
full_N2000_K500_H200_nominal_t0p05,5,T004,3,2000,500,200,raw/v14_035.npz
full_N2000_K500_H200_nominal_t0p05,5,T005,4,2000,500,200,raw/v14_035.npz
full_N2000_K500_H200_nominal_t0p05,5,T006,5,2000,500,200,raw/v14_035.npz
full_N2000_K500_H200_nominal_t0p05,5,T007,6,2000,500,200,raw/v14_035.npz
full_N2000_K500_H200_nominal_t0p05,5,T008,7,2000,500,200,raw/v14_035.npz
full_N2000_K500_H200_nominal_t0p05,5,T009,8,2000,500,200,raw/v14_035.npz
full_N2000_K500_H200_nominal_t0p05,5,T010,9,2000,500,200,raw/v14_035.npz
full_N2000_K500_H200_nominal_t0p05,5,T011,10,2000,500,200,raw/v14_035.npz
full_N2000_K500_H200_nominal_t0p05,5,T012,11,2000,500,200,raw/v14_035.npz
full_N2000_K500_H200_nominal_t0p05,5,T013,12,2000,500,200,raw/v14_035.npz
full_N2000_K500_H200_nominal_t0p05,5,T014,13,2000,500,200,raw/v14_035.npz
full_N2000_K500_H200_nominal_t0p05,5,T015,14,2000,500,200,raw/v14_035.npz
full_N2000_K500_H200_nominal_t0p05,5,T016,15,2000,500,200,raw/v14_035.npz
full_N2000_K500_H200_nominal_t0p05,5,T017,16,2000,500,200,raw/v14_035.npz
full_N2000_K500_H200_nominal_t0p05,5,T018,17,2000,500,200,raw/v14_035.npz
full_N2000_K500_H200_nominal_t0p05,5,T019,18,2000,500,200,raw/v14_035.npz
full_N2000_K500_H200_nominal_t0p05,5,T020,19,2000,500,200,raw/v14_035.npz
full_N2000_K500_H200_nominal_t0p05,5,T021,20,2000,500,200,raw/v14_035.npz
full_N2000_K500_H200_nominal_t0p05,5,T022,21,2000,500,200,raw/v14_035.npz
full_N2000_K500_H200_nominal_t0p05,5,T023,22,2000,500,200,raw/v14_035.npz
full_N2000_K500_H200_nominal_t0p05,5,T024,23,2000,500,200,raw/v14_035.npz
full_N2000_K500_H200_nominal_t0p05,5,T025,24,2000,500,200,raw/v14_035.npz
full_N2000_K500_H200_nominal_t0p05,5,T026,25,2000,500,200,raw/v14_035.npz
full_N2000_K500_H200_nominal_t0p05,5,T027,26,2000,500,200,raw/v14_035.npz
full_N2000_K500_H200_nominal_t0p05,5,T028,27,2000,500,200,raw/v14_035.npz
full_N2000_K500_H200_nominal_t0p05,5,T029,28,2000,500,200,raw/v14_035.npz
full_N2000_K500_H200_nominal_t0p05,5,T030,29,2000,500,200,raw/v14_035.npz
mlp213_N500_K100_H50_nominal_t0p05,1,T001,0,500,100,50,raw/v14_036.npz
mlp213_N500_K100_H50_nominal_t0p05,1,T002,1,500,100,50,raw/v14_036.npz
mlp213_N500_K100_H50_nominal_t0p05,1,T003,2,500,100,50,raw/v14_036.npz
mlp213_N500_K100_H50_nominal_t0p05,1,T004,3,500,100,50,raw/v14_036.npz
mlp213_N500_K100_H50_nominal_t0p05,1,T005,4,500,100,50,raw/v14_036.npz
mlp213_N500_K100_H50_nominal_t0p05,1,T006,5,500,100,50,raw/v14_036.npz
mlp213_N500_K100_H50_nominal_t0p05,1,T007,6,500,100,50,raw/v14_036.npz
mlp213_N500_K100_H50_nominal_t0p05,1,T008,7,500,100,50,raw/v14_036.npz
mlp213_N500_K100_H50_nominal_t0p05,1,T009,8,500,100,50,raw/v14_036.npz
mlp213_N500_K100_H50_nominal_t0p05,1,T010,9,500,100,50,raw/v14_036.npz
mlp213_N500_K100_H50_nominal_t0p05,1,T011,10,500,100,50,raw/v14_036.npz
mlp213_N500_K100_H50_nominal_t0p05,1,T012,11,500,100,50,raw/v14_036.npz
mlp213_N500_K100_H50_nominal_t0p05,1,T013,12,500,100,50,raw/v14_036.npz
mlp213_N500_K100_H50_nominal_t0p05,1,T014,13,500,100,50,raw/v14_036.npz
mlp213_N500_K100_H50_nominal_t0p05,1,T015,14,500,100,50,raw/v14_036.npz
mlp213_N500_K100_H50_nominal_t0p05,1,T016,15,500,100,50,raw/v14_036.npz
mlp213_N500_K100_H50_nominal_t0p05,1,T017,16,500,100,50,raw/v14_036.npz
mlp213_N500_K100_H50_nominal_t0p05,1,T018,17,500,100,50,raw/v14_036.npz
mlp213_N500_K100_H50_nominal_t0p05,1,T019,18,500,100,50,raw/v14_036.npz
mlp213_N500_K100_H50_nominal_t0p05,1,T020,19,500,100,50,raw/v14_036.npz
mlp213_N500_K100_H50_nominal_t0p05,1,T021,20,500,100,50,raw/v14_036.npz
mlp213_N500_K100_H50_nominal_t0p05,1,T022,21,500,100,50,raw/v14_036.npz
mlp213_N500_K100_H50_nominal_t0p05,1,T023,22,500,100,50,raw/v14_036.npz
mlp213_N500_K100_H50_nominal_t0p05,1,T024,23,500,100,50,raw/v14_036.npz
mlp213_N500_K100_H50_nominal_t0p05,1,T025,24,500,100,50,raw/v14_036.npz
mlp213_N500_K100_H50_nominal_t0p05,1,T026,25,500,100,50,raw/v14_036.npz
mlp213_N500_K100_H50_nominal_t0p05,1,T027,26,500,100,50,raw/v14_036.npz
mlp213_N500_K100_H50_nominal_t0p05,1,T028,27,500,100,50,raw/v14_036.npz
mlp213_N500_K100_H50_nominal_t0p05,1,T029,28,500,100,50,raw/v14_036.npz
mlp213_N500_K100_H50_nominal_t0p05,1,T030,29,500,100,50,raw/v14_036.npz
mlp213_N500_K100_H50_nominal_t0p05,2,T001,0,500,100,50,raw/v14_037.npz
mlp213_N500_K100_H50_nominal_t0p05,2,T002,1,500,100,50,raw/v14_037.npz
mlp213_N500_K100_H50_nominal_t0p05,2,T003,2,500,100,50,raw/v14_037.npz
mlp213_N500_K100_H50_nominal_t0p05,2,T004,3,500,100,50,raw/v14_037.npz
mlp213_N500_K100_H50_nominal_t0p05,2,T005,4,500,100,50,raw/v14_037.npz
mlp213_N500_K100_H50_nominal_t0p05,2,T006,5,500,100,50,raw/v14_037.npz
mlp213_N500_K100_H50_nominal_t0p05,2,T007,6,500,100,50,raw/v14_037.npz
mlp213_N500_K100_H50_nominal_t0p05,2,T008,7,500,100,50,raw/v14_037.npz
mlp213_N500_K100_H50_nominal_t0p05,2,T009,8,500,100,50,raw/v14_037.npz
mlp213_N500_K100_H50_nominal_t0p05,2,T010,9,500,100,50,raw/v14_037.npz
mlp213_N500_K100_H50_nominal_t0p05,2,T011,10,500,100,50,raw/v14_037.npz
mlp213_N500_K100_H50_nominal_t0p05,2,T012,11,500,100,50,raw/v14_037.npz
mlp213_N500_K100_H50_nominal_t0p05,2,T013,12,500,100,50,raw/v14_037.npz
mlp213_N500_K100_H50_nominal_t0p05,2,T014,13,500,100,50,raw/v14_037.npz
mlp213_N500_K100_H50_nominal_t0p05,2,T015,14,500,100,50,raw/v14_037.npz
mlp213_N500_K100_H50_nominal_t0p05,2,T016,15,500,100,50,raw/v14_037.npz
mlp213_N500_K100_H50_nominal_t0p05,2,T017,16,500,100,50,raw/v14_037.npz
mlp213_N500_K100_H50_nominal_t0p05,2,T018,17,500,100,50,raw/v14_037.npz
mlp213_N500_K100_H50_nominal_t0p05,2,T019,18,500,100,50,raw/v14_037.npz
mlp213_N500_K100_H50_nominal_t0p05,2,T020,19,500,100,50,raw/v14_037.npz
mlp213_N500_K100_H50_nominal_t0p05,2,T021,20,500,100,50,raw/v14_037.npz
mlp213_N500_K100_H50_nominal_t0p05,2,T022,21,500,100,50,raw/v14_037.npz
mlp213_N500_K100_H50_nominal_t0p05,2,T023,22,500,100,50,raw/v14_037.npz
mlp213_N500_K100_H50_nominal_t0p05,2,T024,23,500,100,50,raw/v14_037.npz
mlp213_N500_K100_H50_nominal_t0p05,2,T025,24,500,100,50,raw/v14_037.npz
mlp213_N500_K100_H50_nominal_t0p05,2,T026,25,500,100,50,raw/v14_037.npz
mlp213_N500_K100_H50_nominal_t0p05,2,T027,26,500,100,50,raw/v14_037.npz
mlp213_N500_K100_H50_nominal_t0p05,2,T028,27,500,100,50,raw/v14_037.npz
mlp213_N500_K100_H50_nominal_t0p05,2,T029,28,500,100,50,raw/v14_037.npz
mlp213_N500_K100_H50_nominal_t0p05,2,T030,29,500,100,50,raw/v14_037.npz
mlp213_N500_K100_H50_nominal_t0p05,3,T001,0,500,100,50,raw/v14_038.npz
mlp213_N500_K100_H50_nominal_t0p05,3,T002,1,500,100,50,raw/v14_038.npz
mlp213_N500_K100_H50_nominal_t0p05,3,T003,2,500,100,50,raw/v14_038.npz
mlp213_N500_K100_H50_nominal_t0p05,3,T004,3,500,100,50,raw/v14_038.npz
mlp213_N500_K100_H50_nominal_t0p05,3,T005,4,500,100,50,raw/v14_038.npz
mlp213_N500_K100_H50_nominal_t0p05,3,T006,5,500,100,50,raw/v14_038.npz
mlp213_N500_K100_H50_nominal_t0p05,3,T007,6,500,100,50,raw/v14_038.npz
mlp213_N500_K100_H50_nominal_t0p05,3,T008,7,500,100,50,raw/v14_038.npz
mlp213_N500_K100_H50_nominal_t0p05,3,T009,8,500,100,50,raw/v14_038.npz
mlp213_N500_K100_H50_nominal_t0p05,3,T010,9,500,100,50,raw/v14_038.npz
mlp213_N500_K100_H50_nominal_t0p05,3,T011,10,500,100,50,raw/v14_038.npz
mlp213_N500_K100_H50_nominal_t0p05,3,T012,11,500,100,50,raw/v14_038.npz
mlp213_N500_K100_H50_nominal_t0p05,3,T013,12,500,100,50,raw/v14_038.npz
mlp213_N500_K100_H50_nominal_t0p05,3,T014,13,500,100,50,raw/v14_038.npz
mlp213_N500_K100_H50_nominal_t0p05,3,T015,14,500,100,50,raw/v14_038.npz
mlp213_N500_K100_H50_nominal_t0p05,3,T016,15,500,100,50,raw/v14_038.npz
mlp213_N500_K100_H50_nominal_t0p05,3,T017,16,500,100,50,raw/v14_038.npz
mlp213_N500_K100_H50_nominal_t0p05,3,T018,17,500,100,50,raw/v14_038.npz
mlp213_N500_K100_H50_nominal_t0p05,3,T019,18,500,100,50,raw/v14_038.npz
mlp213_N500_K100_H50_nominal_t0p05,3,T020,19,500,100,50,raw/v14_038.npz
mlp213_N500_K100_H50_nominal_t0p05,3,T021,20,500,100,50,raw/v14_038.npz
mlp213_N500_K100_H50_nominal_t0p05,3,T022,21,500,100,50,raw/v14_038.npz
mlp213_N500_K100_H50_nominal_t0p05,3,T023,22,500,100,50,raw/v14_038.npz
mlp213_N500_K100_H50_nominal_t0p05,3,T024,23,500,100,50,raw/v14_038.npz
mlp213_N500_K100_H50_nominal_t0p05,3,T025,24,500,100,50,raw/v14_038.npz
mlp213_N500_K100_H50_nominal_t0p05,3,T026,25,500,100,50,raw/v14_038.npz
mlp213_N500_K100_H50_nominal_t0p05,3,T027,26,500,100,50,raw/v14_038.npz
mlp213_N500_K100_H50_nominal_t0p05,3,T028,27,500,100,50,raw/v14_038.npz
mlp213_N500_K100_H50_nominal_t0p05,3,T029,28,500,100,50,raw/v14_038.npz
mlp213_N500_K100_H50_nominal_t0p05,3,T030,29,500,100,50,raw/v14_038.npz
mlp213_N500_K100_H50_nominal_t0p05,4,T001,0,500,100,50,raw/v14_039.npz
mlp213_N500_K100_H50_nominal_t0p05,4,T002,1,500,100,50,raw/v14_039.npz
mlp213_N500_K100_H50_nominal_t0p05,4,T003,2,500,100,50,raw/v14_039.npz
mlp213_N500_K100_H50_nominal_t0p05,4,T004,3,500,100,50,raw/v14_039.npz
mlp213_N500_K100_H50_nominal_t0p05,4,T005,4,500,100,50,raw/v14_039.npz
mlp213_N500_K100_H50_nominal_t0p05,4,T006,5,500,100,50,raw/v14_039.npz
mlp213_N500_K100_H50_nominal_t0p05,4,T007,6,500,100,50,raw/v14_039.npz
mlp213_N500_K100_H50_nominal_t0p05,4,T008,7,500,100,50,raw/v14_039.npz
mlp213_N500_K100_H50_nominal_t0p05,4,T009,8,500,100,50,raw/v14_039.npz
mlp213_N500_K100_H50_nominal_t0p05,4,T010,9,500,100,50,raw/v14_039.npz
mlp213_N500_K100_H50_nominal_t0p05,4,T011,10,500,100,50,raw/v14_039.npz
mlp213_N500_K100_H50_nominal_t0p05,4,T012,11,500,100,50,raw/v14_039.npz
mlp213_N500_K100_H50_nominal_t0p05,4,T013,12,500,100,50,raw/v14_039.npz
mlp213_N500_K100_H50_nominal_t0p05,4,T014,13,500,100,50,raw/v14_039.npz
mlp213_N500_K100_H50_nominal_t0p05,4,T015,14,500,100,50,raw/v14_039.npz
mlp213_N500_K100_H50_nominal_t0p05,4,T016,15,500,100,50,raw/v14_039.npz
mlp213_N500_K100_H50_nominal_t0p05,4,T017,16,500,100,50,raw/v14_039.npz
mlp213_N500_K100_H50_nominal_t0p05,4,T018,17,500,100,50,raw/v14_039.npz
mlp213_N500_K100_H50_nominal_t0p05,4,T019,18,500,100,50,raw/v14_039.npz
mlp213_N500_K100_H50_nominal_t0p05,4,T020,19,500,100,50,raw/v14_039.npz
mlp213_N500_K100_H50_nominal_t0p05,4,T021,20,500,100,50,raw/v14_039.npz
mlp213_N500_K100_H50_nominal_t0p05,4,T022,21,500,100,50,raw/v14_039.npz
mlp213_N500_K100_H50_nominal_t0p05,4,T023,22,500,100,50,raw/v14_039.npz
mlp213_N500_K100_H50_nominal_t0p05,4,T024,23,500,100,50,raw/v14_039.npz
mlp213_N500_K100_H50_nominal_t0p05,4,T025,24,500,100,50,raw/v14_039.npz
mlp213_N500_K100_H50_nominal_t0p05,4,T026,25,500,100,50,raw/v14_039.npz
mlp213_N500_K100_H50_nominal_t0p05,4,T027,26,500,100,50,raw/v14_039.npz
mlp213_N500_K100_H50_nominal_t0p05,4,T028,27,500,100,50,raw/v14_039.npz
mlp213_N500_K100_H50_nominal_t0p05,4,T029,28,500,100,50,raw/v14_039.npz
mlp213_N500_K100_H50_nominal_t0p05,4,T030,29,500,100,50,raw/v14_039.npz
mlp213_N500_K100_H50_nominal_t0p05,5,T001,0,500,100,50,raw/v14_040.npz
mlp213_N500_K100_H50_nominal_t0p05,5,T002,1,500,100,50,raw/v14_040.npz
mlp213_N500_K100_H50_nominal_t0p05,5,T003,2,500,100,50,raw/v14_040.npz
mlp213_N500_K100_H50_nominal_t0p05,5,T004,3,500,100,50,raw/v14_040.npz
mlp213_N500_K100_H50_nominal_t0p05,5,T005,4,500,100,50,raw/v14_040.npz
mlp213_N500_K100_H50_nominal_t0p05,5,T006,5,500,100,50,raw/v14_040.npz
mlp213_N500_K100_H50_nominal_t0p05,5,T007,6,500,100,50,raw/v14_040.npz
mlp213_N500_K100_H50_nominal_t0p05,5,T008,7,500,100,50,raw/v14_040.npz
mlp213_N500_K100_H50_nominal_t0p05,5,T009,8,500,100,50,raw/v14_040.npz
mlp213_N500_K100_H50_nominal_t0p05,5,T010,9,500,100,50,raw/v14_040.npz
mlp213_N500_K100_H50_nominal_t0p05,5,T011,10,500,100,50,raw/v14_040.npz
mlp213_N500_K100_H50_nominal_t0p05,5,T012,11,500,100,50,raw/v14_040.npz
mlp213_N500_K100_H50_nominal_t0p05,5,T013,12,500,100,50,raw/v14_040.npz
mlp213_N500_K100_H50_nominal_t0p05,5,T014,13,500,100,50,raw/v14_040.npz
mlp213_N500_K100_H50_nominal_t0p05,5,T015,14,500,100,50,raw/v14_040.npz
mlp213_N500_K100_H50_nominal_t0p05,5,T016,15,500,100,50,raw/v14_040.npz
mlp213_N500_K100_H50_nominal_t0p05,5,T017,16,500,100,50,raw/v14_040.npz
mlp213_N500_K100_H50_nominal_t0p05,5,T018,17,500,100,50,raw/v14_040.npz
mlp213_N500_K100_H50_nominal_t0p05,5,T019,18,500,100,50,raw/v14_040.npz
mlp213_N500_K100_H50_nominal_t0p05,5,T020,19,500,100,50,raw/v14_040.npz
mlp213_N500_K100_H50_nominal_t0p05,5,T021,20,500,100,50,raw/v14_040.npz
mlp213_N500_K100_H50_nominal_t0p05,5,T022,21,500,100,50,raw/v14_040.npz
mlp213_N500_K100_H50_nominal_t0p05,5,T023,22,500,100,50,raw/v14_040.npz
mlp213_N500_K100_H50_nominal_t0p05,5,T024,23,500,100,50,raw/v14_040.npz
mlp213_N500_K100_H50_nominal_t0p05,5,T025,24,500,100,50,raw/v14_040.npz
mlp213_N500_K100_H50_nominal_t0p05,5,T026,25,500,100,50,raw/v14_040.npz
mlp213_N500_K100_H50_nominal_t0p05,5,T027,26,500,100,50,raw/v14_040.npz
mlp213_N500_K100_H50_nominal_t0p05,5,T028,27,500,100,50,raw/v14_040.npz
mlp213_N500_K100_H50_nominal_t0p05,5,T029,28,500,100,50,raw/v14_040.npz
mlp213_N500_K100_H50_nominal_t0p05,5,T030,29,500,100,50,raw/v14_040.npz
mlp213_N500_K100_H200_nominal_t0p05,1,T001,0,500,100,200,raw/v14_036.npz
mlp213_N500_K100_H200_nominal_t0p05,1,T002,1,500,100,200,raw/v14_036.npz
mlp213_N500_K100_H200_nominal_t0p05,1,T003,2,500,100,200,raw/v14_036.npz
mlp213_N500_K100_H200_nominal_t0p05,1,T004,3,500,100,200,raw/v14_036.npz
mlp213_N500_K100_H200_nominal_t0p05,1,T005,4,500,100,200,raw/v14_036.npz
mlp213_N500_K100_H200_nominal_t0p05,1,T006,5,500,100,200,raw/v14_036.npz
mlp213_N500_K100_H200_nominal_t0p05,1,T007,6,500,100,200,raw/v14_036.npz
mlp213_N500_K100_H200_nominal_t0p05,1,T008,7,500,100,200,raw/v14_036.npz
mlp213_N500_K100_H200_nominal_t0p05,1,T009,8,500,100,200,raw/v14_036.npz
mlp213_N500_K100_H200_nominal_t0p05,1,T010,9,500,100,200,raw/v14_036.npz
mlp213_N500_K100_H200_nominal_t0p05,1,T011,10,500,100,200,raw/v14_036.npz
mlp213_N500_K100_H200_nominal_t0p05,1,T012,11,500,100,200,raw/v14_036.npz
mlp213_N500_K100_H200_nominal_t0p05,1,T013,12,500,100,200,raw/v14_036.npz
mlp213_N500_K100_H200_nominal_t0p05,1,T014,13,500,100,200,raw/v14_036.npz
mlp213_N500_K100_H200_nominal_t0p05,1,T015,14,500,100,200,raw/v14_036.npz
mlp213_N500_K100_H200_nominal_t0p05,1,T016,15,500,100,200,raw/v14_036.npz
mlp213_N500_K100_H200_nominal_t0p05,1,T017,16,500,100,200,raw/v14_036.npz
mlp213_N500_K100_H200_nominal_t0p05,1,T018,17,500,100,200,raw/v14_036.npz
mlp213_N500_K100_H200_nominal_t0p05,1,T019,18,500,100,200,raw/v14_036.npz
mlp213_N500_K100_H200_nominal_t0p05,1,T020,19,500,100,200,raw/v14_036.npz
mlp213_N500_K100_H200_nominal_t0p05,1,T021,20,500,100,200,raw/v14_036.npz
mlp213_N500_K100_H200_nominal_t0p05,1,T022,21,500,100,200,raw/v14_036.npz
mlp213_N500_K100_H200_nominal_t0p05,1,T023,22,500,100,200,raw/v14_036.npz
mlp213_N500_K100_H200_nominal_t0p05,1,T024,23,500,100,200,raw/v14_036.npz
mlp213_N500_K100_H200_nominal_t0p05,1,T025,24,500,100,200,raw/v14_036.npz
mlp213_N500_K100_H200_nominal_t0p05,1,T026,25,500,100,200,raw/v14_036.npz
mlp213_N500_K100_H200_nominal_t0p05,1,T027,26,500,100,200,raw/v14_036.npz
mlp213_N500_K100_H200_nominal_t0p05,1,T028,27,500,100,200,raw/v14_036.npz
mlp213_N500_K100_H200_nominal_t0p05,1,T029,28,500,100,200,raw/v14_036.npz
mlp213_N500_K100_H200_nominal_t0p05,1,T030,29,500,100,200,raw/v14_036.npz
mlp213_N500_K100_H200_nominal_t0p05,2,T001,0,500,100,200,raw/v14_037.npz
mlp213_N500_K100_H200_nominal_t0p05,2,T002,1,500,100,200,raw/v14_037.npz
mlp213_N500_K100_H200_nominal_t0p05,2,T003,2,500,100,200,raw/v14_037.npz
mlp213_N500_K100_H200_nominal_t0p05,2,T004,3,500,100,200,raw/v14_037.npz
mlp213_N500_K100_H200_nominal_t0p05,2,T005,4,500,100,200,raw/v14_037.npz
mlp213_N500_K100_H200_nominal_t0p05,2,T006,5,500,100,200,raw/v14_037.npz
mlp213_N500_K100_H200_nominal_t0p05,2,T007,6,500,100,200,raw/v14_037.npz
mlp213_N500_K100_H200_nominal_t0p05,2,T008,7,500,100,200,raw/v14_037.npz
mlp213_N500_K100_H200_nominal_t0p05,2,T009,8,500,100,200,raw/v14_037.npz
mlp213_N500_K100_H200_nominal_t0p05,2,T010,9,500,100,200,raw/v14_037.npz
mlp213_N500_K100_H200_nominal_t0p05,2,T011,10,500,100,200,raw/v14_037.npz
mlp213_N500_K100_H200_nominal_t0p05,2,T012,11,500,100,200,raw/v14_037.npz
mlp213_N500_K100_H200_nominal_t0p05,2,T013,12,500,100,200,raw/v14_037.npz
mlp213_N500_K100_H200_nominal_t0p05,2,T014,13,500,100,200,raw/v14_037.npz
mlp213_N500_K100_H200_nominal_t0p05,2,T015,14,500,100,200,raw/v14_037.npz
mlp213_N500_K100_H200_nominal_t0p05,2,T016,15,500,100,200,raw/v14_037.npz
mlp213_N500_K100_H200_nominal_t0p05,2,T017,16,500,100,200,raw/v14_037.npz
mlp213_N500_K100_H200_nominal_t0p05,2,T018,17,500,100,200,raw/v14_037.npz
mlp213_N500_K100_H200_nominal_t0p05,2,T019,18,500,100,200,raw/v14_037.npz
mlp213_N500_K100_H200_nominal_t0p05,2,T020,19,500,100,200,raw/v14_037.npz
mlp213_N500_K100_H200_nominal_t0p05,2,T021,20,500,100,200,raw/v14_037.npz
mlp213_N500_K100_H200_nominal_t0p05,2,T022,21,500,100,200,raw/v14_037.npz
mlp213_N500_K100_H200_nominal_t0p05,2,T023,22,500,100,200,raw/v14_037.npz
mlp213_N500_K100_H200_nominal_t0p05,2,T024,23,500,100,200,raw/v14_037.npz
mlp213_N500_K100_H200_nominal_t0p05,2,T025,24,500,100,200,raw/v14_037.npz
mlp213_N500_K100_H200_nominal_t0p05,2,T026,25,500,100,200,raw/v14_037.npz
mlp213_N500_K100_H200_nominal_t0p05,2,T027,26,500,100,200,raw/v14_037.npz
mlp213_N500_K100_H200_nominal_t0p05,2,T028,27,500,100,200,raw/v14_037.npz
mlp213_N500_K100_H200_nominal_t0p05,2,T029,28,500,100,200,raw/v14_037.npz
mlp213_N500_K100_H200_nominal_t0p05,2,T030,29,500,100,200,raw/v14_037.npz
mlp213_N500_K100_H200_nominal_t0p05,3,T001,0,500,100,200,raw/v14_038.npz
mlp213_N500_K100_H200_nominal_t0p05,3,T002,1,500,100,200,raw/v14_038.npz
mlp213_N500_K100_H200_nominal_t0p05,3,T003,2,500,100,200,raw/v14_038.npz
mlp213_N500_K100_H200_nominal_t0p05,3,T004,3,500,100,200,raw/v14_038.npz
mlp213_N500_K100_H200_nominal_t0p05,3,T005,4,500,100,200,raw/v14_038.npz
mlp213_N500_K100_H200_nominal_t0p05,3,T006,5,500,100,200,raw/v14_038.npz
mlp213_N500_K100_H200_nominal_t0p05,3,T007,6,500,100,200,raw/v14_038.npz
mlp213_N500_K100_H200_nominal_t0p05,3,T008,7,500,100,200,raw/v14_038.npz
mlp213_N500_K100_H200_nominal_t0p05,3,T009,8,500,100,200,raw/v14_038.npz
mlp213_N500_K100_H200_nominal_t0p05,3,T010,9,500,100,200,raw/v14_038.npz
mlp213_N500_K100_H200_nominal_t0p05,3,T011,10,500,100,200,raw/v14_038.npz
mlp213_N500_K100_H200_nominal_t0p05,3,T012,11,500,100,200,raw/v14_038.npz
mlp213_N500_K100_H200_nominal_t0p05,3,T013,12,500,100,200,raw/v14_038.npz
mlp213_N500_K100_H200_nominal_t0p05,3,T014,13,500,100,200,raw/v14_038.npz
mlp213_N500_K100_H200_nominal_t0p05,3,T015,14,500,100,200,raw/v14_038.npz
mlp213_N500_K100_H200_nominal_t0p05,3,T016,15,500,100,200,raw/v14_038.npz
mlp213_N500_K100_H200_nominal_t0p05,3,T017,16,500,100,200,raw/v14_038.npz
mlp213_N500_K100_H200_nominal_t0p05,3,T018,17,500,100,200,raw/v14_038.npz
mlp213_N500_K100_H200_nominal_t0p05,3,T019,18,500,100,200,raw/v14_038.npz
mlp213_N500_K100_H200_nominal_t0p05,3,T020,19,500,100,200,raw/v14_038.npz
mlp213_N500_K100_H200_nominal_t0p05,3,T021,20,500,100,200,raw/v14_038.npz
mlp213_N500_K100_H200_nominal_t0p05,3,T022,21,500,100,200,raw/v14_038.npz
mlp213_N500_K100_H200_nominal_t0p05,3,T023,22,500,100,200,raw/v14_038.npz
mlp213_N500_K100_H200_nominal_t0p05,3,T024,23,500,100,200,raw/v14_038.npz
mlp213_N500_K100_H200_nominal_t0p05,3,T025,24,500,100,200,raw/v14_038.npz
mlp213_N500_K100_H200_nominal_t0p05,3,T026,25,500,100,200,raw/v14_038.npz
mlp213_N500_K100_H200_nominal_t0p05,3,T027,26,500,100,200,raw/v14_038.npz
mlp213_N500_K100_H200_nominal_t0p05,3,T028,27,500,100,200,raw/v14_038.npz
mlp213_N500_K100_H200_nominal_t0p05,3,T029,28,500,100,200,raw/v14_038.npz
mlp213_N500_K100_H200_nominal_t0p05,3,T030,29,500,100,200,raw/v14_038.npz
mlp213_N500_K100_H200_nominal_t0p05,4,T001,0,500,100,200,raw/v14_039.npz
mlp213_N500_K100_H200_nominal_t0p05,4,T002,1,500,100,200,raw/v14_039.npz
mlp213_N500_K100_H200_nominal_t0p05,4,T003,2,500,100,200,raw/v14_039.npz
mlp213_N500_K100_H200_nominal_t0p05,4,T004,3,500,100,200,raw/v14_039.npz
mlp213_N500_K100_H200_nominal_t0p05,4,T005,4,500,100,200,raw/v14_039.npz
mlp213_N500_K100_H200_nominal_t0p05,4,T006,5,500,100,200,raw/v14_039.npz
mlp213_N500_K100_H200_nominal_t0p05,4,T007,6,500,100,200,raw/v14_039.npz
mlp213_N500_K100_H200_nominal_t0p05,4,T008,7,500,100,200,raw/v14_039.npz
mlp213_N500_K100_H200_nominal_t0p05,4,T009,8,500,100,200,raw/v14_039.npz
mlp213_N500_K100_H200_nominal_t0p05,4,T010,9,500,100,200,raw/v14_039.npz
mlp213_N500_K100_H200_nominal_t0p05,4,T011,10,500,100,200,raw/v14_039.npz
mlp213_N500_K100_H200_nominal_t0p05,4,T012,11,500,100,200,raw/v14_039.npz
mlp213_N500_K100_H200_nominal_t0p05,4,T013,12,500,100,200,raw/v14_039.npz
mlp213_N500_K100_H200_nominal_t0p05,4,T014,13,500,100,200,raw/v14_039.npz
mlp213_N500_K100_H200_nominal_t0p05,4,T015,14,500,100,200,raw/v14_039.npz
mlp213_N500_K100_H200_nominal_t0p05,4,T016,15,500,100,200,raw/v14_039.npz
mlp213_N500_K100_H200_nominal_t0p05,4,T017,16,500,100,200,raw/v14_039.npz
mlp213_N500_K100_H200_nominal_t0p05,4,T018,17,500,100,200,raw/v14_039.npz
mlp213_N500_K100_H200_nominal_t0p05,4,T019,18,500,100,200,raw/v14_039.npz
mlp213_N500_K100_H200_nominal_t0p05,4,T020,19,500,100,200,raw/v14_039.npz
mlp213_N500_K100_H200_nominal_t0p05,4,T021,20,500,100,200,raw/v14_039.npz
mlp213_N500_K100_H200_nominal_t0p05,4,T022,21,500,100,200,raw/v14_039.npz
mlp213_N500_K100_H200_nominal_t0p05,4,T023,22,500,100,200,raw/v14_039.npz
mlp213_N500_K100_H200_nominal_t0p05,4,T024,23,500,100,200,raw/v14_039.npz
mlp213_N500_K100_H200_nominal_t0p05,4,T025,24,500,100,200,raw/v14_039.npz
mlp213_N500_K100_H200_nominal_t0p05,4,T026,25,500,100,200,raw/v14_039.npz
mlp213_N500_K100_H200_nominal_t0p05,4,T027,26,500,100,200,raw/v14_039.npz
mlp213_N500_K100_H200_nominal_t0p05,4,T028,27,500,100,200,raw/v14_039.npz
mlp213_N500_K100_H200_nominal_t0p05,4,T029,28,500,100,200,raw/v14_039.npz
mlp213_N500_K100_H200_nominal_t0p05,4,T030,29,500,100,200,raw/v14_039.npz
mlp213_N500_K100_H200_nominal_t0p05,5,T001,0,500,100,200,raw/v14_040.npz
mlp213_N500_K100_H200_nominal_t0p05,5,T002,1,500,100,200,raw/v14_040.npz
mlp213_N500_K100_H200_nominal_t0p05,5,T003,2,500,100,200,raw/v14_040.npz
mlp213_N500_K100_H200_nominal_t0p05,5,T004,3,500,100,200,raw/v14_040.npz
mlp213_N500_K100_H200_nominal_t0p05,5,T005,4,500,100,200,raw/v14_040.npz
mlp213_N500_K100_H200_nominal_t0p05,5,T006,5,500,100,200,raw/v14_040.npz
mlp213_N500_K100_H200_nominal_t0p05,5,T007,6,500,100,200,raw/v14_040.npz
mlp213_N500_K100_H200_nominal_t0p05,5,T008,7,500,100,200,raw/v14_040.npz
mlp213_N500_K100_H200_nominal_t0p05,5,T009,8,500,100,200,raw/v14_040.npz
mlp213_N500_K100_H200_nominal_t0p05,5,T010,9,500,100,200,raw/v14_040.npz
mlp213_N500_K100_H200_nominal_t0p05,5,T011,10,500,100,200,raw/v14_040.npz
mlp213_N500_K100_H200_nominal_t0p05,5,T012,11,500,100,200,raw/v14_040.npz
mlp213_N500_K100_H200_nominal_t0p05,5,T013,12,500,100,200,raw/v14_040.npz
mlp213_N500_K100_H200_nominal_t0p05,5,T014,13,500,100,200,raw/v14_040.npz
mlp213_N500_K100_H200_nominal_t0p05,5,T015,14,500,100,200,raw/v14_040.npz
mlp213_N500_K100_H200_nominal_t0p05,5,T016,15,500,100,200,raw/v14_040.npz
mlp213_N500_K100_H200_nominal_t0p05,5,T017,16,500,100,200,raw/v14_040.npz
mlp213_N500_K100_H200_nominal_t0p05,5,T018,17,500,100,200,raw/v14_040.npz
mlp213_N500_K100_H200_nominal_t0p05,5,T019,18,500,100,200,raw/v14_040.npz
mlp213_N500_K100_H200_nominal_t0p05,5,T020,19,500,100,200,raw/v14_040.npz
mlp213_N500_K100_H200_nominal_t0p05,5,T021,20,500,100,200,raw/v14_040.npz
mlp213_N500_K100_H200_nominal_t0p05,5,T022,21,500,100,200,raw/v14_040.npz
mlp213_N500_K100_H200_nominal_t0p05,5,T023,22,500,100,200,raw/v14_040.npz
mlp213_N500_K100_H200_nominal_t0p05,5,T024,23,500,100,200,raw/v14_040.npz
mlp213_N500_K100_H200_nominal_t0p05,5,T025,24,500,100,200,raw/v14_040.npz
mlp213_N500_K100_H200_nominal_t0p05,5,T026,25,500,100,200,raw/v14_040.npz
mlp213_N500_K100_H200_nominal_t0p05,5,T027,26,500,100,200,raw/v14_040.npz
mlp213_N500_K100_H200_nominal_t0p05,5,T028,27,500,100,200,raw/v14_040.npz
mlp213_N500_K100_H200_nominal_t0p05,5,T029,28,500,100,200,raw/v14_040.npz
mlp213_N500_K100_H200_nominal_t0p05,5,T030,29,500,100,200,raw/v14_040.npz
mlp213_N500_K100_H800_nominal_t0p05,1,T001,0,500,100,800,raw/v14_036.npz
mlp213_N500_K100_H800_nominal_t0p05,1,T002,1,500,100,800,raw/v14_036.npz
mlp213_N500_K100_H800_nominal_t0p05,1,T003,2,500,100,800,raw/v14_036.npz
mlp213_N500_K100_H800_nominal_t0p05,1,T004,3,500,100,800,raw/v14_036.npz
mlp213_N500_K100_H800_nominal_t0p05,1,T005,4,500,100,800,raw/v14_036.npz
mlp213_N500_K100_H800_nominal_t0p05,1,T006,5,500,100,800,raw/v14_036.npz
mlp213_N500_K100_H800_nominal_t0p05,1,T007,6,500,100,800,raw/v14_036.npz
mlp213_N500_K100_H800_nominal_t0p05,1,T008,7,500,100,800,raw/v14_036.npz
mlp213_N500_K100_H800_nominal_t0p05,1,T009,8,500,100,800,raw/v14_036.npz
mlp213_N500_K100_H800_nominal_t0p05,1,T010,9,500,100,800,raw/v14_036.npz
mlp213_N500_K100_H800_nominal_t0p05,1,T011,10,500,100,800,raw/v14_036.npz
mlp213_N500_K100_H800_nominal_t0p05,1,T012,11,500,100,800,raw/v14_036.npz
mlp213_N500_K100_H800_nominal_t0p05,1,T013,12,500,100,800,raw/v14_036.npz
mlp213_N500_K100_H800_nominal_t0p05,1,T014,13,500,100,800,raw/v14_036.npz
mlp213_N500_K100_H800_nominal_t0p05,1,T015,14,500,100,800,raw/v14_036.npz
mlp213_N500_K100_H800_nominal_t0p05,1,T016,15,500,100,800,raw/v14_036.npz
mlp213_N500_K100_H800_nominal_t0p05,1,T017,16,500,100,800,raw/v14_036.npz
mlp213_N500_K100_H800_nominal_t0p05,1,T018,17,500,100,800,raw/v14_036.npz
mlp213_N500_K100_H800_nominal_t0p05,1,T019,18,500,100,800,raw/v14_036.npz
mlp213_N500_K100_H800_nominal_t0p05,1,T020,19,500,100,800,raw/v14_036.npz
mlp213_N500_K100_H800_nominal_t0p05,1,T021,20,500,100,800,raw/v14_036.npz
mlp213_N500_K100_H800_nominal_t0p05,1,T022,21,500,100,800,raw/v14_036.npz
mlp213_N500_K100_H800_nominal_t0p05,1,T023,22,500,100,800,raw/v14_036.npz
mlp213_N500_K100_H800_nominal_t0p05,1,T024,23,500,100,800,raw/v14_036.npz
mlp213_N500_K100_H800_nominal_t0p05,1,T025,24,500,100,800,raw/v14_036.npz
mlp213_N500_K100_H800_nominal_t0p05,1,T026,25,500,100,800,raw/v14_036.npz
mlp213_N500_K100_H800_nominal_t0p05,1,T027,26,500,100,800,raw/v14_036.npz
mlp213_N500_K100_H800_nominal_t0p05,1,T028,27,500,100,800,raw/v14_036.npz
mlp213_N500_K100_H800_nominal_t0p05,1,T029,28,500,100,800,raw/v14_036.npz
mlp213_N500_K100_H800_nominal_t0p05,1,T030,29,500,100,800,raw/v14_036.npz
mlp213_N500_K100_H800_nominal_t0p05,2,T001,0,500,100,800,raw/v14_037.npz
mlp213_N500_K100_H800_nominal_t0p05,2,T002,1,500,100,800,raw/v14_037.npz
mlp213_N500_K100_H800_nominal_t0p05,2,T003,2,500,100,800,raw/v14_037.npz
mlp213_N500_K100_H800_nominal_t0p05,2,T004,3,500,100,800,raw/v14_037.npz
mlp213_N500_K100_H800_nominal_t0p05,2,T005,4,500,100,800,raw/v14_037.npz
mlp213_N500_K100_H800_nominal_t0p05,2,T006,5,500,100,800,raw/v14_037.npz
mlp213_N500_K100_H800_nominal_t0p05,2,T007,6,500,100,800,raw/v14_037.npz
mlp213_N500_K100_H800_nominal_t0p05,2,T008,7,500,100,800,raw/v14_037.npz
mlp213_N500_K100_H800_nominal_t0p05,2,T009,8,500,100,800,raw/v14_037.npz
mlp213_N500_K100_H800_nominal_t0p05,2,T010,9,500,100,800,raw/v14_037.npz
mlp213_N500_K100_H800_nominal_t0p05,2,T011,10,500,100,800,raw/v14_037.npz
mlp213_N500_K100_H800_nominal_t0p05,2,T012,11,500,100,800,raw/v14_037.npz
mlp213_N500_K100_H800_nominal_t0p05,2,T013,12,500,100,800,raw/v14_037.npz
mlp213_N500_K100_H800_nominal_t0p05,2,T014,13,500,100,800,raw/v14_037.npz
mlp213_N500_K100_H800_nominal_t0p05,2,T015,14,500,100,800,raw/v14_037.npz
mlp213_N500_K100_H800_nominal_t0p05,2,T016,15,500,100,800,raw/v14_037.npz
mlp213_N500_K100_H800_nominal_t0p05,2,T017,16,500,100,800,raw/v14_037.npz
mlp213_N500_K100_H800_nominal_t0p05,2,T018,17,500,100,800,raw/v14_037.npz
mlp213_N500_K100_H800_nominal_t0p05,2,T019,18,500,100,800,raw/v14_037.npz
mlp213_N500_K100_H800_nominal_t0p05,2,T020,19,500,100,800,raw/v14_037.npz
mlp213_N500_K100_H800_nominal_t0p05,2,T021,20,500,100,800,raw/v14_037.npz
mlp213_N500_K100_H800_nominal_t0p05,2,T022,21,500,100,800,raw/v14_037.npz
mlp213_N500_K100_H800_nominal_t0p05,2,T023,22,500,100,800,raw/v14_037.npz
mlp213_N500_K100_H800_nominal_t0p05,2,T024,23,500,100,800,raw/v14_037.npz
mlp213_N500_K100_H800_nominal_t0p05,2,T025,24,500,100,800,raw/v14_037.npz
mlp213_N500_K100_H800_nominal_t0p05,2,T026,25,500,100,800,raw/v14_037.npz
mlp213_N500_K100_H800_nominal_t0p05,2,T027,26,500,100,800,raw/v14_037.npz
mlp213_N500_K100_H800_nominal_t0p05,2,T028,27,500,100,800,raw/v14_037.npz
mlp213_N500_K100_H800_nominal_t0p05,2,T029,28,500,100,800,raw/v14_037.npz
mlp213_N500_K100_H800_nominal_t0p05,2,T030,29,500,100,800,raw/v14_037.npz
mlp213_N500_K100_H800_nominal_t0p05,3,T001,0,500,100,800,raw/v14_038.npz
mlp213_N500_K100_H800_nominal_t0p05,3,T002,1,500,100,800,raw/v14_038.npz
mlp213_N500_K100_H800_nominal_t0p05,3,T003,2,500,100,800,raw/v14_038.npz
mlp213_N500_K100_H800_nominal_t0p05,3,T004,3,500,100,800,raw/v14_038.npz
mlp213_N500_K100_H800_nominal_t0p05,3,T005,4,500,100,800,raw/v14_038.npz
mlp213_N500_K100_H800_nominal_t0p05,3,T006,5,500,100,800,raw/v14_038.npz
mlp213_N500_K100_H800_nominal_t0p05,3,T007,6,500,100,800,raw/v14_038.npz
mlp213_N500_K100_H800_nominal_t0p05,3,T008,7,500,100,800,raw/v14_038.npz
mlp213_N500_K100_H800_nominal_t0p05,3,T009,8,500,100,800,raw/v14_038.npz
mlp213_N500_K100_H800_nominal_t0p05,3,T010,9,500,100,800,raw/v14_038.npz
mlp213_N500_K100_H800_nominal_t0p05,3,T011,10,500,100,800,raw/v14_038.npz
mlp213_N500_K100_H800_nominal_t0p05,3,T012,11,500,100,800,raw/v14_038.npz
mlp213_N500_K100_H800_nominal_t0p05,3,T013,12,500,100,800,raw/v14_038.npz
mlp213_N500_K100_H800_nominal_t0p05,3,T014,13,500,100,800,raw/v14_038.npz
mlp213_N500_K100_H800_nominal_t0p05,3,T015,14,500,100,800,raw/v14_038.npz
mlp213_N500_K100_H800_nominal_t0p05,3,T016,15,500,100,800,raw/v14_038.npz
mlp213_N500_K100_H800_nominal_t0p05,3,T017,16,500,100,800,raw/v14_038.npz
mlp213_N500_K100_H800_nominal_t0p05,3,T018,17,500,100,800,raw/v14_038.npz
mlp213_N500_K100_H800_nominal_t0p05,3,T019,18,500,100,800,raw/v14_038.npz
mlp213_N500_K100_H800_nominal_t0p05,3,T020,19,500,100,800,raw/v14_038.npz
mlp213_N500_K100_H800_nominal_t0p05,3,T021,20,500,100,800,raw/v14_038.npz
mlp213_N500_K100_H800_nominal_t0p05,3,T022,21,500,100,800,raw/v14_038.npz
mlp213_N500_K100_H800_nominal_t0p05,3,T023,22,500,100,800,raw/v14_038.npz
mlp213_N500_K100_H800_nominal_t0p05,3,T024,23,500,100,800,raw/v14_038.npz
mlp213_N500_K100_H800_nominal_t0p05,3,T025,24,500,100,800,raw/v14_038.npz
mlp213_N500_K100_H800_nominal_t0p05,3,T026,25,500,100,800,raw/v14_038.npz
mlp213_N500_K100_H800_nominal_t0p05,3,T027,26,500,100,800,raw/v14_038.npz
mlp213_N500_K100_H800_nominal_t0p05,3,T028,27,500,100,800,raw/v14_038.npz
mlp213_N500_K100_H800_nominal_t0p05,3,T029,28,500,100,800,raw/v14_038.npz
mlp213_N500_K100_H800_nominal_t0p05,3,T030,29,500,100,800,raw/v14_038.npz
mlp213_N500_K100_H800_nominal_t0p05,4,T001,0,500,100,800,raw/v14_039.npz
mlp213_N500_K100_H800_nominal_t0p05,4,T002,1,500,100,800,raw/v14_039.npz
mlp213_N500_K100_H800_nominal_t0p05,4,T003,2,500,100,800,raw/v14_039.npz
mlp213_N500_K100_H800_nominal_t0p05,4,T004,3,500,100,800,raw/v14_039.npz
mlp213_N500_K100_H800_nominal_t0p05,4,T005,4,500,100,800,raw/v14_039.npz
mlp213_N500_K100_H800_nominal_t0p05,4,T006,5,500,100,800,raw/v14_039.npz
mlp213_N500_K100_H800_nominal_t0p05,4,T007,6,500,100,800,raw/v14_039.npz
mlp213_N500_K100_H800_nominal_t0p05,4,T008,7,500,100,800,raw/v14_039.npz
mlp213_N500_K100_H800_nominal_t0p05,4,T009,8,500,100,800,raw/v14_039.npz
mlp213_N500_K100_H800_nominal_t0p05,4,T010,9,500,100,800,raw/v14_039.npz
mlp213_N500_K100_H800_nominal_t0p05,4,T011,10,500,100,800,raw/v14_039.npz
mlp213_N500_K100_H800_nominal_t0p05,4,T012,11,500,100,800,raw/v14_039.npz
mlp213_N500_K100_H800_nominal_t0p05,4,T013,12,500,100,800,raw/v14_039.npz
mlp213_N500_K100_H800_nominal_t0p05,4,T014,13,500,100,800,raw/v14_039.npz
mlp213_N500_K100_H800_nominal_t0p05,4,T015,14,500,100,800,raw/v14_039.npz
mlp213_N500_K100_H800_nominal_t0p05,4,T016,15,500,100,800,raw/v14_039.npz
mlp213_N500_K100_H800_nominal_t0p05,4,T017,16,500,100,800,raw/v14_039.npz
mlp213_N500_K100_H800_nominal_t0p05,4,T018,17,500,100,800,raw/v14_039.npz
mlp213_N500_K100_H800_nominal_t0p05,4,T019,18,500,100,800,raw/v14_039.npz
mlp213_N500_K100_H800_nominal_t0p05,4,T020,19,500,100,800,raw/v14_039.npz
mlp213_N500_K100_H800_nominal_t0p05,4,T021,20,500,100,800,raw/v14_039.npz
mlp213_N500_K100_H800_nominal_t0p05,4,T022,21,500,100,800,raw/v14_039.npz
mlp213_N500_K100_H800_nominal_t0p05,4,T023,22,500,100,800,raw/v14_039.npz
mlp213_N500_K100_H800_nominal_t0p05,4,T024,23,500,100,800,raw/v14_039.npz
mlp213_N500_K100_H800_nominal_t0p05,4,T025,24,500,100,800,raw/v14_039.npz
mlp213_N500_K100_H800_nominal_t0p05,4,T026,25,500,100,800,raw/v14_039.npz
mlp213_N500_K100_H800_nominal_t0p05,4,T027,26,500,100,800,raw/v14_039.npz
mlp213_N500_K100_H800_nominal_t0p05,4,T028,27,500,100,800,raw/v14_039.npz
mlp213_N500_K100_H800_nominal_t0p05,4,T029,28,500,100,800,raw/v14_039.npz
mlp213_N500_K100_H800_nominal_t0p05,4,T030,29,500,100,800,raw/v14_039.npz
mlp213_N500_K100_H800_nominal_t0p05,5,T001,0,500,100,800,raw/v14_040.npz
mlp213_N500_K100_H800_nominal_t0p05,5,T002,1,500,100,800,raw/v14_040.npz
mlp213_N500_K100_H800_nominal_t0p05,5,T003,2,500,100,800,raw/v14_040.npz
mlp213_N500_K100_H800_nominal_t0p05,5,T004,3,500,100,800,raw/v14_040.npz
mlp213_N500_K100_H800_nominal_t0p05,5,T005,4,500,100,800,raw/v14_040.npz
mlp213_N500_K100_H800_nominal_t0p05,5,T006,5,500,100,800,raw/v14_040.npz
mlp213_N500_K100_H800_nominal_t0p05,5,T007,6,500,100,800,raw/v14_040.npz
mlp213_N500_K100_H800_nominal_t0p05,5,T008,7,500,100,800,raw/v14_040.npz
mlp213_N500_K100_H800_nominal_t0p05,5,T009,8,500,100,800,raw/v14_040.npz
mlp213_N500_K100_H800_nominal_t0p05,5,T010,9,500,100,800,raw/v14_040.npz
mlp213_N500_K100_H800_nominal_t0p05,5,T011,10,500,100,800,raw/v14_040.npz
mlp213_N500_K100_H800_nominal_t0p05,5,T012,11,500,100,800,raw/v14_040.npz
mlp213_N500_K100_H800_nominal_t0p05,5,T013,12,500,100,800,raw/v14_040.npz
mlp213_N500_K100_H800_nominal_t0p05,5,T014,13,500,100,800,raw/v14_040.npz
mlp213_N500_K100_H800_nominal_t0p05,5,T015,14,500,100,800,raw/v14_040.npz
mlp213_N500_K100_H800_nominal_t0p05,5,T016,15,500,100,800,raw/v14_040.npz
mlp213_N500_K100_H800_nominal_t0p05,5,T017,16,500,100,800,raw/v14_040.npz
mlp213_N500_K100_H800_nominal_t0p05,5,T018,17,500,100,800,raw/v14_040.npz
mlp213_N500_K100_H800_nominal_t0p05,5,T019,18,500,100,800,raw/v14_040.npz
mlp213_N500_K100_H800_nominal_t0p05,5,T020,19,500,100,800,raw/v14_040.npz
mlp213_N500_K100_H800_nominal_t0p05,5,T021,20,500,100,800,raw/v14_040.npz
mlp213_N500_K100_H800_nominal_t0p05,5,T022,21,500,100,800,raw/v14_040.npz
mlp213_N500_K100_H800_nominal_t0p05,5,T023,22,500,100,800,raw/v14_040.npz
mlp213_N500_K100_H800_nominal_t0p05,5,T024,23,500,100,800,raw/v14_040.npz
mlp213_N500_K100_H800_nominal_t0p05,5,T025,24,500,100,800,raw/v14_040.npz
mlp213_N500_K100_H800_nominal_t0p05,5,T026,25,500,100,800,raw/v14_040.npz
mlp213_N500_K100_H800_nominal_t0p05,5,T027,26,500,100,800,raw/v14_040.npz
mlp213_N500_K100_H800_nominal_t0p05,5,T028,27,500,100,800,raw/v14_040.npz
mlp213_N500_K100_H800_nominal_t0p05,5,T029,28,500,100,800,raw/v14_040.npz
mlp213_N500_K100_H800_nominal_t0p05,5,T030,29,500,100,800,raw/v14_040.npz
mlp213_N1000_K100_H50_nominal_t0p05,1,T001,0,1000,100,50,raw/v14_041.npz
mlp213_N1000_K100_H50_nominal_t0p05,1,T002,1,1000,100,50,raw/v14_041.npz
mlp213_N1000_K100_H50_nominal_t0p05,1,T003,2,1000,100,50,raw/v14_041.npz
mlp213_N1000_K100_H50_nominal_t0p05,1,T004,3,1000,100,50,raw/v14_041.npz
mlp213_N1000_K100_H50_nominal_t0p05,1,T005,4,1000,100,50,raw/v14_041.npz
mlp213_N1000_K100_H50_nominal_t0p05,1,T006,5,1000,100,50,raw/v14_041.npz
mlp213_N1000_K100_H50_nominal_t0p05,1,T007,6,1000,100,50,raw/v14_041.npz
mlp213_N1000_K100_H50_nominal_t0p05,1,T008,7,1000,100,50,raw/v14_041.npz
mlp213_N1000_K100_H50_nominal_t0p05,1,T009,8,1000,100,50,raw/v14_041.npz
mlp213_N1000_K100_H50_nominal_t0p05,1,T010,9,1000,100,50,raw/v14_041.npz
mlp213_N1000_K100_H50_nominal_t0p05,1,T011,10,1000,100,50,raw/v14_041.npz
mlp213_N1000_K100_H50_nominal_t0p05,1,T012,11,1000,100,50,raw/v14_041.npz
mlp213_N1000_K100_H50_nominal_t0p05,1,T013,12,1000,100,50,raw/v14_041.npz
mlp213_N1000_K100_H50_nominal_t0p05,1,T014,13,1000,100,50,raw/v14_041.npz
mlp213_N1000_K100_H50_nominal_t0p05,1,T015,14,1000,100,50,raw/v14_041.npz
mlp213_N1000_K100_H50_nominal_t0p05,1,T016,15,1000,100,50,raw/v14_041.npz
mlp213_N1000_K100_H50_nominal_t0p05,1,T017,16,1000,100,50,raw/v14_041.npz
mlp213_N1000_K100_H50_nominal_t0p05,1,T018,17,1000,100,50,raw/v14_041.npz
mlp213_N1000_K100_H50_nominal_t0p05,1,T019,18,1000,100,50,raw/v14_041.npz
mlp213_N1000_K100_H50_nominal_t0p05,1,T020,19,1000,100,50,raw/v14_041.npz
mlp213_N1000_K100_H50_nominal_t0p05,1,T021,20,1000,100,50,raw/v14_041.npz
mlp213_N1000_K100_H50_nominal_t0p05,1,T022,21,1000,100,50,raw/v14_041.npz
mlp213_N1000_K100_H50_nominal_t0p05,1,T023,22,1000,100,50,raw/v14_041.npz
mlp213_N1000_K100_H50_nominal_t0p05,1,T024,23,1000,100,50,raw/v14_041.npz
mlp213_N1000_K100_H50_nominal_t0p05,1,T025,24,1000,100,50,raw/v14_041.npz
mlp213_N1000_K100_H50_nominal_t0p05,1,T026,25,1000,100,50,raw/v14_041.npz
mlp213_N1000_K100_H50_nominal_t0p05,1,T027,26,1000,100,50,raw/v14_041.npz
mlp213_N1000_K100_H50_nominal_t0p05,1,T028,27,1000,100,50,raw/v14_041.npz
mlp213_N1000_K100_H50_nominal_t0p05,1,T029,28,1000,100,50,raw/v14_041.npz
mlp213_N1000_K100_H50_nominal_t0p05,1,T030,29,1000,100,50,raw/v14_041.npz
mlp213_N1000_K100_H50_nominal_t0p05,2,T001,0,1000,100,50,raw/v14_042.npz
mlp213_N1000_K100_H50_nominal_t0p05,2,T002,1,1000,100,50,raw/v14_042.npz
mlp213_N1000_K100_H50_nominal_t0p05,2,T003,2,1000,100,50,raw/v14_042.npz
mlp213_N1000_K100_H50_nominal_t0p05,2,T004,3,1000,100,50,raw/v14_042.npz
mlp213_N1000_K100_H50_nominal_t0p05,2,T005,4,1000,100,50,raw/v14_042.npz
mlp213_N1000_K100_H50_nominal_t0p05,2,T006,5,1000,100,50,raw/v14_042.npz
mlp213_N1000_K100_H50_nominal_t0p05,2,T007,6,1000,100,50,raw/v14_042.npz
mlp213_N1000_K100_H50_nominal_t0p05,2,T008,7,1000,100,50,raw/v14_042.npz
mlp213_N1000_K100_H50_nominal_t0p05,2,T009,8,1000,100,50,raw/v14_042.npz
mlp213_N1000_K100_H50_nominal_t0p05,2,T010,9,1000,100,50,raw/v14_042.npz
mlp213_N1000_K100_H50_nominal_t0p05,2,T011,10,1000,100,50,raw/v14_042.npz
mlp213_N1000_K100_H50_nominal_t0p05,2,T012,11,1000,100,50,raw/v14_042.npz
mlp213_N1000_K100_H50_nominal_t0p05,2,T013,12,1000,100,50,raw/v14_042.npz
mlp213_N1000_K100_H50_nominal_t0p05,2,T014,13,1000,100,50,raw/v14_042.npz
mlp213_N1000_K100_H50_nominal_t0p05,2,T015,14,1000,100,50,raw/v14_042.npz
mlp213_N1000_K100_H50_nominal_t0p05,2,T016,15,1000,100,50,raw/v14_042.npz
mlp213_N1000_K100_H50_nominal_t0p05,2,T017,16,1000,100,50,raw/v14_042.npz
mlp213_N1000_K100_H50_nominal_t0p05,2,T018,17,1000,100,50,raw/v14_042.npz
mlp213_N1000_K100_H50_nominal_t0p05,2,T019,18,1000,100,50,raw/v14_042.npz
mlp213_N1000_K100_H50_nominal_t0p05,2,T020,19,1000,100,50,raw/v14_042.npz
mlp213_N1000_K100_H50_nominal_t0p05,2,T021,20,1000,100,50,raw/v14_042.npz
mlp213_N1000_K100_H50_nominal_t0p05,2,T022,21,1000,100,50,raw/v14_042.npz
mlp213_N1000_K100_H50_nominal_t0p05,2,T023,22,1000,100,50,raw/v14_042.npz
mlp213_N1000_K100_H50_nominal_t0p05,2,T024,23,1000,100,50,raw/v14_042.npz
mlp213_N1000_K100_H50_nominal_t0p05,2,T025,24,1000,100,50,raw/v14_042.npz
mlp213_N1000_K100_H50_nominal_t0p05,2,T026,25,1000,100,50,raw/v14_042.npz
mlp213_N1000_K100_H50_nominal_t0p05,2,T027,26,1000,100,50,raw/v14_042.npz
mlp213_N1000_K100_H50_nominal_t0p05,2,T028,27,1000,100,50,raw/v14_042.npz
mlp213_N1000_K100_H50_nominal_t0p05,2,T029,28,1000,100,50,raw/v14_042.npz
mlp213_N1000_K100_H50_nominal_t0p05,2,T030,29,1000,100,50,raw/v14_042.npz
mlp213_N1000_K100_H50_nominal_t0p05,3,T001,0,1000,100,50,raw/v14_043.npz
mlp213_N1000_K100_H50_nominal_t0p05,3,T002,1,1000,100,50,raw/v14_043.npz
mlp213_N1000_K100_H50_nominal_t0p05,3,T003,2,1000,100,50,raw/v14_043.npz
mlp213_N1000_K100_H50_nominal_t0p05,3,T004,3,1000,100,50,raw/v14_043.npz
mlp213_N1000_K100_H50_nominal_t0p05,3,T005,4,1000,100,50,raw/v14_043.npz
mlp213_N1000_K100_H50_nominal_t0p05,3,T006,5,1000,100,50,raw/v14_043.npz
mlp213_N1000_K100_H50_nominal_t0p05,3,T007,6,1000,100,50,raw/v14_043.npz
mlp213_N1000_K100_H50_nominal_t0p05,3,T008,7,1000,100,50,raw/v14_043.npz
mlp213_N1000_K100_H50_nominal_t0p05,3,T009,8,1000,100,50,raw/v14_043.npz
mlp213_N1000_K100_H50_nominal_t0p05,3,T010,9,1000,100,50,raw/v14_043.npz
mlp213_N1000_K100_H50_nominal_t0p05,3,T011,10,1000,100,50,raw/v14_043.npz
mlp213_N1000_K100_H50_nominal_t0p05,3,T012,11,1000,100,50,raw/v14_043.npz
mlp213_N1000_K100_H50_nominal_t0p05,3,T013,12,1000,100,50,raw/v14_043.npz
mlp213_N1000_K100_H50_nominal_t0p05,3,T014,13,1000,100,50,raw/v14_043.npz
mlp213_N1000_K100_H50_nominal_t0p05,3,T015,14,1000,100,50,raw/v14_043.npz
mlp213_N1000_K100_H50_nominal_t0p05,3,T016,15,1000,100,50,raw/v14_043.npz
mlp213_N1000_K100_H50_nominal_t0p05,3,T017,16,1000,100,50,raw/v14_043.npz
mlp213_N1000_K100_H50_nominal_t0p05,3,T018,17,1000,100,50,raw/v14_043.npz
mlp213_N1000_K100_H50_nominal_t0p05,3,T019,18,1000,100,50,raw/v14_043.npz
mlp213_N1000_K100_H50_nominal_t0p05,3,T020,19,1000,100,50,raw/v14_043.npz
mlp213_N1000_K100_H50_nominal_t0p05,3,T021,20,1000,100,50,raw/v14_043.npz
mlp213_N1000_K100_H50_nominal_t0p05,3,T022,21,1000,100,50,raw/v14_043.npz
mlp213_N1000_K100_H50_nominal_t0p05,3,T023,22,1000,100,50,raw/v14_043.npz
mlp213_N1000_K100_H50_nominal_t0p05,3,T024,23,1000,100,50,raw/v14_043.npz
mlp213_N1000_K100_H50_nominal_t0p05,3,T025,24,1000,100,50,raw/v14_043.npz
mlp213_N1000_K100_H50_nominal_t0p05,3,T026,25,1000,100,50,raw/v14_043.npz
mlp213_N1000_K100_H50_nominal_t0p05,3,T027,26,1000,100,50,raw/v14_043.npz
mlp213_N1000_K100_H50_nominal_t0p05,3,T028,27,1000,100,50,raw/v14_043.npz
mlp213_N1000_K100_H50_nominal_t0p05,3,T029,28,1000,100,50,raw/v14_043.npz
mlp213_N1000_K100_H50_nominal_t0p05,3,T030,29,1000,100,50,raw/v14_043.npz
mlp213_N1000_K100_H50_nominal_t0p05,4,T001,0,1000,100,50,raw/v14_044.npz
mlp213_N1000_K100_H50_nominal_t0p05,4,T002,1,1000,100,50,raw/v14_044.npz
mlp213_N1000_K100_H50_nominal_t0p05,4,T003,2,1000,100,50,raw/v14_044.npz
mlp213_N1000_K100_H50_nominal_t0p05,4,T004,3,1000,100,50,raw/v14_044.npz
mlp213_N1000_K100_H50_nominal_t0p05,4,T005,4,1000,100,50,raw/v14_044.npz
mlp213_N1000_K100_H50_nominal_t0p05,4,T006,5,1000,100,50,raw/v14_044.npz
mlp213_N1000_K100_H50_nominal_t0p05,4,T007,6,1000,100,50,raw/v14_044.npz
mlp213_N1000_K100_H50_nominal_t0p05,4,T008,7,1000,100,50,raw/v14_044.npz
mlp213_N1000_K100_H50_nominal_t0p05,4,T009,8,1000,100,50,raw/v14_044.npz
mlp213_N1000_K100_H50_nominal_t0p05,4,T010,9,1000,100,50,raw/v14_044.npz
mlp213_N1000_K100_H50_nominal_t0p05,4,T011,10,1000,100,50,raw/v14_044.npz
mlp213_N1000_K100_H50_nominal_t0p05,4,T012,11,1000,100,50,raw/v14_044.npz
mlp213_N1000_K100_H50_nominal_t0p05,4,T013,12,1000,100,50,raw/v14_044.npz
mlp213_N1000_K100_H50_nominal_t0p05,4,T014,13,1000,100,50,raw/v14_044.npz
mlp213_N1000_K100_H50_nominal_t0p05,4,T015,14,1000,100,50,raw/v14_044.npz
mlp213_N1000_K100_H50_nominal_t0p05,4,T016,15,1000,100,50,raw/v14_044.npz
mlp213_N1000_K100_H50_nominal_t0p05,4,T017,16,1000,100,50,raw/v14_044.npz
mlp213_N1000_K100_H50_nominal_t0p05,4,T018,17,1000,100,50,raw/v14_044.npz
mlp213_N1000_K100_H50_nominal_t0p05,4,T019,18,1000,100,50,raw/v14_044.npz
mlp213_N1000_K100_H50_nominal_t0p05,4,T020,19,1000,100,50,raw/v14_044.npz
mlp213_N1000_K100_H50_nominal_t0p05,4,T021,20,1000,100,50,raw/v14_044.npz
mlp213_N1000_K100_H50_nominal_t0p05,4,T022,21,1000,100,50,raw/v14_044.npz
mlp213_N1000_K100_H50_nominal_t0p05,4,T023,22,1000,100,50,raw/v14_044.npz
mlp213_N1000_K100_H50_nominal_t0p05,4,T024,23,1000,100,50,raw/v14_044.npz
mlp213_N1000_K100_H50_nominal_t0p05,4,T025,24,1000,100,50,raw/v14_044.npz
mlp213_N1000_K100_H50_nominal_t0p05,4,T026,25,1000,100,50,raw/v14_044.npz
mlp213_N1000_K100_H50_nominal_t0p05,4,T027,26,1000,100,50,raw/v14_044.npz
mlp213_N1000_K100_H50_nominal_t0p05,4,T028,27,1000,100,50,raw/v14_044.npz
mlp213_N1000_K100_H50_nominal_t0p05,4,T029,28,1000,100,50,raw/v14_044.npz
mlp213_N1000_K100_H50_nominal_t0p05,4,T030,29,1000,100,50,raw/v14_044.npz
mlp213_N1000_K100_H50_nominal_t0p05,5,T001,0,1000,100,50,raw/v14_045.npz
mlp213_N1000_K100_H50_nominal_t0p05,5,T002,1,1000,100,50,raw/v14_045.npz
mlp213_N1000_K100_H50_nominal_t0p05,5,T003,2,1000,100,50,raw/v14_045.npz
mlp213_N1000_K100_H50_nominal_t0p05,5,T004,3,1000,100,50,raw/v14_045.npz
mlp213_N1000_K100_H50_nominal_t0p05,5,T005,4,1000,100,50,raw/v14_045.npz
mlp213_N1000_K100_H50_nominal_t0p05,5,T006,5,1000,100,50,raw/v14_045.npz
mlp213_N1000_K100_H50_nominal_t0p05,5,T007,6,1000,100,50,raw/v14_045.npz
mlp213_N1000_K100_H50_nominal_t0p05,5,T008,7,1000,100,50,raw/v14_045.npz
mlp213_N1000_K100_H50_nominal_t0p05,5,T009,8,1000,100,50,raw/v14_045.npz
mlp213_N1000_K100_H50_nominal_t0p05,5,T010,9,1000,100,50,raw/v14_045.npz
mlp213_N1000_K100_H50_nominal_t0p05,5,T011,10,1000,100,50,raw/v14_045.npz
mlp213_N1000_K100_H50_nominal_t0p05,5,T012,11,1000,100,50,raw/v14_045.npz
mlp213_N1000_K100_H50_nominal_t0p05,5,T013,12,1000,100,50,raw/v14_045.npz
mlp213_N1000_K100_H50_nominal_t0p05,5,T014,13,1000,100,50,raw/v14_045.npz
mlp213_N1000_K100_H50_nominal_t0p05,5,T015,14,1000,100,50,raw/v14_045.npz
mlp213_N1000_K100_H50_nominal_t0p05,5,T016,15,1000,100,50,raw/v14_045.npz
mlp213_N1000_K100_H50_nominal_t0p05,5,T017,16,1000,100,50,raw/v14_045.npz
mlp213_N1000_K100_H50_nominal_t0p05,5,T018,17,1000,100,50,raw/v14_045.npz
mlp213_N1000_K100_H50_nominal_t0p05,5,T019,18,1000,100,50,raw/v14_045.npz
mlp213_N1000_K100_H50_nominal_t0p05,5,T020,19,1000,100,50,raw/v14_045.npz
mlp213_N1000_K100_H50_nominal_t0p05,5,T021,20,1000,100,50,raw/v14_045.npz
mlp213_N1000_K100_H50_nominal_t0p05,5,T022,21,1000,100,50,raw/v14_045.npz
mlp213_N1000_K100_H50_nominal_t0p05,5,T023,22,1000,100,50,raw/v14_045.npz
mlp213_N1000_K100_H50_nominal_t0p05,5,T024,23,1000,100,50,raw/v14_045.npz
mlp213_N1000_K100_H50_nominal_t0p05,5,T025,24,1000,100,50,raw/v14_045.npz
mlp213_N1000_K100_H50_nominal_t0p05,5,T026,25,1000,100,50,raw/v14_045.npz
mlp213_N1000_K100_H50_nominal_t0p05,5,T027,26,1000,100,50,raw/v14_045.npz
mlp213_N1000_K100_H50_nominal_t0p05,5,T028,27,1000,100,50,raw/v14_045.npz
mlp213_N1000_K100_H50_nominal_t0p05,5,T029,28,1000,100,50,raw/v14_045.npz
mlp213_N1000_K100_H50_nominal_t0p05,5,T030,29,1000,100,50,raw/v14_045.npz
mlp213_N1000_K100_H200_nominal_t0p05,1,T001,0,1000,100,200,raw/v14_041.npz
mlp213_N1000_K100_H200_nominal_t0p05,1,T002,1,1000,100,200,raw/v14_041.npz
mlp213_N1000_K100_H200_nominal_t0p05,1,T003,2,1000,100,200,raw/v14_041.npz
mlp213_N1000_K100_H200_nominal_t0p05,1,T004,3,1000,100,200,raw/v14_041.npz
mlp213_N1000_K100_H200_nominal_t0p05,1,T005,4,1000,100,200,raw/v14_041.npz
mlp213_N1000_K100_H200_nominal_t0p05,1,T006,5,1000,100,200,raw/v14_041.npz
mlp213_N1000_K100_H200_nominal_t0p05,1,T007,6,1000,100,200,raw/v14_041.npz
mlp213_N1000_K100_H200_nominal_t0p05,1,T008,7,1000,100,200,raw/v14_041.npz
mlp213_N1000_K100_H200_nominal_t0p05,1,T009,8,1000,100,200,raw/v14_041.npz
mlp213_N1000_K100_H200_nominal_t0p05,1,T010,9,1000,100,200,raw/v14_041.npz
mlp213_N1000_K100_H200_nominal_t0p05,1,T011,10,1000,100,200,raw/v14_041.npz
mlp213_N1000_K100_H200_nominal_t0p05,1,T012,11,1000,100,200,raw/v14_041.npz
mlp213_N1000_K100_H200_nominal_t0p05,1,T013,12,1000,100,200,raw/v14_041.npz
mlp213_N1000_K100_H200_nominal_t0p05,1,T014,13,1000,100,200,raw/v14_041.npz
mlp213_N1000_K100_H200_nominal_t0p05,1,T015,14,1000,100,200,raw/v14_041.npz
mlp213_N1000_K100_H200_nominal_t0p05,1,T016,15,1000,100,200,raw/v14_041.npz
mlp213_N1000_K100_H200_nominal_t0p05,1,T017,16,1000,100,200,raw/v14_041.npz
mlp213_N1000_K100_H200_nominal_t0p05,1,T018,17,1000,100,200,raw/v14_041.npz
mlp213_N1000_K100_H200_nominal_t0p05,1,T019,18,1000,100,200,raw/v14_041.npz
mlp213_N1000_K100_H200_nominal_t0p05,1,T020,19,1000,100,200,raw/v14_041.npz
mlp213_N1000_K100_H200_nominal_t0p05,1,T021,20,1000,100,200,raw/v14_041.npz
mlp213_N1000_K100_H200_nominal_t0p05,1,T022,21,1000,100,200,raw/v14_041.npz
mlp213_N1000_K100_H200_nominal_t0p05,1,T023,22,1000,100,200,raw/v14_041.npz
mlp213_N1000_K100_H200_nominal_t0p05,1,T024,23,1000,100,200,raw/v14_041.npz
mlp213_N1000_K100_H200_nominal_t0p05,1,T025,24,1000,100,200,raw/v14_041.npz
mlp213_N1000_K100_H200_nominal_t0p05,1,T026,25,1000,100,200,raw/v14_041.npz
mlp213_N1000_K100_H200_nominal_t0p05,1,T027,26,1000,100,200,raw/v14_041.npz
mlp213_N1000_K100_H200_nominal_t0p05,1,T028,27,1000,100,200,raw/v14_041.npz
mlp213_N1000_K100_H200_nominal_t0p05,1,T029,28,1000,100,200,raw/v14_041.npz
mlp213_N1000_K100_H200_nominal_t0p05,1,T030,29,1000,100,200,raw/v14_041.npz
mlp213_N1000_K100_H200_nominal_t0p05,2,T001,0,1000,100,200,raw/v14_042.npz
mlp213_N1000_K100_H200_nominal_t0p05,2,T002,1,1000,100,200,raw/v14_042.npz
mlp213_N1000_K100_H200_nominal_t0p05,2,T003,2,1000,100,200,raw/v14_042.npz
mlp213_N1000_K100_H200_nominal_t0p05,2,T004,3,1000,100,200,raw/v14_042.npz
mlp213_N1000_K100_H200_nominal_t0p05,2,T005,4,1000,100,200,raw/v14_042.npz
mlp213_N1000_K100_H200_nominal_t0p05,2,T006,5,1000,100,200,raw/v14_042.npz
mlp213_N1000_K100_H200_nominal_t0p05,2,T007,6,1000,100,200,raw/v14_042.npz
mlp213_N1000_K100_H200_nominal_t0p05,2,T008,7,1000,100,200,raw/v14_042.npz
mlp213_N1000_K100_H200_nominal_t0p05,2,T009,8,1000,100,200,raw/v14_042.npz
mlp213_N1000_K100_H200_nominal_t0p05,2,T010,9,1000,100,200,raw/v14_042.npz
mlp213_N1000_K100_H200_nominal_t0p05,2,T011,10,1000,100,200,raw/v14_042.npz
mlp213_N1000_K100_H200_nominal_t0p05,2,T012,11,1000,100,200,raw/v14_042.npz
mlp213_N1000_K100_H200_nominal_t0p05,2,T013,12,1000,100,200,raw/v14_042.npz
mlp213_N1000_K100_H200_nominal_t0p05,2,T014,13,1000,100,200,raw/v14_042.npz
mlp213_N1000_K100_H200_nominal_t0p05,2,T015,14,1000,100,200,raw/v14_042.npz
mlp213_N1000_K100_H200_nominal_t0p05,2,T016,15,1000,100,200,raw/v14_042.npz
mlp213_N1000_K100_H200_nominal_t0p05,2,T017,16,1000,100,200,raw/v14_042.npz
mlp213_N1000_K100_H200_nominal_t0p05,2,T018,17,1000,100,200,raw/v14_042.npz
mlp213_N1000_K100_H200_nominal_t0p05,2,T019,18,1000,100,200,raw/v14_042.npz
mlp213_N1000_K100_H200_nominal_t0p05,2,T020,19,1000,100,200,raw/v14_042.npz
mlp213_N1000_K100_H200_nominal_t0p05,2,T021,20,1000,100,200,raw/v14_042.npz
mlp213_N1000_K100_H200_nominal_t0p05,2,T022,21,1000,100,200,raw/v14_042.npz
mlp213_N1000_K100_H200_nominal_t0p05,2,T023,22,1000,100,200,raw/v14_042.npz
mlp213_N1000_K100_H200_nominal_t0p05,2,T024,23,1000,100,200,raw/v14_042.npz
mlp213_N1000_K100_H200_nominal_t0p05,2,T025,24,1000,100,200,raw/v14_042.npz
mlp213_N1000_K100_H200_nominal_t0p05,2,T026,25,1000,100,200,raw/v14_042.npz
mlp213_N1000_K100_H200_nominal_t0p05,2,T027,26,1000,100,200,raw/v14_042.npz
mlp213_N1000_K100_H200_nominal_t0p05,2,T028,27,1000,100,200,raw/v14_042.npz
mlp213_N1000_K100_H200_nominal_t0p05,2,T029,28,1000,100,200,raw/v14_042.npz
mlp213_N1000_K100_H200_nominal_t0p05,2,T030,29,1000,100,200,raw/v14_042.npz
mlp213_N1000_K100_H200_nominal_t0p05,3,T001,0,1000,100,200,raw/v14_043.npz
mlp213_N1000_K100_H200_nominal_t0p05,3,T002,1,1000,100,200,raw/v14_043.npz
mlp213_N1000_K100_H200_nominal_t0p05,3,T003,2,1000,100,200,raw/v14_043.npz
mlp213_N1000_K100_H200_nominal_t0p05,3,T004,3,1000,100,200,raw/v14_043.npz
mlp213_N1000_K100_H200_nominal_t0p05,3,T005,4,1000,100,200,raw/v14_043.npz
mlp213_N1000_K100_H200_nominal_t0p05,3,T006,5,1000,100,200,raw/v14_043.npz
mlp213_N1000_K100_H200_nominal_t0p05,3,T007,6,1000,100,200,raw/v14_043.npz
mlp213_N1000_K100_H200_nominal_t0p05,3,T008,7,1000,100,200,raw/v14_043.npz
mlp213_N1000_K100_H200_nominal_t0p05,3,T009,8,1000,100,200,raw/v14_043.npz
mlp213_N1000_K100_H200_nominal_t0p05,3,T010,9,1000,100,200,raw/v14_043.npz
mlp213_N1000_K100_H200_nominal_t0p05,3,T011,10,1000,100,200,raw/v14_043.npz
mlp213_N1000_K100_H200_nominal_t0p05,3,T012,11,1000,100,200,raw/v14_043.npz
mlp213_N1000_K100_H200_nominal_t0p05,3,T013,12,1000,100,200,raw/v14_043.npz
mlp213_N1000_K100_H200_nominal_t0p05,3,T014,13,1000,100,200,raw/v14_043.npz
mlp213_N1000_K100_H200_nominal_t0p05,3,T015,14,1000,100,200,raw/v14_043.npz
mlp213_N1000_K100_H200_nominal_t0p05,3,T016,15,1000,100,200,raw/v14_043.npz
mlp213_N1000_K100_H200_nominal_t0p05,3,T017,16,1000,100,200,raw/v14_043.npz
mlp213_N1000_K100_H200_nominal_t0p05,3,T018,17,1000,100,200,raw/v14_043.npz
mlp213_N1000_K100_H200_nominal_t0p05,3,T019,18,1000,100,200,raw/v14_043.npz
mlp213_N1000_K100_H200_nominal_t0p05,3,T020,19,1000,100,200,raw/v14_043.npz
mlp213_N1000_K100_H200_nominal_t0p05,3,T021,20,1000,100,200,raw/v14_043.npz
mlp213_N1000_K100_H200_nominal_t0p05,3,T022,21,1000,100,200,raw/v14_043.npz
mlp213_N1000_K100_H200_nominal_t0p05,3,T023,22,1000,100,200,raw/v14_043.npz
mlp213_N1000_K100_H200_nominal_t0p05,3,T024,23,1000,100,200,raw/v14_043.npz
mlp213_N1000_K100_H200_nominal_t0p05,3,T025,24,1000,100,200,raw/v14_043.npz
mlp213_N1000_K100_H200_nominal_t0p05,3,T026,25,1000,100,200,raw/v14_043.npz
mlp213_N1000_K100_H200_nominal_t0p05,3,T027,26,1000,100,200,raw/v14_043.npz
mlp213_N1000_K100_H200_nominal_t0p05,3,T028,27,1000,100,200,raw/v14_043.npz
mlp213_N1000_K100_H200_nominal_t0p05,3,T029,28,1000,100,200,raw/v14_043.npz
mlp213_N1000_K100_H200_nominal_t0p05,3,T030,29,1000,100,200,raw/v14_043.npz
mlp213_N1000_K100_H200_nominal_t0p05,4,T001,0,1000,100,200,raw/v14_044.npz
mlp213_N1000_K100_H200_nominal_t0p05,4,T002,1,1000,100,200,raw/v14_044.npz
mlp213_N1000_K100_H200_nominal_t0p05,4,T003,2,1000,100,200,raw/v14_044.npz
mlp213_N1000_K100_H200_nominal_t0p05,4,T004,3,1000,100,200,raw/v14_044.npz
mlp213_N1000_K100_H200_nominal_t0p05,4,T005,4,1000,100,200,raw/v14_044.npz
mlp213_N1000_K100_H200_nominal_t0p05,4,T006,5,1000,100,200,raw/v14_044.npz
mlp213_N1000_K100_H200_nominal_t0p05,4,T007,6,1000,100,200,raw/v14_044.npz
mlp213_N1000_K100_H200_nominal_t0p05,4,T008,7,1000,100,200,raw/v14_044.npz
mlp213_N1000_K100_H200_nominal_t0p05,4,T009,8,1000,100,200,raw/v14_044.npz
mlp213_N1000_K100_H200_nominal_t0p05,4,T010,9,1000,100,200,raw/v14_044.npz
mlp213_N1000_K100_H200_nominal_t0p05,4,T011,10,1000,100,200,raw/v14_044.npz
mlp213_N1000_K100_H200_nominal_t0p05,4,T012,11,1000,100,200,raw/v14_044.npz
mlp213_N1000_K100_H200_nominal_t0p05,4,T013,12,1000,100,200,raw/v14_044.npz
mlp213_N1000_K100_H200_nominal_t0p05,4,T014,13,1000,100,200,raw/v14_044.npz
mlp213_N1000_K100_H200_nominal_t0p05,4,T015,14,1000,100,200,raw/v14_044.npz
mlp213_N1000_K100_H200_nominal_t0p05,4,T016,15,1000,100,200,raw/v14_044.npz
mlp213_N1000_K100_H200_nominal_t0p05,4,T017,16,1000,100,200,raw/v14_044.npz
mlp213_N1000_K100_H200_nominal_t0p05,4,T018,17,1000,100,200,raw/v14_044.npz
mlp213_N1000_K100_H200_nominal_t0p05,4,T019,18,1000,100,200,raw/v14_044.npz
mlp213_N1000_K100_H200_nominal_t0p05,4,T020,19,1000,100,200,raw/v14_044.npz
mlp213_N1000_K100_H200_nominal_t0p05,4,T021,20,1000,100,200,raw/v14_044.npz
mlp213_N1000_K100_H200_nominal_t0p05,4,T022,21,1000,100,200,raw/v14_044.npz
mlp213_N1000_K100_H200_nominal_t0p05,4,T023,22,1000,100,200,raw/v14_044.npz
mlp213_N1000_K100_H200_nominal_t0p05,4,T024,23,1000,100,200,raw/v14_044.npz
mlp213_N1000_K100_H200_nominal_t0p05,4,T025,24,1000,100,200,raw/v14_044.npz
mlp213_N1000_K100_H200_nominal_t0p05,4,T026,25,1000,100,200,raw/v14_044.npz
mlp213_N1000_K100_H200_nominal_t0p05,4,T027,26,1000,100,200,raw/v14_044.npz
mlp213_N1000_K100_H200_nominal_t0p05,4,T028,27,1000,100,200,raw/v14_044.npz
mlp213_N1000_K100_H200_nominal_t0p05,4,T029,28,1000,100,200,raw/v14_044.npz
mlp213_N1000_K100_H200_nominal_t0p05,4,T030,29,1000,100,200,raw/v14_044.npz
mlp213_N1000_K100_H200_nominal_t0p05,5,T001,0,1000,100,200,raw/v14_045.npz
mlp213_N1000_K100_H200_nominal_t0p05,5,T002,1,1000,100,200,raw/v14_045.npz
mlp213_N1000_K100_H200_nominal_t0p05,5,T003,2,1000,100,200,raw/v14_045.npz
mlp213_N1000_K100_H200_nominal_t0p05,5,T004,3,1000,100,200,raw/v14_045.npz
mlp213_N1000_K100_H200_nominal_t0p05,5,T005,4,1000,100,200,raw/v14_045.npz
mlp213_N1000_K100_H200_nominal_t0p05,5,T006,5,1000,100,200,raw/v14_045.npz
mlp213_N1000_K100_H200_nominal_t0p05,5,T007,6,1000,100,200,raw/v14_045.npz
mlp213_N1000_K100_H200_nominal_t0p05,5,T008,7,1000,100,200,raw/v14_045.npz
mlp213_N1000_K100_H200_nominal_t0p05,5,T009,8,1000,100,200,raw/v14_045.npz
mlp213_N1000_K100_H200_nominal_t0p05,5,T010,9,1000,100,200,raw/v14_045.npz
mlp213_N1000_K100_H200_nominal_t0p05,5,T011,10,1000,100,200,raw/v14_045.npz
mlp213_N1000_K100_H200_nominal_t0p05,5,T012,11,1000,100,200,raw/v14_045.npz
mlp213_N1000_K100_H200_nominal_t0p05,5,T013,12,1000,100,200,raw/v14_045.npz
mlp213_N1000_K100_H200_nominal_t0p05,5,T014,13,1000,100,200,raw/v14_045.npz
mlp213_N1000_K100_H200_nominal_t0p05,5,T015,14,1000,100,200,raw/v14_045.npz
mlp213_N1000_K100_H200_nominal_t0p05,5,T016,15,1000,100,200,raw/v14_045.npz
mlp213_N1000_K100_H200_nominal_t0p05,5,T017,16,1000,100,200,raw/v14_045.npz
mlp213_N1000_K100_H200_nominal_t0p05,5,T018,17,1000,100,200,raw/v14_045.npz
mlp213_N1000_K100_H200_nominal_t0p05,5,T019,18,1000,100,200,raw/v14_045.npz
mlp213_N1000_K100_H200_nominal_t0p05,5,T020,19,1000,100,200,raw/v14_045.npz
mlp213_N1000_K100_H200_nominal_t0p05,5,T021,20,1000,100,200,raw/v14_045.npz
mlp213_N1000_K100_H200_nominal_t0p05,5,T022,21,1000,100,200,raw/v14_045.npz
mlp213_N1000_K100_H200_nominal_t0p05,5,T023,22,1000,100,200,raw/v14_045.npz
mlp213_N1000_K100_H200_nominal_t0p05,5,T024,23,1000,100,200,raw/v14_045.npz
mlp213_N1000_K100_H200_nominal_t0p05,5,T025,24,1000,100,200,raw/v14_045.npz
mlp213_N1000_K100_H200_nominal_t0p05,5,T026,25,1000,100,200,raw/v14_045.npz
mlp213_N1000_K100_H200_nominal_t0p05,5,T027,26,1000,100,200,raw/v14_045.npz
mlp213_N1000_K100_H200_nominal_t0p05,5,T028,27,1000,100,200,raw/v14_045.npz
mlp213_N1000_K100_H200_nominal_t0p05,5,T029,28,1000,100,200,raw/v14_045.npz
mlp213_N1000_K100_H200_nominal_t0p05,5,T030,29,1000,100,200,raw/v14_045.npz
mlp213_N1000_K100_H800_nominal_t0p05,1,T001,0,1000,100,800,raw/v14_041.npz
mlp213_N1000_K100_H800_nominal_t0p05,1,T002,1,1000,100,800,raw/v14_041.npz
mlp213_N1000_K100_H800_nominal_t0p05,1,T003,2,1000,100,800,raw/v14_041.npz
mlp213_N1000_K100_H800_nominal_t0p05,1,T004,3,1000,100,800,raw/v14_041.npz
mlp213_N1000_K100_H800_nominal_t0p05,1,T005,4,1000,100,800,raw/v14_041.npz
mlp213_N1000_K100_H800_nominal_t0p05,1,T006,5,1000,100,800,raw/v14_041.npz
mlp213_N1000_K100_H800_nominal_t0p05,1,T007,6,1000,100,800,raw/v14_041.npz
mlp213_N1000_K100_H800_nominal_t0p05,1,T008,7,1000,100,800,raw/v14_041.npz
mlp213_N1000_K100_H800_nominal_t0p05,1,T009,8,1000,100,800,raw/v14_041.npz
mlp213_N1000_K100_H800_nominal_t0p05,1,T010,9,1000,100,800,raw/v14_041.npz
mlp213_N1000_K100_H800_nominal_t0p05,1,T011,10,1000,100,800,raw/v14_041.npz
mlp213_N1000_K100_H800_nominal_t0p05,1,T012,11,1000,100,800,raw/v14_041.npz
mlp213_N1000_K100_H800_nominal_t0p05,1,T013,12,1000,100,800,raw/v14_041.npz
mlp213_N1000_K100_H800_nominal_t0p05,1,T014,13,1000,100,800,raw/v14_041.npz
mlp213_N1000_K100_H800_nominal_t0p05,1,T015,14,1000,100,800,raw/v14_041.npz
mlp213_N1000_K100_H800_nominal_t0p05,1,T016,15,1000,100,800,raw/v14_041.npz
mlp213_N1000_K100_H800_nominal_t0p05,1,T017,16,1000,100,800,raw/v14_041.npz
mlp213_N1000_K100_H800_nominal_t0p05,1,T018,17,1000,100,800,raw/v14_041.npz
mlp213_N1000_K100_H800_nominal_t0p05,1,T019,18,1000,100,800,raw/v14_041.npz
mlp213_N1000_K100_H800_nominal_t0p05,1,T020,19,1000,100,800,raw/v14_041.npz
mlp213_N1000_K100_H800_nominal_t0p05,1,T021,20,1000,100,800,raw/v14_041.npz
mlp213_N1000_K100_H800_nominal_t0p05,1,T022,21,1000,100,800,raw/v14_041.npz
mlp213_N1000_K100_H800_nominal_t0p05,1,T023,22,1000,100,800,raw/v14_041.npz
mlp213_N1000_K100_H800_nominal_t0p05,1,T024,23,1000,100,800,raw/v14_041.npz
mlp213_N1000_K100_H800_nominal_t0p05,1,T025,24,1000,100,800,raw/v14_041.npz
mlp213_N1000_K100_H800_nominal_t0p05,1,T026,25,1000,100,800,raw/v14_041.npz
mlp213_N1000_K100_H800_nominal_t0p05,1,T027,26,1000,100,800,raw/v14_041.npz
mlp213_N1000_K100_H800_nominal_t0p05,1,T028,27,1000,100,800,raw/v14_041.npz
mlp213_N1000_K100_H800_nominal_t0p05,1,T029,28,1000,100,800,raw/v14_041.npz
mlp213_N1000_K100_H800_nominal_t0p05,1,T030,29,1000,100,800,raw/v14_041.npz
mlp213_N1000_K100_H800_nominal_t0p05,2,T001,0,1000,100,800,raw/v14_042.npz
mlp213_N1000_K100_H800_nominal_t0p05,2,T002,1,1000,100,800,raw/v14_042.npz
mlp213_N1000_K100_H800_nominal_t0p05,2,T003,2,1000,100,800,raw/v14_042.npz
mlp213_N1000_K100_H800_nominal_t0p05,2,T004,3,1000,100,800,raw/v14_042.npz
mlp213_N1000_K100_H800_nominal_t0p05,2,T005,4,1000,100,800,raw/v14_042.npz
mlp213_N1000_K100_H800_nominal_t0p05,2,T006,5,1000,100,800,raw/v14_042.npz
mlp213_N1000_K100_H800_nominal_t0p05,2,T007,6,1000,100,800,raw/v14_042.npz
mlp213_N1000_K100_H800_nominal_t0p05,2,T008,7,1000,100,800,raw/v14_042.npz
mlp213_N1000_K100_H800_nominal_t0p05,2,T009,8,1000,100,800,raw/v14_042.npz
mlp213_N1000_K100_H800_nominal_t0p05,2,T010,9,1000,100,800,raw/v14_042.npz
mlp213_N1000_K100_H800_nominal_t0p05,2,T011,10,1000,100,800,raw/v14_042.npz
mlp213_N1000_K100_H800_nominal_t0p05,2,T012,11,1000,100,800,raw/v14_042.npz
mlp213_N1000_K100_H800_nominal_t0p05,2,T013,12,1000,100,800,raw/v14_042.npz
mlp213_N1000_K100_H800_nominal_t0p05,2,T014,13,1000,100,800,raw/v14_042.npz
mlp213_N1000_K100_H800_nominal_t0p05,2,T015,14,1000,100,800,raw/v14_042.npz
mlp213_N1000_K100_H800_nominal_t0p05,2,T016,15,1000,100,800,raw/v14_042.npz
mlp213_N1000_K100_H800_nominal_t0p05,2,T017,16,1000,100,800,raw/v14_042.npz
mlp213_N1000_K100_H800_nominal_t0p05,2,T018,17,1000,100,800,raw/v14_042.npz
mlp213_N1000_K100_H800_nominal_t0p05,2,T019,18,1000,100,800,raw/v14_042.npz
mlp213_N1000_K100_H800_nominal_t0p05,2,T020,19,1000,100,800,raw/v14_042.npz
mlp213_N1000_K100_H800_nominal_t0p05,2,T021,20,1000,100,800,raw/v14_042.npz
mlp213_N1000_K100_H800_nominal_t0p05,2,T022,21,1000,100,800,raw/v14_042.npz
mlp213_N1000_K100_H800_nominal_t0p05,2,T023,22,1000,100,800,raw/v14_042.npz
mlp213_N1000_K100_H800_nominal_t0p05,2,T024,23,1000,100,800,raw/v14_042.npz
mlp213_N1000_K100_H800_nominal_t0p05,2,T025,24,1000,100,800,raw/v14_042.npz
mlp213_N1000_K100_H800_nominal_t0p05,2,T026,25,1000,100,800,raw/v14_042.npz
mlp213_N1000_K100_H800_nominal_t0p05,2,T027,26,1000,100,800,raw/v14_042.npz
mlp213_N1000_K100_H800_nominal_t0p05,2,T028,27,1000,100,800,raw/v14_042.npz
mlp213_N1000_K100_H800_nominal_t0p05,2,T029,28,1000,100,800,raw/v14_042.npz
mlp213_N1000_K100_H800_nominal_t0p05,2,T030,29,1000,100,800,raw/v14_042.npz
mlp213_N1000_K100_H800_nominal_t0p05,3,T001,0,1000,100,800,raw/v14_043.npz
mlp213_N1000_K100_H800_nominal_t0p05,3,T002,1,1000,100,800,raw/v14_043.npz
mlp213_N1000_K100_H800_nominal_t0p05,3,T003,2,1000,100,800,raw/v14_043.npz
mlp213_N1000_K100_H800_nominal_t0p05,3,T004,3,1000,100,800,raw/v14_043.npz
mlp213_N1000_K100_H800_nominal_t0p05,3,T005,4,1000,100,800,raw/v14_043.npz
mlp213_N1000_K100_H800_nominal_t0p05,3,T006,5,1000,100,800,raw/v14_043.npz
mlp213_N1000_K100_H800_nominal_t0p05,3,T007,6,1000,100,800,raw/v14_043.npz
mlp213_N1000_K100_H800_nominal_t0p05,3,T008,7,1000,100,800,raw/v14_043.npz
mlp213_N1000_K100_H800_nominal_t0p05,3,T009,8,1000,100,800,raw/v14_043.npz
mlp213_N1000_K100_H800_nominal_t0p05,3,T010,9,1000,100,800,raw/v14_043.npz
mlp213_N1000_K100_H800_nominal_t0p05,3,T011,10,1000,100,800,raw/v14_043.npz
mlp213_N1000_K100_H800_nominal_t0p05,3,T012,11,1000,100,800,raw/v14_043.npz
mlp213_N1000_K100_H800_nominal_t0p05,3,T013,12,1000,100,800,raw/v14_043.npz
mlp213_N1000_K100_H800_nominal_t0p05,3,T014,13,1000,100,800,raw/v14_043.npz
mlp213_N1000_K100_H800_nominal_t0p05,3,T015,14,1000,100,800,raw/v14_043.npz
mlp213_N1000_K100_H800_nominal_t0p05,3,T016,15,1000,100,800,raw/v14_043.npz
mlp213_N1000_K100_H800_nominal_t0p05,3,T017,16,1000,100,800,raw/v14_043.npz
mlp213_N1000_K100_H800_nominal_t0p05,3,T018,17,1000,100,800,raw/v14_043.npz
mlp213_N1000_K100_H800_nominal_t0p05,3,T019,18,1000,100,800,raw/v14_043.npz
mlp213_N1000_K100_H800_nominal_t0p05,3,T020,19,1000,100,800,raw/v14_043.npz
mlp213_N1000_K100_H800_nominal_t0p05,3,T021,20,1000,100,800,raw/v14_043.npz
mlp213_N1000_K100_H800_nominal_t0p05,3,T022,21,1000,100,800,raw/v14_043.npz
mlp213_N1000_K100_H800_nominal_t0p05,3,T023,22,1000,100,800,raw/v14_043.npz
mlp213_N1000_K100_H800_nominal_t0p05,3,T024,23,1000,100,800,raw/v14_043.npz
mlp213_N1000_K100_H800_nominal_t0p05,3,T025,24,1000,100,800,raw/v14_043.npz
mlp213_N1000_K100_H800_nominal_t0p05,3,T026,25,1000,100,800,raw/v14_043.npz
mlp213_N1000_K100_H800_nominal_t0p05,3,T027,26,1000,100,800,raw/v14_043.npz
mlp213_N1000_K100_H800_nominal_t0p05,3,T028,27,1000,100,800,raw/v14_043.npz
mlp213_N1000_K100_H800_nominal_t0p05,3,T029,28,1000,100,800,raw/v14_043.npz
mlp213_N1000_K100_H800_nominal_t0p05,3,T030,29,1000,100,800,raw/v14_043.npz
mlp213_N1000_K100_H800_nominal_t0p05,4,T001,0,1000,100,800,raw/v14_044.npz
mlp213_N1000_K100_H800_nominal_t0p05,4,T002,1,1000,100,800,raw/v14_044.npz
mlp213_N1000_K100_H800_nominal_t0p05,4,T003,2,1000,100,800,raw/v14_044.npz
mlp213_N1000_K100_H800_nominal_t0p05,4,T004,3,1000,100,800,raw/v14_044.npz
mlp213_N1000_K100_H800_nominal_t0p05,4,T005,4,1000,100,800,raw/v14_044.npz
mlp213_N1000_K100_H800_nominal_t0p05,4,T006,5,1000,100,800,raw/v14_044.npz
mlp213_N1000_K100_H800_nominal_t0p05,4,T007,6,1000,100,800,raw/v14_044.npz
mlp213_N1000_K100_H800_nominal_t0p05,4,T008,7,1000,100,800,raw/v14_044.npz
mlp213_N1000_K100_H800_nominal_t0p05,4,T009,8,1000,100,800,raw/v14_044.npz
mlp213_N1000_K100_H800_nominal_t0p05,4,T010,9,1000,100,800,raw/v14_044.npz
mlp213_N1000_K100_H800_nominal_t0p05,4,T011,10,1000,100,800,raw/v14_044.npz
mlp213_N1000_K100_H800_nominal_t0p05,4,T012,11,1000,100,800,raw/v14_044.npz
mlp213_N1000_K100_H800_nominal_t0p05,4,T013,12,1000,100,800,raw/v14_044.npz
mlp213_N1000_K100_H800_nominal_t0p05,4,T014,13,1000,100,800,raw/v14_044.npz
mlp213_N1000_K100_H800_nominal_t0p05,4,T015,14,1000,100,800,raw/v14_044.npz
mlp213_N1000_K100_H800_nominal_t0p05,4,T016,15,1000,100,800,raw/v14_044.npz
mlp213_N1000_K100_H800_nominal_t0p05,4,T017,16,1000,100,800,raw/v14_044.npz
mlp213_N1000_K100_H800_nominal_t0p05,4,T018,17,1000,100,800,raw/v14_044.npz
mlp213_N1000_K100_H800_nominal_t0p05,4,T019,18,1000,100,800,raw/v14_044.npz
mlp213_N1000_K100_H800_nominal_t0p05,4,T020,19,1000,100,800,raw/v14_044.npz
mlp213_N1000_K100_H800_nominal_t0p05,4,T021,20,1000,100,800,raw/v14_044.npz
mlp213_N1000_K100_H800_nominal_t0p05,4,T022,21,1000,100,800,raw/v14_044.npz
mlp213_N1000_K100_H800_nominal_t0p05,4,T023,22,1000,100,800,raw/v14_044.npz
mlp213_N1000_K100_H800_nominal_t0p05,4,T024,23,1000,100,800,raw/v14_044.npz
mlp213_N1000_K100_H800_nominal_t0p05,4,T025,24,1000,100,800,raw/v14_044.npz
mlp213_N1000_K100_H800_nominal_t0p05,4,T026,25,1000,100,800,raw/v14_044.npz
mlp213_N1000_K100_H800_nominal_t0p05,4,T027,26,1000,100,800,raw/v14_044.npz
mlp213_N1000_K100_H800_nominal_t0p05,4,T028,27,1000,100,800,raw/v14_044.npz
mlp213_N1000_K100_H800_nominal_t0p05,4,T029,28,1000,100,800,raw/v14_044.npz
mlp213_N1000_K100_H800_nominal_t0p05,4,T030,29,1000,100,800,raw/v14_044.npz
mlp213_N1000_K100_H800_nominal_t0p05,5,T001,0,1000,100,800,raw/v14_045.npz
mlp213_N1000_K100_H800_nominal_t0p05,5,T002,1,1000,100,800,raw/v14_045.npz
mlp213_N1000_K100_H800_nominal_t0p05,5,T003,2,1000,100,800,raw/v14_045.npz
mlp213_N1000_K100_H800_nominal_t0p05,5,T004,3,1000,100,800,raw/v14_045.npz
mlp213_N1000_K100_H800_nominal_t0p05,5,T005,4,1000,100,800,raw/v14_045.npz
mlp213_N1000_K100_H800_nominal_t0p05,5,T006,5,1000,100,800,raw/v14_045.npz
mlp213_N1000_K100_H800_nominal_t0p05,5,T007,6,1000,100,800,raw/v14_045.npz
mlp213_N1000_K100_H800_nominal_t0p05,5,T008,7,1000,100,800,raw/v14_045.npz
mlp213_N1000_K100_H800_nominal_t0p05,5,T009,8,1000,100,800,raw/v14_045.npz
mlp213_N1000_K100_H800_nominal_t0p05,5,T010,9,1000,100,800,raw/v14_045.npz
mlp213_N1000_K100_H800_nominal_t0p05,5,T011,10,1000,100,800,raw/v14_045.npz
mlp213_N1000_K100_H800_nominal_t0p05,5,T012,11,1000,100,800,raw/v14_045.npz
mlp213_N1000_K100_H800_nominal_t0p05,5,T013,12,1000,100,800,raw/v14_045.npz
mlp213_N1000_K100_H800_nominal_t0p05,5,T014,13,1000,100,800,raw/v14_045.npz
mlp213_N1000_K100_H800_nominal_t0p05,5,T015,14,1000,100,800,raw/v14_045.npz
mlp213_N1000_K100_H800_nominal_t0p05,5,T016,15,1000,100,800,raw/v14_045.npz
mlp213_N1000_K100_H800_nominal_t0p05,5,T017,16,1000,100,800,raw/v14_045.npz
mlp213_N1000_K100_H800_nominal_t0p05,5,T018,17,1000,100,800,raw/v14_045.npz
mlp213_N1000_K100_H800_nominal_t0p05,5,T019,18,1000,100,800,raw/v14_045.npz
mlp213_N1000_K100_H800_nominal_t0p05,5,T020,19,1000,100,800,raw/v14_045.npz
mlp213_N1000_K100_H800_nominal_t0p05,5,T021,20,1000,100,800,raw/v14_045.npz
mlp213_N1000_K100_H800_nominal_t0p05,5,T022,21,1000,100,800,raw/v14_045.npz
mlp213_N1000_K100_H800_nominal_t0p05,5,T023,22,1000,100,800,raw/v14_045.npz
mlp213_N1000_K100_H800_nominal_t0p05,5,T024,23,1000,100,800,raw/v14_045.npz
mlp213_N1000_K100_H800_nominal_t0p05,5,T025,24,1000,100,800,raw/v14_045.npz
mlp213_N1000_K100_H800_nominal_t0p05,5,T026,25,1000,100,800,raw/v14_045.npz
mlp213_N1000_K100_H800_nominal_t0p05,5,T027,26,1000,100,800,raw/v14_045.npz
mlp213_N1000_K100_H800_nominal_t0p05,5,T028,27,1000,100,800,raw/v14_045.npz
mlp213_N1000_K100_H800_nominal_t0p05,5,T029,28,1000,100,800,raw/v14_045.npz
mlp213_N1000_K100_H800_nominal_t0p05,5,T030,29,1000,100,800,raw/v14_045.npz
mlp213_N2000_K100_H50_nominal_t0p05,1,T001,0,2000,100,50,raw/v14_046.npz
mlp213_N2000_K100_H50_nominal_t0p05,1,T002,1,2000,100,50,raw/v14_046.npz
mlp213_N2000_K100_H50_nominal_t0p05,1,T003,2,2000,100,50,raw/v14_046.npz
mlp213_N2000_K100_H50_nominal_t0p05,1,T004,3,2000,100,50,raw/v14_046.npz
mlp213_N2000_K100_H50_nominal_t0p05,1,T005,4,2000,100,50,raw/v14_046.npz
mlp213_N2000_K100_H50_nominal_t0p05,1,T006,5,2000,100,50,raw/v14_046.npz
mlp213_N2000_K100_H50_nominal_t0p05,1,T007,6,2000,100,50,raw/v14_046.npz
mlp213_N2000_K100_H50_nominal_t0p05,1,T008,7,2000,100,50,raw/v14_046.npz
mlp213_N2000_K100_H50_nominal_t0p05,1,T009,8,2000,100,50,raw/v14_046.npz
mlp213_N2000_K100_H50_nominal_t0p05,1,T010,9,2000,100,50,raw/v14_046.npz
mlp213_N2000_K100_H50_nominal_t0p05,1,T011,10,2000,100,50,raw/v14_046.npz
mlp213_N2000_K100_H50_nominal_t0p05,1,T012,11,2000,100,50,raw/v14_046.npz
mlp213_N2000_K100_H50_nominal_t0p05,1,T013,12,2000,100,50,raw/v14_046.npz
mlp213_N2000_K100_H50_nominal_t0p05,1,T014,13,2000,100,50,raw/v14_046.npz
mlp213_N2000_K100_H50_nominal_t0p05,1,T015,14,2000,100,50,raw/v14_046.npz
mlp213_N2000_K100_H50_nominal_t0p05,1,T016,15,2000,100,50,raw/v14_046.npz
mlp213_N2000_K100_H50_nominal_t0p05,1,T017,16,2000,100,50,raw/v14_046.npz
mlp213_N2000_K100_H50_nominal_t0p05,1,T018,17,2000,100,50,raw/v14_046.npz
mlp213_N2000_K100_H50_nominal_t0p05,1,T019,18,2000,100,50,raw/v14_046.npz
mlp213_N2000_K100_H50_nominal_t0p05,1,T020,19,2000,100,50,raw/v14_046.npz
mlp213_N2000_K100_H50_nominal_t0p05,1,T021,20,2000,100,50,raw/v14_046.npz
mlp213_N2000_K100_H50_nominal_t0p05,1,T022,21,2000,100,50,raw/v14_046.npz
mlp213_N2000_K100_H50_nominal_t0p05,1,T023,22,2000,100,50,raw/v14_046.npz
mlp213_N2000_K100_H50_nominal_t0p05,1,T024,23,2000,100,50,raw/v14_046.npz
mlp213_N2000_K100_H50_nominal_t0p05,1,T025,24,2000,100,50,raw/v14_046.npz
mlp213_N2000_K100_H50_nominal_t0p05,1,T026,25,2000,100,50,raw/v14_046.npz
mlp213_N2000_K100_H50_nominal_t0p05,1,T027,26,2000,100,50,raw/v14_046.npz
mlp213_N2000_K100_H50_nominal_t0p05,1,T028,27,2000,100,50,raw/v14_046.npz
mlp213_N2000_K100_H50_nominal_t0p05,1,T029,28,2000,100,50,raw/v14_046.npz
mlp213_N2000_K100_H50_nominal_t0p05,1,T030,29,2000,100,50,raw/v14_046.npz
mlp213_N2000_K100_H50_nominal_t0p05,2,T001,0,2000,100,50,raw/v14_047.npz
mlp213_N2000_K100_H50_nominal_t0p05,2,T002,1,2000,100,50,raw/v14_047.npz
mlp213_N2000_K100_H50_nominal_t0p05,2,T003,2,2000,100,50,raw/v14_047.npz
mlp213_N2000_K100_H50_nominal_t0p05,2,T004,3,2000,100,50,raw/v14_047.npz
mlp213_N2000_K100_H50_nominal_t0p05,2,T005,4,2000,100,50,raw/v14_047.npz
mlp213_N2000_K100_H50_nominal_t0p05,2,T006,5,2000,100,50,raw/v14_047.npz
mlp213_N2000_K100_H50_nominal_t0p05,2,T007,6,2000,100,50,raw/v14_047.npz
mlp213_N2000_K100_H50_nominal_t0p05,2,T008,7,2000,100,50,raw/v14_047.npz
mlp213_N2000_K100_H50_nominal_t0p05,2,T009,8,2000,100,50,raw/v14_047.npz
mlp213_N2000_K100_H50_nominal_t0p05,2,T010,9,2000,100,50,raw/v14_047.npz
mlp213_N2000_K100_H50_nominal_t0p05,2,T011,10,2000,100,50,raw/v14_047.npz
mlp213_N2000_K100_H50_nominal_t0p05,2,T012,11,2000,100,50,raw/v14_047.npz
mlp213_N2000_K100_H50_nominal_t0p05,2,T013,12,2000,100,50,raw/v14_047.npz
mlp213_N2000_K100_H50_nominal_t0p05,2,T014,13,2000,100,50,raw/v14_047.npz
mlp213_N2000_K100_H50_nominal_t0p05,2,T015,14,2000,100,50,raw/v14_047.npz
mlp213_N2000_K100_H50_nominal_t0p05,2,T016,15,2000,100,50,raw/v14_047.npz
mlp213_N2000_K100_H50_nominal_t0p05,2,T017,16,2000,100,50,raw/v14_047.npz
mlp213_N2000_K100_H50_nominal_t0p05,2,T018,17,2000,100,50,raw/v14_047.npz
mlp213_N2000_K100_H50_nominal_t0p05,2,T019,18,2000,100,50,raw/v14_047.npz
mlp213_N2000_K100_H50_nominal_t0p05,2,T020,19,2000,100,50,raw/v14_047.npz
mlp213_N2000_K100_H50_nominal_t0p05,2,T021,20,2000,100,50,raw/v14_047.npz
mlp213_N2000_K100_H50_nominal_t0p05,2,T022,21,2000,100,50,raw/v14_047.npz
mlp213_N2000_K100_H50_nominal_t0p05,2,T023,22,2000,100,50,raw/v14_047.npz
mlp213_N2000_K100_H50_nominal_t0p05,2,T024,23,2000,100,50,raw/v14_047.npz
mlp213_N2000_K100_H50_nominal_t0p05,2,T025,24,2000,100,50,raw/v14_047.npz
mlp213_N2000_K100_H50_nominal_t0p05,2,T026,25,2000,100,50,raw/v14_047.npz
mlp213_N2000_K100_H50_nominal_t0p05,2,T027,26,2000,100,50,raw/v14_047.npz
mlp213_N2000_K100_H50_nominal_t0p05,2,T028,27,2000,100,50,raw/v14_047.npz
mlp213_N2000_K100_H50_nominal_t0p05,2,T029,28,2000,100,50,raw/v14_047.npz
mlp213_N2000_K100_H50_nominal_t0p05,2,T030,29,2000,100,50,raw/v14_047.npz
mlp213_N2000_K100_H50_nominal_t0p05,3,T001,0,2000,100,50,raw/v14_048.npz
mlp213_N2000_K100_H50_nominal_t0p05,3,T002,1,2000,100,50,raw/v14_048.npz
mlp213_N2000_K100_H50_nominal_t0p05,3,T003,2,2000,100,50,raw/v14_048.npz
mlp213_N2000_K100_H50_nominal_t0p05,3,T004,3,2000,100,50,raw/v14_048.npz
mlp213_N2000_K100_H50_nominal_t0p05,3,T005,4,2000,100,50,raw/v14_048.npz
mlp213_N2000_K100_H50_nominal_t0p05,3,T006,5,2000,100,50,raw/v14_048.npz
mlp213_N2000_K100_H50_nominal_t0p05,3,T007,6,2000,100,50,raw/v14_048.npz
mlp213_N2000_K100_H50_nominal_t0p05,3,T008,7,2000,100,50,raw/v14_048.npz
mlp213_N2000_K100_H50_nominal_t0p05,3,T009,8,2000,100,50,raw/v14_048.npz
mlp213_N2000_K100_H50_nominal_t0p05,3,T010,9,2000,100,50,raw/v14_048.npz
mlp213_N2000_K100_H50_nominal_t0p05,3,T011,10,2000,100,50,raw/v14_048.npz
mlp213_N2000_K100_H50_nominal_t0p05,3,T012,11,2000,100,50,raw/v14_048.npz
mlp213_N2000_K100_H50_nominal_t0p05,3,T013,12,2000,100,50,raw/v14_048.npz
mlp213_N2000_K100_H50_nominal_t0p05,3,T014,13,2000,100,50,raw/v14_048.npz
mlp213_N2000_K100_H50_nominal_t0p05,3,T015,14,2000,100,50,raw/v14_048.npz
mlp213_N2000_K100_H50_nominal_t0p05,3,T016,15,2000,100,50,raw/v14_048.npz
mlp213_N2000_K100_H50_nominal_t0p05,3,T017,16,2000,100,50,raw/v14_048.npz
mlp213_N2000_K100_H50_nominal_t0p05,3,T018,17,2000,100,50,raw/v14_048.npz
mlp213_N2000_K100_H50_nominal_t0p05,3,T019,18,2000,100,50,raw/v14_048.npz
mlp213_N2000_K100_H50_nominal_t0p05,3,T020,19,2000,100,50,raw/v14_048.npz
mlp213_N2000_K100_H50_nominal_t0p05,3,T021,20,2000,100,50,raw/v14_048.npz
mlp213_N2000_K100_H50_nominal_t0p05,3,T022,21,2000,100,50,raw/v14_048.npz
mlp213_N2000_K100_H50_nominal_t0p05,3,T023,22,2000,100,50,raw/v14_048.npz
mlp213_N2000_K100_H50_nominal_t0p05,3,T024,23,2000,100,50,raw/v14_048.npz
mlp213_N2000_K100_H50_nominal_t0p05,3,T025,24,2000,100,50,raw/v14_048.npz
mlp213_N2000_K100_H50_nominal_t0p05,3,T026,25,2000,100,50,raw/v14_048.npz
mlp213_N2000_K100_H50_nominal_t0p05,3,T027,26,2000,100,50,raw/v14_048.npz
mlp213_N2000_K100_H50_nominal_t0p05,3,T028,27,2000,100,50,raw/v14_048.npz
mlp213_N2000_K100_H50_nominal_t0p05,3,T029,28,2000,100,50,raw/v14_048.npz
mlp213_N2000_K100_H50_nominal_t0p05,3,T030,29,2000,100,50,raw/v14_048.npz
mlp213_N2000_K100_H50_nominal_t0p05,4,T001,0,2000,100,50,raw/v14_049.npz
mlp213_N2000_K100_H50_nominal_t0p05,4,T002,1,2000,100,50,raw/v14_049.npz
mlp213_N2000_K100_H50_nominal_t0p05,4,T003,2,2000,100,50,raw/v14_049.npz
mlp213_N2000_K100_H50_nominal_t0p05,4,T004,3,2000,100,50,raw/v14_049.npz
mlp213_N2000_K100_H50_nominal_t0p05,4,T005,4,2000,100,50,raw/v14_049.npz
mlp213_N2000_K100_H50_nominal_t0p05,4,T006,5,2000,100,50,raw/v14_049.npz
mlp213_N2000_K100_H50_nominal_t0p05,4,T007,6,2000,100,50,raw/v14_049.npz
mlp213_N2000_K100_H50_nominal_t0p05,4,T008,7,2000,100,50,raw/v14_049.npz
mlp213_N2000_K100_H50_nominal_t0p05,4,T009,8,2000,100,50,raw/v14_049.npz
mlp213_N2000_K100_H50_nominal_t0p05,4,T010,9,2000,100,50,raw/v14_049.npz
mlp213_N2000_K100_H50_nominal_t0p05,4,T011,10,2000,100,50,raw/v14_049.npz
mlp213_N2000_K100_H50_nominal_t0p05,4,T012,11,2000,100,50,raw/v14_049.npz
mlp213_N2000_K100_H50_nominal_t0p05,4,T013,12,2000,100,50,raw/v14_049.npz
mlp213_N2000_K100_H50_nominal_t0p05,4,T014,13,2000,100,50,raw/v14_049.npz
mlp213_N2000_K100_H50_nominal_t0p05,4,T015,14,2000,100,50,raw/v14_049.npz
mlp213_N2000_K100_H50_nominal_t0p05,4,T016,15,2000,100,50,raw/v14_049.npz
mlp213_N2000_K100_H50_nominal_t0p05,4,T017,16,2000,100,50,raw/v14_049.npz
mlp213_N2000_K100_H50_nominal_t0p05,4,T018,17,2000,100,50,raw/v14_049.npz
mlp213_N2000_K100_H50_nominal_t0p05,4,T019,18,2000,100,50,raw/v14_049.npz
mlp213_N2000_K100_H50_nominal_t0p05,4,T020,19,2000,100,50,raw/v14_049.npz
mlp213_N2000_K100_H50_nominal_t0p05,4,T021,20,2000,100,50,raw/v14_049.npz
mlp213_N2000_K100_H50_nominal_t0p05,4,T022,21,2000,100,50,raw/v14_049.npz
mlp213_N2000_K100_H50_nominal_t0p05,4,T023,22,2000,100,50,raw/v14_049.npz
mlp213_N2000_K100_H50_nominal_t0p05,4,T024,23,2000,100,50,raw/v14_049.npz
mlp213_N2000_K100_H50_nominal_t0p05,4,T025,24,2000,100,50,raw/v14_049.npz
mlp213_N2000_K100_H50_nominal_t0p05,4,T026,25,2000,100,50,raw/v14_049.npz
mlp213_N2000_K100_H50_nominal_t0p05,4,T027,26,2000,100,50,raw/v14_049.npz
mlp213_N2000_K100_H50_nominal_t0p05,4,T028,27,2000,100,50,raw/v14_049.npz
mlp213_N2000_K100_H50_nominal_t0p05,4,T029,28,2000,100,50,raw/v14_049.npz
mlp213_N2000_K100_H50_nominal_t0p05,4,T030,29,2000,100,50,raw/v14_049.npz
mlp213_N2000_K100_H50_nominal_t0p05,5,T001,0,2000,100,50,raw/v14_050.npz
mlp213_N2000_K100_H50_nominal_t0p05,5,T002,1,2000,100,50,raw/v14_050.npz
mlp213_N2000_K100_H50_nominal_t0p05,5,T003,2,2000,100,50,raw/v14_050.npz
mlp213_N2000_K100_H50_nominal_t0p05,5,T004,3,2000,100,50,raw/v14_050.npz
mlp213_N2000_K100_H50_nominal_t0p05,5,T005,4,2000,100,50,raw/v14_050.npz
mlp213_N2000_K100_H50_nominal_t0p05,5,T006,5,2000,100,50,raw/v14_050.npz
mlp213_N2000_K100_H50_nominal_t0p05,5,T007,6,2000,100,50,raw/v14_050.npz
mlp213_N2000_K100_H50_nominal_t0p05,5,T008,7,2000,100,50,raw/v14_050.npz
mlp213_N2000_K100_H50_nominal_t0p05,5,T009,8,2000,100,50,raw/v14_050.npz
mlp213_N2000_K100_H50_nominal_t0p05,5,T010,9,2000,100,50,raw/v14_050.npz
mlp213_N2000_K100_H50_nominal_t0p05,5,T011,10,2000,100,50,raw/v14_050.npz
mlp213_N2000_K100_H50_nominal_t0p05,5,T012,11,2000,100,50,raw/v14_050.npz
mlp213_N2000_K100_H50_nominal_t0p05,5,T013,12,2000,100,50,raw/v14_050.npz
mlp213_N2000_K100_H50_nominal_t0p05,5,T014,13,2000,100,50,raw/v14_050.npz
mlp213_N2000_K100_H50_nominal_t0p05,5,T015,14,2000,100,50,raw/v14_050.npz
mlp213_N2000_K100_H50_nominal_t0p05,5,T016,15,2000,100,50,raw/v14_050.npz
mlp213_N2000_K100_H50_nominal_t0p05,5,T017,16,2000,100,50,raw/v14_050.npz
mlp213_N2000_K100_H50_nominal_t0p05,5,T018,17,2000,100,50,raw/v14_050.npz
mlp213_N2000_K100_H50_nominal_t0p05,5,T019,18,2000,100,50,raw/v14_050.npz
mlp213_N2000_K100_H50_nominal_t0p05,5,T020,19,2000,100,50,raw/v14_050.npz
mlp213_N2000_K100_H50_nominal_t0p05,5,T021,20,2000,100,50,raw/v14_050.npz
mlp213_N2000_K100_H50_nominal_t0p05,5,T022,21,2000,100,50,raw/v14_050.npz
mlp213_N2000_K100_H50_nominal_t0p05,5,T023,22,2000,100,50,raw/v14_050.npz
mlp213_N2000_K100_H50_nominal_t0p05,5,T024,23,2000,100,50,raw/v14_050.npz
mlp213_N2000_K100_H50_nominal_t0p05,5,T025,24,2000,100,50,raw/v14_050.npz
mlp213_N2000_K100_H50_nominal_t0p05,5,T026,25,2000,100,50,raw/v14_050.npz
mlp213_N2000_K100_H50_nominal_t0p05,5,T027,26,2000,100,50,raw/v14_050.npz
mlp213_N2000_K100_H50_nominal_t0p05,5,T028,27,2000,100,50,raw/v14_050.npz
mlp213_N2000_K100_H50_nominal_t0p05,5,T029,28,2000,100,50,raw/v14_050.npz
mlp213_N2000_K100_H50_nominal_t0p05,5,T030,29,2000,100,50,raw/v14_050.npz
mlp213_N2000_K100_H200_nominal_t0p05,1,T001,0,2000,100,200,raw/v14_046.npz
mlp213_N2000_K100_H200_nominal_t0p05,1,T002,1,2000,100,200,raw/v14_046.npz
mlp213_N2000_K100_H200_nominal_t0p05,1,T003,2,2000,100,200,raw/v14_046.npz
mlp213_N2000_K100_H200_nominal_t0p05,1,T004,3,2000,100,200,raw/v14_046.npz
mlp213_N2000_K100_H200_nominal_t0p05,1,T005,4,2000,100,200,raw/v14_046.npz
mlp213_N2000_K100_H200_nominal_t0p05,1,T006,5,2000,100,200,raw/v14_046.npz
mlp213_N2000_K100_H200_nominal_t0p05,1,T007,6,2000,100,200,raw/v14_046.npz
mlp213_N2000_K100_H200_nominal_t0p05,1,T008,7,2000,100,200,raw/v14_046.npz
mlp213_N2000_K100_H200_nominal_t0p05,1,T009,8,2000,100,200,raw/v14_046.npz
mlp213_N2000_K100_H200_nominal_t0p05,1,T010,9,2000,100,200,raw/v14_046.npz
mlp213_N2000_K100_H200_nominal_t0p05,1,T011,10,2000,100,200,raw/v14_046.npz
mlp213_N2000_K100_H200_nominal_t0p05,1,T012,11,2000,100,200,raw/v14_046.npz
mlp213_N2000_K100_H200_nominal_t0p05,1,T013,12,2000,100,200,raw/v14_046.npz
mlp213_N2000_K100_H200_nominal_t0p05,1,T014,13,2000,100,200,raw/v14_046.npz
mlp213_N2000_K100_H200_nominal_t0p05,1,T015,14,2000,100,200,raw/v14_046.npz
mlp213_N2000_K100_H200_nominal_t0p05,1,T016,15,2000,100,200,raw/v14_046.npz
mlp213_N2000_K100_H200_nominal_t0p05,1,T017,16,2000,100,200,raw/v14_046.npz
mlp213_N2000_K100_H200_nominal_t0p05,1,T018,17,2000,100,200,raw/v14_046.npz
mlp213_N2000_K100_H200_nominal_t0p05,1,T019,18,2000,100,200,raw/v14_046.npz
mlp213_N2000_K100_H200_nominal_t0p05,1,T020,19,2000,100,200,raw/v14_046.npz
mlp213_N2000_K100_H200_nominal_t0p05,1,T021,20,2000,100,200,raw/v14_046.npz
mlp213_N2000_K100_H200_nominal_t0p05,1,T022,21,2000,100,200,raw/v14_046.npz
mlp213_N2000_K100_H200_nominal_t0p05,1,T023,22,2000,100,200,raw/v14_046.npz
mlp213_N2000_K100_H200_nominal_t0p05,1,T024,23,2000,100,200,raw/v14_046.npz
mlp213_N2000_K100_H200_nominal_t0p05,1,T025,24,2000,100,200,raw/v14_046.npz
mlp213_N2000_K100_H200_nominal_t0p05,1,T026,25,2000,100,200,raw/v14_046.npz
mlp213_N2000_K100_H200_nominal_t0p05,1,T027,26,2000,100,200,raw/v14_046.npz
mlp213_N2000_K100_H200_nominal_t0p05,1,T028,27,2000,100,200,raw/v14_046.npz
mlp213_N2000_K100_H200_nominal_t0p05,1,T029,28,2000,100,200,raw/v14_046.npz
mlp213_N2000_K100_H200_nominal_t0p05,1,T030,29,2000,100,200,raw/v14_046.npz
mlp213_N2000_K100_H200_nominal_t0p05,2,T001,0,2000,100,200,raw/v14_047.npz
mlp213_N2000_K100_H200_nominal_t0p05,2,T002,1,2000,100,200,raw/v14_047.npz
mlp213_N2000_K100_H200_nominal_t0p05,2,T003,2,2000,100,200,raw/v14_047.npz
mlp213_N2000_K100_H200_nominal_t0p05,2,T004,3,2000,100,200,raw/v14_047.npz
mlp213_N2000_K100_H200_nominal_t0p05,2,T005,4,2000,100,200,raw/v14_047.npz
mlp213_N2000_K100_H200_nominal_t0p05,2,T006,5,2000,100,200,raw/v14_047.npz
mlp213_N2000_K100_H200_nominal_t0p05,2,T007,6,2000,100,200,raw/v14_047.npz
mlp213_N2000_K100_H200_nominal_t0p05,2,T008,7,2000,100,200,raw/v14_047.npz
mlp213_N2000_K100_H200_nominal_t0p05,2,T009,8,2000,100,200,raw/v14_047.npz
mlp213_N2000_K100_H200_nominal_t0p05,2,T010,9,2000,100,200,raw/v14_047.npz
mlp213_N2000_K100_H200_nominal_t0p05,2,T011,10,2000,100,200,raw/v14_047.npz
mlp213_N2000_K100_H200_nominal_t0p05,2,T012,11,2000,100,200,raw/v14_047.npz
mlp213_N2000_K100_H200_nominal_t0p05,2,T013,12,2000,100,200,raw/v14_047.npz
mlp213_N2000_K100_H200_nominal_t0p05,2,T014,13,2000,100,200,raw/v14_047.npz
mlp213_N2000_K100_H200_nominal_t0p05,2,T015,14,2000,100,200,raw/v14_047.npz
mlp213_N2000_K100_H200_nominal_t0p05,2,T016,15,2000,100,200,raw/v14_047.npz
mlp213_N2000_K100_H200_nominal_t0p05,2,T017,16,2000,100,200,raw/v14_047.npz
mlp213_N2000_K100_H200_nominal_t0p05,2,T018,17,2000,100,200,raw/v14_047.npz
mlp213_N2000_K100_H200_nominal_t0p05,2,T019,18,2000,100,200,raw/v14_047.npz
mlp213_N2000_K100_H200_nominal_t0p05,2,T020,19,2000,100,200,raw/v14_047.npz
mlp213_N2000_K100_H200_nominal_t0p05,2,T021,20,2000,100,200,raw/v14_047.npz
mlp213_N2000_K100_H200_nominal_t0p05,2,T022,21,2000,100,200,raw/v14_047.npz
mlp213_N2000_K100_H200_nominal_t0p05,2,T023,22,2000,100,200,raw/v14_047.npz
mlp213_N2000_K100_H200_nominal_t0p05,2,T024,23,2000,100,200,raw/v14_047.npz
mlp213_N2000_K100_H200_nominal_t0p05,2,T025,24,2000,100,200,raw/v14_047.npz
mlp213_N2000_K100_H200_nominal_t0p05,2,T026,25,2000,100,200,raw/v14_047.npz
mlp213_N2000_K100_H200_nominal_t0p05,2,T027,26,2000,100,200,raw/v14_047.npz
mlp213_N2000_K100_H200_nominal_t0p05,2,T028,27,2000,100,200,raw/v14_047.npz
mlp213_N2000_K100_H200_nominal_t0p05,2,T029,28,2000,100,200,raw/v14_047.npz
mlp213_N2000_K100_H200_nominal_t0p05,2,T030,29,2000,100,200,raw/v14_047.npz
mlp213_N2000_K100_H200_nominal_t0p05,3,T001,0,2000,100,200,raw/v14_048.npz
mlp213_N2000_K100_H200_nominal_t0p05,3,T002,1,2000,100,200,raw/v14_048.npz
mlp213_N2000_K100_H200_nominal_t0p05,3,T003,2,2000,100,200,raw/v14_048.npz
mlp213_N2000_K100_H200_nominal_t0p05,3,T004,3,2000,100,200,raw/v14_048.npz
mlp213_N2000_K100_H200_nominal_t0p05,3,T005,4,2000,100,200,raw/v14_048.npz
mlp213_N2000_K100_H200_nominal_t0p05,3,T006,5,2000,100,200,raw/v14_048.npz
mlp213_N2000_K100_H200_nominal_t0p05,3,T007,6,2000,100,200,raw/v14_048.npz
mlp213_N2000_K100_H200_nominal_t0p05,3,T008,7,2000,100,200,raw/v14_048.npz
mlp213_N2000_K100_H200_nominal_t0p05,3,T009,8,2000,100,200,raw/v14_048.npz
mlp213_N2000_K100_H200_nominal_t0p05,3,T010,9,2000,100,200,raw/v14_048.npz
mlp213_N2000_K100_H200_nominal_t0p05,3,T011,10,2000,100,200,raw/v14_048.npz
mlp213_N2000_K100_H200_nominal_t0p05,3,T012,11,2000,100,200,raw/v14_048.npz
mlp213_N2000_K100_H200_nominal_t0p05,3,T013,12,2000,100,200,raw/v14_048.npz
mlp213_N2000_K100_H200_nominal_t0p05,3,T014,13,2000,100,200,raw/v14_048.npz
mlp213_N2000_K100_H200_nominal_t0p05,3,T015,14,2000,100,200,raw/v14_048.npz
mlp213_N2000_K100_H200_nominal_t0p05,3,T016,15,2000,100,200,raw/v14_048.npz
mlp213_N2000_K100_H200_nominal_t0p05,3,T017,16,2000,100,200,raw/v14_048.npz
mlp213_N2000_K100_H200_nominal_t0p05,3,T018,17,2000,100,200,raw/v14_048.npz
mlp213_N2000_K100_H200_nominal_t0p05,3,T019,18,2000,100,200,raw/v14_048.npz
mlp213_N2000_K100_H200_nominal_t0p05,3,T020,19,2000,100,200,raw/v14_048.npz
mlp213_N2000_K100_H200_nominal_t0p05,3,T021,20,2000,100,200,raw/v14_048.npz
mlp213_N2000_K100_H200_nominal_t0p05,3,T022,21,2000,100,200,raw/v14_048.npz
mlp213_N2000_K100_H200_nominal_t0p05,3,T023,22,2000,100,200,raw/v14_048.npz
mlp213_N2000_K100_H200_nominal_t0p05,3,T024,23,2000,100,200,raw/v14_048.npz
mlp213_N2000_K100_H200_nominal_t0p05,3,T025,24,2000,100,200,raw/v14_048.npz
mlp213_N2000_K100_H200_nominal_t0p05,3,T026,25,2000,100,200,raw/v14_048.npz
mlp213_N2000_K100_H200_nominal_t0p05,3,T027,26,2000,100,200,raw/v14_048.npz
mlp213_N2000_K100_H200_nominal_t0p05,3,T028,27,2000,100,200,raw/v14_048.npz
mlp213_N2000_K100_H200_nominal_t0p05,3,T029,28,2000,100,200,raw/v14_048.npz
mlp213_N2000_K100_H200_nominal_t0p05,3,T030,29,2000,100,200,raw/v14_048.npz
mlp213_N2000_K100_H200_nominal_t0p05,4,T001,0,2000,100,200,raw/v14_049.npz
mlp213_N2000_K100_H200_nominal_t0p05,4,T002,1,2000,100,200,raw/v14_049.npz
mlp213_N2000_K100_H200_nominal_t0p05,4,T003,2,2000,100,200,raw/v14_049.npz
mlp213_N2000_K100_H200_nominal_t0p05,4,T004,3,2000,100,200,raw/v14_049.npz
mlp213_N2000_K100_H200_nominal_t0p05,4,T005,4,2000,100,200,raw/v14_049.npz
mlp213_N2000_K100_H200_nominal_t0p05,4,T006,5,2000,100,200,raw/v14_049.npz
mlp213_N2000_K100_H200_nominal_t0p05,4,T007,6,2000,100,200,raw/v14_049.npz
mlp213_N2000_K100_H200_nominal_t0p05,4,T008,7,2000,100,200,raw/v14_049.npz
mlp213_N2000_K100_H200_nominal_t0p05,4,T009,8,2000,100,200,raw/v14_049.npz
mlp213_N2000_K100_H200_nominal_t0p05,4,T010,9,2000,100,200,raw/v14_049.npz
mlp213_N2000_K100_H200_nominal_t0p05,4,T011,10,2000,100,200,raw/v14_049.npz
mlp213_N2000_K100_H200_nominal_t0p05,4,T012,11,2000,100,200,raw/v14_049.npz
mlp213_N2000_K100_H200_nominal_t0p05,4,T013,12,2000,100,200,raw/v14_049.npz
mlp213_N2000_K100_H200_nominal_t0p05,4,T014,13,2000,100,200,raw/v14_049.npz
mlp213_N2000_K100_H200_nominal_t0p05,4,T015,14,2000,100,200,raw/v14_049.npz
mlp213_N2000_K100_H200_nominal_t0p05,4,T016,15,2000,100,200,raw/v14_049.npz
mlp213_N2000_K100_H200_nominal_t0p05,4,T017,16,2000,100,200,raw/v14_049.npz
mlp213_N2000_K100_H200_nominal_t0p05,4,T018,17,2000,100,200,raw/v14_049.npz
mlp213_N2000_K100_H200_nominal_t0p05,4,T019,18,2000,100,200,raw/v14_049.npz
mlp213_N2000_K100_H200_nominal_t0p05,4,T020,19,2000,100,200,raw/v14_049.npz
mlp213_N2000_K100_H200_nominal_t0p05,4,T021,20,2000,100,200,raw/v14_049.npz
mlp213_N2000_K100_H200_nominal_t0p05,4,T022,21,2000,100,200,raw/v14_049.npz
mlp213_N2000_K100_H200_nominal_t0p05,4,T023,22,2000,100,200,raw/v14_049.npz
mlp213_N2000_K100_H200_nominal_t0p05,4,T024,23,2000,100,200,raw/v14_049.npz
mlp213_N2000_K100_H200_nominal_t0p05,4,T025,24,2000,100,200,raw/v14_049.npz
mlp213_N2000_K100_H200_nominal_t0p05,4,T026,25,2000,100,200,raw/v14_049.npz
mlp213_N2000_K100_H200_nominal_t0p05,4,T027,26,2000,100,200,raw/v14_049.npz
mlp213_N2000_K100_H200_nominal_t0p05,4,T028,27,2000,100,200,raw/v14_049.npz
mlp213_N2000_K100_H200_nominal_t0p05,4,T029,28,2000,100,200,raw/v14_049.npz
mlp213_N2000_K100_H200_nominal_t0p05,4,T030,29,2000,100,200,raw/v14_049.npz
mlp213_N2000_K100_H200_nominal_t0p05,5,T001,0,2000,100,200,raw/v14_050.npz
mlp213_N2000_K100_H200_nominal_t0p05,5,T002,1,2000,100,200,raw/v14_050.npz
mlp213_N2000_K100_H200_nominal_t0p05,5,T003,2,2000,100,200,raw/v14_050.npz
mlp213_N2000_K100_H200_nominal_t0p05,5,T004,3,2000,100,200,raw/v14_050.npz
mlp213_N2000_K100_H200_nominal_t0p05,5,T005,4,2000,100,200,raw/v14_050.npz
mlp213_N2000_K100_H200_nominal_t0p05,5,T006,5,2000,100,200,raw/v14_050.npz
mlp213_N2000_K100_H200_nominal_t0p05,5,T007,6,2000,100,200,raw/v14_050.npz
mlp213_N2000_K100_H200_nominal_t0p05,5,T008,7,2000,100,200,raw/v14_050.npz
mlp213_N2000_K100_H200_nominal_t0p05,5,T009,8,2000,100,200,raw/v14_050.npz
mlp213_N2000_K100_H200_nominal_t0p05,5,T010,9,2000,100,200,raw/v14_050.npz
mlp213_N2000_K100_H200_nominal_t0p05,5,T011,10,2000,100,200,raw/v14_050.npz
mlp213_N2000_K100_H200_nominal_t0p05,5,T012,11,2000,100,200,raw/v14_050.npz
mlp213_N2000_K100_H200_nominal_t0p05,5,T013,12,2000,100,200,raw/v14_050.npz
mlp213_N2000_K100_H200_nominal_t0p05,5,T014,13,2000,100,200,raw/v14_050.npz
mlp213_N2000_K100_H200_nominal_t0p05,5,T015,14,2000,100,200,raw/v14_050.npz
mlp213_N2000_K100_H200_nominal_t0p05,5,T016,15,2000,100,200,raw/v14_050.npz
mlp213_N2000_K100_H200_nominal_t0p05,5,T017,16,2000,100,200,raw/v14_050.npz
mlp213_N2000_K100_H200_nominal_t0p05,5,T018,17,2000,100,200,raw/v14_050.npz
mlp213_N2000_K100_H200_nominal_t0p05,5,T019,18,2000,100,200,raw/v14_050.npz
mlp213_N2000_K100_H200_nominal_t0p05,5,T020,19,2000,100,200,raw/v14_050.npz
mlp213_N2000_K100_H200_nominal_t0p05,5,T021,20,2000,100,200,raw/v14_050.npz
mlp213_N2000_K100_H200_nominal_t0p05,5,T022,21,2000,100,200,raw/v14_050.npz
mlp213_N2000_K100_H200_nominal_t0p05,5,T023,22,2000,100,200,raw/v14_050.npz
mlp213_N2000_K100_H200_nominal_t0p05,5,T024,23,2000,100,200,raw/v14_050.npz
mlp213_N2000_K100_H200_nominal_t0p05,5,T025,24,2000,100,200,raw/v14_050.npz
mlp213_N2000_K100_H200_nominal_t0p05,5,T026,25,2000,100,200,raw/v14_050.npz
mlp213_N2000_K100_H200_nominal_t0p05,5,T027,26,2000,100,200,raw/v14_050.npz
mlp213_N2000_K100_H200_nominal_t0p05,5,T028,27,2000,100,200,raw/v14_050.npz
mlp213_N2000_K100_H200_nominal_t0p05,5,T029,28,2000,100,200,raw/v14_050.npz
mlp213_N2000_K100_H200_nominal_t0p05,5,T030,29,2000,100,200,raw/v14_050.npz
mlp213_N2000_K100_H800_nominal_t0p05,1,T001,0,2000,100,800,raw/v14_046.npz
mlp213_N2000_K100_H800_nominal_t0p05,1,T002,1,2000,100,800,raw/v14_046.npz
mlp213_N2000_K100_H800_nominal_t0p05,1,T003,2,2000,100,800,raw/v14_046.npz
mlp213_N2000_K100_H800_nominal_t0p05,1,T004,3,2000,100,800,raw/v14_046.npz
mlp213_N2000_K100_H800_nominal_t0p05,1,T005,4,2000,100,800,raw/v14_046.npz
mlp213_N2000_K100_H800_nominal_t0p05,1,T006,5,2000,100,800,raw/v14_046.npz
mlp213_N2000_K100_H800_nominal_t0p05,1,T007,6,2000,100,800,raw/v14_046.npz
mlp213_N2000_K100_H800_nominal_t0p05,1,T008,7,2000,100,800,raw/v14_046.npz
mlp213_N2000_K100_H800_nominal_t0p05,1,T009,8,2000,100,800,raw/v14_046.npz
mlp213_N2000_K100_H800_nominal_t0p05,1,T010,9,2000,100,800,raw/v14_046.npz
mlp213_N2000_K100_H800_nominal_t0p05,1,T011,10,2000,100,800,raw/v14_046.npz
mlp213_N2000_K100_H800_nominal_t0p05,1,T012,11,2000,100,800,raw/v14_046.npz
mlp213_N2000_K100_H800_nominal_t0p05,1,T013,12,2000,100,800,raw/v14_046.npz
mlp213_N2000_K100_H800_nominal_t0p05,1,T014,13,2000,100,800,raw/v14_046.npz
mlp213_N2000_K100_H800_nominal_t0p05,1,T015,14,2000,100,800,raw/v14_046.npz
mlp213_N2000_K100_H800_nominal_t0p05,1,T016,15,2000,100,800,raw/v14_046.npz
mlp213_N2000_K100_H800_nominal_t0p05,1,T017,16,2000,100,800,raw/v14_046.npz
mlp213_N2000_K100_H800_nominal_t0p05,1,T018,17,2000,100,800,raw/v14_046.npz
mlp213_N2000_K100_H800_nominal_t0p05,1,T019,18,2000,100,800,raw/v14_046.npz
mlp213_N2000_K100_H800_nominal_t0p05,1,T020,19,2000,100,800,raw/v14_046.npz
mlp213_N2000_K100_H800_nominal_t0p05,1,T021,20,2000,100,800,raw/v14_046.npz
mlp213_N2000_K100_H800_nominal_t0p05,1,T022,21,2000,100,800,raw/v14_046.npz
mlp213_N2000_K100_H800_nominal_t0p05,1,T023,22,2000,100,800,raw/v14_046.npz
mlp213_N2000_K100_H800_nominal_t0p05,1,T024,23,2000,100,800,raw/v14_046.npz
mlp213_N2000_K100_H800_nominal_t0p05,1,T025,24,2000,100,800,raw/v14_046.npz
mlp213_N2000_K100_H800_nominal_t0p05,1,T026,25,2000,100,800,raw/v14_046.npz
mlp213_N2000_K100_H800_nominal_t0p05,1,T027,26,2000,100,800,raw/v14_046.npz
mlp213_N2000_K100_H800_nominal_t0p05,1,T028,27,2000,100,800,raw/v14_046.npz
mlp213_N2000_K100_H800_nominal_t0p05,1,T029,28,2000,100,800,raw/v14_046.npz
mlp213_N2000_K100_H800_nominal_t0p05,1,T030,29,2000,100,800,raw/v14_046.npz
mlp213_N2000_K100_H800_nominal_t0p05,2,T001,0,2000,100,800,raw/v14_047.npz
mlp213_N2000_K100_H800_nominal_t0p05,2,T002,1,2000,100,800,raw/v14_047.npz
mlp213_N2000_K100_H800_nominal_t0p05,2,T003,2,2000,100,800,raw/v14_047.npz
mlp213_N2000_K100_H800_nominal_t0p05,2,T004,3,2000,100,800,raw/v14_047.npz
mlp213_N2000_K100_H800_nominal_t0p05,2,T005,4,2000,100,800,raw/v14_047.npz
mlp213_N2000_K100_H800_nominal_t0p05,2,T006,5,2000,100,800,raw/v14_047.npz
mlp213_N2000_K100_H800_nominal_t0p05,2,T007,6,2000,100,800,raw/v14_047.npz
mlp213_N2000_K100_H800_nominal_t0p05,2,T008,7,2000,100,800,raw/v14_047.npz
mlp213_N2000_K100_H800_nominal_t0p05,2,T009,8,2000,100,800,raw/v14_047.npz
mlp213_N2000_K100_H800_nominal_t0p05,2,T010,9,2000,100,800,raw/v14_047.npz
mlp213_N2000_K100_H800_nominal_t0p05,2,T011,10,2000,100,800,raw/v14_047.npz
mlp213_N2000_K100_H800_nominal_t0p05,2,T012,11,2000,100,800,raw/v14_047.npz
mlp213_N2000_K100_H800_nominal_t0p05,2,T013,12,2000,100,800,raw/v14_047.npz
mlp213_N2000_K100_H800_nominal_t0p05,2,T014,13,2000,100,800,raw/v14_047.npz
mlp213_N2000_K100_H800_nominal_t0p05,2,T015,14,2000,100,800,raw/v14_047.npz
mlp213_N2000_K100_H800_nominal_t0p05,2,T016,15,2000,100,800,raw/v14_047.npz
mlp213_N2000_K100_H800_nominal_t0p05,2,T017,16,2000,100,800,raw/v14_047.npz
mlp213_N2000_K100_H800_nominal_t0p05,2,T018,17,2000,100,800,raw/v14_047.npz
mlp213_N2000_K100_H800_nominal_t0p05,2,T019,18,2000,100,800,raw/v14_047.npz
mlp213_N2000_K100_H800_nominal_t0p05,2,T020,19,2000,100,800,raw/v14_047.npz
mlp213_N2000_K100_H800_nominal_t0p05,2,T021,20,2000,100,800,raw/v14_047.npz
mlp213_N2000_K100_H800_nominal_t0p05,2,T022,21,2000,100,800,raw/v14_047.npz
mlp213_N2000_K100_H800_nominal_t0p05,2,T023,22,2000,100,800,raw/v14_047.npz
mlp213_N2000_K100_H800_nominal_t0p05,2,T024,23,2000,100,800,raw/v14_047.npz
mlp213_N2000_K100_H800_nominal_t0p05,2,T025,24,2000,100,800,raw/v14_047.npz
mlp213_N2000_K100_H800_nominal_t0p05,2,T026,25,2000,100,800,raw/v14_047.npz
mlp213_N2000_K100_H800_nominal_t0p05,2,T027,26,2000,100,800,raw/v14_047.npz
mlp213_N2000_K100_H800_nominal_t0p05,2,T028,27,2000,100,800,raw/v14_047.npz
mlp213_N2000_K100_H800_nominal_t0p05,2,T029,28,2000,100,800,raw/v14_047.npz
mlp213_N2000_K100_H800_nominal_t0p05,2,T030,29,2000,100,800,raw/v14_047.npz
mlp213_N2000_K100_H800_nominal_t0p05,3,T001,0,2000,100,800,raw/v14_048.npz
mlp213_N2000_K100_H800_nominal_t0p05,3,T002,1,2000,100,800,raw/v14_048.npz
mlp213_N2000_K100_H800_nominal_t0p05,3,T003,2,2000,100,800,raw/v14_048.npz
mlp213_N2000_K100_H800_nominal_t0p05,3,T004,3,2000,100,800,raw/v14_048.npz
mlp213_N2000_K100_H800_nominal_t0p05,3,T005,4,2000,100,800,raw/v14_048.npz
mlp213_N2000_K100_H800_nominal_t0p05,3,T006,5,2000,100,800,raw/v14_048.npz
mlp213_N2000_K100_H800_nominal_t0p05,3,T007,6,2000,100,800,raw/v14_048.npz
mlp213_N2000_K100_H800_nominal_t0p05,3,T008,7,2000,100,800,raw/v14_048.npz
mlp213_N2000_K100_H800_nominal_t0p05,3,T009,8,2000,100,800,raw/v14_048.npz
mlp213_N2000_K100_H800_nominal_t0p05,3,T010,9,2000,100,800,raw/v14_048.npz
mlp213_N2000_K100_H800_nominal_t0p05,3,T011,10,2000,100,800,raw/v14_048.npz
mlp213_N2000_K100_H800_nominal_t0p05,3,T012,11,2000,100,800,raw/v14_048.npz
mlp213_N2000_K100_H800_nominal_t0p05,3,T013,12,2000,100,800,raw/v14_048.npz
mlp213_N2000_K100_H800_nominal_t0p05,3,T014,13,2000,100,800,raw/v14_048.npz
mlp213_N2000_K100_H800_nominal_t0p05,3,T015,14,2000,100,800,raw/v14_048.npz
mlp213_N2000_K100_H800_nominal_t0p05,3,T016,15,2000,100,800,raw/v14_048.npz
mlp213_N2000_K100_H800_nominal_t0p05,3,T017,16,2000,100,800,raw/v14_048.npz
mlp213_N2000_K100_H800_nominal_t0p05,3,T018,17,2000,100,800,raw/v14_048.npz
mlp213_N2000_K100_H800_nominal_t0p05,3,T019,18,2000,100,800,raw/v14_048.npz
mlp213_N2000_K100_H800_nominal_t0p05,3,T020,19,2000,100,800,raw/v14_048.npz
mlp213_N2000_K100_H800_nominal_t0p05,3,T021,20,2000,100,800,raw/v14_048.npz
mlp213_N2000_K100_H800_nominal_t0p05,3,T022,21,2000,100,800,raw/v14_048.npz
mlp213_N2000_K100_H800_nominal_t0p05,3,T023,22,2000,100,800,raw/v14_048.npz
mlp213_N2000_K100_H800_nominal_t0p05,3,T024,23,2000,100,800,raw/v14_048.npz
mlp213_N2000_K100_H800_nominal_t0p05,3,T025,24,2000,100,800,raw/v14_048.npz
mlp213_N2000_K100_H800_nominal_t0p05,3,T026,25,2000,100,800,raw/v14_048.npz
mlp213_N2000_K100_H800_nominal_t0p05,3,T027,26,2000,100,800,raw/v14_048.npz
mlp213_N2000_K100_H800_nominal_t0p05,3,T028,27,2000,100,800,raw/v14_048.npz
mlp213_N2000_K100_H800_nominal_t0p05,3,T029,28,2000,100,800,raw/v14_048.npz
mlp213_N2000_K100_H800_nominal_t0p05,3,T030,29,2000,100,800,raw/v14_048.npz
mlp213_N2000_K100_H800_nominal_t0p05,4,T001,0,2000,100,800,raw/v14_049.npz
mlp213_N2000_K100_H800_nominal_t0p05,4,T002,1,2000,100,800,raw/v14_049.npz
mlp213_N2000_K100_H800_nominal_t0p05,4,T003,2,2000,100,800,raw/v14_049.npz
mlp213_N2000_K100_H800_nominal_t0p05,4,T004,3,2000,100,800,raw/v14_049.npz
mlp213_N2000_K100_H800_nominal_t0p05,4,T005,4,2000,100,800,raw/v14_049.npz
mlp213_N2000_K100_H800_nominal_t0p05,4,T006,5,2000,100,800,raw/v14_049.npz
mlp213_N2000_K100_H800_nominal_t0p05,4,T007,6,2000,100,800,raw/v14_049.npz
mlp213_N2000_K100_H800_nominal_t0p05,4,T008,7,2000,100,800,raw/v14_049.npz
mlp213_N2000_K100_H800_nominal_t0p05,4,T009,8,2000,100,800,raw/v14_049.npz
mlp213_N2000_K100_H800_nominal_t0p05,4,T010,9,2000,100,800,raw/v14_049.npz
mlp213_N2000_K100_H800_nominal_t0p05,4,T011,10,2000,100,800,raw/v14_049.npz
mlp213_N2000_K100_H800_nominal_t0p05,4,T012,11,2000,100,800,raw/v14_049.npz
mlp213_N2000_K100_H800_nominal_t0p05,4,T013,12,2000,100,800,raw/v14_049.npz
mlp213_N2000_K100_H800_nominal_t0p05,4,T014,13,2000,100,800,raw/v14_049.npz
mlp213_N2000_K100_H800_nominal_t0p05,4,T015,14,2000,100,800,raw/v14_049.npz
mlp213_N2000_K100_H800_nominal_t0p05,4,T016,15,2000,100,800,raw/v14_049.npz
mlp213_N2000_K100_H800_nominal_t0p05,4,T017,16,2000,100,800,raw/v14_049.npz
mlp213_N2000_K100_H800_nominal_t0p05,4,T018,17,2000,100,800,raw/v14_049.npz
mlp213_N2000_K100_H800_nominal_t0p05,4,T019,18,2000,100,800,raw/v14_049.npz
mlp213_N2000_K100_H800_nominal_t0p05,4,T020,19,2000,100,800,raw/v14_049.npz
mlp213_N2000_K100_H800_nominal_t0p05,4,T021,20,2000,100,800,raw/v14_049.npz
mlp213_N2000_K100_H800_nominal_t0p05,4,T022,21,2000,100,800,raw/v14_049.npz
mlp213_N2000_K100_H800_nominal_t0p05,4,T023,22,2000,100,800,raw/v14_049.npz
mlp213_N2000_K100_H800_nominal_t0p05,4,T024,23,2000,100,800,raw/v14_049.npz
mlp213_N2000_K100_H800_nominal_t0p05,4,T025,24,2000,100,800,raw/v14_049.npz
mlp213_N2000_K100_H800_nominal_t0p05,4,T026,25,2000,100,800,raw/v14_049.npz
mlp213_N2000_K100_H800_nominal_t0p05,4,T027,26,2000,100,800,raw/v14_049.npz
mlp213_N2000_K100_H800_nominal_t0p05,4,T028,27,2000,100,800,raw/v14_049.npz
mlp213_N2000_K100_H800_nominal_t0p05,4,T029,28,2000,100,800,raw/v14_049.npz
mlp213_N2000_K100_H800_nominal_t0p05,4,T030,29,2000,100,800,raw/v14_049.npz
mlp213_N2000_K100_H800_nominal_t0p05,5,T001,0,2000,100,800,raw/v14_050.npz
mlp213_N2000_K100_H800_nominal_t0p05,5,T002,1,2000,100,800,raw/v14_050.npz
mlp213_N2000_K100_H800_nominal_t0p05,5,T003,2,2000,100,800,raw/v14_050.npz
mlp213_N2000_K100_H800_nominal_t0p05,5,T004,3,2000,100,800,raw/v14_050.npz
mlp213_N2000_K100_H800_nominal_t0p05,5,T005,4,2000,100,800,raw/v14_050.npz
mlp213_N2000_K100_H800_nominal_t0p05,5,T006,5,2000,100,800,raw/v14_050.npz
mlp213_N2000_K100_H800_nominal_t0p05,5,T007,6,2000,100,800,raw/v14_050.npz
mlp213_N2000_K100_H800_nominal_t0p05,5,T008,7,2000,100,800,raw/v14_050.npz
mlp213_N2000_K100_H800_nominal_t0p05,5,T009,8,2000,100,800,raw/v14_050.npz
mlp213_N2000_K100_H800_nominal_t0p05,5,T010,9,2000,100,800,raw/v14_050.npz
mlp213_N2000_K100_H800_nominal_t0p05,5,T011,10,2000,100,800,raw/v14_050.npz
mlp213_N2000_K100_H800_nominal_t0p05,5,T012,11,2000,100,800,raw/v14_050.npz
mlp213_N2000_K100_H800_nominal_t0p05,5,T013,12,2000,100,800,raw/v14_050.npz
mlp213_N2000_K100_H800_nominal_t0p05,5,T014,13,2000,100,800,raw/v14_050.npz
mlp213_N2000_K100_H800_nominal_t0p05,5,T015,14,2000,100,800,raw/v14_050.npz
mlp213_N2000_K100_H800_nominal_t0p05,5,T016,15,2000,100,800,raw/v14_050.npz
mlp213_N2000_K100_H800_nominal_t0p05,5,T017,16,2000,100,800,raw/v14_050.npz
mlp213_N2000_K100_H800_nominal_t0p05,5,T018,17,2000,100,800,raw/v14_050.npz
mlp213_N2000_K100_H800_nominal_t0p05,5,T019,18,2000,100,800,raw/v14_050.npz
mlp213_N2000_K100_H800_nominal_t0p05,5,T020,19,2000,100,800,raw/v14_050.npz
mlp213_N2000_K100_H800_nominal_t0p05,5,T021,20,2000,100,800,raw/v14_050.npz
mlp213_N2000_K100_H800_nominal_t0p05,5,T022,21,2000,100,800,raw/v14_050.npz
mlp213_N2000_K100_H800_nominal_t0p05,5,T023,22,2000,100,800,raw/v14_050.npz
mlp213_N2000_K100_H800_nominal_t0p05,5,T024,23,2000,100,800,raw/v14_050.npz
mlp213_N2000_K100_H800_nominal_t0p05,5,T025,24,2000,100,800,raw/v14_050.npz
mlp213_N2000_K100_H800_nominal_t0p05,5,T026,25,2000,100,800,raw/v14_050.npz
mlp213_N2000_K100_H800_nominal_t0p05,5,T027,26,2000,100,800,raw/v14_050.npz
mlp213_N2000_K100_H800_nominal_t0p05,5,T028,27,2000,100,800,raw/v14_050.npz
mlp213_N2000_K100_H800_nominal_t0p05,5,T029,28,2000,100,800,raw/v14_050.npz
mlp213_N2000_K100_H800_nominal_t0p05,5,T030,29,2000,100,800,raw/v14_050.npz
mlp213_N2000_K200_H200_nominal_t0p05,1,T001,0,2000,200,200,raw/v14_051.npz
mlp213_N2000_K200_H200_nominal_t0p05,1,T002,1,2000,200,200,raw/v14_051.npz
mlp213_N2000_K200_H200_nominal_t0p05,1,T003,2,2000,200,200,raw/v14_051.npz
mlp213_N2000_K200_H200_nominal_t0p05,1,T004,3,2000,200,200,raw/v14_051.npz
mlp213_N2000_K200_H200_nominal_t0p05,1,T005,4,2000,200,200,raw/v14_051.npz
mlp213_N2000_K200_H200_nominal_t0p05,1,T006,5,2000,200,200,raw/v14_051.npz
mlp213_N2000_K200_H200_nominal_t0p05,1,T007,6,2000,200,200,raw/v14_051.npz
mlp213_N2000_K200_H200_nominal_t0p05,1,T008,7,2000,200,200,raw/v14_051.npz
mlp213_N2000_K200_H200_nominal_t0p05,1,T009,8,2000,200,200,raw/v14_051.npz
mlp213_N2000_K200_H200_nominal_t0p05,1,T010,9,2000,200,200,raw/v14_051.npz
mlp213_N2000_K200_H200_nominal_t0p05,1,T011,10,2000,200,200,raw/v14_051.npz
mlp213_N2000_K200_H200_nominal_t0p05,1,T012,11,2000,200,200,raw/v14_051.npz
mlp213_N2000_K200_H200_nominal_t0p05,1,T013,12,2000,200,200,raw/v14_051.npz
mlp213_N2000_K200_H200_nominal_t0p05,1,T014,13,2000,200,200,raw/v14_051.npz
mlp213_N2000_K200_H200_nominal_t0p05,1,T015,14,2000,200,200,raw/v14_051.npz
mlp213_N2000_K200_H200_nominal_t0p05,1,T016,15,2000,200,200,raw/v14_051.npz
mlp213_N2000_K200_H200_nominal_t0p05,1,T017,16,2000,200,200,raw/v14_051.npz
mlp213_N2000_K200_H200_nominal_t0p05,1,T018,17,2000,200,200,raw/v14_051.npz
mlp213_N2000_K200_H200_nominal_t0p05,1,T019,18,2000,200,200,raw/v14_051.npz
mlp213_N2000_K200_H200_nominal_t0p05,1,T020,19,2000,200,200,raw/v14_051.npz
mlp213_N2000_K200_H200_nominal_t0p05,1,T021,20,2000,200,200,raw/v14_051.npz
mlp213_N2000_K200_H200_nominal_t0p05,1,T022,21,2000,200,200,raw/v14_051.npz
mlp213_N2000_K200_H200_nominal_t0p05,1,T023,22,2000,200,200,raw/v14_051.npz
mlp213_N2000_K200_H200_nominal_t0p05,1,T024,23,2000,200,200,raw/v14_051.npz
mlp213_N2000_K200_H200_nominal_t0p05,1,T025,24,2000,200,200,raw/v14_051.npz
mlp213_N2000_K200_H200_nominal_t0p05,1,T026,25,2000,200,200,raw/v14_051.npz
mlp213_N2000_K200_H200_nominal_t0p05,1,T027,26,2000,200,200,raw/v14_051.npz
mlp213_N2000_K200_H200_nominal_t0p05,1,T028,27,2000,200,200,raw/v14_051.npz
mlp213_N2000_K200_H200_nominal_t0p05,1,T029,28,2000,200,200,raw/v14_051.npz
mlp213_N2000_K200_H200_nominal_t0p05,1,T030,29,2000,200,200,raw/v14_051.npz
mlp213_N2000_K200_H200_nominal_t0p05,2,T001,0,2000,200,200,raw/v14_052.npz
mlp213_N2000_K200_H200_nominal_t0p05,2,T002,1,2000,200,200,raw/v14_052.npz
mlp213_N2000_K200_H200_nominal_t0p05,2,T003,2,2000,200,200,raw/v14_052.npz
mlp213_N2000_K200_H200_nominal_t0p05,2,T004,3,2000,200,200,raw/v14_052.npz
mlp213_N2000_K200_H200_nominal_t0p05,2,T005,4,2000,200,200,raw/v14_052.npz
mlp213_N2000_K200_H200_nominal_t0p05,2,T006,5,2000,200,200,raw/v14_052.npz
mlp213_N2000_K200_H200_nominal_t0p05,2,T007,6,2000,200,200,raw/v14_052.npz
mlp213_N2000_K200_H200_nominal_t0p05,2,T008,7,2000,200,200,raw/v14_052.npz
mlp213_N2000_K200_H200_nominal_t0p05,2,T009,8,2000,200,200,raw/v14_052.npz
mlp213_N2000_K200_H200_nominal_t0p05,2,T010,9,2000,200,200,raw/v14_052.npz
mlp213_N2000_K200_H200_nominal_t0p05,2,T011,10,2000,200,200,raw/v14_052.npz
mlp213_N2000_K200_H200_nominal_t0p05,2,T012,11,2000,200,200,raw/v14_052.npz
mlp213_N2000_K200_H200_nominal_t0p05,2,T013,12,2000,200,200,raw/v14_052.npz
mlp213_N2000_K200_H200_nominal_t0p05,2,T014,13,2000,200,200,raw/v14_052.npz
mlp213_N2000_K200_H200_nominal_t0p05,2,T015,14,2000,200,200,raw/v14_052.npz
mlp213_N2000_K200_H200_nominal_t0p05,2,T016,15,2000,200,200,raw/v14_052.npz
mlp213_N2000_K200_H200_nominal_t0p05,2,T017,16,2000,200,200,raw/v14_052.npz
mlp213_N2000_K200_H200_nominal_t0p05,2,T018,17,2000,200,200,raw/v14_052.npz
mlp213_N2000_K200_H200_nominal_t0p05,2,T019,18,2000,200,200,raw/v14_052.npz
mlp213_N2000_K200_H200_nominal_t0p05,2,T020,19,2000,200,200,raw/v14_052.npz
mlp213_N2000_K200_H200_nominal_t0p05,2,T021,20,2000,200,200,raw/v14_052.npz
mlp213_N2000_K200_H200_nominal_t0p05,2,T022,21,2000,200,200,raw/v14_052.npz
mlp213_N2000_K200_H200_nominal_t0p05,2,T023,22,2000,200,200,raw/v14_052.npz
mlp213_N2000_K200_H200_nominal_t0p05,2,T024,23,2000,200,200,raw/v14_052.npz
mlp213_N2000_K200_H200_nominal_t0p05,2,T025,24,2000,200,200,raw/v14_052.npz
mlp213_N2000_K200_H200_nominal_t0p05,2,T026,25,2000,200,200,raw/v14_052.npz
mlp213_N2000_K200_H200_nominal_t0p05,2,T027,26,2000,200,200,raw/v14_052.npz
mlp213_N2000_K200_H200_nominal_t0p05,2,T028,27,2000,200,200,raw/v14_052.npz
mlp213_N2000_K200_H200_nominal_t0p05,2,T029,28,2000,200,200,raw/v14_052.npz
mlp213_N2000_K200_H200_nominal_t0p05,2,T030,29,2000,200,200,raw/v14_052.npz
mlp213_N2000_K200_H200_nominal_t0p05,3,T001,0,2000,200,200,raw/v14_053.npz
mlp213_N2000_K200_H200_nominal_t0p05,3,T002,1,2000,200,200,raw/v14_053.npz
mlp213_N2000_K200_H200_nominal_t0p05,3,T003,2,2000,200,200,raw/v14_053.npz
mlp213_N2000_K200_H200_nominal_t0p05,3,T004,3,2000,200,200,raw/v14_053.npz
mlp213_N2000_K200_H200_nominal_t0p05,3,T005,4,2000,200,200,raw/v14_053.npz
mlp213_N2000_K200_H200_nominal_t0p05,3,T006,5,2000,200,200,raw/v14_053.npz
mlp213_N2000_K200_H200_nominal_t0p05,3,T007,6,2000,200,200,raw/v14_053.npz
mlp213_N2000_K200_H200_nominal_t0p05,3,T008,7,2000,200,200,raw/v14_053.npz
mlp213_N2000_K200_H200_nominal_t0p05,3,T009,8,2000,200,200,raw/v14_053.npz
mlp213_N2000_K200_H200_nominal_t0p05,3,T010,9,2000,200,200,raw/v14_053.npz
mlp213_N2000_K200_H200_nominal_t0p05,3,T011,10,2000,200,200,raw/v14_053.npz
mlp213_N2000_K200_H200_nominal_t0p05,3,T012,11,2000,200,200,raw/v14_053.npz
mlp213_N2000_K200_H200_nominal_t0p05,3,T013,12,2000,200,200,raw/v14_053.npz
mlp213_N2000_K200_H200_nominal_t0p05,3,T014,13,2000,200,200,raw/v14_053.npz
mlp213_N2000_K200_H200_nominal_t0p05,3,T015,14,2000,200,200,raw/v14_053.npz
mlp213_N2000_K200_H200_nominal_t0p05,3,T016,15,2000,200,200,raw/v14_053.npz
mlp213_N2000_K200_H200_nominal_t0p05,3,T017,16,2000,200,200,raw/v14_053.npz
mlp213_N2000_K200_H200_nominal_t0p05,3,T018,17,2000,200,200,raw/v14_053.npz
mlp213_N2000_K200_H200_nominal_t0p05,3,T019,18,2000,200,200,raw/v14_053.npz
mlp213_N2000_K200_H200_nominal_t0p05,3,T020,19,2000,200,200,raw/v14_053.npz
mlp213_N2000_K200_H200_nominal_t0p05,3,T021,20,2000,200,200,raw/v14_053.npz
mlp213_N2000_K200_H200_nominal_t0p05,3,T022,21,2000,200,200,raw/v14_053.npz
mlp213_N2000_K200_H200_nominal_t0p05,3,T023,22,2000,200,200,raw/v14_053.npz
mlp213_N2000_K200_H200_nominal_t0p05,3,T024,23,2000,200,200,raw/v14_053.npz
mlp213_N2000_K200_H200_nominal_t0p05,3,T025,24,2000,200,200,raw/v14_053.npz
mlp213_N2000_K200_H200_nominal_t0p05,3,T026,25,2000,200,200,raw/v14_053.npz
mlp213_N2000_K200_H200_nominal_t0p05,3,T027,26,2000,200,200,raw/v14_053.npz
mlp213_N2000_K200_H200_nominal_t0p05,3,T028,27,2000,200,200,raw/v14_053.npz
mlp213_N2000_K200_H200_nominal_t0p05,3,T029,28,2000,200,200,raw/v14_053.npz
mlp213_N2000_K200_H200_nominal_t0p05,3,T030,29,2000,200,200,raw/v14_053.npz
mlp213_N2000_K200_H200_nominal_t0p05,4,T001,0,2000,200,200,raw/v14_054.npz
mlp213_N2000_K200_H200_nominal_t0p05,4,T002,1,2000,200,200,raw/v14_054.npz
mlp213_N2000_K200_H200_nominal_t0p05,4,T003,2,2000,200,200,raw/v14_054.npz
mlp213_N2000_K200_H200_nominal_t0p05,4,T004,3,2000,200,200,raw/v14_054.npz
mlp213_N2000_K200_H200_nominal_t0p05,4,T005,4,2000,200,200,raw/v14_054.npz
mlp213_N2000_K200_H200_nominal_t0p05,4,T006,5,2000,200,200,raw/v14_054.npz
mlp213_N2000_K200_H200_nominal_t0p05,4,T007,6,2000,200,200,raw/v14_054.npz
mlp213_N2000_K200_H200_nominal_t0p05,4,T008,7,2000,200,200,raw/v14_054.npz
mlp213_N2000_K200_H200_nominal_t0p05,4,T009,8,2000,200,200,raw/v14_054.npz
mlp213_N2000_K200_H200_nominal_t0p05,4,T010,9,2000,200,200,raw/v14_054.npz
mlp213_N2000_K200_H200_nominal_t0p05,4,T011,10,2000,200,200,raw/v14_054.npz
mlp213_N2000_K200_H200_nominal_t0p05,4,T012,11,2000,200,200,raw/v14_054.npz
mlp213_N2000_K200_H200_nominal_t0p05,4,T013,12,2000,200,200,raw/v14_054.npz
mlp213_N2000_K200_H200_nominal_t0p05,4,T014,13,2000,200,200,raw/v14_054.npz
mlp213_N2000_K200_H200_nominal_t0p05,4,T015,14,2000,200,200,raw/v14_054.npz
mlp213_N2000_K200_H200_nominal_t0p05,4,T016,15,2000,200,200,raw/v14_054.npz
mlp213_N2000_K200_H200_nominal_t0p05,4,T017,16,2000,200,200,raw/v14_054.npz
mlp213_N2000_K200_H200_nominal_t0p05,4,T018,17,2000,200,200,raw/v14_054.npz
mlp213_N2000_K200_H200_nominal_t0p05,4,T019,18,2000,200,200,raw/v14_054.npz
mlp213_N2000_K200_H200_nominal_t0p05,4,T020,19,2000,200,200,raw/v14_054.npz
mlp213_N2000_K200_H200_nominal_t0p05,4,T021,20,2000,200,200,raw/v14_054.npz
mlp213_N2000_K200_H200_nominal_t0p05,4,T022,21,2000,200,200,raw/v14_054.npz
mlp213_N2000_K200_H200_nominal_t0p05,4,T023,22,2000,200,200,raw/v14_054.npz
mlp213_N2000_K200_H200_nominal_t0p05,4,T024,23,2000,200,200,raw/v14_054.npz
mlp213_N2000_K200_H200_nominal_t0p05,4,T025,24,2000,200,200,raw/v14_054.npz
mlp213_N2000_K200_H200_nominal_t0p05,4,T026,25,2000,200,200,raw/v14_054.npz
mlp213_N2000_K200_H200_nominal_t0p05,4,T027,26,2000,200,200,raw/v14_054.npz
mlp213_N2000_K200_H200_nominal_t0p05,4,T028,27,2000,200,200,raw/v14_054.npz
mlp213_N2000_K200_H200_nominal_t0p05,4,T029,28,2000,200,200,raw/v14_054.npz
mlp213_N2000_K200_H200_nominal_t0p05,4,T030,29,2000,200,200,raw/v14_054.npz
mlp213_N2000_K200_H200_nominal_t0p05,5,T001,0,2000,200,200,raw/v14_055.npz
mlp213_N2000_K200_H200_nominal_t0p05,5,T002,1,2000,200,200,raw/v14_055.npz
mlp213_N2000_K200_H200_nominal_t0p05,5,T003,2,2000,200,200,raw/v14_055.npz
mlp213_N2000_K200_H200_nominal_t0p05,5,T004,3,2000,200,200,raw/v14_055.npz
mlp213_N2000_K200_H200_nominal_t0p05,5,T005,4,2000,200,200,raw/v14_055.npz
mlp213_N2000_K200_H200_nominal_t0p05,5,T006,5,2000,200,200,raw/v14_055.npz
mlp213_N2000_K200_H200_nominal_t0p05,5,T007,6,2000,200,200,raw/v14_055.npz
mlp213_N2000_K200_H200_nominal_t0p05,5,T008,7,2000,200,200,raw/v14_055.npz
mlp213_N2000_K200_H200_nominal_t0p05,5,T009,8,2000,200,200,raw/v14_055.npz
mlp213_N2000_K200_H200_nominal_t0p05,5,T010,9,2000,200,200,raw/v14_055.npz
mlp213_N2000_K200_H200_nominal_t0p05,5,T011,10,2000,200,200,raw/v14_055.npz
mlp213_N2000_K200_H200_nominal_t0p05,5,T012,11,2000,200,200,raw/v14_055.npz
mlp213_N2000_K200_H200_nominal_t0p05,5,T013,12,2000,200,200,raw/v14_055.npz
mlp213_N2000_K200_H200_nominal_t0p05,5,T014,13,2000,200,200,raw/v14_055.npz
mlp213_N2000_K200_H200_nominal_t0p05,5,T015,14,2000,200,200,raw/v14_055.npz
mlp213_N2000_K200_H200_nominal_t0p05,5,T016,15,2000,200,200,raw/v14_055.npz
mlp213_N2000_K200_H200_nominal_t0p05,5,T017,16,2000,200,200,raw/v14_055.npz
mlp213_N2000_K200_H200_nominal_t0p05,5,T018,17,2000,200,200,raw/v14_055.npz
mlp213_N2000_K200_H200_nominal_t0p05,5,T019,18,2000,200,200,raw/v14_055.npz
mlp213_N2000_K200_H200_nominal_t0p05,5,T020,19,2000,200,200,raw/v14_055.npz
mlp213_N2000_K200_H200_nominal_t0p05,5,T021,20,2000,200,200,raw/v14_055.npz
mlp213_N2000_K200_H200_nominal_t0p05,5,T022,21,2000,200,200,raw/v14_055.npz
mlp213_N2000_K200_H200_nominal_t0p05,5,T023,22,2000,200,200,raw/v14_055.npz
mlp213_N2000_K200_H200_nominal_t0p05,5,T024,23,2000,200,200,raw/v14_055.npz
mlp213_N2000_K200_H200_nominal_t0p05,5,T025,24,2000,200,200,raw/v14_055.npz
mlp213_N2000_K200_H200_nominal_t0p05,5,T026,25,2000,200,200,raw/v14_055.npz
mlp213_N2000_K200_H200_nominal_t0p05,5,T027,26,2000,200,200,raw/v14_055.npz
mlp213_N2000_K200_H200_nominal_t0p05,5,T028,27,2000,200,200,raw/v14_055.npz
mlp213_N2000_K200_H200_nominal_t0p05,5,T029,28,2000,200,200,raw/v14_055.npz
mlp213_N2000_K200_H200_nominal_t0p05,5,T030,29,2000,200,200,raw/v14_055.npz
mlp213_N2000_K300_H200_nominal_t0p05,1,T001,0,2000,300,200,raw/v14_056.npz
mlp213_N2000_K300_H200_nominal_t0p05,1,T002,1,2000,300,200,raw/v14_056.npz
mlp213_N2000_K300_H200_nominal_t0p05,1,T003,2,2000,300,200,raw/v14_056.npz
mlp213_N2000_K300_H200_nominal_t0p05,1,T004,3,2000,300,200,raw/v14_056.npz
mlp213_N2000_K300_H200_nominal_t0p05,1,T005,4,2000,300,200,raw/v14_056.npz
mlp213_N2000_K300_H200_nominal_t0p05,1,T006,5,2000,300,200,raw/v14_056.npz
mlp213_N2000_K300_H200_nominal_t0p05,1,T007,6,2000,300,200,raw/v14_056.npz
mlp213_N2000_K300_H200_nominal_t0p05,1,T008,7,2000,300,200,raw/v14_056.npz
mlp213_N2000_K300_H200_nominal_t0p05,1,T009,8,2000,300,200,raw/v14_056.npz
mlp213_N2000_K300_H200_nominal_t0p05,1,T010,9,2000,300,200,raw/v14_056.npz
mlp213_N2000_K300_H200_nominal_t0p05,1,T011,10,2000,300,200,raw/v14_056.npz
mlp213_N2000_K300_H200_nominal_t0p05,1,T012,11,2000,300,200,raw/v14_056.npz
mlp213_N2000_K300_H200_nominal_t0p05,1,T013,12,2000,300,200,raw/v14_056.npz
mlp213_N2000_K300_H200_nominal_t0p05,1,T014,13,2000,300,200,raw/v14_056.npz
mlp213_N2000_K300_H200_nominal_t0p05,1,T015,14,2000,300,200,raw/v14_056.npz
mlp213_N2000_K300_H200_nominal_t0p05,1,T016,15,2000,300,200,raw/v14_056.npz
mlp213_N2000_K300_H200_nominal_t0p05,1,T017,16,2000,300,200,raw/v14_056.npz
mlp213_N2000_K300_H200_nominal_t0p05,1,T018,17,2000,300,200,raw/v14_056.npz
mlp213_N2000_K300_H200_nominal_t0p05,1,T019,18,2000,300,200,raw/v14_056.npz
mlp213_N2000_K300_H200_nominal_t0p05,1,T020,19,2000,300,200,raw/v14_056.npz
mlp213_N2000_K300_H200_nominal_t0p05,1,T021,20,2000,300,200,raw/v14_056.npz
mlp213_N2000_K300_H200_nominal_t0p05,1,T022,21,2000,300,200,raw/v14_056.npz
mlp213_N2000_K300_H200_nominal_t0p05,1,T023,22,2000,300,200,raw/v14_056.npz
mlp213_N2000_K300_H200_nominal_t0p05,1,T024,23,2000,300,200,raw/v14_056.npz
mlp213_N2000_K300_H200_nominal_t0p05,1,T025,24,2000,300,200,raw/v14_056.npz
mlp213_N2000_K300_H200_nominal_t0p05,1,T026,25,2000,300,200,raw/v14_056.npz
mlp213_N2000_K300_H200_nominal_t0p05,1,T027,26,2000,300,200,raw/v14_056.npz
mlp213_N2000_K300_H200_nominal_t0p05,1,T028,27,2000,300,200,raw/v14_056.npz
mlp213_N2000_K300_H200_nominal_t0p05,1,T029,28,2000,300,200,raw/v14_056.npz
mlp213_N2000_K300_H200_nominal_t0p05,1,T030,29,2000,300,200,raw/v14_056.npz
mlp213_N2000_K300_H200_nominal_t0p05,2,T001,0,2000,300,200,raw/v14_057.npz
mlp213_N2000_K300_H200_nominal_t0p05,2,T002,1,2000,300,200,raw/v14_057.npz
mlp213_N2000_K300_H200_nominal_t0p05,2,T003,2,2000,300,200,raw/v14_057.npz
mlp213_N2000_K300_H200_nominal_t0p05,2,T004,3,2000,300,200,raw/v14_057.npz
mlp213_N2000_K300_H200_nominal_t0p05,2,T005,4,2000,300,200,raw/v14_057.npz
mlp213_N2000_K300_H200_nominal_t0p05,2,T006,5,2000,300,200,raw/v14_057.npz
mlp213_N2000_K300_H200_nominal_t0p05,2,T007,6,2000,300,200,raw/v14_057.npz
mlp213_N2000_K300_H200_nominal_t0p05,2,T008,7,2000,300,200,raw/v14_057.npz
mlp213_N2000_K300_H200_nominal_t0p05,2,T009,8,2000,300,200,raw/v14_057.npz
mlp213_N2000_K300_H200_nominal_t0p05,2,T010,9,2000,300,200,raw/v14_057.npz
mlp213_N2000_K300_H200_nominal_t0p05,2,T011,10,2000,300,200,raw/v14_057.npz
mlp213_N2000_K300_H200_nominal_t0p05,2,T012,11,2000,300,200,raw/v14_057.npz
mlp213_N2000_K300_H200_nominal_t0p05,2,T013,12,2000,300,200,raw/v14_057.npz
mlp213_N2000_K300_H200_nominal_t0p05,2,T014,13,2000,300,200,raw/v14_057.npz
mlp213_N2000_K300_H200_nominal_t0p05,2,T015,14,2000,300,200,raw/v14_057.npz
mlp213_N2000_K300_H200_nominal_t0p05,2,T016,15,2000,300,200,raw/v14_057.npz
mlp213_N2000_K300_H200_nominal_t0p05,2,T017,16,2000,300,200,raw/v14_057.npz
mlp213_N2000_K300_H200_nominal_t0p05,2,T018,17,2000,300,200,raw/v14_057.npz
mlp213_N2000_K300_H200_nominal_t0p05,2,T019,18,2000,300,200,raw/v14_057.npz
mlp213_N2000_K300_H200_nominal_t0p05,2,T020,19,2000,300,200,raw/v14_057.npz
mlp213_N2000_K300_H200_nominal_t0p05,2,T021,20,2000,300,200,raw/v14_057.npz
mlp213_N2000_K300_H200_nominal_t0p05,2,T022,21,2000,300,200,raw/v14_057.npz
mlp213_N2000_K300_H200_nominal_t0p05,2,T023,22,2000,300,200,raw/v14_057.npz
mlp213_N2000_K300_H200_nominal_t0p05,2,T024,23,2000,300,200,raw/v14_057.npz
mlp213_N2000_K300_H200_nominal_t0p05,2,T025,24,2000,300,200,raw/v14_057.npz
mlp213_N2000_K300_H200_nominal_t0p05,2,T026,25,2000,300,200,raw/v14_057.npz
mlp213_N2000_K300_H200_nominal_t0p05,2,T027,26,2000,300,200,raw/v14_057.npz
mlp213_N2000_K300_H200_nominal_t0p05,2,T028,27,2000,300,200,raw/v14_057.npz
mlp213_N2000_K300_H200_nominal_t0p05,2,T029,28,2000,300,200,raw/v14_057.npz
mlp213_N2000_K300_H200_nominal_t0p05,2,T030,29,2000,300,200,raw/v14_057.npz
mlp213_N2000_K300_H200_nominal_t0p05,3,T001,0,2000,300,200,raw/v14_058.npz
mlp213_N2000_K300_H200_nominal_t0p05,3,T002,1,2000,300,200,raw/v14_058.npz
mlp213_N2000_K300_H200_nominal_t0p05,3,T003,2,2000,300,200,raw/v14_058.npz
mlp213_N2000_K300_H200_nominal_t0p05,3,T004,3,2000,300,200,raw/v14_058.npz
mlp213_N2000_K300_H200_nominal_t0p05,3,T005,4,2000,300,200,raw/v14_058.npz
mlp213_N2000_K300_H200_nominal_t0p05,3,T006,5,2000,300,200,raw/v14_058.npz
mlp213_N2000_K300_H200_nominal_t0p05,3,T007,6,2000,300,200,raw/v14_058.npz
mlp213_N2000_K300_H200_nominal_t0p05,3,T008,7,2000,300,200,raw/v14_058.npz
mlp213_N2000_K300_H200_nominal_t0p05,3,T009,8,2000,300,200,raw/v14_058.npz
mlp213_N2000_K300_H200_nominal_t0p05,3,T010,9,2000,300,200,raw/v14_058.npz
mlp213_N2000_K300_H200_nominal_t0p05,3,T011,10,2000,300,200,raw/v14_058.npz
mlp213_N2000_K300_H200_nominal_t0p05,3,T012,11,2000,300,200,raw/v14_058.npz
mlp213_N2000_K300_H200_nominal_t0p05,3,T013,12,2000,300,200,raw/v14_058.npz
mlp213_N2000_K300_H200_nominal_t0p05,3,T014,13,2000,300,200,raw/v14_058.npz
mlp213_N2000_K300_H200_nominal_t0p05,3,T015,14,2000,300,200,raw/v14_058.npz
mlp213_N2000_K300_H200_nominal_t0p05,3,T016,15,2000,300,200,raw/v14_058.npz
mlp213_N2000_K300_H200_nominal_t0p05,3,T017,16,2000,300,200,raw/v14_058.npz
mlp213_N2000_K300_H200_nominal_t0p05,3,T018,17,2000,300,200,raw/v14_058.npz
mlp213_N2000_K300_H200_nominal_t0p05,3,T019,18,2000,300,200,raw/v14_058.npz
mlp213_N2000_K300_H200_nominal_t0p05,3,T020,19,2000,300,200,raw/v14_058.npz
mlp213_N2000_K300_H200_nominal_t0p05,3,T021,20,2000,300,200,raw/v14_058.npz
mlp213_N2000_K300_H200_nominal_t0p05,3,T022,21,2000,300,200,raw/v14_058.npz
mlp213_N2000_K300_H200_nominal_t0p05,3,T023,22,2000,300,200,raw/v14_058.npz
mlp213_N2000_K300_H200_nominal_t0p05,3,T024,23,2000,300,200,raw/v14_058.npz
mlp213_N2000_K300_H200_nominal_t0p05,3,T025,24,2000,300,200,raw/v14_058.npz
mlp213_N2000_K300_H200_nominal_t0p05,3,T026,25,2000,300,200,raw/v14_058.npz
mlp213_N2000_K300_H200_nominal_t0p05,3,T027,26,2000,300,200,raw/v14_058.npz
mlp213_N2000_K300_H200_nominal_t0p05,3,T028,27,2000,300,200,raw/v14_058.npz
mlp213_N2000_K300_H200_nominal_t0p05,3,T029,28,2000,300,200,raw/v14_058.npz
mlp213_N2000_K300_H200_nominal_t0p05,3,T030,29,2000,300,200,raw/v14_058.npz
mlp213_N2000_K300_H200_nominal_t0p05,4,T001,0,2000,300,200,raw/v14_059.npz
mlp213_N2000_K300_H200_nominal_t0p05,4,T002,1,2000,300,200,raw/v14_059.npz
mlp213_N2000_K300_H200_nominal_t0p05,4,T003,2,2000,300,200,raw/v14_059.npz
mlp213_N2000_K300_H200_nominal_t0p05,4,T004,3,2000,300,200,raw/v14_059.npz
mlp213_N2000_K300_H200_nominal_t0p05,4,T005,4,2000,300,200,raw/v14_059.npz
mlp213_N2000_K300_H200_nominal_t0p05,4,T006,5,2000,300,200,raw/v14_059.npz
mlp213_N2000_K300_H200_nominal_t0p05,4,T007,6,2000,300,200,raw/v14_059.npz
mlp213_N2000_K300_H200_nominal_t0p05,4,T008,7,2000,300,200,raw/v14_059.npz
mlp213_N2000_K300_H200_nominal_t0p05,4,T009,8,2000,300,200,raw/v14_059.npz
mlp213_N2000_K300_H200_nominal_t0p05,4,T010,9,2000,300,200,raw/v14_059.npz
mlp213_N2000_K300_H200_nominal_t0p05,4,T011,10,2000,300,200,raw/v14_059.npz
mlp213_N2000_K300_H200_nominal_t0p05,4,T012,11,2000,300,200,raw/v14_059.npz
mlp213_N2000_K300_H200_nominal_t0p05,4,T013,12,2000,300,200,raw/v14_059.npz
mlp213_N2000_K300_H200_nominal_t0p05,4,T014,13,2000,300,200,raw/v14_059.npz
mlp213_N2000_K300_H200_nominal_t0p05,4,T015,14,2000,300,200,raw/v14_059.npz
mlp213_N2000_K300_H200_nominal_t0p05,4,T016,15,2000,300,200,raw/v14_059.npz
mlp213_N2000_K300_H200_nominal_t0p05,4,T017,16,2000,300,200,raw/v14_059.npz
mlp213_N2000_K300_H200_nominal_t0p05,4,T018,17,2000,300,200,raw/v14_059.npz
mlp213_N2000_K300_H200_nominal_t0p05,4,T019,18,2000,300,200,raw/v14_059.npz
mlp213_N2000_K300_H200_nominal_t0p05,4,T020,19,2000,300,200,raw/v14_059.npz
mlp213_N2000_K300_H200_nominal_t0p05,4,T021,20,2000,300,200,raw/v14_059.npz
mlp213_N2000_K300_H200_nominal_t0p05,4,T022,21,2000,300,200,raw/v14_059.npz
mlp213_N2000_K300_H200_nominal_t0p05,4,T023,22,2000,300,200,raw/v14_059.npz
mlp213_N2000_K300_H200_nominal_t0p05,4,T024,23,2000,300,200,raw/v14_059.npz
mlp213_N2000_K300_H200_nominal_t0p05,4,T025,24,2000,300,200,raw/v14_059.npz
mlp213_N2000_K300_H200_nominal_t0p05,4,T026,25,2000,300,200,raw/v14_059.npz
mlp213_N2000_K300_H200_nominal_t0p05,4,T027,26,2000,300,200,raw/v14_059.npz
mlp213_N2000_K300_H200_nominal_t0p05,4,T028,27,2000,300,200,raw/v14_059.npz
mlp213_N2000_K300_H200_nominal_t0p05,4,T029,28,2000,300,200,raw/v14_059.npz
mlp213_N2000_K300_H200_nominal_t0p05,4,T030,29,2000,300,200,raw/v14_059.npz
mlp213_N2000_K300_H200_nominal_t0p05,5,T001,0,2000,300,200,raw/v14_060.npz
mlp213_N2000_K300_H200_nominal_t0p05,5,T002,1,2000,300,200,raw/v14_060.npz
mlp213_N2000_K300_H200_nominal_t0p05,5,T003,2,2000,300,200,raw/v14_060.npz
mlp213_N2000_K300_H200_nominal_t0p05,5,T004,3,2000,300,200,raw/v14_060.npz
mlp213_N2000_K300_H200_nominal_t0p05,5,T005,4,2000,300,200,raw/v14_060.npz
mlp213_N2000_K300_H200_nominal_t0p05,5,T006,5,2000,300,200,raw/v14_060.npz
mlp213_N2000_K300_H200_nominal_t0p05,5,T007,6,2000,300,200,raw/v14_060.npz
mlp213_N2000_K300_H200_nominal_t0p05,5,T008,7,2000,300,200,raw/v14_060.npz
mlp213_N2000_K300_H200_nominal_t0p05,5,T009,8,2000,300,200,raw/v14_060.npz
mlp213_N2000_K300_H200_nominal_t0p05,5,T010,9,2000,300,200,raw/v14_060.npz
mlp213_N2000_K300_H200_nominal_t0p05,5,T011,10,2000,300,200,raw/v14_060.npz
mlp213_N2000_K300_H200_nominal_t0p05,5,T012,11,2000,300,200,raw/v14_060.npz
mlp213_N2000_K300_H200_nominal_t0p05,5,T013,12,2000,300,200,raw/v14_060.npz
mlp213_N2000_K300_H200_nominal_t0p05,5,T014,13,2000,300,200,raw/v14_060.npz
mlp213_N2000_K300_H200_nominal_t0p05,5,T015,14,2000,300,200,raw/v14_060.npz
mlp213_N2000_K300_H200_nominal_t0p05,5,T016,15,2000,300,200,raw/v14_060.npz
mlp213_N2000_K300_H200_nominal_t0p05,5,T017,16,2000,300,200,raw/v14_060.npz
mlp213_N2000_K300_H200_nominal_t0p05,5,T018,17,2000,300,200,raw/v14_060.npz
mlp213_N2000_K300_H200_nominal_t0p05,5,T019,18,2000,300,200,raw/v14_060.npz
mlp213_N2000_K300_H200_nominal_t0p05,5,T020,19,2000,300,200,raw/v14_060.npz
mlp213_N2000_K300_H200_nominal_t0p05,5,T021,20,2000,300,200,raw/v14_060.npz
mlp213_N2000_K300_H200_nominal_t0p05,5,T022,21,2000,300,200,raw/v14_060.npz
mlp213_N2000_K300_H200_nominal_t0p05,5,T023,22,2000,300,200,raw/v14_060.npz
mlp213_N2000_K300_H200_nominal_t0p05,5,T024,23,2000,300,200,raw/v14_060.npz
mlp213_N2000_K300_H200_nominal_t0p05,5,T025,24,2000,300,200,raw/v14_060.npz
mlp213_N2000_K300_H200_nominal_t0p05,5,T026,25,2000,300,200,raw/v14_060.npz
mlp213_N2000_K300_H200_nominal_t0p05,5,T027,26,2000,300,200,raw/v14_060.npz
mlp213_N2000_K300_H200_nominal_t0p05,5,T028,27,2000,300,200,raw/v14_060.npz
mlp213_N2000_K300_H200_nominal_t0p05,5,T029,28,2000,300,200,raw/v14_060.npz
mlp213_N2000_K300_H200_nominal_t0p05,5,T030,29,2000,300,200,raw/v14_060.npz
mlp213_N2000_K400_H200_nominal_t0p05,1,T001,0,2000,400,200,raw/v14_061.npz
mlp213_N2000_K400_H200_nominal_t0p05,1,T002,1,2000,400,200,raw/v14_061.npz
mlp213_N2000_K400_H200_nominal_t0p05,1,T003,2,2000,400,200,raw/v14_061.npz
mlp213_N2000_K400_H200_nominal_t0p05,1,T004,3,2000,400,200,raw/v14_061.npz
mlp213_N2000_K400_H200_nominal_t0p05,1,T005,4,2000,400,200,raw/v14_061.npz
mlp213_N2000_K400_H200_nominal_t0p05,1,T006,5,2000,400,200,raw/v14_061.npz
mlp213_N2000_K400_H200_nominal_t0p05,1,T007,6,2000,400,200,raw/v14_061.npz
mlp213_N2000_K400_H200_nominal_t0p05,1,T008,7,2000,400,200,raw/v14_061.npz
mlp213_N2000_K400_H200_nominal_t0p05,1,T009,8,2000,400,200,raw/v14_061.npz
mlp213_N2000_K400_H200_nominal_t0p05,1,T010,9,2000,400,200,raw/v14_061.npz
mlp213_N2000_K400_H200_nominal_t0p05,1,T011,10,2000,400,200,raw/v14_061.npz
mlp213_N2000_K400_H200_nominal_t0p05,1,T012,11,2000,400,200,raw/v14_061.npz
mlp213_N2000_K400_H200_nominal_t0p05,1,T013,12,2000,400,200,raw/v14_061.npz
mlp213_N2000_K400_H200_nominal_t0p05,1,T014,13,2000,400,200,raw/v14_061.npz
mlp213_N2000_K400_H200_nominal_t0p05,1,T015,14,2000,400,200,raw/v14_061.npz
mlp213_N2000_K400_H200_nominal_t0p05,1,T016,15,2000,400,200,raw/v14_061.npz
mlp213_N2000_K400_H200_nominal_t0p05,1,T017,16,2000,400,200,raw/v14_061.npz
mlp213_N2000_K400_H200_nominal_t0p05,1,T018,17,2000,400,200,raw/v14_061.npz
mlp213_N2000_K400_H200_nominal_t0p05,1,T019,18,2000,400,200,raw/v14_061.npz
mlp213_N2000_K400_H200_nominal_t0p05,1,T020,19,2000,400,200,raw/v14_061.npz
mlp213_N2000_K400_H200_nominal_t0p05,1,T021,20,2000,400,200,raw/v14_061.npz
mlp213_N2000_K400_H200_nominal_t0p05,1,T022,21,2000,400,200,raw/v14_061.npz
mlp213_N2000_K400_H200_nominal_t0p05,1,T023,22,2000,400,200,raw/v14_061.npz
mlp213_N2000_K400_H200_nominal_t0p05,1,T024,23,2000,400,200,raw/v14_061.npz
mlp213_N2000_K400_H200_nominal_t0p05,1,T025,24,2000,400,200,raw/v14_061.npz
mlp213_N2000_K400_H200_nominal_t0p05,1,T026,25,2000,400,200,raw/v14_061.npz
mlp213_N2000_K400_H200_nominal_t0p05,1,T027,26,2000,400,200,raw/v14_061.npz
mlp213_N2000_K400_H200_nominal_t0p05,1,T028,27,2000,400,200,raw/v14_061.npz
mlp213_N2000_K400_H200_nominal_t0p05,1,T029,28,2000,400,200,raw/v14_061.npz
mlp213_N2000_K400_H200_nominal_t0p05,1,T030,29,2000,400,200,raw/v14_061.npz
mlp213_N2000_K400_H200_nominal_t0p05,2,T001,0,2000,400,200,raw/v14_062.npz
mlp213_N2000_K400_H200_nominal_t0p05,2,T002,1,2000,400,200,raw/v14_062.npz
mlp213_N2000_K400_H200_nominal_t0p05,2,T003,2,2000,400,200,raw/v14_062.npz
mlp213_N2000_K400_H200_nominal_t0p05,2,T004,3,2000,400,200,raw/v14_062.npz
mlp213_N2000_K400_H200_nominal_t0p05,2,T005,4,2000,400,200,raw/v14_062.npz
mlp213_N2000_K400_H200_nominal_t0p05,2,T006,5,2000,400,200,raw/v14_062.npz
mlp213_N2000_K400_H200_nominal_t0p05,2,T007,6,2000,400,200,raw/v14_062.npz
mlp213_N2000_K400_H200_nominal_t0p05,2,T008,7,2000,400,200,raw/v14_062.npz
mlp213_N2000_K400_H200_nominal_t0p05,2,T009,8,2000,400,200,raw/v14_062.npz
mlp213_N2000_K400_H200_nominal_t0p05,2,T010,9,2000,400,200,raw/v14_062.npz
mlp213_N2000_K400_H200_nominal_t0p05,2,T011,10,2000,400,200,raw/v14_062.npz
mlp213_N2000_K400_H200_nominal_t0p05,2,T012,11,2000,400,200,raw/v14_062.npz
mlp213_N2000_K400_H200_nominal_t0p05,2,T013,12,2000,400,200,raw/v14_062.npz
mlp213_N2000_K400_H200_nominal_t0p05,2,T014,13,2000,400,200,raw/v14_062.npz
mlp213_N2000_K400_H200_nominal_t0p05,2,T015,14,2000,400,200,raw/v14_062.npz
mlp213_N2000_K400_H200_nominal_t0p05,2,T016,15,2000,400,200,raw/v14_062.npz
mlp213_N2000_K400_H200_nominal_t0p05,2,T017,16,2000,400,200,raw/v14_062.npz
mlp213_N2000_K400_H200_nominal_t0p05,2,T018,17,2000,400,200,raw/v14_062.npz
mlp213_N2000_K400_H200_nominal_t0p05,2,T019,18,2000,400,200,raw/v14_062.npz
mlp213_N2000_K400_H200_nominal_t0p05,2,T020,19,2000,400,200,raw/v14_062.npz
mlp213_N2000_K400_H200_nominal_t0p05,2,T021,20,2000,400,200,raw/v14_062.npz
mlp213_N2000_K400_H200_nominal_t0p05,2,T022,21,2000,400,200,raw/v14_062.npz
mlp213_N2000_K400_H200_nominal_t0p05,2,T023,22,2000,400,200,raw/v14_062.npz
mlp213_N2000_K400_H200_nominal_t0p05,2,T024,23,2000,400,200,raw/v14_062.npz
mlp213_N2000_K400_H200_nominal_t0p05,2,T025,24,2000,400,200,raw/v14_062.npz
mlp213_N2000_K400_H200_nominal_t0p05,2,T026,25,2000,400,200,raw/v14_062.npz
mlp213_N2000_K400_H200_nominal_t0p05,2,T027,26,2000,400,200,raw/v14_062.npz
mlp213_N2000_K400_H200_nominal_t0p05,2,T028,27,2000,400,200,raw/v14_062.npz
mlp213_N2000_K400_H200_nominal_t0p05,2,T029,28,2000,400,200,raw/v14_062.npz
mlp213_N2000_K400_H200_nominal_t0p05,2,T030,29,2000,400,200,raw/v14_062.npz
mlp213_N2000_K400_H200_nominal_t0p05,3,T001,0,2000,400,200,raw/v14_063.npz
mlp213_N2000_K400_H200_nominal_t0p05,3,T002,1,2000,400,200,raw/v14_063.npz
mlp213_N2000_K400_H200_nominal_t0p05,3,T003,2,2000,400,200,raw/v14_063.npz
mlp213_N2000_K400_H200_nominal_t0p05,3,T004,3,2000,400,200,raw/v14_063.npz
mlp213_N2000_K400_H200_nominal_t0p05,3,T005,4,2000,400,200,raw/v14_063.npz
mlp213_N2000_K400_H200_nominal_t0p05,3,T006,5,2000,400,200,raw/v14_063.npz
mlp213_N2000_K400_H200_nominal_t0p05,3,T007,6,2000,400,200,raw/v14_063.npz
mlp213_N2000_K400_H200_nominal_t0p05,3,T008,7,2000,400,200,raw/v14_063.npz
mlp213_N2000_K400_H200_nominal_t0p05,3,T009,8,2000,400,200,raw/v14_063.npz
mlp213_N2000_K400_H200_nominal_t0p05,3,T010,9,2000,400,200,raw/v14_063.npz
mlp213_N2000_K400_H200_nominal_t0p05,3,T011,10,2000,400,200,raw/v14_063.npz
mlp213_N2000_K400_H200_nominal_t0p05,3,T012,11,2000,400,200,raw/v14_063.npz
mlp213_N2000_K400_H200_nominal_t0p05,3,T013,12,2000,400,200,raw/v14_063.npz
mlp213_N2000_K400_H200_nominal_t0p05,3,T014,13,2000,400,200,raw/v14_063.npz
mlp213_N2000_K400_H200_nominal_t0p05,3,T015,14,2000,400,200,raw/v14_063.npz
mlp213_N2000_K400_H200_nominal_t0p05,3,T016,15,2000,400,200,raw/v14_063.npz
mlp213_N2000_K400_H200_nominal_t0p05,3,T017,16,2000,400,200,raw/v14_063.npz
mlp213_N2000_K400_H200_nominal_t0p05,3,T018,17,2000,400,200,raw/v14_063.npz
mlp213_N2000_K400_H200_nominal_t0p05,3,T019,18,2000,400,200,raw/v14_063.npz
mlp213_N2000_K400_H200_nominal_t0p05,3,T020,19,2000,400,200,raw/v14_063.npz
mlp213_N2000_K400_H200_nominal_t0p05,3,T021,20,2000,400,200,raw/v14_063.npz
mlp213_N2000_K400_H200_nominal_t0p05,3,T022,21,2000,400,200,raw/v14_063.npz
mlp213_N2000_K400_H200_nominal_t0p05,3,T023,22,2000,400,200,raw/v14_063.npz
mlp213_N2000_K400_H200_nominal_t0p05,3,T024,23,2000,400,200,raw/v14_063.npz
mlp213_N2000_K400_H200_nominal_t0p05,3,T025,24,2000,400,200,raw/v14_063.npz
mlp213_N2000_K400_H200_nominal_t0p05,3,T026,25,2000,400,200,raw/v14_063.npz
mlp213_N2000_K400_H200_nominal_t0p05,3,T027,26,2000,400,200,raw/v14_063.npz
mlp213_N2000_K400_H200_nominal_t0p05,3,T028,27,2000,400,200,raw/v14_063.npz
mlp213_N2000_K400_H200_nominal_t0p05,3,T029,28,2000,400,200,raw/v14_063.npz
mlp213_N2000_K400_H200_nominal_t0p05,3,T030,29,2000,400,200,raw/v14_063.npz
mlp213_N2000_K400_H200_nominal_t0p05,4,T001,0,2000,400,200,raw/v14_064.npz
mlp213_N2000_K400_H200_nominal_t0p05,4,T002,1,2000,400,200,raw/v14_064.npz
mlp213_N2000_K400_H200_nominal_t0p05,4,T003,2,2000,400,200,raw/v14_064.npz
mlp213_N2000_K400_H200_nominal_t0p05,4,T004,3,2000,400,200,raw/v14_064.npz
mlp213_N2000_K400_H200_nominal_t0p05,4,T005,4,2000,400,200,raw/v14_064.npz
mlp213_N2000_K400_H200_nominal_t0p05,4,T006,5,2000,400,200,raw/v14_064.npz
mlp213_N2000_K400_H200_nominal_t0p05,4,T007,6,2000,400,200,raw/v14_064.npz
mlp213_N2000_K400_H200_nominal_t0p05,4,T008,7,2000,400,200,raw/v14_064.npz
mlp213_N2000_K400_H200_nominal_t0p05,4,T009,8,2000,400,200,raw/v14_064.npz
mlp213_N2000_K400_H200_nominal_t0p05,4,T010,9,2000,400,200,raw/v14_064.npz
mlp213_N2000_K400_H200_nominal_t0p05,4,T011,10,2000,400,200,raw/v14_064.npz
mlp213_N2000_K400_H200_nominal_t0p05,4,T012,11,2000,400,200,raw/v14_064.npz
mlp213_N2000_K400_H200_nominal_t0p05,4,T013,12,2000,400,200,raw/v14_064.npz
mlp213_N2000_K400_H200_nominal_t0p05,4,T014,13,2000,400,200,raw/v14_064.npz
mlp213_N2000_K400_H200_nominal_t0p05,4,T015,14,2000,400,200,raw/v14_064.npz
mlp213_N2000_K400_H200_nominal_t0p05,4,T016,15,2000,400,200,raw/v14_064.npz
mlp213_N2000_K400_H200_nominal_t0p05,4,T017,16,2000,400,200,raw/v14_064.npz
mlp213_N2000_K400_H200_nominal_t0p05,4,T018,17,2000,400,200,raw/v14_064.npz
mlp213_N2000_K400_H200_nominal_t0p05,4,T019,18,2000,400,200,raw/v14_064.npz
mlp213_N2000_K400_H200_nominal_t0p05,4,T020,19,2000,400,200,raw/v14_064.npz
mlp213_N2000_K400_H200_nominal_t0p05,4,T021,20,2000,400,200,raw/v14_064.npz
mlp213_N2000_K400_H200_nominal_t0p05,4,T022,21,2000,400,200,raw/v14_064.npz
mlp213_N2000_K400_H200_nominal_t0p05,4,T023,22,2000,400,200,raw/v14_064.npz
mlp213_N2000_K400_H200_nominal_t0p05,4,T024,23,2000,400,200,raw/v14_064.npz
mlp213_N2000_K400_H200_nominal_t0p05,4,T025,24,2000,400,200,raw/v14_064.npz
mlp213_N2000_K400_H200_nominal_t0p05,4,T026,25,2000,400,200,raw/v14_064.npz
mlp213_N2000_K400_H200_nominal_t0p05,4,T027,26,2000,400,200,raw/v14_064.npz
mlp213_N2000_K400_H200_nominal_t0p05,4,T028,27,2000,400,200,raw/v14_064.npz
mlp213_N2000_K400_H200_nominal_t0p05,4,T029,28,2000,400,200,raw/v14_064.npz
mlp213_N2000_K400_H200_nominal_t0p05,4,T030,29,2000,400,200,raw/v14_064.npz
mlp213_N2000_K400_H200_nominal_t0p05,5,T001,0,2000,400,200,raw/v14_065.npz
mlp213_N2000_K400_H200_nominal_t0p05,5,T002,1,2000,400,200,raw/v14_065.npz
mlp213_N2000_K400_H200_nominal_t0p05,5,T003,2,2000,400,200,raw/v14_065.npz
mlp213_N2000_K400_H200_nominal_t0p05,5,T004,3,2000,400,200,raw/v14_065.npz
mlp213_N2000_K400_H200_nominal_t0p05,5,T005,4,2000,400,200,raw/v14_065.npz
mlp213_N2000_K400_H200_nominal_t0p05,5,T006,5,2000,400,200,raw/v14_065.npz
mlp213_N2000_K400_H200_nominal_t0p05,5,T007,6,2000,400,200,raw/v14_065.npz
mlp213_N2000_K400_H200_nominal_t0p05,5,T008,7,2000,400,200,raw/v14_065.npz
mlp213_N2000_K400_H200_nominal_t0p05,5,T009,8,2000,400,200,raw/v14_065.npz
mlp213_N2000_K400_H200_nominal_t0p05,5,T010,9,2000,400,200,raw/v14_065.npz
mlp213_N2000_K400_H200_nominal_t0p05,5,T011,10,2000,400,200,raw/v14_065.npz
mlp213_N2000_K400_H200_nominal_t0p05,5,T012,11,2000,400,200,raw/v14_065.npz
mlp213_N2000_K400_H200_nominal_t0p05,5,T013,12,2000,400,200,raw/v14_065.npz
mlp213_N2000_K400_H200_nominal_t0p05,5,T014,13,2000,400,200,raw/v14_065.npz
mlp213_N2000_K400_H200_nominal_t0p05,5,T015,14,2000,400,200,raw/v14_065.npz
mlp213_N2000_K400_H200_nominal_t0p05,5,T016,15,2000,400,200,raw/v14_065.npz
mlp213_N2000_K400_H200_nominal_t0p05,5,T017,16,2000,400,200,raw/v14_065.npz
mlp213_N2000_K400_H200_nominal_t0p05,5,T018,17,2000,400,200,raw/v14_065.npz
mlp213_N2000_K400_H200_nominal_t0p05,5,T019,18,2000,400,200,raw/v14_065.npz
mlp213_N2000_K400_H200_nominal_t0p05,5,T020,19,2000,400,200,raw/v14_065.npz
mlp213_N2000_K400_H200_nominal_t0p05,5,T021,20,2000,400,200,raw/v14_065.npz
mlp213_N2000_K400_H200_nominal_t0p05,5,T022,21,2000,400,200,raw/v14_065.npz
mlp213_N2000_K400_H200_nominal_t0p05,5,T023,22,2000,400,200,raw/v14_065.npz
mlp213_N2000_K400_H200_nominal_t0p05,5,T024,23,2000,400,200,raw/v14_065.npz
mlp213_N2000_K400_H200_nominal_t0p05,5,T025,24,2000,400,200,raw/v14_065.npz
mlp213_N2000_K400_H200_nominal_t0p05,5,T026,25,2000,400,200,raw/v14_065.npz
mlp213_N2000_K400_H200_nominal_t0p05,5,T027,26,2000,400,200,raw/v14_065.npz
mlp213_N2000_K400_H200_nominal_t0p05,5,T028,27,2000,400,200,raw/v14_065.npz
mlp213_N2000_K400_H200_nominal_t0p05,5,T029,28,2000,400,200,raw/v14_065.npz
mlp213_N2000_K400_H200_nominal_t0p05,5,T030,29,2000,400,200,raw/v14_065.npz
mlp213_N2000_K500_H200_nominal_t0p05,1,T001,0,2000,500,200,raw/v14_066.npz
mlp213_N2000_K500_H200_nominal_t0p05,1,T002,1,2000,500,200,raw/v14_066.npz
mlp213_N2000_K500_H200_nominal_t0p05,1,T003,2,2000,500,200,raw/v14_066.npz
mlp213_N2000_K500_H200_nominal_t0p05,1,T004,3,2000,500,200,raw/v14_066.npz
mlp213_N2000_K500_H200_nominal_t0p05,1,T005,4,2000,500,200,raw/v14_066.npz
mlp213_N2000_K500_H200_nominal_t0p05,1,T006,5,2000,500,200,raw/v14_066.npz
mlp213_N2000_K500_H200_nominal_t0p05,1,T007,6,2000,500,200,raw/v14_066.npz
mlp213_N2000_K500_H200_nominal_t0p05,1,T008,7,2000,500,200,raw/v14_066.npz
mlp213_N2000_K500_H200_nominal_t0p05,1,T009,8,2000,500,200,raw/v14_066.npz
mlp213_N2000_K500_H200_nominal_t0p05,1,T010,9,2000,500,200,raw/v14_066.npz
mlp213_N2000_K500_H200_nominal_t0p05,1,T011,10,2000,500,200,raw/v14_066.npz
mlp213_N2000_K500_H200_nominal_t0p05,1,T012,11,2000,500,200,raw/v14_066.npz
mlp213_N2000_K500_H200_nominal_t0p05,1,T013,12,2000,500,200,raw/v14_066.npz
mlp213_N2000_K500_H200_nominal_t0p05,1,T014,13,2000,500,200,raw/v14_066.npz
mlp213_N2000_K500_H200_nominal_t0p05,1,T015,14,2000,500,200,raw/v14_066.npz
mlp213_N2000_K500_H200_nominal_t0p05,1,T016,15,2000,500,200,raw/v14_066.npz
mlp213_N2000_K500_H200_nominal_t0p05,1,T017,16,2000,500,200,raw/v14_066.npz
mlp213_N2000_K500_H200_nominal_t0p05,1,T018,17,2000,500,200,raw/v14_066.npz
mlp213_N2000_K500_H200_nominal_t0p05,1,T019,18,2000,500,200,raw/v14_066.npz
mlp213_N2000_K500_H200_nominal_t0p05,1,T020,19,2000,500,200,raw/v14_066.npz
mlp213_N2000_K500_H200_nominal_t0p05,1,T021,20,2000,500,200,raw/v14_066.npz
mlp213_N2000_K500_H200_nominal_t0p05,1,T022,21,2000,500,200,raw/v14_066.npz
mlp213_N2000_K500_H200_nominal_t0p05,1,T023,22,2000,500,200,raw/v14_066.npz
mlp213_N2000_K500_H200_nominal_t0p05,1,T024,23,2000,500,200,raw/v14_066.npz
mlp213_N2000_K500_H200_nominal_t0p05,1,T025,24,2000,500,200,raw/v14_066.npz
mlp213_N2000_K500_H200_nominal_t0p05,1,T026,25,2000,500,200,raw/v14_066.npz
mlp213_N2000_K500_H200_nominal_t0p05,1,T027,26,2000,500,200,raw/v14_066.npz
mlp213_N2000_K500_H200_nominal_t0p05,1,T028,27,2000,500,200,raw/v14_066.npz
mlp213_N2000_K500_H200_nominal_t0p05,1,T029,28,2000,500,200,raw/v14_066.npz
mlp213_N2000_K500_H200_nominal_t0p05,1,T030,29,2000,500,200,raw/v14_066.npz
mlp213_N2000_K500_H200_nominal_t0p05,2,T001,0,2000,500,200,raw/v14_067.npz
mlp213_N2000_K500_H200_nominal_t0p05,2,T002,1,2000,500,200,raw/v14_067.npz
mlp213_N2000_K500_H200_nominal_t0p05,2,T003,2,2000,500,200,raw/v14_067.npz
mlp213_N2000_K500_H200_nominal_t0p05,2,T004,3,2000,500,200,raw/v14_067.npz
mlp213_N2000_K500_H200_nominal_t0p05,2,T005,4,2000,500,200,raw/v14_067.npz
mlp213_N2000_K500_H200_nominal_t0p05,2,T006,5,2000,500,200,raw/v14_067.npz
mlp213_N2000_K500_H200_nominal_t0p05,2,T007,6,2000,500,200,raw/v14_067.npz
mlp213_N2000_K500_H200_nominal_t0p05,2,T008,7,2000,500,200,raw/v14_067.npz
mlp213_N2000_K500_H200_nominal_t0p05,2,T009,8,2000,500,200,raw/v14_067.npz
mlp213_N2000_K500_H200_nominal_t0p05,2,T010,9,2000,500,200,raw/v14_067.npz
mlp213_N2000_K500_H200_nominal_t0p05,2,T011,10,2000,500,200,raw/v14_067.npz
mlp213_N2000_K500_H200_nominal_t0p05,2,T012,11,2000,500,200,raw/v14_067.npz
mlp213_N2000_K500_H200_nominal_t0p05,2,T013,12,2000,500,200,raw/v14_067.npz
mlp213_N2000_K500_H200_nominal_t0p05,2,T014,13,2000,500,200,raw/v14_067.npz
mlp213_N2000_K500_H200_nominal_t0p05,2,T015,14,2000,500,200,raw/v14_067.npz
mlp213_N2000_K500_H200_nominal_t0p05,2,T016,15,2000,500,200,raw/v14_067.npz
mlp213_N2000_K500_H200_nominal_t0p05,2,T017,16,2000,500,200,raw/v14_067.npz
mlp213_N2000_K500_H200_nominal_t0p05,2,T018,17,2000,500,200,raw/v14_067.npz
mlp213_N2000_K500_H200_nominal_t0p05,2,T019,18,2000,500,200,raw/v14_067.npz
mlp213_N2000_K500_H200_nominal_t0p05,2,T020,19,2000,500,200,raw/v14_067.npz
mlp213_N2000_K500_H200_nominal_t0p05,2,T021,20,2000,500,200,raw/v14_067.npz
mlp213_N2000_K500_H200_nominal_t0p05,2,T022,21,2000,500,200,raw/v14_067.npz
mlp213_N2000_K500_H200_nominal_t0p05,2,T023,22,2000,500,200,raw/v14_067.npz
mlp213_N2000_K500_H200_nominal_t0p05,2,T024,23,2000,500,200,raw/v14_067.npz
mlp213_N2000_K500_H200_nominal_t0p05,2,T025,24,2000,500,200,raw/v14_067.npz
mlp213_N2000_K500_H200_nominal_t0p05,2,T026,25,2000,500,200,raw/v14_067.npz
mlp213_N2000_K500_H200_nominal_t0p05,2,T027,26,2000,500,200,raw/v14_067.npz
mlp213_N2000_K500_H200_nominal_t0p05,2,T028,27,2000,500,200,raw/v14_067.npz
mlp213_N2000_K500_H200_nominal_t0p05,2,T029,28,2000,500,200,raw/v14_067.npz
mlp213_N2000_K500_H200_nominal_t0p05,2,T030,29,2000,500,200,raw/v14_067.npz
mlp213_N2000_K500_H200_nominal_t0p05,3,T001,0,2000,500,200,raw/v14_068.npz
mlp213_N2000_K500_H200_nominal_t0p05,3,T002,1,2000,500,200,raw/v14_068.npz
mlp213_N2000_K500_H200_nominal_t0p05,3,T003,2,2000,500,200,raw/v14_068.npz
mlp213_N2000_K500_H200_nominal_t0p05,3,T004,3,2000,500,200,raw/v14_068.npz
mlp213_N2000_K500_H200_nominal_t0p05,3,T005,4,2000,500,200,raw/v14_068.npz
mlp213_N2000_K500_H200_nominal_t0p05,3,T006,5,2000,500,200,raw/v14_068.npz
mlp213_N2000_K500_H200_nominal_t0p05,3,T007,6,2000,500,200,raw/v14_068.npz
mlp213_N2000_K500_H200_nominal_t0p05,3,T008,7,2000,500,200,raw/v14_068.npz
mlp213_N2000_K500_H200_nominal_t0p05,3,T009,8,2000,500,200,raw/v14_068.npz
mlp213_N2000_K500_H200_nominal_t0p05,3,T010,9,2000,500,200,raw/v14_068.npz
mlp213_N2000_K500_H200_nominal_t0p05,3,T011,10,2000,500,200,raw/v14_068.npz
mlp213_N2000_K500_H200_nominal_t0p05,3,T012,11,2000,500,200,raw/v14_068.npz
mlp213_N2000_K500_H200_nominal_t0p05,3,T013,12,2000,500,200,raw/v14_068.npz
mlp213_N2000_K500_H200_nominal_t0p05,3,T014,13,2000,500,200,raw/v14_068.npz
mlp213_N2000_K500_H200_nominal_t0p05,3,T015,14,2000,500,200,raw/v14_068.npz
mlp213_N2000_K500_H200_nominal_t0p05,3,T016,15,2000,500,200,raw/v14_068.npz
mlp213_N2000_K500_H200_nominal_t0p05,3,T017,16,2000,500,200,raw/v14_068.npz
mlp213_N2000_K500_H200_nominal_t0p05,3,T018,17,2000,500,200,raw/v14_068.npz
mlp213_N2000_K500_H200_nominal_t0p05,3,T019,18,2000,500,200,raw/v14_068.npz
mlp213_N2000_K500_H200_nominal_t0p05,3,T020,19,2000,500,200,raw/v14_068.npz
mlp213_N2000_K500_H200_nominal_t0p05,3,T021,20,2000,500,200,raw/v14_068.npz
mlp213_N2000_K500_H200_nominal_t0p05,3,T022,21,2000,500,200,raw/v14_068.npz
mlp213_N2000_K500_H200_nominal_t0p05,3,T023,22,2000,500,200,raw/v14_068.npz
mlp213_N2000_K500_H200_nominal_t0p05,3,T024,23,2000,500,200,raw/v14_068.npz
mlp213_N2000_K500_H200_nominal_t0p05,3,T025,24,2000,500,200,raw/v14_068.npz
mlp213_N2000_K500_H200_nominal_t0p05,3,T026,25,2000,500,200,raw/v14_068.npz
mlp213_N2000_K500_H200_nominal_t0p05,3,T027,26,2000,500,200,raw/v14_068.npz
mlp213_N2000_K500_H200_nominal_t0p05,3,T028,27,2000,500,200,raw/v14_068.npz
mlp213_N2000_K500_H200_nominal_t0p05,3,T029,28,2000,500,200,raw/v14_068.npz
mlp213_N2000_K500_H200_nominal_t0p05,3,T030,29,2000,500,200,raw/v14_068.npz
mlp213_N2000_K500_H200_nominal_t0p05,4,T001,0,2000,500,200,raw/v14_069.npz
mlp213_N2000_K500_H200_nominal_t0p05,4,T002,1,2000,500,200,raw/v14_069.npz
mlp213_N2000_K500_H200_nominal_t0p05,4,T003,2,2000,500,200,raw/v14_069.npz
mlp213_N2000_K500_H200_nominal_t0p05,4,T004,3,2000,500,200,raw/v14_069.npz
mlp213_N2000_K500_H200_nominal_t0p05,4,T005,4,2000,500,200,raw/v14_069.npz
mlp213_N2000_K500_H200_nominal_t0p05,4,T006,5,2000,500,200,raw/v14_069.npz
mlp213_N2000_K500_H200_nominal_t0p05,4,T007,6,2000,500,200,raw/v14_069.npz
mlp213_N2000_K500_H200_nominal_t0p05,4,T008,7,2000,500,200,raw/v14_069.npz
mlp213_N2000_K500_H200_nominal_t0p05,4,T009,8,2000,500,200,raw/v14_069.npz
mlp213_N2000_K500_H200_nominal_t0p05,4,T010,9,2000,500,200,raw/v14_069.npz
mlp213_N2000_K500_H200_nominal_t0p05,4,T011,10,2000,500,200,raw/v14_069.npz
mlp213_N2000_K500_H200_nominal_t0p05,4,T012,11,2000,500,200,raw/v14_069.npz
mlp213_N2000_K500_H200_nominal_t0p05,4,T013,12,2000,500,200,raw/v14_069.npz
mlp213_N2000_K500_H200_nominal_t0p05,4,T014,13,2000,500,200,raw/v14_069.npz
mlp213_N2000_K500_H200_nominal_t0p05,4,T015,14,2000,500,200,raw/v14_069.npz
mlp213_N2000_K500_H200_nominal_t0p05,4,T016,15,2000,500,200,raw/v14_069.npz
mlp213_N2000_K500_H200_nominal_t0p05,4,T017,16,2000,500,200,raw/v14_069.npz
mlp213_N2000_K500_H200_nominal_t0p05,4,T018,17,2000,500,200,raw/v14_069.npz
mlp213_N2000_K500_H200_nominal_t0p05,4,T019,18,2000,500,200,raw/v14_069.npz
mlp213_N2000_K500_H200_nominal_t0p05,4,T020,19,2000,500,200,raw/v14_069.npz
mlp213_N2000_K500_H200_nominal_t0p05,4,T021,20,2000,500,200,raw/v14_069.npz
mlp213_N2000_K500_H200_nominal_t0p05,4,T022,21,2000,500,200,raw/v14_069.npz
mlp213_N2000_K500_H200_nominal_t0p05,4,T023,22,2000,500,200,raw/v14_069.npz
mlp213_N2000_K500_H200_nominal_t0p05,4,T024,23,2000,500,200,raw/v14_069.npz
mlp213_N2000_K500_H200_nominal_t0p05,4,T025,24,2000,500,200,raw/v14_069.npz
mlp213_N2000_K500_H200_nominal_t0p05,4,T026,25,2000,500,200,raw/v14_069.npz
mlp213_N2000_K500_H200_nominal_t0p05,4,T027,26,2000,500,200,raw/v14_069.npz
mlp213_N2000_K500_H200_nominal_t0p05,4,T028,27,2000,500,200,raw/v14_069.npz
mlp213_N2000_K500_H200_nominal_t0p05,4,T029,28,2000,500,200,raw/v14_069.npz
mlp213_N2000_K500_H200_nominal_t0p05,4,T030,29,2000,500,200,raw/v14_069.npz
mlp213_N2000_K500_H200_nominal_t0p05,5,T001,0,2000,500,200,raw/v14_070.npz
mlp213_N2000_K500_H200_nominal_t0p05,5,T002,1,2000,500,200,raw/v14_070.npz
mlp213_N2000_K500_H200_nominal_t0p05,5,T003,2,2000,500,200,raw/v14_070.npz
mlp213_N2000_K500_H200_nominal_t0p05,5,T004,3,2000,500,200,raw/v14_070.npz
mlp213_N2000_K500_H200_nominal_t0p05,5,T005,4,2000,500,200,raw/v14_070.npz
mlp213_N2000_K500_H200_nominal_t0p05,5,T006,5,2000,500,200,raw/v14_070.npz
mlp213_N2000_K500_H200_nominal_t0p05,5,T007,6,2000,500,200,raw/v14_070.npz
mlp213_N2000_K500_H200_nominal_t0p05,5,T008,7,2000,500,200,raw/v14_070.npz
mlp213_N2000_K500_H200_nominal_t0p05,5,T009,8,2000,500,200,raw/v14_070.npz
mlp213_N2000_K500_H200_nominal_t0p05,5,T010,9,2000,500,200,raw/v14_070.npz
mlp213_N2000_K500_H200_nominal_t0p05,5,T011,10,2000,500,200,raw/v14_070.npz
mlp213_N2000_K500_H200_nominal_t0p05,5,T012,11,2000,500,200,raw/v14_070.npz
mlp213_N2000_K500_H200_nominal_t0p05,5,T013,12,2000,500,200,raw/v14_070.npz
mlp213_N2000_K500_H200_nominal_t0p05,5,T014,13,2000,500,200,raw/v14_070.npz
mlp213_N2000_K500_H200_nominal_t0p05,5,T015,14,2000,500,200,raw/v14_070.npz
mlp213_N2000_K500_H200_nominal_t0p05,5,T016,15,2000,500,200,raw/v14_070.npz
mlp213_N2000_K500_H200_nominal_t0p05,5,T017,16,2000,500,200,raw/v14_070.npz
mlp213_N2000_K500_H200_nominal_t0p05,5,T018,17,2000,500,200,raw/v14_070.npz
mlp213_N2000_K500_H200_nominal_t0p05,5,T019,18,2000,500,200,raw/v14_070.npz
mlp213_N2000_K500_H200_nominal_t0p05,5,T020,19,2000,500,200,raw/v14_070.npz
mlp213_N2000_K500_H200_nominal_t0p05,5,T021,20,2000,500,200,raw/v14_070.npz
mlp213_N2000_K500_H200_nominal_t0p05,5,T022,21,2000,500,200,raw/v14_070.npz
mlp213_N2000_K500_H200_nominal_t0p05,5,T023,22,2000,500,200,raw/v14_070.npz
mlp213_N2000_K500_H200_nominal_t0p05,5,T024,23,2000,500,200,raw/v14_070.npz
mlp213_N2000_K500_H200_nominal_t0p05,5,T025,24,2000,500,200,raw/v14_070.npz
mlp213_N2000_K500_H200_nominal_t0p05,5,T026,25,2000,500,200,raw/v14_070.npz
mlp213_N2000_K500_H200_nominal_t0p05,5,T027,26,2000,500,200,raw/v14_070.npz
mlp213_N2000_K500_H200_nominal_t0p05,5,T028,27,2000,500,200,raw/v14_070.npz
mlp213_N2000_K500_H200_nominal_t0p05,5,T029,28,2000,500,200,raw/v14_070.npz
mlp213_N2000_K500_H200_nominal_t0p05,5,T030,29,2000,500,200,raw/v14_070.npz
kan_generic_N500_K100_H50_nominal_t0p05,1,T001,0,500,100,50,raw/v14_071.npz
kan_generic_N500_K100_H50_nominal_t0p05,1,T002,1,500,100,50,raw/v14_071.npz
kan_generic_N500_K100_H50_nominal_t0p05,1,T003,2,500,100,50,raw/v14_071.npz
kan_generic_N500_K100_H50_nominal_t0p05,1,T004,3,500,100,50,raw/v14_071.npz
kan_generic_N500_K100_H50_nominal_t0p05,1,T005,4,500,100,50,raw/v14_071.npz
kan_generic_N500_K100_H50_nominal_t0p05,1,T006,5,500,100,50,raw/v14_071.npz
kan_generic_N500_K100_H50_nominal_t0p05,1,T007,6,500,100,50,raw/v14_071.npz
kan_generic_N500_K100_H50_nominal_t0p05,1,T008,7,500,100,50,raw/v14_071.npz
kan_generic_N500_K100_H50_nominal_t0p05,1,T009,8,500,100,50,raw/v14_071.npz
kan_generic_N500_K100_H50_nominal_t0p05,1,T010,9,500,100,50,raw/v14_071.npz
kan_generic_N500_K100_H50_nominal_t0p05,1,T011,10,500,100,50,raw/v14_071.npz
kan_generic_N500_K100_H50_nominal_t0p05,1,T012,11,500,100,50,raw/v14_071.npz
kan_generic_N500_K100_H50_nominal_t0p05,1,T013,12,500,100,50,raw/v14_071.npz
kan_generic_N500_K100_H50_nominal_t0p05,1,T014,13,500,100,50,raw/v14_071.npz
kan_generic_N500_K100_H50_nominal_t0p05,1,T015,14,500,100,50,raw/v14_071.npz
kan_generic_N500_K100_H50_nominal_t0p05,1,T016,15,500,100,50,raw/v14_071.npz
kan_generic_N500_K100_H50_nominal_t0p05,1,T017,16,500,100,50,raw/v14_071.npz
kan_generic_N500_K100_H50_nominal_t0p05,1,T018,17,500,100,50,raw/v14_071.npz
kan_generic_N500_K100_H50_nominal_t0p05,1,T019,18,500,100,50,raw/v14_071.npz
kan_generic_N500_K100_H50_nominal_t0p05,1,T020,19,500,100,50,raw/v14_071.npz
kan_generic_N500_K100_H50_nominal_t0p05,1,T021,20,500,100,50,raw/v14_071.npz
kan_generic_N500_K100_H50_nominal_t0p05,1,T022,21,500,100,50,raw/v14_071.npz
kan_generic_N500_K100_H50_nominal_t0p05,1,T023,22,500,100,50,raw/v14_071.npz
kan_generic_N500_K100_H50_nominal_t0p05,1,T024,23,500,100,50,raw/v14_071.npz
kan_generic_N500_K100_H50_nominal_t0p05,1,T025,24,500,100,50,raw/v14_071.npz
kan_generic_N500_K100_H50_nominal_t0p05,1,T026,25,500,100,50,raw/v14_071.npz
kan_generic_N500_K100_H50_nominal_t0p05,1,T027,26,500,100,50,raw/v14_071.npz
kan_generic_N500_K100_H50_nominal_t0p05,1,T028,27,500,100,50,raw/v14_071.npz
kan_generic_N500_K100_H50_nominal_t0p05,1,T029,28,500,100,50,raw/v14_071.npz
kan_generic_N500_K100_H50_nominal_t0p05,1,T030,29,500,100,50,raw/v14_071.npz
kan_generic_N500_K100_H50_nominal_t0p05,2,T001,0,500,100,50,raw/v14_072.npz
kan_generic_N500_K100_H50_nominal_t0p05,2,T002,1,500,100,50,raw/v14_072.npz
kan_generic_N500_K100_H50_nominal_t0p05,2,T003,2,500,100,50,raw/v14_072.npz
kan_generic_N500_K100_H50_nominal_t0p05,2,T004,3,500,100,50,raw/v14_072.npz
kan_generic_N500_K100_H50_nominal_t0p05,2,T005,4,500,100,50,raw/v14_072.npz
kan_generic_N500_K100_H50_nominal_t0p05,2,T006,5,500,100,50,raw/v14_072.npz
kan_generic_N500_K100_H50_nominal_t0p05,2,T007,6,500,100,50,raw/v14_072.npz
kan_generic_N500_K100_H50_nominal_t0p05,2,T008,7,500,100,50,raw/v14_072.npz
kan_generic_N500_K100_H50_nominal_t0p05,2,T009,8,500,100,50,raw/v14_072.npz
kan_generic_N500_K100_H50_nominal_t0p05,2,T010,9,500,100,50,raw/v14_072.npz
kan_generic_N500_K100_H50_nominal_t0p05,2,T011,10,500,100,50,raw/v14_072.npz
kan_generic_N500_K100_H50_nominal_t0p05,2,T012,11,500,100,50,raw/v14_072.npz
kan_generic_N500_K100_H50_nominal_t0p05,2,T013,12,500,100,50,raw/v14_072.npz
kan_generic_N500_K100_H50_nominal_t0p05,2,T014,13,500,100,50,raw/v14_072.npz
kan_generic_N500_K100_H50_nominal_t0p05,2,T015,14,500,100,50,raw/v14_072.npz
kan_generic_N500_K100_H50_nominal_t0p05,2,T016,15,500,100,50,raw/v14_072.npz
kan_generic_N500_K100_H50_nominal_t0p05,2,T017,16,500,100,50,raw/v14_072.npz
kan_generic_N500_K100_H50_nominal_t0p05,2,T018,17,500,100,50,raw/v14_072.npz
kan_generic_N500_K100_H50_nominal_t0p05,2,T019,18,500,100,50,raw/v14_072.npz
kan_generic_N500_K100_H50_nominal_t0p05,2,T020,19,500,100,50,raw/v14_072.npz
kan_generic_N500_K100_H50_nominal_t0p05,2,T021,20,500,100,50,raw/v14_072.npz
kan_generic_N500_K100_H50_nominal_t0p05,2,T022,21,500,100,50,raw/v14_072.npz
kan_generic_N500_K100_H50_nominal_t0p05,2,T023,22,500,100,50,raw/v14_072.npz
kan_generic_N500_K100_H50_nominal_t0p05,2,T024,23,500,100,50,raw/v14_072.npz
kan_generic_N500_K100_H50_nominal_t0p05,2,T025,24,500,100,50,raw/v14_072.npz
kan_generic_N500_K100_H50_nominal_t0p05,2,T026,25,500,100,50,raw/v14_072.npz
kan_generic_N500_K100_H50_nominal_t0p05,2,T027,26,500,100,50,raw/v14_072.npz
kan_generic_N500_K100_H50_nominal_t0p05,2,T028,27,500,100,50,raw/v14_072.npz
kan_generic_N500_K100_H50_nominal_t0p05,2,T029,28,500,100,50,raw/v14_072.npz
kan_generic_N500_K100_H50_nominal_t0p05,2,T030,29,500,100,50,raw/v14_072.npz
kan_generic_N500_K100_H50_nominal_t0p05,3,T001,0,500,100,50,raw/v14_073.npz
kan_generic_N500_K100_H50_nominal_t0p05,3,T002,1,500,100,50,raw/v14_073.npz
kan_generic_N500_K100_H50_nominal_t0p05,3,T003,2,500,100,50,raw/v14_073.npz
kan_generic_N500_K100_H50_nominal_t0p05,3,T004,3,500,100,50,raw/v14_073.npz
kan_generic_N500_K100_H50_nominal_t0p05,3,T005,4,500,100,50,raw/v14_073.npz
kan_generic_N500_K100_H50_nominal_t0p05,3,T006,5,500,100,50,raw/v14_073.npz
kan_generic_N500_K100_H50_nominal_t0p05,3,T007,6,500,100,50,raw/v14_073.npz
kan_generic_N500_K100_H50_nominal_t0p05,3,T008,7,500,100,50,raw/v14_073.npz
kan_generic_N500_K100_H50_nominal_t0p05,3,T009,8,500,100,50,raw/v14_073.npz
kan_generic_N500_K100_H50_nominal_t0p05,3,T010,9,500,100,50,raw/v14_073.npz
kan_generic_N500_K100_H50_nominal_t0p05,3,T011,10,500,100,50,raw/v14_073.npz
kan_generic_N500_K100_H50_nominal_t0p05,3,T012,11,500,100,50,raw/v14_073.npz
kan_generic_N500_K100_H50_nominal_t0p05,3,T013,12,500,100,50,raw/v14_073.npz
kan_generic_N500_K100_H50_nominal_t0p05,3,T014,13,500,100,50,raw/v14_073.npz
kan_generic_N500_K100_H50_nominal_t0p05,3,T015,14,500,100,50,raw/v14_073.npz
kan_generic_N500_K100_H50_nominal_t0p05,3,T016,15,500,100,50,raw/v14_073.npz
kan_generic_N500_K100_H50_nominal_t0p05,3,T017,16,500,100,50,raw/v14_073.npz
kan_generic_N500_K100_H50_nominal_t0p05,3,T018,17,500,100,50,raw/v14_073.npz
kan_generic_N500_K100_H50_nominal_t0p05,3,T019,18,500,100,50,raw/v14_073.npz
kan_generic_N500_K100_H50_nominal_t0p05,3,T020,19,500,100,50,raw/v14_073.npz
kan_generic_N500_K100_H50_nominal_t0p05,3,T021,20,500,100,50,raw/v14_073.npz
kan_generic_N500_K100_H50_nominal_t0p05,3,T022,21,500,100,50,raw/v14_073.npz
kan_generic_N500_K100_H50_nominal_t0p05,3,T023,22,500,100,50,raw/v14_073.npz
kan_generic_N500_K100_H50_nominal_t0p05,3,T024,23,500,100,50,raw/v14_073.npz
kan_generic_N500_K100_H50_nominal_t0p05,3,T025,24,500,100,50,raw/v14_073.npz
kan_generic_N500_K100_H50_nominal_t0p05,3,T026,25,500,100,50,raw/v14_073.npz
kan_generic_N500_K100_H50_nominal_t0p05,3,T027,26,500,100,50,raw/v14_073.npz
kan_generic_N500_K100_H50_nominal_t0p05,3,T028,27,500,100,50,raw/v14_073.npz
kan_generic_N500_K100_H50_nominal_t0p05,3,T029,28,500,100,50,raw/v14_073.npz
kan_generic_N500_K100_H50_nominal_t0p05,3,T030,29,500,100,50,raw/v14_073.npz
kan_generic_N500_K100_H50_nominal_t0p05,4,T001,0,500,100,50,raw/v14_074.npz
kan_generic_N500_K100_H50_nominal_t0p05,4,T002,1,500,100,50,raw/v14_074.npz
kan_generic_N500_K100_H50_nominal_t0p05,4,T003,2,500,100,50,raw/v14_074.npz
kan_generic_N500_K100_H50_nominal_t0p05,4,T004,3,500,100,50,raw/v14_074.npz
kan_generic_N500_K100_H50_nominal_t0p05,4,T005,4,500,100,50,raw/v14_074.npz
kan_generic_N500_K100_H50_nominal_t0p05,4,T006,5,500,100,50,raw/v14_074.npz
kan_generic_N500_K100_H50_nominal_t0p05,4,T007,6,500,100,50,raw/v14_074.npz
kan_generic_N500_K100_H50_nominal_t0p05,4,T008,7,500,100,50,raw/v14_074.npz
kan_generic_N500_K100_H50_nominal_t0p05,4,T009,8,500,100,50,raw/v14_074.npz
kan_generic_N500_K100_H50_nominal_t0p05,4,T010,9,500,100,50,raw/v14_074.npz
kan_generic_N500_K100_H50_nominal_t0p05,4,T011,10,500,100,50,raw/v14_074.npz
kan_generic_N500_K100_H50_nominal_t0p05,4,T012,11,500,100,50,raw/v14_074.npz
kan_generic_N500_K100_H50_nominal_t0p05,4,T013,12,500,100,50,raw/v14_074.npz
kan_generic_N500_K100_H50_nominal_t0p05,4,T014,13,500,100,50,raw/v14_074.npz
kan_generic_N500_K100_H50_nominal_t0p05,4,T015,14,500,100,50,raw/v14_074.npz
kan_generic_N500_K100_H50_nominal_t0p05,4,T016,15,500,100,50,raw/v14_074.npz
kan_generic_N500_K100_H50_nominal_t0p05,4,T017,16,500,100,50,raw/v14_074.npz
kan_generic_N500_K100_H50_nominal_t0p05,4,T018,17,500,100,50,raw/v14_074.npz
kan_generic_N500_K100_H50_nominal_t0p05,4,T019,18,500,100,50,raw/v14_074.npz
kan_generic_N500_K100_H50_nominal_t0p05,4,T020,19,500,100,50,raw/v14_074.npz
kan_generic_N500_K100_H50_nominal_t0p05,4,T021,20,500,100,50,raw/v14_074.npz
kan_generic_N500_K100_H50_nominal_t0p05,4,T022,21,500,100,50,raw/v14_074.npz
kan_generic_N500_K100_H50_nominal_t0p05,4,T023,22,500,100,50,raw/v14_074.npz
kan_generic_N500_K100_H50_nominal_t0p05,4,T024,23,500,100,50,raw/v14_074.npz
kan_generic_N500_K100_H50_nominal_t0p05,4,T025,24,500,100,50,raw/v14_074.npz
kan_generic_N500_K100_H50_nominal_t0p05,4,T026,25,500,100,50,raw/v14_074.npz
kan_generic_N500_K100_H50_nominal_t0p05,4,T027,26,500,100,50,raw/v14_074.npz
kan_generic_N500_K100_H50_nominal_t0p05,4,T028,27,500,100,50,raw/v14_074.npz
kan_generic_N500_K100_H50_nominal_t0p05,4,T029,28,500,100,50,raw/v14_074.npz
kan_generic_N500_K100_H50_nominal_t0p05,4,T030,29,500,100,50,raw/v14_074.npz
kan_generic_N500_K100_H50_nominal_t0p05,5,T001,0,500,100,50,raw/v14_075.npz
kan_generic_N500_K100_H50_nominal_t0p05,5,T002,1,500,100,50,raw/v14_075.npz
kan_generic_N500_K100_H50_nominal_t0p05,5,T003,2,500,100,50,raw/v14_075.npz
kan_generic_N500_K100_H50_nominal_t0p05,5,T004,3,500,100,50,raw/v14_075.npz
kan_generic_N500_K100_H50_nominal_t0p05,5,T005,4,500,100,50,raw/v14_075.npz
kan_generic_N500_K100_H50_nominal_t0p05,5,T006,5,500,100,50,raw/v14_075.npz
kan_generic_N500_K100_H50_nominal_t0p05,5,T007,6,500,100,50,raw/v14_075.npz
kan_generic_N500_K100_H50_nominal_t0p05,5,T008,7,500,100,50,raw/v14_075.npz
kan_generic_N500_K100_H50_nominal_t0p05,5,T009,8,500,100,50,raw/v14_075.npz
kan_generic_N500_K100_H50_nominal_t0p05,5,T010,9,500,100,50,raw/v14_075.npz
kan_generic_N500_K100_H50_nominal_t0p05,5,T011,10,500,100,50,raw/v14_075.npz
kan_generic_N500_K100_H50_nominal_t0p05,5,T012,11,500,100,50,raw/v14_075.npz
kan_generic_N500_K100_H50_nominal_t0p05,5,T013,12,500,100,50,raw/v14_075.npz
kan_generic_N500_K100_H50_nominal_t0p05,5,T014,13,500,100,50,raw/v14_075.npz
kan_generic_N500_K100_H50_nominal_t0p05,5,T015,14,500,100,50,raw/v14_075.npz
kan_generic_N500_K100_H50_nominal_t0p05,5,T016,15,500,100,50,raw/v14_075.npz
kan_generic_N500_K100_H50_nominal_t0p05,5,T017,16,500,100,50,raw/v14_075.npz
kan_generic_N500_K100_H50_nominal_t0p05,5,T018,17,500,100,50,raw/v14_075.npz
kan_generic_N500_K100_H50_nominal_t0p05,5,T019,18,500,100,50,raw/v14_075.npz
kan_generic_N500_K100_H50_nominal_t0p05,5,T020,19,500,100,50,raw/v14_075.npz
kan_generic_N500_K100_H50_nominal_t0p05,5,T021,20,500,100,50,raw/v14_075.npz
kan_generic_N500_K100_H50_nominal_t0p05,5,T022,21,500,100,50,raw/v14_075.npz
kan_generic_N500_K100_H50_nominal_t0p05,5,T023,22,500,100,50,raw/v14_075.npz
kan_generic_N500_K100_H50_nominal_t0p05,5,T024,23,500,100,50,raw/v14_075.npz
kan_generic_N500_K100_H50_nominal_t0p05,5,T025,24,500,100,50,raw/v14_075.npz
kan_generic_N500_K100_H50_nominal_t0p05,5,T026,25,500,100,50,raw/v14_075.npz
kan_generic_N500_K100_H50_nominal_t0p05,5,T027,26,500,100,50,raw/v14_075.npz
kan_generic_N500_K100_H50_nominal_t0p05,5,T028,27,500,100,50,raw/v14_075.npz
kan_generic_N500_K100_H50_nominal_t0p05,5,T029,28,500,100,50,raw/v14_075.npz
kan_generic_N500_K100_H50_nominal_t0p05,5,T030,29,500,100,50,raw/v14_075.npz
kan_generic_N500_K100_H200_nominal_t0p05,1,T001,0,500,100,200,raw/v14_071.npz
kan_generic_N500_K100_H200_nominal_t0p05,1,T002,1,500,100,200,raw/v14_071.npz
kan_generic_N500_K100_H200_nominal_t0p05,1,T003,2,500,100,200,raw/v14_071.npz
kan_generic_N500_K100_H200_nominal_t0p05,1,T004,3,500,100,200,raw/v14_071.npz
kan_generic_N500_K100_H200_nominal_t0p05,1,T005,4,500,100,200,raw/v14_071.npz
kan_generic_N500_K100_H200_nominal_t0p05,1,T006,5,500,100,200,raw/v14_071.npz
kan_generic_N500_K100_H200_nominal_t0p05,1,T007,6,500,100,200,raw/v14_071.npz
kan_generic_N500_K100_H200_nominal_t0p05,1,T008,7,500,100,200,raw/v14_071.npz
kan_generic_N500_K100_H200_nominal_t0p05,1,T009,8,500,100,200,raw/v14_071.npz
kan_generic_N500_K100_H200_nominal_t0p05,1,T010,9,500,100,200,raw/v14_071.npz
kan_generic_N500_K100_H200_nominal_t0p05,1,T011,10,500,100,200,raw/v14_071.npz
kan_generic_N500_K100_H200_nominal_t0p05,1,T012,11,500,100,200,raw/v14_071.npz
kan_generic_N500_K100_H200_nominal_t0p05,1,T013,12,500,100,200,raw/v14_071.npz
kan_generic_N500_K100_H200_nominal_t0p05,1,T014,13,500,100,200,raw/v14_071.npz
kan_generic_N500_K100_H200_nominal_t0p05,1,T015,14,500,100,200,raw/v14_071.npz
kan_generic_N500_K100_H200_nominal_t0p05,1,T016,15,500,100,200,raw/v14_071.npz
kan_generic_N500_K100_H200_nominal_t0p05,1,T017,16,500,100,200,raw/v14_071.npz
kan_generic_N500_K100_H200_nominal_t0p05,1,T018,17,500,100,200,raw/v14_071.npz
kan_generic_N500_K100_H200_nominal_t0p05,1,T019,18,500,100,200,raw/v14_071.npz
kan_generic_N500_K100_H200_nominal_t0p05,1,T020,19,500,100,200,raw/v14_071.npz
kan_generic_N500_K100_H200_nominal_t0p05,1,T021,20,500,100,200,raw/v14_071.npz
kan_generic_N500_K100_H200_nominal_t0p05,1,T022,21,500,100,200,raw/v14_071.npz
kan_generic_N500_K100_H200_nominal_t0p05,1,T023,22,500,100,200,raw/v14_071.npz
kan_generic_N500_K100_H200_nominal_t0p05,1,T024,23,500,100,200,raw/v14_071.npz
kan_generic_N500_K100_H200_nominal_t0p05,1,T025,24,500,100,200,raw/v14_071.npz
kan_generic_N500_K100_H200_nominal_t0p05,1,T026,25,500,100,200,raw/v14_071.npz
kan_generic_N500_K100_H200_nominal_t0p05,1,T027,26,500,100,200,raw/v14_071.npz
kan_generic_N500_K100_H200_nominal_t0p05,1,T028,27,500,100,200,raw/v14_071.npz
kan_generic_N500_K100_H200_nominal_t0p05,1,T029,28,500,100,200,raw/v14_071.npz
kan_generic_N500_K100_H200_nominal_t0p05,1,T030,29,500,100,200,raw/v14_071.npz
kan_generic_N500_K100_H200_nominal_t0p05,2,T001,0,500,100,200,raw/v14_072.npz
kan_generic_N500_K100_H200_nominal_t0p05,2,T002,1,500,100,200,raw/v14_072.npz
kan_generic_N500_K100_H200_nominal_t0p05,2,T003,2,500,100,200,raw/v14_072.npz
kan_generic_N500_K100_H200_nominal_t0p05,2,T004,3,500,100,200,raw/v14_072.npz
kan_generic_N500_K100_H200_nominal_t0p05,2,T005,4,500,100,200,raw/v14_072.npz
kan_generic_N500_K100_H200_nominal_t0p05,2,T006,5,500,100,200,raw/v14_072.npz
kan_generic_N500_K100_H200_nominal_t0p05,2,T007,6,500,100,200,raw/v14_072.npz
kan_generic_N500_K100_H200_nominal_t0p05,2,T008,7,500,100,200,raw/v14_072.npz
kan_generic_N500_K100_H200_nominal_t0p05,2,T009,8,500,100,200,raw/v14_072.npz
kan_generic_N500_K100_H200_nominal_t0p05,2,T010,9,500,100,200,raw/v14_072.npz
kan_generic_N500_K100_H200_nominal_t0p05,2,T011,10,500,100,200,raw/v14_072.npz
kan_generic_N500_K100_H200_nominal_t0p05,2,T012,11,500,100,200,raw/v14_072.npz
kan_generic_N500_K100_H200_nominal_t0p05,2,T013,12,500,100,200,raw/v14_072.npz
kan_generic_N500_K100_H200_nominal_t0p05,2,T014,13,500,100,200,raw/v14_072.npz
kan_generic_N500_K100_H200_nominal_t0p05,2,T015,14,500,100,200,raw/v14_072.npz
kan_generic_N500_K100_H200_nominal_t0p05,2,T016,15,500,100,200,raw/v14_072.npz
kan_generic_N500_K100_H200_nominal_t0p05,2,T017,16,500,100,200,raw/v14_072.npz
kan_generic_N500_K100_H200_nominal_t0p05,2,T018,17,500,100,200,raw/v14_072.npz
kan_generic_N500_K100_H200_nominal_t0p05,2,T019,18,500,100,200,raw/v14_072.npz
kan_generic_N500_K100_H200_nominal_t0p05,2,T020,19,500,100,200,raw/v14_072.npz
kan_generic_N500_K100_H200_nominal_t0p05,2,T021,20,500,100,200,raw/v14_072.npz
kan_generic_N500_K100_H200_nominal_t0p05,2,T022,21,500,100,200,raw/v14_072.npz
kan_generic_N500_K100_H200_nominal_t0p05,2,T023,22,500,100,200,raw/v14_072.npz
kan_generic_N500_K100_H200_nominal_t0p05,2,T024,23,500,100,200,raw/v14_072.npz
kan_generic_N500_K100_H200_nominal_t0p05,2,T025,24,500,100,200,raw/v14_072.npz
kan_generic_N500_K100_H200_nominal_t0p05,2,T026,25,500,100,200,raw/v14_072.npz
kan_generic_N500_K100_H200_nominal_t0p05,2,T027,26,500,100,200,raw/v14_072.npz
kan_generic_N500_K100_H200_nominal_t0p05,2,T028,27,500,100,200,raw/v14_072.npz
kan_generic_N500_K100_H200_nominal_t0p05,2,T029,28,500,100,200,raw/v14_072.npz
kan_generic_N500_K100_H200_nominal_t0p05,2,T030,29,500,100,200,raw/v14_072.npz
kan_generic_N500_K100_H200_nominal_t0p05,3,T001,0,500,100,200,raw/v14_073.npz
kan_generic_N500_K100_H200_nominal_t0p05,3,T002,1,500,100,200,raw/v14_073.npz
kan_generic_N500_K100_H200_nominal_t0p05,3,T003,2,500,100,200,raw/v14_073.npz
kan_generic_N500_K100_H200_nominal_t0p05,3,T004,3,500,100,200,raw/v14_073.npz
kan_generic_N500_K100_H200_nominal_t0p05,3,T005,4,500,100,200,raw/v14_073.npz
kan_generic_N500_K100_H200_nominal_t0p05,3,T006,5,500,100,200,raw/v14_073.npz
kan_generic_N500_K100_H200_nominal_t0p05,3,T007,6,500,100,200,raw/v14_073.npz
kan_generic_N500_K100_H200_nominal_t0p05,3,T008,7,500,100,200,raw/v14_073.npz
kan_generic_N500_K100_H200_nominal_t0p05,3,T009,8,500,100,200,raw/v14_073.npz
kan_generic_N500_K100_H200_nominal_t0p05,3,T010,9,500,100,200,raw/v14_073.npz
kan_generic_N500_K100_H200_nominal_t0p05,3,T011,10,500,100,200,raw/v14_073.npz
kan_generic_N500_K100_H200_nominal_t0p05,3,T012,11,500,100,200,raw/v14_073.npz
kan_generic_N500_K100_H200_nominal_t0p05,3,T013,12,500,100,200,raw/v14_073.npz
kan_generic_N500_K100_H200_nominal_t0p05,3,T014,13,500,100,200,raw/v14_073.npz
kan_generic_N500_K100_H200_nominal_t0p05,3,T015,14,500,100,200,raw/v14_073.npz
kan_generic_N500_K100_H200_nominal_t0p05,3,T016,15,500,100,200,raw/v14_073.npz
kan_generic_N500_K100_H200_nominal_t0p05,3,T017,16,500,100,200,raw/v14_073.npz
kan_generic_N500_K100_H200_nominal_t0p05,3,T018,17,500,100,200,raw/v14_073.npz
kan_generic_N500_K100_H200_nominal_t0p05,3,T019,18,500,100,200,raw/v14_073.npz
kan_generic_N500_K100_H200_nominal_t0p05,3,T020,19,500,100,200,raw/v14_073.npz
kan_generic_N500_K100_H200_nominal_t0p05,3,T021,20,500,100,200,raw/v14_073.npz
kan_generic_N500_K100_H200_nominal_t0p05,3,T022,21,500,100,200,raw/v14_073.npz
kan_generic_N500_K100_H200_nominal_t0p05,3,T023,22,500,100,200,raw/v14_073.npz
kan_generic_N500_K100_H200_nominal_t0p05,3,T024,23,500,100,200,raw/v14_073.npz
kan_generic_N500_K100_H200_nominal_t0p05,3,T025,24,500,100,200,raw/v14_073.npz
kan_generic_N500_K100_H200_nominal_t0p05,3,T026,25,500,100,200,raw/v14_073.npz
kan_generic_N500_K100_H200_nominal_t0p05,3,T027,26,500,100,200,raw/v14_073.npz
kan_generic_N500_K100_H200_nominal_t0p05,3,T028,27,500,100,200,raw/v14_073.npz
kan_generic_N500_K100_H200_nominal_t0p05,3,T029,28,500,100,200,raw/v14_073.npz
kan_generic_N500_K100_H200_nominal_t0p05,3,T030,29,500,100,200,raw/v14_073.npz
kan_generic_N500_K100_H200_nominal_t0p05,4,T001,0,500,100,200,raw/v14_074.npz
kan_generic_N500_K100_H200_nominal_t0p05,4,T002,1,500,100,200,raw/v14_074.npz
kan_generic_N500_K100_H200_nominal_t0p05,4,T003,2,500,100,200,raw/v14_074.npz
kan_generic_N500_K100_H200_nominal_t0p05,4,T004,3,500,100,200,raw/v14_074.npz
kan_generic_N500_K100_H200_nominal_t0p05,4,T005,4,500,100,200,raw/v14_074.npz
kan_generic_N500_K100_H200_nominal_t0p05,4,T006,5,500,100,200,raw/v14_074.npz
kan_generic_N500_K100_H200_nominal_t0p05,4,T007,6,500,100,200,raw/v14_074.npz
kan_generic_N500_K100_H200_nominal_t0p05,4,T008,7,500,100,200,raw/v14_074.npz
kan_generic_N500_K100_H200_nominal_t0p05,4,T009,8,500,100,200,raw/v14_074.npz
kan_generic_N500_K100_H200_nominal_t0p05,4,T010,9,500,100,200,raw/v14_074.npz
kan_generic_N500_K100_H200_nominal_t0p05,4,T011,10,500,100,200,raw/v14_074.npz
kan_generic_N500_K100_H200_nominal_t0p05,4,T012,11,500,100,200,raw/v14_074.npz
kan_generic_N500_K100_H200_nominal_t0p05,4,T013,12,500,100,200,raw/v14_074.npz
kan_generic_N500_K100_H200_nominal_t0p05,4,T014,13,500,100,200,raw/v14_074.npz
kan_generic_N500_K100_H200_nominal_t0p05,4,T015,14,500,100,200,raw/v14_074.npz
kan_generic_N500_K100_H200_nominal_t0p05,4,T016,15,500,100,200,raw/v14_074.npz
kan_generic_N500_K100_H200_nominal_t0p05,4,T017,16,500,100,200,raw/v14_074.npz
kan_generic_N500_K100_H200_nominal_t0p05,4,T018,17,500,100,200,raw/v14_074.npz
kan_generic_N500_K100_H200_nominal_t0p05,4,T019,18,500,100,200,raw/v14_074.npz
kan_generic_N500_K100_H200_nominal_t0p05,4,T020,19,500,100,200,raw/v14_074.npz
kan_generic_N500_K100_H200_nominal_t0p05,4,T021,20,500,100,200,raw/v14_074.npz
kan_generic_N500_K100_H200_nominal_t0p05,4,T022,21,500,100,200,raw/v14_074.npz
kan_generic_N500_K100_H200_nominal_t0p05,4,T023,22,500,100,200,raw/v14_074.npz
kan_generic_N500_K100_H200_nominal_t0p05,4,T024,23,500,100,200,raw/v14_074.npz
kan_generic_N500_K100_H200_nominal_t0p05,4,T025,24,500,100,200,raw/v14_074.npz
kan_generic_N500_K100_H200_nominal_t0p05,4,T026,25,500,100,200,raw/v14_074.npz
kan_generic_N500_K100_H200_nominal_t0p05,4,T027,26,500,100,200,raw/v14_074.npz
kan_generic_N500_K100_H200_nominal_t0p05,4,T028,27,500,100,200,raw/v14_074.npz
kan_generic_N500_K100_H200_nominal_t0p05,4,T029,28,500,100,200,raw/v14_074.npz
kan_generic_N500_K100_H200_nominal_t0p05,4,T030,29,500,100,200,raw/v14_074.npz
kan_generic_N500_K100_H200_nominal_t0p05,5,T001,0,500,100,200,raw/v14_075.npz
kan_generic_N500_K100_H200_nominal_t0p05,5,T002,1,500,100,200,raw/v14_075.npz
kan_generic_N500_K100_H200_nominal_t0p05,5,T003,2,500,100,200,raw/v14_075.npz
kan_generic_N500_K100_H200_nominal_t0p05,5,T004,3,500,100,200,raw/v14_075.npz
kan_generic_N500_K100_H200_nominal_t0p05,5,T005,4,500,100,200,raw/v14_075.npz
kan_generic_N500_K100_H200_nominal_t0p05,5,T006,5,500,100,200,raw/v14_075.npz
kan_generic_N500_K100_H200_nominal_t0p05,5,T007,6,500,100,200,raw/v14_075.npz
kan_generic_N500_K100_H200_nominal_t0p05,5,T008,7,500,100,200,raw/v14_075.npz
kan_generic_N500_K100_H200_nominal_t0p05,5,T009,8,500,100,200,raw/v14_075.npz
kan_generic_N500_K100_H200_nominal_t0p05,5,T010,9,500,100,200,raw/v14_075.npz
kan_generic_N500_K100_H200_nominal_t0p05,5,T011,10,500,100,200,raw/v14_075.npz
kan_generic_N500_K100_H200_nominal_t0p05,5,T012,11,500,100,200,raw/v14_075.npz
kan_generic_N500_K100_H200_nominal_t0p05,5,T013,12,500,100,200,raw/v14_075.npz
kan_generic_N500_K100_H200_nominal_t0p05,5,T014,13,500,100,200,raw/v14_075.npz
kan_generic_N500_K100_H200_nominal_t0p05,5,T015,14,500,100,200,raw/v14_075.npz
kan_generic_N500_K100_H200_nominal_t0p05,5,T016,15,500,100,200,raw/v14_075.npz
kan_generic_N500_K100_H200_nominal_t0p05,5,T017,16,500,100,200,raw/v14_075.npz
kan_generic_N500_K100_H200_nominal_t0p05,5,T018,17,500,100,200,raw/v14_075.npz
kan_generic_N500_K100_H200_nominal_t0p05,5,T019,18,500,100,200,raw/v14_075.npz
kan_generic_N500_K100_H200_nominal_t0p05,5,T020,19,500,100,200,raw/v14_075.npz
kan_generic_N500_K100_H200_nominal_t0p05,5,T021,20,500,100,200,raw/v14_075.npz
kan_generic_N500_K100_H200_nominal_t0p05,5,T022,21,500,100,200,raw/v14_075.npz
kan_generic_N500_K100_H200_nominal_t0p05,5,T023,22,500,100,200,raw/v14_075.npz
kan_generic_N500_K100_H200_nominal_t0p05,5,T024,23,500,100,200,raw/v14_075.npz
kan_generic_N500_K100_H200_nominal_t0p05,5,T025,24,500,100,200,raw/v14_075.npz
kan_generic_N500_K100_H200_nominal_t0p05,5,T026,25,500,100,200,raw/v14_075.npz
kan_generic_N500_K100_H200_nominal_t0p05,5,T027,26,500,100,200,raw/v14_075.npz
kan_generic_N500_K100_H200_nominal_t0p05,5,T028,27,500,100,200,raw/v14_075.npz
kan_generic_N500_K100_H200_nominal_t0p05,5,T029,28,500,100,200,raw/v14_075.npz
kan_generic_N500_K100_H200_nominal_t0p05,5,T030,29,500,100,200,raw/v14_075.npz
kan_generic_N500_K100_H800_nominal_t0p05,1,T001,0,500,100,800,raw/v14_071.npz
kan_generic_N500_K100_H800_nominal_t0p05,1,T002,1,500,100,800,raw/v14_071.npz
kan_generic_N500_K100_H800_nominal_t0p05,1,T003,2,500,100,800,raw/v14_071.npz
kan_generic_N500_K100_H800_nominal_t0p05,1,T004,3,500,100,800,raw/v14_071.npz
kan_generic_N500_K100_H800_nominal_t0p05,1,T005,4,500,100,800,raw/v14_071.npz
kan_generic_N500_K100_H800_nominal_t0p05,1,T006,5,500,100,800,raw/v14_071.npz
kan_generic_N500_K100_H800_nominal_t0p05,1,T007,6,500,100,800,raw/v14_071.npz
kan_generic_N500_K100_H800_nominal_t0p05,1,T008,7,500,100,800,raw/v14_071.npz
kan_generic_N500_K100_H800_nominal_t0p05,1,T009,8,500,100,800,raw/v14_071.npz
kan_generic_N500_K100_H800_nominal_t0p05,1,T010,9,500,100,800,raw/v14_071.npz
kan_generic_N500_K100_H800_nominal_t0p05,1,T011,10,500,100,800,raw/v14_071.npz
kan_generic_N500_K100_H800_nominal_t0p05,1,T012,11,500,100,800,raw/v14_071.npz
kan_generic_N500_K100_H800_nominal_t0p05,1,T013,12,500,100,800,raw/v14_071.npz
kan_generic_N500_K100_H800_nominal_t0p05,1,T014,13,500,100,800,raw/v14_071.npz
kan_generic_N500_K100_H800_nominal_t0p05,1,T015,14,500,100,800,raw/v14_071.npz
kan_generic_N500_K100_H800_nominal_t0p05,1,T016,15,500,100,800,raw/v14_071.npz
kan_generic_N500_K100_H800_nominal_t0p05,1,T017,16,500,100,800,raw/v14_071.npz
kan_generic_N500_K100_H800_nominal_t0p05,1,T018,17,500,100,800,raw/v14_071.npz
kan_generic_N500_K100_H800_nominal_t0p05,1,T019,18,500,100,800,raw/v14_071.npz
kan_generic_N500_K100_H800_nominal_t0p05,1,T020,19,500,100,800,raw/v14_071.npz
kan_generic_N500_K100_H800_nominal_t0p05,1,T021,20,500,100,800,raw/v14_071.npz
kan_generic_N500_K100_H800_nominal_t0p05,1,T022,21,500,100,800,raw/v14_071.npz
kan_generic_N500_K100_H800_nominal_t0p05,1,T023,22,500,100,800,raw/v14_071.npz
kan_generic_N500_K100_H800_nominal_t0p05,1,T024,23,500,100,800,raw/v14_071.npz
kan_generic_N500_K100_H800_nominal_t0p05,1,T025,24,500,100,800,raw/v14_071.npz
kan_generic_N500_K100_H800_nominal_t0p05,1,T026,25,500,100,800,raw/v14_071.npz
kan_generic_N500_K100_H800_nominal_t0p05,1,T027,26,500,100,800,raw/v14_071.npz
kan_generic_N500_K100_H800_nominal_t0p05,1,T028,27,500,100,800,raw/v14_071.npz
kan_generic_N500_K100_H800_nominal_t0p05,1,T029,28,500,100,800,raw/v14_071.npz
kan_generic_N500_K100_H800_nominal_t0p05,1,T030,29,500,100,800,raw/v14_071.npz
kan_generic_N500_K100_H800_nominal_t0p05,2,T001,0,500,100,800,raw/v14_072.npz
kan_generic_N500_K100_H800_nominal_t0p05,2,T002,1,500,100,800,raw/v14_072.npz
kan_generic_N500_K100_H800_nominal_t0p05,2,T003,2,500,100,800,raw/v14_072.npz
kan_generic_N500_K100_H800_nominal_t0p05,2,T004,3,500,100,800,raw/v14_072.npz
kan_generic_N500_K100_H800_nominal_t0p05,2,T005,4,500,100,800,raw/v14_072.npz
kan_generic_N500_K100_H800_nominal_t0p05,2,T006,5,500,100,800,raw/v14_072.npz
kan_generic_N500_K100_H800_nominal_t0p05,2,T007,6,500,100,800,raw/v14_072.npz
kan_generic_N500_K100_H800_nominal_t0p05,2,T008,7,500,100,800,raw/v14_072.npz
kan_generic_N500_K100_H800_nominal_t0p05,2,T009,8,500,100,800,raw/v14_072.npz
kan_generic_N500_K100_H800_nominal_t0p05,2,T010,9,500,100,800,raw/v14_072.npz
kan_generic_N500_K100_H800_nominal_t0p05,2,T011,10,500,100,800,raw/v14_072.npz
kan_generic_N500_K100_H800_nominal_t0p05,2,T012,11,500,100,800,raw/v14_072.npz
kan_generic_N500_K100_H800_nominal_t0p05,2,T013,12,500,100,800,raw/v14_072.npz
kan_generic_N500_K100_H800_nominal_t0p05,2,T014,13,500,100,800,raw/v14_072.npz
kan_generic_N500_K100_H800_nominal_t0p05,2,T015,14,500,100,800,raw/v14_072.npz
kan_generic_N500_K100_H800_nominal_t0p05,2,T016,15,500,100,800,raw/v14_072.npz
kan_generic_N500_K100_H800_nominal_t0p05,2,T017,16,500,100,800,raw/v14_072.npz
kan_generic_N500_K100_H800_nominal_t0p05,2,T018,17,500,100,800,raw/v14_072.npz
kan_generic_N500_K100_H800_nominal_t0p05,2,T019,18,500,100,800,raw/v14_072.npz
kan_generic_N500_K100_H800_nominal_t0p05,2,T020,19,500,100,800,raw/v14_072.npz
kan_generic_N500_K100_H800_nominal_t0p05,2,T021,20,500,100,800,raw/v14_072.npz
kan_generic_N500_K100_H800_nominal_t0p05,2,T022,21,500,100,800,raw/v14_072.npz
kan_generic_N500_K100_H800_nominal_t0p05,2,T023,22,500,100,800,raw/v14_072.npz
kan_generic_N500_K100_H800_nominal_t0p05,2,T024,23,500,100,800,raw/v14_072.npz
kan_generic_N500_K100_H800_nominal_t0p05,2,T025,24,500,100,800,raw/v14_072.npz
kan_generic_N500_K100_H800_nominal_t0p05,2,T026,25,500,100,800,raw/v14_072.npz
kan_generic_N500_K100_H800_nominal_t0p05,2,T027,26,500,100,800,raw/v14_072.npz
kan_generic_N500_K100_H800_nominal_t0p05,2,T028,27,500,100,800,raw/v14_072.npz
kan_generic_N500_K100_H800_nominal_t0p05,2,T029,28,500,100,800,raw/v14_072.npz
kan_generic_N500_K100_H800_nominal_t0p05,2,T030,29,500,100,800,raw/v14_072.npz
kan_generic_N500_K100_H800_nominal_t0p05,3,T001,0,500,100,800,raw/v14_073.npz
kan_generic_N500_K100_H800_nominal_t0p05,3,T002,1,500,100,800,raw/v14_073.npz
kan_generic_N500_K100_H800_nominal_t0p05,3,T003,2,500,100,800,raw/v14_073.npz
kan_generic_N500_K100_H800_nominal_t0p05,3,T004,3,500,100,800,raw/v14_073.npz
kan_generic_N500_K100_H800_nominal_t0p05,3,T005,4,500,100,800,raw/v14_073.npz
kan_generic_N500_K100_H800_nominal_t0p05,3,T006,5,500,100,800,raw/v14_073.npz
kan_generic_N500_K100_H800_nominal_t0p05,3,T007,6,500,100,800,raw/v14_073.npz
kan_generic_N500_K100_H800_nominal_t0p05,3,T008,7,500,100,800,raw/v14_073.npz
kan_generic_N500_K100_H800_nominal_t0p05,3,T009,8,500,100,800,raw/v14_073.npz
kan_generic_N500_K100_H800_nominal_t0p05,3,T010,9,500,100,800,raw/v14_073.npz
kan_generic_N500_K100_H800_nominal_t0p05,3,T011,10,500,100,800,raw/v14_073.npz
kan_generic_N500_K100_H800_nominal_t0p05,3,T012,11,500,100,800,raw/v14_073.npz
kan_generic_N500_K100_H800_nominal_t0p05,3,T013,12,500,100,800,raw/v14_073.npz
kan_generic_N500_K100_H800_nominal_t0p05,3,T014,13,500,100,800,raw/v14_073.npz
kan_generic_N500_K100_H800_nominal_t0p05,3,T015,14,500,100,800,raw/v14_073.npz
kan_generic_N500_K100_H800_nominal_t0p05,3,T016,15,500,100,800,raw/v14_073.npz
kan_generic_N500_K100_H800_nominal_t0p05,3,T017,16,500,100,800,raw/v14_073.npz
kan_generic_N500_K100_H800_nominal_t0p05,3,T018,17,500,100,800,raw/v14_073.npz
kan_generic_N500_K100_H800_nominal_t0p05,3,T019,18,500,100,800,raw/v14_073.npz
kan_generic_N500_K100_H800_nominal_t0p05,3,T020,19,500,100,800,raw/v14_073.npz
kan_generic_N500_K100_H800_nominal_t0p05,3,T021,20,500,100,800,raw/v14_073.npz
kan_generic_N500_K100_H800_nominal_t0p05,3,T022,21,500,100,800,raw/v14_073.npz
kan_generic_N500_K100_H800_nominal_t0p05,3,T023,22,500,100,800,raw/v14_073.npz
kan_generic_N500_K100_H800_nominal_t0p05,3,T024,23,500,100,800,raw/v14_073.npz
kan_generic_N500_K100_H800_nominal_t0p05,3,T025,24,500,100,800,raw/v14_073.npz
kan_generic_N500_K100_H800_nominal_t0p05,3,T026,25,500,100,800,raw/v14_073.npz
kan_generic_N500_K100_H800_nominal_t0p05,3,T027,26,500,100,800,raw/v14_073.npz
kan_generic_N500_K100_H800_nominal_t0p05,3,T028,27,500,100,800,raw/v14_073.npz
kan_generic_N500_K100_H800_nominal_t0p05,3,T029,28,500,100,800,raw/v14_073.npz
kan_generic_N500_K100_H800_nominal_t0p05,3,T030,29,500,100,800,raw/v14_073.npz
kan_generic_N500_K100_H800_nominal_t0p05,4,T001,0,500,100,800,raw/v14_074.npz
kan_generic_N500_K100_H800_nominal_t0p05,4,T002,1,500,100,800,raw/v14_074.npz
kan_generic_N500_K100_H800_nominal_t0p05,4,T003,2,500,100,800,raw/v14_074.npz
kan_generic_N500_K100_H800_nominal_t0p05,4,T004,3,500,100,800,raw/v14_074.npz
kan_generic_N500_K100_H800_nominal_t0p05,4,T005,4,500,100,800,raw/v14_074.npz
kan_generic_N500_K100_H800_nominal_t0p05,4,T006,5,500,100,800,raw/v14_074.npz
kan_generic_N500_K100_H800_nominal_t0p05,4,T007,6,500,100,800,raw/v14_074.npz
kan_generic_N500_K100_H800_nominal_t0p05,4,T008,7,500,100,800,raw/v14_074.npz
kan_generic_N500_K100_H800_nominal_t0p05,4,T009,8,500,100,800,raw/v14_074.npz
kan_generic_N500_K100_H800_nominal_t0p05,4,T010,9,500,100,800,raw/v14_074.npz
kan_generic_N500_K100_H800_nominal_t0p05,4,T011,10,500,100,800,raw/v14_074.npz
kan_generic_N500_K100_H800_nominal_t0p05,4,T012,11,500,100,800,raw/v14_074.npz
kan_generic_N500_K100_H800_nominal_t0p05,4,T013,12,500,100,800,raw/v14_074.npz
kan_generic_N500_K100_H800_nominal_t0p05,4,T014,13,500,100,800,raw/v14_074.npz
kan_generic_N500_K100_H800_nominal_t0p05,4,T015,14,500,100,800,raw/v14_074.npz
kan_generic_N500_K100_H800_nominal_t0p05,4,T016,15,500,100,800,raw/v14_074.npz
kan_generic_N500_K100_H800_nominal_t0p05,4,T017,16,500,100,800,raw/v14_074.npz
kan_generic_N500_K100_H800_nominal_t0p05,4,T018,17,500,100,800,raw/v14_074.npz
kan_generic_N500_K100_H800_nominal_t0p05,4,T019,18,500,100,800,raw/v14_074.npz
kan_generic_N500_K100_H800_nominal_t0p05,4,T020,19,500,100,800,raw/v14_074.npz
kan_generic_N500_K100_H800_nominal_t0p05,4,T021,20,500,100,800,raw/v14_074.npz
kan_generic_N500_K100_H800_nominal_t0p05,4,T022,21,500,100,800,raw/v14_074.npz
kan_generic_N500_K100_H800_nominal_t0p05,4,T023,22,500,100,800,raw/v14_074.npz
kan_generic_N500_K100_H800_nominal_t0p05,4,T024,23,500,100,800,raw/v14_074.npz
kan_generic_N500_K100_H800_nominal_t0p05,4,T025,24,500,100,800,raw/v14_074.npz
kan_generic_N500_K100_H800_nominal_t0p05,4,T026,25,500,100,800,raw/v14_074.npz
kan_generic_N500_K100_H800_nominal_t0p05,4,T027,26,500,100,800,raw/v14_074.npz
kan_generic_N500_K100_H800_nominal_t0p05,4,T028,27,500,100,800,raw/v14_074.npz
kan_generic_N500_K100_H800_nominal_t0p05,4,T029,28,500,100,800,raw/v14_074.npz
kan_generic_N500_K100_H800_nominal_t0p05,4,T030,29,500,100,800,raw/v14_074.npz
kan_generic_N500_K100_H800_nominal_t0p05,5,T001,0,500,100,800,raw/v14_075.npz
kan_generic_N500_K100_H800_nominal_t0p05,5,T002,1,500,100,800,raw/v14_075.npz
kan_generic_N500_K100_H800_nominal_t0p05,5,T003,2,500,100,800,raw/v14_075.npz
kan_generic_N500_K100_H800_nominal_t0p05,5,T004,3,500,100,800,raw/v14_075.npz
kan_generic_N500_K100_H800_nominal_t0p05,5,T005,4,500,100,800,raw/v14_075.npz
kan_generic_N500_K100_H800_nominal_t0p05,5,T006,5,500,100,800,raw/v14_075.npz
kan_generic_N500_K100_H800_nominal_t0p05,5,T007,6,500,100,800,raw/v14_075.npz
kan_generic_N500_K100_H800_nominal_t0p05,5,T008,7,500,100,800,raw/v14_075.npz
kan_generic_N500_K100_H800_nominal_t0p05,5,T009,8,500,100,800,raw/v14_075.npz
kan_generic_N500_K100_H800_nominal_t0p05,5,T010,9,500,100,800,raw/v14_075.npz
kan_generic_N500_K100_H800_nominal_t0p05,5,T011,10,500,100,800,raw/v14_075.npz
kan_generic_N500_K100_H800_nominal_t0p05,5,T012,11,500,100,800,raw/v14_075.npz
kan_generic_N500_K100_H800_nominal_t0p05,5,T013,12,500,100,800,raw/v14_075.npz
kan_generic_N500_K100_H800_nominal_t0p05,5,T014,13,500,100,800,raw/v14_075.npz
kan_generic_N500_K100_H800_nominal_t0p05,5,T015,14,500,100,800,raw/v14_075.npz
kan_generic_N500_K100_H800_nominal_t0p05,5,T016,15,500,100,800,raw/v14_075.npz
kan_generic_N500_K100_H800_nominal_t0p05,5,T017,16,500,100,800,raw/v14_075.npz
kan_generic_N500_K100_H800_nominal_t0p05,5,T018,17,500,100,800,raw/v14_075.npz
kan_generic_N500_K100_H800_nominal_t0p05,5,T019,18,500,100,800,raw/v14_075.npz
kan_generic_N500_K100_H800_nominal_t0p05,5,T020,19,500,100,800,raw/v14_075.npz
kan_generic_N500_K100_H800_nominal_t0p05,5,T021,20,500,100,800,raw/v14_075.npz
kan_generic_N500_K100_H800_nominal_t0p05,5,T022,21,500,100,800,raw/v14_075.npz
kan_generic_N500_K100_H800_nominal_t0p05,5,T023,22,500,100,800,raw/v14_075.npz
kan_generic_N500_K100_H800_nominal_t0p05,5,T024,23,500,100,800,raw/v14_075.npz
kan_generic_N500_K100_H800_nominal_t0p05,5,T025,24,500,100,800,raw/v14_075.npz
kan_generic_N500_K100_H800_nominal_t0p05,5,T026,25,500,100,800,raw/v14_075.npz
kan_generic_N500_K100_H800_nominal_t0p05,5,T027,26,500,100,800,raw/v14_075.npz
kan_generic_N500_K100_H800_nominal_t0p05,5,T028,27,500,100,800,raw/v14_075.npz
kan_generic_N500_K100_H800_nominal_t0p05,5,T029,28,500,100,800,raw/v14_075.npz
kan_generic_N500_K100_H800_nominal_t0p05,5,T030,29,500,100,800,raw/v14_075.npz
kan_generic_N1000_K100_H50_nominal_t0p05,1,T001,0,1000,100,50,raw/v14_076.npz
kan_generic_N1000_K100_H50_nominal_t0p05,1,T002,1,1000,100,50,raw/v14_076.npz
kan_generic_N1000_K100_H50_nominal_t0p05,1,T003,2,1000,100,50,raw/v14_076.npz
kan_generic_N1000_K100_H50_nominal_t0p05,1,T004,3,1000,100,50,raw/v14_076.npz
kan_generic_N1000_K100_H50_nominal_t0p05,1,T005,4,1000,100,50,raw/v14_076.npz
kan_generic_N1000_K100_H50_nominal_t0p05,1,T006,5,1000,100,50,raw/v14_076.npz
kan_generic_N1000_K100_H50_nominal_t0p05,1,T007,6,1000,100,50,raw/v14_076.npz
kan_generic_N1000_K100_H50_nominal_t0p05,1,T008,7,1000,100,50,raw/v14_076.npz
kan_generic_N1000_K100_H50_nominal_t0p05,1,T009,8,1000,100,50,raw/v14_076.npz
kan_generic_N1000_K100_H50_nominal_t0p05,1,T010,9,1000,100,50,raw/v14_076.npz
kan_generic_N1000_K100_H50_nominal_t0p05,1,T011,10,1000,100,50,raw/v14_076.npz
kan_generic_N1000_K100_H50_nominal_t0p05,1,T012,11,1000,100,50,raw/v14_076.npz
kan_generic_N1000_K100_H50_nominal_t0p05,1,T013,12,1000,100,50,raw/v14_076.npz
kan_generic_N1000_K100_H50_nominal_t0p05,1,T014,13,1000,100,50,raw/v14_076.npz
kan_generic_N1000_K100_H50_nominal_t0p05,1,T015,14,1000,100,50,raw/v14_076.npz
kan_generic_N1000_K100_H50_nominal_t0p05,1,T016,15,1000,100,50,raw/v14_076.npz
kan_generic_N1000_K100_H50_nominal_t0p05,1,T017,16,1000,100,50,raw/v14_076.npz
kan_generic_N1000_K100_H50_nominal_t0p05,1,T018,17,1000,100,50,raw/v14_076.npz
kan_generic_N1000_K100_H50_nominal_t0p05,1,T019,18,1000,100,50,raw/v14_076.npz
kan_generic_N1000_K100_H50_nominal_t0p05,1,T020,19,1000,100,50,raw/v14_076.npz
kan_generic_N1000_K100_H50_nominal_t0p05,1,T021,20,1000,100,50,raw/v14_076.npz
kan_generic_N1000_K100_H50_nominal_t0p05,1,T022,21,1000,100,50,raw/v14_076.npz
kan_generic_N1000_K100_H50_nominal_t0p05,1,T023,22,1000,100,50,raw/v14_076.npz
kan_generic_N1000_K100_H50_nominal_t0p05,1,T024,23,1000,100,50,raw/v14_076.npz
kan_generic_N1000_K100_H50_nominal_t0p05,1,T025,24,1000,100,50,raw/v14_076.npz
kan_generic_N1000_K100_H50_nominal_t0p05,1,T026,25,1000,100,50,raw/v14_076.npz
kan_generic_N1000_K100_H50_nominal_t0p05,1,T027,26,1000,100,50,raw/v14_076.npz
kan_generic_N1000_K100_H50_nominal_t0p05,1,T028,27,1000,100,50,raw/v14_076.npz
kan_generic_N1000_K100_H50_nominal_t0p05,1,T029,28,1000,100,50,raw/v14_076.npz
kan_generic_N1000_K100_H50_nominal_t0p05,1,T030,29,1000,100,50,raw/v14_076.npz
kan_generic_N1000_K100_H50_nominal_t0p05,2,T001,0,1000,100,50,raw/v14_077.npz
kan_generic_N1000_K100_H50_nominal_t0p05,2,T002,1,1000,100,50,raw/v14_077.npz
kan_generic_N1000_K100_H50_nominal_t0p05,2,T003,2,1000,100,50,raw/v14_077.npz
kan_generic_N1000_K100_H50_nominal_t0p05,2,T004,3,1000,100,50,raw/v14_077.npz
kan_generic_N1000_K100_H50_nominal_t0p05,2,T005,4,1000,100,50,raw/v14_077.npz
kan_generic_N1000_K100_H50_nominal_t0p05,2,T006,5,1000,100,50,raw/v14_077.npz
kan_generic_N1000_K100_H50_nominal_t0p05,2,T007,6,1000,100,50,raw/v14_077.npz
kan_generic_N1000_K100_H50_nominal_t0p05,2,T008,7,1000,100,50,raw/v14_077.npz
kan_generic_N1000_K100_H50_nominal_t0p05,2,T009,8,1000,100,50,raw/v14_077.npz
kan_generic_N1000_K100_H50_nominal_t0p05,2,T010,9,1000,100,50,raw/v14_077.npz
kan_generic_N1000_K100_H50_nominal_t0p05,2,T011,10,1000,100,50,raw/v14_077.npz
kan_generic_N1000_K100_H50_nominal_t0p05,2,T012,11,1000,100,50,raw/v14_077.npz
kan_generic_N1000_K100_H50_nominal_t0p05,2,T013,12,1000,100,50,raw/v14_077.npz
kan_generic_N1000_K100_H50_nominal_t0p05,2,T014,13,1000,100,50,raw/v14_077.npz
kan_generic_N1000_K100_H50_nominal_t0p05,2,T015,14,1000,100,50,raw/v14_077.npz
kan_generic_N1000_K100_H50_nominal_t0p05,2,T016,15,1000,100,50,raw/v14_077.npz
kan_generic_N1000_K100_H50_nominal_t0p05,2,T017,16,1000,100,50,raw/v14_077.npz
kan_generic_N1000_K100_H50_nominal_t0p05,2,T018,17,1000,100,50,raw/v14_077.npz
kan_generic_N1000_K100_H50_nominal_t0p05,2,T019,18,1000,100,50,raw/v14_077.npz
kan_generic_N1000_K100_H50_nominal_t0p05,2,T020,19,1000,100,50,raw/v14_077.npz
kan_generic_N1000_K100_H50_nominal_t0p05,2,T021,20,1000,100,50,raw/v14_077.npz
kan_generic_N1000_K100_H50_nominal_t0p05,2,T022,21,1000,100,50,raw/v14_077.npz
kan_generic_N1000_K100_H50_nominal_t0p05,2,T023,22,1000,100,50,raw/v14_077.npz
kan_generic_N1000_K100_H50_nominal_t0p05,2,T024,23,1000,100,50,raw/v14_077.npz
kan_generic_N1000_K100_H50_nominal_t0p05,2,T025,24,1000,100,50,raw/v14_077.npz
kan_generic_N1000_K100_H50_nominal_t0p05,2,T026,25,1000,100,50,raw/v14_077.npz
kan_generic_N1000_K100_H50_nominal_t0p05,2,T027,26,1000,100,50,raw/v14_077.npz
kan_generic_N1000_K100_H50_nominal_t0p05,2,T028,27,1000,100,50,raw/v14_077.npz
kan_generic_N1000_K100_H50_nominal_t0p05,2,T029,28,1000,100,50,raw/v14_077.npz
kan_generic_N1000_K100_H50_nominal_t0p05,2,T030,29,1000,100,50,raw/v14_077.npz
kan_generic_N1000_K100_H50_nominal_t0p05,3,T001,0,1000,100,50,raw/v14_078.npz
kan_generic_N1000_K100_H50_nominal_t0p05,3,T002,1,1000,100,50,raw/v14_078.npz
kan_generic_N1000_K100_H50_nominal_t0p05,3,T003,2,1000,100,50,raw/v14_078.npz
kan_generic_N1000_K100_H50_nominal_t0p05,3,T004,3,1000,100,50,raw/v14_078.npz
kan_generic_N1000_K100_H50_nominal_t0p05,3,T005,4,1000,100,50,raw/v14_078.npz
kan_generic_N1000_K100_H50_nominal_t0p05,3,T006,5,1000,100,50,raw/v14_078.npz
kan_generic_N1000_K100_H50_nominal_t0p05,3,T007,6,1000,100,50,raw/v14_078.npz
kan_generic_N1000_K100_H50_nominal_t0p05,3,T008,7,1000,100,50,raw/v14_078.npz
kan_generic_N1000_K100_H50_nominal_t0p05,3,T009,8,1000,100,50,raw/v14_078.npz
kan_generic_N1000_K100_H50_nominal_t0p05,3,T010,9,1000,100,50,raw/v14_078.npz
kan_generic_N1000_K100_H50_nominal_t0p05,3,T011,10,1000,100,50,raw/v14_078.npz
kan_generic_N1000_K100_H50_nominal_t0p05,3,T012,11,1000,100,50,raw/v14_078.npz
kan_generic_N1000_K100_H50_nominal_t0p05,3,T013,12,1000,100,50,raw/v14_078.npz
kan_generic_N1000_K100_H50_nominal_t0p05,3,T014,13,1000,100,50,raw/v14_078.npz
kan_generic_N1000_K100_H50_nominal_t0p05,3,T015,14,1000,100,50,raw/v14_078.npz
kan_generic_N1000_K100_H50_nominal_t0p05,3,T016,15,1000,100,50,raw/v14_078.npz
kan_generic_N1000_K100_H50_nominal_t0p05,3,T017,16,1000,100,50,raw/v14_078.npz
kan_generic_N1000_K100_H50_nominal_t0p05,3,T018,17,1000,100,50,raw/v14_078.npz
kan_generic_N1000_K100_H50_nominal_t0p05,3,T019,18,1000,100,50,raw/v14_078.npz
kan_generic_N1000_K100_H50_nominal_t0p05,3,T020,19,1000,100,50,raw/v14_078.npz
kan_generic_N1000_K100_H50_nominal_t0p05,3,T021,20,1000,100,50,raw/v14_078.npz
kan_generic_N1000_K100_H50_nominal_t0p05,3,T022,21,1000,100,50,raw/v14_078.npz
kan_generic_N1000_K100_H50_nominal_t0p05,3,T023,22,1000,100,50,raw/v14_078.npz
kan_generic_N1000_K100_H50_nominal_t0p05,3,T024,23,1000,100,50,raw/v14_078.npz
kan_generic_N1000_K100_H50_nominal_t0p05,3,T025,24,1000,100,50,raw/v14_078.npz
kan_generic_N1000_K100_H50_nominal_t0p05,3,T026,25,1000,100,50,raw/v14_078.npz
kan_generic_N1000_K100_H50_nominal_t0p05,3,T027,26,1000,100,50,raw/v14_078.npz
kan_generic_N1000_K100_H50_nominal_t0p05,3,T028,27,1000,100,50,raw/v14_078.npz
kan_generic_N1000_K100_H50_nominal_t0p05,3,T029,28,1000,100,50,raw/v14_078.npz
kan_generic_N1000_K100_H50_nominal_t0p05,3,T030,29,1000,100,50,raw/v14_078.npz
kan_generic_N1000_K100_H50_nominal_t0p05,4,T001,0,1000,100,50,raw/v14_079.npz
kan_generic_N1000_K100_H50_nominal_t0p05,4,T002,1,1000,100,50,raw/v14_079.npz
kan_generic_N1000_K100_H50_nominal_t0p05,4,T003,2,1000,100,50,raw/v14_079.npz
kan_generic_N1000_K100_H50_nominal_t0p05,4,T004,3,1000,100,50,raw/v14_079.npz
kan_generic_N1000_K100_H50_nominal_t0p05,4,T005,4,1000,100,50,raw/v14_079.npz
kan_generic_N1000_K100_H50_nominal_t0p05,4,T006,5,1000,100,50,raw/v14_079.npz
kan_generic_N1000_K100_H50_nominal_t0p05,4,T007,6,1000,100,50,raw/v14_079.npz
kan_generic_N1000_K100_H50_nominal_t0p05,4,T008,7,1000,100,50,raw/v14_079.npz
kan_generic_N1000_K100_H50_nominal_t0p05,4,T009,8,1000,100,50,raw/v14_079.npz
kan_generic_N1000_K100_H50_nominal_t0p05,4,T010,9,1000,100,50,raw/v14_079.npz
kan_generic_N1000_K100_H50_nominal_t0p05,4,T011,10,1000,100,50,raw/v14_079.npz
kan_generic_N1000_K100_H50_nominal_t0p05,4,T012,11,1000,100,50,raw/v14_079.npz
kan_generic_N1000_K100_H50_nominal_t0p05,4,T013,12,1000,100,50,raw/v14_079.npz
kan_generic_N1000_K100_H50_nominal_t0p05,4,T014,13,1000,100,50,raw/v14_079.npz
kan_generic_N1000_K100_H50_nominal_t0p05,4,T015,14,1000,100,50,raw/v14_079.npz
kan_generic_N1000_K100_H50_nominal_t0p05,4,T016,15,1000,100,50,raw/v14_079.npz
kan_generic_N1000_K100_H50_nominal_t0p05,4,T017,16,1000,100,50,raw/v14_079.npz
kan_generic_N1000_K100_H50_nominal_t0p05,4,T018,17,1000,100,50,raw/v14_079.npz
kan_generic_N1000_K100_H50_nominal_t0p05,4,T019,18,1000,100,50,raw/v14_079.npz
kan_generic_N1000_K100_H50_nominal_t0p05,4,T020,19,1000,100,50,raw/v14_079.npz
kan_generic_N1000_K100_H50_nominal_t0p05,4,T021,20,1000,100,50,raw/v14_079.npz
kan_generic_N1000_K100_H50_nominal_t0p05,4,T022,21,1000,100,50,raw/v14_079.npz
kan_generic_N1000_K100_H50_nominal_t0p05,4,T023,22,1000,100,50,raw/v14_079.npz
kan_generic_N1000_K100_H50_nominal_t0p05,4,T024,23,1000,100,50,raw/v14_079.npz
kan_generic_N1000_K100_H50_nominal_t0p05,4,T025,24,1000,100,50,raw/v14_079.npz
kan_generic_N1000_K100_H50_nominal_t0p05,4,T026,25,1000,100,50,raw/v14_079.npz
kan_generic_N1000_K100_H50_nominal_t0p05,4,T027,26,1000,100,50,raw/v14_079.npz
kan_generic_N1000_K100_H50_nominal_t0p05,4,T028,27,1000,100,50,raw/v14_079.npz
kan_generic_N1000_K100_H50_nominal_t0p05,4,T029,28,1000,100,50,raw/v14_079.npz
kan_generic_N1000_K100_H50_nominal_t0p05,4,T030,29,1000,100,50,raw/v14_079.npz
kan_generic_N1000_K100_H50_nominal_t0p05,5,T001,0,1000,100,50,raw/v14_080.npz
kan_generic_N1000_K100_H50_nominal_t0p05,5,T002,1,1000,100,50,raw/v14_080.npz
kan_generic_N1000_K100_H50_nominal_t0p05,5,T003,2,1000,100,50,raw/v14_080.npz
kan_generic_N1000_K100_H50_nominal_t0p05,5,T004,3,1000,100,50,raw/v14_080.npz
kan_generic_N1000_K100_H50_nominal_t0p05,5,T005,4,1000,100,50,raw/v14_080.npz
kan_generic_N1000_K100_H50_nominal_t0p05,5,T006,5,1000,100,50,raw/v14_080.npz
kan_generic_N1000_K100_H50_nominal_t0p05,5,T007,6,1000,100,50,raw/v14_080.npz
kan_generic_N1000_K100_H50_nominal_t0p05,5,T008,7,1000,100,50,raw/v14_080.npz
kan_generic_N1000_K100_H50_nominal_t0p05,5,T009,8,1000,100,50,raw/v14_080.npz
kan_generic_N1000_K100_H50_nominal_t0p05,5,T010,9,1000,100,50,raw/v14_080.npz
kan_generic_N1000_K100_H50_nominal_t0p05,5,T011,10,1000,100,50,raw/v14_080.npz
kan_generic_N1000_K100_H50_nominal_t0p05,5,T012,11,1000,100,50,raw/v14_080.npz
kan_generic_N1000_K100_H50_nominal_t0p05,5,T013,12,1000,100,50,raw/v14_080.npz
kan_generic_N1000_K100_H50_nominal_t0p05,5,T014,13,1000,100,50,raw/v14_080.npz
kan_generic_N1000_K100_H50_nominal_t0p05,5,T015,14,1000,100,50,raw/v14_080.npz
kan_generic_N1000_K100_H50_nominal_t0p05,5,T016,15,1000,100,50,raw/v14_080.npz
kan_generic_N1000_K100_H50_nominal_t0p05,5,T017,16,1000,100,50,raw/v14_080.npz
kan_generic_N1000_K100_H50_nominal_t0p05,5,T018,17,1000,100,50,raw/v14_080.npz
kan_generic_N1000_K100_H50_nominal_t0p05,5,T019,18,1000,100,50,raw/v14_080.npz
kan_generic_N1000_K100_H50_nominal_t0p05,5,T020,19,1000,100,50,raw/v14_080.npz
kan_generic_N1000_K100_H50_nominal_t0p05,5,T021,20,1000,100,50,raw/v14_080.npz
kan_generic_N1000_K100_H50_nominal_t0p05,5,T022,21,1000,100,50,raw/v14_080.npz
kan_generic_N1000_K100_H50_nominal_t0p05,5,T023,22,1000,100,50,raw/v14_080.npz
kan_generic_N1000_K100_H50_nominal_t0p05,5,T024,23,1000,100,50,raw/v14_080.npz
kan_generic_N1000_K100_H50_nominal_t0p05,5,T025,24,1000,100,50,raw/v14_080.npz
kan_generic_N1000_K100_H50_nominal_t0p05,5,T026,25,1000,100,50,raw/v14_080.npz
kan_generic_N1000_K100_H50_nominal_t0p05,5,T027,26,1000,100,50,raw/v14_080.npz
kan_generic_N1000_K100_H50_nominal_t0p05,5,T028,27,1000,100,50,raw/v14_080.npz
kan_generic_N1000_K100_H50_nominal_t0p05,5,T029,28,1000,100,50,raw/v14_080.npz
kan_generic_N1000_K100_H50_nominal_t0p05,5,T030,29,1000,100,50,raw/v14_080.npz
kan_generic_N1000_K100_H200_nominal_t0p05,1,T001,0,1000,100,200,raw/v14_076.npz
kan_generic_N1000_K100_H200_nominal_t0p05,1,T002,1,1000,100,200,raw/v14_076.npz
kan_generic_N1000_K100_H200_nominal_t0p05,1,T003,2,1000,100,200,raw/v14_076.npz
kan_generic_N1000_K100_H200_nominal_t0p05,1,T004,3,1000,100,200,raw/v14_076.npz
kan_generic_N1000_K100_H200_nominal_t0p05,1,T005,4,1000,100,200,raw/v14_076.npz
kan_generic_N1000_K100_H200_nominal_t0p05,1,T006,5,1000,100,200,raw/v14_076.npz
kan_generic_N1000_K100_H200_nominal_t0p05,1,T007,6,1000,100,200,raw/v14_076.npz
kan_generic_N1000_K100_H200_nominal_t0p05,1,T008,7,1000,100,200,raw/v14_076.npz
kan_generic_N1000_K100_H200_nominal_t0p05,1,T009,8,1000,100,200,raw/v14_076.npz
kan_generic_N1000_K100_H200_nominal_t0p05,1,T010,9,1000,100,200,raw/v14_076.npz
kan_generic_N1000_K100_H200_nominal_t0p05,1,T011,10,1000,100,200,raw/v14_076.npz
kan_generic_N1000_K100_H200_nominal_t0p05,1,T012,11,1000,100,200,raw/v14_076.npz
kan_generic_N1000_K100_H200_nominal_t0p05,1,T013,12,1000,100,200,raw/v14_076.npz
kan_generic_N1000_K100_H200_nominal_t0p05,1,T014,13,1000,100,200,raw/v14_076.npz
kan_generic_N1000_K100_H200_nominal_t0p05,1,T015,14,1000,100,200,raw/v14_076.npz
kan_generic_N1000_K100_H200_nominal_t0p05,1,T016,15,1000,100,200,raw/v14_076.npz
kan_generic_N1000_K100_H200_nominal_t0p05,1,T017,16,1000,100,200,raw/v14_076.npz
kan_generic_N1000_K100_H200_nominal_t0p05,1,T018,17,1000,100,200,raw/v14_076.npz
kan_generic_N1000_K100_H200_nominal_t0p05,1,T019,18,1000,100,200,raw/v14_076.npz
kan_generic_N1000_K100_H200_nominal_t0p05,1,T020,19,1000,100,200,raw/v14_076.npz
kan_generic_N1000_K100_H200_nominal_t0p05,1,T021,20,1000,100,200,raw/v14_076.npz
kan_generic_N1000_K100_H200_nominal_t0p05,1,T022,21,1000,100,200,raw/v14_076.npz
kan_generic_N1000_K100_H200_nominal_t0p05,1,T023,22,1000,100,200,raw/v14_076.npz
kan_generic_N1000_K100_H200_nominal_t0p05,1,T024,23,1000,100,200,raw/v14_076.npz
kan_generic_N1000_K100_H200_nominal_t0p05,1,T025,24,1000,100,200,raw/v14_076.npz
kan_generic_N1000_K100_H200_nominal_t0p05,1,T026,25,1000,100,200,raw/v14_076.npz
kan_generic_N1000_K100_H200_nominal_t0p05,1,T027,26,1000,100,200,raw/v14_076.npz
kan_generic_N1000_K100_H200_nominal_t0p05,1,T028,27,1000,100,200,raw/v14_076.npz
kan_generic_N1000_K100_H200_nominal_t0p05,1,T029,28,1000,100,200,raw/v14_076.npz
kan_generic_N1000_K100_H200_nominal_t0p05,1,T030,29,1000,100,200,raw/v14_076.npz
kan_generic_N1000_K100_H200_nominal_t0p05,2,T001,0,1000,100,200,raw/v14_077.npz
kan_generic_N1000_K100_H200_nominal_t0p05,2,T002,1,1000,100,200,raw/v14_077.npz
kan_generic_N1000_K100_H200_nominal_t0p05,2,T003,2,1000,100,200,raw/v14_077.npz
kan_generic_N1000_K100_H200_nominal_t0p05,2,T004,3,1000,100,200,raw/v14_077.npz
kan_generic_N1000_K100_H200_nominal_t0p05,2,T005,4,1000,100,200,raw/v14_077.npz
kan_generic_N1000_K100_H200_nominal_t0p05,2,T006,5,1000,100,200,raw/v14_077.npz
kan_generic_N1000_K100_H200_nominal_t0p05,2,T007,6,1000,100,200,raw/v14_077.npz
kan_generic_N1000_K100_H200_nominal_t0p05,2,T008,7,1000,100,200,raw/v14_077.npz
kan_generic_N1000_K100_H200_nominal_t0p05,2,T009,8,1000,100,200,raw/v14_077.npz
kan_generic_N1000_K100_H200_nominal_t0p05,2,T010,9,1000,100,200,raw/v14_077.npz
kan_generic_N1000_K100_H200_nominal_t0p05,2,T011,10,1000,100,200,raw/v14_077.npz
kan_generic_N1000_K100_H200_nominal_t0p05,2,T012,11,1000,100,200,raw/v14_077.npz
kan_generic_N1000_K100_H200_nominal_t0p05,2,T013,12,1000,100,200,raw/v14_077.npz
kan_generic_N1000_K100_H200_nominal_t0p05,2,T014,13,1000,100,200,raw/v14_077.npz
kan_generic_N1000_K100_H200_nominal_t0p05,2,T015,14,1000,100,200,raw/v14_077.npz
kan_generic_N1000_K100_H200_nominal_t0p05,2,T016,15,1000,100,200,raw/v14_077.npz
kan_generic_N1000_K100_H200_nominal_t0p05,2,T017,16,1000,100,200,raw/v14_077.npz
kan_generic_N1000_K100_H200_nominal_t0p05,2,T018,17,1000,100,200,raw/v14_077.npz
kan_generic_N1000_K100_H200_nominal_t0p05,2,T019,18,1000,100,200,raw/v14_077.npz
kan_generic_N1000_K100_H200_nominal_t0p05,2,T020,19,1000,100,200,raw/v14_077.npz
kan_generic_N1000_K100_H200_nominal_t0p05,2,T021,20,1000,100,200,raw/v14_077.npz
kan_generic_N1000_K100_H200_nominal_t0p05,2,T022,21,1000,100,200,raw/v14_077.npz
kan_generic_N1000_K100_H200_nominal_t0p05,2,T023,22,1000,100,200,raw/v14_077.npz
kan_generic_N1000_K100_H200_nominal_t0p05,2,T024,23,1000,100,200,raw/v14_077.npz
kan_generic_N1000_K100_H200_nominal_t0p05,2,T025,24,1000,100,200,raw/v14_077.npz
kan_generic_N1000_K100_H200_nominal_t0p05,2,T026,25,1000,100,200,raw/v14_077.npz
kan_generic_N1000_K100_H200_nominal_t0p05,2,T027,26,1000,100,200,raw/v14_077.npz
kan_generic_N1000_K100_H200_nominal_t0p05,2,T028,27,1000,100,200,raw/v14_077.npz
kan_generic_N1000_K100_H200_nominal_t0p05,2,T029,28,1000,100,200,raw/v14_077.npz
kan_generic_N1000_K100_H200_nominal_t0p05,2,T030,29,1000,100,200,raw/v14_077.npz
kan_generic_N1000_K100_H200_nominal_t0p05,3,T001,0,1000,100,200,raw/v14_078.npz
kan_generic_N1000_K100_H200_nominal_t0p05,3,T002,1,1000,100,200,raw/v14_078.npz
kan_generic_N1000_K100_H200_nominal_t0p05,3,T003,2,1000,100,200,raw/v14_078.npz
kan_generic_N1000_K100_H200_nominal_t0p05,3,T004,3,1000,100,200,raw/v14_078.npz
kan_generic_N1000_K100_H200_nominal_t0p05,3,T005,4,1000,100,200,raw/v14_078.npz
kan_generic_N1000_K100_H200_nominal_t0p05,3,T006,5,1000,100,200,raw/v14_078.npz
kan_generic_N1000_K100_H200_nominal_t0p05,3,T007,6,1000,100,200,raw/v14_078.npz
kan_generic_N1000_K100_H200_nominal_t0p05,3,T008,7,1000,100,200,raw/v14_078.npz
kan_generic_N1000_K100_H200_nominal_t0p05,3,T009,8,1000,100,200,raw/v14_078.npz
kan_generic_N1000_K100_H200_nominal_t0p05,3,T010,9,1000,100,200,raw/v14_078.npz
kan_generic_N1000_K100_H200_nominal_t0p05,3,T011,10,1000,100,200,raw/v14_078.npz
kan_generic_N1000_K100_H200_nominal_t0p05,3,T012,11,1000,100,200,raw/v14_078.npz
kan_generic_N1000_K100_H200_nominal_t0p05,3,T013,12,1000,100,200,raw/v14_078.npz
kan_generic_N1000_K100_H200_nominal_t0p05,3,T014,13,1000,100,200,raw/v14_078.npz
kan_generic_N1000_K100_H200_nominal_t0p05,3,T015,14,1000,100,200,raw/v14_078.npz
kan_generic_N1000_K100_H200_nominal_t0p05,3,T016,15,1000,100,200,raw/v14_078.npz
kan_generic_N1000_K100_H200_nominal_t0p05,3,T017,16,1000,100,200,raw/v14_078.npz
kan_generic_N1000_K100_H200_nominal_t0p05,3,T018,17,1000,100,200,raw/v14_078.npz
kan_generic_N1000_K100_H200_nominal_t0p05,3,T019,18,1000,100,200,raw/v14_078.npz
kan_generic_N1000_K100_H200_nominal_t0p05,3,T020,19,1000,100,200,raw/v14_078.npz
kan_generic_N1000_K100_H200_nominal_t0p05,3,T021,20,1000,100,200,raw/v14_078.npz
kan_generic_N1000_K100_H200_nominal_t0p05,3,T022,21,1000,100,200,raw/v14_078.npz
kan_generic_N1000_K100_H200_nominal_t0p05,3,T023,22,1000,100,200,raw/v14_078.npz
kan_generic_N1000_K100_H200_nominal_t0p05,3,T024,23,1000,100,200,raw/v14_078.npz
kan_generic_N1000_K100_H200_nominal_t0p05,3,T025,24,1000,100,200,raw/v14_078.npz
kan_generic_N1000_K100_H200_nominal_t0p05,3,T026,25,1000,100,200,raw/v14_078.npz
kan_generic_N1000_K100_H200_nominal_t0p05,3,T027,26,1000,100,200,raw/v14_078.npz
kan_generic_N1000_K100_H200_nominal_t0p05,3,T028,27,1000,100,200,raw/v14_078.npz
kan_generic_N1000_K100_H200_nominal_t0p05,3,T029,28,1000,100,200,raw/v14_078.npz
kan_generic_N1000_K100_H200_nominal_t0p05,3,T030,29,1000,100,200,raw/v14_078.npz
kan_generic_N1000_K100_H200_nominal_t0p05,4,T001,0,1000,100,200,raw/v14_079.npz
kan_generic_N1000_K100_H200_nominal_t0p05,4,T002,1,1000,100,200,raw/v14_079.npz
kan_generic_N1000_K100_H200_nominal_t0p05,4,T003,2,1000,100,200,raw/v14_079.npz
kan_generic_N1000_K100_H200_nominal_t0p05,4,T004,3,1000,100,200,raw/v14_079.npz
kan_generic_N1000_K100_H200_nominal_t0p05,4,T005,4,1000,100,200,raw/v14_079.npz
kan_generic_N1000_K100_H200_nominal_t0p05,4,T006,5,1000,100,200,raw/v14_079.npz
kan_generic_N1000_K100_H200_nominal_t0p05,4,T007,6,1000,100,200,raw/v14_079.npz
kan_generic_N1000_K100_H200_nominal_t0p05,4,T008,7,1000,100,200,raw/v14_079.npz
kan_generic_N1000_K100_H200_nominal_t0p05,4,T009,8,1000,100,200,raw/v14_079.npz
kan_generic_N1000_K100_H200_nominal_t0p05,4,T010,9,1000,100,200,raw/v14_079.npz
kan_generic_N1000_K100_H200_nominal_t0p05,4,T011,10,1000,100,200,raw/v14_079.npz
kan_generic_N1000_K100_H200_nominal_t0p05,4,T012,11,1000,100,200,raw/v14_079.npz
kan_generic_N1000_K100_H200_nominal_t0p05,4,T013,12,1000,100,200,raw/v14_079.npz
kan_generic_N1000_K100_H200_nominal_t0p05,4,T014,13,1000,100,200,raw/v14_079.npz
kan_generic_N1000_K100_H200_nominal_t0p05,4,T015,14,1000,100,200,raw/v14_079.npz
kan_generic_N1000_K100_H200_nominal_t0p05,4,T016,15,1000,100,200,raw/v14_079.npz
kan_generic_N1000_K100_H200_nominal_t0p05,4,T017,16,1000,100,200,raw/v14_079.npz
kan_generic_N1000_K100_H200_nominal_t0p05,4,T018,17,1000,100,200,raw/v14_079.npz
kan_generic_N1000_K100_H200_nominal_t0p05,4,T019,18,1000,100,200,raw/v14_079.npz
kan_generic_N1000_K100_H200_nominal_t0p05,4,T020,19,1000,100,200,raw/v14_079.npz
kan_generic_N1000_K100_H200_nominal_t0p05,4,T021,20,1000,100,200,raw/v14_079.npz
kan_generic_N1000_K100_H200_nominal_t0p05,4,T022,21,1000,100,200,raw/v14_079.npz
kan_generic_N1000_K100_H200_nominal_t0p05,4,T023,22,1000,100,200,raw/v14_079.npz
kan_generic_N1000_K100_H200_nominal_t0p05,4,T024,23,1000,100,200,raw/v14_079.npz
kan_generic_N1000_K100_H200_nominal_t0p05,4,T025,24,1000,100,200,raw/v14_079.npz
kan_generic_N1000_K100_H200_nominal_t0p05,4,T026,25,1000,100,200,raw/v14_079.npz
kan_generic_N1000_K100_H200_nominal_t0p05,4,T027,26,1000,100,200,raw/v14_079.npz
kan_generic_N1000_K100_H200_nominal_t0p05,4,T028,27,1000,100,200,raw/v14_079.npz
kan_generic_N1000_K100_H200_nominal_t0p05,4,T029,28,1000,100,200,raw/v14_079.npz
kan_generic_N1000_K100_H200_nominal_t0p05,4,T030,29,1000,100,200,raw/v14_079.npz
kan_generic_N1000_K100_H200_nominal_t0p05,5,T001,0,1000,100,200,raw/v14_080.npz
kan_generic_N1000_K100_H200_nominal_t0p05,5,T002,1,1000,100,200,raw/v14_080.npz
kan_generic_N1000_K100_H200_nominal_t0p05,5,T003,2,1000,100,200,raw/v14_080.npz
kan_generic_N1000_K100_H200_nominal_t0p05,5,T004,3,1000,100,200,raw/v14_080.npz
kan_generic_N1000_K100_H200_nominal_t0p05,5,T005,4,1000,100,200,raw/v14_080.npz
kan_generic_N1000_K100_H200_nominal_t0p05,5,T006,5,1000,100,200,raw/v14_080.npz
kan_generic_N1000_K100_H200_nominal_t0p05,5,T007,6,1000,100,200,raw/v14_080.npz
kan_generic_N1000_K100_H200_nominal_t0p05,5,T008,7,1000,100,200,raw/v14_080.npz
kan_generic_N1000_K100_H200_nominal_t0p05,5,T009,8,1000,100,200,raw/v14_080.npz
kan_generic_N1000_K100_H200_nominal_t0p05,5,T010,9,1000,100,200,raw/v14_080.npz
kan_generic_N1000_K100_H200_nominal_t0p05,5,T011,10,1000,100,200,raw/v14_080.npz
kan_generic_N1000_K100_H200_nominal_t0p05,5,T012,11,1000,100,200,raw/v14_080.npz
kan_generic_N1000_K100_H200_nominal_t0p05,5,T013,12,1000,100,200,raw/v14_080.npz
kan_generic_N1000_K100_H200_nominal_t0p05,5,T014,13,1000,100,200,raw/v14_080.npz
kan_generic_N1000_K100_H200_nominal_t0p05,5,T015,14,1000,100,200,raw/v14_080.npz
kan_generic_N1000_K100_H200_nominal_t0p05,5,T016,15,1000,100,200,raw/v14_080.npz
kan_generic_N1000_K100_H200_nominal_t0p05,5,T017,16,1000,100,200,raw/v14_080.npz
kan_generic_N1000_K100_H200_nominal_t0p05,5,T018,17,1000,100,200,raw/v14_080.npz
kan_generic_N1000_K100_H200_nominal_t0p05,5,T019,18,1000,100,200,raw/v14_080.npz
kan_generic_N1000_K100_H200_nominal_t0p05,5,T020,19,1000,100,200,raw/v14_080.npz
kan_generic_N1000_K100_H200_nominal_t0p05,5,T021,20,1000,100,200,raw/v14_080.npz
kan_generic_N1000_K100_H200_nominal_t0p05,5,T022,21,1000,100,200,raw/v14_080.npz
kan_generic_N1000_K100_H200_nominal_t0p05,5,T023,22,1000,100,200,raw/v14_080.npz
kan_generic_N1000_K100_H200_nominal_t0p05,5,T024,23,1000,100,200,raw/v14_080.npz
kan_generic_N1000_K100_H200_nominal_t0p05,5,T025,24,1000,100,200,raw/v14_080.npz
kan_generic_N1000_K100_H200_nominal_t0p05,5,T026,25,1000,100,200,raw/v14_080.npz
kan_generic_N1000_K100_H200_nominal_t0p05,5,T027,26,1000,100,200,raw/v14_080.npz
kan_generic_N1000_K100_H200_nominal_t0p05,5,T028,27,1000,100,200,raw/v14_080.npz
kan_generic_N1000_K100_H200_nominal_t0p05,5,T029,28,1000,100,200,raw/v14_080.npz
kan_generic_N1000_K100_H200_nominal_t0p05,5,T030,29,1000,100,200,raw/v14_080.npz
kan_generic_N1000_K100_H800_nominal_t0p05,1,T001,0,1000,100,800,raw/v14_076.npz
kan_generic_N1000_K100_H800_nominal_t0p05,1,T002,1,1000,100,800,raw/v14_076.npz
kan_generic_N1000_K100_H800_nominal_t0p05,1,T003,2,1000,100,800,raw/v14_076.npz
kan_generic_N1000_K100_H800_nominal_t0p05,1,T004,3,1000,100,800,raw/v14_076.npz
kan_generic_N1000_K100_H800_nominal_t0p05,1,T005,4,1000,100,800,raw/v14_076.npz
kan_generic_N1000_K100_H800_nominal_t0p05,1,T006,5,1000,100,800,raw/v14_076.npz
kan_generic_N1000_K100_H800_nominal_t0p05,1,T007,6,1000,100,800,raw/v14_076.npz
kan_generic_N1000_K100_H800_nominal_t0p05,1,T008,7,1000,100,800,raw/v14_076.npz
kan_generic_N1000_K100_H800_nominal_t0p05,1,T009,8,1000,100,800,raw/v14_076.npz
kan_generic_N1000_K100_H800_nominal_t0p05,1,T010,9,1000,100,800,raw/v14_076.npz
kan_generic_N1000_K100_H800_nominal_t0p05,1,T011,10,1000,100,800,raw/v14_076.npz
kan_generic_N1000_K100_H800_nominal_t0p05,1,T012,11,1000,100,800,raw/v14_076.npz
kan_generic_N1000_K100_H800_nominal_t0p05,1,T013,12,1000,100,800,raw/v14_076.npz
kan_generic_N1000_K100_H800_nominal_t0p05,1,T014,13,1000,100,800,raw/v14_076.npz
kan_generic_N1000_K100_H800_nominal_t0p05,1,T015,14,1000,100,800,raw/v14_076.npz
kan_generic_N1000_K100_H800_nominal_t0p05,1,T016,15,1000,100,800,raw/v14_076.npz
kan_generic_N1000_K100_H800_nominal_t0p05,1,T017,16,1000,100,800,raw/v14_076.npz
kan_generic_N1000_K100_H800_nominal_t0p05,1,T018,17,1000,100,800,raw/v14_076.npz
kan_generic_N1000_K100_H800_nominal_t0p05,1,T019,18,1000,100,800,raw/v14_076.npz
kan_generic_N1000_K100_H800_nominal_t0p05,1,T020,19,1000,100,800,raw/v14_076.npz
kan_generic_N1000_K100_H800_nominal_t0p05,1,T021,20,1000,100,800,raw/v14_076.npz
kan_generic_N1000_K100_H800_nominal_t0p05,1,T022,21,1000,100,800,raw/v14_076.npz
kan_generic_N1000_K100_H800_nominal_t0p05,1,T023,22,1000,100,800,raw/v14_076.npz
kan_generic_N1000_K100_H800_nominal_t0p05,1,T024,23,1000,100,800,raw/v14_076.npz
kan_generic_N1000_K100_H800_nominal_t0p05,1,T025,24,1000,100,800,raw/v14_076.npz
kan_generic_N1000_K100_H800_nominal_t0p05,1,T026,25,1000,100,800,raw/v14_076.npz
kan_generic_N1000_K100_H800_nominal_t0p05,1,T027,26,1000,100,800,raw/v14_076.npz
kan_generic_N1000_K100_H800_nominal_t0p05,1,T028,27,1000,100,800,raw/v14_076.npz
kan_generic_N1000_K100_H800_nominal_t0p05,1,T029,28,1000,100,800,raw/v14_076.npz
kan_generic_N1000_K100_H800_nominal_t0p05,1,T030,29,1000,100,800,raw/v14_076.npz
kan_generic_N1000_K100_H800_nominal_t0p05,2,T001,0,1000,100,800,raw/v14_077.npz
kan_generic_N1000_K100_H800_nominal_t0p05,2,T002,1,1000,100,800,raw/v14_077.npz
kan_generic_N1000_K100_H800_nominal_t0p05,2,T003,2,1000,100,800,raw/v14_077.npz
kan_generic_N1000_K100_H800_nominal_t0p05,2,T004,3,1000,100,800,raw/v14_077.npz
kan_generic_N1000_K100_H800_nominal_t0p05,2,T005,4,1000,100,800,raw/v14_077.npz
kan_generic_N1000_K100_H800_nominal_t0p05,2,T006,5,1000,100,800,raw/v14_077.npz
kan_generic_N1000_K100_H800_nominal_t0p05,2,T007,6,1000,100,800,raw/v14_077.npz
kan_generic_N1000_K100_H800_nominal_t0p05,2,T008,7,1000,100,800,raw/v14_077.npz
kan_generic_N1000_K100_H800_nominal_t0p05,2,T009,8,1000,100,800,raw/v14_077.npz
kan_generic_N1000_K100_H800_nominal_t0p05,2,T010,9,1000,100,800,raw/v14_077.npz
kan_generic_N1000_K100_H800_nominal_t0p05,2,T011,10,1000,100,800,raw/v14_077.npz
kan_generic_N1000_K100_H800_nominal_t0p05,2,T012,11,1000,100,800,raw/v14_077.npz
kan_generic_N1000_K100_H800_nominal_t0p05,2,T013,12,1000,100,800,raw/v14_077.npz
kan_generic_N1000_K100_H800_nominal_t0p05,2,T014,13,1000,100,800,raw/v14_077.npz
kan_generic_N1000_K100_H800_nominal_t0p05,2,T015,14,1000,100,800,raw/v14_077.npz
kan_generic_N1000_K100_H800_nominal_t0p05,2,T016,15,1000,100,800,raw/v14_077.npz
kan_generic_N1000_K100_H800_nominal_t0p05,2,T017,16,1000,100,800,raw/v14_077.npz
kan_generic_N1000_K100_H800_nominal_t0p05,2,T018,17,1000,100,800,raw/v14_077.npz
kan_generic_N1000_K100_H800_nominal_t0p05,2,T019,18,1000,100,800,raw/v14_077.npz
kan_generic_N1000_K100_H800_nominal_t0p05,2,T020,19,1000,100,800,raw/v14_077.npz
kan_generic_N1000_K100_H800_nominal_t0p05,2,T021,20,1000,100,800,raw/v14_077.npz
kan_generic_N1000_K100_H800_nominal_t0p05,2,T022,21,1000,100,800,raw/v14_077.npz
kan_generic_N1000_K100_H800_nominal_t0p05,2,T023,22,1000,100,800,raw/v14_077.npz
kan_generic_N1000_K100_H800_nominal_t0p05,2,T024,23,1000,100,800,raw/v14_077.npz
kan_generic_N1000_K100_H800_nominal_t0p05,2,T025,24,1000,100,800,raw/v14_077.npz
kan_generic_N1000_K100_H800_nominal_t0p05,2,T026,25,1000,100,800,raw/v14_077.npz
kan_generic_N1000_K100_H800_nominal_t0p05,2,T027,26,1000,100,800,raw/v14_077.npz
kan_generic_N1000_K100_H800_nominal_t0p05,2,T028,27,1000,100,800,raw/v14_077.npz
kan_generic_N1000_K100_H800_nominal_t0p05,2,T029,28,1000,100,800,raw/v14_077.npz
kan_generic_N1000_K100_H800_nominal_t0p05,2,T030,29,1000,100,800,raw/v14_077.npz
kan_generic_N1000_K100_H800_nominal_t0p05,3,T001,0,1000,100,800,raw/v14_078.npz
kan_generic_N1000_K100_H800_nominal_t0p05,3,T002,1,1000,100,800,raw/v14_078.npz
kan_generic_N1000_K100_H800_nominal_t0p05,3,T003,2,1000,100,800,raw/v14_078.npz
kan_generic_N1000_K100_H800_nominal_t0p05,3,T004,3,1000,100,800,raw/v14_078.npz
kan_generic_N1000_K100_H800_nominal_t0p05,3,T005,4,1000,100,800,raw/v14_078.npz
kan_generic_N1000_K100_H800_nominal_t0p05,3,T006,5,1000,100,800,raw/v14_078.npz
kan_generic_N1000_K100_H800_nominal_t0p05,3,T007,6,1000,100,800,raw/v14_078.npz
kan_generic_N1000_K100_H800_nominal_t0p05,3,T008,7,1000,100,800,raw/v14_078.npz
kan_generic_N1000_K100_H800_nominal_t0p05,3,T009,8,1000,100,800,raw/v14_078.npz
kan_generic_N1000_K100_H800_nominal_t0p05,3,T010,9,1000,100,800,raw/v14_078.npz
kan_generic_N1000_K100_H800_nominal_t0p05,3,T011,10,1000,100,800,raw/v14_078.npz
kan_generic_N1000_K100_H800_nominal_t0p05,3,T012,11,1000,100,800,raw/v14_078.npz
kan_generic_N1000_K100_H800_nominal_t0p05,3,T013,12,1000,100,800,raw/v14_078.npz
kan_generic_N1000_K100_H800_nominal_t0p05,3,T014,13,1000,100,800,raw/v14_078.npz
kan_generic_N1000_K100_H800_nominal_t0p05,3,T015,14,1000,100,800,raw/v14_078.npz
kan_generic_N1000_K100_H800_nominal_t0p05,3,T016,15,1000,100,800,raw/v14_078.npz
kan_generic_N1000_K100_H800_nominal_t0p05,3,T017,16,1000,100,800,raw/v14_078.npz
kan_generic_N1000_K100_H800_nominal_t0p05,3,T018,17,1000,100,800,raw/v14_078.npz
kan_generic_N1000_K100_H800_nominal_t0p05,3,T019,18,1000,100,800,raw/v14_078.npz
kan_generic_N1000_K100_H800_nominal_t0p05,3,T020,19,1000,100,800,raw/v14_078.npz
kan_generic_N1000_K100_H800_nominal_t0p05,3,T021,20,1000,100,800,raw/v14_078.npz
kan_generic_N1000_K100_H800_nominal_t0p05,3,T022,21,1000,100,800,raw/v14_078.npz
kan_generic_N1000_K100_H800_nominal_t0p05,3,T023,22,1000,100,800,raw/v14_078.npz
kan_generic_N1000_K100_H800_nominal_t0p05,3,T024,23,1000,100,800,raw/v14_078.npz
kan_generic_N1000_K100_H800_nominal_t0p05,3,T025,24,1000,100,800,raw/v14_078.npz
kan_generic_N1000_K100_H800_nominal_t0p05,3,T026,25,1000,100,800,raw/v14_078.npz
kan_generic_N1000_K100_H800_nominal_t0p05,3,T027,26,1000,100,800,raw/v14_078.npz
kan_generic_N1000_K100_H800_nominal_t0p05,3,T028,27,1000,100,800,raw/v14_078.npz
kan_generic_N1000_K100_H800_nominal_t0p05,3,T029,28,1000,100,800,raw/v14_078.npz
kan_generic_N1000_K100_H800_nominal_t0p05,3,T030,29,1000,100,800,raw/v14_078.npz
kan_generic_N1000_K100_H800_nominal_t0p05,4,T001,0,1000,100,800,raw/v14_079.npz
kan_generic_N1000_K100_H800_nominal_t0p05,4,T002,1,1000,100,800,raw/v14_079.npz
kan_generic_N1000_K100_H800_nominal_t0p05,4,T003,2,1000,100,800,raw/v14_079.npz
kan_generic_N1000_K100_H800_nominal_t0p05,4,T004,3,1000,100,800,raw/v14_079.npz
kan_generic_N1000_K100_H800_nominal_t0p05,4,T005,4,1000,100,800,raw/v14_079.npz
kan_generic_N1000_K100_H800_nominal_t0p05,4,T006,5,1000,100,800,raw/v14_079.npz
kan_generic_N1000_K100_H800_nominal_t0p05,4,T007,6,1000,100,800,raw/v14_079.npz
kan_generic_N1000_K100_H800_nominal_t0p05,4,T008,7,1000,100,800,raw/v14_079.npz
kan_generic_N1000_K100_H800_nominal_t0p05,4,T009,8,1000,100,800,raw/v14_079.npz
kan_generic_N1000_K100_H800_nominal_t0p05,4,T010,9,1000,100,800,raw/v14_079.npz
kan_generic_N1000_K100_H800_nominal_t0p05,4,T011,10,1000,100,800,raw/v14_079.npz
kan_generic_N1000_K100_H800_nominal_t0p05,4,T012,11,1000,100,800,raw/v14_079.npz
kan_generic_N1000_K100_H800_nominal_t0p05,4,T013,12,1000,100,800,raw/v14_079.npz
kan_generic_N1000_K100_H800_nominal_t0p05,4,T014,13,1000,100,800,raw/v14_079.npz
kan_generic_N1000_K100_H800_nominal_t0p05,4,T015,14,1000,100,800,raw/v14_079.npz
kan_generic_N1000_K100_H800_nominal_t0p05,4,T016,15,1000,100,800,raw/v14_079.npz
kan_generic_N1000_K100_H800_nominal_t0p05,4,T017,16,1000,100,800,raw/v14_079.npz
kan_generic_N1000_K100_H800_nominal_t0p05,4,T018,17,1000,100,800,raw/v14_079.npz
kan_generic_N1000_K100_H800_nominal_t0p05,4,T019,18,1000,100,800,raw/v14_079.npz
kan_generic_N1000_K100_H800_nominal_t0p05,4,T020,19,1000,100,800,raw/v14_079.npz
kan_generic_N1000_K100_H800_nominal_t0p05,4,T021,20,1000,100,800,raw/v14_079.npz
kan_generic_N1000_K100_H800_nominal_t0p05,4,T022,21,1000,100,800,raw/v14_079.npz
kan_generic_N1000_K100_H800_nominal_t0p05,4,T023,22,1000,100,800,raw/v14_079.npz
kan_generic_N1000_K100_H800_nominal_t0p05,4,T024,23,1000,100,800,raw/v14_079.npz
kan_generic_N1000_K100_H800_nominal_t0p05,4,T025,24,1000,100,800,raw/v14_079.npz
kan_generic_N1000_K100_H800_nominal_t0p05,4,T026,25,1000,100,800,raw/v14_079.npz
kan_generic_N1000_K100_H800_nominal_t0p05,4,T027,26,1000,100,800,raw/v14_079.npz
kan_generic_N1000_K100_H800_nominal_t0p05,4,T028,27,1000,100,800,raw/v14_079.npz
kan_generic_N1000_K100_H800_nominal_t0p05,4,T029,28,1000,100,800,raw/v14_079.npz
kan_generic_N1000_K100_H800_nominal_t0p05,4,T030,29,1000,100,800,raw/v14_079.npz
kan_generic_N1000_K100_H800_nominal_t0p05,5,T001,0,1000,100,800,raw/v14_080.npz
kan_generic_N1000_K100_H800_nominal_t0p05,5,T002,1,1000,100,800,raw/v14_080.npz
kan_generic_N1000_K100_H800_nominal_t0p05,5,T003,2,1000,100,800,raw/v14_080.npz
kan_generic_N1000_K100_H800_nominal_t0p05,5,T004,3,1000,100,800,raw/v14_080.npz
kan_generic_N1000_K100_H800_nominal_t0p05,5,T005,4,1000,100,800,raw/v14_080.npz
kan_generic_N1000_K100_H800_nominal_t0p05,5,T006,5,1000,100,800,raw/v14_080.npz
kan_generic_N1000_K100_H800_nominal_t0p05,5,T007,6,1000,100,800,raw/v14_080.npz
kan_generic_N1000_K100_H800_nominal_t0p05,5,T008,7,1000,100,800,raw/v14_080.npz
kan_generic_N1000_K100_H800_nominal_t0p05,5,T009,8,1000,100,800,raw/v14_080.npz
kan_generic_N1000_K100_H800_nominal_t0p05,5,T010,9,1000,100,800,raw/v14_080.npz
kan_generic_N1000_K100_H800_nominal_t0p05,5,T011,10,1000,100,800,raw/v14_080.npz
kan_generic_N1000_K100_H800_nominal_t0p05,5,T012,11,1000,100,800,raw/v14_080.npz
kan_generic_N1000_K100_H800_nominal_t0p05,5,T013,12,1000,100,800,raw/v14_080.npz
kan_generic_N1000_K100_H800_nominal_t0p05,5,T014,13,1000,100,800,raw/v14_080.npz
kan_generic_N1000_K100_H800_nominal_t0p05,5,T015,14,1000,100,800,raw/v14_080.npz
kan_generic_N1000_K100_H800_nominal_t0p05,5,T016,15,1000,100,800,raw/v14_080.npz
kan_generic_N1000_K100_H800_nominal_t0p05,5,T017,16,1000,100,800,raw/v14_080.npz
kan_generic_N1000_K100_H800_nominal_t0p05,5,T018,17,1000,100,800,raw/v14_080.npz
kan_generic_N1000_K100_H800_nominal_t0p05,5,T019,18,1000,100,800,raw/v14_080.npz
kan_generic_N1000_K100_H800_nominal_t0p05,5,T020,19,1000,100,800,raw/v14_080.npz
kan_generic_N1000_K100_H800_nominal_t0p05,5,T021,20,1000,100,800,raw/v14_080.npz
kan_generic_N1000_K100_H800_nominal_t0p05,5,T022,21,1000,100,800,raw/v14_080.npz
kan_generic_N1000_K100_H800_nominal_t0p05,5,T023,22,1000,100,800,raw/v14_080.npz
kan_generic_N1000_K100_H800_nominal_t0p05,5,T024,23,1000,100,800,raw/v14_080.npz
kan_generic_N1000_K100_H800_nominal_t0p05,5,T025,24,1000,100,800,raw/v14_080.npz
kan_generic_N1000_K100_H800_nominal_t0p05,5,T026,25,1000,100,800,raw/v14_080.npz
kan_generic_N1000_K100_H800_nominal_t0p05,5,T027,26,1000,100,800,raw/v14_080.npz
kan_generic_N1000_K100_H800_nominal_t0p05,5,T028,27,1000,100,800,raw/v14_080.npz
kan_generic_N1000_K100_H800_nominal_t0p05,5,T029,28,1000,100,800,raw/v14_080.npz
kan_generic_N1000_K100_H800_nominal_t0p05,5,T030,29,1000,100,800,raw/v14_080.npz
kan_generic_N2000_K100_H50_nominal_t0p05,1,T001,0,2000,100,50,raw/v14_081.npz
kan_generic_N2000_K100_H50_nominal_t0p05,1,T002,1,2000,100,50,raw/v14_081.npz
kan_generic_N2000_K100_H50_nominal_t0p05,1,T003,2,2000,100,50,raw/v14_081.npz
kan_generic_N2000_K100_H50_nominal_t0p05,1,T004,3,2000,100,50,raw/v14_081.npz
kan_generic_N2000_K100_H50_nominal_t0p05,1,T005,4,2000,100,50,raw/v14_081.npz
kan_generic_N2000_K100_H50_nominal_t0p05,1,T006,5,2000,100,50,raw/v14_081.npz
kan_generic_N2000_K100_H50_nominal_t0p05,1,T007,6,2000,100,50,raw/v14_081.npz
kan_generic_N2000_K100_H50_nominal_t0p05,1,T008,7,2000,100,50,raw/v14_081.npz
kan_generic_N2000_K100_H50_nominal_t0p05,1,T009,8,2000,100,50,raw/v14_081.npz
kan_generic_N2000_K100_H50_nominal_t0p05,1,T010,9,2000,100,50,raw/v14_081.npz
kan_generic_N2000_K100_H50_nominal_t0p05,1,T011,10,2000,100,50,raw/v14_081.npz
kan_generic_N2000_K100_H50_nominal_t0p05,1,T012,11,2000,100,50,raw/v14_081.npz
kan_generic_N2000_K100_H50_nominal_t0p05,1,T013,12,2000,100,50,raw/v14_081.npz
kan_generic_N2000_K100_H50_nominal_t0p05,1,T014,13,2000,100,50,raw/v14_081.npz
kan_generic_N2000_K100_H50_nominal_t0p05,1,T015,14,2000,100,50,raw/v14_081.npz
kan_generic_N2000_K100_H50_nominal_t0p05,1,T016,15,2000,100,50,raw/v14_081.npz
kan_generic_N2000_K100_H50_nominal_t0p05,1,T017,16,2000,100,50,raw/v14_081.npz
kan_generic_N2000_K100_H50_nominal_t0p05,1,T018,17,2000,100,50,raw/v14_081.npz
kan_generic_N2000_K100_H50_nominal_t0p05,1,T019,18,2000,100,50,raw/v14_081.npz
kan_generic_N2000_K100_H50_nominal_t0p05,1,T020,19,2000,100,50,raw/v14_081.npz
kan_generic_N2000_K100_H50_nominal_t0p05,1,T021,20,2000,100,50,raw/v14_081.npz
kan_generic_N2000_K100_H50_nominal_t0p05,1,T022,21,2000,100,50,raw/v14_081.npz
kan_generic_N2000_K100_H50_nominal_t0p05,1,T023,22,2000,100,50,raw/v14_081.npz
kan_generic_N2000_K100_H50_nominal_t0p05,1,T024,23,2000,100,50,raw/v14_081.npz
kan_generic_N2000_K100_H50_nominal_t0p05,1,T025,24,2000,100,50,raw/v14_081.npz
kan_generic_N2000_K100_H50_nominal_t0p05,1,T026,25,2000,100,50,raw/v14_081.npz
kan_generic_N2000_K100_H50_nominal_t0p05,1,T027,26,2000,100,50,raw/v14_081.npz
kan_generic_N2000_K100_H50_nominal_t0p05,1,T028,27,2000,100,50,raw/v14_081.npz
kan_generic_N2000_K100_H50_nominal_t0p05,1,T029,28,2000,100,50,raw/v14_081.npz
kan_generic_N2000_K100_H50_nominal_t0p05,1,T030,29,2000,100,50,raw/v14_081.npz
kan_generic_N2000_K100_H50_nominal_t0p05,2,T001,0,2000,100,50,raw/v14_082.npz
kan_generic_N2000_K100_H50_nominal_t0p05,2,T002,1,2000,100,50,raw/v14_082.npz
kan_generic_N2000_K100_H50_nominal_t0p05,2,T003,2,2000,100,50,raw/v14_082.npz
kan_generic_N2000_K100_H50_nominal_t0p05,2,T004,3,2000,100,50,raw/v14_082.npz
kan_generic_N2000_K100_H50_nominal_t0p05,2,T005,4,2000,100,50,raw/v14_082.npz
kan_generic_N2000_K100_H50_nominal_t0p05,2,T006,5,2000,100,50,raw/v14_082.npz
kan_generic_N2000_K100_H50_nominal_t0p05,2,T007,6,2000,100,50,raw/v14_082.npz
kan_generic_N2000_K100_H50_nominal_t0p05,2,T008,7,2000,100,50,raw/v14_082.npz
kan_generic_N2000_K100_H50_nominal_t0p05,2,T009,8,2000,100,50,raw/v14_082.npz
kan_generic_N2000_K100_H50_nominal_t0p05,2,T010,9,2000,100,50,raw/v14_082.npz
kan_generic_N2000_K100_H50_nominal_t0p05,2,T011,10,2000,100,50,raw/v14_082.npz
kan_generic_N2000_K100_H50_nominal_t0p05,2,T012,11,2000,100,50,raw/v14_082.npz
kan_generic_N2000_K100_H50_nominal_t0p05,2,T013,12,2000,100,50,raw/v14_082.npz
kan_generic_N2000_K100_H50_nominal_t0p05,2,T014,13,2000,100,50,raw/v14_082.npz
kan_generic_N2000_K100_H50_nominal_t0p05,2,T015,14,2000,100,50,raw/v14_082.npz
kan_generic_N2000_K100_H50_nominal_t0p05,2,T016,15,2000,100,50,raw/v14_082.npz
kan_generic_N2000_K100_H50_nominal_t0p05,2,T017,16,2000,100,50,raw/v14_082.npz
kan_generic_N2000_K100_H50_nominal_t0p05,2,T018,17,2000,100,50,raw/v14_082.npz
kan_generic_N2000_K100_H50_nominal_t0p05,2,T019,18,2000,100,50,raw/v14_082.npz
kan_generic_N2000_K100_H50_nominal_t0p05,2,T020,19,2000,100,50,raw/v14_082.npz
kan_generic_N2000_K100_H50_nominal_t0p05,2,T021,20,2000,100,50,raw/v14_082.npz
kan_generic_N2000_K100_H50_nominal_t0p05,2,T022,21,2000,100,50,raw/v14_082.npz
kan_generic_N2000_K100_H50_nominal_t0p05,2,T023,22,2000,100,50,raw/v14_082.npz
kan_generic_N2000_K100_H50_nominal_t0p05,2,T024,23,2000,100,50,raw/v14_082.npz
kan_generic_N2000_K100_H50_nominal_t0p05,2,T025,24,2000,100,50,raw/v14_082.npz
kan_generic_N2000_K100_H50_nominal_t0p05,2,T026,25,2000,100,50,raw/v14_082.npz
kan_generic_N2000_K100_H50_nominal_t0p05,2,T027,26,2000,100,50,raw/v14_082.npz
kan_generic_N2000_K100_H50_nominal_t0p05,2,T028,27,2000,100,50,raw/v14_082.npz
kan_generic_N2000_K100_H50_nominal_t0p05,2,T029,28,2000,100,50,raw/v14_082.npz
kan_generic_N2000_K100_H50_nominal_t0p05,2,T030,29,2000,100,50,raw/v14_082.npz
kan_generic_N2000_K100_H50_nominal_t0p05,3,T001,0,2000,100,50,raw/v14_083.npz
kan_generic_N2000_K100_H50_nominal_t0p05,3,T002,1,2000,100,50,raw/v14_083.npz
kan_generic_N2000_K100_H50_nominal_t0p05,3,T003,2,2000,100,50,raw/v14_083.npz
kan_generic_N2000_K100_H50_nominal_t0p05,3,T004,3,2000,100,50,raw/v14_083.npz
kan_generic_N2000_K100_H50_nominal_t0p05,3,T005,4,2000,100,50,raw/v14_083.npz
kan_generic_N2000_K100_H50_nominal_t0p05,3,T006,5,2000,100,50,raw/v14_083.npz
kan_generic_N2000_K100_H50_nominal_t0p05,3,T007,6,2000,100,50,raw/v14_083.npz
kan_generic_N2000_K100_H50_nominal_t0p05,3,T008,7,2000,100,50,raw/v14_083.npz
kan_generic_N2000_K100_H50_nominal_t0p05,3,T009,8,2000,100,50,raw/v14_083.npz
kan_generic_N2000_K100_H50_nominal_t0p05,3,T010,9,2000,100,50,raw/v14_083.npz
kan_generic_N2000_K100_H50_nominal_t0p05,3,T011,10,2000,100,50,raw/v14_083.npz
kan_generic_N2000_K100_H50_nominal_t0p05,3,T012,11,2000,100,50,raw/v14_083.npz
kan_generic_N2000_K100_H50_nominal_t0p05,3,T013,12,2000,100,50,raw/v14_083.npz
kan_generic_N2000_K100_H50_nominal_t0p05,3,T014,13,2000,100,50,raw/v14_083.npz
kan_generic_N2000_K100_H50_nominal_t0p05,3,T015,14,2000,100,50,raw/v14_083.npz
kan_generic_N2000_K100_H50_nominal_t0p05,3,T016,15,2000,100,50,raw/v14_083.npz
kan_generic_N2000_K100_H50_nominal_t0p05,3,T017,16,2000,100,50,raw/v14_083.npz
kan_generic_N2000_K100_H50_nominal_t0p05,3,T018,17,2000,100,50,raw/v14_083.npz
kan_generic_N2000_K100_H50_nominal_t0p05,3,T019,18,2000,100,50,raw/v14_083.npz
kan_generic_N2000_K100_H50_nominal_t0p05,3,T020,19,2000,100,50,raw/v14_083.npz
kan_generic_N2000_K100_H50_nominal_t0p05,3,T021,20,2000,100,50,raw/v14_083.npz
kan_generic_N2000_K100_H50_nominal_t0p05,3,T022,21,2000,100,50,raw/v14_083.npz
kan_generic_N2000_K100_H50_nominal_t0p05,3,T023,22,2000,100,50,raw/v14_083.npz
kan_generic_N2000_K100_H50_nominal_t0p05,3,T024,23,2000,100,50,raw/v14_083.npz
kan_generic_N2000_K100_H50_nominal_t0p05,3,T025,24,2000,100,50,raw/v14_083.npz
kan_generic_N2000_K100_H50_nominal_t0p05,3,T026,25,2000,100,50,raw/v14_083.npz
kan_generic_N2000_K100_H50_nominal_t0p05,3,T027,26,2000,100,50,raw/v14_083.npz
kan_generic_N2000_K100_H50_nominal_t0p05,3,T028,27,2000,100,50,raw/v14_083.npz
kan_generic_N2000_K100_H50_nominal_t0p05,3,T029,28,2000,100,50,raw/v14_083.npz
kan_generic_N2000_K100_H50_nominal_t0p05,3,T030,29,2000,100,50,raw/v14_083.npz
kan_generic_N2000_K100_H50_nominal_t0p05,4,T001,0,2000,100,50,raw/v14_084.npz
kan_generic_N2000_K100_H50_nominal_t0p05,4,T002,1,2000,100,50,raw/v14_084.npz
kan_generic_N2000_K100_H50_nominal_t0p05,4,T003,2,2000,100,50,raw/v14_084.npz
kan_generic_N2000_K100_H50_nominal_t0p05,4,T004,3,2000,100,50,raw/v14_084.npz
kan_generic_N2000_K100_H50_nominal_t0p05,4,T005,4,2000,100,50,raw/v14_084.npz
kan_generic_N2000_K100_H50_nominal_t0p05,4,T006,5,2000,100,50,raw/v14_084.npz
kan_generic_N2000_K100_H50_nominal_t0p05,4,T007,6,2000,100,50,raw/v14_084.npz
kan_generic_N2000_K100_H50_nominal_t0p05,4,T008,7,2000,100,50,raw/v14_084.npz
kan_generic_N2000_K100_H50_nominal_t0p05,4,T009,8,2000,100,50,raw/v14_084.npz
kan_generic_N2000_K100_H50_nominal_t0p05,4,T010,9,2000,100,50,raw/v14_084.npz
kan_generic_N2000_K100_H50_nominal_t0p05,4,T011,10,2000,100,50,raw/v14_084.npz
kan_generic_N2000_K100_H50_nominal_t0p05,4,T012,11,2000,100,50,raw/v14_084.npz
kan_generic_N2000_K100_H50_nominal_t0p05,4,T013,12,2000,100,50,raw/v14_084.npz
kan_generic_N2000_K100_H50_nominal_t0p05,4,T014,13,2000,100,50,raw/v14_084.npz
kan_generic_N2000_K100_H50_nominal_t0p05,4,T015,14,2000,100,50,raw/v14_084.npz
kan_generic_N2000_K100_H50_nominal_t0p05,4,T016,15,2000,100,50,raw/v14_084.npz
kan_generic_N2000_K100_H50_nominal_t0p05,4,T017,16,2000,100,50,raw/v14_084.npz
kan_generic_N2000_K100_H50_nominal_t0p05,4,T018,17,2000,100,50,raw/v14_084.npz
kan_generic_N2000_K100_H50_nominal_t0p05,4,T019,18,2000,100,50,raw/v14_084.npz
kan_generic_N2000_K100_H50_nominal_t0p05,4,T020,19,2000,100,50,raw/v14_084.npz
kan_generic_N2000_K100_H50_nominal_t0p05,4,T021,20,2000,100,50,raw/v14_084.npz
kan_generic_N2000_K100_H50_nominal_t0p05,4,T022,21,2000,100,50,raw/v14_084.npz
kan_generic_N2000_K100_H50_nominal_t0p05,4,T023,22,2000,100,50,raw/v14_084.npz
kan_generic_N2000_K100_H50_nominal_t0p05,4,T024,23,2000,100,50,raw/v14_084.npz
kan_generic_N2000_K100_H50_nominal_t0p05,4,T025,24,2000,100,50,raw/v14_084.npz
kan_generic_N2000_K100_H50_nominal_t0p05,4,T026,25,2000,100,50,raw/v14_084.npz
kan_generic_N2000_K100_H50_nominal_t0p05,4,T027,26,2000,100,50,raw/v14_084.npz
kan_generic_N2000_K100_H50_nominal_t0p05,4,T028,27,2000,100,50,raw/v14_084.npz
kan_generic_N2000_K100_H50_nominal_t0p05,4,T029,28,2000,100,50,raw/v14_084.npz
kan_generic_N2000_K100_H50_nominal_t0p05,4,T030,29,2000,100,50,raw/v14_084.npz
kan_generic_N2000_K100_H50_nominal_t0p05,5,T001,0,2000,100,50,raw/v14_085.npz
kan_generic_N2000_K100_H50_nominal_t0p05,5,T002,1,2000,100,50,raw/v14_085.npz
kan_generic_N2000_K100_H50_nominal_t0p05,5,T003,2,2000,100,50,raw/v14_085.npz
kan_generic_N2000_K100_H50_nominal_t0p05,5,T004,3,2000,100,50,raw/v14_085.npz
kan_generic_N2000_K100_H50_nominal_t0p05,5,T005,4,2000,100,50,raw/v14_085.npz
kan_generic_N2000_K100_H50_nominal_t0p05,5,T006,5,2000,100,50,raw/v14_085.npz
kan_generic_N2000_K100_H50_nominal_t0p05,5,T007,6,2000,100,50,raw/v14_085.npz
kan_generic_N2000_K100_H50_nominal_t0p05,5,T008,7,2000,100,50,raw/v14_085.npz
kan_generic_N2000_K100_H50_nominal_t0p05,5,T009,8,2000,100,50,raw/v14_085.npz
kan_generic_N2000_K100_H50_nominal_t0p05,5,T010,9,2000,100,50,raw/v14_085.npz
kan_generic_N2000_K100_H50_nominal_t0p05,5,T011,10,2000,100,50,raw/v14_085.npz
kan_generic_N2000_K100_H50_nominal_t0p05,5,T012,11,2000,100,50,raw/v14_085.npz
kan_generic_N2000_K100_H50_nominal_t0p05,5,T013,12,2000,100,50,raw/v14_085.npz
kan_generic_N2000_K100_H50_nominal_t0p05,5,T014,13,2000,100,50,raw/v14_085.npz
kan_generic_N2000_K100_H50_nominal_t0p05,5,T015,14,2000,100,50,raw/v14_085.npz
kan_generic_N2000_K100_H50_nominal_t0p05,5,T016,15,2000,100,50,raw/v14_085.npz
kan_generic_N2000_K100_H50_nominal_t0p05,5,T017,16,2000,100,50,raw/v14_085.npz
kan_generic_N2000_K100_H50_nominal_t0p05,5,T018,17,2000,100,50,raw/v14_085.npz
kan_generic_N2000_K100_H50_nominal_t0p05,5,T019,18,2000,100,50,raw/v14_085.npz
kan_generic_N2000_K100_H50_nominal_t0p05,5,T020,19,2000,100,50,raw/v14_085.npz
kan_generic_N2000_K100_H50_nominal_t0p05,5,T021,20,2000,100,50,raw/v14_085.npz
kan_generic_N2000_K100_H50_nominal_t0p05,5,T022,21,2000,100,50,raw/v14_085.npz
kan_generic_N2000_K100_H50_nominal_t0p05,5,T023,22,2000,100,50,raw/v14_085.npz
kan_generic_N2000_K100_H50_nominal_t0p05,5,T024,23,2000,100,50,raw/v14_085.npz
kan_generic_N2000_K100_H50_nominal_t0p05,5,T025,24,2000,100,50,raw/v14_085.npz
kan_generic_N2000_K100_H50_nominal_t0p05,5,T026,25,2000,100,50,raw/v14_085.npz
kan_generic_N2000_K100_H50_nominal_t0p05,5,T027,26,2000,100,50,raw/v14_085.npz
kan_generic_N2000_K100_H50_nominal_t0p05,5,T028,27,2000,100,50,raw/v14_085.npz
kan_generic_N2000_K100_H50_nominal_t0p05,5,T029,28,2000,100,50,raw/v14_085.npz
kan_generic_N2000_K100_H50_nominal_t0p05,5,T030,29,2000,100,50,raw/v14_085.npz
kan_generic_N2000_K100_H200_nominal_t0p05,1,T001,0,2000,100,200,raw/v14_081.npz
kan_generic_N2000_K100_H200_nominal_t0p05,1,T002,1,2000,100,200,raw/v14_081.npz
kan_generic_N2000_K100_H200_nominal_t0p05,1,T003,2,2000,100,200,raw/v14_081.npz
kan_generic_N2000_K100_H200_nominal_t0p05,1,T004,3,2000,100,200,raw/v14_081.npz
kan_generic_N2000_K100_H200_nominal_t0p05,1,T005,4,2000,100,200,raw/v14_081.npz
kan_generic_N2000_K100_H200_nominal_t0p05,1,T006,5,2000,100,200,raw/v14_081.npz
kan_generic_N2000_K100_H200_nominal_t0p05,1,T007,6,2000,100,200,raw/v14_081.npz
kan_generic_N2000_K100_H200_nominal_t0p05,1,T008,7,2000,100,200,raw/v14_081.npz
kan_generic_N2000_K100_H200_nominal_t0p05,1,T009,8,2000,100,200,raw/v14_081.npz
kan_generic_N2000_K100_H200_nominal_t0p05,1,T010,9,2000,100,200,raw/v14_081.npz
kan_generic_N2000_K100_H200_nominal_t0p05,1,T011,10,2000,100,200,raw/v14_081.npz
kan_generic_N2000_K100_H200_nominal_t0p05,1,T012,11,2000,100,200,raw/v14_081.npz
kan_generic_N2000_K100_H200_nominal_t0p05,1,T013,12,2000,100,200,raw/v14_081.npz
kan_generic_N2000_K100_H200_nominal_t0p05,1,T014,13,2000,100,200,raw/v14_081.npz
kan_generic_N2000_K100_H200_nominal_t0p05,1,T015,14,2000,100,200,raw/v14_081.npz
kan_generic_N2000_K100_H200_nominal_t0p05,1,T016,15,2000,100,200,raw/v14_081.npz
kan_generic_N2000_K100_H200_nominal_t0p05,1,T017,16,2000,100,200,raw/v14_081.npz
kan_generic_N2000_K100_H200_nominal_t0p05,1,T018,17,2000,100,200,raw/v14_081.npz
kan_generic_N2000_K100_H200_nominal_t0p05,1,T019,18,2000,100,200,raw/v14_081.npz
kan_generic_N2000_K100_H200_nominal_t0p05,1,T020,19,2000,100,200,raw/v14_081.npz
kan_generic_N2000_K100_H200_nominal_t0p05,1,T021,20,2000,100,200,raw/v14_081.npz
kan_generic_N2000_K100_H200_nominal_t0p05,1,T022,21,2000,100,200,raw/v14_081.npz
kan_generic_N2000_K100_H200_nominal_t0p05,1,T023,22,2000,100,200,raw/v14_081.npz
kan_generic_N2000_K100_H200_nominal_t0p05,1,T024,23,2000,100,200,raw/v14_081.npz
kan_generic_N2000_K100_H200_nominal_t0p05,1,T025,24,2000,100,200,raw/v14_081.npz
kan_generic_N2000_K100_H200_nominal_t0p05,1,T026,25,2000,100,200,raw/v14_081.npz
kan_generic_N2000_K100_H200_nominal_t0p05,1,T027,26,2000,100,200,raw/v14_081.npz
kan_generic_N2000_K100_H200_nominal_t0p05,1,T028,27,2000,100,200,raw/v14_081.npz
kan_generic_N2000_K100_H200_nominal_t0p05,1,T029,28,2000,100,200,raw/v14_081.npz
kan_generic_N2000_K100_H200_nominal_t0p05,1,T030,29,2000,100,200,raw/v14_081.npz
kan_generic_N2000_K100_H200_nominal_t0p05,2,T001,0,2000,100,200,raw/v14_082.npz
kan_generic_N2000_K100_H200_nominal_t0p05,2,T002,1,2000,100,200,raw/v14_082.npz
kan_generic_N2000_K100_H200_nominal_t0p05,2,T003,2,2000,100,200,raw/v14_082.npz
kan_generic_N2000_K100_H200_nominal_t0p05,2,T004,3,2000,100,200,raw/v14_082.npz
kan_generic_N2000_K100_H200_nominal_t0p05,2,T005,4,2000,100,200,raw/v14_082.npz
kan_generic_N2000_K100_H200_nominal_t0p05,2,T006,5,2000,100,200,raw/v14_082.npz
kan_generic_N2000_K100_H200_nominal_t0p05,2,T007,6,2000,100,200,raw/v14_082.npz
kan_generic_N2000_K100_H200_nominal_t0p05,2,T008,7,2000,100,200,raw/v14_082.npz
kan_generic_N2000_K100_H200_nominal_t0p05,2,T009,8,2000,100,200,raw/v14_082.npz
kan_generic_N2000_K100_H200_nominal_t0p05,2,T010,9,2000,100,200,raw/v14_082.npz
kan_generic_N2000_K100_H200_nominal_t0p05,2,T011,10,2000,100,200,raw/v14_082.npz
kan_generic_N2000_K100_H200_nominal_t0p05,2,T012,11,2000,100,200,raw/v14_082.npz
kan_generic_N2000_K100_H200_nominal_t0p05,2,T013,12,2000,100,200,raw/v14_082.npz
kan_generic_N2000_K100_H200_nominal_t0p05,2,T014,13,2000,100,200,raw/v14_082.npz
kan_generic_N2000_K100_H200_nominal_t0p05,2,T015,14,2000,100,200,raw/v14_082.npz
kan_generic_N2000_K100_H200_nominal_t0p05,2,T016,15,2000,100,200,raw/v14_082.npz
kan_generic_N2000_K100_H200_nominal_t0p05,2,T017,16,2000,100,200,raw/v14_082.npz
kan_generic_N2000_K100_H200_nominal_t0p05,2,T018,17,2000,100,200,raw/v14_082.npz
kan_generic_N2000_K100_H200_nominal_t0p05,2,T019,18,2000,100,200,raw/v14_082.npz
kan_generic_N2000_K100_H200_nominal_t0p05,2,T020,19,2000,100,200,raw/v14_082.npz
kan_generic_N2000_K100_H200_nominal_t0p05,2,T021,20,2000,100,200,raw/v14_082.npz
kan_generic_N2000_K100_H200_nominal_t0p05,2,T022,21,2000,100,200,raw/v14_082.npz
kan_generic_N2000_K100_H200_nominal_t0p05,2,T023,22,2000,100,200,raw/v14_082.npz
kan_generic_N2000_K100_H200_nominal_t0p05,2,T024,23,2000,100,200,raw/v14_082.npz
kan_generic_N2000_K100_H200_nominal_t0p05,2,T025,24,2000,100,200,raw/v14_082.npz
kan_generic_N2000_K100_H200_nominal_t0p05,2,T026,25,2000,100,200,raw/v14_082.npz
kan_generic_N2000_K100_H200_nominal_t0p05,2,T027,26,2000,100,200,raw/v14_082.npz
kan_generic_N2000_K100_H200_nominal_t0p05,2,T028,27,2000,100,200,raw/v14_082.npz
kan_generic_N2000_K100_H200_nominal_t0p05,2,T029,28,2000,100,200,raw/v14_082.npz
kan_generic_N2000_K100_H200_nominal_t0p05,2,T030,29,2000,100,200,raw/v14_082.npz
kan_generic_N2000_K100_H200_nominal_t0p05,3,T001,0,2000,100,200,raw/v14_083.npz
kan_generic_N2000_K100_H200_nominal_t0p05,3,T002,1,2000,100,200,raw/v14_083.npz
kan_generic_N2000_K100_H200_nominal_t0p05,3,T003,2,2000,100,200,raw/v14_083.npz
kan_generic_N2000_K100_H200_nominal_t0p05,3,T004,3,2000,100,200,raw/v14_083.npz
kan_generic_N2000_K100_H200_nominal_t0p05,3,T005,4,2000,100,200,raw/v14_083.npz
kan_generic_N2000_K100_H200_nominal_t0p05,3,T006,5,2000,100,200,raw/v14_083.npz
kan_generic_N2000_K100_H200_nominal_t0p05,3,T007,6,2000,100,200,raw/v14_083.npz
kan_generic_N2000_K100_H200_nominal_t0p05,3,T008,7,2000,100,200,raw/v14_083.npz
kan_generic_N2000_K100_H200_nominal_t0p05,3,T009,8,2000,100,200,raw/v14_083.npz
kan_generic_N2000_K100_H200_nominal_t0p05,3,T010,9,2000,100,200,raw/v14_083.npz
kan_generic_N2000_K100_H200_nominal_t0p05,3,T011,10,2000,100,200,raw/v14_083.npz
kan_generic_N2000_K100_H200_nominal_t0p05,3,T012,11,2000,100,200,raw/v14_083.npz
kan_generic_N2000_K100_H200_nominal_t0p05,3,T013,12,2000,100,200,raw/v14_083.npz
kan_generic_N2000_K100_H200_nominal_t0p05,3,T014,13,2000,100,200,raw/v14_083.npz
kan_generic_N2000_K100_H200_nominal_t0p05,3,T015,14,2000,100,200,raw/v14_083.npz
kan_generic_N2000_K100_H200_nominal_t0p05,3,T016,15,2000,100,200,raw/v14_083.npz
kan_generic_N2000_K100_H200_nominal_t0p05,3,T017,16,2000,100,200,raw/v14_083.npz
kan_generic_N2000_K100_H200_nominal_t0p05,3,T018,17,2000,100,200,raw/v14_083.npz
kan_generic_N2000_K100_H200_nominal_t0p05,3,T019,18,2000,100,200,raw/v14_083.npz
kan_generic_N2000_K100_H200_nominal_t0p05,3,T020,19,2000,100,200,raw/v14_083.npz
kan_generic_N2000_K100_H200_nominal_t0p05,3,T021,20,2000,100,200,raw/v14_083.npz
kan_generic_N2000_K100_H200_nominal_t0p05,3,T022,21,2000,100,200,raw/v14_083.npz
kan_generic_N2000_K100_H200_nominal_t0p05,3,T023,22,2000,100,200,raw/v14_083.npz
kan_generic_N2000_K100_H200_nominal_t0p05,3,T024,23,2000,100,200,raw/v14_083.npz
kan_generic_N2000_K100_H200_nominal_t0p05,3,T025,24,2000,100,200,raw/v14_083.npz
kan_generic_N2000_K100_H200_nominal_t0p05,3,T026,25,2000,100,200,raw/v14_083.npz
kan_generic_N2000_K100_H200_nominal_t0p05,3,T027,26,2000,100,200,raw/v14_083.npz
kan_generic_N2000_K100_H200_nominal_t0p05,3,T028,27,2000,100,200,raw/v14_083.npz
kan_generic_N2000_K100_H200_nominal_t0p05,3,T029,28,2000,100,200,raw/v14_083.npz
kan_generic_N2000_K100_H200_nominal_t0p05,3,T030,29,2000,100,200,raw/v14_083.npz
kan_generic_N2000_K100_H200_nominal_t0p05,4,T001,0,2000,100,200,raw/v14_084.npz
kan_generic_N2000_K100_H200_nominal_t0p05,4,T002,1,2000,100,200,raw/v14_084.npz
kan_generic_N2000_K100_H200_nominal_t0p05,4,T003,2,2000,100,200,raw/v14_084.npz
kan_generic_N2000_K100_H200_nominal_t0p05,4,T004,3,2000,100,200,raw/v14_084.npz
kan_generic_N2000_K100_H200_nominal_t0p05,4,T005,4,2000,100,200,raw/v14_084.npz
kan_generic_N2000_K100_H200_nominal_t0p05,4,T006,5,2000,100,200,raw/v14_084.npz
kan_generic_N2000_K100_H200_nominal_t0p05,4,T007,6,2000,100,200,raw/v14_084.npz
kan_generic_N2000_K100_H200_nominal_t0p05,4,T008,7,2000,100,200,raw/v14_084.npz
kan_generic_N2000_K100_H200_nominal_t0p05,4,T009,8,2000,100,200,raw/v14_084.npz
kan_generic_N2000_K100_H200_nominal_t0p05,4,T010,9,2000,100,200,raw/v14_084.npz
kan_generic_N2000_K100_H200_nominal_t0p05,4,T011,10,2000,100,200,raw/v14_084.npz
kan_generic_N2000_K100_H200_nominal_t0p05,4,T012,11,2000,100,200,raw/v14_084.npz
kan_generic_N2000_K100_H200_nominal_t0p05,4,T013,12,2000,100,200,raw/v14_084.npz
kan_generic_N2000_K100_H200_nominal_t0p05,4,T014,13,2000,100,200,raw/v14_084.npz
kan_generic_N2000_K100_H200_nominal_t0p05,4,T015,14,2000,100,200,raw/v14_084.npz
kan_generic_N2000_K100_H200_nominal_t0p05,4,T016,15,2000,100,200,raw/v14_084.npz
kan_generic_N2000_K100_H200_nominal_t0p05,4,T017,16,2000,100,200,raw/v14_084.npz
kan_generic_N2000_K100_H200_nominal_t0p05,4,T018,17,2000,100,200,raw/v14_084.npz
kan_generic_N2000_K100_H200_nominal_t0p05,4,T019,18,2000,100,200,raw/v14_084.npz
kan_generic_N2000_K100_H200_nominal_t0p05,4,T020,19,2000,100,200,raw/v14_084.npz
kan_generic_N2000_K100_H200_nominal_t0p05,4,T021,20,2000,100,200,raw/v14_084.npz
kan_generic_N2000_K100_H200_nominal_t0p05,4,T022,21,2000,100,200,raw/v14_084.npz
kan_generic_N2000_K100_H200_nominal_t0p05,4,T023,22,2000,100,200,raw/v14_084.npz
kan_generic_N2000_K100_H200_nominal_t0p05,4,T024,23,2000,100,200,raw/v14_084.npz
kan_generic_N2000_K100_H200_nominal_t0p05,4,T025,24,2000,100,200,raw/v14_084.npz
kan_generic_N2000_K100_H200_nominal_t0p05,4,T026,25,2000,100,200,raw/v14_084.npz
kan_generic_N2000_K100_H200_nominal_t0p05,4,T027,26,2000,100,200,raw/v14_084.npz
kan_generic_N2000_K100_H200_nominal_t0p05,4,T028,27,2000,100,200,raw/v14_084.npz
kan_generic_N2000_K100_H200_nominal_t0p05,4,T029,28,2000,100,200,raw/v14_084.npz
kan_generic_N2000_K100_H200_nominal_t0p05,4,T030,29,2000,100,200,raw/v14_084.npz
kan_generic_N2000_K100_H200_nominal_t0p05,5,T001,0,2000,100,200,raw/v14_085.npz
kan_generic_N2000_K100_H200_nominal_t0p05,5,T002,1,2000,100,200,raw/v14_085.npz
kan_generic_N2000_K100_H200_nominal_t0p05,5,T003,2,2000,100,200,raw/v14_085.npz
kan_generic_N2000_K100_H200_nominal_t0p05,5,T004,3,2000,100,200,raw/v14_085.npz
kan_generic_N2000_K100_H200_nominal_t0p05,5,T005,4,2000,100,200,raw/v14_085.npz
kan_generic_N2000_K100_H200_nominal_t0p05,5,T006,5,2000,100,200,raw/v14_085.npz
kan_generic_N2000_K100_H200_nominal_t0p05,5,T007,6,2000,100,200,raw/v14_085.npz
kan_generic_N2000_K100_H200_nominal_t0p05,5,T008,7,2000,100,200,raw/v14_085.npz
kan_generic_N2000_K100_H200_nominal_t0p05,5,T009,8,2000,100,200,raw/v14_085.npz
kan_generic_N2000_K100_H200_nominal_t0p05,5,T010,9,2000,100,200,raw/v14_085.npz
kan_generic_N2000_K100_H200_nominal_t0p05,5,T011,10,2000,100,200,raw/v14_085.npz
kan_generic_N2000_K100_H200_nominal_t0p05,5,T012,11,2000,100,200,raw/v14_085.npz
kan_generic_N2000_K100_H200_nominal_t0p05,5,T013,12,2000,100,200,raw/v14_085.npz
kan_generic_N2000_K100_H200_nominal_t0p05,5,T014,13,2000,100,200,raw/v14_085.npz
kan_generic_N2000_K100_H200_nominal_t0p05,5,T015,14,2000,100,200,raw/v14_085.npz
kan_generic_N2000_K100_H200_nominal_t0p05,5,T016,15,2000,100,200,raw/v14_085.npz
kan_generic_N2000_K100_H200_nominal_t0p05,5,T017,16,2000,100,200,raw/v14_085.npz
kan_generic_N2000_K100_H200_nominal_t0p05,5,T018,17,2000,100,200,raw/v14_085.npz
kan_generic_N2000_K100_H200_nominal_t0p05,5,T019,18,2000,100,200,raw/v14_085.npz
kan_generic_N2000_K100_H200_nominal_t0p05,5,T020,19,2000,100,200,raw/v14_085.npz
kan_generic_N2000_K100_H200_nominal_t0p05,5,T021,20,2000,100,200,raw/v14_085.npz
kan_generic_N2000_K100_H200_nominal_t0p05,5,T022,21,2000,100,200,raw/v14_085.npz
kan_generic_N2000_K100_H200_nominal_t0p05,5,T023,22,2000,100,200,raw/v14_085.npz
kan_generic_N2000_K100_H200_nominal_t0p05,5,T024,23,2000,100,200,raw/v14_085.npz
kan_generic_N2000_K100_H200_nominal_t0p05,5,T025,24,2000,100,200,raw/v14_085.npz
kan_generic_N2000_K100_H200_nominal_t0p05,5,T026,25,2000,100,200,raw/v14_085.npz
kan_generic_N2000_K100_H200_nominal_t0p05,5,T027,26,2000,100,200,raw/v14_085.npz
kan_generic_N2000_K100_H200_nominal_t0p05,5,T028,27,2000,100,200,raw/v14_085.npz
kan_generic_N2000_K100_H200_nominal_t0p05,5,T029,28,2000,100,200,raw/v14_085.npz
kan_generic_N2000_K100_H200_nominal_t0p05,5,T030,29,2000,100,200,raw/v14_085.npz
kan_generic_N2000_K100_H800_nominal_t0p05,1,T001,0,2000,100,800,raw/v14_081.npz
kan_generic_N2000_K100_H800_nominal_t0p05,1,T002,1,2000,100,800,raw/v14_081.npz
kan_generic_N2000_K100_H800_nominal_t0p05,1,T003,2,2000,100,800,raw/v14_081.npz
kan_generic_N2000_K100_H800_nominal_t0p05,1,T004,3,2000,100,800,raw/v14_081.npz
kan_generic_N2000_K100_H800_nominal_t0p05,1,T005,4,2000,100,800,raw/v14_081.npz
kan_generic_N2000_K100_H800_nominal_t0p05,1,T006,5,2000,100,800,raw/v14_081.npz
kan_generic_N2000_K100_H800_nominal_t0p05,1,T007,6,2000,100,800,raw/v14_081.npz
kan_generic_N2000_K100_H800_nominal_t0p05,1,T008,7,2000,100,800,raw/v14_081.npz
kan_generic_N2000_K100_H800_nominal_t0p05,1,T009,8,2000,100,800,raw/v14_081.npz
kan_generic_N2000_K100_H800_nominal_t0p05,1,T010,9,2000,100,800,raw/v14_081.npz
kan_generic_N2000_K100_H800_nominal_t0p05,1,T011,10,2000,100,800,raw/v14_081.npz
kan_generic_N2000_K100_H800_nominal_t0p05,1,T012,11,2000,100,800,raw/v14_081.npz
kan_generic_N2000_K100_H800_nominal_t0p05,1,T013,12,2000,100,800,raw/v14_081.npz
kan_generic_N2000_K100_H800_nominal_t0p05,1,T014,13,2000,100,800,raw/v14_081.npz
kan_generic_N2000_K100_H800_nominal_t0p05,1,T015,14,2000,100,800,raw/v14_081.npz
kan_generic_N2000_K100_H800_nominal_t0p05,1,T016,15,2000,100,800,raw/v14_081.npz
kan_generic_N2000_K100_H800_nominal_t0p05,1,T017,16,2000,100,800,raw/v14_081.npz
kan_generic_N2000_K100_H800_nominal_t0p05,1,T018,17,2000,100,800,raw/v14_081.npz
kan_generic_N2000_K100_H800_nominal_t0p05,1,T019,18,2000,100,800,raw/v14_081.npz
kan_generic_N2000_K100_H800_nominal_t0p05,1,T020,19,2000,100,800,raw/v14_081.npz
kan_generic_N2000_K100_H800_nominal_t0p05,1,T021,20,2000,100,800,raw/v14_081.npz
kan_generic_N2000_K100_H800_nominal_t0p05,1,T022,21,2000,100,800,raw/v14_081.npz
kan_generic_N2000_K100_H800_nominal_t0p05,1,T023,22,2000,100,800,raw/v14_081.npz
kan_generic_N2000_K100_H800_nominal_t0p05,1,T024,23,2000,100,800,raw/v14_081.npz
kan_generic_N2000_K100_H800_nominal_t0p05,1,T025,24,2000,100,800,raw/v14_081.npz
kan_generic_N2000_K100_H800_nominal_t0p05,1,T026,25,2000,100,800,raw/v14_081.npz
kan_generic_N2000_K100_H800_nominal_t0p05,1,T027,26,2000,100,800,raw/v14_081.npz
kan_generic_N2000_K100_H800_nominal_t0p05,1,T028,27,2000,100,800,raw/v14_081.npz
kan_generic_N2000_K100_H800_nominal_t0p05,1,T029,28,2000,100,800,raw/v14_081.npz
kan_generic_N2000_K100_H800_nominal_t0p05,1,T030,29,2000,100,800,raw/v14_081.npz
kan_generic_N2000_K100_H800_nominal_t0p05,2,T001,0,2000,100,800,raw/v14_082.npz
kan_generic_N2000_K100_H800_nominal_t0p05,2,T002,1,2000,100,800,raw/v14_082.npz
kan_generic_N2000_K100_H800_nominal_t0p05,2,T003,2,2000,100,800,raw/v14_082.npz
kan_generic_N2000_K100_H800_nominal_t0p05,2,T004,3,2000,100,800,raw/v14_082.npz
kan_generic_N2000_K100_H800_nominal_t0p05,2,T005,4,2000,100,800,raw/v14_082.npz
kan_generic_N2000_K100_H800_nominal_t0p05,2,T006,5,2000,100,800,raw/v14_082.npz
kan_generic_N2000_K100_H800_nominal_t0p05,2,T007,6,2000,100,800,raw/v14_082.npz
kan_generic_N2000_K100_H800_nominal_t0p05,2,T008,7,2000,100,800,raw/v14_082.npz
kan_generic_N2000_K100_H800_nominal_t0p05,2,T009,8,2000,100,800,raw/v14_082.npz
kan_generic_N2000_K100_H800_nominal_t0p05,2,T010,9,2000,100,800,raw/v14_082.npz
kan_generic_N2000_K100_H800_nominal_t0p05,2,T011,10,2000,100,800,raw/v14_082.npz
kan_generic_N2000_K100_H800_nominal_t0p05,2,T012,11,2000,100,800,raw/v14_082.npz
kan_generic_N2000_K100_H800_nominal_t0p05,2,T013,12,2000,100,800,raw/v14_082.npz
kan_generic_N2000_K100_H800_nominal_t0p05,2,T014,13,2000,100,800,raw/v14_082.npz
kan_generic_N2000_K100_H800_nominal_t0p05,2,T015,14,2000,100,800,raw/v14_082.npz
kan_generic_N2000_K100_H800_nominal_t0p05,2,T016,15,2000,100,800,raw/v14_082.npz
kan_generic_N2000_K100_H800_nominal_t0p05,2,T017,16,2000,100,800,raw/v14_082.npz
kan_generic_N2000_K100_H800_nominal_t0p05,2,T018,17,2000,100,800,raw/v14_082.npz
kan_generic_N2000_K100_H800_nominal_t0p05,2,T019,18,2000,100,800,raw/v14_082.npz
kan_generic_N2000_K100_H800_nominal_t0p05,2,T020,19,2000,100,800,raw/v14_082.npz
kan_generic_N2000_K100_H800_nominal_t0p05,2,T021,20,2000,100,800,raw/v14_082.npz
kan_generic_N2000_K100_H800_nominal_t0p05,2,T022,21,2000,100,800,raw/v14_082.npz
kan_generic_N2000_K100_H800_nominal_t0p05,2,T023,22,2000,100,800,raw/v14_082.npz
kan_generic_N2000_K100_H800_nominal_t0p05,2,T024,23,2000,100,800,raw/v14_082.npz
kan_generic_N2000_K100_H800_nominal_t0p05,2,T025,24,2000,100,800,raw/v14_082.npz
kan_generic_N2000_K100_H800_nominal_t0p05,2,T026,25,2000,100,800,raw/v14_082.npz
kan_generic_N2000_K100_H800_nominal_t0p05,2,T027,26,2000,100,800,raw/v14_082.npz
kan_generic_N2000_K100_H800_nominal_t0p05,2,T028,27,2000,100,800,raw/v14_082.npz
kan_generic_N2000_K100_H800_nominal_t0p05,2,T029,28,2000,100,800,raw/v14_082.npz
kan_generic_N2000_K100_H800_nominal_t0p05,2,T030,29,2000,100,800,raw/v14_082.npz
kan_generic_N2000_K100_H800_nominal_t0p05,3,T001,0,2000,100,800,raw/v14_083.npz
kan_generic_N2000_K100_H800_nominal_t0p05,3,T002,1,2000,100,800,raw/v14_083.npz
kan_generic_N2000_K100_H800_nominal_t0p05,3,T003,2,2000,100,800,raw/v14_083.npz
kan_generic_N2000_K100_H800_nominal_t0p05,3,T004,3,2000,100,800,raw/v14_083.npz
kan_generic_N2000_K100_H800_nominal_t0p05,3,T005,4,2000,100,800,raw/v14_083.npz
kan_generic_N2000_K100_H800_nominal_t0p05,3,T006,5,2000,100,800,raw/v14_083.npz
kan_generic_N2000_K100_H800_nominal_t0p05,3,T007,6,2000,100,800,raw/v14_083.npz
kan_generic_N2000_K100_H800_nominal_t0p05,3,T008,7,2000,100,800,raw/v14_083.npz
kan_generic_N2000_K100_H800_nominal_t0p05,3,T009,8,2000,100,800,raw/v14_083.npz
kan_generic_N2000_K100_H800_nominal_t0p05,3,T010,9,2000,100,800,raw/v14_083.npz
kan_generic_N2000_K100_H800_nominal_t0p05,3,T011,10,2000,100,800,raw/v14_083.npz
kan_generic_N2000_K100_H800_nominal_t0p05,3,T012,11,2000,100,800,raw/v14_083.npz
kan_generic_N2000_K100_H800_nominal_t0p05,3,T013,12,2000,100,800,raw/v14_083.npz
kan_generic_N2000_K100_H800_nominal_t0p05,3,T014,13,2000,100,800,raw/v14_083.npz
kan_generic_N2000_K100_H800_nominal_t0p05,3,T015,14,2000,100,800,raw/v14_083.npz
kan_generic_N2000_K100_H800_nominal_t0p05,3,T016,15,2000,100,800,raw/v14_083.npz
kan_generic_N2000_K100_H800_nominal_t0p05,3,T017,16,2000,100,800,raw/v14_083.npz
kan_generic_N2000_K100_H800_nominal_t0p05,3,T018,17,2000,100,800,raw/v14_083.npz
kan_generic_N2000_K100_H800_nominal_t0p05,3,T019,18,2000,100,800,raw/v14_083.npz
kan_generic_N2000_K100_H800_nominal_t0p05,3,T020,19,2000,100,800,raw/v14_083.npz
kan_generic_N2000_K100_H800_nominal_t0p05,3,T021,20,2000,100,800,raw/v14_083.npz
kan_generic_N2000_K100_H800_nominal_t0p05,3,T022,21,2000,100,800,raw/v14_083.npz
kan_generic_N2000_K100_H800_nominal_t0p05,3,T023,22,2000,100,800,raw/v14_083.npz
kan_generic_N2000_K100_H800_nominal_t0p05,3,T024,23,2000,100,800,raw/v14_083.npz
kan_generic_N2000_K100_H800_nominal_t0p05,3,T025,24,2000,100,800,raw/v14_083.npz
kan_generic_N2000_K100_H800_nominal_t0p05,3,T026,25,2000,100,800,raw/v14_083.npz
kan_generic_N2000_K100_H800_nominal_t0p05,3,T027,26,2000,100,800,raw/v14_083.npz
kan_generic_N2000_K100_H800_nominal_t0p05,3,T028,27,2000,100,800,raw/v14_083.npz
kan_generic_N2000_K100_H800_nominal_t0p05,3,T029,28,2000,100,800,raw/v14_083.npz
kan_generic_N2000_K100_H800_nominal_t0p05,3,T030,29,2000,100,800,raw/v14_083.npz
kan_generic_N2000_K100_H800_nominal_t0p05,4,T001,0,2000,100,800,raw/v14_084.npz
kan_generic_N2000_K100_H800_nominal_t0p05,4,T002,1,2000,100,800,raw/v14_084.npz
kan_generic_N2000_K100_H800_nominal_t0p05,4,T003,2,2000,100,800,raw/v14_084.npz
kan_generic_N2000_K100_H800_nominal_t0p05,4,T004,3,2000,100,800,raw/v14_084.npz
kan_generic_N2000_K100_H800_nominal_t0p05,4,T005,4,2000,100,800,raw/v14_084.npz
kan_generic_N2000_K100_H800_nominal_t0p05,4,T006,5,2000,100,800,raw/v14_084.npz
kan_generic_N2000_K100_H800_nominal_t0p05,4,T007,6,2000,100,800,raw/v14_084.npz
kan_generic_N2000_K100_H800_nominal_t0p05,4,T008,7,2000,100,800,raw/v14_084.npz
kan_generic_N2000_K100_H800_nominal_t0p05,4,T009,8,2000,100,800,raw/v14_084.npz
kan_generic_N2000_K100_H800_nominal_t0p05,4,T010,9,2000,100,800,raw/v14_084.npz
kan_generic_N2000_K100_H800_nominal_t0p05,4,T011,10,2000,100,800,raw/v14_084.npz
kan_generic_N2000_K100_H800_nominal_t0p05,4,T012,11,2000,100,800,raw/v14_084.npz
kan_generic_N2000_K100_H800_nominal_t0p05,4,T013,12,2000,100,800,raw/v14_084.npz
kan_generic_N2000_K100_H800_nominal_t0p05,4,T014,13,2000,100,800,raw/v14_084.npz
kan_generic_N2000_K100_H800_nominal_t0p05,4,T015,14,2000,100,800,raw/v14_084.npz
kan_generic_N2000_K100_H800_nominal_t0p05,4,T016,15,2000,100,800,raw/v14_084.npz
kan_generic_N2000_K100_H800_nominal_t0p05,4,T017,16,2000,100,800,raw/v14_084.npz
kan_generic_N2000_K100_H800_nominal_t0p05,4,T018,17,2000,100,800,raw/v14_084.npz
kan_generic_N2000_K100_H800_nominal_t0p05,4,T019,18,2000,100,800,raw/v14_084.npz
kan_generic_N2000_K100_H800_nominal_t0p05,4,T020,19,2000,100,800,raw/v14_084.npz
kan_generic_N2000_K100_H800_nominal_t0p05,4,T021,20,2000,100,800,raw/v14_084.npz
kan_generic_N2000_K100_H800_nominal_t0p05,4,T022,21,2000,100,800,raw/v14_084.npz
kan_generic_N2000_K100_H800_nominal_t0p05,4,T023,22,2000,100,800,raw/v14_084.npz
kan_generic_N2000_K100_H800_nominal_t0p05,4,T024,23,2000,100,800,raw/v14_084.npz
kan_generic_N2000_K100_H800_nominal_t0p05,4,T025,24,2000,100,800,raw/v14_084.npz
kan_generic_N2000_K100_H800_nominal_t0p05,4,T026,25,2000,100,800,raw/v14_084.npz
kan_generic_N2000_K100_H800_nominal_t0p05,4,T027,26,2000,100,800,raw/v14_084.npz
kan_generic_N2000_K100_H800_nominal_t0p05,4,T028,27,2000,100,800,raw/v14_084.npz
kan_generic_N2000_K100_H800_nominal_t0p05,4,T029,28,2000,100,800,raw/v14_084.npz
kan_generic_N2000_K100_H800_nominal_t0p05,4,T030,29,2000,100,800,raw/v14_084.npz
kan_generic_N2000_K100_H800_nominal_t0p05,5,T001,0,2000,100,800,raw/v14_085.npz
kan_generic_N2000_K100_H800_nominal_t0p05,5,T002,1,2000,100,800,raw/v14_085.npz
kan_generic_N2000_K100_H800_nominal_t0p05,5,T003,2,2000,100,800,raw/v14_085.npz
kan_generic_N2000_K100_H800_nominal_t0p05,5,T004,3,2000,100,800,raw/v14_085.npz
kan_generic_N2000_K100_H800_nominal_t0p05,5,T005,4,2000,100,800,raw/v14_085.npz
kan_generic_N2000_K100_H800_nominal_t0p05,5,T006,5,2000,100,800,raw/v14_085.npz
kan_generic_N2000_K100_H800_nominal_t0p05,5,T007,6,2000,100,800,raw/v14_085.npz
kan_generic_N2000_K100_H800_nominal_t0p05,5,T008,7,2000,100,800,raw/v14_085.npz
kan_generic_N2000_K100_H800_nominal_t0p05,5,T009,8,2000,100,800,raw/v14_085.npz
kan_generic_N2000_K100_H800_nominal_t0p05,5,T010,9,2000,100,800,raw/v14_085.npz
kan_generic_N2000_K100_H800_nominal_t0p05,5,T011,10,2000,100,800,raw/v14_085.npz
kan_generic_N2000_K100_H800_nominal_t0p05,5,T012,11,2000,100,800,raw/v14_085.npz
kan_generic_N2000_K100_H800_nominal_t0p05,5,T013,12,2000,100,800,raw/v14_085.npz
kan_generic_N2000_K100_H800_nominal_t0p05,5,T014,13,2000,100,800,raw/v14_085.npz
kan_generic_N2000_K100_H800_nominal_t0p05,5,T015,14,2000,100,800,raw/v14_085.npz
kan_generic_N2000_K100_H800_nominal_t0p05,5,T016,15,2000,100,800,raw/v14_085.npz
kan_generic_N2000_K100_H800_nominal_t0p05,5,T017,16,2000,100,800,raw/v14_085.npz
kan_generic_N2000_K100_H800_nominal_t0p05,5,T018,17,2000,100,800,raw/v14_085.npz
kan_generic_N2000_K100_H800_nominal_t0p05,5,T019,18,2000,100,800,raw/v14_085.npz
kan_generic_N2000_K100_H800_nominal_t0p05,5,T020,19,2000,100,800,raw/v14_085.npz
kan_generic_N2000_K100_H800_nominal_t0p05,5,T021,20,2000,100,800,raw/v14_085.npz
kan_generic_N2000_K100_H800_nominal_t0p05,5,T022,21,2000,100,800,raw/v14_085.npz
kan_generic_N2000_K100_H800_nominal_t0p05,5,T023,22,2000,100,800,raw/v14_085.npz
kan_generic_N2000_K100_H800_nominal_t0p05,5,T024,23,2000,100,800,raw/v14_085.npz
kan_generic_N2000_K100_H800_nominal_t0p05,5,T025,24,2000,100,800,raw/v14_085.npz
kan_generic_N2000_K100_H800_nominal_t0p05,5,T026,25,2000,100,800,raw/v14_085.npz
kan_generic_N2000_K100_H800_nominal_t0p05,5,T027,26,2000,100,800,raw/v14_085.npz
kan_generic_N2000_K100_H800_nominal_t0p05,5,T028,27,2000,100,800,raw/v14_085.npz
kan_generic_N2000_K100_H800_nominal_t0p05,5,T029,28,2000,100,800,raw/v14_085.npz
kan_generic_N2000_K100_H800_nominal_t0p05,5,T030,29,2000,100,800,raw/v14_085.npz
kan_generic_N2000_K200_H200_nominal_t0p05,1,T001,0,2000,200,200,raw/v14_086.npz
kan_generic_N2000_K200_H200_nominal_t0p05,1,T002,1,2000,200,200,raw/v14_086.npz
kan_generic_N2000_K200_H200_nominal_t0p05,1,T003,2,2000,200,200,raw/v14_086.npz
kan_generic_N2000_K200_H200_nominal_t0p05,1,T004,3,2000,200,200,raw/v14_086.npz
kan_generic_N2000_K200_H200_nominal_t0p05,1,T005,4,2000,200,200,raw/v14_086.npz
kan_generic_N2000_K200_H200_nominal_t0p05,1,T006,5,2000,200,200,raw/v14_086.npz
kan_generic_N2000_K200_H200_nominal_t0p05,1,T007,6,2000,200,200,raw/v14_086.npz
kan_generic_N2000_K200_H200_nominal_t0p05,1,T008,7,2000,200,200,raw/v14_086.npz
kan_generic_N2000_K200_H200_nominal_t0p05,1,T009,8,2000,200,200,raw/v14_086.npz
kan_generic_N2000_K200_H200_nominal_t0p05,1,T010,9,2000,200,200,raw/v14_086.npz
kan_generic_N2000_K200_H200_nominal_t0p05,1,T011,10,2000,200,200,raw/v14_086.npz
kan_generic_N2000_K200_H200_nominal_t0p05,1,T012,11,2000,200,200,raw/v14_086.npz
kan_generic_N2000_K200_H200_nominal_t0p05,1,T013,12,2000,200,200,raw/v14_086.npz
kan_generic_N2000_K200_H200_nominal_t0p05,1,T014,13,2000,200,200,raw/v14_086.npz
kan_generic_N2000_K200_H200_nominal_t0p05,1,T015,14,2000,200,200,raw/v14_086.npz
kan_generic_N2000_K200_H200_nominal_t0p05,1,T016,15,2000,200,200,raw/v14_086.npz
kan_generic_N2000_K200_H200_nominal_t0p05,1,T017,16,2000,200,200,raw/v14_086.npz
kan_generic_N2000_K200_H200_nominal_t0p05,1,T018,17,2000,200,200,raw/v14_086.npz
kan_generic_N2000_K200_H200_nominal_t0p05,1,T019,18,2000,200,200,raw/v14_086.npz
kan_generic_N2000_K200_H200_nominal_t0p05,1,T020,19,2000,200,200,raw/v14_086.npz
kan_generic_N2000_K200_H200_nominal_t0p05,1,T021,20,2000,200,200,raw/v14_086.npz
kan_generic_N2000_K200_H200_nominal_t0p05,1,T022,21,2000,200,200,raw/v14_086.npz
kan_generic_N2000_K200_H200_nominal_t0p05,1,T023,22,2000,200,200,raw/v14_086.npz
kan_generic_N2000_K200_H200_nominal_t0p05,1,T024,23,2000,200,200,raw/v14_086.npz
kan_generic_N2000_K200_H200_nominal_t0p05,1,T025,24,2000,200,200,raw/v14_086.npz
kan_generic_N2000_K200_H200_nominal_t0p05,1,T026,25,2000,200,200,raw/v14_086.npz
kan_generic_N2000_K200_H200_nominal_t0p05,1,T027,26,2000,200,200,raw/v14_086.npz
kan_generic_N2000_K200_H200_nominal_t0p05,1,T028,27,2000,200,200,raw/v14_086.npz
kan_generic_N2000_K200_H200_nominal_t0p05,1,T029,28,2000,200,200,raw/v14_086.npz
kan_generic_N2000_K200_H200_nominal_t0p05,1,T030,29,2000,200,200,raw/v14_086.npz
kan_generic_N2000_K200_H200_nominal_t0p05,2,T001,0,2000,200,200,raw/v14_087.npz
kan_generic_N2000_K200_H200_nominal_t0p05,2,T002,1,2000,200,200,raw/v14_087.npz
kan_generic_N2000_K200_H200_nominal_t0p05,2,T003,2,2000,200,200,raw/v14_087.npz
kan_generic_N2000_K200_H200_nominal_t0p05,2,T004,3,2000,200,200,raw/v14_087.npz
kan_generic_N2000_K200_H200_nominal_t0p05,2,T005,4,2000,200,200,raw/v14_087.npz
kan_generic_N2000_K200_H200_nominal_t0p05,2,T006,5,2000,200,200,raw/v14_087.npz
kan_generic_N2000_K200_H200_nominal_t0p05,2,T007,6,2000,200,200,raw/v14_087.npz
kan_generic_N2000_K200_H200_nominal_t0p05,2,T008,7,2000,200,200,raw/v14_087.npz
kan_generic_N2000_K200_H200_nominal_t0p05,2,T009,8,2000,200,200,raw/v14_087.npz
kan_generic_N2000_K200_H200_nominal_t0p05,2,T010,9,2000,200,200,raw/v14_087.npz
kan_generic_N2000_K200_H200_nominal_t0p05,2,T011,10,2000,200,200,raw/v14_087.npz
kan_generic_N2000_K200_H200_nominal_t0p05,2,T012,11,2000,200,200,raw/v14_087.npz
kan_generic_N2000_K200_H200_nominal_t0p05,2,T013,12,2000,200,200,raw/v14_087.npz
kan_generic_N2000_K200_H200_nominal_t0p05,2,T014,13,2000,200,200,raw/v14_087.npz
kan_generic_N2000_K200_H200_nominal_t0p05,2,T015,14,2000,200,200,raw/v14_087.npz
kan_generic_N2000_K200_H200_nominal_t0p05,2,T016,15,2000,200,200,raw/v14_087.npz
kan_generic_N2000_K200_H200_nominal_t0p05,2,T017,16,2000,200,200,raw/v14_087.npz
kan_generic_N2000_K200_H200_nominal_t0p05,2,T018,17,2000,200,200,raw/v14_087.npz
kan_generic_N2000_K200_H200_nominal_t0p05,2,T019,18,2000,200,200,raw/v14_087.npz
kan_generic_N2000_K200_H200_nominal_t0p05,2,T020,19,2000,200,200,raw/v14_087.npz
kan_generic_N2000_K200_H200_nominal_t0p05,2,T021,20,2000,200,200,raw/v14_087.npz
kan_generic_N2000_K200_H200_nominal_t0p05,2,T022,21,2000,200,200,raw/v14_087.npz
kan_generic_N2000_K200_H200_nominal_t0p05,2,T023,22,2000,200,200,raw/v14_087.npz
kan_generic_N2000_K200_H200_nominal_t0p05,2,T024,23,2000,200,200,raw/v14_087.npz
kan_generic_N2000_K200_H200_nominal_t0p05,2,T025,24,2000,200,200,raw/v14_087.npz
kan_generic_N2000_K200_H200_nominal_t0p05,2,T026,25,2000,200,200,raw/v14_087.npz
kan_generic_N2000_K200_H200_nominal_t0p05,2,T027,26,2000,200,200,raw/v14_087.npz
kan_generic_N2000_K200_H200_nominal_t0p05,2,T028,27,2000,200,200,raw/v14_087.npz
kan_generic_N2000_K200_H200_nominal_t0p05,2,T029,28,2000,200,200,raw/v14_087.npz
kan_generic_N2000_K200_H200_nominal_t0p05,2,T030,29,2000,200,200,raw/v14_087.npz
kan_generic_N2000_K200_H200_nominal_t0p05,3,T001,0,2000,200,200,raw/v14_088.npz
kan_generic_N2000_K200_H200_nominal_t0p05,3,T002,1,2000,200,200,raw/v14_088.npz
kan_generic_N2000_K200_H200_nominal_t0p05,3,T003,2,2000,200,200,raw/v14_088.npz
kan_generic_N2000_K200_H200_nominal_t0p05,3,T004,3,2000,200,200,raw/v14_088.npz
kan_generic_N2000_K200_H200_nominal_t0p05,3,T005,4,2000,200,200,raw/v14_088.npz
kan_generic_N2000_K200_H200_nominal_t0p05,3,T006,5,2000,200,200,raw/v14_088.npz
kan_generic_N2000_K200_H200_nominal_t0p05,3,T007,6,2000,200,200,raw/v14_088.npz
kan_generic_N2000_K200_H200_nominal_t0p05,3,T008,7,2000,200,200,raw/v14_088.npz
kan_generic_N2000_K200_H200_nominal_t0p05,3,T009,8,2000,200,200,raw/v14_088.npz
kan_generic_N2000_K200_H200_nominal_t0p05,3,T010,9,2000,200,200,raw/v14_088.npz
kan_generic_N2000_K200_H200_nominal_t0p05,3,T011,10,2000,200,200,raw/v14_088.npz
kan_generic_N2000_K200_H200_nominal_t0p05,3,T012,11,2000,200,200,raw/v14_088.npz
kan_generic_N2000_K200_H200_nominal_t0p05,3,T013,12,2000,200,200,raw/v14_088.npz
kan_generic_N2000_K200_H200_nominal_t0p05,3,T014,13,2000,200,200,raw/v14_088.npz
kan_generic_N2000_K200_H200_nominal_t0p05,3,T015,14,2000,200,200,raw/v14_088.npz
kan_generic_N2000_K200_H200_nominal_t0p05,3,T016,15,2000,200,200,raw/v14_088.npz
kan_generic_N2000_K200_H200_nominal_t0p05,3,T017,16,2000,200,200,raw/v14_088.npz
kan_generic_N2000_K200_H200_nominal_t0p05,3,T018,17,2000,200,200,raw/v14_088.npz
kan_generic_N2000_K200_H200_nominal_t0p05,3,T019,18,2000,200,200,raw/v14_088.npz
kan_generic_N2000_K200_H200_nominal_t0p05,3,T020,19,2000,200,200,raw/v14_088.npz
kan_generic_N2000_K200_H200_nominal_t0p05,3,T021,20,2000,200,200,raw/v14_088.npz
kan_generic_N2000_K200_H200_nominal_t0p05,3,T022,21,2000,200,200,raw/v14_088.npz
kan_generic_N2000_K200_H200_nominal_t0p05,3,T023,22,2000,200,200,raw/v14_088.npz
kan_generic_N2000_K200_H200_nominal_t0p05,3,T024,23,2000,200,200,raw/v14_088.npz
kan_generic_N2000_K200_H200_nominal_t0p05,3,T025,24,2000,200,200,raw/v14_088.npz
kan_generic_N2000_K200_H200_nominal_t0p05,3,T026,25,2000,200,200,raw/v14_088.npz
kan_generic_N2000_K200_H200_nominal_t0p05,3,T027,26,2000,200,200,raw/v14_088.npz
kan_generic_N2000_K200_H200_nominal_t0p05,3,T028,27,2000,200,200,raw/v14_088.npz
kan_generic_N2000_K200_H200_nominal_t0p05,3,T029,28,2000,200,200,raw/v14_088.npz
kan_generic_N2000_K200_H200_nominal_t0p05,3,T030,29,2000,200,200,raw/v14_088.npz
kan_generic_N2000_K200_H200_nominal_t0p05,4,T001,0,2000,200,200,raw/v14_089.npz
kan_generic_N2000_K200_H200_nominal_t0p05,4,T002,1,2000,200,200,raw/v14_089.npz
kan_generic_N2000_K200_H200_nominal_t0p05,4,T003,2,2000,200,200,raw/v14_089.npz
kan_generic_N2000_K200_H200_nominal_t0p05,4,T004,3,2000,200,200,raw/v14_089.npz
kan_generic_N2000_K200_H200_nominal_t0p05,4,T005,4,2000,200,200,raw/v14_089.npz
kan_generic_N2000_K200_H200_nominal_t0p05,4,T006,5,2000,200,200,raw/v14_089.npz
kan_generic_N2000_K200_H200_nominal_t0p05,4,T007,6,2000,200,200,raw/v14_089.npz
kan_generic_N2000_K200_H200_nominal_t0p05,4,T008,7,2000,200,200,raw/v14_089.npz
kan_generic_N2000_K200_H200_nominal_t0p05,4,T009,8,2000,200,200,raw/v14_089.npz
kan_generic_N2000_K200_H200_nominal_t0p05,4,T010,9,2000,200,200,raw/v14_089.npz
kan_generic_N2000_K200_H200_nominal_t0p05,4,T011,10,2000,200,200,raw/v14_089.npz
kan_generic_N2000_K200_H200_nominal_t0p05,4,T012,11,2000,200,200,raw/v14_089.npz
kan_generic_N2000_K200_H200_nominal_t0p05,4,T013,12,2000,200,200,raw/v14_089.npz
kan_generic_N2000_K200_H200_nominal_t0p05,4,T014,13,2000,200,200,raw/v14_089.npz
kan_generic_N2000_K200_H200_nominal_t0p05,4,T015,14,2000,200,200,raw/v14_089.npz
kan_generic_N2000_K200_H200_nominal_t0p05,4,T016,15,2000,200,200,raw/v14_089.npz
kan_generic_N2000_K200_H200_nominal_t0p05,4,T017,16,2000,200,200,raw/v14_089.npz
kan_generic_N2000_K200_H200_nominal_t0p05,4,T018,17,2000,200,200,raw/v14_089.npz
kan_generic_N2000_K200_H200_nominal_t0p05,4,T019,18,2000,200,200,raw/v14_089.npz
kan_generic_N2000_K200_H200_nominal_t0p05,4,T020,19,2000,200,200,raw/v14_089.npz
kan_generic_N2000_K200_H200_nominal_t0p05,4,T021,20,2000,200,200,raw/v14_089.npz
kan_generic_N2000_K200_H200_nominal_t0p05,4,T022,21,2000,200,200,raw/v14_089.npz
kan_generic_N2000_K200_H200_nominal_t0p05,4,T023,22,2000,200,200,raw/v14_089.npz
kan_generic_N2000_K200_H200_nominal_t0p05,4,T024,23,2000,200,200,raw/v14_089.npz
kan_generic_N2000_K200_H200_nominal_t0p05,4,T025,24,2000,200,200,raw/v14_089.npz
kan_generic_N2000_K200_H200_nominal_t0p05,4,T026,25,2000,200,200,raw/v14_089.npz
kan_generic_N2000_K200_H200_nominal_t0p05,4,T027,26,2000,200,200,raw/v14_089.npz
kan_generic_N2000_K200_H200_nominal_t0p05,4,T028,27,2000,200,200,raw/v14_089.npz
kan_generic_N2000_K200_H200_nominal_t0p05,4,T029,28,2000,200,200,raw/v14_089.npz
kan_generic_N2000_K200_H200_nominal_t0p05,4,T030,29,2000,200,200,raw/v14_089.npz
kan_generic_N2000_K200_H200_nominal_t0p05,5,T001,0,2000,200,200,raw/v14_090.npz
kan_generic_N2000_K200_H200_nominal_t0p05,5,T002,1,2000,200,200,raw/v14_090.npz
kan_generic_N2000_K200_H200_nominal_t0p05,5,T003,2,2000,200,200,raw/v14_090.npz
kan_generic_N2000_K200_H200_nominal_t0p05,5,T004,3,2000,200,200,raw/v14_090.npz
kan_generic_N2000_K200_H200_nominal_t0p05,5,T005,4,2000,200,200,raw/v14_090.npz
kan_generic_N2000_K200_H200_nominal_t0p05,5,T006,5,2000,200,200,raw/v14_090.npz
kan_generic_N2000_K200_H200_nominal_t0p05,5,T007,6,2000,200,200,raw/v14_090.npz
kan_generic_N2000_K200_H200_nominal_t0p05,5,T008,7,2000,200,200,raw/v14_090.npz
kan_generic_N2000_K200_H200_nominal_t0p05,5,T009,8,2000,200,200,raw/v14_090.npz
kan_generic_N2000_K200_H200_nominal_t0p05,5,T010,9,2000,200,200,raw/v14_090.npz
kan_generic_N2000_K200_H200_nominal_t0p05,5,T011,10,2000,200,200,raw/v14_090.npz
kan_generic_N2000_K200_H200_nominal_t0p05,5,T012,11,2000,200,200,raw/v14_090.npz
kan_generic_N2000_K200_H200_nominal_t0p05,5,T013,12,2000,200,200,raw/v14_090.npz
kan_generic_N2000_K200_H200_nominal_t0p05,5,T014,13,2000,200,200,raw/v14_090.npz
kan_generic_N2000_K200_H200_nominal_t0p05,5,T015,14,2000,200,200,raw/v14_090.npz
kan_generic_N2000_K200_H200_nominal_t0p05,5,T016,15,2000,200,200,raw/v14_090.npz
kan_generic_N2000_K200_H200_nominal_t0p05,5,T017,16,2000,200,200,raw/v14_090.npz
kan_generic_N2000_K200_H200_nominal_t0p05,5,T018,17,2000,200,200,raw/v14_090.npz
kan_generic_N2000_K200_H200_nominal_t0p05,5,T019,18,2000,200,200,raw/v14_090.npz
kan_generic_N2000_K200_H200_nominal_t0p05,5,T020,19,2000,200,200,raw/v14_090.npz
kan_generic_N2000_K200_H200_nominal_t0p05,5,T021,20,2000,200,200,raw/v14_090.npz
kan_generic_N2000_K200_H200_nominal_t0p05,5,T022,21,2000,200,200,raw/v14_090.npz
kan_generic_N2000_K200_H200_nominal_t0p05,5,T023,22,2000,200,200,raw/v14_090.npz
kan_generic_N2000_K200_H200_nominal_t0p05,5,T024,23,2000,200,200,raw/v14_090.npz
kan_generic_N2000_K200_H200_nominal_t0p05,5,T025,24,2000,200,200,raw/v14_090.npz
kan_generic_N2000_K200_H200_nominal_t0p05,5,T026,25,2000,200,200,raw/v14_090.npz
kan_generic_N2000_K200_H200_nominal_t0p05,5,T027,26,2000,200,200,raw/v14_090.npz
kan_generic_N2000_K200_H200_nominal_t0p05,5,T028,27,2000,200,200,raw/v14_090.npz
kan_generic_N2000_K200_H200_nominal_t0p05,5,T029,28,2000,200,200,raw/v14_090.npz
kan_generic_N2000_K200_H200_nominal_t0p05,5,T030,29,2000,200,200,raw/v14_090.npz
kan_generic_N2000_K300_H200_nominal_t0p05,1,T001,0,2000,300,200,raw/v14_091.npz
kan_generic_N2000_K300_H200_nominal_t0p05,1,T002,1,2000,300,200,raw/v14_091.npz
kan_generic_N2000_K300_H200_nominal_t0p05,1,T003,2,2000,300,200,raw/v14_091.npz
kan_generic_N2000_K300_H200_nominal_t0p05,1,T004,3,2000,300,200,raw/v14_091.npz
kan_generic_N2000_K300_H200_nominal_t0p05,1,T005,4,2000,300,200,raw/v14_091.npz
kan_generic_N2000_K300_H200_nominal_t0p05,1,T006,5,2000,300,200,raw/v14_091.npz
kan_generic_N2000_K300_H200_nominal_t0p05,1,T007,6,2000,300,200,raw/v14_091.npz
kan_generic_N2000_K300_H200_nominal_t0p05,1,T008,7,2000,300,200,raw/v14_091.npz
kan_generic_N2000_K300_H200_nominal_t0p05,1,T009,8,2000,300,200,raw/v14_091.npz
kan_generic_N2000_K300_H200_nominal_t0p05,1,T010,9,2000,300,200,raw/v14_091.npz
kan_generic_N2000_K300_H200_nominal_t0p05,1,T011,10,2000,300,200,raw/v14_091.npz
kan_generic_N2000_K300_H200_nominal_t0p05,1,T012,11,2000,300,200,raw/v14_091.npz
kan_generic_N2000_K300_H200_nominal_t0p05,1,T013,12,2000,300,200,raw/v14_091.npz
kan_generic_N2000_K300_H200_nominal_t0p05,1,T014,13,2000,300,200,raw/v14_091.npz
kan_generic_N2000_K300_H200_nominal_t0p05,1,T015,14,2000,300,200,raw/v14_091.npz
kan_generic_N2000_K300_H200_nominal_t0p05,1,T016,15,2000,300,200,raw/v14_091.npz
kan_generic_N2000_K300_H200_nominal_t0p05,1,T017,16,2000,300,200,raw/v14_091.npz
kan_generic_N2000_K300_H200_nominal_t0p05,1,T018,17,2000,300,200,raw/v14_091.npz
kan_generic_N2000_K300_H200_nominal_t0p05,1,T019,18,2000,300,200,raw/v14_091.npz
kan_generic_N2000_K300_H200_nominal_t0p05,1,T020,19,2000,300,200,raw/v14_091.npz
kan_generic_N2000_K300_H200_nominal_t0p05,1,T021,20,2000,300,200,raw/v14_091.npz
kan_generic_N2000_K300_H200_nominal_t0p05,1,T022,21,2000,300,200,raw/v14_091.npz
kan_generic_N2000_K300_H200_nominal_t0p05,1,T023,22,2000,300,200,raw/v14_091.npz
kan_generic_N2000_K300_H200_nominal_t0p05,1,T024,23,2000,300,200,raw/v14_091.npz
kan_generic_N2000_K300_H200_nominal_t0p05,1,T025,24,2000,300,200,raw/v14_091.npz
kan_generic_N2000_K300_H200_nominal_t0p05,1,T026,25,2000,300,200,raw/v14_091.npz
kan_generic_N2000_K300_H200_nominal_t0p05,1,T027,26,2000,300,200,raw/v14_091.npz
kan_generic_N2000_K300_H200_nominal_t0p05,1,T028,27,2000,300,200,raw/v14_091.npz
kan_generic_N2000_K300_H200_nominal_t0p05,1,T029,28,2000,300,200,raw/v14_091.npz
kan_generic_N2000_K300_H200_nominal_t0p05,1,T030,29,2000,300,200,raw/v14_091.npz
kan_generic_N2000_K300_H200_nominal_t0p05,2,T001,0,2000,300,200,raw/v14_092.npz
kan_generic_N2000_K300_H200_nominal_t0p05,2,T002,1,2000,300,200,raw/v14_092.npz
kan_generic_N2000_K300_H200_nominal_t0p05,2,T003,2,2000,300,200,raw/v14_092.npz
kan_generic_N2000_K300_H200_nominal_t0p05,2,T004,3,2000,300,200,raw/v14_092.npz
kan_generic_N2000_K300_H200_nominal_t0p05,2,T005,4,2000,300,200,raw/v14_092.npz
kan_generic_N2000_K300_H200_nominal_t0p05,2,T006,5,2000,300,200,raw/v14_092.npz
kan_generic_N2000_K300_H200_nominal_t0p05,2,T007,6,2000,300,200,raw/v14_092.npz
kan_generic_N2000_K300_H200_nominal_t0p05,2,T008,7,2000,300,200,raw/v14_092.npz
kan_generic_N2000_K300_H200_nominal_t0p05,2,T009,8,2000,300,200,raw/v14_092.npz
kan_generic_N2000_K300_H200_nominal_t0p05,2,T010,9,2000,300,200,raw/v14_092.npz
kan_generic_N2000_K300_H200_nominal_t0p05,2,T011,10,2000,300,200,raw/v14_092.npz
kan_generic_N2000_K300_H200_nominal_t0p05,2,T012,11,2000,300,200,raw/v14_092.npz
kan_generic_N2000_K300_H200_nominal_t0p05,2,T013,12,2000,300,200,raw/v14_092.npz
kan_generic_N2000_K300_H200_nominal_t0p05,2,T014,13,2000,300,200,raw/v14_092.npz
kan_generic_N2000_K300_H200_nominal_t0p05,2,T015,14,2000,300,200,raw/v14_092.npz
kan_generic_N2000_K300_H200_nominal_t0p05,2,T016,15,2000,300,200,raw/v14_092.npz
kan_generic_N2000_K300_H200_nominal_t0p05,2,T017,16,2000,300,200,raw/v14_092.npz
kan_generic_N2000_K300_H200_nominal_t0p05,2,T018,17,2000,300,200,raw/v14_092.npz
kan_generic_N2000_K300_H200_nominal_t0p05,2,T019,18,2000,300,200,raw/v14_092.npz
kan_generic_N2000_K300_H200_nominal_t0p05,2,T020,19,2000,300,200,raw/v14_092.npz
kan_generic_N2000_K300_H200_nominal_t0p05,2,T021,20,2000,300,200,raw/v14_092.npz
kan_generic_N2000_K300_H200_nominal_t0p05,2,T022,21,2000,300,200,raw/v14_092.npz
kan_generic_N2000_K300_H200_nominal_t0p05,2,T023,22,2000,300,200,raw/v14_092.npz
kan_generic_N2000_K300_H200_nominal_t0p05,2,T024,23,2000,300,200,raw/v14_092.npz
kan_generic_N2000_K300_H200_nominal_t0p05,2,T025,24,2000,300,200,raw/v14_092.npz
kan_generic_N2000_K300_H200_nominal_t0p05,2,T026,25,2000,300,200,raw/v14_092.npz
kan_generic_N2000_K300_H200_nominal_t0p05,2,T027,26,2000,300,200,raw/v14_092.npz
kan_generic_N2000_K300_H200_nominal_t0p05,2,T028,27,2000,300,200,raw/v14_092.npz
kan_generic_N2000_K300_H200_nominal_t0p05,2,T029,28,2000,300,200,raw/v14_092.npz
kan_generic_N2000_K300_H200_nominal_t0p05,2,T030,29,2000,300,200,raw/v14_092.npz
kan_generic_N2000_K300_H200_nominal_t0p05,3,T001,0,2000,300,200,raw/v14_093.npz
kan_generic_N2000_K300_H200_nominal_t0p05,3,T002,1,2000,300,200,raw/v14_093.npz
kan_generic_N2000_K300_H200_nominal_t0p05,3,T003,2,2000,300,200,raw/v14_093.npz
kan_generic_N2000_K300_H200_nominal_t0p05,3,T004,3,2000,300,200,raw/v14_093.npz
kan_generic_N2000_K300_H200_nominal_t0p05,3,T005,4,2000,300,200,raw/v14_093.npz
kan_generic_N2000_K300_H200_nominal_t0p05,3,T006,5,2000,300,200,raw/v14_093.npz
kan_generic_N2000_K300_H200_nominal_t0p05,3,T007,6,2000,300,200,raw/v14_093.npz
kan_generic_N2000_K300_H200_nominal_t0p05,3,T008,7,2000,300,200,raw/v14_093.npz
kan_generic_N2000_K300_H200_nominal_t0p05,3,T009,8,2000,300,200,raw/v14_093.npz
kan_generic_N2000_K300_H200_nominal_t0p05,3,T010,9,2000,300,200,raw/v14_093.npz
kan_generic_N2000_K300_H200_nominal_t0p05,3,T011,10,2000,300,200,raw/v14_093.npz
kan_generic_N2000_K300_H200_nominal_t0p05,3,T012,11,2000,300,200,raw/v14_093.npz
kan_generic_N2000_K300_H200_nominal_t0p05,3,T013,12,2000,300,200,raw/v14_093.npz
kan_generic_N2000_K300_H200_nominal_t0p05,3,T014,13,2000,300,200,raw/v14_093.npz
kan_generic_N2000_K300_H200_nominal_t0p05,3,T015,14,2000,300,200,raw/v14_093.npz
kan_generic_N2000_K300_H200_nominal_t0p05,3,T016,15,2000,300,200,raw/v14_093.npz
kan_generic_N2000_K300_H200_nominal_t0p05,3,T017,16,2000,300,200,raw/v14_093.npz
kan_generic_N2000_K300_H200_nominal_t0p05,3,T018,17,2000,300,200,raw/v14_093.npz
kan_generic_N2000_K300_H200_nominal_t0p05,3,T019,18,2000,300,200,raw/v14_093.npz
kan_generic_N2000_K300_H200_nominal_t0p05,3,T020,19,2000,300,200,raw/v14_093.npz
kan_generic_N2000_K300_H200_nominal_t0p05,3,T021,20,2000,300,200,raw/v14_093.npz
kan_generic_N2000_K300_H200_nominal_t0p05,3,T022,21,2000,300,200,raw/v14_093.npz
kan_generic_N2000_K300_H200_nominal_t0p05,3,T023,22,2000,300,200,raw/v14_093.npz
kan_generic_N2000_K300_H200_nominal_t0p05,3,T024,23,2000,300,200,raw/v14_093.npz
kan_generic_N2000_K300_H200_nominal_t0p05,3,T025,24,2000,300,200,raw/v14_093.npz
kan_generic_N2000_K300_H200_nominal_t0p05,3,T026,25,2000,300,200,raw/v14_093.npz
kan_generic_N2000_K300_H200_nominal_t0p05,3,T027,26,2000,300,200,raw/v14_093.npz
kan_generic_N2000_K300_H200_nominal_t0p05,3,T028,27,2000,300,200,raw/v14_093.npz
kan_generic_N2000_K300_H200_nominal_t0p05,3,T029,28,2000,300,200,raw/v14_093.npz
kan_generic_N2000_K300_H200_nominal_t0p05,3,T030,29,2000,300,200,raw/v14_093.npz
kan_generic_N2000_K300_H200_nominal_t0p05,4,T001,0,2000,300,200,raw/v14_094.npz
kan_generic_N2000_K300_H200_nominal_t0p05,4,T002,1,2000,300,200,raw/v14_094.npz
kan_generic_N2000_K300_H200_nominal_t0p05,4,T003,2,2000,300,200,raw/v14_094.npz
kan_generic_N2000_K300_H200_nominal_t0p05,4,T004,3,2000,300,200,raw/v14_094.npz
kan_generic_N2000_K300_H200_nominal_t0p05,4,T005,4,2000,300,200,raw/v14_094.npz
kan_generic_N2000_K300_H200_nominal_t0p05,4,T006,5,2000,300,200,raw/v14_094.npz
kan_generic_N2000_K300_H200_nominal_t0p05,4,T007,6,2000,300,200,raw/v14_094.npz
kan_generic_N2000_K300_H200_nominal_t0p05,4,T008,7,2000,300,200,raw/v14_094.npz
kan_generic_N2000_K300_H200_nominal_t0p05,4,T009,8,2000,300,200,raw/v14_094.npz
kan_generic_N2000_K300_H200_nominal_t0p05,4,T010,9,2000,300,200,raw/v14_094.npz
kan_generic_N2000_K300_H200_nominal_t0p05,4,T011,10,2000,300,200,raw/v14_094.npz
kan_generic_N2000_K300_H200_nominal_t0p05,4,T012,11,2000,300,200,raw/v14_094.npz
kan_generic_N2000_K300_H200_nominal_t0p05,4,T013,12,2000,300,200,raw/v14_094.npz
kan_generic_N2000_K300_H200_nominal_t0p05,4,T014,13,2000,300,200,raw/v14_094.npz
kan_generic_N2000_K300_H200_nominal_t0p05,4,T015,14,2000,300,200,raw/v14_094.npz
kan_generic_N2000_K300_H200_nominal_t0p05,4,T016,15,2000,300,200,raw/v14_094.npz
kan_generic_N2000_K300_H200_nominal_t0p05,4,T017,16,2000,300,200,raw/v14_094.npz
kan_generic_N2000_K300_H200_nominal_t0p05,4,T018,17,2000,300,200,raw/v14_094.npz
kan_generic_N2000_K300_H200_nominal_t0p05,4,T019,18,2000,300,200,raw/v14_094.npz
kan_generic_N2000_K300_H200_nominal_t0p05,4,T020,19,2000,300,200,raw/v14_094.npz
kan_generic_N2000_K300_H200_nominal_t0p05,4,T021,20,2000,300,200,raw/v14_094.npz
kan_generic_N2000_K300_H200_nominal_t0p05,4,T022,21,2000,300,200,raw/v14_094.npz
kan_generic_N2000_K300_H200_nominal_t0p05,4,T023,22,2000,300,200,raw/v14_094.npz
kan_generic_N2000_K300_H200_nominal_t0p05,4,T024,23,2000,300,200,raw/v14_094.npz
kan_generic_N2000_K300_H200_nominal_t0p05,4,T025,24,2000,300,200,raw/v14_094.npz
kan_generic_N2000_K300_H200_nominal_t0p05,4,T026,25,2000,300,200,raw/v14_094.npz
kan_generic_N2000_K300_H200_nominal_t0p05,4,T027,26,2000,300,200,raw/v14_094.npz
kan_generic_N2000_K300_H200_nominal_t0p05,4,T028,27,2000,300,200,raw/v14_094.npz
kan_generic_N2000_K300_H200_nominal_t0p05,4,T029,28,2000,300,200,raw/v14_094.npz
kan_generic_N2000_K300_H200_nominal_t0p05,4,T030,29,2000,300,200,raw/v14_094.npz
kan_generic_N2000_K300_H200_nominal_t0p05,5,T001,0,2000,300,200,raw/v14_095.npz
kan_generic_N2000_K300_H200_nominal_t0p05,5,T002,1,2000,300,200,raw/v14_095.npz
kan_generic_N2000_K300_H200_nominal_t0p05,5,T003,2,2000,300,200,raw/v14_095.npz
kan_generic_N2000_K300_H200_nominal_t0p05,5,T004,3,2000,300,200,raw/v14_095.npz
kan_generic_N2000_K300_H200_nominal_t0p05,5,T005,4,2000,300,200,raw/v14_095.npz
kan_generic_N2000_K300_H200_nominal_t0p05,5,T006,5,2000,300,200,raw/v14_095.npz
kan_generic_N2000_K300_H200_nominal_t0p05,5,T007,6,2000,300,200,raw/v14_095.npz
kan_generic_N2000_K300_H200_nominal_t0p05,5,T008,7,2000,300,200,raw/v14_095.npz
kan_generic_N2000_K300_H200_nominal_t0p05,5,T009,8,2000,300,200,raw/v14_095.npz
kan_generic_N2000_K300_H200_nominal_t0p05,5,T010,9,2000,300,200,raw/v14_095.npz
kan_generic_N2000_K300_H200_nominal_t0p05,5,T011,10,2000,300,200,raw/v14_095.npz
kan_generic_N2000_K300_H200_nominal_t0p05,5,T012,11,2000,300,200,raw/v14_095.npz
kan_generic_N2000_K300_H200_nominal_t0p05,5,T013,12,2000,300,200,raw/v14_095.npz
kan_generic_N2000_K300_H200_nominal_t0p05,5,T014,13,2000,300,200,raw/v14_095.npz
kan_generic_N2000_K300_H200_nominal_t0p05,5,T015,14,2000,300,200,raw/v14_095.npz
kan_generic_N2000_K300_H200_nominal_t0p05,5,T016,15,2000,300,200,raw/v14_095.npz
kan_generic_N2000_K300_H200_nominal_t0p05,5,T017,16,2000,300,200,raw/v14_095.npz
kan_generic_N2000_K300_H200_nominal_t0p05,5,T018,17,2000,300,200,raw/v14_095.npz
kan_generic_N2000_K300_H200_nominal_t0p05,5,T019,18,2000,300,200,raw/v14_095.npz
kan_generic_N2000_K300_H200_nominal_t0p05,5,T020,19,2000,300,200,raw/v14_095.npz
kan_generic_N2000_K300_H200_nominal_t0p05,5,T021,20,2000,300,200,raw/v14_095.npz
kan_generic_N2000_K300_H200_nominal_t0p05,5,T022,21,2000,300,200,raw/v14_095.npz
kan_generic_N2000_K300_H200_nominal_t0p05,5,T023,22,2000,300,200,raw/v14_095.npz
kan_generic_N2000_K300_H200_nominal_t0p05,5,T024,23,2000,300,200,raw/v14_095.npz
kan_generic_N2000_K300_H200_nominal_t0p05,5,T025,24,2000,300,200,raw/v14_095.npz
kan_generic_N2000_K300_H200_nominal_t0p05,5,T026,25,2000,300,200,raw/v14_095.npz
kan_generic_N2000_K300_H200_nominal_t0p05,5,T027,26,2000,300,200,raw/v14_095.npz
kan_generic_N2000_K300_H200_nominal_t0p05,5,T028,27,2000,300,200,raw/v14_095.npz
kan_generic_N2000_K300_H200_nominal_t0p05,5,T029,28,2000,300,200,raw/v14_095.npz
kan_generic_N2000_K300_H200_nominal_t0p05,5,T030,29,2000,300,200,raw/v14_095.npz
kan_generic_N2000_K400_H200_nominal_t0p05,1,T001,0,2000,400,200,raw/v14_096.npz
kan_generic_N2000_K400_H200_nominal_t0p05,1,T002,1,2000,400,200,raw/v14_096.npz
kan_generic_N2000_K400_H200_nominal_t0p05,1,T003,2,2000,400,200,raw/v14_096.npz
kan_generic_N2000_K400_H200_nominal_t0p05,1,T004,3,2000,400,200,raw/v14_096.npz
kan_generic_N2000_K400_H200_nominal_t0p05,1,T005,4,2000,400,200,raw/v14_096.npz
kan_generic_N2000_K400_H200_nominal_t0p05,1,T006,5,2000,400,200,raw/v14_096.npz
kan_generic_N2000_K400_H200_nominal_t0p05,1,T007,6,2000,400,200,raw/v14_096.npz
kan_generic_N2000_K400_H200_nominal_t0p05,1,T008,7,2000,400,200,raw/v14_096.npz
kan_generic_N2000_K400_H200_nominal_t0p05,1,T009,8,2000,400,200,raw/v14_096.npz
kan_generic_N2000_K400_H200_nominal_t0p05,1,T010,9,2000,400,200,raw/v14_096.npz
kan_generic_N2000_K400_H200_nominal_t0p05,1,T011,10,2000,400,200,raw/v14_096.npz
kan_generic_N2000_K400_H200_nominal_t0p05,1,T012,11,2000,400,200,raw/v14_096.npz
kan_generic_N2000_K400_H200_nominal_t0p05,1,T013,12,2000,400,200,raw/v14_096.npz
kan_generic_N2000_K400_H200_nominal_t0p05,1,T014,13,2000,400,200,raw/v14_096.npz
kan_generic_N2000_K400_H200_nominal_t0p05,1,T015,14,2000,400,200,raw/v14_096.npz
kan_generic_N2000_K400_H200_nominal_t0p05,1,T016,15,2000,400,200,raw/v14_096.npz
kan_generic_N2000_K400_H200_nominal_t0p05,1,T017,16,2000,400,200,raw/v14_096.npz
kan_generic_N2000_K400_H200_nominal_t0p05,1,T018,17,2000,400,200,raw/v14_096.npz
kan_generic_N2000_K400_H200_nominal_t0p05,1,T019,18,2000,400,200,raw/v14_096.npz
kan_generic_N2000_K400_H200_nominal_t0p05,1,T020,19,2000,400,200,raw/v14_096.npz
kan_generic_N2000_K400_H200_nominal_t0p05,1,T021,20,2000,400,200,raw/v14_096.npz
kan_generic_N2000_K400_H200_nominal_t0p05,1,T022,21,2000,400,200,raw/v14_096.npz
kan_generic_N2000_K400_H200_nominal_t0p05,1,T023,22,2000,400,200,raw/v14_096.npz
kan_generic_N2000_K400_H200_nominal_t0p05,1,T024,23,2000,400,200,raw/v14_096.npz
kan_generic_N2000_K400_H200_nominal_t0p05,1,T025,24,2000,400,200,raw/v14_096.npz
kan_generic_N2000_K400_H200_nominal_t0p05,1,T026,25,2000,400,200,raw/v14_096.npz
kan_generic_N2000_K400_H200_nominal_t0p05,1,T027,26,2000,400,200,raw/v14_096.npz
kan_generic_N2000_K400_H200_nominal_t0p05,1,T028,27,2000,400,200,raw/v14_096.npz
kan_generic_N2000_K400_H200_nominal_t0p05,1,T029,28,2000,400,200,raw/v14_096.npz
kan_generic_N2000_K400_H200_nominal_t0p05,1,T030,29,2000,400,200,raw/v14_096.npz
kan_generic_N2000_K400_H200_nominal_t0p05,2,T001,0,2000,400,200,raw/v14_097.npz
kan_generic_N2000_K400_H200_nominal_t0p05,2,T002,1,2000,400,200,raw/v14_097.npz
kan_generic_N2000_K400_H200_nominal_t0p05,2,T003,2,2000,400,200,raw/v14_097.npz
kan_generic_N2000_K400_H200_nominal_t0p05,2,T004,3,2000,400,200,raw/v14_097.npz
kan_generic_N2000_K400_H200_nominal_t0p05,2,T005,4,2000,400,200,raw/v14_097.npz
kan_generic_N2000_K400_H200_nominal_t0p05,2,T006,5,2000,400,200,raw/v14_097.npz
kan_generic_N2000_K400_H200_nominal_t0p05,2,T007,6,2000,400,200,raw/v14_097.npz
kan_generic_N2000_K400_H200_nominal_t0p05,2,T008,7,2000,400,200,raw/v14_097.npz
kan_generic_N2000_K400_H200_nominal_t0p05,2,T009,8,2000,400,200,raw/v14_097.npz
kan_generic_N2000_K400_H200_nominal_t0p05,2,T010,9,2000,400,200,raw/v14_097.npz
kan_generic_N2000_K400_H200_nominal_t0p05,2,T011,10,2000,400,200,raw/v14_097.npz
kan_generic_N2000_K400_H200_nominal_t0p05,2,T012,11,2000,400,200,raw/v14_097.npz
kan_generic_N2000_K400_H200_nominal_t0p05,2,T013,12,2000,400,200,raw/v14_097.npz
kan_generic_N2000_K400_H200_nominal_t0p05,2,T014,13,2000,400,200,raw/v14_097.npz
kan_generic_N2000_K400_H200_nominal_t0p05,2,T015,14,2000,400,200,raw/v14_097.npz
kan_generic_N2000_K400_H200_nominal_t0p05,2,T016,15,2000,400,200,raw/v14_097.npz
kan_generic_N2000_K400_H200_nominal_t0p05,2,T017,16,2000,400,200,raw/v14_097.npz
kan_generic_N2000_K400_H200_nominal_t0p05,2,T018,17,2000,400,200,raw/v14_097.npz
kan_generic_N2000_K400_H200_nominal_t0p05,2,T019,18,2000,400,200,raw/v14_097.npz
kan_generic_N2000_K400_H200_nominal_t0p05,2,T020,19,2000,400,200,raw/v14_097.npz
kan_generic_N2000_K400_H200_nominal_t0p05,2,T021,20,2000,400,200,raw/v14_097.npz
kan_generic_N2000_K400_H200_nominal_t0p05,2,T022,21,2000,400,200,raw/v14_097.npz
kan_generic_N2000_K400_H200_nominal_t0p05,2,T023,22,2000,400,200,raw/v14_097.npz
kan_generic_N2000_K400_H200_nominal_t0p05,2,T024,23,2000,400,200,raw/v14_097.npz
kan_generic_N2000_K400_H200_nominal_t0p05,2,T025,24,2000,400,200,raw/v14_097.npz
kan_generic_N2000_K400_H200_nominal_t0p05,2,T026,25,2000,400,200,raw/v14_097.npz
kan_generic_N2000_K400_H200_nominal_t0p05,2,T027,26,2000,400,200,raw/v14_097.npz
kan_generic_N2000_K400_H200_nominal_t0p05,2,T028,27,2000,400,200,raw/v14_097.npz
kan_generic_N2000_K400_H200_nominal_t0p05,2,T029,28,2000,400,200,raw/v14_097.npz
kan_generic_N2000_K400_H200_nominal_t0p05,2,T030,29,2000,400,200,raw/v14_097.npz
kan_generic_N2000_K400_H200_nominal_t0p05,3,T001,0,2000,400,200,raw/v14_098.npz
kan_generic_N2000_K400_H200_nominal_t0p05,3,T002,1,2000,400,200,raw/v14_098.npz
kan_generic_N2000_K400_H200_nominal_t0p05,3,T003,2,2000,400,200,raw/v14_098.npz
kan_generic_N2000_K400_H200_nominal_t0p05,3,T004,3,2000,400,200,raw/v14_098.npz
kan_generic_N2000_K400_H200_nominal_t0p05,3,T005,4,2000,400,200,raw/v14_098.npz
kan_generic_N2000_K400_H200_nominal_t0p05,3,T006,5,2000,400,200,raw/v14_098.npz
kan_generic_N2000_K400_H200_nominal_t0p05,3,T007,6,2000,400,200,raw/v14_098.npz
kan_generic_N2000_K400_H200_nominal_t0p05,3,T008,7,2000,400,200,raw/v14_098.npz
kan_generic_N2000_K400_H200_nominal_t0p05,3,T009,8,2000,400,200,raw/v14_098.npz
kan_generic_N2000_K400_H200_nominal_t0p05,3,T010,9,2000,400,200,raw/v14_098.npz
kan_generic_N2000_K400_H200_nominal_t0p05,3,T011,10,2000,400,200,raw/v14_098.npz
kan_generic_N2000_K400_H200_nominal_t0p05,3,T012,11,2000,400,200,raw/v14_098.npz
kan_generic_N2000_K400_H200_nominal_t0p05,3,T013,12,2000,400,200,raw/v14_098.npz
kan_generic_N2000_K400_H200_nominal_t0p05,3,T014,13,2000,400,200,raw/v14_098.npz
kan_generic_N2000_K400_H200_nominal_t0p05,3,T015,14,2000,400,200,raw/v14_098.npz
kan_generic_N2000_K400_H200_nominal_t0p05,3,T016,15,2000,400,200,raw/v14_098.npz
kan_generic_N2000_K400_H200_nominal_t0p05,3,T017,16,2000,400,200,raw/v14_098.npz
kan_generic_N2000_K400_H200_nominal_t0p05,3,T018,17,2000,400,200,raw/v14_098.npz
kan_generic_N2000_K400_H200_nominal_t0p05,3,T019,18,2000,400,200,raw/v14_098.npz
kan_generic_N2000_K400_H200_nominal_t0p05,3,T020,19,2000,400,200,raw/v14_098.npz
kan_generic_N2000_K400_H200_nominal_t0p05,3,T021,20,2000,400,200,raw/v14_098.npz
kan_generic_N2000_K400_H200_nominal_t0p05,3,T022,21,2000,400,200,raw/v14_098.npz
kan_generic_N2000_K400_H200_nominal_t0p05,3,T023,22,2000,400,200,raw/v14_098.npz
kan_generic_N2000_K400_H200_nominal_t0p05,3,T024,23,2000,400,200,raw/v14_098.npz
kan_generic_N2000_K400_H200_nominal_t0p05,3,T025,24,2000,400,200,raw/v14_098.npz
kan_generic_N2000_K400_H200_nominal_t0p05,3,T026,25,2000,400,200,raw/v14_098.npz
kan_generic_N2000_K400_H200_nominal_t0p05,3,T027,26,2000,400,200,raw/v14_098.npz
kan_generic_N2000_K400_H200_nominal_t0p05,3,T028,27,2000,400,200,raw/v14_098.npz
kan_generic_N2000_K400_H200_nominal_t0p05,3,T029,28,2000,400,200,raw/v14_098.npz
kan_generic_N2000_K400_H200_nominal_t0p05,3,T030,29,2000,400,200,raw/v14_098.npz
kan_generic_N2000_K400_H200_nominal_t0p05,4,T001,0,2000,400,200,raw/v14_099.npz
kan_generic_N2000_K400_H200_nominal_t0p05,4,T002,1,2000,400,200,raw/v14_099.npz
kan_generic_N2000_K400_H200_nominal_t0p05,4,T003,2,2000,400,200,raw/v14_099.npz
kan_generic_N2000_K400_H200_nominal_t0p05,4,T004,3,2000,400,200,raw/v14_099.npz
kan_generic_N2000_K400_H200_nominal_t0p05,4,T005,4,2000,400,200,raw/v14_099.npz
kan_generic_N2000_K400_H200_nominal_t0p05,4,T006,5,2000,400,200,raw/v14_099.npz
kan_generic_N2000_K400_H200_nominal_t0p05,4,T007,6,2000,400,200,raw/v14_099.npz
kan_generic_N2000_K400_H200_nominal_t0p05,4,T008,7,2000,400,200,raw/v14_099.npz
kan_generic_N2000_K400_H200_nominal_t0p05,4,T009,8,2000,400,200,raw/v14_099.npz
kan_generic_N2000_K400_H200_nominal_t0p05,4,T010,9,2000,400,200,raw/v14_099.npz
kan_generic_N2000_K400_H200_nominal_t0p05,4,T011,10,2000,400,200,raw/v14_099.npz
kan_generic_N2000_K400_H200_nominal_t0p05,4,T012,11,2000,400,200,raw/v14_099.npz
kan_generic_N2000_K400_H200_nominal_t0p05,4,T013,12,2000,400,200,raw/v14_099.npz
kan_generic_N2000_K400_H200_nominal_t0p05,4,T014,13,2000,400,200,raw/v14_099.npz
kan_generic_N2000_K400_H200_nominal_t0p05,4,T015,14,2000,400,200,raw/v14_099.npz
kan_generic_N2000_K400_H200_nominal_t0p05,4,T016,15,2000,400,200,raw/v14_099.npz
kan_generic_N2000_K400_H200_nominal_t0p05,4,T017,16,2000,400,200,raw/v14_099.npz
kan_generic_N2000_K400_H200_nominal_t0p05,4,T018,17,2000,400,200,raw/v14_099.npz
kan_generic_N2000_K400_H200_nominal_t0p05,4,T019,18,2000,400,200,raw/v14_099.npz
kan_generic_N2000_K400_H200_nominal_t0p05,4,T020,19,2000,400,200,raw/v14_099.npz
kan_generic_N2000_K400_H200_nominal_t0p05,4,T021,20,2000,400,200,raw/v14_099.npz
kan_generic_N2000_K400_H200_nominal_t0p05,4,T022,21,2000,400,200,raw/v14_099.npz
kan_generic_N2000_K400_H200_nominal_t0p05,4,T023,22,2000,400,200,raw/v14_099.npz
kan_generic_N2000_K400_H200_nominal_t0p05,4,T024,23,2000,400,200,raw/v14_099.npz
kan_generic_N2000_K400_H200_nominal_t0p05,4,T025,24,2000,400,200,raw/v14_099.npz
kan_generic_N2000_K400_H200_nominal_t0p05,4,T026,25,2000,400,200,raw/v14_099.npz
kan_generic_N2000_K400_H200_nominal_t0p05,4,T027,26,2000,400,200,raw/v14_099.npz
kan_generic_N2000_K400_H200_nominal_t0p05,4,T028,27,2000,400,200,raw/v14_099.npz
kan_generic_N2000_K400_H200_nominal_t0p05,4,T029,28,2000,400,200,raw/v14_099.npz
kan_generic_N2000_K400_H200_nominal_t0p05,4,T030,29,2000,400,200,raw/v14_099.npz
kan_generic_N2000_K400_H200_nominal_t0p05,5,T001,0,2000,400,200,raw/v14_100.npz
kan_generic_N2000_K400_H200_nominal_t0p05,5,T002,1,2000,400,200,raw/v14_100.npz
kan_generic_N2000_K400_H200_nominal_t0p05,5,T003,2,2000,400,200,raw/v14_100.npz
kan_generic_N2000_K400_H200_nominal_t0p05,5,T004,3,2000,400,200,raw/v14_100.npz
kan_generic_N2000_K400_H200_nominal_t0p05,5,T005,4,2000,400,200,raw/v14_100.npz
kan_generic_N2000_K400_H200_nominal_t0p05,5,T006,5,2000,400,200,raw/v14_100.npz
kan_generic_N2000_K400_H200_nominal_t0p05,5,T007,6,2000,400,200,raw/v14_100.npz
kan_generic_N2000_K400_H200_nominal_t0p05,5,T008,7,2000,400,200,raw/v14_100.npz
kan_generic_N2000_K400_H200_nominal_t0p05,5,T009,8,2000,400,200,raw/v14_100.npz
kan_generic_N2000_K400_H200_nominal_t0p05,5,T010,9,2000,400,200,raw/v14_100.npz
kan_generic_N2000_K400_H200_nominal_t0p05,5,T011,10,2000,400,200,raw/v14_100.npz
kan_generic_N2000_K400_H200_nominal_t0p05,5,T012,11,2000,400,200,raw/v14_100.npz
kan_generic_N2000_K400_H200_nominal_t0p05,5,T013,12,2000,400,200,raw/v14_100.npz
kan_generic_N2000_K400_H200_nominal_t0p05,5,T014,13,2000,400,200,raw/v14_100.npz
kan_generic_N2000_K400_H200_nominal_t0p05,5,T015,14,2000,400,200,raw/v14_100.npz
kan_generic_N2000_K400_H200_nominal_t0p05,5,T016,15,2000,400,200,raw/v14_100.npz
kan_generic_N2000_K400_H200_nominal_t0p05,5,T017,16,2000,400,200,raw/v14_100.npz
kan_generic_N2000_K400_H200_nominal_t0p05,5,T018,17,2000,400,200,raw/v14_100.npz
kan_generic_N2000_K400_H200_nominal_t0p05,5,T019,18,2000,400,200,raw/v14_100.npz
kan_generic_N2000_K400_H200_nominal_t0p05,5,T020,19,2000,400,200,raw/v14_100.npz
kan_generic_N2000_K400_H200_nominal_t0p05,5,T021,20,2000,400,200,raw/v14_100.npz
kan_generic_N2000_K400_H200_nominal_t0p05,5,T022,21,2000,400,200,raw/v14_100.npz
kan_generic_N2000_K400_H200_nominal_t0p05,5,T023,22,2000,400,200,raw/v14_100.npz
kan_generic_N2000_K400_H200_nominal_t0p05,5,T024,23,2000,400,200,raw/v14_100.npz
kan_generic_N2000_K400_H200_nominal_t0p05,5,T025,24,2000,400,200,raw/v14_100.npz
kan_generic_N2000_K400_H200_nominal_t0p05,5,T026,25,2000,400,200,raw/v14_100.npz
kan_generic_N2000_K400_H200_nominal_t0p05,5,T027,26,2000,400,200,raw/v14_100.npz
kan_generic_N2000_K400_H200_nominal_t0p05,5,T028,27,2000,400,200,raw/v14_100.npz
kan_generic_N2000_K400_H200_nominal_t0p05,5,T029,28,2000,400,200,raw/v14_100.npz
kan_generic_N2000_K400_H200_nominal_t0p05,5,T030,29,2000,400,200,raw/v14_100.npz
kan_generic_N2000_K500_H200_nominal_t0p05,1,T001,0,2000,500,200,raw/v14_101.npz
kan_generic_N2000_K500_H200_nominal_t0p05,1,T002,1,2000,500,200,raw/v14_101.npz
kan_generic_N2000_K500_H200_nominal_t0p05,1,T003,2,2000,500,200,raw/v14_101.npz
kan_generic_N2000_K500_H200_nominal_t0p05,1,T004,3,2000,500,200,raw/v14_101.npz
kan_generic_N2000_K500_H200_nominal_t0p05,1,T005,4,2000,500,200,raw/v14_101.npz
kan_generic_N2000_K500_H200_nominal_t0p05,1,T006,5,2000,500,200,raw/v14_101.npz
kan_generic_N2000_K500_H200_nominal_t0p05,1,T007,6,2000,500,200,raw/v14_101.npz
kan_generic_N2000_K500_H200_nominal_t0p05,1,T008,7,2000,500,200,raw/v14_101.npz
kan_generic_N2000_K500_H200_nominal_t0p05,1,T009,8,2000,500,200,raw/v14_101.npz
kan_generic_N2000_K500_H200_nominal_t0p05,1,T010,9,2000,500,200,raw/v14_101.npz
kan_generic_N2000_K500_H200_nominal_t0p05,1,T011,10,2000,500,200,raw/v14_101.npz
kan_generic_N2000_K500_H200_nominal_t0p05,1,T012,11,2000,500,200,raw/v14_101.npz
kan_generic_N2000_K500_H200_nominal_t0p05,1,T013,12,2000,500,200,raw/v14_101.npz
kan_generic_N2000_K500_H200_nominal_t0p05,1,T014,13,2000,500,200,raw/v14_101.npz
kan_generic_N2000_K500_H200_nominal_t0p05,1,T015,14,2000,500,200,raw/v14_101.npz
kan_generic_N2000_K500_H200_nominal_t0p05,1,T016,15,2000,500,200,raw/v14_101.npz
kan_generic_N2000_K500_H200_nominal_t0p05,1,T017,16,2000,500,200,raw/v14_101.npz
kan_generic_N2000_K500_H200_nominal_t0p05,1,T018,17,2000,500,200,raw/v14_101.npz
kan_generic_N2000_K500_H200_nominal_t0p05,1,T019,18,2000,500,200,raw/v14_101.npz
kan_generic_N2000_K500_H200_nominal_t0p05,1,T020,19,2000,500,200,raw/v14_101.npz
kan_generic_N2000_K500_H200_nominal_t0p05,1,T021,20,2000,500,200,raw/v14_101.npz
kan_generic_N2000_K500_H200_nominal_t0p05,1,T022,21,2000,500,200,raw/v14_101.npz
kan_generic_N2000_K500_H200_nominal_t0p05,1,T023,22,2000,500,200,raw/v14_101.npz
kan_generic_N2000_K500_H200_nominal_t0p05,1,T024,23,2000,500,200,raw/v14_101.npz
kan_generic_N2000_K500_H200_nominal_t0p05,1,T025,24,2000,500,200,raw/v14_101.npz
kan_generic_N2000_K500_H200_nominal_t0p05,1,T026,25,2000,500,200,raw/v14_101.npz
kan_generic_N2000_K500_H200_nominal_t0p05,1,T027,26,2000,500,200,raw/v14_101.npz
kan_generic_N2000_K500_H200_nominal_t0p05,1,T028,27,2000,500,200,raw/v14_101.npz
kan_generic_N2000_K500_H200_nominal_t0p05,1,T029,28,2000,500,200,raw/v14_101.npz
kan_generic_N2000_K500_H200_nominal_t0p05,1,T030,29,2000,500,200,raw/v14_101.npz
kan_generic_N2000_K500_H200_nominal_t0p05,2,T001,0,2000,500,200,raw/v14_102.npz
kan_generic_N2000_K500_H200_nominal_t0p05,2,T002,1,2000,500,200,raw/v14_102.npz
kan_generic_N2000_K500_H200_nominal_t0p05,2,T003,2,2000,500,200,raw/v14_102.npz
kan_generic_N2000_K500_H200_nominal_t0p05,2,T004,3,2000,500,200,raw/v14_102.npz
kan_generic_N2000_K500_H200_nominal_t0p05,2,T005,4,2000,500,200,raw/v14_102.npz
kan_generic_N2000_K500_H200_nominal_t0p05,2,T006,5,2000,500,200,raw/v14_102.npz
kan_generic_N2000_K500_H200_nominal_t0p05,2,T007,6,2000,500,200,raw/v14_102.npz
kan_generic_N2000_K500_H200_nominal_t0p05,2,T008,7,2000,500,200,raw/v14_102.npz
kan_generic_N2000_K500_H200_nominal_t0p05,2,T009,8,2000,500,200,raw/v14_102.npz
kan_generic_N2000_K500_H200_nominal_t0p05,2,T010,9,2000,500,200,raw/v14_102.npz
kan_generic_N2000_K500_H200_nominal_t0p05,2,T011,10,2000,500,200,raw/v14_102.npz
kan_generic_N2000_K500_H200_nominal_t0p05,2,T012,11,2000,500,200,raw/v14_102.npz
kan_generic_N2000_K500_H200_nominal_t0p05,2,T013,12,2000,500,200,raw/v14_102.npz
kan_generic_N2000_K500_H200_nominal_t0p05,2,T014,13,2000,500,200,raw/v14_102.npz
kan_generic_N2000_K500_H200_nominal_t0p05,2,T015,14,2000,500,200,raw/v14_102.npz
kan_generic_N2000_K500_H200_nominal_t0p05,2,T016,15,2000,500,200,raw/v14_102.npz
kan_generic_N2000_K500_H200_nominal_t0p05,2,T017,16,2000,500,200,raw/v14_102.npz
kan_generic_N2000_K500_H200_nominal_t0p05,2,T018,17,2000,500,200,raw/v14_102.npz
kan_generic_N2000_K500_H200_nominal_t0p05,2,T019,18,2000,500,200,raw/v14_102.npz
kan_generic_N2000_K500_H200_nominal_t0p05,2,T020,19,2000,500,200,raw/v14_102.npz
kan_generic_N2000_K500_H200_nominal_t0p05,2,T021,20,2000,500,200,raw/v14_102.npz
kan_generic_N2000_K500_H200_nominal_t0p05,2,T022,21,2000,500,200,raw/v14_102.npz
kan_generic_N2000_K500_H200_nominal_t0p05,2,T023,22,2000,500,200,raw/v14_102.npz
kan_generic_N2000_K500_H200_nominal_t0p05,2,T024,23,2000,500,200,raw/v14_102.npz
kan_generic_N2000_K500_H200_nominal_t0p05,2,T025,24,2000,500,200,raw/v14_102.npz
kan_generic_N2000_K500_H200_nominal_t0p05,2,T026,25,2000,500,200,raw/v14_102.npz
kan_generic_N2000_K500_H200_nominal_t0p05,2,T027,26,2000,500,200,raw/v14_102.npz
kan_generic_N2000_K500_H200_nominal_t0p05,2,T028,27,2000,500,200,raw/v14_102.npz
kan_generic_N2000_K500_H200_nominal_t0p05,2,T029,28,2000,500,200,raw/v14_102.npz
kan_generic_N2000_K500_H200_nominal_t0p05,2,T030,29,2000,500,200,raw/v14_102.npz
kan_generic_N2000_K500_H200_nominal_t0p05,3,T001,0,2000,500,200,raw/v14_103.npz
kan_generic_N2000_K500_H200_nominal_t0p05,3,T002,1,2000,500,200,raw/v14_103.npz
kan_generic_N2000_K500_H200_nominal_t0p05,3,T003,2,2000,500,200,raw/v14_103.npz
kan_generic_N2000_K500_H200_nominal_t0p05,3,T004,3,2000,500,200,raw/v14_103.npz
kan_generic_N2000_K500_H200_nominal_t0p05,3,T005,4,2000,500,200,raw/v14_103.npz
kan_generic_N2000_K500_H200_nominal_t0p05,3,T006,5,2000,500,200,raw/v14_103.npz
kan_generic_N2000_K500_H200_nominal_t0p05,3,T007,6,2000,500,200,raw/v14_103.npz
kan_generic_N2000_K500_H200_nominal_t0p05,3,T008,7,2000,500,200,raw/v14_103.npz
kan_generic_N2000_K500_H200_nominal_t0p05,3,T009,8,2000,500,200,raw/v14_103.npz
kan_generic_N2000_K500_H200_nominal_t0p05,3,T010,9,2000,500,200,raw/v14_103.npz
kan_generic_N2000_K500_H200_nominal_t0p05,3,T011,10,2000,500,200,raw/v14_103.npz
kan_generic_N2000_K500_H200_nominal_t0p05,3,T012,11,2000,500,200,raw/v14_103.npz
kan_generic_N2000_K500_H200_nominal_t0p05,3,T013,12,2000,500,200,raw/v14_103.npz
kan_generic_N2000_K500_H200_nominal_t0p05,3,T014,13,2000,500,200,raw/v14_103.npz
kan_generic_N2000_K500_H200_nominal_t0p05,3,T015,14,2000,500,200,raw/v14_103.npz
kan_generic_N2000_K500_H200_nominal_t0p05,3,T016,15,2000,500,200,raw/v14_103.npz
kan_generic_N2000_K500_H200_nominal_t0p05,3,T017,16,2000,500,200,raw/v14_103.npz
kan_generic_N2000_K500_H200_nominal_t0p05,3,T018,17,2000,500,200,raw/v14_103.npz
kan_generic_N2000_K500_H200_nominal_t0p05,3,T019,18,2000,500,200,raw/v14_103.npz
kan_generic_N2000_K500_H200_nominal_t0p05,3,T020,19,2000,500,200,raw/v14_103.npz
kan_generic_N2000_K500_H200_nominal_t0p05,3,T021,20,2000,500,200,raw/v14_103.npz
kan_generic_N2000_K500_H200_nominal_t0p05,3,T022,21,2000,500,200,raw/v14_103.npz
kan_generic_N2000_K500_H200_nominal_t0p05,3,T023,22,2000,500,200,raw/v14_103.npz
kan_generic_N2000_K500_H200_nominal_t0p05,3,T024,23,2000,500,200,raw/v14_103.npz
kan_generic_N2000_K500_H200_nominal_t0p05,3,T025,24,2000,500,200,raw/v14_103.npz
kan_generic_N2000_K500_H200_nominal_t0p05,3,T026,25,2000,500,200,raw/v14_103.npz
kan_generic_N2000_K500_H200_nominal_t0p05,3,T027,26,2000,500,200,raw/v14_103.npz
kan_generic_N2000_K500_H200_nominal_t0p05,3,T028,27,2000,500,200,raw/v14_103.npz
kan_generic_N2000_K500_H200_nominal_t0p05,3,T029,28,2000,500,200,raw/v14_103.npz
kan_generic_N2000_K500_H200_nominal_t0p05,3,T030,29,2000,500,200,raw/v14_103.npz
kan_generic_N2000_K500_H200_nominal_t0p05,4,T001,0,2000,500,200,raw/v14_104.npz
kan_generic_N2000_K500_H200_nominal_t0p05,4,T002,1,2000,500,200,raw/v14_104.npz
kan_generic_N2000_K500_H200_nominal_t0p05,4,T003,2,2000,500,200,raw/v14_104.npz
kan_generic_N2000_K500_H200_nominal_t0p05,4,T004,3,2000,500,200,raw/v14_104.npz
kan_generic_N2000_K500_H200_nominal_t0p05,4,T005,4,2000,500,200,raw/v14_104.npz
kan_generic_N2000_K500_H200_nominal_t0p05,4,T006,5,2000,500,200,raw/v14_104.npz
kan_generic_N2000_K500_H200_nominal_t0p05,4,T007,6,2000,500,200,raw/v14_104.npz
kan_generic_N2000_K500_H200_nominal_t0p05,4,T008,7,2000,500,200,raw/v14_104.npz
kan_generic_N2000_K500_H200_nominal_t0p05,4,T009,8,2000,500,200,raw/v14_104.npz
kan_generic_N2000_K500_H200_nominal_t0p05,4,T010,9,2000,500,200,raw/v14_104.npz
kan_generic_N2000_K500_H200_nominal_t0p05,4,T011,10,2000,500,200,raw/v14_104.npz
kan_generic_N2000_K500_H200_nominal_t0p05,4,T012,11,2000,500,200,raw/v14_104.npz
kan_generic_N2000_K500_H200_nominal_t0p05,4,T013,12,2000,500,200,raw/v14_104.npz
kan_generic_N2000_K500_H200_nominal_t0p05,4,T014,13,2000,500,200,raw/v14_104.npz
kan_generic_N2000_K500_H200_nominal_t0p05,4,T015,14,2000,500,200,raw/v14_104.npz
kan_generic_N2000_K500_H200_nominal_t0p05,4,T016,15,2000,500,200,raw/v14_104.npz
kan_generic_N2000_K500_H200_nominal_t0p05,4,T017,16,2000,500,200,raw/v14_104.npz
kan_generic_N2000_K500_H200_nominal_t0p05,4,T018,17,2000,500,200,raw/v14_104.npz
kan_generic_N2000_K500_H200_nominal_t0p05,4,T019,18,2000,500,200,raw/v14_104.npz
kan_generic_N2000_K500_H200_nominal_t0p05,4,T020,19,2000,500,200,raw/v14_104.npz
kan_generic_N2000_K500_H200_nominal_t0p05,4,T021,20,2000,500,200,raw/v14_104.npz
kan_generic_N2000_K500_H200_nominal_t0p05,4,T022,21,2000,500,200,raw/v14_104.npz
kan_generic_N2000_K500_H200_nominal_t0p05,4,T023,22,2000,500,200,raw/v14_104.npz
kan_generic_N2000_K500_H200_nominal_t0p05,4,T024,23,2000,500,200,raw/v14_104.npz
kan_generic_N2000_K500_H200_nominal_t0p05,4,T025,24,2000,500,200,raw/v14_104.npz
kan_generic_N2000_K500_H200_nominal_t0p05,4,T026,25,2000,500,200,raw/v14_104.npz
kan_generic_N2000_K500_H200_nominal_t0p05,4,T027,26,2000,500,200,raw/v14_104.npz
kan_generic_N2000_K500_H200_nominal_t0p05,4,T028,27,2000,500,200,raw/v14_104.npz
kan_generic_N2000_K500_H200_nominal_t0p05,4,T029,28,2000,500,200,raw/v14_104.npz
kan_generic_N2000_K500_H200_nominal_t0p05,4,T030,29,2000,500,200,raw/v14_104.npz
kan_generic_N2000_K500_H200_nominal_t0p05,5,T001,0,2000,500,200,raw/v14_105.npz
kan_generic_N2000_K500_H200_nominal_t0p05,5,T002,1,2000,500,200,raw/v14_105.npz
kan_generic_N2000_K500_H200_nominal_t0p05,5,T003,2,2000,500,200,raw/v14_105.npz
kan_generic_N2000_K500_H200_nominal_t0p05,5,T004,3,2000,500,200,raw/v14_105.npz
kan_generic_N2000_K500_H200_nominal_t0p05,5,T005,4,2000,500,200,raw/v14_105.npz
kan_generic_N2000_K500_H200_nominal_t0p05,5,T006,5,2000,500,200,raw/v14_105.npz
kan_generic_N2000_K500_H200_nominal_t0p05,5,T007,6,2000,500,200,raw/v14_105.npz
kan_generic_N2000_K500_H200_nominal_t0p05,5,T008,7,2000,500,200,raw/v14_105.npz
kan_generic_N2000_K500_H200_nominal_t0p05,5,T009,8,2000,500,200,raw/v14_105.npz
kan_generic_N2000_K500_H200_nominal_t0p05,5,T010,9,2000,500,200,raw/v14_105.npz
kan_generic_N2000_K500_H200_nominal_t0p05,5,T011,10,2000,500,200,raw/v14_105.npz
kan_generic_N2000_K500_H200_nominal_t0p05,5,T012,11,2000,500,200,raw/v14_105.npz
kan_generic_N2000_K500_H200_nominal_t0p05,5,T013,12,2000,500,200,raw/v14_105.npz
kan_generic_N2000_K500_H200_nominal_t0p05,5,T014,13,2000,500,200,raw/v14_105.npz
kan_generic_N2000_K500_H200_nominal_t0p05,5,T015,14,2000,500,200,raw/v14_105.npz
kan_generic_N2000_K500_H200_nominal_t0p05,5,T016,15,2000,500,200,raw/v14_105.npz
kan_generic_N2000_K500_H200_nominal_t0p05,5,T017,16,2000,500,200,raw/v14_105.npz
kan_generic_N2000_K500_H200_nominal_t0p05,5,T018,17,2000,500,200,raw/v14_105.npz
kan_generic_N2000_K500_H200_nominal_t0p05,5,T019,18,2000,500,200,raw/v14_105.npz
kan_generic_N2000_K500_H200_nominal_t0p05,5,T020,19,2000,500,200,raw/v14_105.npz
kan_generic_N2000_K500_H200_nominal_t0p05,5,T021,20,2000,500,200,raw/v14_105.npz
kan_generic_N2000_K500_H200_nominal_t0p05,5,T022,21,2000,500,200,raw/v14_105.npz
kan_generic_N2000_K500_H200_nominal_t0p05,5,T023,22,2000,500,200,raw/v14_105.npz
kan_generic_N2000_K500_H200_nominal_t0p05,5,T024,23,2000,500,200,raw/v14_105.npz
kan_generic_N2000_K500_H200_nominal_t0p05,5,T025,24,2000,500,200,raw/v14_105.npz
kan_generic_N2000_K500_H200_nominal_t0p05,5,T026,25,2000,500,200,raw/v14_105.npz
kan_generic_N2000_K500_H200_nominal_t0p05,5,T027,26,2000,500,200,raw/v14_105.npz
kan_generic_N2000_K500_H200_nominal_t0p05,5,T028,27,2000,500,200,raw/v14_105.npz
kan_generic_N2000_K500_H200_nominal_t0p05,5,T029,28,2000,500,200,raw/v14_105.npz
kan_generic_N2000_K500_H200_nominal_t0p05,5,T030,29,2000,500,200,raw/v14_105.npz
greedy_analytic_N2000_K100_H50_nominal_t0p05,,T001,0,2000,100,50,raw/v14_106.npz
greedy_analytic_N2000_K100_H50_nominal_t0p05,,T002,1,2000,100,50,raw/v14_106.npz
greedy_analytic_N2000_K100_H50_nominal_t0p05,,T003,2,2000,100,50,raw/v14_106.npz
greedy_analytic_N2000_K100_H50_nominal_t0p05,,T004,3,2000,100,50,raw/v14_106.npz
greedy_analytic_N2000_K100_H50_nominal_t0p05,,T005,4,2000,100,50,raw/v14_106.npz
greedy_analytic_N2000_K100_H50_nominal_t0p05,,T006,5,2000,100,50,raw/v14_106.npz
greedy_analytic_N2000_K100_H50_nominal_t0p05,,T007,6,2000,100,50,raw/v14_106.npz
greedy_analytic_N2000_K100_H50_nominal_t0p05,,T008,7,2000,100,50,raw/v14_106.npz
greedy_analytic_N2000_K100_H50_nominal_t0p05,,T009,8,2000,100,50,raw/v14_106.npz
greedy_analytic_N2000_K100_H50_nominal_t0p05,,T010,9,2000,100,50,raw/v14_106.npz
greedy_analytic_N2000_K100_H50_nominal_t0p05,,T011,10,2000,100,50,raw/v14_106.npz
greedy_analytic_N2000_K100_H50_nominal_t0p05,,T012,11,2000,100,50,raw/v14_106.npz
greedy_analytic_N2000_K100_H50_nominal_t0p05,,T013,12,2000,100,50,raw/v14_106.npz
greedy_analytic_N2000_K100_H50_nominal_t0p05,,T014,13,2000,100,50,raw/v14_106.npz
greedy_analytic_N2000_K100_H50_nominal_t0p05,,T015,14,2000,100,50,raw/v14_106.npz
greedy_analytic_N2000_K100_H50_nominal_t0p05,,T016,15,2000,100,50,raw/v14_106.npz
greedy_analytic_N2000_K100_H50_nominal_t0p05,,T017,16,2000,100,50,raw/v14_106.npz
greedy_analytic_N2000_K100_H50_nominal_t0p05,,T018,17,2000,100,50,raw/v14_106.npz
greedy_analytic_N2000_K100_H50_nominal_t0p05,,T019,18,2000,100,50,raw/v14_106.npz
greedy_analytic_N2000_K100_H50_nominal_t0p05,,T020,19,2000,100,50,raw/v14_106.npz
greedy_analytic_N2000_K100_H50_nominal_t0p05,,T021,20,2000,100,50,raw/v14_106.npz
greedy_analytic_N2000_K100_H50_nominal_t0p05,,T022,21,2000,100,50,raw/v14_106.npz
greedy_analytic_N2000_K100_H50_nominal_t0p05,,T023,22,2000,100,50,raw/v14_106.npz
greedy_analytic_N2000_K100_H50_nominal_t0p05,,T024,23,2000,100,50,raw/v14_106.npz
greedy_analytic_N2000_K100_H50_nominal_t0p05,,T025,24,2000,100,50,raw/v14_106.npz
greedy_analytic_N2000_K100_H50_nominal_t0p05,,T026,25,2000,100,50,raw/v14_106.npz
greedy_analytic_N2000_K100_H50_nominal_t0p05,,T027,26,2000,100,50,raw/v14_106.npz
greedy_analytic_N2000_K100_H50_nominal_t0p05,,T028,27,2000,100,50,raw/v14_106.npz
greedy_analytic_N2000_K100_H50_nominal_t0p05,,T029,28,2000,100,50,raw/v14_106.npz
greedy_analytic_N2000_K100_H50_nominal_t0p05,,T030,29,2000,100,50,raw/v14_106.npz
greedy_analytic_N2000_K100_H200_nominal_t0p05,,T001,0,2000,100,200,raw/v14_106.npz
greedy_analytic_N2000_K100_H200_nominal_t0p05,,T002,1,2000,100,200,raw/v14_106.npz
greedy_analytic_N2000_K100_H200_nominal_t0p05,,T003,2,2000,100,200,raw/v14_106.npz
greedy_analytic_N2000_K100_H200_nominal_t0p05,,T004,3,2000,100,200,raw/v14_106.npz
greedy_analytic_N2000_K100_H200_nominal_t0p05,,T005,4,2000,100,200,raw/v14_106.npz
greedy_analytic_N2000_K100_H200_nominal_t0p05,,T006,5,2000,100,200,raw/v14_106.npz
greedy_analytic_N2000_K100_H200_nominal_t0p05,,T007,6,2000,100,200,raw/v14_106.npz
greedy_analytic_N2000_K100_H200_nominal_t0p05,,T008,7,2000,100,200,raw/v14_106.npz
greedy_analytic_N2000_K100_H200_nominal_t0p05,,T009,8,2000,100,200,raw/v14_106.npz
greedy_analytic_N2000_K100_H200_nominal_t0p05,,T010,9,2000,100,200,raw/v14_106.npz
greedy_analytic_N2000_K100_H200_nominal_t0p05,,T011,10,2000,100,200,raw/v14_106.npz
greedy_analytic_N2000_K100_H200_nominal_t0p05,,T012,11,2000,100,200,raw/v14_106.npz
greedy_analytic_N2000_K100_H200_nominal_t0p05,,T013,12,2000,100,200,raw/v14_106.npz
greedy_analytic_N2000_K100_H200_nominal_t0p05,,T014,13,2000,100,200,raw/v14_106.npz
greedy_analytic_N2000_K100_H200_nominal_t0p05,,T015,14,2000,100,200,raw/v14_106.npz
greedy_analytic_N2000_K100_H200_nominal_t0p05,,T016,15,2000,100,200,raw/v14_106.npz
greedy_analytic_N2000_K100_H200_nominal_t0p05,,T017,16,2000,100,200,raw/v14_106.npz
greedy_analytic_N2000_K100_H200_nominal_t0p05,,T018,17,2000,100,200,raw/v14_106.npz
greedy_analytic_N2000_K100_H200_nominal_t0p05,,T019,18,2000,100,200,raw/v14_106.npz
greedy_analytic_N2000_K100_H200_nominal_t0p05,,T020,19,2000,100,200,raw/v14_106.npz
greedy_analytic_N2000_K100_H200_nominal_t0p05,,T021,20,2000,100,200,raw/v14_106.npz
greedy_analytic_N2000_K100_H200_nominal_t0p05,,T022,21,2000,100,200,raw/v14_106.npz
greedy_analytic_N2000_K100_H200_nominal_t0p05,,T023,22,2000,100,200,raw/v14_106.npz
greedy_analytic_N2000_K100_H200_nominal_t0p05,,T024,23,2000,100,200,raw/v14_106.npz
greedy_analytic_N2000_K100_H200_nominal_t0p05,,T025,24,2000,100,200,raw/v14_106.npz
greedy_analytic_N2000_K100_H200_nominal_t0p05,,T026,25,2000,100,200,raw/v14_106.npz
greedy_analytic_N2000_K100_H200_nominal_t0p05,,T027,26,2000,100,200,raw/v14_106.npz
greedy_analytic_N2000_K100_H200_nominal_t0p05,,T028,27,2000,100,200,raw/v14_106.npz
greedy_analytic_N2000_K100_H200_nominal_t0p05,,T029,28,2000,100,200,raw/v14_106.npz
greedy_analytic_N2000_K100_H200_nominal_t0p05,,T030,29,2000,100,200,raw/v14_106.npz
greedy_analytic_N2000_K100_H800_nominal_t0p05,,T001,0,2000,100,800,raw/v14_106.npz
greedy_analytic_N2000_K100_H800_nominal_t0p05,,T002,1,2000,100,800,raw/v14_106.npz
greedy_analytic_N2000_K100_H800_nominal_t0p05,,T003,2,2000,100,800,raw/v14_106.npz
greedy_analytic_N2000_K100_H800_nominal_t0p05,,T004,3,2000,100,800,raw/v14_106.npz
greedy_analytic_N2000_K100_H800_nominal_t0p05,,T005,4,2000,100,800,raw/v14_106.npz
greedy_analytic_N2000_K100_H800_nominal_t0p05,,T006,5,2000,100,800,raw/v14_106.npz
greedy_analytic_N2000_K100_H800_nominal_t0p05,,T007,6,2000,100,800,raw/v14_106.npz
greedy_analytic_N2000_K100_H800_nominal_t0p05,,T008,7,2000,100,800,raw/v14_106.npz
greedy_analytic_N2000_K100_H800_nominal_t0p05,,T009,8,2000,100,800,raw/v14_106.npz
greedy_analytic_N2000_K100_H800_nominal_t0p05,,T010,9,2000,100,800,raw/v14_106.npz
greedy_analytic_N2000_K100_H800_nominal_t0p05,,T011,10,2000,100,800,raw/v14_106.npz
greedy_analytic_N2000_K100_H800_nominal_t0p05,,T012,11,2000,100,800,raw/v14_106.npz
greedy_analytic_N2000_K100_H800_nominal_t0p05,,T013,12,2000,100,800,raw/v14_106.npz
greedy_analytic_N2000_K100_H800_nominal_t0p05,,T014,13,2000,100,800,raw/v14_106.npz
greedy_analytic_N2000_K100_H800_nominal_t0p05,,T015,14,2000,100,800,raw/v14_106.npz
greedy_analytic_N2000_K100_H800_nominal_t0p05,,T016,15,2000,100,800,raw/v14_106.npz
greedy_analytic_N2000_K100_H800_nominal_t0p05,,T017,16,2000,100,800,raw/v14_106.npz
greedy_analytic_N2000_K100_H800_nominal_t0p05,,T018,17,2000,100,800,raw/v14_106.npz
greedy_analytic_N2000_K100_H800_nominal_t0p05,,T019,18,2000,100,800,raw/v14_106.npz
greedy_analytic_N2000_K100_H800_nominal_t0p05,,T020,19,2000,100,800,raw/v14_106.npz
greedy_analytic_N2000_K100_H800_nominal_t0p05,,T021,20,2000,100,800,raw/v14_106.npz
greedy_analytic_N2000_K100_H800_nominal_t0p05,,T022,21,2000,100,800,raw/v14_106.npz
greedy_analytic_N2000_K100_H800_nominal_t0p05,,T023,22,2000,100,800,raw/v14_106.npz
greedy_analytic_N2000_K100_H800_nominal_t0p05,,T024,23,2000,100,800,raw/v14_106.npz
greedy_analytic_N2000_K100_H800_nominal_t0p05,,T025,24,2000,100,800,raw/v14_106.npz
greedy_analytic_N2000_K100_H800_nominal_t0p05,,T026,25,2000,100,800,raw/v14_106.npz
greedy_analytic_N2000_K100_H800_nominal_t0p05,,T027,26,2000,100,800,raw/v14_106.npz
greedy_analytic_N2000_K100_H800_nominal_t0p05,,T028,27,2000,100,800,raw/v14_106.npz
greedy_analytic_N2000_K100_H800_nominal_t0p05,,T029,28,2000,100,800,raw/v14_106.npz
greedy_analytic_N2000_K100_H800_nominal_t0p05,,T030,29,2000,100,800,raw/v14_106.npz
greedy_analytic_N2000_K200_H200_nominal_t0p05,,T001,0,2000,200,200,raw/v14_107.npz
greedy_analytic_N2000_K200_H200_nominal_t0p05,,T002,1,2000,200,200,raw/v14_107.npz
greedy_analytic_N2000_K200_H200_nominal_t0p05,,T003,2,2000,200,200,raw/v14_107.npz
greedy_analytic_N2000_K200_H200_nominal_t0p05,,T004,3,2000,200,200,raw/v14_107.npz
greedy_analytic_N2000_K200_H200_nominal_t0p05,,T005,4,2000,200,200,raw/v14_107.npz
greedy_analytic_N2000_K200_H200_nominal_t0p05,,T006,5,2000,200,200,raw/v14_107.npz
greedy_analytic_N2000_K200_H200_nominal_t0p05,,T007,6,2000,200,200,raw/v14_107.npz
greedy_analytic_N2000_K200_H200_nominal_t0p05,,T008,7,2000,200,200,raw/v14_107.npz
greedy_analytic_N2000_K200_H200_nominal_t0p05,,T009,8,2000,200,200,raw/v14_107.npz
greedy_analytic_N2000_K200_H200_nominal_t0p05,,T010,9,2000,200,200,raw/v14_107.npz
greedy_analytic_N2000_K200_H200_nominal_t0p05,,T011,10,2000,200,200,raw/v14_107.npz
greedy_analytic_N2000_K200_H200_nominal_t0p05,,T012,11,2000,200,200,raw/v14_107.npz
greedy_analytic_N2000_K200_H200_nominal_t0p05,,T013,12,2000,200,200,raw/v14_107.npz
greedy_analytic_N2000_K200_H200_nominal_t0p05,,T014,13,2000,200,200,raw/v14_107.npz
greedy_analytic_N2000_K200_H200_nominal_t0p05,,T015,14,2000,200,200,raw/v14_107.npz
greedy_analytic_N2000_K200_H200_nominal_t0p05,,T016,15,2000,200,200,raw/v14_107.npz
greedy_analytic_N2000_K200_H200_nominal_t0p05,,T017,16,2000,200,200,raw/v14_107.npz
greedy_analytic_N2000_K200_H200_nominal_t0p05,,T018,17,2000,200,200,raw/v14_107.npz
greedy_analytic_N2000_K200_H200_nominal_t0p05,,T019,18,2000,200,200,raw/v14_107.npz
greedy_analytic_N2000_K200_H200_nominal_t0p05,,T020,19,2000,200,200,raw/v14_107.npz
greedy_analytic_N2000_K200_H200_nominal_t0p05,,T021,20,2000,200,200,raw/v14_107.npz
greedy_analytic_N2000_K200_H200_nominal_t0p05,,T022,21,2000,200,200,raw/v14_107.npz
greedy_analytic_N2000_K200_H200_nominal_t0p05,,T023,22,2000,200,200,raw/v14_107.npz
greedy_analytic_N2000_K200_H200_nominal_t0p05,,T024,23,2000,200,200,raw/v14_107.npz
greedy_analytic_N2000_K200_H200_nominal_t0p05,,T025,24,2000,200,200,raw/v14_107.npz
greedy_analytic_N2000_K200_H200_nominal_t0p05,,T026,25,2000,200,200,raw/v14_107.npz
greedy_analytic_N2000_K200_H200_nominal_t0p05,,T027,26,2000,200,200,raw/v14_107.npz
greedy_analytic_N2000_K200_H200_nominal_t0p05,,T028,27,2000,200,200,raw/v14_107.npz
greedy_analytic_N2000_K200_H200_nominal_t0p05,,T029,28,2000,200,200,raw/v14_107.npz
greedy_analytic_N2000_K200_H200_nominal_t0p05,,T030,29,2000,200,200,raw/v14_107.npz
greedy_analytic_N2000_K300_H200_nominal_t0p05,,T001,0,2000,300,200,raw/v14_108.npz
greedy_analytic_N2000_K300_H200_nominal_t0p05,,T002,1,2000,300,200,raw/v14_108.npz
greedy_analytic_N2000_K300_H200_nominal_t0p05,,T003,2,2000,300,200,raw/v14_108.npz
greedy_analytic_N2000_K300_H200_nominal_t0p05,,T004,3,2000,300,200,raw/v14_108.npz
greedy_analytic_N2000_K300_H200_nominal_t0p05,,T005,4,2000,300,200,raw/v14_108.npz
greedy_analytic_N2000_K300_H200_nominal_t0p05,,T006,5,2000,300,200,raw/v14_108.npz
greedy_analytic_N2000_K300_H200_nominal_t0p05,,T007,6,2000,300,200,raw/v14_108.npz
greedy_analytic_N2000_K300_H200_nominal_t0p05,,T008,7,2000,300,200,raw/v14_108.npz
greedy_analytic_N2000_K300_H200_nominal_t0p05,,T009,8,2000,300,200,raw/v14_108.npz
greedy_analytic_N2000_K300_H200_nominal_t0p05,,T010,9,2000,300,200,raw/v14_108.npz
greedy_analytic_N2000_K300_H200_nominal_t0p05,,T011,10,2000,300,200,raw/v14_108.npz
greedy_analytic_N2000_K300_H200_nominal_t0p05,,T012,11,2000,300,200,raw/v14_108.npz
greedy_analytic_N2000_K300_H200_nominal_t0p05,,T013,12,2000,300,200,raw/v14_108.npz
greedy_analytic_N2000_K300_H200_nominal_t0p05,,T014,13,2000,300,200,raw/v14_108.npz
greedy_analytic_N2000_K300_H200_nominal_t0p05,,T015,14,2000,300,200,raw/v14_108.npz
greedy_analytic_N2000_K300_H200_nominal_t0p05,,T016,15,2000,300,200,raw/v14_108.npz
greedy_analytic_N2000_K300_H200_nominal_t0p05,,T017,16,2000,300,200,raw/v14_108.npz
greedy_analytic_N2000_K300_H200_nominal_t0p05,,T018,17,2000,300,200,raw/v14_108.npz
greedy_analytic_N2000_K300_H200_nominal_t0p05,,T019,18,2000,300,200,raw/v14_108.npz
greedy_analytic_N2000_K300_H200_nominal_t0p05,,T020,19,2000,300,200,raw/v14_108.npz
greedy_analytic_N2000_K300_H200_nominal_t0p05,,T021,20,2000,300,200,raw/v14_108.npz
greedy_analytic_N2000_K300_H200_nominal_t0p05,,T022,21,2000,300,200,raw/v14_108.npz
greedy_analytic_N2000_K300_H200_nominal_t0p05,,T023,22,2000,300,200,raw/v14_108.npz
greedy_analytic_N2000_K300_H200_nominal_t0p05,,T024,23,2000,300,200,raw/v14_108.npz
greedy_analytic_N2000_K300_H200_nominal_t0p05,,T025,24,2000,300,200,raw/v14_108.npz
greedy_analytic_N2000_K300_H200_nominal_t0p05,,T026,25,2000,300,200,raw/v14_108.npz
greedy_analytic_N2000_K300_H200_nominal_t0p05,,T027,26,2000,300,200,raw/v14_108.npz
greedy_analytic_N2000_K300_H200_nominal_t0p05,,T028,27,2000,300,200,raw/v14_108.npz
greedy_analytic_N2000_K300_H200_nominal_t0p05,,T029,28,2000,300,200,raw/v14_108.npz
greedy_analytic_N2000_K300_H200_nominal_t0p05,,T030,29,2000,300,200,raw/v14_108.npz
greedy_analytic_N2000_K400_H200_nominal_t0p05,,T001,0,2000,400,200,raw/v14_109.npz
greedy_analytic_N2000_K400_H200_nominal_t0p05,,T002,1,2000,400,200,raw/v14_109.npz
greedy_analytic_N2000_K400_H200_nominal_t0p05,,T003,2,2000,400,200,raw/v14_109.npz
greedy_analytic_N2000_K400_H200_nominal_t0p05,,T004,3,2000,400,200,raw/v14_109.npz
greedy_analytic_N2000_K400_H200_nominal_t0p05,,T005,4,2000,400,200,raw/v14_109.npz
greedy_analytic_N2000_K400_H200_nominal_t0p05,,T006,5,2000,400,200,raw/v14_109.npz
greedy_analytic_N2000_K400_H200_nominal_t0p05,,T007,6,2000,400,200,raw/v14_109.npz
greedy_analytic_N2000_K400_H200_nominal_t0p05,,T008,7,2000,400,200,raw/v14_109.npz
greedy_analytic_N2000_K400_H200_nominal_t0p05,,T009,8,2000,400,200,raw/v14_109.npz
greedy_analytic_N2000_K400_H200_nominal_t0p05,,T010,9,2000,400,200,raw/v14_109.npz
greedy_analytic_N2000_K400_H200_nominal_t0p05,,T011,10,2000,400,200,raw/v14_109.npz
greedy_analytic_N2000_K400_H200_nominal_t0p05,,T012,11,2000,400,200,raw/v14_109.npz
greedy_analytic_N2000_K400_H200_nominal_t0p05,,T013,12,2000,400,200,raw/v14_109.npz
greedy_analytic_N2000_K400_H200_nominal_t0p05,,T014,13,2000,400,200,raw/v14_109.npz
greedy_analytic_N2000_K400_H200_nominal_t0p05,,T015,14,2000,400,200,raw/v14_109.npz
greedy_analytic_N2000_K400_H200_nominal_t0p05,,T016,15,2000,400,200,raw/v14_109.npz
greedy_analytic_N2000_K400_H200_nominal_t0p05,,T017,16,2000,400,200,raw/v14_109.npz
greedy_analytic_N2000_K400_H200_nominal_t0p05,,T018,17,2000,400,200,raw/v14_109.npz
greedy_analytic_N2000_K400_H200_nominal_t0p05,,T019,18,2000,400,200,raw/v14_109.npz
greedy_analytic_N2000_K400_H200_nominal_t0p05,,T020,19,2000,400,200,raw/v14_109.npz
greedy_analytic_N2000_K400_H200_nominal_t0p05,,T021,20,2000,400,200,raw/v14_109.npz
greedy_analytic_N2000_K400_H200_nominal_t0p05,,T022,21,2000,400,200,raw/v14_109.npz
greedy_analytic_N2000_K400_H200_nominal_t0p05,,T023,22,2000,400,200,raw/v14_109.npz
greedy_analytic_N2000_K400_H200_nominal_t0p05,,T024,23,2000,400,200,raw/v14_109.npz
greedy_analytic_N2000_K400_H200_nominal_t0p05,,T025,24,2000,400,200,raw/v14_109.npz
greedy_analytic_N2000_K400_H200_nominal_t0p05,,T026,25,2000,400,200,raw/v14_109.npz
greedy_analytic_N2000_K400_H200_nominal_t0p05,,T027,26,2000,400,200,raw/v14_109.npz
greedy_analytic_N2000_K400_H200_nominal_t0p05,,T028,27,2000,400,200,raw/v14_109.npz
greedy_analytic_N2000_K400_H200_nominal_t0p05,,T029,28,2000,400,200,raw/v14_109.npz
greedy_analytic_N2000_K400_H200_nominal_t0p05,,T030,29,2000,400,200,raw/v14_109.npz
greedy_analytic_N2000_K500_H200_nominal_t0p05,,T001,0,2000,500,200,raw/v14_110.npz
greedy_analytic_N2000_K500_H200_nominal_t0p05,,T002,1,2000,500,200,raw/v14_110.npz
greedy_analytic_N2000_K500_H200_nominal_t0p05,,T003,2,2000,500,200,raw/v14_110.npz
greedy_analytic_N2000_K500_H200_nominal_t0p05,,T004,3,2000,500,200,raw/v14_110.npz
greedy_analytic_N2000_K500_H200_nominal_t0p05,,T005,4,2000,500,200,raw/v14_110.npz
greedy_analytic_N2000_K500_H200_nominal_t0p05,,T006,5,2000,500,200,raw/v14_110.npz
greedy_analytic_N2000_K500_H200_nominal_t0p05,,T007,6,2000,500,200,raw/v14_110.npz
greedy_analytic_N2000_K500_H200_nominal_t0p05,,T008,7,2000,500,200,raw/v14_110.npz
greedy_analytic_N2000_K500_H200_nominal_t0p05,,T009,8,2000,500,200,raw/v14_110.npz
greedy_analytic_N2000_K500_H200_nominal_t0p05,,T010,9,2000,500,200,raw/v14_110.npz
greedy_analytic_N2000_K500_H200_nominal_t0p05,,T011,10,2000,500,200,raw/v14_110.npz
greedy_analytic_N2000_K500_H200_nominal_t0p05,,T012,11,2000,500,200,raw/v14_110.npz
greedy_analytic_N2000_K500_H200_nominal_t0p05,,T013,12,2000,500,200,raw/v14_110.npz
greedy_analytic_N2000_K500_H200_nominal_t0p05,,T014,13,2000,500,200,raw/v14_110.npz
greedy_analytic_N2000_K500_H200_nominal_t0p05,,T015,14,2000,500,200,raw/v14_110.npz
greedy_analytic_N2000_K500_H200_nominal_t0p05,,T016,15,2000,500,200,raw/v14_110.npz
greedy_analytic_N2000_K500_H200_nominal_t0p05,,T017,16,2000,500,200,raw/v14_110.npz
greedy_analytic_N2000_K500_H200_nominal_t0p05,,T018,17,2000,500,200,raw/v14_110.npz
greedy_analytic_N2000_K500_H200_nominal_t0p05,,T019,18,2000,500,200,raw/v14_110.npz
greedy_analytic_N2000_K500_H200_nominal_t0p05,,T020,19,2000,500,200,raw/v14_110.npz
greedy_analytic_N2000_K500_H200_nominal_t0p05,,T021,20,2000,500,200,raw/v14_110.npz
greedy_analytic_N2000_K500_H200_nominal_t0p05,,T022,21,2000,500,200,raw/v14_110.npz
greedy_analytic_N2000_K500_H200_nominal_t0p05,,T023,22,2000,500,200,raw/v14_110.npz
greedy_analytic_N2000_K500_H200_nominal_t0p05,,T024,23,2000,500,200,raw/v14_110.npz
greedy_analytic_N2000_K500_H200_nominal_t0p05,,T025,24,2000,500,200,raw/v14_110.npz
greedy_analytic_N2000_K500_H200_nominal_t0p05,,T026,25,2000,500,200,raw/v14_110.npz
greedy_analytic_N2000_K500_H200_nominal_t0p05,,T027,26,2000,500,200,raw/v14_110.npz
greedy_analytic_N2000_K500_H200_nominal_t0p05,,T028,27,2000,500,200,raw/v14_110.npz
greedy_analytic_N2000_K500_H200_nominal_t0p05,,T029,28,2000,500,200,raw/v14_110.npz
greedy_analytic_N2000_K500_H200_nominal_t0p05,,T030,29,2000,500,200,raw/v14_110.npz
maxsinr_ttt_N2000_K100_H50_nominal_tnative,,T001,0,2000,100,50,raw/v14_111.npz
maxsinr_ttt_N2000_K100_H50_nominal_tnative,,T002,1,2000,100,50,raw/v14_111.npz
maxsinr_ttt_N2000_K100_H50_nominal_tnative,,T003,2,2000,100,50,raw/v14_111.npz
maxsinr_ttt_N2000_K100_H50_nominal_tnative,,T004,3,2000,100,50,raw/v14_111.npz
maxsinr_ttt_N2000_K100_H50_nominal_tnative,,T005,4,2000,100,50,raw/v14_111.npz
maxsinr_ttt_N2000_K100_H50_nominal_tnative,,T006,5,2000,100,50,raw/v14_111.npz
maxsinr_ttt_N2000_K100_H50_nominal_tnative,,T007,6,2000,100,50,raw/v14_111.npz
maxsinr_ttt_N2000_K100_H50_nominal_tnative,,T008,7,2000,100,50,raw/v14_111.npz
maxsinr_ttt_N2000_K100_H50_nominal_tnative,,T009,8,2000,100,50,raw/v14_111.npz
maxsinr_ttt_N2000_K100_H50_nominal_tnative,,T010,9,2000,100,50,raw/v14_111.npz
maxsinr_ttt_N2000_K100_H50_nominal_tnative,,T011,10,2000,100,50,raw/v14_111.npz
maxsinr_ttt_N2000_K100_H50_nominal_tnative,,T012,11,2000,100,50,raw/v14_111.npz
maxsinr_ttt_N2000_K100_H50_nominal_tnative,,T013,12,2000,100,50,raw/v14_111.npz
maxsinr_ttt_N2000_K100_H50_nominal_tnative,,T014,13,2000,100,50,raw/v14_111.npz
maxsinr_ttt_N2000_K100_H50_nominal_tnative,,T015,14,2000,100,50,raw/v14_111.npz
maxsinr_ttt_N2000_K100_H50_nominal_tnative,,T016,15,2000,100,50,raw/v14_111.npz
maxsinr_ttt_N2000_K100_H50_nominal_tnative,,T017,16,2000,100,50,raw/v14_111.npz
maxsinr_ttt_N2000_K100_H50_nominal_tnative,,T018,17,2000,100,50,raw/v14_111.npz
maxsinr_ttt_N2000_K100_H50_nominal_tnative,,T019,18,2000,100,50,raw/v14_111.npz
maxsinr_ttt_N2000_K100_H50_nominal_tnative,,T020,19,2000,100,50,raw/v14_111.npz
maxsinr_ttt_N2000_K100_H50_nominal_tnative,,T021,20,2000,100,50,raw/v14_111.npz
maxsinr_ttt_N2000_K100_H50_nominal_tnative,,T022,21,2000,100,50,raw/v14_111.npz
maxsinr_ttt_N2000_K100_H50_nominal_tnative,,T023,22,2000,100,50,raw/v14_111.npz
maxsinr_ttt_N2000_K100_H50_nominal_tnative,,T024,23,2000,100,50,raw/v14_111.npz
maxsinr_ttt_N2000_K100_H50_nominal_tnative,,T025,24,2000,100,50,raw/v14_111.npz
maxsinr_ttt_N2000_K100_H50_nominal_tnative,,T026,25,2000,100,50,raw/v14_111.npz
maxsinr_ttt_N2000_K100_H50_nominal_tnative,,T027,26,2000,100,50,raw/v14_111.npz
maxsinr_ttt_N2000_K100_H50_nominal_tnative,,T028,27,2000,100,50,raw/v14_111.npz
maxsinr_ttt_N2000_K100_H50_nominal_tnative,,T029,28,2000,100,50,raw/v14_111.npz
maxsinr_ttt_N2000_K100_H50_nominal_tnative,,T030,29,2000,100,50,raw/v14_111.npz
maxsinr_ttt_N2000_K100_H200_nominal_tnative,,T001,0,2000,100,200,raw/v14_111.npz
maxsinr_ttt_N2000_K100_H200_nominal_tnative,,T002,1,2000,100,200,raw/v14_111.npz
maxsinr_ttt_N2000_K100_H200_nominal_tnative,,T003,2,2000,100,200,raw/v14_111.npz
maxsinr_ttt_N2000_K100_H200_nominal_tnative,,T004,3,2000,100,200,raw/v14_111.npz
maxsinr_ttt_N2000_K100_H200_nominal_tnative,,T005,4,2000,100,200,raw/v14_111.npz
maxsinr_ttt_N2000_K100_H200_nominal_tnative,,T006,5,2000,100,200,raw/v14_111.npz
maxsinr_ttt_N2000_K100_H200_nominal_tnative,,T007,6,2000,100,200,raw/v14_111.npz
maxsinr_ttt_N2000_K100_H200_nominal_tnative,,T008,7,2000,100,200,raw/v14_111.npz
maxsinr_ttt_N2000_K100_H200_nominal_tnative,,T009,8,2000,100,200,raw/v14_111.npz
maxsinr_ttt_N2000_K100_H200_nominal_tnative,,T010,9,2000,100,200,raw/v14_111.npz
maxsinr_ttt_N2000_K100_H200_nominal_tnative,,T011,10,2000,100,200,raw/v14_111.npz
maxsinr_ttt_N2000_K100_H200_nominal_tnative,,T012,11,2000,100,200,raw/v14_111.npz
maxsinr_ttt_N2000_K100_H200_nominal_tnative,,T013,12,2000,100,200,raw/v14_111.npz
maxsinr_ttt_N2000_K100_H200_nominal_tnative,,T014,13,2000,100,200,raw/v14_111.npz
maxsinr_ttt_N2000_K100_H200_nominal_tnative,,T015,14,2000,100,200,raw/v14_111.npz
maxsinr_ttt_N2000_K100_H200_nominal_tnative,,T016,15,2000,100,200,raw/v14_111.npz
maxsinr_ttt_N2000_K100_H200_nominal_tnative,,T017,16,2000,100,200,raw/v14_111.npz
maxsinr_ttt_N2000_K100_H200_nominal_tnative,,T018,17,2000,100,200,raw/v14_111.npz
maxsinr_ttt_N2000_K100_H200_nominal_tnative,,T019,18,2000,100,200,raw/v14_111.npz
maxsinr_ttt_N2000_K100_H200_nominal_tnative,,T020,19,2000,100,200,raw/v14_111.npz
maxsinr_ttt_N2000_K100_H200_nominal_tnative,,T021,20,2000,100,200,raw/v14_111.npz
maxsinr_ttt_N2000_K100_H200_nominal_tnative,,T022,21,2000,100,200,raw/v14_111.npz
maxsinr_ttt_N2000_K100_H200_nominal_tnative,,T023,22,2000,100,200,raw/v14_111.npz
maxsinr_ttt_N2000_K100_H200_nominal_tnative,,T024,23,2000,100,200,raw/v14_111.npz
maxsinr_ttt_N2000_K100_H200_nominal_tnative,,T025,24,2000,100,200,raw/v14_111.npz
maxsinr_ttt_N2000_K100_H200_nominal_tnative,,T026,25,2000,100,200,raw/v14_111.npz
maxsinr_ttt_N2000_K100_H200_nominal_tnative,,T027,26,2000,100,200,raw/v14_111.npz
maxsinr_ttt_N2000_K100_H200_nominal_tnative,,T028,27,2000,100,200,raw/v14_111.npz
maxsinr_ttt_N2000_K100_H200_nominal_tnative,,T029,28,2000,100,200,raw/v14_111.npz
maxsinr_ttt_N2000_K100_H200_nominal_tnative,,T030,29,2000,100,200,raw/v14_111.npz
maxsinr_ttt_N2000_K100_H800_nominal_tnative,,T001,0,2000,100,800,raw/v14_111.npz
maxsinr_ttt_N2000_K100_H800_nominal_tnative,,T002,1,2000,100,800,raw/v14_111.npz
maxsinr_ttt_N2000_K100_H800_nominal_tnative,,T003,2,2000,100,800,raw/v14_111.npz
maxsinr_ttt_N2000_K100_H800_nominal_tnative,,T004,3,2000,100,800,raw/v14_111.npz
maxsinr_ttt_N2000_K100_H800_nominal_tnative,,T005,4,2000,100,800,raw/v14_111.npz
maxsinr_ttt_N2000_K100_H800_nominal_tnative,,T006,5,2000,100,800,raw/v14_111.npz
maxsinr_ttt_N2000_K100_H800_nominal_tnative,,T007,6,2000,100,800,raw/v14_111.npz
maxsinr_ttt_N2000_K100_H800_nominal_tnative,,T008,7,2000,100,800,raw/v14_111.npz
maxsinr_ttt_N2000_K100_H800_nominal_tnative,,T009,8,2000,100,800,raw/v14_111.npz
maxsinr_ttt_N2000_K100_H800_nominal_tnative,,T010,9,2000,100,800,raw/v14_111.npz
maxsinr_ttt_N2000_K100_H800_nominal_tnative,,T011,10,2000,100,800,raw/v14_111.npz
maxsinr_ttt_N2000_K100_H800_nominal_tnative,,T012,11,2000,100,800,raw/v14_111.npz
maxsinr_ttt_N2000_K100_H800_nominal_tnative,,T013,12,2000,100,800,raw/v14_111.npz
maxsinr_ttt_N2000_K100_H800_nominal_tnative,,T014,13,2000,100,800,raw/v14_111.npz
maxsinr_ttt_N2000_K100_H800_nominal_tnative,,T015,14,2000,100,800,raw/v14_111.npz
maxsinr_ttt_N2000_K100_H800_nominal_tnative,,T016,15,2000,100,800,raw/v14_111.npz
maxsinr_ttt_N2000_K100_H800_nominal_tnative,,T017,16,2000,100,800,raw/v14_111.npz
maxsinr_ttt_N2000_K100_H800_nominal_tnative,,T018,17,2000,100,800,raw/v14_111.npz
maxsinr_ttt_N2000_K100_H800_nominal_tnative,,T019,18,2000,100,800,raw/v14_111.npz
maxsinr_ttt_N2000_K100_H800_nominal_tnative,,T020,19,2000,100,800,raw/v14_111.npz
maxsinr_ttt_N2000_K100_H800_nominal_tnative,,T021,20,2000,100,800,raw/v14_111.npz
maxsinr_ttt_N2000_K100_H800_nominal_tnative,,T022,21,2000,100,800,raw/v14_111.npz
maxsinr_ttt_N2000_K100_H800_nominal_tnative,,T023,22,2000,100,800,raw/v14_111.npz
maxsinr_ttt_N2000_K100_H800_nominal_tnative,,T024,23,2000,100,800,raw/v14_111.npz
maxsinr_ttt_N2000_K100_H800_nominal_tnative,,T025,24,2000,100,800,raw/v14_111.npz
maxsinr_ttt_N2000_K100_H800_nominal_tnative,,T026,25,2000,100,800,raw/v14_111.npz
maxsinr_ttt_N2000_K100_H800_nominal_tnative,,T027,26,2000,100,800,raw/v14_111.npz
maxsinr_ttt_N2000_K100_H800_nominal_tnative,,T028,27,2000,100,800,raw/v14_111.npz
maxsinr_ttt_N2000_K100_H800_nominal_tnative,,T029,28,2000,100,800,raw/v14_111.npz
maxsinr_ttt_N2000_K100_H800_nominal_tnative,,T030,29,2000,100,800,raw/v14_111.npz
maxsinr_ttt_N2000_K200_H200_nominal_tnative,,T001,0,2000,200,200,raw/v14_112.npz
maxsinr_ttt_N2000_K200_H200_nominal_tnative,,T002,1,2000,200,200,raw/v14_112.npz
maxsinr_ttt_N2000_K200_H200_nominal_tnative,,T003,2,2000,200,200,raw/v14_112.npz
maxsinr_ttt_N2000_K200_H200_nominal_tnative,,T004,3,2000,200,200,raw/v14_112.npz
maxsinr_ttt_N2000_K200_H200_nominal_tnative,,T005,4,2000,200,200,raw/v14_112.npz
maxsinr_ttt_N2000_K200_H200_nominal_tnative,,T006,5,2000,200,200,raw/v14_112.npz
maxsinr_ttt_N2000_K200_H200_nominal_tnative,,T007,6,2000,200,200,raw/v14_112.npz
maxsinr_ttt_N2000_K200_H200_nominal_tnative,,T008,7,2000,200,200,raw/v14_112.npz
maxsinr_ttt_N2000_K200_H200_nominal_tnative,,T009,8,2000,200,200,raw/v14_112.npz
maxsinr_ttt_N2000_K200_H200_nominal_tnative,,T010,9,2000,200,200,raw/v14_112.npz
maxsinr_ttt_N2000_K200_H200_nominal_tnative,,T011,10,2000,200,200,raw/v14_112.npz
maxsinr_ttt_N2000_K200_H200_nominal_tnative,,T012,11,2000,200,200,raw/v14_112.npz
maxsinr_ttt_N2000_K200_H200_nominal_tnative,,T013,12,2000,200,200,raw/v14_112.npz
maxsinr_ttt_N2000_K200_H200_nominal_tnative,,T014,13,2000,200,200,raw/v14_112.npz
maxsinr_ttt_N2000_K200_H200_nominal_tnative,,T015,14,2000,200,200,raw/v14_112.npz
maxsinr_ttt_N2000_K200_H200_nominal_tnative,,T016,15,2000,200,200,raw/v14_112.npz
maxsinr_ttt_N2000_K200_H200_nominal_tnative,,T017,16,2000,200,200,raw/v14_112.npz
maxsinr_ttt_N2000_K200_H200_nominal_tnative,,T018,17,2000,200,200,raw/v14_112.npz
maxsinr_ttt_N2000_K200_H200_nominal_tnative,,T019,18,2000,200,200,raw/v14_112.npz
maxsinr_ttt_N2000_K200_H200_nominal_tnative,,T020,19,2000,200,200,raw/v14_112.npz
maxsinr_ttt_N2000_K200_H200_nominal_tnative,,T021,20,2000,200,200,raw/v14_112.npz
maxsinr_ttt_N2000_K200_H200_nominal_tnative,,T022,21,2000,200,200,raw/v14_112.npz
maxsinr_ttt_N2000_K200_H200_nominal_tnative,,T023,22,2000,200,200,raw/v14_112.npz
maxsinr_ttt_N2000_K200_H200_nominal_tnative,,T024,23,2000,200,200,raw/v14_112.npz
maxsinr_ttt_N2000_K200_H200_nominal_tnative,,T025,24,2000,200,200,raw/v14_112.npz
maxsinr_ttt_N2000_K200_H200_nominal_tnative,,T026,25,2000,200,200,raw/v14_112.npz
maxsinr_ttt_N2000_K200_H200_nominal_tnative,,T027,26,2000,200,200,raw/v14_112.npz
maxsinr_ttt_N2000_K200_H200_nominal_tnative,,T028,27,2000,200,200,raw/v14_112.npz
maxsinr_ttt_N2000_K200_H200_nominal_tnative,,T029,28,2000,200,200,raw/v14_112.npz
maxsinr_ttt_N2000_K200_H200_nominal_tnative,,T030,29,2000,200,200,raw/v14_112.npz
maxsinr_ttt_N2000_K300_H200_nominal_tnative,,T001,0,2000,300,200,raw/v14_113.npz
maxsinr_ttt_N2000_K300_H200_nominal_tnative,,T002,1,2000,300,200,raw/v14_113.npz
maxsinr_ttt_N2000_K300_H200_nominal_tnative,,T003,2,2000,300,200,raw/v14_113.npz
maxsinr_ttt_N2000_K300_H200_nominal_tnative,,T004,3,2000,300,200,raw/v14_113.npz
maxsinr_ttt_N2000_K300_H200_nominal_tnative,,T005,4,2000,300,200,raw/v14_113.npz
maxsinr_ttt_N2000_K300_H200_nominal_tnative,,T006,5,2000,300,200,raw/v14_113.npz
maxsinr_ttt_N2000_K300_H200_nominal_tnative,,T007,6,2000,300,200,raw/v14_113.npz
maxsinr_ttt_N2000_K300_H200_nominal_tnative,,T008,7,2000,300,200,raw/v14_113.npz
maxsinr_ttt_N2000_K300_H200_nominal_tnative,,T009,8,2000,300,200,raw/v14_113.npz
maxsinr_ttt_N2000_K300_H200_nominal_tnative,,T010,9,2000,300,200,raw/v14_113.npz
maxsinr_ttt_N2000_K300_H200_nominal_tnative,,T011,10,2000,300,200,raw/v14_113.npz
maxsinr_ttt_N2000_K300_H200_nominal_tnative,,T012,11,2000,300,200,raw/v14_113.npz
maxsinr_ttt_N2000_K300_H200_nominal_tnative,,T013,12,2000,300,200,raw/v14_113.npz
maxsinr_ttt_N2000_K300_H200_nominal_tnative,,T014,13,2000,300,200,raw/v14_113.npz
maxsinr_ttt_N2000_K300_H200_nominal_tnative,,T015,14,2000,300,200,raw/v14_113.npz
maxsinr_ttt_N2000_K300_H200_nominal_tnative,,T016,15,2000,300,200,raw/v14_113.npz
maxsinr_ttt_N2000_K300_H200_nominal_tnative,,T017,16,2000,300,200,raw/v14_113.npz
maxsinr_ttt_N2000_K300_H200_nominal_tnative,,T018,17,2000,300,200,raw/v14_113.npz
maxsinr_ttt_N2000_K300_H200_nominal_tnative,,T019,18,2000,300,200,raw/v14_113.npz
maxsinr_ttt_N2000_K300_H200_nominal_tnative,,T020,19,2000,300,200,raw/v14_113.npz
maxsinr_ttt_N2000_K300_H200_nominal_tnative,,T021,20,2000,300,200,raw/v14_113.npz
maxsinr_ttt_N2000_K300_H200_nominal_tnative,,T022,21,2000,300,200,raw/v14_113.npz
maxsinr_ttt_N2000_K300_H200_nominal_tnative,,T023,22,2000,300,200,raw/v14_113.npz
maxsinr_ttt_N2000_K300_H200_nominal_tnative,,T024,23,2000,300,200,raw/v14_113.npz
maxsinr_ttt_N2000_K300_H200_nominal_tnative,,T025,24,2000,300,200,raw/v14_113.npz
maxsinr_ttt_N2000_K300_H200_nominal_tnative,,T026,25,2000,300,200,raw/v14_113.npz
maxsinr_ttt_N2000_K300_H200_nominal_tnative,,T027,26,2000,300,200,raw/v14_113.npz
maxsinr_ttt_N2000_K300_H200_nominal_tnative,,T028,27,2000,300,200,raw/v14_113.npz
maxsinr_ttt_N2000_K300_H200_nominal_tnative,,T029,28,2000,300,200,raw/v14_113.npz
maxsinr_ttt_N2000_K300_H200_nominal_tnative,,T030,29,2000,300,200,raw/v14_113.npz
maxsinr_ttt_N2000_K400_H200_nominal_tnative,,T001,0,2000,400,200,raw/v14_114.npz
maxsinr_ttt_N2000_K400_H200_nominal_tnative,,T002,1,2000,400,200,raw/v14_114.npz
maxsinr_ttt_N2000_K400_H200_nominal_tnative,,T003,2,2000,400,200,raw/v14_114.npz
maxsinr_ttt_N2000_K400_H200_nominal_tnative,,T004,3,2000,400,200,raw/v14_114.npz
maxsinr_ttt_N2000_K400_H200_nominal_tnative,,T005,4,2000,400,200,raw/v14_114.npz
maxsinr_ttt_N2000_K400_H200_nominal_tnative,,T006,5,2000,400,200,raw/v14_114.npz
maxsinr_ttt_N2000_K400_H200_nominal_tnative,,T007,6,2000,400,200,raw/v14_114.npz
maxsinr_ttt_N2000_K400_H200_nominal_tnative,,T008,7,2000,400,200,raw/v14_114.npz
maxsinr_ttt_N2000_K400_H200_nominal_tnative,,T009,8,2000,400,200,raw/v14_114.npz
maxsinr_ttt_N2000_K400_H200_nominal_tnative,,T010,9,2000,400,200,raw/v14_114.npz
maxsinr_ttt_N2000_K400_H200_nominal_tnative,,T011,10,2000,400,200,raw/v14_114.npz
maxsinr_ttt_N2000_K400_H200_nominal_tnative,,T012,11,2000,400,200,raw/v14_114.npz
maxsinr_ttt_N2000_K400_H200_nominal_tnative,,T013,12,2000,400,200,raw/v14_114.npz
maxsinr_ttt_N2000_K400_H200_nominal_tnative,,T014,13,2000,400,200,raw/v14_114.npz
maxsinr_ttt_N2000_K400_H200_nominal_tnative,,T015,14,2000,400,200,raw/v14_114.npz
maxsinr_ttt_N2000_K400_H200_nominal_tnative,,T016,15,2000,400,200,raw/v14_114.npz
maxsinr_ttt_N2000_K400_H200_nominal_tnative,,T017,16,2000,400,200,raw/v14_114.npz
maxsinr_ttt_N2000_K400_H200_nominal_tnative,,T018,17,2000,400,200,raw/v14_114.npz
maxsinr_ttt_N2000_K400_H200_nominal_tnative,,T019,18,2000,400,200,raw/v14_114.npz
maxsinr_ttt_N2000_K400_H200_nominal_tnative,,T020,19,2000,400,200,raw/v14_114.npz
maxsinr_ttt_N2000_K400_H200_nominal_tnative,,T021,20,2000,400,200,raw/v14_114.npz
maxsinr_ttt_N2000_K400_H200_nominal_tnative,,T022,21,2000,400,200,raw/v14_114.npz
maxsinr_ttt_N2000_K400_H200_nominal_tnative,,T023,22,2000,400,200,raw/v14_114.npz
maxsinr_ttt_N2000_K400_H200_nominal_tnative,,T024,23,2000,400,200,raw/v14_114.npz
maxsinr_ttt_N2000_K400_H200_nominal_tnative,,T025,24,2000,400,200,raw/v14_114.npz
maxsinr_ttt_N2000_K400_H200_nominal_tnative,,T026,25,2000,400,200,raw/v14_114.npz
maxsinr_ttt_N2000_K400_H200_nominal_tnative,,T027,26,2000,400,200,raw/v14_114.npz
maxsinr_ttt_N2000_K400_H200_nominal_tnative,,T028,27,2000,400,200,raw/v14_114.npz
maxsinr_ttt_N2000_K400_H200_nominal_tnative,,T029,28,2000,400,200,raw/v14_114.npz
maxsinr_ttt_N2000_K400_H200_nominal_tnative,,T030,29,2000,400,200,raw/v14_114.npz
maxsinr_ttt_N2000_K500_H200_nominal_tnative,,T001,0,2000,500,200,raw/v14_115.npz
maxsinr_ttt_N2000_K500_H200_nominal_tnative,,T002,1,2000,500,200,raw/v14_115.npz
maxsinr_ttt_N2000_K500_H200_nominal_tnative,,T003,2,2000,500,200,raw/v14_115.npz
maxsinr_ttt_N2000_K500_H200_nominal_tnative,,T004,3,2000,500,200,raw/v14_115.npz
maxsinr_ttt_N2000_K500_H200_nominal_tnative,,T005,4,2000,500,200,raw/v14_115.npz
maxsinr_ttt_N2000_K500_H200_nominal_tnative,,T006,5,2000,500,200,raw/v14_115.npz
maxsinr_ttt_N2000_K500_H200_nominal_tnative,,T007,6,2000,500,200,raw/v14_115.npz
maxsinr_ttt_N2000_K500_H200_nominal_tnative,,T008,7,2000,500,200,raw/v14_115.npz
maxsinr_ttt_N2000_K500_H200_nominal_tnative,,T009,8,2000,500,200,raw/v14_115.npz
maxsinr_ttt_N2000_K500_H200_nominal_tnative,,T010,9,2000,500,200,raw/v14_115.npz
maxsinr_ttt_N2000_K500_H200_nominal_tnative,,T011,10,2000,500,200,raw/v14_115.npz
maxsinr_ttt_N2000_K500_H200_nominal_tnative,,T012,11,2000,500,200,raw/v14_115.npz
maxsinr_ttt_N2000_K500_H200_nominal_tnative,,T013,12,2000,500,200,raw/v14_115.npz
maxsinr_ttt_N2000_K500_H200_nominal_tnative,,T014,13,2000,500,200,raw/v14_115.npz
maxsinr_ttt_N2000_K500_H200_nominal_tnative,,T015,14,2000,500,200,raw/v14_115.npz
maxsinr_ttt_N2000_K500_H200_nominal_tnative,,T016,15,2000,500,200,raw/v14_115.npz
maxsinr_ttt_N2000_K500_H200_nominal_tnative,,T017,16,2000,500,200,raw/v14_115.npz
maxsinr_ttt_N2000_K500_H200_nominal_tnative,,T018,17,2000,500,200,raw/v14_115.npz
maxsinr_ttt_N2000_K500_H200_nominal_tnative,,T019,18,2000,500,200,raw/v14_115.npz
maxsinr_ttt_N2000_K500_H200_nominal_tnative,,T020,19,2000,500,200,raw/v14_115.npz
maxsinr_ttt_N2000_K500_H200_nominal_tnative,,T021,20,2000,500,200,raw/v14_115.npz
maxsinr_ttt_N2000_K500_H200_nominal_tnative,,T022,21,2000,500,200,raw/v14_115.npz
maxsinr_ttt_N2000_K500_H200_nominal_tnative,,T023,22,2000,500,200,raw/v14_115.npz
maxsinr_ttt_N2000_K500_H200_nominal_tnative,,T024,23,2000,500,200,raw/v14_115.npz
maxsinr_ttt_N2000_K500_H200_nominal_tnative,,T025,24,2000,500,200,raw/v14_115.npz
maxsinr_ttt_N2000_K500_H200_nominal_tnative,,T026,25,2000,500,200,raw/v14_115.npz
maxsinr_ttt_N2000_K500_H200_nominal_tnative,,T027,26,2000,500,200,raw/v14_115.npz
maxsinr_ttt_N2000_K500_H200_nominal_tnative,,T028,27,2000,500,200,raw/v14_115.npz
maxsinr_ttt_N2000_K500_H200_nominal_tnative,,T029,28,2000,500,200,raw/v14_115.npz
maxsinr_ttt_N2000_K500_H200_nominal_tnative,,T030,29,2000,500,200,raw/v14_115.npz
maxrst_N2000_K100_H50_nominal_tnative,,T001,0,2000,100,50,raw/v14_116.npz
maxrst_N2000_K100_H50_nominal_tnative,,T002,1,2000,100,50,raw/v14_116.npz
maxrst_N2000_K100_H50_nominal_tnative,,T003,2,2000,100,50,raw/v14_116.npz
maxrst_N2000_K100_H50_nominal_tnative,,T004,3,2000,100,50,raw/v14_116.npz
maxrst_N2000_K100_H50_nominal_tnative,,T005,4,2000,100,50,raw/v14_116.npz
maxrst_N2000_K100_H50_nominal_tnative,,T006,5,2000,100,50,raw/v14_116.npz
maxrst_N2000_K100_H50_nominal_tnative,,T007,6,2000,100,50,raw/v14_116.npz
maxrst_N2000_K100_H50_nominal_tnative,,T008,7,2000,100,50,raw/v14_116.npz
maxrst_N2000_K100_H50_nominal_tnative,,T009,8,2000,100,50,raw/v14_116.npz
maxrst_N2000_K100_H50_nominal_tnative,,T010,9,2000,100,50,raw/v14_116.npz
maxrst_N2000_K100_H50_nominal_tnative,,T011,10,2000,100,50,raw/v14_116.npz
maxrst_N2000_K100_H50_nominal_tnative,,T012,11,2000,100,50,raw/v14_116.npz
maxrst_N2000_K100_H50_nominal_tnative,,T013,12,2000,100,50,raw/v14_116.npz
maxrst_N2000_K100_H50_nominal_tnative,,T014,13,2000,100,50,raw/v14_116.npz
maxrst_N2000_K100_H50_nominal_tnative,,T015,14,2000,100,50,raw/v14_116.npz
maxrst_N2000_K100_H50_nominal_tnative,,T016,15,2000,100,50,raw/v14_116.npz
maxrst_N2000_K100_H50_nominal_tnative,,T017,16,2000,100,50,raw/v14_116.npz
maxrst_N2000_K100_H50_nominal_tnative,,T018,17,2000,100,50,raw/v14_116.npz
maxrst_N2000_K100_H50_nominal_tnative,,T019,18,2000,100,50,raw/v14_116.npz
maxrst_N2000_K100_H50_nominal_tnative,,T020,19,2000,100,50,raw/v14_116.npz
maxrst_N2000_K100_H50_nominal_tnative,,T021,20,2000,100,50,raw/v14_116.npz
maxrst_N2000_K100_H50_nominal_tnative,,T022,21,2000,100,50,raw/v14_116.npz
maxrst_N2000_K100_H50_nominal_tnative,,T023,22,2000,100,50,raw/v14_116.npz
maxrst_N2000_K100_H50_nominal_tnative,,T024,23,2000,100,50,raw/v14_116.npz
maxrst_N2000_K100_H50_nominal_tnative,,T025,24,2000,100,50,raw/v14_116.npz
maxrst_N2000_K100_H50_nominal_tnative,,T026,25,2000,100,50,raw/v14_116.npz
maxrst_N2000_K100_H50_nominal_tnative,,T027,26,2000,100,50,raw/v14_116.npz
maxrst_N2000_K100_H50_nominal_tnative,,T028,27,2000,100,50,raw/v14_116.npz
maxrst_N2000_K100_H50_nominal_tnative,,T029,28,2000,100,50,raw/v14_116.npz
maxrst_N2000_K100_H50_nominal_tnative,,T030,29,2000,100,50,raw/v14_116.npz
maxrst_N2000_K100_H200_nominal_tnative,,T001,0,2000,100,200,raw/v14_116.npz
maxrst_N2000_K100_H200_nominal_tnative,,T002,1,2000,100,200,raw/v14_116.npz
maxrst_N2000_K100_H200_nominal_tnative,,T003,2,2000,100,200,raw/v14_116.npz
maxrst_N2000_K100_H200_nominal_tnative,,T004,3,2000,100,200,raw/v14_116.npz
maxrst_N2000_K100_H200_nominal_tnative,,T005,4,2000,100,200,raw/v14_116.npz
maxrst_N2000_K100_H200_nominal_tnative,,T006,5,2000,100,200,raw/v14_116.npz
maxrst_N2000_K100_H200_nominal_tnative,,T007,6,2000,100,200,raw/v14_116.npz
maxrst_N2000_K100_H200_nominal_tnative,,T008,7,2000,100,200,raw/v14_116.npz
maxrst_N2000_K100_H200_nominal_tnative,,T009,8,2000,100,200,raw/v14_116.npz
maxrst_N2000_K100_H200_nominal_tnative,,T010,9,2000,100,200,raw/v14_116.npz
maxrst_N2000_K100_H200_nominal_tnative,,T011,10,2000,100,200,raw/v14_116.npz
maxrst_N2000_K100_H200_nominal_tnative,,T012,11,2000,100,200,raw/v14_116.npz
maxrst_N2000_K100_H200_nominal_tnative,,T013,12,2000,100,200,raw/v14_116.npz
maxrst_N2000_K100_H200_nominal_tnative,,T014,13,2000,100,200,raw/v14_116.npz
maxrst_N2000_K100_H200_nominal_tnative,,T015,14,2000,100,200,raw/v14_116.npz
maxrst_N2000_K100_H200_nominal_tnative,,T016,15,2000,100,200,raw/v14_116.npz
maxrst_N2000_K100_H200_nominal_tnative,,T017,16,2000,100,200,raw/v14_116.npz
maxrst_N2000_K100_H200_nominal_tnative,,T018,17,2000,100,200,raw/v14_116.npz
maxrst_N2000_K100_H200_nominal_tnative,,T019,18,2000,100,200,raw/v14_116.npz
maxrst_N2000_K100_H200_nominal_tnative,,T020,19,2000,100,200,raw/v14_116.npz
maxrst_N2000_K100_H200_nominal_tnative,,T021,20,2000,100,200,raw/v14_116.npz
maxrst_N2000_K100_H200_nominal_tnative,,T022,21,2000,100,200,raw/v14_116.npz
maxrst_N2000_K100_H200_nominal_tnative,,T023,22,2000,100,200,raw/v14_116.npz
maxrst_N2000_K100_H200_nominal_tnative,,T024,23,2000,100,200,raw/v14_116.npz
maxrst_N2000_K100_H200_nominal_tnative,,T025,24,2000,100,200,raw/v14_116.npz
maxrst_N2000_K100_H200_nominal_tnative,,T026,25,2000,100,200,raw/v14_116.npz
maxrst_N2000_K100_H200_nominal_tnative,,T027,26,2000,100,200,raw/v14_116.npz
maxrst_N2000_K100_H200_nominal_tnative,,T028,27,2000,100,200,raw/v14_116.npz
maxrst_N2000_K100_H200_nominal_tnative,,T029,28,2000,100,200,raw/v14_116.npz
maxrst_N2000_K100_H200_nominal_tnative,,T030,29,2000,100,200,raw/v14_116.npz
maxrst_N2000_K100_H800_nominal_tnative,,T001,0,2000,100,800,raw/v14_116.npz
maxrst_N2000_K100_H800_nominal_tnative,,T002,1,2000,100,800,raw/v14_116.npz
maxrst_N2000_K100_H800_nominal_tnative,,T003,2,2000,100,800,raw/v14_116.npz
maxrst_N2000_K100_H800_nominal_tnative,,T004,3,2000,100,800,raw/v14_116.npz
maxrst_N2000_K100_H800_nominal_tnative,,T005,4,2000,100,800,raw/v14_116.npz
maxrst_N2000_K100_H800_nominal_tnative,,T006,5,2000,100,800,raw/v14_116.npz
maxrst_N2000_K100_H800_nominal_tnative,,T007,6,2000,100,800,raw/v14_116.npz
maxrst_N2000_K100_H800_nominal_tnative,,T008,7,2000,100,800,raw/v14_116.npz
maxrst_N2000_K100_H800_nominal_tnative,,T009,8,2000,100,800,raw/v14_116.npz
maxrst_N2000_K100_H800_nominal_tnative,,T010,9,2000,100,800,raw/v14_116.npz
maxrst_N2000_K100_H800_nominal_tnative,,T011,10,2000,100,800,raw/v14_116.npz
maxrst_N2000_K100_H800_nominal_tnative,,T012,11,2000,100,800,raw/v14_116.npz
maxrst_N2000_K100_H800_nominal_tnative,,T013,12,2000,100,800,raw/v14_116.npz
maxrst_N2000_K100_H800_nominal_tnative,,T014,13,2000,100,800,raw/v14_116.npz
maxrst_N2000_K100_H800_nominal_tnative,,T015,14,2000,100,800,raw/v14_116.npz
maxrst_N2000_K100_H800_nominal_tnative,,T016,15,2000,100,800,raw/v14_116.npz
maxrst_N2000_K100_H800_nominal_tnative,,T017,16,2000,100,800,raw/v14_116.npz
maxrst_N2000_K100_H800_nominal_tnative,,T018,17,2000,100,800,raw/v14_116.npz
maxrst_N2000_K100_H800_nominal_tnative,,T019,18,2000,100,800,raw/v14_116.npz
maxrst_N2000_K100_H800_nominal_tnative,,T020,19,2000,100,800,raw/v14_116.npz
maxrst_N2000_K100_H800_nominal_tnative,,T021,20,2000,100,800,raw/v14_116.npz
maxrst_N2000_K100_H800_nominal_tnative,,T022,21,2000,100,800,raw/v14_116.npz
maxrst_N2000_K100_H800_nominal_tnative,,T023,22,2000,100,800,raw/v14_116.npz
maxrst_N2000_K100_H800_nominal_tnative,,T024,23,2000,100,800,raw/v14_116.npz
maxrst_N2000_K100_H800_nominal_tnative,,T025,24,2000,100,800,raw/v14_116.npz
maxrst_N2000_K100_H800_nominal_tnative,,T026,25,2000,100,800,raw/v14_116.npz
maxrst_N2000_K100_H800_nominal_tnative,,T027,26,2000,100,800,raw/v14_116.npz
maxrst_N2000_K100_H800_nominal_tnative,,T028,27,2000,100,800,raw/v14_116.npz
maxrst_N2000_K100_H800_nominal_tnative,,T029,28,2000,100,800,raw/v14_116.npz
maxrst_N2000_K100_H800_nominal_tnative,,T030,29,2000,100,800,raw/v14_116.npz
maxrst_N2000_K200_H200_nominal_tnative,,T001,0,2000,200,200,raw/v14_117.npz
maxrst_N2000_K200_H200_nominal_tnative,,T002,1,2000,200,200,raw/v14_117.npz
maxrst_N2000_K200_H200_nominal_tnative,,T003,2,2000,200,200,raw/v14_117.npz
maxrst_N2000_K200_H200_nominal_tnative,,T004,3,2000,200,200,raw/v14_117.npz
maxrst_N2000_K200_H200_nominal_tnative,,T005,4,2000,200,200,raw/v14_117.npz
maxrst_N2000_K200_H200_nominal_tnative,,T006,5,2000,200,200,raw/v14_117.npz
maxrst_N2000_K200_H200_nominal_tnative,,T007,6,2000,200,200,raw/v14_117.npz
maxrst_N2000_K200_H200_nominal_tnative,,T008,7,2000,200,200,raw/v14_117.npz
maxrst_N2000_K200_H200_nominal_tnative,,T009,8,2000,200,200,raw/v14_117.npz
maxrst_N2000_K200_H200_nominal_tnative,,T010,9,2000,200,200,raw/v14_117.npz
maxrst_N2000_K200_H200_nominal_tnative,,T011,10,2000,200,200,raw/v14_117.npz
maxrst_N2000_K200_H200_nominal_tnative,,T012,11,2000,200,200,raw/v14_117.npz
maxrst_N2000_K200_H200_nominal_tnative,,T013,12,2000,200,200,raw/v14_117.npz
maxrst_N2000_K200_H200_nominal_tnative,,T014,13,2000,200,200,raw/v14_117.npz
maxrst_N2000_K200_H200_nominal_tnative,,T015,14,2000,200,200,raw/v14_117.npz
maxrst_N2000_K200_H200_nominal_tnative,,T016,15,2000,200,200,raw/v14_117.npz
maxrst_N2000_K200_H200_nominal_tnative,,T017,16,2000,200,200,raw/v14_117.npz
maxrst_N2000_K200_H200_nominal_tnative,,T018,17,2000,200,200,raw/v14_117.npz
maxrst_N2000_K200_H200_nominal_tnative,,T019,18,2000,200,200,raw/v14_117.npz
maxrst_N2000_K200_H200_nominal_tnative,,T020,19,2000,200,200,raw/v14_117.npz
maxrst_N2000_K200_H200_nominal_tnative,,T021,20,2000,200,200,raw/v14_117.npz
maxrst_N2000_K200_H200_nominal_tnative,,T022,21,2000,200,200,raw/v14_117.npz
maxrst_N2000_K200_H200_nominal_tnative,,T023,22,2000,200,200,raw/v14_117.npz
maxrst_N2000_K200_H200_nominal_tnative,,T024,23,2000,200,200,raw/v14_117.npz
maxrst_N2000_K200_H200_nominal_tnative,,T025,24,2000,200,200,raw/v14_117.npz
maxrst_N2000_K200_H200_nominal_tnative,,T026,25,2000,200,200,raw/v14_117.npz
maxrst_N2000_K200_H200_nominal_tnative,,T027,26,2000,200,200,raw/v14_117.npz
maxrst_N2000_K200_H200_nominal_tnative,,T028,27,2000,200,200,raw/v14_117.npz
maxrst_N2000_K200_H200_nominal_tnative,,T029,28,2000,200,200,raw/v14_117.npz
maxrst_N2000_K200_H200_nominal_tnative,,T030,29,2000,200,200,raw/v14_117.npz
maxrst_N2000_K300_H200_nominal_tnative,,T001,0,2000,300,200,raw/v14_118.npz
maxrst_N2000_K300_H200_nominal_tnative,,T002,1,2000,300,200,raw/v14_118.npz
maxrst_N2000_K300_H200_nominal_tnative,,T003,2,2000,300,200,raw/v14_118.npz
maxrst_N2000_K300_H200_nominal_tnative,,T004,3,2000,300,200,raw/v14_118.npz
maxrst_N2000_K300_H200_nominal_tnative,,T005,4,2000,300,200,raw/v14_118.npz
maxrst_N2000_K300_H200_nominal_tnative,,T006,5,2000,300,200,raw/v14_118.npz
maxrst_N2000_K300_H200_nominal_tnative,,T007,6,2000,300,200,raw/v14_118.npz
maxrst_N2000_K300_H200_nominal_tnative,,T008,7,2000,300,200,raw/v14_118.npz
maxrst_N2000_K300_H200_nominal_tnative,,T009,8,2000,300,200,raw/v14_118.npz
maxrst_N2000_K300_H200_nominal_tnative,,T010,9,2000,300,200,raw/v14_118.npz
maxrst_N2000_K300_H200_nominal_tnative,,T011,10,2000,300,200,raw/v14_118.npz
maxrst_N2000_K300_H200_nominal_tnative,,T012,11,2000,300,200,raw/v14_118.npz
maxrst_N2000_K300_H200_nominal_tnative,,T013,12,2000,300,200,raw/v14_118.npz
maxrst_N2000_K300_H200_nominal_tnative,,T014,13,2000,300,200,raw/v14_118.npz
maxrst_N2000_K300_H200_nominal_tnative,,T015,14,2000,300,200,raw/v14_118.npz
maxrst_N2000_K300_H200_nominal_tnative,,T016,15,2000,300,200,raw/v14_118.npz
maxrst_N2000_K300_H200_nominal_tnative,,T017,16,2000,300,200,raw/v14_118.npz
maxrst_N2000_K300_H200_nominal_tnative,,T018,17,2000,300,200,raw/v14_118.npz
maxrst_N2000_K300_H200_nominal_tnative,,T019,18,2000,300,200,raw/v14_118.npz
maxrst_N2000_K300_H200_nominal_tnative,,T020,19,2000,300,200,raw/v14_118.npz
maxrst_N2000_K300_H200_nominal_tnative,,T021,20,2000,300,200,raw/v14_118.npz
maxrst_N2000_K300_H200_nominal_tnative,,T022,21,2000,300,200,raw/v14_118.npz
maxrst_N2000_K300_H200_nominal_tnative,,T023,22,2000,300,200,raw/v14_118.npz
maxrst_N2000_K300_H200_nominal_tnative,,T024,23,2000,300,200,raw/v14_118.npz
maxrst_N2000_K300_H200_nominal_tnative,,T025,24,2000,300,200,raw/v14_118.npz
maxrst_N2000_K300_H200_nominal_tnative,,T026,25,2000,300,200,raw/v14_118.npz
maxrst_N2000_K300_H200_nominal_tnative,,T027,26,2000,300,200,raw/v14_118.npz
maxrst_N2000_K300_H200_nominal_tnative,,T028,27,2000,300,200,raw/v14_118.npz
maxrst_N2000_K300_H200_nominal_tnative,,T029,28,2000,300,200,raw/v14_118.npz
maxrst_N2000_K300_H200_nominal_tnative,,T030,29,2000,300,200,raw/v14_118.npz
maxrst_N2000_K400_H200_nominal_tnative,,T001,0,2000,400,200,raw/v14_119.npz
maxrst_N2000_K400_H200_nominal_tnative,,T002,1,2000,400,200,raw/v14_119.npz
maxrst_N2000_K400_H200_nominal_tnative,,T003,2,2000,400,200,raw/v14_119.npz
maxrst_N2000_K400_H200_nominal_tnative,,T004,3,2000,400,200,raw/v14_119.npz
maxrst_N2000_K400_H200_nominal_tnative,,T005,4,2000,400,200,raw/v14_119.npz
maxrst_N2000_K400_H200_nominal_tnative,,T006,5,2000,400,200,raw/v14_119.npz
maxrst_N2000_K400_H200_nominal_tnative,,T007,6,2000,400,200,raw/v14_119.npz
maxrst_N2000_K400_H200_nominal_tnative,,T008,7,2000,400,200,raw/v14_119.npz
maxrst_N2000_K400_H200_nominal_tnative,,T009,8,2000,400,200,raw/v14_119.npz
maxrst_N2000_K400_H200_nominal_tnative,,T010,9,2000,400,200,raw/v14_119.npz
maxrst_N2000_K400_H200_nominal_tnative,,T011,10,2000,400,200,raw/v14_119.npz
maxrst_N2000_K400_H200_nominal_tnative,,T012,11,2000,400,200,raw/v14_119.npz
maxrst_N2000_K400_H200_nominal_tnative,,T013,12,2000,400,200,raw/v14_119.npz
maxrst_N2000_K400_H200_nominal_tnative,,T014,13,2000,400,200,raw/v14_119.npz
maxrst_N2000_K400_H200_nominal_tnative,,T015,14,2000,400,200,raw/v14_119.npz
maxrst_N2000_K400_H200_nominal_tnative,,T016,15,2000,400,200,raw/v14_119.npz
maxrst_N2000_K400_H200_nominal_tnative,,T017,16,2000,400,200,raw/v14_119.npz
maxrst_N2000_K400_H200_nominal_tnative,,T018,17,2000,400,200,raw/v14_119.npz
maxrst_N2000_K400_H200_nominal_tnative,,T019,18,2000,400,200,raw/v14_119.npz
maxrst_N2000_K400_H200_nominal_tnative,,T020,19,2000,400,200,raw/v14_119.npz
maxrst_N2000_K400_H200_nominal_tnative,,T021,20,2000,400,200,raw/v14_119.npz
maxrst_N2000_K400_H200_nominal_tnative,,T022,21,2000,400,200,raw/v14_119.npz
maxrst_N2000_K400_H200_nominal_tnative,,T023,22,2000,400,200,raw/v14_119.npz
maxrst_N2000_K400_H200_nominal_tnative,,T024,23,2000,400,200,raw/v14_119.npz
maxrst_N2000_K400_H200_nominal_tnative,,T025,24,2000,400,200,raw/v14_119.npz
maxrst_N2000_K400_H200_nominal_tnative,,T026,25,2000,400,200,raw/v14_119.npz
maxrst_N2000_K400_H200_nominal_tnative,,T027,26,2000,400,200,raw/v14_119.npz
maxrst_N2000_K400_H200_nominal_tnative,,T028,27,2000,400,200,raw/v14_119.npz
maxrst_N2000_K400_H200_nominal_tnative,,T029,28,2000,400,200,raw/v14_119.npz
maxrst_N2000_K400_H200_nominal_tnative,,T030,29,2000,400,200,raw/v14_119.npz
maxrst_N2000_K500_H200_nominal_tnative,,T001,0,2000,500,200,raw/v14_120.npz
maxrst_N2000_K500_H200_nominal_tnative,,T002,1,2000,500,200,raw/v14_120.npz
maxrst_N2000_K500_H200_nominal_tnative,,T003,2,2000,500,200,raw/v14_120.npz
maxrst_N2000_K500_H200_nominal_tnative,,T004,3,2000,500,200,raw/v14_120.npz
maxrst_N2000_K500_H200_nominal_tnative,,T005,4,2000,500,200,raw/v14_120.npz
maxrst_N2000_K500_H200_nominal_tnative,,T006,5,2000,500,200,raw/v14_120.npz
maxrst_N2000_K500_H200_nominal_tnative,,T007,6,2000,500,200,raw/v14_120.npz
maxrst_N2000_K500_H200_nominal_tnative,,T008,7,2000,500,200,raw/v14_120.npz
maxrst_N2000_K500_H200_nominal_tnative,,T009,8,2000,500,200,raw/v14_120.npz
maxrst_N2000_K500_H200_nominal_tnative,,T010,9,2000,500,200,raw/v14_120.npz
maxrst_N2000_K500_H200_nominal_tnative,,T011,10,2000,500,200,raw/v14_120.npz
maxrst_N2000_K500_H200_nominal_tnative,,T012,11,2000,500,200,raw/v14_120.npz
maxrst_N2000_K500_H200_nominal_tnative,,T013,12,2000,500,200,raw/v14_120.npz
maxrst_N2000_K500_H200_nominal_tnative,,T014,13,2000,500,200,raw/v14_120.npz
maxrst_N2000_K500_H200_nominal_tnative,,T015,14,2000,500,200,raw/v14_120.npz
maxrst_N2000_K500_H200_nominal_tnative,,T016,15,2000,500,200,raw/v14_120.npz
maxrst_N2000_K500_H200_nominal_tnative,,T017,16,2000,500,200,raw/v14_120.npz
maxrst_N2000_K500_H200_nominal_tnative,,T018,17,2000,500,200,raw/v14_120.npz
maxrst_N2000_K500_H200_nominal_tnative,,T019,18,2000,500,200,raw/v14_120.npz
maxrst_N2000_K500_H200_nominal_tnative,,T020,19,2000,500,200,raw/v14_120.npz
maxrst_N2000_K500_H200_nominal_tnative,,T021,20,2000,500,200,raw/v14_120.npz
maxrst_N2000_K500_H200_nominal_tnative,,T022,21,2000,500,200,raw/v14_120.npz
maxrst_N2000_K500_H200_nominal_tnative,,T023,22,2000,500,200,raw/v14_120.npz
maxrst_N2000_K500_H200_nominal_tnative,,T024,23,2000,500,200,raw/v14_120.npz
maxrst_N2000_K500_H200_nominal_tnative,,T025,24,2000,500,200,raw/v14_120.npz
maxrst_N2000_K500_H200_nominal_tnative,,T026,25,2000,500,200,raw/v14_120.npz
maxrst_N2000_K500_H200_nominal_tnative,,T027,26,2000,500,200,raw/v14_120.npz
maxrst_N2000_K500_H200_nominal_tnative,,T028,27,2000,500,200,raw/v14_120.npz
maxrst_N2000_K500_H200_nominal_tnative,,T029,28,2000,500,200,raw/v14_120.npz
maxrst_N2000_K500_H200_nominal_tnative,,T030,29,2000,500,200,raw/v14_120.npz
cox_only_N2000_K100_H50_nominal_t0p05,,T001,0,2000,100,50,raw/v14_121.npz
cox_only_N2000_K100_H50_nominal_t0p05,,T002,1,2000,100,50,raw/v14_121.npz
cox_only_N2000_K100_H50_nominal_t0p05,,T003,2,2000,100,50,raw/v14_121.npz
cox_only_N2000_K100_H50_nominal_t0p05,,T004,3,2000,100,50,raw/v14_121.npz
cox_only_N2000_K100_H50_nominal_t0p05,,T005,4,2000,100,50,raw/v14_121.npz
cox_only_N2000_K100_H50_nominal_t0p05,,T006,5,2000,100,50,raw/v14_121.npz
cox_only_N2000_K100_H50_nominal_t0p05,,T007,6,2000,100,50,raw/v14_121.npz
cox_only_N2000_K100_H50_nominal_t0p05,,T008,7,2000,100,50,raw/v14_121.npz
cox_only_N2000_K100_H50_nominal_t0p05,,T009,8,2000,100,50,raw/v14_121.npz
cox_only_N2000_K100_H50_nominal_t0p05,,T010,9,2000,100,50,raw/v14_121.npz
cox_only_N2000_K100_H50_nominal_t0p05,,T011,10,2000,100,50,raw/v14_121.npz
cox_only_N2000_K100_H50_nominal_t0p05,,T012,11,2000,100,50,raw/v14_121.npz
cox_only_N2000_K100_H50_nominal_t0p05,,T013,12,2000,100,50,raw/v14_121.npz
cox_only_N2000_K100_H50_nominal_t0p05,,T014,13,2000,100,50,raw/v14_121.npz
cox_only_N2000_K100_H50_nominal_t0p05,,T015,14,2000,100,50,raw/v14_121.npz
cox_only_N2000_K100_H50_nominal_t0p05,,T016,15,2000,100,50,raw/v14_121.npz
cox_only_N2000_K100_H50_nominal_t0p05,,T017,16,2000,100,50,raw/v14_121.npz
cox_only_N2000_K100_H50_nominal_t0p05,,T018,17,2000,100,50,raw/v14_121.npz
cox_only_N2000_K100_H50_nominal_t0p05,,T019,18,2000,100,50,raw/v14_121.npz
cox_only_N2000_K100_H50_nominal_t0p05,,T020,19,2000,100,50,raw/v14_121.npz
cox_only_N2000_K100_H50_nominal_t0p05,,T021,20,2000,100,50,raw/v14_121.npz
cox_only_N2000_K100_H50_nominal_t0p05,,T022,21,2000,100,50,raw/v14_121.npz
cox_only_N2000_K100_H50_nominal_t0p05,,T023,22,2000,100,50,raw/v14_121.npz
cox_only_N2000_K100_H50_nominal_t0p05,,T024,23,2000,100,50,raw/v14_121.npz
cox_only_N2000_K100_H50_nominal_t0p05,,T025,24,2000,100,50,raw/v14_121.npz
cox_only_N2000_K100_H50_nominal_t0p05,,T026,25,2000,100,50,raw/v14_121.npz
cox_only_N2000_K100_H50_nominal_t0p05,,T027,26,2000,100,50,raw/v14_121.npz
cox_only_N2000_K100_H50_nominal_t0p05,,T028,27,2000,100,50,raw/v14_121.npz
cox_only_N2000_K100_H50_nominal_t0p05,,T029,28,2000,100,50,raw/v14_121.npz
cox_only_N2000_K100_H50_nominal_t0p05,,T030,29,2000,100,50,raw/v14_121.npz
cox_only_N2000_K100_H200_nominal_t0p05,,T001,0,2000,100,200,raw/v14_121.npz
cox_only_N2000_K100_H200_nominal_t0p05,,T002,1,2000,100,200,raw/v14_121.npz
cox_only_N2000_K100_H200_nominal_t0p05,,T003,2,2000,100,200,raw/v14_121.npz
cox_only_N2000_K100_H200_nominal_t0p05,,T004,3,2000,100,200,raw/v14_121.npz
cox_only_N2000_K100_H200_nominal_t0p05,,T005,4,2000,100,200,raw/v14_121.npz
cox_only_N2000_K100_H200_nominal_t0p05,,T006,5,2000,100,200,raw/v14_121.npz
cox_only_N2000_K100_H200_nominal_t0p05,,T007,6,2000,100,200,raw/v14_121.npz
cox_only_N2000_K100_H200_nominal_t0p05,,T008,7,2000,100,200,raw/v14_121.npz
cox_only_N2000_K100_H200_nominal_t0p05,,T009,8,2000,100,200,raw/v14_121.npz
cox_only_N2000_K100_H200_nominal_t0p05,,T010,9,2000,100,200,raw/v14_121.npz
cox_only_N2000_K100_H200_nominal_t0p05,,T011,10,2000,100,200,raw/v14_121.npz
cox_only_N2000_K100_H200_nominal_t0p05,,T012,11,2000,100,200,raw/v14_121.npz
cox_only_N2000_K100_H200_nominal_t0p05,,T013,12,2000,100,200,raw/v14_121.npz
cox_only_N2000_K100_H200_nominal_t0p05,,T014,13,2000,100,200,raw/v14_121.npz
cox_only_N2000_K100_H200_nominal_t0p05,,T015,14,2000,100,200,raw/v14_121.npz
cox_only_N2000_K100_H200_nominal_t0p05,,T016,15,2000,100,200,raw/v14_121.npz
cox_only_N2000_K100_H200_nominal_t0p05,,T017,16,2000,100,200,raw/v14_121.npz
cox_only_N2000_K100_H200_nominal_t0p05,,T018,17,2000,100,200,raw/v14_121.npz
cox_only_N2000_K100_H200_nominal_t0p05,,T019,18,2000,100,200,raw/v14_121.npz
cox_only_N2000_K100_H200_nominal_t0p05,,T020,19,2000,100,200,raw/v14_121.npz
cox_only_N2000_K100_H200_nominal_t0p05,,T021,20,2000,100,200,raw/v14_121.npz
cox_only_N2000_K100_H200_nominal_t0p05,,T022,21,2000,100,200,raw/v14_121.npz
cox_only_N2000_K100_H200_nominal_t0p05,,T023,22,2000,100,200,raw/v14_121.npz
cox_only_N2000_K100_H200_nominal_t0p05,,T024,23,2000,100,200,raw/v14_121.npz
cox_only_N2000_K100_H200_nominal_t0p05,,T025,24,2000,100,200,raw/v14_121.npz
cox_only_N2000_K100_H200_nominal_t0p05,,T026,25,2000,100,200,raw/v14_121.npz
cox_only_N2000_K100_H200_nominal_t0p05,,T027,26,2000,100,200,raw/v14_121.npz
cox_only_N2000_K100_H200_nominal_t0p05,,T028,27,2000,100,200,raw/v14_121.npz
cox_only_N2000_K100_H200_nominal_t0p05,,T029,28,2000,100,200,raw/v14_121.npz
cox_only_N2000_K100_H200_nominal_t0p05,,T030,29,2000,100,200,raw/v14_121.npz
cox_only_N2000_K100_H800_nominal_t0p05,,T001,0,2000,100,800,raw/v14_121.npz
cox_only_N2000_K100_H800_nominal_t0p05,,T002,1,2000,100,800,raw/v14_121.npz
cox_only_N2000_K100_H800_nominal_t0p05,,T003,2,2000,100,800,raw/v14_121.npz
cox_only_N2000_K100_H800_nominal_t0p05,,T004,3,2000,100,800,raw/v14_121.npz
cox_only_N2000_K100_H800_nominal_t0p05,,T005,4,2000,100,800,raw/v14_121.npz
cox_only_N2000_K100_H800_nominal_t0p05,,T006,5,2000,100,800,raw/v14_121.npz
cox_only_N2000_K100_H800_nominal_t0p05,,T007,6,2000,100,800,raw/v14_121.npz
cox_only_N2000_K100_H800_nominal_t0p05,,T008,7,2000,100,800,raw/v14_121.npz
cox_only_N2000_K100_H800_nominal_t0p05,,T009,8,2000,100,800,raw/v14_121.npz
cox_only_N2000_K100_H800_nominal_t0p05,,T010,9,2000,100,800,raw/v14_121.npz
cox_only_N2000_K100_H800_nominal_t0p05,,T011,10,2000,100,800,raw/v14_121.npz
cox_only_N2000_K100_H800_nominal_t0p05,,T012,11,2000,100,800,raw/v14_121.npz
cox_only_N2000_K100_H800_nominal_t0p05,,T013,12,2000,100,800,raw/v14_121.npz
cox_only_N2000_K100_H800_nominal_t0p05,,T014,13,2000,100,800,raw/v14_121.npz
cox_only_N2000_K100_H800_nominal_t0p05,,T015,14,2000,100,800,raw/v14_121.npz
cox_only_N2000_K100_H800_nominal_t0p05,,T016,15,2000,100,800,raw/v14_121.npz
cox_only_N2000_K100_H800_nominal_t0p05,,T017,16,2000,100,800,raw/v14_121.npz
cox_only_N2000_K100_H800_nominal_t0p05,,T018,17,2000,100,800,raw/v14_121.npz
cox_only_N2000_K100_H800_nominal_t0p05,,T019,18,2000,100,800,raw/v14_121.npz
cox_only_N2000_K100_H800_nominal_t0p05,,T020,19,2000,100,800,raw/v14_121.npz
cox_only_N2000_K100_H800_nominal_t0p05,,T021,20,2000,100,800,raw/v14_121.npz
cox_only_N2000_K100_H800_nominal_t0p05,,T022,21,2000,100,800,raw/v14_121.npz
cox_only_N2000_K100_H800_nominal_t0p05,,T023,22,2000,100,800,raw/v14_121.npz
cox_only_N2000_K100_H800_nominal_t0p05,,T024,23,2000,100,800,raw/v14_121.npz
cox_only_N2000_K100_H800_nominal_t0p05,,T025,24,2000,100,800,raw/v14_121.npz
cox_only_N2000_K100_H800_nominal_t0p05,,T026,25,2000,100,800,raw/v14_121.npz
cox_only_N2000_K100_H800_nominal_t0p05,,T027,26,2000,100,800,raw/v14_121.npz
cox_only_N2000_K100_H800_nominal_t0p05,,T028,27,2000,100,800,raw/v14_121.npz
cox_only_N2000_K100_H800_nominal_t0p05,,T029,28,2000,100,800,raw/v14_121.npz
cox_only_N2000_K100_H800_nominal_t0p05,,T030,29,2000,100,800,raw/v14_121.npz
cox_only_N2000_K200_H200_nominal_t0p05,,T001,0,2000,200,200,raw/v14_122.npz
cox_only_N2000_K200_H200_nominal_t0p05,,T002,1,2000,200,200,raw/v14_122.npz
cox_only_N2000_K200_H200_nominal_t0p05,,T003,2,2000,200,200,raw/v14_122.npz
cox_only_N2000_K200_H200_nominal_t0p05,,T004,3,2000,200,200,raw/v14_122.npz
cox_only_N2000_K200_H200_nominal_t0p05,,T005,4,2000,200,200,raw/v14_122.npz
cox_only_N2000_K200_H200_nominal_t0p05,,T006,5,2000,200,200,raw/v14_122.npz
cox_only_N2000_K200_H200_nominal_t0p05,,T007,6,2000,200,200,raw/v14_122.npz
cox_only_N2000_K200_H200_nominal_t0p05,,T008,7,2000,200,200,raw/v14_122.npz
cox_only_N2000_K200_H200_nominal_t0p05,,T009,8,2000,200,200,raw/v14_122.npz
cox_only_N2000_K200_H200_nominal_t0p05,,T010,9,2000,200,200,raw/v14_122.npz
cox_only_N2000_K200_H200_nominal_t0p05,,T011,10,2000,200,200,raw/v14_122.npz
cox_only_N2000_K200_H200_nominal_t0p05,,T012,11,2000,200,200,raw/v14_122.npz
cox_only_N2000_K200_H200_nominal_t0p05,,T013,12,2000,200,200,raw/v14_122.npz
cox_only_N2000_K200_H200_nominal_t0p05,,T014,13,2000,200,200,raw/v14_122.npz
cox_only_N2000_K200_H200_nominal_t0p05,,T015,14,2000,200,200,raw/v14_122.npz
cox_only_N2000_K200_H200_nominal_t0p05,,T016,15,2000,200,200,raw/v14_122.npz
cox_only_N2000_K200_H200_nominal_t0p05,,T017,16,2000,200,200,raw/v14_122.npz
cox_only_N2000_K200_H200_nominal_t0p05,,T018,17,2000,200,200,raw/v14_122.npz
cox_only_N2000_K200_H200_nominal_t0p05,,T019,18,2000,200,200,raw/v14_122.npz
cox_only_N2000_K200_H200_nominal_t0p05,,T020,19,2000,200,200,raw/v14_122.npz
cox_only_N2000_K200_H200_nominal_t0p05,,T021,20,2000,200,200,raw/v14_122.npz
cox_only_N2000_K200_H200_nominal_t0p05,,T022,21,2000,200,200,raw/v14_122.npz
cox_only_N2000_K200_H200_nominal_t0p05,,T023,22,2000,200,200,raw/v14_122.npz
cox_only_N2000_K200_H200_nominal_t0p05,,T024,23,2000,200,200,raw/v14_122.npz
cox_only_N2000_K200_H200_nominal_t0p05,,T025,24,2000,200,200,raw/v14_122.npz
cox_only_N2000_K200_H200_nominal_t0p05,,T026,25,2000,200,200,raw/v14_122.npz
cox_only_N2000_K200_H200_nominal_t0p05,,T027,26,2000,200,200,raw/v14_122.npz
cox_only_N2000_K200_H200_nominal_t0p05,,T028,27,2000,200,200,raw/v14_122.npz
cox_only_N2000_K200_H200_nominal_t0p05,,T029,28,2000,200,200,raw/v14_122.npz
cox_only_N2000_K200_H200_nominal_t0p05,,T030,29,2000,200,200,raw/v14_122.npz
cox_only_N2000_K300_H200_nominal_t0p05,,T001,0,2000,300,200,raw/v14_123.npz
cox_only_N2000_K300_H200_nominal_t0p05,,T002,1,2000,300,200,raw/v14_123.npz
cox_only_N2000_K300_H200_nominal_t0p05,,T003,2,2000,300,200,raw/v14_123.npz
cox_only_N2000_K300_H200_nominal_t0p05,,T004,3,2000,300,200,raw/v14_123.npz
cox_only_N2000_K300_H200_nominal_t0p05,,T005,4,2000,300,200,raw/v14_123.npz
cox_only_N2000_K300_H200_nominal_t0p05,,T006,5,2000,300,200,raw/v14_123.npz
cox_only_N2000_K300_H200_nominal_t0p05,,T007,6,2000,300,200,raw/v14_123.npz
cox_only_N2000_K300_H200_nominal_t0p05,,T008,7,2000,300,200,raw/v14_123.npz
cox_only_N2000_K300_H200_nominal_t0p05,,T009,8,2000,300,200,raw/v14_123.npz
cox_only_N2000_K300_H200_nominal_t0p05,,T010,9,2000,300,200,raw/v14_123.npz
cox_only_N2000_K300_H200_nominal_t0p05,,T011,10,2000,300,200,raw/v14_123.npz
cox_only_N2000_K300_H200_nominal_t0p05,,T012,11,2000,300,200,raw/v14_123.npz
cox_only_N2000_K300_H200_nominal_t0p05,,T013,12,2000,300,200,raw/v14_123.npz
cox_only_N2000_K300_H200_nominal_t0p05,,T014,13,2000,300,200,raw/v14_123.npz
cox_only_N2000_K300_H200_nominal_t0p05,,T015,14,2000,300,200,raw/v14_123.npz
cox_only_N2000_K300_H200_nominal_t0p05,,T016,15,2000,300,200,raw/v14_123.npz
cox_only_N2000_K300_H200_nominal_t0p05,,T017,16,2000,300,200,raw/v14_123.npz
cox_only_N2000_K300_H200_nominal_t0p05,,T018,17,2000,300,200,raw/v14_123.npz
cox_only_N2000_K300_H200_nominal_t0p05,,T019,18,2000,300,200,raw/v14_123.npz
cox_only_N2000_K300_H200_nominal_t0p05,,T020,19,2000,300,200,raw/v14_123.npz
cox_only_N2000_K300_H200_nominal_t0p05,,T021,20,2000,300,200,raw/v14_123.npz
cox_only_N2000_K300_H200_nominal_t0p05,,T022,21,2000,300,200,raw/v14_123.npz
cox_only_N2000_K300_H200_nominal_t0p05,,T023,22,2000,300,200,raw/v14_123.npz
cox_only_N2000_K300_H200_nominal_t0p05,,T024,23,2000,300,200,raw/v14_123.npz
cox_only_N2000_K300_H200_nominal_t0p05,,T025,24,2000,300,200,raw/v14_123.npz
cox_only_N2000_K300_H200_nominal_t0p05,,T026,25,2000,300,200,raw/v14_123.npz
cox_only_N2000_K300_H200_nominal_t0p05,,T027,26,2000,300,200,raw/v14_123.npz
cox_only_N2000_K300_H200_nominal_t0p05,,T028,27,2000,300,200,raw/v14_123.npz
cox_only_N2000_K300_H200_nominal_t0p05,,T029,28,2000,300,200,raw/v14_123.npz
cox_only_N2000_K300_H200_nominal_t0p05,,T030,29,2000,300,200,raw/v14_123.npz
cox_only_N2000_K400_H200_nominal_t0p05,,T001,0,2000,400,200,raw/v14_124.npz
cox_only_N2000_K400_H200_nominal_t0p05,,T002,1,2000,400,200,raw/v14_124.npz
cox_only_N2000_K400_H200_nominal_t0p05,,T003,2,2000,400,200,raw/v14_124.npz
cox_only_N2000_K400_H200_nominal_t0p05,,T004,3,2000,400,200,raw/v14_124.npz
cox_only_N2000_K400_H200_nominal_t0p05,,T005,4,2000,400,200,raw/v14_124.npz
cox_only_N2000_K400_H200_nominal_t0p05,,T006,5,2000,400,200,raw/v14_124.npz
cox_only_N2000_K400_H200_nominal_t0p05,,T007,6,2000,400,200,raw/v14_124.npz
cox_only_N2000_K400_H200_nominal_t0p05,,T008,7,2000,400,200,raw/v14_124.npz
cox_only_N2000_K400_H200_nominal_t0p05,,T009,8,2000,400,200,raw/v14_124.npz
cox_only_N2000_K400_H200_nominal_t0p05,,T010,9,2000,400,200,raw/v14_124.npz
cox_only_N2000_K400_H200_nominal_t0p05,,T011,10,2000,400,200,raw/v14_124.npz
cox_only_N2000_K400_H200_nominal_t0p05,,T012,11,2000,400,200,raw/v14_124.npz
cox_only_N2000_K400_H200_nominal_t0p05,,T013,12,2000,400,200,raw/v14_124.npz
cox_only_N2000_K400_H200_nominal_t0p05,,T014,13,2000,400,200,raw/v14_124.npz
cox_only_N2000_K400_H200_nominal_t0p05,,T015,14,2000,400,200,raw/v14_124.npz
cox_only_N2000_K400_H200_nominal_t0p05,,T016,15,2000,400,200,raw/v14_124.npz
cox_only_N2000_K400_H200_nominal_t0p05,,T017,16,2000,400,200,raw/v14_124.npz
cox_only_N2000_K400_H200_nominal_t0p05,,T018,17,2000,400,200,raw/v14_124.npz
cox_only_N2000_K400_H200_nominal_t0p05,,T019,18,2000,400,200,raw/v14_124.npz
cox_only_N2000_K400_H200_nominal_t0p05,,T020,19,2000,400,200,raw/v14_124.npz
cox_only_N2000_K400_H200_nominal_t0p05,,T021,20,2000,400,200,raw/v14_124.npz
cox_only_N2000_K400_H200_nominal_t0p05,,T022,21,2000,400,200,raw/v14_124.npz
cox_only_N2000_K400_H200_nominal_t0p05,,T023,22,2000,400,200,raw/v14_124.npz
cox_only_N2000_K400_H200_nominal_t0p05,,T024,23,2000,400,200,raw/v14_124.npz
cox_only_N2000_K400_H200_nominal_t0p05,,T025,24,2000,400,200,raw/v14_124.npz
cox_only_N2000_K400_H200_nominal_t0p05,,T026,25,2000,400,200,raw/v14_124.npz
cox_only_N2000_K400_H200_nominal_t0p05,,T027,26,2000,400,200,raw/v14_124.npz
cox_only_N2000_K400_H200_nominal_t0p05,,T028,27,2000,400,200,raw/v14_124.npz
cox_only_N2000_K400_H200_nominal_t0p05,,T029,28,2000,400,200,raw/v14_124.npz
cox_only_N2000_K400_H200_nominal_t0p05,,T030,29,2000,400,200,raw/v14_124.npz
cox_only_N2000_K500_H200_nominal_t0p05,,T001,0,2000,500,200,raw/v14_125.npz
cox_only_N2000_K500_H200_nominal_t0p05,,T002,1,2000,500,200,raw/v14_125.npz
cox_only_N2000_K500_H200_nominal_t0p05,,T003,2,2000,500,200,raw/v14_125.npz
cox_only_N2000_K500_H200_nominal_t0p05,,T004,3,2000,500,200,raw/v14_125.npz
cox_only_N2000_K500_H200_nominal_t0p05,,T005,4,2000,500,200,raw/v14_125.npz
cox_only_N2000_K500_H200_nominal_t0p05,,T006,5,2000,500,200,raw/v14_125.npz
cox_only_N2000_K500_H200_nominal_t0p05,,T007,6,2000,500,200,raw/v14_125.npz
cox_only_N2000_K500_H200_nominal_t0p05,,T008,7,2000,500,200,raw/v14_125.npz
cox_only_N2000_K500_H200_nominal_t0p05,,T009,8,2000,500,200,raw/v14_125.npz
cox_only_N2000_K500_H200_nominal_t0p05,,T010,9,2000,500,200,raw/v14_125.npz
cox_only_N2000_K500_H200_nominal_t0p05,,T011,10,2000,500,200,raw/v14_125.npz
cox_only_N2000_K500_H200_nominal_t0p05,,T012,11,2000,500,200,raw/v14_125.npz
cox_only_N2000_K500_H200_nominal_t0p05,,T013,12,2000,500,200,raw/v14_125.npz
cox_only_N2000_K500_H200_nominal_t0p05,,T014,13,2000,500,200,raw/v14_125.npz
cox_only_N2000_K500_H200_nominal_t0p05,,T015,14,2000,500,200,raw/v14_125.npz
cox_only_N2000_K500_H200_nominal_t0p05,,T016,15,2000,500,200,raw/v14_125.npz
cox_only_N2000_K500_H200_nominal_t0p05,,T017,16,2000,500,200,raw/v14_125.npz
cox_only_N2000_K500_H200_nominal_t0p05,,T018,17,2000,500,200,raw/v14_125.npz
cox_only_N2000_K500_H200_nominal_t0p05,,T019,18,2000,500,200,raw/v14_125.npz
cox_only_N2000_K500_H200_nominal_t0p05,,T020,19,2000,500,200,raw/v14_125.npz
cox_only_N2000_K500_H200_nominal_t0p05,,T021,20,2000,500,200,raw/v14_125.npz
cox_only_N2000_K500_H200_nominal_t0p05,,T022,21,2000,500,200,raw/v14_125.npz
cox_only_N2000_K500_H200_nominal_t0p05,,T023,22,2000,500,200,raw/v14_125.npz
cox_only_N2000_K500_H200_nominal_t0p05,,T024,23,2000,500,200,raw/v14_125.npz
cox_only_N2000_K500_H200_nominal_t0p05,,T025,24,2000,500,200,raw/v14_125.npz
cox_only_N2000_K500_H200_nominal_t0p05,,T026,25,2000,500,200,raw/v14_125.npz
cox_only_N2000_K500_H200_nominal_t0p05,,T027,26,2000,500,200,raw/v14_125.npz
cox_only_N2000_K500_H200_nominal_t0p05,,T028,27,2000,500,200,raw/v14_125.npz
cox_only_N2000_K500_H200_nominal_t0p05,,T029,28,2000,500,200,raw/v14_125.npz
cox_only_N2000_K500_H200_nominal_t0p05,,T030,29,2000,500,200,raw/v14_125.npz
leo_madrl_N2000_K100_H50_nominal_tnative,1,T001,0,2000,100,50,raw/v14_126.npz
leo_madrl_N2000_K100_H50_nominal_tnative,1,T002,1,2000,100,50,raw/v14_126.npz
leo_madrl_N2000_K100_H50_nominal_tnative,1,T003,2,2000,100,50,raw/v14_126.npz
leo_madrl_N2000_K100_H50_nominal_tnative,1,T004,3,2000,100,50,raw/v14_126.npz
leo_madrl_N2000_K100_H50_nominal_tnative,1,T005,4,2000,100,50,raw/v14_126.npz
leo_madrl_N2000_K100_H50_nominal_tnative,1,T006,5,2000,100,50,raw/v14_126.npz
leo_madrl_N2000_K100_H50_nominal_tnative,1,T007,6,2000,100,50,raw/v14_126.npz
leo_madrl_N2000_K100_H50_nominal_tnative,1,T008,7,2000,100,50,raw/v14_126.npz
leo_madrl_N2000_K100_H50_nominal_tnative,1,T009,8,2000,100,50,raw/v14_126.npz
leo_madrl_N2000_K100_H50_nominal_tnative,1,T010,9,2000,100,50,raw/v14_126.npz
leo_madrl_N2000_K100_H50_nominal_tnative,1,T011,10,2000,100,50,raw/v14_126.npz
leo_madrl_N2000_K100_H50_nominal_tnative,1,T012,11,2000,100,50,raw/v14_126.npz
leo_madrl_N2000_K100_H50_nominal_tnative,1,T013,12,2000,100,50,raw/v14_126.npz
leo_madrl_N2000_K100_H50_nominal_tnative,1,T014,13,2000,100,50,raw/v14_126.npz
leo_madrl_N2000_K100_H50_nominal_tnative,1,T015,14,2000,100,50,raw/v14_126.npz
leo_madrl_N2000_K100_H50_nominal_tnative,1,T016,15,2000,100,50,raw/v14_126.npz
leo_madrl_N2000_K100_H50_nominal_tnative,1,T017,16,2000,100,50,raw/v14_126.npz
leo_madrl_N2000_K100_H50_nominal_tnative,1,T018,17,2000,100,50,raw/v14_126.npz
leo_madrl_N2000_K100_H50_nominal_tnative,1,T019,18,2000,100,50,raw/v14_126.npz
leo_madrl_N2000_K100_H50_nominal_tnative,1,T020,19,2000,100,50,raw/v14_126.npz
leo_madrl_N2000_K100_H50_nominal_tnative,1,T021,20,2000,100,50,raw/v14_126.npz
leo_madrl_N2000_K100_H50_nominal_tnative,1,T022,21,2000,100,50,raw/v14_126.npz
leo_madrl_N2000_K100_H50_nominal_tnative,1,T023,22,2000,100,50,raw/v14_126.npz
leo_madrl_N2000_K100_H50_nominal_tnative,1,T024,23,2000,100,50,raw/v14_126.npz
leo_madrl_N2000_K100_H50_nominal_tnative,1,T025,24,2000,100,50,raw/v14_126.npz
leo_madrl_N2000_K100_H50_nominal_tnative,1,T026,25,2000,100,50,raw/v14_126.npz
leo_madrl_N2000_K100_H50_nominal_tnative,1,T027,26,2000,100,50,raw/v14_126.npz
leo_madrl_N2000_K100_H50_nominal_tnative,1,T028,27,2000,100,50,raw/v14_126.npz
leo_madrl_N2000_K100_H50_nominal_tnative,1,T029,28,2000,100,50,raw/v14_126.npz
leo_madrl_N2000_K100_H50_nominal_tnative,1,T030,29,2000,100,50,raw/v14_126.npz
leo_madrl_N2000_K100_H50_nominal_tnative,2,T001,0,2000,100,50,raw/v14_127.npz
leo_madrl_N2000_K100_H50_nominal_tnative,2,T002,1,2000,100,50,raw/v14_127.npz
leo_madrl_N2000_K100_H50_nominal_tnative,2,T003,2,2000,100,50,raw/v14_127.npz
leo_madrl_N2000_K100_H50_nominal_tnative,2,T004,3,2000,100,50,raw/v14_127.npz
leo_madrl_N2000_K100_H50_nominal_tnative,2,T005,4,2000,100,50,raw/v14_127.npz
leo_madrl_N2000_K100_H50_nominal_tnative,2,T006,5,2000,100,50,raw/v14_127.npz
leo_madrl_N2000_K100_H50_nominal_tnative,2,T007,6,2000,100,50,raw/v14_127.npz
leo_madrl_N2000_K100_H50_nominal_tnative,2,T008,7,2000,100,50,raw/v14_127.npz
leo_madrl_N2000_K100_H50_nominal_tnative,2,T009,8,2000,100,50,raw/v14_127.npz
leo_madrl_N2000_K100_H50_nominal_tnative,2,T010,9,2000,100,50,raw/v14_127.npz
leo_madrl_N2000_K100_H50_nominal_tnative,2,T011,10,2000,100,50,raw/v14_127.npz
leo_madrl_N2000_K100_H50_nominal_tnative,2,T012,11,2000,100,50,raw/v14_127.npz
leo_madrl_N2000_K100_H50_nominal_tnative,2,T013,12,2000,100,50,raw/v14_127.npz
leo_madrl_N2000_K100_H50_nominal_tnative,2,T014,13,2000,100,50,raw/v14_127.npz
leo_madrl_N2000_K100_H50_nominal_tnative,2,T015,14,2000,100,50,raw/v14_127.npz
leo_madrl_N2000_K100_H50_nominal_tnative,2,T016,15,2000,100,50,raw/v14_127.npz
leo_madrl_N2000_K100_H50_nominal_tnative,2,T017,16,2000,100,50,raw/v14_127.npz
leo_madrl_N2000_K100_H50_nominal_tnative,2,T018,17,2000,100,50,raw/v14_127.npz
leo_madrl_N2000_K100_H50_nominal_tnative,2,T019,18,2000,100,50,raw/v14_127.npz
leo_madrl_N2000_K100_H50_nominal_tnative,2,T020,19,2000,100,50,raw/v14_127.npz
leo_madrl_N2000_K100_H50_nominal_tnative,2,T021,20,2000,100,50,raw/v14_127.npz
leo_madrl_N2000_K100_H50_nominal_tnative,2,T022,21,2000,100,50,raw/v14_127.npz
leo_madrl_N2000_K100_H50_nominal_tnative,2,T023,22,2000,100,50,raw/v14_127.npz
leo_madrl_N2000_K100_H50_nominal_tnative,2,T024,23,2000,100,50,raw/v14_127.npz
leo_madrl_N2000_K100_H50_nominal_tnative,2,T025,24,2000,100,50,raw/v14_127.npz
leo_madrl_N2000_K100_H50_nominal_tnative,2,T026,25,2000,100,50,raw/v14_127.npz
leo_madrl_N2000_K100_H50_nominal_tnative,2,T027,26,2000,100,50,raw/v14_127.npz
leo_madrl_N2000_K100_H50_nominal_tnative,2,T028,27,2000,100,50,raw/v14_127.npz
leo_madrl_N2000_K100_H50_nominal_tnative,2,T029,28,2000,100,50,raw/v14_127.npz
leo_madrl_N2000_K100_H50_nominal_tnative,2,T030,29,2000,100,50,raw/v14_127.npz
leo_madrl_N2000_K100_H50_nominal_tnative,3,T001,0,2000,100,50,raw/v14_128.npz
leo_madrl_N2000_K100_H50_nominal_tnative,3,T002,1,2000,100,50,raw/v14_128.npz
leo_madrl_N2000_K100_H50_nominal_tnative,3,T003,2,2000,100,50,raw/v14_128.npz
leo_madrl_N2000_K100_H50_nominal_tnative,3,T004,3,2000,100,50,raw/v14_128.npz
leo_madrl_N2000_K100_H50_nominal_tnative,3,T005,4,2000,100,50,raw/v14_128.npz
leo_madrl_N2000_K100_H50_nominal_tnative,3,T006,5,2000,100,50,raw/v14_128.npz
leo_madrl_N2000_K100_H50_nominal_tnative,3,T007,6,2000,100,50,raw/v14_128.npz
leo_madrl_N2000_K100_H50_nominal_tnative,3,T008,7,2000,100,50,raw/v14_128.npz
leo_madrl_N2000_K100_H50_nominal_tnative,3,T009,8,2000,100,50,raw/v14_128.npz
leo_madrl_N2000_K100_H50_nominal_tnative,3,T010,9,2000,100,50,raw/v14_128.npz
leo_madrl_N2000_K100_H50_nominal_tnative,3,T011,10,2000,100,50,raw/v14_128.npz
leo_madrl_N2000_K100_H50_nominal_tnative,3,T012,11,2000,100,50,raw/v14_128.npz
leo_madrl_N2000_K100_H50_nominal_tnative,3,T013,12,2000,100,50,raw/v14_128.npz
leo_madrl_N2000_K100_H50_nominal_tnative,3,T014,13,2000,100,50,raw/v14_128.npz
leo_madrl_N2000_K100_H50_nominal_tnative,3,T015,14,2000,100,50,raw/v14_128.npz
leo_madrl_N2000_K100_H50_nominal_tnative,3,T016,15,2000,100,50,raw/v14_128.npz
leo_madrl_N2000_K100_H50_nominal_tnative,3,T017,16,2000,100,50,raw/v14_128.npz
leo_madrl_N2000_K100_H50_nominal_tnative,3,T018,17,2000,100,50,raw/v14_128.npz
leo_madrl_N2000_K100_H50_nominal_tnative,3,T019,18,2000,100,50,raw/v14_128.npz
leo_madrl_N2000_K100_H50_nominal_tnative,3,T020,19,2000,100,50,raw/v14_128.npz
leo_madrl_N2000_K100_H50_nominal_tnative,3,T021,20,2000,100,50,raw/v14_128.npz
leo_madrl_N2000_K100_H50_nominal_tnative,3,T022,21,2000,100,50,raw/v14_128.npz
leo_madrl_N2000_K100_H50_nominal_tnative,3,T023,22,2000,100,50,raw/v14_128.npz
leo_madrl_N2000_K100_H50_nominal_tnative,3,T024,23,2000,100,50,raw/v14_128.npz
leo_madrl_N2000_K100_H50_nominal_tnative,3,T025,24,2000,100,50,raw/v14_128.npz
leo_madrl_N2000_K100_H50_nominal_tnative,3,T026,25,2000,100,50,raw/v14_128.npz
leo_madrl_N2000_K100_H50_nominal_tnative,3,T027,26,2000,100,50,raw/v14_128.npz
leo_madrl_N2000_K100_H50_nominal_tnative,3,T028,27,2000,100,50,raw/v14_128.npz
leo_madrl_N2000_K100_H50_nominal_tnative,3,T029,28,2000,100,50,raw/v14_128.npz
leo_madrl_N2000_K100_H50_nominal_tnative,3,T030,29,2000,100,50,raw/v14_128.npz
leo_madrl_N2000_K100_H50_nominal_tnative,4,T001,0,2000,100,50,raw/v14_129.npz
leo_madrl_N2000_K100_H50_nominal_tnative,4,T002,1,2000,100,50,raw/v14_129.npz
leo_madrl_N2000_K100_H50_nominal_tnative,4,T003,2,2000,100,50,raw/v14_129.npz
leo_madrl_N2000_K100_H50_nominal_tnative,4,T004,3,2000,100,50,raw/v14_129.npz
leo_madrl_N2000_K100_H50_nominal_tnative,4,T005,4,2000,100,50,raw/v14_129.npz
leo_madrl_N2000_K100_H50_nominal_tnative,4,T006,5,2000,100,50,raw/v14_129.npz
leo_madrl_N2000_K100_H50_nominal_tnative,4,T007,6,2000,100,50,raw/v14_129.npz
leo_madrl_N2000_K100_H50_nominal_tnative,4,T008,7,2000,100,50,raw/v14_129.npz
leo_madrl_N2000_K100_H50_nominal_tnative,4,T009,8,2000,100,50,raw/v14_129.npz
leo_madrl_N2000_K100_H50_nominal_tnative,4,T010,9,2000,100,50,raw/v14_129.npz
leo_madrl_N2000_K100_H50_nominal_tnative,4,T011,10,2000,100,50,raw/v14_129.npz
leo_madrl_N2000_K100_H50_nominal_tnative,4,T012,11,2000,100,50,raw/v14_129.npz
leo_madrl_N2000_K100_H50_nominal_tnative,4,T013,12,2000,100,50,raw/v14_129.npz
leo_madrl_N2000_K100_H50_nominal_tnative,4,T014,13,2000,100,50,raw/v14_129.npz
leo_madrl_N2000_K100_H50_nominal_tnative,4,T015,14,2000,100,50,raw/v14_129.npz
leo_madrl_N2000_K100_H50_nominal_tnative,4,T016,15,2000,100,50,raw/v14_129.npz
leo_madrl_N2000_K100_H50_nominal_tnative,4,T017,16,2000,100,50,raw/v14_129.npz
leo_madrl_N2000_K100_H50_nominal_tnative,4,T018,17,2000,100,50,raw/v14_129.npz
leo_madrl_N2000_K100_H50_nominal_tnative,4,T019,18,2000,100,50,raw/v14_129.npz
leo_madrl_N2000_K100_H50_nominal_tnative,4,T020,19,2000,100,50,raw/v14_129.npz
leo_madrl_N2000_K100_H50_nominal_tnative,4,T021,20,2000,100,50,raw/v14_129.npz
leo_madrl_N2000_K100_H50_nominal_tnative,4,T022,21,2000,100,50,raw/v14_129.npz
leo_madrl_N2000_K100_H50_nominal_tnative,4,T023,22,2000,100,50,raw/v14_129.npz
leo_madrl_N2000_K100_H50_nominal_tnative,4,T024,23,2000,100,50,raw/v14_129.npz
leo_madrl_N2000_K100_H50_nominal_tnative,4,T025,24,2000,100,50,raw/v14_129.npz
leo_madrl_N2000_K100_H50_nominal_tnative,4,T026,25,2000,100,50,raw/v14_129.npz
leo_madrl_N2000_K100_H50_nominal_tnative,4,T027,26,2000,100,50,raw/v14_129.npz
leo_madrl_N2000_K100_H50_nominal_tnative,4,T028,27,2000,100,50,raw/v14_129.npz
leo_madrl_N2000_K100_H50_nominal_tnative,4,T029,28,2000,100,50,raw/v14_129.npz
leo_madrl_N2000_K100_H50_nominal_tnative,4,T030,29,2000,100,50,raw/v14_129.npz
leo_madrl_N2000_K100_H50_nominal_tnative,5,T001,0,2000,100,50,raw/v14_130.npz
leo_madrl_N2000_K100_H50_nominal_tnative,5,T002,1,2000,100,50,raw/v14_130.npz
leo_madrl_N2000_K100_H50_nominal_tnative,5,T003,2,2000,100,50,raw/v14_130.npz
leo_madrl_N2000_K100_H50_nominal_tnative,5,T004,3,2000,100,50,raw/v14_130.npz
leo_madrl_N2000_K100_H50_nominal_tnative,5,T005,4,2000,100,50,raw/v14_130.npz
leo_madrl_N2000_K100_H50_nominal_tnative,5,T006,5,2000,100,50,raw/v14_130.npz
leo_madrl_N2000_K100_H50_nominal_tnative,5,T007,6,2000,100,50,raw/v14_130.npz
leo_madrl_N2000_K100_H50_nominal_tnative,5,T008,7,2000,100,50,raw/v14_130.npz
leo_madrl_N2000_K100_H50_nominal_tnative,5,T009,8,2000,100,50,raw/v14_130.npz
leo_madrl_N2000_K100_H50_nominal_tnative,5,T010,9,2000,100,50,raw/v14_130.npz
leo_madrl_N2000_K100_H50_nominal_tnative,5,T011,10,2000,100,50,raw/v14_130.npz
leo_madrl_N2000_K100_H50_nominal_tnative,5,T012,11,2000,100,50,raw/v14_130.npz
leo_madrl_N2000_K100_H50_nominal_tnative,5,T013,12,2000,100,50,raw/v14_130.npz
leo_madrl_N2000_K100_H50_nominal_tnative,5,T014,13,2000,100,50,raw/v14_130.npz
leo_madrl_N2000_K100_H50_nominal_tnative,5,T015,14,2000,100,50,raw/v14_130.npz
leo_madrl_N2000_K100_H50_nominal_tnative,5,T016,15,2000,100,50,raw/v14_130.npz
leo_madrl_N2000_K100_H50_nominal_tnative,5,T017,16,2000,100,50,raw/v14_130.npz
leo_madrl_N2000_K100_H50_nominal_tnative,5,T018,17,2000,100,50,raw/v14_130.npz
leo_madrl_N2000_K100_H50_nominal_tnative,5,T019,18,2000,100,50,raw/v14_130.npz
leo_madrl_N2000_K100_H50_nominal_tnative,5,T020,19,2000,100,50,raw/v14_130.npz
leo_madrl_N2000_K100_H50_nominal_tnative,5,T021,20,2000,100,50,raw/v14_130.npz
leo_madrl_N2000_K100_H50_nominal_tnative,5,T022,21,2000,100,50,raw/v14_130.npz
leo_madrl_N2000_K100_H50_nominal_tnative,5,T023,22,2000,100,50,raw/v14_130.npz
leo_madrl_N2000_K100_H50_nominal_tnative,5,T024,23,2000,100,50,raw/v14_130.npz
leo_madrl_N2000_K100_H50_nominal_tnative,5,T025,24,2000,100,50,raw/v14_130.npz
leo_madrl_N2000_K100_H50_nominal_tnative,5,T026,25,2000,100,50,raw/v14_130.npz
leo_madrl_N2000_K100_H50_nominal_tnative,5,T027,26,2000,100,50,raw/v14_130.npz
leo_madrl_N2000_K100_H50_nominal_tnative,5,T028,27,2000,100,50,raw/v14_130.npz
leo_madrl_N2000_K100_H50_nominal_tnative,5,T029,28,2000,100,50,raw/v14_130.npz
leo_madrl_N2000_K100_H50_nominal_tnative,5,T030,29,2000,100,50,raw/v14_130.npz
leo_madrl_N2000_K100_H200_nominal_tnative,1,T001,0,2000,100,200,raw/v14_126.npz
leo_madrl_N2000_K100_H200_nominal_tnative,1,T002,1,2000,100,200,raw/v14_126.npz
leo_madrl_N2000_K100_H200_nominal_tnative,1,T003,2,2000,100,200,raw/v14_126.npz
leo_madrl_N2000_K100_H200_nominal_tnative,1,T004,3,2000,100,200,raw/v14_126.npz
leo_madrl_N2000_K100_H200_nominal_tnative,1,T005,4,2000,100,200,raw/v14_126.npz
leo_madrl_N2000_K100_H200_nominal_tnative,1,T006,5,2000,100,200,raw/v14_126.npz
leo_madrl_N2000_K100_H200_nominal_tnative,1,T007,6,2000,100,200,raw/v14_126.npz
leo_madrl_N2000_K100_H200_nominal_tnative,1,T008,7,2000,100,200,raw/v14_126.npz
leo_madrl_N2000_K100_H200_nominal_tnative,1,T009,8,2000,100,200,raw/v14_126.npz
leo_madrl_N2000_K100_H200_nominal_tnative,1,T010,9,2000,100,200,raw/v14_126.npz
leo_madrl_N2000_K100_H200_nominal_tnative,1,T011,10,2000,100,200,raw/v14_126.npz
leo_madrl_N2000_K100_H200_nominal_tnative,1,T012,11,2000,100,200,raw/v14_126.npz
leo_madrl_N2000_K100_H200_nominal_tnative,1,T013,12,2000,100,200,raw/v14_126.npz
leo_madrl_N2000_K100_H200_nominal_tnative,1,T014,13,2000,100,200,raw/v14_126.npz
leo_madrl_N2000_K100_H200_nominal_tnative,1,T015,14,2000,100,200,raw/v14_126.npz
leo_madrl_N2000_K100_H200_nominal_tnative,1,T016,15,2000,100,200,raw/v14_126.npz
leo_madrl_N2000_K100_H200_nominal_tnative,1,T017,16,2000,100,200,raw/v14_126.npz
leo_madrl_N2000_K100_H200_nominal_tnative,1,T018,17,2000,100,200,raw/v14_126.npz
leo_madrl_N2000_K100_H200_nominal_tnative,1,T019,18,2000,100,200,raw/v14_126.npz
leo_madrl_N2000_K100_H200_nominal_tnative,1,T020,19,2000,100,200,raw/v14_126.npz
leo_madrl_N2000_K100_H200_nominal_tnative,1,T021,20,2000,100,200,raw/v14_126.npz
leo_madrl_N2000_K100_H200_nominal_tnative,1,T022,21,2000,100,200,raw/v14_126.npz
leo_madrl_N2000_K100_H200_nominal_tnative,1,T023,22,2000,100,200,raw/v14_126.npz
leo_madrl_N2000_K100_H200_nominal_tnative,1,T024,23,2000,100,200,raw/v14_126.npz
leo_madrl_N2000_K100_H200_nominal_tnative,1,T025,24,2000,100,200,raw/v14_126.npz
leo_madrl_N2000_K100_H200_nominal_tnative,1,T026,25,2000,100,200,raw/v14_126.npz
leo_madrl_N2000_K100_H200_nominal_tnative,1,T027,26,2000,100,200,raw/v14_126.npz
leo_madrl_N2000_K100_H200_nominal_tnative,1,T028,27,2000,100,200,raw/v14_126.npz
leo_madrl_N2000_K100_H200_nominal_tnative,1,T029,28,2000,100,200,raw/v14_126.npz
leo_madrl_N2000_K100_H200_nominal_tnative,1,T030,29,2000,100,200,raw/v14_126.npz
leo_madrl_N2000_K100_H200_nominal_tnative,2,T001,0,2000,100,200,raw/v14_127.npz
leo_madrl_N2000_K100_H200_nominal_tnative,2,T002,1,2000,100,200,raw/v14_127.npz
leo_madrl_N2000_K100_H200_nominal_tnative,2,T003,2,2000,100,200,raw/v14_127.npz
leo_madrl_N2000_K100_H200_nominal_tnative,2,T004,3,2000,100,200,raw/v14_127.npz
leo_madrl_N2000_K100_H200_nominal_tnative,2,T005,4,2000,100,200,raw/v14_127.npz
leo_madrl_N2000_K100_H200_nominal_tnative,2,T006,5,2000,100,200,raw/v14_127.npz
leo_madrl_N2000_K100_H200_nominal_tnative,2,T007,6,2000,100,200,raw/v14_127.npz
leo_madrl_N2000_K100_H200_nominal_tnative,2,T008,7,2000,100,200,raw/v14_127.npz
leo_madrl_N2000_K100_H200_nominal_tnative,2,T009,8,2000,100,200,raw/v14_127.npz
leo_madrl_N2000_K100_H200_nominal_tnative,2,T010,9,2000,100,200,raw/v14_127.npz
leo_madrl_N2000_K100_H200_nominal_tnative,2,T011,10,2000,100,200,raw/v14_127.npz
leo_madrl_N2000_K100_H200_nominal_tnative,2,T012,11,2000,100,200,raw/v14_127.npz
leo_madrl_N2000_K100_H200_nominal_tnative,2,T013,12,2000,100,200,raw/v14_127.npz
leo_madrl_N2000_K100_H200_nominal_tnative,2,T014,13,2000,100,200,raw/v14_127.npz
leo_madrl_N2000_K100_H200_nominal_tnative,2,T015,14,2000,100,200,raw/v14_127.npz
leo_madrl_N2000_K100_H200_nominal_tnative,2,T016,15,2000,100,200,raw/v14_127.npz
leo_madrl_N2000_K100_H200_nominal_tnative,2,T017,16,2000,100,200,raw/v14_127.npz
leo_madrl_N2000_K100_H200_nominal_tnative,2,T018,17,2000,100,200,raw/v14_127.npz
leo_madrl_N2000_K100_H200_nominal_tnative,2,T019,18,2000,100,200,raw/v14_127.npz
leo_madrl_N2000_K100_H200_nominal_tnative,2,T020,19,2000,100,200,raw/v14_127.npz
leo_madrl_N2000_K100_H200_nominal_tnative,2,T021,20,2000,100,200,raw/v14_127.npz
leo_madrl_N2000_K100_H200_nominal_tnative,2,T022,21,2000,100,200,raw/v14_127.npz
leo_madrl_N2000_K100_H200_nominal_tnative,2,T023,22,2000,100,200,raw/v14_127.npz
leo_madrl_N2000_K100_H200_nominal_tnative,2,T024,23,2000,100,200,raw/v14_127.npz
leo_madrl_N2000_K100_H200_nominal_tnative,2,T025,24,2000,100,200,raw/v14_127.npz
leo_madrl_N2000_K100_H200_nominal_tnative,2,T026,25,2000,100,200,raw/v14_127.npz
leo_madrl_N2000_K100_H200_nominal_tnative,2,T027,26,2000,100,200,raw/v14_127.npz
leo_madrl_N2000_K100_H200_nominal_tnative,2,T028,27,2000,100,200,raw/v14_127.npz
leo_madrl_N2000_K100_H200_nominal_tnative,2,T029,28,2000,100,200,raw/v14_127.npz
leo_madrl_N2000_K100_H200_nominal_tnative,2,T030,29,2000,100,200,raw/v14_127.npz
leo_madrl_N2000_K100_H200_nominal_tnative,3,T001,0,2000,100,200,raw/v14_128.npz
leo_madrl_N2000_K100_H200_nominal_tnative,3,T002,1,2000,100,200,raw/v14_128.npz
leo_madrl_N2000_K100_H200_nominal_tnative,3,T003,2,2000,100,200,raw/v14_128.npz
leo_madrl_N2000_K100_H200_nominal_tnative,3,T004,3,2000,100,200,raw/v14_128.npz
leo_madrl_N2000_K100_H200_nominal_tnative,3,T005,4,2000,100,200,raw/v14_128.npz
leo_madrl_N2000_K100_H200_nominal_tnative,3,T006,5,2000,100,200,raw/v14_128.npz
leo_madrl_N2000_K100_H200_nominal_tnative,3,T007,6,2000,100,200,raw/v14_128.npz
leo_madrl_N2000_K100_H200_nominal_tnative,3,T008,7,2000,100,200,raw/v14_128.npz
leo_madrl_N2000_K100_H200_nominal_tnative,3,T009,8,2000,100,200,raw/v14_128.npz
leo_madrl_N2000_K100_H200_nominal_tnative,3,T010,9,2000,100,200,raw/v14_128.npz
leo_madrl_N2000_K100_H200_nominal_tnative,3,T011,10,2000,100,200,raw/v14_128.npz
leo_madrl_N2000_K100_H200_nominal_tnative,3,T012,11,2000,100,200,raw/v14_128.npz
leo_madrl_N2000_K100_H200_nominal_tnative,3,T013,12,2000,100,200,raw/v14_128.npz
leo_madrl_N2000_K100_H200_nominal_tnative,3,T014,13,2000,100,200,raw/v14_128.npz
leo_madrl_N2000_K100_H200_nominal_tnative,3,T015,14,2000,100,200,raw/v14_128.npz
leo_madrl_N2000_K100_H200_nominal_tnative,3,T016,15,2000,100,200,raw/v14_128.npz
leo_madrl_N2000_K100_H200_nominal_tnative,3,T017,16,2000,100,200,raw/v14_128.npz
leo_madrl_N2000_K100_H200_nominal_tnative,3,T018,17,2000,100,200,raw/v14_128.npz
leo_madrl_N2000_K100_H200_nominal_tnative,3,T019,18,2000,100,200,raw/v14_128.npz
leo_madrl_N2000_K100_H200_nominal_tnative,3,T020,19,2000,100,200,raw/v14_128.npz
leo_madrl_N2000_K100_H200_nominal_tnative,3,T021,20,2000,100,200,raw/v14_128.npz
leo_madrl_N2000_K100_H200_nominal_tnative,3,T022,21,2000,100,200,raw/v14_128.npz
leo_madrl_N2000_K100_H200_nominal_tnative,3,T023,22,2000,100,200,raw/v14_128.npz
leo_madrl_N2000_K100_H200_nominal_tnative,3,T024,23,2000,100,200,raw/v14_128.npz
leo_madrl_N2000_K100_H200_nominal_tnative,3,T025,24,2000,100,200,raw/v14_128.npz
leo_madrl_N2000_K100_H200_nominal_tnative,3,T026,25,2000,100,200,raw/v14_128.npz
leo_madrl_N2000_K100_H200_nominal_tnative,3,T027,26,2000,100,200,raw/v14_128.npz
leo_madrl_N2000_K100_H200_nominal_tnative,3,T028,27,2000,100,200,raw/v14_128.npz
leo_madrl_N2000_K100_H200_nominal_tnative,3,T029,28,2000,100,200,raw/v14_128.npz
leo_madrl_N2000_K100_H200_nominal_tnative,3,T030,29,2000,100,200,raw/v14_128.npz
leo_madrl_N2000_K100_H200_nominal_tnative,4,T001,0,2000,100,200,raw/v14_129.npz
leo_madrl_N2000_K100_H200_nominal_tnative,4,T002,1,2000,100,200,raw/v14_129.npz
leo_madrl_N2000_K100_H200_nominal_tnative,4,T003,2,2000,100,200,raw/v14_129.npz
leo_madrl_N2000_K100_H200_nominal_tnative,4,T004,3,2000,100,200,raw/v14_129.npz
leo_madrl_N2000_K100_H200_nominal_tnative,4,T005,4,2000,100,200,raw/v14_129.npz
leo_madrl_N2000_K100_H200_nominal_tnative,4,T006,5,2000,100,200,raw/v14_129.npz
leo_madrl_N2000_K100_H200_nominal_tnative,4,T007,6,2000,100,200,raw/v14_129.npz
leo_madrl_N2000_K100_H200_nominal_tnative,4,T008,7,2000,100,200,raw/v14_129.npz
leo_madrl_N2000_K100_H200_nominal_tnative,4,T009,8,2000,100,200,raw/v14_129.npz
leo_madrl_N2000_K100_H200_nominal_tnative,4,T010,9,2000,100,200,raw/v14_129.npz
leo_madrl_N2000_K100_H200_nominal_tnative,4,T011,10,2000,100,200,raw/v14_129.npz
leo_madrl_N2000_K100_H200_nominal_tnative,4,T012,11,2000,100,200,raw/v14_129.npz
leo_madrl_N2000_K100_H200_nominal_tnative,4,T013,12,2000,100,200,raw/v14_129.npz
leo_madrl_N2000_K100_H200_nominal_tnative,4,T014,13,2000,100,200,raw/v14_129.npz
leo_madrl_N2000_K100_H200_nominal_tnative,4,T015,14,2000,100,200,raw/v14_129.npz
leo_madrl_N2000_K100_H200_nominal_tnative,4,T016,15,2000,100,200,raw/v14_129.npz
leo_madrl_N2000_K100_H200_nominal_tnative,4,T017,16,2000,100,200,raw/v14_129.npz
leo_madrl_N2000_K100_H200_nominal_tnative,4,T018,17,2000,100,200,raw/v14_129.npz
leo_madrl_N2000_K100_H200_nominal_tnative,4,T019,18,2000,100,200,raw/v14_129.npz
leo_madrl_N2000_K100_H200_nominal_tnative,4,T020,19,2000,100,200,raw/v14_129.npz
leo_madrl_N2000_K100_H200_nominal_tnative,4,T021,20,2000,100,200,raw/v14_129.npz
leo_madrl_N2000_K100_H200_nominal_tnative,4,T022,21,2000,100,200,raw/v14_129.npz
leo_madrl_N2000_K100_H200_nominal_tnative,4,T023,22,2000,100,200,raw/v14_129.npz
leo_madrl_N2000_K100_H200_nominal_tnative,4,T024,23,2000,100,200,raw/v14_129.npz
leo_madrl_N2000_K100_H200_nominal_tnative,4,T025,24,2000,100,200,raw/v14_129.npz
leo_madrl_N2000_K100_H200_nominal_tnative,4,T026,25,2000,100,200,raw/v14_129.npz
leo_madrl_N2000_K100_H200_nominal_tnative,4,T027,26,2000,100,200,raw/v14_129.npz
leo_madrl_N2000_K100_H200_nominal_tnative,4,T028,27,2000,100,200,raw/v14_129.npz
leo_madrl_N2000_K100_H200_nominal_tnative,4,T029,28,2000,100,200,raw/v14_129.npz
leo_madrl_N2000_K100_H200_nominal_tnative,4,T030,29,2000,100,200,raw/v14_129.npz
leo_madrl_N2000_K100_H200_nominal_tnative,5,T001,0,2000,100,200,raw/v14_130.npz
leo_madrl_N2000_K100_H200_nominal_tnative,5,T002,1,2000,100,200,raw/v14_130.npz
leo_madrl_N2000_K100_H200_nominal_tnative,5,T003,2,2000,100,200,raw/v14_130.npz
leo_madrl_N2000_K100_H200_nominal_tnative,5,T004,3,2000,100,200,raw/v14_130.npz
leo_madrl_N2000_K100_H200_nominal_tnative,5,T005,4,2000,100,200,raw/v14_130.npz
leo_madrl_N2000_K100_H200_nominal_tnative,5,T006,5,2000,100,200,raw/v14_130.npz
leo_madrl_N2000_K100_H200_nominal_tnative,5,T007,6,2000,100,200,raw/v14_130.npz
leo_madrl_N2000_K100_H200_nominal_tnative,5,T008,7,2000,100,200,raw/v14_130.npz
leo_madrl_N2000_K100_H200_nominal_tnative,5,T009,8,2000,100,200,raw/v14_130.npz
leo_madrl_N2000_K100_H200_nominal_tnative,5,T010,9,2000,100,200,raw/v14_130.npz
leo_madrl_N2000_K100_H200_nominal_tnative,5,T011,10,2000,100,200,raw/v14_130.npz
leo_madrl_N2000_K100_H200_nominal_tnative,5,T012,11,2000,100,200,raw/v14_130.npz
leo_madrl_N2000_K100_H200_nominal_tnative,5,T013,12,2000,100,200,raw/v14_130.npz
leo_madrl_N2000_K100_H200_nominal_tnative,5,T014,13,2000,100,200,raw/v14_130.npz
leo_madrl_N2000_K100_H200_nominal_tnative,5,T015,14,2000,100,200,raw/v14_130.npz
leo_madrl_N2000_K100_H200_nominal_tnative,5,T016,15,2000,100,200,raw/v14_130.npz
leo_madrl_N2000_K100_H200_nominal_tnative,5,T017,16,2000,100,200,raw/v14_130.npz
leo_madrl_N2000_K100_H200_nominal_tnative,5,T018,17,2000,100,200,raw/v14_130.npz
leo_madrl_N2000_K100_H200_nominal_tnative,5,T019,18,2000,100,200,raw/v14_130.npz
leo_madrl_N2000_K100_H200_nominal_tnative,5,T020,19,2000,100,200,raw/v14_130.npz
leo_madrl_N2000_K100_H200_nominal_tnative,5,T021,20,2000,100,200,raw/v14_130.npz
leo_madrl_N2000_K100_H200_nominal_tnative,5,T022,21,2000,100,200,raw/v14_130.npz
leo_madrl_N2000_K100_H200_nominal_tnative,5,T023,22,2000,100,200,raw/v14_130.npz
leo_madrl_N2000_K100_H200_nominal_tnative,5,T024,23,2000,100,200,raw/v14_130.npz
leo_madrl_N2000_K100_H200_nominal_tnative,5,T025,24,2000,100,200,raw/v14_130.npz
leo_madrl_N2000_K100_H200_nominal_tnative,5,T026,25,2000,100,200,raw/v14_130.npz
leo_madrl_N2000_K100_H200_nominal_tnative,5,T027,26,2000,100,200,raw/v14_130.npz
leo_madrl_N2000_K100_H200_nominal_tnative,5,T028,27,2000,100,200,raw/v14_130.npz
leo_madrl_N2000_K100_H200_nominal_tnative,5,T029,28,2000,100,200,raw/v14_130.npz
leo_madrl_N2000_K100_H200_nominal_tnative,5,T030,29,2000,100,200,raw/v14_130.npz
leo_madrl_N2000_K100_H800_nominal_tnative,1,T001,0,2000,100,800,raw/v14_126.npz
leo_madrl_N2000_K100_H800_nominal_tnative,1,T002,1,2000,100,800,raw/v14_126.npz
leo_madrl_N2000_K100_H800_nominal_tnative,1,T003,2,2000,100,800,raw/v14_126.npz
leo_madrl_N2000_K100_H800_nominal_tnative,1,T004,3,2000,100,800,raw/v14_126.npz
leo_madrl_N2000_K100_H800_nominal_tnative,1,T005,4,2000,100,800,raw/v14_126.npz
leo_madrl_N2000_K100_H800_nominal_tnative,1,T006,5,2000,100,800,raw/v14_126.npz
leo_madrl_N2000_K100_H800_nominal_tnative,1,T007,6,2000,100,800,raw/v14_126.npz
leo_madrl_N2000_K100_H800_nominal_tnative,1,T008,7,2000,100,800,raw/v14_126.npz
leo_madrl_N2000_K100_H800_nominal_tnative,1,T009,8,2000,100,800,raw/v14_126.npz
leo_madrl_N2000_K100_H800_nominal_tnative,1,T010,9,2000,100,800,raw/v14_126.npz
leo_madrl_N2000_K100_H800_nominal_tnative,1,T011,10,2000,100,800,raw/v14_126.npz
leo_madrl_N2000_K100_H800_nominal_tnative,1,T012,11,2000,100,800,raw/v14_126.npz
leo_madrl_N2000_K100_H800_nominal_tnative,1,T013,12,2000,100,800,raw/v14_126.npz
leo_madrl_N2000_K100_H800_nominal_tnative,1,T014,13,2000,100,800,raw/v14_126.npz
leo_madrl_N2000_K100_H800_nominal_tnative,1,T015,14,2000,100,800,raw/v14_126.npz
leo_madrl_N2000_K100_H800_nominal_tnative,1,T016,15,2000,100,800,raw/v14_126.npz
leo_madrl_N2000_K100_H800_nominal_tnative,1,T017,16,2000,100,800,raw/v14_126.npz
leo_madrl_N2000_K100_H800_nominal_tnative,1,T018,17,2000,100,800,raw/v14_126.npz
leo_madrl_N2000_K100_H800_nominal_tnative,1,T019,18,2000,100,800,raw/v14_126.npz
leo_madrl_N2000_K100_H800_nominal_tnative,1,T020,19,2000,100,800,raw/v14_126.npz
leo_madrl_N2000_K100_H800_nominal_tnative,1,T021,20,2000,100,800,raw/v14_126.npz
leo_madrl_N2000_K100_H800_nominal_tnative,1,T022,21,2000,100,800,raw/v14_126.npz
leo_madrl_N2000_K100_H800_nominal_tnative,1,T023,22,2000,100,800,raw/v14_126.npz
leo_madrl_N2000_K100_H800_nominal_tnative,1,T024,23,2000,100,800,raw/v14_126.npz
leo_madrl_N2000_K100_H800_nominal_tnative,1,T025,24,2000,100,800,raw/v14_126.npz
leo_madrl_N2000_K100_H800_nominal_tnative,1,T026,25,2000,100,800,raw/v14_126.npz
leo_madrl_N2000_K100_H800_nominal_tnative,1,T027,26,2000,100,800,raw/v14_126.npz
leo_madrl_N2000_K100_H800_nominal_tnative,1,T028,27,2000,100,800,raw/v14_126.npz
leo_madrl_N2000_K100_H800_nominal_tnative,1,T029,28,2000,100,800,raw/v14_126.npz
leo_madrl_N2000_K100_H800_nominal_tnative,1,T030,29,2000,100,800,raw/v14_126.npz
leo_madrl_N2000_K100_H800_nominal_tnative,2,T001,0,2000,100,800,raw/v14_127.npz
leo_madrl_N2000_K100_H800_nominal_tnative,2,T002,1,2000,100,800,raw/v14_127.npz
leo_madrl_N2000_K100_H800_nominal_tnative,2,T003,2,2000,100,800,raw/v14_127.npz
leo_madrl_N2000_K100_H800_nominal_tnative,2,T004,3,2000,100,800,raw/v14_127.npz
leo_madrl_N2000_K100_H800_nominal_tnative,2,T005,4,2000,100,800,raw/v14_127.npz
leo_madrl_N2000_K100_H800_nominal_tnative,2,T006,5,2000,100,800,raw/v14_127.npz
leo_madrl_N2000_K100_H800_nominal_tnative,2,T007,6,2000,100,800,raw/v14_127.npz
leo_madrl_N2000_K100_H800_nominal_tnative,2,T008,7,2000,100,800,raw/v14_127.npz
leo_madrl_N2000_K100_H800_nominal_tnative,2,T009,8,2000,100,800,raw/v14_127.npz
leo_madrl_N2000_K100_H800_nominal_tnative,2,T010,9,2000,100,800,raw/v14_127.npz
leo_madrl_N2000_K100_H800_nominal_tnative,2,T011,10,2000,100,800,raw/v14_127.npz
leo_madrl_N2000_K100_H800_nominal_tnative,2,T012,11,2000,100,800,raw/v14_127.npz
leo_madrl_N2000_K100_H800_nominal_tnative,2,T013,12,2000,100,800,raw/v14_127.npz
leo_madrl_N2000_K100_H800_nominal_tnative,2,T014,13,2000,100,800,raw/v14_127.npz
leo_madrl_N2000_K100_H800_nominal_tnative,2,T015,14,2000,100,800,raw/v14_127.npz
leo_madrl_N2000_K100_H800_nominal_tnative,2,T016,15,2000,100,800,raw/v14_127.npz
leo_madrl_N2000_K100_H800_nominal_tnative,2,T017,16,2000,100,800,raw/v14_127.npz
leo_madrl_N2000_K100_H800_nominal_tnative,2,T018,17,2000,100,800,raw/v14_127.npz
leo_madrl_N2000_K100_H800_nominal_tnative,2,T019,18,2000,100,800,raw/v14_127.npz
leo_madrl_N2000_K100_H800_nominal_tnative,2,T020,19,2000,100,800,raw/v14_127.npz
leo_madrl_N2000_K100_H800_nominal_tnative,2,T021,20,2000,100,800,raw/v14_127.npz
leo_madrl_N2000_K100_H800_nominal_tnative,2,T022,21,2000,100,800,raw/v14_127.npz
leo_madrl_N2000_K100_H800_nominal_tnative,2,T023,22,2000,100,800,raw/v14_127.npz
leo_madrl_N2000_K100_H800_nominal_tnative,2,T024,23,2000,100,800,raw/v14_127.npz
leo_madrl_N2000_K100_H800_nominal_tnative,2,T025,24,2000,100,800,raw/v14_127.npz
leo_madrl_N2000_K100_H800_nominal_tnative,2,T026,25,2000,100,800,raw/v14_127.npz
leo_madrl_N2000_K100_H800_nominal_tnative,2,T027,26,2000,100,800,raw/v14_127.npz
leo_madrl_N2000_K100_H800_nominal_tnative,2,T028,27,2000,100,800,raw/v14_127.npz
leo_madrl_N2000_K100_H800_nominal_tnative,2,T029,28,2000,100,800,raw/v14_127.npz
leo_madrl_N2000_K100_H800_nominal_tnative,2,T030,29,2000,100,800,raw/v14_127.npz
leo_madrl_N2000_K100_H800_nominal_tnative,3,T001,0,2000,100,800,raw/v14_128.npz
leo_madrl_N2000_K100_H800_nominal_tnative,3,T002,1,2000,100,800,raw/v14_128.npz
leo_madrl_N2000_K100_H800_nominal_tnative,3,T003,2,2000,100,800,raw/v14_128.npz
leo_madrl_N2000_K100_H800_nominal_tnative,3,T004,3,2000,100,800,raw/v14_128.npz
leo_madrl_N2000_K100_H800_nominal_tnative,3,T005,4,2000,100,800,raw/v14_128.npz
leo_madrl_N2000_K100_H800_nominal_tnative,3,T006,5,2000,100,800,raw/v14_128.npz
leo_madrl_N2000_K100_H800_nominal_tnative,3,T007,6,2000,100,800,raw/v14_128.npz
leo_madrl_N2000_K100_H800_nominal_tnative,3,T008,7,2000,100,800,raw/v14_128.npz
leo_madrl_N2000_K100_H800_nominal_tnative,3,T009,8,2000,100,800,raw/v14_128.npz
leo_madrl_N2000_K100_H800_nominal_tnative,3,T010,9,2000,100,800,raw/v14_128.npz
leo_madrl_N2000_K100_H800_nominal_tnative,3,T011,10,2000,100,800,raw/v14_128.npz
leo_madrl_N2000_K100_H800_nominal_tnative,3,T012,11,2000,100,800,raw/v14_128.npz
leo_madrl_N2000_K100_H800_nominal_tnative,3,T013,12,2000,100,800,raw/v14_128.npz
leo_madrl_N2000_K100_H800_nominal_tnative,3,T014,13,2000,100,800,raw/v14_128.npz
leo_madrl_N2000_K100_H800_nominal_tnative,3,T015,14,2000,100,800,raw/v14_128.npz
leo_madrl_N2000_K100_H800_nominal_tnative,3,T016,15,2000,100,800,raw/v14_128.npz
leo_madrl_N2000_K100_H800_nominal_tnative,3,T017,16,2000,100,800,raw/v14_128.npz
leo_madrl_N2000_K100_H800_nominal_tnative,3,T018,17,2000,100,800,raw/v14_128.npz
leo_madrl_N2000_K100_H800_nominal_tnative,3,T019,18,2000,100,800,raw/v14_128.npz
leo_madrl_N2000_K100_H800_nominal_tnative,3,T020,19,2000,100,800,raw/v14_128.npz
leo_madrl_N2000_K100_H800_nominal_tnative,3,T021,20,2000,100,800,raw/v14_128.npz
leo_madrl_N2000_K100_H800_nominal_tnative,3,T022,21,2000,100,800,raw/v14_128.npz
leo_madrl_N2000_K100_H800_nominal_tnative,3,T023,22,2000,100,800,raw/v14_128.npz
leo_madrl_N2000_K100_H800_nominal_tnative,3,T024,23,2000,100,800,raw/v14_128.npz
leo_madrl_N2000_K100_H800_nominal_tnative,3,T025,24,2000,100,800,raw/v14_128.npz
leo_madrl_N2000_K100_H800_nominal_tnative,3,T026,25,2000,100,800,raw/v14_128.npz
leo_madrl_N2000_K100_H800_nominal_tnative,3,T027,26,2000,100,800,raw/v14_128.npz
leo_madrl_N2000_K100_H800_nominal_tnative,3,T028,27,2000,100,800,raw/v14_128.npz
leo_madrl_N2000_K100_H800_nominal_tnative,3,T029,28,2000,100,800,raw/v14_128.npz
leo_madrl_N2000_K100_H800_nominal_tnative,3,T030,29,2000,100,800,raw/v14_128.npz
leo_madrl_N2000_K100_H800_nominal_tnative,4,T001,0,2000,100,800,raw/v14_129.npz
leo_madrl_N2000_K100_H800_nominal_tnative,4,T002,1,2000,100,800,raw/v14_129.npz
leo_madrl_N2000_K100_H800_nominal_tnative,4,T003,2,2000,100,800,raw/v14_129.npz
leo_madrl_N2000_K100_H800_nominal_tnative,4,T004,3,2000,100,800,raw/v14_129.npz
leo_madrl_N2000_K100_H800_nominal_tnative,4,T005,4,2000,100,800,raw/v14_129.npz
leo_madrl_N2000_K100_H800_nominal_tnative,4,T006,5,2000,100,800,raw/v14_129.npz
leo_madrl_N2000_K100_H800_nominal_tnative,4,T007,6,2000,100,800,raw/v14_129.npz
leo_madrl_N2000_K100_H800_nominal_tnative,4,T008,7,2000,100,800,raw/v14_129.npz
leo_madrl_N2000_K100_H800_nominal_tnative,4,T009,8,2000,100,800,raw/v14_129.npz
leo_madrl_N2000_K100_H800_nominal_tnative,4,T010,9,2000,100,800,raw/v14_129.npz
leo_madrl_N2000_K100_H800_nominal_tnative,4,T011,10,2000,100,800,raw/v14_129.npz
leo_madrl_N2000_K100_H800_nominal_tnative,4,T012,11,2000,100,800,raw/v14_129.npz
leo_madrl_N2000_K100_H800_nominal_tnative,4,T013,12,2000,100,800,raw/v14_129.npz
leo_madrl_N2000_K100_H800_nominal_tnative,4,T014,13,2000,100,800,raw/v14_129.npz
leo_madrl_N2000_K100_H800_nominal_tnative,4,T015,14,2000,100,800,raw/v14_129.npz
leo_madrl_N2000_K100_H800_nominal_tnative,4,T016,15,2000,100,800,raw/v14_129.npz
leo_madrl_N2000_K100_H800_nominal_tnative,4,T017,16,2000,100,800,raw/v14_129.npz
leo_madrl_N2000_K100_H800_nominal_tnative,4,T018,17,2000,100,800,raw/v14_129.npz
leo_madrl_N2000_K100_H800_nominal_tnative,4,T019,18,2000,100,800,raw/v14_129.npz
leo_madrl_N2000_K100_H800_nominal_tnative,4,T020,19,2000,100,800,raw/v14_129.npz
leo_madrl_N2000_K100_H800_nominal_tnative,4,T021,20,2000,100,800,raw/v14_129.npz
leo_madrl_N2000_K100_H800_nominal_tnative,4,T022,21,2000,100,800,raw/v14_129.npz
leo_madrl_N2000_K100_H800_nominal_tnative,4,T023,22,2000,100,800,raw/v14_129.npz
leo_madrl_N2000_K100_H800_nominal_tnative,4,T024,23,2000,100,800,raw/v14_129.npz
leo_madrl_N2000_K100_H800_nominal_tnative,4,T025,24,2000,100,800,raw/v14_129.npz
leo_madrl_N2000_K100_H800_nominal_tnative,4,T026,25,2000,100,800,raw/v14_129.npz
leo_madrl_N2000_K100_H800_nominal_tnative,4,T027,26,2000,100,800,raw/v14_129.npz
leo_madrl_N2000_K100_H800_nominal_tnative,4,T028,27,2000,100,800,raw/v14_129.npz
leo_madrl_N2000_K100_H800_nominal_tnative,4,T029,28,2000,100,800,raw/v14_129.npz
leo_madrl_N2000_K100_H800_nominal_tnative,4,T030,29,2000,100,800,raw/v14_129.npz
leo_madrl_N2000_K100_H800_nominal_tnative,5,T001,0,2000,100,800,raw/v14_130.npz
leo_madrl_N2000_K100_H800_nominal_tnative,5,T002,1,2000,100,800,raw/v14_130.npz
leo_madrl_N2000_K100_H800_nominal_tnative,5,T003,2,2000,100,800,raw/v14_130.npz
leo_madrl_N2000_K100_H800_nominal_tnative,5,T004,3,2000,100,800,raw/v14_130.npz
leo_madrl_N2000_K100_H800_nominal_tnative,5,T005,4,2000,100,800,raw/v14_130.npz
leo_madrl_N2000_K100_H800_nominal_tnative,5,T006,5,2000,100,800,raw/v14_130.npz
leo_madrl_N2000_K100_H800_nominal_tnative,5,T007,6,2000,100,800,raw/v14_130.npz
leo_madrl_N2000_K100_H800_nominal_tnative,5,T008,7,2000,100,800,raw/v14_130.npz
leo_madrl_N2000_K100_H800_nominal_tnative,5,T009,8,2000,100,800,raw/v14_130.npz
leo_madrl_N2000_K100_H800_nominal_tnative,5,T010,9,2000,100,800,raw/v14_130.npz
leo_madrl_N2000_K100_H800_nominal_tnative,5,T011,10,2000,100,800,raw/v14_130.npz
leo_madrl_N2000_K100_H800_nominal_tnative,5,T012,11,2000,100,800,raw/v14_130.npz
leo_madrl_N2000_K100_H800_nominal_tnative,5,T013,12,2000,100,800,raw/v14_130.npz
leo_madrl_N2000_K100_H800_nominal_tnative,5,T014,13,2000,100,800,raw/v14_130.npz
leo_madrl_N2000_K100_H800_nominal_tnative,5,T015,14,2000,100,800,raw/v14_130.npz
leo_madrl_N2000_K100_H800_nominal_tnative,5,T016,15,2000,100,800,raw/v14_130.npz
leo_madrl_N2000_K100_H800_nominal_tnative,5,T017,16,2000,100,800,raw/v14_130.npz
leo_madrl_N2000_K100_H800_nominal_tnative,5,T018,17,2000,100,800,raw/v14_130.npz
leo_madrl_N2000_K100_H800_nominal_tnative,5,T019,18,2000,100,800,raw/v14_130.npz
leo_madrl_N2000_K100_H800_nominal_tnative,5,T020,19,2000,100,800,raw/v14_130.npz
leo_madrl_N2000_K100_H800_nominal_tnative,5,T021,20,2000,100,800,raw/v14_130.npz
leo_madrl_N2000_K100_H800_nominal_tnative,5,T022,21,2000,100,800,raw/v14_130.npz
leo_madrl_N2000_K100_H800_nominal_tnative,5,T023,22,2000,100,800,raw/v14_130.npz
leo_madrl_N2000_K100_H800_nominal_tnative,5,T024,23,2000,100,800,raw/v14_130.npz
leo_madrl_N2000_K100_H800_nominal_tnative,5,T025,24,2000,100,800,raw/v14_130.npz
leo_madrl_N2000_K100_H800_nominal_tnative,5,T026,25,2000,100,800,raw/v14_130.npz
leo_madrl_N2000_K100_H800_nominal_tnative,5,T027,26,2000,100,800,raw/v14_130.npz
leo_madrl_N2000_K100_H800_nominal_tnative,5,T028,27,2000,100,800,raw/v14_130.npz
leo_madrl_N2000_K100_H800_nominal_tnative,5,T029,28,2000,100,800,raw/v14_130.npz
leo_madrl_N2000_K100_H800_nominal_tnative,5,T030,29,2000,100,800,raw/v14_130.npz
leo_madrl_N2000_K200_H200_nominal_tnative,1,T001,0,2000,200,200,raw/v14_131.npz
leo_madrl_N2000_K200_H200_nominal_tnative,1,T002,1,2000,200,200,raw/v14_131.npz
leo_madrl_N2000_K200_H200_nominal_tnative,1,T003,2,2000,200,200,raw/v14_131.npz
leo_madrl_N2000_K200_H200_nominal_tnative,1,T004,3,2000,200,200,raw/v14_131.npz
leo_madrl_N2000_K200_H200_nominal_tnative,1,T005,4,2000,200,200,raw/v14_131.npz
leo_madrl_N2000_K200_H200_nominal_tnative,1,T006,5,2000,200,200,raw/v14_131.npz
leo_madrl_N2000_K200_H200_nominal_tnative,1,T007,6,2000,200,200,raw/v14_131.npz
leo_madrl_N2000_K200_H200_nominal_tnative,1,T008,7,2000,200,200,raw/v14_131.npz
leo_madrl_N2000_K200_H200_nominal_tnative,1,T009,8,2000,200,200,raw/v14_131.npz
leo_madrl_N2000_K200_H200_nominal_tnative,1,T010,9,2000,200,200,raw/v14_131.npz
leo_madrl_N2000_K200_H200_nominal_tnative,1,T011,10,2000,200,200,raw/v14_131.npz
leo_madrl_N2000_K200_H200_nominal_tnative,1,T012,11,2000,200,200,raw/v14_131.npz
leo_madrl_N2000_K200_H200_nominal_tnative,1,T013,12,2000,200,200,raw/v14_131.npz
leo_madrl_N2000_K200_H200_nominal_tnative,1,T014,13,2000,200,200,raw/v14_131.npz
leo_madrl_N2000_K200_H200_nominal_tnative,1,T015,14,2000,200,200,raw/v14_131.npz
leo_madrl_N2000_K200_H200_nominal_tnative,1,T016,15,2000,200,200,raw/v14_131.npz
leo_madrl_N2000_K200_H200_nominal_tnative,1,T017,16,2000,200,200,raw/v14_131.npz
leo_madrl_N2000_K200_H200_nominal_tnative,1,T018,17,2000,200,200,raw/v14_131.npz
leo_madrl_N2000_K200_H200_nominal_tnative,1,T019,18,2000,200,200,raw/v14_131.npz
leo_madrl_N2000_K200_H200_nominal_tnative,1,T020,19,2000,200,200,raw/v14_131.npz
leo_madrl_N2000_K200_H200_nominal_tnative,1,T021,20,2000,200,200,raw/v14_131.npz
leo_madrl_N2000_K200_H200_nominal_tnative,1,T022,21,2000,200,200,raw/v14_131.npz
leo_madrl_N2000_K200_H200_nominal_tnative,1,T023,22,2000,200,200,raw/v14_131.npz
leo_madrl_N2000_K200_H200_nominal_tnative,1,T024,23,2000,200,200,raw/v14_131.npz
leo_madrl_N2000_K200_H200_nominal_tnative,1,T025,24,2000,200,200,raw/v14_131.npz
leo_madrl_N2000_K200_H200_nominal_tnative,1,T026,25,2000,200,200,raw/v14_131.npz
leo_madrl_N2000_K200_H200_nominal_tnative,1,T027,26,2000,200,200,raw/v14_131.npz
leo_madrl_N2000_K200_H200_nominal_tnative,1,T028,27,2000,200,200,raw/v14_131.npz
leo_madrl_N2000_K200_H200_nominal_tnative,1,T029,28,2000,200,200,raw/v14_131.npz
leo_madrl_N2000_K200_H200_nominal_tnative,1,T030,29,2000,200,200,raw/v14_131.npz
leo_madrl_N2000_K200_H200_nominal_tnative,2,T001,0,2000,200,200,raw/v14_132.npz
leo_madrl_N2000_K200_H200_nominal_tnative,2,T002,1,2000,200,200,raw/v14_132.npz
leo_madrl_N2000_K200_H200_nominal_tnative,2,T003,2,2000,200,200,raw/v14_132.npz
leo_madrl_N2000_K200_H200_nominal_tnative,2,T004,3,2000,200,200,raw/v14_132.npz
leo_madrl_N2000_K200_H200_nominal_tnative,2,T005,4,2000,200,200,raw/v14_132.npz
leo_madrl_N2000_K200_H200_nominal_tnative,2,T006,5,2000,200,200,raw/v14_132.npz
leo_madrl_N2000_K200_H200_nominal_tnative,2,T007,6,2000,200,200,raw/v14_132.npz
leo_madrl_N2000_K200_H200_nominal_tnative,2,T008,7,2000,200,200,raw/v14_132.npz
leo_madrl_N2000_K200_H200_nominal_tnative,2,T009,8,2000,200,200,raw/v14_132.npz
leo_madrl_N2000_K200_H200_nominal_tnative,2,T010,9,2000,200,200,raw/v14_132.npz
leo_madrl_N2000_K200_H200_nominal_tnative,2,T011,10,2000,200,200,raw/v14_132.npz
leo_madrl_N2000_K200_H200_nominal_tnative,2,T012,11,2000,200,200,raw/v14_132.npz
leo_madrl_N2000_K200_H200_nominal_tnative,2,T013,12,2000,200,200,raw/v14_132.npz
leo_madrl_N2000_K200_H200_nominal_tnative,2,T014,13,2000,200,200,raw/v14_132.npz
leo_madrl_N2000_K200_H200_nominal_tnative,2,T015,14,2000,200,200,raw/v14_132.npz
leo_madrl_N2000_K200_H200_nominal_tnative,2,T016,15,2000,200,200,raw/v14_132.npz
leo_madrl_N2000_K200_H200_nominal_tnative,2,T017,16,2000,200,200,raw/v14_132.npz
leo_madrl_N2000_K200_H200_nominal_tnative,2,T018,17,2000,200,200,raw/v14_132.npz
leo_madrl_N2000_K200_H200_nominal_tnative,2,T019,18,2000,200,200,raw/v14_132.npz
leo_madrl_N2000_K200_H200_nominal_tnative,2,T020,19,2000,200,200,raw/v14_132.npz
leo_madrl_N2000_K200_H200_nominal_tnative,2,T021,20,2000,200,200,raw/v14_132.npz
leo_madrl_N2000_K200_H200_nominal_tnative,2,T022,21,2000,200,200,raw/v14_132.npz
leo_madrl_N2000_K200_H200_nominal_tnative,2,T023,22,2000,200,200,raw/v14_132.npz
leo_madrl_N2000_K200_H200_nominal_tnative,2,T024,23,2000,200,200,raw/v14_132.npz
leo_madrl_N2000_K200_H200_nominal_tnative,2,T025,24,2000,200,200,raw/v14_132.npz
leo_madrl_N2000_K200_H200_nominal_tnative,2,T026,25,2000,200,200,raw/v14_132.npz
leo_madrl_N2000_K200_H200_nominal_tnative,2,T027,26,2000,200,200,raw/v14_132.npz
leo_madrl_N2000_K200_H200_nominal_tnative,2,T028,27,2000,200,200,raw/v14_132.npz
leo_madrl_N2000_K200_H200_nominal_tnative,2,T029,28,2000,200,200,raw/v14_132.npz
leo_madrl_N2000_K200_H200_nominal_tnative,2,T030,29,2000,200,200,raw/v14_132.npz
leo_madrl_N2000_K200_H200_nominal_tnative,3,T001,0,2000,200,200,raw/v14_133.npz
leo_madrl_N2000_K200_H200_nominal_tnative,3,T002,1,2000,200,200,raw/v14_133.npz
leo_madrl_N2000_K200_H200_nominal_tnative,3,T003,2,2000,200,200,raw/v14_133.npz
leo_madrl_N2000_K200_H200_nominal_tnative,3,T004,3,2000,200,200,raw/v14_133.npz
leo_madrl_N2000_K200_H200_nominal_tnative,3,T005,4,2000,200,200,raw/v14_133.npz
leo_madrl_N2000_K200_H200_nominal_tnative,3,T006,5,2000,200,200,raw/v14_133.npz
leo_madrl_N2000_K200_H200_nominal_tnative,3,T007,6,2000,200,200,raw/v14_133.npz
leo_madrl_N2000_K200_H200_nominal_tnative,3,T008,7,2000,200,200,raw/v14_133.npz
leo_madrl_N2000_K200_H200_nominal_tnative,3,T009,8,2000,200,200,raw/v14_133.npz
leo_madrl_N2000_K200_H200_nominal_tnative,3,T010,9,2000,200,200,raw/v14_133.npz
leo_madrl_N2000_K200_H200_nominal_tnative,3,T011,10,2000,200,200,raw/v14_133.npz
leo_madrl_N2000_K200_H200_nominal_tnative,3,T012,11,2000,200,200,raw/v14_133.npz
leo_madrl_N2000_K200_H200_nominal_tnative,3,T013,12,2000,200,200,raw/v14_133.npz
leo_madrl_N2000_K200_H200_nominal_tnative,3,T014,13,2000,200,200,raw/v14_133.npz
leo_madrl_N2000_K200_H200_nominal_tnative,3,T015,14,2000,200,200,raw/v14_133.npz
leo_madrl_N2000_K200_H200_nominal_tnative,3,T016,15,2000,200,200,raw/v14_133.npz
leo_madrl_N2000_K200_H200_nominal_tnative,3,T017,16,2000,200,200,raw/v14_133.npz
leo_madrl_N2000_K200_H200_nominal_tnative,3,T018,17,2000,200,200,raw/v14_133.npz
leo_madrl_N2000_K200_H200_nominal_tnative,3,T019,18,2000,200,200,raw/v14_133.npz
leo_madrl_N2000_K200_H200_nominal_tnative,3,T020,19,2000,200,200,raw/v14_133.npz
leo_madrl_N2000_K200_H200_nominal_tnative,3,T021,20,2000,200,200,raw/v14_133.npz
leo_madrl_N2000_K200_H200_nominal_tnative,3,T022,21,2000,200,200,raw/v14_133.npz
leo_madrl_N2000_K200_H200_nominal_tnative,3,T023,22,2000,200,200,raw/v14_133.npz
leo_madrl_N2000_K200_H200_nominal_tnative,3,T024,23,2000,200,200,raw/v14_133.npz
leo_madrl_N2000_K200_H200_nominal_tnative,3,T025,24,2000,200,200,raw/v14_133.npz
leo_madrl_N2000_K200_H200_nominal_tnative,3,T026,25,2000,200,200,raw/v14_133.npz
leo_madrl_N2000_K200_H200_nominal_tnative,3,T027,26,2000,200,200,raw/v14_133.npz
leo_madrl_N2000_K200_H200_nominal_tnative,3,T028,27,2000,200,200,raw/v14_133.npz
leo_madrl_N2000_K200_H200_nominal_tnative,3,T029,28,2000,200,200,raw/v14_133.npz
leo_madrl_N2000_K200_H200_nominal_tnative,3,T030,29,2000,200,200,raw/v14_133.npz
leo_madrl_N2000_K200_H200_nominal_tnative,4,T001,0,2000,200,200,raw/v14_134.npz
leo_madrl_N2000_K200_H200_nominal_tnative,4,T002,1,2000,200,200,raw/v14_134.npz
leo_madrl_N2000_K200_H200_nominal_tnative,4,T003,2,2000,200,200,raw/v14_134.npz
leo_madrl_N2000_K200_H200_nominal_tnative,4,T004,3,2000,200,200,raw/v14_134.npz
leo_madrl_N2000_K200_H200_nominal_tnative,4,T005,4,2000,200,200,raw/v14_134.npz
leo_madrl_N2000_K200_H200_nominal_tnative,4,T006,5,2000,200,200,raw/v14_134.npz
leo_madrl_N2000_K200_H200_nominal_tnative,4,T007,6,2000,200,200,raw/v14_134.npz
leo_madrl_N2000_K200_H200_nominal_tnative,4,T008,7,2000,200,200,raw/v14_134.npz
leo_madrl_N2000_K200_H200_nominal_tnative,4,T009,8,2000,200,200,raw/v14_134.npz
leo_madrl_N2000_K200_H200_nominal_tnative,4,T010,9,2000,200,200,raw/v14_134.npz
leo_madrl_N2000_K200_H200_nominal_tnative,4,T011,10,2000,200,200,raw/v14_134.npz
leo_madrl_N2000_K200_H200_nominal_tnative,4,T012,11,2000,200,200,raw/v14_134.npz
leo_madrl_N2000_K200_H200_nominal_tnative,4,T013,12,2000,200,200,raw/v14_134.npz
leo_madrl_N2000_K200_H200_nominal_tnative,4,T014,13,2000,200,200,raw/v14_134.npz
leo_madrl_N2000_K200_H200_nominal_tnative,4,T015,14,2000,200,200,raw/v14_134.npz
leo_madrl_N2000_K200_H200_nominal_tnative,4,T016,15,2000,200,200,raw/v14_134.npz
leo_madrl_N2000_K200_H200_nominal_tnative,4,T017,16,2000,200,200,raw/v14_134.npz
leo_madrl_N2000_K200_H200_nominal_tnative,4,T018,17,2000,200,200,raw/v14_134.npz
leo_madrl_N2000_K200_H200_nominal_tnative,4,T019,18,2000,200,200,raw/v14_134.npz
leo_madrl_N2000_K200_H200_nominal_tnative,4,T020,19,2000,200,200,raw/v14_134.npz
leo_madrl_N2000_K200_H200_nominal_tnative,4,T021,20,2000,200,200,raw/v14_134.npz
leo_madrl_N2000_K200_H200_nominal_tnative,4,T022,21,2000,200,200,raw/v14_134.npz
leo_madrl_N2000_K200_H200_nominal_tnative,4,T023,22,2000,200,200,raw/v14_134.npz
leo_madrl_N2000_K200_H200_nominal_tnative,4,T024,23,2000,200,200,raw/v14_134.npz
leo_madrl_N2000_K200_H200_nominal_tnative,4,T025,24,2000,200,200,raw/v14_134.npz
leo_madrl_N2000_K200_H200_nominal_tnative,4,T026,25,2000,200,200,raw/v14_134.npz
leo_madrl_N2000_K200_H200_nominal_tnative,4,T027,26,2000,200,200,raw/v14_134.npz
leo_madrl_N2000_K200_H200_nominal_tnative,4,T028,27,2000,200,200,raw/v14_134.npz
leo_madrl_N2000_K200_H200_nominal_tnative,4,T029,28,2000,200,200,raw/v14_134.npz
leo_madrl_N2000_K200_H200_nominal_tnative,4,T030,29,2000,200,200,raw/v14_134.npz
leo_madrl_N2000_K200_H200_nominal_tnative,5,T001,0,2000,200,200,raw/v14_135.npz
leo_madrl_N2000_K200_H200_nominal_tnative,5,T002,1,2000,200,200,raw/v14_135.npz
leo_madrl_N2000_K200_H200_nominal_tnative,5,T003,2,2000,200,200,raw/v14_135.npz
leo_madrl_N2000_K200_H200_nominal_tnative,5,T004,3,2000,200,200,raw/v14_135.npz
leo_madrl_N2000_K200_H200_nominal_tnative,5,T005,4,2000,200,200,raw/v14_135.npz
leo_madrl_N2000_K200_H200_nominal_tnative,5,T006,5,2000,200,200,raw/v14_135.npz
leo_madrl_N2000_K200_H200_nominal_tnative,5,T007,6,2000,200,200,raw/v14_135.npz
leo_madrl_N2000_K200_H200_nominal_tnative,5,T008,7,2000,200,200,raw/v14_135.npz
leo_madrl_N2000_K200_H200_nominal_tnative,5,T009,8,2000,200,200,raw/v14_135.npz
leo_madrl_N2000_K200_H200_nominal_tnative,5,T010,9,2000,200,200,raw/v14_135.npz
leo_madrl_N2000_K200_H200_nominal_tnative,5,T011,10,2000,200,200,raw/v14_135.npz
leo_madrl_N2000_K200_H200_nominal_tnative,5,T012,11,2000,200,200,raw/v14_135.npz
leo_madrl_N2000_K200_H200_nominal_tnative,5,T013,12,2000,200,200,raw/v14_135.npz
leo_madrl_N2000_K200_H200_nominal_tnative,5,T014,13,2000,200,200,raw/v14_135.npz
leo_madrl_N2000_K200_H200_nominal_tnative,5,T015,14,2000,200,200,raw/v14_135.npz
leo_madrl_N2000_K200_H200_nominal_tnative,5,T016,15,2000,200,200,raw/v14_135.npz
leo_madrl_N2000_K200_H200_nominal_tnative,5,T017,16,2000,200,200,raw/v14_135.npz
leo_madrl_N2000_K200_H200_nominal_tnative,5,T018,17,2000,200,200,raw/v14_135.npz
leo_madrl_N2000_K200_H200_nominal_tnative,5,T019,18,2000,200,200,raw/v14_135.npz
leo_madrl_N2000_K200_H200_nominal_tnative,5,T020,19,2000,200,200,raw/v14_135.npz
leo_madrl_N2000_K200_H200_nominal_tnative,5,T021,20,2000,200,200,raw/v14_135.npz
leo_madrl_N2000_K200_H200_nominal_tnative,5,T022,21,2000,200,200,raw/v14_135.npz
leo_madrl_N2000_K200_H200_nominal_tnative,5,T023,22,2000,200,200,raw/v14_135.npz
leo_madrl_N2000_K200_H200_nominal_tnative,5,T024,23,2000,200,200,raw/v14_135.npz
leo_madrl_N2000_K200_H200_nominal_tnative,5,T025,24,2000,200,200,raw/v14_135.npz
leo_madrl_N2000_K200_H200_nominal_tnative,5,T026,25,2000,200,200,raw/v14_135.npz
leo_madrl_N2000_K200_H200_nominal_tnative,5,T027,26,2000,200,200,raw/v14_135.npz
leo_madrl_N2000_K200_H200_nominal_tnative,5,T028,27,2000,200,200,raw/v14_135.npz
leo_madrl_N2000_K200_H200_nominal_tnative,5,T029,28,2000,200,200,raw/v14_135.npz
leo_madrl_N2000_K200_H200_nominal_tnative,5,T030,29,2000,200,200,raw/v14_135.npz
leo_madrl_N2000_K300_H200_nominal_tnative,1,T001,0,2000,300,200,raw/v14_136.npz
leo_madrl_N2000_K300_H200_nominal_tnative,1,T002,1,2000,300,200,raw/v14_136.npz
leo_madrl_N2000_K300_H200_nominal_tnative,1,T003,2,2000,300,200,raw/v14_136.npz
leo_madrl_N2000_K300_H200_nominal_tnative,1,T004,3,2000,300,200,raw/v14_136.npz
leo_madrl_N2000_K300_H200_nominal_tnative,1,T005,4,2000,300,200,raw/v14_136.npz
leo_madrl_N2000_K300_H200_nominal_tnative,1,T006,5,2000,300,200,raw/v14_136.npz
leo_madrl_N2000_K300_H200_nominal_tnative,1,T007,6,2000,300,200,raw/v14_136.npz
leo_madrl_N2000_K300_H200_nominal_tnative,1,T008,7,2000,300,200,raw/v14_136.npz
leo_madrl_N2000_K300_H200_nominal_tnative,1,T009,8,2000,300,200,raw/v14_136.npz
leo_madrl_N2000_K300_H200_nominal_tnative,1,T010,9,2000,300,200,raw/v14_136.npz
leo_madrl_N2000_K300_H200_nominal_tnative,1,T011,10,2000,300,200,raw/v14_136.npz
leo_madrl_N2000_K300_H200_nominal_tnative,1,T012,11,2000,300,200,raw/v14_136.npz
leo_madrl_N2000_K300_H200_nominal_tnative,1,T013,12,2000,300,200,raw/v14_136.npz
leo_madrl_N2000_K300_H200_nominal_tnative,1,T014,13,2000,300,200,raw/v14_136.npz
leo_madrl_N2000_K300_H200_nominal_tnative,1,T015,14,2000,300,200,raw/v14_136.npz
leo_madrl_N2000_K300_H200_nominal_tnative,1,T016,15,2000,300,200,raw/v14_136.npz
leo_madrl_N2000_K300_H200_nominal_tnative,1,T017,16,2000,300,200,raw/v14_136.npz
leo_madrl_N2000_K300_H200_nominal_tnative,1,T018,17,2000,300,200,raw/v14_136.npz
leo_madrl_N2000_K300_H200_nominal_tnative,1,T019,18,2000,300,200,raw/v14_136.npz
leo_madrl_N2000_K300_H200_nominal_tnative,1,T020,19,2000,300,200,raw/v14_136.npz
leo_madrl_N2000_K300_H200_nominal_tnative,1,T021,20,2000,300,200,raw/v14_136.npz
leo_madrl_N2000_K300_H200_nominal_tnative,1,T022,21,2000,300,200,raw/v14_136.npz
leo_madrl_N2000_K300_H200_nominal_tnative,1,T023,22,2000,300,200,raw/v14_136.npz
leo_madrl_N2000_K300_H200_nominal_tnative,1,T024,23,2000,300,200,raw/v14_136.npz
leo_madrl_N2000_K300_H200_nominal_tnative,1,T025,24,2000,300,200,raw/v14_136.npz
leo_madrl_N2000_K300_H200_nominal_tnative,1,T026,25,2000,300,200,raw/v14_136.npz
leo_madrl_N2000_K300_H200_nominal_tnative,1,T027,26,2000,300,200,raw/v14_136.npz
leo_madrl_N2000_K300_H200_nominal_tnative,1,T028,27,2000,300,200,raw/v14_136.npz
leo_madrl_N2000_K300_H200_nominal_tnative,1,T029,28,2000,300,200,raw/v14_136.npz
leo_madrl_N2000_K300_H200_nominal_tnative,1,T030,29,2000,300,200,raw/v14_136.npz
leo_madrl_N2000_K300_H200_nominal_tnative,2,T001,0,2000,300,200,raw/v14_137.npz
leo_madrl_N2000_K300_H200_nominal_tnative,2,T002,1,2000,300,200,raw/v14_137.npz
leo_madrl_N2000_K300_H200_nominal_tnative,2,T003,2,2000,300,200,raw/v14_137.npz
leo_madrl_N2000_K300_H200_nominal_tnative,2,T004,3,2000,300,200,raw/v14_137.npz
leo_madrl_N2000_K300_H200_nominal_tnative,2,T005,4,2000,300,200,raw/v14_137.npz
leo_madrl_N2000_K300_H200_nominal_tnative,2,T006,5,2000,300,200,raw/v14_137.npz
leo_madrl_N2000_K300_H200_nominal_tnative,2,T007,6,2000,300,200,raw/v14_137.npz
leo_madrl_N2000_K300_H200_nominal_tnative,2,T008,7,2000,300,200,raw/v14_137.npz
leo_madrl_N2000_K300_H200_nominal_tnative,2,T009,8,2000,300,200,raw/v14_137.npz
leo_madrl_N2000_K300_H200_nominal_tnative,2,T010,9,2000,300,200,raw/v14_137.npz
leo_madrl_N2000_K300_H200_nominal_tnative,2,T011,10,2000,300,200,raw/v14_137.npz
leo_madrl_N2000_K300_H200_nominal_tnative,2,T012,11,2000,300,200,raw/v14_137.npz
leo_madrl_N2000_K300_H200_nominal_tnative,2,T013,12,2000,300,200,raw/v14_137.npz
leo_madrl_N2000_K300_H200_nominal_tnative,2,T014,13,2000,300,200,raw/v14_137.npz
leo_madrl_N2000_K300_H200_nominal_tnative,2,T015,14,2000,300,200,raw/v14_137.npz
leo_madrl_N2000_K300_H200_nominal_tnative,2,T016,15,2000,300,200,raw/v14_137.npz
leo_madrl_N2000_K300_H200_nominal_tnative,2,T017,16,2000,300,200,raw/v14_137.npz
leo_madrl_N2000_K300_H200_nominal_tnative,2,T018,17,2000,300,200,raw/v14_137.npz
leo_madrl_N2000_K300_H200_nominal_tnative,2,T019,18,2000,300,200,raw/v14_137.npz
leo_madrl_N2000_K300_H200_nominal_tnative,2,T020,19,2000,300,200,raw/v14_137.npz
leo_madrl_N2000_K300_H200_nominal_tnative,2,T021,20,2000,300,200,raw/v14_137.npz
leo_madrl_N2000_K300_H200_nominal_tnative,2,T022,21,2000,300,200,raw/v14_137.npz
leo_madrl_N2000_K300_H200_nominal_tnative,2,T023,22,2000,300,200,raw/v14_137.npz
leo_madrl_N2000_K300_H200_nominal_tnative,2,T024,23,2000,300,200,raw/v14_137.npz
leo_madrl_N2000_K300_H200_nominal_tnative,2,T025,24,2000,300,200,raw/v14_137.npz
leo_madrl_N2000_K300_H200_nominal_tnative,2,T026,25,2000,300,200,raw/v14_137.npz
leo_madrl_N2000_K300_H200_nominal_tnative,2,T027,26,2000,300,200,raw/v14_137.npz
leo_madrl_N2000_K300_H200_nominal_tnative,2,T028,27,2000,300,200,raw/v14_137.npz
leo_madrl_N2000_K300_H200_nominal_tnative,2,T029,28,2000,300,200,raw/v14_137.npz
leo_madrl_N2000_K300_H200_nominal_tnative,2,T030,29,2000,300,200,raw/v14_137.npz
leo_madrl_N2000_K300_H200_nominal_tnative,3,T001,0,2000,300,200,raw/v14_138.npz
leo_madrl_N2000_K300_H200_nominal_tnative,3,T002,1,2000,300,200,raw/v14_138.npz
leo_madrl_N2000_K300_H200_nominal_tnative,3,T003,2,2000,300,200,raw/v14_138.npz
leo_madrl_N2000_K300_H200_nominal_tnative,3,T004,3,2000,300,200,raw/v14_138.npz
leo_madrl_N2000_K300_H200_nominal_tnative,3,T005,4,2000,300,200,raw/v14_138.npz
leo_madrl_N2000_K300_H200_nominal_tnative,3,T006,5,2000,300,200,raw/v14_138.npz
leo_madrl_N2000_K300_H200_nominal_tnative,3,T007,6,2000,300,200,raw/v14_138.npz
leo_madrl_N2000_K300_H200_nominal_tnative,3,T008,7,2000,300,200,raw/v14_138.npz
leo_madrl_N2000_K300_H200_nominal_tnative,3,T009,8,2000,300,200,raw/v14_138.npz
leo_madrl_N2000_K300_H200_nominal_tnative,3,T010,9,2000,300,200,raw/v14_138.npz
leo_madrl_N2000_K300_H200_nominal_tnative,3,T011,10,2000,300,200,raw/v14_138.npz
leo_madrl_N2000_K300_H200_nominal_tnative,3,T012,11,2000,300,200,raw/v14_138.npz
leo_madrl_N2000_K300_H200_nominal_tnative,3,T013,12,2000,300,200,raw/v14_138.npz
leo_madrl_N2000_K300_H200_nominal_tnative,3,T014,13,2000,300,200,raw/v14_138.npz
leo_madrl_N2000_K300_H200_nominal_tnative,3,T015,14,2000,300,200,raw/v14_138.npz
leo_madrl_N2000_K300_H200_nominal_tnative,3,T016,15,2000,300,200,raw/v14_138.npz
leo_madrl_N2000_K300_H200_nominal_tnative,3,T017,16,2000,300,200,raw/v14_138.npz
leo_madrl_N2000_K300_H200_nominal_tnative,3,T018,17,2000,300,200,raw/v14_138.npz
leo_madrl_N2000_K300_H200_nominal_tnative,3,T019,18,2000,300,200,raw/v14_138.npz
leo_madrl_N2000_K300_H200_nominal_tnative,3,T020,19,2000,300,200,raw/v14_138.npz
leo_madrl_N2000_K300_H200_nominal_tnative,3,T021,20,2000,300,200,raw/v14_138.npz
leo_madrl_N2000_K300_H200_nominal_tnative,3,T022,21,2000,300,200,raw/v14_138.npz
leo_madrl_N2000_K300_H200_nominal_tnative,3,T023,22,2000,300,200,raw/v14_138.npz
leo_madrl_N2000_K300_H200_nominal_tnative,3,T024,23,2000,300,200,raw/v14_138.npz
leo_madrl_N2000_K300_H200_nominal_tnative,3,T025,24,2000,300,200,raw/v14_138.npz
leo_madrl_N2000_K300_H200_nominal_tnative,3,T026,25,2000,300,200,raw/v14_138.npz
leo_madrl_N2000_K300_H200_nominal_tnative,3,T027,26,2000,300,200,raw/v14_138.npz
leo_madrl_N2000_K300_H200_nominal_tnative,3,T028,27,2000,300,200,raw/v14_138.npz
leo_madrl_N2000_K300_H200_nominal_tnative,3,T029,28,2000,300,200,raw/v14_138.npz
leo_madrl_N2000_K300_H200_nominal_tnative,3,T030,29,2000,300,200,raw/v14_138.npz
leo_madrl_N2000_K300_H200_nominal_tnative,4,T001,0,2000,300,200,raw/v14_139.npz
leo_madrl_N2000_K300_H200_nominal_tnative,4,T002,1,2000,300,200,raw/v14_139.npz
leo_madrl_N2000_K300_H200_nominal_tnative,4,T003,2,2000,300,200,raw/v14_139.npz
leo_madrl_N2000_K300_H200_nominal_tnative,4,T004,3,2000,300,200,raw/v14_139.npz
leo_madrl_N2000_K300_H200_nominal_tnative,4,T005,4,2000,300,200,raw/v14_139.npz
leo_madrl_N2000_K300_H200_nominal_tnative,4,T006,5,2000,300,200,raw/v14_139.npz
leo_madrl_N2000_K300_H200_nominal_tnative,4,T007,6,2000,300,200,raw/v14_139.npz
leo_madrl_N2000_K300_H200_nominal_tnative,4,T008,7,2000,300,200,raw/v14_139.npz
leo_madrl_N2000_K300_H200_nominal_tnative,4,T009,8,2000,300,200,raw/v14_139.npz
leo_madrl_N2000_K300_H200_nominal_tnative,4,T010,9,2000,300,200,raw/v14_139.npz
leo_madrl_N2000_K300_H200_nominal_tnative,4,T011,10,2000,300,200,raw/v14_139.npz
leo_madrl_N2000_K300_H200_nominal_tnative,4,T012,11,2000,300,200,raw/v14_139.npz
leo_madrl_N2000_K300_H200_nominal_tnative,4,T013,12,2000,300,200,raw/v14_139.npz
leo_madrl_N2000_K300_H200_nominal_tnative,4,T014,13,2000,300,200,raw/v14_139.npz
leo_madrl_N2000_K300_H200_nominal_tnative,4,T015,14,2000,300,200,raw/v14_139.npz
leo_madrl_N2000_K300_H200_nominal_tnative,4,T016,15,2000,300,200,raw/v14_139.npz
leo_madrl_N2000_K300_H200_nominal_tnative,4,T017,16,2000,300,200,raw/v14_139.npz
leo_madrl_N2000_K300_H200_nominal_tnative,4,T018,17,2000,300,200,raw/v14_139.npz
leo_madrl_N2000_K300_H200_nominal_tnative,4,T019,18,2000,300,200,raw/v14_139.npz
leo_madrl_N2000_K300_H200_nominal_tnative,4,T020,19,2000,300,200,raw/v14_139.npz
leo_madrl_N2000_K300_H200_nominal_tnative,4,T021,20,2000,300,200,raw/v14_139.npz
leo_madrl_N2000_K300_H200_nominal_tnative,4,T022,21,2000,300,200,raw/v14_139.npz
leo_madrl_N2000_K300_H200_nominal_tnative,4,T023,22,2000,300,200,raw/v14_139.npz
leo_madrl_N2000_K300_H200_nominal_tnative,4,T024,23,2000,300,200,raw/v14_139.npz
leo_madrl_N2000_K300_H200_nominal_tnative,4,T025,24,2000,300,200,raw/v14_139.npz
leo_madrl_N2000_K300_H200_nominal_tnative,4,T026,25,2000,300,200,raw/v14_139.npz
leo_madrl_N2000_K300_H200_nominal_tnative,4,T027,26,2000,300,200,raw/v14_139.npz
leo_madrl_N2000_K300_H200_nominal_tnative,4,T028,27,2000,300,200,raw/v14_139.npz
leo_madrl_N2000_K300_H200_nominal_tnative,4,T029,28,2000,300,200,raw/v14_139.npz
leo_madrl_N2000_K300_H200_nominal_tnative,4,T030,29,2000,300,200,raw/v14_139.npz
leo_madrl_N2000_K300_H200_nominal_tnative,5,T001,0,2000,300,200,raw/v14_140.npz
leo_madrl_N2000_K300_H200_nominal_tnative,5,T002,1,2000,300,200,raw/v14_140.npz
leo_madrl_N2000_K300_H200_nominal_tnative,5,T003,2,2000,300,200,raw/v14_140.npz
leo_madrl_N2000_K300_H200_nominal_tnative,5,T004,3,2000,300,200,raw/v14_140.npz
leo_madrl_N2000_K300_H200_nominal_tnative,5,T005,4,2000,300,200,raw/v14_140.npz
leo_madrl_N2000_K300_H200_nominal_tnative,5,T006,5,2000,300,200,raw/v14_140.npz
leo_madrl_N2000_K300_H200_nominal_tnative,5,T007,6,2000,300,200,raw/v14_140.npz
leo_madrl_N2000_K300_H200_nominal_tnative,5,T008,7,2000,300,200,raw/v14_140.npz
leo_madrl_N2000_K300_H200_nominal_tnative,5,T009,8,2000,300,200,raw/v14_140.npz
leo_madrl_N2000_K300_H200_nominal_tnative,5,T010,9,2000,300,200,raw/v14_140.npz
leo_madrl_N2000_K300_H200_nominal_tnative,5,T011,10,2000,300,200,raw/v14_140.npz
leo_madrl_N2000_K300_H200_nominal_tnative,5,T012,11,2000,300,200,raw/v14_140.npz
leo_madrl_N2000_K300_H200_nominal_tnative,5,T013,12,2000,300,200,raw/v14_140.npz
leo_madrl_N2000_K300_H200_nominal_tnative,5,T014,13,2000,300,200,raw/v14_140.npz
leo_madrl_N2000_K300_H200_nominal_tnative,5,T015,14,2000,300,200,raw/v14_140.npz
leo_madrl_N2000_K300_H200_nominal_tnative,5,T016,15,2000,300,200,raw/v14_140.npz
leo_madrl_N2000_K300_H200_nominal_tnative,5,T017,16,2000,300,200,raw/v14_140.npz
leo_madrl_N2000_K300_H200_nominal_tnative,5,T018,17,2000,300,200,raw/v14_140.npz
leo_madrl_N2000_K300_H200_nominal_tnative,5,T019,18,2000,300,200,raw/v14_140.npz
leo_madrl_N2000_K300_H200_nominal_tnative,5,T020,19,2000,300,200,raw/v14_140.npz
leo_madrl_N2000_K300_H200_nominal_tnative,5,T021,20,2000,300,200,raw/v14_140.npz
leo_madrl_N2000_K300_H200_nominal_tnative,5,T022,21,2000,300,200,raw/v14_140.npz
leo_madrl_N2000_K300_H200_nominal_tnative,5,T023,22,2000,300,200,raw/v14_140.npz
leo_madrl_N2000_K300_H200_nominal_tnative,5,T024,23,2000,300,200,raw/v14_140.npz
leo_madrl_N2000_K300_H200_nominal_tnative,5,T025,24,2000,300,200,raw/v14_140.npz
leo_madrl_N2000_K300_H200_nominal_tnative,5,T026,25,2000,300,200,raw/v14_140.npz
leo_madrl_N2000_K300_H200_nominal_tnative,5,T027,26,2000,300,200,raw/v14_140.npz
leo_madrl_N2000_K300_H200_nominal_tnative,5,T028,27,2000,300,200,raw/v14_140.npz
leo_madrl_N2000_K300_H200_nominal_tnative,5,T029,28,2000,300,200,raw/v14_140.npz
leo_madrl_N2000_K300_H200_nominal_tnative,5,T030,29,2000,300,200,raw/v14_140.npz
leo_madrl_N2000_K400_H200_nominal_tnative,1,T001,0,2000,400,200,raw/v14_141.npz
leo_madrl_N2000_K400_H200_nominal_tnative,1,T002,1,2000,400,200,raw/v14_141.npz
leo_madrl_N2000_K400_H200_nominal_tnative,1,T003,2,2000,400,200,raw/v14_141.npz
leo_madrl_N2000_K400_H200_nominal_tnative,1,T004,3,2000,400,200,raw/v14_141.npz
leo_madrl_N2000_K400_H200_nominal_tnative,1,T005,4,2000,400,200,raw/v14_141.npz
leo_madrl_N2000_K400_H200_nominal_tnative,1,T006,5,2000,400,200,raw/v14_141.npz
leo_madrl_N2000_K400_H200_nominal_tnative,1,T007,6,2000,400,200,raw/v14_141.npz
leo_madrl_N2000_K400_H200_nominal_tnative,1,T008,7,2000,400,200,raw/v14_141.npz
leo_madrl_N2000_K400_H200_nominal_tnative,1,T009,8,2000,400,200,raw/v14_141.npz
leo_madrl_N2000_K400_H200_nominal_tnative,1,T010,9,2000,400,200,raw/v14_141.npz
leo_madrl_N2000_K400_H200_nominal_tnative,1,T011,10,2000,400,200,raw/v14_141.npz
leo_madrl_N2000_K400_H200_nominal_tnative,1,T012,11,2000,400,200,raw/v14_141.npz
leo_madrl_N2000_K400_H200_nominal_tnative,1,T013,12,2000,400,200,raw/v14_141.npz
leo_madrl_N2000_K400_H200_nominal_tnative,1,T014,13,2000,400,200,raw/v14_141.npz
leo_madrl_N2000_K400_H200_nominal_tnative,1,T015,14,2000,400,200,raw/v14_141.npz
leo_madrl_N2000_K400_H200_nominal_tnative,1,T016,15,2000,400,200,raw/v14_141.npz
leo_madrl_N2000_K400_H200_nominal_tnative,1,T017,16,2000,400,200,raw/v14_141.npz
leo_madrl_N2000_K400_H200_nominal_tnative,1,T018,17,2000,400,200,raw/v14_141.npz
leo_madrl_N2000_K400_H200_nominal_tnative,1,T019,18,2000,400,200,raw/v14_141.npz
leo_madrl_N2000_K400_H200_nominal_tnative,1,T020,19,2000,400,200,raw/v14_141.npz
leo_madrl_N2000_K400_H200_nominal_tnative,1,T021,20,2000,400,200,raw/v14_141.npz
leo_madrl_N2000_K400_H200_nominal_tnative,1,T022,21,2000,400,200,raw/v14_141.npz
leo_madrl_N2000_K400_H200_nominal_tnative,1,T023,22,2000,400,200,raw/v14_141.npz
leo_madrl_N2000_K400_H200_nominal_tnative,1,T024,23,2000,400,200,raw/v14_141.npz
leo_madrl_N2000_K400_H200_nominal_tnative,1,T025,24,2000,400,200,raw/v14_141.npz
leo_madrl_N2000_K400_H200_nominal_tnative,1,T026,25,2000,400,200,raw/v14_141.npz
leo_madrl_N2000_K400_H200_nominal_tnative,1,T027,26,2000,400,200,raw/v14_141.npz
leo_madrl_N2000_K400_H200_nominal_tnative,1,T028,27,2000,400,200,raw/v14_141.npz
leo_madrl_N2000_K400_H200_nominal_tnative,1,T029,28,2000,400,200,raw/v14_141.npz
leo_madrl_N2000_K400_H200_nominal_tnative,1,T030,29,2000,400,200,raw/v14_141.npz
leo_madrl_N2000_K400_H200_nominal_tnative,2,T001,0,2000,400,200,raw/v14_142.npz
leo_madrl_N2000_K400_H200_nominal_tnative,2,T002,1,2000,400,200,raw/v14_142.npz
leo_madrl_N2000_K400_H200_nominal_tnative,2,T003,2,2000,400,200,raw/v14_142.npz
leo_madrl_N2000_K400_H200_nominal_tnative,2,T004,3,2000,400,200,raw/v14_142.npz
leo_madrl_N2000_K400_H200_nominal_tnative,2,T005,4,2000,400,200,raw/v14_142.npz
leo_madrl_N2000_K400_H200_nominal_tnative,2,T006,5,2000,400,200,raw/v14_142.npz
leo_madrl_N2000_K400_H200_nominal_tnative,2,T007,6,2000,400,200,raw/v14_142.npz
leo_madrl_N2000_K400_H200_nominal_tnative,2,T008,7,2000,400,200,raw/v14_142.npz
leo_madrl_N2000_K400_H200_nominal_tnative,2,T009,8,2000,400,200,raw/v14_142.npz
leo_madrl_N2000_K400_H200_nominal_tnative,2,T010,9,2000,400,200,raw/v14_142.npz
leo_madrl_N2000_K400_H200_nominal_tnative,2,T011,10,2000,400,200,raw/v14_142.npz
leo_madrl_N2000_K400_H200_nominal_tnative,2,T012,11,2000,400,200,raw/v14_142.npz
leo_madrl_N2000_K400_H200_nominal_tnative,2,T013,12,2000,400,200,raw/v14_142.npz
leo_madrl_N2000_K400_H200_nominal_tnative,2,T014,13,2000,400,200,raw/v14_142.npz
leo_madrl_N2000_K400_H200_nominal_tnative,2,T015,14,2000,400,200,raw/v14_142.npz
leo_madrl_N2000_K400_H200_nominal_tnative,2,T016,15,2000,400,200,raw/v14_142.npz
leo_madrl_N2000_K400_H200_nominal_tnative,2,T017,16,2000,400,200,raw/v14_142.npz
leo_madrl_N2000_K400_H200_nominal_tnative,2,T018,17,2000,400,200,raw/v14_142.npz
leo_madrl_N2000_K400_H200_nominal_tnative,2,T019,18,2000,400,200,raw/v14_142.npz
leo_madrl_N2000_K400_H200_nominal_tnative,2,T020,19,2000,400,200,raw/v14_142.npz
leo_madrl_N2000_K400_H200_nominal_tnative,2,T021,20,2000,400,200,raw/v14_142.npz
leo_madrl_N2000_K400_H200_nominal_tnative,2,T022,21,2000,400,200,raw/v14_142.npz
leo_madrl_N2000_K400_H200_nominal_tnative,2,T023,22,2000,400,200,raw/v14_142.npz
leo_madrl_N2000_K400_H200_nominal_tnative,2,T024,23,2000,400,200,raw/v14_142.npz
leo_madrl_N2000_K400_H200_nominal_tnative,2,T025,24,2000,400,200,raw/v14_142.npz
leo_madrl_N2000_K400_H200_nominal_tnative,2,T026,25,2000,400,200,raw/v14_142.npz
leo_madrl_N2000_K400_H200_nominal_tnative,2,T027,26,2000,400,200,raw/v14_142.npz
leo_madrl_N2000_K400_H200_nominal_tnative,2,T028,27,2000,400,200,raw/v14_142.npz
leo_madrl_N2000_K400_H200_nominal_tnative,2,T029,28,2000,400,200,raw/v14_142.npz
leo_madrl_N2000_K400_H200_nominal_tnative,2,T030,29,2000,400,200,raw/v14_142.npz
leo_madrl_N2000_K400_H200_nominal_tnative,3,T001,0,2000,400,200,raw/v14_143.npz
leo_madrl_N2000_K400_H200_nominal_tnative,3,T002,1,2000,400,200,raw/v14_143.npz
leo_madrl_N2000_K400_H200_nominal_tnative,3,T003,2,2000,400,200,raw/v14_143.npz
leo_madrl_N2000_K400_H200_nominal_tnative,3,T004,3,2000,400,200,raw/v14_143.npz
leo_madrl_N2000_K400_H200_nominal_tnative,3,T005,4,2000,400,200,raw/v14_143.npz
leo_madrl_N2000_K400_H200_nominal_tnative,3,T006,5,2000,400,200,raw/v14_143.npz
leo_madrl_N2000_K400_H200_nominal_tnative,3,T007,6,2000,400,200,raw/v14_143.npz
leo_madrl_N2000_K400_H200_nominal_tnative,3,T008,7,2000,400,200,raw/v14_143.npz
leo_madrl_N2000_K400_H200_nominal_tnative,3,T009,8,2000,400,200,raw/v14_143.npz
leo_madrl_N2000_K400_H200_nominal_tnative,3,T010,9,2000,400,200,raw/v14_143.npz
leo_madrl_N2000_K400_H200_nominal_tnative,3,T011,10,2000,400,200,raw/v14_143.npz
leo_madrl_N2000_K400_H200_nominal_tnative,3,T012,11,2000,400,200,raw/v14_143.npz
leo_madrl_N2000_K400_H200_nominal_tnative,3,T013,12,2000,400,200,raw/v14_143.npz
leo_madrl_N2000_K400_H200_nominal_tnative,3,T014,13,2000,400,200,raw/v14_143.npz
leo_madrl_N2000_K400_H200_nominal_tnative,3,T015,14,2000,400,200,raw/v14_143.npz
leo_madrl_N2000_K400_H200_nominal_tnative,3,T016,15,2000,400,200,raw/v14_143.npz
leo_madrl_N2000_K400_H200_nominal_tnative,3,T017,16,2000,400,200,raw/v14_143.npz
leo_madrl_N2000_K400_H200_nominal_tnative,3,T018,17,2000,400,200,raw/v14_143.npz
leo_madrl_N2000_K400_H200_nominal_tnative,3,T019,18,2000,400,200,raw/v14_143.npz
leo_madrl_N2000_K400_H200_nominal_tnative,3,T020,19,2000,400,200,raw/v14_143.npz
leo_madrl_N2000_K400_H200_nominal_tnative,3,T021,20,2000,400,200,raw/v14_143.npz
leo_madrl_N2000_K400_H200_nominal_tnative,3,T022,21,2000,400,200,raw/v14_143.npz
leo_madrl_N2000_K400_H200_nominal_tnative,3,T023,22,2000,400,200,raw/v14_143.npz
leo_madrl_N2000_K400_H200_nominal_tnative,3,T024,23,2000,400,200,raw/v14_143.npz
leo_madrl_N2000_K400_H200_nominal_tnative,3,T025,24,2000,400,200,raw/v14_143.npz
leo_madrl_N2000_K400_H200_nominal_tnative,3,T026,25,2000,400,200,raw/v14_143.npz
leo_madrl_N2000_K400_H200_nominal_tnative,3,T027,26,2000,400,200,raw/v14_143.npz
leo_madrl_N2000_K400_H200_nominal_tnative,3,T028,27,2000,400,200,raw/v14_143.npz
leo_madrl_N2000_K400_H200_nominal_tnative,3,T029,28,2000,400,200,raw/v14_143.npz
leo_madrl_N2000_K400_H200_nominal_tnative,3,T030,29,2000,400,200,raw/v14_143.npz
leo_madrl_N2000_K400_H200_nominal_tnative,4,T001,0,2000,400,200,raw/v14_144.npz
leo_madrl_N2000_K400_H200_nominal_tnative,4,T002,1,2000,400,200,raw/v14_144.npz
leo_madrl_N2000_K400_H200_nominal_tnative,4,T003,2,2000,400,200,raw/v14_144.npz
leo_madrl_N2000_K400_H200_nominal_tnative,4,T004,3,2000,400,200,raw/v14_144.npz
leo_madrl_N2000_K400_H200_nominal_tnative,4,T005,4,2000,400,200,raw/v14_144.npz
leo_madrl_N2000_K400_H200_nominal_tnative,4,T006,5,2000,400,200,raw/v14_144.npz
leo_madrl_N2000_K400_H200_nominal_tnative,4,T007,6,2000,400,200,raw/v14_144.npz
leo_madrl_N2000_K400_H200_nominal_tnative,4,T008,7,2000,400,200,raw/v14_144.npz
leo_madrl_N2000_K400_H200_nominal_tnative,4,T009,8,2000,400,200,raw/v14_144.npz
leo_madrl_N2000_K400_H200_nominal_tnative,4,T010,9,2000,400,200,raw/v14_144.npz
leo_madrl_N2000_K400_H200_nominal_tnative,4,T011,10,2000,400,200,raw/v14_144.npz
leo_madrl_N2000_K400_H200_nominal_tnative,4,T012,11,2000,400,200,raw/v14_144.npz
leo_madrl_N2000_K400_H200_nominal_tnative,4,T013,12,2000,400,200,raw/v14_144.npz
leo_madrl_N2000_K400_H200_nominal_tnative,4,T014,13,2000,400,200,raw/v14_144.npz
leo_madrl_N2000_K400_H200_nominal_tnative,4,T015,14,2000,400,200,raw/v14_144.npz
leo_madrl_N2000_K400_H200_nominal_tnative,4,T016,15,2000,400,200,raw/v14_144.npz
leo_madrl_N2000_K400_H200_nominal_tnative,4,T017,16,2000,400,200,raw/v14_144.npz
leo_madrl_N2000_K400_H200_nominal_tnative,4,T018,17,2000,400,200,raw/v14_144.npz
leo_madrl_N2000_K400_H200_nominal_tnative,4,T019,18,2000,400,200,raw/v14_144.npz
leo_madrl_N2000_K400_H200_nominal_tnative,4,T020,19,2000,400,200,raw/v14_144.npz
leo_madrl_N2000_K400_H200_nominal_tnative,4,T021,20,2000,400,200,raw/v14_144.npz
leo_madrl_N2000_K400_H200_nominal_tnative,4,T022,21,2000,400,200,raw/v14_144.npz
leo_madrl_N2000_K400_H200_nominal_tnative,4,T023,22,2000,400,200,raw/v14_144.npz
leo_madrl_N2000_K400_H200_nominal_tnative,4,T024,23,2000,400,200,raw/v14_144.npz
leo_madrl_N2000_K400_H200_nominal_tnative,4,T025,24,2000,400,200,raw/v14_144.npz
leo_madrl_N2000_K400_H200_nominal_tnative,4,T026,25,2000,400,200,raw/v14_144.npz
leo_madrl_N2000_K400_H200_nominal_tnative,4,T027,26,2000,400,200,raw/v14_144.npz
leo_madrl_N2000_K400_H200_nominal_tnative,4,T028,27,2000,400,200,raw/v14_144.npz
leo_madrl_N2000_K400_H200_nominal_tnative,4,T029,28,2000,400,200,raw/v14_144.npz
leo_madrl_N2000_K400_H200_nominal_tnative,4,T030,29,2000,400,200,raw/v14_144.npz
leo_madrl_N2000_K400_H200_nominal_tnative,5,T001,0,2000,400,200,raw/v14_145.npz
leo_madrl_N2000_K400_H200_nominal_tnative,5,T002,1,2000,400,200,raw/v14_145.npz
leo_madrl_N2000_K400_H200_nominal_tnative,5,T003,2,2000,400,200,raw/v14_145.npz
leo_madrl_N2000_K400_H200_nominal_tnative,5,T004,3,2000,400,200,raw/v14_145.npz
leo_madrl_N2000_K400_H200_nominal_tnative,5,T005,4,2000,400,200,raw/v14_145.npz
leo_madrl_N2000_K400_H200_nominal_tnative,5,T006,5,2000,400,200,raw/v14_145.npz
leo_madrl_N2000_K400_H200_nominal_tnative,5,T007,6,2000,400,200,raw/v14_145.npz
leo_madrl_N2000_K400_H200_nominal_tnative,5,T008,7,2000,400,200,raw/v14_145.npz
leo_madrl_N2000_K400_H200_nominal_tnative,5,T009,8,2000,400,200,raw/v14_145.npz
leo_madrl_N2000_K400_H200_nominal_tnative,5,T010,9,2000,400,200,raw/v14_145.npz
leo_madrl_N2000_K400_H200_nominal_tnative,5,T011,10,2000,400,200,raw/v14_145.npz
leo_madrl_N2000_K400_H200_nominal_tnative,5,T012,11,2000,400,200,raw/v14_145.npz
leo_madrl_N2000_K400_H200_nominal_tnative,5,T013,12,2000,400,200,raw/v14_145.npz
leo_madrl_N2000_K400_H200_nominal_tnative,5,T014,13,2000,400,200,raw/v14_145.npz
leo_madrl_N2000_K400_H200_nominal_tnative,5,T015,14,2000,400,200,raw/v14_145.npz
leo_madrl_N2000_K400_H200_nominal_tnative,5,T016,15,2000,400,200,raw/v14_145.npz
leo_madrl_N2000_K400_H200_nominal_tnative,5,T017,16,2000,400,200,raw/v14_145.npz
leo_madrl_N2000_K400_H200_nominal_tnative,5,T018,17,2000,400,200,raw/v14_145.npz
leo_madrl_N2000_K400_H200_nominal_tnative,5,T019,18,2000,400,200,raw/v14_145.npz
leo_madrl_N2000_K400_H200_nominal_tnative,5,T020,19,2000,400,200,raw/v14_145.npz
leo_madrl_N2000_K400_H200_nominal_tnative,5,T021,20,2000,400,200,raw/v14_145.npz
leo_madrl_N2000_K400_H200_nominal_tnative,5,T022,21,2000,400,200,raw/v14_145.npz
leo_madrl_N2000_K400_H200_nominal_tnative,5,T023,22,2000,400,200,raw/v14_145.npz
leo_madrl_N2000_K400_H200_nominal_tnative,5,T024,23,2000,400,200,raw/v14_145.npz
leo_madrl_N2000_K400_H200_nominal_tnative,5,T025,24,2000,400,200,raw/v14_145.npz
leo_madrl_N2000_K400_H200_nominal_tnative,5,T026,25,2000,400,200,raw/v14_145.npz
leo_madrl_N2000_K400_H200_nominal_tnative,5,T027,26,2000,400,200,raw/v14_145.npz
leo_madrl_N2000_K400_H200_nominal_tnative,5,T028,27,2000,400,200,raw/v14_145.npz
leo_madrl_N2000_K400_H200_nominal_tnative,5,T029,28,2000,400,200,raw/v14_145.npz
leo_madrl_N2000_K400_H200_nominal_tnative,5,T030,29,2000,400,200,raw/v14_145.npz
leo_madrl_N2000_K500_H200_nominal_tnative,1,T001,0,2000,500,200,raw/v14_146.npz
leo_madrl_N2000_K500_H200_nominal_tnative,1,T002,1,2000,500,200,raw/v14_146.npz
leo_madrl_N2000_K500_H200_nominal_tnative,1,T003,2,2000,500,200,raw/v14_146.npz
leo_madrl_N2000_K500_H200_nominal_tnative,1,T004,3,2000,500,200,raw/v14_146.npz
leo_madrl_N2000_K500_H200_nominal_tnative,1,T005,4,2000,500,200,raw/v14_146.npz
leo_madrl_N2000_K500_H200_nominal_tnative,1,T006,5,2000,500,200,raw/v14_146.npz
leo_madrl_N2000_K500_H200_nominal_tnative,1,T007,6,2000,500,200,raw/v14_146.npz
leo_madrl_N2000_K500_H200_nominal_tnative,1,T008,7,2000,500,200,raw/v14_146.npz
leo_madrl_N2000_K500_H200_nominal_tnative,1,T009,8,2000,500,200,raw/v14_146.npz
leo_madrl_N2000_K500_H200_nominal_tnative,1,T010,9,2000,500,200,raw/v14_146.npz
leo_madrl_N2000_K500_H200_nominal_tnative,1,T011,10,2000,500,200,raw/v14_146.npz
leo_madrl_N2000_K500_H200_nominal_tnative,1,T012,11,2000,500,200,raw/v14_146.npz
leo_madrl_N2000_K500_H200_nominal_tnative,1,T013,12,2000,500,200,raw/v14_146.npz
leo_madrl_N2000_K500_H200_nominal_tnative,1,T014,13,2000,500,200,raw/v14_146.npz
leo_madrl_N2000_K500_H200_nominal_tnative,1,T015,14,2000,500,200,raw/v14_146.npz
leo_madrl_N2000_K500_H200_nominal_tnative,1,T016,15,2000,500,200,raw/v14_146.npz
leo_madrl_N2000_K500_H200_nominal_tnative,1,T017,16,2000,500,200,raw/v14_146.npz
leo_madrl_N2000_K500_H200_nominal_tnative,1,T018,17,2000,500,200,raw/v14_146.npz
leo_madrl_N2000_K500_H200_nominal_tnative,1,T019,18,2000,500,200,raw/v14_146.npz
leo_madrl_N2000_K500_H200_nominal_tnative,1,T020,19,2000,500,200,raw/v14_146.npz
leo_madrl_N2000_K500_H200_nominal_tnative,1,T021,20,2000,500,200,raw/v14_146.npz
leo_madrl_N2000_K500_H200_nominal_tnative,1,T022,21,2000,500,200,raw/v14_146.npz
leo_madrl_N2000_K500_H200_nominal_tnative,1,T023,22,2000,500,200,raw/v14_146.npz
leo_madrl_N2000_K500_H200_nominal_tnative,1,T024,23,2000,500,200,raw/v14_146.npz
leo_madrl_N2000_K500_H200_nominal_tnative,1,T025,24,2000,500,200,raw/v14_146.npz
leo_madrl_N2000_K500_H200_nominal_tnative,1,T026,25,2000,500,200,raw/v14_146.npz
leo_madrl_N2000_K500_H200_nominal_tnative,1,T027,26,2000,500,200,raw/v14_146.npz
leo_madrl_N2000_K500_H200_nominal_tnative,1,T028,27,2000,500,200,raw/v14_146.npz
leo_madrl_N2000_K500_H200_nominal_tnative,1,T029,28,2000,500,200,raw/v14_146.npz
leo_madrl_N2000_K500_H200_nominal_tnative,1,T030,29,2000,500,200,raw/v14_146.npz
leo_madrl_N2000_K500_H200_nominal_tnative,2,T001,0,2000,500,200,raw/v14_147.npz
leo_madrl_N2000_K500_H200_nominal_tnative,2,T002,1,2000,500,200,raw/v14_147.npz
leo_madrl_N2000_K500_H200_nominal_tnative,2,T003,2,2000,500,200,raw/v14_147.npz
leo_madrl_N2000_K500_H200_nominal_tnative,2,T004,3,2000,500,200,raw/v14_147.npz
leo_madrl_N2000_K500_H200_nominal_tnative,2,T005,4,2000,500,200,raw/v14_147.npz
leo_madrl_N2000_K500_H200_nominal_tnative,2,T006,5,2000,500,200,raw/v14_147.npz
leo_madrl_N2000_K500_H200_nominal_tnative,2,T007,6,2000,500,200,raw/v14_147.npz
leo_madrl_N2000_K500_H200_nominal_tnative,2,T008,7,2000,500,200,raw/v14_147.npz
leo_madrl_N2000_K500_H200_nominal_tnative,2,T009,8,2000,500,200,raw/v14_147.npz
leo_madrl_N2000_K500_H200_nominal_tnative,2,T010,9,2000,500,200,raw/v14_147.npz
leo_madrl_N2000_K500_H200_nominal_tnative,2,T011,10,2000,500,200,raw/v14_147.npz
leo_madrl_N2000_K500_H200_nominal_tnative,2,T012,11,2000,500,200,raw/v14_147.npz
leo_madrl_N2000_K500_H200_nominal_tnative,2,T013,12,2000,500,200,raw/v14_147.npz
leo_madrl_N2000_K500_H200_nominal_tnative,2,T014,13,2000,500,200,raw/v14_147.npz
leo_madrl_N2000_K500_H200_nominal_tnative,2,T015,14,2000,500,200,raw/v14_147.npz
leo_madrl_N2000_K500_H200_nominal_tnative,2,T016,15,2000,500,200,raw/v14_147.npz
leo_madrl_N2000_K500_H200_nominal_tnative,2,T017,16,2000,500,200,raw/v14_147.npz
leo_madrl_N2000_K500_H200_nominal_tnative,2,T018,17,2000,500,200,raw/v14_147.npz
leo_madrl_N2000_K500_H200_nominal_tnative,2,T019,18,2000,500,200,raw/v14_147.npz
leo_madrl_N2000_K500_H200_nominal_tnative,2,T020,19,2000,500,200,raw/v14_147.npz
leo_madrl_N2000_K500_H200_nominal_tnative,2,T021,20,2000,500,200,raw/v14_147.npz
leo_madrl_N2000_K500_H200_nominal_tnative,2,T022,21,2000,500,200,raw/v14_147.npz
leo_madrl_N2000_K500_H200_nominal_tnative,2,T023,22,2000,500,200,raw/v14_147.npz
leo_madrl_N2000_K500_H200_nominal_tnative,2,T024,23,2000,500,200,raw/v14_147.npz
leo_madrl_N2000_K500_H200_nominal_tnative,2,T025,24,2000,500,200,raw/v14_147.npz
leo_madrl_N2000_K500_H200_nominal_tnative,2,T026,25,2000,500,200,raw/v14_147.npz
leo_madrl_N2000_K500_H200_nominal_tnative,2,T027,26,2000,500,200,raw/v14_147.npz
leo_madrl_N2000_K500_H200_nominal_tnative,2,T028,27,2000,500,200,raw/v14_147.npz
leo_madrl_N2000_K500_H200_nominal_tnative,2,T029,28,2000,500,200,raw/v14_147.npz
leo_madrl_N2000_K500_H200_nominal_tnative,2,T030,29,2000,500,200,raw/v14_147.npz
leo_madrl_N2000_K500_H200_nominal_tnative,3,T001,0,2000,500,200,raw/v14_148.npz
leo_madrl_N2000_K500_H200_nominal_tnative,3,T002,1,2000,500,200,raw/v14_148.npz
leo_madrl_N2000_K500_H200_nominal_tnative,3,T003,2,2000,500,200,raw/v14_148.npz
leo_madrl_N2000_K500_H200_nominal_tnative,3,T004,3,2000,500,200,raw/v14_148.npz
leo_madrl_N2000_K500_H200_nominal_tnative,3,T005,4,2000,500,200,raw/v14_148.npz
leo_madrl_N2000_K500_H200_nominal_tnative,3,T006,5,2000,500,200,raw/v14_148.npz
leo_madrl_N2000_K500_H200_nominal_tnative,3,T007,6,2000,500,200,raw/v14_148.npz
leo_madrl_N2000_K500_H200_nominal_tnative,3,T008,7,2000,500,200,raw/v14_148.npz
leo_madrl_N2000_K500_H200_nominal_tnative,3,T009,8,2000,500,200,raw/v14_148.npz
leo_madrl_N2000_K500_H200_nominal_tnative,3,T010,9,2000,500,200,raw/v14_148.npz
leo_madrl_N2000_K500_H200_nominal_tnative,3,T011,10,2000,500,200,raw/v14_148.npz
leo_madrl_N2000_K500_H200_nominal_tnative,3,T012,11,2000,500,200,raw/v14_148.npz
leo_madrl_N2000_K500_H200_nominal_tnative,3,T013,12,2000,500,200,raw/v14_148.npz
leo_madrl_N2000_K500_H200_nominal_tnative,3,T014,13,2000,500,200,raw/v14_148.npz
leo_madrl_N2000_K500_H200_nominal_tnative,3,T015,14,2000,500,200,raw/v14_148.npz
leo_madrl_N2000_K500_H200_nominal_tnative,3,T016,15,2000,500,200,raw/v14_148.npz
leo_madrl_N2000_K500_H200_nominal_tnative,3,T017,16,2000,500,200,raw/v14_148.npz
leo_madrl_N2000_K500_H200_nominal_tnative,3,T018,17,2000,500,200,raw/v14_148.npz
leo_madrl_N2000_K500_H200_nominal_tnative,3,T019,18,2000,500,200,raw/v14_148.npz
leo_madrl_N2000_K500_H200_nominal_tnative,3,T020,19,2000,500,200,raw/v14_148.npz
leo_madrl_N2000_K500_H200_nominal_tnative,3,T021,20,2000,500,200,raw/v14_148.npz
leo_madrl_N2000_K500_H200_nominal_tnative,3,T022,21,2000,500,200,raw/v14_148.npz
leo_madrl_N2000_K500_H200_nominal_tnative,3,T023,22,2000,500,200,raw/v14_148.npz
leo_madrl_N2000_K500_H200_nominal_tnative,3,T024,23,2000,500,200,raw/v14_148.npz
leo_madrl_N2000_K500_H200_nominal_tnative,3,T025,24,2000,500,200,raw/v14_148.npz
leo_madrl_N2000_K500_H200_nominal_tnative,3,T026,25,2000,500,200,raw/v14_148.npz
leo_madrl_N2000_K500_H200_nominal_tnative,3,T027,26,2000,500,200,raw/v14_148.npz
leo_madrl_N2000_K500_H200_nominal_tnative,3,T028,27,2000,500,200,raw/v14_148.npz
leo_madrl_N2000_K500_H200_nominal_tnative,3,T029,28,2000,500,200,raw/v14_148.npz
leo_madrl_N2000_K500_H200_nominal_tnative,3,T030,29,2000,500,200,raw/v14_148.npz
leo_madrl_N2000_K500_H200_nominal_tnative,4,T001,0,2000,500,200,raw/v14_149.npz
leo_madrl_N2000_K500_H200_nominal_tnative,4,T002,1,2000,500,200,raw/v14_149.npz
leo_madrl_N2000_K500_H200_nominal_tnative,4,T003,2,2000,500,200,raw/v14_149.npz
leo_madrl_N2000_K500_H200_nominal_tnative,4,T004,3,2000,500,200,raw/v14_149.npz
leo_madrl_N2000_K500_H200_nominal_tnative,4,T005,4,2000,500,200,raw/v14_149.npz
leo_madrl_N2000_K500_H200_nominal_tnative,4,T006,5,2000,500,200,raw/v14_149.npz
leo_madrl_N2000_K500_H200_nominal_tnative,4,T007,6,2000,500,200,raw/v14_149.npz
leo_madrl_N2000_K500_H200_nominal_tnative,4,T008,7,2000,500,200,raw/v14_149.npz
leo_madrl_N2000_K500_H200_nominal_tnative,4,T009,8,2000,500,200,raw/v14_149.npz
leo_madrl_N2000_K500_H200_nominal_tnative,4,T010,9,2000,500,200,raw/v14_149.npz
leo_madrl_N2000_K500_H200_nominal_tnative,4,T011,10,2000,500,200,raw/v14_149.npz
leo_madrl_N2000_K500_H200_nominal_tnative,4,T012,11,2000,500,200,raw/v14_149.npz
leo_madrl_N2000_K500_H200_nominal_tnative,4,T013,12,2000,500,200,raw/v14_149.npz
leo_madrl_N2000_K500_H200_nominal_tnative,4,T014,13,2000,500,200,raw/v14_149.npz
leo_madrl_N2000_K500_H200_nominal_tnative,4,T015,14,2000,500,200,raw/v14_149.npz
leo_madrl_N2000_K500_H200_nominal_tnative,4,T016,15,2000,500,200,raw/v14_149.npz
leo_madrl_N2000_K500_H200_nominal_tnative,4,T017,16,2000,500,200,raw/v14_149.npz
leo_madrl_N2000_K500_H200_nominal_tnative,4,T018,17,2000,500,200,raw/v14_149.npz
leo_madrl_N2000_K500_H200_nominal_tnative,4,T019,18,2000,500,200,raw/v14_149.npz
leo_madrl_N2000_K500_H200_nominal_tnative,4,T020,19,2000,500,200,raw/v14_149.npz
leo_madrl_N2000_K500_H200_nominal_tnative,4,T021,20,2000,500,200,raw/v14_149.npz
leo_madrl_N2000_K500_H200_nominal_tnative,4,T022,21,2000,500,200,raw/v14_149.npz
leo_madrl_N2000_K500_H200_nominal_tnative,4,T023,22,2000,500,200,raw/v14_149.npz
leo_madrl_N2000_K500_H200_nominal_tnative,4,T024,23,2000,500,200,raw/v14_149.npz
leo_madrl_N2000_K500_H200_nominal_tnative,4,T025,24,2000,500,200,raw/v14_149.npz
leo_madrl_N2000_K500_H200_nominal_tnative,4,T026,25,2000,500,200,raw/v14_149.npz
leo_madrl_N2000_K500_H200_nominal_tnative,4,T027,26,2000,500,200,raw/v14_149.npz
leo_madrl_N2000_K500_H200_nominal_tnative,4,T028,27,2000,500,200,raw/v14_149.npz
leo_madrl_N2000_K500_H200_nominal_tnative,4,T029,28,2000,500,200,raw/v14_149.npz
leo_madrl_N2000_K500_H200_nominal_tnative,4,T030,29,2000,500,200,raw/v14_149.npz
leo_madrl_N2000_K500_H200_nominal_tnative,5,T001,0,2000,500,200,raw/v14_150.npz
leo_madrl_N2000_K500_H200_nominal_tnative,5,T002,1,2000,500,200,raw/v14_150.npz
leo_madrl_N2000_K500_H200_nominal_tnative,5,T003,2,2000,500,200,raw/v14_150.npz
leo_madrl_N2000_K500_H200_nominal_tnative,5,T004,3,2000,500,200,raw/v14_150.npz
leo_madrl_N2000_K500_H200_nominal_tnative,5,T005,4,2000,500,200,raw/v14_150.npz
leo_madrl_N2000_K500_H200_nominal_tnative,5,T006,5,2000,500,200,raw/v14_150.npz
leo_madrl_N2000_K500_H200_nominal_tnative,5,T007,6,2000,500,200,raw/v14_150.npz
leo_madrl_N2000_K500_H200_nominal_tnative,5,T008,7,2000,500,200,raw/v14_150.npz
leo_madrl_N2000_K500_H200_nominal_tnative,5,T009,8,2000,500,200,raw/v14_150.npz
leo_madrl_N2000_K500_H200_nominal_tnative,5,T010,9,2000,500,200,raw/v14_150.npz
leo_madrl_N2000_K500_H200_nominal_tnative,5,T011,10,2000,500,200,raw/v14_150.npz
leo_madrl_N2000_K500_H200_nominal_tnative,5,T012,11,2000,500,200,raw/v14_150.npz
leo_madrl_N2000_K500_H200_nominal_tnative,5,T013,12,2000,500,200,raw/v14_150.npz
leo_madrl_N2000_K500_H200_nominal_tnative,5,T014,13,2000,500,200,raw/v14_150.npz
leo_madrl_N2000_K500_H200_nominal_tnative,5,T015,14,2000,500,200,raw/v14_150.npz
leo_madrl_N2000_K500_H200_nominal_tnative,5,T016,15,2000,500,200,raw/v14_150.npz
leo_madrl_N2000_K500_H200_nominal_tnative,5,T017,16,2000,500,200,raw/v14_150.npz
leo_madrl_N2000_K500_H200_nominal_tnative,5,T018,17,2000,500,200,raw/v14_150.npz
leo_madrl_N2000_K500_H200_nominal_tnative,5,T019,18,2000,500,200,raw/v14_150.npz
leo_madrl_N2000_K500_H200_nominal_tnative,5,T020,19,2000,500,200,raw/v14_150.npz
leo_madrl_N2000_K500_H200_nominal_tnative,5,T021,20,2000,500,200,raw/v14_150.npz
leo_madrl_N2000_K500_H200_nominal_tnative,5,T022,21,2000,500,200,raw/v14_150.npz
leo_madrl_N2000_K500_H200_nominal_tnative,5,T023,22,2000,500,200,raw/v14_150.npz
leo_madrl_N2000_K500_H200_nominal_tnative,5,T024,23,2000,500,200,raw/v14_150.npz
leo_madrl_N2000_K500_H200_nominal_tnative,5,T025,24,2000,500,200,raw/v14_150.npz
leo_madrl_N2000_K500_H200_nominal_tnative,5,T026,25,2000,500,200,raw/v14_150.npz
leo_madrl_N2000_K500_H200_nominal_tnative,5,T027,26,2000,500,200,raw/v14_150.npz
leo_madrl_N2000_K500_H200_nominal_tnative,5,T028,27,2000,500,200,raw/v14_150.npz
leo_madrl_N2000_K500_H200_nominal_tnative,5,T029,28,2000,500,200,raw/v14_150.npz
leo_madrl_N2000_K500_H200_nominal_tnative,5,T030,29,2000,500,200,raw/v14_150.npz
greedy_analytic_N500_K100_H200_nominal_t0p05,,T001,0,500,100,200,raw/v14_151.npz
greedy_analytic_N500_K100_H200_nominal_t0p05,,T002,1,500,100,200,raw/v14_151.npz
greedy_analytic_N500_K100_H200_nominal_t0p05,,T003,2,500,100,200,raw/v14_151.npz
greedy_analytic_N500_K100_H200_nominal_t0p05,,T004,3,500,100,200,raw/v14_151.npz
greedy_analytic_N500_K100_H200_nominal_t0p05,,T005,4,500,100,200,raw/v14_151.npz
greedy_analytic_N500_K100_H200_nominal_t0p05,,T006,5,500,100,200,raw/v14_151.npz
greedy_analytic_N500_K100_H200_nominal_t0p05,,T007,6,500,100,200,raw/v14_151.npz
greedy_analytic_N500_K100_H200_nominal_t0p05,,T008,7,500,100,200,raw/v14_151.npz
greedy_analytic_N500_K100_H200_nominal_t0p05,,T009,8,500,100,200,raw/v14_151.npz
greedy_analytic_N500_K100_H200_nominal_t0p05,,T010,9,500,100,200,raw/v14_151.npz
greedy_analytic_N500_K100_H200_nominal_t0p05,,T011,10,500,100,200,raw/v14_151.npz
greedy_analytic_N500_K100_H200_nominal_t0p05,,T012,11,500,100,200,raw/v14_151.npz
greedy_analytic_N500_K100_H200_nominal_t0p05,,T013,12,500,100,200,raw/v14_151.npz
greedy_analytic_N500_K100_H200_nominal_t0p05,,T014,13,500,100,200,raw/v14_151.npz
greedy_analytic_N500_K100_H200_nominal_t0p05,,T015,14,500,100,200,raw/v14_151.npz
greedy_analytic_N500_K100_H200_nominal_t0p05,,T016,15,500,100,200,raw/v14_151.npz
greedy_analytic_N500_K100_H200_nominal_t0p05,,T017,16,500,100,200,raw/v14_151.npz
greedy_analytic_N500_K100_H200_nominal_t0p05,,T018,17,500,100,200,raw/v14_151.npz
greedy_analytic_N500_K100_H200_nominal_t0p05,,T019,18,500,100,200,raw/v14_151.npz
greedy_analytic_N500_K100_H200_nominal_t0p05,,T020,19,500,100,200,raw/v14_151.npz
greedy_analytic_N500_K100_H200_nominal_t0p05,,T021,20,500,100,200,raw/v14_151.npz
greedy_analytic_N500_K100_H200_nominal_t0p05,,T022,21,500,100,200,raw/v14_151.npz
greedy_analytic_N500_K100_H200_nominal_t0p05,,T023,22,500,100,200,raw/v14_151.npz
greedy_analytic_N500_K100_H200_nominal_t0p05,,T024,23,500,100,200,raw/v14_151.npz
greedy_analytic_N500_K100_H200_nominal_t0p05,,T025,24,500,100,200,raw/v14_151.npz
greedy_analytic_N500_K100_H200_nominal_t0p05,,T026,25,500,100,200,raw/v14_151.npz
greedy_analytic_N500_K100_H200_nominal_t0p05,,T027,26,500,100,200,raw/v14_151.npz
greedy_analytic_N500_K100_H200_nominal_t0p05,,T028,27,500,100,200,raw/v14_151.npz
greedy_analytic_N500_K100_H200_nominal_t0p05,,T029,28,500,100,200,raw/v14_151.npz
greedy_analytic_N500_K100_H200_nominal_t0p05,,T030,29,500,100,200,raw/v14_151.npz
greedy_analytic_N1000_K100_H200_nominal_t0p05,,T001,0,1000,100,200,raw/v14_152.npz
greedy_analytic_N1000_K100_H200_nominal_t0p05,,T002,1,1000,100,200,raw/v14_152.npz
greedy_analytic_N1000_K100_H200_nominal_t0p05,,T003,2,1000,100,200,raw/v14_152.npz
greedy_analytic_N1000_K100_H200_nominal_t0p05,,T004,3,1000,100,200,raw/v14_152.npz
greedy_analytic_N1000_K100_H200_nominal_t0p05,,T005,4,1000,100,200,raw/v14_152.npz
greedy_analytic_N1000_K100_H200_nominal_t0p05,,T006,5,1000,100,200,raw/v14_152.npz
greedy_analytic_N1000_K100_H200_nominal_t0p05,,T007,6,1000,100,200,raw/v14_152.npz
greedy_analytic_N1000_K100_H200_nominal_t0p05,,T008,7,1000,100,200,raw/v14_152.npz
greedy_analytic_N1000_K100_H200_nominal_t0p05,,T009,8,1000,100,200,raw/v14_152.npz
greedy_analytic_N1000_K100_H200_nominal_t0p05,,T010,9,1000,100,200,raw/v14_152.npz
greedy_analytic_N1000_K100_H200_nominal_t0p05,,T011,10,1000,100,200,raw/v14_152.npz
greedy_analytic_N1000_K100_H200_nominal_t0p05,,T012,11,1000,100,200,raw/v14_152.npz
greedy_analytic_N1000_K100_H200_nominal_t0p05,,T013,12,1000,100,200,raw/v14_152.npz
greedy_analytic_N1000_K100_H200_nominal_t0p05,,T014,13,1000,100,200,raw/v14_152.npz
greedy_analytic_N1000_K100_H200_nominal_t0p05,,T015,14,1000,100,200,raw/v14_152.npz
greedy_analytic_N1000_K100_H200_nominal_t0p05,,T016,15,1000,100,200,raw/v14_152.npz
greedy_analytic_N1000_K100_H200_nominal_t0p05,,T017,16,1000,100,200,raw/v14_152.npz
greedy_analytic_N1000_K100_H200_nominal_t0p05,,T018,17,1000,100,200,raw/v14_152.npz
greedy_analytic_N1000_K100_H200_nominal_t0p05,,T019,18,1000,100,200,raw/v14_152.npz
greedy_analytic_N1000_K100_H200_nominal_t0p05,,T020,19,1000,100,200,raw/v14_152.npz
greedy_analytic_N1000_K100_H200_nominal_t0p05,,T021,20,1000,100,200,raw/v14_152.npz
greedy_analytic_N1000_K100_H200_nominal_t0p05,,T022,21,1000,100,200,raw/v14_152.npz
greedy_analytic_N1000_K100_H200_nominal_t0p05,,T023,22,1000,100,200,raw/v14_152.npz
greedy_analytic_N1000_K100_H200_nominal_t0p05,,T024,23,1000,100,200,raw/v14_152.npz
greedy_analytic_N1000_K100_H200_nominal_t0p05,,T025,24,1000,100,200,raw/v14_152.npz
greedy_analytic_N1000_K100_H200_nominal_t0p05,,T026,25,1000,100,200,raw/v14_152.npz
greedy_analytic_N1000_K100_H200_nominal_t0p05,,T027,26,1000,100,200,raw/v14_152.npz
greedy_analytic_N1000_K100_H200_nominal_t0p05,,T028,27,1000,100,200,raw/v14_152.npz
greedy_analytic_N1000_K100_H200_nominal_t0p05,,T029,28,1000,100,200,raw/v14_152.npz
greedy_analytic_N1000_K100_H200_nominal_t0p05,,T030,29,1000,100,200,raw/v14_152.npz
cox_only_N500_K100_H200_nominal_t0p05,,T001,0,500,100,200,raw/v14_153.npz
cox_only_N500_K100_H200_nominal_t0p05,,T002,1,500,100,200,raw/v14_153.npz
cox_only_N500_K100_H200_nominal_t0p05,,T003,2,500,100,200,raw/v14_153.npz
cox_only_N500_K100_H200_nominal_t0p05,,T004,3,500,100,200,raw/v14_153.npz
cox_only_N500_K100_H200_nominal_t0p05,,T005,4,500,100,200,raw/v14_153.npz
cox_only_N500_K100_H200_nominal_t0p05,,T006,5,500,100,200,raw/v14_153.npz
cox_only_N500_K100_H200_nominal_t0p05,,T007,6,500,100,200,raw/v14_153.npz
cox_only_N500_K100_H200_nominal_t0p05,,T008,7,500,100,200,raw/v14_153.npz
cox_only_N500_K100_H200_nominal_t0p05,,T009,8,500,100,200,raw/v14_153.npz
cox_only_N500_K100_H200_nominal_t0p05,,T010,9,500,100,200,raw/v14_153.npz
cox_only_N500_K100_H200_nominal_t0p05,,T011,10,500,100,200,raw/v14_153.npz
cox_only_N500_K100_H200_nominal_t0p05,,T012,11,500,100,200,raw/v14_153.npz
cox_only_N500_K100_H200_nominal_t0p05,,T013,12,500,100,200,raw/v14_153.npz
cox_only_N500_K100_H200_nominal_t0p05,,T014,13,500,100,200,raw/v14_153.npz
cox_only_N500_K100_H200_nominal_t0p05,,T015,14,500,100,200,raw/v14_153.npz
cox_only_N500_K100_H200_nominal_t0p05,,T016,15,500,100,200,raw/v14_153.npz
cox_only_N500_K100_H200_nominal_t0p05,,T017,16,500,100,200,raw/v14_153.npz
cox_only_N500_K100_H200_nominal_t0p05,,T018,17,500,100,200,raw/v14_153.npz
cox_only_N500_K100_H200_nominal_t0p05,,T019,18,500,100,200,raw/v14_153.npz
cox_only_N500_K100_H200_nominal_t0p05,,T020,19,500,100,200,raw/v14_153.npz
cox_only_N500_K100_H200_nominal_t0p05,,T021,20,500,100,200,raw/v14_153.npz
cox_only_N500_K100_H200_nominal_t0p05,,T022,21,500,100,200,raw/v14_153.npz
cox_only_N500_K100_H200_nominal_t0p05,,T023,22,500,100,200,raw/v14_153.npz
cox_only_N500_K100_H200_nominal_t0p05,,T024,23,500,100,200,raw/v14_153.npz
cox_only_N500_K100_H200_nominal_t0p05,,T025,24,500,100,200,raw/v14_153.npz
cox_only_N500_K100_H200_nominal_t0p05,,T026,25,500,100,200,raw/v14_153.npz
cox_only_N500_K100_H200_nominal_t0p05,,T027,26,500,100,200,raw/v14_153.npz
cox_only_N500_K100_H200_nominal_t0p05,,T028,27,500,100,200,raw/v14_153.npz
cox_only_N500_K100_H200_nominal_t0p05,,T029,28,500,100,200,raw/v14_153.npz
cox_only_N500_K100_H200_nominal_t0p05,,T030,29,500,100,200,raw/v14_153.npz
cox_only_N1000_K100_H200_nominal_t0p05,,T001,0,1000,100,200,raw/v14_154.npz
cox_only_N1000_K100_H200_nominal_t0p05,,T002,1,1000,100,200,raw/v14_154.npz
cox_only_N1000_K100_H200_nominal_t0p05,,T003,2,1000,100,200,raw/v14_154.npz
cox_only_N1000_K100_H200_nominal_t0p05,,T004,3,1000,100,200,raw/v14_154.npz
cox_only_N1000_K100_H200_nominal_t0p05,,T005,4,1000,100,200,raw/v14_154.npz
cox_only_N1000_K100_H200_nominal_t0p05,,T006,5,1000,100,200,raw/v14_154.npz
cox_only_N1000_K100_H200_nominal_t0p05,,T007,6,1000,100,200,raw/v14_154.npz
cox_only_N1000_K100_H200_nominal_t0p05,,T008,7,1000,100,200,raw/v14_154.npz
cox_only_N1000_K100_H200_nominal_t0p05,,T009,8,1000,100,200,raw/v14_154.npz
cox_only_N1000_K100_H200_nominal_t0p05,,T010,9,1000,100,200,raw/v14_154.npz
cox_only_N1000_K100_H200_nominal_t0p05,,T011,10,1000,100,200,raw/v14_154.npz
cox_only_N1000_K100_H200_nominal_t0p05,,T012,11,1000,100,200,raw/v14_154.npz
cox_only_N1000_K100_H200_nominal_t0p05,,T013,12,1000,100,200,raw/v14_154.npz
cox_only_N1000_K100_H200_nominal_t0p05,,T014,13,1000,100,200,raw/v14_154.npz
cox_only_N1000_K100_H200_nominal_t0p05,,T015,14,1000,100,200,raw/v14_154.npz
cox_only_N1000_K100_H200_nominal_t0p05,,T016,15,1000,100,200,raw/v14_154.npz
cox_only_N1000_K100_H200_nominal_t0p05,,T017,16,1000,100,200,raw/v14_154.npz
cox_only_N1000_K100_H200_nominal_t0p05,,T018,17,1000,100,200,raw/v14_154.npz
cox_only_N1000_K100_H200_nominal_t0p05,,T019,18,1000,100,200,raw/v14_154.npz
cox_only_N1000_K100_H200_nominal_t0p05,,T020,19,1000,100,200,raw/v14_154.npz
cox_only_N1000_K100_H200_nominal_t0p05,,T021,20,1000,100,200,raw/v14_154.npz
cox_only_N1000_K100_H200_nominal_t0p05,,T022,21,1000,100,200,raw/v14_154.npz
cox_only_N1000_K100_H200_nominal_t0p05,,T023,22,1000,100,200,raw/v14_154.npz
cox_only_N1000_K100_H200_nominal_t0p05,,T024,23,1000,100,200,raw/v14_154.npz
cox_only_N1000_K100_H200_nominal_t0p05,,T025,24,1000,100,200,raw/v14_154.npz
cox_only_N1000_K100_H200_nominal_t0p05,,T026,25,1000,100,200,raw/v14_154.npz
cox_only_N1000_K100_H200_nominal_t0p05,,T027,26,1000,100,200,raw/v14_154.npz
cox_only_N1000_K100_H200_nominal_t0p05,,T028,27,1000,100,200,raw/v14_154.npz
cox_only_N1000_K100_H200_nominal_t0p05,,T029,28,1000,100,200,raw/v14_154.npz
cox_only_N1000_K100_H200_nominal_t0p05,,T030,29,1000,100,200,raw/v14_154.npz
no_triplet_N500_K100_H200_nominal_t0p05,1,T001,0,500,100,200,raw/v14_155.npz
no_triplet_N500_K100_H200_nominal_t0p05,1,T002,1,500,100,200,raw/v14_155.npz
no_triplet_N500_K100_H200_nominal_t0p05,1,T003,2,500,100,200,raw/v14_155.npz
no_triplet_N500_K100_H200_nominal_t0p05,1,T004,3,500,100,200,raw/v14_155.npz
no_triplet_N500_K100_H200_nominal_t0p05,1,T005,4,500,100,200,raw/v14_155.npz
no_triplet_N500_K100_H200_nominal_t0p05,1,T006,5,500,100,200,raw/v14_155.npz
no_triplet_N500_K100_H200_nominal_t0p05,1,T007,6,500,100,200,raw/v14_155.npz
no_triplet_N500_K100_H200_nominal_t0p05,1,T008,7,500,100,200,raw/v14_155.npz
no_triplet_N500_K100_H200_nominal_t0p05,1,T009,8,500,100,200,raw/v14_155.npz
no_triplet_N500_K100_H200_nominal_t0p05,1,T010,9,500,100,200,raw/v14_155.npz
no_triplet_N500_K100_H200_nominal_t0p05,1,T011,10,500,100,200,raw/v14_155.npz
no_triplet_N500_K100_H200_nominal_t0p05,1,T012,11,500,100,200,raw/v14_155.npz
no_triplet_N500_K100_H200_nominal_t0p05,1,T013,12,500,100,200,raw/v14_155.npz
no_triplet_N500_K100_H200_nominal_t0p05,1,T014,13,500,100,200,raw/v14_155.npz
no_triplet_N500_K100_H200_nominal_t0p05,1,T015,14,500,100,200,raw/v14_155.npz
no_triplet_N500_K100_H200_nominal_t0p05,1,T016,15,500,100,200,raw/v14_155.npz
no_triplet_N500_K100_H200_nominal_t0p05,1,T017,16,500,100,200,raw/v14_155.npz
no_triplet_N500_K100_H200_nominal_t0p05,1,T018,17,500,100,200,raw/v14_155.npz
no_triplet_N500_K100_H200_nominal_t0p05,1,T019,18,500,100,200,raw/v14_155.npz
no_triplet_N500_K100_H200_nominal_t0p05,1,T020,19,500,100,200,raw/v14_155.npz
no_triplet_N500_K100_H200_nominal_t0p05,1,T021,20,500,100,200,raw/v14_155.npz
no_triplet_N500_K100_H200_nominal_t0p05,1,T022,21,500,100,200,raw/v14_155.npz
no_triplet_N500_K100_H200_nominal_t0p05,1,T023,22,500,100,200,raw/v14_155.npz
no_triplet_N500_K100_H200_nominal_t0p05,1,T024,23,500,100,200,raw/v14_155.npz
no_triplet_N500_K100_H200_nominal_t0p05,1,T025,24,500,100,200,raw/v14_155.npz
no_triplet_N500_K100_H200_nominal_t0p05,1,T026,25,500,100,200,raw/v14_155.npz
no_triplet_N500_K100_H200_nominal_t0p05,1,T027,26,500,100,200,raw/v14_155.npz
no_triplet_N500_K100_H200_nominal_t0p05,1,T028,27,500,100,200,raw/v14_155.npz
no_triplet_N500_K100_H200_nominal_t0p05,1,T029,28,500,100,200,raw/v14_155.npz
no_triplet_N500_K100_H200_nominal_t0p05,1,T030,29,500,100,200,raw/v14_155.npz
no_triplet_N500_K100_H200_nominal_t0p05,2,T001,0,500,100,200,raw/v14_156.npz
no_triplet_N500_K100_H200_nominal_t0p05,2,T002,1,500,100,200,raw/v14_156.npz
no_triplet_N500_K100_H200_nominal_t0p05,2,T003,2,500,100,200,raw/v14_156.npz
no_triplet_N500_K100_H200_nominal_t0p05,2,T004,3,500,100,200,raw/v14_156.npz
no_triplet_N500_K100_H200_nominal_t0p05,2,T005,4,500,100,200,raw/v14_156.npz
no_triplet_N500_K100_H200_nominal_t0p05,2,T006,5,500,100,200,raw/v14_156.npz
no_triplet_N500_K100_H200_nominal_t0p05,2,T007,6,500,100,200,raw/v14_156.npz
no_triplet_N500_K100_H200_nominal_t0p05,2,T008,7,500,100,200,raw/v14_156.npz
no_triplet_N500_K100_H200_nominal_t0p05,2,T009,8,500,100,200,raw/v14_156.npz
no_triplet_N500_K100_H200_nominal_t0p05,2,T010,9,500,100,200,raw/v14_156.npz
no_triplet_N500_K100_H200_nominal_t0p05,2,T011,10,500,100,200,raw/v14_156.npz
no_triplet_N500_K100_H200_nominal_t0p05,2,T012,11,500,100,200,raw/v14_156.npz
no_triplet_N500_K100_H200_nominal_t0p05,2,T013,12,500,100,200,raw/v14_156.npz
no_triplet_N500_K100_H200_nominal_t0p05,2,T014,13,500,100,200,raw/v14_156.npz
no_triplet_N500_K100_H200_nominal_t0p05,2,T015,14,500,100,200,raw/v14_156.npz
no_triplet_N500_K100_H200_nominal_t0p05,2,T016,15,500,100,200,raw/v14_156.npz
no_triplet_N500_K100_H200_nominal_t0p05,2,T017,16,500,100,200,raw/v14_156.npz
no_triplet_N500_K100_H200_nominal_t0p05,2,T018,17,500,100,200,raw/v14_156.npz
no_triplet_N500_K100_H200_nominal_t0p05,2,T019,18,500,100,200,raw/v14_156.npz
no_triplet_N500_K100_H200_nominal_t0p05,2,T020,19,500,100,200,raw/v14_156.npz
no_triplet_N500_K100_H200_nominal_t0p05,2,T021,20,500,100,200,raw/v14_156.npz
no_triplet_N500_K100_H200_nominal_t0p05,2,T022,21,500,100,200,raw/v14_156.npz
no_triplet_N500_K100_H200_nominal_t0p05,2,T023,22,500,100,200,raw/v14_156.npz
no_triplet_N500_K100_H200_nominal_t0p05,2,T024,23,500,100,200,raw/v14_156.npz
no_triplet_N500_K100_H200_nominal_t0p05,2,T025,24,500,100,200,raw/v14_156.npz
no_triplet_N500_K100_H200_nominal_t0p05,2,T026,25,500,100,200,raw/v14_156.npz
no_triplet_N500_K100_H200_nominal_t0p05,2,T027,26,500,100,200,raw/v14_156.npz
no_triplet_N500_K100_H200_nominal_t0p05,2,T028,27,500,100,200,raw/v14_156.npz
no_triplet_N500_K100_H200_nominal_t0p05,2,T029,28,500,100,200,raw/v14_156.npz
no_triplet_N500_K100_H200_nominal_t0p05,2,T030,29,500,100,200,raw/v14_156.npz
no_triplet_N500_K100_H200_nominal_t0p05,3,T001,0,500,100,200,raw/v14_157.npz
no_triplet_N500_K100_H200_nominal_t0p05,3,T002,1,500,100,200,raw/v14_157.npz
no_triplet_N500_K100_H200_nominal_t0p05,3,T003,2,500,100,200,raw/v14_157.npz
no_triplet_N500_K100_H200_nominal_t0p05,3,T004,3,500,100,200,raw/v14_157.npz
no_triplet_N500_K100_H200_nominal_t0p05,3,T005,4,500,100,200,raw/v14_157.npz
no_triplet_N500_K100_H200_nominal_t0p05,3,T006,5,500,100,200,raw/v14_157.npz
no_triplet_N500_K100_H200_nominal_t0p05,3,T007,6,500,100,200,raw/v14_157.npz
no_triplet_N500_K100_H200_nominal_t0p05,3,T008,7,500,100,200,raw/v14_157.npz
no_triplet_N500_K100_H200_nominal_t0p05,3,T009,8,500,100,200,raw/v14_157.npz
no_triplet_N500_K100_H200_nominal_t0p05,3,T010,9,500,100,200,raw/v14_157.npz
no_triplet_N500_K100_H200_nominal_t0p05,3,T011,10,500,100,200,raw/v14_157.npz
no_triplet_N500_K100_H200_nominal_t0p05,3,T012,11,500,100,200,raw/v14_157.npz
no_triplet_N500_K100_H200_nominal_t0p05,3,T013,12,500,100,200,raw/v14_157.npz
no_triplet_N500_K100_H200_nominal_t0p05,3,T014,13,500,100,200,raw/v14_157.npz
no_triplet_N500_K100_H200_nominal_t0p05,3,T015,14,500,100,200,raw/v14_157.npz
no_triplet_N500_K100_H200_nominal_t0p05,3,T016,15,500,100,200,raw/v14_157.npz
no_triplet_N500_K100_H200_nominal_t0p05,3,T017,16,500,100,200,raw/v14_157.npz
no_triplet_N500_K100_H200_nominal_t0p05,3,T018,17,500,100,200,raw/v14_157.npz
no_triplet_N500_K100_H200_nominal_t0p05,3,T019,18,500,100,200,raw/v14_157.npz
no_triplet_N500_K100_H200_nominal_t0p05,3,T020,19,500,100,200,raw/v14_157.npz
no_triplet_N500_K100_H200_nominal_t0p05,3,T021,20,500,100,200,raw/v14_157.npz
no_triplet_N500_K100_H200_nominal_t0p05,3,T022,21,500,100,200,raw/v14_157.npz
no_triplet_N500_K100_H200_nominal_t0p05,3,T023,22,500,100,200,raw/v14_157.npz
no_triplet_N500_K100_H200_nominal_t0p05,3,T024,23,500,100,200,raw/v14_157.npz
no_triplet_N500_K100_H200_nominal_t0p05,3,T025,24,500,100,200,raw/v14_157.npz
no_triplet_N500_K100_H200_nominal_t0p05,3,T026,25,500,100,200,raw/v14_157.npz
no_triplet_N500_K100_H200_nominal_t0p05,3,T027,26,500,100,200,raw/v14_157.npz
no_triplet_N500_K100_H200_nominal_t0p05,3,T028,27,500,100,200,raw/v14_157.npz
no_triplet_N500_K100_H200_nominal_t0p05,3,T029,28,500,100,200,raw/v14_157.npz
no_triplet_N500_K100_H200_nominal_t0p05,3,T030,29,500,100,200,raw/v14_157.npz
no_triplet_N500_K100_H200_nominal_t0p05,4,T001,0,500,100,200,raw/v14_158.npz
no_triplet_N500_K100_H200_nominal_t0p05,4,T002,1,500,100,200,raw/v14_158.npz
no_triplet_N500_K100_H200_nominal_t0p05,4,T003,2,500,100,200,raw/v14_158.npz
no_triplet_N500_K100_H200_nominal_t0p05,4,T004,3,500,100,200,raw/v14_158.npz
no_triplet_N500_K100_H200_nominal_t0p05,4,T005,4,500,100,200,raw/v14_158.npz
no_triplet_N500_K100_H200_nominal_t0p05,4,T006,5,500,100,200,raw/v14_158.npz
no_triplet_N500_K100_H200_nominal_t0p05,4,T007,6,500,100,200,raw/v14_158.npz
no_triplet_N500_K100_H200_nominal_t0p05,4,T008,7,500,100,200,raw/v14_158.npz
no_triplet_N500_K100_H200_nominal_t0p05,4,T009,8,500,100,200,raw/v14_158.npz
no_triplet_N500_K100_H200_nominal_t0p05,4,T010,9,500,100,200,raw/v14_158.npz
no_triplet_N500_K100_H200_nominal_t0p05,4,T011,10,500,100,200,raw/v14_158.npz
no_triplet_N500_K100_H200_nominal_t0p05,4,T012,11,500,100,200,raw/v14_158.npz
no_triplet_N500_K100_H200_nominal_t0p05,4,T013,12,500,100,200,raw/v14_158.npz
no_triplet_N500_K100_H200_nominal_t0p05,4,T014,13,500,100,200,raw/v14_158.npz
no_triplet_N500_K100_H200_nominal_t0p05,4,T015,14,500,100,200,raw/v14_158.npz
no_triplet_N500_K100_H200_nominal_t0p05,4,T016,15,500,100,200,raw/v14_158.npz
no_triplet_N500_K100_H200_nominal_t0p05,4,T017,16,500,100,200,raw/v14_158.npz
no_triplet_N500_K100_H200_nominal_t0p05,4,T018,17,500,100,200,raw/v14_158.npz
no_triplet_N500_K100_H200_nominal_t0p05,4,T019,18,500,100,200,raw/v14_158.npz
no_triplet_N500_K100_H200_nominal_t0p05,4,T020,19,500,100,200,raw/v14_158.npz
no_triplet_N500_K100_H200_nominal_t0p05,4,T021,20,500,100,200,raw/v14_158.npz
no_triplet_N500_K100_H200_nominal_t0p05,4,T022,21,500,100,200,raw/v14_158.npz
no_triplet_N500_K100_H200_nominal_t0p05,4,T023,22,500,100,200,raw/v14_158.npz
no_triplet_N500_K100_H200_nominal_t0p05,4,T024,23,500,100,200,raw/v14_158.npz
no_triplet_N500_K100_H200_nominal_t0p05,4,T025,24,500,100,200,raw/v14_158.npz
no_triplet_N500_K100_H200_nominal_t0p05,4,T026,25,500,100,200,raw/v14_158.npz
no_triplet_N500_K100_H200_nominal_t0p05,4,T027,26,500,100,200,raw/v14_158.npz
no_triplet_N500_K100_H200_nominal_t0p05,4,T028,27,500,100,200,raw/v14_158.npz
no_triplet_N500_K100_H200_nominal_t0p05,4,T029,28,500,100,200,raw/v14_158.npz
no_triplet_N500_K100_H200_nominal_t0p05,4,T030,29,500,100,200,raw/v14_158.npz
no_triplet_N500_K100_H200_nominal_t0p05,5,T001,0,500,100,200,raw/v14_159.npz
no_triplet_N500_K100_H200_nominal_t0p05,5,T002,1,500,100,200,raw/v14_159.npz
no_triplet_N500_K100_H200_nominal_t0p05,5,T003,2,500,100,200,raw/v14_159.npz
no_triplet_N500_K100_H200_nominal_t0p05,5,T004,3,500,100,200,raw/v14_159.npz
no_triplet_N500_K100_H200_nominal_t0p05,5,T005,4,500,100,200,raw/v14_159.npz
no_triplet_N500_K100_H200_nominal_t0p05,5,T006,5,500,100,200,raw/v14_159.npz
no_triplet_N500_K100_H200_nominal_t0p05,5,T007,6,500,100,200,raw/v14_159.npz
no_triplet_N500_K100_H200_nominal_t0p05,5,T008,7,500,100,200,raw/v14_159.npz
no_triplet_N500_K100_H200_nominal_t0p05,5,T009,8,500,100,200,raw/v14_159.npz
no_triplet_N500_K100_H200_nominal_t0p05,5,T010,9,500,100,200,raw/v14_159.npz
no_triplet_N500_K100_H200_nominal_t0p05,5,T011,10,500,100,200,raw/v14_159.npz
no_triplet_N500_K100_H200_nominal_t0p05,5,T012,11,500,100,200,raw/v14_159.npz
no_triplet_N500_K100_H200_nominal_t0p05,5,T013,12,500,100,200,raw/v14_159.npz
no_triplet_N500_K100_H200_nominal_t0p05,5,T014,13,500,100,200,raw/v14_159.npz
no_triplet_N500_K100_H200_nominal_t0p05,5,T015,14,500,100,200,raw/v14_159.npz
no_triplet_N500_K100_H200_nominal_t0p05,5,T016,15,500,100,200,raw/v14_159.npz
no_triplet_N500_K100_H200_nominal_t0p05,5,T017,16,500,100,200,raw/v14_159.npz
no_triplet_N500_K100_H200_nominal_t0p05,5,T018,17,500,100,200,raw/v14_159.npz
no_triplet_N500_K100_H200_nominal_t0p05,5,T019,18,500,100,200,raw/v14_159.npz
no_triplet_N500_K100_H200_nominal_t0p05,5,T020,19,500,100,200,raw/v14_159.npz
no_triplet_N500_K100_H200_nominal_t0p05,5,T021,20,500,100,200,raw/v14_159.npz
no_triplet_N500_K100_H200_nominal_t0p05,5,T022,21,500,100,200,raw/v14_159.npz
no_triplet_N500_K100_H200_nominal_t0p05,5,T023,22,500,100,200,raw/v14_159.npz
no_triplet_N500_K100_H200_nominal_t0p05,5,T024,23,500,100,200,raw/v14_159.npz
no_triplet_N500_K100_H200_nominal_t0p05,5,T025,24,500,100,200,raw/v14_159.npz
no_triplet_N500_K100_H200_nominal_t0p05,5,T026,25,500,100,200,raw/v14_159.npz
no_triplet_N500_K100_H200_nominal_t0p05,5,T027,26,500,100,200,raw/v14_159.npz
no_triplet_N500_K100_H200_nominal_t0p05,5,T028,27,500,100,200,raw/v14_159.npz
no_triplet_N500_K100_H200_nominal_t0p05,5,T029,28,500,100,200,raw/v14_159.npz
no_triplet_N500_K100_H200_nominal_t0p05,5,T030,29,500,100,200,raw/v14_159.npz
no_triplet_N1000_K100_H200_nominal_t0p05,1,T001,0,1000,100,200,raw/v14_160.npz
no_triplet_N1000_K100_H200_nominal_t0p05,1,T002,1,1000,100,200,raw/v14_160.npz
no_triplet_N1000_K100_H200_nominal_t0p05,1,T003,2,1000,100,200,raw/v14_160.npz
no_triplet_N1000_K100_H200_nominal_t0p05,1,T004,3,1000,100,200,raw/v14_160.npz
no_triplet_N1000_K100_H200_nominal_t0p05,1,T005,4,1000,100,200,raw/v14_160.npz
no_triplet_N1000_K100_H200_nominal_t0p05,1,T006,5,1000,100,200,raw/v14_160.npz
no_triplet_N1000_K100_H200_nominal_t0p05,1,T007,6,1000,100,200,raw/v14_160.npz
no_triplet_N1000_K100_H200_nominal_t0p05,1,T008,7,1000,100,200,raw/v14_160.npz
no_triplet_N1000_K100_H200_nominal_t0p05,1,T009,8,1000,100,200,raw/v14_160.npz
no_triplet_N1000_K100_H200_nominal_t0p05,1,T010,9,1000,100,200,raw/v14_160.npz
no_triplet_N1000_K100_H200_nominal_t0p05,1,T011,10,1000,100,200,raw/v14_160.npz
no_triplet_N1000_K100_H200_nominal_t0p05,1,T012,11,1000,100,200,raw/v14_160.npz
no_triplet_N1000_K100_H200_nominal_t0p05,1,T013,12,1000,100,200,raw/v14_160.npz
no_triplet_N1000_K100_H200_nominal_t0p05,1,T014,13,1000,100,200,raw/v14_160.npz
no_triplet_N1000_K100_H200_nominal_t0p05,1,T015,14,1000,100,200,raw/v14_160.npz
no_triplet_N1000_K100_H200_nominal_t0p05,1,T016,15,1000,100,200,raw/v14_160.npz
no_triplet_N1000_K100_H200_nominal_t0p05,1,T017,16,1000,100,200,raw/v14_160.npz
no_triplet_N1000_K100_H200_nominal_t0p05,1,T018,17,1000,100,200,raw/v14_160.npz
no_triplet_N1000_K100_H200_nominal_t0p05,1,T019,18,1000,100,200,raw/v14_160.npz
no_triplet_N1000_K100_H200_nominal_t0p05,1,T020,19,1000,100,200,raw/v14_160.npz
no_triplet_N1000_K100_H200_nominal_t0p05,1,T021,20,1000,100,200,raw/v14_160.npz
no_triplet_N1000_K100_H200_nominal_t0p05,1,T022,21,1000,100,200,raw/v14_160.npz
no_triplet_N1000_K100_H200_nominal_t0p05,1,T023,22,1000,100,200,raw/v14_160.npz
no_triplet_N1000_K100_H200_nominal_t0p05,1,T024,23,1000,100,200,raw/v14_160.npz
no_triplet_N1000_K100_H200_nominal_t0p05,1,T025,24,1000,100,200,raw/v14_160.npz
no_triplet_N1000_K100_H200_nominal_t0p05,1,T026,25,1000,100,200,raw/v14_160.npz
no_triplet_N1000_K100_H200_nominal_t0p05,1,T027,26,1000,100,200,raw/v14_160.npz
no_triplet_N1000_K100_H200_nominal_t0p05,1,T028,27,1000,100,200,raw/v14_160.npz
no_triplet_N1000_K100_H200_nominal_t0p05,1,T029,28,1000,100,200,raw/v14_160.npz
no_triplet_N1000_K100_H200_nominal_t0p05,1,T030,29,1000,100,200,raw/v14_160.npz
no_triplet_N1000_K100_H200_nominal_t0p05,2,T001,0,1000,100,200,raw/v14_161.npz
no_triplet_N1000_K100_H200_nominal_t0p05,2,T002,1,1000,100,200,raw/v14_161.npz
no_triplet_N1000_K100_H200_nominal_t0p05,2,T003,2,1000,100,200,raw/v14_161.npz
no_triplet_N1000_K100_H200_nominal_t0p05,2,T004,3,1000,100,200,raw/v14_161.npz
no_triplet_N1000_K100_H200_nominal_t0p05,2,T005,4,1000,100,200,raw/v14_161.npz
no_triplet_N1000_K100_H200_nominal_t0p05,2,T006,5,1000,100,200,raw/v14_161.npz
no_triplet_N1000_K100_H200_nominal_t0p05,2,T007,6,1000,100,200,raw/v14_161.npz
no_triplet_N1000_K100_H200_nominal_t0p05,2,T008,7,1000,100,200,raw/v14_161.npz
no_triplet_N1000_K100_H200_nominal_t0p05,2,T009,8,1000,100,200,raw/v14_161.npz
no_triplet_N1000_K100_H200_nominal_t0p05,2,T010,9,1000,100,200,raw/v14_161.npz
no_triplet_N1000_K100_H200_nominal_t0p05,2,T011,10,1000,100,200,raw/v14_161.npz
no_triplet_N1000_K100_H200_nominal_t0p05,2,T012,11,1000,100,200,raw/v14_161.npz
no_triplet_N1000_K100_H200_nominal_t0p05,2,T013,12,1000,100,200,raw/v14_161.npz
no_triplet_N1000_K100_H200_nominal_t0p05,2,T014,13,1000,100,200,raw/v14_161.npz
no_triplet_N1000_K100_H200_nominal_t0p05,2,T015,14,1000,100,200,raw/v14_161.npz
no_triplet_N1000_K100_H200_nominal_t0p05,2,T016,15,1000,100,200,raw/v14_161.npz
no_triplet_N1000_K100_H200_nominal_t0p05,2,T017,16,1000,100,200,raw/v14_161.npz
no_triplet_N1000_K100_H200_nominal_t0p05,2,T018,17,1000,100,200,raw/v14_161.npz
no_triplet_N1000_K100_H200_nominal_t0p05,2,T019,18,1000,100,200,raw/v14_161.npz
no_triplet_N1000_K100_H200_nominal_t0p05,2,T020,19,1000,100,200,raw/v14_161.npz
no_triplet_N1000_K100_H200_nominal_t0p05,2,T021,20,1000,100,200,raw/v14_161.npz
no_triplet_N1000_K100_H200_nominal_t0p05,2,T022,21,1000,100,200,raw/v14_161.npz
no_triplet_N1000_K100_H200_nominal_t0p05,2,T023,22,1000,100,200,raw/v14_161.npz
no_triplet_N1000_K100_H200_nominal_t0p05,2,T024,23,1000,100,200,raw/v14_161.npz
no_triplet_N1000_K100_H200_nominal_t0p05,2,T025,24,1000,100,200,raw/v14_161.npz
no_triplet_N1000_K100_H200_nominal_t0p05,2,T026,25,1000,100,200,raw/v14_161.npz
no_triplet_N1000_K100_H200_nominal_t0p05,2,T027,26,1000,100,200,raw/v14_161.npz
no_triplet_N1000_K100_H200_nominal_t0p05,2,T028,27,1000,100,200,raw/v14_161.npz
no_triplet_N1000_K100_H200_nominal_t0p05,2,T029,28,1000,100,200,raw/v14_161.npz
no_triplet_N1000_K100_H200_nominal_t0p05,2,T030,29,1000,100,200,raw/v14_161.npz
no_triplet_N1000_K100_H200_nominal_t0p05,3,T001,0,1000,100,200,raw/v14_162.npz
no_triplet_N1000_K100_H200_nominal_t0p05,3,T002,1,1000,100,200,raw/v14_162.npz
no_triplet_N1000_K100_H200_nominal_t0p05,3,T003,2,1000,100,200,raw/v14_162.npz
no_triplet_N1000_K100_H200_nominal_t0p05,3,T004,3,1000,100,200,raw/v14_162.npz
no_triplet_N1000_K100_H200_nominal_t0p05,3,T005,4,1000,100,200,raw/v14_162.npz
no_triplet_N1000_K100_H200_nominal_t0p05,3,T006,5,1000,100,200,raw/v14_162.npz
no_triplet_N1000_K100_H200_nominal_t0p05,3,T007,6,1000,100,200,raw/v14_162.npz
no_triplet_N1000_K100_H200_nominal_t0p05,3,T008,7,1000,100,200,raw/v14_162.npz
no_triplet_N1000_K100_H200_nominal_t0p05,3,T009,8,1000,100,200,raw/v14_162.npz
no_triplet_N1000_K100_H200_nominal_t0p05,3,T010,9,1000,100,200,raw/v14_162.npz
no_triplet_N1000_K100_H200_nominal_t0p05,3,T011,10,1000,100,200,raw/v14_162.npz
no_triplet_N1000_K100_H200_nominal_t0p05,3,T012,11,1000,100,200,raw/v14_162.npz
no_triplet_N1000_K100_H200_nominal_t0p05,3,T013,12,1000,100,200,raw/v14_162.npz
no_triplet_N1000_K100_H200_nominal_t0p05,3,T014,13,1000,100,200,raw/v14_162.npz
no_triplet_N1000_K100_H200_nominal_t0p05,3,T015,14,1000,100,200,raw/v14_162.npz
no_triplet_N1000_K100_H200_nominal_t0p05,3,T016,15,1000,100,200,raw/v14_162.npz
no_triplet_N1000_K100_H200_nominal_t0p05,3,T017,16,1000,100,200,raw/v14_162.npz
no_triplet_N1000_K100_H200_nominal_t0p05,3,T018,17,1000,100,200,raw/v14_162.npz
no_triplet_N1000_K100_H200_nominal_t0p05,3,T019,18,1000,100,200,raw/v14_162.npz
no_triplet_N1000_K100_H200_nominal_t0p05,3,T020,19,1000,100,200,raw/v14_162.npz
no_triplet_N1000_K100_H200_nominal_t0p05,3,T021,20,1000,100,200,raw/v14_162.npz
no_triplet_N1000_K100_H200_nominal_t0p05,3,T022,21,1000,100,200,raw/v14_162.npz
no_triplet_N1000_K100_H200_nominal_t0p05,3,T023,22,1000,100,200,raw/v14_162.npz
no_triplet_N1000_K100_H200_nominal_t0p05,3,T024,23,1000,100,200,raw/v14_162.npz
no_triplet_N1000_K100_H200_nominal_t0p05,3,T025,24,1000,100,200,raw/v14_162.npz
no_triplet_N1000_K100_H200_nominal_t0p05,3,T026,25,1000,100,200,raw/v14_162.npz
no_triplet_N1000_K100_H200_nominal_t0p05,3,T027,26,1000,100,200,raw/v14_162.npz
no_triplet_N1000_K100_H200_nominal_t0p05,3,T028,27,1000,100,200,raw/v14_162.npz
no_triplet_N1000_K100_H200_nominal_t0p05,3,T029,28,1000,100,200,raw/v14_162.npz
no_triplet_N1000_K100_H200_nominal_t0p05,3,T030,29,1000,100,200,raw/v14_162.npz
no_triplet_N1000_K100_H200_nominal_t0p05,4,T001,0,1000,100,200,raw/v14_163.npz
no_triplet_N1000_K100_H200_nominal_t0p05,4,T002,1,1000,100,200,raw/v14_163.npz
no_triplet_N1000_K100_H200_nominal_t0p05,4,T003,2,1000,100,200,raw/v14_163.npz
no_triplet_N1000_K100_H200_nominal_t0p05,4,T004,3,1000,100,200,raw/v14_163.npz
no_triplet_N1000_K100_H200_nominal_t0p05,4,T005,4,1000,100,200,raw/v14_163.npz
no_triplet_N1000_K100_H200_nominal_t0p05,4,T006,5,1000,100,200,raw/v14_163.npz
no_triplet_N1000_K100_H200_nominal_t0p05,4,T007,6,1000,100,200,raw/v14_163.npz
no_triplet_N1000_K100_H200_nominal_t0p05,4,T008,7,1000,100,200,raw/v14_163.npz
no_triplet_N1000_K100_H200_nominal_t0p05,4,T009,8,1000,100,200,raw/v14_163.npz
no_triplet_N1000_K100_H200_nominal_t0p05,4,T010,9,1000,100,200,raw/v14_163.npz
no_triplet_N1000_K100_H200_nominal_t0p05,4,T011,10,1000,100,200,raw/v14_163.npz
no_triplet_N1000_K100_H200_nominal_t0p05,4,T012,11,1000,100,200,raw/v14_163.npz
no_triplet_N1000_K100_H200_nominal_t0p05,4,T013,12,1000,100,200,raw/v14_163.npz
no_triplet_N1000_K100_H200_nominal_t0p05,4,T014,13,1000,100,200,raw/v14_163.npz
no_triplet_N1000_K100_H200_nominal_t0p05,4,T015,14,1000,100,200,raw/v14_163.npz
no_triplet_N1000_K100_H200_nominal_t0p05,4,T016,15,1000,100,200,raw/v14_163.npz
no_triplet_N1000_K100_H200_nominal_t0p05,4,T017,16,1000,100,200,raw/v14_163.npz
no_triplet_N1000_K100_H200_nominal_t0p05,4,T018,17,1000,100,200,raw/v14_163.npz
no_triplet_N1000_K100_H200_nominal_t0p05,4,T019,18,1000,100,200,raw/v14_163.npz
no_triplet_N1000_K100_H200_nominal_t0p05,4,T020,19,1000,100,200,raw/v14_163.npz
no_triplet_N1000_K100_H200_nominal_t0p05,4,T021,20,1000,100,200,raw/v14_163.npz
no_triplet_N1000_K100_H200_nominal_t0p05,4,T022,21,1000,100,200,raw/v14_163.npz
no_triplet_N1000_K100_H200_nominal_t0p05,4,T023,22,1000,100,200,raw/v14_163.npz
no_triplet_N1000_K100_H200_nominal_t0p05,4,T024,23,1000,100,200,raw/v14_163.npz
no_triplet_N1000_K100_H200_nominal_t0p05,4,T025,24,1000,100,200,raw/v14_163.npz
no_triplet_N1000_K100_H200_nominal_t0p05,4,T026,25,1000,100,200,raw/v14_163.npz
no_triplet_N1000_K100_H200_nominal_t0p05,4,T027,26,1000,100,200,raw/v14_163.npz
no_triplet_N1000_K100_H200_nominal_t0p05,4,T028,27,1000,100,200,raw/v14_163.npz
no_triplet_N1000_K100_H200_nominal_t0p05,4,T029,28,1000,100,200,raw/v14_163.npz
no_triplet_N1000_K100_H200_nominal_t0p05,4,T030,29,1000,100,200,raw/v14_163.npz
no_triplet_N1000_K100_H200_nominal_t0p05,5,T001,0,1000,100,200,raw/v14_164.npz
no_triplet_N1000_K100_H200_nominal_t0p05,5,T002,1,1000,100,200,raw/v14_164.npz
no_triplet_N1000_K100_H200_nominal_t0p05,5,T003,2,1000,100,200,raw/v14_164.npz
no_triplet_N1000_K100_H200_nominal_t0p05,5,T004,3,1000,100,200,raw/v14_164.npz
no_triplet_N1000_K100_H200_nominal_t0p05,5,T005,4,1000,100,200,raw/v14_164.npz
no_triplet_N1000_K100_H200_nominal_t0p05,5,T006,5,1000,100,200,raw/v14_164.npz
no_triplet_N1000_K100_H200_nominal_t0p05,5,T007,6,1000,100,200,raw/v14_164.npz
no_triplet_N1000_K100_H200_nominal_t0p05,5,T008,7,1000,100,200,raw/v14_164.npz
no_triplet_N1000_K100_H200_nominal_t0p05,5,T009,8,1000,100,200,raw/v14_164.npz
no_triplet_N1000_K100_H200_nominal_t0p05,5,T010,9,1000,100,200,raw/v14_164.npz
no_triplet_N1000_K100_H200_nominal_t0p05,5,T011,10,1000,100,200,raw/v14_164.npz
no_triplet_N1000_K100_H200_nominal_t0p05,5,T012,11,1000,100,200,raw/v14_164.npz
no_triplet_N1000_K100_H200_nominal_t0p05,5,T013,12,1000,100,200,raw/v14_164.npz
no_triplet_N1000_K100_H200_nominal_t0p05,5,T014,13,1000,100,200,raw/v14_164.npz
no_triplet_N1000_K100_H200_nominal_t0p05,5,T015,14,1000,100,200,raw/v14_164.npz
no_triplet_N1000_K100_H200_nominal_t0p05,5,T016,15,1000,100,200,raw/v14_164.npz
no_triplet_N1000_K100_H200_nominal_t0p05,5,T017,16,1000,100,200,raw/v14_164.npz
no_triplet_N1000_K100_H200_nominal_t0p05,5,T018,17,1000,100,200,raw/v14_164.npz
no_triplet_N1000_K100_H200_nominal_t0p05,5,T019,18,1000,100,200,raw/v14_164.npz
no_triplet_N1000_K100_H200_nominal_t0p05,5,T020,19,1000,100,200,raw/v14_164.npz
no_triplet_N1000_K100_H200_nominal_t0p05,5,T021,20,1000,100,200,raw/v14_164.npz
no_triplet_N1000_K100_H200_nominal_t0p05,5,T022,21,1000,100,200,raw/v14_164.npz
no_triplet_N1000_K100_H200_nominal_t0p05,5,T023,22,1000,100,200,raw/v14_164.npz
no_triplet_N1000_K100_H200_nominal_t0p05,5,T024,23,1000,100,200,raw/v14_164.npz
no_triplet_N1000_K100_H200_nominal_t0p05,5,T025,24,1000,100,200,raw/v14_164.npz
no_triplet_N1000_K100_H200_nominal_t0p05,5,T026,25,1000,100,200,raw/v14_164.npz
no_triplet_N1000_K100_H200_nominal_t0p05,5,T027,26,1000,100,200,raw/v14_164.npz
no_triplet_N1000_K100_H200_nominal_t0p05,5,T028,27,1000,100,200,raw/v14_164.npz
no_triplet_N1000_K100_H200_nominal_t0p05,5,T029,28,1000,100,200,raw/v14_164.npz
no_triplet_N1000_K100_H200_nominal_t0p05,5,T030,29,1000,100,200,raw/v14_164.npz
no_triplet_N2000_K100_H200_nominal_t0p05,1,T001,0,2000,100,200,raw/v14_165.npz
no_triplet_N2000_K100_H200_nominal_t0p05,1,T002,1,2000,100,200,raw/v14_165.npz
no_triplet_N2000_K100_H200_nominal_t0p05,1,T003,2,2000,100,200,raw/v14_165.npz
no_triplet_N2000_K100_H200_nominal_t0p05,1,T004,3,2000,100,200,raw/v14_165.npz
no_triplet_N2000_K100_H200_nominal_t0p05,1,T005,4,2000,100,200,raw/v14_165.npz
no_triplet_N2000_K100_H200_nominal_t0p05,1,T006,5,2000,100,200,raw/v14_165.npz
no_triplet_N2000_K100_H200_nominal_t0p05,1,T007,6,2000,100,200,raw/v14_165.npz
no_triplet_N2000_K100_H200_nominal_t0p05,1,T008,7,2000,100,200,raw/v14_165.npz
no_triplet_N2000_K100_H200_nominal_t0p05,1,T009,8,2000,100,200,raw/v14_165.npz
no_triplet_N2000_K100_H200_nominal_t0p05,1,T010,9,2000,100,200,raw/v14_165.npz
no_triplet_N2000_K100_H200_nominal_t0p05,1,T011,10,2000,100,200,raw/v14_165.npz
no_triplet_N2000_K100_H200_nominal_t0p05,1,T012,11,2000,100,200,raw/v14_165.npz
no_triplet_N2000_K100_H200_nominal_t0p05,1,T013,12,2000,100,200,raw/v14_165.npz
no_triplet_N2000_K100_H200_nominal_t0p05,1,T014,13,2000,100,200,raw/v14_165.npz
no_triplet_N2000_K100_H200_nominal_t0p05,1,T015,14,2000,100,200,raw/v14_165.npz
no_triplet_N2000_K100_H200_nominal_t0p05,1,T016,15,2000,100,200,raw/v14_165.npz
no_triplet_N2000_K100_H200_nominal_t0p05,1,T017,16,2000,100,200,raw/v14_165.npz
no_triplet_N2000_K100_H200_nominal_t0p05,1,T018,17,2000,100,200,raw/v14_165.npz
no_triplet_N2000_K100_H200_nominal_t0p05,1,T019,18,2000,100,200,raw/v14_165.npz
no_triplet_N2000_K100_H200_nominal_t0p05,1,T020,19,2000,100,200,raw/v14_165.npz
no_triplet_N2000_K100_H200_nominal_t0p05,1,T021,20,2000,100,200,raw/v14_165.npz
no_triplet_N2000_K100_H200_nominal_t0p05,1,T022,21,2000,100,200,raw/v14_165.npz
no_triplet_N2000_K100_H200_nominal_t0p05,1,T023,22,2000,100,200,raw/v14_165.npz
no_triplet_N2000_K100_H200_nominal_t0p05,1,T024,23,2000,100,200,raw/v14_165.npz
no_triplet_N2000_K100_H200_nominal_t0p05,1,T025,24,2000,100,200,raw/v14_165.npz
no_triplet_N2000_K100_H200_nominal_t0p05,1,T026,25,2000,100,200,raw/v14_165.npz
no_triplet_N2000_K100_H200_nominal_t0p05,1,T027,26,2000,100,200,raw/v14_165.npz
no_triplet_N2000_K100_H200_nominal_t0p05,1,T028,27,2000,100,200,raw/v14_165.npz
no_triplet_N2000_K100_H200_nominal_t0p05,1,T029,28,2000,100,200,raw/v14_165.npz
no_triplet_N2000_K100_H200_nominal_t0p05,1,T030,29,2000,100,200,raw/v14_165.npz
no_triplet_N2000_K100_H200_nominal_t0p05,2,T001,0,2000,100,200,raw/v14_166.npz
no_triplet_N2000_K100_H200_nominal_t0p05,2,T002,1,2000,100,200,raw/v14_166.npz
no_triplet_N2000_K100_H200_nominal_t0p05,2,T003,2,2000,100,200,raw/v14_166.npz
no_triplet_N2000_K100_H200_nominal_t0p05,2,T004,3,2000,100,200,raw/v14_166.npz
no_triplet_N2000_K100_H200_nominal_t0p05,2,T005,4,2000,100,200,raw/v14_166.npz
no_triplet_N2000_K100_H200_nominal_t0p05,2,T006,5,2000,100,200,raw/v14_166.npz
no_triplet_N2000_K100_H200_nominal_t0p05,2,T007,6,2000,100,200,raw/v14_166.npz
no_triplet_N2000_K100_H200_nominal_t0p05,2,T008,7,2000,100,200,raw/v14_166.npz
no_triplet_N2000_K100_H200_nominal_t0p05,2,T009,8,2000,100,200,raw/v14_166.npz
no_triplet_N2000_K100_H200_nominal_t0p05,2,T010,9,2000,100,200,raw/v14_166.npz
no_triplet_N2000_K100_H200_nominal_t0p05,2,T011,10,2000,100,200,raw/v14_166.npz
no_triplet_N2000_K100_H200_nominal_t0p05,2,T012,11,2000,100,200,raw/v14_166.npz
no_triplet_N2000_K100_H200_nominal_t0p05,2,T013,12,2000,100,200,raw/v14_166.npz
no_triplet_N2000_K100_H200_nominal_t0p05,2,T014,13,2000,100,200,raw/v14_166.npz
no_triplet_N2000_K100_H200_nominal_t0p05,2,T015,14,2000,100,200,raw/v14_166.npz
no_triplet_N2000_K100_H200_nominal_t0p05,2,T016,15,2000,100,200,raw/v14_166.npz
no_triplet_N2000_K100_H200_nominal_t0p05,2,T017,16,2000,100,200,raw/v14_166.npz
no_triplet_N2000_K100_H200_nominal_t0p05,2,T018,17,2000,100,200,raw/v14_166.npz
no_triplet_N2000_K100_H200_nominal_t0p05,2,T019,18,2000,100,200,raw/v14_166.npz
no_triplet_N2000_K100_H200_nominal_t0p05,2,T020,19,2000,100,200,raw/v14_166.npz
no_triplet_N2000_K100_H200_nominal_t0p05,2,T021,20,2000,100,200,raw/v14_166.npz
no_triplet_N2000_K100_H200_nominal_t0p05,2,T022,21,2000,100,200,raw/v14_166.npz
no_triplet_N2000_K100_H200_nominal_t0p05,2,T023,22,2000,100,200,raw/v14_166.npz
no_triplet_N2000_K100_H200_nominal_t0p05,2,T024,23,2000,100,200,raw/v14_166.npz
no_triplet_N2000_K100_H200_nominal_t0p05,2,T025,24,2000,100,200,raw/v14_166.npz
no_triplet_N2000_K100_H200_nominal_t0p05,2,T026,25,2000,100,200,raw/v14_166.npz
no_triplet_N2000_K100_H200_nominal_t0p05,2,T027,26,2000,100,200,raw/v14_166.npz
no_triplet_N2000_K100_H200_nominal_t0p05,2,T028,27,2000,100,200,raw/v14_166.npz
no_triplet_N2000_K100_H200_nominal_t0p05,2,T029,28,2000,100,200,raw/v14_166.npz
no_triplet_N2000_K100_H200_nominal_t0p05,2,T030,29,2000,100,200,raw/v14_166.npz
no_triplet_N2000_K100_H200_nominal_t0p05,3,T001,0,2000,100,200,raw/v14_167.npz
no_triplet_N2000_K100_H200_nominal_t0p05,3,T002,1,2000,100,200,raw/v14_167.npz
no_triplet_N2000_K100_H200_nominal_t0p05,3,T003,2,2000,100,200,raw/v14_167.npz
no_triplet_N2000_K100_H200_nominal_t0p05,3,T004,3,2000,100,200,raw/v14_167.npz
no_triplet_N2000_K100_H200_nominal_t0p05,3,T005,4,2000,100,200,raw/v14_167.npz
no_triplet_N2000_K100_H200_nominal_t0p05,3,T006,5,2000,100,200,raw/v14_167.npz
no_triplet_N2000_K100_H200_nominal_t0p05,3,T007,6,2000,100,200,raw/v14_167.npz
no_triplet_N2000_K100_H200_nominal_t0p05,3,T008,7,2000,100,200,raw/v14_167.npz
no_triplet_N2000_K100_H200_nominal_t0p05,3,T009,8,2000,100,200,raw/v14_167.npz
no_triplet_N2000_K100_H200_nominal_t0p05,3,T010,9,2000,100,200,raw/v14_167.npz
no_triplet_N2000_K100_H200_nominal_t0p05,3,T011,10,2000,100,200,raw/v14_167.npz
no_triplet_N2000_K100_H200_nominal_t0p05,3,T012,11,2000,100,200,raw/v14_167.npz
no_triplet_N2000_K100_H200_nominal_t0p05,3,T013,12,2000,100,200,raw/v14_167.npz
no_triplet_N2000_K100_H200_nominal_t0p05,3,T014,13,2000,100,200,raw/v14_167.npz
no_triplet_N2000_K100_H200_nominal_t0p05,3,T015,14,2000,100,200,raw/v14_167.npz
no_triplet_N2000_K100_H200_nominal_t0p05,3,T016,15,2000,100,200,raw/v14_167.npz
no_triplet_N2000_K100_H200_nominal_t0p05,3,T017,16,2000,100,200,raw/v14_167.npz
no_triplet_N2000_K100_H200_nominal_t0p05,3,T018,17,2000,100,200,raw/v14_167.npz
no_triplet_N2000_K100_H200_nominal_t0p05,3,T019,18,2000,100,200,raw/v14_167.npz
no_triplet_N2000_K100_H200_nominal_t0p05,3,T020,19,2000,100,200,raw/v14_167.npz
no_triplet_N2000_K100_H200_nominal_t0p05,3,T021,20,2000,100,200,raw/v14_167.npz
no_triplet_N2000_K100_H200_nominal_t0p05,3,T022,21,2000,100,200,raw/v14_167.npz
no_triplet_N2000_K100_H200_nominal_t0p05,3,T023,22,2000,100,200,raw/v14_167.npz
no_triplet_N2000_K100_H200_nominal_t0p05,3,T024,23,2000,100,200,raw/v14_167.npz
no_triplet_N2000_K100_H200_nominal_t0p05,3,T025,24,2000,100,200,raw/v14_167.npz
no_triplet_N2000_K100_H200_nominal_t0p05,3,T026,25,2000,100,200,raw/v14_167.npz
no_triplet_N2000_K100_H200_nominal_t0p05,3,T027,26,2000,100,200,raw/v14_167.npz
no_triplet_N2000_K100_H200_nominal_t0p05,3,T028,27,2000,100,200,raw/v14_167.npz
no_triplet_N2000_K100_H200_nominal_t0p05,3,T029,28,2000,100,200,raw/v14_167.npz
no_triplet_N2000_K100_H200_nominal_t0p05,3,T030,29,2000,100,200,raw/v14_167.npz
no_triplet_N2000_K100_H200_nominal_t0p05,4,T001,0,2000,100,200,raw/v14_168.npz
no_triplet_N2000_K100_H200_nominal_t0p05,4,T002,1,2000,100,200,raw/v14_168.npz
no_triplet_N2000_K100_H200_nominal_t0p05,4,T003,2,2000,100,200,raw/v14_168.npz
no_triplet_N2000_K100_H200_nominal_t0p05,4,T004,3,2000,100,200,raw/v14_168.npz
no_triplet_N2000_K100_H200_nominal_t0p05,4,T005,4,2000,100,200,raw/v14_168.npz
no_triplet_N2000_K100_H200_nominal_t0p05,4,T006,5,2000,100,200,raw/v14_168.npz
no_triplet_N2000_K100_H200_nominal_t0p05,4,T007,6,2000,100,200,raw/v14_168.npz
no_triplet_N2000_K100_H200_nominal_t0p05,4,T008,7,2000,100,200,raw/v14_168.npz
no_triplet_N2000_K100_H200_nominal_t0p05,4,T009,8,2000,100,200,raw/v14_168.npz
no_triplet_N2000_K100_H200_nominal_t0p05,4,T010,9,2000,100,200,raw/v14_168.npz
no_triplet_N2000_K100_H200_nominal_t0p05,4,T011,10,2000,100,200,raw/v14_168.npz
no_triplet_N2000_K100_H200_nominal_t0p05,4,T012,11,2000,100,200,raw/v14_168.npz
no_triplet_N2000_K100_H200_nominal_t0p05,4,T013,12,2000,100,200,raw/v14_168.npz
no_triplet_N2000_K100_H200_nominal_t0p05,4,T014,13,2000,100,200,raw/v14_168.npz
no_triplet_N2000_K100_H200_nominal_t0p05,4,T015,14,2000,100,200,raw/v14_168.npz
no_triplet_N2000_K100_H200_nominal_t0p05,4,T016,15,2000,100,200,raw/v14_168.npz
no_triplet_N2000_K100_H200_nominal_t0p05,4,T017,16,2000,100,200,raw/v14_168.npz
no_triplet_N2000_K100_H200_nominal_t0p05,4,T018,17,2000,100,200,raw/v14_168.npz
no_triplet_N2000_K100_H200_nominal_t0p05,4,T019,18,2000,100,200,raw/v14_168.npz
no_triplet_N2000_K100_H200_nominal_t0p05,4,T020,19,2000,100,200,raw/v14_168.npz
no_triplet_N2000_K100_H200_nominal_t0p05,4,T021,20,2000,100,200,raw/v14_168.npz
no_triplet_N2000_K100_H200_nominal_t0p05,4,T022,21,2000,100,200,raw/v14_168.npz
no_triplet_N2000_K100_H200_nominal_t0p05,4,T023,22,2000,100,200,raw/v14_168.npz
no_triplet_N2000_K100_H200_nominal_t0p05,4,T024,23,2000,100,200,raw/v14_168.npz
no_triplet_N2000_K100_H200_nominal_t0p05,4,T025,24,2000,100,200,raw/v14_168.npz
no_triplet_N2000_K100_H200_nominal_t0p05,4,T026,25,2000,100,200,raw/v14_168.npz
no_triplet_N2000_K100_H200_nominal_t0p05,4,T027,26,2000,100,200,raw/v14_168.npz
no_triplet_N2000_K100_H200_nominal_t0p05,4,T028,27,2000,100,200,raw/v14_168.npz
no_triplet_N2000_K100_H200_nominal_t0p05,4,T029,28,2000,100,200,raw/v14_168.npz
no_triplet_N2000_K100_H200_nominal_t0p05,4,T030,29,2000,100,200,raw/v14_168.npz
no_triplet_N2000_K100_H200_nominal_t0p05,5,T001,0,2000,100,200,raw/v14_169.npz
no_triplet_N2000_K100_H200_nominal_t0p05,5,T002,1,2000,100,200,raw/v14_169.npz
no_triplet_N2000_K100_H200_nominal_t0p05,5,T003,2,2000,100,200,raw/v14_169.npz
no_triplet_N2000_K100_H200_nominal_t0p05,5,T004,3,2000,100,200,raw/v14_169.npz
no_triplet_N2000_K100_H200_nominal_t0p05,5,T005,4,2000,100,200,raw/v14_169.npz
no_triplet_N2000_K100_H200_nominal_t0p05,5,T006,5,2000,100,200,raw/v14_169.npz
no_triplet_N2000_K100_H200_nominal_t0p05,5,T007,6,2000,100,200,raw/v14_169.npz
no_triplet_N2000_K100_H200_nominal_t0p05,5,T008,7,2000,100,200,raw/v14_169.npz
no_triplet_N2000_K100_H200_nominal_t0p05,5,T009,8,2000,100,200,raw/v14_169.npz
no_triplet_N2000_K100_H200_nominal_t0p05,5,T010,9,2000,100,200,raw/v14_169.npz
no_triplet_N2000_K100_H200_nominal_t0p05,5,T011,10,2000,100,200,raw/v14_169.npz
no_triplet_N2000_K100_H200_nominal_t0p05,5,T012,11,2000,100,200,raw/v14_169.npz
no_triplet_N2000_K100_H200_nominal_t0p05,5,T013,12,2000,100,200,raw/v14_169.npz
no_triplet_N2000_K100_H200_nominal_t0p05,5,T014,13,2000,100,200,raw/v14_169.npz
no_triplet_N2000_K100_H200_nominal_t0p05,5,T015,14,2000,100,200,raw/v14_169.npz
no_triplet_N2000_K100_H200_nominal_t0p05,5,T016,15,2000,100,200,raw/v14_169.npz
no_triplet_N2000_K100_H200_nominal_t0p05,5,T017,16,2000,100,200,raw/v14_169.npz
no_triplet_N2000_K100_H200_nominal_t0p05,5,T018,17,2000,100,200,raw/v14_169.npz
no_triplet_N2000_K100_H200_nominal_t0p05,5,T019,18,2000,100,200,raw/v14_169.npz
no_triplet_N2000_K100_H200_nominal_t0p05,5,T020,19,2000,100,200,raw/v14_169.npz
no_triplet_N2000_K100_H200_nominal_t0p05,5,T021,20,2000,100,200,raw/v14_169.npz
no_triplet_N2000_K100_H200_nominal_t0p05,5,T022,21,2000,100,200,raw/v14_169.npz
no_triplet_N2000_K100_H200_nominal_t0p05,5,T023,22,2000,100,200,raw/v14_169.npz
no_triplet_N2000_K100_H200_nominal_t0p05,5,T024,23,2000,100,200,raw/v14_169.npz
no_triplet_N2000_K100_H200_nominal_t0p05,5,T025,24,2000,100,200,raw/v14_169.npz
no_triplet_N2000_K100_H200_nominal_t0p05,5,T026,25,2000,100,200,raw/v14_169.npz
no_triplet_N2000_K100_H200_nominal_t0p05,5,T027,26,2000,100,200,raw/v14_169.npz
no_triplet_N2000_K100_H200_nominal_t0p05,5,T028,27,2000,100,200,raw/v14_169.npz
no_triplet_N2000_K100_H200_nominal_t0p05,5,T029,28,2000,100,200,raw/v14_169.npz
no_triplet_N2000_K100_H200_nominal_t0p05,5,T030,29,2000,100,200,raw/v14_169.npz
mlp_coeff_N500_K100_H200_nominal_t0p05,1,T001,0,500,100,200,raw/v14_170.npz
mlp_coeff_N500_K100_H200_nominal_t0p05,1,T002,1,500,100,200,raw/v14_170.npz
mlp_coeff_N500_K100_H200_nominal_t0p05,1,T003,2,500,100,200,raw/v14_170.npz
mlp_coeff_N500_K100_H200_nominal_t0p05,1,T004,3,500,100,200,raw/v14_170.npz
mlp_coeff_N500_K100_H200_nominal_t0p05,1,T005,4,500,100,200,raw/v14_170.npz
mlp_coeff_N500_K100_H200_nominal_t0p05,1,T006,5,500,100,200,raw/v14_170.npz
mlp_coeff_N500_K100_H200_nominal_t0p05,1,T007,6,500,100,200,raw/v14_170.npz
mlp_coeff_N500_K100_H200_nominal_t0p05,1,T008,7,500,100,200,raw/v14_170.npz
mlp_coeff_N500_K100_H200_nominal_t0p05,1,T009,8,500,100,200,raw/v14_170.npz
mlp_coeff_N500_K100_H200_nominal_t0p05,1,T010,9,500,100,200,raw/v14_170.npz
mlp_coeff_N500_K100_H200_nominal_t0p05,1,T011,10,500,100,200,raw/v14_170.npz
mlp_coeff_N500_K100_H200_nominal_t0p05,1,T012,11,500,100,200,raw/v14_170.npz
mlp_coeff_N500_K100_H200_nominal_t0p05,1,T013,12,500,100,200,raw/v14_170.npz
mlp_coeff_N500_K100_H200_nominal_t0p05,1,T014,13,500,100,200,raw/v14_170.npz
mlp_coeff_N500_K100_H200_nominal_t0p05,1,T015,14,500,100,200,raw/v14_170.npz
mlp_coeff_N500_K100_H200_nominal_t0p05,1,T016,15,500,100,200,raw/v14_170.npz
mlp_coeff_N500_K100_H200_nominal_t0p05,1,T017,16,500,100,200,raw/v14_170.npz
mlp_coeff_N500_K100_H200_nominal_t0p05,1,T018,17,500,100,200,raw/v14_170.npz
mlp_coeff_N500_K100_H200_nominal_t0p05,1,T019,18,500,100,200,raw/v14_170.npz
mlp_coeff_N500_K100_H200_nominal_t0p05,1,T020,19,500,100,200,raw/v14_170.npz
mlp_coeff_N500_K100_H200_nominal_t0p05,1,T021,20,500,100,200,raw/v14_170.npz
mlp_coeff_N500_K100_H200_nominal_t0p05,1,T022,21,500,100,200,raw/v14_170.npz
mlp_coeff_N500_K100_H200_nominal_t0p05,1,T023,22,500,100,200,raw/v14_170.npz
mlp_coeff_N500_K100_H200_nominal_t0p05,1,T024,23,500,100,200,raw/v14_170.npz
mlp_coeff_N500_K100_H200_nominal_t0p05,1,T025,24,500,100,200,raw/v14_170.npz
mlp_coeff_N500_K100_H200_nominal_t0p05,1,T026,25,500,100,200,raw/v14_170.npz
mlp_coeff_N500_K100_H200_nominal_t0p05,1,T027,26,500,100,200,raw/v14_170.npz
mlp_coeff_N500_K100_H200_nominal_t0p05,1,T028,27,500,100,200,raw/v14_170.npz
mlp_coeff_N500_K100_H200_nominal_t0p05,1,T029,28,500,100,200,raw/v14_170.npz
mlp_coeff_N500_K100_H200_nominal_t0p05,1,T030,29,500,100,200,raw/v14_170.npz
mlp_coeff_N500_K100_H200_nominal_t0p05,2,T001,0,500,100,200,raw/v14_171.npz
mlp_coeff_N500_K100_H200_nominal_t0p05,2,T002,1,500,100,200,raw/v14_171.npz
mlp_coeff_N500_K100_H200_nominal_t0p05,2,T003,2,500,100,200,raw/v14_171.npz
mlp_coeff_N500_K100_H200_nominal_t0p05,2,T004,3,500,100,200,raw/v14_171.npz
mlp_coeff_N500_K100_H200_nominal_t0p05,2,T005,4,500,100,200,raw/v14_171.npz
mlp_coeff_N500_K100_H200_nominal_t0p05,2,T006,5,500,100,200,raw/v14_171.npz
mlp_coeff_N500_K100_H200_nominal_t0p05,2,T007,6,500,100,200,raw/v14_171.npz
mlp_coeff_N500_K100_H200_nominal_t0p05,2,T008,7,500,100,200,raw/v14_171.npz
mlp_coeff_N500_K100_H200_nominal_t0p05,2,T009,8,500,100,200,raw/v14_171.npz
mlp_coeff_N500_K100_H200_nominal_t0p05,2,T010,9,500,100,200,raw/v14_171.npz
mlp_coeff_N500_K100_H200_nominal_t0p05,2,T011,10,500,100,200,raw/v14_171.npz
mlp_coeff_N500_K100_H200_nominal_t0p05,2,T012,11,500,100,200,raw/v14_171.npz
mlp_coeff_N500_K100_H200_nominal_t0p05,2,T013,12,500,100,200,raw/v14_171.npz
mlp_coeff_N500_K100_H200_nominal_t0p05,2,T014,13,500,100,200,raw/v14_171.npz
mlp_coeff_N500_K100_H200_nominal_t0p05,2,T015,14,500,100,200,raw/v14_171.npz
mlp_coeff_N500_K100_H200_nominal_t0p05,2,T016,15,500,100,200,raw/v14_171.npz
mlp_coeff_N500_K100_H200_nominal_t0p05,2,T017,16,500,100,200,raw/v14_171.npz
mlp_coeff_N500_K100_H200_nominal_t0p05,2,T018,17,500,100,200,raw/v14_171.npz
mlp_coeff_N500_K100_H200_nominal_t0p05,2,T019,18,500,100,200,raw/v14_171.npz
mlp_coeff_N500_K100_H200_nominal_t0p05,2,T020,19,500,100,200,raw/v14_171.npz
mlp_coeff_N500_K100_H200_nominal_t0p05,2,T021,20,500,100,200,raw/v14_171.npz
mlp_coeff_N500_K100_H200_nominal_t0p05,2,T022,21,500,100,200,raw/v14_171.npz
mlp_coeff_N500_K100_H200_nominal_t0p05,2,T023,22,500,100,200,raw/v14_171.npz
mlp_coeff_N500_K100_H200_nominal_t0p05,2,T024,23,500,100,200,raw/v14_171.npz
mlp_coeff_N500_K100_H200_nominal_t0p05,2,T025,24,500,100,200,raw/v14_171.npz
mlp_coeff_N500_K100_H200_nominal_t0p05,2,T026,25,500,100,200,raw/v14_171.npz
mlp_coeff_N500_K100_H200_nominal_t0p05,2,T027,26,500,100,200,raw/v14_171.npz
mlp_coeff_N500_K100_H200_nominal_t0p05,2,T028,27,500,100,200,raw/v14_171.npz
mlp_coeff_N500_K100_H200_nominal_t0p05,2,T029,28,500,100,200,raw/v14_171.npz
mlp_coeff_N500_K100_H200_nominal_t0p05,2,T030,29,500,100,200,raw/v14_171.npz
mlp_coeff_N500_K100_H200_nominal_t0p05,3,T001,0,500,100,200,raw/v14_172.npz
mlp_coeff_N500_K100_H200_nominal_t0p05,3,T002,1,500,100,200,raw/v14_172.npz
mlp_coeff_N500_K100_H200_nominal_t0p05,3,T003,2,500,100,200,raw/v14_172.npz
mlp_coeff_N500_K100_H200_nominal_t0p05,3,T004,3,500,100,200,raw/v14_172.npz
mlp_coeff_N500_K100_H200_nominal_t0p05,3,T005,4,500,100,200,raw/v14_172.npz
mlp_coeff_N500_K100_H200_nominal_t0p05,3,T006,5,500,100,200,raw/v14_172.npz
mlp_coeff_N500_K100_H200_nominal_t0p05,3,T007,6,500,100,200,raw/v14_172.npz
mlp_coeff_N500_K100_H200_nominal_t0p05,3,T008,7,500,100,200,raw/v14_172.npz
mlp_coeff_N500_K100_H200_nominal_t0p05,3,T009,8,500,100,200,raw/v14_172.npz
mlp_coeff_N500_K100_H200_nominal_t0p05,3,T010,9,500,100,200,raw/v14_172.npz
mlp_coeff_N500_K100_H200_nominal_t0p05,3,T011,10,500,100,200,raw/v14_172.npz
mlp_coeff_N500_K100_H200_nominal_t0p05,3,T012,11,500,100,200,raw/v14_172.npz
mlp_coeff_N500_K100_H200_nominal_t0p05,3,T013,12,500,100,200,raw/v14_172.npz
mlp_coeff_N500_K100_H200_nominal_t0p05,3,T014,13,500,100,200,raw/v14_172.npz
mlp_coeff_N500_K100_H200_nominal_t0p05,3,T015,14,500,100,200,raw/v14_172.npz
mlp_coeff_N500_K100_H200_nominal_t0p05,3,T016,15,500,100,200,raw/v14_172.npz
mlp_coeff_N500_K100_H200_nominal_t0p05,3,T017,16,500,100,200,raw/v14_172.npz
mlp_coeff_N500_K100_H200_nominal_t0p05,3,T018,17,500,100,200,raw/v14_172.npz
mlp_coeff_N500_K100_H200_nominal_t0p05,3,T019,18,500,100,200,raw/v14_172.npz
mlp_coeff_N500_K100_H200_nominal_t0p05,3,T020,19,500,100,200,raw/v14_172.npz
mlp_coeff_N500_K100_H200_nominal_t0p05,3,T021,20,500,100,200,raw/v14_172.npz
mlp_coeff_N500_K100_H200_nominal_t0p05,3,T022,21,500,100,200,raw/v14_172.npz
mlp_coeff_N500_K100_H200_nominal_t0p05,3,T023,22,500,100,200,raw/v14_172.npz
mlp_coeff_N500_K100_H200_nominal_t0p05,3,T024,23,500,100,200,raw/v14_172.npz
mlp_coeff_N500_K100_H200_nominal_t0p05,3,T025,24,500,100,200,raw/v14_172.npz
mlp_coeff_N500_K100_H200_nominal_t0p05,3,T026,25,500,100,200,raw/v14_172.npz
mlp_coeff_N500_K100_H200_nominal_t0p05,3,T027,26,500,100,200,raw/v14_172.npz
mlp_coeff_N500_K100_H200_nominal_t0p05,3,T028,27,500,100,200,raw/v14_172.npz
mlp_coeff_N500_K100_H200_nominal_t0p05,3,T029,28,500,100,200,raw/v14_172.npz
mlp_coeff_N500_K100_H200_nominal_t0p05,3,T030,29,500,100,200,raw/v14_172.npz
mlp_coeff_N500_K100_H200_nominal_t0p05,4,T001,0,500,100,200,raw/v14_173.npz
mlp_coeff_N500_K100_H200_nominal_t0p05,4,T002,1,500,100,200,raw/v14_173.npz
mlp_coeff_N500_K100_H200_nominal_t0p05,4,T003,2,500,100,200,raw/v14_173.npz
mlp_coeff_N500_K100_H200_nominal_t0p05,4,T004,3,500,100,200,raw/v14_173.npz
mlp_coeff_N500_K100_H200_nominal_t0p05,4,T005,4,500,100,200,raw/v14_173.npz
mlp_coeff_N500_K100_H200_nominal_t0p05,4,T006,5,500,100,200,raw/v14_173.npz
mlp_coeff_N500_K100_H200_nominal_t0p05,4,T007,6,500,100,200,raw/v14_173.npz
mlp_coeff_N500_K100_H200_nominal_t0p05,4,T008,7,500,100,200,raw/v14_173.npz
mlp_coeff_N500_K100_H200_nominal_t0p05,4,T009,8,500,100,200,raw/v14_173.npz
mlp_coeff_N500_K100_H200_nominal_t0p05,4,T010,9,500,100,200,raw/v14_173.npz
mlp_coeff_N500_K100_H200_nominal_t0p05,4,T011,10,500,100,200,raw/v14_173.npz
mlp_coeff_N500_K100_H200_nominal_t0p05,4,T012,11,500,100,200,raw/v14_173.npz
mlp_coeff_N500_K100_H200_nominal_t0p05,4,T013,12,500,100,200,raw/v14_173.npz
mlp_coeff_N500_K100_H200_nominal_t0p05,4,T014,13,500,100,200,raw/v14_173.npz
mlp_coeff_N500_K100_H200_nominal_t0p05,4,T015,14,500,100,200,raw/v14_173.npz
mlp_coeff_N500_K100_H200_nominal_t0p05,4,T016,15,500,100,200,raw/v14_173.npz
mlp_coeff_N500_K100_H200_nominal_t0p05,4,T017,16,500,100,200,raw/v14_173.npz
mlp_coeff_N500_K100_H200_nominal_t0p05,4,T018,17,500,100,200,raw/v14_173.npz
mlp_coeff_N500_K100_H200_nominal_t0p05,4,T019,18,500,100,200,raw/v14_173.npz
mlp_coeff_N500_K100_H200_nominal_t0p05,4,T020,19,500,100,200,raw/v14_173.npz
mlp_coeff_N500_K100_H200_nominal_t0p05,4,T021,20,500,100,200,raw/v14_173.npz
mlp_coeff_N500_K100_H200_nominal_t0p05,4,T022,21,500,100,200,raw/v14_173.npz
mlp_coeff_N500_K100_H200_nominal_t0p05,4,T023,22,500,100,200,raw/v14_173.npz
mlp_coeff_N500_K100_H200_nominal_t0p05,4,T024,23,500,100,200,raw/v14_173.npz
mlp_coeff_N500_K100_H200_nominal_t0p05,4,T025,24,500,100,200,raw/v14_173.npz
mlp_coeff_N500_K100_H200_nominal_t0p05,4,T026,25,500,100,200,raw/v14_173.npz
mlp_coeff_N500_K100_H200_nominal_t0p05,4,T027,26,500,100,200,raw/v14_173.npz
mlp_coeff_N500_K100_H200_nominal_t0p05,4,T028,27,500,100,200,raw/v14_173.npz
mlp_coeff_N500_K100_H200_nominal_t0p05,4,T029,28,500,100,200,raw/v14_173.npz
mlp_coeff_N500_K100_H200_nominal_t0p05,4,T030,29,500,100,200,raw/v14_173.npz
mlp_coeff_N500_K100_H200_nominal_t0p05,5,T001,0,500,100,200,raw/v14_174.npz
mlp_coeff_N500_K100_H200_nominal_t0p05,5,T002,1,500,100,200,raw/v14_174.npz
mlp_coeff_N500_K100_H200_nominal_t0p05,5,T003,2,500,100,200,raw/v14_174.npz
mlp_coeff_N500_K100_H200_nominal_t0p05,5,T004,3,500,100,200,raw/v14_174.npz
mlp_coeff_N500_K100_H200_nominal_t0p05,5,T005,4,500,100,200,raw/v14_174.npz
mlp_coeff_N500_K100_H200_nominal_t0p05,5,T006,5,500,100,200,raw/v14_174.npz
mlp_coeff_N500_K100_H200_nominal_t0p05,5,T007,6,500,100,200,raw/v14_174.npz
mlp_coeff_N500_K100_H200_nominal_t0p05,5,T008,7,500,100,200,raw/v14_174.npz
mlp_coeff_N500_K100_H200_nominal_t0p05,5,T009,8,500,100,200,raw/v14_174.npz
mlp_coeff_N500_K100_H200_nominal_t0p05,5,T010,9,500,100,200,raw/v14_174.npz
mlp_coeff_N500_K100_H200_nominal_t0p05,5,T011,10,500,100,200,raw/v14_174.npz
mlp_coeff_N500_K100_H200_nominal_t0p05,5,T012,11,500,100,200,raw/v14_174.npz
mlp_coeff_N500_K100_H200_nominal_t0p05,5,T013,12,500,100,200,raw/v14_174.npz
mlp_coeff_N500_K100_H200_nominal_t0p05,5,T014,13,500,100,200,raw/v14_174.npz
mlp_coeff_N500_K100_H200_nominal_t0p05,5,T015,14,500,100,200,raw/v14_174.npz
mlp_coeff_N500_K100_H200_nominal_t0p05,5,T016,15,500,100,200,raw/v14_174.npz
mlp_coeff_N500_K100_H200_nominal_t0p05,5,T017,16,500,100,200,raw/v14_174.npz
mlp_coeff_N500_K100_H200_nominal_t0p05,5,T018,17,500,100,200,raw/v14_174.npz
mlp_coeff_N500_K100_H200_nominal_t0p05,5,T019,18,500,100,200,raw/v14_174.npz
mlp_coeff_N500_K100_H200_nominal_t0p05,5,T020,19,500,100,200,raw/v14_174.npz
mlp_coeff_N500_K100_H200_nominal_t0p05,5,T021,20,500,100,200,raw/v14_174.npz
mlp_coeff_N500_K100_H200_nominal_t0p05,5,T022,21,500,100,200,raw/v14_174.npz
mlp_coeff_N500_K100_H200_nominal_t0p05,5,T023,22,500,100,200,raw/v14_174.npz
mlp_coeff_N500_K100_H200_nominal_t0p05,5,T024,23,500,100,200,raw/v14_174.npz
mlp_coeff_N500_K100_H200_nominal_t0p05,5,T025,24,500,100,200,raw/v14_174.npz
mlp_coeff_N500_K100_H200_nominal_t0p05,5,T026,25,500,100,200,raw/v14_174.npz
mlp_coeff_N500_K100_H200_nominal_t0p05,5,T027,26,500,100,200,raw/v14_174.npz
mlp_coeff_N500_K100_H200_nominal_t0p05,5,T028,27,500,100,200,raw/v14_174.npz
mlp_coeff_N500_K100_H200_nominal_t0p05,5,T029,28,500,100,200,raw/v14_174.npz
mlp_coeff_N500_K100_H200_nominal_t0p05,5,T030,29,500,100,200,raw/v14_174.npz
mlp_coeff_N1000_K100_H200_nominal_t0p05,1,T001,0,1000,100,200,raw/v14_175.npz
mlp_coeff_N1000_K100_H200_nominal_t0p05,1,T002,1,1000,100,200,raw/v14_175.npz
mlp_coeff_N1000_K100_H200_nominal_t0p05,1,T003,2,1000,100,200,raw/v14_175.npz
mlp_coeff_N1000_K100_H200_nominal_t0p05,1,T004,3,1000,100,200,raw/v14_175.npz
mlp_coeff_N1000_K100_H200_nominal_t0p05,1,T005,4,1000,100,200,raw/v14_175.npz
mlp_coeff_N1000_K100_H200_nominal_t0p05,1,T006,5,1000,100,200,raw/v14_175.npz
mlp_coeff_N1000_K100_H200_nominal_t0p05,1,T007,6,1000,100,200,raw/v14_175.npz
mlp_coeff_N1000_K100_H200_nominal_t0p05,1,T008,7,1000,100,200,raw/v14_175.npz
mlp_coeff_N1000_K100_H200_nominal_t0p05,1,T009,8,1000,100,200,raw/v14_175.npz
mlp_coeff_N1000_K100_H200_nominal_t0p05,1,T010,9,1000,100,200,raw/v14_175.npz
mlp_coeff_N1000_K100_H200_nominal_t0p05,1,T011,10,1000,100,200,raw/v14_175.npz
mlp_coeff_N1000_K100_H200_nominal_t0p05,1,T012,11,1000,100,200,raw/v14_175.npz
mlp_coeff_N1000_K100_H200_nominal_t0p05,1,T013,12,1000,100,200,raw/v14_175.npz
mlp_coeff_N1000_K100_H200_nominal_t0p05,1,T014,13,1000,100,200,raw/v14_175.npz
mlp_coeff_N1000_K100_H200_nominal_t0p05,1,T015,14,1000,100,200,raw/v14_175.npz
mlp_coeff_N1000_K100_H200_nominal_t0p05,1,T016,15,1000,100,200,raw/v14_175.npz
mlp_coeff_N1000_K100_H200_nominal_t0p05,1,T017,16,1000,100,200,raw/v14_175.npz
mlp_coeff_N1000_K100_H200_nominal_t0p05,1,T018,17,1000,100,200,raw/v14_175.npz
mlp_coeff_N1000_K100_H200_nominal_t0p05,1,T019,18,1000,100,200,raw/v14_175.npz
mlp_coeff_N1000_K100_H200_nominal_t0p05,1,T020,19,1000,100,200,raw/v14_175.npz
mlp_coeff_N1000_K100_H200_nominal_t0p05,1,T021,20,1000,100,200,raw/v14_175.npz
mlp_coeff_N1000_K100_H200_nominal_t0p05,1,T022,21,1000,100,200,raw/v14_175.npz
mlp_coeff_N1000_K100_H200_nominal_t0p05,1,T023,22,1000,100,200,raw/v14_175.npz
mlp_coeff_N1000_K100_H200_nominal_t0p05,1,T024,23,1000,100,200,raw/v14_175.npz
mlp_coeff_N1000_K100_H200_nominal_t0p05,1,T025,24,1000,100,200,raw/v14_175.npz
mlp_coeff_N1000_K100_H200_nominal_t0p05,1,T026,25,1000,100,200,raw/v14_175.npz
mlp_coeff_N1000_K100_H200_nominal_t0p05,1,T027,26,1000,100,200,raw/v14_175.npz
mlp_coeff_N1000_K100_H200_nominal_t0p05,1,T028,27,1000,100,200,raw/v14_175.npz
mlp_coeff_N1000_K100_H200_nominal_t0p05,1,T029,28,1000,100,200,raw/v14_175.npz
mlp_coeff_N1000_K100_H200_nominal_t0p05,1,T030,29,1000,100,200,raw/v14_175.npz
mlp_coeff_N1000_K100_H200_nominal_t0p05,2,T001,0,1000,100,200,raw/v14_176.npz
mlp_coeff_N1000_K100_H200_nominal_t0p05,2,T002,1,1000,100,200,raw/v14_176.npz
mlp_coeff_N1000_K100_H200_nominal_t0p05,2,T003,2,1000,100,200,raw/v14_176.npz
mlp_coeff_N1000_K100_H200_nominal_t0p05,2,T004,3,1000,100,200,raw/v14_176.npz
mlp_coeff_N1000_K100_H200_nominal_t0p05,2,T005,4,1000,100,200,raw/v14_176.npz
mlp_coeff_N1000_K100_H200_nominal_t0p05,2,T006,5,1000,100,200,raw/v14_176.npz
mlp_coeff_N1000_K100_H200_nominal_t0p05,2,T007,6,1000,100,200,raw/v14_176.npz
mlp_coeff_N1000_K100_H200_nominal_t0p05,2,T008,7,1000,100,200,raw/v14_176.npz
mlp_coeff_N1000_K100_H200_nominal_t0p05,2,T009,8,1000,100,200,raw/v14_176.npz
mlp_coeff_N1000_K100_H200_nominal_t0p05,2,T010,9,1000,100,200,raw/v14_176.npz
mlp_coeff_N1000_K100_H200_nominal_t0p05,2,T011,10,1000,100,200,raw/v14_176.npz
mlp_coeff_N1000_K100_H200_nominal_t0p05,2,T012,11,1000,100,200,raw/v14_176.npz
mlp_coeff_N1000_K100_H200_nominal_t0p05,2,T013,12,1000,100,200,raw/v14_176.npz
mlp_coeff_N1000_K100_H200_nominal_t0p05,2,T014,13,1000,100,200,raw/v14_176.npz
mlp_coeff_N1000_K100_H200_nominal_t0p05,2,T015,14,1000,100,200,raw/v14_176.npz
mlp_coeff_N1000_K100_H200_nominal_t0p05,2,T016,15,1000,100,200,raw/v14_176.npz
mlp_coeff_N1000_K100_H200_nominal_t0p05,2,T017,16,1000,100,200,raw/v14_176.npz
mlp_coeff_N1000_K100_H200_nominal_t0p05,2,T018,17,1000,100,200,raw/v14_176.npz
mlp_coeff_N1000_K100_H200_nominal_t0p05,2,T019,18,1000,100,200,raw/v14_176.npz
mlp_coeff_N1000_K100_H200_nominal_t0p05,2,T020,19,1000,100,200,raw/v14_176.npz
mlp_coeff_N1000_K100_H200_nominal_t0p05,2,T021,20,1000,100,200,raw/v14_176.npz
mlp_coeff_N1000_K100_H200_nominal_t0p05,2,T022,21,1000,100,200,raw/v14_176.npz
mlp_coeff_N1000_K100_H200_nominal_t0p05,2,T023,22,1000,100,200,raw/v14_176.npz
mlp_coeff_N1000_K100_H200_nominal_t0p05,2,T024,23,1000,100,200,raw/v14_176.npz
mlp_coeff_N1000_K100_H200_nominal_t0p05,2,T025,24,1000,100,200,raw/v14_176.npz
mlp_coeff_N1000_K100_H200_nominal_t0p05,2,T026,25,1000,100,200,raw/v14_176.npz
mlp_coeff_N1000_K100_H200_nominal_t0p05,2,T027,26,1000,100,200,raw/v14_176.npz
mlp_coeff_N1000_K100_H200_nominal_t0p05,2,T028,27,1000,100,200,raw/v14_176.npz
mlp_coeff_N1000_K100_H200_nominal_t0p05,2,T029,28,1000,100,200,raw/v14_176.npz
mlp_coeff_N1000_K100_H200_nominal_t0p05,2,T030,29,1000,100,200,raw/v14_176.npz
mlp_coeff_N1000_K100_H200_nominal_t0p05,3,T001,0,1000,100,200,raw/v14_177.npz
mlp_coeff_N1000_K100_H200_nominal_t0p05,3,T002,1,1000,100,200,raw/v14_177.npz
mlp_coeff_N1000_K100_H200_nominal_t0p05,3,T003,2,1000,100,200,raw/v14_177.npz
mlp_coeff_N1000_K100_H200_nominal_t0p05,3,T004,3,1000,100,200,raw/v14_177.npz
mlp_coeff_N1000_K100_H200_nominal_t0p05,3,T005,4,1000,100,200,raw/v14_177.npz
mlp_coeff_N1000_K100_H200_nominal_t0p05,3,T006,5,1000,100,200,raw/v14_177.npz
mlp_coeff_N1000_K100_H200_nominal_t0p05,3,T007,6,1000,100,200,raw/v14_177.npz
mlp_coeff_N1000_K100_H200_nominal_t0p05,3,T008,7,1000,100,200,raw/v14_177.npz
mlp_coeff_N1000_K100_H200_nominal_t0p05,3,T009,8,1000,100,200,raw/v14_177.npz
mlp_coeff_N1000_K100_H200_nominal_t0p05,3,T010,9,1000,100,200,raw/v14_177.npz
mlp_coeff_N1000_K100_H200_nominal_t0p05,3,T011,10,1000,100,200,raw/v14_177.npz
mlp_coeff_N1000_K100_H200_nominal_t0p05,3,T012,11,1000,100,200,raw/v14_177.npz
mlp_coeff_N1000_K100_H200_nominal_t0p05,3,T013,12,1000,100,200,raw/v14_177.npz
mlp_coeff_N1000_K100_H200_nominal_t0p05,3,T014,13,1000,100,200,raw/v14_177.npz
mlp_coeff_N1000_K100_H200_nominal_t0p05,3,T015,14,1000,100,200,raw/v14_177.npz
mlp_coeff_N1000_K100_H200_nominal_t0p05,3,T016,15,1000,100,200,raw/v14_177.npz
mlp_coeff_N1000_K100_H200_nominal_t0p05,3,T017,16,1000,100,200,raw/v14_177.npz
mlp_coeff_N1000_K100_H200_nominal_t0p05,3,T018,17,1000,100,200,raw/v14_177.npz
mlp_coeff_N1000_K100_H200_nominal_t0p05,3,T019,18,1000,100,200,raw/v14_177.npz
mlp_coeff_N1000_K100_H200_nominal_t0p05,3,T020,19,1000,100,200,raw/v14_177.npz
mlp_coeff_N1000_K100_H200_nominal_t0p05,3,T021,20,1000,100,200,raw/v14_177.npz
mlp_coeff_N1000_K100_H200_nominal_t0p05,3,T022,21,1000,100,200,raw/v14_177.npz
mlp_coeff_N1000_K100_H200_nominal_t0p05,3,T023,22,1000,100,200,raw/v14_177.npz
mlp_coeff_N1000_K100_H200_nominal_t0p05,3,T024,23,1000,100,200,raw/v14_177.npz
mlp_coeff_N1000_K100_H200_nominal_t0p05,3,T025,24,1000,100,200,raw/v14_177.npz
mlp_coeff_N1000_K100_H200_nominal_t0p05,3,T026,25,1000,100,200,raw/v14_177.npz
mlp_coeff_N1000_K100_H200_nominal_t0p05,3,T027,26,1000,100,200,raw/v14_177.npz
mlp_coeff_N1000_K100_H200_nominal_t0p05,3,T028,27,1000,100,200,raw/v14_177.npz
mlp_coeff_N1000_K100_H200_nominal_t0p05,3,T029,28,1000,100,200,raw/v14_177.npz
mlp_coeff_N1000_K100_H200_nominal_t0p05,3,T030,29,1000,100,200,raw/v14_177.npz
mlp_coeff_N1000_K100_H200_nominal_t0p05,4,T001,0,1000,100,200,raw/v14_178.npz
mlp_coeff_N1000_K100_H200_nominal_t0p05,4,T002,1,1000,100,200,raw/v14_178.npz
mlp_coeff_N1000_K100_H200_nominal_t0p05,4,T003,2,1000,100,200,raw/v14_178.npz
mlp_coeff_N1000_K100_H200_nominal_t0p05,4,T004,3,1000,100,200,raw/v14_178.npz
mlp_coeff_N1000_K100_H200_nominal_t0p05,4,T005,4,1000,100,200,raw/v14_178.npz
mlp_coeff_N1000_K100_H200_nominal_t0p05,4,T006,5,1000,100,200,raw/v14_178.npz
mlp_coeff_N1000_K100_H200_nominal_t0p05,4,T007,6,1000,100,200,raw/v14_178.npz
mlp_coeff_N1000_K100_H200_nominal_t0p05,4,T008,7,1000,100,200,raw/v14_178.npz
mlp_coeff_N1000_K100_H200_nominal_t0p05,4,T009,8,1000,100,200,raw/v14_178.npz
mlp_coeff_N1000_K100_H200_nominal_t0p05,4,T010,9,1000,100,200,raw/v14_178.npz
mlp_coeff_N1000_K100_H200_nominal_t0p05,4,T011,10,1000,100,200,raw/v14_178.npz
mlp_coeff_N1000_K100_H200_nominal_t0p05,4,T012,11,1000,100,200,raw/v14_178.npz
mlp_coeff_N1000_K100_H200_nominal_t0p05,4,T013,12,1000,100,200,raw/v14_178.npz
mlp_coeff_N1000_K100_H200_nominal_t0p05,4,T014,13,1000,100,200,raw/v14_178.npz
mlp_coeff_N1000_K100_H200_nominal_t0p05,4,T015,14,1000,100,200,raw/v14_178.npz
mlp_coeff_N1000_K100_H200_nominal_t0p05,4,T016,15,1000,100,200,raw/v14_178.npz
mlp_coeff_N1000_K100_H200_nominal_t0p05,4,T017,16,1000,100,200,raw/v14_178.npz
mlp_coeff_N1000_K100_H200_nominal_t0p05,4,T018,17,1000,100,200,raw/v14_178.npz
mlp_coeff_N1000_K100_H200_nominal_t0p05,4,T019,18,1000,100,200,raw/v14_178.npz
mlp_coeff_N1000_K100_H200_nominal_t0p05,4,T020,19,1000,100,200,raw/v14_178.npz
mlp_coeff_N1000_K100_H200_nominal_t0p05,4,T021,20,1000,100,200,raw/v14_178.npz
mlp_coeff_N1000_K100_H200_nominal_t0p05,4,T022,21,1000,100,200,raw/v14_178.npz
mlp_coeff_N1000_K100_H200_nominal_t0p05,4,T023,22,1000,100,200,raw/v14_178.npz
mlp_coeff_N1000_K100_H200_nominal_t0p05,4,T024,23,1000,100,200,raw/v14_178.npz
mlp_coeff_N1000_K100_H200_nominal_t0p05,4,T025,24,1000,100,200,raw/v14_178.npz
mlp_coeff_N1000_K100_H200_nominal_t0p05,4,T026,25,1000,100,200,raw/v14_178.npz
mlp_coeff_N1000_K100_H200_nominal_t0p05,4,T027,26,1000,100,200,raw/v14_178.npz
mlp_coeff_N1000_K100_H200_nominal_t0p05,4,T028,27,1000,100,200,raw/v14_178.npz
mlp_coeff_N1000_K100_H200_nominal_t0p05,4,T029,28,1000,100,200,raw/v14_178.npz
mlp_coeff_N1000_K100_H200_nominal_t0p05,4,T030,29,1000,100,200,raw/v14_178.npz
mlp_coeff_N1000_K100_H200_nominal_t0p05,5,T001,0,1000,100,200,raw/v14_179.npz
mlp_coeff_N1000_K100_H200_nominal_t0p05,5,T002,1,1000,100,200,raw/v14_179.npz
mlp_coeff_N1000_K100_H200_nominal_t0p05,5,T003,2,1000,100,200,raw/v14_179.npz
mlp_coeff_N1000_K100_H200_nominal_t0p05,5,T004,3,1000,100,200,raw/v14_179.npz
mlp_coeff_N1000_K100_H200_nominal_t0p05,5,T005,4,1000,100,200,raw/v14_179.npz
mlp_coeff_N1000_K100_H200_nominal_t0p05,5,T006,5,1000,100,200,raw/v14_179.npz
mlp_coeff_N1000_K100_H200_nominal_t0p05,5,T007,6,1000,100,200,raw/v14_179.npz
mlp_coeff_N1000_K100_H200_nominal_t0p05,5,T008,7,1000,100,200,raw/v14_179.npz
mlp_coeff_N1000_K100_H200_nominal_t0p05,5,T009,8,1000,100,200,raw/v14_179.npz
mlp_coeff_N1000_K100_H200_nominal_t0p05,5,T010,9,1000,100,200,raw/v14_179.npz
mlp_coeff_N1000_K100_H200_nominal_t0p05,5,T011,10,1000,100,200,raw/v14_179.npz
mlp_coeff_N1000_K100_H200_nominal_t0p05,5,T012,11,1000,100,200,raw/v14_179.npz
mlp_coeff_N1000_K100_H200_nominal_t0p05,5,T013,12,1000,100,200,raw/v14_179.npz
mlp_coeff_N1000_K100_H200_nominal_t0p05,5,T014,13,1000,100,200,raw/v14_179.npz
mlp_coeff_N1000_K100_H200_nominal_t0p05,5,T015,14,1000,100,200,raw/v14_179.npz
mlp_coeff_N1000_K100_H200_nominal_t0p05,5,T016,15,1000,100,200,raw/v14_179.npz
mlp_coeff_N1000_K100_H200_nominal_t0p05,5,T017,16,1000,100,200,raw/v14_179.npz
mlp_coeff_N1000_K100_H200_nominal_t0p05,5,T018,17,1000,100,200,raw/v14_179.npz
mlp_coeff_N1000_K100_H200_nominal_t0p05,5,T019,18,1000,100,200,raw/v14_179.npz
mlp_coeff_N1000_K100_H200_nominal_t0p05,5,T020,19,1000,100,200,raw/v14_179.npz
mlp_coeff_N1000_K100_H200_nominal_t0p05,5,T021,20,1000,100,200,raw/v14_179.npz
mlp_coeff_N1000_K100_H200_nominal_t0p05,5,T022,21,1000,100,200,raw/v14_179.npz
mlp_coeff_N1000_K100_H200_nominal_t0p05,5,T023,22,1000,100,200,raw/v14_179.npz
mlp_coeff_N1000_K100_H200_nominal_t0p05,5,T024,23,1000,100,200,raw/v14_179.npz
mlp_coeff_N1000_K100_H200_nominal_t0p05,5,T025,24,1000,100,200,raw/v14_179.npz
mlp_coeff_N1000_K100_H200_nominal_t0p05,5,T026,25,1000,100,200,raw/v14_179.npz
mlp_coeff_N1000_K100_H200_nominal_t0p05,5,T027,26,1000,100,200,raw/v14_179.npz
mlp_coeff_N1000_K100_H200_nominal_t0p05,5,T028,27,1000,100,200,raw/v14_179.npz
mlp_coeff_N1000_K100_H200_nominal_t0p05,5,T029,28,1000,100,200,raw/v14_179.npz
mlp_coeff_N1000_K100_H200_nominal_t0p05,5,T030,29,1000,100,200,raw/v14_179.npz
mlp_coeff_N2000_K100_H200_nominal_t0p05,1,T001,0,2000,100,200,raw/v14_180.npz
mlp_coeff_N2000_K100_H200_nominal_t0p05,1,T002,1,2000,100,200,raw/v14_180.npz
mlp_coeff_N2000_K100_H200_nominal_t0p05,1,T003,2,2000,100,200,raw/v14_180.npz
mlp_coeff_N2000_K100_H200_nominal_t0p05,1,T004,3,2000,100,200,raw/v14_180.npz
mlp_coeff_N2000_K100_H200_nominal_t0p05,1,T005,4,2000,100,200,raw/v14_180.npz
mlp_coeff_N2000_K100_H200_nominal_t0p05,1,T006,5,2000,100,200,raw/v14_180.npz
mlp_coeff_N2000_K100_H200_nominal_t0p05,1,T007,6,2000,100,200,raw/v14_180.npz
mlp_coeff_N2000_K100_H200_nominal_t0p05,1,T008,7,2000,100,200,raw/v14_180.npz
mlp_coeff_N2000_K100_H200_nominal_t0p05,1,T009,8,2000,100,200,raw/v14_180.npz
mlp_coeff_N2000_K100_H200_nominal_t0p05,1,T010,9,2000,100,200,raw/v14_180.npz
mlp_coeff_N2000_K100_H200_nominal_t0p05,1,T011,10,2000,100,200,raw/v14_180.npz
mlp_coeff_N2000_K100_H200_nominal_t0p05,1,T012,11,2000,100,200,raw/v14_180.npz
mlp_coeff_N2000_K100_H200_nominal_t0p05,1,T013,12,2000,100,200,raw/v14_180.npz
mlp_coeff_N2000_K100_H200_nominal_t0p05,1,T014,13,2000,100,200,raw/v14_180.npz
mlp_coeff_N2000_K100_H200_nominal_t0p05,1,T015,14,2000,100,200,raw/v14_180.npz
mlp_coeff_N2000_K100_H200_nominal_t0p05,1,T016,15,2000,100,200,raw/v14_180.npz
mlp_coeff_N2000_K100_H200_nominal_t0p05,1,T017,16,2000,100,200,raw/v14_180.npz
mlp_coeff_N2000_K100_H200_nominal_t0p05,1,T018,17,2000,100,200,raw/v14_180.npz
mlp_coeff_N2000_K100_H200_nominal_t0p05,1,T019,18,2000,100,200,raw/v14_180.npz
mlp_coeff_N2000_K100_H200_nominal_t0p05,1,T020,19,2000,100,200,raw/v14_180.npz
mlp_coeff_N2000_K100_H200_nominal_t0p05,1,T021,20,2000,100,200,raw/v14_180.npz
mlp_coeff_N2000_K100_H200_nominal_t0p05,1,T022,21,2000,100,200,raw/v14_180.npz
mlp_coeff_N2000_K100_H200_nominal_t0p05,1,T023,22,2000,100,200,raw/v14_180.npz
mlp_coeff_N2000_K100_H200_nominal_t0p05,1,T024,23,2000,100,200,raw/v14_180.npz
mlp_coeff_N2000_K100_H200_nominal_t0p05,1,T025,24,2000,100,200,raw/v14_180.npz
mlp_coeff_N2000_K100_H200_nominal_t0p05,1,T026,25,2000,100,200,raw/v14_180.npz
mlp_coeff_N2000_K100_H200_nominal_t0p05,1,T027,26,2000,100,200,raw/v14_180.npz
mlp_coeff_N2000_K100_H200_nominal_t0p05,1,T028,27,2000,100,200,raw/v14_180.npz
mlp_coeff_N2000_K100_H200_nominal_t0p05,1,T029,28,2000,100,200,raw/v14_180.npz
mlp_coeff_N2000_K100_H200_nominal_t0p05,1,T030,29,2000,100,200,raw/v14_180.npz
mlp_coeff_N2000_K100_H200_nominal_t0p05,2,T001,0,2000,100,200,raw/v14_181.npz
mlp_coeff_N2000_K100_H200_nominal_t0p05,2,T002,1,2000,100,200,raw/v14_181.npz
mlp_coeff_N2000_K100_H200_nominal_t0p05,2,T003,2,2000,100,200,raw/v14_181.npz
mlp_coeff_N2000_K100_H200_nominal_t0p05,2,T004,3,2000,100,200,raw/v14_181.npz
mlp_coeff_N2000_K100_H200_nominal_t0p05,2,T005,4,2000,100,200,raw/v14_181.npz
mlp_coeff_N2000_K100_H200_nominal_t0p05,2,T006,5,2000,100,200,raw/v14_181.npz
mlp_coeff_N2000_K100_H200_nominal_t0p05,2,T007,6,2000,100,200,raw/v14_181.npz
mlp_coeff_N2000_K100_H200_nominal_t0p05,2,T008,7,2000,100,200,raw/v14_181.npz
mlp_coeff_N2000_K100_H200_nominal_t0p05,2,T009,8,2000,100,200,raw/v14_181.npz
mlp_coeff_N2000_K100_H200_nominal_t0p05,2,T010,9,2000,100,200,raw/v14_181.npz
mlp_coeff_N2000_K100_H200_nominal_t0p05,2,T011,10,2000,100,200,raw/v14_181.npz
mlp_coeff_N2000_K100_H200_nominal_t0p05,2,T012,11,2000,100,200,raw/v14_181.npz
mlp_coeff_N2000_K100_H200_nominal_t0p05,2,T013,12,2000,100,200,raw/v14_181.npz
mlp_coeff_N2000_K100_H200_nominal_t0p05,2,T014,13,2000,100,200,raw/v14_181.npz
mlp_coeff_N2000_K100_H200_nominal_t0p05,2,T015,14,2000,100,200,raw/v14_181.npz
mlp_coeff_N2000_K100_H200_nominal_t0p05,2,T016,15,2000,100,200,raw/v14_181.npz
mlp_coeff_N2000_K100_H200_nominal_t0p05,2,T017,16,2000,100,200,raw/v14_181.npz
mlp_coeff_N2000_K100_H200_nominal_t0p05,2,T018,17,2000,100,200,raw/v14_181.npz
mlp_coeff_N2000_K100_H200_nominal_t0p05,2,T019,18,2000,100,200,raw/v14_181.npz
mlp_coeff_N2000_K100_H200_nominal_t0p05,2,T020,19,2000,100,200,raw/v14_181.npz
mlp_coeff_N2000_K100_H200_nominal_t0p05,2,T021,20,2000,100,200,raw/v14_181.npz
mlp_coeff_N2000_K100_H200_nominal_t0p05,2,T022,21,2000,100,200,raw/v14_181.npz
mlp_coeff_N2000_K100_H200_nominal_t0p05,2,T023,22,2000,100,200,raw/v14_181.npz
mlp_coeff_N2000_K100_H200_nominal_t0p05,2,T024,23,2000,100,200,raw/v14_181.npz
mlp_coeff_N2000_K100_H200_nominal_t0p05,2,T025,24,2000,100,200,raw/v14_181.npz
mlp_coeff_N2000_K100_H200_nominal_t0p05,2,T026,25,2000,100,200,raw/v14_181.npz
mlp_coeff_N2000_K100_H200_nominal_t0p05,2,T027,26,2000,100,200,raw/v14_181.npz
mlp_coeff_N2000_K100_H200_nominal_t0p05,2,T028,27,2000,100,200,raw/v14_181.npz
mlp_coeff_N2000_K100_H200_nominal_t0p05,2,T029,28,2000,100,200,raw/v14_181.npz
mlp_coeff_N2000_K100_H200_nominal_t0p05,2,T030,29,2000,100,200,raw/v14_181.npz
mlp_coeff_N2000_K100_H200_nominal_t0p05,3,T001,0,2000,100,200,raw/v14_182.npz
mlp_coeff_N2000_K100_H200_nominal_t0p05,3,T002,1,2000,100,200,raw/v14_182.npz
mlp_coeff_N2000_K100_H200_nominal_t0p05,3,T003,2,2000,100,200,raw/v14_182.npz
mlp_coeff_N2000_K100_H200_nominal_t0p05,3,T004,3,2000,100,200,raw/v14_182.npz
mlp_coeff_N2000_K100_H200_nominal_t0p05,3,T005,4,2000,100,200,raw/v14_182.npz
mlp_coeff_N2000_K100_H200_nominal_t0p05,3,T006,5,2000,100,200,raw/v14_182.npz
mlp_coeff_N2000_K100_H200_nominal_t0p05,3,T007,6,2000,100,200,raw/v14_182.npz
mlp_coeff_N2000_K100_H200_nominal_t0p05,3,T008,7,2000,100,200,raw/v14_182.npz
mlp_coeff_N2000_K100_H200_nominal_t0p05,3,T009,8,2000,100,200,raw/v14_182.npz
mlp_coeff_N2000_K100_H200_nominal_t0p05,3,T010,9,2000,100,200,raw/v14_182.npz
mlp_coeff_N2000_K100_H200_nominal_t0p05,3,T011,10,2000,100,200,raw/v14_182.npz
mlp_coeff_N2000_K100_H200_nominal_t0p05,3,T012,11,2000,100,200,raw/v14_182.npz
mlp_coeff_N2000_K100_H200_nominal_t0p05,3,T013,12,2000,100,200,raw/v14_182.npz
mlp_coeff_N2000_K100_H200_nominal_t0p05,3,T014,13,2000,100,200,raw/v14_182.npz
mlp_coeff_N2000_K100_H200_nominal_t0p05,3,T015,14,2000,100,200,raw/v14_182.npz
mlp_coeff_N2000_K100_H200_nominal_t0p05,3,T016,15,2000,100,200,raw/v14_182.npz
mlp_coeff_N2000_K100_H200_nominal_t0p05,3,T017,16,2000,100,200,raw/v14_182.npz
mlp_coeff_N2000_K100_H200_nominal_t0p05,3,T018,17,2000,100,200,raw/v14_182.npz
mlp_coeff_N2000_K100_H200_nominal_t0p05,3,T019,18,2000,100,200,raw/v14_182.npz
mlp_coeff_N2000_K100_H200_nominal_t0p05,3,T020,19,2000,100,200,raw/v14_182.npz
mlp_coeff_N2000_K100_H200_nominal_t0p05,3,T021,20,2000,100,200,raw/v14_182.npz
mlp_coeff_N2000_K100_H200_nominal_t0p05,3,T022,21,2000,100,200,raw/v14_182.npz
mlp_coeff_N2000_K100_H200_nominal_t0p05,3,T023,22,2000,100,200,raw/v14_182.npz
mlp_coeff_N2000_K100_H200_nominal_t0p05,3,T024,23,2000,100,200,raw/v14_182.npz
mlp_coeff_N2000_K100_H200_nominal_t0p05,3,T025,24,2000,100,200,raw/v14_182.npz
mlp_coeff_N2000_K100_H200_nominal_t0p05,3,T026,25,2000,100,200,raw/v14_182.npz
mlp_coeff_N2000_K100_H200_nominal_t0p05,3,T027,26,2000,100,200,raw/v14_182.npz
mlp_coeff_N2000_K100_H200_nominal_t0p05,3,T028,27,2000,100,200,raw/v14_182.npz
mlp_coeff_N2000_K100_H200_nominal_t0p05,3,T029,28,2000,100,200,raw/v14_182.npz
mlp_coeff_N2000_K100_H200_nominal_t0p05,3,T030,29,2000,100,200,raw/v14_182.npz
mlp_coeff_N2000_K100_H200_nominal_t0p05,4,T001,0,2000,100,200,raw/v14_183.npz
mlp_coeff_N2000_K100_H200_nominal_t0p05,4,T002,1,2000,100,200,raw/v14_183.npz
mlp_coeff_N2000_K100_H200_nominal_t0p05,4,T003,2,2000,100,200,raw/v14_183.npz
mlp_coeff_N2000_K100_H200_nominal_t0p05,4,T004,3,2000,100,200,raw/v14_183.npz
mlp_coeff_N2000_K100_H200_nominal_t0p05,4,T005,4,2000,100,200,raw/v14_183.npz
mlp_coeff_N2000_K100_H200_nominal_t0p05,4,T006,5,2000,100,200,raw/v14_183.npz
mlp_coeff_N2000_K100_H200_nominal_t0p05,4,T007,6,2000,100,200,raw/v14_183.npz
mlp_coeff_N2000_K100_H200_nominal_t0p05,4,T008,7,2000,100,200,raw/v14_183.npz
mlp_coeff_N2000_K100_H200_nominal_t0p05,4,T009,8,2000,100,200,raw/v14_183.npz
mlp_coeff_N2000_K100_H200_nominal_t0p05,4,T010,9,2000,100,200,raw/v14_183.npz
mlp_coeff_N2000_K100_H200_nominal_t0p05,4,T011,10,2000,100,200,raw/v14_183.npz
mlp_coeff_N2000_K100_H200_nominal_t0p05,4,T012,11,2000,100,200,raw/v14_183.npz
mlp_coeff_N2000_K100_H200_nominal_t0p05,4,T013,12,2000,100,200,raw/v14_183.npz
mlp_coeff_N2000_K100_H200_nominal_t0p05,4,T014,13,2000,100,200,raw/v14_183.npz
mlp_coeff_N2000_K100_H200_nominal_t0p05,4,T015,14,2000,100,200,raw/v14_183.npz
mlp_coeff_N2000_K100_H200_nominal_t0p05,4,T016,15,2000,100,200,raw/v14_183.npz
mlp_coeff_N2000_K100_H200_nominal_t0p05,4,T017,16,2000,100,200,raw/v14_183.npz
mlp_coeff_N2000_K100_H200_nominal_t0p05,4,T018,17,2000,100,200,raw/v14_183.npz
mlp_coeff_N2000_K100_H200_nominal_t0p05,4,T019,18,2000,100,200,raw/v14_183.npz
mlp_coeff_N2000_K100_H200_nominal_t0p05,4,T020,19,2000,100,200,raw/v14_183.npz
mlp_coeff_N2000_K100_H200_nominal_t0p05,4,T021,20,2000,100,200,raw/v14_183.npz
mlp_coeff_N2000_K100_H200_nominal_t0p05,4,T022,21,2000,100,200,raw/v14_183.npz
mlp_coeff_N2000_K100_H200_nominal_t0p05,4,T023,22,2000,100,200,raw/v14_183.npz
mlp_coeff_N2000_K100_H200_nominal_t0p05,4,T024,23,2000,100,200,raw/v14_183.npz
mlp_coeff_N2000_K100_H200_nominal_t0p05,4,T025,24,2000,100,200,raw/v14_183.npz
mlp_coeff_N2000_K100_H200_nominal_t0p05,4,T026,25,2000,100,200,raw/v14_183.npz
mlp_coeff_N2000_K100_H200_nominal_t0p05,4,T027,26,2000,100,200,raw/v14_183.npz
mlp_coeff_N2000_K100_H200_nominal_t0p05,4,T028,27,2000,100,200,raw/v14_183.npz
mlp_coeff_N2000_K100_H200_nominal_t0p05,4,T029,28,2000,100,200,raw/v14_183.npz
mlp_coeff_N2000_K100_H200_nominal_t0p05,4,T030,29,2000,100,200,raw/v14_183.npz
mlp_coeff_N2000_K100_H200_nominal_t0p05,5,T001,0,2000,100,200,raw/v14_184.npz
mlp_coeff_N2000_K100_H200_nominal_t0p05,5,T002,1,2000,100,200,raw/v14_184.npz
mlp_coeff_N2000_K100_H200_nominal_t0p05,5,T003,2,2000,100,200,raw/v14_184.npz
mlp_coeff_N2000_K100_H200_nominal_t0p05,5,T004,3,2000,100,200,raw/v14_184.npz
mlp_coeff_N2000_K100_H200_nominal_t0p05,5,T005,4,2000,100,200,raw/v14_184.npz
mlp_coeff_N2000_K100_H200_nominal_t0p05,5,T006,5,2000,100,200,raw/v14_184.npz
mlp_coeff_N2000_K100_H200_nominal_t0p05,5,T007,6,2000,100,200,raw/v14_184.npz
mlp_coeff_N2000_K100_H200_nominal_t0p05,5,T008,7,2000,100,200,raw/v14_184.npz
mlp_coeff_N2000_K100_H200_nominal_t0p05,5,T009,8,2000,100,200,raw/v14_184.npz
mlp_coeff_N2000_K100_H200_nominal_t0p05,5,T010,9,2000,100,200,raw/v14_184.npz
mlp_coeff_N2000_K100_H200_nominal_t0p05,5,T011,10,2000,100,200,raw/v14_184.npz
mlp_coeff_N2000_K100_H200_nominal_t0p05,5,T012,11,2000,100,200,raw/v14_184.npz
mlp_coeff_N2000_K100_H200_nominal_t0p05,5,T013,12,2000,100,200,raw/v14_184.npz
mlp_coeff_N2000_K100_H200_nominal_t0p05,5,T014,13,2000,100,200,raw/v14_184.npz
mlp_coeff_N2000_K100_H200_nominal_t0p05,5,T015,14,2000,100,200,raw/v14_184.npz
mlp_coeff_N2000_K100_H200_nominal_t0p05,5,T016,15,2000,100,200,raw/v14_184.npz
mlp_coeff_N2000_K100_H200_nominal_t0p05,5,T017,16,2000,100,200,raw/v14_184.npz
mlp_coeff_N2000_K100_H200_nominal_t0p05,5,T018,17,2000,100,200,raw/v14_184.npz
mlp_coeff_N2000_K100_H200_nominal_t0p05,5,T019,18,2000,100,200,raw/v14_184.npz
mlp_coeff_N2000_K100_H200_nominal_t0p05,5,T020,19,2000,100,200,raw/v14_184.npz
mlp_coeff_N2000_K100_H200_nominal_t0p05,5,T021,20,2000,100,200,raw/v14_184.npz
mlp_coeff_N2000_K100_H200_nominal_t0p05,5,T022,21,2000,100,200,raw/v14_184.npz
mlp_coeff_N2000_K100_H200_nominal_t0p05,5,T023,22,2000,100,200,raw/v14_184.npz
mlp_coeff_N2000_K100_H200_nominal_t0p05,5,T024,23,2000,100,200,raw/v14_184.npz
mlp_coeff_N2000_K100_H200_nominal_t0p05,5,T025,24,2000,100,200,raw/v14_184.npz
mlp_coeff_N2000_K100_H200_nominal_t0p05,5,T026,25,2000,100,200,raw/v14_184.npz
mlp_coeff_N2000_K100_H200_nominal_t0p05,5,T027,26,2000,100,200,raw/v14_184.npz
mlp_coeff_N2000_K100_H200_nominal_t0p05,5,T028,27,2000,100,200,raw/v14_184.npz
mlp_coeff_N2000_K100_H200_nominal_t0p05,5,T029,28,2000,100,200,raw/v14_184.npz
mlp_coeff_N2000_K100_H200_nominal_t0p05,5,T030,29,2000,100,200,raw/v14_184.npz
no_cox_rst_N2000_K100_H200_nominal_t0p05,1,T001,0,2000,100,200,raw/v14_185.npz
no_cox_rst_N2000_K100_H200_nominal_t0p05,1,T002,1,2000,100,200,raw/v14_185.npz
no_cox_rst_N2000_K100_H200_nominal_t0p05,1,T003,2,2000,100,200,raw/v14_185.npz
no_cox_rst_N2000_K100_H200_nominal_t0p05,1,T004,3,2000,100,200,raw/v14_185.npz
no_cox_rst_N2000_K100_H200_nominal_t0p05,1,T005,4,2000,100,200,raw/v14_185.npz
no_cox_rst_N2000_K100_H200_nominal_t0p05,1,T006,5,2000,100,200,raw/v14_185.npz
no_cox_rst_N2000_K100_H200_nominal_t0p05,1,T007,6,2000,100,200,raw/v14_185.npz
no_cox_rst_N2000_K100_H200_nominal_t0p05,1,T008,7,2000,100,200,raw/v14_185.npz
no_cox_rst_N2000_K100_H200_nominal_t0p05,1,T009,8,2000,100,200,raw/v14_185.npz
no_cox_rst_N2000_K100_H200_nominal_t0p05,1,T010,9,2000,100,200,raw/v14_185.npz
no_cox_rst_N2000_K100_H200_nominal_t0p05,1,T011,10,2000,100,200,raw/v14_185.npz
no_cox_rst_N2000_K100_H200_nominal_t0p05,1,T012,11,2000,100,200,raw/v14_185.npz
no_cox_rst_N2000_K100_H200_nominal_t0p05,1,T013,12,2000,100,200,raw/v14_185.npz
no_cox_rst_N2000_K100_H200_nominal_t0p05,1,T014,13,2000,100,200,raw/v14_185.npz
no_cox_rst_N2000_K100_H200_nominal_t0p05,1,T015,14,2000,100,200,raw/v14_185.npz
no_cox_rst_N2000_K100_H200_nominal_t0p05,1,T016,15,2000,100,200,raw/v14_185.npz
no_cox_rst_N2000_K100_H200_nominal_t0p05,1,T017,16,2000,100,200,raw/v14_185.npz
no_cox_rst_N2000_K100_H200_nominal_t0p05,1,T018,17,2000,100,200,raw/v14_185.npz
no_cox_rst_N2000_K100_H200_nominal_t0p05,1,T019,18,2000,100,200,raw/v14_185.npz
no_cox_rst_N2000_K100_H200_nominal_t0p05,1,T020,19,2000,100,200,raw/v14_185.npz
no_cox_rst_N2000_K100_H200_nominal_t0p05,1,T021,20,2000,100,200,raw/v14_185.npz
no_cox_rst_N2000_K100_H200_nominal_t0p05,1,T022,21,2000,100,200,raw/v14_185.npz
no_cox_rst_N2000_K100_H200_nominal_t0p05,1,T023,22,2000,100,200,raw/v14_185.npz
no_cox_rst_N2000_K100_H200_nominal_t0p05,1,T024,23,2000,100,200,raw/v14_185.npz
no_cox_rst_N2000_K100_H200_nominal_t0p05,1,T025,24,2000,100,200,raw/v14_185.npz
no_cox_rst_N2000_K100_H200_nominal_t0p05,1,T026,25,2000,100,200,raw/v14_185.npz
no_cox_rst_N2000_K100_H200_nominal_t0p05,1,T027,26,2000,100,200,raw/v14_185.npz
no_cox_rst_N2000_K100_H200_nominal_t0p05,1,T028,27,2000,100,200,raw/v14_185.npz
no_cox_rst_N2000_K100_H200_nominal_t0p05,1,T029,28,2000,100,200,raw/v14_185.npz
no_cox_rst_N2000_K100_H200_nominal_t0p05,1,T030,29,2000,100,200,raw/v14_185.npz
no_cox_rst_N2000_K100_H200_nominal_t0p05,2,T001,0,2000,100,200,raw/v14_186.npz
no_cox_rst_N2000_K100_H200_nominal_t0p05,2,T002,1,2000,100,200,raw/v14_186.npz
no_cox_rst_N2000_K100_H200_nominal_t0p05,2,T003,2,2000,100,200,raw/v14_186.npz
no_cox_rst_N2000_K100_H200_nominal_t0p05,2,T004,3,2000,100,200,raw/v14_186.npz
no_cox_rst_N2000_K100_H200_nominal_t0p05,2,T005,4,2000,100,200,raw/v14_186.npz
no_cox_rst_N2000_K100_H200_nominal_t0p05,2,T006,5,2000,100,200,raw/v14_186.npz
no_cox_rst_N2000_K100_H200_nominal_t0p05,2,T007,6,2000,100,200,raw/v14_186.npz
no_cox_rst_N2000_K100_H200_nominal_t0p05,2,T008,7,2000,100,200,raw/v14_186.npz
no_cox_rst_N2000_K100_H200_nominal_t0p05,2,T009,8,2000,100,200,raw/v14_186.npz
no_cox_rst_N2000_K100_H200_nominal_t0p05,2,T010,9,2000,100,200,raw/v14_186.npz
no_cox_rst_N2000_K100_H200_nominal_t0p05,2,T011,10,2000,100,200,raw/v14_186.npz
no_cox_rst_N2000_K100_H200_nominal_t0p05,2,T012,11,2000,100,200,raw/v14_186.npz
no_cox_rst_N2000_K100_H200_nominal_t0p05,2,T013,12,2000,100,200,raw/v14_186.npz
no_cox_rst_N2000_K100_H200_nominal_t0p05,2,T014,13,2000,100,200,raw/v14_186.npz
no_cox_rst_N2000_K100_H200_nominal_t0p05,2,T015,14,2000,100,200,raw/v14_186.npz
no_cox_rst_N2000_K100_H200_nominal_t0p05,2,T016,15,2000,100,200,raw/v14_186.npz
no_cox_rst_N2000_K100_H200_nominal_t0p05,2,T017,16,2000,100,200,raw/v14_186.npz
no_cox_rst_N2000_K100_H200_nominal_t0p05,2,T018,17,2000,100,200,raw/v14_186.npz
no_cox_rst_N2000_K100_H200_nominal_t0p05,2,T019,18,2000,100,200,raw/v14_186.npz
no_cox_rst_N2000_K100_H200_nominal_t0p05,2,T020,19,2000,100,200,raw/v14_186.npz
no_cox_rst_N2000_K100_H200_nominal_t0p05,2,T021,20,2000,100,200,raw/v14_186.npz
no_cox_rst_N2000_K100_H200_nominal_t0p05,2,T022,21,2000,100,200,raw/v14_186.npz
no_cox_rst_N2000_K100_H200_nominal_t0p05,2,T023,22,2000,100,200,raw/v14_186.npz
no_cox_rst_N2000_K100_H200_nominal_t0p05,2,T024,23,2000,100,200,raw/v14_186.npz
no_cox_rst_N2000_K100_H200_nominal_t0p05,2,T025,24,2000,100,200,raw/v14_186.npz
no_cox_rst_N2000_K100_H200_nominal_t0p05,2,T026,25,2000,100,200,raw/v14_186.npz
no_cox_rst_N2000_K100_H200_nominal_t0p05,2,T027,26,2000,100,200,raw/v14_186.npz
no_cox_rst_N2000_K100_H200_nominal_t0p05,2,T028,27,2000,100,200,raw/v14_186.npz
no_cox_rst_N2000_K100_H200_nominal_t0p05,2,T029,28,2000,100,200,raw/v14_186.npz
no_cox_rst_N2000_K100_H200_nominal_t0p05,2,T030,29,2000,100,200,raw/v14_186.npz
no_cox_rst_N2000_K100_H200_nominal_t0p05,3,T001,0,2000,100,200,raw/v14_187.npz
no_cox_rst_N2000_K100_H200_nominal_t0p05,3,T002,1,2000,100,200,raw/v14_187.npz
no_cox_rst_N2000_K100_H200_nominal_t0p05,3,T003,2,2000,100,200,raw/v14_187.npz
no_cox_rst_N2000_K100_H200_nominal_t0p05,3,T004,3,2000,100,200,raw/v14_187.npz
no_cox_rst_N2000_K100_H200_nominal_t0p05,3,T005,4,2000,100,200,raw/v14_187.npz
no_cox_rst_N2000_K100_H200_nominal_t0p05,3,T006,5,2000,100,200,raw/v14_187.npz
no_cox_rst_N2000_K100_H200_nominal_t0p05,3,T007,6,2000,100,200,raw/v14_187.npz
no_cox_rst_N2000_K100_H200_nominal_t0p05,3,T008,7,2000,100,200,raw/v14_187.npz
no_cox_rst_N2000_K100_H200_nominal_t0p05,3,T009,8,2000,100,200,raw/v14_187.npz
no_cox_rst_N2000_K100_H200_nominal_t0p05,3,T010,9,2000,100,200,raw/v14_187.npz
no_cox_rst_N2000_K100_H200_nominal_t0p05,3,T011,10,2000,100,200,raw/v14_187.npz
no_cox_rst_N2000_K100_H200_nominal_t0p05,3,T012,11,2000,100,200,raw/v14_187.npz
no_cox_rst_N2000_K100_H200_nominal_t0p05,3,T013,12,2000,100,200,raw/v14_187.npz
no_cox_rst_N2000_K100_H200_nominal_t0p05,3,T014,13,2000,100,200,raw/v14_187.npz
no_cox_rst_N2000_K100_H200_nominal_t0p05,3,T015,14,2000,100,200,raw/v14_187.npz
no_cox_rst_N2000_K100_H200_nominal_t0p05,3,T016,15,2000,100,200,raw/v14_187.npz
no_cox_rst_N2000_K100_H200_nominal_t0p05,3,T017,16,2000,100,200,raw/v14_187.npz
no_cox_rst_N2000_K100_H200_nominal_t0p05,3,T018,17,2000,100,200,raw/v14_187.npz
no_cox_rst_N2000_K100_H200_nominal_t0p05,3,T019,18,2000,100,200,raw/v14_187.npz
no_cox_rst_N2000_K100_H200_nominal_t0p05,3,T020,19,2000,100,200,raw/v14_187.npz
no_cox_rst_N2000_K100_H200_nominal_t0p05,3,T021,20,2000,100,200,raw/v14_187.npz
no_cox_rst_N2000_K100_H200_nominal_t0p05,3,T022,21,2000,100,200,raw/v14_187.npz
no_cox_rst_N2000_K100_H200_nominal_t0p05,3,T023,22,2000,100,200,raw/v14_187.npz
no_cox_rst_N2000_K100_H200_nominal_t0p05,3,T024,23,2000,100,200,raw/v14_187.npz
no_cox_rst_N2000_K100_H200_nominal_t0p05,3,T025,24,2000,100,200,raw/v14_187.npz
no_cox_rst_N2000_K100_H200_nominal_t0p05,3,T026,25,2000,100,200,raw/v14_187.npz
no_cox_rst_N2000_K100_H200_nominal_t0p05,3,T027,26,2000,100,200,raw/v14_187.npz
no_cox_rst_N2000_K100_H200_nominal_t0p05,3,T028,27,2000,100,200,raw/v14_187.npz
no_cox_rst_N2000_K100_H200_nominal_t0p05,3,T029,28,2000,100,200,raw/v14_187.npz
no_cox_rst_N2000_K100_H200_nominal_t0p05,3,T030,29,2000,100,200,raw/v14_187.npz
no_cox_rst_N2000_K100_H200_nominal_t0p05,4,T001,0,2000,100,200,raw/v14_188.npz
no_cox_rst_N2000_K100_H200_nominal_t0p05,4,T002,1,2000,100,200,raw/v14_188.npz
no_cox_rst_N2000_K100_H200_nominal_t0p05,4,T003,2,2000,100,200,raw/v14_188.npz
no_cox_rst_N2000_K100_H200_nominal_t0p05,4,T004,3,2000,100,200,raw/v14_188.npz
no_cox_rst_N2000_K100_H200_nominal_t0p05,4,T005,4,2000,100,200,raw/v14_188.npz
no_cox_rst_N2000_K100_H200_nominal_t0p05,4,T006,5,2000,100,200,raw/v14_188.npz
no_cox_rst_N2000_K100_H200_nominal_t0p05,4,T007,6,2000,100,200,raw/v14_188.npz
no_cox_rst_N2000_K100_H200_nominal_t0p05,4,T008,7,2000,100,200,raw/v14_188.npz
no_cox_rst_N2000_K100_H200_nominal_t0p05,4,T009,8,2000,100,200,raw/v14_188.npz
no_cox_rst_N2000_K100_H200_nominal_t0p05,4,T010,9,2000,100,200,raw/v14_188.npz
no_cox_rst_N2000_K100_H200_nominal_t0p05,4,T011,10,2000,100,200,raw/v14_188.npz
no_cox_rst_N2000_K100_H200_nominal_t0p05,4,T012,11,2000,100,200,raw/v14_188.npz
no_cox_rst_N2000_K100_H200_nominal_t0p05,4,T013,12,2000,100,200,raw/v14_188.npz
no_cox_rst_N2000_K100_H200_nominal_t0p05,4,T014,13,2000,100,200,raw/v14_188.npz
no_cox_rst_N2000_K100_H200_nominal_t0p05,4,T015,14,2000,100,200,raw/v14_188.npz
no_cox_rst_N2000_K100_H200_nominal_t0p05,4,T016,15,2000,100,200,raw/v14_188.npz
no_cox_rst_N2000_K100_H200_nominal_t0p05,4,T017,16,2000,100,200,raw/v14_188.npz
no_cox_rst_N2000_K100_H200_nominal_t0p05,4,T018,17,2000,100,200,raw/v14_188.npz
no_cox_rst_N2000_K100_H200_nominal_t0p05,4,T019,18,2000,100,200,raw/v14_188.npz
no_cox_rst_N2000_K100_H200_nominal_t0p05,4,T020,19,2000,100,200,raw/v14_188.npz
no_cox_rst_N2000_K100_H200_nominal_t0p05,4,T021,20,2000,100,200,raw/v14_188.npz
no_cox_rst_N2000_K100_H200_nominal_t0p05,4,T022,21,2000,100,200,raw/v14_188.npz
no_cox_rst_N2000_K100_H200_nominal_t0p05,4,T023,22,2000,100,200,raw/v14_188.npz
no_cox_rst_N2000_K100_H200_nominal_t0p05,4,T024,23,2000,100,200,raw/v14_188.npz
no_cox_rst_N2000_K100_H200_nominal_t0p05,4,T025,24,2000,100,200,raw/v14_188.npz
no_cox_rst_N2000_K100_H200_nominal_t0p05,4,T026,25,2000,100,200,raw/v14_188.npz
no_cox_rst_N2000_K100_H200_nominal_t0p05,4,T027,26,2000,100,200,raw/v14_188.npz
no_cox_rst_N2000_K100_H200_nominal_t0p05,4,T028,27,2000,100,200,raw/v14_188.npz
no_cox_rst_N2000_K100_H200_nominal_t0p05,4,T029,28,2000,100,200,raw/v14_188.npz
no_cox_rst_N2000_K100_H200_nominal_t0p05,4,T030,29,2000,100,200,raw/v14_188.npz
no_cox_rst_N2000_K100_H200_nominal_t0p05,5,T001,0,2000,100,200,raw/v14_189.npz
no_cox_rst_N2000_K100_H200_nominal_t0p05,5,T002,1,2000,100,200,raw/v14_189.npz
no_cox_rst_N2000_K100_H200_nominal_t0p05,5,T003,2,2000,100,200,raw/v14_189.npz
no_cox_rst_N2000_K100_H200_nominal_t0p05,5,T004,3,2000,100,200,raw/v14_189.npz
no_cox_rst_N2000_K100_H200_nominal_t0p05,5,T005,4,2000,100,200,raw/v14_189.npz
no_cox_rst_N2000_K100_H200_nominal_t0p05,5,T006,5,2000,100,200,raw/v14_189.npz
no_cox_rst_N2000_K100_H200_nominal_t0p05,5,T007,6,2000,100,200,raw/v14_189.npz
no_cox_rst_N2000_K100_H200_nominal_t0p05,5,T008,7,2000,100,200,raw/v14_189.npz
no_cox_rst_N2000_K100_H200_nominal_t0p05,5,T009,8,2000,100,200,raw/v14_189.npz
no_cox_rst_N2000_K100_H200_nominal_t0p05,5,T010,9,2000,100,200,raw/v14_189.npz
no_cox_rst_N2000_K100_H200_nominal_t0p05,5,T011,10,2000,100,200,raw/v14_189.npz
no_cox_rst_N2000_K100_H200_nominal_t0p05,5,T012,11,2000,100,200,raw/v14_189.npz
no_cox_rst_N2000_K100_H200_nominal_t0p05,5,T013,12,2000,100,200,raw/v14_189.npz
no_cox_rst_N2000_K100_H200_nominal_t0p05,5,T014,13,2000,100,200,raw/v14_189.npz
no_cox_rst_N2000_K100_H200_nominal_t0p05,5,T015,14,2000,100,200,raw/v14_189.npz
no_cox_rst_N2000_K100_H200_nominal_t0p05,5,T016,15,2000,100,200,raw/v14_189.npz
no_cox_rst_N2000_K100_H200_nominal_t0p05,5,T017,16,2000,100,200,raw/v14_189.npz
no_cox_rst_N2000_K100_H200_nominal_t0p05,5,T018,17,2000,100,200,raw/v14_189.npz
no_cox_rst_N2000_K100_H200_nominal_t0p05,5,T019,18,2000,100,200,raw/v14_189.npz
no_cox_rst_N2000_K100_H200_nominal_t0p05,5,T020,19,2000,100,200,raw/v14_189.npz
no_cox_rst_N2000_K100_H200_nominal_t0p05,5,T021,20,2000,100,200,raw/v14_189.npz
no_cox_rst_N2000_K100_H200_nominal_t0p05,5,T022,21,2000,100,200,raw/v14_189.npz
no_cox_rst_N2000_K100_H200_nominal_t0p05,5,T023,22,2000,100,200,raw/v14_189.npz
no_cox_rst_N2000_K100_H200_nominal_t0p05,5,T024,23,2000,100,200,raw/v14_189.npz
no_cox_rst_N2000_K100_H200_nominal_t0p05,5,T025,24,2000,100,200,raw/v14_189.npz
no_cox_rst_N2000_K100_H200_nominal_t0p05,5,T026,25,2000,100,200,raw/v14_189.npz
no_cox_rst_N2000_K100_H200_nominal_t0p05,5,T027,26,2000,100,200,raw/v14_189.npz
no_cox_rst_N2000_K100_H200_nominal_t0p05,5,T028,27,2000,100,200,raw/v14_189.npz
no_cox_rst_N2000_K100_H200_nominal_t0p05,5,T029,28,2000,100,200,raw/v14_189.npz
no_cox_rst_N2000_K100_H200_nominal_t0p05,5,T030,29,2000,100,200,raw/v14_189.npz
no_cox_rst_N500_K100_H200_nominal_t0p05,1,T001,0,500,100,200,raw/v14_190.npz
no_cox_rst_N500_K100_H200_nominal_t0p05,1,T002,1,500,100,200,raw/v14_190.npz
no_cox_rst_N500_K100_H200_nominal_t0p05,1,T003,2,500,100,200,raw/v14_190.npz
no_cox_rst_N500_K100_H200_nominal_t0p05,1,T004,3,500,100,200,raw/v14_190.npz
no_cox_rst_N500_K100_H200_nominal_t0p05,1,T005,4,500,100,200,raw/v14_190.npz
no_cox_rst_N500_K100_H200_nominal_t0p05,1,T006,5,500,100,200,raw/v14_190.npz
no_cox_rst_N500_K100_H200_nominal_t0p05,1,T007,6,500,100,200,raw/v14_190.npz
no_cox_rst_N500_K100_H200_nominal_t0p05,1,T008,7,500,100,200,raw/v14_190.npz
no_cox_rst_N500_K100_H200_nominal_t0p05,1,T009,8,500,100,200,raw/v14_190.npz
no_cox_rst_N500_K100_H200_nominal_t0p05,1,T010,9,500,100,200,raw/v14_190.npz
no_cox_rst_N500_K100_H200_nominal_t0p05,1,T011,10,500,100,200,raw/v14_190.npz
no_cox_rst_N500_K100_H200_nominal_t0p05,1,T012,11,500,100,200,raw/v14_190.npz
no_cox_rst_N500_K100_H200_nominal_t0p05,1,T013,12,500,100,200,raw/v14_190.npz
no_cox_rst_N500_K100_H200_nominal_t0p05,1,T014,13,500,100,200,raw/v14_190.npz
no_cox_rst_N500_K100_H200_nominal_t0p05,1,T015,14,500,100,200,raw/v14_190.npz
no_cox_rst_N500_K100_H200_nominal_t0p05,1,T016,15,500,100,200,raw/v14_190.npz
no_cox_rst_N500_K100_H200_nominal_t0p05,1,T017,16,500,100,200,raw/v14_190.npz
no_cox_rst_N500_K100_H200_nominal_t0p05,1,T018,17,500,100,200,raw/v14_190.npz
no_cox_rst_N500_K100_H200_nominal_t0p05,1,T019,18,500,100,200,raw/v14_190.npz
no_cox_rst_N500_K100_H200_nominal_t0p05,1,T020,19,500,100,200,raw/v14_190.npz
no_cox_rst_N500_K100_H200_nominal_t0p05,1,T021,20,500,100,200,raw/v14_190.npz
no_cox_rst_N500_K100_H200_nominal_t0p05,1,T022,21,500,100,200,raw/v14_190.npz
no_cox_rst_N500_K100_H200_nominal_t0p05,1,T023,22,500,100,200,raw/v14_190.npz
no_cox_rst_N500_K100_H200_nominal_t0p05,1,T024,23,500,100,200,raw/v14_190.npz
no_cox_rst_N500_K100_H200_nominal_t0p05,1,T025,24,500,100,200,raw/v14_190.npz
no_cox_rst_N500_K100_H200_nominal_t0p05,1,T026,25,500,100,200,raw/v14_190.npz
no_cox_rst_N500_K100_H200_nominal_t0p05,1,T027,26,500,100,200,raw/v14_190.npz
no_cox_rst_N500_K100_H200_nominal_t0p05,1,T028,27,500,100,200,raw/v14_190.npz
no_cox_rst_N500_K100_H200_nominal_t0p05,1,T029,28,500,100,200,raw/v14_190.npz
no_cox_rst_N500_K100_H200_nominal_t0p05,1,T030,29,500,100,200,raw/v14_190.npz
no_cox_rst_N500_K100_H200_nominal_t0p05,2,T001,0,500,100,200,raw/v14_191.npz
no_cox_rst_N500_K100_H200_nominal_t0p05,2,T002,1,500,100,200,raw/v14_191.npz
no_cox_rst_N500_K100_H200_nominal_t0p05,2,T003,2,500,100,200,raw/v14_191.npz
no_cox_rst_N500_K100_H200_nominal_t0p05,2,T004,3,500,100,200,raw/v14_191.npz
no_cox_rst_N500_K100_H200_nominal_t0p05,2,T005,4,500,100,200,raw/v14_191.npz
no_cox_rst_N500_K100_H200_nominal_t0p05,2,T006,5,500,100,200,raw/v14_191.npz
no_cox_rst_N500_K100_H200_nominal_t0p05,2,T007,6,500,100,200,raw/v14_191.npz
no_cox_rst_N500_K100_H200_nominal_t0p05,2,T008,7,500,100,200,raw/v14_191.npz
no_cox_rst_N500_K100_H200_nominal_t0p05,2,T009,8,500,100,200,raw/v14_191.npz
no_cox_rst_N500_K100_H200_nominal_t0p05,2,T010,9,500,100,200,raw/v14_191.npz
no_cox_rst_N500_K100_H200_nominal_t0p05,2,T011,10,500,100,200,raw/v14_191.npz
no_cox_rst_N500_K100_H200_nominal_t0p05,2,T012,11,500,100,200,raw/v14_191.npz
no_cox_rst_N500_K100_H200_nominal_t0p05,2,T013,12,500,100,200,raw/v14_191.npz
no_cox_rst_N500_K100_H200_nominal_t0p05,2,T014,13,500,100,200,raw/v14_191.npz
no_cox_rst_N500_K100_H200_nominal_t0p05,2,T015,14,500,100,200,raw/v14_191.npz
no_cox_rst_N500_K100_H200_nominal_t0p05,2,T016,15,500,100,200,raw/v14_191.npz
no_cox_rst_N500_K100_H200_nominal_t0p05,2,T017,16,500,100,200,raw/v14_191.npz
no_cox_rst_N500_K100_H200_nominal_t0p05,2,T018,17,500,100,200,raw/v14_191.npz
no_cox_rst_N500_K100_H200_nominal_t0p05,2,T019,18,500,100,200,raw/v14_191.npz
no_cox_rst_N500_K100_H200_nominal_t0p05,2,T020,19,500,100,200,raw/v14_191.npz
no_cox_rst_N500_K100_H200_nominal_t0p05,2,T021,20,500,100,200,raw/v14_191.npz
no_cox_rst_N500_K100_H200_nominal_t0p05,2,T022,21,500,100,200,raw/v14_191.npz
no_cox_rst_N500_K100_H200_nominal_t0p05,2,T023,22,500,100,200,raw/v14_191.npz
no_cox_rst_N500_K100_H200_nominal_t0p05,2,T024,23,500,100,200,raw/v14_191.npz
no_cox_rst_N500_K100_H200_nominal_t0p05,2,T025,24,500,100,200,raw/v14_191.npz
no_cox_rst_N500_K100_H200_nominal_t0p05,2,T026,25,500,100,200,raw/v14_191.npz
no_cox_rst_N500_K100_H200_nominal_t0p05,2,T027,26,500,100,200,raw/v14_191.npz
no_cox_rst_N500_K100_H200_nominal_t0p05,2,T028,27,500,100,200,raw/v14_191.npz
no_cox_rst_N500_K100_H200_nominal_t0p05,2,T029,28,500,100,200,raw/v14_191.npz
no_cox_rst_N500_K100_H200_nominal_t0p05,2,T030,29,500,100,200,raw/v14_191.npz
no_cox_rst_N500_K100_H200_nominal_t0p05,3,T001,0,500,100,200,raw/v14_192.npz
no_cox_rst_N500_K100_H200_nominal_t0p05,3,T002,1,500,100,200,raw/v14_192.npz
no_cox_rst_N500_K100_H200_nominal_t0p05,3,T003,2,500,100,200,raw/v14_192.npz
no_cox_rst_N500_K100_H200_nominal_t0p05,3,T004,3,500,100,200,raw/v14_192.npz
no_cox_rst_N500_K100_H200_nominal_t0p05,3,T005,4,500,100,200,raw/v14_192.npz
no_cox_rst_N500_K100_H200_nominal_t0p05,3,T006,5,500,100,200,raw/v14_192.npz
no_cox_rst_N500_K100_H200_nominal_t0p05,3,T007,6,500,100,200,raw/v14_192.npz
no_cox_rst_N500_K100_H200_nominal_t0p05,3,T008,7,500,100,200,raw/v14_192.npz
no_cox_rst_N500_K100_H200_nominal_t0p05,3,T009,8,500,100,200,raw/v14_192.npz
no_cox_rst_N500_K100_H200_nominal_t0p05,3,T010,9,500,100,200,raw/v14_192.npz
no_cox_rst_N500_K100_H200_nominal_t0p05,3,T011,10,500,100,200,raw/v14_192.npz
no_cox_rst_N500_K100_H200_nominal_t0p05,3,T012,11,500,100,200,raw/v14_192.npz
no_cox_rst_N500_K100_H200_nominal_t0p05,3,T013,12,500,100,200,raw/v14_192.npz
no_cox_rst_N500_K100_H200_nominal_t0p05,3,T014,13,500,100,200,raw/v14_192.npz
no_cox_rst_N500_K100_H200_nominal_t0p05,3,T015,14,500,100,200,raw/v14_192.npz
no_cox_rst_N500_K100_H200_nominal_t0p05,3,T016,15,500,100,200,raw/v14_192.npz
no_cox_rst_N500_K100_H200_nominal_t0p05,3,T017,16,500,100,200,raw/v14_192.npz
no_cox_rst_N500_K100_H200_nominal_t0p05,3,T018,17,500,100,200,raw/v14_192.npz
no_cox_rst_N500_K100_H200_nominal_t0p05,3,T019,18,500,100,200,raw/v14_192.npz
no_cox_rst_N500_K100_H200_nominal_t0p05,3,T020,19,500,100,200,raw/v14_192.npz
no_cox_rst_N500_K100_H200_nominal_t0p05,3,T021,20,500,100,200,raw/v14_192.npz
no_cox_rst_N500_K100_H200_nominal_t0p05,3,T022,21,500,100,200,raw/v14_192.npz
no_cox_rst_N500_K100_H200_nominal_t0p05,3,T023,22,500,100,200,raw/v14_192.npz
no_cox_rst_N500_K100_H200_nominal_t0p05,3,T024,23,500,100,200,raw/v14_192.npz
no_cox_rst_N500_K100_H200_nominal_t0p05,3,T025,24,500,100,200,raw/v14_192.npz
no_cox_rst_N500_K100_H200_nominal_t0p05,3,T026,25,500,100,200,raw/v14_192.npz
no_cox_rst_N500_K100_H200_nominal_t0p05,3,T027,26,500,100,200,raw/v14_192.npz
no_cox_rst_N500_K100_H200_nominal_t0p05,3,T028,27,500,100,200,raw/v14_192.npz
no_cox_rst_N500_K100_H200_nominal_t0p05,3,T029,28,500,100,200,raw/v14_192.npz
no_cox_rst_N500_K100_H200_nominal_t0p05,3,T030,29,500,100,200,raw/v14_192.npz
no_cox_rst_N500_K100_H200_nominal_t0p05,4,T001,0,500,100,200,raw/v14_193.npz
no_cox_rst_N500_K100_H200_nominal_t0p05,4,T002,1,500,100,200,raw/v14_193.npz
no_cox_rst_N500_K100_H200_nominal_t0p05,4,T003,2,500,100,200,raw/v14_193.npz
no_cox_rst_N500_K100_H200_nominal_t0p05,4,T004,3,500,100,200,raw/v14_193.npz
no_cox_rst_N500_K100_H200_nominal_t0p05,4,T005,4,500,100,200,raw/v14_193.npz
no_cox_rst_N500_K100_H200_nominal_t0p05,4,T006,5,500,100,200,raw/v14_193.npz
no_cox_rst_N500_K100_H200_nominal_t0p05,4,T007,6,500,100,200,raw/v14_193.npz
no_cox_rst_N500_K100_H200_nominal_t0p05,4,T008,7,500,100,200,raw/v14_193.npz
no_cox_rst_N500_K100_H200_nominal_t0p05,4,T009,8,500,100,200,raw/v14_193.npz
no_cox_rst_N500_K100_H200_nominal_t0p05,4,T010,9,500,100,200,raw/v14_193.npz
no_cox_rst_N500_K100_H200_nominal_t0p05,4,T011,10,500,100,200,raw/v14_193.npz
no_cox_rst_N500_K100_H200_nominal_t0p05,4,T012,11,500,100,200,raw/v14_193.npz
no_cox_rst_N500_K100_H200_nominal_t0p05,4,T013,12,500,100,200,raw/v14_193.npz
no_cox_rst_N500_K100_H200_nominal_t0p05,4,T014,13,500,100,200,raw/v14_193.npz
no_cox_rst_N500_K100_H200_nominal_t0p05,4,T015,14,500,100,200,raw/v14_193.npz
no_cox_rst_N500_K100_H200_nominal_t0p05,4,T016,15,500,100,200,raw/v14_193.npz
no_cox_rst_N500_K100_H200_nominal_t0p05,4,T017,16,500,100,200,raw/v14_193.npz
no_cox_rst_N500_K100_H200_nominal_t0p05,4,T018,17,500,100,200,raw/v14_193.npz
no_cox_rst_N500_K100_H200_nominal_t0p05,4,T019,18,500,100,200,raw/v14_193.npz
no_cox_rst_N500_K100_H200_nominal_t0p05,4,T020,19,500,100,200,raw/v14_193.npz
no_cox_rst_N500_K100_H200_nominal_t0p05,4,T021,20,500,100,200,raw/v14_193.npz
no_cox_rst_N500_K100_H200_nominal_t0p05,4,T022,21,500,100,200,raw/v14_193.npz
no_cox_rst_N500_K100_H200_nominal_t0p05,4,T023,22,500,100,200,raw/v14_193.npz
no_cox_rst_N500_K100_H200_nominal_t0p05,4,T024,23,500,100,200,raw/v14_193.npz
no_cox_rst_N500_K100_H200_nominal_t0p05,4,T025,24,500,100,200,raw/v14_193.npz
no_cox_rst_N500_K100_H200_nominal_t0p05,4,T026,25,500,100,200,raw/v14_193.npz
no_cox_rst_N500_K100_H200_nominal_t0p05,4,T027,26,500,100,200,raw/v14_193.npz
no_cox_rst_N500_K100_H200_nominal_t0p05,4,T028,27,500,100,200,raw/v14_193.npz
no_cox_rst_N500_K100_H200_nominal_t0p05,4,T029,28,500,100,200,raw/v14_193.npz
no_cox_rst_N500_K100_H200_nominal_t0p05,4,T030,29,500,100,200,raw/v14_193.npz
no_cox_rst_N500_K100_H200_nominal_t0p05,5,T001,0,500,100,200,raw/v14_194.npz
no_cox_rst_N500_K100_H200_nominal_t0p05,5,T002,1,500,100,200,raw/v14_194.npz
no_cox_rst_N500_K100_H200_nominal_t0p05,5,T003,2,500,100,200,raw/v14_194.npz
no_cox_rst_N500_K100_H200_nominal_t0p05,5,T004,3,500,100,200,raw/v14_194.npz
no_cox_rst_N500_K100_H200_nominal_t0p05,5,T005,4,500,100,200,raw/v14_194.npz
no_cox_rst_N500_K100_H200_nominal_t0p05,5,T006,5,500,100,200,raw/v14_194.npz
no_cox_rst_N500_K100_H200_nominal_t0p05,5,T007,6,500,100,200,raw/v14_194.npz
no_cox_rst_N500_K100_H200_nominal_t0p05,5,T008,7,500,100,200,raw/v14_194.npz
no_cox_rst_N500_K100_H200_nominal_t0p05,5,T009,8,500,100,200,raw/v14_194.npz
no_cox_rst_N500_K100_H200_nominal_t0p05,5,T010,9,500,100,200,raw/v14_194.npz
no_cox_rst_N500_K100_H200_nominal_t0p05,5,T011,10,500,100,200,raw/v14_194.npz
no_cox_rst_N500_K100_H200_nominal_t0p05,5,T012,11,500,100,200,raw/v14_194.npz
no_cox_rst_N500_K100_H200_nominal_t0p05,5,T013,12,500,100,200,raw/v14_194.npz
no_cox_rst_N500_K100_H200_nominal_t0p05,5,T014,13,500,100,200,raw/v14_194.npz
no_cox_rst_N500_K100_H200_nominal_t0p05,5,T015,14,500,100,200,raw/v14_194.npz
no_cox_rst_N500_K100_H200_nominal_t0p05,5,T016,15,500,100,200,raw/v14_194.npz
no_cox_rst_N500_K100_H200_nominal_t0p05,5,T017,16,500,100,200,raw/v14_194.npz
no_cox_rst_N500_K100_H200_nominal_t0p05,5,T018,17,500,100,200,raw/v14_194.npz
no_cox_rst_N500_K100_H200_nominal_t0p05,5,T019,18,500,100,200,raw/v14_194.npz
no_cox_rst_N500_K100_H200_nominal_t0p05,5,T020,19,500,100,200,raw/v14_194.npz
no_cox_rst_N500_K100_H200_nominal_t0p05,5,T021,20,500,100,200,raw/v14_194.npz
no_cox_rst_N500_K100_H200_nominal_t0p05,5,T022,21,500,100,200,raw/v14_194.npz
no_cox_rst_N500_K100_H200_nominal_t0p05,5,T023,22,500,100,200,raw/v14_194.npz
no_cox_rst_N500_K100_H200_nominal_t0p05,5,T024,23,500,100,200,raw/v14_194.npz
no_cox_rst_N500_K100_H200_nominal_t0p05,5,T025,24,500,100,200,raw/v14_194.npz
no_cox_rst_N500_K100_H200_nominal_t0p05,5,T026,25,500,100,200,raw/v14_194.npz
no_cox_rst_N500_K100_H200_nominal_t0p05,5,T027,26,500,100,200,raw/v14_194.npz
no_cox_rst_N500_K100_H200_nominal_t0p05,5,T028,27,500,100,200,raw/v14_194.npz
no_cox_rst_N500_K100_H200_nominal_t0p05,5,T029,28,500,100,200,raw/v14_194.npz
no_cox_rst_N500_K100_H200_nominal_t0p05,5,T030,29,500,100,200,raw/v14_194.npz
no_cox_rst_N1000_K100_H200_nominal_t0p05,1,T001,0,1000,100,200,raw/v14_195.npz
no_cox_rst_N1000_K100_H200_nominal_t0p05,1,T002,1,1000,100,200,raw/v14_195.npz
no_cox_rst_N1000_K100_H200_nominal_t0p05,1,T003,2,1000,100,200,raw/v14_195.npz
no_cox_rst_N1000_K100_H200_nominal_t0p05,1,T004,3,1000,100,200,raw/v14_195.npz
no_cox_rst_N1000_K100_H200_nominal_t0p05,1,T005,4,1000,100,200,raw/v14_195.npz
no_cox_rst_N1000_K100_H200_nominal_t0p05,1,T006,5,1000,100,200,raw/v14_195.npz
no_cox_rst_N1000_K100_H200_nominal_t0p05,1,T007,6,1000,100,200,raw/v14_195.npz
no_cox_rst_N1000_K100_H200_nominal_t0p05,1,T008,7,1000,100,200,raw/v14_195.npz
no_cox_rst_N1000_K100_H200_nominal_t0p05,1,T009,8,1000,100,200,raw/v14_195.npz
no_cox_rst_N1000_K100_H200_nominal_t0p05,1,T010,9,1000,100,200,raw/v14_195.npz
no_cox_rst_N1000_K100_H200_nominal_t0p05,1,T011,10,1000,100,200,raw/v14_195.npz
no_cox_rst_N1000_K100_H200_nominal_t0p05,1,T012,11,1000,100,200,raw/v14_195.npz
no_cox_rst_N1000_K100_H200_nominal_t0p05,1,T013,12,1000,100,200,raw/v14_195.npz
no_cox_rst_N1000_K100_H200_nominal_t0p05,1,T014,13,1000,100,200,raw/v14_195.npz
no_cox_rst_N1000_K100_H200_nominal_t0p05,1,T015,14,1000,100,200,raw/v14_195.npz
no_cox_rst_N1000_K100_H200_nominal_t0p05,1,T016,15,1000,100,200,raw/v14_195.npz
no_cox_rst_N1000_K100_H200_nominal_t0p05,1,T017,16,1000,100,200,raw/v14_195.npz
no_cox_rst_N1000_K100_H200_nominal_t0p05,1,T018,17,1000,100,200,raw/v14_195.npz
no_cox_rst_N1000_K100_H200_nominal_t0p05,1,T019,18,1000,100,200,raw/v14_195.npz
no_cox_rst_N1000_K100_H200_nominal_t0p05,1,T020,19,1000,100,200,raw/v14_195.npz
no_cox_rst_N1000_K100_H200_nominal_t0p05,1,T021,20,1000,100,200,raw/v14_195.npz
no_cox_rst_N1000_K100_H200_nominal_t0p05,1,T022,21,1000,100,200,raw/v14_195.npz
no_cox_rst_N1000_K100_H200_nominal_t0p05,1,T023,22,1000,100,200,raw/v14_195.npz
no_cox_rst_N1000_K100_H200_nominal_t0p05,1,T024,23,1000,100,200,raw/v14_195.npz
no_cox_rst_N1000_K100_H200_nominal_t0p05,1,T025,24,1000,100,200,raw/v14_195.npz
no_cox_rst_N1000_K100_H200_nominal_t0p05,1,T026,25,1000,100,200,raw/v14_195.npz
no_cox_rst_N1000_K100_H200_nominal_t0p05,1,T027,26,1000,100,200,raw/v14_195.npz
no_cox_rst_N1000_K100_H200_nominal_t0p05,1,T028,27,1000,100,200,raw/v14_195.npz
no_cox_rst_N1000_K100_H200_nominal_t0p05,1,T029,28,1000,100,200,raw/v14_195.npz
no_cox_rst_N1000_K100_H200_nominal_t0p05,1,T030,29,1000,100,200,raw/v14_195.npz
no_cox_rst_N1000_K100_H200_nominal_t0p05,2,T001,0,1000,100,200,raw/v14_196.npz
no_cox_rst_N1000_K100_H200_nominal_t0p05,2,T002,1,1000,100,200,raw/v14_196.npz
no_cox_rst_N1000_K100_H200_nominal_t0p05,2,T003,2,1000,100,200,raw/v14_196.npz
no_cox_rst_N1000_K100_H200_nominal_t0p05,2,T004,3,1000,100,200,raw/v14_196.npz
no_cox_rst_N1000_K100_H200_nominal_t0p05,2,T005,4,1000,100,200,raw/v14_196.npz
no_cox_rst_N1000_K100_H200_nominal_t0p05,2,T006,5,1000,100,200,raw/v14_196.npz
no_cox_rst_N1000_K100_H200_nominal_t0p05,2,T007,6,1000,100,200,raw/v14_196.npz
no_cox_rst_N1000_K100_H200_nominal_t0p05,2,T008,7,1000,100,200,raw/v14_196.npz
no_cox_rst_N1000_K100_H200_nominal_t0p05,2,T009,8,1000,100,200,raw/v14_196.npz
no_cox_rst_N1000_K100_H200_nominal_t0p05,2,T010,9,1000,100,200,raw/v14_196.npz
no_cox_rst_N1000_K100_H200_nominal_t0p05,2,T011,10,1000,100,200,raw/v14_196.npz
no_cox_rst_N1000_K100_H200_nominal_t0p05,2,T012,11,1000,100,200,raw/v14_196.npz
no_cox_rst_N1000_K100_H200_nominal_t0p05,2,T013,12,1000,100,200,raw/v14_196.npz
no_cox_rst_N1000_K100_H200_nominal_t0p05,2,T014,13,1000,100,200,raw/v14_196.npz
no_cox_rst_N1000_K100_H200_nominal_t0p05,2,T015,14,1000,100,200,raw/v14_196.npz
no_cox_rst_N1000_K100_H200_nominal_t0p05,2,T016,15,1000,100,200,raw/v14_196.npz
no_cox_rst_N1000_K100_H200_nominal_t0p05,2,T017,16,1000,100,200,raw/v14_196.npz
no_cox_rst_N1000_K100_H200_nominal_t0p05,2,T018,17,1000,100,200,raw/v14_196.npz
no_cox_rst_N1000_K100_H200_nominal_t0p05,2,T019,18,1000,100,200,raw/v14_196.npz
no_cox_rst_N1000_K100_H200_nominal_t0p05,2,T020,19,1000,100,200,raw/v14_196.npz
no_cox_rst_N1000_K100_H200_nominal_t0p05,2,T021,20,1000,100,200,raw/v14_196.npz
no_cox_rst_N1000_K100_H200_nominal_t0p05,2,T022,21,1000,100,200,raw/v14_196.npz
no_cox_rst_N1000_K100_H200_nominal_t0p05,2,T023,22,1000,100,200,raw/v14_196.npz
no_cox_rst_N1000_K100_H200_nominal_t0p05,2,T024,23,1000,100,200,raw/v14_196.npz
no_cox_rst_N1000_K100_H200_nominal_t0p05,2,T025,24,1000,100,200,raw/v14_196.npz
no_cox_rst_N1000_K100_H200_nominal_t0p05,2,T026,25,1000,100,200,raw/v14_196.npz
no_cox_rst_N1000_K100_H200_nominal_t0p05,2,T027,26,1000,100,200,raw/v14_196.npz
no_cox_rst_N1000_K100_H200_nominal_t0p05,2,T028,27,1000,100,200,raw/v14_196.npz
no_cox_rst_N1000_K100_H200_nominal_t0p05,2,T029,28,1000,100,200,raw/v14_196.npz
no_cox_rst_N1000_K100_H200_nominal_t0p05,2,T030,29,1000,100,200,raw/v14_196.npz
no_cox_rst_N1000_K100_H200_nominal_t0p05,3,T001,0,1000,100,200,raw/v14_197.npz
no_cox_rst_N1000_K100_H200_nominal_t0p05,3,T002,1,1000,100,200,raw/v14_197.npz
no_cox_rst_N1000_K100_H200_nominal_t0p05,3,T003,2,1000,100,200,raw/v14_197.npz
no_cox_rst_N1000_K100_H200_nominal_t0p05,3,T004,3,1000,100,200,raw/v14_197.npz
no_cox_rst_N1000_K100_H200_nominal_t0p05,3,T005,4,1000,100,200,raw/v14_197.npz
no_cox_rst_N1000_K100_H200_nominal_t0p05,3,T006,5,1000,100,200,raw/v14_197.npz
no_cox_rst_N1000_K100_H200_nominal_t0p05,3,T007,6,1000,100,200,raw/v14_197.npz
no_cox_rst_N1000_K100_H200_nominal_t0p05,3,T008,7,1000,100,200,raw/v14_197.npz
no_cox_rst_N1000_K100_H200_nominal_t0p05,3,T009,8,1000,100,200,raw/v14_197.npz
no_cox_rst_N1000_K100_H200_nominal_t0p05,3,T010,9,1000,100,200,raw/v14_197.npz
no_cox_rst_N1000_K100_H200_nominal_t0p05,3,T011,10,1000,100,200,raw/v14_197.npz
no_cox_rst_N1000_K100_H200_nominal_t0p05,3,T012,11,1000,100,200,raw/v14_197.npz
no_cox_rst_N1000_K100_H200_nominal_t0p05,3,T013,12,1000,100,200,raw/v14_197.npz
no_cox_rst_N1000_K100_H200_nominal_t0p05,3,T014,13,1000,100,200,raw/v14_197.npz
no_cox_rst_N1000_K100_H200_nominal_t0p05,3,T015,14,1000,100,200,raw/v14_197.npz
no_cox_rst_N1000_K100_H200_nominal_t0p05,3,T016,15,1000,100,200,raw/v14_197.npz
no_cox_rst_N1000_K100_H200_nominal_t0p05,3,T017,16,1000,100,200,raw/v14_197.npz
no_cox_rst_N1000_K100_H200_nominal_t0p05,3,T018,17,1000,100,200,raw/v14_197.npz
no_cox_rst_N1000_K100_H200_nominal_t0p05,3,T019,18,1000,100,200,raw/v14_197.npz
no_cox_rst_N1000_K100_H200_nominal_t0p05,3,T020,19,1000,100,200,raw/v14_197.npz
no_cox_rst_N1000_K100_H200_nominal_t0p05,3,T021,20,1000,100,200,raw/v14_197.npz
no_cox_rst_N1000_K100_H200_nominal_t0p05,3,T022,21,1000,100,200,raw/v14_197.npz
no_cox_rst_N1000_K100_H200_nominal_t0p05,3,T023,22,1000,100,200,raw/v14_197.npz
no_cox_rst_N1000_K100_H200_nominal_t0p05,3,T024,23,1000,100,200,raw/v14_197.npz
no_cox_rst_N1000_K100_H200_nominal_t0p05,3,T025,24,1000,100,200,raw/v14_197.npz
no_cox_rst_N1000_K100_H200_nominal_t0p05,3,T026,25,1000,100,200,raw/v14_197.npz
no_cox_rst_N1000_K100_H200_nominal_t0p05,3,T027,26,1000,100,200,raw/v14_197.npz
no_cox_rst_N1000_K100_H200_nominal_t0p05,3,T028,27,1000,100,200,raw/v14_197.npz
no_cox_rst_N1000_K100_H200_nominal_t0p05,3,T029,28,1000,100,200,raw/v14_197.npz
no_cox_rst_N1000_K100_H200_nominal_t0p05,3,T030,29,1000,100,200,raw/v14_197.npz
no_cox_rst_N1000_K100_H200_nominal_t0p05,4,T001,0,1000,100,200,raw/v14_198.npz
no_cox_rst_N1000_K100_H200_nominal_t0p05,4,T002,1,1000,100,200,raw/v14_198.npz
no_cox_rst_N1000_K100_H200_nominal_t0p05,4,T003,2,1000,100,200,raw/v14_198.npz
no_cox_rst_N1000_K100_H200_nominal_t0p05,4,T004,3,1000,100,200,raw/v14_198.npz
no_cox_rst_N1000_K100_H200_nominal_t0p05,4,T005,4,1000,100,200,raw/v14_198.npz
no_cox_rst_N1000_K100_H200_nominal_t0p05,4,T006,5,1000,100,200,raw/v14_198.npz
no_cox_rst_N1000_K100_H200_nominal_t0p05,4,T007,6,1000,100,200,raw/v14_198.npz
no_cox_rst_N1000_K100_H200_nominal_t0p05,4,T008,7,1000,100,200,raw/v14_198.npz
no_cox_rst_N1000_K100_H200_nominal_t0p05,4,T009,8,1000,100,200,raw/v14_198.npz
no_cox_rst_N1000_K100_H200_nominal_t0p05,4,T010,9,1000,100,200,raw/v14_198.npz
no_cox_rst_N1000_K100_H200_nominal_t0p05,4,T011,10,1000,100,200,raw/v14_198.npz
no_cox_rst_N1000_K100_H200_nominal_t0p05,4,T012,11,1000,100,200,raw/v14_198.npz
no_cox_rst_N1000_K100_H200_nominal_t0p05,4,T013,12,1000,100,200,raw/v14_198.npz
no_cox_rst_N1000_K100_H200_nominal_t0p05,4,T014,13,1000,100,200,raw/v14_198.npz
no_cox_rst_N1000_K100_H200_nominal_t0p05,4,T015,14,1000,100,200,raw/v14_198.npz
no_cox_rst_N1000_K100_H200_nominal_t0p05,4,T016,15,1000,100,200,raw/v14_198.npz
no_cox_rst_N1000_K100_H200_nominal_t0p05,4,T017,16,1000,100,200,raw/v14_198.npz
no_cox_rst_N1000_K100_H200_nominal_t0p05,4,T018,17,1000,100,200,raw/v14_198.npz
no_cox_rst_N1000_K100_H200_nominal_t0p05,4,T019,18,1000,100,200,raw/v14_198.npz
no_cox_rst_N1000_K100_H200_nominal_t0p05,4,T020,19,1000,100,200,raw/v14_198.npz
no_cox_rst_N1000_K100_H200_nominal_t0p05,4,T021,20,1000,100,200,raw/v14_198.npz
no_cox_rst_N1000_K100_H200_nominal_t0p05,4,T022,21,1000,100,200,raw/v14_198.npz
no_cox_rst_N1000_K100_H200_nominal_t0p05,4,T023,22,1000,100,200,raw/v14_198.npz
no_cox_rst_N1000_K100_H200_nominal_t0p05,4,T024,23,1000,100,200,raw/v14_198.npz
no_cox_rst_N1000_K100_H200_nominal_t0p05,4,T025,24,1000,100,200,raw/v14_198.npz
no_cox_rst_N1000_K100_H200_nominal_t0p05,4,T026,25,1000,100,200,raw/v14_198.npz
no_cox_rst_N1000_K100_H200_nominal_t0p05,4,T027,26,1000,100,200,raw/v14_198.npz
no_cox_rst_N1000_K100_H200_nominal_t0p05,4,T028,27,1000,100,200,raw/v14_198.npz
no_cox_rst_N1000_K100_H200_nominal_t0p05,4,T029,28,1000,100,200,raw/v14_198.npz
no_cox_rst_N1000_K100_H200_nominal_t0p05,4,T030,29,1000,100,200,raw/v14_198.npz
no_cox_rst_N1000_K100_H200_nominal_t0p05,5,T001,0,1000,100,200,raw/v14_199.npz
no_cox_rst_N1000_K100_H200_nominal_t0p05,5,T002,1,1000,100,200,raw/v14_199.npz
no_cox_rst_N1000_K100_H200_nominal_t0p05,5,T003,2,1000,100,200,raw/v14_199.npz
no_cox_rst_N1000_K100_H200_nominal_t0p05,5,T004,3,1000,100,200,raw/v14_199.npz
no_cox_rst_N1000_K100_H200_nominal_t0p05,5,T005,4,1000,100,200,raw/v14_199.npz
no_cox_rst_N1000_K100_H200_nominal_t0p05,5,T006,5,1000,100,200,raw/v14_199.npz
no_cox_rst_N1000_K100_H200_nominal_t0p05,5,T007,6,1000,100,200,raw/v14_199.npz
no_cox_rst_N1000_K100_H200_nominal_t0p05,5,T008,7,1000,100,200,raw/v14_199.npz
no_cox_rst_N1000_K100_H200_nominal_t0p05,5,T009,8,1000,100,200,raw/v14_199.npz
no_cox_rst_N1000_K100_H200_nominal_t0p05,5,T010,9,1000,100,200,raw/v14_199.npz
no_cox_rst_N1000_K100_H200_nominal_t0p05,5,T011,10,1000,100,200,raw/v14_199.npz
no_cox_rst_N1000_K100_H200_nominal_t0p05,5,T012,11,1000,100,200,raw/v14_199.npz
no_cox_rst_N1000_K100_H200_nominal_t0p05,5,T013,12,1000,100,200,raw/v14_199.npz
no_cox_rst_N1000_K100_H200_nominal_t0p05,5,T014,13,1000,100,200,raw/v14_199.npz
no_cox_rst_N1000_K100_H200_nominal_t0p05,5,T015,14,1000,100,200,raw/v14_199.npz
no_cox_rst_N1000_K100_H200_nominal_t0p05,5,T016,15,1000,100,200,raw/v14_199.npz
no_cox_rst_N1000_K100_H200_nominal_t0p05,5,T017,16,1000,100,200,raw/v14_199.npz
no_cox_rst_N1000_K100_H200_nominal_t0p05,5,T018,17,1000,100,200,raw/v14_199.npz
no_cox_rst_N1000_K100_H200_nominal_t0p05,5,T019,18,1000,100,200,raw/v14_199.npz
no_cox_rst_N1000_K100_H200_nominal_t0p05,5,T020,19,1000,100,200,raw/v14_199.npz
no_cox_rst_N1000_K100_H200_nominal_t0p05,5,T021,20,1000,100,200,raw/v14_199.npz
no_cox_rst_N1000_K100_H200_nominal_t0p05,5,T022,21,1000,100,200,raw/v14_199.npz
no_cox_rst_N1000_K100_H200_nominal_t0p05,5,T023,22,1000,100,200,raw/v14_199.npz
no_cox_rst_N1000_K100_H200_nominal_t0p05,5,T024,23,1000,100,200,raw/v14_199.npz
no_cox_rst_N1000_K100_H200_nominal_t0p05,5,T025,24,1000,100,200,raw/v14_199.npz
no_cox_rst_N1000_K100_H200_nominal_t0p05,5,T026,25,1000,100,200,raw/v14_199.npz
no_cox_rst_N1000_K100_H200_nominal_t0p05,5,T027,26,1000,100,200,raw/v14_199.npz
no_cox_rst_N1000_K100_H200_nominal_t0p05,5,T028,27,1000,100,200,raw/v14_199.npz
no_cox_rst_N1000_K100_H200_nominal_t0p05,5,T029,28,1000,100,200,raw/v14_199.npz
no_cox_rst_N1000_K100_H200_nominal_t0p05,5,T030,29,1000,100,200,raw/v14_199.npz
eph_physick_N2000_K100_H200_nominal_t0p05,1,T001,0,2000,100,200,raw/v14_200.npz
eph_physick_N2000_K100_H200_nominal_t0p05,1,T002,1,2000,100,200,raw/v14_200.npz
eph_physick_N2000_K100_H200_nominal_t0p05,1,T003,2,2000,100,200,raw/v14_200.npz
eph_physick_N2000_K100_H200_nominal_t0p05,1,T004,3,2000,100,200,raw/v14_200.npz
eph_physick_N2000_K100_H200_nominal_t0p05,1,T005,4,2000,100,200,raw/v14_200.npz
eph_physick_N2000_K100_H200_nominal_t0p05,1,T006,5,2000,100,200,raw/v14_200.npz
eph_physick_N2000_K100_H200_nominal_t0p05,1,T007,6,2000,100,200,raw/v14_200.npz
eph_physick_N2000_K100_H200_nominal_t0p05,1,T008,7,2000,100,200,raw/v14_200.npz
eph_physick_N2000_K100_H200_nominal_t0p05,1,T009,8,2000,100,200,raw/v14_200.npz
eph_physick_N2000_K100_H200_nominal_t0p05,1,T010,9,2000,100,200,raw/v14_200.npz
eph_physick_N2000_K100_H200_nominal_t0p05,1,T011,10,2000,100,200,raw/v14_200.npz
eph_physick_N2000_K100_H200_nominal_t0p05,1,T012,11,2000,100,200,raw/v14_200.npz
eph_physick_N2000_K100_H200_nominal_t0p05,1,T013,12,2000,100,200,raw/v14_200.npz
eph_physick_N2000_K100_H200_nominal_t0p05,1,T014,13,2000,100,200,raw/v14_200.npz
eph_physick_N2000_K100_H200_nominal_t0p05,1,T015,14,2000,100,200,raw/v14_200.npz
eph_physick_N2000_K100_H200_nominal_t0p05,1,T016,15,2000,100,200,raw/v14_200.npz
eph_physick_N2000_K100_H200_nominal_t0p05,1,T017,16,2000,100,200,raw/v14_200.npz
eph_physick_N2000_K100_H200_nominal_t0p05,1,T018,17,2000,100,200,raw/v14_200.npz
eph_physick_N2000_K100_H200_nominal_t0p05,1,T019,18,2000,100,200,raw/v14_200.npz
eph_physick_N2000_K100_H200_nominal_t0p05,1,T020,19,2000,100,200,raw/v14_200.npz
eph_physick_N2000_K100_H200_nominal_t0p05,1,T021,20,2000,100,200,raw/v14_200.npz
eph_physick_N2000_K100_H200_nominal_t0p05,1,T022,21,2000,100,200,raw/v14_200.npz
eph_physick_N2000_K100_H200_nominal_t0p05,1,T023,22,2000,100,200,raw/v14_200.npz
eph_physick_N2000_K100_H200_nominal_t0p05,1,T024,23,2000,100,200,raw/v14_200.npz
eph_physick_N2000_K100_H200_nominal_t0p05,1,T025,24,2000,100,200,raw/v14_200.npz
eph_physick_N2000_K100_H200_nominal_t0p05,1,T026,25,2000,100,200,raw/v14_200.npz
eph_physick_N2000_K100_H200_nominal_t0p05,1,T027,26,2000,100,200,raw/v14_200.npz
eph_physick_N2000_K100_H200_nominal_t0p05,1,T028,27,2000,100,200,raw/v14_200.npz
eph_physick_N2000_K100_H200_nominal_t0p05,1,T029,28,2000,100,200,raw/v14_200.npz
eph_physick_N2000_K100_H200_nominal_t0p05,1,T030,29,2000,100,200,raw/v14_200.npz
eph_physick_N2000_K100_H200_nominal_t0p05,2,T001,0,2000,100,200,raw/v14_201.npz
eph_physick_N2000_K100_H200_nominal_t0p05,2,T002,1,2000,100,200,raw/v14_201.npz
eph_physick_N2000_K100_H200_nominal_t0p05,2,T003,2,2000,100,200,raw/v14_201.npz
eph_physick_N2000_K100_H200_nominal_t0p05,2,T004,3,2000,100,200,raw/v14_201.npz
eph_physick_N2000_K100_H200_nominal_t0p05,2,T005,4,2000,100,200,raw/v14_201.npz
eph_physick_N2000_K100_H200_nominal_t0p05,2,T006,5,2000,100,200,raw/v14_201.npz
eph_physick_N2000_K100_H200_nominal_t0p05,2,T007,6,2000,100,200,raw/v14_201.npz
eph_physick_N2000_K100_H200_nominal_t0p05,2,T008,7,2000,100,200,raw/v14_201.npz
eph_physick_N2000_K100_H200_nominal_t0p05,2,T009,8,2000,100,200,raw/v14_201.npz
eph_physick_N2000_K100_H200_nominal_t0p05,2,T010,9,2000,100,200,raw/v14_201.npz
eph_physick_N2000_K100_H200_nominal_t0p05,2,T011,10,2000,100,200,raw/v14_201.npz
eph_physick_N2000_K100_H200_nominal_t0p05,2,T012,11,2000,100,200,raw/v14_201.npz
eph_physick_N2000_K100_H200_nominal_t0p05,2,T013,12,2000,100,200,raw/v14_201.npz
eph_physick_N2000_K100_H200_nominal_t0p05,2,T014,13,2000,100,200,raw/v14_201.npz
eph_physick_N2000_K100_H200_nominal_t0p05,2,T015,14,2000,100,200,raw/v14_201.npz
eph_physick_N2000_K100_H200_nominal_t0p05,2,T016,15,2000,100,200,raw/v14_201.npz
eph_physick_N2000_K100_H200_nominal_t0p05,2,T017,16,2000,100,200,raw/v14_201.npz
eph_physick_N2000_K100_H200_nominal_t0p05,2,T018,17,2000,100,200,raw/v14_201.npz
eph_physick_N2000_K100_H200_nominal_t0p05,2,T019,18,2000,100,200,raw/v14_201.npz
eph_physick_N2000_K100_H200_nominal_t0p05,2,T020,19,2000,100,200,raw/v14_201.npz
eph_physick_N2000_K100_H200_nominal_t0p05,2,T021,20,2000,100,200,raw/v14_201.npz
eph_physick_N2000_K100_H200_nominal_t0p05,2,T022,21,2000,100,200,raw/v14_201.npz
eph_physick_N2000_K100_H200_nominal_t0p05,2,T023,22,2000,100,200,raw/v14_201.npz
eph_physick_N2000_K100_H200_nominal_t0p05,2,T024,23,2000,100,200,raw/v14_201.npz
eph_physick_N2000_K100_H200_nominal_t0p05,2,T025,24,2000,100,200,raw/v14_201.npz
eph_physick_N2000_K100_H200_nominal_t0p05,2,T026,25,2000,100,200,raw/v14_201.npz
eph_physick_N2000_K100_H200_nominal_t0p05,2,T027,26,2000,100,200,raw/v14_201.npz
eph_physick_N2000_K100_H200_nominal_t0p05,2,T028,27,2000,100,200,raw/v14_201.npz
eph_physick_N2000_K100_H200_nominal_t0p05,2,T029,28,2000,100,200,raw/v14_201.npz
eph_physick_N2000_K100_H200_nominal_t0p05,2,T030,29,2000,100,200,raw/v14_201.npz
eph_physick_N2000_K100_H200_nominal_t0p05,3,T001,0,2000,100,200,raw/v14_202.npz
eph_physick_N2000_K100_H200_nominal_t0p05,3,T002,1,2000,100,200,raw/v14_202.npz
eph_physick_N2000_K100_H200_nominal_t0p05,3,T003,2,2000,100,200,raw/v14_202.npz
eph_physick_N2000_K100_H200_nominal_t0p05,3,T004,3,2000,100,200,raw/v14_202.npz
eph_physick_N2000_K100_H200_nominal_t0p05,3,T005,4,2000,100,200,raw/v14_202.npz
eph_physick_N2000_K100_H200_nominal_t0p05,3,T006,5,2000,100,200,raw/v14_202.npz
eph_physick_N2000_K100_H200_nominal_t0p05,3,T007,6,2000,100,200,raw/v14_202.npz
eph_physick_N2000_K100_H200_nominal_t0p05,3,T008,7,2000,100,200,raw/v14_202.npz
eph_physick_N2000_K100_H200_nominal_t0p05,3,T009,8,2000,100,200,raw/v14_202.npz
eph_physick_N2000_K100_H200_nominal_t0p05,3,T010,9,2000,100,200,raw/v14_202.npz
eph_physick_N2000_K100_H200_nominal_t0p05,3,T011,10,2000,100,200,raw/v14_202.npz
eph_physick_N2000_K100_H200_nominal_t0p05,3,T012,11,2000,100,200,raw/v14_202.npz
eph_physick_N2000_K100_H200_nominal_t0p05,3,T013,12,2000,100,200,raw/v14_202.npz
eph_physick_N2000_K100_H200_nominal_t0p05,3,T014,13,2000,100,200,raw/v14_202.npz
eph_physick_N2000_K100_H200_nominal_t0p05,3,T015,14,2000,100,200,raw/v14_202.npz
eph_physick_N2000_K100_H200_nominal_t0p05,3,T016,15,2000,100,200,raw/v14_202.npz
eph_physick_N2000_K100_H200_nominal_t0p05,3,T017,16,2000,100,200,raw/v14_202.npz
eph_physick_N2000_K100_H200_nominal_t0p05,3,T018,17,2000,100,200,raw/v14_202.npz
eph_physick_N2000_K100_H200_nominal_t0p05,3,T019,18,2000,100,200,raw/v14_202.npz
eph_physick_N2000_K100_H200_nominal_t0p05,3,T020,19,2000,100,200,raw/v14_202.npz
eph_physick_N2000_K100_H200_nominal_t0p05,3,T021,20,2000,100,200,raw/v14_202.npz
eph_physick_N2000_K100_H200_nominal_t0p05,3,T022,21,2000,100,200,raw/v14_202.npz
eph_physick_N2000_K100_H200_nominal_t0p05,3,T023,22,2000,100,200,raw/v14_202.npz
eph_physick_N2000_K100_H200_nominal_t0p05,3,T024,23,2000,100,200,raw/v14_202.npz
eph_physick_N2000_K100_H200_nominal_t0p05,3,T025,24,2000,100,200,raw/v14_202.npz
eph_physick_N2000_K100_H200_nominal_t0p05,3,T026,25,2000,100,200,raw/v14_202.npz
eph_physick_N2000_K100_H200_nominal_t0p05,3,T027,26,2000,100,200,raw/v14_202.npz
eph_physick_N2000_K100_H200_nominal_t0p05,3,T028,27,2000,100,200,raw/v14_202.npz
eph_physick_N2000_K100_H200_nominal_t0p05,3,T029,28,2000,100,200,raw/v14_202.npz
eph_physick_N2000_K100_H200_nominal_t0p05,3,T030,29,2000,100,200,raw/v14_202.npz
eph_physick_N2000_K100_H200_nominal_t0p05,4,T001,0,2000,100,200,raw/v14_203.npz
eph_physick_N2000_K100_H200_nominal_t0p05,4,T002,1,2000,100,200,raw/v14_203.npz
eph_physick_N2000_K100_H200_nominal_t0p05,4,T003,2,2000,100,200,raw/v14_203.npz
eph_physick_N2000_K100_H200_nominal_t0p05,4,T004,3,2000,100,200,raw/v14_203.npz
eph_physick_N2000_K100_H200_nominal_t0p05,4,T005,4,2000,100,200,raw/v14_203.npz
eph_physick_N2000_K100_H200_nominal_t0p05,4,T006,5,2000,100,200,raw/v14_203.npz
eph_physick_N2000_K100_H200_nominal_t0p05,4,T007,6,2000,100,200,raw/v14_203.npz
eph_physick_N2000_K100_H200_nominal_t0p05,4,T008,7,2000,100,200,raw/v14_203.npz
eph_physick_N2000_K100_H200_nominal_t0p05,4,T009,8,2000,100,200,raw/v14_203.npz
eph_physick_N2000_K100_H200_nominal_t0p05,4,T010,9,2000,100,200,raw/v14_203.npz
eph_physick_N2000_K100_H200_nominal_t0p05,4,T011,10,2000,100,200,raw/v14_203.npz
eph_physick_N2000_K100_H200_nominal_t0p05,4,T012,11,2000,100,200,raw/v14_203.npz
eph_physick_N2000_K100_H200_nominal_t0p05,4,T013,12,2000,100,200,raw/v14_203.npz
eph_physick_N2000_K100_H200_nominal_t0p05,4,T014,13,2000,100,200,raw/v14_203.npz
eph_physick_N2000_K100_H200_nominal_t0p05,4,T015,14,2000,100,200,raw/v14_203.npz
eph_physick_N2000_K100_H200_nominal_t0p05,4,T016,15,2000,100,200,raw/v14_203.npz
eph_physick_N2000_K100_H200_nominal_t0p05,4,T017,16,2000,100,200,raw/v14_203.npz
eph_physick_N2000_K100_H200_nominal_t0p05,4,T018,17,2000,100,200,raw/v14_203.npz
eph_physick_N2000_K100_H200_nominal_t0p05,4,T019,18,2000,100,200,raw/v14_203.npz
eph_physick_N2000_K100_H200_nominal_t0p05,4,T020,19,2000,100,200,raw/v14_203.npz
eph_physick_N2000_K100_H200_nominal_t0p05,4,T021,20,2000,100,200,raw/v14_203.npz
eph_physick_N2000_K100_H200_nominal_t0p05,4,T022,21,2000,100,200,raw/v14_203.npz
eph_physick_N2000_K100_H200_nominal_t0p05,4,T023,22,2000,100,200,raw/v14_203.npz
eph_physick_N2000_K100_H200_nominal_t0p05,4,T024,23,2000,100,200,raw/v14_203.npz
eph_physick_N2000_K100_H200_nominal_t0p05,4,T025,24,2000,100,200,raw/v14_203.npz
eph_physick_N2000_K100_H200_nominal_t0p05,4,T026,25,2000,100,200,raw/v14_203.npz
eph_physick_N2000_K100_H200_nominal_t0p05,4,T027,26,2000,100,200,raw/v14_203.npz
eph_physick_N2000_K100_H200_nominal_t0p05,4,T028,27,2000,100,200,raw/v14_203.npz
eph_physick_N2000_K100_H200_nominal_t0p05,4,T029,28,2000,100,200,raw/v14_203.npz
eph_physick_N2000_K100_H200_nominal_t0p05,4,T030,29,2000,100,200,raw/v14_203.npz
eph_physick_N2000_K100_H200_nominal_t0p05,5,T001,0,2000,100,200,raw/v14_204.npz
eph_physick_N2000_K100_H200_nominal_t0p05,5,T002,1,2000,100,200,raw/v14_204.npz
eph_physick_N2000_K100_H200_nominal_t0p05,5,T003,2,2000,100,200,raw/v14_204.npz
eph_physick_N2000_K100_H200_nominal_t0p05,5,T004,3,2000,100,200,raw/v14_204.npz
eph_physick_N2000_K100_H200_nominal_t0p05,5,T005,4,2000,100,200,raw/v14_204.npz
eph_physick_N2000_K100_H200_nominal_t0p05,5,T006,5,2000,100,200,raw/v14_204.npz
eph_physick_N2000_K100_H200_nominal_t0p05,5,T007,6,2000,100,200,raw/v14_204.npz
eph_physick_N2000_K100_H200_nominal_t0p05,5,T008,7,2000,100,200,raw/v14_204.npz
eph_physick_N2000_K100_H200_nominal_t0p05,5,T009,8,2000,100,200,raw/v14_204.npz
eph_physick_N2000_K100_H200_nominal_t0p05,5,T010,9,2000,100,200,raw/v14_204.npz
eph_physick_N2000_K100_H200_nominal_t0p05,5,T011,10,2000,100,200,raw/v14_204.npz
eph_physick_N2000_K100_H200_nominal_t0p05,5,T012,11,2000,100,200,raw/v14_204.npz
eph_physick_N2000_K100_H200_nominal_t0p05,5,T013,12,2000,100,200,raw/v14_204.npz
eph_physick_N2000_K100_H200_nominal_t0p05,5,T014,13,2000,100,200,raw/v14_204.npz
eph_physick_N2000_K100_H200_nominal_t0p05,5,T015,14,2000,100,200,raw/v14_204.npz
eph_physick_N2000_K100_H200_nominal_t0p05,5,T016,15,2000,100,200,raw/v14_204.npz
eph_physick_N2000_K100_H200_nominal_t0p05,5,T017,16,2000,100,200,raw/v14_204.npz
eph_physick_N2000_K100_H200_nominal_t0p05,5,T018,17,2000,100,200,raw/v14_204.npz
eph_physick_N2000_K100_H200_nominal_t0p05,5,T019,18,2000,100,200,raw/v14_204.npz
eph_physick_N2000_K100_H200_nominal_t0p05,5,T020,19,2000,100,200,raw/v14_204.npz
eph_physick_N2000_K100_H200_nominal_t0p05,5,T021,20,2000,100,200,raw/v14_204.npz
eph_physick_N2000_K100_H200_nominal_t0p05,5,T022,21,2000,100,200,raw/v14_204.npz
eph_physick_N2000_K100_H200_nominal_t0p05,5,T023,22,2000,100,200,raw/v14_204.npz
eph_physick_N2000_K100_H200_nominal_t0p05,5,T024,23,2000,100,200,raw/v14_204.npz
eph_physick_N2000_K100_H200_nominal_t0p05,5,T025,24,2000,100,200,raw/v14_204.npz
eph_physick_N2000_K100_H200_nominal_t0p05,5,T026,25,2000,100,200,raw/v14_204.npz
eph_physick_N2000_K100_H200_nominal_t0p05,5,T027,26,2000,100,200,raw/v14_204.npz
eph_physick_N2000_K100_H200_nominal_t0p05,5,T028,27,2000,100,200,raw/v14_204.npz
eph_physick_N2000_K100_H200_nominal_t0p05,5,T029,28,2000,100,200,raw/v14_204.npz
eph_physick_N2000_K100_H200_nominal_t0p05,5,T030,29,2000,100,200,raw/v14_204.npz
eph_physick_N500_K100_H200_nominal_t0p05,1,T001,0,500,100,200,raw/v14_205.npz
eph_physick_N500_K100_H200_nominal_t0p05,1,T002,1,500,100,200,raw/v14_205.npz
eph_physick_N500_K100_H200_nominal_t0p05,1,T003,2,500,100,200,raw/v14_205.npz
eph_physick_N500_K100_H200_nominal_t0p05,1,T004,3,500,100,200,raw/v14_205.npz
eph_physick_N500_K100_H200_nominal_t0p05,1,T005,4,500,100,200,raw/v14_205.npz
eph_physick_N500_K100_H200_nominal_t0p05,1,T006,5,500,100,200,raw/v14_205.npz
eph_physick_N500_K100_H200_nominal_t0p05,1,T007,6,500,100,200,raw/v14_205.npz
eph_physick_N500_K100_H200_nominal_t0p05,1,T008,7,500,100,200,raw/v14_205.npz
eph_physick_N500_K100_H200_nominal_t0p05,1,T009,8,500,100,200,raw/v14_205.npz
eph_physick_N500_K100_H200_nominal_t0p05,1,T010,9,500,100,200,raw/v14_205.npz
eph_physick_N500_K100_H200_nominal_t0p05,1,T011,10,500,100,200,raw/v14_205.npz
eph_physick_N500_K100_H200_nominal_t0p05,1,T012,11,500,100,200,raw/v14_205.npz
eph_physick_N500_K100_H200_nominal_t0p05,1,T013,12,500,100,200,raw/v14_205.npz
eph_physick_N500_K100_H200_nominal_t0p05,1,T014,13,500,100,200,raw/v14_205.npz
eph_physick_N500_K100_H200_nominal_t0p05,1,T015,14,500,100,200,raw/v14_205.npz
eph_physick_N500_K100_H200_nominal_t0p05,1,T016,15,500,100,200,raw/v14_205.npz
eph_physick_N500_K100_H200_nominal_t0p05,1,T017,16,500,100,200,raw/v14_205.npz
eph_physick_N500_K100_H200_nominal_t0p05,1,T018,17,500,100,200,raw/v14_205.npz
eph_physick_N500_K100_H200_nominal_t0p05,1,T019,18,500,100,200,raw/v14_205.npz
eph_physick_N500_K100_H200_nominal_t0p05,1,T020,19,500,100,200,raw/v14_205.npz
eph_physick_N500_K100_H200_nominal_t0p05,1,T021,20,500,100,200,raw/v14_205.npz
eph_physick_N500_K100_H200_nominal_t0p05,1,T022,21,500,100,200,raw/v14_205.npz
eph_physick_N500_K100_H200_nominal_t0p05,1,T023,22,500,100,200,raw/v14_205.npz
eph_physick_N500_K100_H200_nominal_t0p05,1,T024,23,500,100,200,raw/v14_205.npz
eph_physick_N500_K100_H200_nominal_t0p05,1,T025,24,500,100,200,raw/v14_205.npz
eph_physick_N500_K100_H200_nominal_t0p05,1,T026,25,500,100,200,raw/v14_205.npz
eph_physick_N500_K100_H200_nominal_t0p05,1,T027,26,500,100,200,raw/v14_205.npz
eph_physick_N500_K100_H200_nominal_t0p05,1,T028,27,500,100,200,raw/v14_205.npz
eph_physick_N500_K100_H200_nominal_t0p05,1,T029,28,500,100,200,raw/v14_205.npz
eph_physick_N500_K100_H200_nominal_t0p05,1,T030,29,500,100,200,raw/v14_205.npz
eph_physick_N500_K100_H200_nominal_t0p05,2,T001,0,500,100,200,raw/v14_206.npz
eph_physick_N500_K100_H200_nominal_t0p05,2,T002,1,500,100,200,raw/v14_206.npz
eph_physick_N500_K100_H200_nominal_t0p05,2,T003,2,500,100,200,raw/v14_206.npz
eph_physick_N500_K100_H200_nominal_t0p05,2,T004,3,500,100,200,raw/v14_206.npz
eph_physick_N500_K100_H200_nominal_t0p05,2,T005,4,500,100,200,raw/v14_206.npz
eph_physick_N500_K100_H200_nominal_t0p05,2,T006,5,500,100,200,raw/v14_206.npz
eph_physick_N500_K100_H200_nominal_t0p05,2,T007,6,500,100,200,raw/v14_206.npz
eph_physick_N500_K100_H200_nominal_t0p05,2,T008,7,500,100,200,raw/v14_206.npz
eph_physick_N500_K100_H200_nominal_t0p05,2,T009,8,500,100,200,raw/v14_206.npz
eph_physick_N500_K100_H200_nominal_t0p05,2,T010,9,500,100,200,raw/v14_206.npz
eph_physick_N500_K100_H200_nominal_t0p05,2,T011,10,500,100,200,raw/v14_206.npz
eph_physick_N500_K100_H200_nominal_t0p05,2,T012,11,500,100,200,raw/v14_206.npz
eph_physick_N500_K100_H200_nominal_t0p05,2,T013,12,500,100,200,raw/v14_206.npz
eph_physick_N500_K100_H200_nominal_t0p05,2,T014,13,500,100,200,raw/v14_206.npz
eph_physick_N500_K100_H200_nominal_t0p05,2,T015,14,500,100,200,raw/v14_206.npz
eph_physick_N500_K100_H200_nominal_t0p05,2,T016,15,500,100,200,raw/v14_206.npz
eph_physick_N500_K100_H200_nominal_t0p05,2,T017,16,500,100,200,raw/v14_206.npz
eph_physick_N500_K100_H200_nominal_t0p05,2,T018,17,500,100,200,raw/v14_206.npz
eph_physick_N500_K100_H200_nominal_t0p05,2,T019,18,500,100,200,raw/v14_206.npz
eph_physick_N500_K100_H200_nominal_t0p05,2,T020,19,500,100,200,raw/v14_206.npz
eph_physick_N500_K100_H200_nominal_t0p05,2,T021,20,500,100,200,raw/v14_206.npz
eph_physick_N500_K100_H200_nominal_t0p05,2,T022,21,500,100,200,raw/v14_206.npz
eph_physick_N500_K100_H200_nominal_t0p05,2,T023,22,500,100,200,raw/v14_206.npz
eph_physick_N500_K100_H200_nominal_t0p05,2,T024,23,500,100,200,raw/v14_206.npz
eph_physick_N500_K100_H200_nominal_t0p05,2,T025,24,500,100,200,raw/v14_206.npz
eph_physick_N500_K100_H200_nominal_t0p05,2,T026,25,500,100,200,raw/v14_206.npz
eph_physick_N500_K100_H200_nominal_t0p05,2,T027,26,500,100,200,raw/v14_206.npz
eph_physick_N500_K100_H200_nominal_t0p05,2,T028,27,500,100,200,raw/v14_206.npz
eph_physick_N500_K100_H200_nominal_t0p05,2,T029,28,500,100,200,raw/v14_206.npz
eph_physick_N500_K100_H200_nominal_t0p05,2,T030,29,500,100,200,raw/v14_206.npz
eph_physick_N500_K100_H200_nominal_t0p05,3,T001,0,500,100,200,raw/v14_207.npz
eph_physick_N500_K100_H200_nominal_t0p05,3,T002,1,500,100,200,raw/v14_207.npz
eph_physick_N500_K100_H200_nominal_t0p05,3,T003,2,500,100,200,raw/v14_207.npz
eph_physick_N500_K100_H200_nominal_t0p05,3,T004,3,500,100,200,raw/v14_207.npz
eph_physick_N500_K100_H200_nominal_t0p05,3,T005,4,500,100,200,raw/v14_207.npz
eph_physick_N500_K100_H200_nominal_t0p05,3,T006,5,500,100,200,raw/v14_207.npz
eph_physick_N500_K100_H200_nominal_t0p05,3,T007,6,500,100,200,raw/v14_207.npz
eph_physick_N500_K100_H200_nominal_t0p05,3,T008,7,500,100,200,raw/v14_207.npz
eph_physick_N500_K100_H200_nominal_t0p05,3,T009,8,500,100,200,raw/v14_207.npz
eph_physick_N500_K100_H200_nominal_t0p05,3,T010,9,500,100,200,raw/v14_207.npz
eph_physick_N500_K100_H200_nominal_t0p05,3,T011,10,500,100,200,raw/v14_207.npz
eph_physick_N500_K100_H200_nominal_t0p05,3,T012,11,500,100,200,raw/v14_207.npz
eph_physick_N500_K100_H200_nominal_t0p05,3,T013,12,500,100,200,raw/v14_207.npz
eph_physick_N500_K100_H200_nominal_t0p05,3,T014,13,500,100,200,raw/v14_207.npz
eph_physick_N500_K100_H200_nominal_t0p05,3,T015,14,500,100,200,raw/v14_207.npz
eph_physick_N500_K100_H200_nominal_t0p05,3,T016,15,500,100,200,raw/v14_207.npz
eph_physick_N500_K100_H200_nominal_t0p05,3,T017,16,500,100,200,raw/v14_207.npz
eph_physick_N500_K100_H200_nominal_t0p05,3,T018,17,500,100,200,raw/v14_207.npz
eph_physick_N500_K100_H200_nominal_t0p05,3,T019,18,500,100,200,raw/v14_207.npz
eph_physick_N500_K100_H200_nominal_t0p05,3,T020,19,500,100,200,raw/v14_207.npz
eph_physick_N500_K100_H200_nominal_t0p05,3,T021,20,500,100,200,raw/v14_207.npz
eph_physick_N500_K100_H200_nominal_t0p05,3,T022,21,500,100,200,raw/v14_207.npz
eph_physick_N500_K100_H200_nominal_t0p05,3,T023,22,500,100,200,raw/v14_207.npz
eph_physick_N500_K100_H200_nominal_t0p05,3,T024,23,500,100,200,raw/v14_207.npz
eph_physick_N500_K100_H200_nominal_t0p05,3,T025,24,500,100,200,raw/v14_207.npz
eph_physick_N500_K100_H200_nominal_t0p05,3,T026,25,500,100,200,raw/v14_207.npz
eph_physick_N500_K100_H200_nominal_t0p05,3,T027,26,500,100,200,raw/v14_207.npz
eph_physick_N500_K100_H200_nominal_t0p05,3,T028,27,500,100,200,raw/v14_207.npz
eph_physick_N500_K100_H200_nominal_t0p05,3,T029,28,500,100,200,raw/v14_207.npz
eph_physick_N500_K100_H200_nominal_t0p05,3,T030,29,500,100,200,raw/v14_207.npz
eph_physick_N500_K100_H200_nominal_t0p05,4,T001,0,500,100,200,raw/v14_208.npz
eph_physick_N500_K100_H200_nominal_t0p05,4,T002,1,500,100,200,raw/v14_208.npz
eph_physick_N500_K100_H200_nominal_t0p05,4,T003,2,500,100,200,raw/v14_208.npz
eph_physick_N500_K100_H200_nominal_t0p05,4,T004,3,500,100,200,raw/v14_208.npz
eph_physick_N500_K100_H200_nominal_t0p05,4,T005,4,500,100,200,raw/v14_208.npz
eph_physick_N500_K100_H200_nominal_t0p05,4,T006,5,500,100,200,raw/v14_208.npz
eph_physick_N500_K100_H200_nominal_t0p05,4,T007,6,500,100,200,raw/v14_208.npz
eph_physick_N500_K100_H200_nominal_t0p05,4,T008,7,500,100,200,raw/v14_208.npz
eph_physick_N500_K100_H200_nominal_t0p05,4,T009,8,500,100,200,raw/v14_208.npz
eph_physick_N500_K100_H200_nominal_t0p05,4,T010,9,500,100,200,raw/v14_208.npz
eph_physick_N500_K100_H200_nominal_t0p05,4,T011,10,500,100,200,raw/v14_208.npz
eph_physick_N500_K100_H200_nominal_t0p05,4,T012,11,500,100,200,raw/v14_208.npz
eph_physick_N500_K100_H200_nominal_t0p05,4,T013,12,500,100,200,raw/v14_208.npz
eph_physick_N500_K100_H200_nominal_t0p05,4,T014,13,500,100,200,raw/v14_208.npz
eph_physick_N500_K100_H200_nominal_t0p05,4,T015,14,500,100,200,raw/v14_208.npz
eph_physick_N500_K100_H200_nominal_t0p05,4,T016,15,500,100,200,raw/v14_208.npz
eph_physick_N500_K100_H200_nominal_t0p05,4,T017,16,500,100,200,raw/v14_208.npz
eph_physick_N500_K100_H200_nominal_t0p05,4,T018,17,500,100,200,raw/v14_208.npz
eph_physick_N500_K100_H200_nominal_t0p05,4,T019,18,500,100,200,raw/v14_208.npz
eph_physick_N500_K100_H200_nominal_t0p05,4,T020,19,500,100,200,raw/v14_208.npz
eph_physick_N500_K100_H200_nominal_t0p05,4,T021,20,500,100,200,raw/v14_208.npz
eph_physick_N500_K100_H200_nominal_t0p05,4,T022,21,500,100,200,raw/v14_208.npz
eph_physick_N500_K100_H200_nominal_t0p05,4,T023,22,500,100,200,raw/v14_208.npz
eph_physick_N500_K100_H200_nominal_t0p05,4,T024,23,500,100,200,raw/v14_208.npz
eph_physick_N500_K100_H200_nominal_t0p05,4,T025,24,500,100,200,raw/v14_208.npz
eph_physick_N500_K100_H200_nominal_t0p05,4,T026,25,500,100,200,raw/v14_208.npz
eph_physick_N500_K100_H200_nominal_t0p05,4,T027,26,500,100,200,raw/v14_208.npz
eph_physick_N500_K100_H200_nominal_t0p05,4,T028,27,500,100,200,raw/v14_208.npz
eph_physick_N500_K100_H200_nominal_t0p05,4,T029,28,500,100,200,raw/v14_208.npz
eph_physick_N500_K100_H200_nominal_t0p05,4,T030,29,500,100,200,raw/v14_208.npz
eph_physick_N500_K100_H200_nominal_t0p05,5,T001,0,500,100,200,raw/v14_209.npz
eph_physick_N500_K100_H200_nominal_t0p05,5,T002,1,500,100,200,raw/v14_209.npz
eph_physick_N500_K100_H200_nominal_t0p05,5,T003,2,500,100,200,raw/v14_209.npz
eph_physick_N500_K100_H200_nominal_t0p05,5,T004,3,500,100,200,raw/v14_209.npz
eph_physick_N500_K100_H200_nominal_t0p05,5,T005,4,500,100,200,raw/v14_209.npz
eph_physick_N500_K100_H200_nominal_t0p05,5,T006,5,500,100,200,raw/v14_209.npz
eph_physick_N500_K100_H200_nominal_t0p05,5,T007,6,500,100,200,raw/v14_209.npz
eph_physick_N500_K100_H200_nominal_t0p05,5,T008,7,500,100,200,raw/v14_209.npz
eph_physick_N500_K100_H200_nominal_t0p05,5,T009,8,500,100,200,raw/v14_209.npz
eph_physick_N500_K100_H200_nominal_t0p05,5,T010,9,500,100,200,raw/v14_209.npz
eph_physick_N500_K100_H200_nominal_t0p05,5,T011,10,500,100,200,raw/v14_209.npz
eph_physick_N500_K100_H200_nominal_t0p05,5,T012,11,500,100,200,raw/v14_209.npz
eph_physick_N500_K100_H200_nominal_t0p05,5,T013,12,500,100,200,raw/v14_209.npz
eph_physick_N500_K100_H200_nominal_t0p05,5,T014,13,500,100,200,raw/v14_209.npz
eph_physick_N500_K100_H200_nominal_t0p05,5,T015,14,500,100,200,raw/v14_209.npz
eph_physick_N500_K100_H200_nominal_t0p05,5,T016,15,500,100,200,raw/v14_209.npz
eph_physick_N500_K100_H200_nominal_t0p05,5,T017,16,500,100,200,raw/v14_209.npz
eph_physick_N500_K100_H200_nominal_t0p05,5,T018,17,500,100,200,raw/v14_209.npz
eph_physick_N500_K100_H200_nominal_t0p05,5,T019,18,500,100,200,raw/v14_209.npz
eph_physick_N500_K100_H200_nominal_t0p05,5,T020,19,500,100,200,raw/v14_209.npz
eph_physick_N500_K100_H200_nominal_t0p05,5,T021,20,500,100,200,raw/v14_209.npz
eph_physick_N500_K100_H200_nominal_t0p05,5,T022,21,500,100,200,raw/v14_209.npz
eph_physick_N500_K100_H200_nominal_t0p05,5,T023,22,500,100,200,raw/v14_209.npz
eph_physick_N500_K100_H200_nominal_t0p05,5,T024,23,500,100,200,raw/v14_209.npz
eph_physick_N500_K100_H200_nominal_t0p05,5,T025,24,500,100,200,raw/v14_209.npz
eph_physick_N500_K100_H200_nominal_t0p05,5,T026,25,500,100,200,raw/v14_209.npz
eph_physick_N500_K100_H200_nominal_t0p05,5,T027,26,500,100,200,raw/v14_209.npz
eph_physick_N500_K100_H200_nominal_t0p05,5,T028,27,500,100,200,raw/v14_209.npz
eph_physick_N500_K100_H200_nominal_t0p05,5,T029,28,500,100,200,raw/v14_209.npz
eph_physick_N500_K100_H200_nominal_t0p05,5,T030,29,500,100,200,raw/v14_209.npz
eph_physick_N1000_K100_H200_nominal_t0p05,1,T001,0,1000,100,200,raw/v14_210.npz
eph_physick_N1000_K100_H200_nominal_t0p05,1,T002,1,1000,100,200,raw/v14_210.npz
eph_physick_N1000_K100_H200_nominal_t0p05,1,T003,2,1000,100,200,raw/v14_210.npz
eph_physick_N1000_K100_H200_nominal_t0p05,1,T004,3,1000,100,200,raw/v14_210.npz
eph_physick_N1000_K100_H200_nominal_t0p05,1,T005,4,1000,100,200,raw/v14_210.npz
eph_physick_N1000_K100_H200_nominal_t0p05,1,T006,5,1000,100,200,raw/v14_210.npz
eph_physick_N1000_K100_H200_nominal_t0p05,1,T007,6,1000,100,200,raw/v14_210.npz
eph_physick_N1000_K100_H200_nominal_t0p05,1,T008,7,1000,100,200,raw/v14_210.npz
eph_physick_N1000_K100_H200_nominal_t0p05,1,T009,8,1000,100,200,raw/v14_210.npz
eph_physick_N1000_K100_H200_nominal_t0p05,1,T010,9,1000,100,200,raw/v14_210.npz
eph_physick_N1000_K100_H200_nominal_t0p05,1,T011,10,1000,100,200,raw/v14_210.npz
eph_physick_N1000_K100_H200_nominal_t0p05,1,T012,11,1000,100,200,raw/v14_210.npz
eph_physick_N1000_K100_H200_nominal_t0p05,1,T013,12,1000,100,200,raw/v14_210.npz
eph_physick_N1000_K100_H200_nominal_t0p05,1,T014,13,1000,100,200,raw/v14_210.npz
eph_physick_N1000_K100_H200_nominal_t0p05,1,T015,14,1000,100,200,raw/v14_210.npz
eph_physick_N1000_K100_H200_nominal_t0p05,1,T016,15,1000,100,200,raw/v14_210.npz
eph_physick_N1000_K100_H200_nominal_t0p05,1,T017,16,1000,100,200,raw/v14_210.npz
eph_physick_N1000_K100_H200_nominal_t0p05,1,T018,17,1000,100,200,raw/v14_210.npz
eph_physick_N1000_K100_H200_nominal_t0p05,1,T019,18,1000,100,200,raw/v14_210.npz
eph_physick_N1000_K100_H200_nominal_t0p05,1,T020,19,1000,100,200,raw/v14_210.npz
eph_physick_N1000_K100_H200_nominal_t0p05,1,T021,20,1000,100,200,raw/v14_210.npz
eph_physick_N1000_K100_H200_nominal_t0p05,1,T022,21,1000,100,200,raw/v14_210.npz
eph_physick_N1000_K100_H200_nominal_t0p05,1,T023,22,1000,100,200,raw/v14_210.npz
eph_physick_N1000_K100_H200_nominal_t0p05,1,T024,23,1000,100,200,raw/v14_210.npz
eph_physick_N1000_K100_H200_nominal_t0p05,1,T025,24,1000,100,200,raw/v14_210.npz
eph_physick_N1000_K100_H200_nominal_t0p05,1,T026,25,1000,100,200,raw/v14_210.npz
eph_physick_N1000_K100_H200_nominal_t0p05,1,T027,26,1000,100,200,raw/v14_210.npz
eph_physick_N1000_K100_H200_nominal_t0p05,1,T028,27,1000,100,200,raw/v14_210.npz
eph_physick_N1000_K100_H200_nominal_t0p05,1,T029,28,1000,100,200,raw/v14_210.npz
eph_physick_N1000_K100_H200_nominal_t0p05,1,T030,29,1000,100,200,raw/v14_210.npz
eph_physick_N1000_K100_H200_nominal_t0p05,2,T001,0,1000,100,200,raw/v14_211.npz
eph_physick_N1000_K100_H200_nominal_t0p05,2,T002,1,1000,100,200,raw/v14_211.npz
eph_physick_N1000_K100_H200_nominal_t0p05,2,T003,2,1000,100,200,raw/v14_211.npz
eph_physick_N1000_K100_H200_nominal_t0p05,2,T004,3,1000,100,200,raw/v14_211.npz
eph_physick_N1000_K100_H200_nominal_t0p05,2,T005,4,1000,100,200,raw/v14_211.npz
eph_physick_N1000_K100_H200_nominal_t0p05,2,T006,5,1000,100,200,raw/v14_211.npz
eph_physick_N1000_K100_H200_nominal_t0p05,2,T007,6,1000,100,200,raw/v14_211.npz
eph_physick_N1000_K100_H200_nominal_t0p05,2,T008,7,1000,100,200,raw/v14_211.npz
eph_physick_N1000_K100_H200_nominal_t0p05,2,T009,8,1000,100,200,raw/v14_211.npz
eph_physick_N1000_K100_H200_nominal_t0p05,2,T010,9,1000,100,200,raw/v14_211.npz
eph_physick_N1000_K100_H200_nominal_t0p05,2,T011,10,1000,100,200,raw/v14_211.npz
eph_physick_N1000_K100_H200_nominal_t0p05,2,T012,11,1000,100,200,raw/v14_211.npz
eph_physick_N1000_K100_H200_nominal_t0p05,2,T013,12,1000,100,200,raw/v14_211.npz
eph_physick_N1000_K100_H200_nominal_t0p05,2,T014,13,1000,100,200,raw/v14_211.npz
eph_physick_N1000_K100_H200_nominal_t0p05,2,T015,14,1000,100,200,raw/v14_211.npz
eph_physick_N1000_K100_H200_nominal_t0p05,2,T016,15,1000,100,200,raw/v14_211.npz
eph_physick_N1000_K100_H200_nominal_t0p05,2,T017,16,1000,100,200,raw/v14_211.npz
eph_physick_N1000_K100_H200_nominal_t0p05,2,T018,17,1000,100,200,raw/v14_211.npz
eph_physick_N1000_K100_H200_nominal_t0p05,2,T019,18,1000,100,200,raw/v14_211.npz
eph_physick_N1000_K100_H200_nominal_t0p05,2,T020,19,1000,100,200,raw/v14_211.npz
eph_physick_N1000_K100_H200_nominal_t0p05,2,T021,20,1000,100,200,raw/v14_211.npz
eph_physick_N1000_K100_H200_nominal_t0p05,2,T022,21,1000,100,200,raw/v14_211.npz
eph_physick_N1000_K100_H200_nominal_t0p05,2,T023,22,1000,100,200,raw/v14_211.npz
eph_physick_N1000_K100_H200_nominal_t0p05,2,T024,23,1000,100,200,raw/v14_211.npz
eph_physick_N1000_K100_H200_nominal_t0p05,2,T025,24,1000,100,200,raw/v14_211.npz
eph_physick_N1000_K100_H200_nominal_t0p05,2,T026,25,1000,100,200,raw/v14_211.npz
eph_physick_N1000_K100_H200_nominal_t0p05,2,T027,26,1000,100,200,raw/v14_211.npz
eph_physick_N1000_K100_H200_nominal_t0p05,2,T028,27,1000,100,200,raw/v14_211.npz
eph_physick_N1000_K100_H200_nominal_t0p05,2,T029,28,1000,100,200,raw/v14_211.npz
eph_physick_N1000_K100_H200_nominal_t0p05,2,T030,29,1000,100,200,raw/v14_211.npz
eph_physick_N1000_K100_H200_nominal_t0p05,3,T001,0,1000,100,200,raw/v14_212.npz
eph_physick_N1000_K100_H200_nominal_t0p05,3,T002,1,1000,100,200,raw/v14_212.npz
eph_physick_N1000_K100_H200_nominal_t0p05,3,T003,2,1000,100,200,raw/v14_212.npz
eph_physick_N1000_K100_H200_nominal_t0p05,3,T004,3,1000,100,200,raw/v14_212.npz
eph_physick_N1000_K100_H200_nominal_t0p05,3,T005,4,1000,100,200,raw/v14_212.npz
eph_physick_N1000_K100_H200_nominal_t0p05,3,T006,5,1000,100,200,raw/v14_212.npz
eph_physick_N1000_K100_H200_nominal_t0p05,3,T007,6,1000,100,200,raw/v14_212.npz
eph_physick_N1000_K100_H200_nominal_t0p05,3,T008,7,1000,100,200,raw/v14_212.npz
eph_physick_N1000_K100_H200_nominal_t0p05,3,T009,8,1000,100,200,raw/v14_212.npz
eph_physick_N1000_K100_H200_nominal_t0p05,3,T010,9,1000,100,200,raw/v14_212.npz
eph_physick_N1000_K100_H200_nominal_t0p05,3,T011,10,1000,100,200,raw/v14_212.npz
eph_physick_N1000_K100_H200_nominal_t0p05,3,T012,11,1000,100,200,raw/v14_212.npz
eph_physick_N1000_K100_H200_nominal_t0p05,3,T013,12,1000,100,200,raw/v14_212.npz
eph_physick_N1000_K100_H200_nominal_t0p05,3,T014,13,1000,100,200,raw/v14_212.npz
eph_physick_N1000_K100_H200_nominal_t0p05,3,T015,14,1000,100,200,raw/v14_212.npz
eph_physick_N1000_K100_H200_nominal_t0p05,3,T016,15,1000,100,200,raw/v14_212.npz
eph_physick_N1000_K100_H200_nominal_t0p05,3,T017,16,1000,100,200,raw/v14_212.npz
eph_physick_N1000_K100_H200_nominal_t0p05,3,T018,17,1000,100,200,raw/v14_212.npz
eph_physick_N1000_K100_H200_nominal_t0p05,3,T019,18,1000,100,200,raw/v14_212.npz
eph_physick_N1000_K100_H200_nominal_t0p05,3,T020,19,1000,100,200,raw/v14_212.npz
eph_physick_N1000_K100_H200_nominal_t0p05,3,T021,20,1000,100,200,raw/v14_212.npz
eph_physick_N1000_K100_H200_nominal_t0p05,3,T022,21,1000,100,200,raw/v14_212.npz
eph_physick_N1000_K100_H200_nominal_t0p05,3,T023,22,1000,100,200,raw/v14_212.npz
eph_physick_N1000_K100_H200_nominal_t0p05,3,T024,23,1000,100,200,raw/v14_212.npz
eph_physick_N1000_K100_H200_nominal_t0p05,3,T025,24,1000,100,200,raw/v14_212.npz
eph_physick_N1000_K100_H200_nominal_t0p05,3,T026,25,1000,100,200,raw/v14_212.npz
eph_physick_N1000_K100_H200_nominal_t0p05,3,T027,26,1000,100,200,raw/v14_212.npz
eph_physick_N1000_K100_H200_nominal_t0p05,3,T028,27,1000,100,200,raw/v14_212.npz
eph_physick_N1000_K100_H200_nominal_t0p05,3,T029,28,1000,100,200,raw/v14_212.npz
eph_physick_N1000_K100_H200_nominal_t0p05,3,T030,29,1000,100,200,raw/v14_212.npz
eph_physick_N1000_K100_H200_nominal_t0p05,4,T001,0,1000,100,200,raw/v14_213.npz
eph_physick_N1000_K100_H200_nominal_t0p05,4,T002,1,1000,100,200,raw/v14_213.npz
eph_physick_N1000_K100_H200_nominal_t0p05,4,T003,2,1000,100,200,raw/v14_213.npz
eph_physick_N1000_K100_H200_nominal_t0p05,4,T004,3,1000,100,200,raw/v14_213.npz
eph_physick_N1000_K100_H200_nominal_t0p05,4,T005,4,1000,100,200,raw/v14_213.npz
eph_physick_N1000_K100_H200_nominal_t0p05,4,T006,5,1000,100,200,raw/v14_213.npz
eph_physick_N1000_K100_H200_nominal_t0p05,4,T007,6,1000,100,200,raw/v14_213.npz
eph_physick_N1000_K100_H200_nominal_t0p05,4,T008,7,1000,100,200,raw/v14_213.npz
eph_physick_N1000_K100_H200_nominal_t0p05,4,T009,8,1000,100,200,raw/v14_213.npz
eph_physick_N1000_K100_H200_nominal_t0p05,4,T010,9,1000,100,200,raw/v14_213.npz
eph_physick_N1000_K100_H200_nominal_t0p05,4,T011,10,1000,100,200,raw/v14_213.npz
eph_physick_N1000_K100_H200_nominal_t0p05,4,T012,11,1000,100,200,raw/v14_213.npz
eph_physick_N1000_K100_H200_nominal_t0p05,4,T013,12,1000,100,200,raw/v14_213.npz
eph_physick_N1000_K100_H200_nominal_t0p05,4,T014,13,1000,100,200,raw/v14_213.npz
eph_physick_N1000_K100_H200_nominal_t0p05,4,T015,14,1000,100,200,raw/v14_213.npz
eph_physick_N1000_K100_H200_nominal_t0p05,4,T016,15,1000,100,200,raw/v14_213.npz
eph_physick_N1000_K100_H200_nominal_t0p05,4,T017,16,1000,100,200,raw/v14_213.npz
eph_physick_N1000_K100_H200_nominal_t0p05,4,T018,17,1000,100,200,raw/v14_213.npz
eph_physick_N1000_K100_H200_nominal_t0p05,4,T019,18,1000,100,200,raw/v14_213.npz
eph_physick_N1000_K100_H200_nominal_t0p05,4,T020,19,1000,100,200,raw/v14_213.npz
eph_physick_N1000_K100_H200_nominal_t0p05,4,T021,20,1000,100,200,raw/v14_213.npz
eph_physick_N1000_K100_H200_nominal_t0p05,4,T022,21,1000,100,200,raw/v14_213.npz
eph_physick_N1000_K100_H200_nominal_t0p05,4,T023,22,1000,100,200,raw/v14_213.npz
eph_physick_N1000_K100_H200_nominal_t0p05,4,T024,23,1000,100,200,raw/v14_213.npz
eph_physick_N1000_K100_H200_nominal_t0p05,4,T025,24,1000,100,200,raw/v14_213.npz
eph_physick_N1000_K100_H200_nominal_t0p05,4,T026,25,1000,100,200,raw/v14_213.npz
eph_physick_N1000_K100_H200_nominal_t0p05,4,T027,26,1000,100,200,raw/v14_213.npz
eph_physick_N1000_K100_H200_nominal_t0p05,4,T028,27,1000,100,200,raw/v14_213.npz
eph_physick_N1000_K100_H200_nominal_t0p05,4,T029,28,1000,100,200,raw/v14_213.npz
eph_physick_N1000_K100_H200_nominal_t0p05,4,T030,29,1000,100,200,raw/v14_213.npz
eph_physick_N1000_K100_H200_nominal_t0p05,5,T001,0,1000,100,200,raw/v14_214.npz
eph_physick_N1000_K100_H200_nominal_t0p05,5,T002,1,1000,100,200,raw/v14_214.npz
eph_physick_N1000_K100_H200_nominal_t0p05,5,T003,2,1000,100,200,raw/v14_214.npz
eph_physick_N1000_K100_H200_nominal_t0p05,5,T004,3,1000,100,200,raw/v14_214.npz
eph_physick_N1000_K100_H200_nominal_t0p05,5,T005,4,1000,100,200,raw/v14_214.npz
eph_physick_N1000_K100_H200_nominal_t0p05,5,T006,5,1000,100,200,raw/v14_214.npz
eph_physick_N1000_K100_H200_nominal_t0p05,5,T007,6,1000,100,200,raw/v14_214.npz
eph_physick_N1000_K100_H200_nominal_t0p05,5,T008,7,1000,100,200,raw/v14_214.npz
eph_physick_N1000_K100_H200_nominal_t0p05,5,T009,8,1000,100,200,raw/v14_214.npz
eph_physick_N1000_K100_H200_nominal_t0p05,5,T010,9,1000,100,200,raw/v14_214.npz
eph_physick_N1000_K100_H200_nominal_t0p05,5,T011,10,1000,100,200,raw/v14_214.npz
eph_physick_N1000_K100_H200_nominal_t0p05,5,T012,11,1000,100,200,raw/v14_214.npz
eph_physick_N1000_K100_H200_nominal_t0p05,5,T013,12,1000,100,200,raw/v14_214.npz
eph_physick_N1000_K100_H200_nominal_t0p05,5,T014,13,1000,100,200,raw/v14_214.npz
eph_physick_N1000_K100_H200_nominal_t0p05,5,T015,14,1000,100,200,raw/v14_214.npz
eph_physick_N1000_K100_H200_nominal_t0p05,5,T016,15,1000,100,200,raw/v14_214.npz
eph_physick_N1000_K100_H200_nominal_t0p05,5,T017,16,1000,100,200,raw/v14_214.npz
eph_physick_N1000_K100_H200_nominal_t0p05,5,T018,17,1000,100,200,raw/v14_214.npz
eph_physick_N1000_K100_H200_nominal_t0p05,5,T019,18,1000,100,200,raw/v14_214.npz
eph_physick_N1000_K100_H200_nominal_t0p05,5,T020,19,1000,100,200,raw/v14_214.npz
eph_physick_N1000_K100_H200_nominal_t0p05,5,T021,20,1000,100,200,raw/v14_214.npz
eph_physick_N1000_K100_H200_nominal_t0p05,5,T022,21,1000,100,200,raw/v14_214.npz
eph_physick_N1000_K100_H200_nominal_t0p05,5,T023,22,1000,100,200,raw/v14_214.npz
eph_physick_N1000_K100_H200_nominal_t0p05,5,T024,23,1000,100,200,raw/v14_214.npz
eph_physick_N1000_K100_H200_nominal_t0p05,5,T025,24,1000,100,200,raw/v14_214.npz
eph_physick_N1000_K100_H200_nominal_t0p05,5,T026,25,1000,100,200,raw/v14_214.npz
eph_physick_N1000_K100_H200_nominal_t0p05,5,T027,26,1000,100,200,raw/v14_214.npz
eph_physick_N1000_K100_H200_nominal_t0p05,5,T028,27,1000,100,200,raw/v14_214.npz
eph_physick_N1000_K100_H200_nominal_t0p05,5,T029,28,1000,100,200,raw/v14_214.npz
eph_physick_N1000_K100_H200_nominal_t0p05,5,T030,29,1000,100,200,raw/v14_214.npz
full_N2000_K100_H200_nominal_t0p1,1,T001,0,2000,100,200,raw/v14_215.npz
full_N2000_K100_H200_nominal_t0p1,1,T002,1,2000,100,200,raw/v14_215.npz
full_N2000_K100_H200_nominal_t0p1,1,T003,2,2000,100,200,raw/v14_215.npz
full_N2000_K100_H200_nominal_t0p1,1,T004,3,2000,100,200,raw/v14_215.npz
full_N2000_K100_H200_nominal_t0p1,1,T005,4,2000,100,200,raw/v14_215.npz
full_N2000_K100_H200_nominal_t0p1,1,T006,5,2000,100,200,raw/v14_215.npz
full_N2000_K100_H200_nominal_t0p1,1,T007,6,2000,100,200,raw/v14_215.npz
full_N2000_K100_H200_nominal_t0p1,1,T008,7,2000,100,200,raw/v14_215.npz
full_N2000_K100_H200_nominal_t0p1,1,T009,8,2000,100,200,raw/v14_215.npz
full_N2000_K100_H200_nominal_t0p1,1,T010,9,2000,100,200,raw/v14_215.npz
full_N2000_K100_H200_nominal_t0p1,1,T011,10,2000,100,200,raw/v14_215.npz
full_N2000_K100_H200_nominal_t0p1,1,T012,11,2000,100,200,raw/v14_215.npz
full_N2000_K100_H200_nominal_t0p1,1,T013,12,2000,100,200,raw/v14_215.npz
full_N2000_K100_H200_nominal_t0p1,1,T014,13,2000,100,200,raw/v14_215.npz
full_N2000_K100_H200_nominal_t0p1,1,T015,14,2000,100,200,raw/v14_215.npz
full_N2000_K100_H200_nominal_t0p1,1,T016,15,2000,100,200,raw/v14_215.npz
full_N2000_K100_H200_nominal_t0p1,1,T017,16,2000,100,200,raw/v14_215.npz
full_N2000_K100_H200_nominal_t0p1,1,T018,17,2000,100,200,raw/v14_215.npz
full_N2000_K100_H200_nominal_t0p1,1,T019,18,2000,100,200,raw/v14_215.npz
full_N2000_K100_H200_nominal_t0p1,1,T020,19,2000,100,200,raw/v14_215.npz
full_N2000_K100_H200_nominal_t0p1,1,T021,20,2000,100,200,raw/v14_215.npz
full_N2000_K100_H200_nominal_t0p1,1,T022,21,2000,100,200,raw/v14_215.npz
full_N2000_K100_H200_nominal_t0p1,1,T023,22,2000,100,200,raw/v14_215.npz
full_N2000_K100_H200_nominal_t0p1,1,T024,23,2000,100,200,raw/v14_215.npz
full_N2000_K100_H200_nominal_t0p1,1,T025,24,2000,100,200,raw/v14_215.npz
full_N2000_K100_H200_nominal_t0p1,1,T026,25,2000,100,200,raw/v14_215.npz
full_N2000_K100_H200_nominal_t0p1,1,T027,26,2000,100,200,raw/v14_215.npz
full_N2000_K100_H200_nominal_t0p1,1,T028,27,2000,100,200,raw/v14_215.npz
full_N2000_K100_H200_nominal_t0p1,1,T029,28,2000,100,200,raw/v14_215.npz
full_N2000_K100_H200_nominal_t0p1,1,T030,29,2000,100,200,raw/v14_215.npz
full_N2000_K100_H200_nominal_t0p1,2,T001,0,2000,100,200,raw/v14_216.npz
full_N2000_K100_H200_nominal_t0p1,2,T002,1,2000,100,200,raw/v14_216.npz
full_N2000_K100_H200_nominal_t0p1,2,T003,2,2000,100,200,raw/v14_216.npz
full_N2000_K100_H200_nominal_t0p1,2,T004,3,2000,100,200,raw/v14_216.npz
full_N2000_K100_H200_nominal_t0p1,2,T005,4,2000,100,200,raw/v14_216.npz
full_N2000_K100_H200_nominal_t0p1,2,T006,5,2000,100,200,raw/v14_216.npz
full_N2000_K100_H200_nominal_t0p1,2,T007,6,2000,100,200,raw/v14_216.npz
full_N2000_K100_H200_nominal_t0p1,2,T008,7,2000,100,200,raw/v14_216.npz
full_N2000_K100_H200_nominal_t0p1,2,T009,8,2000,100,200,raw/v14_216.npz
full_N2000_K100_H200_nominal_t0p1,2,T010,9,2000,100,200,raw/v14_216.npz
full_N2000_K100_H200_nominal_t0p1,2,T011,10,2000,100,200,raw/v14_216.npz
full_N2000_K100_H200_nominal_t0p1,2,T012,11,2000,100,200,raw/v14_216.npz
full_N2000_K100_H200_nominal_t0p1,2,T013,12,2000,100,200,raw/v14_216.npz
full_N2000_K100_H200_nominal_t0p1,2,T014,13,2000,100,200,raw/v14_216.npz
full_N2000_K100_H200_nominal_t0p1,2,T015,14,2000,100,200,raw/v14_216.npz
full_N2000_K100_H200_nominal_t0p1,2,T016,15,2000,100,200,raw/v14_216.npz
full_N2000_K100_H200_nominal_t0p1,2,T017,16,2000,100,200,raw/v14_216.npz
full_N2000_K100_H200_nominal_t0p1,2,T018,17,2000,100,200,raw/v14_216.npz
full_N2000_K100_H200_nominal_t0p1,2,T019,18,2000,100,200,raw/v14_216.npz
full_N2000_K100_H200_nominal_t0p1,2,T020,19,2000,100,200,raw/v14_216.npz
full_N2000_K100_H200_nominal_t0p1,2,T021,20,2000,100,200,raw/v14_216.npz
full_N2000_K100_H200_nominal_t0p1,2,T022,21,2000,100,200,raw/v14_216.npz
full_N2000_K100_H200_nominal_t0p1,2,T023,22,2000,100,200,raw/v14_216.npz
full_N2000_K100_H200_nominal_t0p1,2,T024,23,2000,100,200,raw/v14_216.npz
full_N2000_K100_H200_nominal_t0p1,2,T025,24,2000,100,200,raw/v14_216.npz
full_N2000_K100_H200_nominal_t0p1,2,T026,25,2000,100,200,raw/v14_216.npz
full_N2000_K100_H200_nominal_t0p1,2,T027,26,2000,100,200,raw/v14_216.npz
full_N2000_K100_H200_nominal_t0p1,2,T028,27,2000,100,200,raw/v14_216.npz
full_N2000_K100_H200_nominal_t0p1,2,T029,28,2000,100,200,raw/v14_216.npz
full_N2000_K100_H200_nominal_t0p1,2,T030,29,2000,100,200,raw/v14_216.npz
full_N2000_K100_H200_nominal_t0p1,3,T001,0,2000,100,200,raw/v14_217.npz
full_N2000_K100_H200_nominal_t0p1,3,T002,1,2000,100,200,raw/v14_217.npz
full_N2000_K100_H200_nominal_t0p1,3,T003,2,2000,100,200,raw/v14_217.npz
full_N2000_K100_H200_nominal_t0p1,3,T004,3,2000,100,200,raw/v14_217.npz
full_N2000_K100_H200_nominal_t0p1,3,T005,4,2000,100,200,raw/v14_217.npz
full_N2000_K100_H200_nominal_t0p1,3,T006,5,2000,100,200,raw/v14_217.npz
full_N2000_K100_H200_nominal_t0p1,3,T007,6,2000,100,200,raw/v14_217.npz
full_N2000_K100_H200_nominal_t0p1,3,T008,7,2000,100,200,raw/v14_217.npz
full_N2000_K100_H200_nominal_t0p1,3,T009,8,2000,100,200,raw/v14_217.npz
full_N2000_K100_H200_nominal_t0p1,3,T010,9,2000,100,200,raw/v14_217.npz
full_N2000_K100_H200_nominal_t0p1,3,T011,10,2000,100,200,raw/v14_217.npz
full_N2000_K100_H200_nominal_t0p1,3,T012,11,2000,100,200,raw/v14_217.npz
full_N2000_K100_H200_nominal_t0p1,3,T013,12,2000,100,200,raw/v14_217.npz
full_N2000_K100_H200_nominal_t0p1,3,T014,13,2000,100,200,raw/v14_217.npz
full_N2000_K100_H200_nominal_t0p1,3,T015,14,2000,100,200,raw/v14_217.npz
full_N2000_K100_H200_nominal_t0p1,3,T016,15,2000,100,200,raw/v14_217.npz
full_N2000_K100_H200_nominal_t0p1,3,T017,16,2000,100,200,raw/v14_217.npz
full_N2000_K100_H200_nominal_t0p1,3,T018,17,2000,100,200,raw/v14_217.npz
full_N2000_K100_H200_nominal_t0p1,3,T019,18,2000,100,200,raw/v14_217.npz
full_N2000_K100_H200_nominal_t0p1,3,T020,19,2000,100,200,raw/v14_217.npz
full_N2000_K100_H200_nominal_t0p1,3,T021,20,2000,100,200,raw/v14_217.npz
full_N2000_K100_H200_nominal_t0p1,3,T022,21,2000,100,200,raw/v14_217.npz
full_N2000_K100_H200_nominal_t0p1,3,T023,22,2000,100,200,raw/v14_217.npz
full_N2000_K100_H200_nominal_t0p1,3,T024,23,2000,100,200,raw/v14_217.npz
full_N2000_K100_H200_nominal_t0p1,3,T025,24,2000,100,200,raw/v14_217.npz
full_N2000_K100_H200_nominal_t0p1,3,T026,25,2000,100,200,raw/v14_217.npz
full_N2000_K100_H200_nominal_t0p1,3,T027,26,2000,100,200,raw/v14_217.npz
full_N2000_K100_H200_nominal_t0p1,3,T028,27,2000,100,200,raw/v14_217.npz
full_N2000_K100_H200_nominal_t0p1,3,T029,28,2000,100,200,raw/v14_217.npz
full_N2000_K100_H200_nominal_t0p1,3,T030,29,2000,100,200,raw/v14_217.npz
full_N2000_K100_H200_nominal_t0p1,4,T001,0,2000,100,200,raw/v14_218.npz
full_N2000_K100_H200_nominal_t0p1,4,T002,1,2000,100,200,raw/v14_218.npz
full_N2000_K100_H200_nominal_t0p1,4,T003,2,2000,100,200,raw/v14_218.npz
full_N2000_K100_H200_nominal_t0p1,4,T004,3,2000,100,200,raw/v14_218.npz
full_N2000_K100_H200_nominal_t0p1,4,T005,4,2000,100,200,raw/v14_218.npz
full_N2000_K100_H200_nominal_t0p1,4,T006,5,2000,100,200,raw/v14_218.npz
full_N2000_K100_H200_nominal_t0p1,4,T007,6,2000,100,200,raw/v14_218.npz
full_N2000_K100_H200_nominal_t0p1,4,T008,7,2000,100,200,raw/v14_218.npz
full_N2000_K100_H200_nominal_t0p1,4,T009,8,2000,100,200,raw/v14_218.npz
full_N2000_K100_H200_nominal_t0p1,4,T010,9,2000,100,200,raw/v14_218.npz
full_N2000_K100_H200_nominal_t0p1,4,T011,10,2000,100,200,raw/v14_218.npz
full_N2000_K100_H200_nominal_t0p1,4,T012,11,2000,100,200,raw/v14_218.npz
full_N2000_K100_H200_nominal_t0p1,4,T013,12,2000,100,200,raw/v14_218.npz
full_N2000_K100_H200_nominal_t0p1,4,T014,13,2000,100,200,raw/v14_218.npz
full_N2000_K100_H200_nominal_t0p1,4,T015,14,2000,100,200,raw/v14_218.npz
full_N2000_K100_H200_nominal_t0p1,4,T016,15,2000,100,200,raw/v14_218.npz
full_N2000_K100_H200_nominal_t0p1,4,T017,16,2000,100,200,raw/v14_218.npz
full_N2000_K100_H200_nominal_t0p1,4,T018,17,2000,100,200,raw/v14_218.npz
full_N2000_K100_H200_nominal_t0p1,4,T019,18,2000,100,200,raw/v14_218.npz
full_N2000_K100_H200_nominal_t0p1,4,T020,19,2000,100,200,raw/v14_218.npz
full_N2000_K100_H200_nominal_t0p1,4,T021,20,2000,100,200,raw/v14_218.npz
full_N2000_K100_H200_nominal_t0p1,4,T022,21,2000,100,200,raw/v14_218.npz
full_N2000_K100_H200_nominal_t0p1,4,T023,22,2000,100,200,raw/v14_218.npz
full_N2000_K100_H200_nominal_t0p1,4,T024,23,2000,100,200,raw/v14_218.npz
full_N2000_K100_H200_nominal_t0p1,4,T025,24,2000,100,200,raw/v14_218.npz
full_N2000_K100_H200_nominal_t0p1,4,T026,25,2000,100,200,raw/v14_218.npz
full_N2000_K100_H200_nominal_t0p1,4,T027,26,2000,100,200,raw/v14_218.npz
full_N2000_K100_H200_nominal_t0p1,4,T028,27,2000,100,200,raw/v14_218.npz
full_N2000_K100_H200_nominal_t0p1,4,T029,28,2000,100,200,raw/v14_218.npz
full_N2000_K100_H200_nominal_t0p1,4,T030,29,2000,100,200,raw/v14_218.npz
full_N2000_K100_H200_nominal_t0p1,5,T001,0,2000,100,200,raw/v14_219.npz
full_N2000_K100_H200_nominal_t0p1,5,T002,1,2000,100,200,raw/v14_219.npz
full_N2000_K100_H200_nominal_t0p1,5,T003,2,2000,100,200,raw/v14_219.npz
full_N2000_K100_H200_nominal_t0p1,5,T004,3,2000,100,200,raw/v14_219.npz
full_N2000_K100_H200_nominal_t0p1,5,T005,4,2000,100,200,raw/v14_219.npz
full_N2000_K100_H200_nominal_t0p1,5,T006,5,2000,100,200,raw/v14_219.npz
full_N2000_K100_H200_nominal_t0p1,5,T007,6,2000,100,200,raw/v14_219.npz
full_N2000_K100_H200_nominal_t0p1,5,T008,7,2000,100,200,raw/v14_219.npz
full_N2000_K100_H200_nominal_t0p1,5,T009,8,2000,100,200,raw/v14_219.npz
full_N2000_K100_H200_nominal_t0p1,5,T010,9,2000,100,200,raw/v14_219.npz
full_N2000_K100_H200_nominal_t0p1,5,T011,10,2000,100,200,raw/v14_219.npz
full_N2000_K100_H200_nominal_t0p1,5,T012,11,2000,100,200,raw/v14_219.npz
full_N2000_K100_H200_nominal_t0p1,5,T013,12,2000,100,200,raw/v14_219.npz
full_N2000_K100_H200_nominal_t0p1,5,T014,13,2000,100,200,raw/v14_219.npz
full_N2000_K100_H200_nominal_t0p1,5,T015,14,2000,100,200,raw/v14_219.npz
full_N2000_K100_H200_nominal_t0p1,5,T016,15,2000,100,200,raw/v14_219.npz
full_N2000_K100_H200_nominal_t0p1,5,T017,16,2000,100,200,raw/v14_219.npz
full_N2000_K100_H200_nominal_t0p1,5,T018,17,2000,100,200,raw/v14_219.npz
full_N2000_K100_H200_nominal_t0p1,5,T019,18,2000,100,200,raw/v14_219.npz
full_N2000_K100_H200_nominal_t0p1,5,T020,19,2000,100,200,raw/v14_219.npz
full_N2000_K100_H200_nominal_t0p1,5,T021,20,2000,100,200,raw/v14_219.npz
full_N2000_K100_H200_nominal_t0p1,5,T022,21,2000,100,200,raw/v14_219.npz
full_N2000_K100_H200_nominal_t0p1,5,T023,22,2000,100,200,raw/v14_219.npz
full_N2000_K100_H200_nominal_t0p1,5,T024,23,2000,100,200,raw/v14_219.npz
full_N2000_K100_H200_nominal_t0p1,5,T025,24,2000,100,200,raw/v14_219.npz
full_N2000_K100_H200_nominal_t0p1,5,T026,25,2000,100,200,raw/v14_219.npz
full_N2000_K100_H200_nominal_t0p1,5,T027,26,2000,100,200,raw/v14_219.npz
full_N2000_K100_H200_nominal_t0p1,5,T028,27,2000,100,200,raw/v14_219.npz
full_N2000_K100_H200_nominal_t0p1,5,T029,28,2000,100,200,raw/v14_219.npz
full_N2000_K100_H200_nominal_t0p1,5,T030,29,2000,100,200,raw/v14_219.npz
full_N2000_K100_H200_nominal_t0p2,1,T001,0,2000,100,200,raw/v14_220.npz
full_N2000_K100_H200_nominal_t0p2,1,T002,1,2000,100,200,raw/v14_220.npz
full_N2000_K100_H200_nominal_t0p2,1,T003,2,2000,100,200,raw/v14_220.npz
full_N2000_K100_H200_nominal_t0p2,1,T004,3,2000,100,200,raw/v14_220.npz
full_N2000_K100_H200_nominal_t0p2,1,T005,4,2000,100,200,raw/v14_220.npz
full_N2000_K100_H200_nominal_t0p2,1,T006,5,2000,100,200,raw/v14_220.npz
full_N2000_K100_H200_nominal_t0p2,1,T007,6,2000,100,200,raw/v14_220.npz
full_N2000_K100_H200_nominal_t0p2,1,T008,7,2000,100,200,raw/v14_220.npz
full_N2000_K100_H200_nominal_t0p2,1,T009,8,2000,100,200,raw/v14_220.npz
full_N2000_K100_H200_nominal_t0p2,1,T010,9,2000,100,200,raw/v14_220.npz
full_N2000_K100_H200_nominal_t0p2,1,T011,10,2000,100,200,raw/v14_220.npz
full_N2000_K100_H200_nominal_t0p2,1,T012,11,2000,100,200,raw/v14_220.npz
full_N2000_K100_H200_nominal_t0p2,1,T013,12,2000,100,200,raw/v14_220.npz
full_N2000_K100_H200_nominal_t0p2,1,T014,13,2000,100,200,raw/v14_220.npz
full_N2000_K100_H200_nominal_t0p2,1,T015,14,2000,100,200,raw/v14_220.npz
full_N2000_K100_H200_nominal_t0p2,1,T016,15,2000,100,200,raw/v14_220.npz
full_N2000_K100_H200_nominal_t0p2,1,T017,16,2000,100,200,raw/v14_220.npz
full_N2000_K100_H200_nominal_t0p2,1,T018,17,2000,100,200,raw/v14_220.npz
full_N2000_K100_H200_nominal_t0p2,1,T019,18,2000,100,200,raw/v14_220.npz
full_N2000_K100_H200_nominal_t0p2,1,T020,19,2000,100,200,raw/v14_220.npz
full_N2000_K100_H200_nominal_t0p2,1,T021,20,2000,100,200,raw/v14_220.npz
full_N2000_K100_H200_nominal_t0p2,1,T022,21,2000,100,200,raw/v14_220.npz
full_N2000_K100_H200_nominal_t0p2,1,T023,22,2000,100,200,raw/v14_220.npz
full_N2000_K100_H200_nominal_t0p2,1,T024,23,2000,100,200,raw/v14_220.npz
full_N2000_K100_H200_nominal_t0p2,1,T025,24,2000,100,200,raw/v14_220.npz
full_N2000_K100_H200_nominal_t0p2,1,T026,25,2000,100,200,raw/v14_220.npz
full_N2000_K100_H200_nominal_t0p2,1,T027,26,2000,100,200,raw/v14_220.npz
full_N2000_K100_H200_nominal_t0p2,1,T028,27,2000,100,200,raw/v14_220.npz
full_N2000_K100_H200_nominal_t0p2,1,T029,28,2000,100,200,raw/v14_220.npz
full_N2000_K100_H200_nominal_t0p2,1,T030,29,2000,100,200,raw/v14_220.npz
full_N2000_K100_H200_nominal_t0p2,2,T001,0,2000,100,200,raw/v14_221.npz
full_N2000_K100_H200_nominal_t0p2,2,T002,1,2000,100,200,raw/v14_221.npz
full_N2000_K100_H200_nominal_t0p2,2,T003,2,2000,100,200,raw/v14_221.npz
full_N2000_K100_H200_nominal_t0p2,2,T004,3,2000,100,200,raw/v14_221.npz
full_N2000_K100_H200_nominal_t0p2,2,T005,4,2000,100,200,raw/v14_221.npz
full_N2000_K100_H200_nominal_t0p2,2,T006,5,2000,100,200,raw/v14_221.npz
full_N2000_K100_H200_nominal_t0p2,2,T007,6,2000,100,200,raw/v14_221.npz
full_N2000_K100_H200_nominal_t0p2,2,T008,7,2000,100,200,raw/v14_221.npz
full_N2000_K100_H200_nominal_t0p2,2,T009,8,2000,100,200,raw/v14_221.npz
full_N2000_K100_H200_nominal_t0p2,2,T010,9,2000,100,200,raw/v14_221.npz
full_N2000_K100_H200_nominal_t0p2,2,T011,10,2000,100,200,raw/v14_221.npz
full_N2000_K100_H200_nominal_t0p2,2,T012,11,2000,100,200,raw/v14_221.npz
full_N2000_K100_H200_nominal_t0p2,2,T013,12,2000,100,200,raw/v14_221.npz
full_N2000_K100_H200_nominal_t0p2,2,T014,13,2000,100,200,raw/v14_221.npz
full_N2000_K100_H200_nominal_t0p2,2,T015,14,2000,100,200,raw/v14_221.npz
full_N2000_K100_H200_nominal_t0p2,2,T016,15,2000,100,200,raw/v14_221.npz
full_N2000_K100_H200_nominal_t0p2,2,T017,16,2000,100,200,raw/v14_221.npz
full_N2000_K100_H200_nominal_t0p2,2,T018,17,2000,100,200,raw/v14_221.npz
full_N2000_K100_H200_nominal_t0p2,2,T019,18,2000,100,200,raw/v14_221.npz
full_N2000_K100_H200_nominal_t0p2,2,T020,19,2000,100,200,raw/v14_221.npz
full_N2000_K100_H200_nominal_t0p2,2,T021,20,2000,100,200,raw/v14_221.npz
full_N2000_K100_H200_nominal_t0p2,2,T022,21,2000,100,200,raw/v14_221.npz
full_N2000_K100_H200_nominal_t0p2,2,T023,22,2000,100,200,raw/v14_221.npz
full_N2000_K100_H200_nominal_t0p2,2,T024,23,2000,100,200,raw/v14_221.npz
full_N2000_K100_H200_nominal_t0p2,2,T025,24,2000,100,200,raw/v14_221.npz
full_N2000_K100_H200_nominal_t0p2,2,T026,25,2000,100,200,raw/v14_221.npz
full_N2000_K100_H200_nominal_t0p2,2,T027,26,2000,100,200,raw/v14_221.npz
full_N2000_K100_H200_nominal_t0p2,2,T028,27,2000,100,200,raw/v14_221.npz
full_N2000_K100_H200_nominal_t0p2,2,T029,28,2000,100,200,raw/v14_221.npz
full_N2000_K100_H200_nominal_t0p2,2,T030,29,2000,100,200,raw/v14_221.npz
full_N2000_K100_H200_nominal_t0p2,3,T001,0,2000,100,200,raw/v14_222.npz
full_N2000_K100_H200_nominal_t0p2,3,T002,1,2000,100,200,raw/v14_222.npz
full_N2000_K100_H200_nominal_t0p2,3,T003,2,2000,100,200,raw/v14_222.npz
full_N2000_K100_H200_nominal_t0p2,3,T004,3,2000,100,200,raw/v14_222.npz
full_N2000_K100_H200_nominal_t0p2,3,T005,4,2000,100,200,raw/v14_222.npz
full_N2000_K100_H200_nominal_t0p2,3,T006,5,2000,100,200,raw/v14_222.npz
full_N2000_K100_H200_nominal_t0p2,3,T007,6,2000,100,200,raw/v14_222.npz
full_N2000_K100_H200_nominal_t0p2,3,T008,7,2000,100,200,raw/v14_222.npz
full_N2000_K100_H200_nominal_t0p2,3,T009,8,2000,100,200,raw/v14_222.npz
full_N2000_K100_H200_nominal_t0p2,3,T010,9,2000,100,200,raw/v14_222.npz
full_N2000_K100_H200_nominal_t0p2,3,T011,10,2000,100,200,raw/v14_222.npz
full_N2000_K100_H200_nominal_t0p2,3,T012,11,2000,100,200,raw/v14_222.npz
full_N2000_K100_H200_nominal_t0p2,3,T013,12,2000,100,200,raw/v14_222.npz
full_N2000_K100_H200_nominal_t0p2,3,T014,13,2000,100,200,raw/v14_222.npz
full_N2000_K100_H200_nominal_t0p2,3,T015,14,2000,100,200,raw/v14_222.npz
full_N2000_K100_H200_nominal_t0p2,3,T016,15,2000,100,200,raw/v14_222.npz
full_N2000_K100_H200_nominal_t0p2,3,T017,16,2000,100,200,raw/v14_222.npz
full_N2000_K100_H200_nominal_t0p2,3,T018,17,2000,100,200,raw/v14_222.npz
full_N2000_K100_H200_nominal_t0p2,3,T019,18,2000,100,200,raw/v14_222.npz
full_N2000_K100_H200_nominal_t0p2,3,T020,19,2000,100,200,raw/v14_222.npz
full_N2000_K100_H200_nominal_t0p2,3,T021,20,2000,100,200,raw/v14_222.npz
full_N2000_K100_H200_nominal_t0p2,3,T022,21,2000,100,200,raw/v14_222.npz
full_N2000_K100_H200_nominal_t0p2,3,T023,22,2000,100,200,raw/v14_222.npz
full_N2000_K100_H200_nominal_t0p2,3,T024,23,2000,100,200,raw/v14_222.npz
full_N2000_K100_H200_nominal_t0p2,3,T025,24,2000,100,200,raw/v14_222.npz
full_N2000_K100_H200_nominal_t0p2,3,T026,25,2000,100,200,raw/v14_222.npz
full_N2000_K100_H200_nominal_t0p2,3,T027,26,2000,100,200,raw/v14_222.npz
full_N2000_K100_H200_nominal_t0p2,3,T028,27,2000,100,200,raw/v14_222.npz
full_N2000_K100_H200_nominal_t0p2,3,T029,28,2000,100,200,raw/v14_222.npz
full_N2000_K100_H200_nominal_t0p2,3,T030,29,2000,100,200,raw/v14_222.npz
full_N2000_K100_H200_nominal_t0p2,4,T001,0,2000,100,200,raw/v14_223.npz
full_N2000_K100_H200_nominal_t0p2,4,T002,1,2000,100,200,raw/v14_223.npz
full_N2000_K100_H200_nominal_t0p2,4,T003,2,2000,100,200,raw/v14_223.npz
full_N2000_K100_H200_nominal_t0p2,4,T004,3,2000,100,200,raw/v14_223.npz
full_N2000_K100_H200_nominal_t0p2,4,T005,4,2000,100,200,raw/v14_223.npz
full_N2000_K100_H200_nominal_t0p2,4,T006,5,2000,100,200,raw/v14_223.npz
full_N2000_K100_H200_nominal_t0p2,4,T007,6,2000,100,200,raw/v14_223.npz
full_N2000_K100_H200_nominal_t0p2,4,T008,7,2000,100,200,raw/v14_223.npz
full_N2000_K100_H200_nominal_t0p2,4,T009,8,2000,100,200,raw/v14_223.npz
full_N2000_K100_H200_nominal_t0p2,4,T010,9,2000,100,200,raw/v14_223.npz
full_N2000_K100_H200_nominal_t0p2,4,T011,10,2000,100,200,raw/v14_223.npz
full_N2000_K100_H200_nominal_t0p2,4,T012,11,2000,100,200,raw/v14_223.npz
full_N2000_K100_H200_nominal_t0p2,4,T013,12,2000,100,200,raw/v14_223.npz
full_N2000_K100_H200_nominal_t0p2,4,T014,13,2000,100,200,raw/v14_223.npz
full_N2000_K100_H200_nominal_t0p2,4,T015,14,2000,100,200,raw/v14_223.npz
full_N2000_K100_H200_nominal_t0p2,4,T016,15,2000,100,200,raw/v14_223.npz
full_N2000_K100_H200_nominal_t0p2,4,T017,16,2000,100,200,raw/v14_223.npz
full_N2000_K100_H200_nominal_t0p2,4,T018,17,2000,100,200,raw/v14_223.npz
full_N2000_K100_H200_nominal_t0p2,4,T019,18,2000,100,200,raw/v14_223.npz
full_N2000_K100_H200_nominal_t0p2,4,T020,19,2000,100,200,raw/v14_223.npz
full_N2000_K100_H200_nominal_t0p2,4,T021,20,2000,100,200,raw/v14_223.npz
full_N2000_K100_H200_nominal_t0p2,4,T022,21,2000,100,200,raw/v14_223.npz
full_N2000_K100_H200_nominal_t0p2,4,T023,22,2000,100,200,raw/v14_223.npz
full_N2000_K100_H200_nominal_t0p2,4,T024,23,2000,100,200,raw/v14_223.npz
full_N2000_K100_H200_nominal_t0p2,4,T025,24,2000,100,200,raw/v14_223.npz
full_N2000_K100_H200_nominal_t0p2,4,T026,25,2000,100,200,raw/v14_223.npz
full_N2000_K100_H200_nominal_t0p2,4,T027,26,2000,100,200,raw/v14_223.npz
full_N2000_K100_H200_nominal_t0p2,4,T028,27,2000,100,200,raw/v14_223.npz
full_N2000_K100_H200_nominal_t0p2,4,T029,28,2000,100,200,raw/v14_223.npz
full_N2000_K100_H200_nominal_t0p2,4,T030,29,2000,100,200,raw/v14_223.npz
full_N2000_K100_H200_nominal_t0p2,5,T001,0,2000,100,200,raw/v14_224.npz
full_N2000_K100_H200_nominal_t0p2,5,T002,1,2000,100,200,raw/v14_224.npz
full_N2000_K100_H200_nominal_t0p2,5,T003,2,2000,100,200,raw/v14_224.npz
full_N2000_K100_H200_nominal_t0p2,5,T004,3,2000,100,200,raw/v14_224.npz
full_N2000_K100_H200_nominal_t0p2,5,T005,4,2000,100,200,raw/v14_224.npz
full_N2000_K100_H200_nominal_t0p2,5,T006,5,2000,100,200,raw/v14_224.npz
full_N2000_K100_H200_nominal_t0p2,5,T007,6,2000,100,200,raw/v14_224.npz
full_N2000_K100_H200_nominal_t0p2,5,T008,7,2000,100,200,raw/v14_224.npz
full_N2000_K100_H200_nominal_t0p2,5,T009,8,2000,100,200,raw/v14_224.npz
full_N2000_K100_H200_nominal_t0p2,5,T010,9,2000,100,200,raw/v14_224.npz
full_N2000_K100_H200_nominal_t0p2,5,T011,10,2000,100,200,raw/v14_224.npz
full_N2000_K100_H200_nominal_t0p2,5,T012,11,2000,100,200,raw/v14_224.npz
full_N2000_K100_H200_nominal_t0p2,5,T013,12,2000,100,200,raw/v14_224.npz
full_N2000_K100_H200_nominal_t0p2,5,T014,13,2000,100,200,raw/v14_224.npz
full_N2000_K100_H200_nominal_t0p2,5,T015,14,2000,100,200,raw/v14_224.npz
full_N2000_K100_H200_nominal_t0p2,5,T016,15,2000,100,200,raw/v14_224.npz
full_N2000_K100_H200_nominal_t0p2,5,T017,16,2000,100,200,raw/v14_224.npz
full_N2000_K100_H200_nominal_t0p2,5,T018,17,2000,100,200,raw/v14_224.npz
full_N2000_K100_H200_nominal_t0p2,5,T019,18,2000,100,200,raw/v14_224.npz
full_N2000_K100_H200_nominal_t0p2,5,T020,19,2000,100,200,raw/v14_224.npz
full_N2000_K100_H200_nominal_t0p2,5,T021,20,2000,100,200,raw/v14_224.npz
full_N2000_K100_H200_nominal_t0p2,5,T022,21,2000,100,200,raw/v14_224.npz
full_N2000_K100_H200_nominal_t0p2,5,T023,22,2000,100,200,raw/v14_224.npz
full_N2000_K100_H200_nominal_t0p2,5,T024,23,2000,100,200,raw/v14_224.npz
full_N2000_K100_H200_nominal_t0p2,5,T025,24,2000,100,200,raw/v14_224.npz
full_N2000_K100_H200_nominal_t0p2,5,T026,25,2000,100,200,raw/v14_224.npz
full_N2000_K100_H200_nominal_t0p2,5,T027,26,2000,100,200,raw/v14_224.npz
full_N2000_K100_H200_nominal_t0p2,5,T028,27,2000,100,200,raw/v14_224.npz
full_N2000_K100_H200_nominal_t0p2,5,T029,28,2000,100,200,raw/v14_224.npz
full_N2000_K100_H200_nominal_t0p2,5,T030,29,2000,100,200,raw/v14_224.npz
full_N2000_K100_H200_nominal_t0p3,1,T001,0,2000,100,200,raw/v14_225.npz
full_N2000_K100_H200_nominal_t0p3,1,T002,1,2000,100,200,raw/v14_225.npz
full_N2000_K100_H200_nominal_t0p3,1,T003,2,2000,100,200,raw/v14_225.npz
full_N2000_K100_H200_nominal_t0p3,1,T004,3,2000,100,200,raw/v14_225.npz
full_N2000_K100_H200_nominal_t0p3,1,T005,4,2000,100,200,raw/v14_225.npz
full_N2000_K100_H200_nominal_t0p3,1,T006,5,2000,100,200,raw/v14_225.npz
full_N2000_K100_H200_nominal_t0p3,1,T007,6,2000,100,200,raw/v14_225.npz
full_N2000_K100_H200_nominal_t0p3,1,T008,7,2000,100,200,raw/v14_225.npz
full_N2000_K100_H200_nominal_t0p3,1,T009,8,2000,100,200,raw/v14_225.npz
full_N2000_K100_H200_nominal_t0p3,1,T010,9,2000,100,200,raw/v14_225.npz
full_N2000_K100_H200_nominal_t0p3,1,T011,10,2000,100,200,raw/v14_225.npz
full_N2000_K100_H200_nominal_t0p3,1,T012,11,2000,100,200,raw/v14_225.npz
full_N2000_K100_H200_nominal_t0p3,1,T013,12,2000,100,200,raw/v14_225.npz
full_N2000_K100_H200_nominal_t0p3,1,T014,13,2000,100,200,raw/v14_225.npz
full_N2000_K100_H200_nominal_t0p3,1,T015,14,2000,100,200,raw/v14_225.npz
full_N2000_K100_H200_nominal_t0p3,1,T016,15,2000,100,200,raw/v14_225.npz
full_N2000_K100_H200_nominal_t0p3,1,T017,16,2000,100,200,raw/v14_225.npz
full_N2000_K100_H200_nominal_t0p3,1,T018,17,2000,100,200,raw/v14_225.npz
full_N2000_K100_H200_nominal_t0p3,1,T019,18,2000,100,200,raw/v14_225.npz
full_N2000_K100_H200_nominal_t0p3,1,T020,19,2000,100,200,raw/v14_225.npz
full_N2000_K100_H200_nominal_t0p3,1,T021,20,2000,100,200,raw/v14_225.npz
full_N2000_K100_H200_nominal_t0p3,1,T022,21,2000,100,200,raw/v14_225.npz
full_N2000_K100_H200_nominal_t0p3,1,T023,22,2000,100,200,raw/v14_225.npz
full_N2000_K100_H200_nominal_t0p3,1,T024,23,2000,100,200,raw/v14_225.npz
full_N2000_K100_H200_nominal_t0p3,1,T025,24,2000,100,200,raw/v14_225.npz
full_N2000_K100_H200_nominal_t0p3,1,T026,25,2000,100,200,raw/v14_225.npz
full_N2000_K100_H200_nominal_t0p3,1,T027,26,2000,100,200,raw/v14_225.npz
full_N2000_K100_H200_nominal_t0p3,1,T028,27,2000,100,200,raw/v14_225.npz
full_N2000_K100_H200_nominal_t0p3,1,T029,28,2000,100,200,raw/v14_225.npz
full_N2000_K100_H200_nominal_t0p3,1,T030,29,2000,100,200,raw/v14_225.npz
full_N2000_K100_H200_nominal_t0p3,2,T001,0,2000,100,200,raw/v14_226.npz
full_N2000_K100_H200_nominal_t0p3,2,T002,1,2000,100,200,raw/v14_226.npz
full_N2000_K100_H200_nominal_t0p3,2,T003,2,2000,100,200,raw/v14_226.npz
full_N2000_K100_H200_nominal_t0p3,2,T004,3,2000,100,200,raw/v14_226.npz
full_N2000_K100_H200_nominal_t0p3,2,T005,4,2000,100,200,raw/v14_226.npz
full_N2000_K100_H200_nominal_t0p3,2,T006,5,2000,100,200,raw/v14_226.npz
full_N2000_K100_H200_nominal_t0p3,2,T007,6,2000,100,200,raw/v14_226.npz
full_N2000_K100_H200_nominal_t0p3,2,T008,7,2000,100,200,raw/v14_226.npz
full_N2000_K100_H200_nominal_t0p3,2,T009,8,2000,100,200,raw/v14_226.npz
full_N2000_K100_H200_nominal_t0p3,2,T010,9,2000,100,200,raw/v14_226.npz
full_N2000_K100_H200_nominal_t0p3,2,T011,10,2000,100,200,raw/v14_226.npz
full_N2000_K100_H200_nominal_t0p3,2,T012,11,2000,100,200,raw/v14_226.npz
full_N2000_K100_H200_nominal_t0p3,2,T013,12,2000,100,200,raw/v14_226.npz
full_N2000_K100_H200_nominal_t0p3,2,T014,13,2000,100,200,raw/v14_226.npz
full_N2000_K100_H200_nominal_t0p3,2,T015,14,2000,100,200,raw/v14_226.npz
full_N2000_K100_H200_nominal_t0p3,2,T016,15,2000,100,200,raw/v14_226.npz
full_N2000_K100_H200_nominal_t0p3,2,T017,16,2000,100,200,raw/v14_226.npz
full_N2000_K100_H200_nominal_t0p3,2,T018,17,2000,100,200,raw/v14_226.npz
full_N2000_K100_H200_nominal_t0p3,2,T019,18,2000,100,200,raw/v14_226.npz
full_N2000_K100_H200_nominal_t0p3,2,T020,19,2000,100,200,raw/v14_226.npz
full_N2000_K100_H200_nominal_t0p3,2,T021,20,2000,100,200,raw/v14_226.npz
full_N2000_K100_H200_nominal_t0p3,2,T022,21,2000,100,200,raw/v14_226.npz
full_N2000_K100_H200_nominal_t0p3,2,T023,22,2000,100,200,raw/v14_226.npz
full_N2000_K100_H200_nominal_t0p3,2,T024,23,2000,100,200,raw/v14_226.npz
full_N2000_K100_H200_nominal_t0p3,2,T025,24,2000,100,200,raw/v14_226.npz
full_N2000_K100_H200_nominal_t0p3,2,T026,25,2000,100,200,raw/v14_226.npz
full_N2000_K100_H200_nominal_t0p3,2,T027,26,2000,100,200,raw/v14_226.npz
full_N2000_K100_H200_nominal_t0p3,2,T028,27,2000,100,200,raw/v14_226.npz
full_N2000_K100_H200_nominal_t0p3,2,T029,28,2000,100,200,raw/v14_226.npz
full_N2000_K100_H200_nominal_t0p3,2,T030,29,2000,100,200,raw/v14_226.npz
full_N2000_K100_H200_nominal_t0p3,3,T001,0,2000,100,200,raw/v14_227.npz
full_N2000_K100_H200_nominal_t0p3,3,T002,1,2000,100,200,raw/v14_227.npz
full_N2000_K100_H200_nominal_t0p3,3,T003,2,2000,100,200,raw/v14_227.npz
full_N2000_K100_H200_nominal_t0p3,3,T004,3,2000,100,200,raw/v14_227.npz
full_N2000_K100_H200_nominal_t0p3,3,T005,4,2000,100,200,raw/v14_227.npz
full_N2000_K100_H200_nominal_t0p3,3,T006,5,2000,100,200,raw/v14_227.npz
full_N2000_K100_H200_nominal_t0p3,3,T007,6,2000,100,200,raw/v14_227.npz
full_N2000_K100_H200_nominal_t0p3,3,T008,7,2000,100,200,raw/v14_227.npz
full_N2000_K100_H200_nominal_t0p3,3,T009,8,2000,100,200,raw/v14_227.npz
full_N2000_K100_H200_nominal_t0p3,3,T010,9,2000,100,200,raw/v14_227.npz
full_N2000_K100_H200_nominal_t0p3,3,T011,10,2000,100,200,raw/v14_227.npz
full_N2000_K100_H200_nominal_t0p3,3,T012,11,2000,100,200,raw/v14_227.npz
full_N2000_K100_H200_nominal_t0p3,3,T013,12,2000,100,200,raw/v14_227.npz
full_N2000_K100_H200_nominal_t0p3,3,T014,13,2000,100,200,raw/v14_227.npz
full_N2000_K100_H200_nominal_t0p3,3,T015,14,2000,100,200,raw/v14_227.npz
full_N2000_K100_H200_nominal_t0p3,3,T016,15,2000,100,200,raw/v14_227.npz
full_N2000_K100_H200_nominal_t0p3,3,T017,16,2000,100,200,raw/v14_227.npz
full_N2000_K100_H200_nominal_t0p3,3,T018,17,2000,100,200,raw/v14_227.npz
full_N2000_K100_H200_nominal_t0p3,3,T019,18,2000,100,200,raw/v14_227.npz
full_N2000_K100_H200_nominal_t0p3,3,T020,19,2000,100,200,raw/v14_227.npz
full_N2000_K100_H200_nominal_t0p3,3,T021,20,2000,100,200,raw/v14_227.npz
full_N2000_K100_H200_nominal_t0p3,3,T022,21,2000,100,200,raw/v14_227.npz
full_N2000_K100_H200_nominal_t0p3,3,T023,22,2000,100,200,raw/v14_227.npz
full_N2000_K100_H200_nominal_t0p3,3,T024,23,2000,100,200,raw/v14_227.npz
full_N2000_K100_H200_nominal_t0p3,3,T025,24,2000,100,200,raw/v14_227.npz
full_N2000_K100_H200_nominal_t0p3,3,T026,25,2000,100,200,raw/v14_227.npz
full_N2000_K100_H200_nominal_t0p3,3,T027,26,2000,100,200,raw/v14_227.npz
full_N2000_K100_H200_nominal_t0p3,3,T028,27,2000,100,200,raw/v14_227.npz
full_N2000_K100_H200_nominal_t0p3,3,T029,28,2000,100,200,raw/v14_227.npz
full_N2000_K100_H200_nominal_t0p3,3,T030,29,2000,100,200,raw/v14_227.npz
full_N2000_K100_H200_nominal_t0p3,4,T001,0,2000,100,200,raw/v14_228.npz
full_N2000_K100_H200_nominal_t0p3,4,T002,1,2000,100,200,raw/v14_228.npz
full_N2000_K100_H200_nominal_t0p3,4,T003,2,2000,100,200,raw/v14_228.npz
full_N2000_K100_H200_nominal_t0p3,4,T004,3,2000,100,200,raw/v14_228.npz
full_N2000_K100_H200_nominal_t0p3,4,T005,4,2000,100,200,raw/v14_228.npz
full_N2000_K100_H200_nominal_t0p3,4,T006,5,2000,100,200,raw/v14_228.npz
full_N2000_K100_H200_nominal_t0p3,4,T007,6,2000,100,200,raw/v14_228.npz
full_N2000_K100_H200_nominal_t0p3,4,T008,7,2000,100,200,raw/v14_228.npz
full_N2000_K100_H200_nominal_t0p3,4,T009,8,2000,100,200,raw/v14_228.npz
full_N2000_K100_H200_nominal_t0p3,4,T010,9,2000,100,200,raw/v14_228.npz
full_N2000_K100_H200_nominal_t0p3,4,T011,10,2000,100,200,raw/v14_228.npz
full_N2000_K100_H200_nominal_t0p3,4,T012,11,2000,100,200,raw/v14_228.npz
full_N2000_K100_H200_nominal_t0p3,4,T013,12,2000,100,200,raw/v14_228.npz
full_N2000_K100_H200_nominal_t0p3,4,T014,13,2000,100,200,raw/v14_228.npz
full_N2000_K100_H200_nominal_t0p3,4,T015,14,2000,100,200,raw/v14_228.npz
full_N2000_K100_H200_nominal_t0p3,4,T016,15,2000,100,200,raw/v14_228.npz
full_N2000_K100_H200_nominal_t0p3,4,T017,16,2000,100,200,raw/v14_228.npz
full_N2000_K100_H200_nominal_t0p3,4,T018,17,2000,100,200,raw/v14_228.npz
full_N2000_K100_H200_nominal_t0p3,4,T019,18,2000,100,200,raw/v14_228.npz
full_N2000_K100_H200_nominal_t0p3,4,T020,19,2000,100,200,raw/v14_228.npz
full_N2000_K100_H200_nominal_t0p3,4,T021,20,2000,100,200,raw/v14_228.npz
full_N2000_K100_H200_nominal_t0p3,4,T022,21,2000,100,200,raw/v14_228.npz
full_N2000_K100_H200_nominal_t0p3,4,T023,22,2000,100,200,raw/v14_228.npz
full_N2000_K100_H200_nominal_t0p3,4,T024,23,2000,100,200,raw/v14_228.npz
full_N2000_K100_H200_nominal_t0p3,4,T025,24,2000,100,200,raw/v14_228.npz
full_N2000_K100_H200_nominal_t0p3,4,T026,25,2000,100,200,raw/v14_228.npz
full_N2000_K100_H200_nominal_t0p3,4,T027,26,2000,100,200,raw/v14_228.npz
full_N2000_K100_H200_nominal_t0p3,4,T028,27,2000,100,200,raw/v14_228.npz
full_N2000_K100_H200_nominal_t0p3,4,T029,28,2000,100,200,raw/v14_228.npz
full_N2000_K100_H200_nominal_t0p3,4,T030,29,2000,100,200,raw/v14_228.npz
full_N2000_K100_H200_nominal_t0p3,5,T001,0,2000,100,200,raw/v14_229.npz
full_N2000_K100_H200_nominal_t0p3,5,T002,1,2000,100,200,raw/v14_229.npz
full_N2000_K100_H200_nominal_t0p3,5,T003,2,2000,100,200,raw/v14_229.npz
full_N2000_K100_H200_nominal_t0p3,5,T004,3,2000,100,200,raw/v14_229.npz
full_N2000_K100_H200_nominal_t0p3,5,T005,4,2000,100,200,raw/v14_229.npz
full_N2000_K100_H200_nominal_t0p3,5,T006,5,2000,100,200,raw/v14_229.npz
full_N2000_K100_H200_nominal_t0p3,5,T007,6,2000,100,200,raw/v14_229.npz
full_N2000_K100_H200_nominal_t0p3,5,T008,7,2000,100,200,raw/v14_229.npz
full_N2000_K100_H200_nominal_t0p3,5,T009,8,2000,100,200,raw/v14_229.npz
full_N2000_K100_H200_nominal_t0p3,5,T010,9,2000,100,200,raw/v14_229.npz
full_N2000_K100_H200_nominal_t0p3,5,T011,10,2000,100,200,raw/v14_229.npz
full_N2000_K100_H200_nominal_t0p3,5,T012,11,2000,100,200,raw/v14_229.npz
full_N2000_K100_H200_nominal_t0p3,5,T013,12,2000,100,200,raw/v14_229.npz
full_N2000_K100_H200_nominal_t0p3,5,T014,13,2000,100,200,raw/v14_229.npz
full_N2000_K100_H200_nominal_t0p3,5,T015,14,2000,100,200,raw/v14_229.npz
full_N2000_K100_H200_nominal_t0p3,5,T016,15,2000,100,200,raw/v14_229.npz
full_N2000_K100_H200_nominal_t0p3,5,T017,16,2000,100,200,raw/v14_229.npz
full_N2000_K100_H200_nominal_t0p3,5,T018,17,2000,100,200,raw/v14_229.npz
full_N2000_K100_H200_nominal_t0p3,5,T019,18,2000,100,200,raw/v14_229.npz
full_N2000_K100_H200_nominal_t0p3,5,T020,19,2000,100,200,raw/v14_229.npz
full_N2000_K100_H200_nominal_t0p3,5,T021,20,2000,100,200,raw/v14_229.npz
full_N2000_K100_H200_nominal_t0p3,5,T022,21,2000,100,200,raw/v14_229.npz
full_N2000_K100_H200_nominal_t0p3,5,T023,22,2000,100,200,raw/v14_229.npz
full_N2000_K100_H200_nominal_t0p3,5,T024,23,2000,100,200,raw/v14_229.npz
full_N2000_K100_H200_nominal_t0p3,5,T025,24,2000,100,200,raw/v14_229.npz
full_N2000_K100_H200_nominal_t0p3,5,T026,25,2000,100,200,raw/v14_229.npz
full_N2000_K100_H200_nominal_t0p3,5,T027,26,2000,100,200,raw/v14_229.npz
full_N2000_K100_H200_nominal_t0p3,5,T028,27,2000,100,200,raw/v14_229.npz
full_N2000_K100_H200_nominal_t0p3,5,T029,28,2000,100,200,raw/v14_229.npz
full_N2000_K100_H200_nominal_t0p3,5,T030,29,2000,100,200,raw/v14_229.npz
cox_only_N2000_K100_H200_nominal_t0p1,,T001,0,2000,100,200,raw/v14_230.npz
cox_only_N2000_K100_H200_nominal_t0p1,,T002,1,2000,100,200,raw/v14_230.npz
cox_only_N2000_K100_H200_nominal_t0p1,,T003,2,2000,100,200,raw/v14_230.npz
cox_only_N2000_K100_H200_nominal_t0p1,,T004,3,2000,100,200,raw/v14_230.npz
cox_only_N2000_K100_H200_nominal_t0p1,,T005,4,2000,100,200,raw/v14_230.npz
cox_only_N2000_K100_H200_nominal_t0p1,,T006,5,2000,100,200,raw/v14_230.npz
cox_only_N2000_K100_H200_nominal_t0p1,,T007,6,2000,100,200,raw/v14_230.npz
cox_only_N2000_K100_H200_nominal_t0p1,,T008,7,2000,100,200,raw/v14_230.npz
cox_only_N2000_K100_H200_nominal_t0p1,,T009,8,2000,100,200,raw/v14_230.npz
cox_only_N2000_K100_H200_nominal_t0p1,,T010,9,2000,100,200,raw/v14_230.npz
cox_only_N2000_K100_H200_nominal_t0p1,,T011,10,2000,100,200,raw/v14_230.npz
cox_only_N2000_K100_H200_nominal_t0p1,,T012,11,2000,100,200,raw/v14_230.npz
cox_only_N2000_K100_H200_nominal_t0p1,,T013,12,2000,100,200,raw/v14_230.npz
cox_only_N2000_K100_H200_nominal_t0p1,,T014,13,2000,100,200,raw/v14_230.npz
cox_only_N2000_K100_H200_nominal_t0p1,,T015,14,2000,100,200,raw/v14_230.npz
cox_only_N2000_K100_H200_nominal_t0p1,,T016,15,2000,100,200,raw/v14_230.npz
cox_only_N2000_K100_H200_nominal_t0p1,,T017,16,2000,100,200,raw/v14_230.npz
cox_only_N2000_K100_H200_nominal_t0p1,,T018,17,2000,100,200,raw/v14_230.npz
cox_only_N2000_K100_H200_nominal_t0p1,,T019,18,2000,100,200,raw/v14_230.npz
cox_only_N2000_K100_H200_nominal_t0p1,,T020,19,2000,100,200,raw/v14_230.npz
cox_only_N2000_K100_H200_nominal_t0p1,,T021,20,2000,100,200,raw/v14_230.npz
cox_only_N2000_K100_H200_nominal_t0p1,,T022,21,2000,100,200,raw/v14_230.npz
cox_only_N2000_K100_H200_nominal_t0p1,,T023,22,2000,100,200,raw/v14_230.npz
cox_only_N2000_K100_H200_nominal_t0p1,,T024,23,2000,100,200,raw/v14_230.npz
cox_only_N2000_K100_H200_nominal_t0p1,,T025,24,2000,100,200,raw/v14_230.npz
cox_only_N2000_K100_H200_nominal_t0p1,,T026,25,2000,100,200,raw/v14_230.npz
cox_only_N2000_K100_H200_nominal_t0p1,,T027,26,2000,100,200,raw/v14_230.npz
cox_only_N2000_K100_H200_nominal_t0p1,,T028,27,2000,100,200,raw/v14_230.npz
cox_only_N2000_K100_H200_nominal_t0p1,,T029,28,2000,100,200,raw/v14_230.npz
cox_only_N2000_K100_H200_nominal_t0p1,,T030,29,2000,100,200,raw/v14_230.npz
cox_only_N2000_K100_H200_nominal_t0p2,,T001,0,2000,100,200,raw/v14_231.npz
cox_only_N2000_K100_H200_nominal_t0p2,,T002,1,2000,100,200,raw/v14_231.npz
cox_only_N2000_K100_H200_nominal_t0p2,,T003,2,2000,100,200,raw/v14_231.npz
cox_only_N2000_K100_H200_nominal_t0p2,,T004,3,2000,100,200,raw/v14_231.npz
cox_only_N2000_K100_H200_nominal_t0p2,,T005,4,2000,100,200,raw/v14_231.npz
cox_only_N2000_K100_H200_nominal_t0p2,,T006,5,2000,100,200,raw/v14_231.npz
cox_only_N2000_K100_H200_nominal_t0p2,,T007,6,2000,100,200,raw/v14_231.npz
cox_only_N2000_K100_H200_nominal_t0p2,,T008,7,2000,100,200,raw/v14_231.npz
cox_only_N2000_K100_H200_nominal_t0p2,,T009,8,2000,100,200,raw/v14_231.npz
cox_only_N2000_K100_H200_nominal_t0p2,,T010,9,2000,100,200,raw/v14_231.npz
cox_only_N2000_K100_H200_nominal_t0p2,,T011,10,2000,100,200,raw/v14_231.npz
cox_only_N2000_K100_H200_nominal_t0p2,,T012,11,2000,100,200,raw/v14_231.npz
cox_only_N2000_K100_H200_nominal_t0p2,,T013,12,2000,100,200,raw/v14_231.npz
cox_only_N2000_K100_H200_nominal_t0p2,,T014,13,2000,100,200,raw/v14_231.npz
cox_only_N2000_K100_H200_nominal_t0p2,,T015,14,2000,100,200,raw/v14_231.npz
cox_only_N2000_K100_H200_nominal_t0p2,,T016,15,2000,100,200,raw/v14_231.npz
cox_only_N2000_K100_H200_nominal_t0p2,,T017,16,2000,100,200,raw/v14_231.npz
cox_only_N2000_K100_H200_nominal_t0p2,,T018,17,2000,100,200,raw/v14_231.npz
cox_only_N2000_K100_H200_nominal_t0p2,,T019,18,2000,100,200,raw/v14_231.npz
cox_only_N2000_K100_H200_nominal_t0p2,,T020,19,2000,100,200,raw/v14_231.npz
cox_only_N2000_K100_H200_nominal_t0p2,,T021,20,2000,100,200,raw/v14_231.npz
cox_only_N2000_K100_H200_nominal_t0p2,,T022,21,2000,100,200,raw/v14_231.npz
cox_only_N2000_K100_H200_nominal_t0p2,,T023,22,2000,100,200,raw/v14_231.npz
cox_only_N2000_K100_H200_nominal_t0p2,,T024,23,2000,100,200,raw/v14_231.npz
cox_only_N2000_K100_H200_nominal_t0p2,,T025,24,2000,100,200,raw/v14_231.npz
cox_only_N2000_K100_H200_nominal_t0p2,,T026,25,2000,100,200,raw/v14_231.npz
cox_only_N2000_K100_H200_nominal_t0p2,,T027,26,2000,100,200,raw/v14_231.npz
cox_only_N2000_K100_H200_nominal_t0p2,,T028,27,2000,100,200,raw/v14_231.npz
cox_only_N2000_K100_H200_nominal_t0p2,,T029,28,2000,100,200,raw/v14_231.npz
cox_only_N2000_K100_H200_nominal_t0p2,,T030,29,2000,100,200,raw/v14_231.npz
cox_only_N2000_K100_H200_nominal_t0p3,,T001,0,2000,100,200,raw/v14_232.npz
cox_only_N2000_K100_H200_nominal_t0p3,,T002,1,2000,100,200,raw/v14_232.npz
cox_only_N2000_K100_H200_nominal_t0p3,,T003,2,2000,100,200,raw/v14_232.npz
cox_only_N2000_K100_H200_nominal_t0p3,,T004,3,2000,100,200,raw/v14_232.npz
cox_only_N2000_K100_H200_nominal_t0p3,,T005,4,2000,100,200,raw/v14_232.npz
cox_only_N2000_K100_H200_nominal_t0p3,,T006,5,2000,100,200,raw/v14_232.npz
cox_only_N2000_K100_H200_nominal_t0p3,,T007,6,2000,100,200,raw/v14_232.npz
cox_only_N2000_K100_H200_nominal_t0p3,,T008,7,2000,100,200,raw/v14_232.npz
cox_only_N2000_K100_H200_nominal_t0p3,,T009,8,2000,100,200,raw/v14_232.npz
cox_only_N2000_K100_H200_nominal_t0p3,,T010,9,2000,100,200,raw/v14_232.npz
cox_only_N2000_K100_H200_nominal_t0p3,,T011,10,2000,100,200,raw/v14_232.npz
cox_only_N2000_K100_H200_nominal_t0p3,,T012,11,2000,100,200,raw/v14_232.npz
cox_only_N2000_K100_H200_nominal_t0p3,,T013,12,2000,100,200,raw/v14_232.npz
cox_only_N2000_K100_H200_nominal_t0p3,,T014,13,2000,100,200,raw/v14_232.npz
cox_only_N2000_K100_H200_nominal_t0p3,,T015,14,2000,100,200,raw/v14_232.npz
cox_only_N2000_K100_H200_nominal_t0p3,,T016,15,2000,100,200,raw/v14_232.npz
cox_only_N2000_K100_H200_nominal_t0p3,,T017,16,2000,100,200,raw/v14_232.npz
cox_only_N2000_K100_H200_nominal_t0p3,,T018,17,2000,100,200,raw/v14_232.npz
cox_only_N2000_K100_H200_nominal_t0p3,,T019,18,2000,100,200,raw/v14_232.npz
cox_only_N2000_K100_H200_nominal_t0p3,,T020,19,2000,100,200,raw/v14_232.npz
cox_only_N2000_K100_H200_nominal_t0p3,,T021,20,2000,100,200,raw/v14_232.npz
cox_only_N2000_K100_H200_nominal_t0p3,,T022,21,2000,100,200,raw/v14_232.npz
cox_only_N2000_K100_H200_nominal_t0p3,,T023,22,2000,100,200,raw/v14_232.npz
cox_only_N2000_K100_H200_nominal_t0p3,,T024,23,2000,100,200,raw/v14_232.npz
cox_only_N2000_K100_H200_nominal_t0p3,,T025,24,2000,100,200,raw/v14_232.npz
cox_only_N2000_K100_H200_nominal_t0p3,,T026,25,2000,100,200,raw/v14_232.npz
cox_only_N2000_K100_H200_nominal_t0p3,,T027,26,2000,100,200,raw/v14_232.npz
cox_only_N2000_K100_H200_nominal_t0p3,,T028,27,2000,100,200,raw/v14_232.npz
cox_only_N2000_K100_H200_nominal_t0p3,,T029,28,2000,100,200,raw/v14_232.npz
cox_only_N2000_K100_H200_nominal_t0p3,,T030,29,2000,100,200,raw/v14_232.npz
greedy_analytic_N2000_K100_H200_nominal_t0p1,,T001,0,2000,100,200,raw/v14_233.npz
greedy_analytic_N2000_K100_H200_nominal_t0p1,,T002,1,2000,100,200,raw/v14_233.npz
greedy_analytic_N2000_K100_H200_nominal_t0p1,,T003,2,2000,100,200,raw/v14_233.npz
greedy_analytic_N2000_K100_H200_nominal_t0p1,,T004,3,2000,100,200,raw/v14_233.npz
greedy_analytic_N2000_K100_H200_nominal_t0p1,,T005,4,2000,100,200,raw/v14_233.npz
greedy_analytic_N2000_K100_H200_nominal_t0p1,,T006,5,2000,100,200,raw/v14_233.npz
greedy_analytic_N2000_K100_H200_nominal_t0p1,,T007,6,2000,100,200,raw/v14_233.npz
greedy_analytic_N2000_K100_H200_nominal_t0p1,,T008,7,2000,100,200,raw/v14_233.npz
greedy_analytic_N2000_K100_H200_nominal_t0p1,,T009,8,2000,100,200,raw/v14_233.npz
greedy_analytic_N2000_K100_H200_nominal_t0p1,,T010,9,2000,100,200,raw/v14_233.npz
greedy_analytic_N2000_K100_H200_nominal_t0p1,,T011,10,2000,100,200,raw/v14_233.npz
greedy_analytic_N2000_K100_H200_nominal_t0p1,,T012,11,2000,100,200,raw/v14_233.npz
greedy_analytic_N2000_K100_H200_nominal_t0p1,,T013,12,2000,100,200,raw/v14_233.npz
greedy_analytic_N2000_K100_H200_nominal_t0p1,,T014,13,2000,100,200,raw/v14_233.npz
greedy_analytic_N2000_K100_H200_nominal_t0p1,,T015,14,2000,100,200,raw/v14_233.npz
greedy_analytic_N2000_K100_H200_nominal_t0p1,,T016,15,2000,100,200,raw/v14_233.npz
greedy_analytic_N2000_K100_H200_nominal_t0p1,,T017,16,2000,100,200,raw/v14_233.npz
greedy_analytic_N2000_K100_H200_nominal_t0p1,,T018,17,2000,100,200,raw/v14_233.npz
greedy_analytic_N2000_K100_H200_nominal_t0p1,,T019,18,2000,100,200,raw/v14_233.npz
greedy_analytic_N2000_K100_H200_nominal_t0p1,,T020,19,2000,100,200,raw/v14_233.npz
greedy_analytic_N2000_K100_H200_nominal_t0p1,,T021,20,2000,100,200,raw/v14_233.npz
greedy_analytic_N2000_K100_H200_nominal_t0p1,,T022,21,2000,100,200,raw/v14_233.npz
greedy_analytic_N2000_K100_H200_nominal_t0p1,,T023,22,2000,100,200,raw/v14_233.npz
greedy_analytic_N2000_K100_H200_nominal_t0p1,,T024,23,2000,100,200,raw/v14_233.npz
greedy_analytic_N2000_K100_H200_nominal_t0p1,,T025,24,2000,100,200,raw/v14_233.npz
greedy_analytic_N2000_K100_H200_nominal_t0p1,,T026,25,2000,100,200,raw/v14_233.npz
greedy_analytic_N2000_K100_H200_nominal_t0p1,,T027,26,2000,100,200,raw/v14_233.npz
greedy_analytic_N2000_K100_H200_nominal_t0p1,,T028,27,2000,100,200,raw/v14_233.npz
greedy_analytic_N2000_K100_H200_nominal_t0p1,,T029,28,2000,100,200,raw/v14_233.npz
greedy_analytic_N2000_K100_H200_nominal_t0p1,,T030,29,2000,100,200,raw/v14_233.npz
greedy_analytic_N2000_K100_H200_nominal_t0p2,,T001,0,2000,100,200,raw/v14_234.npz
greedy_analytic_N2000_K100_H200_nominal_t0p2,,T002,1,2000,100,200,raw/v14_234.npz
greedy_analytic_N2000_K100_H200_nominal_t0p2,,T003,2,2000,100,200,raw/v14_234.npz
greedy_analytic_N2000_K100_H200_nominal_t0p2,,T004,3,2000,100,200,raw/v14_234.npz
greedy_analytic_N2000_K100_H200_nominal_t0p2,,T005,4,2000,100,200,raw/v14_234.npz
greedy_analytic_N2000_K100_H200_nominal_t0p2,,T006,5,2000,100,200,raw/v14_234.npz
greedy_analytic_N2000_K100_H200_nominal_t0p2,,T007,6,2000,100,200,raw/v14_234.npz
greedy_analytic_N2000_K100_H200_nominal_t0p2,,T008,7,2000,100,200,raw/v14_234.npz
greedy_analytic_N2000_K100_H200_nominal_t0p2,,T009,8,2000,100,200,raw/v14_234.npz
greedy_analytic_N2000_K100_H200_nominal_t0p2,,T010,9,2000,100,200,raw/v14_234.npz
greedy_analytic_N2000_K100_H200_nominal_t0p2,,T011,10,2000,100,200,raw/v14_234.npz
greedy_analytic_N2000_K100_H200_nominal_t0p2,,T012,11,2000,100,200,raw/v14_234.npz
greedy_analytic_N2000_K100_H200_nominal_t0p2,,T013,12,2000,100,200,raw/v14_234.npz
greedy_analytic_N2000_K100_H200_nominal_t0p2,,T014,13,2000,100,200,raw/v14_234.npz
greedy_analytic_N2000_K100_H200_nominal_t0p2,,T015,14,2000,100,200,raw/v14_234.npz
greedy_analytic_N2000_K100_H200_nominal_t0p2,,T016,15,2000,100,200,raw/v14_234.npz
greedy_analytic_N2000_K100_H200_nominal_t0p2,,T017,16,2000,100,200,raw/v14_234.npz
greedy_analytic_N2000_K100_H200_nominal_t0p2,,T018,17,2000,100,200,raw/v14_234.npz
greedy_analytic_N2000_K100_H200_nominal_t0p2,,T019,18,2000,100,200,raw/v14_234.npz
greedy_analytic_N2000_K100_H200_nominal_t0p2,,T020,19,2000,100,200,raw/v14_234.npz
greedy_analytic_N2000_K100_H200_nominal_t0p2,,T021,20,2000,100,200,raw/v14_234.npz
greedy_analytic_N2000_K100_H200_nominal_t0p2,,T022,21,2000,100,200,raw/v14_234.npz
greedy_analytic_N2000_K100_H200_nominal_t0p2,,T023,22,2000,100,200,raw/v14_234.npz
greedy_analytic_N2000_K100_H200_nominal_t0p2,,T024,23,2000,100,200,raw/v14_234.npz
greedy_analytic_N2000_K100_H200_nominal_t0p2,,T025,24,2000,100,200,raw/v14_234.npz
greedy_analytic_N2000_K100_H200_nominal_t0p2,,T026,25,2000,100,200,raw/v14_234.npz
greedy_analytic_N2000_K100_H200_nominal_t0p2,,T027,26,2000,100,200,raw/v14_234.npz
greedy_analytic_N2000_K100_H200_nominal_t0p2,,T028,27,2000,100,200,raw/v14_234.npz
greedy_analytic_N2000_K100_H200_nominal_t0p2,,T029,28,2000,100,200,raw/v14_234.npz
greedy_analytic_N2000_K100_H200_nominal_t0p2,,T030,29,2000,100,200,raw/v14_234.npz
greedy_analytic_N2000_K100_H200_nominal_t0p3,,T001,0,2000,100,200,raw/v14_235.npz
greedy_analytic_N2000_K100_H200_nominal_t0p3,,T002,1,2000,100,200,raw/v14_235.npz
greedy_analytic_N2000_K100_H200_nominal_t0p3,,T003,2,2000,100,200,raw/v14_235.npz
greedy_analytic_N2000_K100_H200_nominal_t0p3,,T004,3,2000,100,200,raw/v14_235.npz
greedy_analytic_N2000_K100_H200_nominal_t0p3,,T005,4,2000,100,200,raw/v14_235.npz
greedy_analytic_N2000_K100_H200_nominal_t0p3,,T006,5,2000,100,200,raw/v14_235.npz
greedy_analytic_N2000_K100_H200_nominal_t0p3,,T007,6,2000,100,200,raw/v14_235.npz
greedy_analytic_N2000_K100_H200_nominal_t0p3,,T008,7,2000,100,200,raw/v14_235.npz
greedy_analytic_N2000_K100_H200_nominal_t0p3,,T009,8,2000,100,200,raw/v14_235.npz
greedy_analytic_N2000_K100_H200_nominal_t0p3,,T010,9,2000,100,200,raw/v14_235.npz
greedy_analytic_N2000_K100_H200_nominal_t0p3,,T011,10,2000,100,200,raw/v14_235.npz
greedy_analytic_N2000_K100_H200_nominal_t0p3,,T012,11,2000,100,200,raw/v14_235.npz
greedy_analytic_N2000_K100_H200_nominal_t0p3,,T013,12,2000,100,200,raw/v14_235.npz
greedy_analytic_N2000_K100_H200_nominal_t0p3,,T014,13,2000,100,200,raw/v14_235.npz
greedy_analytic_N2000_K100_H200_nominal_t0p3,,T015,14,2000,100,200,raw/v14_235.npz
greedy_analytic_N2000_K100_H200_nominal_t0p3,,T016,15,2000,100,200,raw/v14_235.npz
greedy_analytic_N2000_K100_H200_nominal_t0p3,,T017,16,2000,100,200,raw/v14_235.npz
greedy_analytic_N2000_K100_H200_nominal_t0p3,,T018,17,2000,100,200,raw/v14_235.npz
greedy_analytic_N2000_K100_H200_nominal_t0p3,,T019,18,2000,100,200,raw/v14_235.npz
greedy_analytic_N2000_K100_H200_nominal_t0p3,,T020,19,2000,100,200,raw/v14_235.npz
greedy_analytic_N2000_K100_H200_nominal_t0p3,,T021,20,2000,100,200,raw/v14_235.npz
greedy_analytic_N2000_K100_H200_nominal_t0p3,,T022,21,2000,100,200,raw/v14_235.npz
greedy_analytic_N2000_K100_H200_nominal_t0p3,,T023,22,2000,100,200,raw/v14_235.npz
greedy_analytic_N2000_K100_H200_nominal_t0p3,,T024,23,2000,100,200,raw/v14_235.npz
greedy_analytic_N2000_K100_H200_nominal_t0p3,,T025,24,2000,100,200,raw/v14_235.npz
greedy_analytic_N2000_K100_H200_nominal_t0p3,,T026,25,2000,100,200,raw/v14_235.npz
greedy_analytic_N2000_K100_H200_nominal_t0p3,,T027,26,2000,100,200,raw/v14_235.npz
greedy_analytic_N2000_K100_H200_nominal_t0p3,,T028,27,2000,100,200,raw/v14_235.npz
greedy_analytic_N2000_K100_H200_nominal_t0p3,,T029,28,2000,100,200,raw/v14_235.npz
greedy_analytic_N2000_K100_H200_nominal_t0p3,,T030,29,2000,100,200,raw/v14_235.npz
full_N2000_K100_H200_w_out_0p5_t0p05,1,T001,0,2000,100,200,raw/v14_236.npz
full_N2000_K100_H200_w_out_0p5_t0p05,1,T002,1,2000,100,200,raw/v14_236.npz
full_N2000_K100_H200_w_out_0p5_t0p05,1,T003,2,2000,100,200,raw/v14_236.npz
full_N2000_K100_H200_w_out_0p5_t0p05,1,T004,3,2000,100,200,raw/v14_236.npz
full_N2000_K100_H200_w_out_0p5_t0p05,1,T005,4,2000,100,200,raw/v14_236.npz
full_N2000_K100_H200_w_out_0p5_t0p05,1,T006,5,2000,100,200,raw/v14_236.npz
full_N2000_K100_H200_w_out_0p5_t0p05,1,T007,6,2000,100,200,raw/v14_236.npz
full_N2000_K100_H200_w_out_0p5_t0p05,1,T008,7,2000,100,200,raw/v14_236.npz
full_N2000_K100_H200_w_out_0p5_t0p05,1,T009,8,2000,100,200,raw/v14_236.npz
full_N2000_K100_H200_w_out_0p5_t0p05,1,T010,9,2000,100,200,raw/v14_236.npz
full_N2000_K100_H200_w_out_0p5_t0p05,1,T011,10,2000,100,200,raw/v14_236.npz
full_N2000_K100_H200_w_out_0p5_t0p05,1,T012,11,2000,100,200,raw/v14_236.npz
full_N2000_K100_H200_w_out_0p5_t0p05,1,T013,12,2000,100,200,raw/v14_236.npz
full_N2000_K100_H200_w_out_0p5_t0p05,1,T014,13,2000,100,200,raw/v14_236.npz
full_N2000_K100_H200_w_out_0p5_t0p05,1,T015,14,2000,100,200,raw/v14_236.npz
full_N2000_K100_H200_w_out_0p5_t0p05,1,T016,15,2000,100,200,raw/v14_236.npz
full_N2000_K100_H200_w_out_0p5_t0p05,1,T017,16,2000,100,200,raw/v14_236.npz
full_N2000_K100_H200_w_out_0p5_t0p05,1,T018,17,2000,100,200,raw/v14_236.npz
full_N2000_K100_H200_w_out_0p5_t0p05,1,T019,18,2000,100,200,raw/v14_236.npz
full_N2000_K100_H200_w_out_0p5_t0p05,1,T020,19,2000,100,200,raw/v14_236.npz
full_N2000_K100_H200_w_out_0p5_t0p05,1,T021,20,2000,100,200,raw/v14_236.npz
full_N2000_K100_H200_w_out_0p5_t0p05,1,T022,21,2000,100,200,raw/v14_236.npz
full_N2000_K100_H200_w_out_0p5_t0p05,1,T023,22,2000,100,200,raw/v14_236.npz
full_N2000_K100_H200_w_out_0p5_t0p05,1,T024,23,2000,100,200,raw/v14_236.npz
full_N2000_K100_H200_w_out_0p5_t0p05,1,T025,24,2000,100,200,raw/v14_236.npz
full_N2000_K100_H200_w_out_0p5_t0p05,1,T026,25,2000,100,200,raw/v14_236.npz
full_N2000_K100_H200_w_out_0p5_t0p05,1,T027,26,2000,100,200,raw/v14_236.npz
full_N2000_K100_H200_w_out_0p5_t0p05,1,T028,27,2000,100,200,raw/v14_236.npz
full_N2000_K100_H200_w_out_0p5_t0p05,1,T029,28,2000,100,200,raw/v14_236.npz
full_N2000_K100_H200_w_out_0p5_t0p05,1,T030,29,2000,100,200,raw/v14_236.npz
full_N2000_K100_H200_w_out_0p5_t0p05,2,T001,0,2000,100,200,raw/v14_237.npz
full_N2000_K100_H200_w_out_0p5_t0p05,2,T002,1,2000,100,200,raw/v14_237.npz
full_N2000_K100_H200_w_out_0p5_t0p05,2,T003,2,2000,100,200,raw/v14_237.npz
full_N2000_K100_H200_w_out_0p5_t0p05,2,T004,3,2000,100,200,raw/v14_237.npz
full_N2000_K100_H200_w_out_0p5_t0p05,2,T005,4,2000,100,200,raw/v14_237.npz
full_N2000_K100_H200_w_out_0p5_t0p05,2,T006,5,2000,100,200,raw/v14_237.npz
full_N2000_K100_H200_w_out_0p5_t0p05,2,T007,6,2000,100,200,raw/v14_237.npz
full_N2000_K100_H200_w_out_0p5_t0p05,2,T008,7,2000,100,200,raw/v14_237.npz
full_N2000_K100_H200_w_out_0p5_t0p05,2,T009,8,2000,100,200,raw/v14_237.npz
full_N2000_K100_H200_w_out_0p5_t0p05,2,T010,9,2000,100,200,raw/v14_237.npz
full_N2000_K100_H200_w_out_0p5_t0p05,2,T011,10,2000,100,200,raw/v14_237.npz
full_N2000_K100_H200_w_out_0p5_t0p05,2,T012,11,2000,100,200,raw/v14_237.npz
full_N2000_K100_H200_w_out_0p5_t0p05,2,T013,12,2000,100,200,raw/v14_237.npz
full_N2000_K100_H200_w_out_0p5_t0p05,2,T014,13,2000,100,200,raw/v14_237.npz
full_N2000_K100_H200_w_out_0p5_t0p05,2,T015,14,2000,100,200,raw/v14_237.npz
full_N2000_K100_H200_w_out_0p5_t0p05,2,T016,15,2000,100,200,raw/v14_237.npz
full_N2000_K100_H200_w_out_0p5_t0p05,2,T017,16,2000,100,200,raw/v14_237.npz
full_N2000_K100_H200_w_out_0p5_t0p05,2,T018,17,2000,100,200,raw/v14_237.npz
full_N2000_K100_H200_w_out_0p5_t0p05,2,T019,18,2000,100,200,raw/v14_237.npz
full_N2000_K100_H200_w_out_0p5_t0p05,2,T020,19,2000,100,200,raw/v14_237.npz
full_N2000_K100_H200_w_out_0p5_t0p05,2,T021,20,2000,100,200,raw/v14_237.npz
full_N2000_K100_H200_w_out_0p5_t0p05,2,T022,21,2000,100,200,raw/v14_237.npz
full_N2000_K100_H200_w_out_0p5_t0p05,2,T023,22,2000,100,200,raw/v14_237.npz
full_N2000_K100_H200_w_out_0p5_t0p05,2,T024,23,2000,100,200,raw/v14_237.npz
full_N2000_K100_H200_w_out_0p5_t0p05,2,T025,24,2000,100,200,raw/v14_237.npz
full_N2000_K100_H200_w_out_0p5_t0p05,2,T026,25,2000,100,200,raw/v14_237.npz
full_N2000_K100_H200_w_out_0p5_t0p05,2,T027,26,2000,100,200,raw/v14_237.npz
full_N2000_K100_H200_w_out_0p5_t0p05,2,T028,27,2000,100,200,raw/v14_237.npz
full_N2000_K100_H200_w_out_0p5_t0p05,2,T029,28,2000,100,200,raw/v14_237.npz
full_N2000_K100_H200_w_out_0p5_t0p05,2,T030,29,2000,100,200,raw/v14_237.npz
full_N2000_K100_H200_w_out_0p5_t0p05,3,T001,0,2000,100,200,raw/v14_238.npz
full_N2000_K100_H200_w_out_0p5_t0p05,3,T002,1,2000,100,200,raw/v14_238.npz
full_N2000_K100_H200_w_out_0p5_t0p05,3,T003,2,2000,100,200,raw/v14_238.npz
full_N2000_K100_H200_w_out_0p5_t0p05,3,T004,3,2000,100,200,raw/v14_238.npz
full_N2000_K100_H200_w_out_0p5_t0p05,3,T005,4,2000,100,200,raw/v14_238.npz
full_N2000_K100_H200_w_out_0p5_t0p05,3,T006,5,2000,100,200,raw/v14_238.npz
full_N2000_K100_H200_w_out_0p5_t0p05,3,T007,6,2000,100,200,raw/v14_238.npz
full_N2000_K100_H200_w_out_0p5_t0p05,3,T008,7,2000,100,200,raw/v14_238.npz
full_N2000_K100_H200_w_out_0p5_t0p05,3,T009,8,2000,100,200,raw/v14_238.npz
full_N2000_K100_H200_w_out_0p5_t0p05,3,T010,9,2000,100,200,raw/v14_238.npz
full_N2000_K100_H200_w_out_0p5_t0p05,3,T011,10,2000,100,200,raw/v14_238.npz
full_N2000_K100_H200_w_out_0p5_t0p05,3,T012,11,2000,100,200,raw/v14_238.npz
full_N2000_K100_H200_w_out_0p5_t0p05,3,T013,12,2000,100,200,raw/v14_238.npz
full_N2000_K100_H200_w_out_0p5_t0p05,3,T014,13,2000,100,200,raw/v14_238.npz
full_N2000_K100_H200_w_out_0p5_t0p05,3,T015,14,2000,100,200,raw/v14_238.npz
full_N2000_K100_H200_w_out_0p5_t0p05,3,T016,15,2000,100,200,raw/v14_238.npz
full_N2000_K100_H200_w_out_0p5_t0p05,3,T017,16,2000,100,200,raw/v14_238.npz
full_N2000_K100_H200_w_out_0p5_t0p05,3,T018,17,2000,100,200,raw/v14_238.npz
full_N2000_K100_H200_w_out_0p5_t0p05,3,T019,18,2000,100,200,raw/v14_238.npz
full_N2000_K100_H200_w_out_0p5_t0p05,3,T020,19,2000,100,200,raw/v14_238.npz
full_N2000_K100_H200_w_out_0p5_t0p05,3,T021,20,2000,100,200,raw/v14_238.npz
full_N2000_K100_H200_w_out_0p5_t0p05,3,T022,21,2000,100,200,raw/v14_238.npz
full_N2000_K100_H200_w_out_0p5_t0p05,3,T023,22,2000,100,200,raw/v14_238.npz
full_N2000_K100_H200_w_out_0p5_t0p05,3,T024,23,2000,100,200,raw/v14_238.npz
full_N2000_K100_H200_w_out_0p5_t0p05,3,T025,24,2000,100,200,raw/v14_238.npz
full_N2000_K100_H200_w_out_0p5_t0p05,3,T026,25,2000,100,200,raw/v14_238.npz
full_N2000_K100_H200_w_out_0p5_t0p05,3,T027,26,2000,100,200,raw/v14_238.npz
full_N2000_K100_H200_w_out_0p5_t0p05,3,T028,27,2000,100,200,raw/v14_238.npz
full_N2000_K100_H200_w_out_0p5_t0p05,3,T029,28,2000,100,200,raw/v14_238.npz
full_N2000_K100_H200_w_out_0p5_t0p05,3,T030,29,2000,100,200,raw/v14_238.npz
full_N2000_K100_H200_w_out_0p5_t0p05,4,T001,0,2000,100,200,raw/v14_239.npz
full_N2000_K100_H200_w_out_0p5_t0p05,4,T002,1,2000,100,200,raw/v14_239.npz
full_N2000_K100_H200_w_out_0p5_t0p05,4,T003,2,2000,100,200,raw/v14_239.npz
full_N2000_K100_H200_w_out_0p5_t0p05,4,T004,3,2000,100,200,raw/v14_239.npz
full_N2000_K100_H200_w_out_0p5_t0p05,4,T005,4,2000,100,200,raw/v14_239.npz
full_N2000_K100_H200_w_out_0p5_t0p05,4,T006,5,2000,100,200,raw/v14_239.npz
full_N2000_K100_H200_w_out_0p5_t0p05,4,T007,6,2000,100,200,raw/v14_239.npz
full_N2000_K100_H200_w_out_0p5_t0p05,4,T008,7,2000,100,200,raw/v14_239.npz
full_N2000_K100_H200_w_out_0p5_t0p05,4,T009,8,2000,100,200,raw/v14_239.npz
full_N2000_K100_H200_w_out_0p5_t0p05,4,T010,9,2000,100,200,raw/v14_239.npz
full_N2000_K100_H200_w_out_0p5_t0p05,4,T011,10,2000,100,200,raw/v14_239.npz
full_N2000_K100_H200_w_out_0p5_t0p05,4,T012,11,2000,100,200,raw/v14_239.npz
full_N2000_K100_H200_w_out_0p5_t0p05,4,T013,12,2000,100,200,raw/v14_239.npz
full_N2000_K100_H200_w_out_0p5_t0p05,4,T014,13,2000,100,200,raw/v14_239.npz
full_N2000_K100_H200_w_out_0p5_t0p05,4,T015,14,2000,100,200,raw/v14_239.npz
full_N2000_K100_H200_w_out_0p5_t0p05,4,T016,15,2000,100,200,raw/v14_239.npz
full_N2000_K100_H200_w_out_0p5_t0p05,4,T017,16,2000,100,200,raw/v14_239.npz
full_N2000_K100_H200_w_out_0p5_t0p05,4,T018,17,2000,100,200,raw/v14_239.npz
full_N2000_K100_H200_w_out_0p5_t0p05,4,T019,18,2000,100,200,raw/v14_239.npz
full_N2000_K100_H200_w_out_0p5_t0p05,4,T020,19,2000,100,200,raw/v14_239.npz
full_N2000_K100_H200_w_out_0p5_t0p05,4,T021,20,2000,100,200,raw/v14_239.npz
full_N2000_K100_H200_w_out_0p5_t0p05,4,T022,21,2000,100,200,raw/v14_239.npz
full_N2000_K100_H200_w_out_0p5_t0p05,4,T023,22,2000,100,200,raw/v14_239.npz
full_N2000_K100_H200_w_out_0p5_t0p05,4,T024,23,2000,100,200,raw/v14_239.npz
full_N2000_K100_H200_w_out_0p5_t0p05,4,T025,24,2000,100,200,raw/v14_239.npz
full_N2000_K100_H200_w_out_0p5_t0p05,4,T026,25,2000,100,200,raw/v14_239.npz
full_N2000_K100_H200_w_out_0p5_t0p05,4,T027,26,2000,100,200,raw/v14_239.npz
full_N2000_K100_H200_w_out_0p5_t0p05,4,T028,27,2000,100,200,raw/v14_239.npz
full_N2000_K100_H200_w_out_0p5_t0p05,4,T029,28,2000,100,200,raw/v14_239.npz
full_N2000_K100_H200_w_out_0p5_t0p05,4,T030,29,2000,100,200,raw/v14_239.npz
full_N2000_K100_H200_w_out_0p5_t0p05,5,T001,0,2000,100,200,raw/v14_240.npz
full_N2000_K100_H200_w_out_0p5_t0p05,5,T002,1,2000,100,200,raw/v14_240.npz
full_N2000_K100_H200_w_out_0p5_t0p05,5,T003,2,2000,100,200,raw/v14_240.npz
full_N2000_K100_H200_w_out_0p5_t0p05,5,T004,3,2000,100,200,raw/v14_240.npz
full_N2000_K100_H200_w_out_0p5_t0p05,5,T005,4,2000,100,200,raw/v14_240.npz
full_N2000_K100_H200_w_out_0p5_t0p05,5,T006,5,2000,100,200,raw/v14_240.npz
full_N2000_K100_H200_w_out_0p5_t0p05,5,T007,6,2000,100,200,raw/v14_240.npz
full_N2000_K100_H200_w_out_0p5_t0p05,5,T008,7,2000,100,200,raw/v14_240.npz
full_N2000_K100_H200_w_out_0p5_t0p05,5,T009,8,2000,100,200,raw/v14_240.npz
full_N2000_K100_H200_w_out_0p5_t0p05,5,T010,9,2000,100,200,raw/v14_240.npz
full_N2000_K100_H200_w_out_0p5_t0p05,5,T011,10,2000,100,200,raw/v14_240.npz
full_N2000_K100_H200_w_out_0p5_t0p05,5,T012,11,2000,100,200,raw/v14_240.npz
full_N2000_K100_H200_w_out_0p5_t0p05,5,T013,12,2000,100,200,raw/v14_240.npz
full_N2000_K100_H200_w_out_0p5_t0p05,5,T014,13,2000,100,200,raw/v14_240.npz
full_N2000_K100_H200_w_out_0p5_t0p05,5,T015,14,2000,100,200,raw/v14_240.npz
full_N2000_K100_H200_w_out_0p5_t0p05,5,T016,15,2000,100,200,raw/v14_240.npz
full_N2000_K100_H200_w_out_0p5_t0p05,5,T017,16,2000,100,200,raw/v14_240.npz
full_N2000_K100_H200_w_out_0p5_t0p05,5,T018,17,2000,100,200,raw/v14_240.npz
full_N2000_K100_H200_w_out_0p5_t0p05,5,T019,18,2000,100,200,raw/v14_240.npz
full_N2000_K100_H200_w_out_0p5_t0p05,5,T020,19,2000,100,200,raw/v14_240.npz
full_N2000_K100_H200_w_out_0p5_t0p05,5,T021,20,2000,100,200,raw/v14_240.npz
full_N2000_K100_H200_w_out_0p5_t0p05,5,T022,21,2000,100,200,raw/v14_240.npz
full_N2000_K100_H200_w_out_0p5_t0p05,5,T023,22,2000,100,200,raw/v14_240.npz
full_N2000_K100_H200_w_out_0p5_t0p05,5,T024,23,2000,100,200,raw/v14_240.npz
full_N2000_K100_H200_w_out_0p5_t0p05,5,T025,24,2000,100,200,raw/v14_240.npz
full_N2000_K100_H200_w_out_0p5_t0p05,5,T026,25,2000,100,200,raw/v14_240.npz
full_N2000_K100_H200_w_out_0p5_t0p05,5,T027,26,2000,100,200,raw/v14_240.npz
full_N2000_K100_H200_w_out_0p5_t0p05,5,T028,27,2000,100,200,raw/v14_240.npz
full_N2000_K100_H200_w_out_0p5_t0p05,5,T029,28,2000,100,200,raw/v14_240.npz
full_N2000_K100_H200_w_out_0p5_t0p05,5,T030,29,2000,100,200,raw/v14_240.npz
full_N2000_K100_H200_w_out_0p75_t0p05,1,T001,0,2000,100,200,raw/v14_241.npz
full_N2000_K100_H200_w_out_0p75_t0p05,1,T002,1,2000,100,200,raw/v14_241.npz
full_N2000_K100_H200_w_out_0p75_t0p05,1,T003,2,2000,100,200,raw/v14_241.npz
full_N2000_K100_H200_w_out_0p75_t0p05,1,T004,3,2000,100,200,raw/v14_241.npz
full_N2000_K100_H200_w_out_0p75_t0p05,1,T005,4,2000,100,200,raw/v14_241.npz
full_N2000_K100_H200_w_out_0p75_t0p05,1,T006,5,2000,100,200,raw/v14_241.npz
full_N2000_K100_H200_w_out_0p75_t0p05,1,T007,6,2000,100,200,raw/v14_241.npz
full_N2000_K100_H200_w_out_0p75_t0p05,1,T008,7,2000,100,200,raw/v14_241.npz
full_N2000_K100_H200_w_out_0p75_t0p05,1,T009,8,2000,100,200,raw/v14_241.npz
full_N2000_K100_H200_w_out_0p75_t0p05,1,T010,9,2000,100,200,raw/v14_241.npz
full_N2000_K100_H200_w_out_0p75_t0p05,1,T011,10,2000,100,200,raw/v14_241.npz
full_N2000_K100_H200_w_out_0p75_t0p05,1,T012,11,2000,100,200,raw/v14_241.npz
full_N2000_K100_H200_w_out_0p75_t0p05,1,T013,12,2000,100,200,raw/v14_241.npz
full_N2000_K100_H200_w_out_0p75_t0p05,1,T014,13,2000,100,200,raw/v14_241.npz
full_N2000_K100_H200_w_out_0p75_t0p05,1,T015,14,2000,100,200,raw/v14_241.npz
full_N2000_K100_H200_w_out_0p75_t0p05,1,T016,15,2000,100,200,raw/v14_241.npz
full_N2000_K100_H200_w_out_0p75_t0p05,1,T017,16,2000,100,200,raw/v14_241.npz
full_N2000_K100_H200_w_out_0p75_t0p05,1,T018,17,2000,100,200,raw/v14_241.npz
full_N2000_K100_H200_w_out_0p75_t0p05,1,T019,18,2000,100,200,raw/v14_241.npz
full_N2000_K100_H200_w_out_0p75_t0p05,1,T020,19,2000,100,200,raw/v14_241.npz
full_N2000_K100_H200_w_out_0p75_t0p05,1,T021,20,2000,100,200,raw/v14_241.npz
full_N2000_K100_H200_w_out_0p75_t0p05,1,T022,21,2000,100,200,raw/v14_241.npz
full_N2000_K100_H200_w_out_0p75_t0p05,1,T023,22,2000,100,200,raw/v14_241.npz
full_N2000_K100_H200_w_out_0p75_t0p05,1,T024,23,2000,100,200,raw/v14_241.npz
full_N2000_K100_H200_w_out_0p75_t0p05,1,T025,24,2000,100,200,raw/v14_241.npz
full_N2000_K100_H200_w_out_0p75_t0p05,1,T026,25,2000,100,200,raw/v14_241.npz
full_N2000_K100_H200_w_out_0p75_t0p05,1,T027,26,2000,100,200,raw/v14_241.npz
full_N2000_K100_H200_w_out_0p75_t0p05,1,T028,27,2000,100,200,raw/v14_241.npz
full_N2000_K100_H200_w_out_0p75_t0p05,1,T029,28,2000,100,200,raw/v14_241.npz
full_N2000_K100_H200_w_out_0p75_t0p05,1,T030,29,2000,100,200,raw/v14_241.npz
full_N2000_K100_H200_w_out_0p75_t0p05,2,T001,0,2000,100,200,raw/v14_242.npz
full_N2000_K100_H200_w_out_0p75_t0p05,2,T002,1,2000,100,200,raw/v14_242.npz
full_N2000_K100_H200_w_out_0p75_t0p05,2,T003,2,2000,100,200,raw/v14_242.npz
full_N2000_K100_H200_w_out_0p75_t0p05,2,T004,3,2000,100,200,raw/v14_242.npz
full_N2000_K100_H200_w_out_0p75_t0p05,2,T005,4,2000,100,200,raw/v14_242.npz
full_N2000_K100_H200_w_out_0p75_t0p05,2,T006,5,2000,100,200,raw/v14_242.npz
full_N2000_K100_H200_w_out_0p75_t0p05,2,T007,6,2000,100,200,raw/v14_242.npz
full_N2000_K100_H200_w_out_0p75_t0p05,2,T008,7,2000,100,200,raw/v14_242.npz
full_N2000_K100_H200_w_out_0p75_t0p05,2,T009,8,2000,100,200,raw/v14_242.npz
full_N2000_K100_H200_w_out_0p75_t0p05,2,T010,9,2000,100,200,raw/v14_242.npz
full_N2000_K100_H200_w_out_0p75_t0p05,2,T011,10,2000,100,200,raw/v14_242.npz
full_N2000_K100_H200_w_out_0p75_t0p05,2,T012,11,2000,100,200,raw/v14_242.npz
full_N2000_K100_H200_w_out_0p75_t0p05,2,T013,12,2000,100,200,raw/v14_242.npz
full_N2000_K100_H200_w_out_0p75_t0p05,2,T014,13,2000,100,200,raw/v14_242.npz
full_N2000_K100_H200_w_out_0p75_t0p05,2,T015,14,2000,100,200,raw/v14_242.npz
full_N2000_K100_H200_w_out_0p75_t0p05,2,T016,15,2000,100,200,raw/v14_242.npz
full_N2000_K100_H200_w_out_0p75_t0p05,2,T017,16,2000,100,200,raw/v14_242.npz
full_N2000_K100_H200_w_out_0p75_t0p05,2,T018,17,2000,100,200,raw/v14_242.npz
full_N2000_K100_H200_w_out_0p75_t0p05,2,T019,18,2000,100,200,raw/v14_242.npz
full_N2000_K100_H200_w_out_0p75_t0p05,2,T020,19,2000,100,200,raw/v14_242.npz
full_N2000_K100_H200_w_out_0p75_t0p05,2,T021,20,2000,100,200,raw/v14_242.npz
full_N2000_K100_H200_w_out_0p75_t0p05,2,T022,21,2000,100,200,raw/v14_242.npz
full_N2000_K100_H200_w_out_0p75_t0p05,2,T023,22,2000,100,200,raw/v14_242.npz
full_N2000_K100_H200_w_out_0p75_t0p05,2,T024,23,2000,100,200,raw/v14_242.npz
full_N2000_K100_H200_w_out_0p75_t0p05,2,T025,24,2000,100,200,raw/v14_242.npz
full_N2000_K100_H200_w_out_0p75_t0p05,2,T026,25,2000,100,200,raw/v14_242.npz
full_N2000_K100_H200_w_out_0p75_t0p05,2,T027,26,2000,100,200,raw/v14_242.npz
full_N2000_K100_H200_w_out_0p75_t0p05,2,T028,27,2000,100,200,raw/v14_242.npz
full_N2000_K100_H200_w_out_0p75_t0p05,2,T029,28,2000,100,200,raw/v14_242.npz
full_N2000_K100_H200_w_out_0p75_t0p05,2,T030,29,2000,100,200,raw/v14_242.npz
full_N2000_K100_H200_w_out_0p75_t0p05,3,T001,0,2000,100,200,raw/v14_243.npz
full_N2000_K100_H200_w_out_0p75_t0p05,3,T002,1,2000,100,200,raw/v14_243.npz
full_N2000_K100_H200_w_out_0p75_t0p05,3,T003,2,2000,100,200,raw/v14_243.npz
full_N2000_K100_H200_w_out_0p75_t0p05,3,T004,3,2000,100,200,raw/v14_243.npz
full_N2000_K100_H200_w_out_0p75_t0p05,3,T005,4,2000,100,200,raw/v14_243.npz
full_N2000_K100_H200_w_out_0p75_t0p05,3,T006,5,2000,100,200,raw/v14_243.npz
full_N2000_K100_H200_w_out_0p75_t0p05,3,T007,6,2000,100,200,raw/v14_243.npz
full_N2000_K100_H200_w_out_0p75_t0p05,3,T008,7,2000,100,200,raw/v14_243.npz
full_N2000_K100_H200_w_out_0p75_t0p05,3,T009,8,2000,100,200,raw/v14_243.npz
full_N2000_K100_H200_w_out_0p75_t0p05,3,T010,9,2000,100,200,raw/v14_243.npz
full_N2000_K100_H200_w_out_0p75_t0p05,3,T011,10,2000,100,200,raw/v14_243.npz
full_N2000_K100_H200_w_out_0p75_t0p05,3,T012,11,2000,100,200,raw/v14_243.npz
full_N2000_K100_H200_w_out_0p75_t0p05,3,T013,12,2000,100,200,raw/v14_243.npz
full_N2000_K100_H200_w_out_0p75_t0p05,3,T014,13,2000,100,200,raw/v14_243.npz
full_N2000_K100_H200_w_out_0p75_t0p05,3,T015,14,2000,100,200,raw/v14_243.npz
full_N2000_K100_H200_w_out_0p75_t0p05,3,T016,15,2000,100,200,raw/v14_243.npz
full_N2000_K100_H200_w_out_0p75_t0p05,3,T017,16,2000,100,200,raw/v14_243.npz
full_N2000_K100_H200_w_out_0p75_t0p05,3,T018,17,2000,100,200,raw/v14_243.npz
full_N2000_K100_H200_w_out_0p75_t0p05,3,T019,18,2000,100,200,raw/v14_243.npz
full_N2000_K100_H200_w_out_0p75_t0p05,3,T020,19,2000,100,200,raw/v14_243.npz
full_N2000_K100_H200_w_out_0p75_t0p05,3,T021,20,2000,100,200,raw/v14_243.npz
full_N2000_K100_H200_w_out_0p75_t0p05,3,T022,21,2000,100,200,raw/v14_243.npz
full_N2000_K100_H200_w_out_0p75_t0p05,3,T023,22,2000,100,200,raw/v14_243.npz
full_N2000_K100_H200_w_out_0p75_t0p05,3,T024,23,2000,100,200,raw/v14_243.npz
full_N2000_K100_H200_w_out_0p75_t0p05,3,T025,24,2000,100,200,raw/v14_243.npz
full_N2000_K100_H200_w_out_0p75_t0p05,3,T026,25,2000,100,200,raw/v14_243.npz
full_N2000_K100_H200_w_out_0p75_t0p05,3,T027,26,2000,100,200,raw/v14_243.npz
full_N2000_K100_H200_w_out_0p75_t0p05,3,T028,27,2000,100,200,raw/v14_243.npz
full_N2000_K100_H200_w_out_0p75_t0p05,3,T029,28,2000,100,200,raw/v14_243.npz
full_N2000_K100_H200_w_out_0p75_t0p05,3,T030,29,2000,100,200,raw/v14_243.npz
full_N2000_K100_H200_w_out_0p75_t0p05,4,T001,0,2000,100,200,raw/v14_244.npz
full_N2000_K100_H200_w_out_0p75_t0p05,4,T002,1,2000,100,200,raw/v14_244.npz
full_N2000_K100_H200_w_out_0p75_t0p05,4,T003,2,2000,100,200,raw/v14_244.npz
full_N2000_K100_H200_w_out_0p75_t0p05,4,T004,3,2000,100,200,raw/v14_244.npz
full_N2000_K100_H200_w_out_0p75_t0p05,4,T005,4,2000,100,200,raw/v14_244.npz
full_N2000_K100_H200_w_out_0p75_t0p05,4,T006,5,2000,100,200,raw/v14_244.npz
full_N2000_K100_H200_w_out_0p75_t0p05,4,T007,6,2000,100,200,raw/v14_244.npz
full_N2000_K100_H200_w_out_0p75_t0p05,4,T008,7,2000,100,200,raw/v14_244.npz
full_N2000_K100_H200_w_out_0p75_t0p05,4,T009,8,2000,100,200,raw/v14_244.npz
full_N2000_K100_H200_w_out_0p75_t0p05,4,T010,9,2000,100,200,raw/v14_244.npz
full_N2000_K100_H200_w_out_0p75_t0p05,4,T011,10,2000,100,200,raw/v14_244.npz
full_N2000_K100_H200_w_out_0p75_t0p05,4,T012,11,2000,100,200,raw/v14_244.npz
full_N2000_K100_H200_w_out_0p75_t0p05,4,T013,12,2000,100,200,raw/v14_244.npz
full_N2000_K100_H200_w_out_0p75_t0p05,4,T014,13,2000,100,200,raw/v14_244.npz
full_N2000_K100_H200_w_out_0p75_t0p05,4,T015,14,2000,100,200,raw/v14_244.npz
full_N2000_K100_H200_w_out_0p75_t0p05,4,T016,15,2000,100,200,raw/v14_244.npz
full_N2000_K100_H200_w_out_0p75_t0p05,4,T017,16,2000,100,200,raw/v14_244.npz
full_N2000_K100_H200_w_out_0p75_t0p05,4,T018,17,2000,100,200,raw/v14_244.npz
full_N2000_K100_H200_w_out_0p75_t0p05,4,T019,18,2000,100,200,raw/v14_244.npz
full_N2000_K100_H200_w_out_0p75_t0p05,4,T020,19,2000,100,200,raw/v14_244.npz
full_N2000_K100_H200_w_out_0p75_t0p05,4,T021,20,2000,100,200,raw/v14_244.npz
full_N2000_K100_H200_w_out_0p75_t0p05,4,T022,21,2000,100,200,raw/v14_244.npz
full_N2000_K100_H200_w_out_0p75_t0p05,4,T023,22,2000,100,200,raw/v14_244.npz
full_N2000_K100_H200_w_out_0p75_t0p05,4,T024,23,2000,100,200,raw/v14_244.npz
full_N2000_K100_H200_w_out_0p75_t0p05,4,T025,24,2000,100,200,raw/v14_244.npz
full_N2000_K100_H200_w_out_0p75_t0p05,4,T026,25,2000,100,200,raw/v14_244.npz
full_N2000_K100_H200_w_out_0p75_t0p05,4,T027,26,2000,100,200,raw/v14_244.npz
full_N2000_K100_H200_w_out_0p75_t0p05,4,T028,27,2000,100,200,raw/v14_244.npz
full_N2000_K100_H200_w_out_0p75_t0p05,4,T029,28,2000,100,200,raw/v14_244.npz
full_N2000_K100_H200_w_out_0p75_t0p05,4,T030,29,2000,100,200,raw/v14_244.npz
full_N2000_K100_H200_w_out_0p75_t0p05,5,T001,0,2000,100,200,raw/v14_245.npz
full_N2000_K100_H200_w_out_0p75_t0p05,5,T002,1,2000,100,200,raw/v14_245.npz
full_N2000_K100_H200_w_out_0p75_t0p05,5,T003,2,2000,100,200,raw/v14_245.npz
full_N2000_K100_H200_w_out_0p75_t0p05,5,T004,3,2000,100,200,raw/v14_245.npz
full_N2000_K100_H200_w_out_0p75_t0p05,5,T005,4,2000,100,200,raw/v14_245.npz
full_N2000_K100_H200_w_out_0p75_t0p05,5,T006,5,2000,100,200,raw/v14_245.npz
full_N2000_K100_H200_w_out_0p75_t0p05,5,T007,6,2000,100,200,raw/v14_245.npz
full_N2000_K100_H200_w_out_0p75_t0p05,5,T008,7,2000,100,200,raw/v14_245.npz
full_N2000_K100_H200_w_out_0p75_t0p05,5,T009,8,2000,100,200,raw/v14_245.npz
full_N2000_K100_H200_w_out_0p75_t0p05,5,T010,9,2000,100,200,raw/v14_245.npz
full_N2000_K100_H200_w_out_0p75_t0p05,5,T011,10,2000,100,200,raw/v14_245.npz
full_N2000_K100_H200_w_out_0p75_t0p05,5,T012,11,2000,100,200,raw/v14_245.npz
full_N2000_K100_H200_w_out_0p75_t0p05,5,T013,12,2000,100,200,raw/v14_245.npz
full_N2000_K100_H200_w_out_0p75_t0p05,5,T014,13,2000,100,200,raw/v14_245.npz
full_N2000_K100_H200_w_out_0p75_t0p05,5,T015,14,2000,100,200,raw/v14_245.npz
full_N2000_K100_H200_w_out_0p75_t0p05,5,T016,15,2000,100,200,raw/v14_245.npz
full_N2000_K100_H200_w_out_0p75_t0p05,5,T017,16,2000,100,200,raw/v14_245.npz
full_N2000_K100_H200_w_out_0p75_t0p05,5,T018,17,2000,100,200,raw/v14_245.npz
full_N2000_K100_H200_w_out_0p75_t0p05,5,T019,18,2000,100,200,raw/v14_245.npz
full_N2000_K100_H200_w_out_0p75_t0p05,5,T020,19,2000,100,200,raw/v14_245.npz
full_N2000_K100_H200_w_out_0p75_t0p05,5,T021,20,2000,100,200,raw/v14_245.npz
full_N2000_K100_H200_w_out_0p75_t0p05,5,T022,21,2000,100,200,raw/v14_245.npz
full_N2000_K100_H200_w_out_0p75_t0p05,5,T023,22,2000,100,200,raw/v14_245.npz
full_N2000_K100_H200_w_out_0p75_t0p05,5,T024,23,2000,100,200,raw/v14_245.npz
full_N2000_K100_H200_w_out_0p75_t0p05,5,T025,24,2000,100,200,raw/v14_245.npz
full_N2000_K100_H200_w_out_0p75_t0p05,5,T026,25,2000,100,200,raw/v14_245.npz
full_N2000_K100_H200_w_out_0p75_t0p05,5,T027,26,2000,100,200,raw/v14_245.npz
full_N2000_K100_H200_w_out_0p75_t0p05,5,T028,27,2000,100,200,raw/v14_245.npz
full_N2000_K100_H200_w_out_0p75_t0p05,5,T029,28,2000,100,200,raw/v14_245.npz
full_N2000_K100_H200_w_out_0p75_t0p05,5,T030,29,2000,100,200,raw/v14_245.npz
full_N2000_K100_H200_w_out_1p25_t0p05,1,T001,0,2000,100,200,raw/v14_246.npz
full_N2000_K100_H200_w_out_1p25_t0p05,1,T002,1,2000,100,200,raw/v14_246.npz
full_N2000_K100_H200_w_out_1p25_t0p05,1,T003,2,2000,100,200,raw/v14_246.npz
full_N2000_K100_H200_w_out_1p25_t0p05,1,T004,3,2000,100,200,raw/v14_246.npz
full_N2000_K100_H200_w_out_1p25_t0p05,1,T005,4,2000,100,200,raw/v14_246.npz
full_N2000_K100_H200_w_out_1p25_t0p05,1,T006,5,2000,100,200,raw/v14_246.npz
full_N2000_K100_H200_w_out_1p25_t0p05,1,T007,6,2000,100,200,raw/v14_246.npz
full_N2000_K100_H200_w_out_1p25_t0p05,1,T008,7,2000,100,200,raw/v14_246.npz
full_N2000_K100_H200_w_out_1p25_t0p05,1,T009,8,2000,100,200,raw/v14_246.npz
full_N2000_K100_H200_w_out_1p25_t0p05,1,T010,9,2000,100,200,raw/v14_246.npz
full_N2000_K100_H200_w_out_1p25_t0p05,1,T011,10,2000,100,200,raw/v14_246.npz
full_N2000_K100_H200_w_out_1p25_t0p05,1,T012,11,2000,100,200,raw/v14_246.npz
full_N2000_K100_H200_w_out_1p25_t0p05,1,T013,12,2000,100,200,raw/v14_246.npz
full_N2000_K100_H200_w_out_1p25_t0p05,1,T014,13,2000,100,200,raw/v14_246.npz
full_N2000_K100_H200_w_out_1p25_t0p05,1,T015,14,2000,100,200,raw/v14_246.npz
full_N2000_K100_H200_w_out_1p25_t0p05,1,T016,15,2000,100,200,raw/v14_246.npz
full_N2000_K100_H200_w_out_1p25_t0p05,1,T017,16,2000,100,200,raw/v14_246.npz
full_N2000_K100_H200_w_out_1p25_t0p05,1,T018,17,2000,100,200,raw/v14_246.npz
full_N2000_K100_H200_w_out_1p25_t0p05,1,T019,18,2000,100,200,raw/v14_246.npz
full_N2000_K100_H200_w_out_1p25_t0p05,1,T020,19,2000,100,200,raw/v14_246.npz
full_N2000_K100_H200_w_out_1p25_t0p05,1,T021,20,2000,100,200,raw/v14_246.npz
full_N2000_K100_H200_w_out_1p25_t0p05,1,T022,21,2000,100,200,raw/v14_246.npz
full_N2000_K100_H200_w_out_1p25_t0p05,1,T023,22,2000,100,200,raw/v14_246.npz
full_N2000_K100_H200_w_out_1p25_t0p05,1,T024,23,2000,100,200,raw/v14_246.npz
full_N2000_K100_H200_w_out_1p25_t0p05,1,T025,24,2000,100,200,raw/v14_246.npz
full_N2000_K100_H200_w_out_1p25_t0p05,1,T026,25,2000,100,200,raw/v14_246.npz
full_N2000_K100_H200_w_out_1p25_t0p05,1,T027,26,2000,100,200,raw/v14_246.npz
full_N2000_K100_H200_w_out_1p25_t0p05,1,T028,27,2000,100,200,raw/v14_246.npz
full_N2000_K100_H200_w_out_1p25_t0p05,1,T029,28,2000,100,200,raw/v14_246.npz
full_N2000_K100_H200_w_out_1p25_t0p05,1,T030,29,2000,100,200,raw/v14_246.npz
full_N2000_K100_H200_w_out_1p25_t0p05,2,T001,0,2000,100,200,raw/v14_247.npz
full_N2000_K100_H200_w_out_1p25_t0p05,2,T002,1,2000,100,200,raw/v14_247.npz
full_N2000_K100_H200_w_out_1p25_t0p05,2,T003,2,2000,100,200,raw/v14_247.npz
full_N2000_K100_H200_w_out_1p25_t0p05,2,T004,3,2000,100,200,raw/v14_247.npz
full_N2000_K100_H200_w_out_1p25_t0p05,2,T005,4,2000,100,200,raw/v14_247.npz
full_N2000_K100_H200_w_out_1p25_t0p05,2,T006,5,2000,100,200,raw/v14_247.npz
full_N2000_K100_H200_w_out_1p25_t0p05,2,T007,6,2000,100,200,raw/v14_247.npz
full_N2000_K100_H200_w_out_1p25_t0p05,2,T008,7,2000,100,200,raw/v14_247.npz
full_N2000_K100_H200_w_out_1p25_t0p05,2,T009,8,2000,100,200,raw/v14_247.npz
full_N2000_K100_H200_w_out_1p25_t0p05,2,T010,9,2000,100,200,raw/v14_247.npz
full_N2000_K100_H200_w_out_1p25_t0p05,2,T011,10,2000,100,200,raw/v14_247.npz
full_N2000_K100_H200_w_out_1p25_t0p05,2,T012,11,2000,100,200,raw/v14_247.npz
full_N2000_K100_H200_w_out_1p25_t0p05,2,T013,12,2000,100,200,raw/v14_247.npz
full_N2000_K100_H200_w_out_1p25_t0p05,2,T014,13,2000,100,200,raw/v14_247.npz
full_N2000_K100_H200_w_out_1p25_t0p05,2,T015,14,2000,100,200,raw/v14_247.npz
full_N2000_K100_H200_w_out_1p25_t0p05,2,T016,15,2000,100,200,raw/v14_247.npz
full_N2000_K100_H200_w_out_1p25_t0p05,2,T017,16,2000,100,200,raw/v14_247.npz
full_N2000_K100_H200_w_out_1p25_t0p05,2,T018,17,2000,100,200,raw/v14_247.npz
full_N2000_K100_H200_w_out_1p25_t0p05,2,T019,18,2000,100,200,raw/v14_247.npz
full_N2000_K100_H200_w_out_1p25_t0p05,2,T020,19,2000,100,200,raw/v14_247.npz
full_N2000_K100_H200_w_out_1p25_t0p05,2,T021,20,2000,100,200,raw/v14_247.npz
full_N2000_K100_H200_w_out_1p25_t0p05,2,T022,21,2000,100,200,raw/v14_247.npz
full_N2000_K100_H200_w_out_1p25_t0p05,2,T023,22,2000,100,200,raw/v14_247.npz
full_N2000_K100_H200_w_out_1p25_t0p05,2,T024,23,2000,100,200,raw/v14_247.npz
full_N2000_K100_H200_w_out_1p25_t0p05,2,T025,24,2000,100,200,raw/v14_247.npz
full_N2000_K100_H200_w_out_1p25_t0p05,2,T026,25,2000,100,200,raw/v14_247.npz
full_N2000_K100_H200_w_out_1p25_t0p05,2,T027,26,2000,100,200,raw/v14_247.npz
full_N2000_K100_H200_w_out_1p25_t0p05,2,T028,27,2000,100,200,raw/v14_247.npz
full_N2000_K100_H200_w_out_1p25_t0p05,2,T029,28,2000,100,200,raw/v14_247.npz
full_N2000_K100_H200_w_out_1p25_t0p05,2,T030,29,2000,100,200,raw/v14_247.npz
full_N2000_K100_H200_w_out_1p25_t0p05,3,T001,0,2000,100,200,raw/v14_248.npz
full_N2000_K100_H200_w_out_1p25_t0p05,3,T002,1,2000,100,200,raw/v14_248.npz
full_N2000_K100_H200_w_out_1p25_t0p05,3,T003,2,2000,100,200,raw/v14_248.npz
full_N2000_K100_H200_w_out_1p25_t0p05,3,T004,3,2000,100,200,raw/v14_248.npz
full_N2000_K100_H200_w_out_1p25_t0p05,3,T005,4,2000,100,200,raw/v14_248.npz
full_N2000_K100_H200_w_out_1p25_t0p05,3,T006,5,2000,100,200,raw/v14_248.npz
full_N2000_K100_H200_w_out_1p25_t0p05,3,T007,6,2000,100,200,raw/v14_248.npz
full_N2000_K100_H200_w_out_1p25_t0p05,3,T008,7,2000,100,200,raw/v14_248.npz
full_N2000_K100_H200_w_out_1p25_t0p05,3,T009,8,2000,100,200,raw/v14_248.npz
full_N2000_K100_H200_w_out_1p25_t0p05,3,T010,9,2000,100,200,raw/v14_248.npz
full_N2000_K100_H200_w_out_1p25_t0p05,3,T011,10,2000,100,200,raw/v14_248.npz
full_N2000_K100_H200_w_out_1p25_t0p05,3,T012,11,2000,100,200,raw/v14_248.npz
full_N2000_K100_H200_w_out_1p25_t0p05,3,T013,12,2000,100,200,raw/v14_248.npz
full_N2000_K100_H200_w_out_1p25_t0p05,3,T014,13,2000,100,200,raw/v14_248.npz
full_N2000_K100_H200_w_out_1p25_t0p05,3,T015,14,2000,100,200,raw/v14_248.npz
full_N2000_K100_H200_w_out_1p25_t0p05,3,T016,15,2000,100,200,raw/v14_248.npz
full_N2000_K100_H200_w_out_1p25_t0p05,3,T017,16,2000,100,200,raw/v14_248.npz
full_N2000_K100_H200_w_out_1p25_t0p05,3,T018,17,2000,100,200,raw/v14_248.npz
full_N2000_K100_H200_w_out_1p25_t0p05,3,T019,18,2000,100,200,raw/v14_248.npz
full_N2000_K100_H200_w_out_1p25_t0p05,3,T020,19,2000,100,200,raw/v14_248.npz
full_N2000_K100_H200_w_out_1p25_t0p05,3,T021,20,2000,100,200,raw/v14_248.npz
full_N2000_K100_H200_w_out_1p25_t0p05,3,T022,21,2000,100,200,raw/v14_248.npz
full_N2000_K100_H200_w_out_1p25_t0p05,3,T023,22,2000,100,200,raw/v14_248.npz
full_N2000_K100_H200_w_out_1p25_t0p05,3,T024,23,2000,100,200,raw/v14_248.npz
full_N2000_K100_H200_w_out_1p25_t0p05,3,T025,24,2000,100,200,raw/v14_248.npz
full_N2000_K100_H200_w_out_1p25_t0p05,3,T026,25,2000,100,200,raw/v14_248.npz
full_N2000_K100_H200_w_out_1p25_t0p05,3,T027,26,2000,100,200,raw/v14_248.npz
full_N2000_K100_H200_w_out_1p25_t0p05,3,T028,27,2000,100,200,raw/v14_248.npz
full_N2000_K100_H200_w_out_1p25_t0p05,3,T029,28,2000,100,200,raw/v14_248.npz
full_N2000_K100_H200_w_out_1p25_t0p05,3,T030,29,2000,100,200,raw/v14_248.npz
full_N2000_K100_H200_w_out_1p25_t0p05,4,T001,0,2000,100,200,raw/v14_249.npz
full_N2000_K100_H200_w_out_1p25_t0p05,4,T002,1,2000,100,200,raw/v14_249.npz
full_N2000_K100_H200_w_out_1p25_t0p05,4,T003,2,2000,100,200,raw/v14_249.npz
full_N2000_K100_H200_w_out_1p25_t0p05,4,T004,3,2000,100,200,raw/v14_249.npz
full_N2000_K100_H200_w_out_1p25_t0p05,4,T005,4,2000,100,200,raw/v14_249.npz
full_N2000_K100_H200_w_out_1p25_t0p05,4,T006,5,2000,100,200,raw/v14_249.npz
full_N2000_K100_H200_w_out_1p25_t0p05,4,T007,6,2000,100,200,raw/v14_249.npz
full_N2000_K100_H200_w_out_1p25_t0p05,4,T008,7,2000,100,200,raw/v14_249.npz
full_N2000_K100_H200_w_out_1p25_t0p05,4,T009,8,2000,100,200,raw/v14_249.npz
full_N2000_K100_H200_w_out_1p25_t0p05,4,T010,9,2000,100,200,raw/v14_249.npz
full_N2000_K100_H200_w_out_1p25_t0p05,4,T011,10,2000,100,200,raw/v14_249.npz
full_N2000_K100_H200_w_out_1p25_t0p05,4,T012,11,2000,100,200,raw/v14_249.npz
full_N2000_K100_H200_w_out_1p25_t0p05,4,T013,12,2000,100,200,raw/v14_249.npz
full_N2000_K100_H200_w_out_1p25_t0p05,4,T014,13,2000,100,200,raw/v14_249.npz
full_N2000_K100_H200_w_out_1p25_t0p05,4,T015,14,2000,100,200,raw/v14_249.npz
full_N2000_K100_H200_w_out_1p25_t0p05,4,T016,15,2000,100,200,raw/v14_249.npz
full_N2000_K100_H200_w_out_1p25_t0p05,4,T017,16,2000,100,200,raw/v14_249.npz
full_N2000_K100_H200_w_out_1p25_t0p05,4,T018,17,2000,100,200,raw/v14_249.npz
full_N2000_K100_H200_w_out_1p25_t0p05,4,T019,18,2000,100,200,raw/v14_249.npz
full_N2000_K100_H200_w_out_1p25_t0p05,4,T020,19,2000,100,200,raw/v14_249.npz
full_N2000_K100_H200_w_out_1p25_t0p05,4,T021,20,2000,100,200,raw/v14_249.npz
full_N2000_K100_H200_w_out_1p25_t0p05,4,T022,21,2000,100,200,raw/v14_249.npz
full_N2000_K100_H200_w_out_1p25_t0p05,4,T023,22,2000,100,200,raw/v14_249.npz
full_N2000_K100_H200_w_out_1p25_t0p05,4,T024,23,2000,100,200,raw/v14_249.npz
full_N2000_K100_H200_w_out_1p25_t0p05,4,T025,24,2000,100,200,raw/v14_249.npz
full_N2000_K100_H200_w_out_1p25_t0p05,4,T026,25,2000,100,200,raw/v14_249.npz
full_N2000_K100_H200_w_out_1p25_t0p05,4,T027,26,2000,100,200,raw/v14_249.npz
full_N2000_K100_H200_w_out_1p25_t0p05,4,T028,27,2000,100,200,raw/v14_249.npz
full_N2000_K100_H200_w_out_1p25_t0p05,4,T029,28,2000,100,200,raw/v14_249.npz
full_N2000_K100_H200_w_out_1p25_t0p05,4,T030,29,2000,100,200,raw/v14_249.npz
full_N2000_K100_H200_w_out_1p25_t0p05,5,T001,0,2000,100,200,raw/v14_250.npz
full_N2000_K100_H200_w_out_1p25_t0p05,5,T002,1,2000,100,200,raw/v14_250.npz
full_N2000_K100_H200_w_out_1p25_t0p05,5,T003,2,2000,100,200,raw/v14_250.npz
full_N2000_K100_H200_w_out_1p25_t0p05,5,T004,3,2000,100,200,raw/v14_250.npz
full_N2000_K100_H200_w_out_1p25_t0p05,5,T005,4,2000,100,200,raw/v14_250.npz
full_N2000_K100_H200_w_out_1p25_t0p05,5,T006,5,2000,100,200,raw/v14_250.npz
full_N2000_K100_H200_w_out_1p25_t0p05,5,T007,6,2000,100,200,raw/v14_250.npz
full_N2000_K100_H200_w_out_1p25_t0p05,5,T008,7,2000,100,200,raw/v14_250.npz
full_N2000_K100_H200_w_out_1p25_t0p05,5,T009,8,2000,100,200,raw/v14_250.npz
full_N2000_K100_H200_w_out_1p25_t0p05,5,T010,9,2000,100,200,raw/v14_250.npz
full_N2000_K100_H200_w_out_1p25_t0p05,5,T011,10,2000,100,200,raw/v14_250.npz
full_N2000_K100_H200_w_out_1p25_t0p05,5,T012,11,2000,100,200,raw/v14_250.npz
full_N2000_K100_H200_w_out_1p25_t0p05,5,T013,12,2000,100,200,raw/v14_250.npz
full_N2000_K100_H200_w_out_1p25_t0p05,5,T014,13,2000,100,200,raw/v14_250.npz
full_N2000_K100_H200_w_out_1p25_t0p05,5,T015,14,2000,100,200,raw/v14_250.npz
full_N2000_K100_H200_w_out_1p25_t0p05,5,T016,15,2000,100,200,raw/v14_250.npz
full_N2000_K100_H200_w_out_1p25_t0p05,5,T017,16,2000,100,200,raw/v14_250.npz
full_N2000_K100_H200_w_out_1p25_t0p05,5,T018,17,2000,100,200,raw/v14_250.npz
full_N2000_K100_H200_w_out_1p25_t0p05,5,T019,18,2000,100,200,raw/v14_250.npz
full_N2000_K100_H200_w_out_1p25_t0p05,5,T020,19,2000,100,200,raw/v14_250.npz
full_N2000_K100_H200_w_out_1p25_t0p05,5,T021,20,2000,100,200,raw/v14_250.npz
full_N2000_K100_H200_w_out_1p25_t0p05,5,T022,21,2000,100,200,raw/v14_250.npz
full_N2000_K100_H200_w_out_1p25_t0p05,5,T023,22,2000,100,200,raw/v14_250.npz
full_N2000_K100_H200_w_out_1p25_t0p05,5,T024,23,2000,100,200,raw/v14_250.npz
full_N2000_K100_H200_w_out_1p25_t0p05,5,T025,24,2000,100,200,raw/v14_250.npz
full_N2000_K100_H200_w_out_1p25_t0p05,5,T026,25,2000,100,200,raw/v14_250.npz
full_N2000_K100_H200_w_out_1p25_t0p05,5,T027,26,2000,100,200,raw/v14_250.npz
full_N2000_K100_H200_w_out_1p25_t0p05,5,T028,27,2000,100,200,raw/v14_250.npz
full_N2000_K100_H200_w_out_1p25_t0p05,5,T029,28,2000,100,200,raw/v14_250.npz
full_N2000_K100_H200_w_out_1p25_t0p05,5,T030,29,2000,100,200,raw/v14_250.npz
full_N2000_K100_H200_w_out_1p5_t0p05,1,T001,0,2000,100,200,raw/v14_251.npz
full_N2000_K100_H200_w_out_1p5_t0p05,1,T002,1,2000,100,200,raw/v14_251.npz
full_N2000_K100_H200_w_out_1p5_t0p05,1,T003,2,2000,100,200,raw/v14_251.npz
full_N2000_K100_H200_w_out_1p5_t0p05,1,T004,3,2000,100,200,raw/v14_251.npz
full_N2000_K100_H200_w_out_1p5_t0p05,1,T005,4,2000,100,200,raw/v14_251.npz
full_N2000_K100_H200_w_out_1p5_t0p05,1,T006,5,2000,100,200,raw/v14_251.npz
full_N2000_K100_H200_w_out_1p5_t0p05,1,T007,6,2000,100,200,raw/v14_251.npz
full_N2000_K100_H200_w_out_1p5_t0p05,1,T008,7,2000,100,200,raw/v14_251.npz
full_N2000_K100_H200_w_out_1p5_t0p05,1,T009,8,2000,100,200,raw/v14_251.npz
full_N2000_K100_H200_w_out_1p5_t0p05,1,T010,9,2000,100,200,raw/v14_251.npz
full_N2000_K100_H200_w_out_1p5_t0p05,1,T011,10,2000,100,200,raw/v14_251.npz
full_N2000_K100_H200_w_out_1p5_t0p05,1,T012,11,2000,100,200,raw/v14_251.npz
full_N2000_K100_H200_w_out_1p5_t0p05,1,T013,12,2000,100,200,raw/v14_251.npz
full_N2000_K100_H200_w_out_1p5_t0p05,1,T014,13,2000,100,200,raw/v14_251.npz
full_N2000_K100_H200_w_out_1p5_t0p05,1,T015,14,2000,100,200,raw/v14_251.npz
full_N2000_K100_H200_w_out_1p5_t0p05,1,T016,15,2000,100,200,raw/v14_251.npz
full_N2000_K100_H200_w_out_1p5_t0p05,1,T017,16,2000,100,200,raw/v14_251.npz
full_N2000_K100_H200_w_out_1p5_t0p05,1,T018,17,2000,100,200,raw/v14_251.npz
full_N2000_K100_H200_w_out_1p5_t0p05,1,T019,18,2000,100,200,raw/v14_251.npz
full_N2000_K100_H200_w_out_1p5_t0p05,1,T020,19,2000,100,200,raw/v14_251.npz
full_N2000_K100_H200_w_out_1p5_t0p05,1,T021,20,2000,100,200,raw/v14_251.npz
full_N2000_K100_H200_w_out_1p5_t0p05,1,T022,21,2000,100,200,raw/v14_251.npz
full_N2000_K100_H200_w_out_1p5_t0p05,1,T023,22,2000,100,200,raw/v14_251.npz
full_N2000_K100_H200_w_out_1p5_t0p05,1,T024,23,2000,100,200,raw/v14_251.npz
full_N2000_K100_H200_w_out_1p5_t0p05,1,T025,24,2000,100,200,raw/v14_251.npz
full_N2000_K100_H200_w_out_1p5_t0p05,1,T026,25,2000,100,200,raw/v14_251.npz
full_N2000_K100_H200_w_out_1p5_t0p05,1,T027,26,2000,100,200,raw/v14_251.npz
full_N2000_K100_H200_w_out_1p5_t0p05,1,T028,27,2000,100,200,raw/v14_251.npz
full_N2000_K100_H200_w_out_1p5_t0p05,1,T029,28,2000,100,200,raw/v14_251.npz
full_N2000_K100_H200_w_out_1p5_t0p05,1,T030,29,2000,100,200,raw/v14_251.npz
full_N2000_K100_H200_w_out_1p5_t0p05,2,T001,0,2000,100,200,raw/v14_252.npz
full_N2000_K100_H200_w_out_1p5_t0p05,2,T002,1,2000,100,200,raw/v14_252.npz
full_N2000_K100_H200_w_out_1p5_t0p05,2,T003,2,2000,100,200,raw/v14_252.npz
full_N2000_K100_H200_w_out_1p5_t0p05,2,T004,3,2000,100,200,raw/v14_252.npz
full_N2000_K100_H200_w_out_1p5_t0p05,2,T005,4,2000,100,200,raw/v14_252.npz
full_N2000_K100_H200_w_out_1p5_t0p05,2,T006,5,2000,100,200,raw/v14_252.npz
full_N2000_K100_H200_w_out_1p5_t0p05,2,T007,6,2000,100,200,raw/v14_252.npz
full_N2000_K100_H200_w_out_1p5_t0p05,2,T008,7,2000,100,200,raw/v14_252.npz
full_N2000_K100_H200_w_out_1p5_t0p05,2,T009,8,2000,100,200,raw/v14_252.npz
full_N2000_K100_H200_w_out_1p5_t0p05,2,T010,9,2000,100,200,raw/v14_252.npz
full_N2000_K100_H200_w_out_1p5_t0p05,2,T011,10,2000,100,200,raw/v14_252.npz
full_N2000_K100_H200_w_out_1p5_t0p05,2,T012,11,2000,100,200,raw/v14_252.npz
full_N2000_K100_H200_w_out_1p5_t0p05,2,T013,12,2000,100,200,raw/v14_252.npz
full_N2000_K100_H200_w_out_1p5_t0p05,2,T014,13,2000,100,200,raw/v14_252.npz
full_N2000_K100_H200_w_out_1p5_t0p05,2,T015,14,2000,100,200,raw/v14_252.npz
full_N2000_K100_H200_w_out_1p5_t0p05,2,T016,15,2000,100,200,raw/v14_252.npz
full_N2000_K100_H200_w_out_1p5_t0p05,2,T017,16,2000,100,200,raw/v14_252.npz
full_N2000_K100_H200_w_out_1p5_t0p05,2,T018,17,2000,100,200,raw/v14_252.npz
full_N2000_K100_H200_w_out_1p5_t0p05,2,T019,18,2000,100,200,raw/v14_252.npz
full_N2000_K100_H200_w_out_1p5_t0p05,2,T020,19,2000,100,200,raw/v14_252.npz
full_N2000_K100_H200_w_out_1p5_t0p05,2,T021,20,2000,100,200,raw/v14_252.npz
full_N2000_K100_H200_w_out_1p5_t0p05,2,T022,21,2000,100,200,raw/v14_252.npz
full_N2000_K100_H200_w_out_1p5_t0p05,2,T023,22,2000,100,200,raw/v14_252.npz
full_N2000_K100_H200_w_out_1p5_t0p05,2,T024,23,2000,100,200,raw/v14_252.npz
full_N2000_K100_H200_w_out_1p5_t0p05,2,T025,24,2000,100,200,raw/v14_252.npz
full_N2000_K100_H200_w_out_1p5_t0p05,2,T026,25,2000,100,200,raw/v14_252.npz
full_N2000_K100_H200_w_out_1p5_t0p05,2,T027,26,2000,100,200,raw/v14_252.npz
full_N2000_K100_H200_w_out_1p5_t0p05,2,T028,27,2000,100,200,raw/v14_252.npz
full_N2000_K100_H200_w_out_1p5_t0p05,2,T029,28,2000,100,200,raw/v14_252.npz
full_N2000_K100_H200_w_out_1p5_t0p05,2,T030,29,2000,100,200,raw/v14_252.npz
full_N2000_K100_H200_w_out_1p5_t0p05,3,T001,0,2000,100,200,raw/v14_253.npz
full_N2000_K100_H200_w_out_1p5_t0p05,3,T002,1,2000,100,200,raw/v14_253.npz
full_N2000_K100_H200_w_out_1p5_t0p05,3,T003,2,2000,100,200,raw/v14_253.npz
full_N2000_K100_H200_w_out_1p5_t0p05,3,T004,3,2000,100,200,raw/v14_253.npz
full_N2000_K100_H200_w_out_1p5_t0p05,3,T005,4,2000,100,200,raw/v14_253.npz
full_N2000_K100_H200_w_out_1p5_t0p05,3,T006,5,2000,100,200,raw/v14_253.npz
full_N2000_K100_H200_w_out_1p5_t0p05,3,T007,6,2000,100,200,raw/v14_253.npz
full_N2000_K100_H200_w_out_1p5_t0p05,3,T008,7,2000,100,200,raw/v14_253.npz
full_N2000_K100_H200_w_out_1p5_t0p05,3,T009,8,2000,100,200,raw/v14_253.npz
full_N2000_K100_H200_w_out_1p5_t0p05,3,T010,9,2000,100,200,raw/v14_253.npz
full_N2000_K100_H200_w_out_1p5_t0p05,3,T011,10,2000,100,200,raw/v14_253.npz
full_N2000_K100_H200_w_out_1p5_t0p05,3,T012,11,2000,100,200,raw/v14_253.npz
full_N2000_K100_H200_w_out_1p5_t0p05,3,T013,12,2000,100,200,raw/v14_253.npz
full_N2000_K100_H200_w_out_1p5_t0p05,3,T014,13,2000,100,200,raw/v14_253.npz
full_N2000_K100_H200_w_out_1p5_t0p05,3,T015,14,2000,100,200,raw/v14_253.npz
full_N2000_K100_H200_w_out_1p5_t0p05,3,T016,15,2000,100,200,raw/v14_253.npz
full_N2000_K100_H200_w_out_1p5_t0p05,3,T017,16,2000,100,200,raw/v14_253.npz
full_N2000_K100_H200_w_out_1p5_t0p05,3,T018,17,2000,100,200,raw/v14_253.npz
full_N2000_K100_H200_w_out_1p5_t0p05,3,T019,18,2000,100,200,raw/v14_253.npz
full_N2000_K100_H200_w_out_1p5_t0p05,3,T020,19,2000,100,200,raw/v14_253.npz
full_N2000_K100_H200_w_out_1p5_t0p05,3,T021,20,2000,100,200,raw/v14_253.npz
full_N2000_K100_H200_w_out_1p5_t0p05,3,T022,21,2000,100,200,raw/v14_253.npz
full_N2000_K100_H200_w_out_1p5_t0p05,3,T023,22,2000,100,200,raw/v14_253.npz
full_N2000_K100_H200_w_out_1p5_t0p05,3,T024,23,2000,100,200,raw/v14_253.npz
full_N2000_K100_H200_w_out_1p5_t0p05,3,T025,24,2000,100,200,raw/v14_253.npz
full_N2000_K100_H200_w_out_1p5_t0p05,3,T026,25,2000,100,200,raw/v14_253.npz
full_N2000_K100_H200_w_out_1p5_t0p05,3,T027,26,2000,100,200,raw/v14_253.npz
full_N2000_K100_H200_w_out_1p5_t0p05,3,T028,27,2000,100,200,raw/v14_253.npz
full_N2000_K100_H200_w_out_1p5_t0p05,3,T029,28,2000,100,200,raw/v14_253.npz
full_N2000_K100_H200_w_out_1p5_t0p05,3,T030,29,2000,100,200,raw/v14_253.npz
full_N2000_K100_H200_w_out_1p5_t0p05,4,T001,0,2000,100,200,raw/v14_254.npz
full_N2000_K100_H200_w_out_1p5_t0p05,4,T002,1,2000,100,200,raw/v14_254.npz
full_N2000_K100_H200_w_out_1p5_t0p05,4,T003,2,2000,100,200,raw/v14_254.npz
full_N2000_K100_H200_w_out_1p5_t0p05,4,T004,3,2000,100,200,raw/v14_254.npz
full_N2000_K100_H200_w_out_1p5_t0p05,4,T005,4,2000,100,200,raw/v14_254.npz
full_N2000_K100_H200_w_out_1p5_t0p05,4,T006,5,2000,100,200,raw/v14_254.npz
full_N2000_K100_H200_w_out_1p5_t0p05,4,T007,6,2000,100,200,raw/v14_254.npz
full_N2000_K100_H200_w_out_1p5_t0p05,4,T008,7,2000,100,200,raw/v14_254.npz
full_N2000_K100_H200_w_out_1p5_t0p05,4,T009,8,2000,100,200,raw/v14_254.npz
full_N2000_K100_H200_w_out_1p5_t0p05,4,T010,9,2000,100,200,raw/v14_254.npz
full_N2000_K100_H200_w_out_1p5_t0p05,4,T011,10,2000,100,200,raw/v14_254.npz
full_N2000_K100_H200_w_out_1p5_t0p05,4,T012,11,2000,100,200,raw/v14_254.npz
full_N2000_K100_H200_w_out_1p5_t0p05,4,T013,12,2000,100,200,raw/v14_254.npz
full_N2000_K100_H200_w_out_1p5_t0p05,4,T014,13,2000,100,200,raw/v14_254.npz
full_N2000_K100_H200_w_out_1p5_t0p05,4,T015,14,2000,100,200,raw/v14_254.npz
full_N2000_K100_H200_w_out_1p5_t0p05,4,T016,15,2000,100,200,raw/v14_254.npz
full_N2000_K100_H200_w_out_1p5_t0p05,4,T017,16,2000,100,200,raw/v14_254.npz
full_N2000_K100_H200_w_out_1p5_t0p05,4,T018,17,2000,100,200,raw/v14_254.npz
full_N2000_K100_H200_w_out_1p5_t0p05,4,T019,18,2000,100,200,raw/v14_254.npz
full_N2000_K100_H200_w_out_1p5_t0p05,4,T020,19,2000,100,200,raw/v14_254.npz
full_N2000_K100_H200_w_out_1p5_t0p05,4,T021,20,2000,100,200,raw/v14_254.npz
full_N2000_K100_H200_w_out_1p5_t0p05,4,T022,21,2000,100,200,raw/v14_254.npz
full_N2000_K100_H200_w_out_1p5_t0p05,4,T023,22,2000,100,200,raw/v14_254.npz
full_N2000_K100_H200_w_out_1p5_t0p05,4,T024,23,2000,100,200,raw/v14_254.npz
full_N2000_K100_H200_w_out_1p5_t0p05,4,T025,24,2000,100,200,raw/v14_254.npz
full_N2000_K100_H200_w_out_1p5_t0p05,4,T026,25,2000,100,200,raw/v14_254.npz
full_N2000_K100_H200_w_out_1p5_t0p05,4,T027,26,2000,100,200,raw/v14_254.npz
full_N2000_K100_H200_w_out_1p5_t0p05,4,T028,27,2000,100,200,raw/v14_254.npz
full_N2000_K100_H200_w_out_1p5_t0p05,4,T029,28,2000,100,200,raw/v14_254.npz
full_N2000_K100_H200_w_out_1p5_t0p05,4,T030,29,2000,100,200,raw/v14_254.npz
full_N2000_K100_H200_w_out_1p5_t0p05,5,T001,0,2000,100,200,raw/v14_255.npz
full_N2000_K100_H200_w_out_1p5_t0p05,5,T002,1,2000,100,200,raw/v14_255.npz
full_N2000_K100_H200_w_out_1p5_t0p05,5,T003,2,2000,100,200,raw/v14_255.npz
full_N2000_K100_H200_w_out_1p5_t0p05,5,T004,3,2000,100,200,raw/v14_255.npz
full_N2000_K100_H200_w_out_1p5_t0p05,5,T005,4,2000,100,200,raw/v14_255.npz
full_N2000_K100_H200_w_out_1p5_t0p05,5,T006,5,2000,100,200,raw/v14_255.npz
full_N2000_K100_H200_w_out_1p5_t0p05,5,T007,6,2000,100,200,raw/v14_255.npz
full_N2000_K100_H200_w_out_1p5_t0p05,5,T008,7,2000,100,200,raw/v14_255.npz
full_N2000_K100_H200_w_out_1p5_t0p05,5,T009,8,2000,100,200,raw/v14_255.npz
full_N2000_K100_H200_w_out_1p5_t0p05,5,T010,9,2000,100,200,raw/v14_255.npz
full_N2000_K100_H200_w_out_1p5_t0p05,5,T011,10,2000,100,200,raw/v14_255.npz
full_N2000_K100_H200_w_out_1p5_t0p05,5,T012,11,2000,100,200,raw/v14_255.npz
full_N2000_K100_H200_w_out_1p5_t0p05,5,T013,12,2000,100,200,raw/v14_255.npz
full_N2000_K100_H200_w_out_1p5_t0p05,5,T014,13,2000,100,200,raw/v14_255.npz
full_N2000_K100_H200_w_out_1p5_t0p05,5,T015,14,2000,100,200,raw/v14_255.npz
full_N2000_K100_H200_w_out_1p5_t0p05,5,T016,15,2000,100,200,raw/v14_255.npz
full_N2000_K100_H200_w_out_1p5_t0p05,5,T017,16,2000,100,200,raw/v14_255.npz
full_N2000_K100_H200_w_out_1p5_t0p05,5,T018,17,2000,100,200,raw/v14_255.npz
full_N2000_K100_H200_w_out_1p5_t0p05,5,T019,18,2000,100,200,raw/v14_255.npz
full_N2000_K100_H200_w_out_1p5_t0p05,5,T020,19,2000,100,200,raw/v14_255.npz
full_N2000_K100_H200_w_out_1p5_t0p05,5,T021,20,2000,100,200,raw/v14_255.npz
full_N2000_K100_H200_w_out_1p5_t0p05,5,T022,21,2000,100,200,raw/v14_255.npz
full_N2000_K100_H200_w_out_1p5_t0p05,5,T023,22,2000,100,200,raw/v14_255.npz
full_N2000_K100_H200_w_out_1p5_t0p05,5,T024,23,2000,100,200,raw/v14_255.npz
full_N2000_K100_H200_w_out_1p5_t0p05,5,T025,24,2000,100,200,raw/v14_255.npz
full_N2000_K100_H200_w_out_1p5_t0p05,5,T026,25,2000,100,200,raw/v14_255.npz
full_N2000_K100_H200_w_out_1p5_t0p05,5,T027,26,2000,100,200,raw/v14_255.npz
full_N2000_K100_H200_w_out_1p5_t0p05,5,T028,27,2000,100,200,raw/v14_255.npz
full_N2000_K100_H200_w_out_1p5_t0p05,5,T029,28,2000,100,200,raw/v14_255.npz
full_N2000_K100_H200_w_out_1p5_t0p05,5,T030,29,2000,100,200,raw/v14_255.npz
full_N2000_K100_H200_w_ho_0p5_t0p05,1,T001,0,2000,100,200,raw/v14_256.npz
full_N2000_K100_H200_w_ho_0p5_t0p05,1,T002,1,2000,100,200,raw/v14_256.npz
full_N2000_K100_H200_w_ho_0p5_t0p05,1,T003,2,2000,100,200,raw/v14_256.npz
full_N2000_K100_H200_w_ho_0p5_t0p05,1,T004,3,2000,100,200,raw/v14_256.npz
full_N2000_K100_H200_w_ho_0p5_t0p05,1,T005,4,2000,100,200,raw/v14_256.npz
full_N2000_K100_H200_w_ho_0p5_t0p05,1,T006,5,2000,100,200,raw/v14_256.npz
full_N2000_K100_H200_w_ho_0p5_t0p05,1,T007,6,2000,100,200,raw/v14_256.npz
full_N2000_K100_H200_w_ho_0p5_t0p05,1,T008,7,2000,100,200,raw/v14_256.npz
full_N2000_K100_H200_w_ho_0p5_t0p05,1,T009,8,2000,100,200,raw/v14_256.npz
full_N2000_K100_H200_w_ho_0p5_t0p05,1,T010,9,2000,100,200,raw/v14_256.npz
full_N2000_K100_H200_w_ho_0p5_t0p05,1,T011,10,2000,100,200,raw/v14_256.npz
full_N2000_K100_H200_w_ho_0p5_t0p05,1,T012,11,2000,100,200,raw/v14_256.npz
full_N2000_K100_H200_w_ho_0p5_t0p05,1,T013,12,2000,100,200,raw/v14_256.npz
full_N2000_K100_H200_w_ho_0p5_t0p05,1,T014,13,2000,100,200,raw/v14_256.npz
full_N2000_K100_H200_w_ho_0p5_t0p05,1,T015,14,2000,100,200,raw/v14_256.npz
full_N2000_K100_H200_w_ho_0p5_t0p05,1,T016,15,2000,100,200,raw/v14_256.npz
full_N2000_K100_H200_w_ho_0p5_t0p05,1,T017,16,2000,100,200,raw/v14_256.npz
full_N2000_K100_H200_w_ho_0p5_t0p05,1,T018,17,2000,100,200,raw/v14_256.npz
full_N2000_K100_H200_w_ho_0p5_t0p05,1,T019,18,2000,100,200,raw/v14_256.npz
full_N2000_K100_H200_w_ho_0p5_t0p05,1,T020,19,2000,100,200,raw/v14_256.npz
full_N2000_K100_H200_w_ho_0p5_t0p05,1,T021,20,2000,100,200,raw/v14_256.npz
full_N2000_K100_H200_w_ho_0p5_t0p05,1,T022,21,2000,100,200,raw/v14_256.npz
full_N2000_K100_H200_w_ho_0p5_t0p05,1,T023,22,2000,100,200,raw/v14_256.npz
full_N2000_K100_H200_w_ho_0p5_t0p05,1,T024,23,2000,100,200,raw/v14_256.npz
full_N2000_K100_H200_w_ho_0p5_t0p05,1,T025,24,2000,100,200,raw/v14_256.npz
full_N2000_K100_H200_w_ho_0p5_t0p05,1,T026,25,2000,100,200,raw/v14_256.npz
full_N2000_K100_H200_w_ho_0p5_t0p05,1,T027,26,2000,100,200,raw/v14_256.npz
full_N2000_K100_H200_w_ho_0p5_t0p05,1,T028,27,2000,100,200,raw/v14_256.npz
full_N2000_K100_H200_w_ho_0p5_t0p05,1,T029,28,2000,100,200,raw/v14_256.npz
full_N2000_K100_H200_w_ho_0p5_t0p05,1,T030,29,2000,100,200,raw/v14_256.npz
full_N2000_K100_H200_w_ho_0p5_t0p05,2,T001,0,2000,100,200,raw/v14_257.npz
full_N2000_K100_H200_w_ho_0p5_t0p05,2,T002,1,2000,100,200,raw/v14_257.npz
full_N2000_K100_H200_w_ho_0p5_t0p05,2,T003,2,2000,100,200,raw/v14_257.npz
full_N2000_K100_H200_w_ho_0p5_t0p05,2,T004,3,2000,100,200,raw/v14_257.npz
full_N2000_K100_H200_w_ho_0p5_t0p05,2,T005,4,2000,100,200,raw/v14_257.npz
full_N2000_K100_H200_w_ho_0p5_t0p05,2,T006,5,2000,100,200,raw/v14_257.npz
full_N2000_K100_H200_w_ho_0p5_t0p05,2,T007,6,2000,100,200,raw/v14_257.npz
full_N2000_K100_H200_w_ho_0p5_t0p05,2,T008,7,2000,100,200,raw/v14_257.npz
full_N2000_K100_H200_w_ho_0p5_t0p05,2,T009,8,2000,100,200,raw/v14_257.npz
full_N2000_K100_H200_w_ho_0p5_t0p05,2,T010,9,2000,100,200,raw/v14_257.npz
full_N2000_K100_H200_w_ho_0p5_t0p05,2,T011,10,2000,100,200,raw/v14_257.npz
full_N2000_K100_H200_w_ho_0p5_t0p05,2,T012,11,2000,100,200,raw/v14_257.npz
full_N2000_K100_H200_w_ho_0p5_t0p05,2,T013,12,2000,100,200,raw/v14_257.npz
full_N2000_K100_H200_w_ho_0p5_t0p05,2,T014,13,2000,100,200,raw/v14_257.npz
full_N2000_K100_H200_w_ho_0p5_t0p05,2,T015,14,2000,100,200,raw/v14_257.npz
full_N2000_K100_H200_w_ho_0p5_t0p05,2,T016,15,2000,100,200,raw/v14_257.npz
full_N2000_K100_H200_w_ho_0p5_t0p05,2,T017,16,2000,100,200,raw/v14_257.npz
full_N2000_K100_H200_w_ho_0p5_t0p05,2,T018,17,2000,100,200,raw/v14_257.npz
full_N2000_K100_H200_w_ho_0p5_t0p05,2,T019,18,2000,100,200,raw/v14_257.npz
full_N2000_K100_H200_w_ho_0p5_t0p05,2,T020,19,2000,100,200,raw/v14_257.npz
full_N2000_K100_H200_w_ho_0p5_t0p05,2,T021,20,2000,100,200,raw/v14_257.npz
full_N2000_K100_H200_w_ho_0p5_t0p05,2,T022,21,2000,100,200,raw/v14_257.npz
full_N2000_K100_H200_w_ho_0p5_t0p05,2,T023,22,2000,100,200,raw/v14_257.npz
full_N2000_K100_H200_w_ho_0p5_t0p05,2,T024,23,2000,100,200,raw/v14_257.npz
full_N2000_K100_H200_w_ho_0p5_t0p05,2,T025,24,2000,100,200,raw/v14_257.npz
full_N2000_K100_H200_w_ho_0p5_t0p05,2,T026,25,2000,100,200,raw/v14_257.npz
full_N2000_K100_H200_w_ho_0p5_t0p05,2,T027,26,2000,100,200,raw/v14_257.npz
full_N2000_K100_H200_w_ho_0p5_t0p05,2,T028,27,2000,100,200,raw/v14_257.npz
full_N2000_K100_H200_w_ho_0p5_t0p05,2,T029,28,2000,100,200,raw/v14_257.npz
full_N2000_K100_H200_w_ho_0p5_t0p05,2,T030,29,2000,100,200,raw/v14_257.npz
full_N2000_K100_H200_w_ho_0p5_t0p05,3,T001,0,2000,100,200,raw/v14_258.npz
full_N2000_K100_H200_w_ho_0p5_t0p05,3,T002,1,2000,100,200,raw/v14_258.npz
full_N2000_K100_H200_w_ho_0p5_t0p05,3,T003,2,2000,100,200,raw/v14_258.npz
full_N2000_K100_H200_w_ho_0p5_t0p05,3,T004,3,2000,100,200,raw/v14_258.npz
full_N2000_K100_H200_w_ho_0p5_t0p05,3,T005,4,2000,100,200,raw/v14_258.npz
full_N2000_K100_H200_w_ho_0p5_t0p05,3,T006,5,2000,100,200,raw/v14_258.npz
full_N2000_K100_H200_w_ho_0p5_t0p05,3,T007,6,2000,100,200,raw/v14_258.npz
full_N2000_K100_H200_w_ho_0p5_t0p05,3,T008,7,2000,100,200,raw/v14_258.npz
full_N2000_K100_H200_w_ho_0p5_t0p05,3,T009,8,2000,100,200,raw/v14_258.npz
full_N2000_K100_H200_w_ho_0p5_t0p05,3,T010,9,2000,100,200,raw/v14_258.npz
full_N2000_K100_H200_w_ho_0p5_t0p05,3,T011,10,2000,100,200,raw/v14_258.npz
full_N2000_K100_H200_w_ho_0p5_t0p05,3,T012,11,2000,100,200,raw/v14_258.npz
full_N2000_K100_H200_w_ho_0p5_t0p05,3,T013,12,2000,100,200,raw/v14_258.npz
full_N2000_K100_H200_w_ho_0p5_t0p05,3,T014,13,2000,100,200,raw/v14_258.npz
full_N2000_K100_H200_w_ho_0p5_t0p05,3,T015,14,2000,100,200,raw/v14_258.npz
full_N2000_K100_H200_w_ho_0p5_t0p05,3,T016,15,2000,100,200,raw/v14_258.npz
full_N2000_K100_H200_w_ho_0p5_t0p05,3,T017,16,2000,100,200,raw/v14_258.npz
full_N2000_K100_H200_w_ho_0p5_t0p05,3,T018,17,2000,100,200,raw/v14_258.npz
full_N2000_K100_H200_w_ho_0p5_t0p05,3,T019,18,2000,100,200,raw/v14_258.npz
full_N2000_K100_H200_w_ho_0p5_t0p05,3,T020,19,2000,100,200,raw/v14_258.npz
full_N2000_K100_H200_w_ho_0p5_t0p05,3,T021,20,2000,100,200,raw/v14_258.npz
full_N2000_K100_H200_w_ho_0p5_t0p05,3,T022,21,2000,100,200,raw/v14_258.npz
full_N2000_K100_H200_w_ho_0p5_t0p05,3,T023,22,2000,100,200,raw/v14_258.npz
full_N2000_K100_H200_w_ho_0p5_t0p05,3,T024,23,2000,100,200,raw/v14_258.npz
full_N2000_K100_H200_w_ho_0p5_t0p05,3,T025,24,2000,100,200,raw/v14_258.npz
full_N2000_K100_H200_w_ho_0p5_t0p05,3,T026,25,2000,100,200,raw/v14_258.npz
full_N2000_K100_H200_w_ho_0p5_t0p05,3,T027,26,2000,100,200,raw/v14_258.npz
full_N2000_K100_H200_w_ho_0p5_t0p05,3,T028,27,2000,100,200,raw/v14_258.npz
full_N2000_K100_H200_w_ho_0p5_t0p05,3,T029,28,2000,100,200,raw/v14_258.npz
full_N2000_K100_H200_w_ho_0p5_t0p05,3,T030,29,2000,100,200,raw/v14_258.npz
full_N2000_K100_H200_w_ho_0p5_t0p05,4,T001,0,2000,100,200,raw/v14_259.npz
full_N2000_K100_H200_w_ho_0p5_t0p05,4,T002,1,2000,100,200,raw/v14_259.npz
full_N2000_K100_H200_w_ho_0p5_t0p05,4,T003,2,2000,100,200,raw/v14_259.npz
full_N2000_K100_H200_w_ho_0p5_t0p05,4,T004,3,2000,100,200,raw/v14_259.npz
full_N2000_K100_H200_w_ho_0p5_t0p05,4,T005,4,2000,100,200,raw/v14_259.npz
full_N2000_K100_H200_w_ho_0p5_t0p05,4,T006,5,2000,100,200,raw/v14_259.npz
full_N2000_K100_H200_w_ho_0p5_t0p05,4,T007,6,2000,100,200,raw/v14_259.npz
full_N2000_K100_H200_w_ho_0p5_t0p05,4,T008,7,2000,100,200,raw/v14_259.npz
full_N2000_K100_H200_w_ho_0p5_t0p05,4,T009,8,2000,100,200,raw/v14_259.npz
full_N2000_K100_H200_w_ho_0p5_t0p05,4,T010,9,2000,100,200,raw/v14_259.npz
full_N2000_K100_H200_w_ho_0p5_t0p05,4,T011,10,2000,100,200,raw/v14_259.npz
full_N2000_K100_H200_w_ho_0p5_t0p05,4,T012,11,2000,100,200,raw/v14_259.npz
full_N2000_K100_H200_w_ho_0p5_t0p05,4,T013,12,2000,100,200,raw/v14_259.npz
full_N2000_K100_H200_w_ho_0p5_t0p05,4,T014,13,2000,100,200,raw/v14_259.npz
full_N2000_K100_H200_w_ho_0p5_t0p05,4,T015,14,2000,100,200,raw/v14_259.npz
full_N2000_K100_H200_w_ho_0p5_t0p05,4,T016,15,2000,100,200,raw/v14_259.npz
full_N2000_K100_H200_w_ho_0p5_t0p05,4,T017,16,2000,100,200,raw/v14_259.npz
full_N2000_K100_H200_w_ho_0p5_t0p05,4,T018,17,2000,100,200,raw/v14_259.npz
full_N2000_K100_H200_w_ho_0p5_t0p05,4,T019,18,2000,100,200,raw/v14_259.npz
full_N2000_K100_H200_w_ho_0p5_t0p05,4,T020,19,2000,100,200,raw/v14_259.npz
full_N2000_K100_H200_w_ho_0p5_t0p05,4,T021,20,2000,100,200,raw/v14_259.npz
full_N2000_K100_H200_w_ho_0p5_t0p05,4,T022,21,2000,100,200,raw/v14_259.npz
full_N2000_K100_H200_w_ho_0p5_t0p05,4,T023,22,2000,100,200,raw/v14_259.npz
full_N2000_K100_H200_w_ho_0p5_t0p05,4,T024,23,2000,100,200,raw/v14_259.npz
full_N2000_K100_H200_w_ho_0p5_t0p05,4,T025,24,2000,100,200,raw/v14_259.npz
full_N2000_K100_H200_w_ho_0p5_t0p05,4,T026,25,2000,100,200,raw/v14_259.npz
full_N2000_K100_H200_w_ho_0p5_t0p05,4,T027,26,2000,100,200,raw/v14_259.npz
full_N2000_K100_H200_w_ho_0p5_t0p05,4,T028,27,2000,100,200,raw/v14_259.npz
full_N2000_K100_H200_w_ho_0p5_t0p05,4,T029,28,2000,100,200,raw/v14_259.npz
full_N2000_K100_H200_w_ho_0p5_t0p05,4,T030,29,2000,100,200,raw/v14_259.npz
full_N2000_K100_H200_w_ho_0p5_t0p05,5,T001,0,2000,100,200,raw/v14_260.npz
full_N2000_K100_H200_w_ho_0p5_t0p05,5,T002,1,2000,100,200,raw/v14_260.npz
full_N2000_K100_H200_w_ho_0p5_t0p05,5,T003,2,2000,100,200,raw/v14_260.npz
full_N2000_K100_H200_w_ho_0p5_t0p05,5,T004,3,2000,100,200,raw/v14_260.npz
full_N2000_K100_H200_w_ho_0p5_t0p05,5,T005,4,2000,100,200,raw/v14_260.npz
full_N2000_K100_H200_w_ho_0p5_t0p05,5,T006,5,2000,100,200,raw/v14_260.npz
full_N2000_K100_H200_w_ho_0p5_t0p05,5,T007,6,2000,100,200,raw/v14_260.npz
full_N2000_K100_H200_w_ho_0p5_t0p05,5,T008,7,2000,100,200,raw/v14_260.npz
full_N2000_K100_H200_w_ho_0p5_t0p05,5,T009,8,2000,100,200,raw/v14_260.npz
full_N2000_K100_H200_w_ho_0p5_t0p05,5,T010,9,2000,100,200,raw/v14_260.npz
full_N2000_K100_H200_w_ho_0p5_t0p05,5,T011,10,2000,100,200,raw/v14_260.npz
full_N2000_K100_H200_w_ho_0p5_t0p05,5,T012,11,2000,100,200,raw/v14_260.npz
full_N2000_K100_H200_w_ho_0p5_t0p05,5,T013,12,2000,100,200,raw/v14_260.npz
full_N2000_K100_H200_w_ho_0p5_t0p05,5,T014,13,2000,100,200,raw/v14_260.npz
full_N2000_K100_H200_w_ho_0p5_t0p05,5,T015,14,2000,100,200,raw/v14_260.npz
full_N2000_K100_H200_w_ho_0p5_t0p05,5,T016,15,2000,100,200,raw/v14_260.npz
full_N2000_K100_H200_w_ho_0p5_t0p05,5,T017,16,2000,100,200,raw/v14_260.npz
full_N2000_K100_H200_w_ho_0p5_t0p05,5,T018,17,2000,100,200,raw/v14_260.npz
full_N2000_K100_H200_w_ho_0p5_t0p05,5,T019,18,2000,100,200,raw/v14_260.npz
full_N2000_K100_H200_w_ho_0p5_t0p05,5,T020,19,2000,100,200,raw/v14_260.npz
full_N2000_K100_H200_w_ho_0p5_t0p05,5,T021,20,2000,100,200,raw/v14_260.npz
full_N2000_K100_H200_w_ho_0p5_t0p05,5,T022,21,2000,100,200,raw/v14_260.npz
full_N2000_K100_H200_w_ho_0p5_t0p05,5,T023,22,2000,100,200,raw/v14_260.npz
full_N2000_K100_H200_w_ho_0p5_t0p05,5,T024,23,2000,100,200,raw/v14_260.npz
full_N2000_K100_H200_w_ho_0p5_t0p05,5,T025,24,2000,100,200,raw/v14_260.npz
full_N2000_K100_H200_w_ho_0p5_t0p05,5,T026,25,2000,100,200,raw/v14_260.npz
full_N2000_K100_H200_w_ho_0p5_t0p05,5,T027,26,2000,100,200,raw/v14_260.npz
full_N2000_K100_H200_w_ho_0p5_t0p05,5,T028,27,2000,100,200,raw/v14_260.npz
full_N2000_K100_H200_w_ho_0p5_t0p05,5,T029,28,2000,100,200,raw/v14_260.npz
full_N2000_K100_H200_w_ho_0p5_t0p05,5,T030,29,2000,100,200,raw/v14_260.npz
full_N2000_K100_H200_w_ho_0p75_t0p05,1,T001,0,2000,100,200,raw/v14_261.npz
full_N2000_K100_H200_w_ho_0p75_t0p05,1,T002,1,2000,100,200,raw/v14_261.npz
full_N2000_K100_H200_w_ho_0p75_t0p05,1,T003,2,2000,100,200,raw/v14_261.npz
full_N2000_K100_H200_w_ho_0p75_t0p05,1,T004,3,2000,100,200,raw/v14_261.npz
full_N2000_K100_H200_w_ho_0p75_t0p05,1,T005,4,2000,100,200,raw/v14_261.npz
full_N2000_K100_H200_w_ho_0p75_t0p05,1,T006,5,2000,100,200,raw/v14_261.npz
full_N2000_K100_H200_w_ho_0p75_t0p05,1,T007,6,2000,100,200,raw/v14_261.npz
full_N2000_K100_H200_w_ho_0p75_t0p05,1,T008,7,2000,100,200,raw/v14_261.npz
full_N2000_K100_H200_w_ho_0p75_t0p05,1,T009,8,2000,100,200,raw/v14_261.npz
full_N2000_K100_H200_w_ho_0p75_t0p05,1,T010,9,2000,100,200,raw/v14_261.npz
full_N2000_K100_H200_w_ho_0p75_t0p05,1,T011,10,2000,100,200,raw/v14_261.npz
full_N2000_K100_H200_w_ho_0p75_t0p05,1,T012,11,2000,100,200,raw/v14_261.npz
full_N2000_K100_H200_w_ho_0p75_t0p05,1,T013,12,2000,100,200,raw/v14_261.npz
full_N2000_K100_H200_w_ho_0p75_t0p05,1,T014,13,2000,100,200,raw/v14_261.npz
full_N2000_K100_H200_w_ho_0p75_t0p05,1,T015,14,2000,100,200,raw/v14_261.npz
full_N2000_K100_H200_w_ho_0p75_t0p05,1,T016,15,2000,100,200,raw/v14_261.npz
full_N2000_K100_H200_w_ho_0p75_t0p05,1,T017,16,2000,100,200,raw/v14_261.npz
full_N2000_K100_H200_w_ho_0p75_t0p05,1,T018,17,2000,100,200,raw/v14_261.npz
full_N2000_K100_H200_w_ho_0p75_t0p05,1,T019,18,2000,100,200,raw/v14_261.npz
full_N2000_K100_H200_w_ho_0p75_t0p05,1,T020,19,2000,100,200,raw/v14_261.npz
full_N2000_K100_H200_w_ho_0p75_t0p05,1,T021,20,2000,100,200,raw/v14_261.npz
full_N2000_K100_H200_w_ho_0p75_t0p05,1,T022,21,2000,100,200,raw/v14_261.npz
full_N2000_K100_H200_w_ho_0p75_t0p05,1,T023,22,2000,100,200,raw/v14_261.npz
full_N2000_K100_H200_w_ho_0p75_t0p05,1,T024,23,2000,100,200,raw/v14_261.npz
full_N2000_K100_H200_w_ho_0p75_t0p05,1,T025,24,2000,100,200,raw/v14_261.npz
full_N2000_K100_H200_w_ho_0p75_t0p05,1,T026,25,2000,100,200,raw/v14_261.npz
full_N2000_K100_H200_w_ho_0p75_t0p05,1,T027,26,2000,100,200,raw/v14_261.npz
full_N2000_K100_H200_w_ho_0p75_t0p05,1,T028,27,2000,100,200,raw/v14_261.npz
full_N2000_K100_H200_w_ho_0p75_t0p05,1,T029,28,2000,100,200,raw/v14_261.npz
full_N2000_K100_H200_w_ho_0p75_t0p05,1,T030,29,2000,100,200,raw/v14_261.npz
full_N2000_K100_H200_w_ho_0p75_t0p05,2,T001,0,2000,100,200,raw/v14_262.npz
full_N2000_K100_H200_w_ho_0p75_t0p05,2,T002,1,2000,100,200,raw/v14_262.npz
full_N2000_K100_H200_w_ho_0p75_t0p05,2,T003,2,2000,100,200,raw/v14_262.npz
full_N2000_K100_H200_w_ho_0p75_t0p05,2,T004,3,2000,100,200,raw/v14_262.npz
full_N2000_K100_H200_w_ho_0p75_t0p05,2,T005,4,2000,100,200,raw/v14_262.npz
full_N2000_K100_H200_w_ho_0p75_t0p05,2,T006,5,2000,100,200,raw/v14_262.npz
full_N2000_K100_H200_w_ho_0p75_t0p05,2,T007,6,2000,100,200,raw/v14_262.npz
full_N2000_K100_H200_w_ho_0p75_t0p05,2,T008,7,2000,100,200,raw/v14_262.npz
full_N2000_K100_H200_w_ho_0p75_t0p05,2,T009,8,2000,100,200,raw/v14_262.npz
full_N2000_K100_H200_w_ho_0p75_t0p05,2,T010,9,2000,100,200,raw/v14_262.npz
full_N2000_K100_H200_w_ho_0p75_t0p05,2,T011,10,2000,100,200,raw/v14_262.npz
full_N2000_K100_H200_w_ho_0p75_t0p05,2,T012,11,2000,100,200,raw/v14_262.npz
full_N2000_K100_H200_w_ho_0p75_t0p05,2,T013,12,2000,100,200,raw/v14_262.npz
full_N2000_K100_H200_w_ho_0p75_t0p05,2,T014,13,2000,100,200,raw/v14_262.npz
full_N2000_K100_H200_w_ho_0p75_t0p05,2,T015,14,2000,100,200,raw/v14_262.npz
full_N2000_K100_H200_w_ho_0p75_t0p05,2,T016,15,2000,100,200,raw/v14_262.npz
full_N2000_K100_H200_w_ho_0p75_t0p05,2,T017,16,2000,100,200,raw/v14_262.npz
full_N2000_K100_H200_w_ho_0p75_t0p05,2,T018,17,2000,100,200,raw/v14_262.npz
full_N2000_K100_H200_w_ho_0p75_t0p05,2,T019,18,2000,100,200,raw/v14_262.npz
full_N2000_K100_H200_w_ho_0p75_t0p05,2,T020,19,2000,100,200,raw/v14_262.npz
full_N2000_K100_H200_w_ho_0p75_t0p05,2,T021,20,2000,100,200,raw/v14_262.npz
full_N2000_K100_H200_w_ho_0p75_t0p05,2,T022,21,2000,100,200,raw/v14_262.npz
full_N2000_K100_H200_w_ho_0p75_t0p05,2,T023,22,2000,100,200,raw/v14_262.npz
full_N2000_K100_H200_w_ho_0p75_t0p05,2,T024,23,2000,100,200,raw/v14_262.npz
full_N2000_K100_H200_w_ho_0p75_t0p05,2,T025,24,2000,100,200,raw/v14_262.npz
full_N2000_K100_H200_w_ho_0p75_t0p05,2,T026,25,2000,100,200,raw/v14_262.npz
full_N2000_K100_H200_w_ho_0p75_t0p05,2,T027,26,2000,100,200,raw/v14_262.npz
full_N2000_K100_H200_w_ho_0p75_t0p05,2,T028,27,2000,100,200,raw/v14_262.npz
full_N2000_K100_H200_w_ho_0p75_t0p05,2,T029,28,2000,100,200,raw/v14_262.npz
full_N2000_K100_H200_w_ho_0p75_t0p05,2,T030,29,2000,100,200,raw/v14_262.npz
full_N2000_K100_H200_w_ho_0p75_t0p05,3,T001,0,2000,100,200,raw/v14_263.npz
full_N2000_K100_H200_w_ho_0p75_t0p05,3,T002,1,2000,100,200,raw/v14_263.npz
full_N2000_K100_H200_w_ho_0p75_t0p05,3,T003,2,2000,100,200,raw/v14_263.npz
full_N2000_K100_H200_w_ho_0p75_t0p05,3,T004,3,2000,100,200,raw/v14_263.npz
full_N2000_K100_H200_w_ho_0p75_t0p05,3,T005,4,2000,100,200,raw/v14_263.npz
full_N2000_K100_H200_w_ho_0p75_t0p05,3,T006,5,2000,100,200,raw/v14_263.npz
full_N2000_K100_H200_w_ho_0p75_t0p05,3,T007,6,2000,100,200,raw/v14_263.npz
full_N2000_K100_H200_w_ho_0p75_t0p05,3,T008,7,2000,100,200,raw/v14_263.npz
full_N2000_K100_H200_w_ho_0p75_t0p05,3,T009,8,2000,100,200,raw/v14_263.npz
full_N2000_K100_H200_w_ho_0p75_t0p05,3,T010,9,2000,100,200,raw/v14_263.npz
full_N2000_K100_H200_w_ho_0p75_t0p05,3,T011,10,2000,100,200,raw/v14_263.npz
full_N2000_K100_H200_w_ho_0p75_t0p05,3,T012,11,2000,100,200,raw/v14_263.npz
full_N2000_K100_H200_w_ho_0p75_t0p05,3,T013,12,2000,100,200,raw/v14_263.npz
full_N2000_K100_H200_w_ho_0p75_t0p05,3,T014,13,2000,100,200,raw/v14_263.npz
full_N2000_K100_H200_w_ho_0p75_t0p05,3,T015,14,2000,100,200,raw/v14_263.npz
full_N2000_K100_H200_w_ho_0p75_t0p05,3,T016,15,2000,100,200,raw/v14_263.npz
full_N2000_K100_H200_w_ho_0p75_t0p05,3,T017,16,2000,100,200,raw/v14_263.npz
full_N2000_K100_H200_w_ho_0p75_t0p05,3,T018,17,2000,100,200,raw/v14_263.npz
full_N2000_K100_H200_w_ho_0p75_t0p05,3,T019,18,2000,100,200,raw/v14_263.npz
full_N2000_K100_H200_w_ho_0p75_t0p05,3,T020,19,2000,100,200,raw/v14_263.npz
full_N2000_K100_H200_w_ho_0p75_t0p05,3,T021,20,2000,100,200,raw/v14_263.npz
full_N2000_K100_H200_w_ho_0p75_t0p05,3,T022,21,2000,100,200,raw/v14_263.npz
full_N2000_K100_H200_w_ho_0p75_t0p05,3,T023,22,2000,100,200,raw/v14_263.npz
full_N2000_K100_H200_w_ho_0p75_t0p05,3,T024,23,2000,100,200,raw/v14_263.npz
full_N2000_K100_H200_w_ho_0p75_t0p05,3,T025,24,2000,100,200,raw/v14_263.npz
full_N2000_K100_H200_w_ho_0p75_t0p05,3,T026,25,2000,100,200,raw/v14_263.npz
full_N2000_K100_H200_w_ho_0p75_t0p05,3,T027,26,2000,100,200,raw/v14_263.npz
full_N2000_K100_H200_w_ho_0p75_t0p05,3,T028,27,2000,100,200,raw/v14_263.npz
full_N2000_K100_H200_w_ho_0p75_t0p05,3,T029,28,2000,100,200,raw/v14_263.npz
full_N2000_K100_H200_w_ho_0p75_t0p05,3,T030,29,2000,100,200,raw/v14_263.npz
full_N2000_K100_H200_w_ho_0p75_t0p05,4,T001,0,2000,100,200,raw/v14_264.npz
full_N2000_K100_H200_w_ho_0p75_t0p05,4,T002,1,2000,100,200,raw/v14_264.npz
full_N2000_K100_H200_w_ho_0p75_t0p05,4,T003,2,2000,100,200,raw/v14_264.npz
full_N2000_K100_H200_w_ho_0p75_t0p05,4,T004,3,2000,100,200,raw/v14_264.npz
full_N2000_K100_H200_w_ho_0p75_t0p05,4,T005,4,2000,100,200,raw/v14_264.npz
full_N2000_K100_H200_w_ho_0p75_t0p05,4,T006,5,2000,100,200,raw/v14_264.npz
full_N2000_K100_H200_w_ho_0p75_t0p05,4,T007,6,2000,100,200,raw/v14_264.npz
full_N2000_K100_H200_w_ho_0p75_t0p05,4,T008,7,2000,100,200,raw/v14_264.npz
full_N2000_K100_H200_w_ho_0p75_t0p05,4,T009,8,2000,100,200,raw/v14_264.npz
full_N2000_K100_H200_w_ho_0p75_t0p05,4,T010,9,2000,100,200,raw/v14_264.npz
full_N2000_K100_H200_w_ho_0p75_t0p05,4,T011,10,2000,100,200,raw/v14_264.npz
full_N2000_K100_H200_w_ho_0p75_t0p05,4,T012,11,2000,100,200,raw/v14_264.npz
full_N2000_K100_H200_w_ho_0p75_t0p05,4,T013,12,2000,100,200,raw/v14_264.npz
full_N2000_K100_H200_w_ho_0p75_t0p05,4,T014,13,2000,100,200,raw/v14_264.npz
full_N2000_K100_H200_w_ho_0p75_t0p05,4,T015,14,2000,100,200,raw/v14_264.npz
full_N2000_K100_H200_w_ho_0p75_t0p05,4,T016,15,2000,100,200,raw/v14_264.npz
full_N2000_K100_H200_w_ho_0p75_t0p05,4,T017,16,2000,100,200,raw/v14_264.npz
full_N2000_K100_H200_w_ho_0p75_t0p05,4,T018,17,2000,100,200,raw/v14_264.npz
full_N2000_K100_H200_w_ho_0p75_t0p05,4,T019,18,2000,100,200,raw/v14_264.npz
full_N2000_K100_H200_w_ho_0p75_t0p05,4,T020,19,2000,100,200,raw/v14_264.npz
full_N2000_K100_H200_w_ho_0p75_t0p05,4,T021,20,2000,100,200,raw/v14_264.npz
full_N2000_K100_H200_w_ho_0p75_t0p05,4,T022,21,2000,100,200,raw/v14_264.npz
full_N2000_K100_H200_w_ho_0p75_t0p05,4,T023,22,2000,100,200,raw/v14_264.npz
full_N2000_K100_H200_w_ho_0p75_t0p05,4,T024,23,2000,100,200,raw/v14_264.npz
full_N2000_K100_H200_w_ho_0p75_t0p05,4,T025,24,2000,100,200,raw/v14_264.npz
full_N2000_K100_H200_w_ho_0p75_t0p05,4,T026,25,2000,100,200,raw/v14_264.npz
full_N2000_K100_H200_w_ho_0p75_t0p05,4,T027,26,2000,100,200,raw/v14_264.npz
full_N2000_K100_H200_w_ho_0p75_t0p05,4,T028,27,2000,100,200,raw/v14_264.npz
full_N2000_K100_H200_w_ho_0p75_t0p05,4,T029,28,2000,100,200,raw/v14_264.npz
full_N2000_K100_H200_w_ho_0p75_t0p05,4,T030,29,2000,100,200,raw/v14_264.npz
full_N2000_K100_H200_w_ho_0p75_t0p05,5,T001,0,2000,100,200,raw/v14_265.npz
full_N2000_K100_H200_w_ho_0p75_t0p05,5,T002,1,2000,100,200,raw/v14_265.npz
full_N2000_K100_H200_w_ho_0p75_t0p05,5,T003,2,2000,100,200,raw/v14_265.npz
full_N2000_K100_H200_w_ho_0p75_t0p05,5,T004,3,2000,100,200,raw/v14_265.npz
full_N2000_K100_H200_w_ho_0p75_t0p05,5,T005,4,2000,100,200,raw/v14_265.npz
full_N2000_K100_H200_w_ho_0p75_t0p05,5,T006,5,2000,100,200,raw/v14_265.npz
full_N2000_K100_H200_w_ho_0p75_t0p05,5,T007,6,2000,100,200,raw/v14_265.npz
full_N2000_K100_H200_w_ho_0p75_t0p05,5,T008,7,2000,100,200,raw/v14_265.npz
full_N2000_K100_H200_w_ho_0p75_t0p05,5,T009,8,2000,100,200,raw/v14_265.npz
full_N2000_K100_H200_w_ho_0p75_t0p05,5,T010,9,2000,100,200,raw/v14_265.npz
full_N2000_K100_H200_w_ho_0p75_t0p05,5,T011,10,2000,100,200,raw/v14_265.npz
full_N2000_K100_H200_w_ho_0p75_t0p05,5,T012,11,2000,100,200,raw/v14_265.npz
full_N2000_K100_H200_w_ho_0p75_t0p05,5,T013,12,2000,100,200,raw/v14_265.npz
full_N2000_K100_H200_w_ho_0p75_t0p05,5,T014,13,2000,100,200,raw/v14_265.npz
full_N2000_K100_H200_w_ho_0p75_t0p05,5,T015,14,2000,100,200,raw/v14_265.npz
full_N2000_K100_H200_w_ho_0p75_t0p05,5,T016,15,2000,100,200,raw/v14_265.npz
full_N2000_K100_H200_w_ho_0p75_t0p05,5,T017,16,2000,100,200,raw/v14_265.npz
full_N2000_K100_H200_w_ho_0p75_t0p05,5,T018,17,2000,100,200,raw/v14_265.npz
full_N2000_K100_H200_w_ho_0p75_t0p05,5,T019,18,2000,100,200,raw/v14_265.npz
full_N2000_K100_H200_w_ho_0p75_t0p05,5,T020,19,2000,100,200,raw/v14_265.npz
full_N2000_K100_H200_w_ho_0p75_t0p05,5,T021,20,2000,100,200,raw/v14_265.npz
full_N2000_K100_H200_w_ho_0p75_t0p05,5,T022,21,2000,100,200,raw/v14_265.npz
full_N2000_K100_H200_w_ho_0p75_t0p05,5,T023,22,2000,100,200,raw/v14_265.npz
full_N2000_K100_H200_w_ho_0p75_t0p05,5,T024,23,2000,100,200,raw/v14_265.npz
full_N2000_K100_H200_w_ho_0p75_t0p05,5,T025,24,2000,100,200,raw/v14_265.npz
full_N2000_K100_H200_w_ho_0p75_t0p05,5,T026,25,2000,100,200,raw/v14_265.npz
full_N2000_K100_H200_w_ho_0p75_t0p05,5,T027,26,2000,100,200,raw/v14_265.npz
full_N2000_K100_H200_w_ho_0p75_t0p05,5,T028,27,2000,100,200,raw/v14_265.npz
full_N2000_K100_H200_w_ho_0p75_t0p05,5,T029,28,2000,100,200,raw/v14_265.npz
full_N2000_K100_H200_w_ho_0p75_t0p05,5,T030,29,2000,100,200,raw/v14_265.npz
full_N2000_K100_H200_w_ho_1p25_t0p05,1,T001,0,2000,100,200,raw/v14_266.npz
full_N2000_K100_H200_w_ho_1p25_t0p05,1,T002,1,2000,100,200,raw/v14_266.npz
full_N2000_K100_H200_w_ho_1p25_t0p05,1,T003,2,2000,100,200,raw/v14_266.npz
full_N2000_K100_H200_w_ho_1p25_t0p05,1,T004,3,2000,100,200,raw/v14_266.npz
full_N2000_K100_H200_w_ho_1p25_t0p05,1,T005,4,2000,100,200,raw/v14_266.npz
full_N2000_K100_H200_w_ho_1p25_t0p05,1,T006,5,2000,100,200,raw/v14_266.npz
full_N2000_K100_H200_w_ho_1p25_t0p05,1,T007,6,2000,100,200,raw/v14_266.npz
full_N2000_K100_H200_w_ho_1p25_t0p05,1,T008,7,2000,100,200,raw/v14_266.npz
full_N2000_K100_H200_w_ho_1p25_t0p05,1,T009,8,2000,100,200,raw/v14_266.npz
full_N2000_K100_H200_w_ho_1p25_t0p05,1,T010,9,2000,100,200,raw/v14_266.npz
full_N2000_K100_H200_w_ho_1p25_t0p05,1,T011,10,2000,100,200,raw/v14_266.npz
full_N2000_K100_H200_w_ho_1p25_t0p05,1,T012,11,2000,100,200,raw/v14_266.npz
full_N2000_K100_H200_w_ho_1p25_t0p05,1,T013,12,2000,100,200,raw/v14_266.npz
full_N2000_K100_H200_w_ho_1p25_t0p05,1,T014,13,2000,100,200,raw/v14_266.npz
full_N2000_K100_H200_w_ho_1p25_t0p05,1,T015,14,2000,100,200,raw/v14_266.npz
full_N2000_K100_H200_w_ho_1p25_t0p05,1,T016,15,2000,100,200,raw/v14_266.npz
full_N2000_K100_H200_w_ho_1p25_t0p05,1,T017,16,2000,100,200,raw/v14_266.npz
full_N2000_K100_H200_w_ho_1p25_t0p05,1,T018,17,2000,100,200,raw/v14_266.npz
full_N2000_K100_H200_w_ho_1p25_t0p05,1,T019,18,2000,100,200,raw/v14_266.npz
full_N2000_K100_H200_w_ho_1p25_t0p05,1,T020,19,2000,100,200,raw/v14_266.npz
full_N2000_K100_H200_w_ho_1p25_t0p05,1,T021,20,2000,100,200,raw/v14_266.npz
full_N2000_K100_H200_w_ho_1p25_t0p05,1,T022,21,2000,100,200,raw/v14_266.npz
full_N2000_K100_H200_w_ho_1p25_t0p05,1,T023,22,2000,100,200,raw/v14_266.npz
full_N2000_K100_H200_w_ho_1p25_t0p05,1,T024,23,2000,100,200,raw/v14_266.npz
full_N2000_K100_H200_w_ho_1p25_t0p05,1,T025,24,2000,100,200,raw/v14_266.npz
full_N2000_K100_H200_w_ho_1p25_t0p05,1,T026,25,2000,100,200,raw/v14_266.npz
full_N2000_K100_H200_w_ho_1p25_t0p05,1,T027,26,2000,100,200,raw/v14_266.npz
full_N2000_K100_H200_w_ho_1p25_t0p05,1,T028,27,2000,100,200,raw/v14_266.npz
full_N2000_K100_H200_w_ho_1p25_t0p05,1,T029,28,2000,100,200,raw/v14_266.npz
full_N2000_K100_H200_w_ho_1p25_t0p05,1,T030,29,2000,100,200,raw/v14_266.npz
full_N2000_K100_H200_w_ho_1p25_t0p05,2,T001,0,2000,100,200,raw/v14_267.npz
full_N2000_K100_H200_w_ho_1p25_t0p05,2,T002,1,2000,100,200,raw/v14_267.npz
full_N2000_K100_H200_w_ho_1p25_t0p05,2,T003,2,2000,100,200,raw/v14_267.npz
full_N2000_K100_H200_w_ho_1p25_t0p05,2,T004,3,2000,100,200,raw/v14_267.npz
full_N2000_K100_H200_w_ho_1p25_t0p05,2,T005,4,2000,100,200,raw/v14_267.npz
full_N2000_K100_H200_w_ho_1p25_t0p05,2,T006,5,2000,100,200,raw/v14_267.npz
full_N2000_K100_H200_w_ho_1p25_t0p05,2,T007,6,2000,100,200,raw/v14_267.npz
full_N2000_K100_H200_w_ho_1p25_t0p05,2,T008,7,2000,100,200,raw/v14_267.npz
full_N2000_K100_H200_w_ho_1p25_t0p05,2,T009,8,2000,100,200,raw/v14_267.npz
full_N2000_K100_H200_w_ho_1p25_t0p05,2,T010,9,2000,100,200,raw/v14_267.npz
full_N2000_K100_H200_w_ho_1p25_t0p05,2,T011,10,2000,100,200,raw/v14_267.npz
full_N2000_K100_H200_w_ho_1p25_t0p05,2,T012,11,2000,100,200,raw/v14_267.npz
full_N2000_K100_H200_w_ho_1p25_t0p05,2,T013,12,2000,100,200,raw/v14_267.npz
full_N2000_K100_H200_w_ho_1p25_t0p05,2,T014,13,2000,100,200,raw/v14_267.npz
full_N2000_K100_H200_w_ho_1p25_t0p05,2,T015,14,2000,100,200,raw/v14_267.npz
full_N2000_K100_H200_w_ho_1p25_t0p05,2,T016,15,2000,100,200,raw/v14_267.npz
full_N2000_K100_H200_w_ho_1p25_t0p05,2,T017,16,2000,100,200,raw/v14_267.npz
full_N2000_K100_H200_w_ho_1p25_t0p05,2,T018,17,2000,100,200,raw/v14_267.npz
full_N2000_K100_H200_w_ho_1p25_t0p05,2,T019,18,2000,100,200,raw/v14_267.npz
full_N2000_K100_H200_w_ho_1p25_t0p05,2,T020,19,2000,100,200,raw/v14_267.npz
full_N2000_K100_H200_w_ho_1p25_t0p05,2,T021,20,2000,100,200,raw/v14_267.npz
full_N2000_K100_H200_w_ho_1p25_t0p05,2,T022,21,2000,100,200,raw/v14_267.npz
full_N2000_K100_H200_w_ho_1p25_t0p05,2,T023,22,2000,100,200,raw/v14_267.npz
full_N2000_K100_H200_w_ho_1p25_t0p05,2,T024,23,2000,100,200,raw/v14_267.npz
full_N2000_K100_H200_w_ho_1p25_t0p05,2,T025,24,2000,100,200,raw/v14_267.npz
full_N2000_K100_H200_w_ho_1p25_t0p05,2,T026,25,2000,100,200,raw/v14_267.npz
full_N2000_K100_H200_w_ho_1p25_t0p05,2,T027,26,2000,100,200,raw/v14_267.npz
full_N2000_K100_H200_w_ho_1p25_t0p05,2,T028,27,2000,100,200,raw/v14_267.npz
full_N2000_K100_H200_w_ho_1p25_t0p05,2,T029,28,2000,100,200,raw/v14_267.npz
full_N2000_K100_H200_w_ho_1p25_t0p05,2,T030,29,2000,100,200,raw/v14_267.npz
full_N2000_K100_H200_w_ho_1p25_t0p05,3,T001,0,2000,100,200,raw/v14_268.npz
full_N2000_K100_H200_w_ho_1p25_t0p05,3,T002,1,2000,100,200,raw/v14_268.npz
full_N2000_K100_H200_w_ho_1p25_t0p05,3,T003,2,2000,100,200,raw/v14_268.npz
full_N2000_K100_H200_w_ho_1p25_t0p05,3,T004,3,2000,100,200,raw/v14_268.npz
full_N2000_K100_H200_w_ho_1p25_t0p05,3,T005,4,2000,100,200,raw/v14_268.npz
full_N2000_K100_H200_w_ho_1p25_t0p05,3,T006,5,2000,100,200,raw/v14_268.npz
full_N2000_K100_H200_w_ho_1p25_t0p05,3,T007,6,2000,100,200,raw/v14_268.npz
full_N2000_K100_H200_w_ho_1p25_t0p05,3,T008,7,2000,100,200,raw/v14_268.npz
full_N2000_K100_H200_w_ho_1p25_t0p05,3,T009,8,2000,100,200,raw/v14_268.npz
full_N2000_K100_H200_w_ho_1p25_t0p05,3,T010,9,2000,100,200,raw/v14_268.npz
full_N2000_K100_H200_w_ho_1p25_t0p05,3,T011,10,2000,100,200,raw/v14_268.npz
full_N2000_K100_H200_w_ho_1p25_t0p05,3,T012,11,2000,100,200,raw/v14_268.npz
full_N2000_K100_H200_w_ho_1p25_t0p05,3,T013,12,2000,100,200,raw/v14_268.npz
full_N2000_K100_H200_w_ho_1p25_t0p05,3,T014,13,2000,100,200,raw/v14_268.npz
full_N2000_K100_H200_w_ho_1p25_t0p05,3,T015,14,2000,100,200,raw/v14_268.npz
full_N2000_K100_H200_w_ho_1p25_t0p05,3,T016,15,2000,100,200,raw/v14_268.npz
full_N2000_K100_H200_w_ho_1p25_t0p05,3,T017,16,2000,100,200,raw/v14_268.npz
full_N2000_K100_H200_w_ho_1p25_t0p05,3,T018,17,2000,100,200,raw/v14_268.npz
full_N2000_K100_H200_w_ho_1p25_t0p05,3,T019,18,2000,100,200,raw/v14_268.npz
full_N2000_K100_H200_w_ho_1p25_t0p05,3,T020,19,2000,100,200,raw/v14_268.npz
full_N2000_K100_H200_w_ho_1p25_t0p05,3,T021,20,2000,100,200,raw/v14_268.npz
full_N2000_K100_H200_w_ho_1p25_t0p05,3,T022,21,2000,100,200,raw/v14_268.npz
full_N2000_K100_H200_w_ho_1p25_t0p05,3,T023,22,2000,100,200,raw/v14_268.npz
full_N2000_K100_H200_w_ho_1p25_t0p05,3,T024,23,2000,100,200,raw/v14_268.npz
full_N2000_K100_H200_w_ho_1p25_t0p05,3,T025,24,2000,100,200,raw/v14_268.npz
full_N2000_K100_H200_w_ho_1p25_t0p05,3,T026,25,2000,100,200,raw/v14_268.npz
full_N2000_K100_H200_w_ho_1p25_t0p05,3,T027,26,2000,100,200,raw/v14_268.npz
full_N2000_K100_H200_w_ho_1p25_t0p05,3,T028,27,2000,100,200,raw/v14_268.npz
full_N2000_K100_H200_w_ho_1p25_t0p05,3,T029,28,2000,100,200,raw/v14_268.npz
full_N2000_K100_H200_w_ho_1p25_t0p05,3,T030,29,2000,100,200,raw/v14_268.npz
full_N2000_K100_H200_w_ho_1p25_t0p05,4,T001,0,2000,100,200,raw/v14_269.npz
full_N2000_K100_H200_w_ho_1p25_t0p05,4,T002,1,2000,100,200,raw/v14_269.npz
full_N2000_K100_H200_w_ho_1p25_t0p05,4,T003,2,2000,100,200,raw/v14_269.npz
full_N2000_K100_H200_w_ho_1p25_t0p05,4,T004,3,2000,100,200,raw/v14_269.npz
full_N2000_K100_H200_w_ho_1p25_t0p05,4,T005,4,2000,100,200,raw/v14_269.npz
full_N2000_K100_H200_w_ho_1p25_t0p05,4,T006,5,2000,100,200,raw/v14_269.npz
full_N2000_K100_H200_w_ho_1p25_t0p05,4,T007,6,2000,100,200,raw/v14_269.npz
full_N2000_K100_H200_w_ho_1p25_t0p05,4,T008,7,2000,100,200,raw/v14_269.npz
full_N2000_K100_H200_w_ho_1p25_t0p05,4,T009,8,2000,100,200,raw/v14_269.npz
full_N2000_K100_H200_w_ho_1p25_t0p05,4,T010,9,2000,100,200,raw/v14_269.npz
full_N2000_K100_H200_w_ho_1p25_t0p05,4,T011,10,2000,100,200,raw/v14_269.npz
full_N2000_K100_H200_w_ho_1p25_t0p05,4,T012,11,2000,100,200,raw/v14_269.npz
full_N2000_K100_H200_w_ho_1p25_t0p05,4,T013,12,2000,100,200,raw/v14_269.npz
full_N2000_K100_H200_w_ho_1p25_t0p05,4,T014,13,2000,100,200,raw/v14_269.npz
full_N2000_K100_H200_w_ho_1p25_t0p05,4,T015,14,2000,100,200,raw/v14_269.npz
full_N2000_K100_H200_w_ho_1p25_t0p05,4,T016,15,2000,100,200,raw/v14_269.npz
full_N2000_K100_H200_w_ho_1p25_t0p05,4,T017,16,2000,100,200,raw/v14_269.npz
full_N2000_K100_H200_w_ho_1p25_t0p05,4,T018,17,2000,100,200,raw/v14_269.npz
full_N2000_K100_H200_w_ho_1p25_t0p05,4,T019,18,2000,100,200,raw/v14_269.npz
full_N2000_K100_H200_w_ho_1p25_t0p05,4,T020,19,2000,100,200,raw/v14_269.npz
full_N2000_K100_H200_w_ho_1p25_t0p05,4,T021,20,2000,100,200,raw/v14_269.npz
full_N2000_K100_H200_w_ho_1p25_t0p05,4,T022,21,2000,100,200,raw/v14_269.npz
full_N2000_K100_H200_w_ho_1p25_t0p05,4,T023,22,2000,100,200,raw/v14_269.npz
full_N2000_K100_H200_w_ho_1p25_t0p05,4,T024,23,2000,100,200,raw/v14_269.npz
full_N2000_K100_H200_w_ho_1p25_t0p05,4,T025,24,2000,100,200,raw/v14_269.npz
full_N2000_K100_H200_w_ho_1p25_t0p05,4,T026,25,2000,100,200,raw/v14_269.npz
full_N2000_K100_H200_w_ho_1p25_t0p05,4,T027,26,2000,100,200,raw/v14_269.npz
full_N2000_K100_H200_w_ho_1p25_t0p05,4,T028,27,2000,100,200,raw/v14_269.npz
full_N2000_K100_H200_w_ho_1p25_t0p05,4,T029,28,2000,100,200,raw/v14_269.npz
full_N2000_K100_H200_w_ho_1p25_t0p05,4,T030,29,2000,100,200,raw/v14_269.npz
full_N2000_K100_H200_w_ho_1p25_t0p05,5,T001,0,2000,100,200,raw/v14_270.npz
full_N2000_K100_H200_w_ho_1p25_t0p05,5,T002,1,2000,100,200,raw/v14_270.npz
full_N2000_K100_H200_w_ho_1p25_t0p05,5,T003,2,2000,100,200,raw/v14_270.npz
full_N2000_K100_H200_w_ho_1p25_t0p05,5,T004,3,2000,100,200,raw/v14_270.npz
full_N2000_K100_H200_w_ho_1p25_t0p05,5,T005,4,2000,100,200,raw/v14_270.npz
full_N2000_K100_H200_w_ho_1p25_t0p05,5,T006,5,2000,100,200,raw/v14_270.npz
full_N2000_K100_H200_w_ho_1p25_t0p05,5,T007,6,2000,100,200,raw/v14_270.npz
full_N2000_K100_H200_w_ho_1p25_t0p05,5,T008,7,2000,100,200,raw/v14_270.npz
full_N2000_K100_H200_w_ho_1p25_t0p05,5,T009,8,2000,100,200,raw/v14_270.npz
full_N2000_K100_H200_w_ho_1p25_t0p05,5,T010,9,2000,100,200,raw/v14_270.npz
full_N2000_K100_H200_w_ho_1p25_t0p05,5,T011,10,2000,100,200,raw/v14_270.npz
full_N2000_K100_H200_w_ho_1p25_t0p05,5,T012,11,2000,100,200,raw/v14_270.npz
full_N2000_K100_H200_w_ho_1p25_t0p05,5,T013,12,2000,100,200,raw/v14_270.npz
full_N2000_K100_H200_w_ho_1p25_t0p05,5,T014,13,2000,100,200,raw/v14_270.npz
full_N2000_K100_H200_w_ho_1p25_t0p05,5,T015,14,2000,100,200,raw/v14_270.npz
full_N2000_K100_H200_w_ho_1p25_t0p05,5,T016,15,2000,100,200,raw/v14_270.npz
full_N2000_K100_H200_w_ho_1p25_t0p05,5,T017,16,2000,100,200,raw/v14_270.npz
full_N2000_K100_H200_w_ho_1p25_t0p05,5,T018,17,2000,100,200,raw/v14_270.npz
full_N2000_K100_H200_w_ho_1p25_t0p05,5,T019,18,2000,100,200,raw/v14_270.npz
full_N2000_K100_H200_w_ho_1p25_t0p05,5,T020,19,2000,100,200,raw/v14_270.npz
full_N2000_K100_H200_w_ho_1p25_t0p05,5,T021,20,2000,100,200,raw/v14_270.npz
full_N2000_K100_H200_w_ho_1p25_t0p05,5,T022,21,2000,100,200,raw/v14_270.npz
full_N2000_K100_H200_w_ho_1p25_t0p05,5,T023,22,2000,100,200,raw/v14_270.npz
full_N2000_K100_H200_w_ho_1p25_t0p05,5,T024,23,2000,100,200,raw/v14_270.npz
full_N2000_K100_H200_w_ho_1p25_t0p05,5,T025,24,2000,100,200,raw/v14_270.npz
full_N2000_K100_H200_w_ho_1p25_t0p05,5,T026,25,2000,100,200,raw/v14_270.npz
full_N2000_K100_H200_w_ho_1p25_t0p05,5,T027,26,2000,100,200,raw/v14_270.npz
full_N2000_K100_H200_w_ho_1p25_t0p05,5,T028,27,2000,100,200,raw/v14_270.npz
full_N2000_K100_H200_w_ho_1p25_t0p05,5,T029,28,2000,100,200,raw/v14_270.npz
full_N2000_K100_H200_w_ho_1p25_t0p05,5,T030,29,2000,100,200,raw/v14_270.npz
full_N2000_K100_H200_w_ho_1p5_t0p05,1,T001,0,2000,100,200,raw/v14_271.npz
full_N2000_K100_H200_w_ho_1p5_t0p05,1,T002,1,2000,100,200,raw/v14_271.npz
full_N2000_K100_H200_w_ho_1p5_t0p05,1,T003,2,2000,100,200,raw/v14_271.npz
full_N2000_K100_H200_w_ho_1p5_t0p05,1,T004,3,2000,100,200,raw/v14_271.npz
full_N2000_K100_H200_w_ho_1p5_t0p05,1,T005,4,2000,100,200,raw/v14_271.npz
full_N2000_K100_H200_w_ho_1p5_t0p05,1,T006,5,2000,100,200,raw/v14_271.npz
full_N2000_K100_H200_w_ho_1p5_t0p05,1,T007,6,2000,100,200,raw/v14_271.npz
full_N2000_K100_H200_w_ho_1p5_t0p05,1,T008,7,2000,100,200,raw/v14_271.npz
full_N2000_K100_H200_w_ho_1p5_t0p05,1,T009,8,2000,100,200,raw/v14_271.npz
full_N2000_K100_H200_w_ho_1p5_t0p05,1,T010,9,2000,100,200,raw/v14_271.npz
full_N2000_K100_H200_w_ho_1p5_t0p05,1,T011,10,2000,100,200,raw/v14_271.npz
full_N2000_K100_H200_w_ho_1p5_t0p05,1,T012,11,2000,100,200,raw/v14_271.npz
full_N2000_K100_H200_w_ho_1p5_t0p05,1,T013,12,2000,100,200,raw/v14_271.npz
full_N2000_K100_H200_w_ho_1p5_t0p05,1,T014,13,2000,100,200,raw/v14_271.npz
full_N2000_K100_H200_w_ho_1p5_t0p05,1,T015,14,2000,100,200,raw/v14_271.npz
full_N2000_K100_H200_w_ho_1p5_t0p05,1,T016,15,2000,100,200,raw/v14_271.npz
full_N2000_K100_H200_w_ho_1p5_t0p05,1,T017,16,2000,100,200,raw/v14_271.npz
full_N2000_K100_H200_w_ho_1p5_t0p05,1,T018,17,2000,100,200,raw/v14_271.npz
full_N2000_K100_H200_w_ho_1p5_t0p05,1,T019,18,2000,100,200,raw/v14_271.npz
full_N2000_K100_H200_w_ho_1p5_t0p05,1,T020,19,2000,100,200,raw/v14_271.npz
full_N2000_K100_H200_w_ho_1p5_t0p05,1,T021,20,2000,100,200,raw/v14_271.npz
full_N2000_K100_H200_w_ho_1p5_t0p05,1,T022,21,2000,100,200,raw/v14_271.npz
full_N2000_K100_H200_w_ho_1p5_t0p05,1,T023,22,2000,100,200,raw/v14_271.npz
full_N2000_K100_H200_w_ho_1p5_t0p05,1,T024,23,2000,100,200,raw/v14_271.npz
full_N2000_K100_H200_w_ho_1p5_t0p05,1,T025,24,2000,100,200,raw/v14_271.npz
full_N2000_K100_H200_w_ho_1p5_t0p05,1,T026,25,2000,100,200,raw/v14_271.npz
full_N2000_K100_H200_w_ho_1p5_t0p05,1,T027,26,2000,100,200,raw/v14_271.npz
full_N2000_K100_H200_w_ho_1p5_t0p05,1,T028,27,2000,100,200,raw/v14_271.npz
full_N2000_K100_H200_w_ho_1p5_t0p05,1,T029,28,2000,100,200,raw/v14_271.npz
full_N2000_K100_H200_w_ho_1p5_t0p05,1,T030,29,2000,100,200,raw/v14_271.npz
full_N2000_K100_H200_w_ho_1p5_t0p05,2,T001,0,2000,100,200,raw/v14_272.npz
full_N2000_K100_H200_w_ho_1p5_t0p05,2,T002,1,2000,100,200,raw/v14_272.npz
full_N2000_K100_H200_w_ho_1p5_t0p05,2,T003,2,2000,100,200,raw/v14_272.npz
full_N2000_K100_H200_w_ho_1p5_t0p05,2,T004,3,2000,100,200,raw/v14_272.npz
full_N2000_K100_H200_w_ho_1p5_t0p05,2,T005,4,2000,100,200,raw/v14_272.npz
full_N2000_K100_H200_w_ho_1p5_t0p05,2,T006,5,2000,100,200,raw/v14_272.npz
full_N2000_K100_H200_w_ho_1p5_t0p05,2,T007,6,2000,100,200,raw/v14_272.npz
full_N2000_K100_H200_w_ho_1p5_t0p05,2,T008,7,2000,100,200,raw/v14_272.npz
full_N2000_K100_H200_w_ho_1p5_t0p05,2,T009,8,2000,100,200,raw/v14_272.npz
full_N2000_K100_H200_w_ho_1p5_t0p05,2,T010,9,2000,100,200,raw/v14_272.npz
full_N2000_K100_H200_w_ho_1p5_t0p05,2,T011,10,2000,100,200,raw/v14_272.npz
full_N2000_K100_H200_w_ho_1p5_t0p05,2,T012,11,2000,100,200,raw/v14_272.npz
full_N2000_K100_H200_w_ho_1p5_t0p05,2,T013,12,2000,100,200,raw/v14_272.npz
full_N2000_K100_H200_w_ho_1p5_t0p05,2,T014,13,2000,100,200,raw/v14_272.npz
full_N2000_K100_H200_w_ho_1p5_t0p05,2,T015,14,2000,100,200,raw/v14_272.npz
full_N2000_K100_H200_w_ho_1p5_t0p05,2,T016,15,2000,100,200,raw/v14_272.npz
full_N2000_K100_H200_w_ho_1p5_t0p05,2,T017,16,2000,100,200,raw/v14_272.npz
full_N2000_K100_H200_w_ho_1p5_t0p05,2,T018,17,2000,100,200,raw/v14_272.npz
full_N2000_K100_H200_w_ho_1p5_t0p05,2,T019,18,2000,100,200,raw/v14_272.npz
full_N2000_K100_H200_w_ho_1p5_t0p05,2,T020,19,2000,100,200,raw/v14_272.npz
full_N2000_K100_H200_w_ho_1p5_t0p05,2,T021,20,2000,100,200,raw/v14_272.npz
full_N2000_K100_H200_w_ho_1p5_t0p05,2,T022,21,2000,100,200,raw/v14_272.npz
full_N2000_K100_H200_w_ho_1p5_t0p05,2,T023,22,2000,100,200,raw/v14_272.npz
full_N2000_K100_H200_w_ho_1p5_t0p05,2,T024,23,2000,100,200,raw/v14_272.npz
full_N2000_K100_H200_w_ho_1p5_t0p05,2,T025,24,2000,100,200,raw/v14_272.npz
full_N2000_K100_H200_w_ho_1p5_t0p05,2,T026,25,2000,100,200,raw/v14_272.npz
full_N2000_K100_H200_w_ho_1p5_t0p05,2,T027,26,2000,100,200,raw/v14_272.npz
full_N2000_K100_H200_w_ho_1p5_t0p05,2,T028,27,2000,100,200,raw/v14_272.npz
full_N2000_K100_H200_w_ho_1p5_t0p05,2,T029,28,2000,100,200,raw/v14_272.npz
full_N2000_K100_H200_w_ho_1p5_t0p05,2,T030,29,2000,100,200,raw/v14_272.npz
full_N2000_K100_H200_w_ho_1p5_t0p05,3,T001,0,2000,100,200,raw/v14_273.npz
full_N2000_K100_H200_w_ho_1p5_t0p05,3,T002,1,2000,100,200,raw/v14_273.npz
full_N2000_K100_H200_w_ho_1p5_t0p05,3,T003,2,2000,100,200,raw/v14_273.npz
full_N2000_K100_H200_w_ho_1p5_t0p05,3,T004,3,2000,100,200,raw/v14_273.npz
full_N2000_K100_H200_w_ho_1p5_t0p05,3,T005,4,2000,100,200,raw/v14_273.npz
full_N2000_K100_H200_w_ho_1p5_t0p05,3,T006,5,2000,100,200,raw/v14_273.npz
full_N2000_K100_H200_w_ho_1p5_t0p05,3,T007,6,2000,100,200,raw/v14_273.npz
full_N2000_K100_H200_w_ho_1p5_t0p05,3,T008,7,2000,100,200,raw/v14_273.npz
full_N2000_K100_H200_w_ho_1p5_t0p05,3,T009,8,2000,100,200,raw/v14_273.npz
full_N2000_K100_H200_w_ho_1p5_t0p05,3,T010,9,2000,100,200,raw/v14_273.npz
full_N2000_K100_H200_w_ho_1p5_t0p05,3,T011,10,2000,100,200,raw/v14_273.npz
full_N2000_K100_H200_w_ho_1p5_t0p05,3,T012,11,2000,100,200,raw/v14_273.npz
full_N2000_K100_H200_w_ho_1p5_t0p05,3,T013,12,2000,100,200,raw/v14_273.npz
full_N2000_K100_H200_w_ho_1p5_t0p05,3,T014,13,2000,100,200,raw/v14_273.npz
full_N2000_K100_H200_w_ho_1p5_t0p05,3,T015,14,2000,100,200,raw/v14_273.npz
full_N2000_K100_H200_w_ho_1p5_t0p05,3,T016,15,2000,100,200,raw/v14_273.npz
full_N2000_K100_H200_w_ho_1p5_t0p05,3,T017,16,2000,100,200,raw/v14_273.npz
full_N2000_K100_H200_w_ho_1p5_t0p05,3,T018,17,2000,100,200,raw/v14_273.npz
full_N2000_K100_H200_w_ho_1p5_t0p05,3,T019,18,2000,100,200,raw/v14_273.npz
full_N2000_K100_H200_w_ho_1p5_t0p05,3,T020,19,2000,100,200,raw/v14_273.npz
full_N2000_K100_H200_w_ho_1p5_t0p05,3,T021,20,2000,100,200,raw/v14_273.npz
full_N2000_K100_H200_w_ho_1p5_t0p05,3,T022,21,2000,100,200,raw/v14_273.npz
full_N2000_K100_H200_w_ho_1p5_t0p05,3,T023,22,2000,100,200,raw/v14_273.npz
full_N2000_K100_H200_w_ho_1p5_t0p05,3,T024,23,2000,100,200,raw/v14_273.npz
full_N2000_K100_H200_w_ho_1p5_t0p05,3,T025,24,2000,100,200,raw/v14_273.npz
full_N2000_K100_H200_w_ho_1p5_t0p05,3,T026,25,2000,100,200,raw/v14_273.npz
full_N2000_K100_H200_w_ho_1p5_t0p05,3,T027,26,2000,100,200,raw/v14_273.npz
full_N2000_K100_H200_w_ho_1p5_t0p05,3,T028,27,2000,100,200,raw/v14_273.npz
full_N2000_K100_H200_w_ho_1p5_t0p05,3,T029,28,2000,100,200,raw/v14_273.npz
full_N2000_K100_H200_w_ho_1p5_t0p05,3,T030,29,2000,100,200,raw/v14_273.npz
full_N2000_K100_H200_w_ho_1p5_t0p05,4,T001,0,2000,100,200,raw/v14_274.npz
full_N2000_K100_H200_w_ho_1p5_t0p05,4,T002,1,2000,100,200,raw/v14_274.npz
full_N2000_K100_H200_w_ho_1p5_t0p05,4,T003,2,2000,100,200,raw/v14_274.npz
full_N2000_K100_H200_w_ho_1p5_t0p05,4,T004,3,2000,100,200,raw/v14_274.npz
full_N2000_K100_H200_w_ho_1p5_t0p05,4,T005,4,2000,100,200,raw/v14_274.npz
full_N2000_K100_H200_w_ho_1p5_t0p05,4,T006,5,2000,100,200,raw/v14_274.npz
full_N2000_K100_H200_w_ho_1p5_t0p05,4,T007,6,2000,100,200,raw/v14_274.npz
full_N2000_K100_H200_w_ho_1p5_t0p05,4,T008,7,2000,100,200,raw/v14_274.npz
full_N2000_K100_H200_w_ho_1p5_t0p05,4,T009,8,2000,100,200,raw/v14_274.npz
full_N2000_K100_H200_w_ho_1p5_t0p05,4,T010,9,2000,100,200,raw/v14_274.npz
full_N2000_K100_H200_w_ho_1p5_t0p05,4,T011,10,2000,100,200,raw/v14_274.npz
full_N2000_K100_H200_w_ho_1p5_t0p05,4,T012,11,2000,100,200,raw/v14_274.npz
full_N2000_K100_H200_w_ho_1p5_t0p05,4,T013,12,2000,100,200,raw/v14_274.npz
full_N2000_K100_H200_w_ho_1p5_t0p05,4,T014,13,2000,100,200,raw/v14_274.npz
full_N2000_K100_H200_w_ho_1p5_t0p05,4,T015,14,2000,100,200,raw/v14_274.npz
full_N2000_K100_H200_w_ho_1p5_t0p05,4,T016,15,2000,100,200,raw/v14_274.npz
full_N2000_K100_H200_w_ho_1p5_t0p05,4,T017,16,2000,100,200,raw/v14_274.npz
full_N2000_K100_H200_w_ho_1p5_t0p05,4,T018,17,2000,100,200,raw/v14_274.npz
full_N2000_K100_H200_w_ho_1p5_t0p05,4,T019,18,2000,100,200,raw/v14_274.npz
full_N2000_K100_H200_w_ho_1p5_t0p05,4,T020,19,2000,100,200,raw/v14_274.npz
full_N2000_K100_H200_w_ho_1p5_t0p05,4,T021,20,2000,100,200,raw/v14_274.npz
full_N2000_K100_H200_w_ho_1p5_t0p05,4,T022,21,2000,100,200,raw/v14_274.npz
full_N2000_K100_H200_w_ho_1p5_t0p05,4,T023,22,2000,100,200,raw/v14_274.npz
full_N2000_K100_H200_w_ho_1p5_t0p05,4,T024,23,2000,100,200,raw/v14_274.npz
full_N2000_K100_H200_w_ho_1p5_t0p05,4,T025,24,2000,100,200,raw/v14_274.npz
full_N2000_K100_H200_w_ho_1p5_t0p05,4,T026,25,2000,100,200,raw/v14_274.npz
full_N2000_K100_H200_w_ho_1p5_t0p05,4,T027,26,2000,100,200,raw/v14_274.npz
full_N2000_K100_H200_w_ho_1p5_t0p05,4,T028,27,2000,100,200,raw/v14_274.npz
full_N2000_K100_H200_w_ho_1p5_t0p05,4,T029,28,2000,100,200,raw/v14_274.npz
full_N2000_K100_H200_w_ho_1p5_t0p05,4,T030,29,2000,100,200,raw/v14_274.npz
full_N2000_K100_H200_w_ho_1p5_t0p05,5,T001,0,2000,100,200,raw/v14_275.npz
full_N2000_K100_H200_w_ho_1p5_t0p05,5,T002,1,2000,100,200,raw/v14_275.npz
full_N2000_K100_H200_w_ho_1p5_t0p05,5,T003,2,2000,100,200,raw/v14_275.npz
full_N2000_K100_H200_w_ho_1p5_t0p05,5,T004,3,2000,100,200,raw/v14_275.npz
full_N2000_K100_H200_w_ho_1p5_t0p05,5,T005,4,2000,100,200,raw/v14_275.npz
full_N2000_K100_H200_w_ho_1p5_t0p05,5,T006,5,2000,100,200,raw/v14_275.npz
full_N2000_K100_H200_w_ho_1p5_t0p05,5,T007,6,2000,100,200,raw/v14_275.npz
full_N2000_K100_H200_w_ho_1p5_t0p05,5,T008,7,2000,100,200,raw/v14_275.npz
full_N2000_K100_H200_w_ho_1p5_t0p05,5,T009,8,2000,100,200,raw/v14_275.npz
full_N2000_K100_H200_w_ho_1p5_t0p05,5,T010,9,2000,100,200,raw/v14_275.npz
full_N2000_K100_H200_w_ho_1p5_t0p05,5,T011,10,2000,100,200,raw/v14_275.npz
full_N2000_K100_H200_w_ho_1p5_t0p05,5,T012,11,2000,100,200,raw/v14_275.npz
full_N2000_K100_H200_w_ho_1p5_t0p05,5,T013,12,2000,100,200,raw/v14_275.npz
full_N2000_K100_H200_w_ho_1p5_t0p05,5,T014,13,2000,100,200,raw/v14_275.npz
full_N2000_K100_H200_w_ho_1p5_t0p05,5,T015,14,2000,100,200,raw/v14_275.npz
full_N2000_K100_H200_w_ho_1p5_t0p05,5,T016,15,2000,100,200,raw/v14_275.npz
full_N2000_K100_H200_w_ho_1p5_t0p05,5,T017,16,2000,100,200,raw/v14_275.npz
full_N2000_K100_H200_w_ho_1p5_t0p05,5,T018,17,2000,100,200,raw/v14_275.npz
full_N2000_K100_H200_w_ho_1p5_t0p05,5,T019,18,2000,100,200,raw/v14_275.npz
full_N2000_K100_H200_w_ho_1p5_t0p05,5,T020,19,2000,100,200,raw/v14_275.npz
full_N2000_K100_H200_w_ho_1p5_t0p05,5,T021,20,2000,100,200,raw/v14_275.npz
full_N2000_K100_H200_w_ho_1p5_t0p05,5,T022,21,2000,100,200,raw/v14_275.npz
full_N2000_K100_H200_w_ho_1p5_t0p05,5,T023,22,2000,100,200,raw/v14_275.npz
full_N2000_K100_H200_w_ho_1p5_t0p05,5,T024,23,2000,100,200,raw/v14_275.npz
full_N2000_K100_H200_w_ho_1p5_t0p05,5,T025,24,2000,100,200,raw/v14_275.npz
full_N2000_K100_H200_w_ho_1p5_t0p05,5,T026,25,2000,100,200,raw/v14_275.npz
full_N2000_K100_H200_w_ho_1p5_t0p05,5,T027,26,2000,100,200,raw/v14_275.npz
full_N2000_K100_H200_w_ho_1p5_t0p05,5,T028,27,2000,100,200,raw/v14_275.npz
full_N2000_K100_H200_w_ho_1p5_t0p05,5,T029,28,2000,100,200,raw/v14_275.npz
full_N2000_K100_H200_w_ho_1p5_t0p05,5,T030,29,2000,100,200,raw/v14_275.npz
full_N2000_K100_H200_w_load_0p5_t0p05,1,T001,0,2000,100,200,raw/v14_276.npz
full_N2000_K100_H200_w_load_0p5_t0p05,1,T002,1,2000,100,200,raw/v14_276.npz
full_N2000_K100_H200_w_load_0p5_t0p05,1,T003,2,2000,100,200,raw/v14_276.npz
full_N2000_K100_H200_w_load_0p5_t0p05,1,T004,3,2000,100,200,raw/v14_276.npz
full_N2000_K100_H200_w_load_0p5_t0p05,1,T005,4,2000,100,200,raw/v14_276.npz
full_N2000_K100_H200_w_load_0p5_t0p05,1,T006,5,2000,100,200,raw/v14_276.npz
full_N2000_K100_H200_w_load_0p5_t0p05,1,T007,6,2000,100,200,raw/v14_276.npz
full_N2000_K100_H200_w_load_0p5_t0p05,1,T008,7,2000,100,200,raw/v14_276.npz
full_N2000_K100_H200_w_load_0p5_t0p05,1,T009,8,2000,100,200,raw/v14_276.npz
full_N2000_K100_H200_w_load_0p5_t0p05,1,T010,9,2000,100,200,raw/v14_276.npz
full_N2000_K100_H200_w_load_0p5_t0p05,1,T011,10,2000,100,200,raw/v14_276.npz
full_N2000_K100_H200_w_load_0p5_t0p05,1,T012,11,2000,100,200,raw/v14_276.npz
full_N2000_K100_H200_w_load_0p5_t0p05,1,T013,12,2000,100,200,raw/v14_276.npz
full_N2000_K100_H200_w_load_0p5_t0p05,1,T014,13,2000,100,200,raw/v14_276.npz
full_N2000_K100_H200_w_load_0p5_t0p05,1,T015,14,2000,100,200,raw/v14_276.npz
full_N2000_K100_H200_w_load_0p5_t0p05,1,T016,15,2000,100,200,raw/v14_276.npz
full_N2000_K100_H200_w_load_0p5_t0p05,1,T017,16,2000,100,200,raw/v14_276.npz
full_N2000_K100_H200_w_load_0p5_t0p05,1,T018,17,2000,100,200,raw/v14_276.npz
full_N2000_K100_H200_w_load_0p5_t0p05,1,T019,18,2000,100,200,raw/v14_276.npz
full_N2000_K100_H200_w_load_0p5_t0p05,1,T020,19,2000,100,200,raw/v14_276.npz
full_N2000_K100_H200_w_load_0p5_t0p05,1,T021,20,2000,100,200,raw/v14_276.npz
full_N2000_K100_H200_w_load_0p5_t0p05,1,T022,21,2000,100,200,raw/v14_276.npz
full_N2000_K100_H200_w_load_0p5_t0p05,1,T023,22,2000,100,200,raw/v14_276.npz
full_N2000_K100_H200_w_load_0p5_t0p05,1,T024,23,2000,100,200,raw/v14_276.npz
full_N2000_K100_H200_w_load_0p5_t0p05,1,T025,24,2000,100,200,raw/v14_276.npz
full_N2000_K100_H200_w_load_0p5_t0p05,1,T026,25,2000,100,200,raw/v14_276.npz
full_N2000_K100_H200_w_load_0p5_t0p05,1,T027,26,2000,100,200,raw/v14_276.npz
full_N2000_K100_H200_w_load_0p5_t0p05,1,T028,27,2000,100,200,raw/v14_276.npz
full_N2000_K100_H200_w_load_0p5_t0p05,1,T029,28,2000,100,200,raw/v14_276.npz
full_N2000_K100_H200_w_load_0p5_t0p05,1,T030,29,2000,100,200,raw/v14_276.npz
full_N2000_K100_H200_w_load_0p5_t0p05,2,T001,0,2000,100,200,raw/v14_277.npz
full_N2000_K100_H200_w_load_0p5_t0p05,2,T002,1,2000,100,200,raw/v14_277.npz
full_N2000_K100_H200_w_load_0p5_t0p05,2,T003,2,2000,100,200,raw/v14_277.npz
full_N2000_K100_H200_w_load_0p5_t0p05,2,T004,3,2000,100,200,raw/v14_277.npz
full_N2000_K100_H200_w_load_0p5_t0p05,2,T005,4,2000,100,200,raw/v14_277.npz
full_N2000_K100_H200_w_load_0p5_t0p05,2,T006,5,2000,100,200,raw/v14_277.npz
full_N2000_K100_H200_w_load_0p5_t0p05,2,T007,6,2000,100,200,raw/v14_277.npz
full_N2000_K100_H200_w_load_0p5_t0p05,2,T008,7,2000,100,200,raw/v14_277.npz
full_N2000_K100_H200_w_load_0p5_t0p05,2,T009,8,2000,100,200,raw/v14_277.npz
full_N2000_K100_H200_w_load_0p5_t0p05,2,T010,9,2000,100,200,raw/v14_277.npz
full_N2000_K100_H200_w_load_0p5_t0p05,2,T011,10,2000,100,200,raw/v14_277.npz
full_N2000_K100_H200_w_load_0p5_t0p05,2,T012,11,2000,100,200,raw/v14_277.npz
full_N2000_K100_H200_w_load_0p5_t0p05,2,T013,12,2000,100,200,raw/v14_277.npz
full_N2000_K100_H200_w_load_0p5_t0p05,2,T014,13,2000,100,200,raw/v14_277.npz
full_N2000_K100_H200_w_load_0p5_t0p05,2,T015,14,2000,100,200,raw/v14_277.npz
full_N2000_K100_H200_w_load_0p5_t0p05,2,T016,15,2000,100,200,raw/v14_277.npz
full_N2000_K100_H200_w_load_0p5_t0p05,2,T017,16,2000,100,200,raw/v14_277.npz
full_N2000_K100_H200_w_load_0p5_t0p05,2,T018,17,2000,100,200,raw/v14_277.npz
full_N2000_K100_H200_w_load_0p5_t0p05,2,T019,18,2000,100,200,raw/v14_277.npz
full_N2000_K100_H200_w_load_0p5_t0p05,2,T020,19,2000,100,200,raw/v14_277.npz
full_N2000_K100_H200_w_load_0p5_t0p05,2,T021,20,2000,100,200,raw/v14_277.npz
full_N2000_K100_H200_w_load_0p5_t0p05,2,T022,21,2000,100,200,raw/v14_277.npz
full_N2000_K100_H200_w_load_0p5_t0p05,2,T023,22,2000,100,200,raw/v14_277.npz
full_N2000_K100_H200_w_load_0p5_t0p05,2,T024,23,2000,100,200,raw/v14_277.npz
full_N2000_K100_H200_w_load_0p5_t0p05,2,T025,24,2000,100,200,raw/v14_277.npz
full_N2000_K100_H200_w_load_0p5_t0p05,2,T026,25,2000,100,200,raw/v14_277.npz
full_N2000_K100_H200_w_load_0p5_t0p05,2,T027,26,2000,100,200,raw/v14_277.npz
full_N2000_K100_H200_w_load_0p5_t0p05,2,T028,27,2000,100,200,raw/v14_277.npz
full_N2000_K100_H200_w_load_0p5_t0p05,2,T029,28,2000,100,200,raw/v14_277.npz
full_N2000_K100_H200_w_load_0p5_t0p05,2,T030,29,2000,100,200,raw/v14_277.npz
full_N2000_K100_H200_w_load_0p5_t0p05,3,T001,0,2000,100,200,raw/v14_278.npz
full_N2000_K100_H200_w_load_0p5_t0p05,3,T002,1,2000,100,200,raw/v14_278.npz
full_N2000_K100_H200_w_load_0p5_t0p05,3,T003,2,2000,100,200,raw/v14_278.npz
full_N2000_K100_H200_w_load_0p5_t0p05,3,T004,3,2000,100,200,raw/v14_278.npz
full_N2000_K100_H200_w_load_0p5_t0p05,3,T005,4,2000,100,200,raw/v14_278.npz
full_N2000_K100_H200_w_load_0p5_t0p05,3,T006,5,2000,100,200,raw/v14_278.npz
full_N2000_K100_H200_w_load_0p5_t0p05,3,T007,6,2000,100,200,raw/v14_278.npz
full_N2000_K100_H200_w_load_0p5_t0p05,3,T008,7,2000,100,200,raw/v14_278.npz
full_N2000_K100_H200_w_load_0p5_t0p05,3,T009,8,2000,100,200,raw/v14_278.npz
full_N2000_K100_H200_w_load_0p5_t0p05,3,T010,9,2000,100,200,raw/v14_278.npz
full_N2000_K100_H200_w_load_0p5_t0p05,3,T011,10,2000,100,200,raw/v14_278.npz
full_N2000_K100_H200_w_load_0p5_t0p05,3,T012,11,2000,100,200,raw/v14_278.npz
full_N2000_K100_H200_w_load_0p5_t0p05,3,T013,12,2000,100,200,raw/v14_278.npz
full_N2000_K100_H200_w_load_0p5_t0p05,3,T014,13,2000,100,200,raw/v14_278.npz
full_N2000_K100_H200_w_load_0p5_t0p05,3,T015,14,2000,100,200,raw/v14_278.npz
full_N2000_K100_H200_w_load_0p5_t0p05,3,T016,15,2000,100,200,raw/v14_278.npz
full_N2000_K100_H200_w_load_0p5_t0p05,3,T017,16,2000,100,200,raw/v14_278.npz
full_N2000_K100_H200_w_load_0p5_t0p05,3,T018,17,2000,100,200,raw/v14_278.npz
full_N2000_K100_H200_w_load_0p5_t0p05,3,T019,18,2000,100,200,raw/v14_278.npz
full_N2000_K100_H200_w_load_0p5_t0p05,3,T020,19,2000,100,200,raw/v14_278.npz
full_N2000_K100_H200_w_load_0p5_t0p05,3,T021,20,2000,100,200,raw/v14_278.npz
full_N2000_K100_H200_w_load_0p5_t0p05,3,T022,21,2000,100,200,raw/v14_278.npz
full_N2000_K100_H200_w_load_0p5_t0p05,3,T023,22,2000,100,200,raw/v14_278.npz
full_N2000_K100_H200_w_load_0p5_t0p05,3,T024,23,2000,100,200,raw/v14_278.npz
full_N2000_K100_H200_w_load_0p5_t0p05,3,T025,24,2000,100,200,raw/v14_278.npz
full_N2000_K100_H200_w_load_0p5_t0p05,3,T026,25,2000,100,200,raw/v14_278.npz
full_N2000_K100_H200_w_load_0p5_t0p05,3,T027,26,2000,100,200,raw/v14_278.npz
full_N2000_K100_H200_w_load_0p5_t0p05,3,T028,27,2000,100,200,raw/v14_278.npz
full_N2000_K100_H200_w_load_0p5_t0p05,3,T029,28,2000,100,200,raw/v14_278.npz
full_N2000_K100_H200_w_load_0p5_t0p05,3,T030,29,2000,100,200,raw/v14_278.npz
full_N2000_K100_H200_w_load_0p5_t0p05,4,T001,0,2000,100,200,raw/v14_279.npz
full_N2000_K100_H200_w_load_0p5_t0p05,4,T002,1,2000,100,200,raw/v14_279.npz
full_N2000_K100_H200_w_load_0p5_t0p05,4,T003,2,2000,100,200,raw/v14_279.npz
full_N2000_K100_H200_w_load_0p5_t0p05,4,T004,3,2000,100,200,raw/v14_279.npz
full_N2000_K100_H200_w_load_0p5_t0p05,4,T005,4,2000,100,200,raw/v14_279.npz
full_N2000_K100_H200_w_load_0p5_t0p05,4,T006,5,2000,100,200,raw/v14_279.npz
full_N2000_K100_H200_w_load_0p5_t0p05,4,T007,6,2000,100,200,raw/v14_279.npz
full_N2000_K100_H200_w_load_0p5_t0p05,4,T008,7,2000,100,200,raw/v14_279.npz
full_N2000_K100_H200_w_load_0p5_t0p05,4,T009,8,2000,100,200,raw/v14_279.npz
full_N2000_K100_H200_w_load_0p5_t0p05,4,T010,9,2000,100,200,raw/v14_279.npz
full_N2000_K100_H200_w_load_0p5_t0p05,4,T011,10,2000,100,200,raw/v14_279.npz
full_N2000_K100_H200_w_load_0p5_t0p05,4,T012,11,2000,100,200,raw/v14_279.npz
full_N2000_K100_H200_w_load_0p5_t0p05,4,T013,12,2000,100,200,raw/v14_279.npz
full_N2000_K100_H200_w_load_0p5_t0p05,4,T014,13,2000,100,200,raw/v14_279.npz
full_N2000_K100_H200_w_load_0p5_t0p05,4,T015,14,2000,100,200,raw/v14_279.npz
full_N2000_K100_H200_w_load_0p5_t0p05,4,T016,15,2000,100,200,raw/v14_279.npz
full_N2000_K100_H200_w_load_0p5_t0p05,4,T017,16,2000,100,200,raw/v14_279.npz
full_N2000_K100_H200_w_load_0p5_t0p05,4,T018,17,2000,100,200,raw/v14_279.npz
full_N2000_K100_H200_w_load_0p5_t0p05,4,T019,18,2000,100,200,raw/v14_279.npz
full_N2000_K100_H200_w_load_0p5_t0p05,4,T020,19,2000,100,200,raw/v14_279.npz
full_N2000_K100_H200_w_load_0p5_t0p05,4,T021,20,2000,100,200,raw/v14_279.npz
full_N2000_K100_H200_w_load_0p5_t0p05,4,T022,21,2000,100,200,raw/v14_279.npz
full_N2000_K100_H200_w_load_0p5_t0p05,4,T023,22,2000,100,200,raw/v14_279.npz
full_N2000_K100_H200_w_load_0p5_t0p05,4,T024,23,2000,100,200,raw/v14_279.npz
full_N2000_K100_H200_w_load_0p5_t0p05,4,T025,24,2000,100,200,raw/v14_279.npz
full_N2000_K100_H200_w_load_0p5_t0p05,4,T026,25,2000,100,200,raw/v14_279.npz
full_N2000_K100_H200_w_load_0p5_t0p05,4,T027,26,2000,100,200,raw/v14_279.npz
full_N2000_K100_H200_w_load_0p5_t0p05,4,T028,27,2000,100,200,raw/v14_279.npz
full_N2000_K100_H200_w_load_0p5_t0p05,4,T029,28,2000,100,200,raw/v14_279.npz
full_N2000_K100_H200_w_load_0p5_t0p05,4,T030,29,2000,100,200,raw/v14_279.npz
full_N2000_K100_H200_w_load_0p5_t0p05,5,T001,0,2000,100,200,raw/v14_280.npz
full_N2000_K100_H200_w_load_0p5_t0p05,5,T002,1,2000,100,200,raw/v14_280.npz
full_N2000_K100_H200_w_load_0p5_t0p05,5,T003,2,2000,100,200,raw/v14_280.npz
full_N2000_K100_H200_w_load_0p5_t0p05,5,T004,3,2000,100,200,raw/v14_280.npz
full_N2000_K100_H200_w_load_0p5_t0p05,5,T005,4,2000,100,200,raw/v14_280.npz
full_N2000_K100_H200_w_load_0p5_t0p05,5,T006,5,2000,100,200,raw/v14_280.npz
full_N2000_K100_H200_w_load_0p5_t0p05,5,T007,6,2000,100,200,raw/v14_280.npz
full_N2000_K100_H200_w_load_0p5_t0p05,5,T008,7,2000,100,200,raw/v14_280.npz
full_N2000_K100_H200_w_load_0p5_t0p05,5,T009,8,2000,100,200,raw/v14_280.npz
full_N2000_K100_H200_w_load_0p5_t0p05,5,T010,9,2000,100,200,raw/v14_280.npz
full_N2000_K100_H200_w_load_0p5_t0p05,5,T011,10,2000,100,200,raw/v14_280.npz
full_N2000_K100_H200_w_load_0p5_t0p05,5,T012,11,2000,100,200,raw/v14_280.npz
full_N2000_K100_H200_w_load_0p5_t0p05,5,T013,12,2000,100,200,raw/v14_280.npz
full_N2000_K100_H200_w_load_0p5_t0p05,5,T014,13,2000,100,200,raw/v14_280.npz
full_N2000_K100_H200_w_load_0p5_t0p05,5,T015,14,2000,100,200,raw/v14_280.npz
full_N2000_K100_H200_w_load_0p5_t0p05,5,T016,15,2000,100,200,raw/v14_280.npz
full_N2000_K100_H200_w_load_0p5_t0p05,5,T017,16,2000,100,200,raw/v14_280.npz
full_N2000_K100_H200_w_load_0p5_t0p05,5,T018,17,2000,100,200,raw/v14_280.npz
full_N2000_K100_H200_w_load_0p5_t0p05,5,T019,18,2000,100,200,raw/v14_280.npz
full_N2000_K100_H200_w_load_0p5_t0p05,5,T020,19,2000,100,200,raw/v14_280.npz
full_N2000_K100_H200_w_load_0p5_t0p05,5,T021,20,2000,100,200,raw/v14_280.npz
full_N2000_K100_H200_w_load_0p5_t0p05,5,T022,21,2000,100,200,raw/v14_280.npz
full_N2000_K100_H200_w_load_0p5_t0p05,5,T023,22,2000,100,200,raw/v14_280.npz
full_N2000_K100_H200_w_load_0p5_t0p05,5,T024,23,2000,100,200,raw/v14_280.npz
full_N2000_K100_H200_w_load_0p5_t0p05,5,T025,24,2000,100,200,raw/v14_280.npz
full_N2000_K100_H200_w_load_0p5_t0p05,5,T026,25,2000,100,200,raw/v14_280.npz
full_N2000_K100_H200_w_load_0p5_t0p05,5,T027,26,2000,100,200,raw/v14_280.npz
full_N2000_K100_H200_w_load_0p5_t0p05,5,T028,27,2000,100,200,raw/v14_280.npz
full_N2000_K100_H200_w_load_0p5_t0p05,5,T029,28,2000,100,200,raw/v14_280.npz
full_N2000_K100_H200_w_load_0p5_t0p05,5,T030,29,2000,100,200,raw/v14_280.npz
full_N2000_K100_H200_w_load_0p75_t0p05,1,T001,0,2000,100,200,raw/v14_281.npz
full_N2000_K100_H200_w_load_0p75_t0p05,1,T002,1,2000,100,200,raw/v14_281.npz
full_N2000_K100_H200_w_load_0p75_t0p05,1,T003,2,2000,100,200,raw/v14_281.npz
full_N2000_K100_H200_w_load_0p75_t0p05,1,T004,3,2000,100,200,raw/v14_281.npz
full_N2000_K100_H200_w_load_0p75_t0p05,1,T005,4,2000,100,200,raw/v14_281.npz
full_N2000_K100_H200_w_load_0p75_t0p05,1,T006,5,2000,100,200,raw/v14_281.npz
full_N2000_K100_H200_w_load_0p75_t0p05,1,T007,6,2000,100,200,raw/v14_281.npz
full_N2000_K100_H200_w_load_0p75_t0p05,1,T008,7,2000,100,200,raw/v14_281.npz
full_N2000_K100_H200_w_load_0p75_t0p05,1,T009,8,2000,100,200,raw/v14_281.npz
full_N2000_K100_H200_w_load_0p75_t0p05,1,T010,9,2000,100,200,raw/v14_281.npz
full_N2000_K100_H200_w_load_0p75_t0p05,1,T011,10,2000,100,200,raw/v14_281.npz
full_N2000_K100_H200_w_load_0p75_t0p05,1,T012,11,2000,100,200,raw/v14_281.npz
full_N2000_K100_H200_w_load_0p75_t0p05,1,T013,12,2000,100,200,raw/v14_281.npz
full_N2000_K100_H200_w_load_0p75_t0p05,1,T014,13,2000,100,200,raw/v14_281.npz
full_N2000_K100_H200_w_load_0p75_t0p05,1,T015,14,2000,100,200,raw/v14_281.npz
full_N2000_K100_H200_w_load_0p75_t0p05,1,T016,15,2000,100,200,raw/v14_281.npz
full_N2000_K100_H200_w_load_0p75_t0p05,1,T017,16,2000,100,200,raw/v14_281.npz
full_N2000_K100_H200_w_load_0p75_t0p05,1,T018,17,2000,100,200,raw/v14_281.npz
full_N2000_K100_H200_w_load_0p75_t0p05,1,T019,18,2000,100,200,raw/v14_281.npz
full_N2000_K100_H200_w_load_0p75_t0p05,1,T020,19,2000,100,200,raw/v14_281.npz
full_N2000_K100_H200_w_load_0p75_t0p05,1,T021,20,2000,100,200,raw/v14_281.npz
full_N2000_K100_H200_w_load_0p75_t0p05,1,T022,21,2000,100,200,raw/v14_281.npz
full_N2000_K100_H200_w_load_0p75_t0p05,1,T023,22,2000,100,200,raw/v14_281.npz
full_N2000_K100_H200_w_load_0p75_t0p05,1,T024,23,2000,100,200,raw/v14_281.npz
full_N2000_K100_H200_w_load_0p75_t0p05,1,T025,24,2000,100,200,raw/v14_281.npz
full_N2000_K100_H200_w_load_0p75_t0p05,1,T026,25,2000,100,200,raw/v14_281.npz
full_N2000_K100_H200_w_load_0p75_t0p05,1,T027,26,2000,100,200,raw/v14_281.npz
full_N2000_K100_H200_w_load_0p75_t0p05,1,T028,27,2000,100,200,raw/v14_281.npz
full_N2000_K100_H200_w_load_0p75_t0p05,1,T029,28,2000,100,200,raw/v14_281.npz
full_N2000_K100_H200_w_load_0p75_t0p05,1,T030,29,2000,100,200,raw/v14_281.npz
full_N2000_K100_H200_w_load_0p75_t0p05,2,T001,0,2000,100,200,raw/v14_282.npz
full_N2000_K100_H200_w_load_0p75_t0p05,2,T002,1,2000,100,200,raw/v14_282.npz
full_N2000_K100_H200_w_load_0p75_t0p05,2,T003,2,2000,100,200,raw/v14_282.npz
full_N2000_K100_H200_w_load_0p75_t0p05,2,T004,3,2000,100,200,raw/v14_282.npz
full_N2000_K100_H200_w_load_0p75_t0p05,2,T005,4,2000,100,200,raw/v14_282.npz
full_N2000_K100_H200_w_load_0p75_t0p05,2,T006,5,2000,100,200,raw/v14_282.npz
full_N2000_K100_H200_w_load_0p75_t0p05,2,T007,6,2000,100,200,raw/v14_282.npz
full_N2000_K100_H200_w_load_0p75_t0p05,2,T008,7,2000,100,200,raw/v14_282.npz
full_N2000_K100_H200_w_load_0p75_t0p05,2,T009,8,2000,100,200,raw/v14_282.npz
full_N2000_K100_H200_w_load_0p75_t0p05,2,T010,9,2000,100,200,raw/v14_282.npz
full_N2000_K100_H200_w_load_0p75_t0p05,2,T011,10,2000,100,200,raw/v14_282.npz
full_N2000_K100_H200_w_load_0p75_t0p05,2,T012,11,2000,100,200,raw/v14_282.npz
full_N2000_K100_H200_w_load_0p75_t0p05,2,T013,12,2000,100,200,raw/v14_282.npz
full_N2000_K100_H200_w_load_0p75_t0p05,2,T014,13,2000,100,200,raw/v14_282.npz
full_N2000_K100_H200_w_load_0p75_t0p05,2,T015,14,2000,100,200,raw/v14_282.npz
full_N2000_K100_H200_w_load_0p75_t0p05,2,T016,15,2000,100,200,raw/v14_282.npz
full_N2000_K100_H200_w_load_0p75_t0p05,2,T017,16,2000,100,200,raw/v14_282.npz
full_N2000_K100_H200_w_load_0p75_t0p05,2,T018,17,2000,100,200,raw/v14_282.npz
full_N2000_K100_H200_w_load_0p75_t0p05,2,T019,18,2000,100,200,raw/v14_282.npz
full_N2000_K100_H200_w_load_0p75_t0p05,2,T020,19,2000,100,200,raw/v14_282.npz
full_N2000_K100_H200_w_load_0p75_t0p05,2,T021,20,2000,100,200,raw/v14_282.npz
full_N2000_K100_H200_w_load_0p75_t0p05,2,T022,21,2000,100,200,raw/v14_282.npz
full_N2000_K100_H200_w_load_0p75_t0p05,2,T023,22,2000,100,200,raw/v14_282.npz
full_N2000_K100_H200_w_load_0p75_t0p05,2,T024,23,2000,100,200,raw/v14_282.npz
full_N2000_K100_H200_w_load_0p75_t0p05,2,T025,24,2000,100,200,raw/v14_282.npz
full_N2000_K100_H200_w_load_0p75_t0p05,2,T026,25,2000,100,200,raw/v14_282.npz
full_N2000_K100_H200_w_load_0p75_t0p05,2,T027,26,2000,100,200,raw/v14_282.npz
full_N2000_K100_H200_w_load_0p75_t0p05,2,T028,27,2000,100,200,raw/v14_282.npz
full_N2000_K100_H200_w_load_0p75_t0p05,2,T029,28,2000,100,200,raw/v14_282.npz
full_N2000_K100_H200_w_load_0p75_t0p05,2,T030,29,2000,100,200,raw/v14_282.npz
full_N2000_K100_H200_w_load_0p75_t0p05,3,T001,0,2000,100,200,raw/v14_283.npz
full_N2000_K100_H200_w_load_0p75_t0p05,3,T002,1,2000,100,200,raw/v14_283.npz
full_N2000_K100_H200_w_load_0p75_t0p05,3,T003,2,2000,100,200,raw/v14_283.npz
full_N2000_K100_H200_w_load_0p75_t0p05,3,T004,3,2000,100,200,raw/v14_283.npz
full_N2000_K100_H200_w_load_0p75_t0p05,3,T005,4,2000,100,200,raw/v14_283.npz
full_N2000_K100_H200_w_load_0p75_t0p05,3,T006,5,2000,100,200,raw/v14_283.npz
full_N2000_K100_H200_w_load_0p75_t0p05,3,T007,6,2000,100,200,raw/v14_283.npz
full_N2000_K100_H200_w_load_0p75_t0p05,3,T008,7,2000,100,200,raw/v14_283.npz
full_N2000_K100_H200_w_load_0p75_t0p05,3,T009,8,2000,100,200,raw/v14_283.npz
full_N2000_K100_H200_w_load_0p75_t0p05,3,T010,9,2000,100,200,raw/v14_283.npz
full_N2000_K100_H200_w_load_0p75_t0p05,3,T011,10,2000,100,200,raw/v14_283.npz
full_N2000_K100_H200_w_load_0p75_t0p05,3,T012,11,2000,100,200,raw/v14_283.npz
full_N2000_K100_H200_w_load_0p75_t0p05,3,T013,12,2000,100,200,raw/v14_283.npz
full_N2000_K100_H200_w_load_0p75_t0p05,3,T014,13,2000,100,200,raw/v14_283.npz
full_N2000_K100_H200_w_load_0p75_t0p05,3,T015,14,2000,100,200,raw/v14_283.npz
full_N2000_K100_H200_w_load_0p75_t0p05,3,T016,15,2000,100,200,raw/v14_283.npz
full_N2000_K100_H200_w_load_0p75_t0p05,3,T017,16,2000,100,200,raw/v14_283.npz
full_N2000_K100_H200_w_load_0p75_t0p05,3,T018,17,2000,100,200,raw/v14_283.npz
full_N2000_K100_H200_w_load_0p75_t0p05,3,T019,18,2000,100,200,raw/v14_283.npz
full_N2000_K100_H200_w_load_0p75_t0p05,3,T020,19,2000,100,200,raw/v14_283.npz
full_N2000_K100_H200_w_load_0p75_t0p05,3,T021,20,2000,100,200,raw/v14_283.npz
full_N2000_K100_H200_w_load_0p75_t0p05,3,T022,21,2000,100,200,raw/v14_283.npz
full_N2000_K100_H200_w_load_0p75_t0p05,3,T023,22,2000,100,200,raw/v14_283.npz
full_N2000_K100_H200_w_load_0p75_t0p05,3,T024,23,2000,100,200,raw/v14_283.npz
full_N2000_K100_H200_w_load_0p75_t0p05,3,T025,24,2000,100,200,raw/v14_283.npz
full_N2000_K100_H200_w_load_0p75_t0p05,3,T026,25,2000,100,200,raw/v14_283.npz
full_N2000_K100_H200_w_load_0p75_t0p05,3,T027,26,2000,100,200,raw/v14_283.npz
full_N2000_K100_H200_w_load_0p75_t0p05,3,T028,27,2000,100,200,raw/v14_283.npz
full_N2000_K100_H200_w_load_0p75_t0p05,3,T029,28,2000,100,200,raw/v14_283.npz
full_N2000_K100_H200_w_load_0p75_t0p05,3,T030,29,2000,100,200,raw/v14_283.npz
full_N2000_K100_H200_w_load_0p75_t0p05,4,T001,0,2000,100,200,raw/v14_284.npz
full_N2000_K100_H200_w_load_0p75_t0p05,4,T002,1,2000,100,200,raw/v14_284.npz
full_N2000_K100_H200_w_load_0p75_t0p05,4,T003,2,2000,100,200,raw/v14_284.npz
full_N2000_K100_H200_w_load_0p75_t0p05,4,T004,3,2000,100,200,raw/v14_284.npz
full_N2000_K100_H200_w_load_0p75_t0p05,4,T005,4,2000,100,200,raw/v14_284.npz
full_N2000_K100_H200_w_load_0p75_t0p05,4,T006,5,2000,100,200,raw/v14_284.npz
full_N2000_K100_H200_w_load_0p75_t0p05,4,T007,6,2000,100,200,raw/v14_284.npz
full_N2000_K100_H200_w_load_0p75_t0p05,4,T008,7,2000,100,200,raw/v14_284.npz
full_N2000_K100_H200_w_load_0p75_t0p05,4,T009,8,2000,100,200,raw/v14_284.npz
full_N2000_K100_H200_w_load_0p75_t0p05,4,T010,9,2000,100,200,raw/v14_284.npz
full_N2000_K100_H200_w_load_0p75_t0p05,4,T011,10,2000,100,200,raw/v14_284.npz
full_N2000_K100_H200_w_load_0p75_t0p05,4,T012,11,2000,100,200,raw/v14_284.npz
full_N2000_K100_H200_w_load_0p75_t0p05,4,T013,12,2000,100,200,raw/v14_284.npz
full_N2000_K100_H200_w_load_0p75_t0p05,4,T014,13,2000,100,200,raw/v14_284.npz
full_N2000_K100_H200_w_load_0p75_t0p05,4,T015,14,2000,100,200,raw/v14_284.npz
full_N2000_K100_H200_w_load_0p75_t0p05,4,T016,15,2000,100,200,raw/v14_284.npz
full_N2000_K100_H200_w_load_0p75_t0p05,4,T017,16,2000,100,200,raw/v14_284.npz
full_N2000_K100_H200_w_load_0p75_t0p05,4,T018,17,2000,100,200,raw/v14_284.npz
full_N2000_K100_H200_w_load_0p75_t0p05,4,T019,18,2000,100,200,raw/v14_284.npz
full_N2000_K100_H200_w_load_0p75_t0p05,4,T020,19,2000,100,200,raw/v14_284.npz
full_N2000_K100_H200_w_load_0p75_t0p05,4,T021,20,2000,100,200,raw/v14_284.npz
full_N2000_K100_H200_w_load_0p75_t0p05,4,T022,21,2000,100,200,raw/v14_284.npz
full_N2000_K100_H200_w_load_0p75_t0p05,4,T023,22,2000,100,200,raw/v14_284.npz
full_N2000_K100_H200_w_load_0p75_t0p05,4,T024,23,2000,100,200,raw/v14_284.npz
full_N2000_K100_H200_w_load_0p75_t0p05,4,T025,24,2000,100,200,raw/v14_284.npz
full_N2000_K100_H200_w_load_0p75_t0p05,4,T026,25,2000,100,200,raw/v14_284.npz
full_N2000_K100_H200_w_load_0p75_t0p05,4,T027,26,2000,100,200,raw/v14_284.npz
full_N2000_K100_H200_w_load_0p75_t0p05,4,T028,27,2000,100,200,raw/v14_284.npz
full_N2000_K100_H200_w_load_0p75_t0p05,4,T029,28,2000,100,200,raw/v14_284.npz
full_N2000_K100_H200_w_load_0p75_t0p05,4,T030,29,2000,100,200,raw/v14_284.npz
full_N2000_K100_H200_w_load_0p75_t0p05,5,T001,0,2000,100,200,raw/v14_285.npz
full_N2000_K100_H200_w_load_0p75_t0p05,5,T002,1,2000,100,200,raw/v14_285.npz
full_N2000_K100_H200_w_load_0p75_t0p05,5,T003,2,2000,100,200,raw/v14_285.npz
full_N2000_K100_H200_w_load_0p75_t0p05,5,T004,3,2000,100,200,raw/v14_285.npz
full_N2000_K100_H200_w_load_0p75_t0p05,5,T005,4,2000,100,200,raw/v14_285.npz
full_N2000_K100_H200_w_load_0p75_t0p05,5,T006,5,2000,100,200,raw/v14_285.npz
full_N2000_K100_H200_w_load_0p75_t0p05,5,T007,6,2000,100,200,raw/v14_285.npz
full_N2000_K100_H200_w_load_0p75_t0p05,5,T008,7,2000,100,200,raw/v14_285.npz
full_N2000_K100_H200_w_load_0p75_t0p05,5,T009,8,2000,100,200,raw/v14_285.npz
full_N2000_K100_H200_w_load_0p75_t0p05,5,T010,9,2000,100,200,raw/v14_285.npz
full_N2000_K100_H200_w_load_0p75_t0p05,5,T011,10,2000,100,200,raw/v14_285.npz
full_N2000_K100_H200_w_load_0p75_t0p05,5,T012,11,2000,100,200,raw/v14_285.npz
full_N2000_K100_H200_w_load_0p75_t0p05,5,T013,12,2000,100,200,raw/v14_285.npz
full_N2000_K100_H200_w_load_0p75_t0p05,5,T014,13,2000,100,200,raw/v14_285.npz
full_N2000_K100_H200_w_load_0p75_t0p05,5,T015,14,2000,100,200,raw/v14_285.npz
full_N2000_K100_H200_w_load_0p75_t0p05,5,T016,15,2000,100,200,raw/v14_285.npz
full_N2000_K100_H200_w_load_0p75_t0p05,5,T017,16,2000,100,200,raw/v14_285.npz
full_N2000_K100_H200_w_load_0p75_t0p05,5,T018,17,2000,100,200,raw/v14_285.npz
full_N2000_K100_H200_w_load_0p75_t0p05,5,T019,18,2000,100,200,raw/v14_285.npz
full_N2000_K100_H200_w_load_0p75_t0p05,5,T020,19,2000,100,200,raw/v14_285.npz
full_N2000_K100_H200_w_load_0p75_t0p05,5,T021,20,2000,100,200,raw/v14_285.npz
full_N2000_K100_H200_w_load_0p75_t0p05,5,T022,21,2000,100,200,raw/v14_285.npz
full_N2000_K100_H200_w_load_0p75_t0p05,5,T023,22,2000,100,200,raw/v14_285.npz
full_N2000_K100_H200_w_load_0p75_t0p05,5,T024,23,2000,100,200,raw/v14_285.npz
full_N2000_K100_H200_w_load_0p75_t0p05,5,T025,24,2000,100,200,raw/v14_285.npz
full_N2000_K100_H200_w_load_0p75_t0p05,5,T026,25,2000,100,200,raw/v14_285.npz
full_N2000_K100_H200_w_load_0p75_t0p05,5,T027,26,2000,100,200,raw/v14_285.npz
full_N2000_K100_H200_w_load_0p75_t0p05,5,T028,27,2000,100,200,raw/v14_285.npz
full_N2000_K100_H200_w_load_0p75_t0p05,5,T029,28,2000,100,200,raw/v14_285.npz
full_N2000_K100_H200_w_load_0p75_t0p05,5,T030,29,2000,100,200,raw/v14_285.npz
full_N2000_K100_H200_w_load_1p25_t0p05,1,T001,0,2000,100,200,raw/v14_286.npz
full_N2000_K100_H200_w_load_1p25_t0p05,1,T002,1,2000,100,200,raw/v14_286.npz
full_N2000_K100_H200_w_load_1p25_t0p05,1,T003,2,2000,100,200,raw/v14_286.npz
full_N2000_K100_H200_w_load_1p25_t0p05,1,T004,3,2000,100,200,raw/v14_286.npz
full_N2000_K100_H200_w_load_1p25_t0p05,1,T005,4,2000,100,200,raw/v14_286.npz
full_N2000_K100_H200_w_load_1p25_t0p05,1,T006,5,2000,100,200,raw/v14_286.npz
full_N2000_K100_H200_w_load_1p25_t0p05,1,T007,6,2000,100,200,raw/v14_286.npz
full_N2000_K100_H200_w_load_1p25_t0p05,1,T008,7,2000,100,200,raw/v14_286.npz
full_N2000_K100_H200_w_load_1p25_t0p05,1,T009,8,2000,100,200,raw/v14_286.npz
full_N2000_K100_H200_w_load_1p25_t0p05,1,T010,9,2000,100,200,raw/v14_286.npz
full_N2000_K100_H200_w_load_1p25_t0p05,1,T011,10,2000,100,200,raw/v14_286.npz
full_N2000_K100_H200_w_load_1p25_t0p05,1,T012,11,2000,100,200,raw/v14_286.npz
full_N2000_K100_H200_w_load_1p25_t0p05,1,T013,12,2000,100,200,raw/v14_286.npz
full_N2000_K100_H200_w_load_1p25_t0p05,1,T014,13,2000,100,200,raw/v14_286.npz
full_N2000_K100_H200_w_load_1p25_t0p05,1,T015,14,2000,100,200,raw/v14_286.npz
full_N2000_K100_H200_w_load_1p25_t0p05,1,T016,15,2000,100,200,raw/v14_286.npz
full_N2000_K100_H200_w_load_1p25_t0p05,1,T017,16,2000,100,200,raw/v14_286.npz
full_N2000_K100_H200_w_load_1p25_t0p05,1,T018,17,2000,100,200,raw/v14_286.npz
full_N2000_K100_H200_w_load_1p25_t0p05,1,T019,18,2000,100,200,raw/v14_286.npz
full_N2000_K100_H200_w_load_1p25_t0p05,1,T020,19,2000,100,200,raw/v14_286.npz
full_N2000_K100_H200_w_load_1p25_t0p05,1,T021,20,2000,100,200,raw/v14_286.npz
full_N2000_K100_H200_w_load_1p25_t0p05,1,T022,21,2000,100,200,raw/v14_286.npz
full_N2000_K100_H200_w_load_1p25_t0p05,1,T023,22,2000,100,200,raw/v14_286.npz
full_N2000_K100_H200_w_load_1p25_t0p05,1,T024,23,2000,100,200,raw/v14_286.npz
full_N2000_K100_H200_w_load_1p25_t0p05,1,T025,24,2000,100,200,raw/v14_286.npz
full_N2000_K100_H200_w_load_1p25_t0p05,1,T026,25,2000,100,200,raw/v14_286.npz
full_N2000_K100_H200_w_load_1p25_t0p05,1,T027,26,2000,100,200,raw/v14_286.npz
full_N2000_K100_H200_w_load_1p25_t0p05,1,T028,27,2000,100,200,raw/v14_286.npz
full_N2000_K100_H200_w_load_1p25_t0p05,1,T029,28,2000,100,200,raw/v14_286.npz
full_N2000_K100_H200_w_load_1p25_t0p05,1,T030,29,2000,100,200,raw/v14_286.npz
full_N2000_K100_H200_w_load_1p25_t0p05,2,T001,0,2000,100,200,raw/v14_287.npz
full_N2000_K100_H200_w_load_1p25_t0p05,2,T002,1,2000,100,200,raw/v14_287.npz
full_N2000_K100_H200_w_load_1p25_t0p05,2,T003,2,2000,100,200,raw/v14_287.npz
full_N2000_K100_H200_w_load_1p25_t0p05,2,T004,3,2000,100,200,raw/v14_287.npz
full_N2000_K100_H200_w_load_1p25_t0p05,2,T005,4,2000,100,200,raw/v14_287.npz
full_N2000_K100_H200_w_load_1p25_t0p05,2,T006,5,2000,100,200,raw/v14_287.npz
full_N2000_K100_H200_w_load_1p25_t0p05,2,T007,6,2000,100,200,raw/v14_287.npz
full_N2000_K100_H200_w_load_1p25_t0p05,2,T008,7,2000,100,200,raw/v14_287.npz
full_N2000_K100_H200_w_load_1p25_t0p05,2,T009,8,2000,100,200,raw/v14_287.npz
full_N2000_K100_H200_w_load_1p25_t0p05,2,T010,9,2000,100,200,raw/v14_287.npz
full_N2000_K100_H200_w_load_1p25_t0p05,2,T011,10,2000,100,200,raw/v14_287.npz
full_N2000_K100_H200_w_load_1p25_t0p05,2,T012,11,2000,100,200,raw/v14_287.npz
full_N2000_K100_H200_w_load_1p25_t0p05,2,T013,12,2000,100,200,raw/v14_287.npz
full_N2000_K100_H200_w_load_1p25_t0p05,2,T014,13,2000,100,200,raw/v14_287.npz
full_N2000_K100_H200_w_load_1p25_t0p05,2,T015,14,2000,100,200,raw/v14_287.npz
full_N2000_K100_H200_w_load_1p25_t0p05,2,T016,15,2000,100,200,raw/v14_287.npz
full_N2000_K100_H200_w_load_1p25_t0p05,2,T017,16,2000,100,200,raw/v14_287.npz
full_N2000_K100_H200_w_load_1p25_t0p05,2,T018,17,2000,100,200,raw/v14_287.npz
full_N2000_K100_H200_w_load_1p25_t0p05,2,T019,18,2000,100,200,raw/v14_287.npz
full_N2000_K100_H200_w_load_1p25_t0p05,2,T020,19,2000,100,200,raw/v14_287.npz
full_N2000_K100_H200_w_load_1p25_t0p05,2,T021,20,2000,100,200,raw/v14_287.npz
full_N2000_K100_H200_w_load_1p25_t0p05,2,T022,21,2000,100,200,raw/v14_287.npz
full_N2000_K100_H200_w_load_1p25_t0p05,2,T023,22,2000,100,200,raw/v14_287.npz
full_N2000_K100_H200_w_load_1p25_t0p05,2,T024,23,2000,100,200,raw/v14_287.npz
full_N2000_K100_H200_w_load_1p25_t0p05,2,T025,24,2000,100,200,raw/v14_287.npz
full_N2000_K100_H200_w_load_1p25_t0p05,2,T026,25,2000,100,200,raw/v14_287.npz
full_N2000_K100_H200_w_load_1p25_t0p05,2,T027,26,2000,100,200,raw/v14_287.npz
full_N2000_K100_H200_w_load_1p25_t0p05,2,T028,27,2000,100,200,raw/v14_287.npz
full_N2000_K100_H200_w_load_1p25_t0p05,2,T029,28,2000,100,200,raw/v14_287.npz
full_N2000_K100_H200_w_load_1p25_t0p05,2,T030,29,2000,100,200,raw/v14_287.npz
full_N2000_K100_H200_w_load_1p25_t0p05,3,T001,0,2000,100,200,raw/v14_288.npz
full_N2000_K100_H200_w_load_1p25_t0p05,3,T002,1,2000,100,200,raw/v14_288.npz
full_N2000_K100_H200_w_load_1p25_t0p05,3,T003,2,2000,100,200,raw/v14_288.npz
full_N2000_K100_H200_w_load_1p25_t0p05,3,T004,3,2000,100,200,raw/v14_288.npz
full_N2000_K100_H200_w_load_1p25_t0p05,3,T005,4,2000,100,200,raw/v14_288.npz
full_N2000_K100_H200_w_load_1p25_t0p05,3,T006,5,2000,100,200,raw/v14_288.npz
full_N2000_K100_H200_w_load_1p25_t0p05,3,T007,6,2000,100,200,raw/v14_288.npz
full_N2000_K100_H200_w_load_1p25_t0p05,3,T008,7,2000,100,200,raw/v14_288.npz
full_N2000_K100_H200_w_load_1p25_t0p05,3,T009,8,2000,100,200,raw/v14_288.npz
full_N2000_K100_H200_w_load_1p25_t0p05,3,T010,9,2000,100,200,raw/v14_288.npz
full_N2000_K100_H200_w_load_1p25_t0p05,3,T011,10,2000,100,200,raw/v14_288.npz
full_N2000_K100_H200_w_load_1p25_t0p05,3,T012,11,2000,100,200,raw/v14_288.npz
full_N2000_K100_H200_w_load_1p25_t0p05,3,T013,12,2000,100,200,raw/v14_288.npz
full_N2000_K100_H200_w_load_1p25_t0p05,3,T014,13,2000,100,200,raw/v14_288.npz
full_N2000_K100_H200_w_load_1p25_t0p05,3,T015,14,2000,100,200,raw/v14_288.npz
full_N2000_K100_H200_w_load_1p25_t0p05,3,T016,15,2000,100,200,raw/v14_288.npz
full_N2000_K100_H200_w_load_1p25_t0p05,3,T017,16,2000,100,200,raw/v14_288.npz
full_N2000_K100_H200_w_load_1p25_t0p05,3,T018,17,2000,100,200,raw/v14_288.npz
full_N2000_K100_H200_w_load_1p25_t0p05,3,T019,18,2000,100,200,raw/v14_288.npz
full_N2000_K100_H200_w_load_1p25_t0p05,3,T020,19,2000,100,200,raw/v14_288.npz
full_N2000_K100_H200_w_load_1p25_t0p05,3,T021,20,2000,100,200,raw/v14_288.npz
full_N2000_K100_H200_w_load_1p25_t0p05,3,T022,21,2000,100,200,raw/v14_288.npz
full_N2000_K100_H200_w_load_1p25_t0p05,3,T023,22,2000,100,200,raw/v14_288.npz
full_N2000_K100_H200_w_load_1p25_t0p05,3,T024,23,2000,100,200,raw/v14_288.npz
full_N2000_K100_H200_w_load_1p25_t0p05,3,T025,24,2000,100,200,raw/v14_288.npz
full_N2000_K100_H200_w_load_1p25_t0p05,3,T026,25,2000,100,200,raw/v14_288.npz
full_N2000_K100_H200_w_load_1p25_t0p05,3,T027,26,2000,100,200,raw/v14_288.npz
full_N2000_K100_H200_w_load_1p25_t0p05,3,T028,27,2000,100,200,raw/v14_288.npz
full_N2000_K100_H200_w_load_1p25_t0p05,3,T029,28,2000,100,200,raw/v14_288.npz
full_N2000_K100_H200_w_load_1p25_t0p05,3,T030,29,2000,100,200,raw/v14_288.npz
full_N2000_K100_H200_w_load_1p25_t0p05,4,T001,0,2000,100,200,raw/v14_289.npz
full_N2000_K100_H200_w_load_1p25_t0p05,4,T002,1,2000,100,200,raw/v14_289.npz
full_N2000_K100_H200_w_load_1p25_t0p05,4,T003,2,2000,100,200,raw/v14_289.npz
full_N2000_K100_H200_w_load_1p25_t0p05,4,T004,3,2000,100,200,raw/v14_289.npz
full_N2000_K100_H200_w_load_1p25_t0p05,4,T005,4,2000,100,200,raw/v14_289.npz
full_N2000_K100_H200_w_load_1p25_t0p05,4,T006,5,2000,100,200,raw/v14_289.npz
full_N2000_K100_H200_w_load_1p25_t0p05,4,T007,6,2000,100,200,raw/v14_289.npz
full_N2000_K100_H200_w_load_1p25_t0p05,4,T008,7,2000,100,200,raw/v14_289.npz
full_N2000_K100_H200_w_load_1p25_t0p05,4,T009,8,2000,100,200,raw/v14_289.npz
full_N2000_K100_H200_w_load_1p25_t0p05,4,T010,9,2000,100,200,raw/v14_289.npz
full_N2000_K100_H200_w_load_1p25_t0p05,4,T011,10,2000,100,200,raw/v14_289.npz
full_N2000_K100_H200_w_load_1p25_t0p05,4,T012,11,2000,100,200,raw/v14_289.npz
full_N2000_K100_H200_w_load_1p25_t0p05,4,T013,12,2000,100,200,raw/v14_289.npz
full_N2000_K100_H200_w_load_1p25_t0p05,4,T014,13,2000,100,200,raw/v14_289.npz
full_N2000_K100_H200_w_load_1p25_t0p05,4,T015,14,2000,100,200,raw/v14_289.npz
full_N2000_K100_H200_w_load_1p25_t0p05,4,T016,15,2000,100,200,raw/v14_289.npz
full_N2000_K100_H200_w_load_1p25_t0p05,4,T017,16,2000,100,200,raw/v14_289.npz
full_N2000_K100_H200_w_load_1p25_t0p05,4,T018,17,2000,100,200,raw/v14_289.npz
full_N2000_K100_H200_w_load_1p25_t0p05,4,T019,18,2000,100,200,raw/v14_289.npz
full_N2000_K100_H200_w_load_1p25_t0p05,4,T020,19,2000,100,200,raw/v14_289.npz
full_N2000_K100_H200_w_load_1p25_t0p05,4,T021,20,2000,100,200,raw/v14_289.npz
full_N2000_K100_H200_w_load_1p25_t0p05,4,T022,21,2000,100,200,raw/v14_289.npz
full_N2000_K100_H200_w_load_1p25_t0p05,4,T023,22,2000,100,200,raw/v14_289.npz
full_N2000_K100_H200_w_load_1p25_t0p05,4,T024,23,2000,100,200,raw/v14_289.npz
full_N2000_K100_H200_w_load_1p25_t0p05,4,T025,24,2000,100,200,raw/v14_289.npz
full_N2000_K100_H200_w_load_1p25_t0p05,4,T026,25,2000,100,200,raw/v14_289.npz
full_N2000_K100_H200_w_load_1p25_t0p05,4,T027,26,2000,100,200,raw/v14_289.npz
full_N2000_K100_H200_w_load_1p25_t0p05,4,T028,27,2000,100,200,raw/v14_289.npz
full_N2000_K100_H200_w_load_1p25_t0p05,4,T029,28,2000,100,200,raw/v14_289.npz
full_N2000_K100_H200_w_load_1p25_t0p05,4,T030,29,2000,100,200,raw/v14_289.npz
full_N2000_K100_H200_w_load_1p25_t0p05,5,T001,0,2000,100,200,raw/v14_290.npz
full_N2000_K100_H200_w_load_1p25_t0p05,5,T002,1,2000,100,200,raw/v14_290.npz
full_N2000_K100_H200_w_load_1p25_t0p05,5,T003,2,2000,100,200,raw/v14_290.npz
full_N2000_K100_H200_w_load_1p25_t0p05,5,T004,3,2000,100,200,raw/v14_290.npz
full_N2000_K100_H200_w_load_1p25_t0p05,5,T005,4,2000,100,200,raw/v14_290.npz
full_N2000_K100_H200_w_load_1p25_t0p05,5,T006,5,2000,100,200,raw/v14_290.npz
full_N2000_K100_H200_w_load_1p25_t0p05,5,T007,6,2000,100,200,raw/v14_290.npz
full_N2000_K100_H200_w_load_1p25_t0p05,5,T008,7,2000,100,200,raw/v14_290.npz
full_N2000_K100_H200_w_load_1p25_t0p05,5,T009,8,2000,100,200,raw/v14_290.npz
full_N2000_K100_H200_w_load_1p25_t0p05,5,T010,9,2000,100,200,raw/v14_290.npz
full_N2000_K100_H200_w_load_1p25_t0p05,5,T011,10,2000,100,200,raw/v14_290.npz
full_N2000_K100_H200_w_load_1p25_t0p05,5,T012,11,2000,100,200,raw/v14_290.npz
full_N2000_K100_H200_w_load_1p25_t0p05,5,T013,12,2000,100,200,raw/v14_290.npz
full_N2000_K100_H200_w_load_1p25_t0p05,5,T014,13,2000,100,200,raw/v14_290.npz
full_N2000_K100_H200_w_load_1p25_t0p05,5,T015,14,2000,100,200,raw/v14_290.npz
full_N2000_K100_H200_w_load_1p25_t0p05,5,T016,15,2000,100,200,raw/v14_290.npz
full_N2000_K100_H200_w_load_1p25_t0p05,5,T017,16,2000,100,200,raw/v14_290.npz
full_N2000_K100_H200_w_load_1p25_t0p05,5,T018,17,2000,100,200,raw/v14_290.npz
full_N2000_K100_H200_w_load_1p25_t0p05,5,T019,18,2000,100,200,raw/v14_290.npz
full_N2000_K100_H200_w_load_1p25_t0p05,5,T020,19,2000,100,200,raw/v14_290.npz
full_N2000_K100_H200_w_load_1p25_t0p05,5,T021,20,2000,100,200,raw/v14_290.npz
full_N2000_K100_H200_w_load_1p25_t0p05,5,T022,21,2000,100,200,raw/v14_290.npz
full_N2000_K100_H200_w_load_1p25_t0p05,5,T023,22,2000,100,200,raw/v14_290.npz
full_N2000_K100_H200_w_load_1p25_t0p05,5,T024,23,2000,100,200,raw/v14_290.npz
full_N2000_K100_H200_w_load_1p25_t0p05,5,T025,24,2000,100,200,raw/v14_290.npz
full_N2000_K100_H200_w_load_1p25_t0p05,5,T026,25,2000,100,200,raw/v14_290.npz
full_N2000_K100_H200_w_load_1p25_t0p05,5,T027,26,2000,100,200,raw/v14_290.npz
full_N2000_K100_H200_w_load_1p25_t0p05,5,T028,27,2000,100,200,raw/v14_290.npz
full_N2000_K100_H200_w_load_1p25_t0p05,5,T029,28,2000,100,200,raw/v14_290.npz
full_N2000_K100_H200_w_load_1p25_t0p05,5,T030,29,2000,100,200,raw/v14_290.npz
full_N2000_K100_H200_w_load_1p5_t0p05,1,T001,0,2000,100,200,raw/v14_291.npz
full_N2000_K100_H200_w_load_1p5_t0p05,1,T002,1,2000,100,200,raw/v14_291.npz
full_N2000_K100_H200_w_load_1p5_t0p05,1,T003,2,2000,100,200,raw/v14_291.npz
full_N2000_K100_H200_w_load_1p5_t0p05,1,T004,3,2000,100,200,raw/v14_291.npz
full_N2000_K100_H200_w_load_1p5_t0p05,1,T005,4,2000,100,200,raw/v14_291.npz
full_N2000_K100_H200_w_load_1p5_t0p05,1,T006,5,2000,100,200,raw/v14_291.npz
full_N2000_K100_H200_w_load_1p5_t0p05,1,T007,6,2000,100,200,raw/v14_291.npz
full_N2000_K100_H200_w_load_1p5_t0p05,1,T008,7,2000,100,200,raw/v14_291.npz
full_N2000_K100_H200_w_load_1p5_t0p05,1,T009,8,2000,100,200,raw/v14_291.npz
full_N2000_K100_H200_w_load_1p5_t0p05,1,T010,9,2000,100,200,raw/v14_291.npz
full_N2000_K100_H200_w_load_1p5_t0p05,1,T011,10,2000,100,200,raw/v14_291.npz
full_N2000_K100_H200_w_load_1p5_t0p05,1,T012,11,2000,100,200,raw/v14_291.npz
full_N2000_K100_H200_w_load_1p5_t0p05,1,T013,12,2000,100,200,raw/v14_291.npz
full_N2000_K100_H200_w_load_1p5_t0p05,1,T014,13,2000,100,200,raw/v14_291.npz
full_N2000_K100_H200_w_load_1p5_t0p05,1,T015,14,2000,100,200,raw/v14_291.npz
full_N2000_K100_H200_w_load_1p5_t0p05,1,T016,15,2000,100,200,raw/v14_291.npz
full_N2000_K100_H200_w_load_1p5_t0p05,1,T017,16,2000,100,200,raw/v14_291.npz
full_N2000_K100_H200_w_load_1p5_t0p05,1,T018,17,2000,100,200,raw/v14_291.npz
full_N2000_K100_H200_w_load_1p5_t0p05,1,T019,18,2000,100,200,raw/v14_291.npz
full_N2000_K100_H200_w_load_1p5_t0p05,1,T020,19,2000,100,200,raw/v14_291.npz
full_N2000_K100_H200_w_load_1p5_t0p05,1,T021,20,2000,100,200,raw/v14_291.npz
full_N2000_K100_H200_w_load_1p5_t0p05,1,T022,21,2000,100,200,raw/v14_291.npz
full_N2000_K100_H200_w_load_1p5_t0p05,1,T023,22,2000,100,200,raw/v14_291.npz
full_N2000_K100_H200_w_load_1p5_t0p05,1,T024,23,2000,100,200,raw/v14_291.npz
full_N2000_K100_H200_w_load_1p5_t0p05,1,T025,24,2000,100,200,raw/v14_291.npz
full_N2000_K100_H200_w_load_1p5_t0p05,1,T026,25,2000,100,200,raw/v14_291.npz
full_N2000_K100_H200_w_load_1p5_t0p05,1,T027,26,2000,100,200,raw/v14_291.npz
full_N2000_K100_H200_w_load_1p5_t0p05,1,T028,27,2000,100,200,raw/v14_291.npz
full_N2000_K100_H200_w_load_1p5_t0p05,1,T029,28,2000,100,200,raw/v14_291.npz
full_N2000_K100_H200_w_load_1p5_t0p05,1,T030,29,2000,100,200,raw/v14_291.npz
full_N2000_K100_H200_w_load_1p5_t0p05,2,T001,0,2000,100,200,raw/v14_292.npz
full_N2000_K100_H200_w_load_1p5_t0p05,2,T002,1,2000,100,200,raw/v14_292.npz
full_N2000_K100_H200_w_load_1p5_t0p05,2,T003,2,2000,100,200,raw/v14_292.npz
full_N2000_K100_H200_w_load_1p5_t0p05,2,T004,3,2000,100,200,raw/v14_292.npz
full_N2000_K100_H200_w_load_1p5_t0p05,2,T005,4,2000,100,200,raw/v14_292.npz
full_N2000_K100_H200_w_load_1p5_t0p05,2,T006,5,2000,100,200,raw/v14_292.npz
full_N2000_K100_H200_w_load_1p5_t0p05,2,T007,6,2000,100,200,raw/v14_292.npz
full_N2000_K100_H200_w_load_1p5_t0p05,2,T008,7,2000,100,200,raw/v14_292.npz
full_N2000_K100_H200_w_load_1p5_t0p05,2,T009,8,2000,100,200,raw/v14_292.npz
full_N2000_K100_H200_w_load_1p5_t0p05,2,T010,9,2000,100,200,raw/v14_292.npz
full_N2000_K100_H200_w_load_1p5_t0p05,2,T011,10,2000,100,200,raw/v14_292.npz
full_N2000_K100_H200_w_load_1p5_t0p05,2,T012,11,2000,100,200,raw/v14_292.npz
full_N2000_K100_H200_w_load_1p5_t0p05,2,T013,12,2000,100,200,raw/v14_292.npz
full_N2000_K100_H200_w_load_1p5_t0p05,2,T014,13,2000,100,200,raw/v14_292.npz
full_N2000_K100_H200_w_load_1p5_t0p05,2,T015,14,2000,100,200,raw/v14_292.npz
full_N2000_K100_H200_w_load_1p5_t0p05,2,T016,15,2000,100,200,raw/v14_292.npz
full_N2000_K100_H200_w_load_1p5_t0p05,2,T017,16,2000,100,200,raw/v14_292.npz
full_N2000_K100_H200_w_load_1p5_t0p05,2,T018,17,2000,100,200,raw/v14_292.npz
full_N2000_K100_H200_w_load_1p5_t0p05,2,T019,18,2000,100,200,raw/v14_292.npz
full_N2000_K100_H200_w_load_1p5_t0p05,2,T020,19,2000,100,200,raw/v14_292.npz
full_N2000_K100_H200_w_load_1p5_t0p05,2,T021,20,2000,100,200,raw/v14_292.npz
full_N2000_K100_H200_w_load_1p5_t0p05,2,T022,21,2000,100,200,raw/v14_292.npz
full_N2000_K100_H200_w_load_1p5_t0p05,2,T023,22,2000,100,200,raw/v14_292.npz
full_N2000_K100_H200_w_load_1p5_t0p05,2,T024,23,2000,100,200,raw/v14_292.npz
full_N2000_K100_H200_w_load_1p5_t0p05,2,T025,24,2000,100,200,raw/v14_292.npz
full_N2000_K100_H200_w_load_1p5_t0p05,2,T026,25,2000,100,200,raw/v14_292.npz
full_N2000_K100_H200_w_load_1p5_t0p05,2,T027,26,2000,100,200,raw/v14_292.npz
full_N2000_K100_H200_w_load_1p5_t0p05,2,T028,27,2000,100,200,raw/v14_292.npz
full_N2000_K100_H200_w_load_1p5_t0p05,2,T029,28,2000,100,200,raw/v14_292.npz
full_N2000_K100_H200_w_load_1p5_t0p05,2,T030,29,2000,100,200,raw/v14_292.npz
full_N2000_K100_H200_w_load_1p5_t0p05,3,T001,0,2000,100,200,raw/v14_293.npz
full_N2000_K100_H200_w_load_1p5_t0p05,3,T002,1,2000,100,200,raw/v14_293.npz
full_N2000_K100_H200_w_load_1p5_t0p05,3,T003,2,2000,100,200,raw/v14_293.npz
full_N2000_K100_H200_w_load_1p5_t0p05,3,T004,3,2000,100,200,raw/v14_293.npz
full_N2000_K100_H200_w_load_1p5_t0p05,3,T005,4,2000,100,200,raw/v14_293.npz
full_N2000_K100_H200_w_load_1p5_t0p05,3,T006,5,2000,100,200,raw/v14_293.npz
full_N2000_K100_H200_w_load_1p5_t0p05,3,T007,6,2000,100,200,raw/v14_293.npz
full_N2000_K100_H200_w_load_1p5_t0p05,3,T008,7,2000,100,200,raw/v14_293.npz
full_N2000_K100_H200_w_load_1p5_t0p05,3,T009,8,2000,100,200,raw/v14_293.npz
full_N2000_K100_H200_w_load_1p5_t0p05,3,T010,9,2000,100,200,raw/v14_293.npz
full_N2000_K100_H200_w_load_1p5_t0p05,3,T011,10,2000,100,200,raw/v14_293.npz
full_N2000_K100_H200_w_load_1p5_t0p05,3,T012,11,2000,100,200,raw/v14_293.npz
full_N2000_K100_H200_w_load_1p5_t0p05,3,T013,12,2000,100,200,raw/v14_293.npz
full_N2000_K100_H200_w_load_1p5_t0p05,3,T014,13,2000,100,200,raw/v14_293.npz
full_N2000_K100_H200_w_load_1p5_t0p05,3,T015,14,2000,100,200,raw/v14_293.npz
full_N2000_K100_H200_w_load_1p5_t0p05,3,T016,15,2000,100,200,raw/v14_293.npz
full_N2000_K100_H200_w_load_1p5_t0p05,3,T017,16,2000,100,200,raw/v14_293.npz
full_N2000_K100_H200_w_load_1p5_t0p05,3,T018,17,2000,100,200,raw/v14_293.npz
full_N2000_K100_H200_w_load_1p5_t0p05,3,T019,18,2000,100,200,raw/v14_293.npz
full_N2000_K100_H200_w_load_1p5_t0p05,3,T020,19,2000,100,200,raw/v14_293.npz
full_N2000_K100_H200_w_load_1p5_t0p05,3,T021,20,2000,100,200,raw/v14_293.npz
full_N2000_K100_H200_w_load_1p5_t0p05,3,T022,21,2000,100,200,raw/v14_293.npz
full_N2000_K100_H200_w_load_1p5_t0p05,3,T023,22,2000,100,200,raw/v14_293.npz
full_N2000_K100_H200_w_load_1p5_t0p05,3,T024,23,2000,100,200,raw/v14_293.npz
full_N2000_K100_H200_w_load_1p5_t0p05,3,T025,24,2000,100,200,raw/v14_293.npz
full_N2000_K100_H200_w_load_1p5_t0p05,3,T026,25,2000,100,200,raw/v14_293.npz
full_N2000_K100_H200_w_load_1p5_t0p05,3,T027,26,2000,100,200,raw/v14_293.npz
full_N2000_K100_H200_w_load_1p5_t0p05,3,T028,27,2000,100,200,raw/v14_293.npz
full_N2000_K100_H200_w_load_1p5_t0p05,3,T029,28,2000,100,200,raw/v14_293.npz
full_N2000_K100_H200_w_load_1p5_t0p05,3,T030,29,2000,100,200,raw/v14_293.npz
full_N2000_K100_H200_w_load_1p5_t0p05,4,T001,0,2000,100,200,raw/v14_294.npz
full_N2000_K100_H200_w_load_1p5_t0p05,4,T002,1,2000,100,200,raw/v14_294.npz
full_N2000_K100_H200_w_load_1p5_t0p05,4,T003,2,2000,100,200,raw/v14_294.npz
full_N2000_K100_H200_w_load_1p5_t0p05,4,T004,3,2000,100,200,raw/v14_294.npz
full_N2000_K100_H200_w_load_1p5_t0p05,4,T005,4,2000,100,200,raw/v14_294.npz
full_N2000_K100_H200_w_load_1p5_t0p05,4,T006,5,2000,100,200,raw/v14_294.npz
full_N2000_K100_H200_w_load_1p5_t0p05,4,T007,6,2000,100,200,raw/v14_294.npz
full_N2000_K100_H200_w_load_1p5_t0p05,4,T008,7,2000,100,200,raw/v14_294.npz
full_N2000_K100_H200_w_load_1p5_t0p05,4,T009,8,2000,100,200,raw/v14_294.npz
full_N2000_K100_H200_w_load_1p5_t0p05,4,T010,9,2000,100,200,raw/v14_294.npz
full_N2000_K100_H200_w_load_1p5_t0p05,4,T011,10,2000,100,200,raw/v14_294.npz
full_N2000_K100_H200_w_load_1p5_t0p05,4,T012,11,2000,100,200,raw/v14_294.npz
full_N2000_K100_H200_w_load_1p5_t0p05,4,T013,12,2000,100,200,raw/v14_294.npz
full_N2000_K100_H200_w_load_1p5_t0p05,4,T014,13,2000,100,200,raw/v14_294.npz
full_N2000_K100_H200_w_load_1p5_t0p05,4,T015,14,2000,100,200,raw/v14_294.npz
full_N2000_K100_H200_w_load_1p5_t0p05,4,T016,15,2000,100,200,raw/v14_294.npz
full_N2000_K100_H200_w_load_1p5_t0p05,4,T017,16,2000,100,200,raw/v14_294.npz
full_N2000_K100_H200_w_load_1p5_t0p05,4,T018,17,2000,100,200,raw/v14_294.npz
full_N2000_K100_H200_w_load_1p5_t0p05,4,T019,18,2000,100,200,raw/v14_294.npz
full_N2000_K100_H200_w_load_1p5_t0p05,4,T020,19,2000,100,200,raw/v14_294.npz
full_N2000_K100_H200_w_load_1p5_t0p05,4,T021,20,2000,100,200,raw/v14_294.npz
full_N2000_K100_H200_w_load_1p5_t0p05,4,T022,21,2000,100,200,raw/v14_294.npz
full_N2000_K100_H200_w_load_1p5_t0p05,4,T023,22,2000,100,200,raw/v14_294.npz
full_N2000_K100_H200_w_load_1p5_t0p05,4,T024,23,2000,100,200,raw/v14_294.npz
full_N2000_K100_H200_w_load_1p5_t0p05,4,T025,24,2000,100,200,raw/v14_294.npz
full_N2000_K100_H200_w_load_1p5_t0p05,4,T026,25,2000,100,200,raw/v14_294.npz
full_N2000_K100_H200_w_load_1p5_t0p05,4,T027,26,2000,100,200,raw/v14_294.npz
full_N2000_K100_H200_w_load_1p5_t0p05,4,T028,27,2000,100,200,raw/v14_294.npz
full_N2000_K100_H200_w_load_1p5_t0p05,4,T029,28,2000,100,200,raw/v14_294.npz
full_N2000_K100_H200_w_load_1p5_t0p05,4,T030,29,2000,100,200,raw/v14_294.npz
full_N2000_K100_H200_w_load_1p5_t0p05,5,T001,0,2000,100,200,raw/v14_295.npz
full_N2000_K100_H200_w_load_1p5_t0p05,5,T002,1,2000,100,200,raw/v14_295.npz
full_N2000_K100_H200_w_load_1p5_t0p05,5,T003,2,2000,100,200,raw/v14_295.npz
full_N2000_K100_H200_w_load_1p5_t0p05,5,T004,3,2000,100,200,raw/v14_295.npz
full_N2000_K100_H200_w_load_1p5_t0p05,5,T005,4,2000,100,200,raw/v14_295.npz
full_N2000_K100_H200_w_load_1p5_t0p05,5,T006,5,2000,100,200,raw/v14_295.npz
full_N2000_K100_H200_w_load_1p5_t0p05,5,T007,6,2000,100,200,raw/v14_295.npz
full_N2000_K100_H200_w_load_1p5_t0p05,5,T008,7,2000,100,200,raw/v14_295.npz
full_N2000_K100_H200_w_load_1p5_t0p05,5,T009,8,2000,100,200,raw/v14_295.npz
full_N2000_K100_H200_w_load_1p5_t0p05,5,T010,9,2000,100,200,raw/v14_295.npz
full_N2000_K100_H200_w_load_1p5_t0p05,5,T011,10,2000,100,200,raw/v14_295.npz
full_N2000_K100_H200_w_load_1p5_t0p05,5,T012,11,2000,100,200,raw/v14_295.npz
full_N2000_K100_H200_w_load_1p5_t0p05,5,T013,12,2000,100,200,raw/v14_295.npz
full_N2000_K100_H200_w_load_1p5_t0p05,5,T014,13,2000,100,200,raw/v14_295.npz
full_N2000_K100_H200_w_load_1p5_t0p05,5,T015,14,2000,100,200,raw/v14_295.npz
full_N2000_K100_H200_w_load_1p5_t0p05,5,T016,15,2000,100,200,raw/v14_295.npz
full_N2000_K100_H200_w_load_1p5_t0p05,5,T017,16,2000,100,200,raw/v14_295.npz
full_N2000_K100_H200_w_load_1p5_t0p05,5,T018,17,2000,100,200,raw/v14_295.npz
full_N2000_K100_H200_w_load_1p5_t0p05,5,T019,18,2000,100,200,raw/v14_295.npz
full_N2000_K100_H200_w_load_1p5_t0p05,5,T020,19,2000,100,200,raw/v14_295.npz
full_N2000_K100_H200_w_load_1p5_t0p05,5,T021,20,2000,100,200,raw/v14_295.npz
full_N2000_K100_H200_w_load_1p5_t0p05,5,T022,21,2000,100,200,raw/v14_295.npz
full_N2000_K100_H200_w_load_1p5_t0p05,5,T023,22,2000,100,200,raw/v14_295.npz
full_N2000_K100_H200_w_load_1p5_t0p05,5,T024,23,2000,100,200,raw/v14_295.npz
full_N2000_K100_H200_w_load_1p5_t0p05,5,T025,24,2000,100,200,raw/v14_295.npz
full_N2000_K100_H200_w_load_1p5_t0p05,5,T026,25,2000,100,200,raw/v14_295.npz
full_N2000_K100_H200_w_load_1p5_t0p05,5,T027,26,2000,100,200,raw/v14_295.npz
full_N2000_K100_H200_w_load_1p5_t0p05,5,T028,27,2000,100,200,raw/v14_295.npz
full_N2000_K100_H200_w_load_1p5_t0p05,5,T029,28,2000,100,200,raw/v14_295.npz
full_N2000_K100_H200_w_load_1p5_t0p05,5,T030,29,2000,100,200,raw/v14_295.npz
full_N2000_K100_H200_w_rate_0p5_t0p05,1,T001,0,2000,100,200,raw/v14_296.npz
full_N2000_K100_H200_w_rate_0p5_t0p05,1,T002,1,2000,100,200,raw/v14_296.npz
full_N2000_K100_H200_w_rate_0p5_t0p05,1,T003,2,2000,100,200,raw/v14_296.npz
full_N2000_K100_H200_w_rate_0p5_t0p05,1,T004,3,2000,100,200,raw/v14_296.npz
full_N2000_K100_H200_w_rate_0p5_t0p05,1,T005,4,2000,100,200,raw/v14_296.npz
full_N2000_K100_H200_w_rate_0p5_t0p05,1,T006,5,2000,100,200,raw/v14_296.npz
full_N2000_K100_H200_w_rate_0p5_t0p05,1,T007,6,2000,100,200,raw/v14_296.npz
full_N2000_K100_H200_w_rate_0p5_t0p05,1,T008,7,2000,100,200,raw/v14_296.npz
full_N2000_K100_H200_w_rate_0p5_t0p05,1,T009,8,2000,100,200,raw/v14_296.npz
full_N2000_K100_H200_w_rate_0p5_t0p05,1,T010,9,2000,100,200,raw/v14_296.npz
full_N2000_K100_H200_w_rate_0p5_t0p05,1,T011,10,2000,100,200,raw/v14_296.npz
full_N2000_K100_H200_w_rate_0p5_t0p05,1,T012,11,2000,100,200,raw/v14_296.npz
full_N2000_K100_H200_w_rate_0p5_t0p05,1,T013,12,2000,100,200,raw/v14_296.npz
full_N2000_K100_H200_w_rate_0p5_t0p05,1,T014,13,2000,100,200,raw/v14_296.npz
full_N2000_K100_H200_w_rate_0p5_t0p05,1,T015,14,2000,100,200,raw/v14_296.npz
full_N2000_K100_H200_w_rate_0p5_t0p05,1,T016,15,2000,100,200,raw/v14_296.npz
full_N2000_K100_H200_w_rate_0p5_t0p05,1,T017,16,2000,100,200,raw/v14_296.npz
full_N2000_K100_H200_w_rate_0p5_t0p05,1,T018,17,2000,100,200,raw/v14_296.npz
full_N2000_K100_H200_w_rate_0p5_t0p05,1,T019,18,2000,100,200,raw/v14_296.npz
full_N2000_K100_H200_w_rate_0p5_t0p05,1,T020,19,2000,100,200,raw/v14_296.npz
full_N2000_K100_H200_w_rate_0p5_t0p05,1,T021,20,2000,100,200,raw/v14_296.npz
full_N2000_K100_H200_w_rate_0p5_t0p05,1,T022,21,2000,100,200,raw/v14_296.npz
full_N2000_K100_H200_w_rate_0p5_t0p05,1,T023,22,2000,100,200,raw/v14_296.npz
full_N2000_K100_H200_w_rate_0p5_t0p05,1,T024,23,2000,100,200,raw/v14_296.npz
full_N2000_K100_H200_w_rate_0p5_t0p05,1,T025,24,2000,100,200,raw/v14_296.npz
full_N2000_K100_H200_w_rate_0p5_t0p05,1,T026,25,2000,100,200,raw/v14_296.npz
full_N2000_K100_H200_w_rate_0p5_t0p05,1,T027,26,2000,100,200,raw/v14_296.npz
full_N2000_K100_H200_w_rate_0p5_t0p05,1,T028,27,2000,100,200,raw/v14_296.npz
full_N2000_K100_H200_w_rate_0p5_t0p05,1,T029,28,2000,100,200,raw/v14_296.npz
full_N2000_K100_H200_w_rate_0p5_t0p05,1,T030,29,2000,100,200,raw/v14_296.npz
full_N2000_K100_H200_w_rate_0p5_t0p05,2,T001,0,2000,100,200,raw/v14_297.npz
full_N2000_K100_H200_w_rate_0p5_t0p05,2,T002,1,2000,100,200,raw/v14_297.npz
full_N2000_K100_H200_w_rate_0p5_t0p05,2,T003,2,2000,100,200,raw/v14_297.npz
full_N2000_K100_H200_w_rate_0p5_t0p05,2,T004,3,2000,100,200,raw/v14_297.npz
full_N2000_K100_H200_w_rate_0p5_t0p05,2,T005,4,2000,100,200,raw/v14_297.npz
full_N2000_K100_H200_w_rate_0p5_t0p05,2,T006,5,2000,100,200,raw/v14_297.npz
full_N2000_K100_H200_w_rate_0p5_t0p05,2,T007,6,2000,100,200,raw/v14_297.npz
full_N2000_K100_H200_w_rate_0p5_t0p05,2,T008,7,2000,100,200,raw/v14_297.npz
full_N2000_K100_H200_w_rate_0p5_t0p05,2,T009,8,2000,100,200,raw/v14_297.npz
full_N2000_K100_H200_w_rate_0p5_t0p05,2,T010,9,2000,100,200,raw/v14_297.npz
full_N2000_K100_H200_w_rate_0p5_t0p05,2,T011,10,2000,100,200,raw/v14_297.npz
full_N2000_K100_H200_w_rate_0p5_t0p05,2,T012,11,2000,100,200,raw/v14_297.npz
full_N2000_K100_H200_w_rate_0p5_t0p05,2,T013,12,2000,100,200,raw/v14_297.npz
full_N2000_K100_H200_w_rate_0p5_t0p05,2,T014,13,2000,100,200,raw/v14_297.npz
full_N2000_K100_H200_w_rate_0p5_t0p05,2,T015,14,2000,100,200,raw/v14_297.npz
full_N2000_K100_H200_w_rate_0p5_t0p05,2,T016,15,2000,100,200,raw/v14_297.npz
full_N2000_K100_H200_w_rate_0p5_t0p05,2,T017,16,2000,100,200,raw/v14_297.npz
full_N2000_K100_H200_w_rate_0p5_t0p05,2,T018,17,2000,100,200,raw/v14_297.npz
full_N2000_K100_H200_w_rate_0p5_t0p05,2,T019,18,2000,100,200,raw/v14_297.npz
full_N2000_K100_H200_w_rate_0p5_t0p05,2,T020,19,2000,100,200,raw/v14_297.npz
full_N2000_K100_H200_w_rate_0p5_t0p05,2,T021,20,2000,100,200,raw/v14_297.npz
full_N2000_K100_H200_w_rate_0p5_t0p05,2,T022,21,2000,100,200,raw/v14_297.npz
full_N2000_K100_H200_w_rate_0p5_t0p05,2,T023,22,2000,100,200,raw/v14_297.npz
full_N2000_K100_H200_w_rate_0p5_t0p05,2,T024,23,2000,100,200,raw/v14_297.npz
full_N2000_K100_H200_w_rate_0p5_t0p05,2,T025,24,2000,100,200,raw/v14_297.npz
full_N2000_K100_H200_w_rate_0p5_t0p05,2,T026,25,2000,100,200,raw/v14_297.npz
full_N2000_K100_H200_w_rate_0p5_t0p05,2,T027,26,2000,100,200,raw/v14_297.npz
full_N2000_K100_H200_w_rate_0p5_t0p05,2,T028,27,2000,100,200,raw/v14_297.npz
full_N2000_K100_H200_w_rate_0p5_t0p05,2,T029,28,2000,100,200,raw/v14_297.npz
full_N2000_K100_H200_w_rate_0p5_t0p05,2,T030,29,2000,100,200,raw/v14_297.npz
full_N2000_K100_H200_w_rate_0p5_t0p05,3,T001,0,2000,100,200,raw/v14_298.npz
full_N2000_K100_H200_w_rate_0p5_t0p05,3,T002,1,2000,100,200,raw/v14_298.npz
full_N2000_K100_H200_w_rate_0p5_t0p05,3,T003,2,2000,100,200,raw/v14_298.npz
full_N2000_K100_H200_w_rate_0p5_t0p05,3,T004,3,2000,100,200,raw/v14_298.npz
full_N2000_K100_H200_w_rate_0p5_t0p05,3,T005,4,2000,100,200,raw/v14_298.npz
full_N2000_K100_H200_w_rate_0p5_t0p05,3,T006,5,2000,100,200,raw/v14_298.npz
full_N2000_K100_H200_w_rate_0p5_t0p05,3,T007,6,2000,100,200,raw/v14_298.npz
full_N2000_K100_H200_w_rate_0p5_t0p05,3,T008,7,2000,100,200,raw/v14_298.npz
full_N2000_K100_H200_w_rate_0p5_t0p05,3,T009,8,2000,100,200,raw/v14_298.npz
full_N2000_K100_H200_w_rate_0p5_t0p05,3,T010,9,2000,100,200,raw/v14_298.npz
full_N2000_K100_H200_w_rate_0p5_t0p05,3,T011,10,2000,100,200,raw/v14_298.npz
full_N2000_K100_H200_w_rate_0p5_t0p05,3,T012,11,2000,100,200,raw/v14_298.npz
full_N2000_K100_H200_w_rate_0p5_t0p05,3,T013,12,2000,100,200,raw/v14_298.npz
full_N2000_K100_H200_w_rate_0p5_t0p05,3,T014,13,2000,100,200,raw/v14_298.npz
full_N2000_K100_H200_w_rate_0p5_t0p05,3,T015,14,2000,100,200,raw/v14_298.npz
full_N2000_K100_H200_w_rate_0p5_t0p05,3,T016,15,2000,100,200,raw/v14_298.npz
full_N2000_K100_H200_w_rate_0p5_t0p05,3,T017,16,2000,100,200,raw/v14_298.npz
full_N2000_K100_H200_w_rate_0p5_t0p05,3,T018,17,2000,100,200,raw/v14_298.npz
full_N2000_K100_H200_w_rate_0p5_t0p05,3,T019,18,2000,100,200,raw/v14_298.npz
full_N2000_K100_H200_w_rate_0p5_t0p05,3,T020,19,2000,100,200,raw/v14_298.npz
full_N2000_K100_H200_w_rate_0p5_t0p05,3,T021,20,2000,100,200,raw/v14_298.npz
full_N2000_K100_H200_w_rate_0p5_t0p05,3,T022,21,2000,100,200,raw/v14_298.npz
full_N2000_K100_H200_w_rate_0p5_t0p05,3,T023,22,2000,100,200,raw/v14_298.npz
full_N2000_K100_H200_w_rate_0p5_t0p05,3,T024,23,2000,100,200,raw/v14_298.npz
full_N2000_K100_H200_w_rate_0p5_t0p05,3,T025,24,2000,100,200,raw/v14_298.npz
full_N2000_K100_H200_w_rate_0p5_t0p05,3,T026,25,2000,100,200,raw/v14_298.npz
full_N2000_K100_H200_w_rate_0p5_t0p05,3,T027,26,2000,100,200,raw/v14_298.npz
full_N2000_K100_H200_w_rate_0p5_t0p05,3,T028,27,2000,100,200,raw/v14_298.npz
full_N2000_K100_H200_w_rate_0p5_t0p05,3,T029,28,2000,100,200,raw/v14_298.npz
full_N2000_K100_H200_w_rate_0p5_t0p05,3,T030,29,2000,100,200,raw/v14_298.npz
full_N2000_K100_H200_w_rate_0p5_t0p05,4,T001,0,2000,100,200,raw/v14_299.npz
full_N2000_K100_H200_w_rate_0p5_t0p05,4,T002,1,2000,100,200,raw/v14_299.npz
full_N2000_K100_H200_w_rate_0p5_t0p05,4,T003,2,2000,100,200,raw/v14_299.npz
full_N2000_K100_H200_w_rate_0p5_t0p05,4,T004,3,2000,100,200,raw/v14_299.npz
full_N2000_K100_H200_w_rate_0p5_t0p05,4,T005,4,2000,100,200,raw/v14_299.npz
full_N2000_K100_H200_w_rate_0p5_t0p05,4,T006,5,2000,100,200,raw/v14_299.npz
full_N2000_K100_H200_w_rate_0p5_t0p05,4,T007,6,2000,100,200,raw/v14_299.npz
full_N2000_K100_H200_w_rate_0p5_t0p05,4,T008,7,2000,100,200,raw/v14_299.npz
full_N2000_K100_H200_w_rate_0p5_t0p05,4,T009,8,2000,100,200,raw/v14_299.npz
full_N2000_K100_H200_w_rate_0p5_t0p05,4,T010,9,2000,100,200,raw/v14_299.npz
full_N2000_K100_H200_w_rate_0p5_t0p05,4,T011,10,2000,100,200,raw/v14_299.npz
full_N2000_K100_H200_w_rate_0p5_t0p05,4,T012,11,2000,100,200,raw/v14_299.npz
full_N2000_K100_H200_w_rate_0p5_t0p05,4,T013,12,2000,100,200,raw/v14_299.npz
full_N2000_K100_H200_w_rate_0p5_t0p05,4,T014,13,2000,100,200,raw/v14_299.npz
full_N2000_K100_H200_w_rate_0p5_t0p05,4,T015,14,2000,100,200,raw/v14_299.npz
full_N2000_K100_H200_w_rate_0p5_t0p05,4,T016,15,2000,100,200,raw/v14_299.npz
full_N2000_K100_H200_w_rate_0p5_t0p05,4,T017,16,2000,100,200,raw/v14_299.npz
full_N2000_K100_H200_w_rate_0p5_t0p05,4,T018,17,2000,100,200,raw/v14_299.npz
full_N2000_K100_H200_w_rate_0p5_t0p05,4,T019,18,2000,100,200,raw/v14_299.npz
full_N2000_K100_H200_w_rate_0p5_t0p05,4,T020,19,2000,100,200,raw/v14_299.npz
full_N2000_K100_H200_w_rate_0p5_t0p05,4,T021,20,2000,100,200,raw/v14_299.npz
full_N2000_K100_H200_w_rate_0p5_t0p05,4,T022,21,2000,100,200,raw/v14_299.npz
full_N2000_K100_H200_w_rate_0p5_t0p05,4,T023,22,2000,100,200,raw/v14_299.npz
full_N2000_K100_H200_w_rate_0p5_t0p05,4,T024,23,2000,100,200,raw/v14_299.npz
full_N2000_K100_H200_w_rate_0p5_t0p05,4,T025,24,2000,100,200,raw/v14_299.npz
full_N2000_K100_H200_w_rate_0p5_t0p05,4,T026,25,2000,100,200,raw/v14_299.npz
full_N2000_K100_H200_w_rate_0p5_t0p05,4,T027,26,2000,100,200,raw/v14_299.npz
full_N2000_K100_H200_w_rate_0p5_t0p05,4,T028,27,2000,100,200,raw/v14_299.npz
full_N2000_K100_H200_w_rate_0p5_t0p05,4,T029,28,2000,100,200,raw/v14_299.npz
full_N2000_K100_H200_w_rate_0p5_t0p05,4,T030,29,2000,100,200,raw/v14_299.npz
full_N2000_K100_H200_w_rate_0p5_t0p05,5,T001,0,2000,100,200,raw/v14_300.npz
full_N2000_K100_H200_w_rate_0p5_t0p05,5,T002,1,2000,100,200,raw/v14_300.npz
full_N2000_K100_H200_w_rate_0p5_t0p05,5,T003,2,2000,100,200,raw/v14_300.npz
full_N2000_K100_H200_w_rate_0p5_t0p05,5,T004,3,2000,100,200,raw/v14_300.npz
full_N2000_K100_H200_w_rate_0p5_t0p05,5,T005,4,2000,100,200,raw/v14_300.npz
full_N2000_K100_H200_w_rate_0p5_t0p05,5,T006,5,2000,100,200,raw/v14_300.npz
full_N2000_K100_H200_w_rate_0p5_t0p05,5,T007,6,2000,100,200,raw/v14_300.npz
full_N2000_K100_H200_w_rate_0p5_t0p05,5,T008,7,2000,100,200,raw/v14_300.npz
full_N2000_K100_H200_w_rate_0p5_t0p05,5,T009,8,2000,100,200,raw/v14_300.npz
full_N2000_K100_H200_w_rate_0p5_t0p05,5,T010,9,2000,100,200,raw/v14_300.npz
full_N2000_K100_H200_w_rate_0p5_t0p05,5,T011,10,2000,100,200,raw/v14_300.npz
full_N2000_K100_H200_w_rate_0p5_t0p05,5,T012,11,2000,100,200,raw/v14_300.npz
full_N2000_K100_H200_w_rate_0p5_t0p05,5,T013,12,2000,100,200,raw/v14_300.npz
full_N2000_K100_H200_w_rate_0p5_t0p05,5,T014,13,2000,100,200,raw/v14_300.npz
full_N2000_K100_H200_w_rate_0p5_t0p05,5,T015,14,2000,100,200,raw/v14_300.npz
full_N2000_K100_H200_w_rate_0p5_t0p05,5,T016,15,2000,100,200,raw/v14_300.npz
full_N2000_K100_H200_w_rate_0p5_t0p05,5,T017,16,2000,100,200,raw/v14_300.npz
full_N2000_K100_H200_w_rate_0p5_t0p05,5,T018,17,2000,100,200,raw/v14_300.npz
full_N2000_K100_H200_w_rate_0p5_t0p05,5,T019,18,2000,100,200,raw/v14_300.npz
full_N2000_K100_H200_w_rate_0p5_t0p05,5,T020,19,2000,100,200,raw/v14_300.npz
full_N2000_K100_H200_w_rate_0p5_t0p05,5,T021,20,2000,100,200,raw/v14_300.npz
full_N2000_K100_H200_w_rate_0p5_t0p05,5,T022,21,2000,100,200,raw/v14_300.npz
full_N2000_K100_H200_w_rate_0p5_t0p05,5,T023,22,2000,100,200,raw/v14_300.npz
full_N2000_K100_H200_w_rate_0p5_t0p05,5,T024,23,2000,100,200,raw/v14_300.npz
full_N2000_K100_H200_w_rate_0p5_t0p05,5,T025,24,2000,100,200,raw/v14_300.npz
full_N2000_K100_H200_w_rate_0p5_t0p05,5,T026,25,2000,100,200,raw/v14_300.npz
full_N2000_K100_H200_w_rate_0p5_t0p05,5,T027,26,2000,100,200,raw/v14_300.npz
full_N2000_K100_H200_w_rate_0p5_t0p05,5,T028,27,2000,100,200,raw/v14_300.npz
full_N2000_K100_H200_w_rate_0p5_t0p05,5,T029,28,2000,100,200,raw/v14_300.npz
full_N2000_K100_H200_w_rate_0p5_t0p05,5,T030,29,2000,100,200,raw/v14_300.npz
full_N2000_K100_H200_w_rate_0p75_t0p05,1,T001,0,2000,100,200,raw/v14_301.npz
full_N2000_K100_H200_w_rate_0p75_t0p05,1,T002,1,2000,100,200,raw/v14_301.npz
full_N2000_K100_H200_w_rate_0p75_t0p05,1,T003,2,2000,100,200,raw/v14_301.npz
full_N2000_K100_H200_w_rate_0p75_t0p05,1,T004,3,2000,100,200,raw/v14_301.npz
full_N2000_K100_H200_w_rate_0p75_t0p05,1,T005,4,2000,100,200,raw/v14_301.npz
full_N2000_K100_H200_w_rate_0p75_t0p05,1,T006,5,2000,100,200,raw/v14_301.npz
full_N2000_K100_H200_w_rate_0p75_t0p05,1,T007,6,2000,100,200,raw/v14_301.npz
full_N2000_K100_H200_w_rate_0p75_t0p05,1,T008,7,2000,100,200,raw/v14_301.npz
full_N2000_K100_H200_w_rate_0p75_t0p05,1,T009,8,2000,100,200,raw/v14_301.npz
full_N2000_K100_H200_w_rate_0p75_t0p05,1,T010,9,2000,100,200,raw/v14_301.npz
full_N2000_K100_H200_w_rate_0p75_t0p05,1,T011,10,2000,100,200,raw/v14_301.npz
full_N2000_K100_H200_w_rate_0p75_t0p05,1,T012,11,2000,100,200,raw/v14_301.npz
full_N2000_K100_H200_w_rate_0p75_t0p05,1,T013,12,2000,100,200,raw/v14_301.npz
full_N2000_K100_H200_w_rate_0p75_t0p05,1,T014,13,2000,100,200,raw/v14_301.npz
full_N2000_K100_H200_w_rate_0p75_t0p05,1,T015,14,2000,100,200,raw/v14_301.npz
full_N2000_K100_H200_w_rate_0p75_t0p05,1,T016,15,2000,100,200,raw/v14_301.npz
full_N2000_K100_H200_w_rate_0p75_t0p05,1,T017,16,2000,100,200,raw/v14_301.npz
full_N2000_K100_H200_w_rate_0p75_t0p05,1,T018,17,2000,100,200,raw/v14_301.npz
full_N2000_K100_H200_w_rate_0p75_t0p05,1,T019,18,2000,100,200,raw/v14_301.npz
full_N2000_K100_H200_w_rate_0p75_t0p05,1,T020,19,2000,100,200,raw/v14_301.npz
full_N2000_K100_H200_w_rate_0p75_t0p05,1,T021,20,2000,100,200,raw/v14_301.npz
full_N2000_K100_H200_w_rate_0p75_t0p05,1,T022,21,2000,100,200,raw/v14_301.npz
full_N2000_K100_H200_w_rate_0p75_t0p05,1,T023,22,2000,100,200,raw/v14_301.npz
full_N2000_K100_H200_w_rate_0p75_t0p05,1,T024,23,2000,100,200,raw/v14_301.npz
full_N2000_K100_H200_w_rate_0p75_t0p05,1,T025,24,2000,100,200,raw/v14_301.npz
full_N2000_K100_H200_w_rate_0p75_t0p05,1,T026,25,2000,100,200,raw/v14_301.npz
full_N2000_K100_H200_w_rate_0p75_t0p05,1,T027,26,2000,100,200,raw/v14_301.npz
full_N2000_K100_H200_w_rate_0p75_t0p05,1,T028,27,2000,100,200,raw/v14_301.npz
full_N2000_K100_H200_w_rate_0p75_t0p05,1,T029,28,2000,100,200,raw/v14_301.npz
full_N2000_K100_H200_w_rate_0p75_t0p05,1,T030,29,2000,100,200,raw/v14_301.npz
full_N2000_K100_H200_w_rate_0p75_t0p05,2,T001,0,2000,100,200,raw/v14_302.npz
full_N2000_K100_H200_w_rate_0p75_t0p05,2,T002,1,2000,100,200,raw/v14_302.npz
full_N2000_K100_H200_w_rate_0p75_t0p05,2,T003,2,2000,100,200,raw/v14_302.npz
full_N2000_K100_H200_w_rate_0p75_t0p05,2,T004,3,2000,100,200,raw/v14_302.npz
full_N2000_K100_H200_w_rate_0p75_t0p05,2,T005,4,2000,100,200,raw/v14_302.npz
full_N2000_K100_H200_w_rate_0p75_t0p05,2,T006,5,2000,100,200,raw/v14_302.npz
full_N2000_K100_H200_w_rate_0p75_t0p05,2,T007,6,2000,100,200,raw/v14_302.npz
full_N2000_K100_H200_w_rate_0p75_t0p05,2,T008,7,2000,100,200,raw/v14_302.npz
full_N2000_K100_H200_w_rate_0p75_t0p05,2,T009,8,2000,100,200,raw/v14_302.npz
full_N2000_K100_H200_w_rate_0p75_t0p05,2,T010,9,2000,100,200,raw/v14_302.npz
full_N2000_K100_H200_w_rate_0p75_t0p05,2,T011,10,2000,100,200,raw/v14_302.npz
full_N2000_K100_H200_w_rate_0p75_t0p05,2,T012,11,2000,100,200,raw/v14_302.npz
full_N2000_K100_H200_w_rate_0p75_t0p05,2,T013,12,2000,100,200,raw/v14_302.npz
full_N2000_K100_H200_w_rate_0p75_t0p05,2,T014,13,2000,100,200,raw/v14_302.npz
full_N2000_K100_H200_w_rate_0p75_t0p05,2,T015,14,2000,100,200,raw/v14_302.npz
full_N2000_K100_H200_w_rate_0p75_t0p05,2,T016,15,2000,100,200,raw/v14_302.npz
full_N2000_K100_H200_w_rate_0p75_t0p05,2,T017,16,2000,100,200,raw/v14_302.npz
full_N2000_K100_H200_w_rate_0p75_t0p05,2,T018,17,2000,100,200,raw/v14_302.npz
full_N2000_K100_H200_w_rate_0p75_t0p05,2,T019,18,2000,100,200,raw/v14_302.npz
full_N2000_K100_H200_w_rate_0p75_t0p05,2,T020,19,2000,100,200,raw/v14_302.npz
full_N2000_K100_H200_w_rate_0p75_t0p05,2,T021,20,2000,100,200,raw/v14_302.npz
full_N2000_K100_H200_w_rate_0p75_t0p05,2,T022,21,2000,100,200,raw/v14_302.npz
full_N2000_K100_H200_w_rate_0p75_t0p05,2,T023,22,2000,100,200,raw/v14_302.npz
full_N2000_K100_H200_w_rate_0p75_t0p05,2,T024,23,2000,100,200,raw/v14_302.npz
full_N2000_K100_H200_w_rate_0p75_t0p05,2,T025,24,2000,100,200,raw/v14_302.npz
full_N2000_K100_H200_w_rate_0p75_t0p05,2,T026,25,2000,100,200,raw/v14_302.npz
full_N2000_K100_H200_w_rate_0p75_t0p05,2,T027,26,2000,100,200,raw/v14_302.npz
full_N2000_K100_H200_w_rate_0p75_t0p05,2,T028,27,2000,100,200,raw/v14_302.npz
full_N2000_K100_H200_w_rate_0p75_t0p05,2,T029,28,2000,100,200,raw/v14_302.npz
full_N2000_K100_H200_w_rate_0p75_t0p05,2,T030,29,2000,100,200,raw/v14_302.npz
full_N2000_K100_H200_w_rate_0p75_t0p05,3,T001,0,2000,100,200,raw/v14_303.npz
full_N2000_K100_H200_w_rate_0p75_t0p05,3,T002,1,2000,100,200,raw/v14_303.npz
full_N2000_K100_H200_w_rate_0p75_t0p05,3,T003,2,2000,100,200,raw/v14_303.npz
full_N2000_K100_H200_w_rate_0p75_t0p05,3,T004,3,2000,100,200,raw/v14_303.npz
full_N2000_K100_H200_w_rate_0p75_t0p05,3,T005,4,2000,100,200,raw/v14_303.npz
full_N2000_K100_H200_w_rate_0p75_t0p05,3,T006,5,2000,100,200,raw/v14_303.npz
full_N2000_K100_H200_w_rate_0p75_t0p05,3,T007,6,2000,100,200,raw/v14_303.npz
full_N2000_K100_H200_w_rate_0p75_t0p05,3,T008,7,2000,100,200,raw/v14_303.npz
full_N2000_K100_H200_w_rate_0p75_t0p05,3,T009,8,2000,100,200,raw/v14_303.npz
full_N2000_K100_H200_w_rate_0p75_t0p05,3,T010,9,2000,100,200,raw/v14_303.npz
full_N2000_K100_H200_w_rate_0p75_t0p05,3,T011,10,2000,100,200,raw/v14_303.npz
full_N2000_K100_H200_w_rate_0p75_t0p05,3,T012,11,2000,100,200,raw/v14_303.npz
full_N2000_K100_H200_w_rate_0p75_t0p05,3,T013,12,2000,100,200,raw/v14_303.npz
full_N2000_K100_H200_w_rate_0p75_t0p05,3,T014,13,2000,100,200,raw/v14_303.npz
full_N2000_K100_H200_w_rate_0p75_t0p05,3,T015,14,2000,100,200,raw/v14_303.npz
full_N2000_K100_H200_w_rate_0p75_t0p05,3,T016,15,2000,100,200,raw/v14_303.npz
full_N2000_K100_H200_w_rate_0p75_t0p05,3,T017,16,2000,100,200,raw/v14_303.npz
full_N2000_K100_H200_w_rate_0p75_t0p05,3,T018,17,2000,100,200,raw/v14_303.npz
full_N2000_K100_H200_w_rate_0p75_t0p05,3,T019,18,2000,100,200,raw/v14_303.npz
full_N2000_K100_H200_w_rate_0p75_t0p05,3,T020,19,2000,100,200,raw/v14_303.npz
full_N2000_K100_H200_w_rate_0p75_t0p05,3,T021,20,2000,100,200,raw/v14_303.npz
full_N2000_K100_H200_w_rate_0p75_t0p05,3,T022,21,2000,100,200,raw/v14_303.npz
full_N2000_K100_H200_w_rate_0p75_t0p05,3,T023,22,2000,100,200,raw/v14_303.npz
full_N2000_K100_H200_w_rate_0p75_t0p05,3,T024,23,2000,100,200,raw/v14_303.npz
full_N2000_K100_H200_w_rate_0p75_t0p05,3,T025,24,2000,100,200,raw/v14_303.npz
full_N2000_K100_H200_w_rate_0p75_t0p05,3,T026,25,2000,100,200,raw/v14_303.npz
full_N2000_K100_H200_w_rate_0p75_t0p05,3,T027,26,2000,100,200,raw/v14_303.npz
full_N2000_K100_H200_w_rate_0p75_t0p05,3,T028,27,2000,100,200,raw/v14_303.npz
full_N2000_K100_H200_w_rate_0p75_t0p05,3,T029,28,2000,100,200,raw/v14_303.npz
full_N2000_K100_H200_w_rate_0p75_t0p05,3,T030,29,2000,100,200,raw/v14_303.npz
full_N2000_K100_H200_w_rate_0p75_t0p05,4,T001,0,2000,100,200,raw/v14_304.npz
full_N2000_K100_H200_w_rate_0p75_t0p05,4,T002,1,2000,100,200,raw/v14_304.npz
full_N2000_K100_H200_w_rate_0p75_t0p05,4,T003,2,2000,100,200,raw/v14_304.npz
full_N2000_K100_H200_w_rate_0p75_t0p05,4,T004,3,2000,100,200,raw/v14_304.npz
full_N2000_K100_H200_w_rate_0p75_t0p05,4,T005,4,2000,100,200,raw/v14_304.npz
full_N2000_K100_H200_w_rate_0p75_t0p05,4,T006,5,2000,100,200,raw/v14_304.npz
full_N2000_K100_H200_w_rate_0p75_t0p05,4,T007,6,2000,100,200,raw/v14_304.npz
full_N2000_K100_H200_w_rate_0p75_t0p05,4,T008,7,2000,100,200,raw/v14_304.npz
full_N2000_K100_H200_w_rate_0p75_t0p05,4,T009,8,2000,100,200,raw/v14_304.npz
full_N2000_K100_H200_w_rate_0p75_t0p05,4,T010,9,2000,100,200,raw/v14_304.npz
full_N2000_K100_H200_w_rate_0p75_t0p05,4,T011,10,2000,100,200,raw/v14_304.npz
full_N2000_K100_H200_w_rate_0p75_t0p05,4,T012,11,2000,100,200,raw/v14_304.npz
full_N2000_K100_H200_w_rate_0p75_t0p05,4,T013,12,2000,100,200,raw/v14_304.npz
full_N2000_K100_H200_w_rate_0p75_t0p05,4,T014,13,2000,100,200,raw/v14_304.npz
full_N2000_K100_H200_w_rate_0p75_t0p05,4,T015,14,2000,100,200,raw/v14_304.npz
full_N2000_K100_H200_w_rate_0p75_t0p05,4,T016,15,2000,100,200,raw/v14_304.npz
full_N2000_K100_H200_w_rate_0p75_t0p05,4,T017,16,2000,100,200,raw/v14_304.npz
full_N2000_K100_H200_w_rate_0p75_t0p05,4,T018,17,2000,100,200,raw/v14_304.npz
full_N2000_K100_H200_w_rate_0p75_t0p05,4,T019,18,2000,100,200,raw/v14_304.npz
full_N2000_K100_H200_w_rate_0p75_t0p05,4,T020,19,2000,100,200,raw/v14_304.npz
full_N2000_K100_H200_w_rate_0p75_t0p05,4,T021,20,2000,100,200,raw/v14_304.npz
full_N2000_K100_H200_w_rate_0p75_t0p05,4,T022,21,2000,100,200,raw/v14_304.npz
full_N2000_K100_H200_w_rate_0p75_t0p05,4,T023,22,2000,100,200,raw/v14_304.npz
full_N2000_K100_H200_w_rate_0p75_t0p05,4,T024,23,2000,100,200,raw/v14_304.npz
full_N2000_K100_H200_w_rate_0p75_t0p05,4,T025,24,2000,100,200,raw/v14_304.npz
full_N2000_K100_H200_w_rate_0p75_t0p05,4,T026,25,2000,100,200,raw/v14_304.npz
full_N2000_K100_H200_w_rate_0p75_t0p05,4,T027,26,2000,100,200,raw/v14_304.npz
full_N2000_K100_H200_w_rate_0p75_t0p05,4,T028,27,2000,100,200,raw/v14_304.npz
full_N2000_K100_H200_w_rate_0p75_t0p05,4,T029,28,2000,100,200,raw/v14_304.npz
full_N2000_K100_H200_w_rate_0p75_t0p05,4,T030,29,2000,100,200,raw/v14_304.npz
full_N2000_K100_H200_w_rate_0p75_t0p05,5,T001,0,2000,100,200,raw/v14_305.npz
full_N2000_K100_H200_w_rate_0p75_t0p05,5,T002,1,2000,100,200,raw/v14_305.npz
full_N2000_K100_H200_w_rate_0p75_t0p05,5,T003,2,2000,100,200,raw/v14_305.npz
full_N2000_K100_H200_w_rate_0p75_t0p05,5,T004,3,2000,100,200,raw/v14_305.npz
full_N2000_K100_H200_w_rate_0p75_t0p05,5,T005,4,2000,100,200,raw/v14_305.npz
full_N2000_K100_H200_w_rate_0p75_t0p05,5,T006,5,2000,100,200,raw/v14_305.npz
full_N2000_K100_H200_w_rate_0p75_t0p05,5,T007,6,2000,100,200,raw/v14_305.npz
full_N2000_K100_H200_w_rate_0p75_t0p05,5,T008,7,2000,100,200,raw/v14_305.npz
full_N2000_K100_H200_w_rate_0p75_t0p05,5,T009,8,2000,100,200,raw/v14_305.npz
full_N2000_K100_H200_w_rate_0p75_t0p05,5,T010,9,2000,100,200,raw/v14_305.npz
full_N2000_K100_H200_w_rate_0p75_t0p05,5,T011,10,2000,100,200,raw/v14_305.npz
full_N2000_K100_H200_w_rate_0p75_t0p05,5,T012,11,2000,100,200,raw/v14_305.npz
full_N2000_K100_H200_w_rate_0p75_t0p05,5,T013,12,2000,100,200,raw/v14_305.npz
full_N2000_K100_H200_w_rate_0p75_t0p05,5,T014,13,2000,100,200,raw/v14_305.npz
full_N2000_K100_H200_w_rate_0p75_t0p05,5,T015,14,2000,100,200,raw/v14_305.npz
full_N2000_K100_H200_w_rate_0p75_t0p05,5,T016,15,2000,100,200,raw/v14_305.npz
full_N2000_K100_H200_w_rate_0p75_t0p05,5,T017,16,2000,100,200,raw/v14_305.npz
full_N2000_K100_H200_w_rate_0p75_t0p05,5,T018,17,2000,100,200,raw/v14_305.npz
full_N2000_K100_H200_w_rate_0p75_t0p05,5,T019,18,2000,100,200,raw/v14_305.npz
full_N2000_K100_H200_w_rate_0p75_t0p05,5,T020,19,2000,100,200,raw/v14_305.npz
full_N2000_K100_H200_w_rate_0p75_t0p05,5,T021,20,2000,100,200,raw/v14_305.npz
full_N2000_K100_H200_w_rate_0p75_t0p05,5,T022,21,2000,100,200,raw/v14_305.npz
full_N2000_K100_H200_w_rate_0p75_t0p05,5,T023,22,2000,100,200,raw/v14_305.npz
full_N2000_K100_H200_w_rate_0p75_t0p05,5,T024,23,2000,100,200,raw/v14_305.npz
full_N2000_K100_H200_w_rate_0p75_t0p05,5,T025,24,2000,100,200,raw/v14_305.npz
full_N2000_K100_H200_w_rate_0p75_t0p05,5,T026,25,2000,100,200,raw/v14_305.npz
full_N2000_K100_H200_w_rate_0p75_t0p05,5,T027,26,2000,100,200,raw/v14_305.npz
full_N2000_K100_H200_w_rate_0p75_t0p05,5,T028,27,2000,100,200,raw/v14_305.npz
full_N2000_K100_H200_w_rate_0p75_t0p05,5,T029,28,2000,100,200,raw/v14_305.npz
full_N2000_K100_H200_w_rate_0p75_t0p05,5,T030,29,2000,100,200,raw/v14_305.npz
full_N2000_K100_H200_w_rate_1p25_t0p05,1,T001,0,2000,100,200,raw/v14_306.npz
full_N2000_K100_H200_w_rate_1p25_t0p05,1,T002,1,2000,100,200,raw/v14_306.npz
full_N2000_K100_H200_w_rate_1p25_t0p05,1,T003,2,2000,100,200,raw/v14_306.npz
full_N2000_K100_H200_w_rate_1p25_t0p05,1,T004,3,2000,100,200,raw/v14_306.npz
full_N2000_K100_H200_w_rate_1p25_t0p05,1,T005,4,2000,100,200,raw/v14_306.npz
full_N2000_K100_H200_w_rate_1p25_t0p05,1,T006,5,2000,100,200,raw/v14_306.npz
full_N2000_K100_H200_w_rate_1p25_t0p05,1,T007,6,2000,100,200,raw/v14_306.npz
full_N2000_K100_H200_w_rate_1p25_t0p05,1,T008,7,2000,100,200,raw/v14_306.npz
full_N2000_K100_H200_w_rate_1p25_t0p05,1,T009,8,2000,100,200,raw/v14_306.npz
full_N2000_K100_H200_w_rate_1p25_t0p05,1,T010,9,2000,100,200,raw/v14_306.npz
full_N2000_K100_H200_w_rate_1p25_t0p05,1,T011,10,2000,100,200,raw/v14_306.npz
full_N2000_K100_H200_w_rate_1p25_t0p05,1,T012,11,2000,100,200,raw/v14_306.npz
full_N2000_K100_H200_w_rate_1p25_t0p05,1,T013,12,2000,100,200,raw/v14_306.npz
full_N2000_K100_H200_w_rate_1p25_t0p05,1,T014,13,2000,100,200,raw/v14_306.npz
full_N2000_K100_H200_w_rate_1p25_t0p05,1,T015,14,2000,100,200,raw/v14_306.npz
full_N2000_K100_H200_w_rate_1p25_t0p05,1,T016,15,2000,100,200,raw/v14_306.npz
full_N2000_K100_H200_w_rate_1p25_t0p05,1,T017,16,2000,100,200,raw/v14_306.npz
full_N2000_K100_H200_w_rate_1p25_t0p05,1,T018,17,2000,100,200,raw/v14_306.npz
full_N2000_K100_H200_w_rate_1p25_t0p05,1,T019,18,2000,100,200,raw/v14_306.npz
full_N2000_K100_H200_w_rate_1p25_t0p05,1,T020,19,2000,100,200,raw/v14_306.npz
full_N2000_K100_H200_w_rate_1p25_t0p05,1,T021,20,2000,100,200,raw/v14_306.npz
full_N2000_K100_H200_w_rate_1p25_t0p05,1,T022,21,2000,100,200,raw/v14_306.npz
full_N2000_K100_H200_w_rate_1p25_t0p05,1,T023,22,2000,100,200,raw/v14_306.npz
full_N2000_K100_H200_w_rate_1p25_t0p05,1,T024,23,2000,100,200,raw/v14_306.npz
full_N2000_K100_H200_w_rate_1p25_t0p05,1,T025,24,2000,100,200,raw/v14_306.npz
full_N2000_K100_H200_w_rate_1p25_t0p05,1,T026,25,2000,100,200,raw/v14_306.npz
full_N2000_K100_H200_w_rate_1p25_t0p05,1,T027,26,2000,100,200,raw/v14_306.npz
full_N2000_K100_H200_w_rate_1p25_t0p05,1,T028,27,2000,100,200,raw/v14_306.npz
full_N2000_K100_H200_w_rate_1p25_t0p05,1,T029,28,2000,100,200,raw/v14_306.npz
full_N2000_K100_H200_w_rate_1p25_t0p05,1,T030,29,2000,100,200,raw/v14_306.npz
full_N2000_K100_H200_w_rate_1p25_t0p05,2,T001,0,2000,100,200,raw/v14_307.npz
full_N2000_K100_H200_w_rate_1p25_t0p05,2,T002,1,2000,100,200,raw/v14_307.npz
full_N2000_K100_H200_w_rate_1p25_t0p05,2,T003,2,2000,100,200,raw/v14_307.npz
full_N2000_K100_H200_w_rate_1p25_t0p05,2,T004,3,2000,100,200,raw/v14_307.npz
full_N2000_K100_H200_w_rate_1p25_t0p05,2,T005,4,2000,100,200,raw/v14_307.npz
full_N2000_K100_H200_w_rate_1p25_t0p05,2,T006,5,2000,100,200,raw/v14_307.npz
full_N2000_K100_H200_w_rate_1p25_t0p05,2,T007,6,2000,100,200,raw/v14_307.npz
full_N2000_K100_H200_w_rate_1p25_t0p05,2,T008,7,2000,100,200,raw/v14_307.npz
full_N2000_K100_H200_w_rate_1p25_t0p05,2,T009,8,2000,100,200,raw/v14_307.npz
full_N2000_K100_H200_w_rate_1p25_t0p05,2,T010,9,2000,100,200,raw/v14_307.npz
full_N2000_K100_H200_w_rate_1p25_t0p05,2,T011,10,2000,100,200,raw/v14_307.npz
full_N2000_K100_H200_w_rate_1p25_t0p05,2,T012,11,2000,100,200,raw/v14_307.npz
full_N2000_K100_H200_w_rate_1p25_t0p05,2,T013,12,2000,100,200,raw/v14_307.npz
full_N2000_K100_H200_w_rate_1p25_t0p05,2,T014,13,2000,100,200,raw/v14_307.npz
full_N2000_K100_H200_w_rate_1p25_t0p05,2,T015,14,2000,100,200,raw/v14_307.npz
full_N2000_K100_H200_w_rate_1p25_t0p05,2,T016,15,2000,100,200,raw/v14_307.npz
full_N2000_K100_H200_w_rate_1p25_t0p05,2,T017,16,2000,100,200,raw/v14_307.npz
full_N2000_K100_H200_w_rate_1p25_t0p05,2,T018,17,2000,100,200,raw/v14_307.npz
full_N2000_K100_H200_w_rate_1p25_t0p05,2,T019,18,2000,100,200,raw/v14_307.npz
full_N2000_K100_H200_w_rate_1p25_t0p05,2,T020,19,2000,100,200,raw/v14_307.npz
full_N2000_K100_H200_w_rate_1p25_t0p05,2,T021,20,2000,100,200,raw/v14_307.npz
full_N2000_K100_H200_w_rate_1p25_t0p05,2,T022,21,2000,100,200,raw/v14_307.npz
full_N2000_K100_H200_w_rate_1p25_t0p05,2,T023,22,2000,100,200,raw/v14_307.npz
full_N2000_K100_H200_w_rate_1p25_t0p05,2,T024,23,2000,100,200,raw/v14_307.npz
full_N2000_K100_H200_w_rate_1p25_t0p05,2,T025,24,2000,100,200,raw/v14_307.npz
full_N2000_K100_H200_w_rate_1p25_t0p05,2,T026,25,2000,100,200,raw/v14_307.npz
full_N2000_K100_H200_w_rate_1p25_t0p05,2,T027,26,2000,100,200,raw/v14_307.npz
full_N2000_K100_H200_w_rate_1p25_t0p05,2,T028,27,2000,100,200,raw/v14_307.npz
full_N2000_K100_H200_w_rate_1p25_t0p05,2,T029,28,2000,100,200,raw/v14_307.npz
full_N2000_K100_H200_w_rate_1p25_t0p05,2,T030,29,2000,100,200,raw/v14_307.npz
full_N2000_K100_H200_w_rate_1p25_t0p05,3,T001,0,2000,100,200,raw/v14_308.npz
full_N2000_K100_H200_w_rate_1p25_t0p05,3,T002,1,2000,100,200,raw/v14_308.npz
full_N2000_K100_H200_w_rate_1p25_t0p05,3,T003,2,2000,100,200,raw/v14_308.npz
full_N2000_K100_H200_w_rate_1p25_t0p05,3,T004,3,2000,100,200,raw/v14_308.npz
full_N2000_K100_H200_w_rate_1p25_t0p05,3,T005,4,2000,100,200,raw/v14_308.npz
full_N2000_K100_H200_w_rate_1p25_t0p05,3,T006,5,2000,100,200,raw/v14_308.npz
full_N2000_K100_H200_w_rate_1p25_t0p05,3,T007,6,2000,100,200,raw/v14_308.npz
full_N2000_K100_H200_w_rate_1p25_t0p05,3,T008,7,2000,100,200,raw/v14_308.npz
full_N2000_K100_H200_w_rate_1p25_t0p05,3,T009,8,2000,100,200,raw/v14_308.npz
full_N2000_K100_H200_w_rate_1p25_t0p05,3,T010,9,2000,100,200,raw/v14_308.npz
full_N2000_K100_H200_w_rate_1p25_t0p05,3,T011,10,2000,100,200,raw/v14_308.npz
full_N2000_K100_H200_w_rate_1p25_t0p05,3,T012,11,2000,100,200,raw/v14_308.npz
full_N2000_K100_H200_w_rate_1p25_t0p05,3,T013,12,2000,100,200,raw/v14_308.npz
full_N2000_K100_H200_w_rate_1p25_t0p05,3,T014,13,2000,100,200,raw/v14_308.npz
full_N2000_K100_H200_w_rate_1p25_t0p05,3,T015,14,2000,100,200,raw/v14_308.npz
full_N2000_K100_H200_w_rate_1p25_t0p05,3,T016,15,2000,100,200,raw/v14_308.npz
full_N2000_K100_H200_w_rate_1p25_t0p05,3,T017,16,2000,100,200,raw/v14_308.npz
full_N2000_K100_H200_w_rate_1p25_t0p05,3,T018,17,2000,100,200,raw/v14_308.npz
full_N2000_K100_H200_w_rate_1p25_t0p05,3,T019,18,2000,100,200,raw/v14_308.npz
full_N2000_K100_H200_w_rate_1p25_t0p05,3,T020,19,2000,100,200,raw/v14_308.npz
full_N2000_K100_H200_w_rate_1p25_t0p05,3,T021,20,2000,100,200,raw/v14_308.npz
full_N2000_K100_H200_w_rate_1p25_t0p05,3,T022,21,2000,100,200,raw/v14_308.npz
full_N2000_K100_H200_w_rate_1p25_t0p05,3,T023,22,2000,100,200,raw/v14_308.npz
full_N2000_K100_H200_w_rate_1p25_t0p05,3,T024,23,2000,100,200,raw/v14_308.npz
full_N2000_K100_H200_w_rate_1p25_t0p05,3,T025,24,2000,100,200,raw/v14_308.npz
full_N2000_K100_H200_w_rate_1p25_t0p05,3,T026,25,2000,100,200,raw/v14_308.npz
full_N2000_K100_H200_w_rate_1p25_t0p05,3,T027,26,2000,100,200,raw/v14_308.npz
full_N2000_K100_H200_w_rate_1p25_t0p05,3,T028,27,2000,100,200,raw/v14_308.npz
full_N2000_K100_H200_w_rate_1p25_t0p05,3,T029,28,2000,100,200,raw/v14_308.npz
full_N2000_K100_H200_w_rate_1p25_t0p05,3,T030,29,2000,100,200,raw/v14_308.npz
full_N2000_K100_H200_w_rate_1p25_t0p05,4,T001,0,2000,100,200,raw/v14_309.npz
full_N2000_K100_H200_w_rate_1p25_t0p05,4,T002,1,2000,100,200,raw/v14_309.npz
full_N2000_K100_H200_w_rate_1p25_t0p05,4,T003,2,2000,100,200,raw/v14_309.npz
full_N2000_K100_H200_w_rate_1p25_t0p05,4,T004,3,2000,100,200,raw/v14_309.npz
full_N2000_K100_H200_w_rate_1p25_t0p05,4,T005,4,2000,100,200,raw/v14_309.npz
full_N2000_K100_H200_w_rate_1p25_t0p05,4,T006,5,2000,100,200,raw/v14_309.npz
full_N2000_K100_H200_w_rate_1p25_t0p05,4,T007,6,2000,100,200,raw/v14_309.npz
full_N2000_K100_H200_w_rate_1p25_t0p05,4,T008,7,2000,100,200,raw/v14_309.npz
full_N2000_K100_H200_w_rate_1p25_t0p05,4,T009,8,2000,100,200,raw/v14_309.npz
full_N2000_K100_H200_w_rate_1p25_t0p05,4,T010,9,2000,100,200,raw/v14_309.npz
full_N2000_K100_H200_w_rate_1p25_t0p05,4,T011,10,2000,100,200,raw/v14_309.npz
full_N2000_K100_H200_w_rate_1p25_t0p05,4,T012,11,2000,100,200,raw/v14_309.npz
full_N2000_K100_H200_w_rate_1p25_t0p05,4,T013,12,2000,100,200,raw/v14_309.npz
full_N2000_K100_H200_w_rate_1p25_t0p05,4,T014,13,2000,100,200,raw/v14_309.npz
full_N2000_K100_H200_w_rate_1p25_t0p05,4,T015,14,2000,100,200,raw/v14_309.npz
full_N2000_K100_H200_w_rate_1p25_t0p05,4,T016,15,2000,100,200,raw/v14_309.npz
full_N2000_K100_H200_w_rate_1p25_t0p05,4,T017,16,2000,100,200,raw/v14_309.npz
full_N2000_K100_H200_w_rate_1p25_t0p05,4,T018,17,2000,100,200,raw/v14_309.npz
full_N2000_K100_H200_w_rate_1p25_t0p05,4,T019,18,2000,100,200,raw/v14_309.npz
full_N2000_K100_H200_w_rate_1p25_t0p05,4,T020,19,2000,100,200,raw/v14_309.npz
full_N2000_K100_H200_w_rate_1p25_t0p05,4,T021,20,2000,100,200,raw/v14_309.npz
full_N2000_K100_H200_w_rate_1p25_t0p05,4,T022,21,2000,100,200,raw/v14_309.npz
full_N2000_K100_H200_w_rate_1p25_t0p05,4,T023,22,2000,100,200,raw/v14_309.npz
full_N2000_K100_H200_w_rate_1p25_t0p05,4,T024,23,2000,100,200,raw/v14_309.npz
full_N2000_K100_H200_w_rate_1p25_t0p05,4,T025,24,2000,100,200,raw/v14_309.npz
full_N2000_K100_H200_w_rate_1p25_t0p05,4,T026,25,2000,100,200,raw/v14_309.npz
full_N2000_K100_H200_w_rate_1p25_t0p05,4,T027,26,2000,100,200,raw/v14_309.npz
full_N2000_K100_H200_w_rate_1p25_t0p05,4,T028,27,2000,100,200,raw/v14_309.npz
full_N2000_K100_H200_w_rate_1p25_t0p05,4,T029,28,2000,100,200,raw/v14_309.npz
full_N2000_K100_H200_w_rate_1p25_t0p05,4,T030,29,2000,100,200,raw/v14_309.npz
full_N2000_K100_H200_w_rate_1p25_t0p05,5,T001,0,2000,100,200,raw/v14_310.npz
full_N2000_K100_H200_w_rate_1p25_t0p05,5,T002,1,2000,100,200,raw/v14_310.npz
full_N2000_K100_H200_w_rate_1p25_t0p05,5,T003,2,2000,100,200,raw/v14_310.npz
full_N2000_K100_H200_w_rate_1p25_t0p05,5,T004,3,2000,100,200,raw/v14_310.npz
full_N2000_K100_H200_w_rate_1p25_t0p05,5,T005,4,2000,100,200,raw/v14_310.npz
full_N2000_K100_H200_w_rate_1p25_t0p05,5,T006,5,2000,100,200,raw/v14_310.npz
full_N2000_K100_H200_w_rate_1p25_t0p05,5,T007,6,2000,100,200,raw/v14_310.npz
full_N2000_K100_H200_w_rate_1p25_t0p05,5,T008,7,2000,100,200,raw/v14_310.npz
full_N2000_K100_H200_w_rate_1p25_t0p05,5,T009,8,2000,100,200,raw/v14_310.npz
full_N2000_K100_H200_w_rate_1p25_t0p05,5,T010,9,2000,100,200,raw/v14_310.npz
full_N2000_K100_H200_w_rate_1p25_t0p05,5,T011,10,2000,100,200,raw/v14_310.npz
full_N2000_K100_H200_w_rate_1p25_t0p05,5,T012,11,2000,100,200,raw/v14_310.npz
full_N2000_K100_H200_w_rate_1p25_t0p05,5,T013,12,2000,100,200,raw/v14_310.npz
full_N2000_K100_H200_w_rate_1p25_t0p05,5,T014,13,2000,100,200,raw/v14_310.npz
full_N2000_K100_H200_w_rate_1p25_t0p05,5,T015,14,2000,100,200,raw/v14_310.npz
full_N2000_K100_H200_w_rate_1p25_t0p05,5,T016,15,2000,100,200,raw/v14_310.npz
full_N2000_K100_H200_w_rate_1p25_t0p05,5,T017,16,2000,100,200,raw/v14_310.npz
full_N2000_K100_H200_w_rate_1p25_t0p05,5,T018,17,2000,100,200,raw/v14_310.npz
full_N2000_K100_H200_w_rate_1p25_t0p05,5,T019,18,2000,100,200,raw/v14_310.npz
full_N2000_K100_H200_w_rate_1p25_t0p05,5,T020,19,2000,100,200,raw/v14_310.npz
full_N2000_K100_H200_w_rate_1p25_t0p05,5,T021,20,2000,100,200,raw/v14_310.npz
full_N2000_K100_H200_w_rate_1p25_t0p05,5,T022,21,2000,100,200,raw/v14_310.npz
full_N2000_K100_H200_w_rate_1p25_t0p05,5,T023,22,2000,100,200,raw/v14_310.npz
full_N2000_K100_H200_w_rate_1p25_t0p05,5,T024,23,2000,100,200,raw/v14_310.npz
full_N2000_K100_H200_w_rate_1p25_t0p05,5,T025,24,2000,100,200,raw/v14_310.npz
full_N2000_K100_H200_w_rate_1p25_t0p05,5,T026,25,2000,100,200,raw/v14_310.npz
full_N2000_K100_H200_w_rate_1p25_t0p05,5,T027,26,2000,100,200,raw/v14_310.npz
full_N2000_K100_H200_w_rate_1p25_t0p05,5,T028,27,2000,100,200,raw/v14_310.npz
full_N2000_K100_H200_w_rate_1p25_t0p05,5,T029,28,2000,100,200,raw/v14_310.npz
full_N2000_K100_H200_w_rate_1p25_t0p05,5,T030,29,2000,100,200,raw/v14_310.npz
full_N2000_K100_H200_w_rate_1p5_t0p05,1,T001,0,2000,100,200,raw/v14_311.npz
full_N2000_K100_H200_w_rate_1p5_t0p05,1,T002,1,2000,100,200,raw/v14_311.npz
full_N2000_K100_H200_w_rate_1p5_t0p05,1,T003,2,2000,100,200,raw/v14_311.npz
full_N2000_K100_H200_w_rate_1p5_t0p05,1,T004,3,2000,100,200,raw/v14_311.npz
full_N2000_K100_H200_w_rate_1p5_t0p05,1,T005,4,2000,100,200,raw/v14_311.npz
full_N2000_K100_H200_w_rate_1p5_t0p05,1,T006,5,2000,100,200,raw/v14_311.npz
full_N2000_K100_H200_w_rate_1p5_t0p05,1,T007,6,2000,100,200,raw/v14_311.npz
full_N2000_K100_H200_w_rate_1p5_t0p05,1,T008,7,2000,100,200,raw/v14_311.npz
full_N2000_K100_H200_w_rate_1p5_t0p05,1,T009,8,2000,100,200,raw/v14_311.npz
full_N2000_K100_H200_w_rate_1p5_t0p05,1,T010,9,2000,100,200,raw/v14_311.npz
full_N2000_K100_H200_w_rate_1p5_t0p05,1,T011,10,2000,100,200,raw/v14_311.npz
full_N2000_K100_H200_w_rate_1p5_t0p05,1,T012,11,2000,100,200,raw/v14_311.npz
full_N2000_K100_H200_w_rate_1p5_t0p05,1,T013,12,2000,100,200,raw/v14_311.npz
full_N2000_K100_H200_w_rate_1p5_t0p05,1,T014,13,2000,100,200,raw/v14_311.npz
full_N2000_K100_H200_w_rate_1p5_t0p05,1,T015,14,2000,100,200,raw/v14_311.npz
full_N2000_K100_H200_w_rate_1p5_t0p05,1,T016,15,2000,100,200,raw/v14_311.npz
full_N2000_K100_H200_w_rate_1p5_t0p05,1,T017,16,2000,100,200,raw/v14_311.npz
full_N2000_K100_H200_w_rate_1p5_t0p05,1,T018,17,2000,100,200,raw/v14_311.npz
full_N2000_K100_H200_w_rate_1p5_t0p05,1,T019,18,2000,100,200,raw/v14_311.npz
full_N2000_K100_H200_w_rate_1p5_t0p05,1,T020,19,2000,100,200,raw/v14_311.npz
full_N2000_K100_H200_w_rate_1p5_t0p05,1,T021,20,2000,100,200,raw/v14_311.npz
full_N2000_K100_H200_w_rate_1p5_t0p05,1,T022,21,2000,100,200,raw/v14_311.npz
full_N2000_K100_H200_w_rate_1p5_t0p05,1,T023,22,2000,100,200,raw/v14_311.npz
full_N2000_K100_H200_w_rate_1p5_t0p05,1,T024,23,2000,100,200,raw/v14_311.npz
full_N2000_K100_H200_w_rate_1p5_t0p05,1,T025,24,2000,100,200,raw/v14_311.npz
full_N2000_K100_H200_w_rate_1p5_t0p05,1,T026,25,2000,100,200,raw/v14_311.npz
full_N2000_K100_H200_w_rate_1p5_t0p05,1,T027,26,2000,100,200,raw/v14_311.npz
full_N2000_K100_H200_w_rate_1p5_t0p05,1,T028,27,2000,100,200,raw/v14_311.npz
full_N2000_K100_H200_w_rate_1p5_t0p05,1,T029,28,2000,100,200,raw/v14_311.npz
full_N2000_K100_H200_w_rate_1p5_t0p05,1,T030,29,2000,100,200,raw/v14_311.npz
full_N2000_K100_H200_w_rate_1p5_t0p05,2,T001,0,2000,100,200,raw/v14_312.npz
full_N2000_K100_H200_w_rate_1p5_t0p05,2,T002,1,2000,100,200,raw/v14_312.npz
full_N2000_K100_H200_w_rate_1p5_t0p05,2,T003,2,2000,100,200,raw/v14_312.npz
full_N2000_K100_H200_w_rate_1p5_t0p05,2,T004,3,2000,100,200,raw/v14_312.npz
full_N2000_K100_H200_w_rate_1p5_t0p05,2,T005,4,2000,100,200,raw/v14_312.npz
full_N2000_K100_H200_w_rate_1p5_t0p05,2,T006,5,2000,100,200,raw/v14_312.npz
full_N2000_K100_H200_w_rate_1p5_t0p05,2,T007,6,2000,100,200,raw/v14_312.npz
full_N2000_K100_H200_w_rate_1p5_t0p05,2,T008,7,2000,100,200,raw/v14_312.npz
full_N2000_K100_H200_w_rate_1p5_t0p05,2,T009,8,2000,100,200,raw/v14_312.npz
full_N2000_K100_H200_w_rate_1p5_t0p05,2,T010,9,2000,100,200,raw/v14_312.npz
full_N2000_K100_H200_w_rate_1p5_t0p05,2,T011,10,2000,100,200,raw/v14_312.npz
full_N2000_K100_H200_w_rate_1p5_t0p05,2,T012,11,2000,100,200,raw/v14_312.npz
full_N2000_K100_H200_w_rate_1p5_t0p05,2,T013,12,2000,100,200,raw/v14_312.npz
full_N2000_K100_H200_w_rate_1p5_t0p05,2,T014,13,2000,100,200,raw/v14_312.npz
full_N2000_K100_H200_w_rate_1p5_t0p05,2,T015,14,2000,100,200,raw/v14_312.npz
full_N2000_K100_H200_w_rate_1p5_t0p05,2,T016,15,2000,100,200,raw/v14_312.npz
full_N2000_K100_H200_w_rate_1p5_t0p05,2,T017,16,2000,100,200,raw/v14_312.npz
full_N2000_K100_H200_w_rate_1p5_t0p05,2,T018,17,2000,100,200,raw/v14_312.npz
full_N2000_K100_H200_w_rate_1p5_t0p05,2,T019,18,2000,100,200,raw/v14_312.npz
full_N2000_K100_H200_w_rate_1p5_t0p05,2,T020,19,2000,100,200,raw/v14_312.npz
full_N2000_K100_H200_w_rate_1p5_t0p05,2,T021,20,2000,100,200,raw/v14_312.npz
full_N2000_K100_H200_w_rate_1p5_t0p05,2,T022,21,2000,100,200,raw/v14_312.npz
full_N2000_K100_H200_w_rate_1p5_t0p05,2,T023,22,2000,100,200,raw/v14_312.npz
full_N2000_K100_H200_w_rate_1p5_t0p05,2,T024,23,2000,100,200,raw/v14_312.npz
full_N2000_K100_H200_w_rate_1p5_t0p05,2,T025,24,2000,100,200,raw/v14_312.npz
full_N2000_K100_H200_w_rate_1p5_t0p05,2,T026,25,2000,100,200,raw/v14_312.npz
full_N2000_K100_H200_w_rate_1p5_t0p05,2,T027,26,2000,100,200,raw/v14_312.npz
full_N2000_K100_H200_w_rate_1p5_t0p05,2,T028,27,2000,100,200,raw/v14_312.npz
full_N2000_K100_H200_w_rate_1p5_t0p05,2,T029,28,2000,100,200,raw/v14_312.npz
full_N2000_K100_H200_w_rate_1p5_t0p05,2,T030,29,2000,100,200,raw/v14_312.npz
full_N2000_K100_H200_w_rate_1p5_t0p05,3,T001,0,2000,100,200,raw/v14_313.npz
full_N2000_K100_H200_w_rate_1p5_t0p05,3,T002,1,2000,100,200,raw/v14_313.npz
full_N2000_K100_H200_w_rate_1p5_t0p05,3,T003,2,2000,100,200,raw/v14_313.npz
full_N2000_K100_H200_w_rate_1p5_t0p05,3,T004,3,2000,100,200,raw/v14_313.npz
full_N2000_K100_H200_w_rate_1p5_t0p05,3,T005,4,2000,100,200,raw/v14_313.npz
full_N2000_K100_H200_w_rate_1p5_t0p05,3,T006,5,2000,100,200,raw/v14_313.npz
full_N2000_K100_H200_w_rate_1p5_t0p05,3,T007,6,2000,100,200,raw/v14_313.npz
full_N2000_K100_H200_w_rate_1p5_t0p05,3,T008,7,2000,100,200,raw/v14_313.npz
full_N2000_K100_H200_w_rate_1p5_t0p05,3,T009,8,2000,100,200,raw/v14_313.npz
full_N2000_K100_H200_w_rate_1p5_t0p05,3,T010,9,2000,100,200,raw/v14_313.npz
full_N2000_K100_H200_w_rate_1p5_t0p05,3,T011,10,2000,100,200,raw/v14_313.npz
full_N2000_K100_H200_w_rate_1p5_t0p05,3,T012,11,2000,100,200,raw/v14_313.npz
full_N2000_K100_H200_w_rate_1p5_t0p05,3,T013,12,2000,100,200,raw/v14_313.npz
full_N2000_K100_H200_w_rate_1p5_t0p05,3,T014,13,2000,100,200,raw/v14_313.npz
full_N2000_K100_H200_w_rate_1p5_t0p05,3,T015,14,2000,100,200,raw/v14_313.npz
full_N2000_K100_H200_w_rate_1p5_t0p05,3,T016,15,2000,100,200,raw/v14_313.npz
full_N2000_K100_H200_w_rate_1p5_t0p05,3,T017,16,2000,100,200,raw/v14_313.npz
full_N2000_K100_H200_w_rate_1p5_t0p05,3,T018,17,2000,100,200,raw/v14_313.npz
full_N2000_K100_H200_w_rate_1p5_t0p05,3,T019,18,2000,100,200,raw/v14_313.npz
full_N2000_K100_H200_w_rate_1p5_t0p05,3,T020,19,2000,100,200,raw/v14_313.npz
full_N2000_K100_H200_w_rate_1p5_t0p05,3,T021,20,2000,100,200,raw/v14_313.npz
full_N2000_K100_H200_w_rate_1p5_t0p05,3,T022,21,2000,100,200,raw/v14_313.npz
full_N2000_K100_H200_w_rate_1p5_t0p05,3,T023,22,2000,100,200,raw/v14_313.npz
full_N2000_K100_H200_w_rate_1p5_t0p05,3,T024,23,2000,100,200,raw/v14_313.npz
full_N2000_K100_H200_w_rate_1p5_t0p05,3,T025,24,2000,100,200,raw/v14_313.npz
full_N2000_K100_H200_w_rate_1p5_t0p05,3,T026,25,2000,100,200,raw/v14_313.npz
full_N2000_K100_H200_w_rate_1p5_t0p05,3,T027,26,2000,100,200,raw/v14_313.npz
full_N2000_K100_H200_w_rate_1p5_t0p05,3,T028,27,2000,100,200,raw/v14_313.npz
full_N2000_K100_H200_w_rate_1p5_t0p05,3,T029,28,2000,100,200,raw/v14_313.npz
full_N2000_K100_H200_w_rate_1p5_t0p05,3,T030,29,2000,100,200,raw/v14_313.npz
full_N2000_K100_H200_w_rate_1p5_t0p05,4,T001,0,2000,100,200,raw/v14_314.npz
full_N2000_K100_H200_w_rate_1p5_t0p05,4,T002,1,2000,100,200,raw/v14_314.npz
full_N2000_K100_H200_w_rate_1p5_t0p05,4,T003,2,2000,100,200,raw/v14_314.npz
full_N2000_K100_H200_w_rate_1p5_t0p05,4,T004,3,2000,100,200,raw/v14_314.npz
full_N2000_K100_H200_w_rate_1p5_t0p05,4,T005,4,2000,100,200,raw/v14_314.npz
full_N2000_K100_H200_w_rate_1p5_t0p05,4,T006,5,2000,100,200,raw/v14_314.npz
full_N2000_K100_H200_w_rate_1p5_t0p05,4,T007,6,2000,100,200,raw/v14_314.npz
full_N2000_K100_H200_w_rate_1p5_t0p05,4,T008,7,2000,100,200,raw/v14_314.npz
full_N2000_K100_H200_w_rate_1p5_t0p05,4,T009,8,2000,100,200,raw/v14_314.npz
full_N2000_K100_H200_w_rate_1p5_t0p05,4,T010,9,2000,100,200,raw/v14_314.npz
full_N2000_K100_H200_w_rate_1p5_t0p05,4,T011,10,2000,100,200,raw/v14_314.npz
full_N2000_K100_H200_w_rate_1p5_t0p05,4,T012,11,2000,100,200,raw/v14_314.npz
full_N2000_K100_H200_w_rate_1p5_t0p05,4,T013,12,2000,100,200,raw/v14_314.npz
full_N2000_K100_H200_w_rate_1p5_t0p05,4,T014,13,2000,100,200,raw/v14_314.npz
full_N2000_K100_H200_w_rate_1p5_t0p05,4,T015,14,2000,100,200,raw/v14_314.npz
full_N2000_K100_H200_w_rate_1p5_t0p05,4,T016,15,2000,100,200,raw/v14_314.npz
full_N2000_K100_H200_w_rate_1p5_t0p05,4,T017,16,2000,100,200,raw/v14_314.npz
full_N2000_K100_H200_w_rate_1p5_t0p05,4,T018,17,2000,100,200,raw/v14_314.npz
full_N2000_K100_H200_w_rate_1p5_t0p05,4,T019,18,2000,100,200,raw/v14_314.npz
full_N2000_K100_H200_w_rate_1p5_t0p05,4,T020,19,2000,100,200,raw/v14_314.npz
full_N2000_K100_H200_w_rate_1p5_t0p05,4,T021,20,2000,100,200,raw/v14_314.npz
full_N2000_K100_H200_w_rate_1p5_t0p05,4,T022,21,2000,100,200,raw/v14_314.npz
full_N2000_K100_H200_w_rate_1p5_t0p05,4,T023,22,2000,100,200,raw/v14_314.npz
full_N2000_K100_H200_w_rate_1p5_t0p05,4,T024,23,2000,100,200,raw/v14_314.npz
full_N2000_K100_H200_w_rate_1p5_t0p05,4,T025,24,2000,100,200,raw/v14_314.npz
full_N2000_K100_H200_w_rate_1p5_t0p05,4,T026,25,2000,100,200,raw/v14_314.npz
full_N2000_K100_H200_w_rate_1p5_t0p05,4,T027,26,2000,100,200,raw/v14_314.npz
full_N2000_K100_H200_w_rate_1p5_t0p05,4,T028,27,2000,100,200,raw/v14_314.npz
full_N2000_K100_H200_w_rate_1p5_t0p05,4,T029,28,2000,100,200,raw/v14_314.npz
full_N2000_K100_H200_w_rate_1p5_t0p05,4,T030,29,2000,100,200,raw/v14_314.npz
full_N2000_K100_H200_w_rate_1p5_t0p05,5,T001,0,2000,100,200,raw/v14_315.npz
full_N2000_K100_H200_w_rate_1p5_t0p05,5,T002,1,2000,100,200,raw/v14_315.npz
full_N2000_K100_H200_w_rate_1p5_t0p05,5,T003,2,2000,100,200,raw/v14_315.npz
full_N2000_K100_H200_w_rate_1p5_t0p05,5,T004,3,2000,100,200,raw/v14_315.npz
full_N2000_K100_H200_w_rate_1p5_t0p05,5,T005,4,2000,100,200,raw/v14_315.npz
full_N2000_K100_H200_w_rate_1p5_t0p05,5,T006,5,2000,100,200,raw/v14_315.npz
full_N2000_K100_H200_w_rate_1p5_t0p05,5,T007,6,2000,100,200,raw/v14_315.npz
full_N2000_K100_H200_w_rate_1p5_t0p05,5,T008,7,2000,100,200,raw/v14_315.npz
full_N2000_K100_H200_w_rate_1p5_t0p05,5,T009,8,2000,100,200,raw/v14_315.npz
full_N2000_K100_H200_w_rate_1p5_t0p05,5,T010,9,2000,100,200,raw/v14_315.npz
full_N2000_K100_H200_w_rate_1p5_t0p05,5,T011,10,2000,100,200,raw/v14_315.npz
full_N2000_K100_H200_w_rate_1p5_t0p05,5,T012,11,2000,100,200,raw/v14_315.npz
full_N2000_K100_H200_w_rate_1p5_t0p05,5,T013,12,2000,100,200,raw/v14_315.npz
full_N2000_K100_H200_w_rate_1p5_t0p05,5,T014,13,2000,100,200,raw/v14_315.npz
full_N2000_K100_H200_w_rate_1p5_t0p05,5,T015,14,2000,100,200,raw/v14_315.npz
full_N2000_K100_H200_w_rate_1p5_t0p05,5,T016,15,2000,100,200,raw/v14_315.npz
full_N2000_K100_H200_w_rate_1p5_t0p05,5,T017,16,2000,100,200,raw/v14_315.npz
full_N2000_K100_H200_w_rate_1p5_t0p05,5,T018,17,2000,100,200,raw/v14_315.npz
full_N2000_K100_H200_w_rate_1p5_t0p05,5,T019,18,2000,100,200,raw/v14_315.npz
full_N2000_K100_H200_w_rate_1p5_t0p05,5,T020,19,2000,100,200,raw/v14_315.npz
full_N2000_K100_H200_w_rate_1p5_t0p05,5,T021,20,2000,100,200,raw/v14_315.npz
full_N2000_K100_H200_w_rate_1p5_t0p05,5,T022,21,2000,100,200,raw/v14_315.npz
full_N2000_K100_H200_w_rate_1p5_t0p05,5,T023,22,2000,100,200,raw/v14_315.npz
full_N2000_K100_H200_w_rate_1p5_t0p05,5,T024,23,2000,100,200,raw/v14_315.npz
full_N2000_K100_H200_w_rate_1p5_t0p05,5,T025,24,2000,100,200,raw/v14_315.npz
full_N2000_K100_H200_w_rate_1p5_t0p05,5,T026,25,2000,100,200,raw/v14_315.npz
full_N2000_K100_H200_w_rate_1p5_t0p05,5,T027,26,2000,100,200,raw/v14_315.npz
full_N2000_K100_H200_w_rate_1p5_t0p05,5,T028,27,2000,100,200,raw/v14_315.npz
full_N2000_K100_H200_w_rate_1p5_t0p05,5,T029,28,2000,100,200,raw/v14_315.npz
full_N2000_K100_H200_w_rate_1p5_t0p05,5,T030,29,2000,100,200,raw/v14_315.npz
