case_id,method_id,simulation_repeat,N_sat,K,H,episodes,valid_slots_per_user,synthetic_proxy_mse_mean,synthetic_proxy_mse_episode_sample_sd,persistence_mse_mean,persistence_mse_episode_sample_sd,synthetic_proxy_mse_ratio_to_persistence,mse_denominator,episode_sd_ddof,raw_file,raw_label_array,raw_synthetic_proxy_array,raw_persistence_array,raw_episode_indices,predictor_kind,data_kind
full_N500_K100_H50_nominal_t0p05,full,1,500,100,50,30,8,0.04002859941688051,0.01455700738802797,0.037066666666666664,0.01414928616045964,1.0799082576496541,K,1,09_simulation/raw/v14_001.npz,H50_label,H50_synthetic_proxy,H50_persistence,0..29 (T001..T030),causal_previous_load_plus_deterministic_noise_proxy_not_trained_head,synthetic_preexperiment_reference
full_N500_K100_H50_nominal_t0p05,full,2,500,100,50,30,8,0.034189944356560226,0.012111735238825591,0.03186666666666667,0.012136389661797635,1.0729062036577477,K,1,09_simulation/raw/v14_002.npz,H50_label,H50_synthetic_proxy,H50_persistence,0..29 (T001..T030),causal_previous_load_plus_deterministic_noise_proxy_not_trained_head,synthetic_preexperiment_reference
full_N500_K100_H50_nominal_t0p05,full,3,500,100,50,30,8,0.0385997379810163,0.01353901503010154,0.03693333333333333,0.014342926487641393,1.0451192594137988,K,1,09_simulation/raw/v14_003.npz,H50_label,H50_synthetic_proxy,H50_persistence,0..29 (T001..T030),causal_previous_load_plus_deterministic_noise_proxy_not_trained_head,synthetic_preexperiment_reference
full_N500_K100_H50_nominal_t0p05,full,4,500,100,50,30,8,0.03844283737495481,0.014224350891791264,0.037066666666666664,0.014371747508107064,1.0371269075977019,K,1,09_simulation/raw/v14_004.npz,H50_label,H50_synthetic_proxy,H50_persistence,0..29 (T001..T030),causal_previous_load_plus_deterministic_noise_proxy_not_trained_head,synthetic_preexperiment_reference
full_N500_K100_H50_nominal_t0p05,full,5,500,100,50,30,8,0.03897674725365677,0.015023891963007619,0.037066666666666664,0.014371747508107064,1.0515309510878625,K,1,09_simulation/raw/v14_005.npz,H50_label,H50_synthetic_proxy,H50_persistence,0..29 (T001..T030),causal_previous_load_plus_deterministic_noise_proxy_not_trained_head,synthetic_preexperiment_reference
full_N500_K100_H200_nominal_t0p05,full,1,500,100,200,30,8,0.03865903413780993,0.01796379099304144,0.0358,0.01698965202298355,1.0798612887656407,K,1,09_simulation/raw/v14_001.npz,H200_label,H200_synthetic_proxy,H200_persistence,0..29 (T001..T030),causal_previous_load_plus_deterministic_noise_proxy_not_trained_head,synthetic_preexperiment_reference
full_N500_K100_H200_nominal_t0p05,full,2,500,100,200,30,8,0.03609344693504837,0.017772088461106325,0.033,0.01713033204179268,1.093740816213587,K,1,09_simulation/raw/v14_002.npz,H200_label,H200_synthetic_proxy,H200_persistence,0..29 (T001..T030),causal_previous_load_plus_deterministic_noise_proxy_not_trained_head,synthetic_preexperiment_reference
full_N500_K100_H200_nominal_t0p05,full,3,500,100,200,30,8,0.03727318223913952,0.01704566889559796,0.034466666666666666,0.016722343783369464,1.0814269508454406,K,1,09_simulation/raw/v14_003.npz,H200_label,H200_synthetic_proxy,H200_persistence,0..29 (T001..T030),causal_previous_load_plus_deterministic_noise_proxy_not_trained_head,synthetic_preexperiment_reference
full_N500_K100_H200_nominal_t0p05,full,4,500,100,200,30,8,0.03649566187156101,0.01614211826190982,0.03473333333333333,0.01651317829708334,1.0507388254768046,K,1,09_simulation/raw/v14_004.npz,H200_label,H200_synthetic_proxy,H200_persistence,0..29 (T001..T030),causal_previous_load_plus_deterministic_noise_proxy_not_trained_head,synthetic_preexperiment_reference
full_N500_K100_H200_nominal_t0p05,full,5,500,100,200,30,8,0.035783226573900005,0.015509064274370635,0.03473333333333333,0.01651317829708334,1.0302272526074858,K,1,09_simulation/raw/v14_005.npz,H200_label,H200_synthetic_proxy,H200_persistence,0..29 (T001..T030),causal_previous_load_plus_deterministic_noise_proxy_not_trained_head,synthetic_preexperiment_reference
full_N500_K100_H800_nominal_t0p05,full,1,500,100,800,30,8,0.038000437056703106,0.010978433900259594,0.035800000000000005,0.01136661779070626,1.0614647222542766,K,1,09_simulation/raw/v14_001.npz,H800_label,H800_synthetic_proxy,H800_persistence,0..29 (T001..T030),causal_previous_load_plus_deterministic_noise_proxy_not_trained_head,synthetic_preexperiment_reference
full_N500_K100_H800_nominal_t0p05,full,2,500,100,800,30,8,0.03317372891338674,0.009939312947307022,0.031266666666666665,0.009902745468610814,1.0609934620486166,K,1,09_simulation/raw/v14_002.npz,H800_label,H800_synthetic_proxy,H800_persistence,0..29 (T001..T030),causal_previous_load_plus_deterministic_noise_proxy_not_trained_head,synthetic_preexperiment_reference
full_N500_K100_H800_nominal_t0p05,full,3,500,100,800,30,8,0.03576029536941896,0.01101459656835224,0.03426666666666667,0.010126555507021212,1.0435883862670903,K,1,09_simulation/raw/v14_003.npz,H800_label,H800_synthetic_proxy,H800_persistence,0..29 (T001..T030),causal_previous_load_plus_deterministic_noise_proxy_not_trained_head,synthetic_preexperiment_reference
full_N500_K100_H800_nominal_t0p05,full,4,500,100,800,30,8,0.036537284202181705,0.011200193844635048,0.03426666666666667,0.010501012540122793,1.0662631576512172,K,1,09_simulation/raw/v14_004.npz,H800_label,H800_synthetic_proxy,H800_persistence,0..29 (T001..T030),causal_previous_load_plus_deterministic_noise_proxy_not_trained_head,synthetic_preexperiment_reference
full_N500_K100_H800_nominal_t0p05,full,5,500,100,800,30,8,0.03728339339702293,0.010697160103902177,0.0346,0.010675786331371732,1.0775547224573103,K,1,09_simulation/raw/v14_005.npz,H800_label,H800_synthetic_proxy,H800_persistence,0..29 (T001..T030),causal_previous_load_plus_deterministic_noise_proxy_not_trained_head,synthetic_preexperiment_reference
full_N1000_K100_H50_nominal_t0p05,full,1,1000,100,50,30,8,0.027308507505987824,0.010388123531546877,0.025913333333333333,0.010075841141693517,1.0538400118081228,K,1,09_simulation/raw/v14_006.npz,H50_label,H50_synthetic_proxy,H50_persistence,0..29 (T001..T030),causal_previous_load_plus_deterministic_noise_proxy_not_trained_head,synthetic_preexperiment_reference
full_N1000_K100_H50_nominal_t0p05,full,2,1000,100,50,30,8,0.02627098070522135,0.009633605734518954,0.024263333333333335,0.009445834087532738,1.0827440873150713,K,1,09_simulation/raw/v14_007.npz,H50_label,H50_synthetic_proxy,H50_persistence,0..29 (T001..T030),causal_previous_load_plus_deterministic_noise_proxy_not_trained_head,synthetic_preexperiment_reference
full_N1000_K100_H50_nominal_t0p05,full,3,1000,100,50,30,8,0.02835118796302654,0.00996880165083005,0.026076666666666668,0.009858295415828599,1.087224388202475,K,1,09_simulation/raw/v14_008.npz,H50_label,H50_synthetic_proxy,H50_persistence,0..29 (T001..T030),causal_previous_load_plus_deterministic_noise_proxy_not_trained_head,synthetic_preexperiment_reference
full_N1000_K100_H50_nominal_t0p05,full,4,1000,100,50,30,8,0.02498204088539628,0.007962722211248743,0.02298,0.008100038314085631,1.0871210132896554,K,1,09_simulation/raw/v14_009.npz,H50_label,H50_synthetic_proxy,H50_persistence,0..29 (T001..T030),causal_previous_load_plus_deterministic_noise_proxy_not_trained_head,synthetic_preexperiment_reference
full_N1000_K100_H50_nominal_t0p05,full,5,1000,100,50,30,8,0.02614262583288835,0.009475004565595345,0.024163333333333335,0.009403172000881454,1.08191305695496,K,1,09_simulation/raw/v14_010.npz,H50_label,H50_synthetic_proxy,H50_persistence,0..29 (T001..T030),causal_previous_load_plus_deterministic_noise_proxy_not_trained_head,synthetic_preexperiment_reference
full_N1000_K100_H200_nominal_t0p05,full,1,1000,100,200,30,8,0.030062932934115733,0.011395723343616968,0.02845666666666667,0.01170810751612725,1.0564460443053438,K,1,09_simulation/raw/v14_006.npz,H200_label,H200_synthetic_proxy,H200_persistence,0..29 (T001..T030),causal_previous_load_plus_deterministic_noise_proxy_not_trained_head,synthetic_preexperiment_reference
full_N1000_K100_H200_nominal_t0p05,full,2,1000,100,200,30,8,0.027511798944540904,0.011668928472597031,0.02604,0.011657958654927544,1.0565206967949656,K,1,09_simulation/raw/v14_007.npz,H200_label,H200_synthetic_proxy,H200_persistence,0..29 (T001..T030),causal_previous_load_plus_deterministic_noise_proxy_not_trained_head,synthetic_preexperiment_reference
full_N1000_K100_H200_nominal_t0p05,full,3,1000,100,200,30,8,0.030444837876789487,0.011308886244774026,0.028843333333333335,0.011076308464258403,1.0555242532112383,K,1,09_simulation/raw/v14_008.npz,H200_label,H200_synthetic_proxy,H200_persistence,0..29 (T001..T030),causal_previous_load_plus_deterministic_noise_proxy_not_trained_head,synthetic_preexperiment_reference
full_N1000_K100_H200_nominal_t0p05,full,4,1000,100,200,30,8,0.027810105200622257,0.012436117400631752,0.025323333333333333,0.01187450712830768,1.098200810870959,K,1,09_simulation/raw/v14_009.npz,H200_label,H200_synthetic_proxy,H200_persistence,0..29 (T001..T030),causal_previous_load_plus_deterministic_noise_proxy_not_trained_head,synthetic_preexperiment_reference
full_N1000_K100_H200_nominal_t0p05,full,5,1000,100,200,30,8,0.02875933315319514,0.012365341877169707,0.02593,0.01174355729457793,1.1091142750942975,K,1,09_simulation/raw/v14_010.npz,H200_label,H200_synthetic_proxy,H200_persistence,0..29 (T001..T030),causal_previous_load_plus_deterministic_noise_proxy_not_trained_head,synthetic_preexperiment_reference
full_N1000_K100_H800_nominal_t0p05,full,1,1000,100,800,30,8,0.028827355454054713,0.01075592507631709,0.026303333333333335,0.010210187047269502,1.0959582608308722,K,1,09_simulation/raw/v14_006.npz,H800_label,H800_synthetic_proxy,H800_persistence,0..29 (T001..T030),causal_previous_load_plus_deterministic_noise_proxy_not_trained_head,synthetic_preexperiment_reference
full_N1000_K100_H800_nominal_t0p05,full,2,1000,100,800,30,8,0.026427232454679005,0.009211432926349843,0.02404,0.008831315753104658,1.0993025147537023,K,1,09_simulation/raw/v14_007.npz,H800_label,H800_synthetic_proxy,H800_persistence,0..29 (T001..T030),causal_previous_load_plus_deterministic_noise_proxy_not_trained_head,synthetic_preexperiment_reference
full_N1000_K100_H800_nominal_t0p05,full,3,1000,100,800,30,8,0.02864064028157639,0.009954663129218881,0.02708,0.010370827785934799,1.057630734179335,K,1,09_simulation/raw/v14_008.npz,H800_label,H800_synthetic_proxy,H800_persistence,0..29 (T001..T030),causal_previous_load_plus_deterministic_noise_proxy_not_trained_head,synthetic_preexperiment_reference
full_N1000_K100_H800_nominal_t0p05,full,4,1000,100,800,30,8,0.024717687425844532,0.008424072934398676,0.02324,0.009221586369622843,1.0635837962927939,K,1,09_simulation/raw/v14_009.npz,H800_label,H800_synthetic_proxy,H800_persistence,0..29 (T001..T030),causal_previous_load_plus_deterministic_noise_proxy_not_trained_head,synthetic_preexperiment_reference
full_N1000_K100_H800_nominal_t0p05,full,5,1000,100,800,30,8,0.02564393684924809,0.008530741906514079,0.024040000000000002,0.008831315753104658,1.066719502880536,K,1,09_simulation/raw/v14_010.npz,H800_label,H800_synthetic_proxy,H800_persistence,0..29 (T001..T030),causal_previous_load_plus_deterministic_noise_proxy_not_trained_head,synthetic_preexperiment_reference
full_N2000_K100_H50_nominal_t0p05,full,1,2000,100,50,30,8,0.01999963506393399,0.006303407141965196,0.018363333333333336,0.006432165041915264,1.0891070101978937,K,1,09_simulation/raw/v14_011.npz,H50_label,H50_synthetic_proxy,H50_persistence,0..29 (T001..T030),causal_previous_load_plus_deterministic_noise_proxy_not_trained_head,synthetic_preexperiment_reference
full_N2000_K100_H50_nominal_t0p05,full,2,2000,100,50,30,8,0.01869408477802827,0.006017822449160545,0.017140000000000002,0.006146521303788919,1.0906700570611592,K,1,09_simulation/raw/v14_012.npz,H50_label,H50_synthetic_proxy,H50_persistence,0..29 (T001..T030),causal_previous_load_plus_deterministic_noise_proxy_not_trained_head,synthetic_preexperiment_reference
full_N2000_K100_H50_nominal_t0p05,full,3,2000,100,50,30,8,0.017279337665997912,0.006063492705961521,0.015726666666666667,0.006156629918553087,1.098728550190626,K,1,09_simulation/raw/v14_013.npz,H50_label,H50_synthetic_proxy,H50_persistence,0..29 (T001..T030),causal_previous_load_plus_deterministic_noise_proxy_not_trained_head,synthetic_preexperiment_reference
full_N2000_K100_H50_nominal_t0p05,full,4,2000,100,50,30,8,0.018363648649503725,0.00631411340317467,0.016593333333333335,0.006242895732465567,1.106688347700104,K,1,09_simulation/raw/v14_014.npz,H50_label,H50_synthetic_proxy,H50_persistence,0..29 (T001..T030),causal_previous_load_plus_deterministic_noise_proxy_not_trained_head,synthetic_preexperiment_reference
full_N2000_K100_H50_nominal_t0p05,full,5,2000,100,50,30,8,0.017851652020940377,0.006210188445171141,0.015726666666666667,0.006156629918553087,1.1351198826371585,K,1,09_simulation/raw/v14_015.npz,H50_label,H50_synthetic_proxy,H50_persistence,0..29 (T001..T030),causal_previous_load_plus_deterministic_noise_proxy_not_trained_head,synthetic_preexperiment_reference
full_N2000_K100_H200_nominal_t0p05,full,1,2000,100,200,30,8,0.019269442723816,0.006758106133406279,0.017736666666666668,0.006632910805003068,1.086418495986619,K,1,09_simulation/raw/v14_011.npz,H200_label,H200_synthetic_proxy,H200_persistence,0..29 (T001..T030),causal_previous_load_plus_deterministic_noise_proxy_not_trained_head,synthetic_preexperiment_reference
full_N2000_K100_H200_nominal_t0p05,full,2,2000,100,200,30,8,0.018643208436618108,0.0071298688086559115,0.016753333333333335,0.007059878544101964,1.1128059154368148,K,1,09_simulation/raw/v14_012.npz,H200_label,H200_synthetic_proxy,H200_persistence,0..29 (T001..T030),causal_previous_load_plus_deterministic_noise_proxy_not_trained_head,synthetic_preexperiment_reference
full_N2000_K100_H200_nominal_t0p05,full,3,2000,100,200,30,8,0.017437824353615815,0.006770126901306267,0.015223333333333335,0.006613814348005625,1.145466894259852,K,1,09_simulation/raw/v14_013.npz,H200_label,H200_synthetic_proxy,H200_persistence,0..29 (T001..T030),causal_previous_load_plus_deterministic_noise_proxy_not_trained_head,synthetic_preexperiment_reference
full_N2000_K100_H200_nominal_t0p05,full,4,2000,100,200,30,8,0.018364039416672077,0.0069005581262353306,0.01645,0.007059439755049434,1.1163549797369043,K,1,09_simulation/raw/v14_014.npz,H200_label,H200_synthetic_proxy,H200_persistence,0..29 (T001..T030),causal_previous_load_plus_deterministic_noise_proxy_not_trained_head,synthetic_preexperiment_reference
full_N2000_K100_H200_nominal_t0p05,full,5,2000,100,200,30,8,0.016840353207669558,0.006392389313793348,0.015223333333333335,0.006613814348005625,1.1062198297133494,K,1,09_simulation/raw/v14_015.npz,H200_label,H200_synthetic_proxy,H200_persistence,0..29 (T001..T030),causal_previous_load_plus_deterministic_noise_proxy_not_trained_head,synthetic_preexperiment_reference
full_N2000_K100_H800_nominal_t0p05,full,1,2000,100,800,30,8,0.019908911669918854,0.00631072880477371,0.018133333333333335,0.005928443031826248,1.0979179229734661,K,1,09_simulation/raw/v14_011.npz,H800_label,H800_synthetic_proxy,H800_persistence,0..29 (T001..T030),causal_previous_load_plus_deterministic_noise_proxy_not_trained_head,synthetic_preexperiment_reference
full_N2000_K100_H800_nominal_t0p05,full,2,2000,100,800,30,8,0.01885944227806682,0.006026439700125056,0.017406666666666668,0.005888031890218487,1.0834608738835783,K,1,09_simulation/raw/v14_012.npz,H800_label,H800_synthetic_proxy,H800_persistence,0..29 (T001..T030),causal_previous_load_plus_deterministic_noise_proxy_not_trained_head,synthetic_preexperiment_reference
full_N2000_K100_H800_nominal_t0p05,full,3,2000,100,800,30,8,0.01652909904112804,0.004752957013554661,0.014843333333333335,0.005121131564971469,1.1135705619443996,K,1,09_simulation/raw/v14_013.npz,H800_label,H800_synthetic_proxy,H800_persistence,0..29 (T001..T030),causal_previous_load_plus_deterministic_noise_proxy_not_trained_head,synthetic_preexperiment_reference
full_N2000_K100_H800_nominal_t0p05,full,4,2000,100,800,30,8,0.018571060118175206,0.005658476375771888,0.01652,0.005860410718806614,1.1241561814876033,K,1,09_simulation/raw/v14_014.npz,H800_label,H800_synthetic_proxy,H800_persistence,0..29 (T001..T030),causal_previous_load_plus_deterministic_noise_proxy_not_trained_head,synthetic_preexperiment_reference
full_N2000_K100_H800_nominal_t0p05,full,5,2000,100,800,30,8,0.017092051869206083,0.005375912633203702,0.014843333333333335,0.005121131564971469,1.1514968696972432,K,1,09_simulation/raw/v14_015.npz,H800_label,H800_synthetic_proxy,H800_persistence,0..29 (T001..T030),causal_previous_load_plus_deterministic_noise_proxy_not_trained_head,synthetic_preexperiment_reference
full_N2000_K200_H200_nominal_t0p05,full,1,2000,200,200,30,8,0.03719495539148114,0.00848036525569644,0.03451333333333333,0.008365084798025715,1.077698147328988,K,1,09_simulation/raw/v14_016.npz,H200_label,H200_synthetic_proxy,H200_persistence,0..29 (T001..T030),causal_previous_load_plus_deterministic_noise_proxy_not_trained_head,synthetic_preexperiment_reference
full_N2000_K200_H200_nominal_t0p05,full,2,2000,200,200,30,8,0.035759557491982924,0.007839790902926384,0.032883333333333334,0.007726737426907157,1.0874675365022684,K,1,09_simulation/raw/v14_017.npz,H200_label,H200_synthetic_proxy,H200_persistence,0..29 (T001..T030),causal_previous_load_plus_deterministic_noise_proxy_not_trained_head,synthetic_preexperiment_reference
full_N2000_K200_H200_nominal_t0p05,full,3,2000,200,200,30,8,0.03286294955649375,0.008437642229832771,0.030248333333333335,0.007953967599551349,1.086438356597953,K,1,09_simulation/raw/v14_018.npz,H200_label,H200_synthetic_proxy,H200_persistence,0..29 (T001..T030),causal_previous_load_plus_deterministic_noise_proxy_not_trained_head,synthetic_preexperiment_reference
full_N2000_K200_H200_nominal_t0p05,full,4,2000,200,200,30,8,0.034458690647136456,0.008023534018607417,0.032525,0.007716660770584378,1.0594524411110364,K,1,09_simulation/raw/v14_019.npz,H200_label,H200_synthetic_proxy,H200_persistence,0..29 (T001..T030),causal_previous_load_plus_deterministic_noise_proxy_not_trained_head,synthetic_preexperiment_reference
full_N2000_K200_H200_nominal_t0p05,full,5,2000,200,200,30,8,0.03188493507140798,0.00808664208396693,0.030248333333333335,0.007953967599551349,1.0541055178161214,K,1,09_simulation/raw/v14_020.npz,H200_label,H200_synthetic_proxy,H200_persistence,0..29 (T001..T030),causal_previous_load_plus_deterministic_noise_proxy_not_trained_head,synthetic_preexperiment_reference
full_N2000_K300_H200_nominal_t0p05,full,1,2000,300,200,30,8,0.06008680234679936,0.013969906909294652,0.057375555555555555,0.014080825617266089,1.0472543884759176,K,1,09_simulation/raw/v14_021.npz,H200_label,H200_synthetic_proxy,H200_persistence,0..29 (T001..T030),causal_previous_load_plus_deterministic_noise_proxy_not_trained_head,synthetic_preexperiment_reference
full_N2000_K300_H200_nominal_t0p05,full,2,2000,300,200,30,8,0.05771875997935389,0.014115385357260288,0.05467888888888889,0.014270899799884369,1.055594968226992,K,1,09_simulation/raw/v14_022.npz,H200_label,H200_synthetic_proxy,H200_persistence,0..29 (T001..T030),causal_previous_load_plus_deterministic_noise_proxy_not_trained_head,synthetic_preexperiment_reference
full_N2000_K300_H200_nominal_t0p05,full,3,2000,300,200,30,8,0.05212137277735616,0.012708009194960852,0.049154444444444445,0.012260566584613225,1.0603593096503208,K,1,09_simulation/raw/v14_023.npz,H200_label,H200_synthetic_proxy,H200_persistence,0..29 (T001..T030),causal_previous_load_plus_deterministic_noise_proxy_not_trained_head,synthetic_preexperiment_reference
full_N2000_K300_H200_nominal_t0p05,full,4,2000,300,200,30,8,0.05508440855257063,0.013416802945797673,0.05285777777777778,0.012615820310011884,1.0421249410853772,K,1,09_simulation/raw/v14_024.npz,H200_label,H200_synthetic_proxy,H200_persistence,0..29 (T001..T030),causal_previous_load_plus_deterministic_noise_proxy_not_trained_head,synthetic_preexperiment_reference
full_N2000_K300_H200_nominal_t0p05,full,5,2000,300,200,30,8,0.050612016565488936,0.012582755662679348,0.049154444444444445,0.012260566584613225,1.0296529060091784,K,1,09_simulation/raw/v14_025.npz,H200_label,H200_synthetic_proxy,H200_persistence,0..29 (T001..T030),causal_previous_load_plus_deterministic_noise_proxy_not_trained_head,synthetic_preexperiment_reference
full_N2000_K400_H200_nominal_t0p05,full,1,2000,400,200,30,8,0.08200236569360699,0.01614510906372289,0.08003083333333333,0.016130560633486203,1.0246346598949196,K,1,09_simulation/raw/v14_026.npz,H200_label,H200_synthetic_proxy,H200_persistence,0..29 (T001..T030),causal_previous_load_plus_deterministic_noise_proxy_not_trained_head,synthetic_preexperiment_reference
full_N2000_K400_H200_nominal_t0p05,full,2,2000,400,200,30,8,0.0787551758886885,0.016092806586684123,0.07613666666666667,0.01621241772548892,1.034392223046563,K,1,09_simulation/raw/v14_027.npz,H200_label,H200_synthetic_proxy,H200_persistence,0..29 (T001..T030),causal_previous_load_plus_deterministic_noise_proxy_not_trained_head,synthetic_preexperiment_reference
full_N2000_K400_H200_nominal_t0p05,full,3,2000,400,200,30,8,0.07117607212175468,0.015325433214671742,0.06808833333333333,0.015057515784789853,1.0453490141006243,K,1,09_simulation/raw/v14_028.npz,H200_label,H200_synthetic_proxy,H200_persistence,0..29 (T001..T030),causal_previous_load_plus_deterministic_noise_proxy_not_trained_head,synthetic_preexperiment_reference
full_N2000_K400_H200_nominal_t0p05,full,4,2000,400,200,30,8,0.07754210573667217,0.01844148548996607,0.07491666666666667,0.01783970452309299,1.0350447929255462,K,1,09_simulation/raw/v14_029.npz,H200_label,H200_synthetic_proxy,H200_persistence,0..29 (T001..T030),causal_previous_load_plus_deterministic_noise_proxy_not_trained_head,synthetic_preexperiment_reference
full_N2000_K400_H200_nominal_t0p05,full,5,2000,400,200,30,8,0.0699376723646685,0.015240473167409329,0.06815666666666667,0.015147979740872551,1.026131056360373,K,1,09_simulation/raw/v14_030.npz,H200_label,H200_synthetic_proxy,H200_persistence,0..29 (T001..T030),causal_previous_load_plus_deterministic_noise_proxy_not_trained_head,synthetic_preexperiment_reference
full_N2000_K500_H200_nominal_t0p05,full,1,2000,500,200,30,8,0.10255184294297576,0.021558100682365546,0.100792,0.020971120108870908,1.0174601450807181,K,1,09_simulation/raw/v14_031.npz,H200_label,H200_synthetic_proxy,H200_persistence,0..29 (T001..T030),causal_previous_load_plus_deterministic_noise_proxy_not_trained_head,synthetic_preexperiment_reference
full_N2000_K500_H200_nominal_t0p05,full,2,2000,500,200,30,8,0.09844082994233092,0.021115850698566623,0.09663733333333334,0.02055151960709766,1.0186625245832968,K,1,09_simulation/raw/v14_032.npz,H200_label,H200_synthetic_proxy,H200_persistence,0..29 (T001..T030),causal_previous_load_plus_deterministic_noise_proxy_not_trained_head,synthetic_preexperiment_reference
full_N2000_K500_H200_nominal_t0p05,full,3,2000,500,200,30,8,0.0835872265657347,0.015758550686457325,0.08141000000000001,0.015497724638330533,1.026743969607354,K,1,09_simulation/raw/v14_033.npz,H200_label,H200_synthetic_proxy,H200_persistence,0..29 (T001..T030),causal_previous_load_plus_deterministic_noise_proxy_not_trained_head,synthetic_preexperiment_reference
full_N2000_K500_H200_nominal_t0p05,full,4,2000,500,200,30,8,0.09538713110057614,0.01912345245292808,0.09376466666666668,0.019226439900937666,1.0173035802460357,K,1,09_simulation/raw/v14_034.npz,H200_label,H200_synthetic_proxy,H200_persistence,0..29 (T001..T030),causal_previous_load_plus_deterministic_noise_proxy_not_trained_head,synthetic_preexperiment_reference
full_N2000_K500_H200_nominal_t0p05,full,5,2000,500,200,30,8,0.08283200552353394,0.01552853732234374,0.08134533333333334,0.015302534325451101,1.0182760599690284,K,1,09_simulation/raw/v14_035.npz,H200_label,H200_synthetic_proxy,H200_persistence,0..29 (T001..T030),causal_previous_load_plus_deterministic_noise_proxy_not_trained_head,synthetic_preexperiment_reference
mlp213_N500_K100_H50_nominal_t0p05,mlp213,1,500,100,50,30,8,0.05116380068102239,0.02124768672900299,0.04901666666666667,0.02170137582375086,1.0438041621425853,K,1,09_simulation/raw/v14_036.npz,H50_label,H50_synthetic_proxy,H50_persistence,0..29 (T001..T030),causal_previous_load_plus_deterministic_noise_proxy_not_trained_head,synthetic_preexperiment_reference
mlp213_N500_K100_H50_nominal_t0p05,mlp213,2,500,100,50,30,8,0.045905825801774956,0.018468723160792073,0.04288,0.01910979889462742,1.0705649673921398,K,1,09_simulation/raw/v14_037.npz,H50_label,H50_synthetic_proxy,H50_persistence,0..29 (T001..T030),causal_previous_load_plus_deterministic_noise_proxy_not_trained_head,synthetic_preexperiment_reference
mlp213_N500_K100_H50_nominal_t0p05,mlp213,3,500,100,50,30,8,0.0473515231447635,0.020132549295771993,0.044436666666666666,0.01973705570281677,1.0655957500134312,K,1,09_simulation/raw/v14_038.npz,H50_label,H50_synthetic_proxy,H50_persistence,0..29 (T001..T030),causal_previous_load_plus_deterministic_noise_proxy_not_trained_head,synthetic_preexperiment_reference
mlp213_N500_K100_H50_nominal_t0p05,mlp213,4,500,100,50,30,8,0.04705241460112945,0.020638424918408206,0.045083333333333336,0.019771314702302208,1.0436764791378066,K,1,09_simulation/raw/v14_039.npz,H50_label,H50_synthetic_proxy,H50_persistence,0..29 (T001..T030),causal_previous_load_plus_deterministic_noise_proxy_not_trained_head,synthetic_preexperiment_reference
mlp213_N500_K100_H50_nominal_t0p05,mlp213,5,500,100,50,30,8,0.04590223684810946,0.020702741593493657,0.04427333333333333,0.01974309016327997,1.036791978198527,K,1,09_simulation/raw/v14_040.npz,H50_label,H50_synthetic_proxy,H50_persistence,0..29 (T001..T030),causal_previous_load_plus_deterministic_noise_proxy_not_trained_head,synthetic_preexperiment_reference
mlp213_N500_K100_H200_nominal_t0p05,mlp213,1,500,100,200,30,8,0.046101312847262224,0.020087737063761716,0.04325333333333333,0.01960281002610443,1.0658441626216606,K,1,09_simulation/raw/v14_036.npz,H200_label,H200_synthetic_proxy,H200_persistence,0..29 (T001..T030),causal_previous_load_plus_deterministic_noise_proxy_not_trained_head,synthetic_preexperiment_reference
mlp213_N500_K100_H200_nominal_t0p05,mlp213,2,500,100,200,30,8,0.038339239676607954,0.017020114215989327,0.03576,0.016416404747312555,1.072126389166889,K,1,09_simulation/raw/v14_037.npz,H200_label,H200_synthetic_proxy,H200_persistence,0..29 (T001..T030),causal_previous_load_plus_deterministic_noise_proxy_not_trained_head,synthetic_preexperiment_reference
mlp213_N500_K100_H200_nominal_t0p05,mlp213,3,500,100,200,30,8,0.03804910777855925,0.01549378536930157,0.03657,0.015377662931712978,1.0404459332392466,K,1,09_simulation/raw/v14_038.npz,H200_label,H200_synthetic_proxy,H200_persistence,0..29 (T001..T030),causal_previous_load_plus_deterministic_noise_proxy_not_trained_head,synthetic_preexperiment_reference
mlp213_N500_K100_H200_nominal_t0p05,mlp213,4,500,100,200,30,8,0.042043974583068744,0.017459367401111887,0.040626666666666665,0.01743982626719329,1.0348861482540714,K,1,09_simulation/raw/v14_039.npz,H200_label,H200_synthetic_proxy,H200_persistence,0..29 (T001..T030),causal_previous_load_plus_deterministic_noise_proxy_not_trained_head,synthetic_preexperiment_reference
mlp213_N500_K100_H200_nominal_t0p05,mlp213,5,500,100,200,30,8,0.03803938114259554,0.015415904600208604,0.03616,0.015549578107149558,1.0519740360231067,K,1,09_simulation/raw/v14_040.npz,H200_label,H200_synthetic_proxy,H200_persistence,0..29 (T001..T030),causal_previous_load_plus_deterministic_noise_proxy_not_trained_head,synthetic_preexperiment_reference
mlp213_N500_K100_H800_nominal_t0p05,mlp213,1,500,100,800,30,8,0.044590344380120384,0.014473273121441308,0.042853333333333334,0.015176881996195293,1.0405338607682106,K,1,09_simulation/raw/v14_036.npz,H800_label,H800_synthetic_proxy,H800_persistence,0..29 (T001..T030),causal_previous_load_plus_deterministic_noise_proxy_not_trained_head,synthetic_preexperiment_reference
mlp213_N500_K100_H800_nominal_t0p05,mlp213,2,500,100,800,30,8,0.03805473802087126,0.013899819952462016,0.03606666666666667,0.014377216970474224,1.0551221262718462,K,1,09_simulation/raw/v14_037.npz,H800_label,H800_synthetic_proxy,H800_persistence,0..29 (T001..T030),causal_previous_load_plus_deterministic_noise_proxy_not_trained_head,synthetic_preexperiment_reference
mlp213_N500_K100_H800_nominal_t0p05,mlp213,3,500,100,800,30,8,0.039825248367092766,0.01487648473726837,0.03726666666666667,0.013969976015908457,1.0686560384729722,K,1,09_simulation/raw/v14_038.npz,H800_label,H800_synthetic_proxy,H800_persistence,0..29 (T001..T030),causal_previous_load_plus_deterministic_noise_proxy_not_trained_head,synthetic_preexperiment_reference
mlp213_N500_K100_H800_nominal_t0p05,mlp213,4,500,100,800,30,8,0.04266207508530939,0.01683330372518819,0.03978666666666667,0.015035492109954562,1.0722706539538218,K,1,09_simulation/raw/v14_039.npz,H800_label,H800_synthetic_proxy,H800_persistence,0..29 (T001..T030),causal_previous_load_plus_deterministic_noise_proxy_not_trained_head,synthetic_preexperiment_reference
mlp213_N500_K100_H800_nominal_t0p05,mlp213,5,500,100,800,30,8,0.03968738954919933,0.01570208034968768,0.036943333333333335,0.014190688625932181,1.0742774397509518,K,1,09_simulation/raw/v14_040.npz,H800_label,H800_synthetic_proxy,H800_persistence,0..29 (T001..T030),causal_previous_load_plus_deterministic_noise_proxy_not_trained_head,synthetic_preexperiment_reference
mlp213_N1000_K100_H50_nominal_t0p05,mlp213,1,1000,100,50,30,8,0.028176959154630997,0.009951223183323006,0.026293333333333335,0.009364309843793868,1.0716389130818076,K,1,09_simulation/raw/v14_041.npz,H50_label,H50_synthetic_proxy,H50_persistence,0..29 (T001..T030),causal_previous_load_plus_deterministic_noise_proxy_not_trained_head,synthetic_preexperiment_reference
mlp213_N1000_K100_H50_nominal_t0p05,mlp213,2,1000,100,50,30,8,0.028836848240605967,0.00980269884925257,0.02672,0.00981955824555927,1.0792233622981275,K,1,09_simulation/raw/v14_042.npz,H50_label,H50_synthetic_proxy,H50_persistence,0..29 (T001..T030),causal_previous_load_plus_deterministic_noise_proxy_not_trained_head,synthetic_preexperiment_reference
mlp213_N1000_K100_H50_nominal_t0p05,mlp213,3,1000,100,50,30,8,0.029617766284901436,0.009588688836818803,0.027146666666666666,0.009991849552073148,1.091027736428098,K,1,09_simulation/raw/v14_043.npz,H50_label,H50_synthetic_proxy,H50_persistence,0..29 (T001..T030),causal_previous_load_plus_deterministic_noise_proxy_not_trained_head,synthetic_preexperiment_reference
mlp213_N1000_K100_H50_nominal_t0p05,mlp213,4,1000,100,50,30,8,0.028333424495570334,0.00873301276229576,0.026240000000000003,0.009124790030649928,1.0797798969348449,K,1,09_simulation/raw/v14_044.npz,H50_label,H50_synthetic_proxy,H50_persistence,0..29 (T001..T030),causal_previous_load_plus_deterministic_noise_proxy_not_trained_head,synthetic_preexperiment_reference
mlp213_N1000_K100_H50_nominal_t0p05,mlp213,5,1000,100,50,30,8,0.02926955668737711,0.00948029297110493,0.027466666666666667,0.009489788825575782,1.0656391997831471,K,1,09_simulation/raw/v14_045.npz,H50_label,H50_synthetic_proxy,H50_persistence,0..29 (T001..T030),causal_previous_load_plus_deterministic_noise_proxy_not_trained_head,synthetic_preexperiment_reference
mlp213_N1000_K100_H200_nominal_t0p05,mlp213,1,1000,100,200,30,8,0.03155948298239497,0.011025244426553166,0.029013333333333335,0.010726818898357561,1.0877579152939443,K,1,09_simulation/raw/v14_041.npz,H200_label,H200_synthetic_proxy,H200_persistence,0..29 (T001..T030),causal_previous_load_plus_deterministic_noise_proxy_not_trained_head,synthetic_preexperiment_reference
mlp213_N1000_K100_H200_nominal_t0p05,mlp213,2,1000,100,200,30,8,0.03106205735818479,0.00970865755652774,0.02912,0.01016628640705862,1.0666915301574447,K,1,09_simulation/raw/v14_042.npz,H200_label,H200_synthetic_proxy,H200_persistence,0..29 (T001..T030),causal_previous_load_plus_deterministic_noise_proxy_not_trained_head,synthetic_preexperiment_reference
mlp213_N1000_K100_H200_nominal_t0p05,mlp213,3,1000,100,200,30,8,0.031005301314464762,0.009927866852752414,0.029653333333333334,0.010324251106958813,1.0455924454068601,K,1,09_simulation/raw/v14_043.npz,H200_label,H200_synthetic_proxy,H200_persistence,0..29 (T001..T030),causal_previous_load_plus_deterministic_noise_proxy_not_trained_head,synthetic_preexperiment_reference
mlp213_N1000_K100_H200_nominal_t0p05,mlp213,4,1000,100,200,30,8,0.03056689194763304,0.010702921273702337,0.029013333333333335,0.010726818898357561,1.0535463676803667,K,1,09_simulation/raw/v14_044.npz,H200_label,H200_synthetic_proxy,H200_persistence,0..29 (T001..T030),causal_previous_load_plus_deterministic_noise_proxy_not_trained_head,synthetic_preexperiment_reference
mlp213_N1000_K100_H200_nominal_t0p05,mlp213,5,1000,100,200,30,8,0.03173454596801216,0.011097374981477545,0.030026666666666667,0.010593912804330002,1.0568787511549342,K,1,09_simulation/raw/v14_045.npz,H200_label,H200_synthetic_proxy,H200_persistence,0..29 (T001..T030),causal_previous_load_plus_deterministic_noise_proxy_not_trained_head,synthetic_preexperiment_reference
mlp213_N1000_K100_H800_nominal_t0p05,mlp213,1,1000,100,800,30,8,0.030244960375990254,0.01085963230285228,0.028533333333333334,0.010530393886379505,1.059986929065079,K,1,09_simulation/raw/v14_041.npz,H800_label,H800_synthetic_proxy,H800_persistence,0..29 (T001..T030),causal_previous_load_plus_deterministic_noise_proxy_not_trained_head,synthetic_preexperiment_reference
mlp213_N1000_K100_H800_nominal_t0p05,mlp213,2,1000,100,800,30,8,0.030290010678734307,0.010005018844635971,0.028746666666666667,0.009813563215698248,1.0536877555218336,K,1,09_simulation/raw/v14_042.npz,H800_label,H800_synthetic_proxy,H800_persistence,0..29 (T001..T030),causal_previous_load_plus_deterministic_noise_proxy_not_trained_head,synthetic_preexperiment_reference
mlp213_N1000_K100_H800_nominal_t0p05,mlp213,3,1000,100,800,30,8,0.03185403547167034,0.010806026763030623,0.030293333333333335,0.010687244518691377,1.0515196568553147,K,1,09_simulation/raw/v14_043.npz,H800_label,H800_synthetic_proxy,H800_persistence,0..29 (T001..T030),causal_previous_load_plus_deterministic_noise_proxy_not_trained_head,synthetic_preexperiment_reference
mlp213_N1000_K100_H800_nominal_t0p05,mlp213,4,1000,100,800,30,8,0.030595348219266533,0.01051968378417653,0.028533333333333334,0.010463115291785492,1.0722668768434533,K,1,09_simulation/raw/v14_044.npz,H800_label,H800_synthetic_proxy,H800_persistence,0..29 (T001..T030),causal_previous_load_plus_deterministic_noise_proxy_not_trained_head,synthetic_preexperiment_reference
mlp213_N1000_K100_H800_nominal_t0p05,mlp213,5,1000,100,800,30,8,0.033548193782803375,0.011342356131568771,0.031093333333333334,0.011098522217047588,1.0789513437865579,K,1,09_simulation/raw/v14_045.npz,H800_label,H800_synthetic_proxy,H800_persistence,0..29 (T001..T030),causal_previous_load_plus_deterministic_noise_proxy_not_trained_head,synthetic_preexperiment_reference
mlp213_N2000_K100_H50_nominal_t0p05,mlp213,1,2000,100,50,30,8,0.02212963779720712,0.005902309770516349,0.02036,0.006085290348100875,1.0869173770730414,K,1,09_simulation/raw/v14_046.npz,H50_label,H50_synthetic_proxy,H50_persistence,0..29 (T001..T030),causal_previous_load_plus_deterministic_noise_proxy_not_trained_head,synthetic_preexperiment_reference
mlp213_N2000_K100_H50_nominal_t0p05,mlp213,2,2000,100,50,30,8,0.02205491299406759,0.005781335712347701,0.02034,0.005933574836877647,1.0843123399246604,K,1,09_simulation/raw/v14_047.npz,H50_label,H50_synthetic_proxy,H50_persistence,0..29 (T001..T030),causal_previous_load_plus_deterministic_noise_proxy_not_trained_head,synthetic_preexperiment_reference
mlp213_N2000_K100_H50_nominal_t0p05,mlp213,3,2000,100,50,30,8,0.02157827247439789,0.007482525188313232,0.019793333333333333,0.00723086932978102,1.0901788047018133,K,1,09_simulation/raw/v14_048.npz,H50_label,H50_synthetic_proxy,H50_persistence,0..29 (T001..T030),causal_previous_load_plus_deterministic_noise_proxy_not_trained_head,synthetic_preexperiment_reference
mlp213_N2000_K100_H50_nominal_t0p05,mlp213,4,2000,100,50,30,8,0.021999659184282008,0.007321445295881499,0.02017,0.006767526416136361,1.0907119079961332,K,1,09_simulation/raw/v14_049.npz,H50_label,H50_synthetic_proxy,H50_persistence,0..29 (T001..T030),causal_previous_load_plus_deterministic_noise_proxy_not_trained_head,synthetic_preexperiment_reference
mlp213_N2000_K100_H50_nominal_t0p05,mlp213,5,2000,100,50,30,8,0.021824254093960084,0.007629877596967289,0.019753333333333335,0.007195052578626192,1.1048390530185666,K,1,09_simulation/raw/v14_050.npz,H50_label,H50_synthetic_proxy,H50_persistence,0..29 (T001..T030),causal_previous_load_plus_deterministic_noise_proxy_not_trained_head,synthetic_preexperiment_reference
mlp213_N2000_K100_H200_nominal_t0p05,mlp213,1,2000,100,200,30,8,0.022192156481677026,0.006556598358104989,0.01993666666666667,0.006261347400070358,1.1131327444412484,K,1,09_simulation/raw/v14_046.npz,H200_label,H200_synthetic_proxy,H200_persistence,0..29 (T001..T030),causal_previous_load_plus_deterministic_noise_proxy_not_trained_head,synthetic_preexperiment_reference
mlp213_N2000_K100_H200_nominal_t0p05,mlp213,2,2000,100,200,30,8,0.021270057834623837,0.005812257752415989,0.019723333333333336,0.0061587998905593645,1.0784210495837672,K,1,09_simulation/raw/v14_047.npz,H200_label,H200_synthetic_proxy,H200_persistence,0..29 (T001..T030),causal_previous_load_plus_deterministic_noise_proxy_not_trained_head,synthetic_preexperiment_reference
mlp213_N2000_K100_H200_nominal_t0p05,mlp213,3,2000,100,200,30,8,0.020012535918578447,0.005710867814153203,0.01873,0.0062189449155036726,1.068474955610168,K,1,09_simulation/raw/v14_048.npz,H200_label,H200_synthetic_proxy,H200_persistence,0..29 (T001..T030),causal_previous_load_plus_deterministic_noise_proxy_not_trained_head,synthetic_preexperiment_reference
mlp213_N2000_K100_H200_nominal_t0p05,mlp213,4,2000,100,200,30,8,0.02052662372010628,0.00576146796143946,0.019283333333333336,0.005945388437954322,1.0644748688041286,K,1,09_simulation/raw/v14_049.npz,H200_label,H200_synthetic_proxy,H200_persistence,0..29 (T001..T030),causal_previous_load_plus_deterministic_noise_proxy_not_trained_head,synthetic_preexperiment_reference
mlp213_N2000_K100_H200_nominal_t0p05,mlp213,5,2000,100,200,30,8,0.02050652950971731,0.00668524075190207,0.01882666666666667,0.006131936372644527,1.089227842230027,K,1,09_simulation/raw/v14_050.npz,H200_label,H200_synthetic_proxy,H200_persistence,0..29 (T001..T030),causal_previous_load_plus_deterministic_noise_proxy_not_trained_head,synthetic_preexperiment_reference
mlp213_N2000_K100_H800_nominal_t0p05,mlp213,1,2000,100,800,30,8,0.021748029500437728,0.006001167700762084,0.02000666666666667,0.006569676071022141,1.087039128645671,K,1,09_simulation/raw/v14_046.npz,H800_label,H800_synthetic_proxy,H800_persistence,0..29 (T001..T030),causal_previous_load_plus_deterministic_noise_proxy_not_trained_head,synthetic_preexperiment_reference
mlp213_N2000_K100_H800_nominal_t0p05,mlp213,2,2000,100,800,30,8,0.021725742067256398,0.006362008391419039,0.019966666666666667,0.006572740641485094,1.0881006043701034,K,1,09_simulation/raw/v14_047.npz,H800_label,H800_synthetic_proxy,H800_persistence,0..29 (T001..T030),causal_previous_load_plus_deterministic_noise_proxy_not_trained_head,synthetic_preexperiment_reference
mlp213_N2000_K100_H800_nominal_t0p05,mlp213,3,2000,100,800,30,8,0.020989645332298735,0.006681066097004893,0.019293333333333336,0.006402689808323468,1.0879221837749862,K,1,09_simulation/raw/v14_048.npz,H800_label,H800_synthetic_proxy,H800_persistence,0..29 (T001..T030),causal_previous_load_plus_deterministic_noise_proxy_not_trained_head,synthetic_preexperiment_reference
mlp213_N2000_K100_H800_nominal_t0p05,mlp213,4,2000,100,800,30,8,0.021299094675967987,0.00688827559403849,0.019696666666666668,0.006470329274429566,1.0813552890151288,K,1,09_simulation/raw/v14_049.npz,H800_label,H800_synthetic_proxy,H800_persistence,0..29 (T001..T030),causal_previous_load_plus_deterministic_noise_proxy_not_trained_head,synthetic_preexperiment_reference
mlp213_N2000_K100_H800_nominal_t0p05,mlp213,5,2000,100,800,30,8,0.02103231230594969,0.006760950406446527,0.019440000000000002,0.006481198271499088,1.081909069236095,K,1,09_simulation/raw/v14_050.npz,H800_label,H800_synthetic_proxy,H800_persistence,0..29 (T001..T030),causal_previous_load_plus_deterministic_noise_proxy_not_trained_head,synthetic_preexperiment_reference
mlp213_N2000_K200_H200_nominal_t0p05,mlp213,1,2000,200,200,30,8,0.043229926612672255,0.010674921293073679,0.040176666666666666,0.01001382435241,1.075995850311265,K,1,09_simulation/raw/v14_051.npz,H200_label,H200_synthetic_proxy,H200_persistence,0..29 (T001..T030),causal_previous_load_plus_deterministic_noise_proxy_not_trained_head,synthetic_preexperiment_reference
mlp213_N2000_K200_H200_nominal_t0p05,mlp213,2,2000,200,200,30,8,0.04219563699483064,0.010204622383256848,0.03981666666666667,0.010036702760311805,1.0597481036792962,K,1,09_simulation/raw/v14_052.npz,H200_label,H200_synthetic_proxy,H200_persistence,0..29 (T001..T030),causal_previous_load_plus_deterministic_noise_proxy_not_trained_head,synthetic_preexperiment_reference
mlp213_N2000_K200_H200_nominal_t0p05,mlp213,3,2000,200,200,30,8,0.03903312916424204,0.009135057440624062,0.037226666666666665,0.00915198992242834,1.0485260341397398,K,1,09_simulation/raw/v14_053.npz,H200_label,H200_synthetic_proxy,H200_persistence,0..29 (T001..T030),causal_previous_load_plus_deterministic_noise_proxy_not_trained_head,synthetic_preexperiment_reference
mlp213_N2000_K200_H200_nominal_t0p05,mlp213,4,2000,200,200,30,8,0.04023487639178103,0.009235636062595743,0.03884833333333333,0.009451577895390997,1.0356911851674726,K,1,09_simulation/raw/v14_054.npz,H200_label,H200_synthetic_proxy,H200_persistence,0..29 (T001..T030),causal_previous_load_plus_deterministic_noise_proxy_not_trained_head,synthetic_preexperiment_reference
mlp213_N2000_K200_H200_nominal_t0p05,mlp213,5,2000,200,200,30,8,0.0394581177942355,0.00896716516766821,0.0378,0.009064709897026017,1.0438655501120502,K,1,09_simulation/raw/v14_055.npz,H200_label,H200_synthetic_proxy,H200_persistence,0..29 (T001..T030),causal_previous_load_plus_deterministic_noise_proxy_not_trained_head,synthetic_preexperiment_reference
mlp213_N2000_K300_H200_nominal_t0p05,mlp213,1,2000,300,200,30,8,0.0707117196530062,0.018117455937302608,0.06795222222222222,0.01833466595644314,1.0406093773027711,K,1,09_simulation/raw/v14_056.npz,H200_label,H200_synthetic_proxy,H200_persistence,0..29 (T001..T030),causal_previous_load_plus_deterministic_noise_proxy_not_trained_head,synthetic_preexperiment_reference
mlp213_N2000_K300_H200_nominal_t0p05,mlp213,2,2000,300,200,30,8,0.069765515500562,0.017465643222342606,0.06763111111111111,0.01827932050459847,1.0315595050027238,K,1,09_simulation/raw/v14_057.npz,H200_label,H200_synthetic_proxy,H200_persistence,0..29 (T001..T030),causal_previous_load_plus_deterministic_noise_proxy_not_trained_head,synthetic_preexperiment_reference
mlp213_N2000_K300_H200_nominal_t0p05,mlp213,3,2000,300,200,30,8,0.06441894191848228,0.01455405632605435,0.06251222222222222,0.014737305033227784,1.0305015503925288,K,1,09_simulation/raw/v14_058.npz,H200_label,H200_synthetic_proxy,H200_persistence,0..29 (T001..T030),causal_previous_load_plus_deterministic_noise_proxy_not_trained_head,synthetic_preexperiment_reference
mlp213_N2000_K300_H200_nominal_t0p05,mlp213,4,2000,300,200,30,8,0.06770322390494754,0.017051138319054086,0.06597777777777777,0.016925383538291327,1.026151928502068,K,1,09_simulation/raw/v14_059.npz,H200_label,H200_synthetic_proxy,H200_persistence,0..29 (T001..T030),causal_previous_load_plus_deterministic_noise_proxy_not_trained_head,synthetic_preexperiment_reference
mlp213_N2000_K300_H200_nominal_t0p05,mlp213,5,2000,300,200,30,8,0.06609534881624397,0.015974695512105102,0.06392777777777778,0.015374353136149979,1.033906560087244,K,1,09_simulation/raw/v14_060.npz,H200_label,H200_synthetic_proxy,H200_persistence,0..29 (T001..T030),causal_previous_load_plus_deterministic_noise_proxy_not_trained_head,synthetic_preexperiment_reference
mlp213_N2000_K400_H200_nominal_t0p05,mlp213,1,2000,400,200,30,8,0.0971181141884673,0.021157313285070704,0.09477916666666666,0.02127645420628057,1.0246778654430102,K,1,09_simulation/raw/v14_061.npz,H200_label,H200_synthetic_proxy,H200_persistence,0..29 (T001..T030),causal_previous_load_plus_deterministic_noise_proxy_not_trained_head,synthetic_preexperiment_reference
mlp213_N2000_K400_H200_nominal_t0p05,mlp213,2,2000,400,200,30,8,0.09606812868202319,0.020318704293490364,0.09446333333333333,0.021057471371812735,1.0169885530402258,K,1,09_simulation/raw/v14_062.npz,H200_label,H200_synthetic_proxy,H200_persistence,0..29 (T001..T030),causal_previous_load_plus_deterministic_noise_proxy_not_trained_head,synthetic_preexperiment_reference
mlp213_N2000_K400_H200_nominal_t0p05,mlp213,3,2000,400,200,30,8,0.08767683045129747,0.015740891264327705,0.0863025,0.01595101249353675,1.0159245728837225,K,1,09_simulation/raw/v14_063.npz,H200_label,H200_synthetic_proxy,H200_persistence,0..29 (T001..T030),causal_previous_load_plus_deterministic_noise_proxy_not_trained_head,synthetic_preexperiment_reference
mlp213_N2000_K400_H200_nominal_t0p05,mlp213,4,2000,400,200,30,8,0.09206428362691596,0.019823864410940157,0.09053666666666667,0.019534867956859964,1.0168729092476267,K,1,09_simulation/raw/v14_064.npz,H200_label,H200_synthetic_proxy,H200_persistence,0..29 (T001..T030),causal_previous_load_plus_deterministic_noise_proxy_not_trained_head,synthetic_preexperiment_reference
mlp213_N2000_K400_H200_nominal_t0p05,mlp213,5,2000,400,200,30,8,0.08880199004611494,0.01712922417460871,0.08699333333333334,0.016607145498525492,1.0207907507791585,K,1,09_simulation/raw/v14_065.npz,H200_label,H200_synthetic_proxy,H200_persistence,0..29 (T001..T030),causal_previous_load_plus_deterministic_noise_proxy_not_trained_head,synthetic_preexperiment_reference
mlp213_N2000_K500_H200_nominal_t0p05,mlp213,1,2000,500,200,30,8,0.11910990312878665,0.024938124830972967,0.117512,0.0245871738920926,1.013597786853995,K,1,09_simulation/raw/v14_066.npz,H200_label,H200_synthetic_proxy,H200_persistence,0..29 (T001..T030),causal_previous_load_plus_deterministic_noise_proxy_not_trained_head,synthetic_preexperiment_reference
mlp213_N2000_K500_H200_nominal_t0p05,mlp213,2,2000,500,200,30,8,0.11741647718589007,0.023438663563166935,0.11621800000000002,0.02442325536775597,1.0103123198290287,K,1,09_simulation/raw/v14_067.npz,H200_label,H200_synthetic_proxy,H200_persistence,0..29 (T001..T030),causal_previous_load_plus_deterministic_noise_proxy_not_trained_head,synthetic_preexperiment_reference
mlp213_N2000_K500_H200_nominal_t0p05,mlp213,3,2000,500,200,30,8,0.11150466693465684,0.021638778437193477,0.11045600000000001,0.022608270320759873,1.009493978911574,K,1,09_simulation/raw/v14_068.npz,H200_label,H200_synthetic_proxy,H200_persistence,0..29 (T001..T030),causal_previous_load_plus_deterministic_noise_proxy_not_trained_head,synthetic_preexperiment_reference
mlp213_N2000_K500_H200_nominal_t0p05,mlp213,4,2000,500,200,30,8,0.11328294544708266,0.026534093352209718,0.11195933333333334,0.026135387284403257,1.0118222579068827,K,1,09_simulation/raw/v14_069.npz,H200_label,H200_synthetic_proxy,H200_persistence,0..29 (T001..T030),causal_previous_load_plus_deterministic_noise_proxy_not_trained_head,synthetic_preexperiment_reference
mlp213_N2000_K500_H200_nominal_t0p05,mlp213,5,2000,500,200,30,8,0.11257856209319712,0.025387613553718935,0.11140333333333335,0.024434736767960902,1.010549314142579,K,1,09_simulation/raw/v14_070.npz,H200_label,H200_synthetic_proxy,H200_persistence,0..29 (T001..T030),causal_previous_load_plus_deterministic_noise_proxy_not_trained_head,synthetic_preexperiment_reference
kan_generic_N500_K100_H50_nominal_t0p05,kan_generic,1,500,100,50,30,8,0.05075944094714595,0.01840445668003735,0.048323333333333336,0.018971533726982195,1.0504126566975087,K,1,09_simulation/raw/v14_071.npz,H50_label,H50_synthetic_proxy,H50_persistence,0..29 (T001..T030),causal_previous_load_plus_deterministic_noise_proxy_not_trained_head,synthetic_preexperiment_reference
kan_generic_N500_K100_H50_nominal_t0p05,kan_generic,2,500,100,50,30,8,0.04680553889823278,0.01867920665409948,0.04421,0.018103083181868637,1.0587093168566564,K,1,09_simulation/raw/v14_072.npz,H50_label,H50_synthetic_proxy,H50_persistence,0..29 (T001..T030),causal_previous_load_plus_deterministic_noise_proxy_not_trained_head,synthetic_preexperiment_reference
kan_generic_N500_K100_H50_nominal_t0p05,kan_generic,3,500,100,50,30,8,0.048686327710492715,0.018564249292450947,0.04634,0.01800041378834731,1.0506328811068777,K,1,09_simulation/raw/v14_073.npz,H50_label,H50_synthetic_proxy,H50_persistence,0..29 (T001..T030),causal_previous_load_plus_deterministic_noise_proxy_not_trained_head,synthetic_preexperiment_reference
kan_generic_N500_K100_H50_nominal_t0p05,kan_generic,4,500,100,50,30,8,0.04844406896077255,0.019446078453609277,0.04641666666666667,0.018846148117070888,1.0436783259053333,K,1,09_simulation/raw/v14_074.npz,H50_label,H50_synthetic_proxy,H50_persistence,0..29 (T001..T030),causal_previous_load_plus_deterministic_noise_proxy_not_trained_head,synthetic_preexperiment_reference
kan_generic_N500_K100_H50_nominal_t0p05,kan_generic,5,500,100,50,30,8,0.05001310183970712,0.018024458178249436,0.04810333333333334,0.017542666870220734,1.0397013756435545,K,1,09_simulation/raw/v14_075.npz,H50_label,H50_synthetic_proxy,H50_persistence,0..29 (T001..T030),causal_previous_load_plus_deterministic_noise_proxy_not_trained_head,synthetic_preexperiment_reference
kan_generic_N500_K100_H200_nominal_t0p05,kan_generic,1,500,100,200,30,8,0.04471310329755403,0.01825182093394985,0.04331,0.01795798448870451,1.032396751271162,K,1,09_simulation/raw/v14_071.npz,H200_label,H200_synthetic_proxy,H200_persistence,0..29 (T001..T030),causal_previous_load_plus_deterministic_noise_proxy_not_trained_head,synthetic_preexperiment_reference
kan_generic_N500_K100_H200_nominal_t0p05,kan_generic,2,500,100,200,30,8,0.04232168456836171,0.01750598434757955,0.039893333333333336,0.017240088273502572,1.0608711038192273,K,1,09_simulation/raw/v14_072.npz,H200_label,H200_synthetic_proxy,H200_persistence,0..29 (T001..T030),causal_previous_load_plus_deterministic_noise_proxy_not_trained_head,synthetic_preexperiment_reference
kan_generic_N500_K100_H200_nominal_t0p05,kan_generic,3,500,100,200,30,8,0.045816239543677216,0.01826775850459433,0.04306666666666667,0.01801025250801051,1.0638445714476132,K,1,09_simulation/raw/v14_073.npz,H200_label,H200_synthetic_proxy,H200_persistence,0..29 (T001..T030),causal_previous_load_plus_deterministic_noise_proxy_not_trained_head,synthetic_preexperiment_reference
kan_generic_N500_K100_H200_nominal_t0p05,kan_generic,4,500,100,200,30,8,0.044406983862987255,0.017164308939133097,0.04174666666666667,0.01743553116846277,1.0637252602120868,K,1,09_simulation/raw/v14_074.npz,H200_label,H200_synthetic_proxy,H200_persistence,0..29 (T001..T030),causal_previous_load_plus_deterministic_noise_proxy_not_trained_head,synthetic_preexperiment_reference
kan_generic_N500_K100_H200_nominal_t0p05,kan_generic,5,500,100,200,30,8,0.046809962664448486,0.018045272626344,0.04448,0.017734175072927454,1.0523822541467736,K,1,09_simulation/raw/v14_075.npz,H200_label,H200_synthetic_proxy,H200_persistence,0..29 (T001..T030),causal_previous_load_plus_deterministic_noise_proxy_not_trained_head,synthetic_preexperiment_reference
kan_generic_N500_K100_H800_nominal_t0p05,kan_generic,1,500,100,800,30,8,0.043981396965233885,0.01396740700821291,0.0414,0.014888968376296085,1.0623525837013015,K,1,09_simulation/raw/v14_071.npz,H800_label,H800_synthetic_proxy,H800_persistence,0..29 (T001..T030),causal_previous_load_plus_deterministic_noise_proxy_not_trained_head,synthetic_preexperiment_reference
kan_generic_N500_K100_H800_nominal_t0p05,kan_generic,2,500,100,800,30,8,0.04124329398934688,0.015254184056787584,0.038430000000000006,0.01490151924677712,1.0732056723743657,K,1,09_simulation/raw/v14_072.npz,H800_label,H800_synthetic_proxy,H800_persistence,0..29 (T001..T030),causal_previous_load_plus_deterministic_noise_proxy_not_trained_head,synthetic_preexperiment_reference
kan_generic_N500_K100_H800_nominal_t0p05,kan_generic,3,500,100,800,30,8,0.04299503086423426,0.017114885797307248,0.04065333333333333,0.015070929617652322,1.0576016119441027,K,1,09_simulation/raw/v14_073.npz,H800_label,H800_synthetic_proxy,H800_persistence,0..29 (T001..T030),causal_previous_load_plus_deterministic_noise_proxy_not_trained_head,synthetic_preexperiment_reference
kan_generic_N500_K100_H800_nominal_t0p05,kan_generic,4,500,100,800,30,8,0.04154349441083172,0.016518011879001916,0.03962,0.014926657477421926,1.0485485717019616,K,1,09_simulation/raw/v14_074.npz,H800_label,H800_synthetic_proxy,H800_persistence,0..29 (T001..T030),causal_previous_load_plus_deterministic_noise_proxy_not_trained_head,synthetic_preexperiment_reference
kan_generic_N500_K100_H800_nominal_t0p05,kan_generic,5,500,100,800,30,8,0.04368737566657145,0.015055959481591094,0.0418,0.015048748372745387,1.045152527908408,K,1,09_simulation/raw/v14_075.npz,H800_label,H800_synthetic_proxy,H800_persistence,0..29 (T001..T030),causal_previous_load_plus_deterministic_noise_proxy_not_trained_head,synthetic_preexperiment_reference
kan_generic_N1000_K100_H50_nominal_t0p05,kan_generic,1,1000,100,50,30,8,0.030742414200349035,0.011218517707410973,0.028693333333333335,0.010351576036371544,1.0714131343058446,K,1,09_simulation/raw/v14_076.npz,H50_label,H50_synthetic_proxy,H50_persistence,0..29 (T001..T030),causal_previous_load_plus_deterministic_noise_proxy_not_trained_head,synthetic_preexperiment_reference
kan_generic_N1000_K100_H50_nominal_t0p05,kan_generic,2,1000,100,50,30,8,0.03039769125953513,0.009567347799301828,0.028,0.009174477341121869,1.0856318306976833,K,1,09_simulation/raw/v14_077.npz,H50_label,H50_synthetic_proxy,H50_persistence,0..29 (T001..T030),causal_previous_load_plus_deterministic_noise_proxy_not_trained_head,synthetic_preexperiment_reference
kan_generic_N1000_K100_H50_nominal_t0p05,kan_generic,3,1000,100,50,30,8,0.029111533569883333,0.009260848171129888,0.026773333333333333,0.009709111729438108,1.0873331761659613,K,1,09_simulation/raw/v14_078.npz,H50_label,H50_synthetic_proxy,H50_persistence,0..29 (T001..T030),causal_previous_load_plus_deterministic_noise_proxy_not_trained_head,synthetic_preexperiment_reference
kan_generic_N1000_K100_H50_nominal_t0p05,kan_generic,4,1000,100,50,30,8,0.02804547314641603,0.008736769536563377,0.026026666666666667,0.009128014224252773,1.0775668473264355,K,1,09_simulation/raw/v14_079.npz,H50_label,H50_synthetic_proxy,H50_persistence,0..29 (T001..T030),causal_previous_load_plus_deterministic_noise_proxy_not_trained_head,synthetic_preexperiment_reference
kan_generic_N1000_K100_H50_nominal_t0p05,kan_generic,5,1000,100,50,30,8,0.034779463009598076,0.0111563259264808,0.03322666666666667,0.011396760983697967,1.0467334372872614,K,1,09_simulation/raw/v14_080.npz,H50_label,H50_synthetic_proxy,H50_persistence,0..29 (T001..T030),causal_previous_load_plus_deterministic_noise_proxy_not_trained_head,synthetic_preexperiment_reference
kan_generic_N1000_K100_H200_nominal_t0p05,kan_generic,1,1000,100,200,30,8,0.035275892276558404,0.01043271712458781,0.03232,0.010131494085957565,1.0914570630123268,K,1,09_simulation/raw/v14_076.npz,H200_label,H200_synthetic_proxy,H200_persistence,0..29 (T001..T030),causal_previous_load_plus_deterministic_noise_proxy_not_trained_head,synthetic_preexperiment_reference
kan_generic_N1000_K100_H200_nominal_t0p05,kan_generic,2,1000,100,200,30,8,0.033383406575320795,0.01001947926070469,0.03130666666666667,0.010442847191799007,1.0663353889050509,K,1,09_simulation/raw/v14_077.npz,H200_label,H200_synthetic_proxy,H200_persistence,0..29 (T001..T030),causal_previous_load_plus_deterministic_noise_proxy_not_trained_head,synthetic_preexperiment_reference
kan_generic_N1000_K100_H200_nominal_t0p05,kan_generic,3,1000,100,200,30,8,0.03059630191918487,0.00957512839316131,0.02912,0.01016628640705862,1.0506971812906891,K,1,09_simulation/raw/v14_078.npz,H200_label,H200_synthetic_proxy,H200_persistence,0..29 (T001..T030),causal_previous_load_plus_deterministic_noise_proxy_not_trained_head,synthetic_preexperiment_reference
kan_generic_N1000_K100_H200_nominal_t0p05,kan_generic,4,1000,100,200,30,8,0.03064568117271253,0.011282676307753266,0.028906666666666667,0.01103670782163911,1.0601596346648707,K,1,09_simulation/raw/v14_079.npz,H200_label,H200_synthetic_proxy,H200_persistence,0..29 (T001..T030),causal_previous_load_plus_deterministic_noise_proxy_not_trained_head,synthetic_preexperiment_reference
kan_generic_N1000_K100_H200_nominal_t0p05,kan_generic,5,1000,100,200,30,8,0.03577270701832517,0.01085719199046844,0.03418666666666667,0.010253468154502765,1.046393536027452,K,1,09_simulation/raw/v14_080.npz,H200_label,H200_synthetic_proxy,H200_persistence,0..29 (T001..T030),causal_previous_load_plus_deterministic_noise_proxy_not_trained_head,synthetic_preexperiment_reference
kan_generic_N1000_K100_H800_nominal_t0p05,kan_generic,1,1000,100,800,30,8,0.03472721897929332,0.012166593676206374,0.03306666666666667,0.01192405084297057,1.0502183159060479,K,1,09_simulation/raw/v14_076.npz,H800_label,H800_synthetic_proxy,H800_persistence,0..29 (T001..T030),causal_previous_load_plus_deterministic_noise_proxy_not_trained_head,synthetic_preexperiment_reference
kan_generic_N1000_K100_H800_nominal_t0p05,kan_generic,2,1000,100,800,30,8,0.03343001399201447,0.01161060497613944,0.03194666666666667,0.011449310575038053,1.0464319905680655,K,1,09_simulation/raw/v14_077.npz,H800_label,H800_synthetic_proxy,H800_persistence,0..29 (T001..T030),causal_previous_load_plus_deterministic_noise_proxy_not_trained_head,synthetic_preexperiment_reference
kan_generic_N1000_K100_H800_nominal_t0p05,kan_generic,3,1000,100,800,30,8,0.03176561653260112,0.011029819687088821,0.030133333333333335,0.010997847229260869,1.0541686902411875,K,1,09_simulation/raw/v14_078.npz,H800_label,H800_synthetic_proxy,H800_persistence,0..29 (T001..T030),causal_previous_load_plus_deterministic_noise_proxy_not_trained_head,synthetic_preexperiment_reference
kan_generic_N1000_K100_H800_nominal_t0p05,kan_generic,4,1000,100,800,30,8,0.030655848861097748,0.010673430050692443,0.028640000000000002,0.010657605346612246,1.0703857842562061,K,1,09_simulation/raw/v14_079.npz,H800_label,H800_synthetic_proxy,H800_persistence,0..29 (T001..T030),causal_previous_load_plus_deterministic_noise_proxy_not_trained_head,synthetic_preexperiment_reference
kan_generic_N1000_K100_H800_nominal_t0p05,kan_generic,5,1000,100,800,30,8,0.03877330347255084,0.011538906241945214,0.036160000000000005,0.011603376440829033,1.0722705606347023,K,1,09_simulation/raw/v14_080.npz,H800_label,H800_synthetic_proxy,H800_persistence,0..29 (T001..T030),causal_previous_load_plus_deterministic_noise_proxy_not_trained_head,synthetic_preexperiment_reference
kan_generic_N2000_K100_H50_nominal_t0p05,kan_generic,1,2000,100,50,30,8,0.023369794695419464,0.006525768223924094,0.02152666666666667,0.006196435757106987,1.0856206888550384,K,1,09_simulation/raw/v14_081.npz,H50_label,H50_synthetic_proxy,H50_persistence,0..29 (T001..T030),causal_previous_load_plus_deterministic_noise_proxy_not_trained_head,synthetic_preexperiment_reference
kan_generic_N2000_K100_H50_nominal_t0p05,kan_generic,2,2000,100,50,30,8,0.022288318542346874,0.007185835846601989,0.020373333333333334,0.006359350071613714,1.0939946928507955,K,1,09_simulation/raw/v14_082.npz,H50_label,H50_synthetic_proxy,H50_persistence,0..29 (T001..T030),causal_previous_load_plus_deterministic_noise_proxy_not_trained_head,synthetic_preexperiment_reference
kan_generic_N2000_K100_H50_nominal_t0p05,kan_generic,3,2000,100,50,30,8,0.02256056054985206,0.006467852606279775,0.02075,0.005825020349231883,1.0872559301133522,K,1,09_simulation/raw/v14_083.npz,H50_label,H50_synthetic_proxy,H50_persistence,0..29 (T001..T030),causal_previous_load_plus_deterministic_noise_proxy_not_trained_head,synthetic_preexperiment_reference
kan_generic_N2000_K100_H50_nominal_t0p05,kan_generic,4,2000,100,50,30,8,0.02217922788335258,0.005826870875315591,0.020473333333333336,0.005870025161981749,1.0833227556180027,K,1,09_simulation/raw/v14_084.npz,H50_label,H50_synthetic_proxy,H50_persistence,0..29 (T001..T030),causal_previous_load_plus_deterministic_noise_proxy_not_trained_head,synthetic_preexperiment_reference
kan_generic_N2000_K100_H50_nominal_t0p05,kan_generic,5,2000,100,50,30,8,0.02232834541518604,0.006282107358639169,0.02041,0.006815517284995246,1.0939904662021578,K,1,09_simulation/raw/v14_085.npz,H50_label,H50_synthetic_proxy,H50_persistence,0..29 (T001..T030),causal_previous_load_plus_deterministic_noise_proxy_not_trained_head,synthetic_preexperiment_reference
kan_generic_N2000_K100_H200_nominal_t0p05,kan_generic,1,2000,100,200,30,8,0.023199906033766857,0.006938632756086587,0.02160666666666667,0.00676017411188414,1.073738323068506,K,1,09_simulation/raw/v14_081.npz,H200_label,H200_synthetic_proxy,H200_persistence,0..29 (T001..T030),causal_previous_load_plus_deterministic_noise_proxy_not_trained_head,synthetic_preexperiment_reference
kan_generic_N2000_K100_H200_nominal_t0p05,kan_generic,2,2000,100,200,30,8,0.021424280970987128,0.0063951330995588316,0.01989,0.006416377213952134,1.0771383092502327,K,1,09_simulation/raw/v14_082.npz,H200_label,H200_synthetic_proxy,H200_persistence,0..29 (T001..T030),causal_previous_load_plus_deterministic_noise_proxy_not_trained_head,synthetic_preexperiment_reference
kan_generic_N2000_K100_H200_nominal_t0p05,kan_generic,3,2000,100,200,30,8,0.022431230309173548,0.006679683906651545,0.021133333333333334,0.006910628163140845,1.0614146833993792,K,1,09_simulation/raw/v14_083.npz,H200_label,H200_synthetic_proxy,H200_persistence,0..29 (T001..T030),causal_previous_load_plus_deterministic_noise_proxy_not_trained_head,synthetic_preexperiment_reference
kan_generic_N2000_K100_H200_nominal_t0p05,kan_generic,4,2000,100,200,30,8,0.022006073459900445,0.006856470762774881,0.02048,0.006907237583468717,1.0745153056592014,K,1,09_simulation/raw/v14_084.npz,H200_label,H200_synthetic_proxy,H200_persistence,0..29 (T001..T030),causal_previous_load_plus_deterministic_noise_proxy_not_trained_head,synthetic_preexperiment_reference
kan_generic_N2000_K100_H200_nominal_t0p05,kan_generic,5,2000,100,200,30,8,0.021401243446224603,0.006939236654787895,0.019430000000000003,0.0066680478454316395,1.101453599908626,K,1,09_simulation/raw/v14_085.npz,H200_label,H200_synthetic_proxy,H200_persistence,0..29 (T001..T030),causal_previous_load_plus_deterministic_noise_proxy_not_trained_head,synthetic_preexperiment_reference
kan_generic_N2000_K100_H800_nominal_t0p05,kan_generic,1,2000,100,800,30,8,0.023605947646589766,0.00631184640925203,0.021893333333333334,0.006342735912094616,1.0782253797163412,K,1,09_simulation/raw/v14_081.npz,H800_label,H800_synthetic_proxy,H800_persistence,0..29 (T001..T030),causal_previous_load_plus_deterministic_noise_proxy_not_trained_head,synthetic_preexperiment_reference
kan_generic_N2000_K100_H800_nominal_t0p05,kan_generic,2,2000,100,800,30,8,0.021883450497161495,0.00677182906130401,0.01983,0.006511959819413444,1.1035527230036053,K,1,09_simulation/raw/v14_082.npz,H800_label,H800_synthetic_proxy,H800_persistence,0..29 (T001..T030),causal_previous_load_plus_deterministic_noise_proxy_not_trained_head,synthetic_preexperiment_reference
kan_generic_N2000_K100_H800_nominal_t0p05,kan_generic,3,2000,100,800,30,8,0.02305432243331798,0.006941455718508183,0.02094666666666667,0.006768014700671517,1.1006201034365681,K,1,09_simulation/raw/v14_083.npz,H800_label,H800_synthetic_proxy,H800_persistence,0..29 (T001..T030),causal_previous_load_plus_deterministic_noise_proxy_not_trained_head,synthetic_preexperiment_reference
kan_generic_N2000_K100_H800_nominal_t0p05,kan_generic,4,2000,100,800,30,8,0.02170322561792745,0.0066638394405861565,0.020116666666666668,0.006565851224239747,1.0788678849011157,K,1,09_simulation/raw/v14_084.npz,H800_label,H800_synthetic_proxy,H800_persistence,0..29 (T001..T030),causal_previous_load_plus_deterministic_noise_proxy_not_trained_head,synthetic_preexperiment_reference
kan_generic_N2000_K100_H800_nominal_t0p05,kan_generic,5,2000,100,800,30,8,0.021179471221066077,0.006826385459347373,0.01985,0.006976895367247329,1.0669758801544624,K,1,09_simulation/raw/v14_085.npz,H800_label,H800_synthetic_proxy,H800_persistence,0..29 (T001..T030),causal_previous_load_plus_deterministic_noise_proxy_not_trained_head,synthetic_preexperiment_reference
kan_generic_N2000_K200_H200_nominal_t0p05,kan_generic,1,2000,200,200,30,8,0.04659075158148881,0.00959541331129846,0.044295,0.009666689605601004,1.051828684535248,K,1,09_simulation/raw/v14_086.npz,H200_label,H200_synthetic_proxy,H200_persistence,0..29 (T001..T030),causal_previous_load_plus_deterministic_noise_proxy_not_trained_head,synthetic_preexperiment_reference
kan_generic_N2000_K200_H200_nominal_t0p05,kan_generic,2,2000,200,200,30,8,0.04106394977945988,0.009688410763523484,0.03905,0.00920592949848273,1.0515736179119046,K,1,09_simulation/raw/v14_087.npz,H200_label,H200_synthetic_proxy,H200_persistence,0..29 (T001..T030),causal_previous_load_plus_deterministic_noise_proxy_not_trained_head,synthetic_preexperiment_reference
kan_generic_N2000_K200_H200_nominal_t0p05,kan_generic,3,2000,200,200,30,8,0.044119805273574494,0.01011259364261436,0.042605000000000004,0.009516631086754353,1.0355546361594763,K,1,09_simulation/raw/v14_088.npz,H200_label,H200_synthetic_proxy,H200_persistence,0..29 (T001..T030),causal_previous_load_plus_deterministic_noise_proxy_not_trained_head,synthetic_preexperiment_reference
kan_generic_N2000_K200_H200_nominal_t0p05,kan_generic,4,2000,200,200,30,8,0.04270467060334538,0.009644726881509243,0.040806666666666665,0.009195451774292186,1.046512104313316,K,1,09_simulation/raw/v14_089.npz,H200_label,H200_synthetic_proxy,H200_persistence,0..29 (T001..T030),causal_previous_load_plus_deterministic_noise_proxy_not_trained_head,synthetic_preexperiment_reference
kan_generic_N2000_K200_H200_nominal_t0p05,kan_generic,5,2000,200,200,30,8,0.04062804545829328,0.009550951935297813,0.03815166666666667,0.00940578951692954,1.064908797124458,K,1,09_simulation/raw/v14_090.npz,H200_label,H200_synthetic_proxy,H200_persistence,0..29 (T001..T030),causal_previous_load_plus_deterministic_noise_proxy_not_trained_head,synthetic_preexperiment_reference
kan_generic_N2000_K300_H200_nominal_t0p05,kan_generic,1,2000,300,200,30,8,0.07162396497802295,0.012794837519498174,0.0695111111111111,0.013296377904885503,1.0303959156045501,K,1,09_simulation/raw/v14_091.npz,H200_label,H200_synthetic_proxy,H200_persistence,0..29 (T001..T030),causal_previous_load_plus_deterministic_noise_proxy_not_trained_head,synthetic_preexperiment_reference
kan_generic_N2000_K300_H200_nominal_t0p05,kan_generic,2,2000,300,200,30,8,0.06801170267357733,0.014571463795393305,0.06638222222222222,0.01418881901110016,1.0245469403826257,K,1,09_simulation/raw/v14_092.npz,H200_label,H200_synthetic_proxy,H200_persistence,0..29 (T001..T030),causal_previous_load_plus_deterministic_noise_proxy_not_trained_head,synthetic_preexperiment_reference
kan_generic_N2000_K300_H200_nominal_t0p05,kan_generic,3,2000,300,200,30,8,0.0706992547670948,0.01520744335318229,0.06890666666666667,0.014144276830216821,1.0260147266896495,K,1,09_simulation/raw/v14_093.npz,H200_label,H200_synthetic_proxy,H200_persistence,0..29 (T001..T030),causal_previous_load_plus_deterministic_noise_proxy_not_trained_head,synthetic_preexperiment_reference
kan_generic_N2000_K300_H200_nominal_t0p05,kan_generic,4,2000,300,200,30,8,0.07001009251083315,0.015292419433861164,0.06748444444444444,0.014389938304015028,1.037425633228231,K,1,09_simulation/raw/v14_094.npz,H200_label,H200_synthetic_proxy,H200_persistence,0..29 (T001..T030),causal_previous_load_plus_deterministic_noise_proxy_not_trained_head,synthetic_preexperiment_reference
kan_generic_N2000_K300_H200_nominal_t0p05,kan_generic,5,2000,300,200,30,8,0.06832484265361545,0.015242998692396866,0.06517333333333333,0.014781095931454673,1.0483558099470456,K,1,09_simulation/raw/v14_095.npz,H200_label,H200_synthetic_proxy,H200_persistence,0..29 (T001..T030),causal_previous_load_plus_deterministic_noise_proxy_not_trained_head,synthetic_preexperiment_reference
kan_generic_N2000_K400_H200_nominal_t0p05,kan_generic,1,2000,400,200,30,8,0.10416878227895088,0.020084509668798628,0.10268916666666666,0.020976551649620475,1.0144086826323861,K,1,09_simulation/raw/v14_096.npz,H200_label,H200_synthetic_proxy,H200_persistence,0..29 (T001..T030),causal_previous_load_plus_deterministic_noise_proxy_not_trained_head,synthetic_preexperiment_reference
kan_generic_N2000_K400_H200_nominal_t0p05,kan_generic,2,2000,400,200,30,8,0.09579718095543682,0.017989841256650697,0.09460583333333333,0.017808600067118548,1.0125927501521592,K,1,09_simulation/raw/v14_097.npz,H200_label,H200_synthetic_proxy,H200_persistence,0..29 (T001..T030),causal_previous_load_plus_deterministic_noise_proxy_not_trained_head,synthetic_preexperiment_reference
kan_generic_N2000_K400_H200_nominal_t0p05,kan_generic,3,2000,400,200,30,8,0.10178973272441345,0.020778341177039448,0.09980833333333333,0.01925795775209846,1.0198520436611518,K,1,09_simulation/raw/v14_098.npz,H200_label,H200_synthetic_proxy,H200_persistence,0..29 (T001..T030),causal_previous_load_plus_deterministic_noise_proxy_not_trained_head,synthetic_preexperiment_reference
kan_generic_N2000_K400_H200_nominal_t0p05,kan_generic,4,2000,400,200,30,8,0.09918829224930398,0.020808525494464745,0.09646833333333334,0.019450480817270008,1.0281953551179555,K,1,09_simulation/raw/v14_099.npz,H200_label,H200_synthetic_proxy,H200_persistence,0..29 (T001..T030),causal_previous_load_plus_deterministic_noise_proxy_not_trained_head,synthetic_preexperiment_reference
kan_generic_N2000_K400_H200_nominal_t0p05,kan_generic,5,2000,400,200,30,8,0.095843672031255,0.0182966304616303,0.09295083333333333,0.017763188984591106,1.0311222459679044,K,1,09_simulation/raw/v14_100.npz,H200_label,H200_synthetic_proxy,H200_persistence,0..29 (T001..T030),causal_previous_load_plus_deterministic_noise_proxy_not_trained_head,synthetic_preexperiment_reference
kan_generic_N2000_K500_H200_nominal_t0p05,kan_generic,1,2000,500,200,30,8,0.1316238552698599,0.02464721940781087,0.130724,0.025489292626918653,1.0068836271064219,K,1,09_simulation/raw/v14_101.npz,H200_label,H200_synthetic_proxy,H200_persistence,0..29 (T001..T030),causal_previous_load_plus_deterministic_noise_proxy_not_trained_head,synthetic_preexperiment_reference
kan_generic_N2000_K500_H200_nominal_t0p05,kan_generic,2,2000,500,200,30,8,0.121883226148498,0.023107989029098462,0.12138466666666667,0.0234764067528016,1.0041072690276476,K,1,09_simulation/raw/v14_102.npz,H200_label,H200_synthetic_proxy,H200_persistence,0..29 (T001..T030),causal_previous_load_plus_deterministic_noise_proxy_not_trained_head,synthetic_preexperiment_reference
kan_generic_N2000_K500_H200_nominal_t0p05,kan_generic,3,2000,500,200,30,8,0.13175793564404972,0.024824946650039287,0.13052533333333335,0.024749879238066003,1.0094433952340007,K,1,09_simulation/raw/v14_103.npz,H200_label,H200_synthetic_proxy,H200_persistence,0..29 (T001..T030),causal_previous_load_plus_deterministic_noise_proxy_not_trained_head,synthetic_preexperiment_reference
kan_generic_N2000_K500_H200_nominal_t0p05,kan_generic,4,2000,500,200,30,8,0.12607951564214712,0.024082323463217273,0.12355133333333335,0.023424141795390818,1.0204626064373818,K,1,09_simulation/raw/v14_104.npz,H200_label,H200_synthetic_proxy,H200_persistence,0..29 (T001..T030),causal_previous_load_plus_deterministic_noise_proxy_not_trained_head,synthetic_preexperiment_reference
kan_generic_N2000_K500_H200_nominal_t0p05,kan_generic,5,2000,500,200,30,8,0.11993606961141925,0.02427765271536302,0.11726933333333334,0.023958903741735496,1.022740269789936,K,1,09_simulation/raw/v14_105.npz,H200_label,H200_synthetic_proxy,H200_persistence,0..29 (T001..T030),causal_previous_load_plus_deterministic_noise_proxy_not_trained_head,synthetic_preexperiment_reference
no_triplet_N500_K100_H200_nominal_t0p05,no_triplet,1,500,100,200,30,8,0.048866173914540574,0.02010834903335869,0.046163333333333334,0.019538882248998538,1.0585495107489473,K,1,09_simulation/raw/v14_155.npz,H200_label,H200_synthetic_proxy,H200_persistence,0..29 (T001..T030),causal_previous_load_plus_deterministic_noise_proxy_not_trained_head,synthetic_preexperiment_reference
no_triplet_N500_K100_H200_nominal_t0p05,no_triplet,2,500,100,200,30,8,0.04641147647268078,0.019789430329901495,0.04445,0.020051154408249127,1.0441277046722333,K,1,09_simulation/raw/v14_156.npz,H200_label,H200_synthetic_proxy,H200_persistence,0..29 (T001..T030),causal_previous_load_plus_deterministic_noise_proxy_not_trained_head,synthetic_preexperiment_reference
no_triplet_N500_K100_H200_nominal_t0p05,no_triplet,3,500,100,200,30,8,0.04389178963471598,0.020202532039607517,0.0422,0.020398546263279953,1.040089801770521,K,1,09_simulation/raw/v14_157.npz,H200_label,H200_synthetic_proxy,H200_persistence,0..29 (T001..T030),causal_previous_load_plus_deterministic_noise_proxy_not_trained_head,synthetic_preexperiment_reference
no_triplet_N500_K100_H200_nominal_t0p05,no_triplet,4,500,100,200,30,8,0.0435837080687177,0.019811990692872226,0.041806666666666666,0.019422737001866607,1.042506172908253,K,1,09_simulation/raw/v14_158.npz,H200_label,H200_synthetic_proxy,H200_persistence,0..29 (T001..T030),causal_previous_load_plus_deterministic_noise_proxy_not_trained_head,synthetic_preexperiment_reference
no_triplet_N500_K100_H200_nominal_t0p05,no_triplet,5,500,100,200,30,8,0.04389560501614598,0.018522805111297898,0.04149,0.018231033602264482,1.0579803571016144,K,1,09_simulation/raw/v14_159.npz,H200_label,H200_synthetic_proxy,H200_persistence,0..29 (T001..T030),causal_previous_load_plus_deterministic_noise_proxy_not_trained_head,synthetic_preexperiment_reference
no_triplet_N1000_K100_H200_nominal_t0p05,no_triplet,1,1000,100,200,30,8,0.036040750560784166,0.009526468487554092,0.033120000000000004,0.009321476869814287,1.0881869130671546,K,1,09_simulation/raw/v14_160.npz,H200_label,H200_synthetic_proxy,H200_persistence,0..29 (T001..T030),causal_previous_load_plus_deterministic_noise_proxy_not_trained_head,synthetic_preexperiment_reference
no_triplet_N1000_K100_H200_nominal_t0p05,no_triplet,2,1000,100,200,30,8,0.03353068145919512,0.01064201280456577,0.03136,0.010937616206279232,1.0692181587753546,K,1,09_simulation/raw/v14_161.npz,H200_label,H200_synthetic_proxy,H200_persistence,0..29 (T001..T030),causal_previous_load_plus_deterministic_noise_proxy_not_trained_head,synthetic_preexperiment_reference
no_triplet_N1000_K100_H200_nominal_t0p05,no_triplet,3,1000,100,200,30,8,0.031003473301093844,0.010499089196146425,0.02944,0.010758592396072434,1.053107109412155,K,1,09_simulation/raw/v14_162.npz,H200_label,H200_synthetic_proxy,H200_persistence,0..29 (T001..T030),causal_previous_load_plus_deterministic_noise_proxy_not_trained_head,synthetic_preexperiment_reference
no_triplet_N1000_K100_H200_nominal_t0p05,no_triplet,4,1000,100,200,30,8,0.031953143378415996,0.010639100923437936,0.030773333333333333,0.010660365955202974,1.0383387146365683,K,1,09_simulation/raw/v14_163.npz,H200_label,H200_synthetic_proxy,H200_persistence,0..29 (T001..T030),causal_previous_load_plus_deterministic_noise_proxy_not_trained_head,synthetic_preexperiment_reference
no_triplet_N1000_K100_H200_nominal_t0p05,no_triplet,5,1000,100,200,30,8,0.03535071961597486,0.010827608586225857,0.033760000000000005,0.010165852237964998,1.0471184720371698,K,1,09_simulation/raw/v14_164.npz,H200_label,H200_synthetic_proxy,H200_persistence,0..29 (T001..T030),causal_previous_load_plus_deterministic_noise_proxy_not_trained_head,synthetic_preexperiment_reference
no_triplet_N2000_K100_H200_nominal_t0p05,no_triplet,1,2000,100,200,30,8,0.023330521882429435,0.007090373553880144,0.02109666666666667,0.006782049498661806,1.1058866431867325,K,1,09_simulation/raw/v14_165.npz,H200_label,H200_synthetic_proxy,H200_persistence,0..29 (T001..T030),causal_previous_load_plus_deterministic_noise_proxy_not_trained_head,synthetic_preexperiment_reference
no_triplet_N2000_K100_H200_nominal_t0p05,no_triplet,2,2000,100,200,30,8,0.021661711046106757,0.006158718718001306,0.02007666666666667,0.006245863918782897,1.0789495789194796,K,1,09_simulation/raw/v14_166.npz,H200_label,H200_synthetic_proxy,H200_persistence,0..29 (T001..T030),causal_previous_load_plus_deterministic_noise_proxy_not_trained_head,synthetic_preexperiment_reference
no_triplet_N2000_K100_H200_nominal_t0p05,no_triplet,3,2000,100,200,30,8,0.023462876326349014,0.005953350853621677,0.0228,0.006306920118354945,1.029073523085483,K,1,09_simulation/raw/v14_167.npz,H200_label,H200_synthetic_proxy,H200_persistence,0..29 (T001..T030),causal_previous_load_plus_deterministic_noise_proxy_not_trained_head,synthetic_preexperiment_reference
no_triplet_N2000_K100_H200_nominal_t0p05,no_triplet,4,2000,100,200,30,8,0.021240845529114056,0.00627678420251199,0.019966666666666667,0.006297308310224537,1.0638153019589678,K,1,09_simulation/raw/v14_168.npz,H200_label,H200_synthetic_proxy,H200_persistence,0..29 (T001..T030),causal_previous_load_plus_deterministic_noise_proxy_not_trained_head,synthetic_preexperiment_reference
no_triplet_N2000_K100_H200_nominal_t0p05,no_triplet,5,2000,100,200,30,8,0.021186095399127195,0.006512811581776875,0.019473333333333336,0.005976674968421901,1.0879542313827726,K,1,09_simulation/raw/v14_169.npz,H200_label,H200_synthetic_proxy,H200_persistence,0..29 (T001..T030),causal_previous_load_plus_deterministic_noise_proxy_not_trained_head,synthetic_preexperiment_reference
mlp_coeff_N500_K100_H200_nominal_t0p05,mlp_coeff,1,500,100,200,30,8,0.04197644892848047,0.01855429922835444,0.0392,0.017329265658874934,1.0708277787877671,K,1,09_simulation/raw/v14_170.npz,H200_label,H200_synthetic_proxy,H200_persistence,0..29 (T001..T030),causal_previous_load_plus_deterministic_noise_proxy_not_trained_head,synthetic_preexperiment_reference
mlp_coeff_N500_K100_H200_nominal_t0p05,mlp_coeff,2,500,100,200,30,8,0.04062714040243988,0.0196910757461158,0.03726666666666667,0.018721061960250553,1.0901737138400682,K,1,09_simulation/raw/v14_171.npz,H200_label,H200_synthetic_proxy,H200_persistence,0..29 (T001..T030),causal_previous_load_plus_deterministic_noise_proxy_not_trained_head,synthetic_preexperiment_reference
mlp_coeff_N500_K100_H200_nominal_t0p05,mlp_coeff,3,500,100,200,30,8,0.03941811026664902,0.01900032993634598,0.0368,0.019144459899082717,1.0711443007241581,K,1,09_simulation/raw/v14_172.npz,H200_label,H200_synthetic_proxy,H200_persistence,0..29 (T001..T030),causal_previous_load_plus_deterministic_noise_proxy_not_trained_head,synthetic_preexperiment_reference
mlp_coeff_N500_K100_H200_nominal_t0p05,mlp_coeff,4,500,100,200,30,8,0.03601685243604859,0.016214220939649648,0.034333333333333334,0.01673388742957676,1.0490345369722889,K,1,09_simulation/raw/v14_173.npz,H200_label,H200_synthetic_proxy,H200_persistence,0..29 (T001..T030),causal_previous_load_plus_deterministic_noise_proxy_not_trained_head,synthetic_preexperiment_reference
mlp_coeff_N500_K100_H200_nominal_t0p05,mlp_coeff,5,500,100,200,30,8,0.03543391729651212,0.015604407991036235,0.03426666666666667,0.016689731167301096,1.0340637343340113,K,1,09_simulation/raw/v14_174.npz,H200_label,H200_synthetic_proxy,H200_persistence,0..29 (T001..T030),causal_previous_load_plus_deterministic_noise_proxy_not_trained_head,synthetic_preexperiment_reference
mlp_coeff_N1000_K100_H200_nominal_t0p05,mlp_coeff,1,1000,100,200,30,8,0.030365152361615445,0.010925605584468463,0.028643333333333333,0.011203099427462438,1.0601123831589239,K,1,09_simulation/raw/v14_175.npz,H200_label,H200_synthetic_proxy,H200_persistence,0..29 (T001..T030),causal_previous_load_plus_deterministic_noise_proxy_not_trained_head,synthetic_preexperiment_reference
mlp_coeff_N1000_K100_H200_nominal_t0p05,mlp_coeff,2,1000,100,200,30,8,0.026307499435671153,0.01206150492482617,0.024480000000000002,0.011958185769444785,1.0746527547251288,K,1,09_simulation/raw/v14_176.npz,H200_label,H200_synthetic_proxy,H200_persistence,0..29 (T001..T030),causal_previous_load_plus_deterministic_noise_proxy_not_trained_head,synthetic_preexperiment_reference
mlp_coeff_N1000_K100_H200_nominal_t0p05,mlp_coeff,3,1000,100,200,30,8,0.02788364050876156,0.011975855526028256,0.02603,0.011683355387192855,1.0712116983773168,K,1,09_simulation/raw/v14_177.npz,H200_label,H200_synthetic_proxy,H200_persistence,0..29 (T001..T030),causal_previous_load_plus_deterministic_noise_proxy_not_trained_head,synthetic_preexperiment_reference
mlp_coeff_N1000_K100_H200_nominal_t0p05,mlp_coeff,4,1000,100,200,30,8,0.029760218522034698,0.011661604058476651,0.027406666666666666,0.010753313309228778,1.085875158916372,K,1,09_simulation/raw/v14_178.npz,H200_label,H200_synthetic_proxy,H200_persistence,0..29 (T001..T030),causal_previous_load_plus_deterministic_noise_proxy_not_trained_head,synthetic_preexperiment_reference
mlp_coeff_N1000_K100_H200_nominal_t0p05,mlp_coeff,5,1000,100,200,30,8,0.03134211396517906,0.012136184895177135,0.02854,0.011224529788170071,1.098181988969133,K,1,09_simulation/raw/v14_179.npz,H200_label,H200_synthetic_proxy,H200_persistence,0..29 (T001..T030),causal_previous_load_plus_deterministic_noise_proxy_not_trained_head,synthetic_preexperiment_reference
mlp_coeff_N2000_K100_H200_nominal_t0p05,mlp_coeff,1,2000,100,200,30,8,0.01828178877063148,0.006577932583222986,0.016926666666666666,0.006870623790047583,1.0800584149644434,K,1,09_simulation/raw/v14_180.npz,H200_label,H200_synthetic_proxy,H200_persistence,0..29 (T001..T030),causal_previous_load_plus_deterministic_noise_proxy_not_trained_head,synthetic_preexperiment_reference
mlp_coeff_N2000_K100_H200_nominal_t0p05,mlp_coeff,2,2000,100,200,30,8,0.01973729178524706,0.005818433514036055,0.0181,0.00603272683812621,1.090458109682158,K,1,09_simulation/raw/v14_181.npz,H200_label,H200_synthetic_proxy,H200_persistence,0..29 (T001..T030),causal_previous_load_plus_deterministic_noise_proxy_not_trained_head,synthetic_preexperiment_reference
mlp_coeff_N2000_K100_H200_nominal_t0p05,mlp_coeff,3,2000,100,200,30,8,0.018661977122360954,0.006841126622427898,0.01674,0.0067522971825430865,1.1148134481697105,K,1,09_simulation/raw/v14_182.npz,H200_label,H200_synthetic_proxy,H200_persistence,0..29 (T001..T030),causal_previous_load_plus_deterministic_noise_proxy_not_trained_head,synthetic_preexperiment_reference
mlp_coeff_N2000_K100_H200_nominal_t0p05,mlp_coeff,4,2000,100,200,30,8,0.018556686287047854,0.007308589980170813,0.016253333333333335,0.006737375593289829,1.1417157272588916,K,1,09_simulation/raw/v14_183.npz,H200_label,H200_synthetic_proxy,H200_persistence,0..29 (T001..T030),causal_previous_load_plus_deterministic_noise_proxy_not_trained_head,synthetic_preexperiment_reference
mlp_coeff_N2000_K100_H200_nominal_t0p05,mlp_coeff,5,2000,100,200,30,8,0.019695598706983893,0.006387323813186888,0.017983333333333334,0.00609398139112701,1.0952140152168985,K,1,09_simulation/raw/v14_184.npz,H200_label,H200_synthetic_proxy,H200_persistence,0..29 (T001..T030),causal_previous_load_plus_deterministic_noise_proxy_not_trained_head,synthetic_preexperiment_reference
no_cox_rst_N2000_K100_H200_nominal_t0p05,no_cox_rst,1,2000,100,200,30,8,0.021055840558768985,0.006821996418245457,0.019206666666666667,0.006788882053786904,1.0962777104530883,K,1,09_simulation/raw/v14_185.npz,H200_label,H200_synthetic_proxy,H200_persistence,0..29 (T001..T030),causal_previous_load_plus_deterministic_noise_proxy_not_trained_head,synthetic_preexperiment_reference
no_cox_rst_N2000_K100_H200_nominal_t0p05,no_cox_rst,2,2000,100,200,30,8,0.01860648366933619,0.005759192352976355,0.017220000000000003,0.006205192486386176,1.0805158925282339,K,1,09_simulation/raw/v14_186.npz,H200_label,H200_synthetic_proxy,H200_persistence,0..29 (T001..T030),causal_previous_load_plus_deterministic_noise_proxy_not_trained_head,synthetic_preexperiment_reference
no_cox_rst_N2000_K100_H200_nominal_t0p05,no_cox_rst,3,2000,100,200,30,8,0.01919916304096352,0.005866655269437424,0.017926666666666667,0.005997754369033829,1.0709834347878497,K,1,09_simulation/raw/v14_187.npz,H200_label,H200_synthetic_proxy,H200_persistence,0..29 (T001..T030),causal_previous_load_plus_deterministic_noise_proxy_not_trained_head,synthetic_preexperiment_reference
no_cox_rst_N2000_K100_H200_nominal_t0p05,no_cox_rst,4,2000,100,200,30,8,0.017723377815879255,0.006895250229250605,0.016076666666666666,0.006657621162264333,1.1024286429118342,K,1,09_simulation/raw/v14_188.npz,H200_label,H200_synthetic_proxy,H200_persistence,0..29 (T001..T030),causal_previous_load_plus_deterministic_noise_proxy_not_trained_head,synthetic_preexperiment_reference
no_cox_rst_N2000_K100_H200_nominal_t0p05,no_cox_rst,5,2000,100,200,30,8,0.021535084087467692,0.007381913260426822,0.01949,0.006913572358673965,1.1049299172636065,K,1,09_simulation/raw/v14_189.npz,H200_label,H200_synthetic_proxy,H200_persistence,0..29 (T001..T030),causal_previous_load_plus_deterministic_noise_proxy_not_trained_head,synthetic_preexperiment_reference
no_cox_rst_N500_K100_H200_nominal_t0p05,no_cox_rst,1,500,100,200,30,8,0.04292228535297514,0.01860308547043943,0.041126666666666666,0.01770711786227521,1.043660691027115,K,1,09_simulation/raw/v14_190.npz,H200_label,H200_synthetic_proxy,H200_persistence,0..29 (T001..T030),causal_previous_load_plus_deterministic_noise_proxy_not_trained_head,synthetic_preexperiment_reference
no_cox_rst_N500_K100_H200_nominal_t0p05,no_cox_rst,2,500,100,200,30,8,0.040584558900928595,0.01662720525970092,0.03781,0.016036582102095243,1.0733816159991694,K,1,09_simulation/raw/v14_191.npz,H200_label,H200_synthetic_proxy,H200_persistence,0..29 (T001..T030),causal_previous_load_plus_deterministic_noise_proxy_not_trained_head,synthetic_preexperiment_reference
no_cox_rst_N500_K100_H200_nominal_t0p05,no_cox_rst,3,500,100,200,30,8,0.041041844461733264,0.015934739303201582,0.037970000000000004,0.015731544194980376,1.080901882057763,K,1,09_simulation/raw/v14_192.npz,H200_label,H200_synthetic_proxy,H200_persistence,0..29 (T001..T030),causal_previous_load_plus_deterministic_noise_proxy_not_trained_head,synthetic_preexperiment_reference
no_cox_rst_N500_K100_H200_nominal_t0p05,no_cox_rst,4,500,100,200,30,8,0.04379801225200147,0.017386128288736875,0.041049999999999996,0.017585510297224615,1.0669430512058824,K,1,09_simulation/raw/v14_193.npz,H200_label,H200_synthetic_proxy,H200_persistence,0..29 (T001..T030),causal_previous_load_plus_deterministic_noise_proxy_not_trained_head,synthetic_preexperiment_reference
no_cox_rst_N500_K100_H200_nominal_t0p05,no_cox_rst,5,500,100,200,30,8,0.043679149035794854,0.017434740604753435,0.041433333333333336,0.01758512955906767,1.0542031142991517,K,1,09_simulation/raw/v14_194.npz,H200_label,H200_synthetic_proxy,H200_persistence,0..29 (T001..T030),causal_previous_load_plus_deterministic_noise_proxy_not_trained_head,synthetic_preexperiment_reference
no_cox_rst_N1000_K100_H200_nominal_t0p05,no_cox_rst,1,1000,100,200,30,8,0.03164370096098945,0.01079650735282234,0.02912,0.01140067753582488,1.0866655549790334,K,1,09_simulation/raw/v14_195.npz,H200_label,H200_synthetic_proxy,H200_persistence,0..29 (T001..T030),causal_previous_load_plus_deterministic_noise_proxy_not_trained_head,synthetic_preexperiment_reference
no_cox_rst_N1000_K100_H200_nominal_t0p05,no_cox_rst,2,1000,100,200,30,8,0.028041381004741347,0.010744314816230723,0.02578666666666667,0.010399427482031067,1.0874372157991732,K,1,09_simulation/raw/v14_196.npz,H200_label,H200_synthetic_proxy,H200_persistence,0..29 (T001..T030),causal_previous_load_plus_deterministic_noise_proxy_not_trained_head,synthetic_preexperiment_reference
no_cox_rst_N1000_K100_H200_nominal_t0p05,no_cox_rst,3,1000,100,200,30,8,0.031107743595888467,0.011460075043130541,0.029320000000000002,0.011283048010790041,1.0609735196414893,K,1,09_simulation/raw/v14_197.npz,H200_label,H200_synthetic_proxy,H200_persistence,0..29 (T001..T030),causal_previous_load_plus_deterministic_noise_proxy_not_trained_head,synthetic_preexperiment_reference
no_cox_rst_N1000_K100_H200_nominal_t0p05,no_cox_rst,4,1000,100,200,30,8,0.029335262159558066,0.011746438077972767,0.027906666666666666,0.010856459489339892,1.051191907294245,K,1,09_simulation/raw/v14_198.npz,H200_label,H200_synthetic_proxy,H200_persistence,0..29 (T001..T030),causal_previous_load_plus_deterministic_noise_proxy_not_trained_head,synthetic_preexperiment_reference
no_cox_rst_N1000_K100_H200_nominal_t0p05,no_cox_rst,5,1000,100,200,30,8,0.031590782601188847,0.012169732478900077,0.029883333333333335,0.011251485214860744,1.0571371757229955,K,1,09_simulation/raw/v14_199.npz,H200_label,H200_synthetic_proxy,H200_persistence,0..29 (T001..T030),causal_previous_load_plus_deterministic_noise_proxy_not_trained_head,synthetic_preexperiment_reference
eph_physick_N2000_K100_H200_nominal_t0p05,eph_physick,1,2000,100,200,30,8,0.017870573402551052,0.006181524808192097,0.016026666666666668,0.00638597241445349,1.1150524169644997,K,1,09_simulation/raw/v14_200.npz,H200_label,H200_synthetic_proxy,H200_persistence,0..29 (T001..T030),causal_previous_load_plus_deterministic_noise_proxy_not_trained_head,synthetic_preexperiment_reference
eph_physick_N2000_K100_H200_nominal_t0p05,eph_physick,2,2000,100,200,30,8,0.01733229704972286,0.006080957832948559,0.015946666666666668,0.006530814668162392,1.0868915373990087,K,1,09_simulation/raw/v14_201.npz,H200_label,H200_synthetic_proxy,H200_persistence,0..29 (T001..T030),causal_previous_load_plus_deterministic_noise_proxy_not_trained_head,synthetic_preexperiment_reference
eph_physick_N2000_K100_H200_nominal_t0p05,eph_physick,3,2000,100,200,30,8,0.01580558038233037,0.005901645213447477,0.014386666666666667,0.006223854739314853,1.0986269959914527,K,1,09_simulation/raw/v14_202.npz,H200_label,H200_synthetic_proxy,H200_persistence,0..29 (T001..T030),causal_previous_load_plus_deterministic_noise_proxy_not_trained_head,synthetic_preexperiment_reference
eph_physick_N2000_K100_H200_nominal_t0p05,eph_physick,4,2000,100,200,30,8,0.018029396949976278,0.006271934064898887,0.016353333333333334,0.006038367747783442,1.1024906410503226,K,1,09_simulation/raw/v14_203.npz,H200_label,H200_synthetic_proxy,H200_persistence,0..29 (T001..T030),causal_previous_load_plus_deterministic_noise_proxy_not_trained_head,synthetic_preexperiment_reference
eph_physick_N2000_K100_H200_nominal_t0p05,eph_physick,5,2000,100,200,30,8,0.018023363374462625,0.00670857533523748,0.015816666666666666,0.006279198462648981,1.1395171785750868,K,1,09_simulation/raw/v14_204.npz,H200_label,H200_synthetic_proxy,H200_persistence,0..29 (T001..T030),causal_previous_load_plus_deterministic_noise_proxy_not_trained_head,synthetic_preexperiment_reference
eph_physick_N500_K100_H200_nominal_t0p05,eph_physick,1,500,100,200,30,8,0.03663425767545218,0.01642420863313585,0.03444333333333333,0.015831955535939142,1.063609532820638,K,1,09_simulation/raw/v14_205.npz,H200_label,H200_synthetic_proxy,H200_persistence,0..29 (T001..T030),causal_previous_load_plus_deterministic_noise_proxy_not_trained_head,synthetic_preexperiment_reference
eph_physick_N500_K100_H200_nominal_t0p05,eph_physick,2,500,100,200,30,8,0.037144377343651294,0.016320976095741357,0.03443,0.015508065754576741,1.0788375644394799,K,1,09_simulation/raw/v14_206.npz,H200_label,H200_synthetic_proxy,H200_persistence,0..29 (T001..T030),causal_previous_load_plus_deterministic_noise_proxy_not_trained_head,synthetic_preexperiment_reference
eph_physick_N500_K100_H200_nominal_t0p05,eph_physick,3,500,100,200,30,8,0.03446842591621916,0.01488452126918088,0.03158333333333333,0.015043089450970007,1.0913485778222427,K,1,09_simulation/raw/v14_207.npz,H200_label,H200_synthetic_proxy,H200_persistence,0..29 (T001..T030),causal_previous_load_plus_deterministic_noise_proxy_not_trained_head,synthetic_preexperiment_reference
eph_physick_N500_K100_H200_nominal_t0p05,eph_physick,4,500,100,200,30,8,0.0372921476808082,0.015659212394285495,0.03467,0.01550085982042331,1.0756316031383963,K,1,09_simulation/raw/v14_208.npz,H200_label,H200_synthetic_proxy,H200_persistence,0..29 (T001..T030),causal_previous_load_plus_deterministic_noise_proxy_not_trained_head,synthetic_preexperiment_reference
eph_physick_N500_K100_H200_nominal_t0p05,eph_physick,5,500,100,200,30,8,0.03564753578354536,0.015291668546275396,0.033876666666666666,0.015855504501229398,1.0522740071891772,K,1,09_simulation/raw/v14_209.npz,H200_label,H200_synthetic_proxy,H200_persistence,0..29 (T001..T030),causal_previous_load_plus_deterministic_noise_proxy_not_trained_head,synthetic_preexperiment_reference
eph_physick_N1000_K100_H200_nominal_t0p05,eph_physick,1,1000,100,200,30,8,0.024991903879143334,0.0084089978991064,0.022753333333333334,0.008722532585931891,1.0983842900297391,K,1,09_simulation/raw/v14_210.npz,H200_label,H200_synthetic_proxy,H200_persistence,0..29 (T001..T030),causal_previous_load_plus_deterministic_noise_proxy_not_trained_head,synthetic_preexperiment_reference
eph_physick_N1000_K100_H200_nominal_t0p05,eph_physick,2,1000,100,200,30,8,0.024415350774966454,0.009115080827353513,0.022150000000000003,0.00922290065823785,1.1022731726847157,K,1,09_simulation/raw/v14_211.npz,H200_label,H200_synthetic_proxy,H200_persistence,0..29 (T001..T030),causal_previous_load_plus_deterministic_noise_proxy_not_trained_head,synthetic_preexperiment_reference
eph_physick_N1000_K100_H200_nominal_t0p05,eph_physick,3,1000,100,200,30,8,0.025726343143828028,0.010650067969360024,0.023436666666666668,0.009786249443015418,1.0976963366730774,K,1,09_simulation/raw/v14_212.npz,H200_label,H200_synthetic_proxy,H200_persistence,0..29 (T001..T030),causal_previous_load_plus_deterministic_noise_proxy_not_trained_head,synthetic_preexperiment_reference
eph_physick_N1000_K100_H200_nominal_t0p05,eph_physick,4,1000,100,200,30,8,0.026363965666034918,0.010836771986035608,0.024546666666666668,0.010172774121808337,1.07403445135938,K,1,09_simulation/raw/v14_213.npz,H200_label,H200_synthetic_proxy,H200_persistence,0..29 (T001..T030),causal_previous_load_plus_deterministic_noise_proxy_not_trained_head,synthetic_preexperiment_reference
eph_physick_N1000_K100_H200_nominal_t0p05,eph_physick,5,1000,100,200,30,8,0.024667848431394277,0.009107084880933996,0.02279666666666667,0.008711050585253802,1.0820813758470949,K,1,09_simulation/raw/v14_214.npz,H200_label,H200_synthetic_proxy,H200_persistence,0..29 (T001..T030),causal_previous_load_plus_deterministic_noise_proxy_not_trained_head,synthetic_preexperiment_reference
full_N2000_K100_H200_nominal_t0p1,full,1,2000,100,200,30,8,0.017380385254830526,0.0066732181228516835,0.01582,0.006540294204075385,1.0986337076378334,K,1,09_simulation/raw/v14_215.npz,H200_label,H200_synthetic_proxy,H200_persistence,0..29 (T001..T030),causal_previous_load_plus_deterministic_noise_proxy_not_trained_head,synthetic_preexperiment_reference
full_N2000_K100_H200_nominal_t0p1,full,2,2000,100,200,30,8,0.016769209758901105,0.006504974112375525,0.014996666666666667,0.0065241981054793416,1.1181958052167886,K,1,09_simulation/raw/v14_216.npz,H200_label,H200_synthetic_proxy,H200_persistence,0..29 (T001..T030),causal_previous_load_plus_deterministic_noise_proxy_not_trained_head,synthetic_preexperiment_reference
full_N2000_K100_H200_nominal_t0p1,full,3,2000,100,200,30,8,0.015999591480542055,0.006200798081426573,0.013716666666666669,0.005953618623378867,1.1664343728220208,K,1,09_simulation/raw/v14_217.npz,H200_label,H200_synthetic_proxy,H200_persistence,0..29 (T001..T030),causal_previous_load_plus_deterministic_noise_proxy_not_trained_head,synthetic_preexperiment_reference
full_N2000_K100_H200_nominal_t0p1,full,4,2000,100,200,30,8,0.016664238976572706,0.006223962676516185,0.014633333333333335,0.006325500298236378,1.138786262635948,K,1,09_simulation/raw/v14_218.npz,H200_label,H200_synthetic_proxy,H200_persistence,0..29 (T001..T030),causal_previous_load_plus_deterministic_noise_proxy_not_trained_head,synthetic_preexperiment_reference
full_N2000_K100_H200_nominal_t0p1,full,5,2000,100,200,30,8,0.015453605295024249,0.005927648772555709,0.013716666666666669,0.005953618623378867,1.126629790645753,K,1,09_simulation/raw/v14_219.npz,H200_label,H200_synthetic_proxy,H200_persistence,0..29 (T001..T030),causal_previous_load_plus_deterministic_noise_proxy_not_trained_head,synthetic_preexperiment_reference
full_N2000_K100_H200_nominal_t0p2,full,1,2000,100,200,30,8,0.014460994830033309,0.0059483095388933255,0.0128,0.005847840745036611,1.1297652210963522,K,1,09_simulation/raw/v14_220.npz,H200_label,H200_synthetic_proxy,H200_persistence,0..29 (T001..T030),causal_previous_load_plus_deterministic_noise_proxy_not_trained_head,synthetic_preexperiment_reference
full_N2000_K100_H200_nominal_t0p2,full,2,2000,100,200,30,8,0.014136313016418179,0.006414028592252589,0.01225,0.006257009862050172,1.153984736034137,K,1,09_simulation/raw/v14_221.npz,H200_label,H200_synthetic_proxy,H200_persistence,0..29 (T001..T030),causal_previous_load_plus_deterministic_noise_proxy_not_trained_head,synthetic_preexperiment_reference
full_N2000_K100_H200_nominal_t0p2,full,3,2000,100,200,30,8,0.014148878456245502,0.0064992177090487145,0.011976666666666667,0.00625535265045938,1.181370313630295,K,1,09_simulation/raw/v14_222.npz,H200_label,H200_synthetic_proxy,H200_persistence,0..29 (T001..T030),causal_previous_load_plus_deterministic_noise_proxy_not_trained_head,synthetic_preexperiment_reference
full_N2000_K100_H200_nominal_t0p2,full,4,2000,100,200,30,8,0.014425268204655041,0.006492966078900662,0.012310000000000001,0.006295118524807877,1.1718333228801818,K,1,09_simulation/raw/v14_223.npz,H200_label,H200_synthetic_proxy,H200_persistence,0..29 (T001..T030),causal_previous_load_plus_deterministic_noise_proxy_not_trained_head,synthetic_preexperiment_reference
full_N2000_K100_H200_nominal_t0p2,full,5,2000,100,200,30,8,0.013806796956512412,0.00620065406965856,0.011976666666666667,0.00625535265045938,1.1528079841229402,K,1,09_simulation/raw/v14_224.npz,H200_label,H200_synthetic_proxy,H200_persistence,0..29 (T001..T030),causal_previous_load_plus_deterministic_noise_proxy_not_trained_head,synthetic_preexperiment_reference
full_N2000_K100_H200_nominal_t0p3,full,1,2000,100,200,30,8,0.011999640040070984,0.0046395317375048355,0.010180000000000002,0.004466225745950725,1.1787465658222969,K,1,09_simulation/raw/v14_225.npz,H200_label,H200_synthetic_proxy,H200_persistence,0..29 (T001..T030),causal_previous_load_plus_deterministic_noise_proxy_not_trained_head,synthetic_preexperiment_reference
full_N2000_K100_H200_nominal_t0p3,full,2,2000,100,200,30,8,0.011599656478377383,0.004856273379404617,0.009573333333333335,0.004700618692465283,1.2116632811675536,K,1,09_simulation/raw/v14_226.npz,H200_label,H200_synthetic_proxy,H200_persistence,0..29 (T001..T030),causal_previous_load_plus_deterministic_noise_proxy_not_trained_head,synthetic_preexperiment_reference
full_N2000_K100_H200_nominal_t0p3,full,3,2000,100,200,30,8,0.0109965337992163,0.004371577464724722,0.008856666666666667,0.004341117235294932,1.2416108918949529,K,1,09_simulation/raw/v14_227.npz,H200_label,H200_synthetic_proxy,H200_persistence,0..29 (T001..T030),causal_previous_load_plus_deterministic_noise_proxy_not_trained_head,synthetic_preexperiment_reference
full_N2000_K100_H200_nominal_t0p3,full,4,2000,100,200,30,8,0.01134384604498131,0.004659544084616788,0.00936,0.0047486912897678705,1.2119493637800545,K,1,09_simulation/raw/v14_228.npz,H200_label,H200_synthetic_proxy,H200_persistence,0..29 (T001..T030),causal_previous_load_plus_deterministic_noise_proxy_not_trained_head,synthetic_preexperiment_reference
full_N2000_K100_H200_nominal_t0p3,full,5,2000,100,200,30,8,0.01071937750919801,0.004312313591247518,0.008856666666666667,0.004341117235294932,1.2103173702519394,K,1,09_simulation/raw/v14_229.npz,H200_label,H200_synthetic_proxy,H200_persistence,0..29 (T001..T030),causal_previous_load_plus_deterministic_noise_proxy_not_trained_head,synthetic_preexperiment_reference
full_N2000_K100_H200_w_out_0p5_t0p05,full,1,2000,100,200,30,8,0.016992981772582808,0.006602443042226228,0.015550000000000001,0.006494122010684368,1.0927962554715631,K,1,09_simulation/raw/v14_236.npz,H200_label,H200_synthetic_proxy,H200_persistence,0..29 (T001..T030),causal_previous_load_plus_deterministic_noise_proxy_not_trained_head,synthetic_preexperiment_reference
full_N2000_K100_H200_w_out_0p5_t0p05,full,2,2000,100,200,30,8,0.01799368791977899,0.006158908087808865,0.01609,0.006019757699328163,1.1183149732615905,K,1,09_simulation/raw/v14_237.npz,H200_label,H200_synthetic_proxy,H200_persistence,0..29 (T001..T030),causal_previous_load_plus_deterministic_noise_proxy_not_trained_head,synthetic_preexperiment_reference
full_N2000_K100_H200_w_out_0p5_t0p05,full,3,2000,100,200,30,8,0.017823191404464873,0.006403106649162874,0.015753333333333334,0.006381154005098264,1.1313917522935806,K,1,09_simulation/raw/v14_238.npz,H200_label,H200_synthetic_proxy,H200_persistence,0..29 (T001..T030),causal_previous_load_plus_deterministic_noise_proxy_not_trained_head,synthetic_preexperiment_reference
full_N2000_K100_H200_w_out_0p5_t0p05,full,4,2000,100,200,30,8,0.016670511862990695,0.006245761910137505,0.014636666666666668,0.0063259445707849575,1.1389554905254402,K,1,09_simulation/raw/v14_239.npz,H200_label,H200_synthetic_proxy,H200_persistence,0..29 (T001..T030),causal_previous_load_plus_deterministic_noise_proxy_not_trained_head,synthetic_preexperiment_reference
full_N2000_K100_H200_w_out_0p5_t0p05,full,5,2000,100,200,30,8,0.01743157698777039,0.0063555918091882276,0.015653333333333335,0.006418009860908025,1.1136015963226398,K,1,09_simulation/raw/v14_240.npz,H200_label,H200_synthetic_proxy,H200_persistence,0..29 (T001..T030),causal_previous_load_plus_deterministic_noise_proxy_not_trained_head,synthetic_preexperiment_reference
full_N2000_K100_H200_w_out_0p75_t0p05,full,1,2000,100,200,30,8,0.01592188423238257,0.006166494467413078,0.01438,0.006130669086508899,1.107224216438287,K,1,09_simulation/raw/v14_241.npz,H200_label,H200_synthetic_proxy,H200_persistence,0..29 (T001..T030),causal_previous_load_plus_deterministic_noise_proxy_not_trained_head,synthetic_preexperiment_reference
full_N2000_K100_H200_w_out_0p75_t0p05,full,2,2000,100,200,30,8,0.017686656583265056,0.007009249309799403,0.015773333333333334,0.0067979679181423,1.1213011358790188,K,1,09_simulation/raw/v14_242.npz,H200_label,H200_synthetic_proxy,H200_persistence,0..29 (T001..T030),causal_previous_load_plus_deterministic_noise_proxy_not_trained_head,synthetic_preexperiment_reference
full_N2000_K100_H200_w_out_0p75_t0p05,full,3,2000,100,200,30,8,0.019531487824254314,0.006154156515933008,0.01762666666666667,0.006376299506947494,1.108064740407771,K,1,09_simulation/raw/v14_243.npz,H200_label,H200_synthetic_proxy,H200_persistence,0..29 (T001..T030),causal_previous_load_plus_deterministic_noise_proxy_not_trained_head,synthetic_preexperiment_reference
full_N2000_K100_H200_w_out_0p75_t0p05,full,4,2000,100,200,30,8,0.017503556218131752,0.006830864844905706,0.015573333333333335,0.006954925485276398,1.123944106472501,K,1,09_simulation/raw/v14_244.npz,H200_label,H200_synthetic_proxy,H200_persistence,0..29 (T001..T030),causal_previous_load_plus_deterministic_noise_proxy_not_trained_head,synthetic_preexperiment_reference
full_N2000_K100_H200_w_out_0p75_t0p05,full,5,2000,100,200,30,8,0.017489173536101923,0.006615866916669625,0.015746666666666666,0.006750925011118634,1.1106587766364473,K,1,09_simulation/raw/v14_245.npz,H200_label,H200_synthetic_proxy,H200_persistence,0..29 (T001..T030),causal_previous_load_plus_deterministic_noise_proxy_not_trained_head,synthetic_preexperiment_reference
full_N2000_K100_H200_w_out_1p25_t0p05,full,1,2000,100,200,30,8,0.01767870750502548,0.006966112449791368,0.0161,0.0067583409512833184,1.098056366771769,K,1,09_simulation/raw/v14_246.npz,H200_label,H200_synthetic_proxy,H200_persistence,0..29 (T001..T030),causal_previous_load_plus_deterministic_noise_proxy_not_trained_head,synthetic_preexperiment_reference
full_N2000_K100_H200_w_out_1p25_t0p05,full,2,2000,100,200,30,8,0.018580684075111462,0.006942594084695126,0.016543333333333334,0.006844815976133065,1.1231523720599312,K,1,09_simulation/raw/v14_247.npz,H200_label,H200_synthetic_proxy,H200_persistence,0..29 (T001..T030),causal_previous_load_plus_deterministic_noise_proxy_not_trained_head,synthetic_preexperiment_reference
full_N2000_K100_H200_w_out_1p25_t0p05,full,3,2000,100,200,30,8,0.018613660089530675,0.006790418865590488,0.016470000000000002,0.0068631524876666935,1.1301554395586322,K,1,09_simulation/raw/v14_248.npz,H200_label,H200_synthetic_proxy,H200_persistence,0..29 (T001..T030),causal_previous_load_plus_deterministic_noise_proxy_not_trained_head,synthetic_preexperiment_reference
full_N2000_K100_H200_w_out_1p25_t0p05,full,4,2000,100,200,30,8,0.01945157552090025,0.006755909992857059,0.0177,0.006991817878161539,1.0989590689774151,K,1,09_simulation/raw/v14_249.npz,H200_label,H200_synthetic_proxy,H200_persistence,0..29 (T001..T030),causal_previous_load_plus_deterministic_noise_proxy_not_trained_head,synthetic_preexperiment_reference
full_N2000_K100_H200_w_out_1p25_t0p05,full,5,2000,100,200,30,8,0.017209727681230778,0.006438459360952664,0.015583333333333334,0.006647119331131258,1.1043675517367344,K,1,09_simulation/raw/v14_250.npz,H200_label,H200_synthetic_proxy,H200_persistence,0..29 (T001..T030),causal_previous_load_plus_deterministic_noise_proxy_not_trained_head,synthetic_preexperiment_reference
full_N2000_K100_H200_w_out_1p5_t0p05,full,1,2000,100,200,30,8,0.018652731261032052,0.006938244062866979,0.017166666666666667,0.00694209216865931,1.0865668695746826,K,1,09_simulation/raw/v14_251.npz,H200_label,H200_synthetic_proxy,H200_persistence,0..29 (T001..T030),causal_previous_load_plus_deterministic_noise_proxy_not_trained_head,synthetic_preexperiment_reference
full_N2000_K100_H200_w_out_1p5_t0p05,full,2,2000,100,200,30,8,0.018415325677949596,0.006981954498190932,0.016406666666666667,0.006857964578569908,1.1224294399400403,K,1,09_simulation/raw/v14_252.npz,H200_label,H200_synthetic_proxy,H200_persistence,0..29 (T001..T030),causal_previous_load_plus_deterministic_noise_proxy_not_trained_head,synthetic_preexperiment_reference
full_N2000_K100_H200_w_out_1p5_t0p05,full,3,2000,100,200,30,8,0.02167662782760082,0.007374831259727078,0.019833333333333335,0.007431681173023454,1.0929392181983606,K,1,09_simulation/raw/v14_253.npz,H200_label,H200_synthetic_proxy,H200_persistence,0..29 (T001..T030),causal_previous_load_plus_deterministic_noise_proxy_not_trained_head,synthetic_preexperiment_reference
full_N2000_K100_H200_w_out_1p5_t0p05,full,4,2000,100,200,30,8,0.020586353134777552,0.007237837079999725,0.01871,0.007183906822988402,1.100286110891371,K,1,09_simulation/raw/v14_254.npz,H200_label,H200_synthetic_proxy,H200_persistence,0..29 (T001..T030),causal_previous_load_plus_deterministic_noise_proxy_not_trained_head,synthetic_preexperiment_reference
full_N2000_K100_H200_w_out_1p5_t0p05,full,5,2000,100,200,30,8,0.020276034279931646,0.007325898351906081,0.018570000000000003,0.0073105096760853775,1.091870451261801,K,1,09_simulation/raw/v14_255.npz,H200_label,H200_synthetic_proxy,H200_persistence,0..29 (T001..T030),causal_previous_load_plus_deterministic_noise_proxy_not_trained_head,synthetic_preexperiment_reference
full_N2000_K100_H200_w_ho_0p5_t0p05,full,1,2000,100,200,30,8,0.02225665547083699,0.006673609285622782,0.020893333333333333,0.006665191790878595,1.0652515381702452,K,1,09_simulation/raw/v14_256.npz,H200_label,H200_synthetic_proxy,H200_persistence,0..29 (T001..T030),causal_previous_load_plus_deterministic_noise_proxy_not_trained_head,synthetic_preexperiment_reference
full_N2000_K100_H200_w_ho_0p5_t0p05,full,2,2000,100,200,30,8,0.02139940456571126,0.006673942037558598,0.019866666666666668,0.006790730666762285,1.0771512365290903,K,1,09_simulation/raw/v14_257.npz,H200_label,H200_synthetic_proxy,H200_persistence,0..29 (T001..T030),causal_previous_load_plus_deterministic_noise_proxy_not_trained_head,synthetic_preexperiment_reference
full_N2000_K100_H200_w_ho_0p5_t0p05,full,3,2000,100,200,30,8,0.02386434809423657,0.006594693771776637,0.022103333333333336,0.0066401331173472685,1.079671908953547,K,1,09_simulation/raw/v14_258.npz,H200_label,H200_synthetic_proxy,H200_persistence,0..29 (T001..T030),causal_previous_load_plus_deterministic_noise_proxy_not_trained_head,synthetic_preexperiment_reference
full_N2000_K100_H200_w_ho_0p5_t0p05,full,4,2000,100,200,30,8,0.022935424620738273,0.006595621630241195,0.021086666666666667,0.0066165275471057475,1.0876742627602722,K,1,09_simulation/raw/v14_259.npz,H200_label,H200_synthetic_proxy,H200_persistence,0..29 (T001..T030),causal_previous_load_plus_deterministic_noise_proxy_not_trained_head,synthetic_preexperiment_reference
full_N2000_K100_H200_w_ho_0p5_t0p05,full,5,2000,100,200,30,8,0.02347339063775839,0.0068810721181482085,0.021856666666666667,0.006922461358820851,1.073969374916504,K,1,09_simulation/raw/v14_260.npz,H200_label,H200_synthetic_proxy,H200_persistence,0..29 (T001..T030),causal_previous_load_plus_deterministic_noise_proxy_not_trained_head,synthetic_preexperiment_reference
full_N2000_K100_H200_w_ho_0p75_t0p05,full,1,2000,100,200,30,8,0.020285683464968913,0.007164289836290052,0.018913333333333334,0.007301050152774828,1.072559929413231,K,1,09_simulation/raw/v14_261.npz,H200_label,H200_synthetic_proxy,H200_persistence,0..29 (T001..T030),causal_previous_load_plus_deterministic_noise_proxy_not_trained_head,synthetic_preexperiment_reference
full_N2000_K100_H200_w_ho_0p75_t0p05,full,2,2000,100,200,30,8,0.019049512992717385,0.006693847721406538,0.017143333333333333,0.006727539045534809,1.1111907248328243,K,1,09_simulation/raw/v14_262.npz,H200_label,H200_synthetic_proxy,H200_persistence,0..29 (T001..T030),causal_previous_load_plus_deterministic_noise_proxy_not_trained_head,synthetic_preexperiment_reference
full_N2000_K100_H200_w_ho_0p75_t0p05,full,3,2000,100,200,30,8,0.020512983493446255,0.007376039599315339,0.018600000000000002,0.007372268635066563,1.1028485749164652,K,1,09_simulation/raw/v14_263.npz,H200_label,H200_synthetic_proxy,H200_persistence,0..29 (T001..T030),causal_previous_load_plus_deterministic_noise_proxy_not_trained_head,synthetic_preexperiment_reference
full_N2000_K100_H200_w_ho_0p75_t0p05,full,4,2000,100,200,30,8,0.021728390979870907,0.007369560274449981,0.0198,0.00752994023880668,1.097393483831864,K,1,09_simulation/raw/v14_264.npz,H200_label,H200_synthetic_proxy,H200_persistence,0..29 (T001..T030),causal_previous_load_plus_deterministic_noise_proxy_not_trained_head,synthetic_preexperiment_reference
full_N2000_K100_H200_w_ho_0p75_t0p05,full,5,2000,100,200,30,8,0.018917273073313933,0.006666098930761158,0.01734666666666667,0.0067280541498770784,1.090542260183355,K,1,09_simulation/raw/v14_265.npz,H200_label,H200_synthetic_proxy,H200_persistence,0..29 (T001..T030),causal_previous_load_plus_deterministic_noise_proxy_not_trained_head,synthetic_preexperiment_reference
full_N2000_K100_H200_w_ho_1p25_t0p05,full,1,2000,100,200,30,8,0.016087201728969647,0.00646736180982804,0.014643333333333335,0.006587275263893171,1.0986024399478473,K,1,09_simulation/raw/v14_266.npz,H200_label,H200_synthetic_proxy,H200_persistence,0..29 (T001..T030),causal_previous_load_plus_deterministic_noise_proxy_not_trained_head,synthetic_preexperiment_reference
full_N2000_K100_H200_w_ho_1p25_t0p05,full,2,2000,100,200,30,8,0.016349242758347562,0.006317317750143928,0.014603333333333334,0.006280099018181236,1.119555541544001,K,1,09_simulation/raw/v14_267.npz,H200_label,H200_synthetic_proxy,H200_persistence,0..29 (T001..T030),causal_previous_load_plus_deterministic_noise_proxy_not_trained_head,synthetic_preexperiment_reference
full_N2000_K100_H200_w_ho_1p25_t0p05,full,3,2000,100,200,30,8,0.017102142791453376,0.006443027797788684,0.015103333333333333,0.006501431318979099,1.132342272662991,K,1,09_simulation/raw/v14_268.npz,H200_label,H200_synthetic_proxy,H200_persistence,0..29 (T001..T030),causal_previous_load_plus_deterministic_noise_proxy_not_trained_head,synthetic_preexperiment_reference
full_N2000_K100_H200_w_ho_1p25_t0p05,full,4,2000,100,200,30,8,0.016691323826182995,0.006602229243266072,0.014643333333333335,0.006587275263893171,1.1398582171306393,K,1,09_simulation/raw/v14_269.npz,H200_label,H200_synthetic_proxy,H200_persistence,0..29 (T001..T030),causal_previous_load_plus_deterministic_noise_proxy_not_trained_head,synthetic_preexperiment_reference
full_N2000_K100_H200_w_ho_1p25_t0p05,full,5,2000,100,200,30,8,0.016722037857802276,0.0064330997678779984,0.014866666666666667,0.006506089101933577,1.1248007527669692,K,1,09_simulation/raw/v14_270.npz,H200_label,H200_synthetic_proxy,H200_persistence,0..29 (T001..T030),causal_previous_load_plus_deterministic_noise_proxy_not_trained_head,synthetic_preexperiment_reference
full_N2000_K100_H200_w_ho_1p5_t0p05,full,1,2000,100,200,30,8,0.014469296965099437,0.006526012999346014,0.012886666666666668,0.006647049297832543,1.12281145616395,K,1,09_simulation/raw/v14_271.npz,H200_label,H200_synthetic_proxy,H200_persistence,0..29 (T001..T030),causal_previous_load_plus_deterministic_noise_proxy_not_trained_head,synthetic_preexperiment_reference
full_N2000_K100_H200_w_ho_1p5_t0p05,full,2,2000,100,200,30,8,0.01508547516322968,0.006846388948924903,0.013203333333333334,0.006711826070109557,1.1425505046626871,K,1,09_simulation/raw/v14_272.npz,H200_label,H200_synthetic_proxy,H200_persistence,0..29 (T001..T030),causal_previous_load_plus_deterministic_noise_proxy_not_trained_head,synthetic_preexperiment_reference
full_N2000_K100_H200_w_ho_1p5_t0p05,full,3,2000,100,200,30,8,0.0172020335800735,0.00558445559719973,0.015123333333333336,0.005674910501091829,1.1374498730487215,K,1,09_simulation/raw/v14_273.npz,H200_label,H200_synthetic_proxy,H200_persistence,0..29 (T001..T030),causal_previous_load_plus_deterministic_noise_proxy_not_trained_head,synthetic_preexperiment_reference
full_N2000_K100_H200_w_ho_1p5_t0p05,full,4,2000,100,200,30,8,0.01648306410121624,0.005562559375576236,0.014423333333333335,0.005483057499263516,1.1428054611427942,K,1,09_simulation/raw/v14_274.npz,H200_label,H200_synthetic_proxy,H200_persistence,0..29 (T001..T030),causal_previous_load_plus_deterministic_noise_proxy_not_trained_head,synthetic_preexperiment_reference
full_N2000_K100_H200_w_ho_1p5_t0p05,full,5,2000,100,200,30,8,0.01567209885770871,0.005972637410085511,0.013743333333333335,0.006012898969963531,1.1403419008762095,K,1,09_simulation/raw/v14_275.npz,H200_label,H200_synthetic_proxy,H200_persistence,0..29 (T001..T030),causal_previous_load_plus_deterministic_noise_proxy_not_trained_head,synthetic_preexperiment_reference
full_N2000_K100_H200_w_load_0p5_t0p05,full,1,2000,100,200,30,8,0.017829411310817098,0.006708658277957608,0.015620000000000002,0.006030005432604633,1.1414475871201726,K,1,09_simulation/raw/v14_276.npz,H200_label,H200_synthetic_proxy,H200_persistence,0..29 (T001..T030),causal_previous_load_plus_deterministic_noise_proxy_not_trained_head,synthetic_preexperiment_reference
full_N2000_K100_H200_w_load_0p5_t0p05,full,2,2000,100,200,30,8,0.016369059994955623,0.005688520221038966,0.014383333333333335,0.005837576453510029,1.1380574735774476,K,1,09_simulation/raw/v14_277.npz,H200_label,H200_synthetic_proxy,H200_persistence,0..29 (T001..T030),causal_previous_load_plus_deterministic_noise_proxy_not_trained_head,synthetic_preexperiment_reference
full_N2000_K100_H200_w_load_0p5_t0p05,full,3,2000,100,200,30,8,0.01691302168877604,0.0050750062990697585,0.015120000000000001,0.0057217311101232056,1.1185860905275158,K,1,09_simulation/raw/v14_278.npz,H200_label,H200_synthetic_proxy,H200_persistence,0..29 (T001..T030),causal_previous_load_plus_deterministic_noise_proxy_not_trained_head,synthetic_preexperiment_reference
full_N2000_K100_H200_w_load_0p5_t0p05,full,4,2000,100,200,30,8,0.016192171588489013,0.005307942108820065,0.01471,0.006002892980716135,1.1007594553697493,K,1,09_simulation/raw/v14_279.npz,H200_label,H200_synthetic_proxy,H200_persistence,0..29 (T001..T030),causal_previous_load_plus_deterministic_noise_proxy_not_trained_head,synthetic_preexperiment_reference
full_N2000_K100_H200_w_load_0p5_t0p05,full,5,2000,100,200,30,8,0.018002548486736956,0.007112234902826697,0.016333333333333335,0.006810050044544123,1.1021968461267524,K,1,09_simulation/raw/v14_280.npz,H200_label,H200_synthetic_proxy,H200_persistence,0..29 (T001..T030),causal_previous_load_plus_deterministic_noise_proxy_not_trained_head,synthetic_preexperiment_reference
full_N2000_K100_H200_w_load_0p75_t0p05,full,1,2000,100,200,30,8,0.017570716080851947,0.005939246741401244,0.015106666666666668,0.005769834356872572,1.163110067134948,K,1,09_simulation/raw/v14_281.npz,H200_label,H200_synthetic_proxy,H200_persistence,0..29 (T001..T030),causal_previous_load_plus_deterministic_noise_proxy_not_trained_head,synthetic_preexperiment_reference
full_N2000_K100_H200_w_load_0p75_t0p05,full,2,2000,100,200,30,8,0.018856858245970658,0.006586955552030961,0.016790000000000003,0.006629835905807251,1.1231005506831837,K,1,09_simulation/raw/v14_282.npz,H200_label,H200_synthetic_proxy,H200_persistence,0..29 (T001..T030),causal_previous_load_plus_deterministic_noise_proxy_not_trained_head,synthetic_preexperiment_reference
full_N2000_K100_H200_w_load_0p75_t0p05,full,3,2000,100,200,30,8,0.018580095885857732,0.005934368590686708,0.017230000000000002,0.0063560533189317625,1.0783572771826888,K,1,09_simulation/raw/v14_283.npz,H200_label,H200_synthetic_proxy,H200_persistence,0..29 (T001..T030),causal_previous_load_plus_deterministic_noise_proxy_not_trained_head,synthetic_preexperiment_reference
full_N2000_K100_H200_w_load_0p75_t0p05,full,4,2000,100,200,30,8,0.0177474846607177,0.0064531553161219545,0.01649666666666667,0.006701028399372399,1.0758224688250777,K,1,09_simulation/raw/v14_284.npz,H200_label,H200_synthetic_proxy,H200_persistence,0..29 (T001..T030),causal_previous_load_plus_deterministic_noise_proxy_not_trained_head,synthetic_preexperiment_reference
full_N2000_K100_H200_w_load_0p75_t0p05,full,5,2000,100,200,30,8,0.01640346212407057,0.006018566259609551,0.01484,0.005486195842985028,1.105354590570793,K,1,09_simulation/raw/v14_285.npz,H200_label,H200_synthetic_proxy,H200_persistence,0..29 (T001..T030),causal_previous_load_plus_deterministic_noise_proxy_not_trained_head,synthetic_preexperiment_reference
full_N2000_K100_H200_w_load_1p25_t0p05,full,1,2000,100,200,30,8,0.018445662499915062,0.005964911702065849,0.016826666666666667,0.0060225400377039535,1.0962160756684862,K,1,09_simulation/raw/v14_286.npz,H200_label,H200_synthetic_proxy,H200_persistence,0..29 (T001..T030),causal_previous_load_plus_deterministic_noise_proxy_not_trained_head,synthetic_preexperiment_reference
full_N2000_K100_H200_w_load_1p25_t0p05,full,2,2000,100,200,30,8,0.01913582392404844,0.006222611574305772,0.017396666666666668,0.0062899198686488045,1.099970717994737,K,1,09_simulation/raw/v14_287.npz,H200_label,H200_synthetic_proxy,H200_persistence,0..29 (T001..T030),causal_previous_load_plus_deterministic_noise_proxy_not_trained_head,synthetic_preexperiment_reference
full_N2000_K100_H200_w_load_1p25_t0p05,full,3,2000,100,200,30,8,0.019415751749546708,0.006451045964628824,0.017646666666666668,0.006408062450367982,1.100250382482813,K,1,09_simulation/raw/v14_288.npz,H200_label,H200_synthetic_proxy,H200_persistence,0..29 (T001..T030),causal_previous_load_plus_deterministic_noise_proxy_not_trained_head,synthetic_preexperiment_reference
full_N2000_K100_H200_w_load_1p25_t0p05,full,4,2000,100,200,30,8,0.018360487759643093,0.0065001977045251345,0.01650666666666667,0.006217712925424309,1.1123074167796703,K,1,09_simulation/raw/v14_289.npz,H200_label,H200_synthetic_proxy,H200_persistence,0..29 (T001..T030),causal_previous_load_plus_deterministic_noise_proxy_not_trained_head,synthetic_preexperiment_reference
full_N2000_K100_H200_w_load_1p25_t0p05,full,5,2000,100,200,30,8,0.01837170666740808,0.006258488701537206,0.016763333333333335,0.006096549806261726,1.0959459137447651,K,1,09_simulation/raw/v14_290.npz,H200_label,H200_synthetic_proxy,H200_persistence,0..29 (T001..T030),causal_previous_load_plus_deterministic_noise_proxy_not_trained_head,synthetic_preexperiment_reference
full_N2000_K100_H200_w_load_1p5_t0p05,full,1,2000,100,200,30,8,0.017387988632899882,0.005117554374268885,0.015686666666666668,0.005247839183126139,1.108456563933269,K,1,09_simulation/raw/v14_291.npz,H200_label,H200_synthetic_proxy,H200_persistence,0..29 (T001..T030),causal_previous_load_plus_deterministic_noise_proxy_not_trained_head,synthetic_preexperiment_reference
full_N2000_K100_H200_w_load_1p5_t0p05,full,2,2000,100,200,30,8,0.0177024844908949,0.0051308649058309985,0.01645,0.005454435082477884,1.0761388748264376,K,1,09_simulation/raw/v14_292.npz,H200_label,H200_synthetic_proxy,H200_persistence,0..29 (T001..T030),causal_previous_load_plus_deterministic_noise_proxy_not_trained_head,synthetic_preexperiment_reference
full_N2000_K100_H200_w_load_1p5_t0p05,full,3,2000,100,200,30,8,0.016729390269651145,0.005358052360266425,0.015233333333333335,0.005269583071470307,1.09820942689176,K,1,09_simulation/raw/v14_293.npz,H200_label,H200_synthetic_proxy,H200_persistence,0..29 (T001..T030),causal_previous_load_plus_deterministic_noise_proxy_not_trained_head,synthetic_preexperiment_reference
full_N2000_K100_H200_w_load_1p5_t0p05,full,4,2000,100,200,30,8,0.017237054957155037,0.005718631672762892,0.015563333333333335,0.005317666284437533,1.107542618793427,K,1,09_simulation/raw/v14_294.npz,H200_label,H200_synthetic_proxy,H200_persistence,0..29 (T001..T030),causal_previous_load_plus_deterministic_noise_proxy_not_trained_head,synthetic_preexperiment_reference
full_N2000_K100_H200_w_load_1p5_t0p05,full,5,2000,100,200,30,8,0.018937985911566566,0.005650142766204021,0.01692,0.005332360543466397,1.1192663068301751,K,1,09_simulation/raw/v14_295.npz,H200_label,H200_synthetic_proxy,H200_persistence,0..29 (T001..T030),causal_previous_load_plus_deterministic_noise_proxy_not_trained_head,synthetic_preexperiment_reference
full_N2000_K100_H200_w_rate_0p5_t0p05,full,1,2000,100,200,30,8,0.01836974663573114,0.006125542085500824,0.016643333333333336,0.006223851969105093,1.1037300201721092,K,1,09_simulation/raw/v14_296.npz,H200_label,H200_synthetic_proxy,H200_persistence,0..29 (T001..T030),causal_previous_load_plus_deterministic_noise_proxy_not_trained_head,synthetic_preexperiment_reference
full_N2000_K100_H200_w_rate_0p5_t0p05,full,2,2000,100,200,30,8,0.017113632045131024,0.00611092515419444,0.015173333333333334,0.006033123130903568,1.127875574151869,K,1,09_simulation/raw/v14_297.npz,H200_label,H200_synthetic_proxy,H200_persistence,0..29 (T001..T030),causal_previous_load_plus_deterministic_noise_proxy_not_trained_head,synthetic_preexperiment_reference
full_N2000_K100_H200_w_rate_0p5_t0p05,full,3,2000,100,200,30,8,0.01813641132001951,0.006470732339870972,0.016200000000000003,0.006351974984750534,1.1195315629641671,K,1,09_simulation/raw/v14_298.npz,H200_label,H200_synthetic_proxy,H200_persistence,0..29 (T001..T030),causal_previous_load_plus_deterministic_noise_proxy_not_trained_head,synthetic_preexperiment_reference
full_N2000_K100_H200_w_rate_0p5_t0p05,full,4,2000,100,200,30,8,0.017674002643822365,0.00651752623015385,0.015723333333333336,0.0062870794345301515,1.1240620718988146,K,1,09_simulation/raw/v14_299.npz,H200_label,H200_synthetic_proxy,H200_persistence,0..29 (T001..T030),causal_previous_load_plus_deterministic_noise_proxy_not_trained_head,synthetic_preexperiment_reference
full_N2000_K100_H200_w_rate_0p5_t0p05,full,5,2000,100,200,30,8,0.018568358727127136,0.0062350638836493645,0.01693,0.005983606915911,1.0967725178456667,K,1,09_simulation/raw/v14_300.npz,H200_label,H200_synthetic_proxy,H200_persistence,0..29 (T001..T030),causal_previous_load_plus_deterministic_noise_proxy_not_trained_head,synthetic_preexperiment_reference
full_N2000_K100_H200_w_rate_0p75_t0p05,full,1,2000,100,200,30,8,0.01812642592646686,0.006403459225136993,0.01592,0.006086298915002337,1.138594593371034,K,1,09_simulation/raw/v14_301.npz,H200_label,H200_synthetic_proxy,H200_persistence,0..29 (T001..T030),causal_previous_load_plus_deterministic_noise_proxy_not_trained_head,synthetic_preexperiment_reference
full_N2000_K100_H200_w_rate_0p75_t0p05,full,2,2000,100,200,30,8,0.018573290112260606,0.005850898224375621,0.016900000000000002,0.005791849207410299,1.0990112492461896,K,1,09_simulation/raw/v14_302.npz,H200_label,H200_synthetic_proxy,H200_persistence,0..29 (T001..T030),causal_previous_load_plus_deterministic_noise_proxy_not_trained_head,synthetic_preexperiment_reference
full_N2000_K100_H200_w_rate_0p75_t0p05,full,3,2000,100,200,30,8,0.01622314410808862,0.005583574964081674,0.014833333333333334,0.005960810713973066,1.0936951084104687,K,1,09_simulation/raw/v14_303.npz,H200_label,H200_synthetic_proxy,H200_persistence,0..29 (T001..T030),causal_previous_load_plus_deterministic_noise_proxy_not_trained_head,synthetic_preexperiment_reference
full_N2000_K100_H200_w_rate_0p75_t0p05,full,4,2000,100,200,30,8,0.01664920421449821,0.005627221240587144,0.015256666666666667,0.005901939092999119,1.09127403634465,K,1,09_simulation/raw/v14_304.npz,H200_label,H200_synthetic_proxy,H200_persistence,0..29 (T001..T030),causal_previous_load_plus_deterministic_noise_proxy_not_trained_head,synthetic_preexperiment_reference
full_N2000_K100_H200_w_rate_0p75_t0p05,full,5,2000,100,200,30,8,0.019278465359660865,0.005927059763814943,0.017490000000000002,0.005609065937360264,1.1022564528107983,K,1,09_simulation/raw/v14_305.npz,H200_label,H200_synthetic_proxy,H200_persistence,0..29 (T001..T030),causal_previous_load_plus_deterministic_noise_proxy_not_trained_head,synthetic_preexperiment_reference
full_N2000_K100_H200_w_rate_1p25_t0p05,full,1,2000,100,200,30,8,0.017682941144399986,0.0062627672056667924,0.01576666666666667,0.006557140531818957,1.1215396074672295,K,1,09_simulation/raw/v14_306.npz,H200_label,H200_synthetic_proxy,H200_persistence,0..29 (T001..T030),causal_previous_load_plus_deterministic_noise_proxy_not_trained_head,synthetic_preexperiment_reference
full_N2000_K100_H200_w_rate_1p25_t0p05,full,2,2000,100,200,30,8,0.017319447141678393,0.00607215402903481,0.015946666666666668,0.006532767979292114,1.0860857321286617,K,1,09_simulation/raw/v14_307.npz,H200_label,H200_synthetic_proxy,H200_persistence,0..29 (T001..T030),causal_previous_load_plus_deterministic_noise_proxy_not_trained_head,synthetic_preexperiment_reference
full_N2000_K100_H200_w_rate_1p25_t0p05,full,3,2000,100,200,30,8,0.01704847418907197,0.006412547770236643,0.015696666666666668,0.006504824911282146,1.0861206746064114,K,1,09_simulation/raw/v14_308.npz,H200_label,H200_synthetic_proxy,H200_persistence,0..29 (T001..T030),causal_previous_load_plus_deterministic_noise_proxy_not_trained_head,synthetic_preexperiment_reference
full_N2000_K100_H200_w_rate_1p25_t0p05,full,4,2000,100,200,30,8,0.017442348642653316,0.0068649878962972356,0.0158,0.0066049093548819346,1.1039461166236275,K,1,09_simulation/raw/v14_309.npz,H200_label,H200_synthetic_proxy,H200_persistence,0..29 (T001..T030),causal_previous_load_plus_deterministic_noise_proxy_not_trained_head,synthetic_preexperiment_reference
full_N2000_K100_H200_w_rate_1p25_t0p05,full,5,2000,100,200,30,8,0.021525184763367986,0.007064718600534297,0.01959666666666667,0.006699844740009271,1.0984105169264153,K,1,09_simulation/raw/v14_310.npz,H200_label,H200_synthetic_proxy,H200_persistence,0..29 (T001..T030),causal_previous_load_plus_deterministic_noise_proxy_not_trained_head,synthetic_preexperiment_reference
full_N2000_K100_H200_w_rate_1p5_t0p05,full,1,2000,100,200,30,8,0.019847450656458265,0.006832639198122532,0.017410000000000002,0.00648809785631378,1.1400029096185103,K,1,09_simulation/raw/v14_311.npz,H200_label,H200_synthetic_proxy,H200_persistence,0..29 (T001..T030),causal_previous_load_plus_deterministic_noise_proxy_not_trained_head,synthetic_preexperiment_reference
full_N2000_K100_H200_w_rate_1p5_t0p05,full,2,2000,100,200,30,8,0.019224827659148302,0.006711392904385436,0.01717666666666667,0.006684809508199883,1.119240888364931,K,1,09_simulation/raw/v14_312.npz,H200_label,H200_synthetic_proxy,H200_persistence,0..29 (T001..T030),causal_previous_load_plus_deterministic_noise_proxy_not_trained_head,synthetic_preexperiment_reference
full_N2000_K100_H200_w_rate_1p5_t0p05,full,3,2000,100,200,30,8,0.017947977904586715,0.006198653243805592,0.016373333333333337,0.006613723106793431,1.0961712889609148,K,1,09_simulation/raw/v14_313.npz,H200_label,H200_synthetic_proxy,H200_persistence,0..29 (T001..T030),causal_previous_load_plus_deterministic_noise_proxy_not_trained_head,synthetic_preexperiment_reference
full_N2000_K100_H200_w_rate_1p5_t0p05,full,4,2000,100,200,30,8,0.019987887770658887,0.006007979895182846,0.018803333333333335,0.00616365785560162,1.0629970450625184,K,1,09_simulation/raw/v14_314.npz,H200_label,H200_synthetic_proxy,H200_persistence,0..29 (T001..T030),causal_previous_load_plus_deterministic_noise_proxy_not_trained_head,synthetic_preexperiment_reference
full_N2000_K100_H200_w_rate_1p5_t0p05,full,5,2000,100,200,30,8,0.016676047168214653,0.006697944424804505,0.015053333333333335,0.006013589973369991,1.1077976418211681,K,1,09_simulation/raw/v14_315.npz,H200_label,H200_synthetic_proxy,H200_persistence,0..29 (T001..T030),causal_previous_load_plus_deterministic_noise_proxy_not_trained_head,synthetic_preexperiment_reference
