case_id,method_id,metric,mean,sample_sd,sd_unit,n_independent_units,n_valid_episodes_by_unit,complete
full_N500_K100_H50_nominal_t0p05,full,outage_percent,0.6426666666666666,0.05798850460795369,synthetic_repeat_mean,5,30;30;30;30;30,synthetic_complete
full_N500_K100_H50_nominal_t0p05,full,hof_percent,0.5431566912373821,0.02869667653528288,synthetic_repeat_mean,5,30;30;30;30;30,synthetic_complete
full_N500_K100_H50_nominal_t0p05,full,pp_percent,0.1897222222222222,0.012930473504931232,synthetic_repeat_mean,5,30;30;30;30;30,synthetic_complete
full_N500_K100_H50_nominal_t0p05,full,tp_Mbps,198.36740266666666,0.657452897503362,synthetic_repeat_mean,5,30;30;30;30;30,synthetic_complete
full_N500_K100_H50_nominal_t0p05,full,served_p5tp_Mbps,65.663,0.0683983430598513,synthetic_repeat_mean,5,30;30;30;30;30,synthetic_complete
full_N500_K100_H50_nominal_t0p05,full,peak_normalized,0.7476872196554738,0.004536876446992503,synthetic_repeat_mean,5,30;30;30;30;30,synthetic_complete
full_N500_K100_H50_nominal_t0p05,full,active_load_variance,0.023356167289355998,0.00006080238982939211,synthetic_repeat_mean,5,30;30;30;30;30,synthetic_complete
full_N500_K100_H50_nominal_t0p05,full,mse_user_vector,0.03804757327661372,0.002243337318655667,synthetic_repeat_mean,5,30;30;30;30;30,synthetic_complete
full_N500_K100_H50_nominal_t0p05,full,persistence_mse_user_vector,0.036,0.0023113247764479606,synthetic_repeat_mean,5,30;30;30;30;30,synthetic_complete
full_N500_K100_H50_nominal_t0p05,full,Cbar,0.0225964,0.0007587853744270803,synthetic_repeat_mean,5,30;30;30;30;30,synthetic_complete
full_N500_K100_H50_nominal_t0p05,full,Lbar,0.37568053333333334,0.00006103987767570331,synthetic_repeat_mean,5,30;30;30;30;30,synthetic_complete
full_N500_K100_H50_nominal_t0p05,full,J_user,-0.5952590444444444,0.006006532688893581,synthetic_repeat_mean,5,30;30;30;30;30,synthetic_complete
full_N500_K100_H50_nominal_t0p05,full,J_network,-59.52590444444444,0.6006532688893553,synthetic_repeat_mean,5,30;30;30;30;30,synthetic_complete
full_N500_K100_H200_nominal_t0p05,full,outage_percent,0.6495,0.05902059433414368,synthetic_repeat_mean,5,30;30;30;30;30,synthetic_complete
full_N500_K100_H200_nominal_t0p05,full,hof_percent,0.6626159060802826,0.04573829453825357,synthetic_repeat_mean,5,30;30;30;30;30,synthetic_complete
full_N500_K100_H200_nominal_t0p05,full,pp_percent,0.16791245791245793,0.011381766308094673,synthetic_repeat_mean,5,30;30;30;30;30,synthetic_complete
full_N500_K100_H200_nominal_t0p05,full,tp_Mbps,198.24592333333334,0.6535152594739326,synthetic_repeat_mean,5,30;30;30;30;30,synthetic_complete
full_N500_K100_H200_nominal_t0p05,full,served_p5tp_Mbps,65.76966666666667,0.05260439356386464,synthetic_repeat_mean,5,30;30;30;30;30,synthetic_complete
full_N500_K100_H200_nominal_t0p05,full,peak_normalized,0.8439031630657501,0.005366916485436443,synthetic_repeat_mean,5,30;30;30;30;30,synthetic_complete
full_N500_K100_H200_nominal_t0p05,full,active_load_variance,0.023934127381147304,0.00006104664506840577,synthetic_repeat_mean,5,30;30;30;30;30,synthetic_complete
full_N500_K100_H200_nominal_t0p05,full,mse_user_vector,0.03686091035149177,0.0011496767080817723,synthetic_repeat_mean,5,30;30;30;30;30,synthetic_complete
full_N500_K100_H200_nominal_t0p05,full,persistence_mse_user_vector,0.03454666666666666,0.0010048769963422266,synthetic_repeat_mean,5,30;30;30;30;30,synthetic_complete
full_N500_K100_H200_nominal_t0p05,full,Cbar,0.0231145,0.0007777551117729089,synthetic_repeat_mean,5,30;30;30;30;30,synthetic_complete
full_N500_K100_H200_nominal_t0p05,full,Lbar,0.3781470333333333,0.0003891458488364891,synthetic_repeat_mean,5,30;30;30;30;30,synthetic_complete
full_N500_K100_H200_nominal_t0p05,full,J_user,-0.5929189138888888,0.00592153429491704,synthetic_repeat_mean,5,30;30;30;30;30,synthetic_complete
full_N500_K100_H200_nominal_t0p05,full,J_network,-59.291891388888885,0.5921534294917057,synthetic_repeat_mean,5,30;30;30;30;30,synthetic_complete
full_N500_K100_H800_nominal_t0p05,full,outage_percent,0.6930166666666666,0.0651743561639767,synthetic_repeat_mean,5,30;30;30;30;30,synthetic_complete
full_N500_K100_H800_nominal_t0p05,full,hof_percent,0.6931801538790938,0.05678262046508898,synthetic_repeat_mean,5,30;30;30;30;30,synthetic_complete
full_N500_K100_H800_nominal_t0p05,full,pp_percent,0.16765246449456975,0.011746875456186082,synthetic_repeat_mean,5,30;30;30;30;30,synthetic_complete
full_N500_K100_H800_nominal_t0p05,full,tp_Mbps,198.23922608333334,0.6636848915000544,synthetic_repeat_mean,5,30;30;30;30;30,synthetic_complete
full_N500_K100_H800_nominal_t0p05,full,served_p5tp_Mbps,65.84666666666666,0.08692269873603664,synthetic_repeat_mean,5,30;30;30;30;30,synthetic_complete
full_N500_K100_H800_nominal_t0p05,full,peak_normalized,0.913821913781863,0.0074420621969335105,synthetic_repeat_mean,5,30;30;30;30;30,synthetic_complete
full_N500_K100_H800_nominal_t0p05,full,active_load_variance,0.023998621640370324,0.00002228972180130619,synthetic_repeat_mean,5,30;30;30;30;30,synthetic_complete
full_N500_K100_H800_nominal_t0p05,full,mse_user_vector,0.036151027787742686,0.0018620379255578359,synthetic_repeat_mean,5,30;30;30;30;30,synthetic_complete
full_N500_K100_H800_nominal_t0p05,full,persistence_mse_user_vector,0.03404,0.0016737184151861808,synthetic_repeat_mean,5,30;30;30;30;30,synthetic_complete
full_N500_K100_H800_nominal_t0p05,full,Cbar,0.02330645,0.0007960910781358503,synthetic_repeat_mean,5,30;30;30;30;30,synthetic_complete
full_N500_K100_H800_nominal_t0p05,full,Lbar,0.37798615,0.00037941273906196417,synthetic_repeat_mean,5,30;30;30;30;30,synthetic_complete
full_N500_K100_H800_nominal_t0p05,full,J_user,-0.5906996420138889,0.006233016345639032,synthetic_repeat_mean,5,30;30;30;30;30,synthetic_complete
full_N500_K100_H800_nominal_t0p05,full,J_network,-59.06996420138889,0.6233016345639003,synthetic_repeat_mean,5,30;30;30;30;30,synthetic_complete
full_N1000_K100_H50_nominal_t0p05,full,outage_percent,0.7010666666666666,0.09099035357907148,synthetic_repeat_mean,5,30;30;30;30;30,synthetic_complete
full_N1000_K100_H50_nominal_t0p05,full,hof_percent,0.7062875328931406,0.10969039110801154,synthetic_repeat_mean,5,30;30;30;30;30,synthetic_complete
full_N1000_K100_H50_nominal_t0p05,full,pp_percent,0.18291666666666667,0.018468828008963944,synthetic_repeat_mean,5,30;30;30;30;30,synthetic_complete
full_N1000_K100_H50_nominal_t0p05,full,tp_Mbps,201.31897733333332,0.8620914203210127,synthetic_repeat_mean,5,30;30;30;30;30,synthetic_complete
full_N1000_K100_H50_nominal_t0p05,full,served_p5tp_Mbps,66.38533333333334,0.04692488086766271,synthetic_repeat_mean,5,30;30;30;30;30,synthetic_complete
full_N1000_K100_H50_nominal_t0p05,full,peak_normalized,0.6258187977216144,0.0035760063384463812,synthetic_repeat_mean,5,30;30;30;30;30,synthetic_complete
full_N1000_K100_H50_nominal_t0p05,full,active_load_variance,0.014741829020109242,0.00007069269204157869,synthetic_repeat_mean,5,30;30;30;30;30,synthetic_complete
full_N1000_K100_H50_nominal_t0p05,full,mse_user_vector,0.02661106857850407,0.00127507510782175,synthetic_repeat_mean,5,30;30;30;30;30,synthetic_complete
full_N1000_K100_H50_nominal_t0p05,full,persistence_mse_user_vector,0.024679333333333334,0.001304065012012651,synthetic_repeat_mean,5,30;30;30;30;30,synthetic_complete
full_N1000_K100_H50_nominal_t0p05,full,Cbar,0.023712666666666667,0.0010362096527462225,synthetic_repeat_mean,5,30;30;30;30;30,synthetic_complete
full_N1000_K100_H50_nominal_t0p05,full,Lbar,0.28764613333333333,0.0005323735948039249,synthetic_repeat_mean,5,30;30;30;30;30,synthetic_complete
full_N1000_K100_H50_nominal_t0p05,full,J_user,-0.6480963388888888,0.008410211494928575,synthetic_repeat_mean,5,30;30;30;30;30,synthetic_complete
full_N1000_K100_H50_nominal_t0p05,full,J_network,-64.80963388888888,0.8410211494928598,synthetic_repeat_mean,5,30;30;30;30;30,synthetic_complete
full_N1000_K100_H200_nominal_t0p05,full,outage_percent,0.6669333333333333,0.089157522895653,synthetic_repeat_mean,5,30;30;30;30;30,synthetic_complete
full_N1000_K100_H200_nominal_t0p05,full,hof_percent,0.6630891601582161,0.0850882850394541,synthetic_repeat_mean,5,30;30;30;30;30,synthetic_complete
full_N1000_K100_H200_nominal_t0p05,full,pp_percent,0.18127946127946126,0.015503487566407858,synthetic_repeat_mean,5,30;30;30;30;30,synthetic_complete
full_N1000_K100_H200_nominal_t0p05,full,tp_Mbps,201.32270733333334,0.8481796452686556,synthetic_repeat_mean,5,30;30;30;30;30,synthetic_complete
full_N1000_K100_H200_nominal_t0p05,full,served_p5tp_Mbps,66.08,0.0836660026534079,synthetic_repeat_mean,5,30;30;30;30;30,synthetic_complete
full_N1000_K100_H200_nominal_t0p05,full,peak_normalized,0.7332468487531529,0.0121294083601844,synthetic_repeat_mean,5,30;30;30;30;30,synthetic_complete
full_N1000_K100_H200_nominal_t0p05,full,active_load_variance,0.014714441372116213,0.00010299310160147266,synthetic_repeat_mean,5,30;30;30;30;30,synthetic_complete
full_N1000_K100_H200_nominal_t0p05,full,mse_user_vector,0.028917801621852705,0.0013107357277489203,synthetic_repeat_mean,5,30;30;30;30;30,synthetic_complete
full_N1000_K100_H200_nominal_t0p05,full,persistence_mse_user_vector,0.026918666666666667,0.0016096887207711248,synthetic_repeat_mean,5,30;30;30;30;30,synthetic_complete
full_N1000_K100_H200_nominal_t0p05,full,Cbar,0.024328166666666665,0.0010480026571743244,synthetic_repeat_mean,5,30;30;30;30;30,synthetic_complete
full_N1000_K100_H200_nominal_t0p05,full,Lbar,0.2877151333333333,0.0008947415781479522,synthetic_repeat_mean,5,30;30;30;30;30,synthetic_complete
full_N1000_K100_H200_nominal_t0p05,full,J_user,-0.6494762972222222,0.008069062868272284,synthetic_repeat_mean,5,30;30;30;30;30,synthetic_complete
full_N1000_K100_H200_nominal_t0p05,full,J_network,-64.94762972222223,0.806906286827228,synthetic_repeat_mean,5,30;30;30;30;30,synthetic_complete
full_N1000_K100_H800_nominal_t0p05,full,outage_percent,0.69625,0.09178325445641547,synthetic_repeat_mean,5,30;30;30;30;30,synthetic_complete
full_N1000_K100_H800_nominal_t0p05,full,hof_percent,0.6822213695489895,0.09013590360251036,synthetic_repeat_mean,5,30;30;30;30;30,synthetic_complete
full_N1000_K100_H800_nominal_t0p05,full,pp_percent,0.1773517126148705,0.015667067399428507,synthetic_repeat_mean,5,30;30;30;30;30,synthetic_complete
full_N1000_K100_H800_nominal_t0p05,full,tp_Mbps,201.30438933333335,0.8656453742071082,synthetic_repeat_mean,5,30;30;30;30;30,synthetic_complete
full_N1000_K100_H800_nominal_t0p05,full,served_p5tp_Mbps,66.01,0.0662486897145022,synthetic_repeat_mean,5,30;30;30;30;30,synthetic_complete
full_N1000_K100_H800_nominal_t0p05,full,peak_normalized,0.8025235234479956,0.007132241121004204,synthetic_repeat_mean,5,30;30;30;30;30,synthetic_complete
full_N1000_K100_H800_nominal_t0p05,full,active_load_variance,0.014593905012904484,0.000022901120667122453,synthetic_repeat_mean,5,30;30;30;30;30,synthetic_complete
full_N1000_K100_H800_nominal_t0p05,full,mse_user_vector,0.026851370493080545,0.0018232111406326031,synthetic_repeat_mean,5,30;30;30;30;30,synthetic_complete
full_N1000_K100_H800_nominal_t0p05,full,persistence_mse_user_vector,0.024940666666666667,0.0016544089243258116,synthetic_repeat_mean,5,30;30;30;30;30,synthetic_complete
full_N1000_K100_H800_nominal_t0p05,full,Cbar,0.024491,0.001064608242125425,synthetic_repeat_mean,5,30;30;30;30;30,synthetic_complete
full_N1000_K100_H800_nominal_t0p05,full,Lbar,0.28681603333333333,0.00045102358835979886,synthetic_repeat_mean,5,30;30;30;30;30,synthetic_complete
full_N1000_K100_H800_nominal_t0p05,full,J_user,-0.6483022722222223,0.00850225147367463,synthetic_repeat_mean,5,30;30;30;30;30,synthetic_complete
full_N1000_K100_H800_nominal_t0p05,full,J_network,-64.83022722222222,0.8502251473674605,synthetic_repeat_mean,5,30;30;30;30;30,synthetic_complete
full_N2000_K100_H50_nominal_t0p05,full,outage_percent,0.6108,0.08190699332508525,synthetic_repeat_mean,5,30;30;30;30;30,synthetic_complete
full_N2000_K100_H50_nominal_t0p05,full,hof_percent,0.6791493047108886,0.05981608258978084,synthetic_repeat_mean,5,30;30;30;30;30,synthetic_complete
full_N2000_K100_H50_nominal_t0p05,full,pp_percent,0.16583333333333333,0.016633357919524625,synthetic_repeat_mean,5,30;30;30;30;30,synthetic_complete
full_N2000_K100_H50_nominal_t0p05,full,tp_Mbps,202.61491466666666,0.9304136922585645,synthetic_repeat_mean,5,30;30;30;30;30,synthetic_complete
full_N2000_K100_H50_nominal_t0p05,full,served_p5tp_Mbps,58.24100000000009,0.47924216796477026,synthetic_repeat_mean,5,30;30;30;30;30,synthetic_complete
full_N2000_K100_H50_nominal_t0p05,full,peak_normalized,0.5228863624985683,0.008922375225561533,synthetic_repeat_mean,5,30;30;30;30;30,synthetic_complete
full_N2000_K100_H50_nominal_t0p05,full,active_load_variance,0.008789916463618026,0.00008556450169621462,synthetic_repeat_mean,5,30;30;30;30;30,synthetic_complete
full_N2000_K100_H50_nominal_t0p05,full,mse_user_vector,0.018437671635680854,0.001024220853555687,synthetic_repeat_mean,5,30;30;30;30;30,synthetic_complete
full_N2000_K100_H50_nominal_t0p05,full,persistence_mse_user_vector,0.016710000000000003,0.0011029405141610223,synthetic_repeat_mean,5,30;30;30;30;30,synthetic_complete
full_N2000_K100_H50_nominal_t0p05,full,Cbar,0.023059466666666667,0.0011507831536248115,synthetic_repeat_mean,5,30;30;30;30;30,synthetic_complete
full_N2000_K100_H50_nominal_t0p05,full,Lbar,0.22517346666666668,0.0008366049645242698,synthetic_repeat_mean,5,30;30;30;30;30,synthetic_complete
full_N2000_K100_H50_nominal_t0p05,full,J_user,-0.6895723444444445,0.008160520267229769,synthetic_repeat_mean,5,30;30;30;30;30,synthetic_complete
full_N2000_K100_H50_nominal_t0p05,full,J_network,-68.95723444444445,0.816052026722973,synthetic_repeat_mean,5,30;30;30;30;30,synthetic_complete
full_N2000_K100_H200_nominal_t0p05,full,outage_percent,0.6088666666666667,0.0888039663778845,synthetic_repeat_mean,5,30;30;30;30;30,synthetic_complete
full_N2000_K100_H200_nominal_t0p05,full,hof_percent,0.618487745435468,0.0784563650364644,synthetic_repeat_mean,5,30;30;30;30;30,synthetic_complete
full_N2000_K100_H200_nominal_t0p05,full,pp_percent,0.1653872053872054,0.01601964862757694,synthetic_repeat_mean,5,30;30;30;30;30,synthetic_complete
full_N2000_K100_H200_nominal_t0p05,full,tp_Mbps,202.608977,0.9593783965871016,synthetic_repeat_mean,5,30;30;30;30;30,synthetic_complete
full_N2000_K100_H200_nominal_t0p05,full,served_p5tp_Mbps,59.71033333333339,0.4514073671430806,synthetic_repeat_mean,5,30;30;30;30;30,synthetic_complete
full_N2000_K100_H200_nominal_t0p05,full,peak_normalized,0.595856094889833,0.002197038335148821,synthetic_repeat_mean,5,30;30;30;30;30,synthetic_complete
full_N2000_K100_H200_nominal_t0p05,full,active_load_variance,0.008771513911734306,0.00002571641173493826,synthetic_repeat_mean,5,30;30;30;30;30,synthetic_complete
full_N2000_K100_H200_nominal_t0p05,full,mse_user_vector,0.01811097362767831,0.0009691456326355683,synthetic_repeat_mean,5,30;30;30;30;30,synthetic_complete
full_N2000_K100_H200_nominal_t0p05,full,persistence_mse_user_vector,0.016277333333333335,0.0010732981360688596,synthetic_repeat_mean,5,30;30;30;30;30,synthetic_complete
full_N2000_K100_H200_nominal_t0p05,full,Cbar,0.023769566666666665,0.0011787450459422237,synthetic_repeat_mean,5,30;30;30;30;30,synthetic_complete
full_N2000_K100_H200_nominal_t0p05,full,Lbar,0.22484966666666667,0.00027107917047730683,synthetic_repeat_mean,5,30;30;30;30;30,synthetic_complete
full_N2000_K100_H200_nominal_t0p05,full,J_user,-0.6894511208333334,0.008895854263065488,synthetic_repeat_mean,5,30;30;30;30;30,synthetic_complete
full_N2000_K100_H200_nominal_t0p05,full,J_network,-68.94511208333333,0.8895854263065489,synthetic_repeat_mean,5,30;30;30;30;30,synthetic_complete
full_N2000_K100_H800_nominal_t0p05,full,outage_percent,0.6602166666666667,0.09754711023540258,synthetic_repeat_mean,5,30;30;30;30;30,synthetic_complete
full_N2000_K100_H800_nominal_t0p05,full,hof_percent,0.6858169961185444,0.08911571415878362,synthetic_repeat_mean,5,30;30;30;30;30,synthetic_complete
full_N2000_K100_H800_nominal_t0p05,full,pp_percent,0.16750208855472012,0.015441977590539476,synthetic_repeat_mean,5,30;30;30;30;30,synthetic_complete
full_N2000_K100_H800_nominal_t0p05,full,tp_Mbps,202.56830516666668,0.9778714672213864,synthetic_repeat_mean,5,30;30;30;30;30,synthetic_complete
full_N2000_K100_H800_nominal_t0p05,full,served_p5tp_Mbps,58.29133333333345,0.24398998157964963,synthetic_repeat_mean,5,30;30;30;30;30,synthetic_complete
full_N2000_K100_H800_nominal_t0p05,full,peak_normalized,0.6598305744031777,0.0051107558195325805,synthetic_repeat_mean,5,30;30;30;30;30,synthetic_complete
full_N2000_K100_H800_nominal_t0p05,full,active_load_variance,0.00875551060341521,0.000004402159761690517,synthetic_repeat_mean,5,30;30;30;30;30,synthetic_complete
full_N2000_K100_H800_nominal_t0p05,full,mse_user_vector,0.018192112995299,0.0013704084131801917,synthetic_repeat_mean,5,30;30;30;30;30,synthetic_complete
full_N2000_K100_H800_nominal_t0p05,full,persistence_mse_user_vector,0.016349333333333334,0.0014887754102691987,synthetic_repeat_mean,5,30;30;30;30;30,synthetic_complete
full_N2000_K100_H800_nominal_t0p05,full,Cbar,0.023835125,0.001190535029044481,synthetic_repeat_mean,5,30;30;30;30;30,synthetic_complete
full_N2000_K100_H800_nominal_t0p05,full,Lbar,0.22465993333333334,0.0002589479694225404,synthetic_repeat_mean,5,30;30;30;30;30,synthetic_complete
full_N2000_K100_H800_nominal_t0p05,full,J_user,-0.6867762423611111,0.009416267011199572,synthetic_repeat_mean,5,30;30;30;30;30,synthetic_complete
full_N2000_K100_H800_nominal_t0p05,full,J_network,-68.67762423611111,0.9416267011199608,synthetic_repeat_mean,5,30;30;30;30;30,synthetic_complete
full_N2000_K200_H200_nominal_t0p05,full,outage_percent,0.8772666666666666,0.12916019338618057,synthetic_repeat_mean,5,30;30;30;30;30,synthetic_complete
full_N2000_K200_H200_nominal_t0p05,full,hof_percent,0.8685028946543869,0.13287206903654566,synthetic_repeat_mean,5,30;30;30;30;30,synthetic_complete
full_N2000_K200_H200_nominal_t0p05,full,pp_percent,0.1652861952861953,0.015111666641450704,synthetic_repeat_mean,5,30;30;30;30;30,synthetic_complete
full_N2000_K200_H200_nominal_t0p05,full,tp_Mbps,198.327782,1.0241225437023134,synthetic_repeat_mean,5,30;30;30;30;30,synthetic_complete
full_N2000_K200_H200_nominal_t0p05,full,served_p5tp_Mbps,54.561,0.012671051872499995,synthetic_repeat_mean,5,30;30;30;30;30,synthetic_complete
full_N2000_K200_H200_nominal_t0p05,full,peak_normalized,0.8469485984028174,0.0019992543777950724,synthetic_repeat_mean,5,30;30;30;30;30,synthetic_complete
full_N2000_K200_H200_nominal_t0p05,full,active_load_variance,0.02135655045235979,0.00006779116354476658,synthetic_repeat_mean,5,30;30;30;30;30,synthetic_complete
full_N2000_K200_H200_nominal_t0p05,full,mse_user_vector,0.03443221763170045,0.0021416408772476367,synthetic_repeat_mean,5,30;30;30;30;30,synthetic_complete
full_N2000_K200_H200_nominal_t0p05,full,persistence_mse_user_vector,0.03208366666666667,0.001835375907606455,synthetic_repeat_mean,5,30;30;30;30;30,synthetic_complete
full_N2000_K200_H200_nominal_t0p05,full,Cbar,0.023664249999999998,0.0011506336916504367,synthetic_repeat_mean,5,30;30;30;30;30,synthetic_complete
full_N2000_K200_H200_nominal_t0p05,full,Lbar,0.35017173333333335,0.0008850301556381658,synthetic_repeat_mean,5,30;30;30;30;30,synthetic_complete
full_N2000_K200_H200_nominal_t0p05,full,J_user,-0.5955844333333333,0.010859726513275795,synthetic_repeat_mean,5,30;30;30;30;30,synthetic_complete
full_N2000_K200_H200_nominal_t0p05,full,J_network,-119.11688666666667,2.171945302655157,synthetic_repeat_mean,5,30;30;30;30;30,synthetic_complete
full_N2000_K300_H200_nominal_t0p05,full,outage_percent,1.2663444444444445,0.18746982226283584,synthetic_repeat_mean,5,30;30;30;30;30,synthetic_complete
full_N2000_K300_H200_nominal_t0p05,full,hof_percent,1.2934410826363498,0.18987422931436304,synthetic_repeat_mean,5,30;30;30;30;30,synthetic_complete
full_N2000_K300_H200_nominal_t0p05,full,pp_percent,0.162334455667789,0.014965100061108634,synthetic_repeat_mean,5,30;30;30;30;30,synthetic_complete
full_N2000_K300_H200_nominal_t0p05,full,tp_Mbps,194.44866255555556,1.12797776099337,synthetic_repeat_mean,5,30;30;30;30;30,synthetic_complete
full_N2000_K300_H200_nominal_t0p05,full,served_p5tp_Mbps,57.53333333333333,0.03333333333333499,synthetic_repeat_mean,5,30;30;30;30;30,synthetic_complete
full_N2000_K300_H200_nominal_t0p05,full,peak_normalized,0.9533780359444766,0.0023317772274018167,synthetic_repeat_mean,5,30;30;30;30;30,synthetic_complete
full_N2000_K300_H200_nominal_t0p05,full,active_load_variance,0.034392672540515166,0.00006339912096373608,synthetic_repeat_mean,5,30;30;30;30;30,synthetic_complete
full_N2000_K300_H200_nominal_t0p05,full,mse_user_vector,0.055124672044313795,0.00389671388671948,synthetic_repeat_mean,5,30;30;30;30;30,synthetic_complete
full_N2000_K300_H200_nominal_t0p05,full,persistence_mse_user_vector,0.052644222222222224,0.003568195881934153,synthetic_repeat_mean,5,30;30;30;30;30,synthetic_complete
full_N2000_K300_H200_nominal_t0p05,full,Cbar,0.023487055555555556,0.00111165884277329,synthetic_repeat_mean,5,30;30;30;30;30,synthetic_complete
full_N2000_K300_H200_nominal_t0p05,full,Lbar,0.4709340111111111,0.0015897955617268555,synthetic_repeat_mean,5,30;30;30;30;30,synthetic_complete
full_N2000_K300_H200_nominal_t0p05,full,J_user,-0.4996750050925926,0.013832448801571326,synthetic_repeat_mean,5,30;30;30;30;30,synthetic_complete
full_N2000_K300_H200_nominal_t0p05,full,J_network,-149.9025015277778,4.149734640471395,synthetic_repeat_mean,5,30;30;30;30;30,synthetic_complete
full_N2000_K400_H200_nominal_t0p05,full,outage_percent,1.9303916666666667,0.26861731963840724,synthetic_repeat_mean,5,30;30;30;30;30,synthetic_complete
full_N2000_K400_H200_nominal_t0p05,full,hof_percent,2.0481913365637006,0.2787550211408933,synthetic_repeat_mean,5,30;30;30;30;30,synthetic_complete
full_N2000_K400_H200_nominal_t0p05,full,pp_percent,0.15721380471380472,0.013701308278878655,synthetic_repeat_mean,5,30;30;30;30;30,synthetic_complete
full_N2000_K400_H200_nominal_t0p05,full,tp_Mbps,190.42835258333335,1.2643660296741375,synthetic_repeat_mean,5,30;30;30;30;30,synthetic_complete
full_N2000_K400_H200_nominal_t0p05,full,served_p5tp_Mbps,57.96,0.04346134936801873,synthetic_repeat_mean,5,30;30;30;30;30,synthetic_complete
full_N2000_K400_H200_nominal_t0p05,full,peak_normalized,0.9827203541974519,0.00015782562528260662,synthetic_repeat_mean,5,30;30;30;30;30,synthetic_complete
full_N2000_K400_H200_nominal_t0p05,full,active_load_variance,0.04429444827320784,0.00004996412344526378,synthetic_repeat_mean,5,30;30;30;30;30,synthetic_complete
full_N2000_K400_H200_nominal_t0p05,full,mse_user_vector,0.07588267836107816,0.005146619106226378,synthetic_repeat_mean,5,30;30;30;30;30,synthetic_complete
full_N2000_K400_H200_nominal_t0p05,full,persistence_mse_user_vector,0.07346583333333334,0.005230732501285072,synthetic_repeat_mean,5,30;30;30;30;30,synthetic_complete
full_N2000_K400_H200_nominal_t0p05,full,Cbar,0.023147599999999997,0.0010583532620334964,synthetic_repeat_mean,5,30;30;30;30;30,synthetic_complete
full_N2000_K400_H200_nominal_t0p05,full,Lbar,0.5822592249999999,0.0027315173703672726,synthetic_repeat_mean,5,30;30;30;30;30,synthetic_complete
full_N2000_K400_H200_nominal_t0p05,full,J_user,-0.3942284732638889,0.017862320996607537,synthetic_repeat_mean,5,30;30;30;30;30,synthetic_complete
full_N2000_K400_H200_nominal_t0p05,full,J_network,-157.69138930555556,7.1449283986430165,synthetic_repeat_mean,5,30;30;30;30;30,synthetic_complete
full_N2000_K500_H200_nominal_t0p05,full,outage_percent,3.05128,0.38361127068948325,synthetic_repeat_mean,5,30;30;30;30;30,synthetic_complete
full_N2000_K500_H200_nominal_t0p05,full,hof_percent,3.404542375821474,0.38110743206548714,synthetic_repeat_mean,5,30;30;30;30;30,synthetic_complete
full_N2000_K500_H200_nominal_t0p05,full,pp_percent,0.15054545454545454,0.013237407030542062,synthetic_repeat_mean,5,30;30;30;30;30,synthetic_complete
full_N2000_K500_H200_nominal_t0p05,full,tp_Mbps,185.6486898,1.4469565103589468,synthetic_repeat_mean,5,30;30;30;30;30,synthetic_complete
full_N2000_K500_H200_nominal_t0p05,full,served_p5tp_Mbps,57.909,0.032266253440877135,synthetic_repeat_mean,5,30;30;30;30;30,synthetic_complete
full_N2000_K500_H200_nominal_t0p05,full,peak_normalized,0.99189915718923,0.0010326492910579992,synthetic_repeat_mean,5,30;30;30;30;30,synthetic_complete
full_N2000_K500_H200_nominal_t0p05,full,active_load_variance,0.04710809759292435,0.00007034194101251922,synthetic_repeat_mean,5,30;30;30;30;30,synthetic_complete
full_N2000_K500_H200_nominal_t0p05,full,mse_user_vector,0.0925598072150303,0.008910082714522581,synthetic_repeat_mean,5,30;30;30;30;30,synthetic_complete
full_N2000_K500_H200_nominal_t0p05,full,persistence_mse_user_vector,0.09078986666666668,0.008947989735751326,synthetic_repeat_mean,5,30;30;30;30;30,synthetic_complete
full_N2000_K500_H200_nominal_t0p05,full,Cbar,0.022517226666666664,0.0009813886806176461,synthetic_repeat_mean,5,30;30;30;30;30,synthetic_complete
full_N2000_K500_H200_nominal_t0p05,full,Lbar,0.6769173199999999,0.004679957347894443,synthetic_repeat_mean,5,30;30;30;30;30,synthetic_complete
full_N2000_K500_H200_nominal_t0p05,full,J_user,-0.2712549341666667,0.02335997152153147,synthetic_repeat_mean,5,30;30;30;30;30,synthetic_complete
full_N2000_K500_H200_nominal_t0p05,full,J_network,-135.62746708333333,11.679985760765739,synthetic_repeat_mean,5,30;30;30;30;30,synthetic_complete
mlp213_N500_K100_H50_nominal_t0p05,mlp213,outage_percent,0.8265333333333333,0.1400153959788391,synthetic_repeat_mean,5,30;30;30;30;30,synthetic_complete
mlp213_N500_K100_H50_nominal_t0p05,mlp213,hof_percent,0.7119316927213509,0.14345441278718282,synthetic_repeat_mean,5,30;30;30;30;30,synthetic_complete
mlp213_N500_K100_H50_nominal_t0p05,mlp213,pp_percent,0.25333333333333335,0.02688854453406681,synthetic_repeat_mean,5,30;30;30;30;30,synthetic_complete
mlp213_N500_K100_H50_nominal_t0p05,mlp213,tp_Mbps,197.04508,1.134203561241692,synthetic_repeat_mean,5,30;30;30;30;30,synthetic_complete
mlp213_N500_K100_H50_nominal_t0p05,mlp213,served_p5tp_Mbps,65.69033333333333,0.11189901201033474,synthetic_repeat_mean,5,30;30;30;30;30,synthetic_complete
mlp213_N500_K100_H50_nominal_t0p05,mlp213,peak_normalized,0.7573372536018211,0.007353917924710705,synthetic_repeat_mean,5,30;30;30;30;30,synthetic_complete
mlp213_N500_K100_H50_nominal_t0p05,mlp213,active_load_variance,0.024708182452133482,0.0001404899202724404,synthetic_repeat_mean,5,30;30;30;30;30,synthetic_complete
mlp213_N500_K100_H50_nominal_t0p05,mlp213,mse_user_vector,0.04747516021535995,0.002164310911433705,synthetic_repeat_mean,5,30;30;30;30;30,synthetic_complete
mlp213_N500_K100_H50_nominal_t0p05,mlp213,persistence_mse_user_vector,0.045138,0.0023122026535559357,synthetic_repeat_mean,5,30;30;30;30;30,synthetic_complete
mlp213_N500_K100_H50_nominal_t0p05,mlp213,Cbar,0.024532533333333332,0.0014001135985658058,synthetic_repeat_mean,5,30;30;30;30;30,synthetic_complete
mlp213_N500_K100_H50_nominal_t0p05,mlp213,Lbar,0.3905902666666667,0.00022112369590094572,synthetic_repeat_mean,5,30;30;30;30;30,synthetic_complete
mlp213_N500_K100_H50_nominal_t0p05,mlp213,J_user,-0.5721331000000001,0.012334355336888128,synthetic_repeat_mean,5,30;30;30;30;30,synthetic_complete
mlp213_N500_K100_H50_nominal_t0p05,mlp213,J_network,-57.21331,1.2334355336888116,synthetic_repeat_mean,5,30;30;30;30;30,synthetic_complete
mlp213_N500_K100_H200_nominal_t0p05,mlp213,outage_percent,0.8276666666666667,0.13701545938729365,synthetic_repeat_mean,5,30;30;30;30;30,synthetic_complete
mlp213_N500_K100_H200_nominal_t0p05,mlp213,hof_percent,0.8386437384290976,0.1435248894950993,synthetic_repeat_mean,5,30;30;30;30;30,synthetic_complete
mlp213_N500_K100_H200_nominal_t0p05,mlp213,pp_percent,0.23168350168350169,0.02502235167183113,synthetic_repeat_mean,5,30;30;30;30;30,synthetic_complete
mlp213_N500_K100_H200_nominal_t0p05,mlp213,tp_Mbps,196.934509,1.1046819607072216,synthetic_repeat_mean,5,30;30;30;30;30,synthetic_complete
mlp213_N500_K100_H200_nominal_t0p05,mlp213,served_p5tp_Mbps,65.68,0.09603240193925286,synthetic_repeat_mean,5,30;30;30;30;30,synthetic_complete
mlp213_N500_K100_H200_nominal_t0p05,mlp213,peak_normalized,0.8575048185917639,0.003969855930442885,synthetic_repeat_mean,5,30;30;30;30;30,synthetic_complete
mlp213_N500_K100_H200_nominal_t0p05,mlp213,active_load_variance,0.025470441310131785,0.00008936025186243873,synthetic_repeat_mean,5,30;30;30;30;30,synthetic_complete
mlp213_N500_K100_H200_nominal_t0p05,mlp213,mse_user_vector,0.04051460320561874,0.0035527418944976126,synthetic_repeat_mean,5,30;30;30;30;30,synthetic_complete
mlp213_N500_K100_H200_nominal_t0p05,mlp213,persistence_mse_user_vector,0.038474,0.0033098945938235284,synthetic_repeat_mean,5,30;30;30;30;30,synthetic_complete
mlp213_N500_K100_H200_nominal_t0p05,mlp213,Cbar,0.0250248,0.001367968513079807,synthetic_repeat_mean,5,30;30;30;30;30,synthetic_complete
mlp213_N500_K100_H200_nominal_t0p05,mlp213,Lbar,0.39341033333333336,0.0008394145694735486,synthetic_repeat_mean,5,30;30;30;30;30,synthetic_complete
mlp213_N500_K100_H200_nominal_t0p05,mlp213,J_user,-0.5699595541666667,0.011759744242034093,synthetic_repeat_mean,5,30;30;30;30;30,synthetic_complete
mlp213_N500_K100_H200_nominal_t0p05,mlp213,J_network,-56.99595541666667,1.1759744242034118,synthetic_repeat_mean,5,30;30;30;30;30,synthetic_complete
mlp213_N500_K100_H800_nominal_t0p05,mlp213,outage_percent,0.8823833333333333,0.1467216616827401,synthetic_repeat_mean,5,30;30;30;30;30,synthetic_complete
mlp213_N500_K100_H800_nominal_t0p05,mlp213,hof_percent,0.8793297570159878,0.15489259580860348,synthetic_repeat_mean,5,30;30;30;30;30,synthetic_complete
mlp213_N500_K100_H800_nominal_t0p05,mlp213,pp_percent,0.22973266499582287,0.02528644518304741,synthetic_repeat_mean,5,30;30;30;30;30,synthetic_complete
mlp213_N500_K100_H800_nominal_t0p05,mlp213,tp_Mbps,196.91853041666667,1.1190538504383172,synthetic_repeat_mean,5,30;30;30;30;30,synthetic_complete
mlp213_N500_K100_H800_nominal_t0p05,mlp213,served_p5tp_Mbps,65.76033333333334,0.07979487591457088,synthetic_repeat_mean,5,30;30;30;30;30,synthetic_complete
mlp213_N500_K100_H800_nominal_t0p05,mlp213,peak_normalized,0.9094219631198757,0.0018367308299542305,synthetic_repeat_mean,5,30;30;30;30;30,synthetic_complete
mlp213_N500_K100_H800_nominal_t0p05,mlp213,active_load_variance,0.025429898134981307,0.0000595696670264592,synthetic_repeat_mean,5,30;30;30;30;30,synthetic_complete
mlp213_N500_K100_H800_nominal_t0p05,mlp213,mse_user_vector,0.04096395908051863,0.0026184025348460855,synthetic_repeat_mean,5,30;30;30;30;30,synthetic_complete
mlp213_N500_K100_H800_nominal_t0p05,mlp213,persistence_mse_user_vector,0.03858333333333334,0.0027585201346615774,synthetic_repeat_mean,5,30;30;30;30;30,synthetic_complete
mlp213_N500_K100_H800_nominal_t0p05,mlp213,Cbar,0.025231483333333332,0.0013673286835356913,synthetic_repeat_mean,5,30;30;30;30;30,synthetic_complete
mlp213_N500_K100_H800_nominal_t0p05,mlp213,Lbar,0.3927215666666667,0.000978049529658548,synthetic_repeat_mean,5,30;30;30;30;30,synthetic_complete
mlp213_N500_K100_H800_nominal_t0p05,mlp213,J_user,-0.5673981850694444,0.0121927028995234,synthetic_repeat_mean,5,30;30;30;30;30,synthetic_complete
mlp213_N500_K100_H800_nominal_t0p05,mlp213,J_network,-56.739818506944445,1.2192702899523402,synthetic_repeat_mean,5,30;30;30;30;30,synthetic_complete
mlp213_N1000_K100_H50_nominal_t0p05,mlp213,outage_percent,0.8653333333333333,0.046240915023626226,synthetic_repeat_mean,5,30;30;30;30;30,synthetic_complete
mlp213_N1000_K100_H50_nominal_t0p05,mlp213,hof_percent,0.878571222498962,0.03642537989625425,synthetic_repeat_mean,5,30;30;30;30;30,synthetic_complete
mlp213_N1000_K100_H50_nominal_t0p05,mlp213,pp_percent,0.2452777777777778,0.012012082394688699,synthetic_repeat_mean,5,30;30;30;30;30,synthetic_complete
mlp213_N1000_K100_H50_nominal_t0p05,mlp213,tp_Mbps,200.29037333333332,0.4208585303347871,synthetic_repeat_mean,5,30;30;30;30;30,synthetic_complete
mlp213_N1000_K100_H50_nominal_t0p05,mlp213,served_p5tp_Mbps,66.34533333333333,0.03313272970610436,synthetic_repeat_mean,5,30;30;30;30;30,synthetic_complete
mlp213_N1000_K100_H50_nominal_t0p05,mlp213,peak_normalized,0.6329361312216899,0.0032347190205808986,synthetic_repeat_mean,5,30;30;30;30;30,synthetic_complete
mlp213_N1000_K100_H50_nominal_t0p05,mlp213,active_load_variance,0.015530376899478065,0.00007906608934095016,synthetic_repeat_mean,5,30;30;30;30;30,synthetic_complete
mlp213_N1000_K100_H50_nominal_t0p05,mlp213,mse_user_vector,0.028846910972617167,0.0006093956784779268,synthetic_repeat_mean,5,30;30;30;30;30,synthetic_complete
mlp213_N1000_K100_H50_nominal_t0p05,mlp213,persistence_mse_user_vector,0.026773333333333333,0.0005333333333333322,synthetic_repeat_mean,5,30;30;30;30;30,synthetic_complete
mlp213_N1000_K100_H50_nominal_t0p05,mlp213,Cbar,0.0256924,0.0005652043091759919,synthetic_repeat_mean,5,30;30;30;30;30,synthetic_complete
mlp213_N1000_K100_H50_nominal_t0p05,mlp213,Lbar,0.29492826666666666,0.00046693030648172477,synthetic_repeat_mean,5,30;30;30;30;30,synthetic_complete
mlp213_N1000_K100_H50_nominal_t0p05,mlp213,J_user,-0.6309662222222222,0.004191280923593434,synthetic_repeat_mean,5,30;30;30;30;30,synthetic_complete
mlp213_N1000_K100_H50_nominal_t0p05,mlp213,J_network,-63.09662222222222,0.4191280923593438,synthetic_repeat_mean,5,30;30;30;30;30,synthetic_complete
mlp213_N1000_K100_H200_nominal_t0p05,mlp213,outage_percent,0.8319666666666666,0.05038055180325043,synthetic_repeat_mean,5,30;30;30;30;30,synthetic_complete
mlp213_N1000_K100_H200_nominal_t0p05,mlp213,hof_percent,0.8254136102344155,0.05414424028114845,synthetic_repeat_mean,5,30;30;30;30;30,synthetic_complete
mlp213_N1000_K100_H200_nominal_t0p05,mlp213,pp_percent,0.24340067340067342,0.012056975316726927,synthetic_repeat_mean,5,30;30;30;30;30,synthetic_complete
mlp213_N1000_K100_H200_nominal_t0p05,mlp213,tp_Mbps,200.34452,0.4287742498794913,synthetic_repeat_mean,5,30;30;30;30;30,synthetic_complete
mlp213_N1000_K100_H200_nominal_t0p05,mlp213,served_p5tp_Mbps,66.01066666666667,0.03515047020390334,synthetic_repeat_mean,5,30;30;30;30;30,synthetic_complete
mlp213_N1000_K100_H200_nominal_t0p05,mlp213,peak_normalized,0.7014291750022209,0.006909929554884489,synthetic_repeat_mean,5,30;30;30;30;30,synthetic_complete
mlp213_N1000_K100_H200_nominal_t0p05,mlp213,active_load_variance,0.015225451077433812,0.000026896092133218563,synthetic_repeat_mean,5,30;30;30;30;30,synthetic_complete
mlp213_N1000_K100_H200_nominal_t0p05,mlp213,mse_user_vector,0.031185655914137946,0.0004668244314261901,synthetic_repeat_mean,5,30;30;30;30;30,synthetic_complete
mlp213_N1000_K100_H200_nominal_t0p05,mlp213,persistence_mse_user_vector,0.029365333333333334,0.0004550555521642988,synthetic_repeat_mean,5,30;30;30;30;30,synthetic_complete
mlp213_N1000_K100_H200_nominal_t0p05,mlp213,Cbar,0.026245166666666667,0.0005421816013928262,synthetic_repeat_mean,5,30;30;30;30;30,synthetic_complete
mlp213_N1000_K100_H200_nominal_t0p05,mlp213,Lbar,0.2930241,0.0003240648426198318,synthetic_repeat_mean,5,30;30;30;30;30,synthetic_complete
mlp213_N1000_K100_H200_nominal_t0p05,mlp213,J_user,-0.6335358666666666,0.004413969300696944,synthetic_repeat_mean,5,30;30;30;30;30,synthetic_complete
mlp213_N1000_K100_H200_nominal_t0p05,mlp213,J_network,-63.353586666666665,0.4413969300696945,synthetic_repeat_mean,5,30;30;30;30;30,synthetic_complete
mlp213_N1000_K100_H800_nominal_t0p05,mlp213,outage_percent,0.8730583333333333,0.05553982711382285,synthetic_repeat_mean,5,30;30;30;30;30,synthetic_complete
mlp213_N1000_K100_H800_nominal_t0p05,mlp213,hof_percent,0.8560761419702281,0.05529542735229823,synthetic_repeat_mean,5,30;30;30;30;30,synthetic_complete
mlp213_N1000_K100_H800_nominal_t0p05,mlp213,pp_percent,0.238312447786132,0.011415375992367647,synthetic_repeat_mean,5,30;30;30;30;30,synthetic_complete
mlp213_N1000_K100_H800_nominal_t0p05,mlp213,tp_Mbps,200.27360525,0.43954738032787494,synthetic_repeat_mean,5,30;30;30;30;30,synthetic_complete
mlp213_N1000_K100_H800_nominal_t0p05,mlp213,served_p5tp_Mbps,65.92666666666666,0.04346134936802009,synthetic_repeat_mean,5,30;30;30;30;30,synthetic_complete
mlp213_N1000_K100_H800_nominal_t0p05,mlp213,peak_normalized,0.77441929972606,0.005945488675524199,synthetic_repeat_mean,5,30;30;30;30;30,synthetic_complete
mlp213_N1000_K100_H800_nominal_t0p05,mlp213,active_load_variance,0.01521445783795956,0.00003848003558150584,synthetic_repeat_mean,5,30;30;30;30;30,synthetic_complete
mlp213_N1000_K100_H800_nominal_t0p05,mlp213,mse_user_vector,0.03130650970569296,0.0014134036823352945,synthetic_repeat_mean,5,30;30;30;30;30,synthetic_complete
mlp213_N1000_K100_H800_nominal_t0p05,mlp213,persistence_mse_user_vector,0.02944,0.0011817877229952183,synthetic_repeat_mean,5,30;30;30;30;30,synthetic_complete
mlp213_N1000_K100_H800_nominal_t0p05,mlp213,Cbar,0.02639933333333333,0.0005516902366251366,synthetic_repeat_mean,5,30;30;30;30;30,synthetic_complete
mlp213_N1000_K100_H800_nominal_t0p05,mlp213,Lbar,0.29303087499999997,0.00038270061573601066,synthetic_repeat_mean,5,30;30;30;30;30,synthetic_complete
mlp213_N1000_K100_H800_nominal_t0p05,mlp213,J_user,-0.631105334375,0.004693471193941707,synthetic_repeat_mean,5,30;30;30;30;30,synthetic_complete
mlp213_N1000_K100_H800_nominal_t0p05,mlp213,J_network,-63.1105334375,0.46934711939417345,synthetic_repeat_mean,5,30;30;30;30;30,synthetic_complete
mlp213_N2000_K100_H50_nominal_t0p05,mlp213,outage_percent,0.8048,0.05967951444544808,synthetic_repeat_mean,5,30;30;30;30;30,synthetic_complete
mlp213_N2000_K100_H50_nominal_t0p05,mlp213,hof_percent,0.8078058371440531,0.0332677650177595,synthetic_repeat_mean,5,30;30;30;30;30,synthetic_complete
mlp213_N2000_K100_H50_nominal_t0p05,mlp213,pp_percent,0.22319444444444445,0.01223287099237335,synthetic_repeat_mean,5,30;30;30;30;30,synthetic_complete
mlp213_N2000_K100_H50_nominal_t0p05,mlp213,tp_Mbps,201.20529466666667,0.4967575025972626,synthetic_repeat_mean,5,30;30;30;30;30,synthetic_complete
mlp213_N2000_K100_H50_nominal_t0p05,mlp213,served_p5tp_Mbps,57.22266666666673,0.6672264316640162,synthetic_repeat_mean,5,30;30;30;30;30,synthetic_complete
mlp213_N2000_K100_H50_nominal_t0p05,mlp213,peak_normalized,0.5252546112330946,0.00398474049737291,synthetic_repeat_mean,5,30;30;30;30;30,synthetic_complete
mlp213_N2000_K100_H50_nominal_t0p05,mlp213,active_load_variance,0.009345744554357839,0.0000155547263733,synthetic_repeat_mean,5,30;30;30;30;30,synthetic_complete
mlp213_N2000_K100_H50_nominal_t0p05,mlp213,mse_user_vector,0.02191734730878294,0.00022045685748615834,synthetic_repeat_mean,5,30;30;30;30;30,synthetic_complete
mlp213_N2000_K100_H50_nominal_t0p05,mlp213,persistence_mse_user_vector,0.020083333333333335,0.0002928025500799698,synthetic_repeat_mean,5,30;30;30;30;30,synthetic_complete
mlp213_N2000_K100_H50_nominal_t0p05,mlp213,Cbar,0.025513866666666666,0.0006655190789484874,synthetic_repeat_mean,5,30;30;30;30;30,synthetic_complete
mlp213_N2000_K100_H50_nominal_t0p05,mlp213,Lbar,0.23053653333333332,0.00036692033649463485,synthetic_repeat_mean,5,30;30;30;30;30,synthetic_complete
mlp213_N2000_K100_H50_nominal_t0p05,mlp213,J_user,-0.6700901944444444,0.005208487886706892,synthetic_repeat_mean,5,30;30;30;30;30,synthetic_complete
mlp213_N2000_K100_H50_nominal_t0p05,mlp213,J_network,-67.00901944444445,0.5208487886706898,synthetic_repeat_mean,5,30;30;30;30;30,synthetic_complete
mlp213_N2000_K100_H200_nominal_t0p05,mlp213,outage_percent,0.8156,0.061437027380345566,synthetic_repeat_mean,5,30;30;30;30;30,synthetic_complete
mlp213_N2000_K100_H200_nominal_t0p05,mlp213,hof_percent,0.8280160306455007,0.06706545833248297,synthetic_repeat_mean,5,30;30;30;30;30,synthetic_complete
mlp213_N2000_K100_H200_nominal_t0p05,mlp213,pp_percent,0.22905723905723907,0.009624418782738585,synthetic_repeat_mean,5,30;30;30;30;30,synthetic_complete
mlp213_N2000_K100_H200_nominal_t0p05,mlp213,tp_Mbps,201.16876433333334,0.5045536115862429,synthetic_repeat_mean,5,30;30;30;30;30,synthetic_complete
mlp213_N2000_K100_H200_nominal_t0p05,mlp213,served_p5tp_Mbps,59.61466666666671,0.57402501881202,synthetic_repeat_mean,5,30;30;30;30;30,synthetic_complete
mlp213_N2000_K100_H200_nominal_t0p05,mlp213,peak_normalized,0.6043232156573681,0.0016497387465801716,synthetic_repeat_mean,5,30;30;30;30;30,synthetic_complete
mlp213_N2000_K100_H200_nominal_t0p05,mlp213,active_load_variance,0.009285337817009213,0.000015587561152136424,synthetic_repeat_mean,5,30;30;30;30;30,synthetic_complete
mlp213_N2000_K100_H200_nominal_t0p05,mlp213,mse_user_vector,0.02090158069294058,0.0008497676226592105,synthetic_repeat_mean,5,30;30;30;30;30,synthetic_complete
mlp213_N2000_K100_H200_nominal_t0p05,mlp213,persistence_mse_user_vector,0.0193,0.0005323950079071413,synthetic_repeat_mean,5,30;30;30;30;30,synthetic_complete
mlp213_N2000_K100_H200_nominal_t0p05,mlp213,Cbar,0.026228566666666668,0.0006265802533505892,synthetic_repeat_mean,5,30;30;30;30;30,synthetic_complete
mlp213_N2000_K100_H200_nominal_t0p05,mlp213,Lbar,0.23053046666666666,0.0002462982440051094,synthetic_repeat_mean,5,30;30;30;30;30,synthetic_complete
mlp213_N2000_K100_H200_nominal_t0p05,mlp213,J_user,-0.6690436680555556,0.005371232372316434,synthetic_repeat_mean,5,30;30;30;30;30,synthetic_complete
mlp213_N2000_K100_H200_nominal_t0p05,mlp213,J_network,-66.90436680555555,0.5371232372316426,synthetic_repeat_mean,5,30;30;30;30;30,synthetic_complete
mlp213_N2000_K100_H800_nominal_t0p05,mlp213,outage_percent,0.8873833333333333,0.06641301615856472,synthetic_repeat_mean,5,30;30;30;30;30,synthetic_complete
mlp213_N2000_K100_H800_nominal_t0p05,mlp213,hof_percent,0.9114575758657283,0.0669281782007865,synthetic_repeat_mean,5,30;30;30;30;30,synthetic_complete
mlp213_N2000_K100_H800_nominal_t0p05,mlp213,pp_percent,0.23041771094402672,0.01056517241157925,synthetic_repeat_mean,5,30;30;30;30;30,synthetic_complete
mlp213_N2000_K100_H800_nominal_t0p05,mlp213,tp_Mbps,201.07423775,0.5133978403007485,synthetic_repeat_mean,5,30;30;30;30;30,synthetic_complete
mlp213_N2000_K100_H800_nominal_t0p05,mlp213,served_p5tp_Mbps,59.808666666666674,0.028220363018372628,synthetic_repeat_mean,5,30;30;30;30;30,synthetic_complete
mlp213_N2000_K100_H800_nominal_t0p05,mlp213,peak_normalized,0.668644660402798,0.003348717561357595,synthetic_repeat_mean,5,30;30;30;30;30,synthetic_complete
mlp213_N2000_K100_H800_nominal_t0p05,mlp213,active_load_variance,0.00933173874811015,0.000007033426230294405,synthetic_repeat_mean,5,30;30;30;30;30,synthetic_complete
mlp213_N2000_K100_H800_nominal_t0p05,mlp213,mse_user_vector,0.02135896477638211,0.0003648904142844839,synthetic_repeat_mean,5,30;30;30;30;30,synthetic_complete
mlp213_N2000_K100_H800_nominal_t0p05,mlp213,persistence_mse_user_vector,0.01968066666666667,0.00031475210704439864,synthetic_repeat_mean,5,30;30;30;30;30,synthetic_complete
mlp213_N2000_K100_H800_nominal_t0p05,mlp213,Cbar,0.026306025,0.0006280506987563444,synthetic_repeat_mean,5,30;30;30;30;30,synthetic_complete
mlp213_N2000_K100_H800_nominal_t0p05,mlp213,Lbar,0.23072416666666667,0.0002587858251500865,synthetic_repeat_mean,5,30;30;30;30;30,synthetic_complete
mlp213_N2000_K100_H800_nominal_t0p05,mlp213,J_user,-0.6649250614583333,0.005646677878797671,synthetic_repeat_mean,5,30;30;30;30;30,synthetic_complete
mlp213_N2000_K100_H800_nominal_t0p05,mlp213,J_network,-66.49250614583333,0.564667787879768,synthetic_repeat_mean,5,30;30;30;30;30,synthetic_complete
mlp213_N2000_K200_H200_nominal_t0p05,mlp213,outage_percent,1.1732500000000001,0.08500034722151303,synthetic_repeat_mean,5,30;30;30;30;30,synthetic_complete
mlp213_N2000_K200_H200_nominal_t0p05,mlp213,hof_percent,1.1818816790164985,0.09000812481812831,synthetic_repeat_mean,5,30;30;30;30;30,synthetic_complete
mlp213_N2000_K200_H200_nominal_t0p05,mlp213,pp_percent,0.2269023569023569,0.010424906614098976,synthetic_repeat_mean,5,30;30;30;30;30,synthetic_complete
mlp213_N2000_K200_H200_nominal_t0p05,mlp213,tp_Mbps,196.570641,0.5467587445381779,synthetic_repeat_mean,5,30;30;30;30;30,synthetic_complete
mlp213_N2000_K200_H200_nominal_t0p05,mlp213,served_p5tp_Mbps,54.53766666666667,0.012671051872502939,synthetic_repeat_mean,5,30;30;30;30;30,synthetic_complete
mlp213_N2000_K200_H200_nominal_t0p05,mlp213,peak_normalized,0.8630577907520368,0.0035702092853173574,synthetic_repeat_mean,5,30;30;30;30;30,synthetic_complete
mlp213_N2000_K200_H200_nominal_t0p05,mlp213,active_load_variance,0.02258109702920786,0.000029271642040053492,synthetic_repeat_mean,5,30;30;30;30;30,synthetic_complete
mlp213_N2000_K200_H200_nominal_t0p05,mlp213,mse_user_vector,0.04083033739155229,0.0018089768706818531,synthetic_repeat_mean,5,30;30;30;30;30,synthetic_complete
mlp213_N2000_K200_H200_nominal_t0p05,mlp213,persistence_mse_user_vector,0.038773666666666665,0.0012652142989320913,synthetic_repeat_mean,5,30;30;30;30;30,synthetic_complete
mlp213_N2000_K200_H200_nominal_t0p05,mlp213,Cbar,0.026042266666666664,0.000612894726550435,synthetic_repeat_mean,5,30;30;30;30;30,synthetic_complete
mlp213_N2000_K200_H200_nominal_t0p05,mlp213,Lbar,0.36098545,0.0004036622135386132,synthetic_repeat_mean,5,30;30;30;30;30,synthetic_complete
mlp213_N2000_K200_H200_nominal_t0p05,mlp213,J_user,-0.5668679791666666,0.006636896691787829,synthetic_repeat_mean,5,30;30;30;30;30,synthetic_complete
mlp213_N2000_K200_H200_nominal_t0p05,mlp213,J_network,-113.37359583333333,1.3273793383575727,synthetic_repeat_mean,5,30;30;30;30;30,synthetic_complete
mlp213_N2000_K300_H200_nominal_t0p05,mlp213,outage_percent,1.712811111111111,0.12338507798407312,synthetic_repeat_mean,5,30;30;30;30;30,synthetic_complete
mlp213_N2000_K300_H200_nominal_t0p05,mlp213,hof_percent,1.7481494060592104,0.11821603516685261,synthetic_repeat_mean,5,30;30;30;30;30,synthetic_complete
mlp213_N2000_K300_H200_nominal_t0p05,mlp213,pp_percent,0.22288439955106623,0.010210113480476233,synthetic_repeat_mean,5,30;30;30;30;30,synthetic_complete
mlp213_N2000_K300_H200_nominal_t0p05,mlp213,tp_Mbps,192.2689828888889,0.6172816676159691,synthetic_repeat_mean,5,30;30;30;30;30,synthetic_complete
mlp213_N2000_K300_H200_nominal_t0p05,mlp213,served_p5tp_Mbps,57.480000000000004,0.0182574185835045,synthetic_repeat_mean,5,30;30;30;30;30,synthetic_complete
mlp213_N2000_K300_H200_nominal_t0p05,mlp213,peak_normalized,0.9588187290049577,0.0009097948939802,synthetic_repeat_mean,5,30;30;30;30;30,synthetic_complete
mlp213_N2000_K300_H200_nominal_t0p05,mlp213,active_load_variance,0.035817682496802276,0.000057880513619933465,synthetic_repeat_mean,5,30;30;30;30;30,synthetic_complete
mlp213_N2000_K300_H200_nominal_t0p05,mlp213,mse_user_vector,0.0677389499586484,0.002582125190824291,synthetic_repeat_mean,5,30;30;30;30;30,synthetic_complete
mlp213_N2000_K300_H200_nominal_t0p05,mlp213,persistence_mse_user_vector,0.06560022222222223,0.002352221093790734,synthetic_repeat_mean,5,30;30;30;30;30,synthetic_complete
mlp213_N2000_K300_H200_nominal_t0p05,mlp213,Cbar,0.025763055555555556,0.0005879618279370787,synthetic_repeat_mean,5,30;30;30;30;30,synthetic_complete
mlp213_N2000_K300_H200_nominal_t0p05,mlp213,Lbar,0.48571532222222225,0.0007838671500647398,synthetic_repeat_mean,5,30;30;30;30;30,synthetic_complete
mlp213_N2000_K300_H200_nominal_t0p05,mlp213,J_user,-0.4597410175925926,0.008643648435263879,synthetic_repeat_mean,5,30;30;30;30;30,synthetic_complete
mlp213_N2000_K300_H200_nominal_t0p05,mlp213,J_network,-137.92230527777778,2.5930945305791617,synthetic_repeat_mean,5,30;30;30;30;30,synthetic_complete
mlp213_N2000_K400_H200_nominal_t0p05,mlp213,outage_percent,2.5961166666666666,0.1785018124518938,synthetic_repeat_mean,5,30;30;30;30;30,synthetic_complete
mlp213_N2000_K400_H200_nominal_t0p05,mlp213,hof_percent,2.7430150557527453,0.17304696612510795,synthetic_repeat_mean,5,30;30;30;30;30,synthetic_complete
mlp213_N2000_K400_H200_nominal_t0p05,mlp213,pp_percent,0.21505050505050505,0.009629018899424796,synthetic_repeat_mean,5,30;30;30;30;30,synthetic_complete
mlp213_N2000_K400_H200_nominal_t0p05,mlp213,tp_Mbps,187.75216616666665,0.6968003508193965,synthetic_repeat_mean,5,30;30;30;30;30,synthetic_complete
mlp213_N2000_K400_H200_nominal_t0p05,mlp213,served_p5tp_Mbps,57.87233333333334,0.026760252448569288,synthetic_repeat_mean,5,30;30;30;30;30,synthetic_complete
mlp213_N2000_K400_H200_nominal_t0p05,mlp213,peak_normalized,0.9835887118698121,0.0009892444080406774,synthetic_repeat_mean,5,30;30;30;30;30,synthetic_complete
mlp213_N2000_K400_H200_nominal_t0p05,mlp213,active_load_variance,0.04524551644189576,0.000047365872195061174,synthetic_repeat_mean,5,30;30;30;30;30,synthetic_complete
mlp213_N2000_K400_H200_nominal_t0p05,mlp213,mse_user_vector,0.09234586939896378,0.004215086909265884,synthetic_repeat_mean,5,30;30;30;30;30,synthetic_complete
mlp213_N2000_K400_H200_nominal_t0p05,mlp213,persistence_mse_user_vector,0.090615,0.003995942169181683,synthetic_repeat_mean,5,30;30;30;30;30,synthetic_complete
mlp213_N2000_K400_H200_nominal_t0p05,mlp213,Cbar,0.025281025,0.0005537918097772726,synthetic_repeat_mean,5,30;30;30;30;30,synthetic_complete
mlp213_N2000_K400_H200_nominal_t0p05,mlp213,Lbar,0.5985670166666667,0.0018925913302213846,synthetic_repeat_mean,5,30;30;30;30;30,synthetic_complete
mlp213_N2000_K400_H200_nominal_t0p05,mlp213,J_user,-0.34057083819444445,0.011159898298573551,synthetic_repeat_mean,5,30;30;30;30;30,synthetic_complete
mlp213_N2000_K400_H200_nominal_t0p05,mlp213,J_network,-136.22833527777777,4.463959319429412,synthetic_repeat_mean,5,30;30;30;30;30,synthetic_complete
mlp213_N2000_K500_H200_nominal_t0p05,mlp213,outage_percent,4.12588,0.2510596272689906,synthetic_repeat_mean,5,30;30;30;30;30,synthetic_complete
mlp213_N2000_K500_H200_nominal_t0p05,mlp213,hof_percent,4.525057713000795,0.24326527727621874,synthetic_repeat_mean,5,30;30;30;30;30,synthetic_complete
mlp213_N2000_K500_H200_nominal_t0p05,mlp213,pp_percent,0.20392592592592593,0.008823656159736626,synthetic_repeat_mean,5,30;30;30;30;30,synthetic_complete
mlp213_N2000_K500_H200_nominal_t0p05,mlp213,tp_Mbps,182.19473486666666,0.8133558988661167,synthetic_repeat_mean,5,30;30;30;30;30,synthetic_complete
mlp213_N2000_K500_H200_nominal_t0p05,mlp213,served_p5tp_Mbps,57.869,0.003248931448271074,synthetic_repeat_mean,5,30;30;30;30;30,synthetic_complete
mlp213_N2000_K500_H200_nominal_t0p05,mlp213,peak_normalized,0.9918770742980477,0.0005830602714907416,synthetic_repeat_mean,5,30;30;30;30;30,synthetic_complete
mlp213_N2000_K500_H200_nominal_t0p05,mlp213,active_load_variance,0.046471110025345194,0.00016757281017235797,synthetic_repeat_mean,5,30;30;30;30;30,synthetic_complete
mlp213_N2000_K500_H200_nominal_t0p05,mlp213,mse_user_vector,0.11477851095792267,0.0032982711323894034,synthetic_repeat_mean,5,30;30;30;30;30,synthetic_complete
mlp213_N2000_K500_H200_nominal_t0p05,mlp213,persistence_mse_user_vector,0.11350973333333335,0.003143198816492521,synthetic_repeat_mean,5,30;30;30;30;30,synthetic_complete
mlp213_N2000_K500_H200_nominal_t0p05,mlp213,Cbar,0.024378833333333332,0.0004933792574345498,synthetic_repeat_mean,5,30;30;30;30;30,synthetic_complete
mlp213_N2000_K500_H200_nominal_t0p05,mlp213,Lbar,0.69053104,0.002989216199422331,synthetic_repeat_mean,5,30;30;30;30;30,synthetic_complete
mlp213_N2000_K500_H200_nominal_t0p05,mlp213,J_user,-0.19539579194444445,0.014694036492870384,synthetic_repeat_mean,5,30;30;30;30;30,synthetic_complete
mlp213_N2000_K500_H200_nominal_t0p05,mlp213,J_network,-97.69789597222223,7.347018246435192,synthetic_repeat_mean,5,30;30;30;30;30,synthetic_complete
kan_generic_N500_K100_H50_nominal_t0p05,kan_generic,outage_percent,1.0138666666666667,0.12356680604254347,synthetic_repeat_mean,5,30;30;30;30;30,synthetic_complete
kan_generic_N500_K100_H50_nominal_t0p05,kan_generic,hof_percent,0.9009671939904538,0.1375654108778336,synthetic_repeat_mean,5,30;30;30;30;30,synthetic_complete
kan_generic_N500_K100_H50_nominal_t0p05,kan_generic,pp_percent,0.2811111111111111,0.017991338794123648,synthetic_repeat_mean,5,30;30;30;30;30,synthetic_complete
kan_generic_N500_K100_H50_nominal_t0p05,kan_generic,tp_Mbps,196.71495333333334,0.8969220034837676,synthetic_repeat_mean,5,30;30;30;30;30,synthetic_complete
kan_generic_N500_K100_H50_nominal_t0p05,kan_generic,served_p5tp_Mbps,65.58266666666667,0.06317524128257189,synthetic_repeat_mean,5,30;30;30;30;30,synthetic_complete
kan_generic_N500_K100_H50_nominal_t0p05,kan_generic,peak_normalized,0.736105438473911,0.006718735883846761,synthetic_repeat_mean,5,30;30;30;30;30,synthetic_complete
kan_generic_N500_K100_H50_nominal_t0p05,kan_generic,active_load_variance,0.023935260030894648,0.00005711205866038392,synthetic_repeat_mean,5,30;30;30;30;30,synthetic_complete
kan_generic_N500_K100_H50_nominal_t0p05,kan_generic,mse_user_vector,0.04894169567127022,0.0015270985530671626,synthetic_repeat_mean,5,30;30;30;30;30,synthetic_complete
kan_generic_N500_K100_H50_nominal_t0p05,kan_generic,persistence_mse_user_vector,0.04667866666666667,0.001659236102682331,synthetic_repeat_mean,5,30;30;30;30;30,synthetic_complete
kan_generic_N500_K100_H50_nominal_t0p05,kan_generic,Cbar,0.026486666666666665,0.0011099793791878392,synthetic_repeat_mean,5,30;30;30;30;30,synthetic_complete
kan_generic_N500_K100_H50_nominal_t0p05,kan_generic,Lbar,0.3798805333333333,0.0007754868578297444,synthetic_repeat_mean,5,30;30;30;30;30,synthetic_complete
kan_generic_N500_K100_H50_nominal_t0p05,kan_generic,J_user,-0.5657687055555556,0.010106920135034817,synthetic_repeat_mean,5,30;30;30;30;30,synthetic_complete
kan_generic_N500_K100_H50_nominal_t0p05,kan_generic,J_network,-56.57687055555555,1.0106920135034818,synthetic_repeat_mean,5,30;30;30;30;30,synthetic_complete
kan_generic_N500_K100_H200_nominal_t0p05,kan_generic,outage_percent,1.0115666666666667,0.1220540408544055,synthetic_repeat_mean,5,30;30;30;30;30,synthetic_complete
kan_generic_N500_K100_H200_nominal_t0p05,kan_generic,hof_percent,1.0400767432540843,0.12882057445658587,synthetic_repeat_mean,5,30;30;30;30;30,synthetic_complete
kan_generic_N500_K100_H200_nominal_t0p05,kan_generic,pp_percent,0.25636363636363635,0.02054334274864222,synthetic_repeat_mean,5,30;30;30;30;30,synthetic_complete
kan_generic_N500_K100_H200_nominal_t0p05,kan_generic,tp_Mbps,196.60471066666668,0.890216105591006,synthetic_repeat_mean,5,30;30;30;30;30,synthetic_complete
kan_generic_N500_K100_H200_nominal_t0p05,kan_generic,served_p5tp_Mbps,65.68,0.06912147117775926,synthetic_repeat_mean,5,30;30;30;30;30,synthetic_complete
kan_generic_N500_K100_H200_nominal_t0p05,kan_generic,peak_normalized,0.8483201599488208,0.006856817759585554,synthetic_repeat_mean,5,30;30;30;30;30,synthetic_complete
kan_generic_N500_K100_H200_nominal_t0p05,kan_generic,active_load_variance,0.024568747017742504,0.00003363688546408901,synthetic_repeat_mean,5,30;30;30;30;30,synthetic_complete
kan_generic_N500_K100_H200_nominal_t0p05,kan_generic,mse_user_vector,0.044813594787405736,0.0016864036239088779,synthetic_repeat_mean,5,30;30;30;30;30,synthetic_complete
kan_generic_N500_K100_H200_nominal_t0p05,kan_generic,persistence_mse_user_vector,0.04249933333333333,0.001750702081388428,synthetic_repeat_mean,5,30;30;30;30;30,synthetic_complete
kan_generic_N500_K100_H200_nominal_t0p05,kan_generic,Cbar,0.026999366666666667,0.0011316334089369322,synthetic_repeat_mean,5,30;30;30;30;30,synthetic_complete
kan_generic_N500_K100_H200_nominal_t0p05,kan_generic,Lbar,0.3831023666666667,0.0008110182420198082,synthetic_repeat_mean,5,30;30;30;30;30,synthetic_complete
kan_generic_N500_K100_H200_nominal_t0p05,kan_generic,J_user,-0.5635570944444445,0.009974628946793953,synthetic_repeat_mean,5,30;30;30;30;30,synthetic_complete
kan_generic_N500_K100_H200_nominal_t0p05,kan_generic,J_network,-56.35570944444444,0.9974628946793969,synthetic_repeat_mean,5,30;30;30;30;30,synthetic_complete
kan_generic_N500_K100_H800_nominal_t0p05,kan_generic,outage_percent,1.0803166666666666,0.13020720199508512,synthetic_repeat_mean,5,30;30;30;30;30,synthetic_complete
kan_generic_N500_K100_H800_nominal_t0p05,kan_generic,hof_percent,1.093269924937938,0.13922835586623236,synthetic_repeat_mean,5,30;30;30;30;30,synthetic_complete
kan_generic_N500_K100_H800_nominal_t0p05,kan_generic,pp_percent,0.2535672514619883,0.019907785442326124,synthetic_repeat_mean,5,30;30;30;30;30,synthetic_complete
kan_generic_N500_K100_H800_nominal_t0p05,kan_generic,tp_Mbps,196.5461695,0.9012395933688135,synthetic_repeat_mean,5,30;30;30;30;30,synthetic_complete
kan_generic_N500_K100_H800_nominal_t0p05,kan_generic,served_p5tp_Mbps,65.78733333333334,0.06889605697474152,synthetic_repeat_mean,5,30;30;30;30;30,synthetic_complete
kan_generic_N500_K100_H800_nominal_t0p05,kan_generic,peak_normalized,0.9029219304464874,0.005888135118928205,synthetic_repeat_mean,5,30;30;30;30;30,synthetic_complete
kan_generic_N500_K100_H800_nominal_t0p05,kan_generic,active_load_variance,0.02453531469434477,0.00009013898043062934,synthetic_repeat_mean,5,30;30;30;30;30,synthetic_complete
kan_generic_N500_K100_H800_nominal_t0p05,kan_generic,mse_user_vector,0.04269011837924364,0.0012412636149711875,synthetic_repeat_mean,5,30;30;30;30;30,synthetic_complete
kan_generic_N500_K100_H800_nominal_t0p05,kan_generic,persistence_mse_user_vector,0.04038066666666667,0.0013703657257178512,synthetic_repeat_mean,5,30;30;30;30;30,synthetic_complete
kan_generic_N500_K100_H800_nominal_t0p05,kan_generic,Cbar,0.027193683333333333,0.0011112474653920603,synthetic_repeat_mean,5,30;30;30;30;30,synthetic_complete
kan_generic_N500_K100_H800_nominal_t0p05,kan_generic,Lbar,0.3828980166666667,0.0010330276490901457,synthetic_repeat_mean,5,30;30;30;30;30,synthetic_complete
kan_generic_N500_K100_H800_nominal_t0p05,kan_generic,J_user,-0.5598806895833334,0.010303336903523945,synthetic_repeat_mean,5,30;30;30;30;30,synthetic_complete
kan_generic_N500_K100_H800_nominal_t0p05,kan_generic,J_network,-55.988068958333336,1.0303336903523939,synthetic_repeat_mean,5,30;30;30;30;30,synthetic_complete
kan_generic_N1000_K100_H50_nominal_t0p05,kan_generic,outage_percent,0.9698666666666667,0.17292734505180687,synthetic_repeat_mean,5,30;30;30;30;30,synthetic_complete
kan_generic_N1000_K100_H50_nominal_t0p05,kan_generic,hof_percent,0.9830671192723077,0.1528907445450885,synthetic_repeat_mean,5,30;30;30;30;30,synthetic_complete
kan_generic_N1000_K100_H50_nominal_t0p05,kan_generic,pp_percent,0.25875,0.03548672265182995,synthetic_repeat_mean,5,30;30;30;30;30,synthetic_complete
kan_generic_N1000_K100_H50_nominal_t0p05,kan_generic,tp_Mbps,200.33954,1.378408949469567,synthetic_repeat_mean,5,30;30;30;30;30,synthetic_complete
kan_generic_N1000_K100_H50_nominal_t0p05,kan_generic,served_p5tp_Mbps,66.38466666666667,0.10597038370329187,synthetic_repeat_mean,5,30;30;30;30;30,synthetic_complete
kan_generic_N1000_K100_H50_nominal_t0p05,kan_generic,peak_normalized,0.6288660102191086,0.005248747190710315,synthetic_repeat_mean,5,30;30;30;30;30,synthetic_complete
kan_generic_N1000_K100_H50_nominal_t0p05,kan_generic,active_load_variance,0.015403213619149597,0.00016584265026151372,synthetic_repeat_mean,5,30;30;30;30;30,synthetic_complete
kan_generic_N1000_K100_H50_nominal_t0p05,kan_generic,mse_user_vector,0.03061531503715632,0.0025626689547705197,synthetic_repeat_mean,5,30;30;30;30;30,synthetic_complete
kan_generic_N1000_K100_H50_nominal_t0p05,kan_generic,persistence_mse_user_vector,0.028544,0.002815929292041578,synthetic_repeat_mean,5,30;30;30;30;30,synthetic_complete
kan_generic_N1000_K100_H50_nominal_t0p05,kan_generic,Cbar,0.0269996,0.001879320598277768,synthetic_repeat_mean,5,30;30;30;30;30,synthetic_complete
kan_generic_N1000_K100_H50_nominal_t0p05,kan_generic,Lbar,0.2938624,0.0015844174954853338,synthetic_repeat_mean,5,30;30;30;30;30,synthetic_complete
kan_generic_N1000_K100_H50_nominal_t0p05,kan_generic,J_user,-0.62582375,0.014555819107916654,synthetic_repeat_mean,5,30;30;30;30;30,synthetic_complete
kan_generic_N1000_K100_H50_nominal_t0p05,kan_generic,J_network,-62.582375,1.4555819107916643,synthetic_repeat_mean,5,30;30;30;30;30,synthetic_complete
kan_generic_N1000_K100_H200_nominal_t0p05,kan_generic,outage_percent,0.9498,0.19195418290137184,synthetic_repeat_mean,5,30;30;30;30;30,synthetic_complete
kan_generic_N1000_K100_H200_nominal_t0p05,kan_generic,hof_percent,0.9511820464053499,0.19233581869858812,synthetic_repeat_mean,5,30;30;30;30;30,synthetic_complete
kan_generic_N1000_K100_H200_nominal_t0p05,kan_generic,pp_percent,0.25744107744107747,0.03525688247089185,synthetic_repeat_mean,5,30;30;30;30;30,synthetic_complete
kan_generic_N1000_K100_H200_nominal_t0p05,kan_generic,tp_Mbps,200.349822,1.437409703182544,synthetic_repeat_mean,5,30;30;30;30;30,synthetic_complete
kan_generic_N1000_K100_H200_nominal_t0p05,kan_generic,served_p5tp_Mbps,66.06,0.10381607668264983,synthetic_repeat_mean,5,30;30;30;30;30,synthetic_complete
kan_generic_N1000_K100_H200_nominal_t0p05,kan_generic,peak_normalized,0.7015883440602019,0.006541092954447311,synthetic_repeat_mean,5,30;30;30;30;30,synthetic_complete
kan_generic_N1000_K100_H200_nominal_t0p05,kan_generic,active_load_variance,0.015204055179830806,0.0000451546490565611,synthetic_repeat_mean,5,30;30;30;30;30,synthetic_complete
kan_generic_N1000_K100_H200_nominal_t0p05,kan_generic,mse_user_vector,0.03313479779242035,0.0024619260674314863,synthetic_repeat_mean,5,30;30;30;30;30,synthetic_complete
kan_generic_N1000_K100_H200_nominal_t0p05,kan_generic,persistence_mse_user_vector,0.031168,0.0022229829808915183,synthetic_repeat_mean,5,30;30;30;30;30,synthetic_complete
kan_generic_N1000_K100_H200_nominal_t0p05,kan_generic,Cbar,0.02750283333333333,0.0018390001699293019,synthetic_repeat_mean,5,30;30;30;30;30,synthetic_complete
kan_generic_N1000_K100_H200_nominal_t0p05,kan_generic,Lbar,0.29254966666666665,0.0009026964006058024,synthetic_repeat_mean,5,30;30;30;30;30,synthetic_complete
kan_generic_N1000_K100_H200_nominal_t0p05,kan_generic,J_user,-0.627274675,0.016047342121606384,synthetic_repeat_mean,5,30;30;30;30;30,synthetic_complete
kan_generic_N1000_K100_H200_nominal_t0p05,kan_generic,J_network,-62.7274675,1.604734212160638,synthetic_repeat_mean,5,30;30;30;30;30,synthetic_complete
kan_generic_N1000_K100_H800_nominal_t0p05,kan_generic,outage_percent,1.002375,0.2111996632171925,synthetic_repeat_mean,5,30;30;30;30;30,synthetic_complete
kan_generic_N1000_K100_H800_nominal_t0p05,kan_generic,hof_percent,0.9873937732474933,0.21018083774937368,synthetic_repeat_mean,5,30;30;30;30;30,synthetic_complete
kan_generic_N1000_K100_H800_nominal_t0p05,kan_generic,pp_percent,0.2519131161236424,0.035029606867623284,synthetic_repeat_mean,5,30;30;30;30;30,synthetic_complete
kan_generic_N1000_K100_H800_nominal_t0p05,kan_generic,tp_Mbps,200.26129325,1.4735379123998193,synthetic_repeat_mean,5,30;30;30;30;30,synthetic_complete
kan_generic_N1000_K100_H800_nominal_t0p05,kan_generic,served_p5tp_Mbps,65.96,0.11642832797715248,synthetic_repeat_mean,5,30;30;30;30;30,synthetic_complete
kan_generic_N1000_K100_H800_nominal_t0p05,kan_generic,peak_normalized,0.7740043473157314,0.007909650490493652,synthetic_repeat_mean,5,30;30;30;30;30,synthetic_complete
kan_generic_N1000_K100_H800_nominal_t0p05,kan_generic,active_load_variance,0.015179574982720392,0.00004286955156313677,synthetic_repeat_mean,5,30;30;30;30;30,synthetic_complete
kan_generic_N1000_K100_H800_nominal_t0p05,kan_generic,mse_user_vector,0.0338704003675115,0.0031515866452356384,synthetic_repeat_mean,5,30;30;30;30;30,synthetic_complete
kan_generic_N1000_K100_H800_nominal_t0p05,kan_generic,persistence_mse_user_vector,0.031989333333333335,0.002881826581257875,synthetic_repeat_mean,5,30;30;30;30;30,synthetic_complete
kan_generic_N1000_K100_H800_nominal_t0p05,kan_generic,Cbar,0.027668458333333333,0.0018465479838328666,synthetic_repeat_mean,5,30;30;30;30;30,synthetic_complete
kan_generic_N1000_K100_H800_nominal_t0p05,kan_generic,Lbar,0.292380775,0.0009839420390880284,synthetic_repeat_mean,5,30;30;30;30;30,synthetic_complete
kan_generic_N1000_K100_H800_nominal_t0p05,kan_generic,J_user,-0.6242786885416667,0.01712402004817494,synthetic_repeat_mean,5,30;30;30;30;30,synthetic_complete
kan_generic_N1000_K100_H800_nominal_t0p05,kan_generic,J_network,-62.42786885416667,1.7124020048174982,synthetic_repeat_mean,5,30;30;30;30;30,synthetic_complete
kan_generic_N2000_K100_H50_nominal_t0p05,kan_generic,outage_percent,0.9305333333333333,0.08654529963486685,synthetic_repeat_mean,5,30;30;30;30;30,synthetic_complete
kan_generic_N2000_K100_H50_nominal_t0p05,kan_generic,hof_percent,0.8897965470993016,0.0672270292490805,synthetic_repeat_mean,5,30;30;30;30;30,synthetic_complete
kan_generic_N2000_K100_H50_nominal_t0p05,kan_generic,pp_percent,0.23694444444444443,0.014848774734337876,synthetic_repeat_mean,5,30;30;30;30;30,synthetic_complete
kan_generic_N2000_K100_H50_nominal_t0p05,kan_generic,tp_Mbps,201.136524,0.644296060046244,synthetic_repeat_mean,5,30;30;30;30;30,synthetic_complete
kan_generic_N2000_K100_H50_nominal_t0p05,kan_generic,served_p5tp_Mbps,56.79033333333338,0.6345015541527145,synthetic_repeat_mean,5,30;30;30;30;30,synthetic_complete
kan_generic_N2000_K100_H50_nominal_t0p05,kan_generic,peak_normalized,0.511207777139967,0.00484375365372425,synthetic_repeat_mean,5,30;30;30;30;30,synthetic_complete
kan_generic_N2000_K100_H50_nominal_t0p05,kan_generic,active_load_variance,0.009200448971564024,0.00002787252366917547,synthetic_repeat_mean,5,30;30;30;30;30,synthetic_complete
kan_generic_N2000_K100_H50_nominal_t0p05,kan_generic,mse_user_vector,0.022545249417231406,0.0004814410478967244,synthetic_repeat_mean,5,30;30;30;30;30,synthetic_complete
kan_generic_N2000_K100_H50_nominal_t0p05,kan_generic,persistence_mse_user_vector,0.02070666666666667,0.00048162341212934387,synthetic_repeat_mean,5,30;30;30;30;30,synthetic_complete
kan_generic_N2000_K100_H50_nominal_t0p05,kan_generic,Cbar,0.0269992,0.0008766577185855121,synthetic_repeat_mean,5,30;30;30;30;30,synthetic_complete
kan_generic_N2000_K100_H50_nominal_t0p05,kan_generic,Lbar,0.22876946666666667,0.00024674206054997285,synthetic_repeat_mean,5,30;30;30;30;30,synthetic_complete
kan_generic_N2000_K100_H50_nominal_t0p05,kan_generic,J_user,-0.66365785,0.007340407564094876,synthetic_repeat_mean,5,30;30;30;30;30,synthetic_complete
kan_generic_N2000_K100_H50_nominal_t0p05,kan_generic,J_network,-66.365785,0.7340407564094917,synthetic_repeat_mean,5,30;30;30;30;30,synthetic_complete
kan_generic_N2000_K100_H200_nominal_t0p05,kan_generic,outage_percent,0.9399333333333333,0.08368995359858508,synthetic_repeat_mean,5,30;30;30;30;30,synthetic_complete
kan_generic_N2000_K100_H200_nominal_t0p05,kan_generic,hof_percent,0.949120574621118,0.07999381940730656,synthetic_repeat_mean,5,30;30;30;30;30,synthetic_complete
kan_generic_N2000_K100_H200_nominal_t0p05,kan_generic,pp_percent,0.24225589225589225,0.015314314308636572,synthetic_repeat_mean,5,30;30;30;30;30,synthetic_complete
kan_generic_N2000_K100_H200_nominal_t0p05,kan_generic,tp_Mbps,201.09187166666666,0.6382853743069521,synthetic_repeat_mean,5,30;30;30;30;30,synthetic_complete
kan_generic_N2000_K100_H200_nominal_t0p05,kan_generic,served_p5tp_Mbps,59.6036666666667,1.3403872781982207,synthetic_repeat_mean,5,30;30;30;30;30,synthetic_complete
kan_generic_N2000_K100_H200_nominal_t0p05,kan_generic,peak_normalized,0.5952610410268824,0.003536400737382537,synthetic_repeat_mean,5,30;30;30;30;30,synthetic_complete
kan_generic_N2000_K100_H200_nominal_t0p05,kan_generic,active_load_variance,0.009182509744755948,0.000014507574687788368,synthetic_repeat_mean,5,30;30;30;30;30,synthetic_complete
kan_generic_N2000_K100_H200_nominal_t0p05,kan_generic,mse_user_vector,0.022092546844010515,0.0007538083602133511,synthetic_repeat_mean,5,30;30;30;30;30,synthetic_complete
kan_generic_N2000_K100_H200_nominal_t0p05,kan_generic,persistence_mse_user_vector,0.020508000000000002,0.0008864116174529502,synthetic_repeat_mean,5,30;30;30;30;30,synthetic_complete
kan_generic_N2000_K100_H200_nominal_t0p05,kan_generic,Cbar,0.027648433333333333,0.0008221252151858901,synthetic_repeat_mean,5,30;30;30;30;30,synthetic_complete
kan_generic_N2000_K100_H200_nominal_t0p05,kan_generic,Lbar,0.22869620000000002,0.0003496977941340476,synthetic_repeat_mean,5,30;30;30;30;30,synthetic_complete
kan_generic_N2000_K100_H200_nominal_t0p05,kan_generic,J_user,-0.6627138152777778,0.007085802706230496,synthetic_repeat_mean,5,30;30;30;30;30,synthetic_complete
kan_generic_N2000_K100_H200_nominal_t0p05,kan_generic,J_network,-66.27138152777778,0.7085802706230502,synthetic_repeat_mean,5,30;30;30;30;30,synthetic_complete
kan_generic_N2000_K100_H800_nominal_t0p05,kan_generic,outage_percent,1.0272416666666666,0.09465308276220534,synthetic_repeat_mean,5,30;30;30;30;30,synthetic_complete
kan_generic_N2000_K100_H800_nominal_t0p05,kan_generic,hof_percent,1.046426153877574,0.09136147270044354,synthetic_repeat_mean,5,30;30;30;30;30,synthetic_complete
kan_generic_N2000_K100_H800_nominal_t0p05,kan_generic,pp_percent,0.2450125313283208,0.01506925447348818,synthetic_repeat_mean,5,30;30;30;30;30,synthetic_complete
kan_generic_N2000_K100_H800_nominal_t0p05,kan_generic,tp_Mbps,200.97483083333333,0.660013670435817,synthetic_repeat_mean,5,30;30;30;30;30,synthetic_complete
kan_generic_N2000_K100_H800_nominal_t0p05,kan_generic,served_p5tp_Mbps,59.170666666666676,0.957926435356896,synthetic_repeat_mean,5,30;30;30;30;30,synthetic_complete
kan_generic_N2000_K100_H800_nominal_t0p05,kan_generic,peak_normalized,0.6709960219431775,0.0036126075480588733,synthetic_repeat_mean,5,30;30;30;30;30,synthetic_complete
kan_generic_N2000_K100_H800_nominal_t0p05,kan_generic,active_load_variance,0.009177492068108684,0.00001865425378422311,synthetic_repeat_mean,5,30;30;30;30;30,synthetic_complete
kan_generic_N2000_K100_H800_nominal_t0p05,kan_generic,mse_user_vector,0.022285283483212553,0.001007305391321391,synthetic_repeat_mean,5,30;30;30;30;30,synthetic_complete
kan_generic_N2000_K100_H800_nominal_t0p05,kan_generic,persistence_mse_user_vector,0.020527333333333335,0.000888186041572623,synthetic_repeat_mean,5,30;30;30;30;30,synthetic_complete
kan_generic_N2000_K100_H800_nominal_t0p05,kan_generic,Cbar,0.027723583333333333,0.0008212457535193789,synthetic_repeat_mean,5,30;30;30;30;30,synthetic_complete
kan_generic_N2000_K100_H800_nominal_t0p05,kan_generic,Lbar,0.22848232500000001,0.0003894218085383442,synthetic_repeat_mean,5,30;30;30;30;30,synthetic_complete
kan_generic_N2000_K100_H800_nominal_t0p05,kan_generic,J_user,-0.6579300909722222,0.007700168290548703,synthetic_repeat_mean,5,30;30;30;30;30,synthetic_complete
kan_generic_N2000_K100_H800_nominal_t0p05,kan_generic,J_network,-65.79300909722222,0.7700168290548701,synthetic_repeat_mean,5,30;30;30;30;30,synthetic_complete
kan_generic_N2000_K200_H200_nominal_t0p05,kan_generic,outage_percent,1.35845,0.127361643340703,synthetic_repeat_mean,5,30;30;30;30;30,synthetic_complete
kan_generic_N2000_K200_H200_nominal_t0p05,kan_generic,hof_percent,1.3770998362640081,0.13379779978057013,synthetic_repeat_mean,5,30;30;30;30;30,synthetic_complete
kan_generic_N2000_K200_H200_nominal_t0p05,kan_generic,pp_percent,0.23962962962962964,0.014832547926809849,synthetic_repeat_mean,5,30;30;30;30;30,synthetic_complete
kan_generic_N2000_K200_H200_nominal_t0p05,kan_generic,tp_Mbps,196.43092483333334,0.7131415087422079,synthetic_repeat_mean,5,30;30;30;30;30,synthetic_complete
kan_generic_N2000_K200_H200_nominal_t0p05,kan_generic,served_p5tp_Mbps,54.528666666666666,0.008692269873601893,synthetic_repeat_mean,5,30;30;30;30;30,synthetic_complete
kan_generic_N2000_K200_H200_nominal_t0p05,kan_generic,peak_normalized,0.8526182140803207,0.0040918563222575085,synthetic_repeat_mean,5,30;30;30;30;30,synthetic_complete
kan_generic_N2000_K200_H200_nominal_t0p05,kan_generic,active_load_variance,0.022209552796931313,0.000054329695407519676,synthetic_repeat_mean,5,30;30;30;30;30,synthetic_complete
kan_generic_N2000_K200_H200_nominal_t0p05,kan_generic,mse_user_vector,0.043021444539232366,0.002429343516584272,synthetic_repeat_mean,5,30;30;30;30;30,synthetic_complete
kan_generic_N2000_K200_H200_nominal_t0p05,kan_generic,persistence_mse_user_vector,0.040981666666666666,0.002519139237914412,synthetic_repeat_mean,5,30;30;30;30;30,synthetic_complete
kan_generic_N2000_K200_H200_nominal_t0p05,kan_generic,Cbar,0.027432616666666666,0.0007973447462951293,synthetic_repeat_mean,5,30;30;30;30;30,synthetic_complete
kan_generic_N2000_K200_H200_nominal_t0p05,kan_generic,Lbar,0.35659128333333334,0.0009001610785637871,synthetic_repeat_mean,5,30;30;30;30;30,synthetic_complete
kan_generic_N2000_K200_H200_nominal_t0p05,kan_generic,J_user,-0.5585277368055556,0.009292289569623672,synthetic_repeat_mean,5,30;30;30;30;30,synthetic_complete
kan_generic_N2000_K200_H200_nominal_t0p05,kan_generic,J_network,-111.70554736111112,1.8584579139247337,synthetic_repeat_mean,5,30;30;30;30;30,synthetic_complete
kan_generic_N2000_K300_H200_nominal_t0p05,kan_generic,outage_percent,1.970888888888889,0.17506407997863369,synthetic_repeat_mean,5,30;30;30;30;30,synthetic_complete
kan_generic_N2000_K300_H200_nominal_t0p05,kan_generic,hof_percent,2.0152696130788117,0.18587978977424047,synthetic_repeat_mean,5,30;30;30;30;30,synthetic_complete
kan_generic_N2000_K300_H200_nominal_t0p05,kan_generic,pp_percent,0.2357912457912458,0.013911142031686195,synthetic_repeat_mean,5,30;30;30;30;30,synthetic_complete
kan_generic_N2000_K300_H200_nominal_t0p05,kan_generic,tp_Mbps,192.02783633333334,0.7974759705450053,synthetic_repeat_mean,5,30;30;30;30;30,synthetic_complete
kan_generic_N2000_K300_H200_nominal_t0p05,kan_generic,served_p5tp_Mbps,57.526666666666664,0.014907119849997751,synthetic_repeat_mean,5,30;30;30;30;30,synthetic_complete
kan_generic_N2000_K300_H200_nominal_t0p05,kan_generic,peak_normalized,0.9516131447415809,0.004613916077718169,synthetic_repeat_mean,5,30;30;30;30;30,synthetic_complete
kan_generic_N2000_K300_H200_nominal_t0p05,kan_generic,active_load_variance,0.03561413148321942,0.000028612399027273917,synthetic_repeat_mean,5,30;30;30;30;30,synthetic_complete
kan_generic_N2000_K300_H200_nominal_t0p05,kan_generic,mse_user_vector,0.06973397151662873,0.0015436923237409066,synthetic_repeat_mean,5,30;30;30;30;30,synthetic_complete
kan_generic_N2000_K300_H200_nominal_t0p05,kan_generic,persistence_mse_user_vector,0.06749155555555555,0.0017808684245836396,synthetic_repeat_mean,5,30;30;30;30;30,synthetic_complete
kan_generic_N2000_K300_H200_nominal_t0p05,kan_generic,Cbar,0.02708592222222222,0.0007503718497937957,synthetic_repeat_mean,5,30;30;30;30;30,synthetic_complete
kan_generic_N2000_K300_H200_nominal_t0p05,kan_generic,Lbar,0.47927328888888887,0.0013447500263370077,synthetic_repeat_mean,5,30;30;30;30;30,synthetic_complete
kan_generic_N2000_K300_H200_nominal_t0p05,kan_generic,J_user,-0.4483919347222222,0.011779421604987477,synthetic_repeat_mean,5,30;30;30;30;30,synthetic_complete
kan_generic_N2000_K300_H200_nominal_t0p05,kan_generic,J_network,-134.51758041666668,3.5338264814962455,synthetic_repeat_mean,5,30;30;30;30;30,synthetic_complete
kan_generic_N2000_K400_H200_nominal_t0p05,kan_generic,outage_percent,2.96205,0.2534208737182301,synthetic_repeat_mean,5,30;30;30;30;30,synthetic_complete
kan_generic_N2000_K400_H200_nominal_t0p05,kan_generic,hof_percent,3.1053585935513768,0.27213907163660706,synthetic_repeat_mean,5,30;30;30;30;30,synthetic_complete
kan_generic_N2000_K400_H200_nominal_t0p05,kan_generic,pp_percent,0.22694444444444445,0.013052411500800812,synthetic_repeat_mean,5,30;30;30;30;30,synthetic_complete
kan_generic_N2000_K400_H200_nominal_t0p05,kan_generic,tp_Mbps,187.366764,0.9240063315408873,synthetic_repeat_mean,5,30;30;30;30;30,synthetic_complete
kan_generic_N2000_K400_H200_nominal_t0p05,kan_generic,served_p5tp_Mbps,57.84666666666667,0.0182574185835045,synthetic_repeat_mean,5,30;30;30;30;30,synthetic_complete
kan_generic_N2000_K400_H200_nominal_t0p05,kan_generic,peak_normalized,0.9799189169118072,0.0019352964850910934,synthetic_repeat_mean,5,30;30;30;30;30,synthetic_complete
kan_generic_N2000_K400_H200_nominal_t0p05,kan_generic,active_load_variance,0.04525257048834237,0.000034950798703545185,synthetic_repeat_mean,5,30;30;30;30;30,synthetic_complete
kan_generic_N2000_K400_H200_nominal_t0p05,kan_generic,mse_user_vector,0.09935753204787202,0.0036781681291176917,synthetic_repeat_mean,5,30;30;30;30;30,synthetic_complete
kan_generic_N2000_K400_H200_nominal_t0p05,kan_generic,persistence_mse_user_vector,0.0973045,0.003943355372930802,synthetic_repeat_mean,5,30;30;30;30;30,synthetic_complete
kan_generic_N2000_K400_H200_nominal_t0p05,kan_generic,Cbar,0.02652110833333333,0.0006863572830277815,synthetic_repeat_mean,5,30;30;30;30;30,synthetic_complete
kan_generic_N2000_K400_H200_nominal_t0p05,kan_generic,Lbar,0.5892041666666666,0.0026369908292750164,synthetic_repeat_mean,5,30;30;30;30;30,synthetic_complete
kan_generic_N2000_K400_H200_nominal_t0p05,kan_generic,J_user,-0.3247297125,0.01554539107273319,synthetic_repeat_mean,5,30;30;30;30;30,synthetic_complete
kan_generic_N2000_K400_H200_nominal_t0p05,kan_generic,J_network,-129.891885,6.218156429093275,synthetic_repeat_mean,5,30;30;30;30;30,synthetic_complete
kan_generic_N2000_K500_H200_nominal_t0p05,kan_generic,outage_percent,4.594,0.35403434783145604,synthetic_repeat_mean,5,30;30;30;30;30,synthetic_complete
kan_generic_N2000_K500_H200_nominal_t0p05,kan_generic,hof_percent,4.970283916214684,0.3463686457439963,synthetic_repeat_mean,5,30;30;30;30;30,synthetic_complete
kan_generic_N2000_K500_H200_nominal_t0p05,kan_generic,pp_percent,0.21569023569023568,0.012173475058291356,synthetic_repeat_mean,5,30;30;30;30;30,synthetic_complete
kan_generic_N2000_K500_H200_nominal_t0p05,kan_generic,tp_Mbps,181.6698662,1.0805823905901353,synthetic_repeat_mean,5,30;30;30;30;30,synthetic_complete
kan_generic_N2000_K500_H200_nominal_t0p05,kan_generic,served_p5tp_Mbps,57.85333333333333,0.0182574185835045,synthetic_repeat_mean,5,30;30;30;30;30,synthetic_complete
kan_generic_N2000_K500_H200_nominal_t0p05,kan_generic,peak_normalized,0.9900635644456982,0.0014578496157036179,synthetic_repeat_mean,5,30;30;30;30;30,synthetic_complete
kan_generic_N2000_K500_H200_nominal_t0p05,kan_generic,active_load_variance,0.04710514656531658,0.00009973737691922928,synthetic_repeat_mean,5,30;30;30;30;30,synthetic_complete
kan_generic_N2000_K500_H200_nominal_t0p05,kan_generic,mse_user_vector,0.1262561204631948,0.0054355078869946305,synthetic_repeat_mean,5,30;30;30;30;30,synthetic_complete
kan_generic_N2000_K500_H200_nominal_t0p05,kan_generic,persistence_mse_user_vector,0.12469093333333334,0.005868312166959845,synthetic_repeat_mean,5,30;30;30;30;30,synthetic_complete
kan_generic_N2000_K500_H200_nominal_t0p05,kan_generic,Cbar,0.025526833333333332,0.0006131767512987857,synthetic_repeat_mean,5,30;30;30;30;30,synthetic_complete
kan_generic_N2000_K500_H200_nominal_t0p05,kan_generic,Lbar,0.6782921066666666,0.0043175610392262274,synthetic_repeat_mean,5,30;30;30;30;30,synthetic_complete
kan_generic_N2000_K500_H200_nominal_t0p05,kan_generic,J_user,-0.17534830583333333,0.020351213225327625,synthetic_repeat_mean,5,30;30;30;30;30,synthetic_complete
kan_generic_N2000_K500_H200_nominal_t0p05,kan_generic,J_network,-87.67415291666667,10.175606612663813,synthetic_repeat_mean,5,30;30;30;30;30,synthetic_complete
greedy_analytic_N2000_K100_H50_nominal_t0p05,greedy_analytic,outage_percent,0.9206666666666666,0.19379927997683644,synthetic_episode,30,30,synthetic_complete
greedy_analytic_N2000_K100_H50_nominal_t0p05,greedy_analytic,hof_percent,0.9439498339807935,0.5662539424595805,synthetic_episode,30,30,synthetic_complete
greedy_analytic_N2000_K100_H50_nominal_t0p05,greedy_analytic,pp_percent,0.025694444444444443,0.02878617442112308,synthetic_episode,30,30,synthetic_complete
greedy_analytic_N2000_K100_H50_nominal_t0p05,greedy_analytic,tp_Mbps,201.95932666666667,3.9310161513307227,synthetic_episode,30,30,synthetic_complete
greedy_analytic_N2000_K100_H50_nominal_t0p05,greedy_analytic,served_p5tp_Mbps,56.36333333333335,7.332143842924393,synthetic_episode,30,30,synthetic_complete
greedy_analytic_N2000_K100_H50_nominal_t0p05,greedy_analytic,peak_normalized,0.5088340739195255,0.048339134781537466,synthetic_episode,30,30,synthetic_complete
greedy_analytic_N2000_K100_H50_nominal_t0p05,greedy_analytic,active_load_variance,0.008284314842304111,0.0011892672774497881,synthetic_episode,30,30,synthetic_complete
greedy_analytic_N2000_K100_H50_nominal_t0p05,greedy_analytic,mse_user_vector,,,synthetic_episode,0,0,synthetic_incomplete
greedy_analytic_N2000_K100_H50_nominal_t0p05,greedy_analytic,persistence_mse_user_vector,,,synthetic_episode,0,0,synthetic_incomplete
greedy_analytic_N2000_K100_H50_nominal_t0p05,greedy_analytic,Cbar,0.010991333333333334,0.0008385814513657647,synthetic_episode,30,30,synthetic_complete
greedy_analytic_N2000_K100_H50_nominal_t0p05,greedy_analytic,Lbar,0.21866733333333332,0.008943987359397233,synthetic_episode,30,30,synthetic_complete
greedy_analytic_N2000_K100_H50_nominal_t0p05,greedy_analytic,J_user,-0.6806345277777778,0.02404294662490865,synthetic_episode,30,30,synthetic_complete
greedy_analytic_N2000_K100_H50_nominal_t0p05,greedy_analytic,J_network,-68.06345277777778,2.404294662490864,synthetic_episode,30,30,synthetic_complete
greedy_analytic_N2000_K100_H200_nominal_t0p05,greedy_analytic,outage_percent,0.9318333333333333,0.19972171731641025,synthetic_episode,30,30,synthetic_complete
greedy_analytic_N2000_K100_H200_nominal_t0p05,greedy_analytic,hof_percent,0.9482909713773966,0.41409466860811817,synthetic_episode,30,30,synthetic_complete
greedy_analytic_N2000_K100_H200_nominal_t0p05,greedy_analytic,pp_percent,0.022727272727272728,0.009903147429091347,synthetic_episode,30,30,synthetic_complete
greedy_analytic_N2000_K100_H200_nominal_t0p05,greedy_analytic,tp_Mbps,201.9152,3.738610051139695,synthetic_episode,30,30,synthetic_complete
greedy_analytic_N2000_K100_H200_nominal_t0p05,greedy_analytic,served_p5tp_Mbps,60.5966666666668,20.962338697726107,synthetic_episode,30,30,synthetic_complete
greedy_analytic_N2000_K100_H200_nominal_t0p05,greedy_analytic,peak_normalized,0.5998186810929613,0.05701191635692328,synthetic_episode,30,30,synthetic_complete
greedy_analytic_N2000_K100_H200_nominal_t0p05,greedy_analytic,active_load_variance,0.00830912670386855,0.0006116480407062245,synthetic_episode,30,30,synthetic_complete
greedy_analytic_N2000_K100_H200_nominal_t0p05,greedy_analytic,mse_user_vector,,,synthetic_episode,0,0,synthetic_incomplete
greedy_analytic_N2000_K100_H200_nominal_t0p05,greedy_analytic,persistence_mse_user_vector,,,synthetic_episode,0,0,synthetic_incomplete
greedy_analytic_N2000_K100_H200_nominal_t0p05,greedy_analytic,Cbar,0.0115,0.00036672831247725325,synthetic_episode,30,30,synthetic_complete
greedy_analytic_N2000_K100_H200_nominal_t0p05,greedy_analytic,Lbar,0.2186995,0.00511418604269637,synthetic_episode,30,30,synthetic_complete
greedy_analytic_N2000_K100_H200_nominal_t0p05,greedy_analytic,J_user,-0.6796219166666667,0.02253192776282781,synthetic_episode,30,30,synthetic_complete
greedy_analytic_N2000_K100_H200_nominal_t0p05,greedy_analytic,J_network,-67.96219166666667,2.253192776282781,synthetic_episode,30,30,synthetic_complete
greedy_analytic_N2000_K100_H800_nominal_t0p05,greedy_analytic,outage_percent,1.01975,0.2060288521810343,synthetic_episode,30,30,synthetic_complete
greedy_analytic_N2000_K100_H800_nominal_t0p05,greedy_analytic,hof_percent,1.0178006243019373,0.2955874161839239,synthetic_episode,30,30,synthetic_complete
greedy_analytic_N2000_K100_H800_nominal_t0p05,greedy_analytic,pp_percent,0.022138680033416874,0.005112363944427403,synthetic_episode,30,30,synthetic_complete
greedy_analytic_N2000_K100_H800_nominal_t0p05,greedy_analytic,tp_Mbps,201.83100166666668,3.7556853116003817,synthetic_episode,30,30,synthetic_complete
greedy_analytic_N2000_K100_H800_nominal_t0p05,greedy_analytic,served_p5tp_Mbps,59.86833333333334,20.175251497528027,synthetic_episode,30,30,synthetic_complete
greedy_analytic_N2000_K100_H800_nominal_t0p05,greedy_analytic,peak_normalized,0.6524464624413652,0.04567726855696917,synthetic_episode,30,30,synthetic_complete
greedy_analytic_N2000_K100_H800_nominal_t0p05,greedy_analytic,active_load_variance,0.008164968983378738,0.0002941175161698908,synthetic_episode,30,30,synthetic_complete
greedy_analytic_N2000_K100_H800_nominal_t0p05,greedy_analytic,mse_user_vector,,,synthetic_episode,0,0,synthetic_incomplete
greedy_analytic_N2000_K100_H800_nominal_t0p05,greedy_analytic,persistence_mse_user_vector,,,synthetic_episode,0,0,synthetic_incomplete
greedy_analytic_N2000_K100_H800_nominal_t0p05,greedy_analytic,Cbar,0.011599666666666666,0.00018258882266151882,synthetic_episode,30,30,synthetic_complete
greedy_analytic_N2000_K100_H800_nominal_t0p05,greedy_analytic,Lbar,0.21721341666666666,0.0024234959104898275,synthetic_episode,30,30,synthetic_complete
greedy_analytic_N2000_K100_H800_nominal_t0p05,greedy_analytic,J_user,-0.6755684652777778,0.023206182144485412,synthetic_episode,30,30,synthetic_complete
greedy_analytic_N2000_K100_H800_nominal_t0p05,greedy_analytic,J_network,-67.55684652777778,2.3206182144485403,synthetic_episode,30,30,synthetic_complete
greedy_analytic_N2000_K200_H200_nominal_t0p05,greedy_analytic,outage_percent,1.3458333333333332,0.28465218744301257,synthetic_episode,30,30,synthetic_complete
greedy_analytic_N2000_K200_H200_nominal_t0p05,greedy_analytic,hof_percent,1.3786670212873617,0.40116693527115205,synthetic_episode,30,30,synthetic_complete
greedy_analytic_N2000_K200_H200_nominal_t0p05,greedy_analytic,pp_percent,0.021464646464646464,0.007134791936221865,synthetic_episode,30,30,synthetic_complete
greedy_analytic_N2000_K200_H200_nominal_t0p05,greedy_analytic,tp_Mbps,197.55465583333333,3.54337529776417,synthetic_episode,30,30,synthetic_complete
greedy_analytic_N2000_K200_H200_nominal_t0p05,greedy_analytic,served_p5tp_Mbps,54.51833333333334,2.851753342495956,synthetic_episode,30,30,synthetic_complete
greedy_analytic_N2000_K200_H200_nominal_t0p05,greedy_analytic,peak_normalized,0.87355235253249,0.061936468028989354,synthetic_episode,30,30,synthetic_complete
greedy_analytic_N2000_K200_H200_nominal_t0p05,greedy_analytic,active_load_variance,0.01996442946159805,0.001065473516530899,synthetic_episode,30,30,synthetic_complete
greedy_analytic_N2000_K200_H200_nominal_t0p05,greedy_analytic,mse_user_vector,,,synthetic_episode,0,0,synthetic_incomplete
greedy_analytic_N2000_K200_H200_nominal_t0p05,greedy_analytic,persistence_mse_user_vector,,,synthetic_episode,0,0,synthetic_incomplete
greedy_analytic_N2000_K200_H200_nominal_t0p05,greedy_analytic,Cbar,0.011485916666666667,0.0002592233786861661,synthetic_episode,30,30,synthetic_complete
greedy_analytic_N2000_K200_H200_nominal_t0p05,greedy_analytic,Lbar,0.3353805,0.00495535705418719,synthetic_episode,30,30,synthetic_complete
greedy_analytic_N2000_K200_H200_nominal_t0p05,greedy_analytic,J_user,-0.5824195243055555,0.025670710182079254,synthetic_episode,30,30,synthetic_complete
greedy_analytic_N2000_K200_H200_nominal_t0p05,greedy_analytic,J_network,-116.48390486111111,5.13414203641585,synthetic_episode,30,30,synthetic_complete
greedy_analytic_N2000_K300_H200_nominal_t0p05,greedy_analytic,outage_percent,1.9379444444444445,0.41975263727657336,synthetic_episode,30,30,synthetic_complete
greedy_analytic_N2000_K300_H200_nominal_t0p05,greedy_analytic,hof_percent,1.9331068635891844,0.4999347026066826,synthetic_episode,30,30,synthetic_complete
greedy_analytic_N2000_K300_H200_nominal_t0p05,greedy_analytic,pp_percent,0.02053872053872054,0.0046030341294101725,synthetic_episode,30,30,synthetic_complete
greedy_analytic_N2000_K300_H200_nominal_t0p05,greedy_analytic,tp_Mbps,193.4826938888889,3.3238683364068264,synthetic_episode,30,30,synthetic_complete
greedy_analytic_N2000_K300_H200_nominal_t0p05,greedy_analytic,served_p5tp_Mbps,57.606666666666676,16.690074137422076,synthetic_episode,30,30,synthetic_complete
greedy_analytic_N2000_K300_H200_nominal_t0p05,greedy_analytic,peak_normalized,0.9671789446501069,0.014555623534346229,synthetic_episode,30,30,synthetic_complete
greedy_analytic_N2000_K300_H200_nominal_t0p05,greedy_analytic,active_load_variance,0.03223275390179094,0.0012884329177340048,synthetic_episode,30,30,synthetic_complete
greedy_analytic_N2000_K300_H200_nominal_t0p05,greedy_analytic,mse_user_vector,,,synthetic_episode,0,0,synthetic_incomplete
greedy_analytic_N2000_K300_H200_nominal_t0p05,greedy_analytic,persistence_mse_user_vector,,,synthetic_episode,0,0,synthetic_incomplete
greedy_analytic_N2000_K300_H200_nominal_t0p05,greedy_analytic,Cbar,0.011357888888888888,0.00016343999176079518,synthetic_episode,30,30,synthetic_complete
greedy_analytic_N2000_K300_H200_nominal_t0p05,greedy_analytic,Lbar,0.44722927777777777,0.0046439932711573,synthetic_episode,30,30,synthetic_complete
greedy_analytic_N2000_K300_H200_nominal_t0p05,greedy_analytic,J_user,-0.4799870856481482,0.03017906610418166,synthetic_episode,30,30,synthetic_complete
greedy_analytic_N2000_K300_H200_nominal_t0p05,greedy_analytic,J_network,-143.99612569444446,9.053719831254499,synthetic_episode,30,30,synthetic_complete
greedy_analytic_N2000_K400_H200_nominal_t0p05,greedy_analytic,outage_percent,2.8015833333333333,0.5769512370079966,synthetic_episode,30,30,synthetic_complete
greedy_analytic_N2000_K400_H200_nominal_t0p05,greedy_analytic,hof_percent,2.925277453222823,0.6763643330862491,synthetic_episode,30,30,synthetic_complete
greedy_analytic_N2000_K400_H200_nominal_t0p05,greedy_analytic,pp_percent,0.01994949494949495,0.003668440894784108,synthetic_episode,30,30,synthetic_complete
greedy_analytic_N2000_K400_H200_nominal_t0p05,greedy_analytic,tp_Mbps,189.2482625,3.145930016448933,synthetic_episode,30,30,synthetic_complete
greedy_analytic_N2000_K400_H200_nominal_t0p05,greedy_analytic,served_p5tp_Mbps,57.93333333333333,17.723806965021183,synthetic_episode,30,30,synthetic_complete
greedy_analytic_N2000_K400_H200_nominal_t0p05,greedy_analytic,peak_normalized,0.9869096947228196,0.00624191326463732,synthetic_episode,30,30,synthetic_complete
greedy_analytic_N2000_K400_H200_nominal_t0p05,greedy_analytic,active_load_variance,0.04239817164736717,0.001499304427673487,synthetic_episode,30,30,synthetic_complete
greedy_analytic_N2000_K400_H200_nominal_t0p05,greedy_analytic,mse_user_vector,,,synthetic_episode,0,0,synthetic_incomplete
greedy_analytic_N2000_K400_H200_nominal_t0p05,greedy_analytic,persistence_mse_user_vector,,,synthetic_episode,0,0,synthetic_incomplete
greedy_analytic_N2000_K400_H200_nominal_t0p05,greedy_analytic,Cbar,0.011155166666666666,0.00019131851188138,synthetic_episode,30,30,synthetic_complete
greedy_analytic_N2000_K400_H200_nominal_t0p05,greedy_analytic,Lbar,0.5510356666666667,0.005980624919895176,synthetic_episode,30,30,synthetic_complete
greedy_analytic_N2000_K400_H200_nominal_t0p05,greedy_analytic,J_user,-0.36735984374999997,0.03593053106918453,synthetic_episode,30,30,synthetic_complete
greedy_analytic_N2000_K400_H200_nominal_t0p05,greedy_analytic,J_network,-146.9439375,14.372212427673812,synthetic_episode,30,30,synthetic_complete
greedy_analytic_N2000_K500_H200_nominal_t0p05,greedy_analytic,outage_percent,4.147233333333333,0.8204583110858742,synthetic_episode,30,30,synthetic_complete
greedy_analytic_N2000_K500_H200_nominal_t0p05,greedy_analytic,hof_percent,4.469370464805462,0.921537015347493,synthetic_episode,30,30,synthetic_complete
greedy_analytic_N2000_K500_H200_nominal_t0p05,greedy_analytic,pp_percent,0.019764309764309766,0.0029261484381629655,synthetic_episode,30,30,synthetic_complete
greedy_analytic_N2000_K500_H200_nominal_t0p05,greedy_analytic,tp_Mbps,184.20251033333332,3.2155852910575065,synthetic_episode,30,30,synthetic_complete
greedy_analytic_N2000_K500_H200_nominal_t0p05,greedy_analytic,served_p5tp_Mbps,57.93333333333333,17.118115698214897,synthetic_episode,30,30,synthetic_complete
greedy_analytic_N2000_K500_H200_nominal_t0p05,greedy_analytic,peak_normalized,0.9932093171618397,0.003138114175621724,synthetic_episode,30,30,synthetic_complete
greedy_analytic_N2000_K500_H200_nominal_t0p05,greedy_analytic,active_load_variance,0.04670698600849568,0.0012434537131610804,synthetic_episode,30,30,synthetic_complete
greedy_analytic_N2000_K500_H200_nominal_t0p05,greedy_analytic,mse_user_vector,,,synthetic_episode,0,0,synthetic_incomplete
greedy_analytic_N2000_K500_H200_nominal_t0p05,greedy_analytic,persistence_mse_user_vector,,,synthetic_episode,0,0,synthetic_incomplete
greedy_analytic_N2000_K500_H200_nominal_t0p05,greedy_analytic,Cbar,0.010804366666666666,0.00019725556385375882,synthetic_episode,30,30,synthetic_complete
greedy_analytic_N2000_K500_H200_nominal_t0p05,greedy_analytic,Lbar,0.6380835666666667,0.009435460421064327,synthetic_episode,30,30,synthetic_complete
greedy_analytic_N2000_K500_H200_nominal_t0p05,greedy_analytic,J_user,-0.2357048263888889,0.04763978791163135,synthetic_episode,30,30,synthetic_complete
greedy_analytic_N2000_K500_H200_nominal_t0p05,greedy_analytic,J_network,-117.85241319444444,23.819893955815672,synthetic_episode,30,30,synthetic_complete
maxsinr_ttt_N2000_K100_H50_nominal_tnative,maxsinr_ttt,outage_percent,0.9773333333333334,0.20319742961538378,synthetic_episode,30,30,synthetic_complete
maxsinr_ttt_N2000_K100_H50_nominal_tnative,maxsinr_ttt,hof_percent,1.0270263990528221,0.6474535817438334,synthetic_episode,30,30,synthetic_complete
maxsinr_ttt_N2000_K100_H50_nominal_tnative,maxsinr_ttt,pp_percent,0.009722222222222222,0.015214515486254614,synthetic_episode,30,30,synthetic_complete
maxsinr_ttt_N2000_K100_H50_nominal_tnative,maxsinr_ttt,tp_Mbps,203.23182,3.996307620049911,synthetic_episode,30,30,synthetic_complete
maxsinr_ttt_N2000_K100_H50_nominal_tnative,maxsinr_ttt,served_p5tp_Mbps,55.713333333333345,5.430420910423831,synthetic_episode,30,30,synthetic_complete
maxsinr_ttt_N2000_K100_H50_nominal_tnative,maxsinr_ttt,peak_normalized,0.5576944307145412,0.0762912768409548,synthetic_episode,30,30,synthetic_complete
maxsinr_ttt_N2000_K100_H50_nominal_tnative,maxsinr_ttt,active_load_variance,0.009825744515659518,0.0015563174050217073,synthetic_episode,30,30,synthetic_complete
maxsinr_ttt_N2000_K100_H50_nominal_tnative,maxsinr_ttt,mse_user_vector,,,synthetic_episode,0,0,synthetic_incomplete
maxsinr_ttt_N2000_K100_H50_nominal_tnative,maxsinr_ttt,persistence_mse_user_vector,,,synthetic_episode,0,0,synthetic_incomplete
maxsinr_ttt_N2000_K100_H50_nominal_tnative,maxsinr_ttt,Cbar,0.008278666666666667,0.0006518500638545081,synthetic_episode,30,30,synthetic_complete
maxsinr_ttt_N2000_K100_H50_nominal_tnative,maxsinr_ttt,Lbar,0.23595066666666667,0.011294457271488138,synthetic_episode,30,30,synthetic_complete
maxsinr_ttt_N2000_K100_H50_nominal_tnative,maxsinr_ttt,J_user,-0.6758179166666667,0.025530150343632672,synthetic_episode,30,30,synthetic_complete
maxsinr_ttt_N2000_K100_H50_nominal_tnative,maxsinr_ttt,J_network,-67.58179166666667,2.553015034363267,synthetic_episode,30,30,synthetic_complete
maxsinr_ttt_N2000_K100_H200_nominal_tnative,maxsinr_ttt,outage_percent,0.984,0.2128152833505766,synthetic_episode,30,30,synthetic_complete
maxsinr_ttt_N2000_K100_H200_nominal_tnative,maxsinr_ttt,hof_percent,1.0132931718482128,0.5003763942473622,synthetic_episode,30,30,synthetic_complete
maxsinr_ttt_N2000_K100_H200_nominal_tnative,maxsinr_ttt,pp_percent,0.008417508417508417,0.0062679797195552105,synthetic_episode,30,30,synthetic_complete
maxsinr_ttt_N2000_K100_H200_nominal_tnative,maxsinr_ttt,tp_Mbps,203.19011833333334,3.8073179129481365,synthetic_episode,30,30,synthetic_complete
maxsinr_ttt_N2000_K100_H200_nominal_tnative,maxsinr_ttt,served_p5tp_Mbps,60.06500000000027,20.393631316563255,synthetic_episode,30,30,synthetic_complete
maxsinr_ttt_N2000_K100_H200_nominal_tnative,maxsinr_ttt,peak_normalized,0.6286262013642863,0.07229865647557131,synthetic_episode,30,30,synthetic_complete
maxsinr_ttt_N2000_K100_H200_nominal_tnative,maxsinr_ttt,active_load_variance,0.009747411556970089,0.0008939441027420825,synthetic_episode,30,30,synthetic_complete
maxsinr_ttt_N2000_K100_H200_nominal_tnative,maxsinr_ttt,mse_user_vector,,,synthetic_episode,0,0,synthetic_incomplete
maxsinr_ttt_N2000_K100_H200_nominal_tnative,maxsinr_ttt,persistence_mse_user_vector,,,synthetic_episode,0,0,synthetic_incomplete
maxsinr_ttt_N2000_K100_H200_nominal_tnative,maxsinr_ttt,Cbar,0.008704166666666666,0.00030742277789359753,synthetic_episode,30,30,synthetic_complete
maxsinr_ttt_N2000_K100_H200_nominal_tnative,maxsinr_ttt,Lbar,0.23560866666666666,0.006686155914988837,synthetic_episode,30,30,synthetic_complete
maxsinr_ttt_N2000_K100_H200_nominal_tnative,maxsinr_ttt,J_user,-0.6752690763888889,0.023806753357270765,synthetic_episode,30,30,synthetic_complete
maxsinr_ttt_N2000_K100_H200_nominal_tnative,maxsinr_ttt,J_network,-67.52690763888889,2.3806753357270756,synthetic_episode,30,30,synthetic_complete
maxsinr_ttt_N2000_K100_H800_nominal_tnative,maxsinr_ttt,outage_percent,1.0785833333333334,0.21859556946220512,synthetic_episode,30,30,synthetic_complete
maxsinr_ttt_N2000_K100_H800_nominal_tnative,maxsinr_ttt,hof_percent,1.0900462290331028,0.3518029492528768,synthetic_episode,30,30,synthetic_complete
maxsinr_ttt_N2000_K100_H800_nominal_tnative,maxsinr_ttt,pp_percent,0.008771929824561403,0.003069536018525286,synthetic_episode,30,30,synthetic_complete
maxsinr_ttt_N2000_K100_H800_nominal_tnative,maxsinr_ttt,tp_Mbps,203.06054208333333,3.7983464050892954,synthetic_episode,30,30,synthetic_complete
maxsinr_ttt_N2000_K100_H800_nominal_tnative,maxsinr_ttt,served_p5tp_Mbps,58.24333333333334,17.614564571895396,synthetic_episode,30,30,synthetic_complete
maxsinr_ttt_N2000_K100_H800_nominal_tnative,maxsinr_ttt,peak_normalized,0.7083035151642534,0.04686985688484279,synthetic_episode,30,30,synthetic_complete
maxsinr_ttt_N2000_K100_H800_nominal_tnative,maxsinr_ttt,active_load_variance,0.009781461324739919,0.00044319885130085604,synthetic_episode,30,30,synthetic_complete
maxsinr_ttt_N2000_K100_H800_nominal_tnative,maxsinr_ttt,mse_user_vector,,,synthetic_episode,0,0,synthetic_incomplete
maxsinr_ttt_N2000_K100_H800_nominal_tnative,maxsinr_ttt,persistence_mse_user_vector,,,synthetic_episode,0,0,synthetic_incomplete
maxsinr_ttt_N2000_K100_H800_nominal_tnative,maxsinr_ttt,Cbar,0.008790041666666666,0.000170556733954208,synthetic_episode,30,30,synthetic_complete
maxsinr_ttt_N2000_K100_H800_nominal_tnative,maxsinr_ttt,Lbar,0.23543391666666666,0.003795309715073769,synthetic_episode,30,30,synthetic_complete
maxsinr_ttt_N2000_K100_H800_nominal_tnative,maxsinr_ttt,J_user,-0.6700444461805556,0.02387125763181754,synthetic_episode,30,30,synthetic_complete
maxsinr_ttt_N2000_K100_H800_nominal_tnative,maxsinr_ttt,J_network,-67.00444461805556,2.3871257631817535,synthetic_episode,30,30,synthetic_complete
maxsinr_ttt_N2000_K200_H200_nominal_tnative,maxsinr_ttt,outage_percent,1.42875,0.3039905213472379,synthetic_episode,30,30,synthetic_complete
maxsinr_ttt_N2000_K200_H200_nominal_tnative,maxsinr_ttt,hof_percent,1.469611765775162,0.4712211688789228,synthetic_episode,30,30,synthetic_complete
maxsinr_ttt_N2000_K200_H200_nominal_tnative,maxsinr_ttt,pp_percent,0.00765993265993266,0.004569739171248624,synthetic_episode,30,30,synthetic_complete
maxsinr_ttt_N2000_K200_H200_nominal_tnative,maxsinr_ttt,tp_Mbps,198.26661333333334,3.5784496042746423,synthetic_episode,30,30,synthetic_complete
maxsinr_ttt_N2000_K200_H200_nominal_tnative,maxsinr_ttt,served_p5tp_Mbps,54.516666666666666,2.8481189598040673,synthetic_episode,30,30,synthetic_complete
maxsinr_ttt_N2000_K200_H200_nominal_tnative,maxsinr_ttt,peak_normalized,0.9109081810927666,0.05639040548676773,synthetic_episode,30,30,synthetic_complete
maxsinr_ttt_N2000_K200_H200_nominal_tnative,maxsinr_ttt,active_load_variance,0.023692468499540393,0.0013995142211897082,synthetic_episode,30,30,synthetic_complete
maxsinr_ttt_N2000_K200_H200_nominal_tnative,maxsinr_ttt,mse_user_vector,,,synthetic_episode,0,0,synthetic_incomplete
maxsinr_ttt_N2000_K200_H200_nominal_tnative,maxsinr_ttt,persistence_mse_user_vector,,,synthetic_episode,0,0,synthetic_incomplete
maxsinr_ttt_N2000_K200_H200_nominal_tnative,maxsinr_ttt,Cbar,0.008711416666666666,0.00024393654076324879,synthetic_episode,30,30,synthetic_complete
maxsinr_ttt_N2000_K200_H200_nominal_tnative,maxsinr_ttt,Lbar,0.37103308333333335,0.005849269578749563,synthetic_episode,30,30,synthetic_complete
maxsinr_ttt_N2000_K200_H200_nominal_tnative,maxsinr_ttt,J_user,-0.5648011388888889,0.026520530773432686,synthetic_episode,30,30,synthetic_complete
maxsinr_ttt_N2000_K200_H200_nominal_tnative,maxsinr_ttt,J_network,-112.96022777777777,5.3041061546865365,synthetic_episode,30,30,synthetic_complete
maxsinr_ttt_N2000_K300_H200_nominal_tnative,maxsinr_ttt,outage_percent,2.054111111111111,0.44383964117161867,synthetic_episode,30,30,synthetic_complete
maxsinr_ttt_N2000_K300_H200_nominal_tnative,maxsinr_ttt,hof_percent,2.055385381732435,0.522960018889119,synthetic_episode,30,30,synthetic_complete
maxsinr_ttt_N2000_K300_H200_nominal_tnative,maxsinr_ttt,pp_percent,0.007070707070707071,0.0033495425576869483,synthetic_episode,30,30,synthetic_complete
maxsinr_ttt_N2000_K300_H200_nominal_tnative,maxsinr_ttt,tp_Mbps,193.71236222222223,3.371334116832197,synthetic_episode,30,30,synthetic_complete
maxsinr_ttt_N2000_K300_H200_nominal_tnative,maxsinr_ttt,served_p5tp_Mbps,57.6,16.653880152623024,synthetic_episode,30,30,synthetic_complete
maxsinr_ttt_N2000_K300_H200_nominal_tnative,maxsinr_ttt,peak_normalized,0.9828603709179915,0.011669996487971923,synthetic_episode,30,30,synthetic_complete
maxsinr_ttt_N2000_K300_H200_nominal_tnative,maxsinr_ttt,active_load_variance,0.03698252557615962,0.0015719370281810335,synthetic_episode,30,30,synthetic_complete
maxsinr_ttt_N2000_K300_H200_nominal_tnative,maxsinr_ttt,mse_user_vector,,,synthetic_episode,0,0,synthetic_incomplete
maxsinr_ttt_N2000_K300_H200_nominal_tnative,maxsinr_ttt,persistence_mse_user_vector,,,synthetic_episode,0,0,synthetic_incomplete
maxsinr_ttt_N2000_K300_H200_nominal_tnative,maxsinr_ttt,Cbar,0.008607222222222223,0.00017470025414832434,synthetic_episode,30,30,synthetic_complete
maxsinr_ttt_N2000_K300_H200_nominal_tnative,maxsinr_ttt,Lbar,0.4979961111111111,0.005313076443070487,synthetic_episode,30,30,synthetic_complete
maxsinr_ttt_N2000_K300_H200_nominal_tnative,maxsinr_ttt,J_user,-0.45112762037037035,0.03139642019427855,synthetic_episode,30,30,synthetic_complete
maxsinr_ttt_N2000_K300_H200_nominal_tnative,maxsinr_ttt,J_network,-135.3382861111111,9.418926058283565,synthetic_episode,30,30,synthetic_complete
maxsinr_ttt_N2000_K400_H200_nominal_tnative,maxsinr_ttt,outage_percent,3.0284583333333335,0.6162876101810288,synthetic_episode,30,30,synthetic_complete
maxsinr_ttt_N2000_K400_H200_nominal_tnative,maxsinr_ttt,hof_percent,3.2636859129780564,0.7433543325987769,synthetic_episode,30,30,synthetic_complete
maxsinr_ttt_N2000_K400_H200_nominal_tnative,maxsinr_ttt,pp_percent,0.006818181818181818,0.0028057393845309438,synthetic_episode,30,30,synthetic_complete
maxsinr_ttt_N2000_K400_H200_nominal_tnative,maxsinr_ttt,tp_Mbps,188.94286708333334,3.1662099543775013,synthetic_episode,30,30,synthetic_complete
maxsinr_ttt_N2000_K400_H200_nominal_tnative,maxsinr_ttt,served_p5tp_Mbps,57.93333333333333,17.723806965021183,synthetic_episode,30,30,synthetic_complete
maxsinr_ttt_N2000_K400_H200_nominal_tnative,maxsinr_ttt,peak_normalized,0.9924022598726951,0.004630500086836259,synthetic_episode,30,30,synthetic_complete
maxsinr_ttt_N2000_K400_H200_nominal_tnative,maxsinr_ttt,active_load_variance,0.04571139374326158,0.001348576693400845,synthetic_episode,30,30,synthetic_complete
maxsinr_ttt_N2000_K400_H200_nominal_tnative,maxsinr_ttt,mse_user_vector,,,synthetic_episode,0,0,synthetic_incomplete
maxsinr_ttt_N2000_K400_H200_nominal_tnative,maxsinr_ttt,persistence_mse_user_vector,,,synthetic_episode,0,0,synthetic_incomplete
maxsinr_ttt_N2000_K400_H200_nominal_tnative,maxsinr_ttt,Cbar,0.008444624999999999,0.0001813390536279751,synthetic_episode,30,30,synthetic_complete
maxsinr_ttt_N2000_K400_H200_nominal_tnative,maxsinr_ttt,Lbar,0.6126282083333333,0.006685505089848763,synthetic_episode,30,30,synthetic_complete
maxsinr_ttt_N2000_K400_H200_nominal_tnative,maxsinr_ttt,J_user,-0.32530261284722223,0.0372659052046947,synthetic_episode,30,30,synthetic_complete
maxsinr_ttt_N2000_K400_H200_nominal_tnative,maxsinr_ttt,J_network,-130.1210451388889,14.90636208187788,synthetic_episode,30,30,synthetic_complete
maxsinr_ttt_N2000_K500_H200_nominal_tnative,maxsinr_ttt,outage_percent,4.634933333333334,0.8861836788407232,synthetic_episode,30,30,synthetic_complete
maxsinr_ttt_N2000_K500_H200_nominal_tnative,maxsinr_ttt,hof_percent,5.260425043552,0.9862655430887073,synthetic_episode,30,30,synthetic_complete
maxsinr_ttt_N2000_K500_H200_nominal_tnative,maxsinr_ttt,pp_percent,0.0065656565656565654,0.0025956742907838827,synthetic_episode,30,30,synthetic_complete
maxsinr_ttt_N2000_K500_H200_nominal_tnative,maxsinr_ttt,tp_Mbps,183.20874533333333,3.3032561489533574,synthetic_episode,30,30,synthetic_complete
maxsinr_ttt_N2000_K500_H200_nominal_tnative,maxsinr_ttt,served_p5tp_Mbps,57.93333333333333,17.118115698214897,synthetic_episode,30,30,synthetic_complete
maxsinr_ttt_N2000_K500_H200_nominal_tnative,maxsinr_ttt,peak_normalized,0.9962700541781139,0.0027156916897673592,synthetic_episode,30,30,synthetic_complete
maxsinr_ttt_N2000_K500_H200_nominal_tnative,maxsinr_ttt,active_load_variance,0.04430891715531266,0.0013790529652753986,synthetic_episode,30,30,synthetic_complete
maxsinr_ttt_N2000_K500_H200_nominal_tnative,maxsinr_ttt,mse_user_vector,,,synthetic_episode,0,0,synthetic_incomplete
maxsinr_ttt_N2000_K500_H200_nominal_tnative,maxsinr_ttt,persistence_mse_user_vector,,,synthetic_episode,0,0,synthetic_incomplete
maxsinr_ttt_N2000_K500_H200_nominal_tnative,maxsinr_ttt,Cbar,0.008117933333333332,0.00018933840045024528,synthetic_episode,30,30,synthetic_complete
maxsinr_ttt_N2000_K500_H200_nominal_tnative,maxsinr_ttt,Lbar,0.7038723333333333,0.01121001879272882,synthetic_episode,30,30,synthetic_complete
maxsinr_ttt_N2000_K500_H200_nominal_tnative,maxsinr_ttt,J_user,-0.17562797222222223,0.05044854805000919,synthetic_episode,30,30,synthetic_complete
maxsinr_ttt_N2000_K500_H200_nominal_tnative,maxsinr_ttt,J_network,-87.8139861111111,25.224274025004593,synthetic_episode,30,30,synthetic_complete
maxrst_N2000_K100_H50_nominal_tnative,maxrst,outage_percent,1.3506666666666667,0.3079065390367817,synthetic_episode,30,30,synthetic_complete
maxrst_N2000_K100_H50_nominal_tnative,maxrst,hof_percent,1.3251961726492543,1.1618642907419743,synthetic_episode,30,30,synthetic_complete
maxrst_N2000_K100_H50_nominal_tnative,maxrst,pp_percent,0.004166666666666667,0.011476279050411412,synthetic_episode,30,30,synthetic_complete
maxrst_N2000_K100_H50_nominal_tnative,maxrst,tp_Mbps,193.58080666666666,3.9511781403153328,synthetic_episode,30,30,synthetic_complete
maxrst_N2000_K100_H50_nominal_tnative,maxrst,served_p5tp_Mbps,55.335,4.21661635061525,synthetic_episode,30,30,synthetic_complete
maxrst_N2000_K100_H50_nominal_tnative,maxrst,peak_normalized,0.5655692783798265,0.07007109276279122,synthetic_episode,30,30,synthetic_complete
maxrst_N2000_K100_H50_nominal_tnative,maxrst,active_load_variance,0.01060741843642158,0.0014790832298909376,synthetic_episode,30,30,synthetic_complete
maxrst_N2000_K100_H50_nominal_tnative,maxrst,mse_user_vector,,,synthetic_episode,0,0,synthetic_incomplete
maxrst_N2000_K100_H50_nominal_tnative,maxrst,persistence_mse_user_vector,,,synthetic_episode,0,0,synthetic_incomplete
maxrst_N2000_K100_H50_nominal_tnative,maxrst,Cbar,0.005815333333333333,0.000595029604208948,synthetic_episode,30,30,synthetic_complete
maxrst_N2000_K100_H50_nominal_tnative,maxrst,Lbar,0.24340666666666666,0.010726164379630336,synthetic_episode,30,30,synthetic_complete
maxrst_N2000_K100_H50_nominal_tnative,maxrst,J_user,-0.6144423611111112,0.029529124933743798,synthetic_episode,30,30,synthetic_complete
maxrst_N2000_K100_H50_nominal_tnative,maxrst,J_network,-61.44423611111112,2.952912493374381,synthetic_episode,30,30,synthetic_complete
maxrst_N2000_K100_H200_nominal_tnative,maxrst,outage_percent,1.3531666666666666,0.29938581766024247,synthetic_episode,30,30,synthetic_complete
maxrst_N2000_K100_H200_nominal_tnative,maxrst,hof_percent,1.2612173112929517,0.6595297708724869,synthetic_episode,30,30,synthetic_complete
maxrst_N2000_K100_H200_nominal_tnative,maxrst,pp_percent,0.003872053872053872,0.00490621710194231,synthetic_episode,30,30,synthetic_complete
maxrst_N2000_K100_H200_nominal_tnative,maxrst,tp_Mbps,193.54160666666667,3.770360309310367,synthetic_episode,30,30,synthetic_complete
maxrst_N2000_K100_H200_nominal_tnative,maxrst,served_p5tp_Mbps,57.198333333333395,10.782540831437238,synthetic_episode,30,30,synthetic_complete
maxrst_N2000_K100_H200_nominal_tnative,maxrst,peak_normalized,0.6464376562676393,0.08360556411605896,synthetic_episode,30,30,synthetic_complete
maxrst_N2000_K100_H200_nominal_tnative,maxrst,active_load_variance,0.010587683648565506,0.0008886081631900697,synthetic_episode,30,30,synthetic_complete
maxrst_N2000_K100_H200_nominal_tnative,maxrst,mse_user_vector,,,synthetic_episode,0,0,synthetic_incomplete
maxrst_N2000_K100_H200_nominal_tnative,maxrst,persistence_mse_user_vector,,,synthetic_episode,0,0,synthetic_incomplete
maxrst_N2000_K100_H200_nominal_tnative,maxrst,Cbar,0.006147333333333333,0.00025420509413671765,synthetic_episode,30,30,synthetic_complete
maxrst_N2000_K100_H200_nominal_tnative,maxrst,Lbar,0.2442195,0.006450277506727371,synthetic_episode,30,30,synthetic_complete
maxrst_N2000_K100_H200_nominal_tnative,maxrst,J_user,-0.6135816111111111,0.027628915153279077,synthetic_episode,30,30,synthetic_complete
maxrst_N2000_K100_H200_nominal_tnative,maxrst,J_network,-61.35816111111111,2.7628915153279077,synthetic_episode,30,30,synthetic_complete
maxrst_N2000_K100_H800_nominal_tnative,maxrst,outage_percent,1.4792083333333332,0.31097117121159745,synthetic_episode,30,30,synthetic_complete
maxrst_N2000_K100_H800_nominal_tnative,maxrst,hof_percent,1.433107881036022,0.44086300850056076,synthetic_episode,30,30,synthetic_complete
maxrst_N2000_K100_H800_nominal_tnative,maxrst,pp_percent,0.004636591478696742,0.0024216553700743227,synthetic_episode,30,30,synthetic_complete
maxrst_N2000_K100_H800_nominal_tnative,maxrst,tp_Mbps,193.36788291666667,3.7299431291447185,synthetic_episode,30,30,synthetic_complete
maxrst_N2000_K100_H800_nominal_tnative,maxrst,served_p5tp_Mbps,55.46666666666667,4.297018479840639,synthetic_episode,30,30,synthetic_complete
maxrst_N2000_K100_H800_nominal_tnative,maxrst,peak_normalized,0.7319964347455116,0.08339224409028424,synthetic_episode,30,30,synthetic_complete
maxrst_N2000_K100_H800_nominal_tnative,maxrst,active_load_variance,0.01059559200975652,0.0004041708535317482,synthetic_episode,30,30,synthetic_complete
maxrst_N2000_K100_H800_nominal_tnative,maxrst,mse_user_vector,,,synthetic_episode,0,0,synthetic_incomplete
maxrst_N2000_K100_H800_nominal_tnative,maxrst,persistence_mse_user_vector,,,synthetic_episode,0,0,synthetic_incomplete
maxrst_N2000_K100_H800_nominal_tnative,maxrst,Cbar,0.006244666666666667,0.0001377020198267543,synthetic_episode,30,30,synthetic_complete
maxrst_N2000_K100_H800_nominal_tnative,maxrst,Lbar,0.243603875,0.0030868295438107886,synthetic_episode,30,30,synthetic_complete
maxrst_N2000_K100_H800_nominal_tnative,maxrst,J_user,-0.6068148246527778,0.027699184284054268,synthetic_episode,30,30,synthetic_complete
maxrst_N2000_K100_H800_nominal_tnative,maxrst,J_network,-60.68148246527778,2.769918428405428,synthetic_episode,30,30,synthetic_complete
maxrst_N2000_K200_H200_nominal_tnative,maxrst,outage_percent,1.9598333333333333,0.41977207143165557,synthetic_episode,30,30,synthetic_complete
maxrst_N2000_K200_H200_nominal_tnative,maxrst,hof_percent,1.9286587120549974,0.5996272048432402,synthetic_episode,30,30,synthetic_complete
maxrst_N2000_K200_H200_nominal_tnative,maxrst,pp_percent,0.002861952861952862,0.0030196414481280616,synthetic_episode,30,30,synthetic_complete
maxrst_N2000_K200_H200_nominal_tnative,maxrst,tp_Mbps,188.14650833333334,3.5568728719619513,synthetic_episode,30,30,synthetic_complete
maxrst_N2000_K200_H200_nominal_tnative,maxrst,served_p5tp_Mbps,54.53333333333333,2.8855565809058734,synthetic_episode,30,30,synthetic_complete
maxrst_N2000_K200_H200_nominal_tnative,maxrst,peak_normalized,0.9220626248775107,0.051325747844043416,synthetic_episode,30,30,synthetic_complete
maxrst_N2000_K200_H200_nominal_tnative,maxrst,active_load_variance,0.02563970607926012,0.0012255688817073669,synthetic_episode,30,30,synthetic_complete
maxrst_N2000_K200_H200_nominal_tnative,maxrst,mse_user_vector,,,synthetic_episode,0,0,synthetic_incomplete
maxrst_N2000_K200_H200_nominal_tnative,maxrst,persistence_mse_user_vector,,,synthetic_episode,0,0,synthetic_incomplete
maxrst_N2000_K200_H200_nominal_tnative,maxrst,Cbar,0.00614625,0.0001817974787390134,synthetic_episode,30,30,synthetic_complete
maxrst_N2000_K200_H200_nominal_tnative,maxrst,Lbar,0.3873698333333333,0.005746506132415156,synthetic_episode,30,30,synthetic_complete
maxrst_N2000_K200_H200_nominal_tnative,maxrst,J_user,-0.4891940763888889,0.03149832183148228,synthetic_episode,30,30,synthetic_complete
maxrst_N2000_K200_H200_nominal_tnative,maxrst,J_network,-97.83881527777778,6.299664366296456,synthetic_episode,30,30,synthetic_complete
maxrst_N2000_K300_H200_nominal_tnative,maxrst,outage_percent,2.8097777777777777,0.5904876115656585,synthetic_episode,30,30,synthetic_complete
maxrst_N2000_K300_H200_nominal_tnative,maxrst,hof_percent,2.8622667386487466,0.7593678982955921,synthetic_episode,30,30,synthetic_complete
maxrst_N2000_K300_H200_nominal_tnative,maxrst,pp_percent,0.0028058361391694723,0.002627978810536779,synthetic_episode,30,30,synthetic_complete
maxrst_N2000_K300_H200_nominal_tnative,maxrst,tp_Mbps,183.00118944444444,3.384217457338302,synthetic_episode,30,30,synthetic_complete
maxrst_N2000_K300_H200_nominal_tnative,maxrst,served_p5tp_Mbps,57.266666666666666,14.654488151706484,synthetic_episode,30,30,synthetic_complete
maxrst_N2000_K300_H200_nominal_tnative,maxrst,peak_normalized,0.9839844182042047,0.010453867240106404,synthetic_episode,30,30,synthetic_complete
maxrst_N2000_K300_H200_nominal_tnative,maxrst,active_load_variance,0.039815876974741995,0.0018954120913262352,synthetic_episode,30,30,synthetic_complete
maxrst_N2000_K300_H200_nominal_tnative,maxrst,mse_user_vector,,,synthetic_episode,0,0,synthetic_incomplete
maxrst_N2000_K300_H200_nominal_tnative,maxrst,persistence_mse_user_vector,,,synthetic_episode,0,0,synthetic_incomplete
maxrst_N2000_K300_H200_nominal_tnative,maxrst,Cbar,0.006056166666666666,0.0001516253891031765,synthetic_episode,30,30,synthetic_complete
maxrst_N2000_K300_H200_nominal_tnative,maxrst,Lbar,0.5210378888888889,0.007266013586245515,synthetic_episode,30,30,synthetic_complete
maxrst_N2000_K300_H200_nominal_tnative,maxrst,J_user,-0.35846903935185187,0.037687234196371516,synthetic_episode,30,30,synthetic_complete
maxrst_N2000_K300_H200_nominal_tnative,maxrst,J_network,-107.54071180555556,11.306170258911454,synthetic_episode,30,30,synthetic_complete
maxrst_N2000_K400_H200_nominal_tnative,maxrst,outage_percent,4.16,0.8506765816405929,synthetic_episode,30,30,synthetic_complete
maxrst_N2000_K400_H200_nominal_tnative,maxrst,hof_percent,4.452268472984825,1.0385819781135341,synthetic_episode,30,30,synthetic_complete
maxrst_N2000_K400_H200_nominal_tnative,maxrst,pp_percent,0.00281986531986532,0.0024743061233740687,synthetic_episode,30,30,synthetic_complete
maxrst_N2000_K400_H200_nominal_tnative,maxrst,tp_Mbps,177.5822925,3.270249676682272,synthetic_episode,30,30,synthetic_complete
maxrst_N2000_K400_H200_nominal_tnative,maxrst,served_p5tp_Mbps,57.6,15.914859679579008,synthetic_episode,30,30,synthetic_complete
maxrst_N2000_K400_H200_nominal_tnative,maxrst,peak_normalized,0.9932330598836532,0.004232557167964542,synthetic_episode,30,30,synthetic_complete
maxrst_N2000_K400_H200_nominal_tnative,maxrst,active_load_variance,0.046025514803582676,0.001621362749194095,synthetic_episode,30,30,synthetic_complete
maxrst_N2000_K400_H200_nominal_tnative,maxrst,mse_user_vector,,,synthetic_episode,0,0,synthetic_incomplete
maxrst_N2000_K400_H200_nominal_tnative,maxrst,persistence_mse_user_vector,,,synthetic_episode,0,0,synthetic_incomplete
maxrst_N2000_K400_H200_nominal_tnative,maxrst,Cbar,0.00588475,0.00016633841957763775,synthetic_episode,30,30,synthetic_complete
maxrst_N2000_K400_H200_nominal_tnative,maxrst,Lbar,0.6338160833333333,0.009921620715494333,synthetic_episode,30,30,synthetic_complete
maxrst_N2000_K400_H200_nominal_tnative,maxrst,J_user,-0.21207580208333335,0.048378657975916,synthetic_episode,30,30,synthetic_complete
maxrst_N2000_K400_H200_nominal_tnative,maxrst,J_network,-84.83032083333335,19.3514631903664,synthetic_episode,30,30,synthetic_complete
maxrst_N2000_K500_H200_nominal_tnative,maxrst,outage_percent,6.3978,1.2175528707630927,synthetic_episode,30,30,synthetic_complete
maxrst_N2000_K500_H200_nominal_tnative,maxrst,hof_percent,7.09019082894704,1.3927773714243599,synthetic_episode,30,30,synthetic_complete
maxrst_N2000_K500_H200_nominal_tnative,maxrst,pp_percent,0.002760942760942761,0.0018744595958764623,synthetic_episode,30,30,synthetic_complete
maxrst_N2000_K500_H200_nominal_tnative,maxrst,tp_Mbps,170.82254133333333,3.5857747126616415,synthetic_episode,30,30,synthetic_complete
maxrst_N2000_K500_H200_nominal_tnative,maxrst,served_p5tp_Mbps,57.6,15.305171539779257,synthetic_episode,30,30,synthetic_complete
maxrst_N2000_K500_H200_nominal_tnative,maxrst,peak_normalized,0.9968365546850378,0.0019259238721971318,synthetic_episode,30,30,synthetic_complete
maxrst_N2000_K500_H200_nominal_tnative,maxrst,active_load_variance,0.042361177269305716,0.0017117266211170233,synthetic_episode,30,30,synthetic_complete
maxrst_N2000_K500_H200_nominal_tnative,maxrst,mse_user_vector,,,synthetic_episode,0,0,synthetic_incomplete
maxrst_N2000_K500_H200_nominal_tnative,maxrst,persistence_mse_user_vector,,,synthetic_episode,0,0,synthetic_incomplete
maxrst_N2000_K500_H200_nominal_tnative,maxrst,Cbar,0.0055715999999999995,0.00018535159506490208,synthetic_episode,30,30,synthetic_complete
maxrst_N2000_K500_H200_nominal_tnative,maxrst,Lbar,0.7200837333333333,0.015722831829986073,synthetic_episode,30,30,synthetic_complete
maxrst_N2000_K500_H200_nominal_tnative,maxrst,J_user,-0.029042922222222215,0.06629272084565767,synthetic_episode,30,30,synthetic_complete
maxrst_N2000_K500_H200_nominal_tnative,maxrst,J_network,-14.521461111111108,33.146360422828835,synthetic_episode,30,30,synthetic_complete
cox_only_N2000_K100_H50_nominal_t0p05,cox_only,outage_percent,0.818,0.16403111563527123,synthetic_episode,30,30,synthetic_complete
cox_only_N2000_K100_H50_nominal_t0p05,cox_only,hof_percent,0.8669629951115568,0.46062972591327905,synthetic_episode,30,30,synthetic_complete
cox_only_N2000_K100_H50_nominal_t0p05,cox_only,pp_percent,0.09791666666666667,0.04516559039308083,synthetic_episode,30,30,synthetic_complete
cox_only_N2000_K100_H50_nominal_t0p05,cox_only,tp_Mbps,200.49553333333333,3.8651291283540026,synthetic_episode,30,30,synthetic_complete
cox_only_N2000_K100_H50_nominal_t0p05,cox_only,served_p5tp_Mbps,56.713333333333395,8.534988165692377,synthetic_episode,30,30,synthetic_complete
cox_only_N2000_K100_H50_nominal_t0p05,cox_only,peak_normalized,0.524111249347957,0.05145124779914898,synthetic_episode,30,30,synthetic_complete
cox_only_N2000_K100_H50_nominal_t0p05,cox_only,active_load_variance,0.009432520338442026,0.0013181620830378215,synthetic_episode,30,30,synthetic_complete
cox_only_N2000_K100_H50_nominal_t0p05,cox_only,mse_user_vector,,,synthetic_episode,0,0,synthetic_incomplete
cox_only_N2000_K100_H50_nominal_t0p05,cox_only,persistence_mse_user_vector,,,synthetic_episode,0,0,synthetic_incomplete
cox_only_N2000_K100_H50_nominal_t0p05,cox_only,Cbar,0.018220666666666666,0.0009015463089195346,synthetic_episode,30,30,synthetic_complete
cox_only_N2000_K100_H50_nominal_t0p05,cox_only,Lbar,0.23172466666666666,0.010163752610450374,synthetic_episode,30,30,synthetic_complete
cox_only_N2000_K100_H50_nominal_t0p05,cox_only,J_user,-0.6695253888888889,0.02301676959944079,synthetic_episode,30,30,synthetic_complete
cox_only_N2000_K100_H50_nominal_t0p05,cox_only,J_network,-66.95253888888888,2.3016769599440794,synthetic_episode,30,30,synthetic_complete
cox_only_N2000_K100_H200_nominal_t0p05,cox_only,outage_percent,0.8331666666666666,0.1820121411890698,synthetic_episode,30,30,synthetic_complete
cox_only_N2000_K100_H200_nominal_t0p05,cox_only,hof_percent,0.8529751721727914,0.2781796529489431,synthetic_episode,30,30,synthetic_complete
cox_only_N2000_K100_H200_nominal_t0p05,cox_only,pp_percent,0.09831649831649832,0.01952601703393735,synthetic_episode,30,30,synthetic_complete
cox_only_N2000_K100_H200_nominal_t0p05,cox_only,tp_Mbps,200.44598,3.7239968665631835,synthetic_episode,30,30,synthetic_complete
cox_only_N2000_K100_H200_nominal_t0p05,cox_only,served_p5tp_Mbps,57.61666666666673,12.757042229168322,synthetic_episode,30,30,synthetic_complete
cox_only_N2000_K100_H200_nominal_t0p05,cox_only,peak_normalized,0.6050346921907201,0.0730224422495175,synthetic_episode,30,30,synthetic_complete
cox_only_N2000_K100_H200_nominal_t0p05,cox_only,active_load_variance,0.009462725332288502,0.0006398201643495014,synthetic_episode,30,30,synthetic_complete
cox_only_N2000_K100_H200_nominal_t0p05,cox_only,mse_user_vector,,,synthetic_episode,0,0,synthetic_incomplete
cox_only_N2000_K100_H200_nominal_t0p05,cox_only,persistence_mse_user_vector,,,synthetic_episode,0,0,synthetic_incomplete
cox_only_N2000_K100_H200_nominal_t0p05,cox_only,Cbar,0.018858666666666666,0.0004612612643860192,synthetic_episode,30,30,synthetic_complete
cox_only_N2000_K100_H200_nominal_t0p05,cox_only,Lbar,0.2319855,0.004575838786872662,synthetic_episode,30,30,synthetic_complete
cox_only_N2000_K100_H200_nominal_t0p05,cox_only,J_user,-0.6681111666666667,0.021975502036148793,synthetic_episode,30,30,synthetic_complete
cox_only_N2000_K100_H200_nominal_t0p05,cox_only,J_network,-66.81111666666666,2.197550203614879,synthetic_episode,30,30,synthetic_complete
cox_only_N2000_K100_H800_nominal_t0p05,cox_only,outage_percent,0.9065,0.18290030495251813,synthetic_episode,30,30,synthetic_complete
cox_only_N2000_K100_H800_nominal_t0p05,cox_only,hof_percent,0.9192063072426284,0.23911447127446694,synthetic_episode,30,30,synthetic_complete
cox_only_N2000_K100_H800_nominal_t0p05,cox_only,pp_percent,0.09970760233918129,0.009665822405780435,synthetic_episode,30,30,synthetic_complete
cox_only_N2000_K100_H800_nominal_t0p05,cox_only,tp_Mbps,200.38326541666666,3.6803102089691144,synthetic_episode,30,30,synthetic_complete
cox_only_N2000_K100_H800_nominal_t0p05,cox_only,served_p5tp_Mbps,59.86833333333334,20.073384691887576,synthetic_episode,30,30,synthetic_complete
cox_only_N2000_K100_H800_nominal_t0p05,cox_only,peak_normalized,0.6849752653678743,0.07181588981974235,synthetic_episode,30,30,synthetic_complete
cox_only_N2000_K100_H800_nominal_t0p05,cox_only,active_load_variance,0.00936628569582194,0.0002745028361957833,synthetic_episode,30,30,synthetic_complete
cox_only_N2000_K100_H800_nominal_t0p05,cox_only,mse_user_vector,,,synthetic_episode,0,0,synthetic_incomplete
cox_only_N2000_K100_H800_nominal_t0p05,cox_only,persistence_mse_user_vector,,,synthetic_episode,0,0,synthetic_incomplete
cox_only_N2000_K100_H800_nominal_t0p05,cox_only,Cbar,0.018917166666666665,0.00024040844674089128,synthetic_episode,30,30,synthetic_complete
cox_only_N2000_K100_H800_nominal_t0p05,cox_only,Lbar,0.23107266666666668,0.0021924240327472725,synthetic_episode,30,30,synthetic_complete
cox_only_N2000_K100_H800_nominal_t0p05,cox_only,J_user,-0.6646103559027777,0.021457379815555677,synthetic_episode,30,30,synthetic_complete
cox_only_N2000_K100_H800_nominal_t0p05,cox_only,J_network,-66.46103559027777,2.145737981555569,synthetic_episode,30,30,synthetic_complete
cox_only_N2000_K200_H200_nominal_t0p05,cox_only,outage_percent,1.1969166666666666,0.26229892408226274,synthetic_episode,30,30,synthetic_complete
cox_only_N2000_K200_H200_nominal_t0p05,cox_only,hof_percent,1.2169409365190218,0.3120971145463084,synthetic_episode,30,30,synthetic_complete
cox_only_N2000_K200_H200_nominal_t0p05,cox_only,pp_percent,0.09983164983164983,0.014660770426942403,synthetic_episode,30,30,synthetic_complete
cox_only_N2000_K200_H200_nominal_t0p05,cox_only,tp_Mbps,195.8641725,3.505142255840537,synthetic_episode,30,30,synthetic_complete
cox_only_N2000_K200_H200_nominal_t0p05,cox_only,served_p5tp_Mbps,54.53333333333333,2.8855565809058734,synthetic_episode,30,30,synthetic_complete
cox_only_N2000_K200_H200_nominal_t0p05,cox_only,peak_normalized,0.8708969948559311,0.04726393411110132,synthetic_episode,30,30,synthetic_complete
cox_only_N2000_K200_H200_nominal_t0p05,cox_only,active_load_variance,0.022760974995213977,0.0011849864298729461,synthetic_episode,30,30,synthetic_complete
cox_only_N2000_K200_H200_nominal_t0p05,cox_only,mse_user_vector,,,synthetic_episode,0,0,synthetic_incomplete
cox_only_N2000_K200_H200_nominal_t0p05,cox_only,persistence_mse_user_vector,,,synthetic_episode,0,0,synthetic_incomplete
cox_only_N2000_K200_H200_nominal_t0p05,cox_only,Cbar,0.01877175,0.00031527980867575496,synthetic_episode,30,30,synthetic_complete
cox_only_N2000_K200_H200_nominal_t0p05,cox_only,Lbar,0.3617545833333333,0.004954580521029792,synthetic_episode,30,30,synthetic_complete
cox_only_N2000_K200_H200_nominal_t0p05,cox_only,J_user,-0.56599171875,0.024673917404187354,synthetic_episode,30,30,synthetic_complete
cox_only_N2000_K200_H200_nominal_t0p05,cox_only,J_network,-113.19834374999999,4.934783480837469,synthetic_episode,30,30,synthetic_complete
cox_only_N2000_K300_H200_nominal_t0p05,cox_only,outage_percent,1.7378888888888888,0.3692741490956194,synthetic_episode,30,30,synthetic_complete
cox_only_N2000_K300_H200_nominal_t0p05,cox_only,hof_percent,1.7824254826736199,0.40060302125252467,synthetic_episode,30,30,synthetic_complete
cox_only_N2000_K300_H200_nominal_t0p05,cox_only,pp_percent,0.09579124579124579,0.010352815580810217,synthetic_episode,30,30,synthetic_complete
cox_only_N2000_K300_H200_nominal_t0p05,cox_only,tp_Mbps,191.5652127777778,3.254959770554005,synthetic_episode,30,30,synthetic_complete
cox_only_N2000_K300_H200_nominal_t0p05,cox_only,served_p5tp_Mbps,57.46666666666667,15.930307989605165,synthetic_episode,30,30,synthetic_complete
cox_only_N2000_K300_H200_nominal_t0p05,cox_only,peak_normalized,0.9688118025224972,0.013839319947899624,synthetic_episode,30,30,synthetic_complete
cox_only_N2000_K300_H200_nominal_t0p05,cox_only,active_load_variance,0.03619123134606379,0.0013999933279065335,synthetic_episode,30,30,synthetic_complete
cox_only_N2000_K300_H200_nominal_t0p05,cox_only,mse_user_vector,,,synthetic_episode,0,0,synthetic_incomplete
cox_only_N2000_K300_H200_nominal_t0p05,cox_only,persistence_mse_user_vector,,,synthetic_episode,0,0,synthetic_incomplete
cox_only_N2000_K300_H200_nominal_t0p05,cox_only,Cbar,0.01857383333333333,0.00027015433009479155,synthetic_episode,30,30,synthetic_complete
cox_only_N2000_K300_H200_nominal_t0p05,cox_only,Lbar,0.48613066666666666,0.00427269250758439,synthetic_episode,30,30,synthetic_complete
cox_only_N2000_K300_H200_nominal_t0p05,cox_only,J_user,-0.45894169212962965,0.027801165541249333,synthetic_episode,30,30,synthetic_complete
cox_only_N2000_K300_H200_nominal_t0p05,cox_only,J_network,-137.6825076388889,8.3403496623748,synthetic_episode,30,30,synthetic_complete
cox_only_N2000_K400_H200_nominal_t0p05,cox_only,outage_percent,2.603625,0.5179685482979272,synthetic_episode,30,30,synthetic_complete
cox_only_N2000_K400_H200_nominal_t0p05,cox_only,hof_percent,2.7555378906401113,0.5590277503827344,synthetic_episode,30,30,synthetic_complete
cox_only_N2000_K400_H200_nominal_t0p05,cox_only,pp_percent,0.0930976430976431,0.009785505686019135,synthetic_episode,30,30,synthetic_complete
cox_only_N2000_K400_H200_nominal_t0p05,cox_only,tp_Mbps,187.09740125,3.0369266721611026,synthetic_episode,30,30,synthetic_complete
cox_only_N2000_K400_H200_nominal_t0p05,cox_only,served_p5tp_Mbps,57.86666666666667,17.170008602277953,synthetic_episode,30,30,synthetic_complete
cox_only_N2000_K400_H200_nominal_t0p05,cox_only,peak_normalized,0.9878267440297859,0.005747169022703619,synthetic_episode,30,30,synthetic_complete
cox_only_N2000_K400_H200_nominal_t0p05,cox_only,active_load_variance,0.045370561440885616,0.0015306207694605427,synthetic_episode,30,30,synthetic_complete
cox_only_N2000_K400_H200_nominal_t0p05,cox_only,mse_user_vector,,,synthetic_episode,0,0,synthetic_incomplete
cox_only_N2000_K400_H200_nominal_t0p05,cox_only,persistence_mse_user_vector,,,synthetic_episode,0,0,synthetic_incomplete
cox_only_N2000_K400_H200_nominal_t0p05,cox_only,Cbar,0.018228166666666667,0.0002776204952229139,synthetic_episode,30,30,synthetic_complete
cox_only_N2000_K400_H200_nominal_t0p05,cox_only,Lbar,0.598918875,0.005151707433208007,synthetic_episode,30,30,synthetic_complete
cox_only_N2000_K400_H200_nominal_t0p05,cox_only,J_user,-0.340817734375,0.032770003436265474,synthetic_episode,30,30,synthetic_complete
cox_only_N2000_K400_H200_nominal_t0p05,cox_only,J_network,-136.32709375,13.108001374506193,synthetic_episode,30,30,synthetic_complete
cox_only_N2000_K500_H200_nominal_t0p05,cox_only,outage_percent,4.076666666666666,0.7448795937568717,synthetic_episode,30,30,synthetic_complete
cox_only_N2000_K500_H200_nominal_t0p05,cox_only,hof_percent,4.5247638853445205,0.8200395677489626,synthetic_episode,30,30,synthetic_complete
cox_only_N2000_K500_H200_nominal_t0p05,cox_only,pp_percent,0.08791245791245791,0.00952551951046031,synthetic_episode,30,30,synthetic_complete
cox_only_N2000_K500_H200_nominal_t0p05,cox_only,tp_Mbps,181.66868866666667,3.080034784988002,synthetic_episode,30,30,synthetic_complete
cox_only_N2000_K500_H200_nominal_t0p05,cox_only,served_p5tp_Mbps,57.833333333333336,16.57393744102018,synthetic_episode,30,30,synthetic_complete
cox_only_N2000_K500_H200_nominal_t0p05,cox_only,peak_normalized,0.9938897057544781,0.0047705561560383875,synthetic_episode,30,30,synthetic_complete
cox_only_N2000_K500_H200_nominal_t0p05,cox_only,active_load_variance,0.04627354881447747,0.0014516354345472313,synthetic_episode,30,30,synthetic_complete
cox_only_N2000_K500_H200_nominal_t0p05,cox_only,mse_user_vector,,,synthetic_episode,0,0,synthetic_incomplete
cox_only_N2000_K500_H200_nominal_t0p05,cox_only,persistence_mse_user_vector,,,synthetic_episode,0,0,synthetic_incomplete
cox_only_N2000_K500_H200_nominal_t0p05,cox_only,Cbar,0.0175755,0.00026312416762092923,synthetic_episode,30,30,synthetic_complete
cox_only_N2000_K500_H200_nominal_t0p05,cox_only,Lbar,0.6908879333333333,0.008809686345872004,synthetic_episode,30,30,synthetic_complete
cox_only_N2000_K500_H200_nominal_t0p05,cox_only,J_user,-0.19888781944444445,0.04352659383740848,synthetic_episode,30,30,synthetic_complete
cox_only_N2000_K500_H200_nominal_t0p05,cox_only,J_network,-99.44390972222223,21.763296918704235,synthetic_episode,30,30,synthetic_complete
leo_madrl_N2000_K100_H50_nominal_tnative,leo_madrl,outage_percent,0.9293333333333333,0.10571660229122008,synthetic_repeat_mean,5,30;30;30;30;30,synthetic_complete
leo_madrl_N2000_K100_H50_nominal_tnative,leo_madrl,hof_percent,0.8942754682101024,0.07974259323527429,synthetic_repeat_mean,5,30;30;30;30;30,synthetic_complete
leo_madrl_N2000_K100_H50_nominal_tnative,leo_madrl,pp_percent,0.11847222222222223,0.009035787045457868,synthetic_repeat_mean,5,30;30;30;30;30,synthetic_complete
leo_madrl_N2000_K100_H50_nominal_tnative,leo_madrl,tp_Mbps,199.70920666666666,0.7983743623973253,synthetic_repeat_mean,5,30;30;30;30;30,synthetic_complete
leo_madrl_N2000_K100_H50_nominal_tnative,leo_madrl,served_p5tp_Mbps,56.69800000000004,0.21012033589243428,synthetic_repeat_mean,5,30;30;30;30;30,synthetic_complete
leo_madrl_N2000_K100_H50_nominal_tnative,leo_madrl,peak_normalized,0.5039607136105307,0.003340791602646213,synthetic_repeat_mean,5,30;30;30;30;30,synthetic_complete
leo_madrl_N2000_K100_H50_nominal_tnative,leo_madrl,active_load_variance,0.007818159519083392,0.00002337177244956207,synthetic_repeat_mean,5,30;30;30;30;30,synthetic_complete
leo_madrl_N2000_K100_H50_nominal_tnative,leo_madrl,mse_user_vector,,,synthetic_repeat_mean,0,0;0;0;0;0,synthetic_incomplete
leo_madrl_N2000_K100_H50_nominal_tnative,leo_madrl,persistence_mse_user_vector,,,synthetic_repeat_mean,0,0;0;0;0;0,synthetic_incomplete
leo_madrl_N2000_K100_H50_nominal_tnative,leo_madrl,Cbar,0.02068093333333333,0.0007778578276266166,synthetic_repeat_mean,5,30;30;30;30;30,synthetic_complete
leo_madrl_N2000_K100_H50_nominal_tnative,leo_madrl,Lbar,0.21229733333333334,0.0003329464421394788,synthetic_repeat_mean,5,30;30;30;30;30,synthetic_complete
leo_madrl_N2000_K100_H50_nominal_tnative,leo_madrl,J_user,-0.6691658944444444,0.008852629617096838,synthetic_repeat_mean,5,30;30;30;30;30,synthetic_complete
leo_madrl_N2000_K100_H50_nominal_tnative,leo_madrl,J_network,-66.91658944444444,0.8852629617096853,synthetic_repeat_mean,5,30;30;30;30;30,synthetic_complete
leo_madrl_N2000_K100_H200_nominal_tnative,leo_madrl,outage_percent,0.9385333333333333,0.10352934366642143,synthetic_repeat_mean,5,30;30;30;30;30,synthetic_complete
leo_madrl_N2000_K100_H200_nominal_tnative,leo_madrl,hof_percent,0.9364543642402192,0.097277434793843,synthetic_repeat_mean,5,30;30;30;30;30,synthetic_complete
leo_madrl_N2000_K100_H200_nominal_tnative,leo_madrl,pp_percent,0.11922558922558922,0.008376499431425117,synthetic_repeat_mean,5,30;30;30;30;30,synthetic_complete
leo_madrl_N2000_K100_H200_nominal_tnative,leo_madrl,tp_Mbps,199.670043,0.7843676154237609,synthetic_repeat_mean,5,30;30;30;30;30,synthetic_complete
leo_madrl_N2000_K100_H200_nominal_tnative,leo_madrl,served_p5tp_Mbps,59.76733333333341,1.0250898334617315,synthetic_repeat_mean,5,30;30;30;30;30,synthetic_complete
leo_madrl_N2000_K100_H200_nominal_tnative,leo_madrl,peak_normalized,0.5823293661693336,0.007544528375200104,synthetic_repeat_mean,5,30;30;30;30;30,synthetic_complete
leo_madrl_N2000_K100_H200_nominal_tnative,leo_madrl,active_load_variance,0.007796870919483012,0.000058518285428601975,synthetic_repeat_mean,5,30;30;30;30;30,synthetic_complete
leo_madrl_N2000_K100_H200_nominal_tnative,leo_madrl,mse_user_vector,,,synthetic_repeat_mean,0,0;0;0;0;0,synthetic_incomplete
leo_madrl_N2000_K100_H200_nominal_tnative,leo_madrl,persistence_mse_user_vector,,,synthetic_repeat_mean,0,0;0;0;0;0,synthetic_incomplete
leo_madrl_N2000_K100_H200_nominal_tnative,leo_madrl,Cbar,0.021306333333333333,0.0007876588199637372,synthetic_repeat_mean,5,30;30;30;30;30,synthetic_complete
leo_madrl_N2000_K100_H200_nominal_tnative,leo_madrl,Lbar,0.2124818,0.0008060918699365332,synthetic_repeat_mean,5,30;30;30;30;30,synthetic_complete
leo_madrl_N2000_K100_H200_nominal_tnative,leo_madrl,J_user,-0.6681377791666666,0.008436706575066882,synthetic_repeat_mean,5,30;30;30;30;30,synthetic_complete
leo_madrl_N2000_K100_H200_nominal_tnative,leo_madrl,J_network,-66.81377791666667,0.8436706575066883,synthetic_repeat_mean,5,30;30;30;30;30,synthetic_complete
leo_madrl_N2000_K100_H800_nominal_tnative,leo_madrl,outage_percent,1.0250666666666666,0.11749623442547714,synthetic_repeat_mean,5,30;30;30;30;30,synthetic_complete
leo_madrl_N2000_K100_H800_nominal_tnative,leo_madrl,hof_percent,1.0345033309322096,0.1104182218186163,synthetic_repeat_mean,5,30;30;30;30;30,synthetic_complete
leo_madrl_N2000_K100_H800_nominal_tnative,leo_madrl,pp_percent,0.1215455304928989,0.009259691616633257,synthetic_repeat_mean,5,30;30;30;30;30,synthetic_complete
leo_madrl_N2000_K100_H800_nominal_tnative,leo_madrl,tp_Mbps,199.56861275,0.8235299858171917,synthetic_repeat_mean,5,30;30;30;30;30,synthetic_complete
leo_madrl_N2000_K100_H800_nominal_tnative,leo_madrl,served_p5tp_Mbps,59.08966666666667,0.9119175462239522,synthetic_repeat_mean,5,30;30;30;30;30,synthetic_complete
leo_madrl_N2000_K100_H800_nominal_tnative,leo_madrl,peak_normalized,0.6396924532056237,0.009133576294308308,synthetic_repeat_mean,5,30;30;30;30;30,synthetic_complete
leo_madrl_N2000_K100_H800_nominal_tnative,leo_madrl,active_load_variance,0.0077342352805091046,0.00002071475455612287,synthetic_repeat_mean,5,30;30;30;30;30,synthetic_complete
leo_madrl_N2000_K100_H800_nominal_tnative,leo_madrl,mse_user_vector,,,synthetic_repeat_mean,0,0;0;0;0;0,synthetic_incomplete
leo_madrl_N2000_K100_H800_nominal_tnative,leo_madrl,persistence_mse_user_vector,,,synthetic_repeat_mean,0,0;0;0;0;0,synthetic_incomplete
leo_madrl_N2000_K100_H800_nominal_tnative,leo_madrl,Cbar,0.021350033333333334,0.0007954686202912441,synthetic_repeat_mean,5,30;30;30;30;30,synthetic_complete
leo_madrl_N2000_K100_H800_nominal_tnative,leo_madrl,Lbar,0.21179006666666667,0.0004793409778959849,synthetic_repeat_mean,5,30;30;30;30;30,synthetic_complete
leo_madrl_N2000_K100_H800_nominal_tnative,leo_madrl,J_user,-0.663712503125,0.009464371394712021,synthetic_repeat_mean,5,30;30;30;30;30,synthetic_complete
leo_madrl_N2000_K100_H800_nominal_tnative,leo_madrl,J_network,-66.3712503125,0.946437139471201,synthetic_repeat_mean,5,30;30;30;30;30,synthetic_complete
leo_madrl_N2000_K200_H200_nominal_tnative,leo_madrl,outage_percent,1.3540666666666665,0.1586768466622231,synthetic_repeat_mean,5,30;30;30;30;30,synthetic_complete
leo_madrl_N2000_K200_H200_nominal_tnative,leo_madrl,hof_percent,1.3543105671280584,0.15502283545142306,synthetic_repeat_mean,5,30;30;30;30;30,synthetic_complete
leo_madrl_N2000_K200_H200_nominal_tnative,leo_madrl,pp_percent,0.12028619528619529,0.007989984831706593,synthetic_repeat_mean,5,30;30;30;30;30,synthetic_complete
leo_madrl_N2000_K200_H200_nominal_tnative,leo_madrl,tp_Mbps,195.447854,0.8854578070599847,synthetic_repeat_mean,5,30;30;30;30;30,synthetic_complete
leo_madrl_N2000_K200_H200_nominal_tnative,leo_madrl,served_p5tp_Mbps,54.535333333333334,0.004472135955001867,synthetic_repeat_mean,5,30;30;30;30;30,synthetic_complete
leo_madrl_N2000_K200_H200_nominal_tnative,leo_madrl,peak_normalized,0.8225300505545261,0.005267866238108636,synthetic_repeat_mean,5,30;30;30;30;30,synthetic_complete
leo_madrl_N2000_K200_H200_nominal_tnative,leo_madrl,active_load_variance,0.01883483582744068,0.00011492143972824215,synthetic_repeat_mean,5,30;30;30;30;30,synthetic_complete
leo_madrl_N2000_K200_H200_nominal_tnative,leo_madrl,mse_user_vector,,,synthetic_repeat_mean,0,0;0;0;0;0,synthetic_incomplete
leo_madrl_N2000_K200_H200_nominal_tnative,leo_madrl,persistence_mse_user_vector,,,synthetic_repeat_mean,0,0;0;0;0;0,synthetic_incomplete
leo_madrl_N2000_K200_H200_nominal_tnative,leo_madrl,Cbar,0.021157266666666667,0.0007653195215979332,synthetic_repeat_mean,5,30;30;30;30;30,synthetic_complete
leo_madrl_N2000_K200_H200_nominal_tnative,leo_madrl,Lbar,0.32436916666666665,0.0011963612481650677,synthetic_repeat_mean,5,30;30;30;30;30,synthetic_complete
leo_madrl_N2000_K200_H200_nominal_tnative,leo_madrl,J_user,-0.5738995083333334,0.011407532192829552,synthetic_repeat_mean,5,30;30;30;30;30,synthetic_complete
leo_madrl_N2000_K200_H200_nominal_tnative,leo_madrl,J_network,-114.77990166666666,2.2815064385659127,synthetic_repeat_mean,5,30;30;30;30;30,synthetic_complete
leo_madrl_N2000_K300_H200_nominal_tnative,leo_madrl,outage_percent,1.9375888888888888,0.2173962523953795,synthetic_repeat_mean,5,30;30;30;30;30,synthetic_complete
leo_madrl_N2000_K300_H200_nominal_tnative,leo_madrl,hof_percent,1.9443518867275533,0.21992465836819955,synthetic_repeat_mean,5,30;30;30;30;30,synthetic_complete
leo_madrl_N2000_K300_H200_nominal_tnative,leo_madrl,pp_percent,0.11622895622895624,0.008063779757705001,synthetic_repeat_mean,5,30;30;30;30;30,synthetic_complete
leo_madrl_N2000_K300_H200_nominal_tnative,leo_madrl,tp_Mbps,191.53684311111112,0.9863383482187665,synthetic_repeat_mean,5,30;30;30;30;30,synthetic_complete
leo_madrl_N2000_K300_H200_nominal_tnative,leo_madrl,served_p5tp_Mbps,57.5,0.023570226039550245,synthetic_repeat_mean,5,30;30;30;30;30,synthetic_complete
leo_madrl_N2000_K300_H200_nominal_tnative,leo_madrl,peak_normalized,0.936773560897675,0.003149431215710026,synthetic_repeat_mean,5,30;30;30;30;30,synthetic_complete
leo_madrl_N2000_K300_H200_nominal_tnative,leo_madrl,active_load_variance,0.030550818786108776,0.00012387429203798944,synthetic_repeat_mean,5,30;30;30;30;30,synthetic_complete
leo_madrl_N2000_K300_H200_nominal_tnative,leo_madrl,mse_user_vector,,,synthetic_repeat_mean,0,0;0;0;0;0,synthetic_incomplete
leo_madrl_N2000_K300_H200_nominal_tnative,leo_madrl,persistence_mse_user_vector,,,synthetic_repeat_mean,0,0;0;0;0;0,synthetic_incomplete
leo_madrl_N2000_K300_H200_nominal_tnative,leo_madrl,Cbar,0.020923844444444444,0.0007239183602340472,synthetic_repeat_mean,5,30;30;30;30;30,synthetic_complete
leo_madrl_N2000_K300_H200_nominal_tnative,leo_madrl,Lbar,0.43127754444444444,0.0018302603021880235,synthetic_repeat_mean,5,30;30;30;30;30,synthetic_complete
leo_madrl_N2000_K300_H200_nominal_tnative,leo_madrl,J_user,-0.47509004074074074,0.01442721791122787,synthetic_repeat_mean,5,30;30;30;30;30,synthetic_complete
leo_madrl_N2000_K300_H200_nominal_tnative,leo_madrl,J_network,-142.52701222222223,4.328165373368366,synthetic_repeat_mean,5,30;30;30;30;30,synthetic_complete
leo_madrl_N2000_K400_H200_nominal_tnative,leo_madrl,outage_percent,2.8153333333333332,0.3147257376360496,synthetic_repeat_mean,5,30;30;30;30;30,synthetic_complete
leo_madrl_N2000_K400_H200_nominal_tnative,leo_madrl,hof_percent,2.887699049907332,0.33223269256829197,synthetic_repeat_mean,5,30;30;30;30;30,synthetic_complete
leo_madrl_N2000_K400_H200_nominal_tnative,leo_madrl,pp_percent,0.1128956228956229,0.0077236430851052055,synthetic_repeat_mean,5,30;30;30;30;30,synthetic_complete
leo_madrl_N2000_K400_H200_nominal_tnative,leo_madrl,tp_Mbps,187.41594083333334,1.1520090970558359,synthetic_repeat_mean,5,30;30;30;30;30,synthetic_complete
leo_madrl_N2000_K400_H200_nominal_tnative,leo_madrl,served_p5tp_Mbps,57.85766666666667,0.023909551787238616,synthetic_repeat_mean,5,30;30;30;30;30,synthetic_complete
leo_madrl_N2000_K400_H200_nominal_tnative,leo_madrl,peak_normalized,0.9739685258396878,0.0032232004783218807,synthetic_repeat_mean,5,30;30;30;30;30,synthetic_complete
leo_madrl_N2000_K400_H200_nominal_tnative,leo_madrl,active_load_variance,0.04063336421666308,0.00015412464592298614,synthetic_repeat_mean,5,30;30;30;30;30,synthetic_complete
leo_madrl_N2000_K400_H200_nominal_tnative,leo_madrl,mse_user_vector,,,synthetic_repeat_mean,0,0;0;0;0;0,synthetic_incomplete
leo_madrl_N2000_K400_H200_nominal_tnative,leo_madrl,persistence_mse_user_vector,,,synthetic_repeat_mean,0,0;0;0;0;0,synthetic_incomplete
leo_madrl_N2000_K400_H200_nominal_tnative,leo_madrl,Cbar,0.0205331,0.000668602591879553,synthetic_repeat_mean,5,30;30;30;30;30,synthetic_complete
leo_madrl_N2000_K400_H200_nominal_tnative,leo_madrl,Lbar,0.5303693666666667,0.003144256022396269,synthetic_repeat_mean,5,30;30;30;30;30,synthetic_complete
leo_madrl_N2000_K400_H200_nominal_tnative,leo_madrl,J_user,-0.3646818534722222,0.019298053477232652,synthetic_repeat_mean,5,30;30;30;30;30,synthetic_complete
leo_madrl_N2000_K400_H200_nominal_tnative,leo_madrl,J_network,-145.8727413888889,7.719221390893059,synthetic_repeat_mean,5,30;30;30;30;30,synthetic_complete
leo_madrl_N2000_K500_H200_nominal_tnative,leo_madrl,outage_percent,4.162906666666666,0.4374304048772913,synthetic_repeat_mean,5,30;30;30;30;30,synthetic_complete
leo_madrl_N2000_K500_H200_nominal_tnative,leo_madrl,hof_percent,4.387859019933944,0.4326642427310463,synthetic_repeat_mean,5,30;30;30;30;30,synthetic_complete
leo_madrl_N2000_K500_H200_nominal_tnative,leo_madrl,pp_percent,0.10754882154882156,0.007224650922348408,synthetic_repeat_mean,5,30;30;30;30;30,synthetic_complete
leo_madrl_N2000_K500_H200_nominal_tnative,leo_madrl,tp_Mbps,182.45107633333333,1.3488616898663979,synthetic_repeat_mean,5,30;30;30;30;30,synthetic_complete
leo_madrl_N2000_K500_H200_nominal_tnative,leo_madrl,served_p5tp_Mbps,57.86,0.027888667551134266,synthetic_repeat_mean,5,30;30;30;30;30,synthetic_complete
leo_madrl_N2000_K500_H200_nominal_tnative,leo_madrl,peak_normalized,0.9856388363928541,0.0014262174841376508,synthetic_repeat_mean,5,30;30;30;30;30,synthetic_complete
leo_madrl_N2000_K500_H200_nominal_tnative,leo_madrl,active_load_variance,0.046438194726054836,0.0000879426007743127,synthetic_repeat_mean,5,30;30;30;30;30,synthetic_complete
leo_madrl_N2000_K500_H200_nominal_tnative,leo_madrl,mse_user_vector,,,synthetic_repeat_mean,0,0;0;0;0;0,synthetic_incomplete
leo_madrl_N2000_K500_H200_nominal_tnative,leo_madrl,persistence_mse_user_vector,,,synthetic_repeat_mean,0,0;0;0;0;0,synthetic_incomplete
leo_madrl_N2000_K500_H200_nominal_tnative,leo_madrl,Cbar,0.019896286666666665,0.0006002845429923681,synthetic_repeat_mean,5,30;30;30;30;30,synthetic_complete
leo_madrl_N2000_K500_H200_nominal_tnative,leo_madrl,Lbar,0.61542288,0.004944720766051641,synthetic_repeat_mean,5,30;30;30;30;30,synthetic_complete
leo_madrl_N2000_K500_H200_nominal_tnative,leo_madrl,J_user,-0.2344079013888889,0.025319735422116994,synthetic_repeat_mean,5,30;30;30;30;30,synthetic_complete
leo_madrl_N2000_K500_H200_nominal_tnative,leo_madrl,J_network,-117.20395069444444,12.659867711058494,synthetic_repeat_mean,5,30;30;30;30;30,synthetic_complete
greedy_analytic_N500_K100_H200_nominal_t0p05,greedy_analytic,outage_percent,1.022,0.213249085376217,synthetic_episode,30,30,synthetic_complete
greedy_analytic_N500_K100_H200_nominal_t0p05,greedy_analytic,hof_percent,1.0104072363203092,0.3736243365042695,synthetic_episode,30,30,synthetic_complete
greedy_analytic_N500_K100_H200_nominal_t0p05,greedy_analytic,pp_percent,0.020202020202020204,0.009378552433184438,synthetic_episode,30,30,synthetic_complete
greedy_analytic_N500_K100_H200_nominal_t0p05,greedy_analytic,tp_Mbps,197.61979666666667,4.965777894750078,synthetic_episode,30,30,synthetic_complete
greedy_analytic_N500_K100_H200_nominal_t0p05,greedy_analytic,served_p5tp_Mbps,65.86666666666666,34.979534246355456,synthetic_episode,30,30,synthetic_complete
greedy_analytic_N500_K100_H200_nominal_t0p05,greedy_analytic,peak_normalized,0.8346293249805067,0.05528881234562314,synthetic_episode,30,30,synthetic_complete
greedy_analytic_N500_K100_H200_nominal_t0p05,greedy_analytic,active_load_variance,0.022348152143998587,0.001325552705979632,synthetic_episode,30,30,synthetic_complete
greedy_analytic_N500_K100_H200_nominal_t0p05,greedy_analytic,mse_user_vector,,,synthetic_episode,0,0,synthetic_incomplete
greedy_analytic_N500_K100_H200_nominal_t0p05,greedy_analytic,persistence_mse_user_vector,,,synthetic_episode,0,0,synthetic_incomplete
greedy_analytic_N500_K100_H200_nominal_t0p05,greedy_analytic,Cbar,0.011443,0.0003426886593416527,synthetic_episode,30,30,synthetic_complete
greedy_analytic_N500_K100_H200_nominal_t0p05,greedy_analytic,Lbar,0.361085,0.005944025252881799,synthetic_episode,30,30,synthetic_complete
greedy_analytic_N500_K100_H200_nominal_t0p05,greedy_analytic,J_user,-0.5860518194444444,0.02740612456086563,synthetic_episode,30,30,synthetic_complete
greedy_analytic_N500_K100_H200_nominal_t0p05,greedy_analytic,J_network,-58.605181944444446,2.7406124560865623,synthetic_episode,30,30,synthetic_complete
greedy_analytic_N1000_K100_H200_nominal_t0p05,greedy_analytic,outage_percent,0.9371666666666667,0.19686194766074427,synthetic_episode,30,30,synthetic_complete
greedy_analytic_N1000_K100_H200_nominal_t0p05,greedy_analytic,hof_percent,0.9273581436294502,0.45231618003258406,synthetic_episode,30,30,synthetic_complete
greedy_analytic_N1000_K100_H200_nominal_t0p05,greedy_analytic,pp_percent,0.02239057239057239,0.009254244338182562,synthetic_episode,30,30,synthetic_complete
greedy_analytic_N1000_K100_H200_nominal_t0p05,greedy_analytic,tp_Mbps,201.35540166666667,3.8518708313798715,synthetic_episode,30,30,synthetic_complete
greedy_analytic_N1000_K100_H200_nominal_t0p05,greedy_analytic,served_p5tp_Mbps,66.06666666666666,33.13185084220145,synthetic_episode,30,30,synthetic_complete
greedy_analytic_N1000_K100_H200_nominal_t0p05,greedy_analytic,peak_normalized,0.7092463266324484,0.061312096106427696,synthetic_episode,30,30,synthetic_complete
greedy_analytic_N1000_K100_H200_nominal_t0p05,greedy_analytic,active_load_variance,0.013500292197783752,0.0009623650153769936,synthetic_episode,30,30,synthetic_complete
greedy_analytic_N1000_K100_H200_nominal_t0p05,greedy_analytic,mse_user_vector,,,synthetic_episode,0,0,synthetic_incomplete
greedy_analytic_N1000_K100_H200_nominal_t0p05,greedy_analytic,persistence_mse_user_vector,,,synthetic_episode,0,0,synthetic_incomplete
greedy_analytic_N1000_K100_H200_nominal_t0p05,greedy_analytic,Cbar,0.011528833333333334,0.0003922804313008861,synthetic_episode,30,30,synthetic_complete
greedy_analytic_N1000_K100_H200_nominal_t0p05,greedy_analytic,Lbar,0.2752095,0.006486707143764506,synthetic_episode,30,30,synthetic_complete
greedy_analytic_N1000_K100_H200_nominal_t0p05,greedy_analytic,J_user,-0.6487533402777778,0.02023390080185068,synthetic_episode,30,30,synthetic_complete
greedy_analytic_N1000_K100_H200_nominal_t0p05,greedy_analytic,J_network,-64.87533402777778,2.0233900801850684,synthetic_episode,30,30,synthetic_complete
cox_only_N500_K100_H200_nominal_t0p05,cox_only,outage_percent,0.9105,0.19020565095488728,synthetic_episode,30,30,synthetic_complete
cox_only_N500_K100_H200_nominal_t0p05,cox_only,hof_percent,0.9505434108384904,0.3114390253915294,synthetic_episode,30,30,synthetic_complete
cox_only_N500_K100_H200_nominal_t0p05,cox_only,pp_percent,0.10420875420875421,0.022876107472271694,synthetic_episode,30,30,synthetic_complete
cox_only_N500_K100_H200_nominal_t0p05,cox_only,tp_Mbps,195.63564166666666,4.868859373913505,synthetic_episode,30,30,synthetic_complete
cox_only_N500_K100_H200_nominal_t0p05,cox_only,served_p5tp_Mbps,65.53333333333333,34.00682825280964,synthetic_episode,30,30,synthetic_complete
cox_only_N500_K100_H200_nominal_t0p05,cox_only,peak_normalized,0.8598372188668523,0.06705492805115341,synthetic_episode,30,30,synthetic_complete
cox_only_N500_K100_H200_nominal_t0p05,cox_only,active_load_variance,0.025796100840092564,0.002099773167049878,synthetic_episode,30,30,synthetic_complete
cox_only_N500_K100_H200_nominal_t0p05,cox_only,mse_user_vector,,,synthetic_episode,0,0,synthetic_incomplete
cox_only_N500_K100_H200_nominal_t0p05,cox_only,persistence_mse_user_vector,,,synthetic_episode,0,0,synthetic_incomplete
cox_only_N500_K100_H200_nominal_t0p05,cox_only,Cbar,0.018482666666666665,0.0005158684230354263,synthetic_episode,30,30,synthetic_complete
cox_only_N500_K100_H200_nominal_t0p05,cox_only,Lbar,0.39440183333333334,0.008146425859332989,synthetic_episode,30,30,synthetic_complete
cox_only_N500_K100_H200_nominal_t0p05,cox_only,J_user,-0.5631812569444444,0.025485286511484382,synthetic_episode,30,30,synthetic_complete
cox_only_N500_K100_H200_nominal_t0p05,cox_only,J_network,-56.31812569444445,2.5485286511484384,synthetic_episode,30,30,synthetic_complete
cox_only_N1000_K100_H200_nominal_t0p05,cox_only,outage_percent,0.833,0.16911840373761403,synthetic_episode,30,30,synthetic_complete
cox_only_N1000_K100_H200_nominal_t0p05,cox_only,hof_percent,0.8051289698317146,0.3317603230006543,synthetic_episode,30,30,synthetic_complete
cox_only_N1000_K100_H200_nominal_t0p05,cox_only,pp_percent,0.10252525252525252,0.021759454355041414,synthetic_episode,30,30,synthetic_complete
cox_only_N1000_K100_H200_nominal_t0p05,cox_only,tp_Mbps,199.65365166666666,3.8343172650484787,synthetic_episode,30,30,synthetic_complete
cox_only_N1000_K100_H200_nominal_t0p05,cox_only,served_p5tp_Mbps,65.86666666666666,32.521328103403086,synthetic_episode,30,30,synthetic_complete
cox_only_N1000_K100_H200_nominal_t0p05,cox_only,peak_normalized,0.7397920950789386,0.06999381109378001,synthetic_episode,30,30,synthetic_complete
cox_only_N1000_K100_H200_nominal_t0p05,cox_only,active_load_variance,0.01573187058308522,0.0007902295550736099,synthetic_episode,30,30,synthetic_complete
cox_only_N1000_K100_H200_nominal_t0p05,cox_only,mse_user_vector,,,synthetic_episode,0,0,synthetic_incomplete
cox_only_N1000_K100_H200_nominal_t0p05,cox_only,persistence_mse_user_vector,,,synthetic_episode,0,0,synthetic_incomplete
cox_only_N1000_K100_H200_nominal_t0p05,cox_only,Cbar,0.01878583333333333,0.0005169690902074182,synthetic_episode,30,30,synthetic_complete
cox_only_N1000_K100_H200_nominal_t0p05,cox_only,Lbar,0.29748633333333335,0.004411637418537893,synthetic_episode,30,30,synthetic_complete
cox_only_N1000_K100_H200_nominal_t0p05,cox_only,J_user,-0.6321041319444445,0.019769248354349216,synthetic_episode,30,30,synthetic_complete
cox_only_N1000_K100_H200_nominal_t0p05,cox_only,J_network,-63.21041319444444,1.9769248354349211,synthetic_episode,30,30,synthetic_complete
no_triplet_N500_K100_H200_nominal_t0p05,no_triplet,outage_percent,1.2767666666666666,0.1467497681239887,synthetic_repeat_mean,5,30;30;30;30;30,synthetic_complete
no_triplet_N500_K100_H200_nominal_t0p05,no_triplet,hof_percent,1.3179109275971708,0.144823144844631,synthetic_repeat_mean,5,30;30;30;30;30,synthetic_complete
no_triplet_N500_K100_H200_nominal_t0p05,no_triplet,pp_percent,0.2621885521885522,0.018150068925046114,synthetic_repeat_mean,5,30;30;30;30;30,synthetic_complete
no_triplet_N500_K100_H200_nominal_t0p05,no_triplet,tp_Mbps,194.764196,0.8591571881788785,synthetic_repeat_mean,5,30;30;30;30;30,synthetic_complete
no_triplet_N500_K100_H200_nominal_t0p05,no_triplet,served_p5tp_Mbps,65.54266666666666,0.05262023269511959,synthetic_repeat_mean,5,30;30;30;30;30,synthetic_complete
no_triplet_N500_K100_H200_nominal_t0p05,no_triplet,peak_normalized,0.850317904589772,0.003821662851033758,synthetic_repeat_mean,5,30;30;30;30;30,synthetic_complete
no_triplet_N500_K100_H200_nominal_t0p05,no_triplet,active_load_variance,0.0253900438048737,0.00010998530031718277,synthetic_repeat_mean,5,30;30;30;30;30,synthetic_complete
no_triplet_N500_K100_H200_nominal_t0p05,no_triplet,mse_user_vector,0.0453297506213602,0.002283067593046052,synthetic_repeat_mean,5,30;30;30;30;30,synthetic_complete
no_triplet_N500_K100_H200_nominal_t0p05,no_triplet,persistence_mse_user_vector,0.043222000000000003,0.0020128898518189113,synthetic_repeat_mean,5,30;30;30;30;30,synthetic_complete
no_triplet_N500_K100_H200_nominal_t0p05,no_triplet,Cbar,0.026627699999999997,0.0009622977016841857,synthetic_repeat_mean,5,30;30;30;30;30,synthetic_complete
no_triplet_N500_K100_H200_nominal_t0p05,no_triplet,Lbar,0.39058896666666665,0.0006967383176870083,synthetic_repeat_mean,5,30;30;30;30;30,synthetic_complete
no_triplet_N500_K100_H200_nominal_t0p05,no_triplet,J_user,-0.5390708166666667,0.011098990732941474,synthetic_repeat_mean,5,30;30;30;30;30,synthetic_complete
no_triplet_N500_K100_H200_nominal_t0p05,no_triplet,J_network,-53.90708166666667,1.109899073294147,synthetic_repeat_mean,5,30;30;30;30;30,synthetic_complete
no_triplet_N1000_K100_H200_nominal_t0p05,no_triplet,outage_percent,1.1977,0.17600936685933002,synthetic_repeat_mean,5,30;30;30;30;30,synthetic_complete
no_triplet_N1000_K100_H200_nominal_t0p05,no_triplet,hof_percent,1.1964567856747539,0.16904239982886152,synthetic_repeat_mean,5,30;30;30;30;30,synthetic_complete
no_triplet_N1000_K100_H200_nominal_t0p05,no_triplet,pp_percent,0.26484848484848483,0.026965839982801856,synthetic_repeat_mean,5,30;30;30;30;30,synthetic_complete
no_triplet_N1000_K100_H200_nominal_t0p05,no_triplet,tp_Mbps,198.70584333333332,1.1471894033795809,synthetic_repeat_mean,5,30;30;30;30;30,synthetic_complete
no_triplet_N1000_K100_H200_nominal_t0p05,no_triplet,served_p5tp_Mbps,65.93033333333334,0.07496665925596692,synthetic_repeat_mean,5,30;30;30;30;30,synthetic_complete
no_triplet_N1000_K100_H200_nominal_t0p05,no_triplet,peak_normalized,0.7021303483601807,0.005422717348119158,synthetic_repeat_mean,5,30;30;30;30;30,synthetic_complete
no_triplet_N1000_K100_H200_nominal_t0p05,no_triplet,active_load_variance,0.015159229009881717,0.00008341494320933594,synthetic_repeat_mean,5,30;30;30;30;30,synthetic_complete
no_triplet_N1000_K100_H200_nominal_t0p05,no_triplet,mse_user_vector,0.033575753663092796,0.002149315922552288,synthetic_repeat_mean,5,30;30;30;30;30,synthetic_complete
no_triplet_N1000_K100_H200_nominal_t0p05,no_triplet,persistence_mse_user_vector,0.031690666666666666,0.0017565218156598273,synthetic_repeat_mean,5,30;30;30;30;30,synthetic_complete
no_triplet_N1000_K100_H200_nominal_t0p05,no_triplet,Cbar,0.027266366666666667,0.0013444274152961927,synthetic_repeat_mean,5,30;30;30;30;30,synthetic_complete
no_triplet_N1000_K100_H200_nominal_t0p05,no_triplet,Lbar,0.2913555,0.00098525705190744,synthetic_repeat_mean,5,30;30;30;30;30,synthetic_complete
no_triplet_N1000_K100_H200_nominal_t0p05,no_triplet,J_user,-0.6087450805555555,0.01375937901820231,synthetic_repeat_mean,5,30;30;30;30;30,synthetic_complete
no_triplet_N1000_K100_H200_nominal_t0p05,no_triplet,J_network,-60.87450805555556,1.3759379018202307,synthetic_repeat_mean,5,30;30;30;30;30,synthetic_complete
no_triplet_N2000_K100_H200_nominal_t0p05,no_triplet,outage_percent,1.1578,0.17355512252755761,synthetic_repeat_mean,5,30;30;30;30;30,synthetic_complete
no_triplet_N2000_K100_H200_nominal_t0p05,no_triplet,hof_percent,1.1794942159305501,0.1934007918926837,synthetic_repeat_mean,5,30;30;30;30;30,synthetic_complete
no_triplet_N2000_K100_H200_nominal_t0p05,no_triplet,pp_percent,0.24414141414141413,0.022367269714998937,synthetic_repeat_mean,5,30;30;30;30;30,synthetic_complete
no_triplet_N2000_K100_H200_nominal_t0p05,no_triplet,tp_Mbps,199.69066233333334,1.0597635520008448,synthetic_repeat_mean,5,30;30;30;30;30,synthetic_complete
no_triplet_N2000_K100_H200_nominal_t0p05,no_triplet,served_p5tp_Mbps,59.579000000000015,0.8576361246019093,synthetic_repeat_mean,5,30;30;30;30;30,synthetic_complete
no_triplet_N2000_K100_H200_nominal_t0p05,no_triplet,peak_normalized,0.6091921883507995,0.003883164818806503,synthetic_repeat_mean,5,30;30;30;30;30,synthetic_complete
no_triplet_N2000_K100_H200_nominal_t0p05,no_triplet,active_load_variance,0.009281805250322999,0.00002013352501909211,synthetic_repeat_mean,5,30;30;30;30;30,synthetic_complete
no_triplet_N2000_K100_H200_nominal_t0p05,no_triplet,mse_user_vector,0.02217641003662529,0.0011300319405905628,synthetic_repeat_mean,5,30;30;30;30;30,synthetic_complete
no_triplet_N2000_K100_H200_nominal_t0p05,no_triplet,persistence_mse_user_vector,0.02068266666666667,0.0013225803903312977,synthetic_repeat_mean,5,30;30;30;30;30,synthetic_complete
no_triplet_N2000_K100_H200_nominal_t0p05,no_triplet,Cbar,0.027048766666666665,0.0012092097316015937,synthetic_repeat_mean,5,30;30;30;30;30,synthetic_complete
no_triplet_N2000_K100_H200_nominal_t0p05,no_triplet,Lbar,0.22942666666666667,0.00046796259050389604,synthetic_repeat_mean,5,30;30;30;30;30,synthetic_complete
no_triplet_N2000_K100_H200_nominal_t0p05,no_triplet,J_user,-0.6459167097222223,0.013466061015094932,synthetic_repeat_mean,5,30;30;30;30;30,synthetic_complete
no_triplet_N2000_K100_H200_nominal_t0p05,no_triplet,J_network,-64.59167097222222,1.3466061015094897,synthetic_repeat_mean,5,30;30;30;30;30,synthetic_complete
mlp_coeff_N500_K100_H200_nominal_t0p05,mlp_coeff,outage_percent,0.7664,0.07223443700125923,synthetic_repeat_mean,5,30;30;30;30;30,synthetic_complete
mlp_coeff_N500_K100_H200_nominal_t0p05,mlp_coeff,hof_percent,0.7740211593740469,0.07377600314008428,synthetic_repeat_mean,5,30;30;30;30;30,synthetic_complete
mlp_coeff_N500_K100_H200_nominal_t0p05,mlp_coeff,pp_percent,0.18525252525252525,0.014398910280339877,synthetic_repeat_mean,5,30;30;30;30;30,synthetic_complete
mlp_coeff_N500_K100_H200_nominal_t0p05,mlp_coeff,tp_Mbps,197.68098799999999,0.6292242902391375,synthetic_repeat_mean,5,30;30;30;30;30,synthetic_complete
mlp_coeff_N500_K100_H200_nominal_t0p05,mlp_coeff,served_p5tp_Mbps,65.73133333333334,0.05074993158178122,synthetic_repeat_mean,5,30;30;30;30;30,synthetic_complete
mlp_coeff_N500_K100_H200_nominal_t0p05,mlp_coeff,peak_normalized,0.8433032069964226,0.006085472013295264,synthetic_repeat_mean,5,30;30;30;30;30,synthetic_complete
mlp_coeff_N500_K100_H200_nominal_t0p05,mlp_coeff,active_load_variance,0.023846766027420706,0.00010098529462951867,synthetic_repeat_mean,5,30;30;30;30;30,synthetic_complete
mlp_coeff_N500_K100_H200_nominal_t0p05,mlp_coeff,mse_user_vector,0.03869449386602602,0.0028649212709570262,synthetic_repeat_mean,5,30;30;30;30;30,synthetic_complete
mlp_coeff_N500_K100_H200_nominal_t0p05,mlp_coeff,persistence_mse_user_vector,0.036373333333333334,0.0020958159376348972,synthetic_repeat_mean,5,30;30;30;30;30,synthetic_complete
mlp_coeff_N500_K100_H200_nominal_t0p05,mlp_coeff,Cbar,0.0236617,0.0007471468638166869,synthetic_repeat_mean,5,30;30;30;30;30,synthetic_complete
mlp_coeff_N500_K100_H200_nominal_t0p05,mlp_coeff,Lbar,0.37729039999999997,0.0005950078267458964,synthetic_repeat_mean,5,30;30;30;30;30,synthetic_complete
mlp_coeff_N500_K100_H200_nominal_t0p05,mlp_coeff,J_user,-0.5848747333333333,0.006354975995821694,synthetic_repeat_mean,5,30;30;30;30;30,synthetic_complete
mlp_coeff_N500_K100_H200_nominal_t0p05,mlp_coeff,J_network,-58.487473333333334,0.635497599582171,synthetic_repeat_mean,5,30;30;30;30;30,synthetic_complete
mlp_coeff_N1000_K100_H200_nominal_t0p05,mlp_coeff,outage_percent,0.728,0.11352942594567962,synthetic_repeat_mean,5,30;30;30;30;30,synthetic_complete
mlp_coeff_N1000_K100_H200_nominal_t0p05,mlp_coeff,hof_percent,0.7216903465308404,0.11251202851901553,synthetic_repeat_mean,5,30;30;30;30;30,synthetic_complete
mlp_coeff_N1000_K100_H200_nominal_t0p05,mlp_coeff,pp_percent,0.18888888888888888,0.019812461777676465,synthetic_repeat_mean,5,30;30;30;30;30,synthetic_complete
mlp_coeff_N1000_K100_H200_nominal_t0p05,mlp_coeff,tp_Mbps,201.295422,1.1036001725831521,synthetic_repeat_mean,5,30;30;30;30;30,synthetic_complete
mlp_coeff_N1000_K100_H200_nominal_t0p05,mlp_coeff,served_p5tp_Mbps,66.081,0.11155218011714778,synthetic_repeat_mean,5,30;30;30;30;30,synthetic_complete
mlp_coeff_N1000_K100_H200_nominal_t0p05,mlp_coeff,peak_normalized,0.7247317046248359,0.00910906092021157,synthetic_repeat_mean,5,30;30;30;30;30,synthetic_complete
mlp_coeff_N1000_K100_H200_nominal_t0p05,mlp_coeff,active_load_variance,0.0146403992625744,0.00009633225910277884,synthetic_repeat_mean,5,30;30;30;30;30,synthetic_complete
mlp_coeff_N1000_K100_H200_nominal_t0p05,mlp_coeff,mse_user_vector,0.029131724958652384,0.002020899024969152,synthetic_repeat_mean,5,30;30;30;30;30,synthetic_complete
mlp_coeff_N1000_K100_H200_nominal_t0p05,mlp_coeff,persistence_mse_user_vector,0.02702,0.001769662554148545,synthetic_repeat_mean,5,30;30;30;30;30,synthetic_complete
mlp_coeff_N1000_K100_H200_nominal_t0p05,mlp_coeff,Cbar,0.02425223333333333,0.0013407491614350862,synthetic_repeat_mean,5,30;30;30;30;30,synthetic_complete
mlp_coeff_N1000_K100_H200_nominal_t0p05,mlp_coeff,Lbar,0.28707653333333333,0.0009674925164798222,synthetic_repeat_mean,5,30;30;30;30;30,synthetic_complete
mlp_coeff_N1000_K100_H200_nominal_t0p05,mlp_coeff,J_user,-0.6466665416666667,0.010469940264664383,synthetic_repeat_mean,5,30;30;30;30;30,synthetic_complete
mlp_coeff_N1000_K100_H200_nominal_t0p05,mlp_coeff,J_network,-64.66665416666667,1.04699402646644,synthetic_repeat_mean,5,30;30;30;30;30,synthetic_complete
mlp_coeff_N2000_K100_H200_nominal_t0p05,mlp_coeff,outage_percent,0.7131333333333333,0.06860883487002399,synthetic_repeat_mean,5,30;30;30;30;30,synthetic_complete
mlp_coeff_N2000_K100_H200_nominal_t0p05,mlp_coeff,hof_percent,0.7189200315251458,0.07774061719179977,synthetic_repeat_mean,5,30;30;30;30;30,synthetic_complete
mlp_coeff_N2000_K100_H200_nominal_t0p05,mlp_coeff,pp_percent,0.1827946127946128,0.012855053943309947,synthetic_repeat_mean,5,30;30;30;30;30,synthetic_complete
mlp_coeff_N2000_K100_H200_nominal_t0p05,mlp_coeff,tp_Mbps,202.011294,0.6492167242088663,synthetic_repeat_mean,5,30;30;30;30;30,synthetic_complete
mlp_coeff_N2000_K100_H200_nominal_t0p05,mlp_coeff,served_p5tp_Mbps,59.789333333333374,0.37395335419149345,synthetic_repeat_mean,5,30;30;30;30;30,synthetic_complete
mlp_coeff_N2000_K100_H200_nominal_t0p05,mlp_coeff,peak_normalized,0.5909943474364451,0.004444837985893901,synthetic_repeat_mean,5,30;30;30;30;30,synthetic_complete
mlp_coeff_N2000_K100_H200_nominal_t0p05,mlp_coeff,active_load_variance,0.008946513185661874,0.00003203364993674848,synthetic_repeat_mean,5,30;30;30;30;30,synthetic_complete
mlp_coeff_N2000_K100_H200_nominal_t0p05,mlp_coeff,mse_user_vector,0.018986668534454246,0.0006806581340460704,synthetic_repeat_mean,5,30;30;30;30;30,synthetic_complete
mlp_coeff_N2000_K100_H200_nominal_t0p05,mlp_coeff,persistence_mse_user_vector,0.017200666666666666,0.0008071706414658825,synthetic_repeat_mean,5,30;30;30;30;30,synthetic_complete
mlp_coeff_N2000_K100_H200_nominal_t0p05,mlp_coeff,Cbar,0.024290266666666668,0.0008071202891212125,synthetic_repeat_mean,5,30;30;30;30;30,synthetic_complete
mlp_coeff_N2000_K100_H200_nominal_t0p05,mlp_coeff,Lbar,0.2265136,0.0003763544723912376,synthetic_repeat_mean,5,30;30;30;30;30,synthetic_complete
mlp_coeff_N2000_K100_H200_nominal_t0p05,mlp_coeff,J_user,-0.680655125,0.006370745441261805,synthetic_repeat_mean,5,30;30;30;30;30,synthetic_complete
mlp_coeff_N2000_K100_H200_nominal_t0p05,mlp_coeff,J_network,-68.0655125,0.6370745441261779,synthetic_repeat_mean,5,30;30;30;30;30,synthetic_complete
no_cox_rst_N2000_K100_H200_nominal_t0p05,no_cox_rst,outage_percent,0.8508666666666667,0.12379437476001169,synthetic_repeat_mean,5,30;30;30;30;30,synthetic_complete
no_cox_rst_N2000_K100_H200_nominal_t0p05,no_cox_rst,hof_percent,0.8530673809890011,0.12580321067808617,synthetic_repeat_mean,5,30;30;30;30;30,synthetic_complete
no_cox_rst_N2000_K100_H200_nominal_t0p05,no_cox_rst,pp_percent,0.1930976430976431,0.017763934514330525,synthetic_repeat_mean,5,30;30;30;30;30,synthetic_complete
no_cox_rst_N2000_K100_H200_nominal_t0p05,no_cox_rst,tp_Mbps,201.692782,1.0240251473117998,synthetic_repeat_mean,5,30;30;30;30;30,synthetic_complete
no_cox_rst_N2000_K100_H200_nominal_t0p05,no_cox_rst,served_p5tp_Mbps,59.34533333333336,1.2111584216039688,synthetic_repeat_mean,5,30;30;30;30;30,synthetic_complete
no_cox_rst_N2000_K100_H200_nominal_t0p05,no_cox_rst,peak_normalized,0.5884699352865591,0.004186489837251919,synthetic_repeat_mean,5,30;30;30;30;30,synthetic_complete
no_cox_rst_N2000_K100_H200_nominal_t0p05,no_cox_rst,active_load_variance,0.00898958052708797,0.00004044287516855394,synthetic_repeat_mean,5,30;30;30;30;30,synthetic_complete
no_cox_rst_N2000_K100_H200_nominal_t0p05,no_cox_rst,mse_user_vector,0.01962398983448313,0.001622544328076604,synthetic_repeat_mean,5,30;30;30;30;30,synthetic_complete
no_cox_rst_N2000_K100_H200_nominal_t0p05,no_cox_rst,persistence_mse_user_vector,0.017984,0.0014131395307376174,synthetic_repeat_mean,5,30;30;30;30;30,synthetic_complete
no_cox_rst_N2000_K100_H200_nominal_t0p05,no_cox_rst,Cbar,0.0250488,0.0012217180150645773,synthetic_repeat_mean,5,30;30;30;30;30,synthetic_complete
no_cox_rst_N2000_K100_H200_nominal_t0p05,no_cox_rst,Lbar,0.2271288,0.0004656073005584545,synthetic_repeat_mean,5,30;30;30;30;30,synthetic_complete
no_cox_rst_N2000_K100_H200_nominal_t0p05,no_cox_rst,J_user,-0.6717544583333334,0.010874302667649254,synthetic_repeat_mean,5,30;30;30;30;30,synthetic_complete
no_cox_rst_N2000_K100_H200_nominal_t0p05,no_cox_rst,J_network,-67.17544583333333,1.087430266764926,synthetic_repeat_mean,5,30;30;30;30;30,synthetic_complete
no_cox_rst_N500_K100_H200_nominal_t0p05,no_cox_rst,outage_percent,1.0072666666666668,0.11109459182756529,synthetic_repeat_mean,5,30;30;30;30;30,synthetic_complete
no_cox_rst_N500_K100_H200_nominal_t0p05,no_cox_rst,hof_percent,1.0330606887074147,0.12307100862265856,synthetic_repeat_mean,5,30;30;30;30;30,synthetic_complete
no_cox_rst_N500_K100_H200_nominal_t0p05,no_cox_rst,pp_percent,0.21528619528619528,0.015357005337694915,synthetic_repeat_mean,5,30;30;30;30;30,synthetic_complete
no_cox_rst_N500_K100_H200_nominal_t0p05,no_cox_rst,tp_Mbps,196.460443,0.8183910452285412,synthetic_repeat_mean,5,30;30;30;30;30,synthetic_complete
no_cox_rst_N500_K100_H200_nominal_t0p05,no_cox_rst,served_p5tp_Mbps,65.66566666666667,0.07133255451288453,synthetic_repeat_mean,5,30;30;30;30;30,synthetic_complete
no_cox_rst_N500_K100_H200_nominal_t0p05,no_cox_rst,peak_normalized,0.8418870092513212,0.0062614934509845075,synthetic_repeat_mean,5,30;30;30;30;30,synthetic_complete
no_cox_rst_N500_K100_H200_nominal_t0p05,no_cox_rst,active_load_variance,0.024435999673574686,0.00006442686694935966,synthetic_repeat_mean,5,30;30;30;30;30,synthetic_complete
no_cox_rst_N500_K100_H200_nominal_t0p05,no_cox_rst,mse_user_vector,0.042405170000686665,0.0015003101102972175,synthetic_repeat_mean,5,30;30;30;30;30,synthetic_complete
no_cox_rst_N500_K100_H200_nominal_t0p05,no_cox_rst,persistence_mse_user_vector,0.039878000000000004,0.0018213252196012516,synthetic_repeat_mean,5,30;30;30;30;30,synthetic_complete
no_cox_rst_N500_K100_H200_nominal_t0p05,no_cox_rst,Cbar,0.025249033333333334,0.0009535960404350122,synthetic_repeat_mean,5,30;30;30;30;30,synthetic_complete
no_cox_rst_N500_K100_H200_nominal_t0p05,no_cox_rst,Lbar,0.3829112,0.000584279321044293,synthetic_repeat_mean,5,30;30;30;30;30,synthetic_complete
no_cox_rst_N500_K100_H200_nominal_t0p05,no_cox_rst,J_user,-0.5641417291666667,0.00915579416333751,synthetic_repeat_mean,5,30;30;30;30;30,synthetic_complete
no_cox_rst_N500_K100_H200_nominal_t0p05,no_cox_rst,J_network,-56.414172916666665,0.9155794163337528,synthetic_repeat_mean,5,30;30;30;30;30,synthetic_complete
no_cox_rst_N1000_K100_H200_nominal_t0p05,no_cox_rst,outage_percent,0.9120666666666667,0.10937941102216431,synthetic_repeat_mean,5,30;30;30;30;30,synthetic_complete
no_cox_rst_N1000_K100_H200_nominal_t0p05,no_cox_rst,hof_percent,0.9171362262731773,0.11619635634966761,synthetic_repeat_mean,5,30;30;30;30;30,synthetic_complete
no_cox_rst_N1000_K100_H200_nominal_t0p05,no_cox_rst,pp_percent,0.20946127946127946,0.018030923918926328,synthetic_repeat_mean,5,30;30;30;30;30,synthetic_complete
no_cox_rst_N1000_K100_H200_nominal_t0p05,no_cox_rst,tp_Mbps,200.526344,0.887145649452494,synthetic_repeat_mean,5,30;30;30;30;30,synthetic_complete
no_cox_rst_N1000_K100_H200_nominal_t0p05,no_cox_rst,served_p5tp_Mbps,66.04233333333333,0.06424346054052484,synthetic_repeat_mean,5,30;30;30;30;30,synthetic_complete
no_cox_rst_N1000_K100_H200_nominal_t0p05,no_cox_rst,peak_normalized,0.7072755679637652,0.009160943865390195,synthetic_repeat_mean,5,30;30;30;30;30,synthetic_complete
no_cox_rst_N1000_K100_H200_nominal_t0p05,no_cox_rst,active_load_variance,0.014794623900437114,0.00005424395674493882,synthetic_repeat_mean,5,30;30;30;30;30,synthetic_complete
no_cox_rst_N1000_K100_H200_nominal_t0p05,no_cox_rst,mse_user_vector,0.030343774064473236,0.0015926863890700432,synthetic_repeat_mean,5,30;30;30;30;30,synthetic_complete
no_cox_rst_N1000_K100_H200_nominal_t0p05,no_cox_rst,persistence_mse_user_vector,0.028403333333333336,0.0016307905376772875,synthetic_repeat_mean,5,30;30;30;30;30,synthetic_complete
no_cox_rst_N1000_K100_H200_nominal_t0p05,no_cox_rst,Cbar,0.025486833333333334,0.0010597982774513694,synthetic_repeat_mean,5,30;30;30;30;30,synthetic_complete
no_cox_rst_N1000_K100_H200_nominal_t0p05,no_cox_rst,Lbar,0.28875853333333334,0.0006805106579294301,synthetic_repeat_mean,5,30;30;30;30;30,synthetic_complete
no_cox_rst_N1000_K100_H200_nominal_t0p05,no_cox_rst,J_user,-0.6328004166666666,0.009366260336798616,synthetic_repeat_mean,5,30;30;30;30;30,synthetic_complete
no_cox_rst_N1000_K100_H200_nominal_t0p05,no_cox_rst,J_network,-63.28004166666667,0.9366260336798593,synthetic_repeat_mean,5,30;30;30;30;30,synthetic_complete
eph_physick_N2000_K100_H200_nominal_t0p05,eph_physick,outage_percent,0.7424333333333334,0.07088249274523137,synthetic_repeat_mean,5,30;30;30;30;30,synthetic_complete
eph_physick_N2000_K100_H200_nominal_t0p05,eph_physick,hof_percent,0.7404449813317228,0.0778533141147812,synthetic_repeat_mean,5,30;30;30;30;30,synthetic_complete
eph_physick_N2000_K100_H200_nominal_t0p05,eph_physick,pp_percent,0.13074074074074074,0.007686803057306945,synthetic_repeat_mean,5,30;30;30;30;30,synthetic_complete
eph_physick_N2000_K100_H200_nominal_t0p05,eph_physick,tp_Mbps,202.079749,0.6632821492277335,synthetic_repeat_mean,5,30;30;30;30;30,synthetic_complete
eph_physick_N2000_K100_H200_nominal_t0p05,eph_physick,served_p5tp_Mbps,59.63100000000006,1.10573668253833,synthetic_repeat_mean,5,30;30;30;30;30,synthetic_complete
eph_physick_N2000_K100_H200_nominal_t0p05,eph_physick,peak_normalized,0.5907822643909186,0.004209837625526651,synthetic_repeat_mean,5,30;30;30;30;30,synthetic_complete
eph_physick_N2000_K100_H200_nominal_t0p05,eph_physick,active_load_variance,0.009070487049384719,0.00004834600939944988,synthetic_repeat_mean,5,30;30;30;30;30,synthetic_complete
eph_physick_N2000_K100_H200_nominal_t0p05,eph_physick,mse_user_vector,0.017412242231808636,0.0009423600678531889,synthetic_repeat_mean,5,30;30;30;30;30,synthetic_complete
eph_physick_N2000_K100_H200_nominal_t0p05,eph_physick,persistence_mse_user_vector,0.015706,0.0007636549540786658,synthetic_repeat_mean,5,30;30;30;30;30,synthetic_complete
eph_physick_N2000_K100_H200_nominal_t0p05,eph_physick,Cbar,0.0223143,0.0007416609213260608,synthetic_repeat_mean,5,30;30;30;30;30,synthetic_complete
eph_physick_N2000_K100_H200_nominal_t0p05,eph_physick,Lbar,0.22795543333333332,0.00041687220930267154,synthetic_repeat_mean,5,30;30;30;30;30,synthetic_complete
eph_physick_N2000_K100_H200_nominal_t0p05,eph_physick,J_user,-0.6797424208333334,0.0065051804720969685,synthetic_repeat_mean,5,30;30;30;30;30,synthetic_complete
eph_physick_N2000_K100_H200_nominal_t0p05,eph_physick,J_network,-67.97424208333332,0.6505180472096952,synthetic_repeat_mean,5,30;30;30;30;30,synthetic_complete
eph_physick_N500_K100_H200_nominal_t0p05,eph_physick,outage_percent,0.8191666666666667,0.08595000161592656,synthetic_repeat_mean,5,30;30;30;30;30,synthetic_complete
eph_physick_N500_K100_H200_nominal_t0p05,eph_physick,hof_percent,0.845169820414454,0.07710321607240392,synthetic_repeat_mean,5,30;30;30;30;30,synthetic_complete
eph_physick_N500_K100_H200_nominal_t0p05,eph_physick,pp_percent,0.13734006734006735,0.009931518510002447,synthetic_repeat_mean,5,30;30;30;30;30,synthetic_complete
eph_physick_N500_K100_H200_nominal_t0p05,eph_physick,tp_Mbps,197.40607733333334,0.7557052553433907,synthetic_repeat_mean,5,30;30;30;30;30,synthetic_complete
eph_physick_N500_K100_H200_nominal_t0p05,eph_physick,served_p5tp_Mbps,65.72,0.0505525029603408,synthetic_repeat_mean,5,30;30;30;30;30,synthetic_complete
eph_physick_N500_K100_H200_nominal_t0p05,eph_physick,peak_normalized,0.8499014889924615,0.006255508399628084,synthetic_repeat_mean,5,30;30;30;30;30,synthetic_complete
eph_physick_N500_K100_H200_nominal_t0p05,eph_physick,active_load_variance,0.024604701828585155,0.00007939241316038008,synthetic_repeat_mean,5,30;30;30;30;30,synthetic_complete
eph_physick_N500_K100_H200_nominal_t0p05,eph_physick,mse_user_vector,0.03623734887993524,0.0011800217875645284,synthetic_repeat_mean,5,30;30;30;30;30,synthetic_complete
eph_physick_N500_K100_H200_nominal_t0p05,eph_physick,persistence_mse_user_vector,0.033800666666666666,0.0012734956266556685,synthetic_repeat_mean,5,30;30;30;30;30,synthetic_complete
eph_physick_N500_K100_H200_nominal_t0p05,eph_physick,Cbar,0.021930366666666666,0.0008247747116637367,synthetic_repeat_mean,5,30;30;30;30;30,synthetic_complete
eph_physick_N500_K100_H200_nominal_t0p05,eph_physick,Lbar,0.3843183,0.0005703962974205961,synthetic_repeat_mean,5,30;30;30;30;30,synthetic_complete
eph_physick_N500_K100_H200_nominal_t0p05,eph_physick,J_user,-0.5784426555555555,0.007602903106134324,synthetic_repeat_mean,5,30;30;30;30;30,synthetic_complete
eph_physick_N500_K100_H200_nominal_t0p05,eph_physick,J_network,-57.84426555555556,0.7602903106134308,synthetic_repeat_mean,5,30;30;30;30;30,synthetic_complete
eph_physick_N1000_K100_H200_nominal_t0p05,eph_physick,outage_percent,0.6499666666666667,0.061737166907607416,synthetic_repeat_mean,5,30;30;30;30;30,synthetic_complete
eph_physick_N1000_K100_H200_nominal_t0p05,eph_physick,hof_percent,0.6498139784680848,0.06220051817981602,synthetic_repeat_mean,5,30;30;30;30;30,synthetic_complete
eph_physick_N1000_K100_H200_nominal_t0p05,eph_physick,pp_percent,0.12501683501683503,0.007782986871950817,synthetic_repeat_mean,5,30;30;30;30;30,synthetic_complete
eph_physick_N1000_K100_H200_nominal_t0p05,eph_physick,tp_Mbps,202.33434033333333,0.603350224356557,synthetic_repeat_mean,5,30;30;30;30;30,synthetic_complete
eph_physick_N1000_K100_H200_nominal_t0p05,eph_physick,served_p5tp_Mbps,66.19333333333334,0.04346134936801519,synthetic_repeat_mean,5,30;30;30;30;30,synthetic_complete
eph_physick_N1000_K100_H200_nominal_t0p05,eph_physick,peak_normalized,0.7253405603235296,0.006296208723744924,synthetic_repeat_mean,5,30;30;30;30;30,synthetic_complete
eph_physick_N1000_K100_H200_nominal_t0p05,eph_physick,active_load_variance,0.014860983266484207,0.00005032699569659104,synthetic_repeat_mean,5,30;30;30;30;30,synthetic_complete
eph_physick_N1000_K100_H200_nominal_t0p05,eph_physick,mse_user_vector,0.0252330823790734,0.000801333989602333,synthetic_repeat_mean,5,30;30;30;30;30,synthetic_complete
eph_physick_N1000_K100_H200_nominal_t0p05,eph_physick,persistence_mse_user_vector,0.02313666666666667,0.0009102411157978352,synthetic_repeat_mean,5,30;30;30;30;30,synthetic_complete
eph_physick_N1000_K100_H200_nominal_t0p05,eph_physick,Cbar,0.021154433333333333,0.0006343566469704205,synthetic_repeat_mean,5,30;30;30;30;30,synthetic_complete
eph_physick_N1000_K100_H200_nominal_t0p05,eph_physick,Lbar,0.2904573,0.0002179246301922944,synthetic_repeat_mean,5,30;30;30;30;30,synthetic_complete
eph_physick_N1000_K100_H200_nominal_t0p05,eph_physick,J_user,-0.6547555513888889,0.005853605219109684,synthetic_repeat_mean,5,30;30;30;30;30,synthetic_complete
eph_physick_N1000_K100_H200_nominal_t0p05,eph_physick,J_network,-65.4755551388889,0.58536052191097,synthetic_repeat_mean,5,30;30;30;30;30,synthetic_complete
full_N2000_K100_H200_nominal_t0p1,full,outage_percent,0.6204666666666666,0.0908844962942892,synthetic_repeat_mean,5,30;30;30;30;30,synthetic_complete
full_N2000_K100_H200_nominal_t0p1,full,hof_percent,0.6247157182855864,0.08363889973753463,synthetic_repeat_mean,5,30;30;30;30;30,synthetic_complete
full_N2000_K100_H200_nominal_t0p1,full,pp_percent,0.12043771043771044,0.012887642474449734,synthetic_repeat_mean,5,30;30;30;30;30,synthetic_complete
full_N2000_K100_H200_nominal_t0p1,full,tp_Mbps,202.57433333333333,0.9576370389277941,synthetic_repeat_mean,5,30;30;30;30;30,synthetic_complete
full_N2000_K100_H200_nominal_t0p1,full,served_p5tp_Mbps,60.037333333333365,0.09095633873208932,synthetic_repeat_mean,5,30;30;30;30;30,synthetic_complete
full_N2000_K100_H200_nominal_t0p1,full,peak_normalized,0.6047418025024623,0.005950535768798081,synthetic_repeat_mean,5,30;30;30;30;30,synthetic_complete
full_N2000_K100_H200_nominal_t0p1,full,active_load_variance,0.008837719033711229,0.000022787626138314598,synthetic_repeat_mean,5,30;30;30;30;30,synthetic_complete
full_N2000_K100_H200_nominal_t0p1,full,mse_user_vector,0.01645340615317413,0.0007431389783838334,synthetic_repeat_mean,5,30;30;30;30;30,synthetic_complete
full_N2000_K100_H200_nominal_t0p1,full,persistence_mse_user_vector,0.014576666666666668,0.0008950822432727738,synthetic_repeat_mean,5,30;30;30;30;30,synthetic_complete
full_N2000_K100_H200_nominal_t0p1,full,Cbar,0.021092633333333333,0.001044779710965161,synthetic_repeat_mean,5,30;30;30;30;30,synthetic_complete
full_N2000_K100_H200_nominal_t0p1,full,Lbar,0.22518486666666668,0.000413500258632198,synthetic_repeat_mean,5,30;30;30;30;30,synthetic_complete
full_N2000_K100_H200_nominal_t0p1,full,J_user,-0.6898976388888889,0.008854302326813387,synthetic_repeat_mean,5,30;30;30;30;30,synthetic_complete
full_N2000_K100_H200_nominal_t0p1,full,J_network,-68.98976388888889,0.8854302326813425,synthetic_repeat_mean,5,30;30;30;30;30,synthetic_complete
full_N2000_K100_H200_nominal_t0p2,full,outage_percent,0.6455666666666666,0.09401622200450305,synthetic_repeat_mean,5,30;30;30;30;30,synthetic_complete
full_N2000_K100_H200_nominal_t0p2,full,hof_percent,0.6549621151502978,0.08995934498794561,synthetic_repeat_mean,5,30;30;30;30;30,synthetic_complete
full_N2000_K100_H200_nominal_t0p2,full,pp_percent,0.06552188552188552,0.006542305016044961,synthetic_repeat_mean,5,30;30;30;30;30,synthetic_complete
full_N2000_K100_H200_nominal_t0p2,full,tp_Mbps,202.49103266666665,0.9781514242469763,synthetic_repeat_mean,5,30;30;30;30;30,synthetic_complete
full_N2000_K100_H200_nominal_t0p2,full,served_p5tp_Mbps,60.02633333333336,0.42034773964204813,synthetic_repeat_mean,5,30;30;30;30;30,synthetic_complete
full_N2000_K100_H200_nominal_t0p2,full,peak_normalized,0.6055811924349269,0.004597714386414669,synthetic_repeat_mean,5,30;30;30;30;30,synthetic_complete
full_N2000_K100_H200_nominal_t0p2,full,active_load_variance,0.008962660671675332,0.00005378240706383464,synthetic_repeat_mean,5,30;30;30;30;30,synthetic_complete
full_N2000_K100_H200_nominal_t0p2,full,mse_user_vector,0.014195650292772888,0.0002645975921514165,synthetic_repeat_mean,5,30;30;30;30;30,synthetic_complete
full_N2000_K100_H200_nominal_t0p2,full,persistence_mse_user_vector,0.012262666666666667,0.00033716464820618457,synthetic_repeat_mean,5,30;30;30;30;30,synthetic_complete
full_N2000_K100_H200_nominal_t0p2,full,Cbar,0.016556166666666667,0.0008300708554093443,synthetic_repeat_mean,5,30;30;30;30;30,synthetic_complete
full_N2000_K100_H200_nominal_t0p2,full,Lbar,0.22636230000000002,0.0002206093958913751,synthetic_repeat_mean,5,30;30;30;30;30,synthetic_complete
full_N2000_K100_H200_nominal_t0p2,full,J_user,-0.6899750694444444,0.00924494569293573,synthetic_repeat_mean,5,30;30;30;30;30,synthetic_complete
full_N2000_K100_H200_nominal_t0p2,full,J_network,-68.99750694444444,0.9244945692935708,synthetic_repeat_mean,5,30;30;30;30;30,synthetic_complete
full_N2000_K100_H200_nominal_t0p3,full,outage_percent,0.6741666666666667,0.09910537321457398,synthetic_repeat_mean,5,30;30;30;30;30,synthetic_complete
full_N2000_K100_H200_nominal_t0p3,full,hof_percent,0.6921857670342209,0.10284632883604959,synthetic_repeat_mean,5,30;30;30;30;30,synthetic_complete
full_N2000_K100_H200_nominal_t0p3,full,pp_percent,0.034915824915824914,0.0029845973258353425,synthetic_repeat_mean,5,30;30;30;30;30,synthetic_complete
full_N2000_K100_H200_nominal_t0p3,full,tp_Mbps,202.45795533333333,0.9797522286877567,synthetic_repeat_mean,5,30;30;30;30;30,synthetic_complete
full_N2000_K100_H200_nominal_t0p3,full,served_p5tp_Mbps,59.9966666666667,0.48746509846571295,synthetic_repeat_mean,5,30;30;30;30;30,synthetic_complete
full_N2000_K100_H200_nominal_t0p3,full,peak_normalized,0.601738677506084,0.001611345018572719,synthetic_repeat_mean,5,30;30;30;30;30,synthetic_complete
full_N2000_K100_H200_nominal_t0p3,full,active_load_variance,0.008844979096233805,0.000017892665854804397,synthetic_repeat_mean,5,30;30;30;30;30,synthetic_complete
full_N2000_K100_H200_nominal_t0p3,full,mse_user_vector,0.011331810774368798,0.0005013400171984209,synthetic_repeat_mean,5,30;30;30;30;30,synthetic_complete
full_N2000_K100_H200_nominal_t0p3,full,persistence_mse_user_vector,0.009365333333333335,0.0005532761014578932,synthetic_repeat_mean,5,30;30;30;30;30,synthetic_complete
full_N2000_K100_H200_nominal_t0p3,full,Cbar,0.012997133333333332,0.0006579325932207819,synthetic_repeat_mean,5,30;30;30;30;30,synthetic_complete
full_N2000_K100_H200_nominal_t0p3,full,Lbar,0.2253897,0.00028314757145739944,synthetic_repeat_mean,5,30;30;30;30;30,synthetic_complete
full_N2000_K100_H200_nominal_t0p3,full,J_user,-0.6906730638888888,0.009235708815467737,synthetic_repeat_mean,5,30;30;30;30;30,synthetic_complete
full_N2000_K100_H200_nominal_t0p3,full,J_network,-69.06730638888888,0.9235708815467704,synthetic_repeat_mean,5,30;30;30;30;30,synthetic_complete
cox_only_N2000_K100_H200_nominal_t0p1,cox_only,outage_percent,0.85,0.18613584212649084,synthetic_episode,30,30,synthetic_complete
cox_only_N2000_K100_H200_nominal_t0p1,cox_only,hof_percent,0.879956291066889,0.3150664966551417,synthetic_episode,30,30,synthetic_complete
cox_only_N2000_K100_H200_nominal_t0p1,cox_only,pp_percent,0.0734006734006734,0.014990044822777208,synthetic_episode,30,30,synthetic_complete
cox_only_N2000_K100_H200_nominal_t0p1,cox_only,tp_Mbps,200.39623166666667,3.7279370601669353,synthetic_episode,30,30,synthetic_complete
cox_only_N2000_K100_H200_nominal_t0p1,cox_only,served_p5tp_Mbps,57.24,11.988172332014138,synthetic_episode,30,30,synthetic_complete
cox_only_N2000_K100_H200_nominal_t0p1,cox_only,peak_normalized,0.6197081446992334,0.0737644148119102,synthetic_episode,30,30,synthetic_complete
cox_only_N2000_K100_H200_nominal_t0p1,cox_only,active_load_variance,0.009540816181783334,0.0005903508974891986,synthetic_episode,30,30,synthetic_complete
cox_only_N2000_K100_H200_nominal_t0p1,cox_only,mse_user_vector,,,synthetic_episode,0,0,synthetic_incomplete
cox_only_N2000_K100_H200_nominal_t0p1,cox_only,persistence_mse_user_vector,,,synthetic_episode,0,0,synthetic_incomplete
cox_only_N2000_K100_H200_nominal_t0p1,cox_only,Cbar,0.016729166666666666,0.00044367602993651784,synthetic_episode,30,30,synthetic_complete
cox_only_N2000_K100_H200_nominal_t0p1,cox_only,Lbar,0.232433,0.003915002003786864,synthetic_episode,30,30,synthetic_complete
cox_only_N2000_K100_H200_nominal_t0p1,cox_only,J_user,-0.6679032152777777,0.022275068863261385,synthetic_episode,30,30,synthetic_complete
cox_only_N2000_K100_H200_nominal_t0p1,cox_only,J_network,-66.79032152777778,2.2275068863261387,synthetic_episode,30,30,synthetic_complete
cox_only_N2000_K100_H200_nominal_t0p2,cox_only,outage_percent,0.8871666666666667,0.19078640942946776,synthetic_episode,30,30,synthetic_complete
cox_only_N2000_K100_H200_nominal_t0p2,cox_only,hof_percent,0.9269401306976154,0.3829322677164003,synthetic_episode,30,30,synthetic_complete
cox_only_N2000_K100_H200_nominal_t0p2,cox_only,pp_percent,0.03905723905723906,0.012295087895113493,synthetic_episode,30,30,synthetic_complete
cox_only_N2000_K100_H200_nominal_t0p2,cox_only,tp_Mbps,200.36094833333334,3.6986185565900582,synthetic_episode,30,30,synthetic_complete
cox_only_N2000_K100_H200_nominal_t0p2,cox_only,served_p5tp_Mbps,60.25833333333334,21.305386575381288,synthetic_episode,30,30,synthetic_complete
cox_only_N2000_K100_H200_nominal_t0p2,cox_only,peak_normalized,0.6110637473597622,0.07026102294289255,synthetic_episode,30,30,synthetic_complete
cox_only_N2000_K100_H200_nominal_t0p2,cox_only,active_load_variance,0.009335991828981588,0.0005402675450676705,synthetic_episode,30,30,synthetic_complete
cox_only_N2000_K100_H200_nominal_t0p2,cox_only,mse_user_vector,,,synthetic_episode,0,0,synthetic_incomplete
cox_only_N2000_K100_H200_nominal_t0p2,cox_only,persistence_mse_user_vector,,,synthetic_episode,0,0,synthetic_incomplete
cox_only_N2000_K100_H200_nominal_t0p2,cox_only,Cbar,0.013123166666666667,0.00040638541951625474,synthetic_episode,30,30,synthetic_complete
cox_only_N2000_K100_H200_nominal_t0p2,cox_only,Lbar,0.23101483333333334,0.004202541612613388,synthetic_episode,30,30,synthetic_complete
cox_only_N2000_K100_H200_nominal_t0p2,cox_only,J_user,-0.6684099513888889,0.021543995191734763,synthetic_episode,30,30,synthetic_complete
cox_only_N2000_K100_H200_nominal_t0p2,cox_only,J_network,-66.84099513888889,2.154399519173476,synthetic_episode,30,30,synthetic_complete
cox_only_N2000_K100_H200_nominal_t0p3,cox_only,outage_percent,0.9203333333333333,0.19732667354403466,synthetic_episode,30,30,synthetic_complete
cox_only_N2000_K100_H200_nominal_t0p3,cox_only,hof_percent,0.942771341835085,0.4495824037281543,synthetic_episode,30,30,synthetic_complete
cox_only_N2000_K100_H200_nominal_t0p3,cox_only,pp_percent,0.02053872053872054,0.009558151455381596,synthetic_episode,30,30,synthetic_complete
cox_only_N2000_K100_H200_nominal_t0p3,cox_only,tp_Mbps,200.29151,3.7144565516185595,synthetic_episode,30,30,synthetic_complete
cox_only_N2000_K100_H200_nominal_t0p3,cox_only,served_p5tp_Mbps,60.686666666666795,21.240652846213074,synthetic_episode,30,30,synthetic_complete
cox_only_N2000_K100_H200_nominal_t0p3,cox_only,peak_normalized,0.6184116818907642,0.07946514400119419,synthetic_episode,30,30,synthetic_complete
cox_only_N2000_K100_H200_nominal_t0p3,cox_only,active_load_variance,0.009377686343661056,0.0006996585964056055,synthetic_episode,30,30,synthetic_complete
cox_only_N2000_K100_H200_nominal_t0p3,cox_only,mse_user_vector,,,synthetic_episode,0,0,synthetic_incomplete
cox_only_N2000_K100_H200_nominal_t0p3,cox_only,persistence_mse_user_vector,,,synthetic_episode,0,0,synthetic_incomplete
cox_only_N2000_K100_H200_nominal_t0p3,cox_only,Cbar,0.010268,0.00037365990437553115,synthetic_episode,30,30,synthetic_complete
cox_only_N2000_K100_H200_nominal_t0p3,cox_only,Lbar,0.23112933333333333,0.005472696135224917,synthetic_episode,30,30,synthetic_complete
cox_only_N2000_K100_H200_nominal_t0p3,cox_only,J_user,-0.667832625,0.022243595750294914,synthetic_episode,30,30,synthetic_complete
cox_only_N2000_K100_H200_nominal_t0p3,cox_only,J_network,-66.78326249999999,2.2243595750294918,synthetic_episode,30,30,synthetic_complete
greedy_analytic_N2000_K100_H200_nominal_t0p1,greedy_analytic,outage_percent,0.9526666666666667,0.20382858473242407,synthetic_episode,30,30,synthetic_complete
greedy_analytic_N2000_K100_H200_nominal_t0p1,greedy_analytic,hof_percent,0.9594073792109417,0.4649398335576907,synthetic_episode,30,30,synthetic_complete
greedy_analytic_N2000_K100_H200_nominal_t0p1,greedy_analytic,pp_percent,0.015993265993265993,0.007394598553647359,synthetic_episode,30,30,synthetic_complete
greedy_analytic_N2000_K100_H200_nominal_t0p1,greedy_analytic,tp_Mbps,201.89035166666667,3.7442060071364187,synthetic_episode,30,30,synthetic_complete
greedy_analytic_N2000_K100_H200_nominal_t0p1,greedy_analytic,served_p5tp_Mbps,59.37333333333374,17.222738244649587,synthetic_episode,30,30,synthetic_complete
greedy_analytic_N2000_K100_H200_nominal_t0p1,greedy_analytic,peak_normalized,0.5948589378582391,0.06742283681136838,synthetic_episode,30,30,synthetic_complete
greedy_analytic_N2000_K100_H200_nominal_t0p1,greedy_analytic,active_load_variance,0.00819621000439378,0.0007177770145378397,synthetic_episode,30,30,synthetic_complete
greedy_analytic_N2000_K100_H200_nominal_t0p1,greedy_analytic,mse_user_vector,,,synthetic_episode,0,0,synthetic_incomplete
greedy_analytic_N2000_K100_H200_nominal_t0p1,greedy_analytic,persistence_mse_user_vector,,,synthetic_episode,0,0,synthetic_incomplete
greedy_analytic_N2000_K100_H200_nominal_t0p1,greedy_analytic,Cbar,0.0101855,0.0003738669088288522,synthetic_episode,30,30,synthetic_complete
greedy_analytic_N2000_K100_H200_nominal_t0p1,greedy_analytic,Lbar,0.21775166666666668,0.005831507957421584,synthetic_episode,30,30,synthetic_complete
greedy_analytic_N2000_K100_H200_nominal_t0p1,greedy_analytic,J_user,-0.6796078819444444,0.02277024887554846,synthetic_episode,30,30,synthetic_complete
greedy_analytic_N2000_K100_H200_nominal_t0p1,greedy_analytic,J_network,-67.96078819444445,2.2770248875548456,synthetic_episode,30,30,synthetic_complete
greedy_analytic_N2000_K100_H200_nominal_t0p2,greedy_analytic,outage_percent,0.9923333333333333,0.21627621759881638,synthetic_episode,30,30,synthetic_complete
greedy_analytic_N2000_K100_H200_nominal_t0p2,greedy_analytic,hof_percent,1.0328495298915634,0.5307121548180743,synthetic_episode,30,30,synthetic_complete
greedy_analytic_N2000_K100_H200_nominal_t0p2,greedy_analytic,pp_percent,0.008754208754208754,0.006351618432624813,synthetic_episode,30,30,synthetic_complete
greedy_analytic_N2000_K100_H200_nominal_t0p2,greedy_analytic,tp_Mbps,201.79470166666667,3.791476487066732,synthetic_episode,30,30,synthetic_complete
greedy_analytic_N2000_K100_H200_nominal_t0p2,greedy_analytic,served_p5tp_Mbps,60.33833333333334,21.656470257707944,synthetic_episode,30,30,synthetic_complete
greedy_analytic_N2000_K100_H200_nominal_t0p2,greedy_analytic,peak_normalized,0.5968749813334726,0.0824669447377368,synthetic_episode,30,30,synthetic_complete
greedy_analytic_N2000_K100_H200_nominal_t0p2,greedy_analytic,active_load_variance,0.00825219072530657,0.0007766345653405483,synthetic_episode,30,30,synthetic_complete
greedy_analytic_N2000_K100_H200_nominal_t0p2,greedy_analytic,mse_user_vector,,,synthetic_episode,0,0,synthetic_incomplete
greedy_analytic_N2000_K100_H200_nominal_t0p2,greedy_analytic,persistence_mse_user_vector,,,synthetic_episode,0,0,synthetic_incomplete
greedy_analytic_N2000_K100_H200_nominal_t0p2,greedy_analytic,Cbar,0.007988333333333333,0.00031082574487670885,synthetic_episode,30,30,synthetic_complete
greedy_analytic_N2000_K100_H200_nominal_t0p2,greedy_analytic,Lbar,0.21835966666666667,0.006441142131176969,synthetic_episode,30,30,synthetic_complete
greedy_analytic_N2000_K100_H200_nominal_t0p2,greedy_analytic,J_user,-0.6780205902777777,0.0239429746027455,synthetic_episode,30,30,synthetic_complete
greedy_analytic_N2000_K100_H200_nominal_t0p2,greedy_analytic,J_network,-67.80205902777777,2.3942974602745495,synthetic_episode,30,30,synthetic_complete
greedy_analytic_N2000_K100_H200_nominal_t0p3,greedy_analytic,outage_percent,1.0321666666666667,0.2249125628317374,synthetic_episode,30,30,synthetic_complete
greedy_analytic_N2000_K100_H200_nominal_t0p3,greedy_analytic,hof_percent,1.0254061583089893,0.5881335620028164,synthetic_episode,30,30,synthetic_complete
greedy_analytic_N2000_K100_H200_nominal_t0p3,greedy_analytic,pp_percent,0.004545454545454546,0.005024313836530423,synthetic_episode,30,30,synthetic_complete
greedy_analytic_N2000_K100_H200_nominal_t0p3,greedy_analytic,tp_Mbps,201.70269833333333,3.8066926920858597,synthetic_episode,30,30,synthetic_complete
greedy_analytic_N2000_K100_H200_nominal_t0p3,greedy_analytic,served_p5tp_Mbps,60.42333333333334,22.07346563314133,synthetic_episode,30,30,synthetic_complete
greedy_analytic_N2000_K100_H200_nominal_t0p3,greedy_analytic,peak_normalized,0.6018626281223626,0.08273743232533531,synthetic_episode,30,30,synthetic_complete
greedy_analytic_N2000_K100_H200_nominal_t0p3,greedy_analytic,active_load_variance,0.008289725381499625,0.0008998453427058973,synthetic_episode,30,30,synthetic_complete
greedy_analytic_N2000_K100_H200_nominal_t0p3,greedy_analytic,mse_user_vector,,,synthetic_episode,0,0,synthetic_incomplete
greedy_analytic_N2000_K100_H200_nominal_t0p3,greedy_analytic,persistence_mse_user_vector,,,synthetic_episode,0,0,synthetic_incomplete
greedy_analytic_N2000_K100_H200_nominal_t0p3,greedy_analytic,Cbar,0.006248,0.00023944836028124986,synthetic_episode,30,30,synthetic_complete
greedy_analytic_N2000_K100_H200_nominal_t0p3,greedy_analytic,Lbar,0.21853516666666667,0.007206927520213395,synthetic_episode,30,30,synthetic_complete
greedy_analytic_N2000_K100_H200_nominal_t0p3,greedy_analytic,J_user,-0.6764279930555556,0.02410322551284319,synthetic_episode,30,30,synthetic_complete
greedy_analytic_N2000_K100_H200_nominal_t0p3,greedy_analytic,J_network,-67.64279930555556,2.4103225512843185,synthetic_episode,30,30,synthetic_complete
full_N2000_K100_H200_w_out_0p5_t0p05,full,outage_percent,0.7380333333333333,0.07321205881243578,synthetic_repeat_mean,5,30;30;30;30;30,synthetic_complete
full_N2000_K100_H200_w_out_0p5_t0p05,full,hof_percent,0.7383102465235506,0.07736474206597865,synthetic_repeat_mean,5,30;30;30;30;30,synthetic_complete
full_N2000_K100_H200_w_out_0p5_t0p05,full,pp_percent,0.1447811447811448,0.008536200224974552,synthetic_repeat_mean,5,30;30;30;30;30,synthetic_complete
full_N2000_K100_H200_w_out_0p5_t0p05,full,tp_Mbps,202.12920333333332,0.6651096403622337,synthetic_repeat_mean,5,30;30;30;30;30,synthetic_complete
full_N2000_K100_H200_w_out_0p5_t0p05,full,served_p5tp_Mbps,59.50866666666667,1.2725496061057908,synthetic_repeat_mean,5,30;30;30;30;30,synthetic_complete
full_N2000_K100_H200_w_out_0p5_t0p05,full,peak_normalized,0.6012375255444697,0.0021584117494950735,synthetic_repeat_mean,5,30;30;30;30;30,synthetic_complete
full_N2000_K100_H200_w_out_0p5_t0p05,full,active_load_variance,0.00882132814494386,0.00002676025544687366,synthetic_repeat_mean,5,30;30;30;30;30,synthetic_complete
full_N2000_K100_H200_w_out_0p5_t0p05,full,mse_user_vector,0.017382389989517553,0.0005542606864559059,synthetic_repeat_mean,5,30;30;30;30;30,synthetic_complete
full_N2000_K100_H200_w_out_0p5_t0p05,full,persistence_mse_user_vector,0.015536666666666667,0.0005424276705495191,synthetic_repeat_mean,5,30;30;30;30;30,synthetic_complete
full_N2000_K100_H200_w_out_0p5_t0p05,full,Cbar,0.0221913,0.0007324280908958461,synthetic_repeat_mean,5,30;30;30;30;30,synthetic_complete
full_N2000_K100_H200_w_out_0p5_t0p05,full,Lbar,0.22478396666666667,0.0003234591765414702,synthetic_repeat_mean,5,30;30;30;30;30,synthetic_complete
full_N2000_K100_H200_w_out_0p5_t0p05,full,J_user,-0.7002665472222223,0.004828201234875968,synthetic_repeat_mean,5,30;30;30;30;30,synthetic_complete
full_N2000_K100_H200_w_out_0p5_t0p05,full,J_network,-70.02665472222222,0.4828201234876016,synthetic_repeat_mean,5,30;30;30;30;30,synthetic_complete
full_N2000_K100_H200_w_out_0p75_t0p05,full,outage_percent,0.6715333333333333,0.10805794484647782,synthetic_repeat_mean,5,30;30;30;30;30,synthetic_complete
full_N2000_K100_H200_w_out_0p75_t0p05,full,hof_percent,0.6772589613667668,0.10510496469526971,synthetic_repeat_mean,5,30;30;30;30;30,synthetic_complete
full_N2000_K100_H200_w_out_0p75_t0p05,full,pp_percent,0.15501683501683503,0.015438453951083718,synthetic_repeat_mean,5,30;30;30;30;30,synthetic_complete
full_N2000_K100_H200_w_out_0p75_t0p05,full,tp_Mbps,202.382273,1.0478123107193378,synthetic_repeat_mean,5,30;30;30;30;30,synthetic_complete
full_N2000_K100_H200_w_out_0p75_t0p05,full,served_p5tp_Mbps,59.442666666666724,1.1007097457751513,synthetic_repeat_mean,5,30;30;30;30;30,synthetic_complete
full_N2000_K100_H200_w_out_0p75_t0p05,full,peak_normalized,0.5991249501744329,0.002777613520125517,synthetic_repeat_mean,5,30;30;30;30;30,synthetic_complete
full_N2000_K100_H200_w_out_0p75_t0p05,full,active_load_variance,0.008795813194419924,0.000037034975084390806,synthetic_repeat_mean,5,30;30;30;30;30,synthetic_complete
full_N2000_K100_H200_w_out_0p75_t0p05,full,mse_user_vector,0.017626551678827124,0.0012818235114584406,synthetic_repeat_mean,5,30;30;30;30;30,synthetic_complete
full_N2000_K100_H200_w_out_0p75_t0p05,full,persistence_mse_user_vector,0.01582,0.0011625451006782974,synthetic_repeat_mean,5,30;30;30;30;30,synthetic_complete
full_N2000_K100_H200_w_out_0p75_t0p05,full,Cbar,0.0229568,0.0012223273645431947,synthetic_repeat_mean,5,30;30;30;30;30,synthetic_complete
full_N2000_K100_H200_w_out_0p75_t0p05,full,Lbar,0.2248088,0.0003983313702880494,synthetic_repeat_mean,5,30;30;30;30;30,synthetic_complete
full_N2000_K100_H200_w_out_0p75_t0p05,full,J_user,-0.6941941708333333,0.00884137783192251,synthetic_repeat_mean,5,30;30;30;30;30,synthetic_complete
full_N2000_K100_H200_w_out_0p75_t0p05,full,J_network,-69.41941708333334,0.884137783192253,synthetic_repeat_mean,5,30;30;30;30;30,synthetic_complete
full_N2000_K100_H200_w_out_1p25_t0p05,full,outage_percent,0.5426333333333333,0.054942318237705734,synthetic_repeat_mean,5,30;30;30;30;30,synthetic_complete
full_N2000_K100_H200_w_out_1p25_t0p05,full,hof_percent,0.5512423237051837,0.05075472916669613,synthetic_repeat_mean,5,30;30;30;30;30,synthetic_complete
full_N2000_K100_H200_w_out_1p25_t0p05,full,pp_percent,0.17356902356902357,0.01280180995518846,synthetic_repeat_mean,5,30;30;30;30;30,synthetic_complete
full_N2000_K100_H200_w_out_1p25_t0p05,full,tp_Mbps,202.906223,0.6285424488387542,synthetic_repeat_mean,5,30;30;30;30;30,synthetic_complete
full_N2000_K100_H200_w_out_1p25_t0p05,full,served_p5tp_Mbps,59.94866666666668,0.2061701023696196,synthetic_repeat_mean,5,30;30;30;30;30,synthetic_complete
full_N2000_K100_H200_w_out_1p25_t0p05,full,peak_normalized,0.5975328104355835,0.0015271788919389497,synthetic_repeat_mean,5,30;30;30;30;30,synthetic_complete
full_N2000_K100_H200_w_out_1p25_t0p05,full,active_load_variance,0.008769040978784906,0.000016324404034428288,synthetic_repeat_mean,5,30;30;30;30;30,synthetic_complete
full_N2000_K100_H200_w_out_1p25_t0p05,full,mse_user_vector,0.018306870974359728,0.0008771764965024236,synthetic_repeat_mean,5,30;30;30;30;30,synthetic_complete
full_N2000_K100_H200_w_out_1p25_t0p05,full,persistence_mse_user_vector,0.016479333333333335,0.0007811721961257965,synthetic_repeat_mean,5,30;30;30;30;30,synthetic_complete
full_N2000_K100_H200_w_out_1p25_t0p05,full,Cbar,0.024473333333333333,0.0008315162439116194,synthetic_repeat_mean,5,30;30;30;30;30,synthetic_complete
full_N2000_K100_H200_w_out_1p25_t0p05,full,Lbar,0.2251151,0.00024232951051546508,synthetic_repeat_mean,5,30;30;30;30;30,synthetic_complete
full_N2000_K100_H200_w_out_1p25_t0p05,full,J_user,-0.6867337958333334,0.0063462576588575615,synthetic_repeat_mean,5,30;30;30;30;30,synthetic_complete
full_N2000_K100_H200_w_out_1p25_t0p05,full,J_network,-68.67337958333333,0.634625765885755,synthetic_repeat_mean,5,30;30;30;30;30,synthetic_complete
full_N2000_K100_H200_w_out_1p5_t0p05,full,outage_percent,0.5537666666666666,0.09213332730342481,synthetic_repeat_mean,5,30;30;30;30;30,synthetic_complete
full_N2000_K100_H200_w_out_1p5_t0p05,full,hof_percent,0.5590081367756095,0.09670334769025218,synthetic_repeat_mean,5,30;30;30;30;30,synthetic_complete
full_N2000_K100_H200_w_out_1p5_t0p05,full,pp_percent,0.20057239057239057,0.02255125755503284,synthetic_repeat_mean,5,30;30;30;30;30,synthetic_complete
full_N2000_K100_H200_w_out_1p5_t0p05,full,tp_Mbps,202.41043766666667,1.1022195301996842,synthetic_repeat_mean,5,30;30;30;30;30,synthetic_complete
full_N2000_K100_H200_w_out_1p5_t0p05,full,served_p5tp_Mbps,59.851666666666695,0.3550997512436372,synthetic_repeat_mean,5,30;30;30;30;30,synthetic_complete
full_N2000_K100_H200_w_out_1p5_t0p05,full,peak_normalized,0.5993198999794359,0.001947167620332508,synthetic_repeat_mean,5,30;30;30;30;30,synthetic_complete
full_N2000_K100_H200_w_out_1p5_t0p05,full,active_load_variance,0.008777534630866087,0.000012812775394794191,synthetic_repeat_mean,5,30;30;30;30;30,synthetic_complete
full_N2000_K100_H200_w_out_1p5_t0p05,full,mse_user_vector,0.019921414436258333,0.0013717263851138015,synthetic_repeat_mean,5,30;30;30;30;30,synthetic_complete
full_N2000_K100_H200_w_out_1p5_t0p05,full,persistence_mse_user_vector,0.018137333333333335,0.001353603010897624,synthetic_repeat_mean,5,30;30;30;30;30,synthetic_complete
full_N2000_K100_H200_w_out_1p5_t0p05,full,Cbar,0.026313866666666665,0.0015417031815495484,synthetic_repeat_mean,5,30;30;30;30;30,synthetic_complete
full_N2000_K100_H200_w_out_1p5_t0p05,full,Lbar,0.22507676666666665,0.00039834532060066026,synthetic_repeat_mean,5,30;30;30;30;30,synthetic_complete
full_N2000_K100_H200_w_out_1p5_t0p05,full,J_user,-0.6761490069444445,0.012078500747430379,synthetic_repeat_mean,5,30;30;30;30;30,synthetic_complete
full_N2000_K100_H200_w_out_1p5_t0p05,full,J_network,-67.61490069444444,1.2078500747430385,synthetic_repeat_mean,5,30;30;30;30;30,synthetic_complete
full_N2000_K100_H200_w_ho_0p5_t0p05,full,outage_percent,0.5666333333333333,0.06070070016070653,synthetic_repeat_mean,5,30;30;30;30;30,synthetic_complete
full_N2000_K100_H200_w_ho_0p5_t0p05,full,hof_percent,0.577929039702316,0.06699189577592587,synthetic_repeat_mean,5,30;30;30;30;30,synthetic_complete
full_N2000_K100_H200_w_ho_0p5_t0p05,full,pp_percent,0.2723232323232323,0.020828732954648224,synthetic_repeat_mean,5,30;30;30;30;30,synthetic_complete
full_N2000_K100_H200_w_ho_0p5_t0p05,full,tp_Mbps,202.59143166666667,0.711805276436264,synthetic_repeat_mean,5,30;30;30;30;30,synthetic_complete
full_N2000_K100_H200_w_ho_0p5_t0p05,full,served_p5tp_Mbps,60.11266666666667,0.03074537002180554,synthetic_repeat_mean,5,30;30;30;30;30,synthetic_complete
full_N2000_K100_H200_w_ho_0p5_t0p05,full,peak_normalized,0.5906587123970444,0.005616184840390656,synthetic_repeat_mean,5,30;30;30;30;30,synthetic_complete
full_N2000_K100_H200_w_ho_0p5_t0p05,full,active_load_variance,0.008774272495723252,0.00002338799289487453,synthetic_repeat_mean,5,30;30;30;30;30,synthetic_complete
full_N2000_K100_H200_w_ho_0p5_t0p05,full,mse_user_vector,0.0227858446778563,0.0009824103810048852,synthetic_repeat_mean,5,30;30;30;30;30,synthetic_complete
full_N2000_K100_H200_w_ho_0p5_t0p05,full,persistence_mse_user_vector,0.021161333333333334,0.0008838005053932328,synthetic_repeat_mean,5,30;30;30;30;30,synthetic_complete
full_N2000_K100_H200_w_ho_0p5_t0p05,full,Cbar,0.030796333333333332,0.0011896429553068077,synthetic_repeat_mean,5,30;30;30;30;30,synthetic_complete
full_N2000_K100_H200_w_ho_0p5_t0p05,full,Lbar,0.22480716666666667,0.00033742478585768954,synthetic_repeat_mean,5,30;30;30;30;30,synthetic_complete
full_N2000_K100_H200_w_ho_0p5_t0p05,full,J_user,-0.6956966319444444,0.006136976835406278,synthetic_repeat_mean,5,30;30;30;30;30,synthetic_complete
full_N2000_K100_H200_w_ho_0p5_t0p05,full,J_network,-69.56966319444444,0.6136976835406246,synthetic_repeat_mean,5,30;30;30;30;30,synthetic_complete
full_N2000_K100_H200_w_ho_0p75_t0p05,full,outage_percent,0.5624333333333333,0.0658157782501025,synthetic_repeat_mean,5,30;30;30;30;30,synthetic_complete
full_N2000_K100_H200_w_ho_0p75_t0p05,full,hof_percent,0.5703695516677925,0.0655357947925147,synthetic_repeat_mean,5,30;30;30;30;30,synthetic_complete
full_N2000_K100_H200_w_ho_0p75_t0p05,full,pp_percent,0.2054882154882155,0.015328003166610685,synthetic_repeat_mean,5,30;30;30;30;30,synthetic_complete
full_N2000_K100_H200_w_ho_0p75_t0p05,full,tp_Mbps,202.87434,0.7684736913997847,synthetic_repeat_mean,5,30;30;30;30;30,synthetic_complete
full_N2000_K100_H200_w_ho_0p75_t0p05,full,served_p5tp_Mbps,59.96366666666668,0.19850972548240545,synthetic_repeat_mean,5,30;30;30;30;30,synthetic_complete
full_N2000_K100_H200_w_ho_0p75_t0p05,full,peak_normalized,0.5997425591872892,0.004615956303449804,synthetic_repeat_mean,5,30;30;30;30;30,synthetic_complete
full_N2000_K100_H200_w_ho_0p75_t0p05,full,active_load_variance,0.008774740689853738,0.000006245884609372378,synthetic_repeat_mean,5,30;30;30;30;30,synthetic_complete
full_N2000_K100_H200_w_ho_0p75_t0p05,full,mse_user_vector,0.02009876880086348,0.0011574810208668813,synthetic_repeat_mean,5,30;30;30;30;30,synthetic_complete
full_N2000_K100_H200_w_ho_0p75_t0p05,full,persistence_mse_user_vector,0.018360666666666667,0.0011118113349145367,synthetic_repeat_mean,5,30;30;30;30;30,synthetic_complete
full_N2000_K100_H200_w_ho_0p75_t0p05,full,Cbar,0.026640966666666665,0.0010753008971652752,synthetic_repeat_mean,5,30;30;30;30;30,synthetic_complete
full_N2000_K100_H200_w_ho_0p75_t0p05,full,Lbar,0.2250145,0.00028733831202183604,synthetic_repeat_mean,5,30;30;30;30;30,synthetic_complete
full_N2000_K100_H200_w_ho_0p75_t0p05,full,J_user,-0.6946904708333334,0.006752283988887381,synthetic_repeat_mean,5,30;30;30;30;30,synthetic_complete
full_N2000_K100_H200_w_ho_0p75_t0p05,full,J_network,-69.46904708333334,0.6752283988887358,synthetic_repeat_mean,5,30;30;30;30;30,synthetic_complete
full_N2000_K100_H200_w_ho_1p25_t0p05,full,outage_percent,0.6613666666666667,0.027773488557735534,synthetic_repeat_mean,5,30;30;30;30;30,synthetic_complete
full_N2000_K100_H200_w_ho_1p25_t0p05,full,hof_percent,0.658970553876957,0.026190005032621557,synthetic_repeat_mean,5,30;30;30;30;30,synthetic_complete
full_N2000_K100_H200_w_ho_1p25_t0p05,full,pp_percent,0.13461279461279463,0.004020362753330498,synthetic_repeat_mean,5,30;30;30;30;30,synthetic_complete
full_N2000_K100_H200_w_ho_1p25_t0p05,full,tp_Mbps,202.24012033333332,0.28815095758801496,synthetic_repeat_mean,5,30;30;30;30;30,synthetic_complete
full_N2000_K100_H200_w_ho_1p25_t0p05,full,served_p5tp_Mbps,59.70266666666676,0.4207493315501514,synthetic_repeat_mean,5,30;30;30;30;30,synthetic_complete
full_N2000_K100_H200_w_ho_1p25_t0p05,full,peak_normalized,0.6042324573096785,0.001905800139018393,synthetic_repeat_mean,5,30;30;30;30;30,synthetic_complete
full_N2000_K100_H200_w_ho_1p25_t0p05,full,active_load_variance,0.00885421780126458,0.000033978244751884706,synthetic_repeat_mean,5,30;30;30;30;30,synthetic_complete
full_N2000_K100_H200_w_ho_1p25_t0p05,full,mse_user_vector,0.01659038979255117,0.00038754359224191454,synthetic_repeat_mean,5,30;30;30;30;30,synthetic_complete
full_N2000_K100_H200_w_ho_1p25_t0p05,full,persistence_mse_user_vector,0.014772,0.00021231004581873954,synthetic_repeat_mean,5,30;30;30;30;30,synthetic_complete
full_N2000_K100_H200_w_ho_1p25_t0p05,full,Cbar,0.021290166666666666,0.00032501927293281834,synthetic_repeat_mean,5,30;30;30;30;30,synthetic_complete
full_N2000_K100_H200_w_ho_1p25_t0p05,full,Lbar,0.22517196666666667,0.00034148711542312236,synthetic_repeat_mean,5,30;30;30;30;30,synthetic_complete
full_N2000_K100_H200_w_ho_1p25_t0p05,full,J_user,-0.6837064972222222,0.002627191835538731,synthetic_repeat_mean,5,30;30;30;30;30,synthetic_complete
full_N2000_K100_H200_w_ho_1p25_t0p05,full,J_network,-68.37064972222223,0.2627191835538791,synthetic_repeat_mean,5,30;30;30;30;30,synthetic_complete
full_N2000_K100_H200_w_ho_1p5_t0p05,full,outage_percent,0.7737666666666667,0.12780609227349932,synthetic_repeat_mean,5,30;30;30;30;30,synthetic_complete
full_N2000_K100_H200_w_ho_1p5_t0p05,full,hof_percent,0.7745875404864655,0.12784723995802638,synthetic_repeat_mean,5,30;30;30;30;30,synthetic_complete
full_N2000_K100_H200_w_ho_1p5_t0p05,full,pp_percent,0.1103030303030303,0.014077839297870626,synthetic_repeat_mean,5,30;30;30;30;30,synthetic_complete
full_N2000_K100_H200_w_ho_1p5_t0p05,full,tp_Mbps,201.45539733333334,1.1112626601207358,synthetic_repeat_mean,5,30;30;30;30;30,synthetic_complete
full_N2000_K100_H200_w_ho_1p5_t0p05,full,served_p5tp_Mbps,59.1963333333334,1.2387013809272576,synthetic_repeat_mean,5,30;30;30;30;30,synthetic_complete
full_N2000_K100_H200_w_ho_1p5_t0p05,full,peak_normalized,0.6060761266547109,0.0036716228610459236,synthetic_repeat_mean,5,30;30;30;30;30,synthetic_complete
full_N2000_K100_H200_w_ho_1p5_t0p05,full,active_load_variance,0.008895875124488362,0.00003558657120908543,synthetic_repeat_mean,5,30;30;30;30;30,synthetic_complete
full_N2000_K100_H200_w_ho_1p5_t0p05,full,mse_user_vector,0.015782393733465513,0.0010872442037753395,synthetic_repeat_mean,5,30;30;30;30;30,synthetic_complete
full_N2000_K100_H200_w_ho_1p5_t0p05,full,persistence_mse_user_vector,0.013876000000000001,0.0009088833197330061,synthetic_repeat_mean,5,30;30;30;30;30,synthetic_complete
full_N2000_K100_H200_w_ho_1p5_t0p05,full,Cbar,0.019458733333333332,0.0010855351189364825,synthetic_repeat_mean,5,30;30;30;30;30,synthetic_complete
full_N2000_K100_H200_w_ho_1p5_t0p05,full,Lbar,0.22544103333333332,0.0007543865922426997,synthetic_repeat_mean,5,30;30;30;30;30,synthetic_complete
full_N2000_K100_H200_w_ho_1p5_t0p05,full,J_user,-0.6733945888888889,0.011452857364876286,synthetic_repeat_mean,5,30;30;30;30;30,synthetic_complete
full_N2000_K100_H200_w_ho_1p5_t0p05,full,J_network,-67.33945888888888,1.1452857364876279,synthetic_repeat_mean,5,30;30;30;30;30,synthetic_complete
full_N2000_K100_H200_w_load_0p5_t0p05,full,outage_percent,0.5756333333333333,0.056504596666505334,synthetic_repeat_mean,5,30;30;30;30;30,synthetic_complete
full_N2000_K100_H200_w_load_0p5_t0p05,full,hof_percent,0.5782048354107217,0.054972456387298765,synthetic_repeat_mean,5,30;30;30;30;30,synthetic_complete
full_N2000_K100_H200_w_load_0p5_t0p05,full,pp_percent,0.12956228956228955,0.01005432533747615,synthetic_repeat_mean,5,30;30;30;30;30,synthetic_complete
full_N2000_K100_H200_w_load_0p5_t0p05,full,tp_Mbps,203.522291,0.6359373518362933,synthetic_repeat_mean,5,30;30;30;30;30,synthetic_complete
full_N2000_K100_H200_w_load_0p5_t0p05,full,served_p5tp_Mbps,59.998000000000076,0.1360780005077766,synthetic_repeat_mean,5,30;30;30;30;30,synthetic_complete
full_N2000_K100_H200_w_load_0p5_t0p05,full,peak_normalized,0.636974180853217,0.0015742735186407351,synthetic_repeat_mean,5,30;30;30;30;30,synthetic_complete
full_N2000_K100_H200_w_load_0p5_t0p05,full,active_load_variance,0.009994089465336775,0.00003531431381789796,synthetic_repeat_mean,5,30;30;30;30;30,synthetic_complete
full_N2000_K100_H200_w_load_0p5_t0p05,full,mse_user_vector,0.017061242613954947,0.0008265153599575237,synthetic_repeat_mean,5,30;30;30;30;30,synthetic_complete
full_N2000_K100_H200_w_load_0p5_t0p05,full,persistence_mse_user_vector,0.015233333333333335,0.0007695344913214311,synthetic_repeat_mean,5,30;30;30;30;30,synthetic_complete
full_N2000_K100_H200_w_load_0p5_t0p05,full,Cbar,0.0208934,0.0006892892333572473,synthetic_repeat_mean,5,30;30;30;30;30,synthetic_complete
full_N2000_K100_H200_w_load_0p5_t0p05,full,Lbar,0.23814943333333333,0.0003847462475450519,synthetic_repeat_mean,5,30;30;30;30;30,synthetic_complete
full_N2000_K100_H200_w_load_0p5_t0p05,full,J_user,-0.7492438208333333,0.005737461487795747,synthetic_repeat_mean,5,30;30;30;30;30,synthetic_complete
full_N2000_K100_H200_w_load_0p5_t0p05,full,J_network,-74.92438208333333,0.5737461487795676,synthetic_repeat_mean,5,30;30;30;30;30,synthetic_complete
full_N2000_K100_H200_w_load_0p75_t0p05,full,outage_percent,0.6180333333333333,0.08810823520597329,synthetic_repeat_mean,5,30;30;30;30;30,synthetic_complete
full_N2000_K100_H200_w_load_0p75_t0p05,full,hof_percent,0.623856057310688,0.08133448680252293,synthetic_repeat_mean,5,30;30;30;30;30,synthetic_complete
full_N2000_K100_H200_w_load_0p75_t0p05,full,pp_percent,0.1510774410774411,0.01273388476635195,synthetic_repeat_mean,5,30;30;30;30;30,synthetic_complete
full_N2000_K100_H200_w_load_0p75_t0p05,full,tp_Mbps,202.76237366666666,0.9390657321378241,synthetic_repeat_mean,5,30;30;30;30;30,synthetic_complete
full_N2000_K100_H200_w_load_0p75_t0p05,full,served_p5tp_Mbps,59.72800000000008,0.36709898755870496,synthetic_repeat_mean,5,30;30;30;30;30,synthetic_complete
full_N2000_K100_H200_w_load_0p75_t0p05,full,peak_normalized,0.6066061137670651,0.009237003051109902,synthetic_repeat_mean,5,30;30;30;30;30,synthetic_complete
full_N2000_K100_H200_w_load_0p75_t0p05,full,active_load_variance,0.009435081314186718,0.00007915009371329208,synthetic_repeat_mean,5,30;30;30;30;30,synthetic_complete
full_N2000_K100_H200_w_load_0p75_t0p05,full,mse_user_vector,0.01783172339949372,0.0009651572524952155,synthetic_repeat_mean,5,30;30;30;30;30,synthetic_complete
full_N2000_K100_H200_w_load_0p75_t0p05,full,persistence_mse_user_vector,0.01609266666666667,0.0010588185239533113,synthetic_repeat_mean,5,30;30;30;30;30,synthetic_complete
full_N2000_K100_H200_w_load_0p75_t0p05,full,Cbar,0.0226029,0.0011124221608224498,synthetic_repeat_mean,5,30;30;30;30;30,synthetic_complete
full_N2000_K100_H200_w_load_0p75_t0p05,full,Lbar,0.23224063333333334,0.0006803877407609442,synthetic_repeat_mean,5,30;30;30;30;30,synthetic_complete
full_N2000_K100_H200_w_load_0p75_t0p05,full,J_user,-0.7155498694444444,0.008621436108658181,synthetic_repeat_mean,5,30;30;30;30;30,synthetic_complete
full_N2000_K100_H200_w_load_0p75_t0p05,full,J_network,-71.55498694444445,0.8621436108658226,synthetic_repeat_mean,5,30;30;30;30;30,synthetic_complete
full_N2000_K100_H200_w_load_1p25_t0p05,full,outage_percent,0.6476333333333334,0.04963749143092908,synthetic_repeat_mean,5,30;30;30;30;30,synthetic_complete
full_N2000_K100_H200_w_load_1p25_t0p05,full,hof_percent,0.6481612993585291,0.047764374871521464,synthetic_repeat_mean,5,30;30;30;30;30,synthetic_complete
full_N2000_K100_H200_w_load_1p25_t0p05,full,pp_percent,0.1905050505050505,0.009741497792445144,synthetic_repeat_mean,5,30;30;30;30;30,synthetic_complete
full_N2000_K100_H200_w_load_1p25_t0p05,full,tp_Mbps,201.868794,0.5237387491374472,synthetic_repeat_mean,5,30;30;30;30;30,synthetic_complete
full_N2000_K100_H200_w_load_1p25_t0p05,full,served_p5tp_Mbps,59.617333333333384,0.733892400529845,synthetic_repeat_mean,5,30;30;30;30;30,synthetic_complete
full_N2000_K100_H200_w_load_1p25_t0p05,full,peak_normalized,0.5763556181766388,0.00326712705975276,synthetic_repeat_mean,5,30;30;30;30;30,synthetic_complete
full_N2000_K100_H200_w_load_1p25_t0p05,full,active_load_variance,0.008207191305270548,0.0000060501508305883345,synthetic_repeat_mean,5,30;30;30;30;30,synthetic_complete
full_N2000_K100_H200_w_load_1p25_t0p05,full,mse_user_vector,0.018745886520112276,0.0004948352841193756,synthetic_repeat_mean,5,30;30;30;30;30,synthetic_complete
full_N2000_K100_H200_w_load_1p25_t0p05,full,persistence_mse_user_vector,0.017028,0.0004746144634215108,synthetic_repeat_mean,5,30;30;30;30;30,synthetic_complete
full_N2000_K100_H200_w_load_1p25_t0p05,full,Cbar,0.025687966666666666,0.0007008945217046251,synthetic_repeat_mean,5,30;30;30;30;30,synthetic_complete
full_N2000_K100_H200_w_load_1p25_t0p05,full,Lbar,0.21863576666666668,0.00012629378228734938,synthetic_repeat_mean,5,30;30;30;30;30,synthetic_complete
full_N2000_K100_H200_w_load_1p25_t0p05,full,J_user,-0.6592469708333334,0.0049453744498645395,synthetic_repeat_mean,5,30;30;30;30;30,synthetic_complete
full_N2000_K100_H200_w_load_1p25_t0p05,full,J_network,-65.92469708333333,0.4945374449864593,synthetic_repeat_mean,5,30;30;30;30;30,synthetic_complete
full_N2000_K100_H200_w_load_1p5_t0p05,full,outage_percent,0.5875666666666667,0.054701919527563196,synthetic_repeat_mean,5,30;30;30;30;30,synthetic_complete
full_N2000_K100_H200_w_load_1p5_t0p05,full,hof_percent,0.5969635589626686,0.051297460317546555,synthetic_repeat_mean,5,30;30;30;30;30,synthetic_complete
full_N2000_K100_H200_w_load_1p5_t0p05,full,pp_percent,0.1994949494949495,0.011157565373487879,synthetic_repeat_mean,5,30;30;30;30;30,synthetic_complete
full_N2000_K100_H200_w_load_1p5_t0p05,full,tp_Mbps,202.187565,0.5887336524552794,synthetic_repeat_mean,5,30;30;30;30;30,synthetic_complete
full_N2000_K100_H200_w_load_1p5_t0p05,full,served_p5tp_Mbps,60.02933333333334,0.02473751087810315,synthetic_repeat_mean,5,30;30;30;30;30,synthetic_complete
full_N2000_K100_H200_w_load_1p5_t0p05,full,peak_normalized,0.5736492619428963,0.0022343622861738734,synthetic_repeat_mean,5,30;30;30;30;30,synthetic_complete
full_N2000_K100_H200_w_load_1p5_t0p05,full,active_load_variance,0.007780161095396266,0.000012096028752018782,synthetic_repeat_mean,5,30;30;30;30;30,synthetic_complete
full_N2000_K100_H200_w_load_1p5_t0p05,full,mse_user_vector,0.017598980852433506,0.0008269436806094004,synthetic_repeat_mean,5,30;30;30;30;30,synthetic_complete
full_N2000_K100_H200_w_load_1p5_t0p05,full,persistence_mse_user_vector,0.015970666666666668,0.0006930424069115662,synthetic_repeat_mean,5,30;30;30;30;30,synthetic_complete
full_N2000_K100_H200_w_load_1p5_t0p05,full,Cbar,0.026246433333333333,0.0008027675099304895,synthetic_repeat_mean,5,30;30;30;30;30,synthetic_complete
full_N2000_K100_H200_w_load_1p5_t0p05,full,Lbar,0.21333116666666666,0.00013775683084495425,synthetic_repeat_mean,5,30;30;30;30;30,synthetic_complete
full_N2000_K100_H200_w_load_1p5_t0p05,full,J_user,-0.6399482625,0.005508749039832401,synthetic_repeat_mean,5,30;30;30;30;30,synthetic_complete
full_N2000_K100_H200_w_load_1p5_t0p05,full,J_network,-63.99482625,0.5508749039832389,synthetic_repeat_mean,5,30;30;30;30;30,synthetic_complete
full_N2000_K100_H200_w_rate_0p5_t0p05,full,outage_percent,0.6562333333333333,0.04489936277696799,synthetic_repeat_mean,5,30;30;30;30;30,synthetic_complete
full_N2000_K100_H200_w_rate_0p5_t0p05,full,hof_percent,0.6568194775688593,0.04021662772195127,synthetic_repeat_mean,5,30;30;30;30;30,synthetic_complete
full_N2000_K100_H200_w_rate_0p5_t0p05,full,pp_percent,0.1721885521885522,0.009869254912101404,synthetic_repeat_mean,5,30;30;30;30;30,synthetic_complete
full_N2000_K100_H200_w_rate_0p5_t0p05,full,tp_Mbps,200.39837533333332,0.47764050275139863,synthetic_repeat_mean,5,30;30;30;30;30,synthetic_complete
full_N2000_K100_H200_w_rate_0p5_t0p05,full,served_p5tp_Mbps,59.531333333333386,0.6966301824576798,synthetic_repeat_mean,5,30;30;30;30;30,synthetic_complete
full_N2000_K100_H200_w_rate_0p5_t0p05,full,peak_normalized,0.5766590679622657,0.0022832291181542584,synthetic_repeat_mean,5,30;30;30;30;30,synthetic_complete
full_N2000_K100_H200_w_rate_0p5_t0p05,full,active_load_variance,0.008194437663196183,0.0000031809560840034026,synthetic_repeat_mean,5,30;30;30;30;30,synthetic_complete
full_N2000_K100_H200_w_rate_0p5_t0p05,full,mse_user_vector,0.017972430274366236,0.0005844814463183057,synthetic_repeat_mean,5,30;30;30;30;30,synthetic_complete
full_N2000_K100_H200_w_rate_0p5_t0p05,full,persistence_mse_user_vector,0.016134000000000003,0.0007051453750823303,synthetic_repeat_mean,5,30;30;30;30;30,synthetic_complete
full_N2000_K100_H200_w_rate_0p5_t0p05,full,Cbar,0.024414233333333334,0.0006192873323425886,synthetic_repeat_mean,5,30;30;30;30;30,synthetic_complete
full_N2000_K100_H200_w_rate_0p5_t0p05,full,Lbar,0.21850643333333333,0.00013963129026912962,synthetic_repeat_mean,5,30;30;30;30;30,synthetic_complete
full_N2000_K100_H200_w_rate_0p5_t0p05,full,J_user,-0.2632246152777778,0.003483126436428036,synthetic_repeat_mean,5,30;30;30;30;30,synthetic_complete
full_N2000_K100_H200_w_rate_0p5_t0p05,full,J_network,-26.32246152777778,0.34831264364280284,synthetic_repeat_mean,5,30;30;30;30;30,synthetic_complete
full_N2000_K100_H200_w_rate_0p75_t0p05,full,outage_percent,0.6464333333333333,0.09425811194091822,synthetic_repeat_mean,5,30;30;30;30;30,synthetic_complete
full_N2000_K100_H200_w_rate_0p75_t0p05,full,hof_percent,0.6509685737423608,0.08893223973248315,synthetic_repeat_mean,5,30;30;30;30;30,synthetic_complete
full_N2000_K100_H200_w_rate_0p75_t0p05,full,pp_percent,0.17303030303030303,0.01822517899767289,synthetic_repeat_mean,5,30;30;30;30;30,synthetic_complete
full_N2000_K100_H200_w_rate_0p75_t0p05,full,tp_Mbps,201.362265,0.9634013150183961,synthetic_repeat_mean,5,30;30;30;30;30,synthetic_complete
full_N2000_K100_H200_w_rate_0p75_t0p05,full,served_p5tp_Mbps,59.68166666666669,0.6834664504486018,synthetic_repeat_mean,5,30;30;30;30;30,synthetic_complete
full_N2000_K100_H200_w_rate_0p75_t0p05,full,peak_normalized,0.5711966532634696,0.008278943607602564,synthetic_repeat_mean,5,30;30;30;30;30,synthetic_complete
full_N2000_K100_H200_w_rate_0p75_t0p05,full,active_load_variance,0.008464638050769229,0.00004422070406660207,synthetic_repeat_mean,5,30;30;30;30;30,synthetic_complete
full_N2000_K100_H200_w_rate_0p75_t0p05,full,mse_user_vector,0.017770105944195033,0.0012939018967669902,synthetic_repeat_mean,5,30;30;30;30;30,synthetic_complete
full_N2000_K100_H200_w_rate_0p75_t0p05,full,persistence_mse_user_vector,0.01608,0.0011088457462103964,synthetic_repeat_mean,5,30;30;30;30;30,synthetic_complete
full_N2000_K100_H200_w_rate_0p75_t0p05,full,Cbar,0.0242792,0.0012208293196748572,synthetic_repeat_mean,5,30;30;30;30;30,synthetic_complete
full_N2000_K100_H200_w_rate_0p75_t0p05,full,Lbar,0.2215231,0.000490723425725281,synthetic_repeat_mean,5,30;30;30;30;30,synthetic_complete
full_N2000_K100_H200_w_rate_0p75_t0p05,full,J_user,-0.47403426145833333,0.008095886287803184,synthetic_repeat_mean,5,30;30;30;30;30,synthetic_complete
full_N2000_K100_H200_w_rate_0p75_t0p05,full,J_network,-47.403426145833336,0.809588628780318,synthetic_repeat_mean,5,30;30;30;30;30,synthetic_complete
full_N2000_K100_H200_w_rate_1p25_t0p05,full,outage_percent,0.6453666666666666,0.1348991598688937,synthetic_repeat_mean,5,30;30;30;30;30,synthetic_complete
full_N2000_K100_H200_w_rate_1p25_t0p05,full,hof_percent,0.6549796551686682,0.1401666662761614,synthetic_repeat_mean,5,30;30;30;30;30,synthetic_complete
full_N2000_K100_H200_w_rate_1p25_t0p05,full,pp_percent,0.16922558922558922,0.02281576487036393,synthetic_repeat_mean,5,30;30;30;30;30,synthetic_complete
full_N2000_K100_H200_w_rate_1p25_t0p05,full,tp_Mbps,203.097986,1.2483490211133759,synthetic_repeat_mean,5,30;30;30;30;30,synthetic_complete
full_N2000_K100_H200_w_rate_1p25_t0p05,full,served_p5tp_Mbps,60.13566666666667,0.07776924556375507,synthetic_repeat_mean,5,30;30;30;30;30,synthetic_complete
full_N2000_K100_H200_w_rate_1p25_t0p05,full,peak_normalized,0.5884046744084026,0.00422133384714898,synthetic_repeat_mean,5,30;30;30;30;30,synthetic_complete
full_N2000_K100_H200_w_rate_1p25_t0p05,full,active_load_variance,0.009033333180497557,0.00003856003549128205,synthetic_repeat_mean,5,30;30;30;30;30,synthetic_complete
full_N2000_K100_H200_w_rate_1p25_t0p05,full,mse_user_vector,0.01820367917623433,0.0018707990604165156,synthetic_repeat_mean,5,30;30;30;30;30,synthetic_complete
full_N2000_K100_H200_w_rate_1p25_t0p05,full,persistence_mse_user_vector,0.016561333333333334,0.001699252450017033,synthetic_repeat_mean,5,30;30;30;30;30,synthetic_complete
full_N2000_K100_H200_w_rate_1p25_t0p05,full,Cbar,0.0241631,0.00158171916228303,synthetic_repeat_mean,5,30;30;30;30;30,synthetic_complete
full_N2000_K100_H200_w_rate_1p25_t0p05,full,Lbar,0.22810743333333333,0.0006509822023510117,synthetic_repeat_mean,5,30;30;30;30;30,synthetic_complete
full_N2000_K100_H200_w_rate_1p25_t0p05,full,J_user,-0.8993984104166667,0.013729911676235992,synthetic_repeat_mean,5,30;30;30;30;30,synthetic_complete
full_N2000_K100_H200_w_rate_1p25_t0p05,full,J_network,-89.93984104166667,1.3729911676235982,synthetic_repeat_mean,5,30;30;30;30;30,synthetic_complete
full_N2000_K100_H200_w_rate_1p5_t0p05,full,outage_percent,0.6095333333333334,0.10318170326607759,synthetic_repeat_mean,5,30;30;30;30;30,synthetic_complete
full_N2000_K100_H200_w_rate_1p5_t0p05,full,hof_percent,0.609728116211426,0.10079319786519542,synthetic_repeat_mean,5,30;30;30;30;30,synthetic_complete
full_N2000_K100_H200_w_rate_1p5_t0p05,full,pp_percent,0.1661952861952862,0.018635382708483077,synthetic_repeat_mean,5,30;30;30;30;30,synthetic_complete
full_N2000_K100_H200_w_rate_1p5_t0p05,full,tp_Mbps,204.28004733333333,1.1499104231922155,synthetic_repeat_mean,5,30;30;30;30;30,synthetic_complete
full_N2000_K100_H200_w_rate_1p5_t0p05,full,served_p5tp_Mbps,59.73633333333339,0.7718730825436105,synthetic_repeat_mean,5,30;30;30;30;30,synthetic_complete
full_N2000_K100_H200_w_rate_1p5_t0p05,full,peak_normalized,0.6033195746810001,0.0067872950689030495,synthetic_repeat_mean,5,30;30;30;30;30,synthetic_complete
full_N2000_K100_H200_w_rate_1p5_t0p05,full,active_load_variance,0.009365217309798807,0.00010111114745148172,synthetic_repeat_mean,5,30;30;30;30;30,synthetic_complete
full_N2000_K100_H200_w_rate_1p5_t0p05,full,mse_user_vector,0.018736838231813366,0.001405869749593854,synthetic_repeat_mean,5,30;30;30;30;30,synthetic_complete
full_N2000_K100_H200_w_rate_1p5_t0p05,full,persistence_mse_user_vector,0.016963333333333337,0.0013808350935414248,synthetic_repeat_mean,5,30;30;30;30;30,synthetic_complete
full_N2000_K100_H200_w_rate_1p5_t0p05,full,Cbar,0.023733466666666665,0.001434742671468766,synthetic_repeat_mean,5,30;30;30;30;30,synthetic_complete
full_N2000_K100_H200_w_rate_1p5_t0p05,full,Lbar,0.23180953333333332,0.0008944126673099182,synthetic_repeat_mean,5,30;30;30;30;30,synthetic_complete
full_N2000_K100_H200_w_rate_1p5_t0p05,full,J_user,-1.1185021291666666,0.012618471816298153,synthetic_repeat_mean,5,30;30;30;30;30,synthetic_complete
full_N2000_K100_H200_w_rate_1p5_t0p05,full,J_network,-111.85021291666666,1.2618471816298134,synthetic_repeat_mean,5,30;30;30;30;30,synthetic_complete
