case_id,training_seed,metric,mean,n_valid,episodes_available,complete_input
full_N500_K100_H50_nominal_t0p05,1,outage_percent,0.7013333333333334,30,30,synthetic_complete
full_N500_K100_H50_nominal_t0p05,2,outage_percent,0.5453333333333333,30,30,synthetic_complete
full_N500_K100_H50_nominal_t0p05,3,outage_percent,0.6506666666666666,30,30,synthetic_complete
full_N500_K100_H50_nominal_t0p05,4,outage_percent,0.6573333333333333,30,30,synthetic_complete
full_N500_K100_H50_nominal_t0p05,5,outage_percent,0.6586666666666666,30,30,synthetic_complete
full_N500_K100_H50_nominal_t0p05,1,hof_percent,0.5719873553390913,30,30,synthetic_complete
full_N500_K100_H50_nominal_t0p05,2,hof_percent,0.4955678602483523,30,30,synthetic_complete
full_N500_K100_H50_nominal_t0p05,3,hof_percent,0.5420850825996113,30,30,synthetic_complete
full_N500_K100_H50_nominal_t0p05,4,hof_percent,0.5534806055725946,30,30,synthetic_complete
full_N500_K100_H50_nominal_t0p05,5,hof_percent,0.5526625524272609,30,30,synthetic_complete
full_N500_K100_H50_nominal_t0p05,1,pp_percent,0.20069444444444445,30,30,synthetic_complete
full_N500_K100_H50_nominal_t0p05,2,pp_percent,0.1673611111111111,30,30,synthetic_complete
full_N500_K100_H50_nominal_t0p05,3,pp_percent,0.19166666666666665,30,30,synthetic_complete
full_N500_K100_H50_nominal_t0p05,4,pp_percent,0.19444444444444445,30,30,synthetic_complete
full_N500_K100_H50_nominal_t0p05,5,pp_percent,0.19444444444444445,30,30,synthetic_complete
full_N500_K100_H50_nominal_t0p05,1,tp_Mbps,197.75751333333332,30,30,synthetic_complete
full_N500_K100_H50_nominal_t0p05,2,tp_Mbps,199.49072,30,30,synthetic_complete
full_N500_K100_H50_nominal_t0p05,3,tp_Mbps,198.26494,30,30,synthetic_complete
full_N500_K100_H50_nominal_t0p05,4,tp_Mbps,198.17254,30,30,synthetic_complete
full_N500_K100_H50_nominal_t0p05,5,tp_Mbps,198.1513,30,30,synthetic_complete
full_N500_K100_H50_nominal_t0p05,1,served_p5tp_Mbps,65.615,30,30,synthetic_complete
full_N500_K100_H50_nominal_t0p05,2,served_p5tp_Mbps,65.78333333333333,30,30,synthetic_complete
full_N500_K100_H50_nominal_t0p05,3,served_p5tp_Mbps,65.65,30,30,synthetic_complete
full_N500_K100_H50_nominal_t0p05,4,served_p5tp_Mbps,65.63333333333334,30,30,synthetic_complete
full_N500_K100_H50_nominal_t0p05,5,served_p5tp_Mbps,65.63333333333334,30,30,synthetic_complete
full_N500_K100_H50_nominal_t0p05,1,peak_normalized,0.7398863513092093,30,30,synthetic_complete
full_N500_K100_H50_nominal_t0p05,2,peak_normalized,0.751594633488592,30,30,synthetic_complete
full_N500_K100_H50_nominal_t0p05,3,peak_normalized,0.7481064716375105,30,30,synthetic_complete
full_N500_K100_H50_nominal_t0p05,4,peak_normalized,0.7494049828228674,30,30,synthetic_complete
full_N500_K100_H50_nominal_t0p05,5,peak_normalized,0.7494436590191897,30,30,synthetic_complete
full_N500_K100_H50_nominal_t0p05,1,active_load_variance,0.023401467283895867,30,30,synthetic_complete
full_N500_K100_H50_nominal_t0p05,2,active_load_variance,0.023253544257139252,30,30,synthetic_complete
full_N500_K100_H50_nominal_t0p05,3,active_load_variance,0.023393584052801984,30,30,synthetic_complete
full_N500_K100_H50_nominal_t0p05,4,active_load_variance,0.023348713500758674,30,30,synthetic_complete
full_N500_K100_H50_nominal_t0p05,5,active_load_variance,0.023383527352184207,30,30,synthetic_complete
full_N500_K100_H50_nominal_t0p05,1,mse_user_vector,0.04002859941688051,30,30,synthetic_complete
full_N500_K100_H50_nominal_t0p05,2,mse_user_vector,0.034189944356560226,30,30,synthetic_complete
full_N500_K100_H50_nominal_t0p05,3,mse_user_vector,0.0385997379810163,30,30,synthetic_complete
full_N500_K100_H50_nominal_t0p05,4,mse_user_vector,0.03844283737495481,30,30,synthetic_complete
full_N500_K100_H50_nominal_t0p05,5,mse_user_vector,0.03897674725365677,30,30,synthetic_complete
full_N500_K100_H50_nominal_t0p05,1,persistence_mse_user_vector,0.037066666666666664,30,30,synthetic_complete
full_N500_K100_H50_nominal_t0p05,2,persistence_mse_user_vector,0.03186666666666667,30,30,synthetic_complete
full_N500_K100_H50_nominal_t0p05,3,persistence_mse_user_vector,0.03693333333333333,30,30,synthetic_complete
full_N500_K100_H50_nominal_t0p05,4,persistence_mse_user_vector,0.037066666666666664,30,30,synthetic_complete
full_N500_K100_H50_nominal_t0p05,5,persistence_mse_user_vector,0.037066666666666664,30,30,synthetic_complete
full_N500_K100_H50_nominal_t0p05,1,Cbar,0.023311333333333333,30,30,synthetic_complete
full_N500_K100_H50_nominal_t0p05,2,Cbar,0.021304666666666666,30,30,synthetic_complete
full_N500_K100_H50_nominal_t0p05,3,Cbar,0.022699999999999998,30,30,synthetic_complete
full_N500_K100_H50_nominal_t0p05,4,Cbar,0.022815333333333333,30,30,synthetic_complete
full_N500_K100_H50_nominal_t0p05,5,Cbar,0.022850666666666665,30,30,synthetic_complete
full_N500_K100_H50_nominal_t0p05,1,Lbar,0.37558,30,30,synthetic_complete
full_N500_K100_H50_nominal_t0p05,2,Lbar,0.37568133333333337,30,30,synthetic_complete
full_N500_K100_H50_nominal_t0p05,3,Lbar,0.37572,30,30,synthetic_complete
full_N500_K100_H50_nominal_t0p05,4,Lbar,0.375684,30,30,synthetic_complete
full_N500_K100_H50_nominal_t0p05,5,Lbar,0.3757373333333333,30,30,synthetic_complete
full_N500_K100_H50_nominal_t0p05,1,J_user,-0.5894773055555556,30,30,synthetic_complete
full_N500_K100_H50_nominal_t0p05,2,J_user,-0.6054516666666667,30,30,synthetic_complete
full_N500_K100_H50_nominal_t0p05,3,J_user,-0.5943605833333333,30,30,synthetic_complete
full_N500_K100_H50_nominal_t0p05,4,J_user,-0.5936025833333334,30,30,synthetic_complete
full_N500_K100_H50_nominal_t0p05,5,J_user,-0.5934030833333334,30,30,synthetic_complete
full_N500_K100_H50_nominal_t0p05,1,J_network,-58.94773055555556,30,30,synthetic_complete
full_N500_K100_H50_nominal_t0p05,2,J_network,-60.54516666666667,30,30,synthetic_complete
full_N500_K100_H50_nominal_t0p05,3,J_network,-59.436058333333335,30,30,synthetic_complete
full_N500_K100_H50_nominal_t0p05,4,J_network,-59.360258333333334,30,30,synthetic_complete
full_N500_K100_H50_nominal_t0p05,5,J_network,-59.34030833333333,30,30,synthetic_complete
full_N500_K100_H200_nominal_t0p05,1,outage_percent,0.708,30,30,synthetic_complete
full_N500_K100_H200_nominal_t0p05,2,outage_percent,0.55,30,30,synthetic_complete
full_N500_K100_H200_nominal_t0p05,3,outage_percent,0.6575,30,30,synthetic_complete
full_N500_K100_H200_nominal_t0p05,4,outage_percent,0.6648333333333334,30,30,synthetic_complete
full_N500_K100_H200_nominal_t0p05,5,outage_percent,0.6671666666666667,30,30,synthetic_complete
full_N500_K100_H200_nominal_t0p05,1,hof_percent,0.7052844389963554,30,30,synthetic_complete
full_N500_K100_H200_nominal_t0p05,2,hof_percent,0.5844531474424929,30,30,synthetic_complete
full_N500_K100_H200_nominal_t0p05,3,hof_percent,0.6710109823992745,30,30,synthetic_complete
full_N500_K100_H200_nominal_t0p05,4,hof_percent,0.6765440005403619,30,30,synthetic_complete
full_N500_K100_H200_nominal_t0p05,5,hof_percent,0.6757869610229285,30,30,synthetic_complete
full_N500_K100_H200_nominal_t0p05,1,pp_percent,0.17912457912457913,30,30,synthetic_complete
full_N500_K100_H200_nominal_t0p05,2,pp_percent,0.14882154882154883,30,30,synthetic_complete
full_N500_K100_H200_nominal_t0p05,3,pp_percent,0.16835016835016836,30,30,synthetic_complete
full_N500_K100_H200_nominal_t0p05,4,pp_percent,0.17138047138047138,30,30,synthetic_complete
full_N500_K100_H200_nominal_t0p05,5,pp_percent,0.1718855218855219,30,30,synthetic_complete
full_N500_K100_H200_nominal_t0p05,1,tp_Mbps,197.649975,30,30,synthetic_complete
full_N500_K100_H200_nominal_t0p05,2,tp_Mbps,199.36619333333334,30,30,synthetic_complete
full_N500_K100_H200_nominal_t0p05,3,tp_Mbps,198.13615,30,30,synthetic_complete
full_N500_K100_H200_nominal_t0p05,4,tp_Mbps,198.04850166666665,30,30,synthetic_complete
full_N500_K100_H200_nominal_t0p05,5,tp_Mbps,198.02879666666666,30,30,synthetic_complete
full_N500_K100_H200_nominal_t0p05,1,served_p5tp_Mbps,65.7,30,30,synthetic_complete
full_N500_K100_H200_nominal_t0p05,2,served_p5tp_Mbps,65.84833333333333,30,30,synthetic_complete
full_N500_K100_H200_nominal_t0p05,3,served_p5tp_Mbps,65.76666666666667,30,30,synthetic_complete
full_N500_K100_H200_nominal_t0p05,4,served_p5tp_Mbps,65.76666666666667,30,30,synthetic_complete
full_N500_K100_H200_nominal_t0p05,5,served_p5tp_Mbps,65.76666666666667,30,30,synthetic_complete
full_N500_K100_H200_nominal_t0p05,1,peak_normalized,0.8386490566333255,30,30,synthetic_complete
full_N500_K100_H200_nominal_t0p05,2,peak_normalized,0.8529940172700773,30,30,synthetic_complete
full_N500_K100_H200_nominal_t0p05,3,peak_normalized,0.8426988404011356,30,30,synthetic_complete
full_N500_K100_H200_nominal_t0p05,4,peak_normalized,0.8427461384918248,30,30,synthetic_complete
full_N500_K100_H200_nominal_t0p05,5,peak_normalized,0.8424277625323873,30,30,synthetic_complete
full_N500_K100_H200_nominal_t0p05,1,active_load_variance,0.02383290681420623,30,30,synthetic_complete
full_N500_K100_H200_nominal_t0p05,2,active_load_variance,0.02395226276083258,30,30,synthetic_complete
full_N500_K100_H200_nominal_t0p05,3,active_load_variance,0.02399767247729937,30,30,synthetic_complete
full_N500_K100_H200_nominal_t0p05,4,active_load_variance,0.023951087332925395,30,30,synthetic_complete
full_N500_K100_H200_nominal_t0p05,5,active_load_variance,0.023936707520472937,30,30,synthetic_complete
full_N500_K100_H200_nominal_t0p05,1,mse_user_vector,0.03865903413780993,30,30,synthetic_complete
full_N500_K100_H200_nominal_t0p05,2,mse_user_vector,0.03609344693504837,30,30,synthetic_complete
full_N500_K100_H200_nominal_t0p05,3,mse_user_vector,0.03727318223913952,30,30,synthetic_complete
full_N500_K100_H200_nominal_t0p05,4,mse_user_vector,0.03649566187156101,30,30,synthetic_complete
full_N500_K100_H200_nominal_t0p05,5,mse_user_vector,0.035783226573900005,30,30,synthetic_complete
full_N500_K100_H200_nominal_t0p05,1,persistence_mse_user_vector,0.0358,30,30,synthetic_complete
full_N500_K100_H200_nominal_t0p05,2,persistence_mse_user_vector,0.033,30,30,synthetic_complete
full_N500_K100_H200_nominal_t0p05,3,persistence_mse_user_vector,0.034466666666666666,30,30,synthetic_complete
full_N500_K100_H200_nominal_t0p05,4,persistence_mse_user_vector,0.03473333333333333,30,30,synthetic_complete
full_N500_K100_H200_nominal_t0p05,5,persistence_mse_user_vector,0.03473333333333333,30,30,synthetic_complete
full_N500_K100_H200_nominal_t0p05,1,Cbar,0.023832,30,30,synthetic_complete
full_N500_K100_H200_nominal_t0p05,2,Cbar,0.021785166666666664,30,30,synthetic_complete
full_N500_K100_H200_nominal_t0p05,3,Cbar,0.023227,30,30,synthetic_complete
full_N500_K100_H200_nominal_t0p05,4,Cbar,0.023350833333333335,30,30,synthetic_complete
full_N500_K100_H200_nominal_t0p05,5,Cbar,0.0233775,30,30,synthetic_complete
full_N500_K100_H200_nominal_t0p05,1,Lbar,0.37750666666666666,30,30,synthetic_complete
full_N500_K100_H200_nominal_t0p05,2,Lbar,0.37847966666666666,30,30,synthetic_complete
full_N500_K100_H200_nominal_t0p05,3,Lbar,0.37842983333333335,30,30,synthetic_complete
full_N500_K100_H200_nominal_t0p05,4,Lbar,0.3782081666666667,30,30,synthetic_complete
full_N500_K100_H200_nominal_t0p05,5,Lbar,0.37811083333333334,30,30,synthetic_complete
full_N500_K100_H200_nominal_t0p05,1,J_user,-0.5874722291666666,30,30,synthetic_complete
full_N500_K100_H200_nominal_t0p05,2,J_user,-0.6030600555555555,30,30,synthetic_complete
full_N500_K100_H200_nominal_t0p05,3,J_user,-0.5918638749999999,30,30,synthetic_complete
full_N500_K100_H200_nominal_t0p05,4,J_user,-0.5911809236111111,30,30,synthetic_complete
full_N500_K100_H200_nominal_t0p05,5,J_user,-0.5910174861111112,30,30,synthetic_complete
full_N500_K100_H200_nominal_t0p05,1,J_network,-58.747222916666665,30,30,synthetic_complete
full_N500_K100_H200_nominal_t0p05,2,J_network,-60.30600555555556,30,30,synthetic_complete
full_N500_K100_H200_nominal_t0p05,3,J_network,-59.186387499999995,30,30,synthetic_complete
full_N500_K100_H200_nominal_t0p05,4,J_network,-59.11809236111111,30,30,synthetic_complete
full_N500_K100_H200_nominal_t0p05,5,J_network,-59.10174861111111,30,30,synthetic_complete
full_N500_K100_H800_nominal_t0p05,1,outage_percent,0.7560416666666666,30,30,synthetic_complete
full_N500_K100_H800_nominal_t0p05,2,outage_percent,0.5826666666666667,30,30,synthetic_complete
full_N500_K100_H800_nominal_t0p05,3,outage_percent,0.701,30,30,synthetic_complete
full_N500_K100_H800_nominal_t0p05,4,outage_percent,0.7112916666666667,30,30,synthetic_complete
full_N500_K100_H800_nominal_t0p05,5,outage_percent,0.7140833333333333,30,30,synthetic_complete
full_N500_K100_H800_nominal_t0p05,1,hof_percent,0.7495128506288632,30,30,synthetic_complete
full_N500_K100_H800_nominal_t0p05,2,hof_percent,0.5976979835625905,30,30,synthetic_complete
full_N500_K100_H800_nominal_t0p05,3,hof_percent,0.6983099557771358,30,30,synthetic_complete
full_N500_K100_H800_nominal_t0p05,4,hof_percent,0.7092249823709286,30,30,synthetic_complete
full_N500_K100_H800_nominal_t0p05,5,hof_percent,0.7111549970559508,30,30,synthetic_complete
full_N500_K100_H800_nominal_t0p05,1,pp_percent,0.1783625730994152,30,30,synthetic_complete
full_N500_K100_H800_nominal_t0p05,2,pp_percent,0.14757727652464495,30,30,synthetic_complete
full_N500_K100_H800_nominal_t0p05,3,pp_percent,0.1689640768588137,30,30,synthetic_complete
full_N500_K100_H800_nominal_t0p05,4,pp_percent,0.1714703425229741,30,30,synthetic_complete
full_N500_K100_H800_nominal_t0p05,5,pp_percent,0.1718880534670008,30,30,synthetic_complete
full_N500_K100_H800_nominal_t0p05,1,tp_Mbps,197.62734375,30,30,synthetic_complete
full_N500_K100_H800_nominal_t0p05,2,tp_Mbps,199.37405166666667,30,30,synthetic_complete
full_N500_K100_H800_nominal_t0p05,3,tp_Mbps,198.13915875,30,30,synthetic_complete
full_N500_K100_H800_nominal_t0p05,4,tp_Mbps,198.03910083333332,30,30,synthetic_complete
full_N500_K100_H800_nominal_t0p05,5,tp_Mbps,198.01647541666668,30,30,synthetic_complete
full_N500_K100_H800_nominal_t0p05,1,served_p5tp_Mbps,65.8,30,30,synthetic_complete
full_N500_K100_H800_nominal_t0p05,2,served_p5tp_Mbps,66,30,30,synthetic_complete
full_N500_K100_H800_nominal_t0p05,3,served_p5tp_Mbps,65.83333333333333,30,30,synthetic_complete
full_N500_K100_H800_nominal_t0p05,4,served_p5tp_Mbps,65.8,30,30,synthetic_complete
full_N500_K100_H800_nominal_t0p05,5,served_p5tp_Mbps,65.8,30,30,synthetic_complete
full_N500_K100_H800_nominal_t0p05,1,peak_normalized,0.9138254317550333,30,30,synthetic_complete
full_N500_K100_H800_nominal_t0p05,2,peak_normalized,0.9264785219034221,30,30,synthetic_complete
full_N500_K100_H800_nominal_t0p05,3,peak_normalized,0.911894184987627,30,30,synthetic_complete
full_N500_K100_H800_nominal_t0p05,4,peak_normalized,0.9083158880217471,30,30,synthetic_complete
full_N500_K100_H800_nominal_t0p05,5,peak_normalized,0.9085955422414852,30,30,synthetic_complete
full_N500_K100_H800_nominal_t0p05,1,active_load_variance,0.02399833161192715,30,30,synthetic_complete
full_N500_K100_H800_nominal_t0p05,2,active_load_variance,0.023961355872449058,30,30,synthetic_complete
full_N500_K100_H800_nominal_t0p05,3,active_load_variance,0.024003878662890783,30,30,synthetic_complete
full_N500_K100_H800_nominal_t0p05,4,active_load_variance,0.024019734067437532,30,30,synthetic_complete
full_N500_K100_H800_nominal_t0p05,5,active_load_variance,0.024009807987147094,30,30,synthetic_complete
full_N500_K100_H800_nominal_t0p05,1,mse_user_vector,0.038000437056703106,30,30,synthetic_complete
full_N500_K100_H800_nominal_t0p05,2,mse_user_vector,0.03317372891338674,30,30,synthetic_complete
full_N500_K100_H800_nominal_t0p05,3,mse_user_vector,0.03576029536941896,30,30,synthetic_complete
full_N500_K100_H800_nominal_t0p05,4,mse_user_vector,0.036537284202181705,30,30,synthetic_complete
full_N500_K100_H800_nominal_t0p05,5,mse_user_vector,0.03728339339702293,30,30,synthetic_complete
full_N500_K100_H800_nominal_t0p05,1,persistence_mse_user_vector,0.035800000000000005,30,30,synthetic_complete
full_N500_K100_H800_nominal_t0p05,2,persistence_mse_user_vector,0.031266666666666665,30,30,synthetic_complete
full_N500_K100_H800_nominal_t0p05,3,persistence_mse_user_vector,0.03426666666666667,30,30,synthetic_complete
full_N500_K100_H800_nominal_t0p05,4,persistence_mse_user_vector,0.03426666666666667,30,30,synthetic_complete
full_N500_K100_H800_nominal_t0p05,5,persistence_mse_user_vector,0.0346,30,30,synthetic_complete
full_N500_K100_H800_nominal_t0p05,1,Cbar,0.024041875,30,30,synthetic_complete
full_N500_K100_H800_nominal_t0p05,2,Cbar,0.0219455,30,30,synthetic_complete
full_N500_K100_H800_nominal_t0p05,3,Cbar,0.023428416666666667,30,30,synthetic_complete
full_N500_K100_H800_nominal_t0p05,4,Cbar,0.023545041666666666,30,30,synthetic_complete
full_N500_K100_H800_nominal_t0p05,5,Cbar,0.023571416666666668,30,30,synthetic_complete
full_N500_K100_H800_nominal_t0p05,1,Lbar,0.3775680416666667,30,30,synthetic_complete
full_N500_K100_H800_nominal_t0p05,2,Lbar,0.3786069166666667,30,30,synthetic_complete
full_N500_K100_H800_nominal_t0p05,3,Lbar,0.37794,30,30,synthetic_complete
full_N500_K100_H800_nominal_t0p05,4,Lbar,0.377933125,30,30,synthetic_complete
full_N500_K100_H800_nominal_t0p05,5,Lbar,0.37788266666666664,30,30,synthetic_complete
full_N500_K100_H800_nominal_t0p05,1,J_user,-0.5848402239583333,30,30,synthetic_complete
full_N500_K100_H800_nominal_t0p05,2,J_user,-0.6013156736111112,30,30,synthetic_complete
full_N500_K100_H800_nominal_t0p05,3,J_user,-0.5898456197916667,30,30,synthetic_complete
full_N500_K100_H800_nominal_t0p05,4,J_user,-0.5888592534722222,30,30,synthetic_complete
full_N500_K100_H800_nominal_t0p05,5,J_user,-0.5886374392361111,30,30,synthetic_complete
full_N500_K100_H800_nominal_t0p05,1,J_network,-58.484022395833335,30,30,synthetic_complete
full_N500_K100_H800_nominal_t0p05,2,J_network,-60.13156736111111,30,30,synthetic_complete
full_N500_K100_H800_nominal_t0p05,3,J_network,-58.98456197916667,30,30,synthetic_complete
full_N500_K100_H800_nominal_t0p05,4,J_network,-58.885925347222226,30,30,synthetic_complete
full_N500_K100_H800_nominal_t0p05,5,J_network,-58.86374392361111,30,30,synthetic_complete
full_N1000_K100_H50_nominal_t0p05,1,outage_percent,0.766,30,30,synthetic_complete
full_N1000_K100_H50_nominal_t0p05,2,outage_percent,0.6613333333333333,30,30,synthetic_complete
full_N1000_K100_H50_nominal_t0p05,3,outage_percent,0.8226666666666667,30,30,synthetic_complete
full_N1000_K100_H50_nominal_t0p05,4,outage_percent,0.598,30,30,synthetic_complete
full_N1000_K100_H50_nominal_t0p05,5,outage_percent,0.6573333333333333,30,30,synthetic_complete
full_N1000_K100_H50_nominal_t0p05,1,hof_percent,0.7867678115204294,30,30,synthetic_complete
full_N1000_K100_H50_nominal_t0p05,2,hof_percent,0.6548168519401006,30,30,synthetic_complete
full_N1000_K100_H50_nominal_t0p05,3,hof_percent,0.8531048264928972,30,30,synthetic_complete
full_N1000_K100_H50_nominal_t0p05,4,hof_percent,0.5868403290554344,30,30,synthetic_complete
full_N1000_K100_H50_nominal_t0p05,5,hof_percent,0.6499078454568413,30,30,synthetic_complete
full_N1000_K100_H50_nominal_t0p05,1,pp_percent,0.19652777777777777,30,30,synthetic_complete
full_N1000_K100_H50_nominal_t0p05,2,pp_percent,0.17569444444444446,30,30,synthetic_complete
full_N1000_K100_H50_nominal_t0p05,3,pp_percent,0.20694444444444443,30,30,synthetic_complete
full_N1000_K100_H50_nominal_t0p05,4,pp_percent,0.16111111111111112,30,30,synthetic_complete
full_N1000_K100_H50_nominal_t0p05,5,pp_percent,0.17430555555555555,30,30,synthetic_complete
full_N1000_K100_H50_nominal_t0p05,1,tp_Mbps,200.72366666666667,30,30,synthetic_complete
full_N1000_K100_H50_nominal_t0p05,2,tp_Mbps,201.66728666666666,30,30,synthetic_complete
full_N1000_K100_H50_nominal_t0p05,3,tp_Mbps,200.16095333333334,30,30,synthetic_complete
full_N1000_K100_H50_nominal_t0p05,4,tp_Mbps,202.3122,30,30,synthetic_complete
full_N1000_K100_H50_nominal_t0p05,5,tp_Mbps,201.73078,30,30,synthetic_complete
full_N1000_K100_H50_nominal_t0p05,1,served_p5tp_Mbps,66.39666666666668,30,30,synthetic_complete
full_N1000_K100_H50_nominal_t0p05,2,served_p5tp_Mbps,66.395,30,30,synthetic_complete
full_N1000_K100_H50_nominal_t0p05,3,served_p5tp_Mbps,66.30666666666667,30,30,synthetic_complete
full_N1000_K100_H50_nominal_t0p05,4,served_p5tp_Mbps,66.43333333333334,30,30,synthetic_complete
full_N1000_K100_H50_nominal_t0p05,5,served_p5tp_Mbps,66.395,30,30,synthetic_complete
full_N1000_K100_H50_nominal_t0p05,1,peak_normalized,0.6237853600371769,30,30,synthetic_complete
full_N1000_K100_H50_nominal_t0p05,2,peak_normalized,0.6224704891899384,30,30,synthetic_complete
full_N1000_K100_H50_nominal_t0p05,3,peak_normalized,0.6308407255709979,30,30,synthetic_complete
full_N1000_K100_H50_nominal_t0p05,4,peak_normalized,0.628292257922258,30,30,synthetic_complete
full_N1000_K100_H50_nominal_t0p05,5,peak_normalized,0.623705155887701,30,30,synthetic_complete
full_N1000_K100_H50_nominal_t0p05,1,active_load_variance,0.014626596475950823,30,30,synthetic_complete
full_N1000_K100_H50_nominal_t0p05,2,active_load_variance,0.01477188660235936,30,30,synthetic_complete
full_N1000_K100_H50_nominal_t0p05,3,active_load_variance,0.014723402470909202,30,30,synthetic_complete
full_N1000_K100_H50_nominal_t0p05,4,active_load_variance,0.01478650043203969,30,30,synthetic_complete
full_N1000_K100_H50_nominal_t0p05,5,active_load_variance,0.014800759119287132,30,30,synthetic_complete
full_N1000_K100_H50_nominal_t0p05,1,mse_user_vector,0.027308507505987824,30,30,synthetic_complete
full_N1000_K100_H50_nominal_t0p05,2,mse_user_vector,0.02627098070522135,30,30,synthetic_complete
full_N1000_K100_H50_nominal_t0p05,3,mse_user_vector,0.02835118796302654,30,30,synthetic_complete
full_N1000_K100_H50_nominal_t0p05,4,mse_user_vector,0.02498204088539628,30,30,synthetic_complete
full_N1000_K100_H50_nominal_t0p05,5,mse_user_vector,0.02614262583288835,30,30,synthetic_complete
full_N1000_K100_H50_nominal_t0p05,1,persistence_mse_user_vector,0.025913333333333333,30,30,synthetic_complete
full_N1000_K100_H50_nominal_t0p05,2,persistence_mse_user_vector,0.024263333333333335,30,30,synthetic_complete
full_N1000_K100_H50_nominal_t0p05,3,persistence_mse_user_vector,0.026076666666666668,30,30,synthetic_complete
full_N1000_K100_H50_nominal_t0p05,4,persistence_mse_user_vector,0.02298,30,30,synthetic_complete
full_N1000_K100_H50_nominal_t0p05,5,persistence_mse_user_vector,0.024163333333333335,30,30,synthetic_complete
full_N1000_K100_H50_nominal_t0p05,1,Cbar,0.024406,30,30,synthetic_complete
full_N1000_K100_H50_nominal_t0p05,2,Cbar,0.023293333333333333,30,30,synthetic_complete
full_N1000_K100_H50_nominal_t0p05,3,Cbar,0.025119333333333334,30,30,synthetic_complete
full_N1000_K100_H50_nominal_t0p05,4,Cbar,0.022520666666666665,30,30,synthetic_complete
full_N1000_K100_H50_nominal_t0p05,5,Cbar,0.023223999999999998,30,30,synthetic_complete
full_N1000_K100_H50_nominal_t0p05,1,Lbar,0.2869966666666667,30,30,synthetic_complete
full_N1000_K100_H50_nominal_t0p05,2,Lbar,0.28784533333333334,30,30,synthetic_complete
full_N1000_K100_H50_nominal_t0p05,3,Lbar,0.28718,30,30,synthetic_complete
full_N1000_K100_H50_nominal_t0p05,4,Lbar,0.2882366666666667,30,30,synthetic_complete
full_N1000_K100_H50_nominal_t0p05,5,Lbar,0.287972,30,30,synthetic_complete
full_N1000_K100_H50_nominal_t0p05,1,J_user,-0.6423472777777778,30,30,synthetic_complete
full_N1000_K100_H50_nominal_t0p05,2,J_user,-0.6516443611111111,30,30,synthetic_complete
full_N1000_K100_H50_nominal_t0p05,3,J_user,-0.6367209722222222,30,30,synthetic_complete
full_N1000_K100_H50_nominal_t0p05,4,J_user,-0.6576888333333333,30,30,synthetic_complete
full_N1000_K100_H50_nominal_t0p05,5,J_user,-0.65208025,30,30,synthetic_complete
full_N1000_K100_H50_nominal_t0p05,1,J_network,-64.23472777777778,30,30,synthetic_complete
full_N1000_K100_H50_nominal_t0p05,2,J_network,-65.16443611111112,30,30,synthetic_complete
full_N1000_K100_H50_nominal_t0p05,3,J_network,-63.67209722222222,30,30,synthetic_complete
full_N1000_K100_H50_nominal_t0p05,4,J_network,-65.76888333333333,30,30,synthetic_complete
full_N1000_K100_H50_nominal_t0p05,5,J_network,-65.20802499999999,30,30,synthetic_complete
full_N1000_K100_H200_nominal_t0p05,1,outage_percent,0.7301666666666666,30,30,synthetic_complete
full_N1000_K100_H200_nominal_t0p05,2,outage_percent,0.6273333333333333,30,30,synthetic_complete
full_N1000_K100_H200_nominal_t0p05,3,outage_percent,0.7873333333333333,30,30,synthetic_complete
full_N1000_K100_H200_nominal_t0p05,4,outage_percent,0.5688333333333333,30,30,synthetic_complete
full_N1000_K100_H200_nominal_t0p05,5,outage_percent,0.621,30,30,synthetic_complete
full_N1000_K100_H200_nominal_t0p05,1,hof_percent,0.7197873890651559,30,30,synthetic_complete
full_N1000_K100_H200_nominal_t0p05,2,hof_percent,0.6254624833671273,30,30,synthetic_complete
full_N1000_K100_H200_nominal_t0p05,3,hof_percent,0.780247888155979,30,30,synthetic_complete
full_N1000_K100_H200_nominal_t0p05,4,hof_percent,0.5692437181178911,30,30,synthetic_complete
full_N1000_K100_H200_nominal_t0p05,5,hof_percent,0.6207043220849268,30,30,synthetic_complete
full_N1000_K100_H200_nominal_t0p05,1,pp_percent,0.19158249158249158,30,30,synthetic_complete
full_N1000_K100_H200_nominal_t0p05,2,pp_percent,0.17542087542087542,30,30,synthetic_complete
full_N1000_K100_H200_nominal_t0p05,3,pp_percent,0.20235690235690235,30,30,synthetic_complete
full_N1000_K100_H200_nominal_t0p05,4,pp_percent,0.16346801346801346,30,30,synthetic_complete
full_N1000_K100_H200_nominal_t0p05,5,pp_percent,0.17356902356902357,30,30,synthetic_complete
full_N1000_K100_H200_nominal_t0p05,1,tp_Mbps,200.73560166666667,30,30,synthetic_complete
full_N1000_K100_H200_nominal_t0p05,2,tp_Mbps,201.66452,30,30,synthetic_complete
full_N1000_K100_H200_nominal_t0p05,3,tp_Mbps,200.18269666666666,30,30,synthetic_complete
full_N1000_K100_H200_nominal_t0p05,4,tp_Mbps,202.29549166666666,30,30,synthetic_complete
full_N1000_K100_H200_nominal_t0p05,5,tp_Mbps,201.73522666666668,30,30,synthetic_complete
full_N1000_K100_H200_nominal_t0p05,1,served_p5tp_Mbps,66,30,30,synthetic_complete
full_N1000_K100_H200_nominal_t0p05,2,served_p5tp_Mbps,66.1,30,30,synthetic_complete
full_N1000_K100_H200_nominal_t0p05,3,served_p5tp_Mbps,66,30,30,synthetic_complete
full_N1000_K100_H200_nominal_t0p05,4,served_p5tp_Mbps,66.2,30,30,synthetic_complete
full_N1000_K100_H200_nominal_t0p05,5,served_p5tp_Mbps,66.1,30,30,synthetic_complete
full_N1000_K100_H200_nominal_t0p05,1,peak_normalized,0.7225335085046202,30,30,synthetic_complete
full_N1000_K100_H200_nominal_t0p05,2,peak_normalized,0.7401901437058959,30,30,synthetic_complete
full_N1000_K100_H200_nominal_t0p05,3,peak_normalized,0.7178881600586288,30,30,synthetic_complete
full_N1000_K100_H200_nominal_t0p05,4,peak_normalized,0.7446362683693909,30,30,synthetic_complete
full_N1000_K100_H200_nominal_t0p05,5,peak_normalized,0.7409861631272288,30,30,synthetic_complete
full_N1000_K100_H200_nominal_t0p05,1,active_load_variance,0.014617030995553839,30,30,synthetic_complete
full_N1000_K100_H200_nominal_t0p05,2,active_load_variance,0.014776012213186872,30,30,synthetic_complete
full_N1000_K100_H200_nominal_t0p05,3,active_load_variance,0.014588335816851528,30,30,synthetic_complete
full_N1000_K100_H200_nominal_t0p05,4,active_load_variance,0.014803625150627445,30,30,synthetic_complete
full_N1000_K100_H200_nominal_t0p05,5,active_load_variance,0.014787202684361376,30,30,synthetic_complete
full_N1000_K100_H200_nominal_t0p05,1,mse_user_vector,0.030062932934115733,30,30,synthetic_complete
full_N1000_K100_H200_nominal_t0p05,2,mse_user_vector,0.027511798944540904,30,30,synthetic_complete
full_N1000_K100_H200_nominal_t0p05,3,mse_user_vector,0.030444837876789487,30,30,synthetic_complete
full_N1000_K100_H200_nominal_t0p05,4,mse_user_vector,0.027810105200622257,30,30,synthetic_complete
full_N1000_K100_H200_nominal_t0p05,5,mse_user_vector,0.02875933315319514,30,30,synthetic_complete
full_N1000_K100_H200_nominal_t0p05,1,persistence_mse_user_vector,0.02845666666666667,30,30,synthetic_complete
full_N1000_K100_H200_nominal_t0p05,2,persistence_mse_user_vector,0.02604,30,30,synthetic_complete
full_N1000_K100_H200_nominal_t0p05,3,persistence_mse_user_vector,0.028843333333333335,30,30,synthetic_complete
full_N1000_K100_H200_nominal_t0p05,4,persistence_mse_user_vector,0.025323333333333333,30,30,synthetic_complete
full_N1000_K100_H200_nominal_t0p05,5,persistence_mse_user_vector,0.02593,30,30,synthetic_complete
full_N1000_K100_H200_nominal_t0p05,1,Cbar,0.025027333333333332,30,30,synthetic_complete
full_N1000_K100_H200_nominal_t0p05,2,Cbar,0.02390983333333333,30,30,synthetic_complete
full_N1000_K100_H200_nominal_t0p05,3,Cbar,0.0257535,30,30,synthetic_complete
full_N1000_K100_H200_nominal_t0p05,4,Cbar,0.023126999999999998,30,30,synthetic_complete
full_N1000_K100_H200_nominal_t0p05,5,Cbar,0.023823166666666666,30,30,synthetic_complete
full_N1000_K100_H200_nominal_t0p05,1,Lbar,0.28698416666666665,30,30,synthetic_complete
full_N1000_K100_H200_nominal_t0p05,2,Lbar,0.28817733333333334,30,30,synthetic_complete
full_N1000_K100_H200_nominal_t0p05,3,Lbar,0.28655933333333333,30,30,synthetic_complete
full_N1000_K100_H200_nominal_t0p05,4,Lbar,0.2886551666666667,30,30,synthetic_complete
full_N1000_K100_H200_nominal_t0p05,5,Lbar,0.2881996666666667,30,30,synthetic_complete
full_N1000_K100_H200_nominal_t0p05,1,J_user,-0.6438842569444444,30,30,synthetic_complete
full_N1000_K100_H200_nominal_t0p05,2,J_user,-0.6528585833333334,30,30,synthetic_complete
full_N1000_K100_H200_nominal_t0p05,3,J_user,-0.6385714861111111,30,30,synthetic_complete
full_N1000_K100_H200_nominal_t0p05,4,J_user,-0.6585651319444444,30,30,synthetic_complete
full_N1000_K100_H200_nominal_t0p05,5,J_user,-0.6535020277777778,30,30,synthetic_complete
full_N1000_K100_H200_nominal_t0p05,1,J_network,-64.38842569444445,30,30,synthetic_complete
full_N1000_K100_H200_nominal_t0p05,2,J_network,-65.28585833333334,30,30,synthetic_complete
full_N1000_K100_H200_nominal_t0p05,3,J_network,-63.857148611111114,30,30,synthetic_complete
full_N1000_K100_H200_nominal_t0p05,4,J_network,-65.85651319444445,30,30,synthetic_complete
full_N1000_K100_H200_nominal_t0p05,5,J_network,-65.35020277777778,30,30,synthetic_complete
full_N1000_K100_H800_nominal_t0p05,1,outage_percent,0.7575416666666667,30,30,synthetic_complete
full_N1000_K100_H800_nominal_t0p05,2,outage_percent,0.6553333333333333,30,30,synthetic_complete
full_N1000_K100_H800_nominal_t0p05,3,outage_percent,0.8230416666666667,30,30,synthetic_complete
full_N1000_K100_H800_nominal_t0p05,4,outage_percent,0.5965833333333334,30,30,synthetic_complete
full_N1000_K100_H800_nominal_t0p05,5,outage_percent,0.64875,30,30,synthetic_complete
full_N1000_K100_H800_nominal_t0p05,1,hof_percent,0.7372588719200885,30,30,synthetic_complete
full_N1000_K100_H800_nominal_t0p05,2,hof_percent,0.645247040126408,30,30,synthetic_complete
full_N1000_K100_H800_nominal_t0p05,3,hof_percent,0.8089919955086003,30,30,synthetic_complete
full_N1000_K100_H800_nominal_t0p05,4,hof_percent,0.5820331673689618,30,30,synthetic_complete
full_N1000_K100_H800_nominal_t0p05,5,hof_percent,0.6375757728208888,30,30,synthetic_complete
full_N1000_K100_H800_nominal_t0p05,1,pp_percent,0.18755221386800333,30,30,synthetic_complete
full_N1000_K100_H800_nominal_t0p05,2,pp_percent,0.17138680033416875,30,30,synthetic_complete
full_N1000_K100_H800_nominal_t0p05,3,pp_percent,0.19883040935672514,30,30,synthetic_complete
full_N1000_K100_H800_nominal_t0p05,4,pp_percent,0.15948203842940684,30,30,synthetic_complete
full_N1000_K100_H800_nominal_t0p05,5,pp_percent,0.16950710108604844,30,30,synthetic_complete
full_N1000_K100_H800_nominal_t0p05,1,tp_Mbps,200.70971,30,30,synthetic_complete
full_N1000_K100_H800_nominal_t0p05,2,tp_Mbps,201.65508458333335,30,30,synthetic_complete
full_N1000_K100_H800_nominal_t0p05,3,tp_Mbps,200.13668416666667,30,30,synthetic_complete
full_N1000_K100_H800_nominal_t0p05,4,tp_Mbps,202.293755,30,30,synthetic_complete
full_N1000_K100_H800_nominal_t0p05,5,tp_Mbps,201.72671291666666,30,30,synthetic_complete
full_N1000_K100_H800_nominal_t0p05,1,served_p5tp_Mbps,66,30,30,synthetic_complete
full_N1000_K100_H800_nominal_t0p05,2,served_p5tp_Mbps,66.03333333333333,30,30,synthetic_complete
full_N1000_K100_H800_nominal_t0p05,3,served_p5tp_Mbps,65.9,30,30,synthetic_complete
full_N1000_K100_H800_nominal_t0p05,4,served_p5tp_Mbps,66.06666666666666,30,30,synthetic_complete
full_N1000_K100_H800_nominal_t0p05,5,served_p5tp_Mbps,66.05,30,30,synthetic_complete
full_N1000_K100_H800_nominal_t0p05,1,peak_normalized,0.8012760147716315,30,30,synthetic_complete
full_N1000_K100_H800_nominal_t0p05,2,peak_normalized,0.801815398391282,30,30,synthetic_complete
full_N1000_K100_H800_nominal_t0p05,3,peak_normalized,0.7937353640809339,30,30,synthetic_complete
full_N1000_K100_H800_nominal_t0p05,4,peak_normalized,0.8136604631240466,30,30,synthetic_complete
full_N1000_K100_H800_nominal_t0p05,5,peak_normalized,0.8021303768720842,30,30,synthetic_complete
full_N1000_K100_H800_nominal_t0p05,1,active_load_variance,0.014569629869069746,30,30,synthetic_complete
full_N1000_K100_H800_nominal_t0p05,2,active_load_variance,0.014614648571053034,30,30,synthetic_complete
full_N1000_K100_H800_nominal_t0p05,3,active_load_variance,0.014568367716588568,30,30,synthetic_complete
full_N1000_K100_H800_nominal_t0p05,4,active_load_variance,0.014607095198567472,30,30,synthetic_complete
full_N1000_K100_H800_nominal_t0p05,5,active_load_variance,0.014609783709243603,30,30,synthetic_complete
full_N1000_K100_H800_nominal_t0p05,1,mse_user_vector,0.028827355454054713,30,30,synthetic_complete
full_N1000_K100_H800_nominal_t0p05,2,mse_user_vector,0.026427232454679005,30,30,synthetic_complete
full_N1000_K100_H800_nominal_t0p05,3,mse_user_vector,0.02864064028157639,30,30,synthetic_complete
full_N1000_K100_H800_nominal_t0p05,4,mse_user_vector,0.024717687425844532,30,30,synthetic_complete
full_N1000_K100_H800_nominal_t0p05,5,mse_user_vector,0.02564393684924809,30,30,synthetic_complete
full_N1000_K100_H800_nominal_t0p05,1,persistence_mse_user_vector,0.026303333333333335,30,30,synthetic_complete
full_N1000_K100_H800_nominal_t0p05,2,persistence_mse_user_vector,0.02404,30,30,synthetic_complete
full_N1000_K100_H800_nominal_t0p05,3,persistence_mse_user_vector,0.02708,30,30,synthetic_complete
full_N1000_K100_H800_nominal_t0p05,4,persistence_mse_user_vector,0.02324,30,30,synthetic_complete
full_N1000_K100_H800_nominal_t0p05,5,persistence_mse_user_vector,0.024040000000000002,30,30,synthetic_complete
full_N1000_K100_H800_nominal_t0p05,1,Cbar,0.025219,30,30,synthetic_complete
full_N1000_K100_H800_nominal_t0p05,2,Cbar,0.02407025,30,30,synthetic_complete
full_N1000_K100_H800_nominal_t0p05,3,Cbar,0.025924916666666666,30,30,synthetic_complete
full_N1000_K100_H800_nominal_t0p05,4,Cbar,0.023263625,30,30,synthetic_complete
full_N1000_K100_H800_nominal_t0p05,5,Cbar,0.023977208333333333,30,30,synthetic_complete
full_N1000_K100_H800_nominal_t0p05,1,Lbar,0.28651095833333334,30,30,synthetic_complete
full_N1000_K100_H800_nominal_t0p05,2,Lbar,0.28706916666666665,30,30,synthetic_complete
full_N1000_K100_H800_nominal_t0p05,3,Lbar,0.28617954166666665,30,30,synthetic_complete
full_N1000_K100_H800_nominal_t0p05,4,Lbar,0.28724525,30,30,synthetic_complete
full_N1000_K100_H800_nominal_t0p05,5,Lbar,0.28707525,30,30,synthetic_complete
full_N1000_K100_H800_nominal_t0p05,1,J_user,-0.6425483958333333,30,30,synthetic_complete
full_N1000_K100_H800_nominal_t0p05,2,J_user,-0.6518931440972222,30,30,synthetic_complete
full_N1000_K100_H800_nominal_t0p05,3,J_user,-0.6366985381944444,30,30,synthetic_complete
full_N1000_K100_H800_nominal_t0p05,4,J_user,-0.6578070416666667,30,30,synthetic_complete
full_N1000_K100_H800_nominal_t0p05,5,J_user,-0.6525642413194445,30,30,synthetic_complete
full_N1000_K100_H800_nominal_t0p05,1,J_network,-64.25483958333334,30,30,synthetic_complete
full_N1000_K100_H800_nominal_t0p05,2,J_network,-65.18931440972223,30,30,synthetic_complete
full_N1000_K100_H800_nominal_t0p05,3,J_network,-63.66985381944445,30,30,synthetic_complete
full_N1000_K100_H800_nominal_t0p05,4,J_network,-65.78070416666667,30,30,synthetic_complete
full_N1000_K100_H800_nominal_t0p05,5,J_network,-65.25642413194444,30,30,synthetic_complete
full_N2000_K100_H50_nominal_t0p05,1,outage_percent,0.7166666666666667,30,30,synthetic_complete
full_N2000_K100_H50_nominal_t0p05,2,outage_percent,0.6546666666666666,30,30,synthetic_complete
full_N2000_K100_H50_nominal_t0p05,3,outage_percent,0.5286666666666666,30,30,synthetic_complete
full_N2000_K100_H50_nominal_t0p05,4,outage_percent,0.6253333333333333,30,30,synthetic_complete
full_N2000_K100_H50_nominal_t0p05,5,outage_percent,0.5286666666666666,30,30,synthetic_complete
full_N2000_K100_H50_nominal_t0p05,1,hof_percent,0.7632968555724591,30,30,synthetic_complete
full_N2000_K100_H50_nominal_t0p05,2,hof_percent,0.6957673182828069,30,30,synthetic_complete
full_N2000_K100_H50_nominal_t0p05,3,hof_percent,0.6210406171805869,30,30,synthetic_complete
full_N2000_K100_H50_nominal_t0p05,4,hof_percent,0.6943479939482596,30,30,synthetic_complete
full_N2000_K100_H50_nominal_t0p05,5,hof_percent,0.6212937385703308,30,30,synthetic_complete
full_N2000_K100_H50_nominal_t0p05,1,pp_percent,0.18541666666666667,30,30,synthetic_complete
full_N2000_K100_H50_nominal_t0p05,2,pp_percent,0.1763888888888889,30,30,synthetic_complete
full_N2000_K100_H50_nominal_t0p05,3,pp_percent,0.1486111111111111,30,30,synthetic_complete
full_N2000_K100_H50_nominal_t0p05,4,pp_percent,0.1701388888888889,30,30,synthetic_complete
full_N2000_K100_H50_nominal_t0p05,5,pp_percent,0.1486111111111111,30,30,synthetic_complete
full_N2000_K100_H50_nominal_t0p05,1,tp_Mbps,201.43532666666667,30,30,synthetic_complete
full_N2000_K100_H50_nominal_t0p05,2,tp_Mbps,202.08977333333334,30,30,synthetic_complete
full_N2000_K100_H50_nominal_t0p05,3,tp_Mbps,203.55160666666666,30,30,synthetic_complete
full_N2000_K100_H50_nominal_t0p05,4,tp_Mbps,202.44074666666666,30,30,synthetic_complete
full_N2000_K100_H50_nominal_t0p05,5,tp_Mbps,203.55712,30,30,synthetic_complete
full_N2000_K100_H50_nominal_t0p05,1,served_p5tp_Mbps,58.388333333333414,30,30,synthetic_complete
full_N2000_K100_H50_nominal_t0p05,2,served_p5tp_Mbps,58.84500000000005,30,30,synthetic_complete
full_N2000_K100_H50_nominal_t0p05,3,served_p5tp_Mbps,58.23000000000016,30,30,synthetic_complete
full_N2000_K100_H50_nominal_t0p05,4,served_p5tp_Mbps,57.51166666666667,30,30,synthetic_complete
full_N2000_K100_H50_nominal_t0p05,5,served_p5tp_Mbps,58.23000000000016,30,30,synthetic_complete
full_N2000_K100_H50_nominal_t0p05,1,peak_normalized,0.5119449117661389,30,30,synthetic_complete
full_N2000_K100_H50_nominal_t0p05,2,peak_normalized,0.5162065092943874,30,30,synthetic_complete
full_N2000_K100_H50_nominal_t0p05,3,peak_normalized,0.531664032590529,30,30,synthetic_complete
full_N2000_K100_H50_nominal_t0p05,4,peak_normalized,0.5229523262512578,30,30,synthetic_complete
full_N2000_K100_H50_nominal_t0p05,5,peak_normalized,0.531664032590529,30,30,synthetic_complete
full_N2000_K100_H50_nominal_t0p05,1,active_load_variance,0.008750466494677756,30,30,synthetic_complete
full_N2000_K100_H50_nominal_t0p05,2,active_load_variance,0.00870902231550316,30,30,synthetic_complete
full_N2000_K100_H50_nominal_t0p05,3,active_load_variance,0.008881756700531313,30,30,synthetic_complete
full_N2000_K100_H50_nominal_t0p05,4,active_load_variance,0.008725605983138127,30,30,synthetic_complete
full_N2000_K100_H50_nominal_t0p05,5,active_load_variance,0.008882730824239774,30,30,synthetic_complete
full_N2000_K100_H50_nominal_t0p05,1,mse_user_vector,0.01999963506393399,30,30,synthetic_complete
full_N2000_K100_H50_nominal_t0p05,2,mse_user_vector,0.01869408477802827,30,30,synthetic_complete
full_N2000_K100_H50_nominal_t0p05,3,mse_user_vector,0.017279337665997912,30,30,synthetic_complete
full_N2000_K100_H50_nominal_t0p05,4,mse_user_vector,0.018363648649503725,30,30,synthetic_complete
full_N2000_K100_H50_nominal_t0p05,5,mse_user_vector,0.017851652020940377,30,30,synthetic_complete
full_N2000_K100_H50_nominal_t0p05,1,persistence_mse_user_vector,0.018363333333333336,30,30,synthetic_complete
full_N2000_K100_H50_nominal_t0p05,2,persistence_mse_user_vector,0.017140000000000002,30,30,synthetic_complete
full_N2000_K100_H50_nominal_t0p05,3,persistence_mse_user_vector,0.015726666666666667,30,30,synthetic_complete
full_N2000_K100_H50_nominal_t0p05,4,persistence_mse_user_vector,0.016593333333333335,30,30,synthetic_complete
full_N2000_K100_H50_nominal_t0p05,5,persistence_mse_user_vector,0.015726666666666667,30,30,synthetic_complete
full_N2000_K100_H50_nominal_t0p05,1,Cbar,0.024546666666666665,30,30,synthetic_complete
full_N2000_K100_H50_nominal_t0p05,2,Cbar,0.023688,30,30,synthetic_complete
full_N2000_K100_H50_nominal_t0p05,3,Cbar,0.021910666666666665,30,30,synthetic_complete
full_N2000_K100_H50_nominal_t0p05,4,Cbar,0.023248,30,30,synthetic_complete
full_N2000_K100_H50_nominal_t0p05,5,Cbar,0.021904,30,30,synthetic_complete
full_N2000_K100_H50_nominal_t0p05,1,Lbar,0.22455266666666668,30,30,synthetic_complete
full_N2000_K100_H50_nominal_t0p05,2,Lbar,0.22449466666666668,30,30,synthetic_complete
full_N2000_K100_H50_nominal_t0p05,3,Lbar,0.226102,30,30,synthetic_complete
full_N2000_K100_H50_nominal_t0p05,4,Lbar,0.224644,30,30,synthetic_complete
full_N2000_K100_H50_nominal_t0p05,5,Lbar,0.226074,30,30,synthetic_complete
full_N2000_K100_H50_nominal_t0p05,1,J_user,-0.6789308611111111,30,30,synthetic_complete
full_N2000_K100_H50_nominal_t0p05,2,J_user,-0.6852160555555555,30,30,synthetic_complete
full_N2000_K100_H50_nominal_t0p05,3,J_user,-0.6976920277777778,30,30,synthetic_complete
full_N2000_K100_H50_nominal_t0p05,4,J_user,-0.6882904444444444,30,30,synthetic_complete
full_N2000_K100_H50_nominal_t0p05,5,J_user,-0.6977323333333334,30,30,synthetic_complete
full_N2000_K100_H50_nominal_t0p05,1,J_network,-67.89308611111112,30,30,synthetic_complete
full_N2000_K100_H50_nominal_t0p05,2,J_network,-68.52160555555555,30,30,synthetic_complete
full_N2000_K100_H50_nominal_t0p05,3,J_network,-69.76920277777778,30,30,synthetic_complete
full_N2000_K100_H50_nominal_t0p05,4,J_network,-68.82904444444445,30,30,synthetic_complete
full_N2000_K100_H50_nominal_t0p05,5,J_network,-69.77323333333334,30,30,synthetic_complete
full_N2000_K100_H200_nominal_t0p05,1,outage_percent,0.7238333333333333,30,30,synthetic_complete
full_N2000_K100_H200_nominal_t0p05,2,outage_percent,0.6565,30,30,synthetic_complete
full_N2000_K100_H200_nominal_t0p05,3,outage_percent,0.52,30,30,synthetic_complete
full_N2000_K100_H200_nominal_t0p05,4,outage_percent,0.6241666666666666,30,30,synthetic_complete
full_N2000_K100_H200_nominal_t0p05,5,outage_percent,0.5198333333333334,30,30,synthetic_complete
full_N2000_K100_H200_nominal_t0p05,1,hof_percent,0.7224471501677365,30,30,synthetic_complete
full_N2000_K100_H200_nominal_t0p05,2,hof_percent,0.6554679959555846,30,30,synthetic_complete
full_N2000_K100_H200_nominal_t0p05,3,hof_percent,0.5402295003760045,30,30,synthetic_complete
full_N2000_K100_H200_nominal_t0p05,4,hof_percent,0.6338250629323429,30,30,synthetic_complete
full_N2000_K100_H200_nominal_t0p05,5,hof_percent,0.5404690177456715,30,30,synthetic_complete
full_N2000_K100_H200_nominal_t0p05,1,pp_percent,0.18754208754208754,30,30,synthetic_complete
full_N2000_K100_H200_nominal_t0p05,2,pp_percent,0.17323232323232324,30,30,synthetic_complete
full_N2000_K100_H200_nominal_t0p05,3,pp_percent,0.15,30,30,synthetic_complete
full_N2000_K100_H200_nominal_t0p05,4,pp_percent,0.16616161616161618,30,30,synthetic_complete
full_N2000_K100_H200_nominal_t0p05,5,pp_percent,0.15,30,30,synthetic_complete
full_N2000_K100_H200_nominal_t0p05,1,tp_Mbps,201.39759,30,30,synthetic_complete
full_N2000_K100_H200_nominal_t0p05,2,tp_Mbps,202.06528833333334,30,30,synthetic_complete
full_N2000_K100_H200_nominal_t0p05,3,tp_Mbps,203.57684666666665,30,30,synthetic_complete
full_N2000_K100_H200_nominal_t0p05,4,tp_Mbps,202.422945,30,30,synthetic_complete
full_N2000_K100_H200_nominal_t0p05,5,tp_Mbps,203.582215,30,30,synthetic_complete
full_N2000_K100_H200_nominal_t0p05,1,served_p5tp_Mbps,60.035000000000004,30,30,synthetic_complete
full_N2000_K100_H200_nominal_t0p05,2,served_p5tp_Mbps,60.005,30,30,synthetic_complete
full_N2000_K100_H200_nominal_t0p05,3,served_p5tp_Mbps,59.2166666666668,30,30,synthetic_complete
full_N2000_K100_H200_nominal_t0p05,4,served_p5tp_Mbps,60.07833333333333,30,30,synthetic_complete
full_N2000_K100_H200_nominal_t0p05,5,served_p5tp_Mbps,59.2166666666668,30,30,synthetic_complete
full_N2000_K100_H200_nominal_t0p05,1,peak_normalized,0.5981705230671974,30,30,synthetic_complete
full_N2000_K100_H200_nominal_t0p05,2,peak_normalized,0.5950848805621888,30,30,synthetic_complete
full_N2000_K100_H200_nominal_t0p05,3,peak_normalized,0.596788682793884,30,30,synthetic_complete
full_N2000_K100_H200_nominal_t0p05,4,peak_normalized,0.5924477052320111,30,30,synthetic_complete
full_N2000_K100_H200_nominal_t0p05,5,peak_normalized,0.596788682793884,30,30,synthetic_complete
full_N2000_K100_H200_nominal_t0p05,1,active_load_variance,0.008763738073138445,30,30,synthetic_complete
full_N2000_K100_H200_nominal_t0p05,2,active_load_variance,0.008736588847671846,30,30,synthetic_complete
full_N2000_K100_H200_nominal_t0p05,3,active_load_variance,0.008797323822050772,30,30,synthetic_complete
full_N2000_K100_H200_nominal_t0p05,4,active_load_variance,0.008763281469142346,30,30,synthetic_complete
full_N2000_K100_H200_nominal_t0p05,5,active_load_variance,0.008796637346668123,30,30,synthetic_complete
full_N2000_K100_H200_nominal_t0p05,1,mse_user_vector,0.019269442723816,30,30,synthetic_complete
full_N2000_K100_H200_nominal_t0p05,2,mse_user_vector,0.018643208436618108,30,30,synthetic_complete
full_N2000_K100_H200_nominal_t0p05,3,mse_user_vector,0.017437824353615815,30,30,synthetic_complete
full_N2000_K100_H200_nominal_t0p05,4,mse_user_vector,0.018364039416672077,30,30,synthetic_complete
full_N2000_K100_H200_nominal_t0p05,5,mse_user_vector,0.016840353207669558,30,30,synthetic_complete
full_N2000_K100_H200_nominal_t0p05,1,persistence_mse_user_vector,0.017736666666666668,30,30,synthetic_complete
full_N2000_K100_H200_nominal_t0p05,2,persistence_mse_user_vector,0.016753333333333335,30,30,synthetic_complete
full_N2000_K100_H200_nominal_t0p05,3,persistence_mse_user_vector,0.015223333333333335,30,30,synthetic_complete
full_N2000_K100_H200_nominal_t0p05,4,persistence_mse_user_vector,0.01645,30,30,synthetic_complete
full_N2000_K100_H200_nominal_t0p05,5,persistence_mse_user_vector,0.015223333333333335,30,30,synthetic_complete
full_N2000_K100_H200_nominal_t0p05,1,Cbar,0.025291666666666667,30,30,synthetic_complete
full_N2000_K100_H200_nominal_t0p05,2,Cbar,0.024417333333333333,30,30,synthetic_complete
full_N2000_K100_H200_nominal_t0p05,3,Cbar,0.022594666666666666,30,30,synthetic_complete
full_N2000_K100_H200_nominal_t0p05,4,Cbar,0.023959833333333333,30,30,synthetic_complete
full_N2000_K100_H200_nominal_t0p05,5,Cbar,0.02258433333333333,30,30,synthetic_complete
full_N2000_K100_H200_nominal_t0p05,1,Lbar,0.22459016666666667,30,30,synthetic_complete
full_N2000_K100_H200_nominal_t0p05,2,Lbar,0.22458383333333334,30,30,synthetic_complete
full_N2000_K100_H200_nominal_t0p05,3,Lbar,0.22514033333333333,30,30,synthetic_complete
full_N2000_K100_H200_nominal_t0p05,4,Lbar,0.22481883333333333,30,30,synthetic_complete
full_N2000_K100_H200_nominal_t0p05,5,Lbar,0.22511516666666667,30,30,synthetic_complete
full_N2000_K100_H200_nominal_t0p05,1,J_user,-0.6780240416666666,30,30,synthetic_complete
full_N2000_K100_H200_nominal_t0p05,2,J_user,-0.6846131180555556,30,30,synthetic_complete
full_N2000_K100_H200_nominal_t0p05,3,J_user,-0.6983693611111111,30,30,synthetic_complete
full_N2000_K100_H200_nominal_t0p05,4,J_user,-0.6878312708333333,30,30,synthetic_complete
full_N2000_K100_H200_nominal_t0p05,5,J_user,-0.6984178125,30,30,synthetic_complete
full_N2000_K100_H200_nominal_t0p05,1,J_network,-67.80240416666666,30,30,synthetic_complete
full_N2000_K100_H200_nominal_t0p05,2,J_network,-68.46131180555555,30,30,synthetic_complete
full_N2000_K100_H200_nominal_t0p05,3,J_network,-69.83693611111111,30,30,synthetic_complete
full_N2000_K100_H200_nominal_t0p05,4,J_network,-68.78312708333333,30,30,synthetic_complete
full_N2000_K100_H200_nominal_t0p05,5,J_network,-69.84178125,30,30,synthetic_complete
full_N2000_K100_H800_nominal_t0p05,1,outage_percent,0.7878333333333334,30,30,synthetic_complete
full_N2000_K100_H800_nominal_t0p05,2,outage_percent,0.7132499999999999,30,30,synthetic_complete
full_N2000_K100_H800_nominal_t0p05,3,outage_percent,0.5634583333333333,30,30,synthetic_complete
full_N2000_K100_H800_nominal_t0p05,4,outage_percent,0.6734166666666667,30,30,synthetic_complete
full_N2000_K100_H800_nominal_t0p05,5,outage_percent,0.563125,30,30,synthetic_complete
full_N2000_K100_H800_nominal_t0p05,1,hof_percent,0.8046256163840296,30,30,synthetic_complete
full_N2000_K100_H800_nominal_t0p05,2,hof_percent,0.7310949364556234,30,30,synthetic_complete
full_N2000_K100_H800_nominal_t0p05,3,hof_percent,0.597786091783417,30,30,synthetic_complete
full_N2000_K100_H800_nominal_t0p05,4,hof_percent,0.6975847017522644,30,30,synthetic_complete
full_N2000_K100_H800_nominal_t0p05,5,hof_percent,0.5979936342173878,30,30,synthetic_complete
full_N2000_K100_H800_nominal_t0p05,1,pp_percent,0.18813700918964077,30,30,synthetic_complete
full_N2000_K100_H800_nominal_t0p05,2,pp_percent,0.17560568086883876,30,30,synthetic_complete
full_N2000_K100_H800_nominal_t0p05,3,pp_percent,0.15238095238095237,30,30,synthetic_complete
full_N2000_K100_H800_nominal_t0p05,4,pp_percent,0.1690893901420217,30,30,synthetic_complete
full_N2000_K100_H800_nominal_t0p05,5,pp_percent,0.15229741019214701,30,30,synthetic_complete
full_N2000_K100_H800_nominal_t0p05,1,tp_Mbps,201.33207958333332,30,30,synthetic_complete
full_N2000_K100_H800_nominal_t0p05,2,tp_Mbps,202.00909875,30,30,synthetic_complete
full_N2000_K100_H800_nominal_t0p05,3,tp_Mbps,203.55361666666667,30,30,synthetic_complete
full_N2000_K100_H800_nominal_t0p05,4,tp_Mbps,202.38813958333333,30,30,synthetic_complete
full_N2000_K100_H800_nominal_t0p05,5,tp_Mbps,203.55859125,30,30,synthetic_complete
full_N2000_K100_H800_nominal_t0p05,1,served_p5tp_Mbps,58.163333333333334,30,30,synthetic_complete
full_N2000_K100_H800_nominal_t0p05,2,served_p5tp_Mbps,58.166666666666664,30,30,synthetic_complete
full_N2000_K100_H800_nominal_t0p05,3,served_p5tp_Mbps,58.2,30,30,synthetic_complete
full_N2000_K100_H800_nominal_t0p05,4,served_p5tp_Mbps,58.72666666666725,30,30,synthetic_complete
full_N2000_K100_H800_nominal_t0p05,5,served_p5tp_Mbps,58.2,30,30,synthetic_complete
full_N2000_K100_H800_nominal_t0p05,1,peak_normalized,0.6591268790391022,30,30,synthetic_complete
full_N2000_K100_H800_nominal_t0p05,2,peak_normalized,0.6647195333201575,30,30,synthetic_complete
full_N2000_K100_H800_nominal_t0p05,3,peak_normalized,0.6549178314763944,30,30,synthetic_complete
full_N2000_K100_H800_nominal_t0p05,4,peak_normalized,0.6654707967038399,30,30,synthetic_complete
full_N2000_K100_H800_nominal_t0p05,5,peak_normalized,0.6549178314763944,30,30,synthetic_complete
full_N2000_K100_H800_nominal_t0p05,1,active_load_variance,0.00874977360530992,30,30,synthetic_complete
full_N2000_K100_H800_nominal_t0p05,2,active_load_variance,0.008757717553036674,30,30,synthetic_complete
full_N2000_K100_H800_nominal_t0p05,3,active_load_variance,0.008754473648540009,30,30,synthetic_complete
full_N2000_K100_H800_nominal_t0p05,4,active_load_variance,0.008761550980999257,30,30,synthetic_complete
full_N2000_K100_H800_nominal_t0p05,5,active_load_variance,0.00875403722919019,30,30,synthetic_complete
full_N2000_K100_H800_nominal_t0p05,1,mse_user_vector,0.019908911669918854,30,30,synthetic_complete
full_N2000_K100_H800_nominal_t0p05,2,mse_user_vector,0.01885944227806682,30,30,synthetic_complete
full_N2000_K100_H800_nominal_t0p05,3,mse_user_vector,0.01652909904112804,30,30,synthetic_complete
full_N2000_K100_H800_nominal_t0p05,4,mse_user_vector,0.018571060118175206,30,30,synthetic_complete
full_N2000_K100_H800_nominal_t0p05,5,mse_user_vector,0.017092051869206083,30,30,synthetic_complete
full_N2000_K100_H800_nominal_t0p05,1,persistence_mse_user_vector,0.018133333333333335,30,30,synthetic_complete
full_N2000_K100_H800_nominal_t0p05,2,persistence_mse_user_vector,0.017406666666666668,30,30,synthetic_complete
full_N2000_K100_H800_nominal_t0p05,3,persistence_mse_user_vector,0.014843333333333335,30,30,synthetic_complete
full_N2000_K100_H800_nominal_t0p05,4,persistence_mse_user_vector,0.01652,30,30,synthetic_complete
full_N2000_K100_H800_nominal_t0p05,5,persistence_mse_user_vector,0.014843333333333335,30,30,synthetic_complete
full_N2000_K100_H800_nominal_t0p05,1,Cbar,0.02535595833333333,30,30,synthetic_complete
full_N2000_K100_H800_nominal_t0p05,2,Cbar,0.02450175,30,30,synthetic_complete
full_N2000_K100_H800_nominal_t0p05,3,Cbar,0.022641416666666667,30,30,synthetic_complete
full_N2000_K100_H800_nominal_t0p05,4,Cbar,0.024043041666666667,30,30,synthetic_complete
full_N2000_K100_H800_nominal_t0p05,5,Cbar,0.022633458333333332,30,30,synthetic_complete
full_N2000_K100_H800_nominal_t0p05,1,Lbar,0.2243135,30,30,synthetic_complete
full_N2000_K100_H800_nominal_t0p05,2,Lbar,0.22451516666666665,30,30,synthetic_complete
full_N2000_K100_H800_nominal_t0p05,3,Lbar,0.224912375,30,30,synthetic_complete
full_N2000_K100_H800_nominal_t0p05,4,Lbar,0.22464699999999999,30,30,synthetic_complete
full_N2000_K100_H800_nominal_t0p05,5,Lbar,0.224911625,30,30,synthetic_complete
full_N2000_K100_H800_nominal_t0p05,1,J_user,-0.6746572690972222,30,30,synthetic_complete
full_N2000_K100_H800_nominal_t0p05,2,J_user,-0.6815336197916667,30,30,synthetic_complete
full_N2000_K100_H800_nominal_t0p05,3,J_user,-0.6961902569444445,30,30,synthetic_complete
full_N2000_K100_H800_nominal_t0p05,4,J_user,-0.6852680607638889,30,30,synthetic_complete
full_N2000_K100_H800_nominal_t0p05,5,J_user,-0.6962320052083333,30,30,synthetic_complete
full_N2000_K100_H800_nominal_t0p05,1,J_network,-67.46572690972222,30,30,synthetic_complete
full_N2000_K100_H800_nominal_t0p05,2,J_network,-68.15336197916666,30,30,synthetic_complete
full_N2000_K100_H800_nominal_t0p05,3,J_network,-69.61902569444445,30,30,synthetic_complete
full_N2000_K100_H800_nominal_t0p05,4,J_network,-68.5268060763889,30,30,synthetic_complete
full_N2000_K100_H800_nominal_t0p05,5,J_network,-69.62320052083334,30,30,synthetic_complete
full_N2000_K200_H200_nominal_t0p05,1,outage_percent,1.0445833333333334,30,30,synthetic_complete
full_N2000_K200_H200_nominal_t0p05,2,outage_percent,0.9474166666666667,30,30,synthetic_complete
full_N2000_K200_H200_nominal_t0p05,3,outage_percent,0.74825,30,30,synthetic_complete
full_N2000_K200_H200_nominal_t0p05,4,outage_percent,0.8981666666666667,30,30,synthetic_complete
full_N2000_K200_H200_nominal_t0p05,5,outage_percent,0.7479166666666667,30,30,synthetic_complete
full_N2000_K200_H200_nominal_t0p05,1,hof_percent,1.032933807508568,30,30,synthetic_complete
full_N2000_K200_H200_nominal_t0p05,2,hof_percent,0.943464971665861,30,30,synthetic_complete
full_N2000_K200_H200_nominal_t0p05,3,hof_percent,0.7325076752701982,30,30,synthetic_complete
full_N2000_K200_H200_nominal_t0p05,4,hof_percent,0.9008363236226952,30,30,synthetic_complete
full_N2000_K200_H200_nominal_t0p05,5,hof_percent,0.732771695204612,30,30,synthetic_complete
full_N2000_K200_H200_nominal_t0p05,1,pp_percent,0.18535353535353535,30,30,synthetic_complete
full_N2000_K200_H200_nominal_t0p05,2,pp_percent,0.17297979797979798,30,30,synthetic_complete
full_N2000_K200_H200_nominal_t0p05,3,pp_percent,0.15042087542087543,30,30,synthetic_complete
full_N2000_K200_H200_nominal_t0p05,4,pp_percent,0.16742424242424242,30,30,synthetic_complete
full_N2000_K200_H200_nominal_t0p05,5,pp_percent,0.15025252525252525,30,30,synthetic_complete
full_N2000_K200_H200_nominal_t0p05,1,tp_Mbps,197.03442083333334,30,30,synthetic_complete
full_N2000_K200_H200_nominal_t0p05,2,tp_Mbps,197.7456125,30,30,synthetic_complete
full_N2000_K200_H200_nominal_t0p05,3,tp_Mbps,199.36096,30,30,synthetic_complete
full_N2000_K200_H200_nominal_t0p05,4,tp_Mbps,198.13196250000001,30,30,synthetic_complete
full_N2000_K200_H200_nominal_t0p05,5,tp_Mbps,199.36595416666665,30,30,synthetic_complete
full_N2000_K200_H200_nominal_t0p05,1,served_p5tp_Mbps,54.56666666666667,30,30,synthetic_complete
full_N2000_K200_H200_nominal_t0p05,2,served_p5tp_Mbps,54.56666666666667,30,30,synthetic_complete
full_N2000_K200_H200_nominal_t0p05,3,served_p5tp_Mbps,54.56666666666667,30,30,synthetic_complete
full_N2000_K200_H200_nominal_t0p05,4,served_p5tp_Mbps,54.538333333333334,30,30,synthetic_complete
full_N2000_K200_H200_nominal_t0p05,5,served_p5tp_Mbps,54.56666666666667,30,30,synthetic_complete
full_N2000_K200_H200_nominal_t0p05,1,peak_normalized,0.8490614736074414,30,30,synthetic_complete
full_N2000_K200_H200_nominal_t0p05,2,peak_normalized,0.8480834312794604,30,30,synthetic_complete
full_N2000_K200_H200_nominal_t0p05,3,peak_normalized,0.8469243386788697,30,30,synthetic_complete
full_N2000_K200_H200_nominal_t0p05,4,peak_normalized,0.8437494097694458,30,30,synthetic_complete
full_N2000_K200_H200_nominal_t0p05,5,peak_normalized,0.8469243386788697,30,30,synthetic_complete
full_N2000_K200_H200_nominal_t0p05,1,active_load_variance,0.021260265365054657,30,30,synthetic_complete
full_N2000_K200_H200_nominal_t0p05,2,active_load_variance,0.021311368012733083,30,30,synthetic_complete
full_N2000_K200_H200_nominal_t0p05,3,active_load_variance,0.02141201169397931,30,30,synthetic_complete
full_N2000_K200_H200_nominal_t0p05,4,active_load_variance,0.02138739204387219,30,30,synthetic_complete
full_N2000_K200_H200_nominal_t0p05,5,active_load_variance,0.021411715146159707,30,30,synthetic_complete
full_N2000_K200_H200_nominal_t0p05,1,mse_user_vector,0.03719495539148114,30,30,synthetic_complete
full_N2000_K200_H200_nominal_t0p05,2,mse_user_vector,0.035759557491982924,30,30,synthetic_complete
full_N2000_K200_H200_nominal_t0p05,3,mse_user_vector,0.03286294955649375,30,30,synthetic_complete
full_N2000_K200_H200_nominal_t0p05,4,mse_user_vector,0.034458690647136456,30,30,synthetic_complete
full_N2000_K200_H200_nominal_t0p05,5,mse_user_vector,0.03188493507140798,30,30,synthetic_complete
full_N2000_K200_H200_nominal_t0p05,1,persistence_mse_user_vector,0.03451333333333333,30,30,synthetic_complete
full_N2000_K200_H200_nominal_t0p05,2,persistence_mse_user_vector,0.032883333333333334,30,30,synthetic_complete
full_N2000_K200_H200_nominal_t0p05,3,persistence_mse_user_vector,0.030248333333333335,30,30,synthetic_complete
full_N2000_K200_H200_nominal_t0p05,4,persistence_mse_user_vector,0.032525,30,30,synthetic_complete
full_N2000_K200_H200_nominal_t0p05,5,persistence_mse_user_vector,0.030248333333333335,30,30,synthetic_complete
full_N2000_K200_H200_nominal_t0p05,1,Cbar,0.0251405,30,30,synthetic_complete
full_N2000_K200_H200_nominal_t0p05,2,Cbar,0.024308666666666666,30,30,synthetic_complete
full_N2000_K200_H200_nominal_t0p05,3,Cbar,0.022513916666666665,30,30,synthetic_complete
full_N2000_K200_H200_nominal_t0p05,4,Cbar,0.023852583333333333,30,30,synthetic_complete
full_N2000_K200_H200_nominal_t0p05,5,Cbar,0.022505583333333332,30,30,synthetic_complete
full_N2000_K200_H200_nominal_t0p05,1,Lbar,0.3490365833333333,30,30,synthetic_complete
full_N2000_K200_H200_nominal_t0p05,2,Lbar,0.34957791666666665,30,30,synthetic_complete
full_N2000_K200_H200_nominal_t0p05,3,Lbar,0.35103925,30,30,synthetic_complete
full_N2000_K200_H200_nominal_t0p05,4,Lbar,0.35017333333333334,30,30,synthetic_complete
full_N2000_K200_H200_nominal_t0p05,5,Lbar,0.35103158333333334,30,30,synthetic_complete
full_N2000_K200_H200_nominal_t0p05,1,J_user,-0.5816590451388889,30,30,synthetic_complete
full_N2000_K200_H200_nominal_t0p05,2,J_user,-0.5896259270833333,30,30,synthetic_complete
full_N2000_K200_H200_nominal_t0p05,3,J_user,-0.6064815833333334,30,30,synthetic_complete
full_N2000_K200_H200_nominal_t0p05,4,J_user,-0.5936285520833333,30,30,synthetic_complete
full_N2000_K200_H200_nominal_t0p05,5,J_user,-0.6065270590277778,30,30,synthetic_complete
full_N2000_K200_H200_nominal_t0p05,1,J_network,-116.33180902777778,30,30,synthetic_complete
full_N2000_K200_H200_nominal_t0p05,2,J_network,-117.92518541666666,30,30,synthetic_complete
full_N2000_K200_H200_nominal_t0p05,3,J_network,-121.29631666666667,30,30,synthetic_complete
full_N2000_K200_H200_nominal_t0p05,4,J_network,-118.72571041666667,30,30,synthetic_complete
full_N2000_K200_H200_nominal_t0p05,5,J_network,-121.30541180555556,30,30,synthetic_complete
full_N2000_K300_H200_nominal_t0p05,1,outage_percent,1.5165,30,30,synthetic_complete
full_N2000_K300_H200_nominal_t0p05,2,outage_percent,1.3636666666666666,30,30,synthetic_complete
full_N2000_K300_H200_nominal_t0p05,3,outage_percent,1.0822777777777777,30,30,synthetic_complete
full_N2000_K300_H200_nominal_t0p05,4,outage_percent,1.2878333333333334,30,30,synthetic_complete
full_N2000_K300_H200_nominal_t0p05,5,outage_percent,1.0814444444444444,30,30,synthetic_complete
full_N2000_K300_H200_nominal_t0p05,1,hof_percent,1.5390623974367248,30,30,synthetic_complete
full_N2000_K300_H200_nominal_t0p05,2,hof_percent,1.3975646818678604,30,30,synthetic_complete
full_N2000_K300_H200_nominal_t0p05,3,hof_percent,1.104323434163255,30,30,synthetic_complete
full_N2000_K300_H200_nominal_t0p05,4,hof_percent,1.3235160666733274,30,30,synthetic_complete
full_N2000_K300_H200_nominal_t0p05,5,hof_percent,1.1027388330405816,30,30,synthetic_complete
full_N2000_K300_H200_nominal_t0p05,1,pp_percent,0.18181818181818182,30,30,synthetic_complete
full_N2000_K300_H200_nominal_t0p05,2,pp_percent,0.17048260381593716,30,30,synthetic_complete
full_N2000_K300_H200_nominal_t0p05,3,pp_percent,0.14747474747474748,30,30,synthetic_complete
full_N2000_K300_H200_nominal_t0p05,4,pp_percent,0.16453423120089786,30,30,synthetic_complete
full_N2000_K300_H200_nominal_t0p05,5,pp_percent,0.14736251402918069,30,30,synthetic_complete
full_N2000_K300_H200_nominal_t0p05,1,tp_Mbps,193.01139555555557,30,30,synthetic_complete
full_N2000_K300_H200_nominal_t0p05,2,tp_Mbps,193.81109333333333,30,30,synthetic_complete
full_N2000_K300_H200_nominal_t0p05,3,tp_Mbps,195.58069111111112,30,30,synthetic_complete
full_N2000_K300_H200_nominal_t0p05,4,tp_Mbps,194.25254388888888,30,30,synthetic_complete
full_N2000_K300_H200_nominal_t0p05,5,tp_Mbps,195.5875888888889,30,30,synthetic_complete
full_N2000_K300_H200_nominal_t0p05,1,served_p5tp_Mbps,57.5,30,30,synthetic_complete
full_N2000_K300_H200_nominal_t0p05,2,served_p5tp_Mbps,57.5,30,30,synthetic_complete
full_N2000_K300_H200_nominal_t0p05,3,served_p5tp_Mbps,57.56666666666667,30,30,synthetic_complete
full_N2000_K300_H200_nominal_t0p05,4,served_p5tp_Mbps,57.53333333333333,30,30,synthetic_complete
full_N2000_K300_H200_nominal_t0p05,5,served_p5tp_Mbps,57.56666666666667,30,30,synthetic_complete
full_N2000_K300_H200_nominal_t0p05,1,peak_normalized,0.9515060730633691,30,30,synthetic_complete
full_N2000_K300_H200_nominal_t0p05,2,peak_normalized,0.950518868121237,30,30,synthetic_complete
full_N2000_K300_H200_nominal_t0p05,3,peak_normalized,0.9556144296011923,30,30,synthetic_complete
full_N2000_K300_H200_nominal_t0p05,4,peak_normalized,0.9536363793353921,30,30,synthetic_complete
full_N2000_K300_H200_nominal_t0p05,5,peak_normalized,0.9556144296011923,30,30,synthetic_complete
full_N2000_K300_H200_nominal_t0p05,1,active_load_variance,0.034286787553531685,30,30,synthetic_complete
full_N2000_K300_H200_nominal_t0p05,2,active_load_variance,0.034380285809916665,30,30,synthetic_complete
full_N2000_K300_H200_nominal_t0p05,3,active_load_variance,0.03443768035499888,30,30,synthetic_complete
full_N2000_K300_H200_nominal_t0p05,4,active_load_variance,0.0344280337680013,30,30,synthetic_complete
full_N2000_K300_H200_nominal_t0p05,5,active_load_variance,0.03443057521612731,30,30,synthetic_complete
full_N2000_K300_H200_nominal_t0p05,1,mse_user_vector,0.06008680234679936,30,30,synthetic_complete
full_N2000_K300_H200_nominal_t0p05,2,mse_user_vector,0.05771875997935389,30,30,synthetic_complete
full_N2000_K300_H200_nominal_t0p05,3,mse_user_vector,0.05212137277735616,30,30,synthetic_complete
full_N2000_K300_H200_nominal_t0p05,4,mse_user_vector,0.05508440855257063,30,30,synthetic_complete
full_N2000_K300_H200_nominal_t0p05,5,mse_user_vector,0.050612016565488936,30,30,synthetic_complete
full_N2000_K300_H200_nominal_t0p05,1,persistence_mse_user_vector,0.057375555555555555,30,30,synthetic_complete
full_N2000_K300_H200_nominal_t0p05,2,persistence_mse_user_vector,0.05467888888888889,30,30,synthetic_complete
full_N2000_K300_H200_nominal_t0p05,3,persistence_mse_user_vector,0.049154444444444445,30,30,synthetic_complete
full_N2000_K300_H200_nominal_t0p05,4,persistence_mse_user_vector,0.05285777777777778,30,30,synthetic_complete
full_N2000_K300_H200_nominal_t0p05,5,persistence_mse_user_vector,0.049154444444444445,30,30,synthetic_complete
full_N2000_K300_H200_nominal_t0p05,1,Cbar,0.024901333333333334,30,30,synthetic_complete
full_N2000_K300_H200_nominal_t0p05,2,Cbar,0.024117,30,30,synthetic_complete
full_N2000_K300_H200_nominal_t0p05,3,Cbar,0.022370722222222222,30,30,synthetic_complete
full_N2000_K300_H200_nominal_t0p05,4,Cbar,0.023682444444444443,30,30,synthetic_complete
full_N2000_K300_H200_nominal_t0p05,5,Cbar,0.022363777777777778,30,30,synthetic_complete
full_N2000_K300_H200_nominal_t0p05,1,Lbar,0.46870972222222224,30,30,synthetic_complete
full_N2000_K300_H200_nominal_t0p05,2,Lbar,0.4701943333333333,30,30,synthetic_complete
full_N2000_K300_H200_nominal_t0p05,3,Lbar,0.4724625,30,30,synthetic_complete
full_N2000_K300_H200_nominal_t0p05,4,Lbar,0.47086161111111113,30,30,synthetic_complete
full_N2000_K300_H200_nominal_t0p05,5,Lbar,0.4724418888888889,30,30,synthetic_complete
full_N2000_K300_H200_nominal_t0p05,1,J_user,-0.48158362037037034,30,30,synthetic_complete
full_N2000_K300_H200_nominal_t0p05,2,J_user,-0.49220722222222224,30,30,synthetic_complete
full_N2000_K300_H200_nominal_t0p05,3,J_user,-0.5133890462962963,30,30,synthetic_complete
full_N2000_K300_H200_nominal_t0p05,4,J_user,-0.49772190509259256,30,30,synthetic_complete
full_N2000_K300_H200_nominal_t0p05,5,J_user,-0.5134732314814815,30,30,synthetic_complete
full_N2000_K300_H200_nominal_t0p05,1,J_network,-144.4750861111111,30,30,synthetic_complete
full_N2000_K300_H200_nominal_t0p05,2,J_network,-147.66216666666668,30,30,synthetic_complete
full_N2000_K300_H200_nominal_t0p05,3,J_network,-154.0167138888889,30,30,synthetic_complete
full_N2000_K300_H200_nominal_t0p05,4,J_network,-149.31657152777777,30,30,synthetic_complete
full_N2000_K300_H200_nominal_t0p05,5,J_network,-154.04196944444445,30,30,synthetic_complete
full_N2000_K400_H200_nominal_t0p05,1,outage_percent,2.2790833333333333,30,30,synthetic_complete
full_N2000_K400_H200_nominal_t0p05,2,outage_percent,2.0792916666666668,30,30,synthetic_complete
full_N2000_K400_H200_nominal_t0p05,3,outage_percent,1.6632916666666666,30,30,synthetic_complete
full_N2000_K400_H200_nominal_t0p05,4,outage_percent,1.968375,30,30,synthetic_complete
full_N2000_K400_H200_nominal_t0p05,5,outage_percent,1.6619166666666667,30,30,synthetic_complete
full_N2000_K400_H200_nominal_t0p05,1,hof_percent,2.4140142235644575,30,30,synthetic_complete
full_N2000_K400_H200_nominal_t0p05,2,hof_percent,2.198974563283395,30,30,synthetic_complete
full_N2000_K400_H200_nominal_t0p05,3,hof_percent,1.7728429352257629,30,30,synthetic_complete
full_N2000_K400_H200_nominal_t0p05,4,hof_percent,2.0846231328607234,30,30,synthetic_complete
full_N2000_K400_H200_nominal_t0p05,5,hof_percent,1.770501827884164,30,30,synthetic_complete
full_N2000_K400_H200_nominal_t0p05,1,pp_percent,0.1747053872053872,30,30,synthetic_complete
full_N2000_K400_H200_nominal_t0p05,2,pp_percent,0.16494107744107744,30,30,synthetic_complete
full_N2000_K400_H200_nominal_t0p05,3,pp_percent,0.14351851851851852,30,30,synthetic_complete
full_N2000_K400_H200_nominal_t0p05,4,pp_percent,0.15955387205387206,30,30,synthetic_complete
full_N2000_K400_H200_nominal_t0p05,5,pp_percent,0.14335016835016834,30,30,synthetic_complete
full_N2000_K400_H200_nominal_t0p05,1,tp_Mbps,188.82452875,30,30,synthetic_complete
full_N2000_K400_H200_nominal_t0p05,2,tp_Mbps,189.70322333333334,30,30,synthetic_complete
full_N2000_K400_H200_nominal_t0p05,3,tp_Mbps,191.6992575,30,30,synthetic_complete
full_N2000_K400_H200_nominal_t0p05,4,tp_Mbps,190.2085475,30,30,synthetic_complete
full_N2000_K400_H200_nominal_t0p05,5,tp_Mbps,191.70620583333334,30,30,synthetic_complete
full_N2000_K400_H200_nominal_t0p05,1,served_p5tp_Mbps,57.9,30,30,synthetic_complete
full_N2000_K400_H200_nominal_t0p05,2,served_p5tp_Mbps,57.93333333333333,30,30,synthetic_complete
full_N2000_K400_H200_nominal_t0p05,3,served_p5tp_Mbps,58,30,30,synthetic_complete
full_N2000_K400_H200_nominal_t0p05,4,served_p5tp_Mbps,57.96666666666667,30,30,synthetic_complete
full_N2000_K400_H200_nominal_t0p05,5,served_p5tp_Mbps,58,30,30,synthetic_complete
full_N2000_K400_H200_nominal_t0p05,1,peak_normalized,0.982461137412753,30,30,synthetic_complete
full_N2000_K400_H200_nominal_t0p05,2,peak_normalized,0.9827376417165812,30,30,synthetic_complete
full_N2000_K400_H200_nominal_t0p05,3,peak_normalized,0.9828607493363003,30,30,synthetic_complete
full_N2000_K400_H200_nominal_t0p05,4,peak_normalized,0.9827107966068999,30,30,synthetic_complete
full_N2000_K400_H200_nominal_t0p05,5,peak_normalized,0.9828314459147249,30,30,synthetic_complete
full_N2000_K400_H200_nominal_t0p05,1,active_load_variance,0.04421965515914568,30,30,synthetic_complete
full_N2000_K400_H200_nominal_t0p05,2,active_load_variance,0.04433317992562713,30,30,synthetic_complete
full_N2000_K400_H200_nominal_t0p05,3,active_load_variance,0.04432688224956738,30,30,synthetic_complete
full_N2000_K400_H200_nominal_t0p05,4,active_load_variance,0.04426598858220597,30,30,synthetic_complete
full_N2000_K400_H200_nominal_t0p05,5,active_load_variance,0.04432653544949303,30,30,synthetic_complete
full_N2000_K400_H200_nominal_t0p05,1,mse_user_vector,0.08200236569360699,30,30,synthetic_complete
full_N2000_K400_H200_nominal_t0p05,2,mse_user_vector,0.0787551758886885,30,30,synthetic_complete
full_N2000_K400_H200_nominal_t0p05,3,mse_user_vector,0.07117607212175468,30,30,synthetic_complete
full_N2000_K400_H200_nominal_t0p05,4,mse_user_vector,0.07754210573667217,30,30,synthetic_complete
full_N2000_K400_H200_nominal_t0p05,5,mse_user_vector,0.0699376723646685,30,30,synthetic_complete
full_N2000_K400_H200_nominal_t0p05,1,persistence_mse_user_vector,0.08003083333333333,30,30,synthetic_complete
full_N2000_K400_H200_nominal_t0p05,2,persistence_mse_user_vector,0.07613666666666667,30,30,synthetic_complete
full_N2000_K400_H200_nominal_t0p05,3,persistence_mse_user_vector,0.06808833333333333,30,30,synthetic_complete
full_N2000_K400_H200_nominal_t0p05,4,persistence_mse_user_vector,0.07491666666666667,30,30,synthetic_complete
full_N2000_K400_H200_nominal_t0p05,5,persistence_mse_user_vector,0.06815666666666667,30,30,synthetic_complete
full_N2000_K400_H200_nominal_t0p05,1,Cbar,0.024486124999999997,30,30,synthetic_complete
full_N2000_K400_H200_nominal_t0p05,2,Cbar,0.023752416666666665,30,30,synthetic_complete
full_N2000_K400_H200_nominal_t0p05,3,Cbar,0.022082041666666666,30,30,synthetic_complete
full_N2000_K400_H200_nominal_t0p05,4,Cbar,0.023342083333333333,30,30,synthetic_complete
full_N2000_K400_H200_nominal_t0p05,5,Cbar,0.022075333333333332,30,30,synthetic_complete
full_N2000_K400_H200_nominal_t0p05,1,Lbar,0.5786281666666666,30,30,synthetic_complete
full_N2000_K400_H200_nominal_t0p05,2,Lbar,0.5809137083333333,30,30,synthetic_complete
full_N2000_K400_H200_nominal_t0p05,3,Lbar,0.584962125,30,30,synthetic_complete
full_N2000_K400_H200_nominal_t0p05,4,Lbar,0.581821375,30,30,synthetic_complete
full_N2000_K400_H200_nominal_t0p05,5,Lbar,0.58497075,30,30,synthetic_complete
full_N2000_K400_H200_nominal_t0p05,1,J_user,-0.3712575572916667,30,30,synthetic_complete
full_N2000_K400_H200_nominal_t0p05,2,J_user,-0.3841324513888889,30,30,synthetic_complete
full_N2000_K400_H200_nominal_t0p05,3,J_user,-0.4120602395833333,30,30,synthetic_complete
full_N2000_K400_H200_nominal_t0p05,4,J_user,-0.3915351354166667,30,30,synthetic_complete
full_N2000_K400_H200_nominal_t0p05,5,J_user,-0.4121569826388889,30,30,synthetic_complete
full_N2000_K400_H200_nominal_t0p05,1,J_network,-148.50302291666668,30,30,synthetic_complete
full_N2000_K400_H200_nominal_t0p05,2,J_network,-153.65298055555556,30,30,synthetic_complete
full_N2000_K400_H200_nominal_t0p05,3,J_network,-164.82409583333333,30,30,synthetic_complete
full_N2000_K400_H200_nominal_t0p05,4,J_network,-156.61405416666668,30,30,synthetic_complete
full_N2000_K400_H200_nominal_t0p05,5,J_network,-164.86279305555556,30,30,synthetic_complete
full_N2000_K500_H200_nominal_t0p05,1,outage_percent,3.5482,30,30,synthetic_complete
full_N2000_K500_H200_nominal_t0p05,2,outage_percent,3.2627333333333333,30,30,synthetic_complete
full_N2000_K500_H200_nominal_t0p05,3,outage_percent,2.669,30,30,synthetic_complete
full_N2000_K500_H200_nominal_t0p05,4,outage_percent,3.1092333333333335,30,30,synthetic_complete
full_N2000_K500_H200_nominal_t0p05,5,outage_percent,2.6672333333333333,30,30,synthetic_complete
full_N2000_K500_H200_nominal_t0p05,1,hof_percent,3.894534013438188,30,30,synthetic_complete
full_N2000_K500_H200_nominal_t0p05,2,hof_percent,3.615266506505098,30,30,synthetic_complete
full_N2000_K500_H200_nominal_t0p05,3,hof_percent,3.0231127781715417,30,30,synthetic_complete
full_N2000_K500_H200_nominal_t0p05,4,hof_percent,3.468522486484335,30,30,synthetic_complete
full_N2000_K500_H200_nominal_t0p05,5,hof_percent,3.0212760945082073,30,30,synthetic_complete
full_N2000_K500_H200_nominal_t0p05,1,pp_percent,0.1676094276094276,30,30,synthetic_complete
full_N2000_K500_H200_nominal_t0p05,2,pp_percent,0.15797979797979797,30,30,synthetic_complete
full_N2000_K500_H200_nominal_t0p05,3,pp_percent,0.13734006734006735,30,30,synthetic_complete
full_N2000_K500_H200_nominal_t0p05,4,pp_percent,0.15252525252525254,30,30,synthetic_complete
full_N2000_K500_H200_nominal_t0p05,5,pp_percent,0.13727272727272727,30,30,synthetic_complete
full_N2000_K500_H200_nominal_t0p05,1,tp_Mbps,183.80922366666667,30,30,synthetic_complete
full_N2000_K500_H200_nominal_t0p05,2,tp_Mbps,184.82643833333333,30,30,synthetic_complete
full_N2000_K500_H200_nominal_t0p05,3,tp_Mbps,187.10224866666667,30,30,synthetic_complete
full_N2000_K500_H200_nominal_t0p05,4,tp_Mbps,185.394765,30,30,synthetic_complete
full_N2000_K500_H200_nominal_t0p05,5,tp_Mbps,187.11077333333333,30,30,synthetic_complete
full_N2000_K500_H200_nominal_t0p05,1,served_p5tp_Mbps,57.86666666666667,30,30,synthetic_complete
full_N2000_K500_H200_nominal_t0p05,2,served_p5tp_Mbps,57.89666666666668,30,30,synthetic_complete
full_N2000_K500_H200_nominal_t0p05,3,served_p5tp_Mbps,57.94833333333333,30,30,synthetic_complete
full_N2000_K500_H200_nominal_t0p05,4,served_p5tp_Mbps,57.9,30,30,synthetic_complete
full_N2000_K500_H200_nominal_t0p05,5,served_p5tp_Mbps,57.93333333333333,30,30,synthetic_complete
full_N2000_K500_H200_nominal_t0p05,1,peak_normalized,0.9901978439792102,30,30,synthetic_complete
full_N2000_K500_H200_nominal_t0p05,2,peak_normalized,0.9916284303143196,30,30,synthetic_complete
full_N2000_K500_H200_nominal_t0p05,3,peak_normalized,0.9925716944608513,30,30,synthetic_complete
full_N2000_K500_H200_nominal_t0p05,4,peak_normalized,0.992526122730918,30,30,synthetic_complete
full_N2000_K500_H200_nominal_t0p05,5,peak_normalized,0.9925716944608513,30,30,synthetic_complete
full_N2000_K500_H200_nominal_t0p05,1,active_load_variance,0.04709269223236467,30,30,synthetic_complete
full_N2000_K500_H200_nominal_t0p05,2,active_load_variance,0.047206038804628384,30,30,synthetic_complete
full_N2000_K500_H200_nominal_t0p05,3,active_load_variance,0.04705792225585218,30,30,synthetic_complete
full_N2000_K500_H200_nominal_t0p05,4,active_load_variance,0.04715074327698483,30,30,synthetic_complete
full_N2000_K500_H200_nominal_t0p05,5,active_load_variance,0.0470330913947917,30,30,synthetic_complete
full_N2000_K500_H200_nominal_t0p05,1,mse_user_vector,0.10255184294297576,30,30,synthetic_complete
full_N2000_K500_H200_nominal_t0p05,2,mse_user_vector,0.09844082994233092,30,30,synthetic_complete
full_N2000_K500_H200_nominal_t0p05,3,mse_user_vector,0.0835872265657347,30,30,synthetic_complete
full_N2000_K500_H200_nominal_t0p05,4,mse_user_vector,0.09538713110057614,30,30,synthetic_complete
full_N2000_K500_H200_nominal_t0p05,5,mse_user_vector,0.08283200552353394,30,30,synthetic_complete
full_N2000_K500_H200_nominal_t0p05,1,persistence_mse_user_vector,0.100792,30,30,synthetic_complete
full_N2000_K500_H200_nominal_t0p05,2,persistence_mse_user_vector,0.09663733333333334,30,30,synthetic_complete
full_N2000_K500_H200_nominal_t0p05,3,persistence_mse_user_vector,0.08141000000000001,30,30,synthetic_complete
full_N2000_K500_H200_nominal_t0p05,4,persistence_mse_user_vector,0.09376466666666668,30,30,synthetic_complete
full_N2000_K500_H200_nominal_t0p05,5,persistence_mse_user_vector,0.08134533333333334,30,30,synthetic_complete
full_N2000_K500_H200_nominal_t0p05,1,Cbar,0.0237623,30,30,synthetic_complete
full_N2000_K500_H200_nominal_t0p05,2,Cbar,0.02307283333333333,30,30,synthetic_complete
full_N2000_K500_H200_nominal_t0p05,3,Cbar,0.02152983333333333,30,30,synthetic_complete
full_N2000_K500_H200_nominal_t0p05,4,Cbar,0.022697066666666665,30,30,synthetic_complete
full_N2000_K500_H200_nominal_t0p05,5,Cbar,0.0215241,30,30,synthetic_complete
full_N2000_K500_H200_nominal_t0p05,1,Lbar,0.6707495333333333,30,30,synthetic_complete
full_N2000_K500_H200_nominal_t0p05,2,Lbar,0.6744426666666666,30,30,synthetic_complete
full_N2000_K500_H200_nominal_t0p05,3,Lbar,0.6815634,30,30,synthetic_complete
full_N2000_K500_H200_nominal_t0p05,4,Lbar,0.6762819666666666,30,30,synthetic_complete
full_N2000_K500_H200_nominal_t0p05,5,Lbar,0.6815490333333333,30,30,synthetic_complete
full_N2000_K500_H200_nominal_t0p05,1,J_user,-0.24120584861111113,30,30,synthetic_complete
full_N2000_K500_H200_nominal_t0p05,2,J_user,-0.25821574305555556,30,30,synthetic_complete
full_N2000_K500_H200_nominal_t0p05,3,J_user,-0.2945960861111111,30,30,synthetic_complete
full_N2000_K500_H200_nominal_t0p05,4,J_user,-0.2675270041666667,30,30,synthetic_complete
full_N2000_K500_H200_nominal_t0p05,5,J_user,-0.2947299888888889,30,30,synthetic_complete
full_N2000_K500_H200_nominal_t0p05,1,J_network,-120.60292430555556,30,30,synthetic_complete
full_N2000_K500_H200_nominal_t0p05,2,J_network,-129.10787152777777,30,30,synthetic_complete
full_N2000_K500_H200_nominal_t0p05,3,J_network,-147.29804305555555,30,30,synthetic_complete
full_N2000_K500_H200_nominal_t0p05,4,J_network,-133.76350208333332,30,30,synthetic_complete
full_N2000_K500_H200_nominal_t0p05,5,J_network,-147.36499444444445,30,30,synthetic_complete
mlp213_N500_K100_H50_nominal_t0p05,1,outage_percent,1.054,30,30,synthetic_complete
mlp213_N500_K100_H50_nominal_t0p05,2,outage_percent,0.7033333333333334,30,30,synthetic_complete
mlp213_N500_K100_H50_nominal_t0p05,3,outage_percent,0.7606666666666667,30,30,synthetic_complete
mlp213_N500_K100_H50_nominal_t0p05,4,outage_percent,0.864,30,30,synthetic_complete
mlp213_N500_K100_H50_nominal_t0p05,5,outage_percent,0.7506666666666667,30,30,synthetic_complete
mlp213_N500_K100_H50_nominal_t0p05,1,hof_percent,0.9500803375992095,30,30,synthetic_complete
mlp213_N500_K100_H50_nominal_t0p05,2,hof_percent,0.5786447705574024,30,30,synthetic_complete
mlp213_N500_K100_H50_nominal_t0p05,3,hof_percent,0.6489746047696493,30,30,synthetic_complete
mlp213_N500_K100_H50_nominal_t0p05,4,hof_percent,0.7296762704658736,30,30,synthetic_complete
mlp213_N500_K100_H50_nominal_t0p05,5,hof_percent,0.6522824802146198,30,30,synthetic_complete
mlp213_N500_K100_H50_nominal_t0p05,1,pp_percent,0.2951388888888889,30,30,synthetic_complete
mlp213_N500_K100_H50_nominal_t0p05,2,pp_percent,0.2263888888888889,30,30,synthetic_complete
mlp213_N500_K100_H50_nominal_t0p05,3,pp_percent,0.24375,30,30,synthetic_complete
mlp213_N500_K100_H50_nominal_t0p05,4,pp_percent,0.26319444444444445,30,30,synthetic_complete
mlp213_N500_K100_H50_nominal_t0p05,5,pp_percent,0.23819444444444443,30,30,synthetic_complete
mlp213_N500_K100_H50_nominal_t0p05,1,tp_Mbps,195.22405333333333,30,30,synthetic_complete
mlp213_N500_K100_H50_nominal_t0p05,2,tp_Mbps,198.05551333333332,30,30,synthetic_complete
mlp213_N500_K100_H50_nominal_t0p05,3,tp_Mbps,197.58206,30,30,synthetic_complete
mlp213_N500_K100_H50_nominal_t0p05,4,tp_Mbps,196.69057333333333,30,30,synthetic_complete
mlp213_N500_K100_H50_nominal_t0p05,5,tp_Mbps,197.6732,30,30,synthetic_complete
mlp213_N500_K100_H50_nominal_t0p05,1,served_p5tp_Mbps,65.52,30,30,synthetic_complete
mlp213_N500_K100_H50_nominal_t0p05,2,served_p5tp_Mbps,65.83,30,30,synthetic_complete
mlp213_N500_K100_H50_nominal_t0p05,3,served_p5tp_Mbps,65.70166666666667,30,30,synthetic_complete
mlp213_N500_K100_H50_nominal_t0p05,4,served_p5tp_Mbps,65.675,30,30,synthetic_complete
mlp213_N500_K100_H50_nominal_t0p05,5,served_p5tp_Mbps,65.725,30,30,synthetic_complete
mlp213_N500_K100_H50_nominal_t0p05,1,peak_normalized,0.7613769641409769,30,30,synthetic_complete
mlp213_N500_K100_H50_nominal_t0p05,2,peak_normalized,0.7573828252935761,30,30,synthetic_complete
mlp213_N500_K100_H50_nominal_t0p05,3,peak_normalized,0.7617849719983545,30,30,synthetic_complete
mlp213_N500_K100_H50_nominal_t0p05,4,peak_normalized,0.7445910466727312,30,30,synthetic_complete
mlp213_N500_K100_H50_nominal_t0p05,5,peak_normalized,0.7615504599034671,30,30,synthetic_complete
mlp213_N500_K100_H50_nominal_t0p05,1,active_load_variance,0.024946449042003722,30,30,synthetic_complete
mlp213_N500_K100_H50_nominal_t0p05,2,active_load_variance,0.024592988108543573,30,30,synthetic_complete
mlp213_N500_K100_H50_nominal_t0p05,3,active_load_variance,0.024634733083329544,30,30,synthetic_complete
mlp213_N500_K100_H50_nominal_t0p05,4,active_load_variance,0.024717156671498302,30,30,synthetic_complete
mlp213_N500_K100_H50_nominal_t0p05,5,active_load_variance,0.02464958535529227,30,30,synthetic_complete
mlp213_N500_K100_H50_nominal_t0p05,1,mse_user_vector,0.05116380068102239,30,30,synthetic_complete
mlp213_N500_K100_H50_nominal_t0p05,2,mse_user_vector,0.045905825801774956,30,30,synthetic_complete
mlp213_N500_K100_H50_nominal_t0p05,3,mse_user_vector,0.0473515231447635,30,30,synthetic_complete
mlp213_N500_K100_H50_nominal_t0p05,4,mse_user_vector,0.04705241460112945,30,30,synthetic_complete
mlp213_N500_K100_H50_nominal_t0p05,5,mse_user_vector,0.04590223684810946,30,30,synthetic_complete
mlp213_N500_K100_H50_nominal_t0p05,1,persistence_mse_user_vector,0.04901666666666667,30,30,synthetic_complete
mlp213_N500_K100_H50_nominal_t0p05,2,persistence_mse_user_vector,0.04288,30,30,synthetic_complete
mlp213_N500_K100_H50_nominal_t0p05,3,persistence_mse_user_vector,0.044436666666666666,30,30,synthetic_complete
mlp213_N500_K100_H50_nominal_t0p05,4,persistence_mse_user_vector,0.045083333333333336,30,30,synthetic_complete
mlp213_N500_K100_H50_nominal_t0p05,5,persistence_mse_user_vector,0.04427333333333333,30,30,synthetic_complete
mlp213_N500_K100_H50_nominal_t0p05,1,Cbar,0.026777333333333334,30,30,synthetic_complete
mlp213_N500_K100_H50_nominal_t0p05,2,Cbar,0.023288,30,30,synthetic_complete
mlp213_N500_K100_H50_nominal_t0p05,3,Cbar,0.023866666666666665,30,30,synthetic_complete
mlp213_N500_K100_H50_nominal_t0p05,4,Cbar,0.024979333333333333,30,30,synthetic_complete
mlp213_N500_K100_H50_nominal_t0p05,5,Cbar,0.023751333333333333,30,30,synthetic_complete
mlp213_N500_K100_H50_nominal_t0p05,1,Lbar,0.39034599999999997,30,30,synthetic_complete
mlp213_N500_K100_H50_nominal_t0p05,2,Lbar,0.390934,30,30,synthetic_complete
mlp213_N500_K100_H50_nominal_t0p05,3,Lbar,0.390526,30,30,synthetic_complete
mlp213_N500_K100_H50_nominal_t0p05,4,Lbar,0.390492,30,30,synthetic_complete
mlp213_N500_K100_H50_nominal_t0p05,5,Lbar,0.39065333333333335,30,30,synthetic_complete
mlp213_N500_K100_H50_nominal_t0p05,1,J_user,-0.5521718888888889,30,30,synthetic_complete
mlp213_N500_K100_H50_nominal_t0p05,2,J_user,-0.582953638888889,30,30,synthetic_complete
mlp213_N500_K100_H50_nominal_t0p05,3,J_user,-0.5780289166666667,30,30,synthetic_complete
mlp213_N500_K100_H50_nominal_t0p05,4,J_user,-0.5686083888888889,30,30,synthetic_complete
mlp213_N500_K100_H50_nominal_t0p05,5,J_user,-0.5789026666666667,30,30,synthetic_complete
mlp213_N500_K100_H50_nominal_t0p05,1,J_network,-55.21718888888889,30,30,synthetic_complete
mlp213_N500_K100_H50_nominal_t0p05,2,J_network,-58.29536388888889,30,30,synthetic_complete
mlp213_N500_K100_H50_nominal_t0p05,3,J_network,-57.80289166666667,30,30,synthetic_complete
mlp213_N500_K100_H50_nominal_t0p05,4,J_network,-56.86083888888889,30,30,synthetic_complete
mlp213_N500_K100_H50_nominal_t0p05,5,J_network,-57.89026666666667,30,30,synthetic_complete
mlp213_N500_K100_H200_nominal_t0p05,1,outage_percent,1.0523333333333333,30,30,synthetic_complete
mlp213_N500_K100_H200_nominal_t0p05,2,outage_percent,0.712,30,30,synthetic_complete
mlp213_N500_K100_H200_nominal_t0p05,3,outage_percent,0.7625,30,30,synthetic_complete
mlp213_N500_K100_H200_nominal_t0p05,4,outage_percent,0.8606666666666667,30,30,synthetic_complete
mlp213_N500_K100_H200_nominal_t0p05,5,outage_percent,0.7508333333333334,30,30,synthetic_complete
mlp213_N500_K100_H200_nominal_t0p05,1,hof_percent,1.0730644600445107,30,30,synthetic_complete
mlp213_N500_K100_H200_nominal_t0p05,2,hof_percent,0.7124909547199962,30,30,synthetic_complete
mlp213_N500_K100_H200_nominal_t0p05,3,hof_percent,0.7667364833050156,30,30,synthetic_complete
mlp213_N500_K100_H200_nominal_t0p05,4,hof_percent,0.8738407006997485,30,30,synthetic_complete
mlp213_N500_K100_H200_nominal_t0p05,5,hof_percent,0.7670860933762166,30,30,synthetic_complete
mlp213_N500_K100_H200_nominal_t0p05,1,pp_percent,0.2718855218855219,30,30,synthetic_complete
mlp213_N500_K100_H200_nominal_t0p05,2,pp_percent,0.20824915824915827,30,30,synthetic_complete
mlp213_N500_K100_H200_nominal_t0p05,3,pp_percent,0.22154882154882155,30,30,synthetic_complete
mlp213_N500_K100_H200_nominal_t0p05,4,pp_percent,0.23872053872053872,30,30,synthetic_complete
mlp213_N500_K100_H200_nominal_t0p05,5,pp_percent,0.21801346801346802,30,30,synthetic_complete
mlp213_N500_K100_H200_nominal_t0p05,1,tp_Mbps,195.164875,30,30,synthetic_complete
mlp213_N500_K100_H200_nominal_t0p05,2,tp_Mbps,197.91461166666667,30,30,synthetic_complete
mlp213_N500_K100_H200_nominal_t0p05,3,tp_Mbps,197.46034333333333,30,30,synthetic_complete
mlp213_N500_K100_H200_nominal_t0p05,4,tp_Mbps,196.57757666666666,30,30,synthetic_complete
mlp213_N500_K100_H200_nominal_t0p05,5,tp_Mbps,197.55513833333333,30,30,synthetic_complete
mlp213_N500_K100_H200_nominal_t0p05,1,served_p5tp_Mbps,65.53333333333333,30,30,synthetic_complete
mlp213_N500_K100_H200_nominal_t0p05,2,served_p5tp_Mbps,65.76666666666667,30,30,synthetic_complete
mlp213_N500_K100_H200_nominal_t0p05,3,served_p5tp_Mbps,65.73333333333333,30,30,synthetic_complete
mlp213_N500_K100_H200_nominal_t0p05,4,served_p5tp_Mbps,65.63333333333334,30,30,synthetic_complete
mlp213_N500_K100_H200_nominal_t0p05,5,served_p5tp_Mbps,65.73333333333333,30,30,synthetic_complete
mlp213_N500_K100_H200_nominal_t0p05,1,peak_normalized,0.8593981275982772,30,30,synthetic_complete
mlp213_N500_K100_H200_nominal_t0p05,2,peak_normalized,0.8581397657218328,30,30,synthetic_complete
mlp213_N500_K100_H200_nominal_t0p05,3,peak_normalized,0.8606490603703266,30,30,synthetic_complete
mlp213_N500_K100_H200_nominal_t0p05,4,peak_normalized,0.8506018525970076,30,30,synthetic_complete
mlp213_N500_K100_H200_nominal_t0p05,5,peak_normalized,0.8587352866713751,30,30,synthetic_complete
mlp213_N500_K100_H200_nominal_t0p05,1,active_load_variance,0.02539658582094546,30,30,synthetic_complete
mlp213_N500_K100_H200_nominal_t0p05,2,active_load_variance,0.025484605003402706,30,30,synthetic_complete
mlp213_N500_K100_H200_nominal_t0p05,3,active_load_variance,0.025422490752870914,30,30,synthetic_complete
mlp213_N500_K100_H200_nominal_t0p05,4,active_load_variance,0.025619638272224837,30,30,synthetic_complete
mlp213_N500_K100_H200_nominal_t0p05,5,active_load_variance,0.025428886701215007,30,30,synthetic_complete
mlp213_N500_K100_H200_nominal_t0p05,1,mse_user_vector,0.046101312847262224,30,30,synthetic_complete
mlp213_N500_K100_H200_nominal_t0p05,2,mse_user_vector,0.038339239676607954,30,30,synthetic_complete
mlp213_N500_K100_H200_nominal_t0p05,3,mse_user_vector,0.03804910777855925,30,30,synthetic_complete
mlp213_N500_K100_H200_nominal_t0p05,4,mse_user_vector,0.042043974583068744,30,30,synthetic_complete
mlp213_N500_K100_H200_nominal_t0p05,5,mse_user_vector,0.03803938114259554,30,30,synthetic_complete
mlp213_N500_K100_H200_nominal_t0p05,1,persistence_mse_user_vector,0.04325333333333333,30,30,synthetic_complete
mlp213_N500_K100_H200_nominal_t0p05,2,persistence_mse_user_vector,0.03576,30,30,synthetic_complete
mlp213_N500_K100_H200_nominal_t0p05,3,persistence_mse_user_vector,0.03657,30,30,synthetic_complete
mlp213_N500_K100_H200_nominal_t0p05,4,persistence_mse_user_vector,0.040626666666666665,30,30,synthetic_complete
mlp213_N500_K100_H200_nominal_t0p05,5,persistence_mse_user_vector,0.03616,30,30,synthetic_complete
mlp213_N500_K100_H200_nominal_t0p05,1,Cbar,0.027230833333333333,30,30,synthetic_complete
mlp213_N500_K100_H200_nominal_t0p05,2,Cbar,0.023815666666666666,30,30,synthetic_complete
mlp213_N500_K100_H200_nominal_t0p05,3,Cbar,0.024384166666666665,30,30,synthetic_complete
mlp213_N500_K100_H200_nominal_t0p05,4,Cbar,0.025431,30,30,synthetic_complete
mlp213_N500_K100_H200_nominal_t0p05,5,Cbar,0.024262333333333334,30,30,synthetic_complete
mlp213_N500_K100_H200_nominal_t0p05,1,Lbar,0.391947,30,30,synthetic_complete
mlp213_N500_K100_H200_nominal_t0p05,2,Lbar,0.39404733333333336,30,30,synthetic_complete
mlp213_N500_K100_H200_nominal_t0p05,3,Lbar,0.39357216666666667,30,30,synthetic_complete
mlp213_N500_K100_H200_nominal_t0p05,4,Lbar,0.393853,30,30,synthetic_complete
mlp213_N500_K100_H200_nominal_t0p05,5,Lbar,0.39363216666666667,30,30,synthetic_complete
mlp213_N500_K100_H200_nominal_t0p05,1,J_user,-0.5509813958333334,30,30,synthetic_complete
mlp213_N500_K100_H200_nominal_t0p05,2,J_user,-0.5801127152777777,30,30,synthetic_complete
mlp213_N500_K100_H200_nominal_t0p05,3,J_user,-0.5756482638888889,30,30,synthetic_complete
mlp213_N500_K100_H200_nominal_t0p05,4,J_user,-0.5663979027777778,30,30,synthetic_complete
mlp213_N500_K100_H200_nominal_t0p05,5,J_user,-0.5766574930555556,30,30,synthetic_complete
mlp213_N500_K100_H200_nominal_t0p05,1,J_network,-55.098139583333335,30,30,synthetic_complete
mlp213_N500_K100_H200_nominal_t0p05,2,J_network,-58.01127152777778,30,30,synthetic_complete
mlp213_N500_K100_H200_nominal_t0p05,3,J_network,-57.56482638888889,30,30,synthetic_complete
mlp213_N500_K100_H200_nominal_t0p05,4,J_network,-56.63979027777778,30,30,synthetic_complete
mlp213_N500_K100_H200_nominal_t0p05,5,J_network,-57.66574930555556,30,30,synthetic_complete
mlp213_N500_K100_H800_nominal_t0p05,1,outage_percent,1.1227916666666666,30,30,synthetic_complete
mlp213_N500_K100_H800_nominal_t0p05,2,outage_percent,0.759375,30,30,synthetic_complete
mlp213_N500_K100_H800_nominal_t0p05,3,outage_percent,0.8108333333333333,30,30,synthetic_complete
mlp213_N500_K100_H800_nominal_t0p05,4,outage_percent,0.9186666666666666,30,30,synthetic_complete
mlp213_N500_K100_H800_nominal_t0p05,5,outage_percent,0.80025,30,30,synthetic_complete
mlp213_N500_K100_H800_nominal_t0p05,1,hof_percent,1.1322963947396778,30,30,synthetic_complete
mlp213_N500_K100_H800_nominal_t0p05,2,hof_percent,0.7509643311907778,30,30,synthetic_complete
mlp213_N500_K100_H800_nominal_t0p05,3,hof_percent,0.8009410979187657,30,30,synthetic_complete
mlp213_N500_K100_H800_nominal_t0p05,4,hof_percent,0.9205837195192369,30,30,synthetic_complete
mlp213_N500_K100_H800_nominal_t0p05,5,hof_percent,0.791863241711481,30,30,synthetic_complete
mlp213_N500_K100_H800_nominal_t0p05,1,pp_percent,0.27030075187969926,30,30,synthetic_complete
mlp213_N500_K100_H800_nominal_t0p05,2,pp_percent,0.20705931495405178,30,30,synthetic_complete
mlp213_N500_K100_H800_nominal_t0p05,3,pp_percent,0.21796157059314952,30,30,synthetic_complete
mlp213_N500_K100_H800_nominal_t0p05,4,pp_percent,0.23763575605680867,30,30,synthetic_complete
mlp213_N500_K100_H800_nominal_t0p05,5,pp_percent,0.21570593149540518,30,30,synthetic_complete
mlp213_N500_K100_H800_nominal_t0p05,1,tp_Mbps,195.12005791666667,30,30,synthetic_complete
mlp213_N500_K100_H800_nominal_t0p05,2,tp_Mbps,197.90715708333335,30,30,synthetic_complete
mlp213_N500_K100_H800_nominal_t0p05,3,tp_Mbps,197.452925,30,30,synthetic_complete
mlp213_N500_K100_H800_nominal_t0p05,4,tp_Mbps,196.56957041666666,30,30,synthetic_complete
mlp213_N500_K100_H800_nominal_t0p05,5,tp_Mbps,197.54294166666668,30,30,synthetic_complete
mlp213_N500_K100_H800_nominal_t0p05,1,served_p5tp_Mbps,65.63333333333334,30,30,synthetic_complete
mlp213_N500_K100_H800_nominal_t0p05,2,served_p5tp_Mbps,65.83333333333333,30,30,synthetic_complete
mlp213_N500_K100_H800_nominal_t0p05,3,served_p5tp_Mbps,65.8,30,30,synthetic_complete
mlp213_N500_K100_H800_nominal_t0p05,4,served_p5tp_Mbps,65.73333333333333,30,30,synthetic_complete
mlp213_N500_K100_H800_nominal_t0p05,5,served_p5tp_Mbps,65.80166666666668,30,30,synthetic_complete
mlp213_N500_K100_H800_nominal_t0p05,1,peak_normalized,0.9093894410896284,30,30,synthetic_complete
mlp213_N500_K100_H800_nominal_t0p05,2,peak_normalized,0.9107062463114274,30,30,synthetic_complete
mlp213_N500_K100_H800_nominal_t0p05,3,peak_normalized,0.907478079665264,30,30,synthetic_complete
mlp213_N500_K100_H800_nominal_t0p05,4,peak_normalized,0.9117461142605267,30,30,synthetic_complete
mlp213_N500_K100_H800_nominal_t0p05,5,peak_normalized,0.9077899342725322,30,30,synthetic_complete
mlp213_N500_K100_H800_nominal_t0p05,1,active_load_variance,0.02532915429197205,30,30,synthetic_complete
mlp213_N500_K100_H800_nominal_t0p05,2,active_load_variance,0.02547370972641195,30,30,synthetic_complete
mlp213_N500_K100_H800_nominal_t0p05,3,active_load_variance,0.025425836853936384,30,30,synthetic_complete
mlp213_N500_K100_H800_nominal_t0p05,4,active_load_variance,0.025471548464758145,30,30,synthetic_complete
mlp213_N500_K100_H800_nominal_t0p05,5,active_load_variance,0.025449241337828003,30,30,synthetic_complete
mlp213_N500_K100_H800_nominal_t0p05,1,mse_user_vector,0.044590344380120384,30,30,synthetic_complete
mlp213_N500_K100_H800_nominal_t0p05,2,mse_user_vector,0.03805473802087126,30,30,synthetic_complete
mlp213_N500_K100_H800_nominal_t0p05,3,mse_user_vector,0.039825248367092766,30,30,synthetic_complete
mlp213_N500_K100_H800_nominal_t0p05,4,mse_user_vector,0.04266207508530939,30,30,synthetic_complete
mlp213_N500_K100_H800_nominal_t0p05,5,mse_user_vector,0.03968738954919933,30,30,synthetic_complete
mlp213_N500_K100_H800_nominal_t0p05,1,persistence_mse_user_vector,0.042853333333333334,30,30,synthetic_complete
mlp213_N500_K100_H800_nominal_t0p05,2,persistence_mse_user_vector,0.03606666666666667,30,30,synthetic_complete
mlp213_N500_K100_H800_nominal_t0p05,3,persistence_mse_user_vector,0.03726666666666667,30,30,synthetic_complete
mlp213_N500_K100_H800_nominal_t0p05,4,persistence_mse_user_vector,0.03978666666666667,30,30,synthetic_complete
mlp213_N500_K100_H800_nominal_t0p05,5,persistence_mse_user_vector,0.036943333333333335,30,30,synthetic_complete
mlp213_N500_K100_H800_nominal_t0p05,1,Cbar,0.027429708333333334,30,30,synthetic_complete
mlp213_N500_K100_H800_nominal_t0p05,2,Cbar,0.024026541666666665,30,30,synthetic_complete
mlp213_N500_K100_H800_nominal_t0p05,3,Cbar,0.024582125,30,30,synthetic_complete
mlp213_N500_K100_H800_nominal_t0p05,4,Cbar,0.025656791666666665,30,30,synthetic_complete
mlp213_N500_K100_H800_nominal_t0p05,5,Cbar,0.024462249999999998,30,30,synthetic_complete
mlp213_N500_K100_H800_nominal_t0p05,1,Lbar,0.391093875,30,30,synthetic_complete
mlp213_N500_K100_H800_nominal_t0p05,2,Lbar,0.3935830416666667,30,30,synthetic_complete
mlp213_N500_K100_H800_nominal_t0p05,3,Lbar,0.39309208333333334,30,30,synthetic_complete
mlp213_N500_K100_H800_nominal_t0p05,4,Lbar,0.3925883333333333,30,30,synthetic_complete
mlp213_N500_K100_H800_nominal_t0p05,5,Lbar,0.3932505,30,30,synthetic_complete
mlp213_N500_K100_H800_nominal_t0p05,1,J_user,-0.5475988663194444,30,30,synthetic_complete
mlp213_N500_K100_H800_nominal_t0p05,2,J_user,-0.5778396128472222,30,30,synthetic_complete
mlp213_N500_K100_H800_nominal_t0p05,3,J_user,-0.57334175,30,30,synthetic_complete
mlp213_N500_K100_H800_nominal_t0p05,4,J_user,-0.5639839809027778,30,30,synthetic_complete
mlp213_N500_K100_H800_nominal_t0p05,5,J_user,-0.5742267152777778,30,30,synthetic_complete
mlp213_N500_K100_H800_nominal_t0p05,1,J_network,-54.75988663194445,30,30,synthetic_complete
mlp213_N500_K100_H800_nominal_t0p05,2,J_network,-57.783961284722224,30,30,synthetic_complete
mlp213_N500_K100_H800_nominal_t0p05,3,J_network,-57.334175,30,30,synthetic_complete
mlp213_N500_K100_H800_nominal_t0p05,4,J_network,-56.39839809027778,30,30,synthetic_complete
mlp213_N500_K100_H800_nominal_t0p05,5,J_network,-57.42267152777778,30,30,synthetic_complete
mlp213_N1000_K100_H50_nominal_t0p05,1,outage_percent,0.8306666666666667,30,30,synthetic_complete
mlp213_N1000_K100_H50_nominal_t0p05,2,outage_percent,0.8486666666666667,30,30,synthetic_complete
mlp213_N1000_K100_H50_nominal_t0p05,3,outage_percent,0.898,30,30,synthetic_complete
mlp213_N1000_K100_H50_nominal_t0p05,4,outage_percent,0.8206666666666667,30,30,synthetic_complete
mlp213_N1000_K100_H50_nominal_t0p05,5,outage_percent,0.9286666666666666,30,30,synthetic_complete
mlp213_N1000_K100_H50_nominal_t0p05,1,hof_percent,0.8569961559156486,30,30,synthetic_complete
mlp213_N1000_K100_H50_nominal_t0p05,2,hof_percent,0.867765640617324,30,30,synthetic_complete
mlp213_N1000_K100_H50_nominal_t0p05,3,hof_percent,0.8827438423861941,30,30,synthetic_complete
mlp213_N1000_K100_H50_nominal_t0p05,4,hof_percent,0.8462547030251293,30,30,synthetic_complete
mlp213_N1000_K100_H50_nominal_t0p05,5,hof_percent,0.9390957705505142,30,30,synthetic_complete
mlp213_N1000_K100_H50_nominal_t0p05,1,pp_percent,0.23541666666666666,30,30,synthetic_complete
mlp213_N1000_K100_H50_nominal_t0p05,2,pp_percent,0.24375,30,30,synthetic_complete
mlp213_N1000_K100_H50_nominal_t0p05,3,pp_percent,0.2534722222222222,30,30,synthetic_complete
mlp213_N1000_K100_H50_nominal_t0p05,4,pp_percent,0.2326388888888889,30,30,synthetic_complete
mlp213_N1000_K100_H50_nominal_t0p05,5,pp_percent,0.2611111111111111,30,30,synthetic_complete
mlp213_N1000_K100_H50_nominal_t0p05,1,tp_Mbps,200.61726666666667,30,30,synthetic_complete
mlp213_N1000_K100_H50_nominal_t0p05,2,tp_Mbps,200.42112,30,30,synthetic_complete
mlp213_N1000_K100_H50_nominal_t0p05,3,tp_Mbps,200.00498,30,30,synthetic_complete
mlp213_N1000_K100_H50_nominal_t0p05,4,tp_Mbps,200.69834,30,30,synthetic_complete
mlp213_N1000_K100_H50_nominal_t0p05,5,tp_Mbps,199.71016,30,30,synthetic_complete
mlp213_N1000_K100_H50_nominal_t0p05,1,served_p5tp_Mbps,66.38,30,30,synthetic_complete
mlp213_N1000_K100_H50_nominal_t0p05,2,served_p5tp_Mbps,66.34666666666666,30,30,synthetic_complete
mlp213_N1000_K100_H50_nominal_t0p05,3,served_p5tp_Mbps,66.32666666666667,30,30,synthetic_complete
mlp213_N1000_K100_H50_nominal_t0p05,4,served_p5tp_Mbps,66.37333333333333,30,30,synthetic_complete
mlp213_N1000_K100_H50_nominal_t0p05,5,served_p5tp_Mbps,66.3,30,30,synthetic_complete
mlp213_N1000_K100_H50_nominal_t0p05,1,peak_normalized,0.6351213091790894,30,30,synthetic_complete
mlp213_N1000_K100_H50_nominal_t0p05,2,peak_normalized,0.6299673114931705,30,30,synthetic_complete
mlp213_N1000_K100_H50_nominal_t0p05,3,peak_normalized,0.629563284005375,30,30,synthetic_complete
mlp213_N1000_K100_H50_nominal_t0p05,4,peak_normalized,0.637045439055944,30,30,synthetic_complete
mlp213_N1000_K100_H50_nominal_t0p05,5,peak_normalized,0.6329833123748706,30,30,synthetic_complete
mlp213_N1000_K100_H50_nominal_t0p05,1,active_load_variance,0.015594413273290537,30,30,synthetic_complete
mlp213_N1000_K100_H50_nominal_t0p05,2,active_load_variance,0.015462626298406161,30,30,synthetic_complete
mlp213_N1000_K100_H50_nominal_t0p05,3,active_load_variance,0.015462930276915024,30,30,synthetic_complete
mlp213_N1000_K100_H50_nominal_t0p05,4,active_load_variance,0.015633905851412114,30,30,synthetic_complete
mlp213_N1000_K100_H50_nominal_t0p05,5,active_load_variance,0.01549800879736649,30,30,synthetic_complete
mlp213_N1000_K100_H50_nominal_t0p05,1,mse_user_vector,0.028176959154630997,30,30,synthetic_complete
mlp213_N1000_K100_H50_nominal_t0p05,2,mse_user_vector,0.028836848240605967,30,30,synthetic_complete
mlp213_N1000_K100_H50_nominal_t0p05,3,mse_user_vector,0.029617766284901436,30,30,synthetic_complete
mlp213_N1000_K100_H50_nominal_t0p05,4,mse_user_vector,0.028333424495570334,30,30,synthetic_complete
mlp213_N1000_K100_H50_nominal_t0p05,5,mse_user_vector,0.02926955668737711,30,30,synthetic_complete
mlp213_N1000_K100_H50_nominal_t0p05,1,persistence_mse_user_vector,0.026293333333333335,30,30,synthetic_complete
mlp213_N1000_K100_H50_nominal_t0p05,2,persistence_mse_user_vector,0.02672,30,30,synthetic_complete
mlp213_N1000_K100_H50_nominal_t0p05,3,persistence_mse_user_vector,0.027146666666666666,30,30,synthetic_complete
mlp213_N1000_K100_H50_nominal_t0p05,4,persistence_mse_user_vector,0.026240000000000003,30,30,synthetic_complete
mlp213_N1000_K100_H50_nominal_t0p05,5,persistence_mse_user_vector,0.027466666666666667,30,30,synthetic_complete
mlp213_N1000_K100_H50_nominal_t0p05,1,Cbar,0.025237333333333334,30,30,synthetic_complete
mlp213_N1000_K100_H50_nominal_t0p05,2,Cbar,0.025545333333333333,30,30,synthetic_complete
mlp213_N1000_K100_H50_nominal_t0p05,3,Cbar,0.026064,30,30,synthetic_complete
mlp213_N1000_K100_H50_nominal_t0p05,4,Cbar,0.025142666666666667,30,30,synthetic_complete
mlp213_N1000_K100_H50_nominal_t0p05,5,Cbar,0.026472666666666665,30,30,synthetic_complete
mlp213_N1000_K100_H50_nominal_t0p05,1,Lbar,0.29526,30,30,synthetic_complete
mlp213_N1000_K100_H50_nominal_t0p05,2,Lbar,0.29452866666666666,30,30,synthetic_complete
mlp213_N1000_K100_H50_nominal_t0p05,3,Lbar,0.2945433333333333,30,30,synthetic_complete
mlp213_N1000_K100_H50_nominal_t0p05,4,Lbar,0.295574,30,30,synthetic_complete
mlp213_N1000_K100_H50_nominal_t0p05,5,Lbar,0.29473533333333335,30,30,synthetic_complete
mlp213_N1000_K100_H50_nominal_t0p05,1,J_user,-0.6341232777777778,30,30,synthetic_complete
mlp213_N1000_K100_H50_nominal_t0p05,2,J_user,-0.6326176666666666,30,30,synthetic_complete
mlp213_N1000_K100_H50_nominal_t0p05,3,J_user,-0.6281504166666667,30,30,synthetic_complete
mlp213_N1000_K100_H50_nominal_t0p05,4,J_user,-0.6348514166666667,30,30,synthetic_complete
mlp213_N1000_K100_H50_nominal_t0p05,5,J_user,-0.6250883333333334,30,30,synthetic_complete
mlp213_N1000_K100_H50_nominal_t0p05,1,J_network,-63.412327777777776,30,30,synthetic_complete
mlp213_N1000_K100_H50_nominal_t0p05,2,J_network,-63.26176666666667,30,30,synthetic_complete
mlp213_N1000_K100_H50_nominal_t0p05,3,J_network,-62.815041666666666,30,30,synthetic_complete
mlp213_N1000_K100_H50_nominal_t0p05,4,J_network,-63.485141666666664,30,30,synthetic_complete
mlp213_N1000_K100_H50_nominal_t0p05,5,J_network,-62.508833333333335,30,30,synthetic_complete
mlp213_N1000_K100_H200_nominal_t0p05,1,outage_percent,0.793,30,30,synthetic_complete
mlp213_N1000_K100_H200_nominal_t0p05,2,outage_percent,0.8140000000000001,30,30,synthetic_complete
mlp213_N1000_K100_H200_nominal_t0p05,3,outage_percent,0.8661666666666666,30,30,synthetic_complete
mlp213_N1000_K100_H200_nominal_t0p05,4,outage_percent,0.7846666666666666,30,30,synthetic_complete
mlp213_N1000_K100_H200_nominal_t0p05,5,outage_percent,0.902,30,30,synthetic_complete
mlp213_N1000_K100_H200_nominal_t0p05,1,hof_percent,0.780192092752457,30,30,synthetic_complete
mlp213_N1000_K100_H200_nominal_t0p05,2,hof_percent,0.8066218149137933,30,30,synthetic_complete
mlp213_N1000_K100_H200_nominal_t0p05,3,hof_percent,0.8589449542100976,30,30,synthetic_complete
mlp213_N1000_K100_H200_nominal_t0p05,4,hof_percent,0.7784478764931905,30,30,synthetic_complete
mlp213_N1000_K100_H200_nominal_t0p05,5,hof_percent,0.9028613128025392,30,30,synthetic_complete
mlp213_N1000_K100_H200_nominal_t0p05,1,pp_percent,0.23434343434343435,30,30,synthetic_complete
mlp213_N1000_K100_H200_nominal_t0p05,2,pp_percent,0.24107744107744108,30,30,synthetic_complete
mlp213_N1000_K100_H200_nominal_t0p05,3,pp_percent,0.251010101010101,30,30,synthetic_complete
mlp213_N1000_K100_H200_nominal_t0p05,4,pp_percent,0.23063973063973064,30,30,synthetic_complete
mlp213_N1000_K100_H200_nominal_t0p05,5,pp_percent,0.25993265993265996,30,30,synthetic_complete
mlp213_N1000_K100_H200_nominal_t0p05,1,tp_Mbps,200.68235666666666,30,30,synthetic_complete
mlp213_N1000_K100_H200_nominal_t0p05,2,tp_Mbps,200.46310166666666,30,30,synthetic_complete
mlp213_N1000_K100_H200_nominal_t0p05,3,tp_Mbps,200.05322666666666,30,30,synthetic_complete
mlp213_N1000_K100_H200_nominal_t0p05,4,tp_Mbps,200.76629333333332,30,30,synthetic_complete
mlp213_N1000_K100_H200_nominal_t0p05,5,tp_Mbps,199.75762166666667,30,30,synthetic_complete
mlp213_N1000_K100_H200_nominal_t0p05,1,served_p5tp_Mbps,66.03333333333333,30,30,synthetic_complete
mlp213_N1000_K100_H200_nominal_t0p05,2,served_p5tp_Mbps,66.03333333333333,30,30,synthetic_complete
mlp213_N1000_K100_H200_nominal_t0p05,3,served_p5tp_Mbps,66,30,30,synthetic_complete
mlp213_N1000_K100_H200_nominal_t0p05,4,served_p5tp_Mbps,66.03333333333333,30,30,synthetic_complete
mlp213_N1000_K100_H200_nominal_t0p05,5,served_p5tp_Mbps,65.95333333333333,30,30,synthetic_complete
mlp213_N1000_K100_H200_nominal_t0p05,1,peak_normalized,0.7057107759112082,30,30,synthetic_complete
mlp213_N1000_K100_H200_nominal_t0p05,2,peak_normalized,0.7050931326612988,30,30,synthetic_complete
mlp213_N1000_K100_H200_nominal_t0p05,3,peak_normalized,0.6936401685820435,30,30,synthetic_complete
mlp213_N1000_K100_H200_nominal_t0p05,4,peak_normalized,0.7083705477243863,30,30,synthetic_complete
mlp213_N1000_K100_H200_nominal_t0p05,5,peak_normalized,0.6943312501321677,30,30,synthetic_complete
mlp213_N1000_K100_H200_nominal_t0p05,1,active_load_variance,0.01525073120749194,30,30,synthetic_complete
mlp213_N1000_K100_H200_nominal_t0p05,2,active_load_variance,0.015221782072024816,30,30,synthetic_complete
mlp213_N1000_K100_H200_nominal_t0p05,3,active_load_variance,0.015209218588251234,30,30,synthetic_complete
mlp213_N1000_K100_H200_nominal_t0p05,4,active_load_variance,0.015254091409769629,30,30,synthetic_complete
mlp213_N1000_K100_H200_nominal_t0p05,5,active_load_variance,0.015191432109631442,30,30,synthetic_complete
mlp213_N1000_K100_H200_nominal_t0p05,1,mse_user_vector,0.03155948298239497,30,30,synthetic_complete
mlp213_N1000_K100_H200_nominal_t0p05,2,mse_user_vector,0.03106205735818479,30,30,synthetic_complete
mlp213_N1000_K100_H200_nominal_t0p05,3,mse_user_vector,0.031005301314464762,30,30,synthetic_complete
mlp213_N1000_K100_H200_nominal_t0p05,4,mse_user_vector,0.03056689194763304,30,30,synthetic_complete
mlp213_N1000_K100_H200_nominal_t0p05,5,mse_user_vector,0.03173454596801216,30,30,synthetic_complete
mlp213_N1000_K100_H200_nominal_t0p05,1,persistence_mse_user_vector,0.029013333333333335,30,30,synthetic_complete
mlp213_N1000_K100_H200_nominal_t0p05,2,persistence_mse_user_vector,0.02912,30,30,synthetic_complete
mlp213_N1000_K100_H200_nominal_t0p05,3,persistence_mse_user_vector,0.029653333333333334,30,30,synthetic_complete
mlp213_N1000_K100_H200_nominal_t0p05,4,persistence_mse_user_vector,0.029013333333333335,30,30,synthetic_complete
mlp213_N1000_K100_H200_nominal_t0p05,5,persistence_mse_user_vector,0.030026666666666667,30,30,synthetic_complete
mlp213_N1000_K100_H200_nominal_t0p05,1,Cbar,0.025814999999999998,30,30,synthetic_complete
mlp213_N1000_K100_H200_nominal_t0p05,2,Cbar,0.026112,30,30,synthetic_complete
mlp213_N1000_K100_H200_nominal_t0p05,3,Cbar,0.02659833333333333,30,30,synthetic_complete
mlp213_N1000_K100_H200_nominal_t0p05,4,Cbar,0.025707499999999998,30,30,synthetic_complete
mlp213_N1000_K100_H200_nominal_t0p05,5,Cbar,0.026993,30,30,synthetic_complete
mlp213_N1000_K100_H200_nominal_t0p05,1,Lbar,0.293304,30,30,synthetic_complete
mlp213_N1000_K100_H200_nominal_t0p05,2,Lbar,0.29307833333333333,30,30,synthetic_complete
mlp213_N1000_K100_H200_nominal_t0p05,3,Lbar,0.2927935,30,30,synthetic_complete
mlp213_N1000_K100_H200_nominal_t0p05,4,Lbar,0.29334666666666664,30,30,synthetic_complete
mlp213_N1000_K100_H200_nominal_t0p05,5,Lbar,0.292598,30,30,synthetic_complete
mlp213_N1000_K100_H200_nominal_t0p05,1,J_user,-0.6369669861111111,30,30,synthetic_complete
mlp213_N1000_K100_H200_nominal_t0p05,2,J_user,-0.6349677569444444,30,30,synthetic_complete
mlp213_N1000_K100_H200_nominal_t0p05,3,J_user,-0.6305508611111111,30,30,synthetic_complete
mlp213_N1000_K100_H200_nominal_t0p05,4,J_user,-0.6377658055555555,30,30,synthetic_complete
mlp213_N1000_K100_H200_nominal_t0p05,5,J_user,-0.6274279236111111,30,30,synthetic_complete
mlp213_N1000_K100_H200_nominal_t0p05,1,J_network,-63.69669861111111,30,30,synthetic_complete
mlp213_N1000_K100_H200_nominal_t0p05,2,J_network,-63.496775694444445,30,30,synthetic_complete
mlp213_N1000_K100_H200_nominal_t0p05,3,J_network,-63.05508611111111,30,30,synthetic_complete
mlp213_N1000_K100_H200_nominal_t0p05,4,J_network,-63.776580555555554,30,30,synthetic_complete
mlp213_N1000_K100_H200_nominal_t0p05,5,J_network,-62.742792361111114,30,30,synthetic_complete
mlp213_N1000_K100_H800_nominal_t0p05,1,outage_percent,0.8294583333333333,30,30,synthetic_complete
mlp213_N1000_K100_H800_nominal_t0p05,2,outage_percent,0.8567916666666666,30,30,synthetic_complete
mlp213_N1000_K100_H800_nominal_t0p05,3,outage_percent,0.9099583333333333,30,30,synthetic_complete
mlp213_N1000_K100_H800_nominal_t0p05,4,outage_percent,0.8191666666666667,30,30,synthetic_complete
mlp213_N1000_K100_H800_nominal_t0p05,5,outage_percent,0.9499166666666666,30,30,synthetic_complete
mlp213_N1000_K100_H800_nominal_t0p05,1,hof_percent,0.8140472845544592,30,30,synthetic_complete
mlp213_N1000_K100_H800_nominal_t0p05,2,hof_percent,0.838508859983853,30,30,synthetic_complete
mlp213_N1000_K100_H800_nominal_t0p05,3,hof_percent,0.891673768374424,30,30,synthetic_complete
mlp213_N1000_K100_H800_nominal_t0p05,4,hof_percent,0.8025004506096716,30,30,synthetic_complete
mlp213_N1000_K100_H800_nominal_t0p05,5,hof_percent,0.9336503463287325,30,30,synthetic_complete
mlp213_N1000_K100_H800_nominal_t0p05,1,pp_percent,0.22936507936507936,30,30,synthetic_complete
mlp213_N1000_K100_H800_nominal_t0p05,2,pp_percent,0.2349624060150376,30,30,synthetic_complete
mlp213_N1000_K100_H800_nominal_t0p05,3,pp_percent,0.2457393483709273,30,30,synthetic_complete
mlp213_N1000_K100_H800_nominal_t0p05,4,pp_percent,0.2272765246449457,30,30,synthetic_complete
mlp213_N1000_K100_H800_nominal_t0p05,5,pp_percent,0.25421888053467,30,30,synthetic_complete
mlp213_N1000_K100_H800_nominal_t0p05,1,tp_Mbps,200.62098958333334,30,30,synthetic_complete
mlp213_N1000_K100_H800_nominal_t0p05,2,tp_Mbps,200.38696083333332,30,30,synthetic_complete
mlp213_N1000_K100_H800_nominal_t0p05,3,tp_Mbps,199.97750249999999,30,30,synthetic_complete
mlp213_N1000_K100_H800_nominal_t0p05,4,tp_Mbps,200.70996416666668,30,30,synthetic_complete
mlp213_N1000_K100_H800_nominal_t0p05,5,tp_Mbps,199.67260916666666,30,30,synthetic_complete
mlp213_N1000_K100_H800_nominal_t0p05,1,served_p5tp_Mbps,65.96666666666667,30,30,synthetic_complete
mlp213_N1000_K100_H800_nominal_t0p05,2,served_p5tp_Mbps,65.93333333333334,30,30,synthetic_complete
mlp213_N1000_K100_H800_nominal_t0p05,3,served_p5tp_Mbps,65.9,30,30,synthetic_complete
mlp213_N1000_K100_H800_nominal_t0p05,4,served_p5tp_Mbps,65.96666666666667,30,30,synthetic_complete
mlp213_N1000_K100_H800_nominal_t0p05,5,served_p5tp_Mbps,65.86666666666666,30,30,synthetic_complete
mlp213_N1000_K100_H800_nominal_t0p05,1,peak_normalized,0.7789799926913753,30,30,synthetic_complete
mlp213_N1000_K100_H800_nominal_t0p05,2,peak_normalized,0.7796802851603373,30,30,synthetic_complete
mlp213_N1000_K100_H800_nominal_t0p05,3,peak_normalized,0.7665608807279612,30,30,synthetic_complete
mlp213_N1000_K100_H800_nominal_t0p05,4,peak_normalized,0.7772609873945054,30,30,synthetic_complete
mlp213_N1000_K100_H800_nominal_t0p05,5,peak_normalized,0.7696143526561208,30,30,synthetic_complete
mlp213_N1000_K100_H800_nominal_t0p05,1,active_load_variance,0.01525139444055289,30,30,synthetic_complete
mlp213_N1000_K100_H800_nominal_t0p05,2,active_load_variance,0.015229549441277562,30,30,synthetic_complete
mlp213_N1000_K100_H800_nominal_t0p05,3,active_load_variance,0.015180031882500451,30,30,synthetic_complete
mlp213_N1000_K100_H800_nominal_t0p05,4,active_load_variance,0.01524432658105367,30,30,synthetic_complete
mlp213_N1000_K100_H800_nominal_t0p05,5,active_load_variance,0.015166986844413229,30,30,synthetic_complete
mlp213_N1000_K100_H800_nominal_t0p05,1,mse_user_vector,0.030244960375990254,30,30,synthetic_complete
mlp213_N1000_K100_H800_nominal_t0p05,2,mse_user_vector,0.030290010678734307,30,30,synthetic_complete
mlp213_N1000_K100_H800_nominal_t0p05,3,mse_user_vector,0.03185403547167034,30,30,synthetic_complete
mlp213_N1000_K100_H800_nominal_t0p05,4,mse_user_vector,0.030595348219266533,30,30,synthetic_complete
mlp213_N1000_K100_H800_nominal_t0p05,5,mse_user_vector,0.033548193782803375,30,30,synthetic_complete
mlp213_N1000_K100_H800_nominal_t0p05,1,persistence_mse_user_vector,0.028533333333333334,30,30,synthetic_complete
mlp213_N1000_K100_H800_nominal_t0p05,2,persistence_mse_user_vector,0.028746666666666667,30,30,synthetic_complete
mlp213_N1000_K100_H800_nominal_t0p05,3,persistence_mse_user_vector,0.030293333333333335,30,30,synthetic_complete
mlp213_N1000_K100_H800_nominal_t0p05,4,persistence_mse_user_vector,0.028533333333333334,30,30,synthetic_complete
mlp213_N1000_K100_H800_nominal_t0p05,5,persistence_mse_user_vector,0.031093333333333334,30,30,synthetic_complete
mlp213_N1000_K100_H800_nominal_t0p05,1,Cbar,0.025957249999999998,30,30,synthetic_complete
mlp213_N1000_K100_H800_nominal_t0p05,2,Cbar,0.026260333333333333,30,30,synthetic_complete
mlp213_N1000_K100_H800_nominal_t0p05,3,Cbar,0.026772124999999997,30,30,synthetic_complete
mlp213_N1000_K100_H800_nominal_t0p05,4,Cbar,0.025854625,30,30,synthetic_complete
mlp213_N1000_K100_H800_nominal_t0p05,5,Cbar,0.02715233333333333,30,30,synthetic_complete
mlp213_N1000_K100_H800_nominal_t0p05,1,Lbar,0.2933609583333333,30,30,synthetic_complete
mlp213_N1000_K100_H800_nominal_t0p05,2,Lbar,0.293169625,30,30,synthetic_complete
mlp213_N1000_K100_H800_nominal_t0p05,3,Lbar,0.29273904166666664,30,30,synthetic_complete
mlp213_N1000_K100_H800_nominal_t0p05,4,Lbar,0.29336475,30,30,synthetic_complete
mlp213_N1000_K100_H800_nominal_t0p05,5,Lbar,0.29252,30,30,synthetic_complete
mlp213_N1000_K100_H800_nominal_t0p05,1,J_user,-0.6347887690972221,30,30,synthetic_complete
mlp213_N1000_K100_H800_nominal_t0p05,2,J_user,-0.6323911076388888,30,30,synthetic_complete
mlp213_N1000_K100_H800_nominal_t0p05,3,J_user,-0.62798609375,30,30,synthetic_complete
mlp213_N1000_K100_H800_nominal_t0p05,4,J_user,-0.6357234965277778,30,30,synthetic_complete
mlp213_N1000_K100_H800_nominal_t0p05,5,J_user,-0.6246372048611112,30,30,synthetic_complete
mlp213_N1000_K100_H800_nominal_t0p05,1,J_network,-63.47887690972222,30,30,synthetic_complete
mlp213_N1000_K100_H800_nominal_t0p05,2,J_network,-63.23911076388889,30,30,synthetic_complete
mlp213_N1000_K100_H800_nominal_t0p05,3,J_network,-62.798609375,30,30,synthetic_complete
mlp213_N1000_K100_H800_nominal_t0p05,4,J_network,-63.57234965277778,30,30,synthetic_complete
mlp213_N1000_K100_H800_nominal_t0p05,5,J_network,-62.463720486111114,30,30,synthetic_complete
mlp213_N2000_K100_H50_nominal_t0p05,1,outage_percent,0.8706666666666667,30,30,synthetic_complete
mlp213_N2000_K100_H50_nominal_t0p05,2,outage_percent,0.8613333333333333,30,30,synthetic_complete
mlp213_N2000_K100_H50_nominal_t0p05,3,outage_percent,0.74,30,30,synthetic_complete
mlp213_N2000_K100_H50_nominal_t0p05,4,outage_percent,0.7966666666666666,30,30,synthetic_complete
mlp213_N2000_K100_H50_nominal_t0p05,5,outage_percent,0.7553333333333333,30,30,synthetic_complete
mlp213_N2000_K100_H50_nominal_t0p05,1,hof_percent,0.8381857345866152,30,30,synthetic_complete
mlp213_N2000_K100_H50_nominal_t0p05,2,hof_percent,0.842308880446712,30,30,synthetic_complete
mlp213_N2000_K100_H50_nominal_t0p05,3,hof_percent,0.7626715903930049,30,30,synthetic_complete
mlp213_N2000_K100_H50_nominal_t0p05,4,hof_percent,0.8043140015774091,30,30,synthetic_complete
mlp213_N2000_K100_H50_nominal_t0p05,5,hof_percent,0.7915489787165241,30,30,synthetic_complete
mlp213_N2000_K100_H50_nominal_t0p05,1,pp_percent,0.23680555555555555,30,30,synthetic_complete
mlp213_N2000_K100_H50_nominal_t0p05,2,pp_percent,0.23472222222222222,30,30,synthetic_complete
mlp213_N2000_K100_H50_nominal_t0p05,3,pp_percent,0.21041666666666667,30,30,synthetic_complete
mlp213_N2000_K100_H50_nominal_t0p05,4,pp_percent,0.22152777777777777,30,30,synthetic_complete
mlp213_N2000_K100_H50_nominal_t0p05,5,pp_percent,0.2125,30,30,synthetic_complete
mlp213_N2000_K100_H50_nominal_t0p05,1,tp_Mbps,200.66042666666667,30,30,synthetic_complete
mlp213_N2000_K100_H50_nominal_t0p05,2,tp_Mbps,200.74187333333333,30,30,synthetic_complete
mlp213_N2000_K100_H50_nominal_t0p05,3,tp_Mbps,201.76319333333333,30,30,synthetic_complete
mlp213_N2000_K100_H50_nominal_t0p05,4,tp_Mbps,201.25335333333334,30,30,synthetic_complete
mlp213_N2000_K100_H50_nominal_t0p05,5,tp_Mbps,201.60762666666668,30,30,synthetic_complete
mlp213_N2000_K100_H50_nominal_t0p05,1,served_p5tp_Mbps,56.51000000000007,30,30,synthetic_complete
mlp213_N2000_K100_H50_nominal_t0p05,2,served_p5tp_Mbps,56.61000000000009,30,30,synthetic_complete
mlp213_N2000_K100_H50_nominal_t0p05,3,served_p5tp_Mbps,58.02666666666671,30,30,synthetic_complete
mlp213_N2000_K100_H50_nominal_t0p05,4,served_p5tp_Mbps,57.24333333333337,30,30,synthetic_complete
mlp213_N2000_K100_H50_nominal_t0p05,5,served_p5tp_Mbps,57.72333333333341,30,30,synthetic_complete
mlp213_N2000_K100_H50_nominal_t0p05,1,peak_normalized,0.527280536919899,30,30,synthetic_complete
mlp213_N2000_K100_H50_nominal_t0p05,2,peak_normalized,0.527280536919899,30,30,synthetic_complete
mlp213_N2000_K100_H50_nominal_t0p05,3,peak_normalized,0.5194214517168153,30,30,synthetic_complete
mlp213_N2000_K100_H50_nominal_t0p05,4,peak_normalized,0.5292830669438563,30,30,synthetic_complete
mlp213_N2000_K100_H50_nominal_t0p05,5,peak_normalized,0.5230074636650032,30,30,synthetic_complete
mlp213_N2000_K100_H50_nominal_t0p05,1,active_load_variance,0.009346623635492905,30,30,synthetic_complete
mlp213_N2000_K100_H50_nominal_t0p05,2,active_load_variance,0.009325335476707657,30,30,synthetic_complete
mlp213_N2000_K100_H50_nominal_t0p05,3,active_load_variance,0.0093459171153952,30,30,synthetic_complete
mlp213_N2000_K100_H50_nominal_t0p05,4,active_load_variance,0.009368897504627187,30,30,synthetic_complete
mlp213_N2000_K100_H50_nominal_t0p05,5,active_load_variance,0.009341949039566241,30,30,synthetic_complete
mlp213_N2000_K100_H50_nominal_t0p05,1,mse_user_vector,0.02212963779720712,30,30,synthetic_complete
mlp213_N2000_K100_H50_nominal_t0p05,2,mse_user_vector,0.02205491299406759,30,30,synthetic_complete
mlp213_N2000_K100_H50_nominal_t0p05,3,mse_user_vector,0.02157827247439789,30,30,synthetic_complete
mlp213_N2000_K100_H50_nominal_t0p05,4,mse_user_vector,0.021999659184282008,30,30,synthetic_complete
mlp213_N2000_K100_H50_nominal_t0p05,5,mse_user_vector,0.021824254093960084,30,30,synthetic_complete
mlp213_N2000_K100_H50_nominal_t0p05,1,persistence_mse_user_vector,0.02036,30,30,synthetic_complete
mlp213_N2000_K100_H50_nominal_t0p05,2,persistence_mse_user_vector,0.02034,30,30,synthetic_complete
mlp213_N2000_K100_H50_nominal_t0p05,3,persistence_mse_user_vector,0.019793333333333333,30,30,synthetic_complete
mlp213_N2000_K100_H50_nominal_t0p05,4,persistence_mse_user_vector,0.02017,30,30,synthetic_complete
mlp213_N2000_K100_H50_nominal_t0p05,5,persistence_mse_user_vector,0.019753333333333335,30,30,synthetic_complete
mlp213_N2000_K100_H50_nominal_t0p05,1,Cbar,0.026264666666666665,30,30,synthetic_complete
mlp213_N2000_K100_H50_nominal_t0p05,2,Cbar,0.026133999999999998,30,30,synthetic_complete
mlp213_N2000_K100_H50_nominal_t0p05,3,Cbar,0.024802,30,30,synthetic_complete
mlp213_N2000_K100_H50_nominal_t0p05,4,Cbar,0.025407333333333334,30,30,synthetic_complete
mlp213_N2000_K100_H50_nominal_t0p05,5,Cbar,0.024961333333333332,30,30,synthetic_complete
mlp213_N2000_K100_H50_nominal_t0p05,1,Lbar,0.23018933333333333,30,30,synthetic_complete
mlp213_N2000_K100_H50_nominal_t0p05,2,Lbar,0.230096,30,30,synthetic_complete
mlp213_N2000_K100_H50_nominal_t0p05,3,Lbar,0.23089733333333334,30,30,synthetic_complete
mlp213_N2000_K100_H50_nominal_t0p05,4,Lbar,0.230714,30,30,synthetic_complete
mlp213_N2000_K100_H50_nominal_t0p05,5,Lbar,0.230786,30,30,synthetic_complete
mlp213_N2000_K100_H50_nominal_t0p05,1,J_user,-0.6643247777777778,30,30,synthetic_complete
mlp213_N2000_K100_H50_nominal_t0p05,2,J_user,-0.6652428055555555,30,30,synthetic_complete
mlp213_N2000_K100_H50_nominal_t0p05,3,J_user,-0.6758303055555556,30,30,synthetic_complete
mlp213_N2000_K100_H50_nominal_t0p05,4,J_user,-0.6706616388888889,30,30,synthetic_complete
mlp213_N2000_K100_H50_nominal_t0p05,5,J_user,-0.6743914444444444,30,30,synthetic_complete
mlp213_N2000_K100_H50_nominal_t0p05,1,J_network,-66.43247777777778,30,30,synthetic_complete
mlp213_N2000_K100_H50_nominal_t0p05,2,J_network,-66.52428055555555,30,30,synthetic_complete
mlp213_N2000_K100_H50_nominal_t0p05,3,J_network,-67.58303055555555,30,30,synthetic_complete
mlp213_N2000_K100_H50_nominal_t0p05,4,J_network,-67.0661638888889,30,30,synthetic_complete
mlp213_N2000_K100_H50_nominal_t0p05,5,J_network,-67.43914444444445,30,30,synthetic_complete
mlp213_N2000_K100_H200_nominal_t0p05,1,outage_percent,0.8831666666666667,30,30,synthetic_complete
mlp213_N2000_K100_H200_nominal_t0p05,2,outage_percent,0.8731666666666666,30,30,synthetic_complete
mlp213_N2000_K100_H200_nominal_t0p05,3,outage_percent,0.7476666666666667,30,30,synthetic_complete
mlp213_N2000_K100_H200_nominal_t0p05,4,outage_percent,0.8089999999999999,30,30,synthetic_complete
mlp213_N2000_K100_H200_nominal_t0p05,5,outage_percent,0.765,30,30,synthetic_complete
mlp213_N2000_K100_H200_nominal_t0p05,1,hof_percent,0.8990171677981379,30,30,synthetic_complete
mlp213_N2000_K100_H200_nominal_t0p05,2,hof_percent,0.8947623918440425,30,30,synthetic_complete
mlp213_N2000_K100_H200_nominal_t0p05,3,hof_percent,0.754385472572511,30,30,synthetic_complete
mlp213_N2000_K100_H200_nominal_t0p05,4,hof_percent,0.8185176413762949,30,30,synthetic_complete
mlp213_N2000_K100_H200_nominal_t0p05,5,hof_percent,0.773397479636517,30,30,synthetic_complete
mlp213_N2000_K100_H200_nominal_t0p05,1,pp_percent,0.24023569023569025,30,30,synthetic_complete
mlp213_N2000_K100_H200_nominal_t0p05,2,pp_percent,0.23737373737373738,30,30,synthetic_complete
mlp213_N2000_K100_H200_nominal_t0p05,3,pp_percent,0.21784511784511784,30,30,synthetic_complete
mlp213_N2000_K100_H200_nominal_t0p05,4,pp_percent,0.22777777777777777,30,30,synthetic_complete
mlp213_N2000_K100_H200_nominal_t0p05,5,pp_percent,0.22205387205387206,30,30,synthetic_complete
mlp213_N2000_K100_H200_nominal_t0p05,1,tp_Mbps,200.61748,30,30,synthetic_complete
mlp213_N2000_K100_H200_nominal_t0p05,2,tp_Mbps,200.698755,30,30,synthetic_complete
mlp213_N2000_K100_H200_nominal_t0p05,3,tp_Mbps,201.73715666666666,30,30,synthetic_complete
mlp213_N2000_K100_H200_nominal_t0p05,4,tp_Mbps,201.211035,30,30,synthetic_complete
mlp213_N2000_K100_H200_nominal_t0p05,5,tp_Mbps,201.579395,30,30,synthetic_complete
mlp213_N2000_K100_H200_nominal_t0p05,1,served_p5tp_Mbps,59.97833333333333,30,30,synthetic_complete
mlp213_N2000_K100_H200_nominal_t0p05,2,served_p5tp_Mbps,59.30166666666667,30,30,synthetic_complete
mlp213_N2000_K100_H200_nominal_t0p05,3,served_p5tp_Mbps,60.036666666666676,30,30,synthetic_complete
mlp213_N2000_K100_H200_nominal_t0p05,4,served_p5tp_Mbps,58.74666666666686,30,30,synthetic_complete
mlp213_N2000_K100_H200_nominal_t0p05,5,served_p5tp_Mbps,60.010000000000005,30,30,synthetic_complete
mlp213_N2000_K100_H200_nominal_t0p05,1,peak_normalized,0.6066522262598969,30,30,synthetic_complete
mlp213_N2000_K100_H200_nominal_t0p05,2,peak_normalized,0.604780531420129,30,30,synthetic_complete
mlp213_N2000_K100_H200_nominal_t0p05,3,peak_normalized,0.6034162578458155,30,30,synthetic_complete
mlp213_N2000_K100_H200_nominal_t0p05,4,peak_normalized,0.604537770974775,30,30,synthetic_complete
mlp213_N2000_K100_H200_nominal_t0p05,5,peak_normalized,0.6022292917862241,30,30,synthetic_complete
mlp213_N2000_K100_H200_nominal_t0p05,1,active_load_variance,0.009304668234600822,30,30,synthetic_complete
mlp213_N2000_K100_H200_nominal_t0p05,2,active_load_variance,0.009281902943430308,30,30,synthetic_complete
mlp213_N2000_K100_H200_nominal_t0p05,3,active_load_variance,0.00928469380680093,30,30,synthetic_complete
mlp213_N2000_K100_H200_nominal_t0p05,4,active_load_variance,0.009293036955638118,30,30,synthetic_complete
mlp213_N2000_K100_H200_nominal_t0p05,5,active_load_variance,0.009262387144575886,30,30,synthetic_complete
mlp213_N2000_K100_H200_nominal_t0p05,1,mse_user_vector,0.022192156481677026,30,30,synthetic_complete
mlp213_N2000_K100_H200_nominal_t0p05,2,mse_user_vector,0.021270057834623837,30,30,synthetic_complete
mlp213_N2000_K100_H200_nominal_t0p05,3,mse_user_vector,0.020012535918578447,30,30,synthetic_complete
mlp213_N2000_K100_H200_nominal_t0p05,4,mse_user_vector,0.02052662372010628,30,30,synthetic_complete
mlp213_N2000_K100_H200_nominal_t0p05,5,mse_user_vector,0.02050652950971731,30,30,synthetic_complete
mlp213_N2000_K100_H200_nominal_t0p05,1,persistence_mse_user_vector,0.01993666666666667,30,30,synthetic_complete
mlp213_N2000_K100_H200_nominal_t0p05,2,persistence_mse_user_vector,0.019723333333333336,30,30,synthetic_complete
mlp213_N2000_K100_H200_nominal_t0p05,3,persistence_mse_user_vector,0.01873,30,30,synthetic_complete
mlp213_N2000_K100_H200_nominal_t0p05,4,persistence_mse_user_vector,0.019283333333333336,30,30,synthetic_complete
mlp213_N2000_K100_H200_nominal_t0p05,5,persistence_mse_user_vector,0.01882666666666667,30,30,synthetic_complete
mlp213_N2000_K100_H200_nominal_t0p05,1,Cbar,0.026919333333333333,30,30,synthetic_complete
mlp213_N2000_K100_H200_nominal_t0p05,2,Cbar,0.026808333333333333,30,30,synthetic_complete
mlp213_N2000_K100_H200_nominal_t0p05,3,Cbar,0.025521833333333334,30,30,synthetic_complete
mlp213_N2000_K100_H200_nominal_t0p05,4,Cbar,0.026168833333333332,30,30,synthetic_complete
mlp213_N2000_K100_H200_nominal_t0p05,5,Cbar,0.0257245,30,30,synthetic_complete
mlp213_N2000_K100_H200_nominal_t0p05,1,Lbar,0.23031783333333333,30,30,synthetic_complete
mlp213_N2000_K100_H200_nominal_t0p05,2,Lbar,0.23024416666666667,30,30,synthetic_complete
mlp213_N2000_K100_H200_nominal_t0p05,3,Lbar,0.23084366666666667,30,30,synthetic_complete
mlp213_N2000_K100_H200_nominal_t0p05,4,Lbar,0.23063133333333333,30,30,synthetic_complete
mlp213_N2000_K100_H200_nominal_t0p05,5,Lbar,0.23061533333333334,30,30,synthetic_complete
mlp213_N2000_K100_H200_nominal_t0p05,1,J_user,-0.66312925,30,30,synthetic_complete
mlp213_N2000_K100_H200_nominal_t0p05,2,J_user,-0.6640602291666666,30,30,synthetic_complete
mlp213_N2000_K100_H200_nominal_t0p05,3,J_user,-0.6750054027777778,30,30,synthetic_complete
mlp213_N2000_K100_H200_nominal_t0p05,4,J_user,-0.6695292291666667,30,30,synthetic_complete
mlp213_N2000_K100_H200_nominal_t0p05,5,J_user,-0.6734942291666667,30,30,synthetic_complete
mlp213_N2000_K100_H200_nominal_t0p05,1,J_network,-66.31292499999999,30,30,synthetic_complete
mlp213_N2000_K100_H200_nominal_t0p05,2,J_network,-66.40602291666667,30,30,synthetic_complete
mlp213_N2000_K100_H200_nominal_t0p05,3,J_network,-67.50054027777777,30,30,synthetic_complete
mlp213_N2000_K100_H200_nominal_t0p05,4,J_network,-66.95292291666667,30,30,synthetic_complete
mlp213_N2000_K100_H200_nominal_t0p05,5,J_network,-67.34942291666667,30,30,synthetic_complete
mlp213_N2000_K100_H800_nominal_t0p05,1,outage_percent,0.96025,30,30,synthetic_complete
mlp213_N2000_K100_H800_nominal_t0p05,2,outage_percent,0.9491666666666666,30,30,synthetic_complete
mlp213_N2000_K100_H800_nominal_t0p05,3,outage_percent,0.813125,30,30,synthetic_complete
mlp213_N2000_K100_H800_nominal_t0p05,4,outage_percent,0.8814583333333333,30,30,synthetic_complete
mlp213_N2000_K100_H800_nominal_t0p05,5,outage_percent,0.8329166666666666,30,30,synthetic_complete
mlp213_N2000_K100_H800_nominal_t0p05,1,hof_percent,0.9838669255124453,30,30,synthetic_complete
mlp213_N2000_K100_H800_nominal_t0p05,2,hof_percent,0.9750041480350552,30,30,synthetic_complete
mlp213_N2000_K100_H800_nominal_t0p05,3,hof_percent,0.8355003196627027,30,30,synthetic_complete
mlp213_N2000_K100_H800_nominal_t0p05,4,hof_percent,0.9045538994777914,30,30,synthetic_complete
mlp213_N2000_K100_H800_nominal_t0p05,5,hof_percent,0.8583625866406468,30,30,synthetic_complete
mlp213_N2000_K100_H800_nominal_t0p05,1,pp_percent,0.2419799498746867,30,30,synthetic_complete
mlp213_N2000_K100_H800_nominal_t0p05,2,pp_percent,0.24047619047619045,30,30,synthetic_complete
mlp213_N2000_K100_H800_nominal_t0p05,3,pp_percent,0.21854636591478696,30,30,synthetic_complete
mlp213_N2000_K100_H800_nominal_t0p05,4,pp_percent,0.22894736842105262,30,30,synthetic_complete
mlp213_N2000_K100_H800_nominal_t0p05,5,pp_percent,0.22213868003341686,30,30,synthetic_complete
mlp213_N2000_K100_H800_nominal_t0p05,1,tp_Mbps,200.51524791666668,30,30,synthetic_complete
mlp213_N2000_K100_H800_nominal_t0p05,2,tp_Mbps,200.59499583333334,30,30,synthetic_complete
mlp213_N2000_K100_H800_nominal_t0p05,3,tp_Mbps,201.65488166666665,30,30,synthetic_complete
mlp213_N2000_K100_H800_nominal_t0p05,4,tp_Mbps,201.11551333333333,30,30,synthetic_complete
mlp213_N2000_K100_H800_nominal_t0p05,5,tp_Mbps,201.49054999999998,30,30,synthetic_complete
mlp213_N2000_K100_H800_nominal_t0p05,1,served_p5tp_Mbps,59.785000000000004,30,30,synthetic_complete
mlp213_N2000_K100_H800_nominal_t0p05,2,served_p5tp_Mbps,59.77166666666668,30,30,synthetic_complete
mlp213_N2000_K100_H800_nominal_t0p05,3,served_p5tp_Mbps,59.826666666666675,30,30,synthetic_complete
mlp213_N2000_K100_H800_nominal_t0p05,4,served_p5tp_Mbps,59.826666666666675,30,30,synthetic_complete
mlp213_N2000_K100_H800_nominal_t0p05,5,served_p5tp_Mbps,59.833333333333336,30,30,synthetic_complete
mlp213_N2000_K100_H800_nominal_t0p05,1,peak_normalized,0.6667119865282229,30,30,synthetic_complete
mlp213_N2000_K100_H800_nominal_t0p05,2,peak_normalized,0.665374567739183,30,30,synthetic_complete
mlp213_N2000_K100_H800_nominal_t0p05,3,peak_normalized,0.6678121954790086,30,30,synthetic_complete
mlp213_N2000_K100_H800_nominal_t0p05,4,peak_normalized,0.6740624735881352,30,30,synthetic_complete
mlp213_N2000_K100_H800_nominal_t0p05,5,peak_normalized,0.6692620786794405,30,30,synthetic_complete
mlp213_N2000_K100_H800_nominal_t0p05,1,active_load_variance,0.009327598214081375,30,30,synthetic_complete
mlp213_N2000_K100_H800_nominal_t0p05,2,active_load_variance,0.009328908268553995,30,30,synthetic_complete
mlp213_N2000_K100_H800_nominal_t0p05,3,active_load_variance,0.00933878393560607,30,30,synthetic_complete
mlp213_N2000_K100_H800_nominal_t0p05,4,active_load_variance,0.00933954650926821,30,30,synthetic_complete
mlp213_N2000_K100_H800_nominal_t0p05,5,active_load_variance,0.009323856813041098,30,30,synthetic_complete
mlp213_N2000_K100_H800_nominal_t0p05,1,mse_user_vector,0.021748029500437728,30,30,synthetic_complete
mlp213_N2000_K100_H800_nominal_t0p05,2,mse_user_vector,0.021725742067256398,30,30,synthetic_complete
mlp213_N2000_K100_H800_nominal_t0p05,3,mse_user_vector,0.020989645332298735,30,30,synthetic_complete
mlp213_N2000_K100_H800_nominal_t0p05,4,mse_user_vector,0.021299094675967987,30,30,synthetic_complete
mlp213_N2000_K100_H800_nominal_t0p05,5,mse_user_vector,0.02103231230594969,30,30,synthetic_complete
mlp213_N2000_K100_H800_nominal_t0p05,1,persistence_mse_user_vector,0.02000666666666667,30,30,synthetic_complete
mlp213_N2000_K100_H800_nominal_t0p05,2,persistence_mse_user_vector,0.019966666666666667,30,30,synthetic_complete
mlp213_N2000_K100_H800_nominal_t0p05,3,persistence_mse_user_vector,0.019293333333333336,30,30,synthetic_complete
mlp213_N2000_K100_H800_nominal_t0p05,4,persistence_mse_user_vector,0.019696666666666668,30,30,synthetic_complete
mlp213_N2000_K100_H800_nominal_t0p05,5,persistence_mse_user_vector,0.019440000000000002,30,30,synthetic_complete
mlp213_N2000_K100_H800_nominal_t0p05,1,Cbar,0.026993166666666665,30,30,synthetic_complete
mlp213_N2000_K100_H800_nominal_t0p05,2,Cbar,0.026891416666666664,30,30,synthetic_complete
mlp213_N2000_K100_H800_nominal_t0p05,3,Cbar,0.025598125,30,30,synthetic_complete
mlp213_N2000_K100_H800_nominal_t0p05,4,Cbar,0.02625,30,30,synthetic_complete
mlp213_N2000_K100_H800_nominal_t0p05,5,Cbar,0.025797416666666666,30,30,synthetic_complete
mlp213_N2000_K100_H800_nominal_t0p05,1,Lbar,0.2304215,30,30,synthetic_complete
mlp213_N2000_K100_H800_nominal_t0p05,2,Lbar,0.23048766666666667,30,30,synthetic_complete
mlp213_N2000_K100_H800_nominal_t0p05,3,Lbar,0.231024625,30,30,synthetic_complete
mlp213_N2000_K100_H800_nominal_t0p05,4,Lbar,0.23081545833333333,30,30,synthetic_complete
mlp213_N2000_K100_H800_nominal_t0p05,5,Lbar,0.23087158333333332,30,30,synthetic_complete
mlp213_N2000_K100_H800_nominal_t0p05,1,J_user,-0.6587603663194445,30,30,synthetic_complete
mlp213_N2000_K100_H800_nominal_t0p05,2,J_user,-0.6596646076388889,30,30,synthetic_complete
mlp213_N2000_K100_H800_nominal_t0p05,3,J_user,-0.6712610486111111,30,30,synthetic_complete
mlp213_N2000_K100_H800_nominal_t0p05,4,J_user,-0.6653756597222222,30,30,synthetic_complete
mlp213_N2000_K100_H800_nominal_t0p05,5,J_user,-0.669563625,30,30,synthetic_complete
mlp213_N2000_K100_H800_nominal_t0p05,1,J_network,-65.87603663194444,30,30,synthetic_complete
mlp213_N2000_K100_H800_nominal_t0p05,2,J_network,-65.96646076388889,30,30,synthetic_complete
mlp213_N2000_K100_H800_nominal_t0p05,3,J_network,-67.12610486111112,30,30,synthetic_complete
mlp213_N2000_K100_H800_nominal_t0p05,4,J_network,-66.53756597222223,30,30,synthetic_complete
mlp213_N2000_K100_H800_nominal_t0p05,5,J_network,-66.9563625,30,30,synthetic_complete
mlp213_N2000_K200_H200_nominal_t0p05,1,outage_percent,1.2665833333333334,30,30,synthetic_complete
mlp213_N2000_K200_H200_nominal_t0p05,2,outage_percent,1.2536666666666667,30,30,synthetic_complete
mlp213_N2000_K200_H200_nominal_t0p05,3,outage_percent,1.07925,30,30,synthetic_complete
mlp213_N2000_K200_H200_nominal_t0p05,4,outage_percent,1.1625833333333333,30,30,synthetic_complete
mlp213_N2000_K200_H200_nominal_t0p05,5,outage_percent,1.1041666666666667,30,30,synthetic_complete
mlp213_N2000_K200_H200_nominal_t0p05,1,hof_percent,1.2763462431796497,30,30,synthetic_complete
mlp213_N2000_K200_H200_nominal_t0p05,2,hof_percent,1.2678525816842097,30,30,synthetic_complete
mlp213_N2000_K200_H200_nominal_t0p05,3,hof_percent,1.078307858928302,30,30,synthetic_complete
mlp213_N2000_K200_H200_nominal_t0p05,4,hof_percent,1.1781632998648441,30,30,synthetic_complete
mlp213_N2000_K200_H200_nominal_t0p05,5,hof_percent,1.108738411425487,30,30,synthetic_complete
mlp213_N2000_K200_H200_nominal_t0p05,1,pp_percent,0.23872053872053872,30,30,synthetic_complete
mlp213_N2000_K200_H200_nominal_t0p05,2,pp_percent,0.23619528619528618,30,30,synthetic_complete
mlp213_N2000_K200_H200_nominal_t0p05,3,pp_percent,0.21506734006734007,30,30,synthetic_complete
mlp213_N2000_K200_H200_nominal_t0p05,4,pp_percent,0.22584175084175084,30,30,synthetic_complete
mlp213_N2000_K200_H200_nominal_t0p05,5,pp_percent,0.21868686868686868,30,30,synthetic_complete
mlp213_N2000_K200_H200_nominal_t0p05,1,tp_Mbps,195.97183833333332,30,30,synthetic_complete
mlp213_N2000_K200_H200_nominal_t0p05,2,tp_Mbps,196.0595375,30,30,synthetic_complete
mlp213_N2000_K200_H200_nominal_t0p05,3,tp_Mbps,197.18697583333335,30,30,synthetic_complete
mlp213_N2000_K200_H200_nominal_t0p05,4,tp_Mbps,196.624665,30,30,synthetic_complete
mlp213_N2000_K200_H200_nominal_t0p05,5,tp_Mbps,197.01018833333333,30,30,synthetic_complete
mlp213_N2000_K200_H200_nominal_t0p05,1,served_p5tp_Mbps,54.528333333333336,30,30,synthetic_complete
mlp213_N2000_K200_H200_nominal_t0p05,2,served_p5tp_Mbps,54.53333333333333,30,30,synthetic_complete
mlp213_N2000_K200_H200_nominal_t0p05,3,served_p5tp_Mbps,54.53333333333333,30,30,synthetic_complete
mlp213_N2000_K200_H200_nominal_t0p05,4,served_p5tp_Mbps,54.56000000000001,30,30,synthetic_complete
mlp213_N2000_K200_H200_nominal_t0p05,5,served_p5tp_Mbps,54.53333333333333,30,30,synthetic_complete
mlp213_N2000_K200_H200_nominal_t0p05,1,peak_normalized,0.8581485924557848,30,30,synthetic_complete
mlp213_N2000_K200_H200_nominal_t0p05,2,peak_normalized,0.8604836930307012,30,30,synthetic_complete
mlp213_N2000_K200_H200_nominal_t0p05,3,peak_normalized,0.8648326048963777,30,30,synthetic_complete
mlp213_N2000_K200_H200_nominal_t0p05,4,peak_normalized,0.8652732741143758,30,30,synthetic_complete
mlp213_N2000_K200_H200_nominal_t0p05,5,peak_normalized,0.8665507892629444,30,30,synthetic_complete
mlp213_N2000_K200_H200_nominal_t0p05,1,active_load_variance,0.0226225993034152,30,30,synthetic_complete
mlp213_N2000_K200_H200_nominal_t0p05,2,active_load_variance,0.02257674117686867,30,30,synthetic_complete
mlp213_N2000_K200_H200_nominal_t0p05,3,active_load_variance,0.022545400335861093,30,30,synthetic_complete
mlp213_N2000_K200_H200_nominal_t0p05,4,active_load_variance,0.022566043886533202,30,30,synthetic_complete
mlp213_N2000_K200_H200_nominal_t0p05,5,active_load_variance,0.022594700443361128,30,30,synthetic_complete
mlp213_N2000_K200_H200_nominal_t0p05,1,mse_user_vector,0.043229926612672255,30,30,synthetic_complete
mlp213_N2000_K200_H200_nominal_t0p05,2,mse_user_vector,0.04219563699483064,30,30,synthetic_complete
mlp213_N2000_K200_H200_nominal_t0p05,3,mse_user_vector,0.03903312916424204,30,30,synthetic_complete
mlp213_N2000_K200_H200_nominal_t0p05,4,mse_user_vector,0.04023487639178103,30,30,synthetic_complete
mlp213_N2000_K200_H200_nominal_t0p05,5,mse_user_vector,0.0394581177942355,30,30,synthetic_complete
mlp213_N2000_K200_H200_nominal_t0p05,1,persistence_mse_user_vector,0.040176666666666666,30,30,synthetic_complete
mlp213_N2000_K200_H200_nominal_t0p05,2,persistence_mse_user_vector,0.03981666666666667,30,30,synthetic_complete
mlp213_N2000_K200_H200_nominal_t0p05,3,persistence_mse_user_vector,0.037226666666666665,30,30,synthetic_complete
mlp213_N2000_K200_H200_nominal_t0p05,4,persistence_mse_user_vector,0.03884833333333333,30,30,synthetic_complete
mlp213_N2000_K200_H200_nominal_t0p05,5,persistence_mse_user_vector,0.0378,30,30,synthetic_complete
mlp213_N2000_K200_H200_nominal_t0p05,1,Cbar,0.026716249999999997,30,30,synthetic_complete
mlp213_N2000_K200_H200_nominal_t0p05,2,Cbar,0.026611916666666666,30,30,synthetic_complete
mlp213_N2000_K200_H200_nominal_t0p05,3,Cbar,0.025349,30,30,synthetic_complete
mlp213_N2000_K200_H200_nominal_t0p05,4,Cbar,0.025981249999999997,30,30,synthetic_complete
mlp213_N2000_K200_H200_nominal_t0p05,5,Cbar,0.025552916666666665,30,30,synthetic_complete
mlp213_N2000_K200_H200_nominal_t0p05,1,Lbar,0.3606365833333333,30,30,synthetic_complete
mlp213_N2000_K200_H200_nominal_t0p05,2,Lbar,0.360541,30,30,synthetic_complete
mlp213_N2000_K200_H200_nominal_t0p05,3,Lbar,0.36138675,30,30,synthetic_complete
mlp213_N2000_K200_H200_nominal_t0p05,4,Lbar,0.36096391666666666,30,30,synthetic_complete
mlp213_N2000_K200_H200_nominal_t0p05,5,Lbar,0.361399,30,30,synthetic_complete
mlp213_N2000_K200_H200_nominal_t0p05,1,J_user,-0.5595437430555555,30,30,synthetic_complete
mlp213_N2000_K200_H200_nominal_t0p05,2,J_user,-0.5606549479166667,30,30,synthetic_complete
mlp213_N2000_K200_H200_nominal_t0p05,3,J_user,-0.5742820243055555,30,30,synthetic_complete
mlp213_N2000_K200_H200_nominal_t0p05,4,J_user,-0.5676676875,30,30,synthetic_complete
mlp213_N2000_K200_H200_nominal_t0p05,5,J_user,-0.5721914930555555,30,30,synthetic_complete
mlp213_N2000_K200_H200_nominal_t0p05,1,J_network,-111.90874861111111,30,30,synthetic_complete
mlp213_N2000_K200_H200_nominal_t0p05,2,J_network,-112.13098958333333,30,30,synthetic_complete
mlp213_N2000_K200_H200_nominal_t0p05,3,J_network,-114.85640486111112,30,30,synthetic_complete
mlp213_N2000_K200_H200_nominal_t0p05,4,J_network,-113.5335375,30,30,synthetic_complete
mlp213_N2000_K200_H200_nominal_t0p05,5,J_network,-114.43829861111111,30,30,synthetic_complete
mlp213_N2000_K300_H200_nominal_t0p05,1,outage_percent,1.8486111111111112,30,30,synthetic_complete
mlp213_N2000_K300_H200_nominal_t0p05,2,outage_percent,1.8294444444444444,30,30,synthetic_complete
mlp213_N2000_K300_H200_nominal_t0p05,3,outage_percent,1.575,30,30,synthetic_complete
mlp213_N2000_K300_H200_nominal_t0p05,4,outage_percent,1.6960555555555556,30,30,synthetic_complete
mlp213_N2000_K300_H200_nominal_t0p05,5,outage_percent,1.6149444444444445,30,30,synthetic_complete
mlp213_N2000_K300_H200_nominal_t0p05,1,hof_percent,1.8771533836828698,30,30,synthetic_complete
mlp213_N2000_K300_H200_nominal_t0p05,2,hof_percent,1.859716114475783,30,30,synthetic_complete
mlp213_N2000_K300_H200_nominal_t0p05,3,hof_percent,1.6139478738404658,30,30,synthetic_complete
mlp213_N2000_K300_H200_nominal_t0p05,4,hof_percent,1.7346115031605422,30,30,synthetic_complete
mlp213_N2000_K300_H200_nominal_t0p05,5,hof_percent,1.655318155136391,30,30,synthetic_complete
mlp213_N2000_K300_H200_nominal_t0p05,1,pp_percent,0.23423120089786756,30,30,synthetic_complete
mlp213_N2000_K300_H200_nominal_t0p05,2,pp_percent,0.23226711560044894,30,30,synthetic_complete
mlp213_N2000_K300_H200_nominal_t0p05,3,pp_percent,0.2111672278338945,30,30,synthetic_complete
mlp213_N2000_K300_H200_nominal_t0p05,4,pp_percent,0.22171717171717173,30,30,synthetic_complete
mlp213_N2000_K300_H200_nominal_t0p05,5,pp_percent,0.21503928170594838,30,30,synthetic_complete
mlp213_N2000_K300_H200_nominal_t0p05,1,tp_Mbps,191.59321,30,30,synthetic_complete
mlp213_N2000_K300_H200_nominal_t0p05,2,tp_Mbps,191.6900361111111,30,30,synthetic_complete
mlp213_N2000_K300_H200_nominal_t0p05,3,tp_Mbps,192.96490277777778,30,30,synthetic_complete
mlp213_N2000_K300_H200_nominal_t0p05,4,tp_Mbps,192.3340638888889,30,30,synthetic_complete
mlp213_N2000_K300_H200_nominal_t0p05,5,tp_Mbps,192.76270166666666,30,30,synthetic_complete
mlp213_N2000_K300_H200_nominal_t0p05,1,served_p5tp_Mbps,57.46666666666667,30,30,synthetic_complete
mlp213_N2000_K300_H200_nominal_t0p05,2,served_p5tp_Mbps,57.46666666666667,30,30,synthetic_complete
mlp213_N2000_K300_H200_nominal_t0p05,3,served_p5tp_Mbps,57.5,30,30,synthetic_complete
mlp213_N2000_K300_H200_nominal_t0p05,4,served_p5tp_Mbps,57.5,30,30,synthetic_complete
mlp213_N2000_K300_H200_nominal_t0p05,5,served_p5tp_Mbps,57.46666666666667,30,30,synthetic_complete
mlp213_N2000_K300_H200_nominal_t0p05,1,peak_normalized,0.9602791297761646,30,30,synthetic_complete
mlp213_N2000_K300_H200_nominal_t0p05,2,peak_normalized,0.957782300820529,30,30,synthetic_complete
mlp213_N2000_K300_H200_nominal_t0p05,3,peak_normalized,0.9588450608150002,30,30,synthetic_complete
mlp213_N2000_K300_H200_nominal_t0p05,4,peak_normalized,0.9586241775688886,30,30,synthetic_complete
mlp213_N2000_K300_H200_nominal_t0p05,5,peak_normalized,0.9585629760442061,30,30,synthetic_complete
mlp213_N2000_K300_H200_nominal_t0p05,1,active_load_variance,0.03589641654863348,30,30,synthetic_complete
mlp213_N2000_K300_H200_nominal_t0p05,2,active_load_variance,0.03586221592969464,30,30,synthetic_complete
mlp213_N2000_K300_H200_nominal_t0p05,3,active_load_variance,0.03576802937955184,30,30,synthetic_complete
mlp213_N2000_K300_H200_nominal_t0p05,4,active_load_variance,0.03578553193538089,30,30,synthetic_complete
mlp213_N2000_K300_H200_nominal_t0p05,5,active_load_variance,0.03577621869075053,30,30,synthetic_complete
mlp213_N2000_K300_H200_nominal_t0p05,1,mse_user_vector,0.0707117196530062,30,30,synthetic_complete
mlp213_N2000_K300_H200_nominal_t0p05,2,mse_user_vector,0.069765515500562,30,30,synthetic_complete
mlp213_N2000_K300_H200_nominal_t0p05,3,mse_user_vector,0.06441894191848228,30,30,synthetic_complete
mlp213_N2000_K300_H200_nominal_t0p05,4,mse_user_vector,0.06770322390494754,30,30,synthetic_complete
mlp213_N2000_K300_H200_nominal_t0p05,5,mse_user_vector,0.06609534881624397,30,30,synthetic_complete
mlp213_N2000_K300_H200_nominal_t0p05,1,persistence_mse_user_vector,0.06795222222222222,30,30,synthetic_complete
mlp213_N2000_K300_H200_nominal_t0p05,2,persistence_mse_user_vector,0.06763111111111111,30,30,synthetic_complete
mlp213_N2000_K300_H200_nominal_t0p05,3,persistence_mse_user_vector,0.06251222222222222,30,30,synthetic_complete
mlp213_N2000_K300_H200_nominal_t0p05,4,persistence_mse_user_vector,0.06597777777777777,30,30,synthetic_complete
mlp213_N2000_K300_H200_nominal_t0p05,5,persistence_mse_user_vector,0.06392777777777778,30,30,synthetic_complete
mlp213_N2000_K300_H200_nominal_t0p05,1,Cbar,0.02640772222222222,30,30,synthetic_complete
mlp213_N2000_K300_H200_nominal_t0p05,2,Cbar,0.02631038888888889,30,30,synthetic_complete
mlp213_N2000_K300_H200_nominal_t0p05,3,Cbar,0.02509838888888889,30,30,synthetic_complete
mlp213_N2000_K300_H200_nominal_t0p05,4,Cbar,0.025707722222222222,30,30,synthetic_complete
mlp213_N2000_K300_H200_nominal_t0p05,5,Cbar,0.025291055555555556,30,30,synthetic_complete
mlp213_N2000_K300_H200_nominal_t0p05,1,Lbar,0.48490472222222225,30,30,synthetic_complete
mlp213_N2000_K300_H200_nominal_t0p05,2,Lbar,0.4849528888888889,30,30,synthetic_complete
mlp213_N2000_K300_H200_nominal_t0p05,3,Lbar,0.48661855555555555,30,30,synthetic_complete
mlp213_N2000_K300_H200_nominal_t0p05,4,Lbar,0.48575083333333335,30,30,synthetic_complete
mlp213_N2000_K300_H200_nominal_t0p05,5,Lbar,0.48634961111111114,30,30,synthetic_complete
mlp213_N2000_K300_H200_nominal_t0p05,1,J_user,-0.4502182638888889,30,30,synthetic_complete
mlp213_N2000_K300_H200_nominal_t0p05,2,J_user,-0.4516046226851852,30,30,synthetic_complete
mlp213_N2000_K300_H200_nominal_t0p05,3,J_user,-0.46941195601851854,30,30,synthetic_complete
mlp213_N2000_K300_H200_nominal_t0p05,4,J_user,-0.4608598773148148,30,30,synthetic_complete
mlp213_N2000_K300_H200_nominal_t0p05,5,J_user,-0.46661036805555556,30,30,synthetic_complete
mlp213_N2000_K300_H200_nominal_t0p05,1,J_network,-135.06547916666668,30,30,synthetic_complete
mlp213_N2000_K300_H200_nominal_t0p05,2,J_network,-135.48138680555556,30,30,synthetic_complete
mlp213_N2000_K300_H200_nominal_t0p05,3,J_network,-140.82358680555555,30,30,synthetic_complete
mlp213_N2000_K300_H200_nominal_t0p05,4,J_network,-138.25796319444444,30,30,synthetic_complete
mlp213_N2000_K300_H200_nominal_t0p05,5,J_network,-139.98311041666668,30,30,synthetic_complete
mlp213_N2000_K400_H200_nominal_t0p05,1,outage_percent,2.7931666666666666,30,30,synthetic_complete
mlp213_N2000_K400_H200_nominal_t0p05,2,outage_percent,2.7619583333333333,30,30,synthetic_complete
mlp213_N2000_K400_H200_nominal_t0p05,3,outage_percent,2.3965,30,30,synthetic_complete
mlp213_N2000_K400_H200_nominal_t0p05,4,outage_percent,2.5775,30,30,synthetic_complete
mlp213_N2000_K400_H200_nominal_t0p05,5,outage_percent,2.4514583333333335,30,30,synthetic_complete
mlp213_N2000_K400_H200_nominal_t0p05,1,hof_percent,2.935381359904053,30,30,synthetic_complete
mlp213_N2000_K400_H200_nominal_t0p05,2,hof_percent,2.904273772485244,30,30,synthetic_complete
mlp213_N2000_K400_H200_nominal_t0p05,3,hof_percent,2.548115595984139,30,30,synthetic_complete
mlp213_N2000_K400_H200_nominal_t0p05,4,hof_percent,2.7192811343943473,30,30,synthetic_complete
mlp213_N2000_K400_H200_nominal_t0p05,5,hof_percent,2.6080234159959432,30,30,synthetic_complete
mlp213_N2000_K400_H200_nominal_t0p05,1,pp_percent,0.22575757575757577,30,30,synthetic_complete
mlp213_N2000_K400_H200_nominal_t0p05,2,pp_percent,0.2239057239057239,30,30,synthetic_complete
mlp213_N2000_K400_H200_nominal_t0p05,3,pp_percent,0.20395622895622895,30,30,synthetic_complete
mlp213_N2000_K400_H200_nominal_t0p05,4,pp_percent,0.21388888888888888,30,30,synthetic_complete
mlp213_N2000_K400_H200_nominal_t0p05,5,pp_percent,0.20774410774410773,30,30,synthetic_complete
mlp213_N2000_K400_H200_nominal_t0p05,1,tp_Mbps,186.98886625,30,30,synthetic_complete
mlp213_N2000_K400_H200_nominal_t0p05,2,tp_Mbps,187.1037475,30,30,synthetic_complete
mlp213_N2000_K400_H200_nominal_t0p05,3,tp_Mbps,188.54041916666668,30,30,synthetic_complete
mlp213_N2000_K400_H200_nominal_t0p05,4,tp_Mbps,187.8155525,30,30,synthetic_complete
mlp213_N2000_K400_H200_nominal_t0p05,5,tp_Mbps,188.31224541666666,30,30,synthetic_complete
mlp213_N2000_K400_H200_nominal_t0p05,1,served_p5tp_Mbps,57.833333333333336,30,30,synthetic_complete
mlp213_N2000_K400_H200_nominal_t0p05,2,served_p5tp_Mbps,57.86666666666667,30,30,synthetic_complete
mlp213_N2000_K400_H200_nominal_t0p05,3,served_p5tp_Mbps,57.9,30,30,synthetic_complete
mlp213_N2000_K400_H200_nominal_t0p05,4,served_p5tp_Mbps,57.86666666666667,30,30,synthetic_complete
mlp213_N2000_K400_H200_nominal_t0p05,5,served_p5tp_Mbps,57.89500000000001,30,30,synthetic_complete
mlp213_N2000_K400_H200_nominal_t0p05,1,peak_normalized,0.9829204160342117,30,30,synthetic_complete
mlp213_N2000_K400_H200_nominal_t0p05,2,peak_normalized,0.982933554532299,30,30,synthetic_complete
mlp213_N2000_K400_H200_nominal_t0p05,3,peak_normalized,0.984607475484401,30,30,synthetic_complete
mlp213_N2000_K400_H200_nominal_t0p05,4,peak_normalized,0.9827525551648486,30,30,synthetic_complete
mlp213_N2000_K400_H200_nominal_t0p05,5,peak_normalized,0.9847295581333004,30,30,synthetic_complete
mlp213_N2000_K400_H200_nominal_t0p05,1,active_load_variance,0.04521904943346812,30,30,synthetic_complete
mlp213_N2000_K400_H200_nominal_t0p05,2,active_load_variance,0.04521760418638464,30,30,synthetic_complete
mlp213_N2000_K400_H200_nominal_t0p05,3,active_load_variance,0.04521302414346143,30,30,synthetic_complete
mlp213_N2000_K400_H200_nominal_t0p05,4,active_load_variance,0.045252445900203594,30,30,synthetic_complete
mlp213_N2000_K400_H200_nominal_t0p05,5,active_load_variance,0.04532545854596103,30,30,synthetic_complete
mlp213_N2000_K400_H200_nominal_t0p05,1,mse_user_vector,0.0971181141884673,30,30,synthetic_complete
mlp213_N2000_K400_H200_nominal_t0p05,2,mse_user_vector,0.09606812868202319,30,30,synthetic_complete
mlp213_N2000_K400_H200_nominal_t0p05,3,mse_user_vector,0.08767683045129747,30,30,synthetic_complete
mlp213_N2000_K400_H200_nominal_t0p05,4,mse_user_vector,0.09206428362691596,30,30,synthetic_complete
mlp213_N2000_K400_H200_nominal_t0p05,5,mse_user_vector,0.08880199004611494,30,30,synthetic_complete
mlp213_N2000_K400_H200_nominal_t0p05,1,persistence_mse_user_vector,0.09477916666666666,30,30,synthetic_complete
mlp213_N2000_K400_H200_nominal_t0p05,2,persistence_mse_user_vector,0.09446333333333333,30,30,synthetic_complete
mlp213_N2000_K400_H200_nominal_t0p05,3,persistence_mse_user_vector,0.0863025,30,30,synthetic_complete
mlp213_N2000_K400_H200_nominal_t0p05,4,persistence_mse_user_vector,0.09053666666666667,30,30,synthetic_complete
mlp213_N2000_K400_H200_nominal_t0p05,5,persistence_mse_user_vector,0.08699333333333334,30,30,synthetic_complete
mlp213_N2000_K400_H200_nominal_t0p05,1,Cbar,0.025886874999999997,30,30,synthetic_complete
mlp213_N2000_K400_H200_nominal_t0p05,2,Cbar,0.02579558333333333,30,30,synthetic_complete
mlp213_N2000_K400_H200_nominal_t0p05,3,Cbar,0.024652875,30,30,synthetic_complete
mlp213_N2000_K400_H200_nominal_t0p05,4,Cbar,0.025233875,30,30,synthetic_complete
mlp213_N2000_K400_H200_nominal_t0p05,5,Cbar,0.024835916666666666,30,30,synthetic_complete
mlp213_N2000_K400_H200_nominal_t0p05,1,Lbar,0.5964693333333333,30,30,synthetic_complete
mlp213_N2000_K400_H200_nominal_t0p05,2,Lbar,0.5967952916666667,30,30,synthetic_complete
mlp213_N2000_K400_H200_nominal_t0p05,3,Lbar,0.6005734166666666,30,30,synthetic_complete
mlp213_N2000_K400_H200_nominal_t0p05,4,Lbar,0.5987818333333333,30,30,synthetic_complete
mlp213_N2000_K400_H200_nominal_t0p05,5,Lbar,0.6002152083333333,30,30,synthetic_complete
mlp213_N2000_K400_H200_nominal_t0p05,1,J_user,-0.32828383854166665,30,30,synthetic_complete
mlp213_N2000_K400_H200_nominal_t0p05,2,J_user,-0.33020559374999997,30,30,synthetic_complete
mlp213_N2000_K400_H200_nominal_t0p05,3,J_user,-0.3531469340277778,30,30,synthetic_complete
mlp213_N2000_K400_H200_nominal_t0p05,4,J_user,-0.3416819479166667,30,30,synthetic_complete
mlp213_N2000_K400_H200_nominal_t0p05,5,J_user,-0.34953587673611114,30,30,synthetic_complete
mlp213_N2000_K400_H200_nominal_t0p05,1,J_network,-131.31353541666667,30,30,synthetic_complete
mlp213_N2000_K400_H200_nominal_t0p05,2,J_network,-132.0822375,30,30,synthetic_complete
mlp213_N2000_K400_H200_nominal_t0p05,3,J_network,-141.2587736111111,30,30,synthetic_complete
mlp213_N2000_K400_H200_nominal_t0p05,4,J_network,-136.67277916666666,30,30,synthetic_complete
mlp213_N2000_K400_H200_nominal_t0p05,5,J_network,-139.81435069444444,30,30,synthetic_complete
mlp213_N2000_K500_H200_nominal_t0p05,1,outage_percent,4.3998333333333335,30,30,synthetic_complete
mlp213_N2000_K500_H200_nominal_t0p05,2,outage_percent,4.359566666666667,30,30,synthetic_complete
mlp213_N2000_K500_H200_nominal_t0p05,3,outage_percent,3.8417,30,30,synthetic_complete
mlp213_N2000_K500_H200_nominal_t0p05,4,outage_percent,4.1056333333333335,30,30,synthetic_complete
mlp213_N2000_K500_H200_nominal_t0p05,5,outage_percent,3.9226666666666667,30,30,synthetic_complete
mlp213_N2000_K500_H200_nominal_t0p05,1,hof_percent,4.786825599459583,30,30,synthetic_complete
mlp213_N2000_K500_H200_nominal_t0p05,2,hof_percent,4.752749416067606,30,30,synthetic_complete
mlp213_N2000_K500_H200_nominal_t0p05,3,hof_percent,4.248529701949575,30,30,synthetic_complete
mlp213_N2000_K500_H200_nominal_t0p05,4,hof_percent,4.511350678161228,30,30,synthetic_complete
mlp213_N2000_K500_H200_nominal_t0p05,5,hof_percent,4.32583316936598,30,30,synthetic_complete
mlp213_N2000_K500_H200_nominal_t0p05,1,pp_percent,0.21363636363636362,30,30,synthetic_complete
mlp213_N2000_K500_H200_nominal_t0p05,2,pp_percent,0.2120875420875421,30,30,synthetic_complete
mlp213_N2000_K500_H200_nominal_t0p05,3,pp_percent,0.1937037037037037,30,30,synthetic_complete
mlp213_N2000_K500_H200_nominal_t0p05,4,pp_percent,0.202996632996633,30,30,synthetic_complete
mlp213_N2000_K500_H200_nominal_t0p05,5,pp_percent,0.19720538720538722,30,30,synthetic_complete
mlp213_N2000_K500_H200_nominal_t0p05,1,tp_Mbps,181.309414,30,30,synthetic_complete
mlp213_N2000_K500_H200_nominal_t0p05,2,tp_Mbps,181.435407,30,30,synthetic_complete
mlp213_N2000_K500_H200_nominal_t0p05,3,tp_Mbps,183.11628533333334,30,30,synthetic_complete
mlp213_N2000_K500_H200_nominal_t0p05,4,tp_Mbps,182.26037133333332,30,30,synthetic_complete
mlp213_N2000_K500_H200_nominal_t0p05,5,tp_Mbps,182.85219666666666,30,30,synthetic_complete
mlp213_N2000_K500_H200_nominal_t0p05,1,served_p5tp_Mbps,57.86666666666667,30,30,synthetic_complete
mlp213_N2000_K500_H200_nominal_t0p05,2,served_p5tp_Mbps,57.86666666666667,30,30,synthetic_complete
mlp213_N2000_K500_H200_nominal_t0p05,3,served_p5tp_Mbps,57.871666666666684,30,30,synthetic_complete
mlp213_N2000_K500_H200_nominal_t0p05,4,served_p5tp_Mbps,57.86666666666667,30,30,synthetic_complete
mlp213_N2000_K500_H200_nominal_t0p05,5,served_p5tp_Mbps,57.87333333333333,30,30,synthetic_complete
mlp213_N2000_K500_H200_nominal_t0p05,1,peak_normalized,0.9913048771958993,30,30,synthetic_complete
mlp213_N2000_K500_H200_nominal_t0p05,2,peak_normalized,0.9913102542881809,30,30,synthetic_complete
mlp213_N2000_K500_H200_nominal_t0p05,3,peak_normalized,0.9926430896645541,30,30,synthetic_complete
mlp213_N2000_K500_H200_nominal_t0p05,4,peak_normalized,0.9918980487670616,30,30,synthetic_complete
mlp213_N2000_K500_H200_nominal_t0p05,5,peak_normalized,0.992229101574543,30,30,synthetic_complete
mlp213_N2000_K500_H200_nominal_t0p05,1,active_load_variance,0.046664441929888986,30,30,synthetic_complete
mlp213_N2000_K500_H200_nominal_t0p05,2,active_load_variance,0.04662125001508874,30,30,synthetic_complete
mlp213_N2000_K500_H200_nominal_t0p05,3,active_load_variance,0.046297371717305025,30,30,synthetic_complete
mlp213_N2000_K500_H200_nominal_t0p05,4,active_load_variance,0.046448747632749476,30,30,synthetic_complete
mlp213_N2000_K500_H200_nominal_t0p05,5,active_load_variance,0.04632373883169373,30,30,synthetic_complete
mlp213_N2000_K500_H200_nominal_t0p05,1,mse_user_vector,0.11910990312878665,30,30,synthetic_complete
mlp213_N2000_K500_H200_nominal_t0p05,2,mse_user_vector,0.11741647718589007,30,30,synthetic_complete
mlp213_N2000_K500_H200_nominal_t0p05,3,mse_user_vector,0.11150466693465684,30,30,synthetic_complete
mlp213_N2000_K500_H200_nominal_t0p05,4,mse_user_vector,0.11328294544708266,30,30,synthetic_complete
mlp213_N2000_K500_H200_nominal_t0p05,5,mse_user_vector,0.11257856209319712,30,30,synthetic_complete
mlp213_N2000_K500_H200_nominal_t0p05,1,persistence_mse_user_vector,0.117512,30,30,synthetic_complete
mlp213_N2000_K500_H200_nominal_t0p05,2,persistence_mse_user_vector,0.11621800000000002,30,30,synthetic_complete
mlp213_N2000_K500_H200_nominal_t0p05,3,persistence_mse_user_vector,0.11045600000000001,30,30,synthetic_complete
mlp213_N2000_K500_H200_nominal_t0p05,4,persistence_mse_user_vector,0.11195933333333334,30,30,synthetic_complete
mlp213_N2000_K500_H200_nominal_t0p05,5,persistence_mse_user_vector,0.11140333333333335,30,30,synthetic_complete
mlp213_N2000_K500_H200_nominal_t0p05,1,Cbar,0.024920166666666667,30,30,synthetic_complete
mlp213_N2000_K500_H200_nominal_t0p05,2,Cbar,0.024840533333333335,30,30,synthetic_complete
mlp213_N2000_K500_H200_nominal_t0p05,3,Cbar,0.023821433333333333,30,30,synthetic_complete
mlp213_N2000_K500_H200_nominal_t0p05,4,Cbar,0.024325566666666666,30,30,synthetic_complete
mlp213_N2000_K500_H200_nominal_t0p05,5,Cbar,0.023986466666666664,30,30,synthetic_complete
mlp213_N2000_K500_H200_nominal_t0p05,1,Lbar,0.6872717,30,30,synthetic_complete
mlp213_N2000_K500_H200_nominal_t0p05,2,Lbar,0.6877561,30,30,synthetic_complete
mlp213_N2000_K500_H200_nominal_t0p05,3,Lbar,0.6939381,30,30,synthetic_complete
mlp213_N2000_K500_H200_nominal_t0p05,4,Lbar,0.6907586333333333,30,30,synthetic_complete
mlp213_N2000_K500_H200_nominal_t0p05,5,Lbar,0.6929306666666667,30,30,synthetic_complete
mlp213_N2000_K500_H200_nominal_t0p05,1,J_user,-0.17936829166666665,30,30,synthetic_complete
mlp213_N2000_K500_H200_nominal_t0p05,2,J_user,-0.1817042125,30,30,synthetic_complete
mlp213_N2000_K500_H200_nominal_t0p05,3,J_user,-0.21201975555555555,30,30,synthetic_complete
mlp213_N2000_K500_H200_nominal_t0p05,4,J_user,-0.19659444722222222,30,30,synthetic_complete
mlp213_N2000_K500_H200_nominal_t0p05,5,J_user,-0.2072922527777778,30,30,synthetic_complete
mlp213_N2000_K500_H200_nominal_t0p05,1,J_network,-89.68414583333333,30,30,synthetic_complete
mlp213_N2000_K500_H200_nominal_t0p05,2,J_network,-90.85210624999999,30,30,synthetic_complete
mlp213_N2000_K500_H200_nominal_t0p05,3,J_network,-106.00987777777777,30,30,synthetic_complete
mlp213_N2000_K500_H200_nominal_t0p05,4,J_network,-98.29722361111111,30,30,synthetic_complete
mlp213_N2000_K500_H200_nominal_t0p05,5,J_network,-103.6461263888889,30,30,synthetic_complete
kan_generic_N500_K100_H50_nominal_t0p05,1,outage_percent,1.1013333333333333,30,30,synthetic_complete
kan_generic_N500_K100_H50_nominal_t0p05,2,outage_percent,0.8446666666666667,30,30,synthetic_complete
kan_generic_N500_K100_H50_nominal_t0p05,3,outage_percent,1.0126666666666666,30,30,synthetic_complete
kan_generic_N500_K100_H50_nominal_t0p05,4,outage_percent,0.952,30,30,synthetic_complete
kan_generic_N500_K100_H50_nominal_t0p05,5,outage_percent,1.1586666666666667,30,30,synthetic_complete
kan_generic_N500_K100_H50_nominal_t0p05,1,hof_percent,1.0006313498087103,30,30,synthetic_complete
kan_generic_N500_K100_H50_nominal_t0p05,2,hof_percent,0.7092475425672355,30,30,synthetic_complete
kan_generic_N500_K100_H50_nominal_t0p05,3,hof_percent,0.9076266066057606,30,30,synthetic_complete
kan_generic_N500_K100_H50_nominal_t0p05,4,hof_percent,0.8311552201271502,30,30,synthetic_complete
kan_generic_N500_K100_H50_nominal_t0p05,5,hof_percent,1.0561752508434123,30,30,synthetic_complete
kan_generic_N500_K100_H50_nominal_t0p05,1,pp_percent,0.29305555555555557,30,30,synthetic_complete
kan_generic_N500_K100_H50_nominal_t0p05,2,pp_percent,0.25625,30,30,synthetic_complete
kan_generic_N500_K100_H50_nominal_t0p05,3,pp_percent,0.2826388888888889,30,30,synthetic_complete
kan_generic_N500_K100_H50_nominal_t0p05,4,pp_percent,0.27152777777777776,30,30,synthetic_complete
kan_generic_N500_K100_H50_nominal_t0p05,5,pp_percent,0.3020833333333333,30,30,synthetic_complete
kan_generic_N500_K100_H50_nominal_t0p05,1,tp_Mbps,196.07768666666666,30,30,synthetic_complete
kan_generic_N500_K100_H50_nominal_t0p05,2,tp_Mbps,197.98111333333333,30,30,synthetic_complete
kan_generic_N500_K100_H50_nominal_t0p05,3,tp_Mbps,196.67809333333332,30,30,synthetic_complete
kan_generic_N500_K100_H50_nominal_t0p05,4,tp_Mbps,197.13726666666668,30,30,synthetic_complete
kan_generic_N500_K100_H50_nominal_t0p05,5,tp_Mbps,195.70060666666666,30,30,synthetic_complete
kan_generic_N500_K100_H50_nominal_t0p05,1,served_p5tp_Mbps,65.54833333333333,30,30,synthetic_complete
kan_generic_N500_K100_H50_nominal_t0p05,2,served_p5tp_Mbps,65.675,30,30,synthetic_complete
kan_generic_N500_K100_H50_nominal_t0p05,3,served_p5tp_Mbps,65.58833333333334,30,30,synthetic_complete
kan_generic_N500_K100_H50_nominal_t0p05,4,served_p5tp_Mbps,65.59666666666666,30,30,synthetic_complete
kan_generic_N500_K100_H50_nominal_t0p05,5,served_p5tp_Mbps,65.505,30,30,synthetic_complete
kan_generic_N500_K100_H50_nominal_t0p05,1,peak_normalized,0.73615923643697,30,30,synthetic_complete
kan_generic_N500_K100_H50_nominal_t0p05,2,peak_normalized,0.731893389658745,30,30,synthetic_complete
kan_generic_N500_K100_H50_nominal_t0p05,3,peak_normalized,0.747628146580556,30,30,synthetic_complete
kan_generic_N500_K100_H50_nominal_t0p05,4,peak_normalized,0.7312126354731547,30,30,synthetic_complete
kan_generic_N500_K100_H50_nominal_t0p05,5,peak_normalized,0.7336337842201291,30,30,synthetic_complete
kan_generic_N500_K100_H50_nominal_t0p05,1,active_load_variance,0.023884671910548452,30,30,synthetic_complete
kan_generic_N500_K100_H50_nominal_t0p05,2,active_load_variance,0.023901915844538518,30,30,synthetic_complete
kan_generic_N500_K100_H50_nominal_t0p05,3,active_load_variance,0.024028578880856376,30,30,synthetic_complete
kan_generic_N500_K100_H50_nominal_t0p05,4,active_load_variance,0.02394822596279222,30,30,synthetic_complete
kan_generic_N500_K100_H50_nominal_t0p05,5,active_load_variance,0.023912907555737675,30,30,synthetic_complete
kan_generic_N500_K100_H50_nominal_t0p05,1,mse_user_vector,0.05075944094714595,30,30,synthetic_complete
kan_generic_N500_K100_H50_nominal_t0p05,2,mse_user_vector,0.04680553889823278,30,30,synthetic_complete
kan_generic_N500_K100_H50_nominal_t0p05,3,mse_user_vector,0.048686327710492715,30,30,synthetic_complete
kan_generic_N500_K100_H50_nominal_t0p05,4,mse_user_vector,0.04844406896077255,30,30,synthetic_complete
kan_generic_N500_K100_H50_nominal_t0p05,5,mse_user_vector,0.05001310183970712,30,30,synthetic_complete
kan_generic_N500_K100_H50_nominal_t0p05,1,persistence_mse_user_vector,0.048323333333333336,30,30,synthetic_complete
kan_generic_N500_K100_H50_nominal_t0p05,2,persistence_mse_user_vector,0.04421,30,30,synthetic_complete
kan_generic_N500_K100_H50_nominal_t0p05,3,persistence_mse_user_vector,0.04634,30,30,synthetic_complete
kan_generic_N500_K100_H50_nominal_t0p05,4,persistence_mse_user_vector,0.04641666666666667,30,30,synthetic_complete
kan_generic_N500_K100_H50_nominal_t0p05,5,persistence_mse_user_vector,0.04810333333333334,30,30,synthetic_complete
kan_generic_N500_K100_H50_nominal_t0p05,1,Cbar,0.027275333333333332,30,30,synthetic_complete
kan_generic_N500_K100_H50_nominal_t0p05,2,Cbar,0.024922,30,30,synthetic_complete
kan_generic_N500_K100_H50_nominal_t0p05,3,Cbar,0.026529999999999998,30,30,synthetic_complete
kan_generic_N500_K100_H50_nominal_t0p05,4,Cbar,0.025962,30,30,synthetic_complete
kan_generic_N500_K100_H50_nominal_t0p05,5,Cbar,0.027743999999999998,30,30,synthetic_complete
kan_generic_N500_K100_H50_nominal_t0p05,1,Lbar,0.37916933333333336,30,30,synthetic_complete
kan_generic_N500_K100_H50_nominal_t0p05,2,Lbar,0.3806193333333333,30,30,synthetic_complete
kan_generic_N500_K100_H50_nominal_t0p05,3,Lbar,0.380246,30,30,synthetic_complete
kan_generic_N500_K100_H50_nominal_t0p05,4,Lbar,0.38044,30,30,synthetic_complete
kan_generic_N500_K100_H50_nominal_t0p05,5,Lbar,0.378928,30,30,synthetic_complete
kan_generic_N500_K100_H50_nominal_t0p05,1,J_user,-0.5587013611111111,30,30,synthetic_complete
kan_generic_N500_K100_H50_nominal_t0p05,2,J_user,-0.5799173055555555,30,30,synthetic_complete
kan_generic_N500_K100_H50_nominal_t0p05,3,J_user,-0.5654707222222222,30,30,synthetic_complete
kan_generic_N500_K100_H50_nominal_t0p05,4,J_user,-0.5706042777777778,30,30,synthetic_complete
kan_generic_N500_K100_H50_nominal_t0p05,5,J_user,-0.5541498611111111,30,30,synthetic_complete
kan_generic_N500_K100_H50_nominal_t0p05,1,J_network,-55.87013611111111,30,30,synthetic_complete
kan_generic_N500_K100_H50_nominal_t0p05,2,J_network,-57.991730555555556,30,30,synthetic_complete
kan_generic_N500_K100_H50_nominal_t0p05,3,J_network,-56.54707222222222,30,30,synthetic_complete
kan_generic_N500_K100_H50_nominal_t0p05,4,J_network,-57.060427777777775,30,30,synthetic_complete
kan_generic_N500_K100_H50_nominal_t0p05,5,J_network,-55.41498611111111,30,30,synthetic_complete
kan_generic_N500_K100_H200_nominal_t0p05,1,outage_percent,1.0958333333333334,30,30,synthetic_complete
kan_generic_N500_K100_H200_nominal_t0p05,2,outage_percent,0.8435,30,30,synthetic_complete
kan_generic_N500_K100_H200_nominal_t0p05,3,outage_percent,1.0151666666666666,30,30,synthetic_complete
kan_generic_N500_K100_H200_nominal_t0p05,4,outage_percent,0.9491666666666666,30,30,synthetic_complete
kan_generic_N500_K100_H200_nominal_t0p05,5,outage_percent,1.1541666666666666,30,30,synthetic_complete
kan_generic_N500_K100_H200_nominal_t0p05,1,hof_percent,1.1262717383589351,30,30,synthetic_complete
kan_generic_N500_K100_H200_nominal_t0p05,2,hof_percent,0.8596695604143079,30,30,synthetic_complete
kan_generic_N500_K100_H200_nominal_t0p05,3,hof_percent,1.0424016087840642,30,30,synthetic_complete
kan_generic_N500_K100_H200_nominal_t0p05,4,hof_percent,0.9807218102983759,30,30,synthetic_complete
kan_generic_N500_K100_H200_nominal_t0p05,5,hof_percent,1.1913189984147379,30,30,synthetic_complete
kan_generic_N500_K100_H200_nominal_t0p05,1,pp_percent,0.2702020202020202,30,30,synthetic_complete
kan_generic_N500_K100_H200_nominal_t0p05,2,pp_percent,0.22777777777777777,30,30,synthetic_complete
kan_generic_N500_K100_H200_nominal_t0p05,3,pp_percent,0.2569023569023569,30,30,synthetic_complete
kan_generic_N500_K100_H200_nominal_t0p05,4,pp_percent,0.24646464646464647,30,30,synthetic_complete
kan_generic_N500_K100_H200_nominal_t0p05,5,pp_percent,0.2804713804713805,30,30,synthetic_complete
kan_generic_N500_K100_H200_nominal_t0p05,1,tp_Mbps,195.97262333333333,30,30,synthetic_complete
kan_generic_N500_K100_H200_nominal_t0p05,2,tp_Mbps,197.85551,30,30,synthetic_complete
kan_generic_N500_K100_H200_nominal_t0p05,3,tp_Mbps,196.565845,30,30,synthetic_complete
kan_generic_N500_K100_H200_nominal_t0p05,4,tp_Mbps,197.03460833333332,30,30,synthetic_complete
kan_generic_N500_K100_H200_nominal_t0p05,5,tp_Mbps,195.59496666666666,30,30,synthetic_complete
kan_generic_N500_K100_H200_nominal_t0p05,1,served_p5tp_Mbps,65.63333333333334,30,30,synthetic_complete
kan_generic_N500_K100_H200_nominal_t0p05,2,served_p5tp_Mbps,65.76666666666667,30,30,synthetic_complete
kan_generic_N500_K100_H200_nominal_t0p05,3,served_p5tp_Mbps,65.66666666666667,30,30,synthetic_complete
kan_generic_N500_K100_H200_nominal_t0p05,4,served_p5tp_Mbps,65.73333333333333,30,30,synthetic_complete
kan_generic_N500_K100_H200_nominal_t0p05,5,served_p5tp_Mbps,65.6,30,30,synthetic_complete
kan_generic_N500_K100_H200_nominal_t0p05,1,peak_normalized,0.8474840170265798,30,30,synthetic_complete
kan_generic_N500_K100_H200_nominal_t0p05,2,peak_normalized,0.8460341687657684,30,30,synthetic_complete
kan_generic_N500_K100_H200_nominal_t0p05,3,peak_normalized,0.8516041962850833,30,30,synthetic_complete
kan_generic_N500_K100_H200_nominal_t0p05,4,peak_normalized,0.8389833753308045,30,30,synthetic_complete
kan_generic_N500_K100_H200_nominal_t0p05,5,peak_normalized,0.8574950423358678,30,30,synthetic_complete
kan_generic_N500_K100_H200_nominal_t0p05,1,active_load_variance,0.024563240483167305,30,30,synthetic_complete
kan_generic_N500_K100_H200_nominal_t0p05,2,active_load_variance,0.024589473096403244,30,30,synthetic_complete
kan_generic_N500_K100_H200_nominal_t0p05,3,active_load_variance,0.024606533872276827,30,30,synthetic_complete
kan_generic_N500_K100_H200_nominal_t0p05,4,active_load_variance,0.02451741256320558,30,30,synthetic_complete
kan_generic_N500_K100_H200_nominal_t0p05,5,active_load_variance,0.024567075073659555,30,30,synthetic_complete
kan_generic_N500_K100_H200_nominal_t0p05,1,mse_user_vector,0.04471310329755403,30,30,synthetic_complete
kan_generic_N500_K100_H200_nominal_t0p05,2,mse_user_vector,0.04232168456836171,30,30,synthetic_complete
kan_generic_N500_K100_H200_nominal_t0p05,3,mse_user_vector,0.045816239543677216,30,30,synthetic_complete
kan_generic_N500_K100_H200_nominal_t0p05,4,mse_user_vector,0.044406983862987255,30,30,synthetic_complete
kan_generic_N500_K100_H200_nominal_t0p05,5,mse_user_vector,0.046809962664448486,30,30,synthetic_complete
kan_generic_N500_K100_H200_nominal_t0p05,1,persistence_mse_user_vector,0.04331,30,30,synthetic_complete
kan_generic_N500_K100_H200_nominal_t0p05,2,persistence_mse_user_vector,0.039893333333333336,30,30,synthetic_complete
kan_generic_N500_K100_H200_nominal_t0p05,3,persistence_mse_user_vector,0.04306666666666667,30,30,synthetic_complete
kan_generic_N500_K100_H200_nominal_t0p05,4,persistence_mse_user_vector,0.04174666666666667,30,30,synthetic_complete
kan_generic_N500_K100_H200_nominal_t0p05,5,persistence_mse_user_vector,0.04448,30,30,synthetic_complete
kan_generic_N500_K100_H200_nominal_t0p05,1,Cbar,0.027816666666666667,30,30,synthetic_complete
kan_generic_N500_K100_H200_nominal_t0p05,2,Cbar,0.025413333333333333,30,30,synthetic_complete
kan_generic_N500_K100_H200_nominal_t0p05,3,Cbar,0.027034166666666665,30,30,synthetic_complete
kan_generic_N500_K100_H200_nominal_t0p05,4,Cbar,0.026452999999999997,30,30,synthetic_complete
kan_generic_N500_K100_H200_nominal_t0p05,5,Cbar,0.028279666666666665,30,30,synthetic_complete
kan_generic_N500_K100_H200_nominal_t0p05,1,Lbar,0.38246816666666666,30,30,synthetic_complete
kan_generic_N500_K100_H200_nominal_t0p05,2,Lbar,0.3842705,30,30,synthetic_complete
kan_generic_N500_K100_H200_nominal_t0p05,3,Lbar,0.3831931666666667,30,30,synthetic_complete
kan_generic_N500_K100_H200_nominal_t0p05,4,Lbar,0.3833648333333333,30,30,synthetic_complete
kan_generic_N500_K100_H200_nominal_t0p05,5,Lbar,0.38221516666666666,30,30,synthetic_complete
kan_generic_N500_K100_H200_nominal_t0p05,1,J_user,-0.5566185138888889,30,30,synthetic_complete
kan_generic_N500_K100_H200_nominal_t0p05,2,J_user,-0.5773810416666667,30,30,synthetic_complete
kan_generic_N500_K100_H200_nominal_t0p05,3,J_user,-0.5631523541666666,30,30,synthetic_complete
kan_generic_N500_K100_H200_nominal_t0p05,4,J_user,-0.5686102847222222,30,30,synthetic_complete
kan_generic_N500_K100_H200_nominal_t0p05,5,J_user,-0.5520232777777778,30,30,synthetic_complete
kan_generic_N500_K100_H200_nominal_t0p05,1,J_network,-55.66185138888889,30,30,synthetic_complete
kan_generic_N500_K100_H200_nominal_t0p05,2,J_network,-57.738104166666666,30,30,synthetic_complete
kan_generic_N500_K100_H200_nominal_t0p05,3,J_network,-56.31523541666667,30,30,synthetic_complete
kan_generic_N500_K100_H200_nominal_t0p05,4,J_network,-56.86102847222222,30,30,synthetic_complete
kan_generic_N500_K100_H200_nominal_t0p05,5,J_network,-55.202327777777775,30,30,synthetic_complete
kan_generic_N500_K100_H800_nominal_t0p05,1,outage_percent,1.1718333333333333,30,30,synthetic_complete
kan_generic_N500_K100_H800_nominal_t0p05,2,outage_percent,0.9016666666666666,30,30,synthetic_complete
kan_generic_N500_K100_H800_nominal_t0p05,3,outage_percent,1.0809166666666667,30,30,synthetic_complete
kan_generic_N500_K100_H800_nominal_t0p05,4,outage_percent,1.0145416666666667,30,30,synthetic_complete
kan_generic_N500_K100_H800_nominal_t0p05,5,outage_percent,1.232625,30,30,synthetic_complete
kan_generic_N500_K100_H800_nominal_t0p05,1,hof_percent,1.1874598353175077,30,30,synthetic_complete
kan_generic_N500_K100_H800_nominal_t0p05,2,hof_percent,0.9055334303860174,30,30,synthetic_complete
kan_generic_N500_K100_H800_nominal_t0p05,3,hof_percent,1.0918731434045652,30,30,synthetic_complete
kan_generic_N500_K100_H800_nominal_t0p05,4,hof_percent,1.0205077993996392,30,30,synthetic_complete
kan_generic_N500_K100_H800_nominal_t0p05,5,hof_percent,1.2609754161819613,30,30,synthetic_complete
kan_generic_N500_K100_H800_nominal_t0p05,1,pp_percent,0.2673350041771094,30,30,synthetic_complete
kan_generic_N500_K100_H800_nominal_t0p05,2,pp_percent,0.22560568086883875,30,30,synthetic_complete
kan_generic_N500_K100_H800_nominal_t0p05,3,pp_percent,0.25396825396825395,30,30,synthetic_complete
kan_generic_N500_K100_H800_nominal_t0p05,4,pp_percent,0.24436090225563908,30,30,synthetic_complete
kan_generic_N500_K100_H800_nominal_t0p05,5,pp_percent,0.27656641604010024,30,30,synthetic_complete
kan_generic_N500_K100_H800_nominal_t0p05,1,tp_Mbps,195.90429791666668,30,30,synthetic_complete
kan_generic_N500_K100_H800_nominal_t0p05,2,tp_Mbps,197.81327958333333,30,30,synthetic_complete
kan_generic_N500_K100_H800_nominal_t0p05,3,tp_Mbps,196.51480875,30,30,synthetic_complete
kan_generic_N500_K100_H800_nominal_t0p05,4,tp_Mbps,196.97519041666666,30,30,synthetic_complete
kan_generic_N500_K100_H800_nominal_t0p05,5,tp_Mbps,195.52327083333333,30,30,synthetic_complete
kan_generic_N500_K100_H800_nominal_t0p05,1,served_p5tp_Mbps,65.73333333333333,30,30,synthetic_complete
kan_generic_N500_K100_H800_nominal_t0p05,2,served_p5tp_Mbps,65.9,30,30,synthetic_complete
kan_generic_N500_K100_H800_nominal_t0p05,3,served_p5tp_Mbps,65.77000000000001,30,30,synthetic_complete
kan_generic_N500_K100_H800_nominal_t0p05,4,served_p5tp_Mbps,65.8,30,30,synthetic_complete
kan_generic_N500_K100_H800_nominal_t0p05,5,served_p5tp_Mbps,65.73333333333333,30,30,synthetic_complete
kan_generic_N500_K100_H800_nominal_t0p05,1,peak_normalized,0.8960067823085727,30,30,synthetic_complete
kan_generic_N500_K100_H800_nominal_t0p05,2,peak_normalized,0.9050766729274371,30,30,synthetic_complete
kan_generic_N500_K100_H800_nominal_t0p05,3,peak_normalized,0.9049033006911774,30,30,synthetic_complete
kan_generic_N500_K100_H800_nominal_t0p05,4,peak_normalized,0.9105736763833996,30,30,synthetic_complete
kan_generic_N500_K100_H800_nominal_t0p05,5,peak_normalized,0.8980492199218499,30,30,synthetic_complete
kan_generic_N500_K100_H800_nominal_t0p05,1,active_load_variance,0.024471759038566895,30,30,synthetic_complete
kan_generic_N500_K100_H800_nominal_t0p05,2,active_load_variance,0.024655057243174655,30,30,synthetic_complete
kan_generic_N500_K100_H800_nominal_t0p05,3,active_load_variance,0.024545397705634624,30,30,synthetic_complete
kan_generic_N500_K100_H800_nominal_t0p05,4,active_load_variance,0.02457907261103451,30,30,synthetic_complete
kan_generic_N500_K100_H800_nominal_t0p05,5,active_load_variance,0.024425286873313166,30,30,synthetic_complete
kan_generic_N500_K100_H800_nominal_t0p05,1,mse_user_vector,0.043981396965233885,30,30,synthetic_complete
kan_generic_N500_K100_H800_nominal_t0p05,2,mse_user_vector,0.04124329398934688,30,30,synthetic_complete
kan_generic_N500_K100_H800_nominal_t0p05,3,mse_user_vector,0.04299503086423426,30,30,synthetic_complete
kan_generic_N500_K100_H800_nominal_t0p05,4,mse_user_vector,0.04154349441083172,30,30,synthetic_complete
kan_generic_N500_K100_H800_nominal_t0p05,5,mse_user_vector,0.04368737566657145,30,30,synthetic_complete
kan_generic_N500_K100_H800_nominal_t0p05,1,persistence_mse_user_vector,0.0414,30,30,synthetic_complete
kan_generic_N500_K100_H800_nominal_t0p05,2,persistence_mse_user_vector,0.038430000000000006,30,30,synthetic_complete
kan_generic_N500_K100_H800_nominal_t0p05,3,persistence_mse_user_vector,0.04065333333333333,30,30,synthetic_complete
kan_generic_N500_K100_H800_nominal_t0p05,4,persistence_mse_user_vector,0.03962,30,30,synthetic_complete
kan_generic_N500_K100_H800_nominal_t0p05,5,persistence_mse_user_vector,0.0418,30,30,synthetic_complete
kan_generic_N500_K100_H800_nominal_t0p05,1,Cbar,0.027995875,30,30,synthetic_complete
kan_generic_N500_K100_H800_nominal_t0p05,2,Cbar,0.025635625,30,30,synthetic_complete
kan_generic_N500_K100_H800_nominal_t0p05,3,Cbar,0.027230833333333333,30,30,synthetic_complete
kan_generic_N500_K100_H800_nominal_t0p05,4,Cbar,0.026656166666666665,30,30,synthetic_complete
kan_generic_N500_K100_H800_nominal_t0p05,5,Cbar,0.028449916666666665,30,30,synthetic_complete
kan_generic_N500_K100_H800_nominal_t0p05,1,Lbar,0.3821563333333333,30,30,synthetic_complete
kan_generic_N500_K100_H800_nominal_t0p05,2,Lbar,0.3843123333333333,30,30,synthetic_complete
kan_generic_N500_K100_H800_nominal_t0p05,3,Lbar,0.38289758333333335,30,30,synthetic_complete
kan_generic_N500_K100_H800_nominal_t0p05,4,Lbar,0.38342570833333334,30,30,synthetic_complete
kan_generic_N500_K100_H800_nominal_t0p05,5,Lbar,0.381698125,30,30,synthetic_complete
kan_generic_N500_K100_H800_nominal_t0p05,1,J_user,-0.5526001371527778,30,30,synthetic_complete
kan_generic_N500_K100_H800_nominal_t0p05,2,J_user,-0.5741646857638889,30,30,synthetic_complete
kan_generic_N500_K100_H800_nominal_t0p05,3,J_user,-0.5597016614583333,30,30,synthetic_complete
kan_generic_N500_K100_H800_nominal_t0p05,4,J_user,-0.5649619392361112,30,30,synthetic_complete
kan_generic_N500_K100_H800_nominal_t0p05,5,J_user,-0.5479750243055556,30,30,synthetic_complete
kan_generic_N500_K100_H800_nominal_t0p05,1,J_network,-55.26001371527778,30,30,synthetic_complete
kan_generic_N500_K100_H800_nominal_t0p05,2,J_network,-57.41646857638889,30,30,synthetic_complete
kan_generic_N500_K100_H800_nominal_t0p05,3,J_network,-55.97016614583333,30,30,synthetic_complete
kan_generic_N500_K100_H800_nominal_t0p05,4,J_network,-56.496193923611116,30,30,synthetic_complete
kan_generic_N500_K100_H800_nominal_t0p05,5,J_network,-54.797502430555554,30,30,synthetic_complete
kan_generic_N1000_K100_H50_nominal_t0p05,1,outage_percent,1.0026666666666666,30,30,synthetic_complete
kan_generic_N1000_K100_H50_nominal_t0p05,2,outage_percent,0.9433333333333334,30,30,synthetic_complete
kan_generic_N1000_K100_H50_nominal_t0p05,3,outage_percent,0.8626666666666667,30,30,synthetic_complete
kan_generic_N1000_K100_H50_nominal_t0p05,4,outage_percent,0.7953333333333333,30,30,synthetic_complete
kan_generic_N1000_K100_H50_nominal_t0p05,5,outage_percent,1.2453333333333334,30,30,synthetic_complete
kan_generic_N1000_K100_H50_nominal_t0p05,1,hof_percent,1.0337658470637596,30,30,synthetic_complete
kan_generic_N1000_K100_H50_nominal_t0p05,2,hof_percent,0.9706204306631732,30,30,synthetic_complete
kan_generic_N1000_K100_H50_nominal_t0p05,3,hof_percent,0.8709082774976338,30,30,synthetic_complete
kan_generic_N1000_K100_H50_nominal_t0p05,4,hof_percent,0.825770263824444,30,30,synthetic_complete
kan_generic_N1000_K100_H50_nominal_t0p05,5,hof_percent,1.2142707773125279,30,30,synthetic_complete
kan_generic_N1000_K100_H50_nominal_t0p05,1,pp_percent,0.2659722222222222,30,30,synthetic_complete
kan_generic_N1000_K100_H50_nominal_t0p05,2,pp_percent,0.25277777777777777,30,30,synthetic_complete
kan_generic_N1000_K100_H50_nominal_t0p05,3,pp_percent,0.24027777777777778,30,30,synthetic_complete
kan_generic_N1000_K100_H50_nominal_t0p05,4,pp_percent,0.22013888888888888,30,30,synthetic_complete
kan_generic_N1000_K100_H50_nominal_t0p05,5,pp_percent,0.3145833333333333,30,30,synthetic_complete
kan_generic_N1000_K100_H50_nominal_t0p05,1,tp_Mbps,199.96067333333332,30,30,synthetic_complete
kan_generic_N1000_K100_H50_nominal_t0p05,2,tp_Mbps,200.46316,30,30,synthetic_complete
kan_generic_N1000_K100_H50_nominal_t0p05,3,tp_Mbps,201.19220666666666,30,30,synthetic_complete
kan_generic_N1000_K100_H50_nominal_t0p05,4,tp_Mbps,201.84855333333334,30,30,synthetic_complete
kan_generic_N1000_K100_H50_nominal_t0p05,5,tp_Mbps,198.23310666666666,30,30,synthetic_complete
kan_generic_N1000_K100_H50_nominal_t0p05,1,served_p5tp_Mbps,66.325,30,30,synthetic_complete
kan_generic_N1000_K100_H50_nominal_t0p05,2,served_p5tp_Mbps,66.4,30,30,synthetic_complete
kan_generic_N1000_K100_H50_nominal_t0p05,3,served_p5tp_Mbps,66.44500000000001,30,30,synthetic_complete
kan_generic_N1000_K100_H50_nominal_t0p05,4,served_p5tp_Mbps,66.51333333333334,30,30,synthetic_complete
kan_generic_N1000_K100_H50_nominal_t0p05,5,served_p5tp_Mbps,66.24,30,30,synthetic_complete
kan_generic_N1000_K100_H50_nominal_t0p05,1,peak_normalized,0.6342011733118048,30,30,synthetic_complete
kan_generic_N1000_K100_H50_nominal_t0p05,2,peak_normalized,0.629471089398066,30,30,synthetic_complete
kan_generic_N1000_K100_H50_nominal_t0p05,3,peak_normalized,0.6294739381153807,30,30,synthetic_complete
kan_generic_N1000_K100_H50_nominal_t0p05,4,peak_normalized,0.6310489600282153,30,30,synthetic_complete
kan_generic_N1000_K100_H50_nominal_t0p05,5,peak_normalized,0.620134890242076,30,30,synthetic_complete
kan_generic_N1000_K100_H50_nominal_t0p05,1,active_load_variance,0.015428121342699523,30,30,synthetic_complete
kan_generic_N1000_K100_H50_nominal_t0p05,2,active_load_variance,0.015468714738658173,30,30,synthetic_complete
kan_generic_N1000_K100_H50_nominal_t0p05,3,active_load_variance,0.015469330716056095,30,30,synthetic_complete
kan_generic_N1000_K100_H50_nominal_t0p05,4,active_load_variance,0.015535286917781702,30,30,synthetic_complete
kan_generic_N1000_K100_H50_nominal_t0p05,5,active_load_variance,0.015114614380552496,30,30,synthetic_complete
kan_generic_N1000_K100_H50_nominal_t0p05,1,mse_user_vector,0.030742414200349035,30,30,synthetic_complete
kan_generic_N1000_K100_H50_nominal_t0p05,2,mse_user_vector,0.03039769125953513,30,30,synthetic_complete
kan_generic_N1000_K100_H50_nominal_t0p05,3,mse_user_vector,0.029111533569883333,30,30,synthetic_complete
kan_generic_N1000_K100_H50_nominal_t0p05,4,mse_user_vector,0.02804547314641603,30,30,synthetic_complete
kan_generic_N1000_K100_H50_nominal_t0p05,5,mse_user_vector,0.034779463009598076,30,30,synthetic_complete
kan_generic_N1000_K100_H50_nominal_t0p05,1,persistence_mse_user_vector,0.028693333333333335,30,30,synthetic_complete
kan_generic_N1000_K100_H50_nominal_t0p05,2,persistence_mse_user_vector,0.028,30,30,synthetic_complete
kan_generic_N1000_K100_H50_nominal_t0p05,3,persistence_mse_user_vector,0.026773333333333333,30,30,synthetic_complete
kan_generic_N1000_K100_H50_nominal_t0p05,4,persistence_mse_user_vector,0.026026666666666667,30,30,synthetic_complete
kan_generic_N1000_K100_H50_nominal_t0p05,5,persistence_mse_user_vector,0.03322666666666667,30,30,synthetic_complete
kan_generic_N1000_K100_H50_nominal_t0p05,1,Cbar,0.027496666666666666,30,30,synthetic_complete
kan_generic_N1000_K100_H50_nominal_t0p05,2,Cbar,0.026822,30,30,synthetic_complete
kan_generic_N1000_K100_H50_nominal_t0p05,3,Cbar,0.025846666666666667,30,30,synthetic_complete
kan_generic_N1000_K100_H50_nominal_t0p05,4,Cbar,0.024949333333333334,30,30,synthetic_complete
kan_generic_N1000_K100_H50_nominal_t0p05,5,Cbar,0.02988333333333333,30,30,synthetic_complete
kan_generic_N1000_K100_H50_nominal_t0p05,1,Lbar,0.294048,30,30,synthetic_complete
kan_generic_N1000_K100_H50_nominal_t0p05,2,Lbar,0.294422,30,30,synthetic_complete
kan_generic_N1000_K100_H50_nominal_t0p05,3,Lbar,0.294536,30,30,synthetic_complete
kan_generic_N1000_K100_H50_nominal_t0p05,4,Lbar,0.295182,30,30,synthetic_complete
kan_generic_N1000_K100_H50_nominal_t0p05,5,Lbar,0.291124,30,30,synthetic_complete
kan_generic_N1000_K100_H50_nominal_t0p05,1,J_user,-0.6222638055555556,30,30,synthetic_complete
kan_generic_N1000_K100_H50_nominal_t0p05,2,J_user,-0.6274745,30,30,synthetic_complete
kan_generic_N1000_K100_H50_nominal_t0p05,3,J_user,-0.6349761944444444,30,30,synthetic_complete
kan_generic_N1000_K100_H50_nominal_t0p05,4,J_user,-0.6412033055555556,30,30,synthetic_complete
kan_generic_N1000_K100_H50_nominal_t0p05,5,J_user,-0.6032009444444445,30,30,synthetic_complete
kan_generic_N1000_K100_H50_nominal_t0p05,1,J_network,-62.22638055555556,30,30,synthetic_complete
kan_generic_N1000_K100_H50_nominal_t0p05,2,J_network,-62.74745,30,30,synthetic_complete
kan_generic_N1000_K100_H50_nominal_t0p05,3,J_network,-63.497619444444446,30,30,synthetic_complete
kan_generic_N1000_K100_H50_nominal_t0p05,4,J_network,-64.12033055555555,30,30,synthetic_complete
kan_generic_N1000_K100_H50_nominal_t0p05,5,J_network,-60.32009444444445,30,30,synthetic_complete
kan_generic_N1000_K100_H200_nominal_t0p05,1,outage_percent,0.9873333333333333,30,30,synthetic_complete
kan_generic_N1000_K100_H200_nominal_t0p05,2,outage_percent,0.9218333333333333,30,30,synthetic_complete
kan_generic_N1000_K100_H200_nominal_t0p05,3,outage_percent,0.8278333333333333,30,30,synthetic_complete
kan_generic_N1000_K100_H200_nominal_t0p05,4,outage_percent,0.757,30,30,synthetic_complete
kan_generic_N1000_K100_H200_nominal_t0p05,5,outage_percent,1.255,30,30,synthetic_complete
kan_generic_N1000_K100_H200_nominal_t0p05,1,hof_percent,1.0044173469190016,30,30,synthetic_complete
kan_generic_N1000_K100_H200_nominal_t0p05,2,hof_percent,0.93683787645298,30,30,synthetic_complete
kan_generic_N1000_K100_H200_nominal_t0p05,3,hof_percent,0.8174378126364804,30,30,synthetic_complete
kan_generic_N1000_K100_H200_nominal_t0p05,4,hof_percent,0.7510743170247244,30,30,synthetic_complete
kan_generic_N1000_K100_H200_nominal_t0p05,5,hof_percent,1.2461428789935627,30,30,synthetic_complete
kan_generic_N1000_K100_H200_nominal_t0p05,1,pp_percent,0.265993265993266,30,30,synthetic_complete
kan_generic_N1000_K100_H200_nominal_t0p05,2,pp_percent,0.25404040404040407,30,30,synthetic_complete
kan_generic_N1000_K100_H200_nominal_t0p05,3,pp_percent,0.23585858585858585,30,30,synthetic_complete
kan_generic_N1000_K100_H200_nominal_t0p05,4,pp_percent,0.21936026936026937,30,30,synthetic_complete
kan_generic_N1000_K100_H200_nominal_t0p05,5,pp_percent,0.311952861952862,30,30,synthetic_complete
kan_generic_N1000_K100_H200_nominal_t0p05,1,tp_Mbps,199.97435333333334,30,30,synthetic_complete
kan_generic_N1000_K100_H200_nominal_t0p05,2,tp_Mbps,200.48755333333332,30,30,synthetic_complete
kan_generic_N1000_K100_H200_nominal_t0p05,3,tp_Mbps,201.23149,30,30,synthetic_complete
kan_generic_N1000_K100_H200_nominal_t0p05,4,tp_Mbps,201.91465,30,30,synthetic_complete
kan_generic_N1000_K100_H200_nominal_t0p05,5,tp_Mbps,198.14106333333334,30,30,synthetic_complete
kan_generic_N1000_K100_H200_nominal_t0p05,1,served_p5tp_Mbps,66.03333333333333,30,30,synthetic_complete
kan_generic_N1000_K100_H200_nominal_t0p05,2,served_p5tp_Mbps,66.06666666666666,30,30,synthetic_complete
kan_generic_N1000_K100_H200_nominal_t0p05,3,served_p5tp_Mbps,66.13333333333334,30,30,synthetic_complete
kan_generic_N1000_K100_H200_nominal_t0p05,4,served_p5tp_Mbps,66.16666666666667,30,30,synthetic_complete
kan_generic_N1000_K100_H200_nominal_t0p05,5,served_p5tp_Mbps,65.9,30,30,synthetic_complete
kan_generic_N1000_K100_H200_nominal_t0p05,1,peak_normalized,0.6999221649552738,30,30,synthetic_complete
kan_generic_N1000_K100_H200_nominal_t0p05,2,peak_normalized,0.6948257166986219,30,30,synthetic_complete
kan_generic_N1000_K100_H200_nominal_t0p05,3,peak_normalized,0.7054676668665266,30,30,synthetic_complete
kan_generic_N1000_K100_H200_nominal_t0p05,4,peak_normalized,0.7108357561209435,30,30,synthetic_complete
kan_generic_N1000_K100_H200_nominal_t0p05,5,peak_normalized,0.6968904156596437,30,30,synthetic_complete
kan_generic_N1000_K100_H200_nominal_t0p05,1,active_load_variance,0.015170442361924412,30,30,synthetic_complete
kan_generic_N1000_K100_H200_nominal_t0p05,2,active_load_variance,0.015215801234787302,30,30,synthetic_complete
kan_generic_N1000_K100_H200_nominal_t0p05,3,active_load_variance,0.015244330476063316,30,30,synthetic_complete
kan_generic_N1000_K100_H200_nominal_t0p05,4,active_load_variance,0.015245330817387165,30,30,synthetic_complete
kan_generic_N1000_K100_H200_nominal_t0p05,5,active_load_variance,0.015144371008991839,30,30,synthetic_complete
kan_generic_N1000_K100_H200_nominal_t0p05,1,mse_user_vector,0.035275892276558404,30,30,synthetic_complete
kan_generic_N1000_K100_H200_nominal_t0p05,2,mse_user_vector,0.033383406575320795,30,30,synthetic_complete
kan_generic_N1000_K100_H200_nominal_t0p05,3,mse_user_vector,0.03059630191918487,30,30,synthetic_complete
kan_generic_N1000_K100_H200_nominal_t0p05,4,mse_user_vector,0.03064568117271253,30,30,synthetic_complete
kan_generic_N1000_K100_H200_nominal_t0p05,5,mse_user_vector,0.03577270701832517,30,30,synthetic_complete
kan_generic_N1000_K100_H200_nominal_t0p05,1,persistence_mse_user_vector,0.03232,30,30,synthetic_complete
kan_generic_N1000_K100_H200_nominal_t0p05,2,persistence_mse_user_vector,0.03130666666666667,30,30,synthetic_complete
kan_generic_N1000_K100_H200_nominal_t0p05,3,persistence_mse_user_vector,0.02912,30,30,synthetic_complete
kan_generic_N1000_K100_H200_nominal_t0p05,4,persistence_mse_user_vector,0.028906666666666667,30,30,synthetic_complete
kan_generic_N1000_K100_H200_nominal_t0p05,5,persistence_mse_user_vector,0.03418666666666667,30,30,synthetic_complete
kan_generic_N1000_K100_H200_nominal_t0p05,1,Cbar,0.02795483333333333,30,30,synthetic_complete
kan_generic_N1000_K100_H200_nominal_t0p05,2,Cbar,0.027312,30,30,synthetic_complete
kan_generic_N1000_K100_H200_nominal_t0p05,3,Cbar,0.026383833333333332,30,30,synthetic_complete
kan_generic_N1000_K100_H200_nominal_t0p05,4,Cbar,0.025516499999999998,30,30,synthetic_complete
kan_generic_N1000_K100_H200_nominal_t0p05,5,Cbar,0.030347,30,30,synthetic_complete
kan_generic_N1000_K100_H200_nominal_t0p05,1,Lbar,0.2923383333333333,30,30,synthetic_complete
kan_generic_N1000_K100_H200_nominal_t0p05,2,Lbar,0.2927051666666667,30,30,synthetic_complete
kan_generic_N1000_K100_H200_nominal_t0p05,3,Lbar,0.2931648333333333,30,30,synthetic_complete
kan_generic_N1000_K100_H200_nominal_t0p05,4,Lbar,0.29342233333333334,30,30,synthetic_complete
kan_generic_N1000_K100_H200_nominal_t0p05,5,Lbar,0.29111766666666666,30,30,synthetic_complete
kan_generic_N1000_K100_H200_nominal_t0p05,1,J_user,-0.6237132222222223,30,30,synthetic_complete
kan_generic_N1000_K100_H200_nominal_t0p05,2,J_user,-0.6292645555555555,30,30,synthetic_complete
kan_generic_N1000_K100_H200_nominal_t0p05,3,J_user,-0.6372985416666667,30,30,synthetic_complete
kan_generic_N1000_K100_H200_nominal_t0p05,4,J_user,-0.6439916250000001,30,30,synthetic_complete
kan_generic_N1000_K100_H200_nominal_t0p05,5,J_user,-0.6021054305555555,30,30,synthetic_complete
kan_generic_N1000_K100_H200_nominal_t0p05,1,J_network,-62.371322222222226,30,30,synthetic_complete
kan_generic_N1000_K100_H200_nominal_t0p05,2,J_network,-62.92645555555555,30,30,synthetic_complete
kan_generic_N1000_K100_H200_nominal_t0p05,3,J_network,-63.72985416666667,30,30,synthetic_complete
kan_generic_N1000_K100_H200_nominal_t0p05,4,J_network,-64.3991625,30,30,synthetic_complete
kan_generic_N1000_K100_H200_nominal_t0p05,5,J_network,-60.210543055555554,30,30,synthetic_complete
kan_generic_N1000_K100_H800_nominal_t0p05,1,outage_percent,1.0437916666666667,30,30,synthetic_complete
kan_generic_N1000_K100_H800_nominal_t0p05,2,outage_percent,0.9692083333333333,30,30,synthetic_complete
kan_generic_N1000_K100_H800_nominal_t0p05,3,outage_percent,0.8715416666666667,30,30,synthetic_complete
kan_generic_N1000_K100_H800_nominal_t0p05,4,outage_percent,0.7889166666666667,30,30,synthetic_complete
kan_generic_N1000_K100_H800_nominal_t0p05,5,outage_percent,1.3384166666666666,30,30,synthetic_complete
kan_generic_N1000_K100_H800_nominal_t0p05,1,hof_percent,1.0282978218182783,30,30,synthetic_complete
kan_generic_N1000_K100_H800_nominal_t0p05,2,hof_percent,0.9587317091932109,30,30,synthetic_complete
kan_generic_N1000_K100_H800_nominal_t0p05,3,hof_percent,0.8551252841992437,30,30,synthetic_complete
kan_generic_N1000_K100_H800_nominal_t0p05,4,hof_percent,0.7739923687805761,30,30,synthetic_complete
kan_generic_N1000_K100_H800_nominal_t0p05,5,hof_percent,1.3208216822461576,30,30,synthetic_complete
kan_generic_N1000_K100_H800_nominal_t0p05,1,pp_percent,0.26056808688387634,30,30,synthetic_complete
kan_generic_N1000_K100_H800_nominal_t0p05,2,pp_percent,0.24912280701754386,30,30,synthetic_complete
kan_generic_N1000_K100_H800_nominal_t0p05,3,pp_percent,0.23003341687552212,30,30,synthetic_complete
kan_generic_N1000_K100_H800_nominal_t0p05,4,pp_percent,0.21399331662489557,30,30,synthetic_complete
kan_generic_N1000_K100_H800_nominal_t0p05,5,pp_percent,0.30584795321637426,30,30,synthetic_complete
kan_generic_N1000_K100_H800_nominal_t0p05,1,tp_Mbps,199.88061125000002,30,30,synthetic_complete
kan_generic_N1000_K100_H800_nominal_t0p05,2,tp_Mbps,200.40924458333333,30,30,synthetic_complete
kan_generic_N1000_K100_H800_nominal_t0p05,3,tp_Mbps,201.16030583333333,30,30,synthetic_complete
kan_generic_N1000_K100_H800_nominal_t0p05,4,tp_Mbps,201.8631275,30,30,synthetic_complete
kan_generic_N1000_K100_H800_nominal_t0p05,5,tp_Mbps,197.99317708333334,30,30,synthetic_complete
kan_generic_N1000_K100_H800_nominal_t0p05,1,served_p5tp_Mbps,65.96666666666667,30,30,synthetic_complete
kan_generic_N1000_K100_H800_nominal_t0p05,2,served_p5tp_Mbps,65.96666666666667,30,30,synthetic_complete
kan_generic_N1000_K100_H800_nominal_t0p05,3,served_p5tp_Mbps,66.03333333333333,30,30,synthetic_complete
kan_generic_N1000_K100_H800_nominal_t0p05,4,served_p5tp_Mbps,66.06666666666666,30,30,synthetic_complete
kan_generic_N1000_K100_H800_nominal_t0p05,5,served_p5tp_Mbps,65.76666666666667,30,30,synthetic_complete
kan_generic_N1000_K100_H800_nominal_t0p05,1,peak_normalized,0.7642003478952547,30,30,synthetic_complete
kan_generic_N1000_K100_H800_nominal_t0p05,2,peak_normalized,0.7690322036162629,30,30,synthetic_complete
kan_generic_N1000_K100_H800_nominal_t0p05,3,peak_normalized,0.7727917490351903,30,30,synthetic_complete
kan_generic_N1000_K100_H800_nominal_t0p05,4,peak_normalized,0.782242998128154,30,30,synthetic_complete
kan_generic_N1000_K100_H800_nominal_t0p05,5,peak_normalized,0.781754437903795,30,30,synthetic_complete
kan_generic_N1000_K100_H800_nominal_t0p05,1,active_load_variance,0.015135546694274901,30,30,synthetic_complete
kan_generic_N1000_K100_H800_nominal_t0p05,2,active_load_variance,0.015168644699582559,30,30,synthetic_complete
kan_generic_N1000_K100_H800_nominal_t0p05,3,active_load_variance,0.015203497957228024,30,30,synthetic_complete
kan_generic_N1000_K100_H800_nominal_t0p05,4,active_load_variance,0.015241132544940137,30,30,synthetic_complete
kan_generic_N1000_K100_H800_nominal_t0p05,5,active_load_variance,0.015149053017576342,30,30,synthetic_complete
kan_generic_N1000_K100_H800_nominal_t0p05,1,mse_user_vector,0.03472721897929332,30,30,synthetic_complete
kan_generic_N1000_K100_H800_nominal_t0p05,2,mse_user_vector,0.03343001399201447,30,30,synthetic_complete
kan_generic_N1000_K100_H800_nominal_t0p05,3,mse_user_vector,0.03176561653260112,30,30,synthetic_complete
kan_generic_N1000_K100_H800_nominal_t0p05,4,mse_user_vector,0.030655848861097748,30,30,synthetic_complete
kan_generic_N1000_K100_H800_nominal_t0p05,5,mse_user_vector,0.03877330347255084,30,30,synthetic_complete
kan_generic_N1000_K100_H800_nominal_t0p05,1,persistence_mse_user_vector,0.03306666666666667,30,30,synthetic_complete
kan_generic_N1000_K100_H800_nominal_t0p05,2,persistence_mse_user_vector,0.03194666666666667,30,30,synthetic_complete
kan_generic_N1000_K100_H800_nominal_t0p05,3,persistence_mse_user_vector,0.030133333333333335,30,30,synthetic_complete
kan_generic_N1000_K100_H800_nominal_t0p05,4,persistence_mse_user_vector,0.028640000000000002,30,30,synthetic_complete
kan_generic_N1000_K100_H800_nominal_t0p05,5,persistence_mse_user_vector,0.036160000000000005,30,30,synthetic_complete
kan_generic_N1000_K100_H800_nominal_t0p05,1,Cbar,0.02814208333333333,30,30,synthetic_complete
kan_generic_N1000_K100_H800_nominal_t0p05,2,Cbar,0.027487583333333333,30,30,synthetic_complete
kan_generic_N1000_K100_H800_nominal_t0p05,3,Cbar,0.026545416666666665,30,30,synthetic_complete
kan_generic_N1000_K100_H800_nominal_t0p05,4,Cbar,0.02565708333333333,30,30,synthetic_complete
kan_generic_N1000_K100_H800_nominal_t0p05,5,Cbar,0.030510125,30,30,synthetic_complete
kan_generic_N1000_K100_H800_nominal_t0p05,1,Lbar,0.2920542916666667,30,30,synthetic_complete
kan_generic_N1000_K100_H800_nominal_t0p05,2,Lbar,0.292490625,30,30,synthetic_complete
kan_generic_N1000_K100_H800_nominal_t0p05,3,Lbar,0.292991875,30,30,synthetic_complete
kan_generic_N1000_K100_H800_nominal_t0p05,4,Lbar,0.2934685833333333,30,30,synthetic_complete
kan_generic_N1000_K100_H800_nominal_t0p05,5,Lbar,0.2908985,30,30,synthetic_complete
kan_generic_N1000_K100_H800_nominal_t0p05,1,J_user,-0.620548109375,30,30,synthetic_complete
kan_generic_N1000_K100_H800_nominal_t0p05,2,J_user,-0.6265889982638889,30,30,synthetic_complete
kan_generic_N1000_K100_H800_nominal_t0p05,3,J_user,-0.6348222118055555,30,30,synthetic_complete
kan_generic_N1000_K100_H800_nominal_t0p05,4,J_user,-0.6420876979166666,30,30,synthetic_complete
kan_generic_N1000_K100_H800_nominal_t0p05,5,J_user,-0.5973464253472223,30,30,synthetic_complete
kan_generic_N1000_K100_H800_nominal_t0p05,1,J_network,-62.0548109375,30,30,synthetic_complete
kan_generic_N1000_K100_H800_nominal_t0p05,2,J_network,-62.65889982638889,30,30,synthetic_complete
kan_generic_N1000_K100_H800_nominal_t0p05,3,J_network,-63.482221180555555,30,30,synthetic_complete
kan_generic_N1000_K100_H800_nominal_t0p05,4,J_network,-64.20876979166667,30,30,synthetic_complete
kan_generic_N1000_K100_H800_nominal_t0p05,5,J_network,-59.73464253472222,30,30,synthetic_complete
kan_generic_N2000_K100_H50_nominal_t0p05,1,outage_percent,1.0493333333333332,30,30,synthetic_complete
kan_generic_N2000_K100_H50_nominal_t0p05,2,outage_percent,0.8753333333333333,30,30,synthetic_complete
kan_generic_N2000_K100_H50_nominal_t0p05,3,outage_percent,0.9846666666666667,30,30,synthetic_complete
kan_generic_N2000_K100_H50_nominal_t0p05,4,outage_percent,0.91,30,30,synthetic_complete
kan_generic_N2000_K100_H50_nominal_t0p05,5,outage_percent,0.8333333333333334,30,30,synthetic_complete
kan_generic_N2000_K100_H50_nominal_t0p05,1,hof_percent,0.9811112204068694,30,30,synthetic_complete
kan_generic_N2000_K100_H50_nominal_t0p05,2,hof_percent,0.8320476169352508,30,30,synthetic_complete
kan_generic_N2000_K100_H50_nominal_t0p05,3,hof_percent,0.9363213818138462,30,30,synthetic_complete
kan_generic_N2000_K100_H50_nominal_t0p05,4,hof_percent,0.8724754168371154,30,30,synthetic_complete
kan_generic_N2000_K100_H50_nominal_t0p05,5,hof_percent,0.8270270995034263,30,30,synthetic_complete
kan_generic_N2000_K100_H50_nominal_t0p05,1,pp_percent,0.25625,30,30,synthetic_complete
kan_generic_N2000_K100_H50_nominal_t0p05,2,pp_percent,0.22777777777777777,30,30,synthetic_complete
kan_generic_N2000_K100_H50_nominal_t0p05,3,pp_percent,0.24652777777777776,30,30,synthetic_complete
kan_generic_N2000_K100_H50_nominal_t0p05,4,pp_percent,0.23541666666666666,30,30,synthetic_complete
kan_generic_N2000_K100_H50_nominal_t0p05,5,pp_percent,0.21875,30,30,synthetic_complete
kan_generic_N2000_K100_H50_nominal_t0p05,1,tp_Mbps,200.26631333333333,30,30,synthetic_complete
kan_generic_N2000_K100_H50_nominal_t0p05,2,tp_Mbps,201.53690666666668,30,30,synthetic_complete
kan_generic_N2000_K100_H50_nominal_t0p05,3,tp_Mbps,200.72194666666667,30,30,synthetic_complete
kan_generic_N2000_K100_H50_nominal_t0p05,4,tp_Mbps,201.27878,30,30,synthetic_complete
kan_generic_N2000_K100_H50_nominal_t0p05,5,tp_Mbps,201.87867333333332,30,30,synthetic_complete
kan_generic_N2000_K100_H50_nominal_t0p05,1,served_p5tp_Mbps,56.49166666666668,30,30,synthetic_complete
kan_generic_N2000_K100_H50_nominal_t0p05,2,served_p5tp_Mbps,56.565000000000076,30,30,synthetic_complete
kan_generic_N2000_K100_H50_nominal_t0p05,3,served_p5tp_Mbps,57.89833333333335,30,30,synthetic_complete
kan_generic_N2000_K100_H50_nominal_t0p05,4,served_p5tp_Mbps,56.30833333333335,30,30,synthetic_complete
kan_generic_N2000_K100_H50_nominal_t0p05,5,served_p5tp_Mbps,56.68833333333343,30,30,synthetic_complete
kan_generic_N2000_K100_H50_nominal_t0p05,1,peak_normalized,0.5188452143021267,30,30,synthetic_complete
kan_generic_N2000_K100_H50_nominal_t0p05,2,peak_normalized,0.5123769448994931,30,30,synthetic_complete
kan_generic_N2000_K100_H50_nominal_t0p05,3,peak_normalized,0.5090968154731256,30,30,synthetic_complete
kan_generic_N2000_K100_H50_nominal_t0p05,4,peak_normalized,0.509767626831073,30,30,synthetic_complete
kan_generic_N2000_K100_H50_nominal_t0p05,5,peak_normalized,0.5059522841940167,30,30,synthetic_complete
kan_generic_N2000_K100_H50_nominal_t0p05,1,active_load_variance,0.009225579494114743,30,30,synthetic_complete
kan_generic_N2000_K100_H50_nominal_t0p05,2,active_load_variance,0.009176817640097585,30,30,synthetic_complete
kan_generic_N2000_K100_H50_nominal_t0p05,3,active_load_variance,0.009230423492097678,30,30,synthetic_complete
kan_generic_N2000_K100_H50_nominal_t0p05,4,active_load_variance,0.00916852943721473,30,30,synthetic_complete
kan_generic_N2000_K100_H50_nominal_t0p05,5,active_load_variance,0.009200894794295386,30,30,synthetic_complete
kan_generic_N2000_K100_H50_nominal_t0p05,1,mse_user_vector,0.023369794695419464,30,30,synthetic_complete
kan_generic_N2000_K100_H50_nominal_t0p05,2,mse_user_vector,0.022288318542346874,30,30,synthetic_complete
kan_generic_N2000_K100_H50_nominal_t0p05,3,mse_user_vector,0.02256056054985206,30,30,synthetic_complete
kan_generic_N2000_K100_H50_nominal_t0p05,4,mse_user_vector,0.02217922788335258,30,30,synthetic_complete
kan_generic_N2000_K100_H50_nominal_t0p05,5,mse_user_vector,0.02232834541518604,30,30,synthetic_complete
kan_generic_N2000_K100_H50_nominal_t0p05,1,persistence_mse_user_vector,0.02152666666666667,30,30,synthetic_complete
kan_generic_N2000_K100_H50_nominal_t0p05,2,persistence_mse_user_vector,0.020373333333333334,30,30,synthetic_complete
kan_generic_N2000_K100_H50_nominal_t0p05,3,persistence_mse_user_vector,0.02075,30,30,synthetic_complete
kan_generic_N2000_K100_H50_nominal_t0p05,4,persistence_mse_user_vector,0.020473333333333336,30,30,synthetic_complete
kan_generic_N2000_K100_H50_nominal_t0p05,5,persistence_mse_user_vector,0.02041,30,30,synthetic_complete
kan_generic_N2000_K100_H50_nominal_t0p05,1,Cbar,0.028194,30,30,synthetic_complete
kan_generic_N2000_K100_H50_nominal_t0p05,2,Cbar,0.026463999999999998,30,30,synthetic_complete
kan_generic_N2000_K100_H50_nominal_t0p05,3,Cbar,0.027550666666666664,30,30,synthetic_complete
kan_generic_N2000_K100_H50_nominal_t0p05,4,Cbar,0.026795333333333334,30,30,synthetic_complete
kan_generic_N2000_K100_H50_nominal_t0p05,5,Cbar,0.025992,30,30,synthetic_complete
kan_generic_N2000_K100_H50_nominal_t0p05,1,Lbar,0.228496,30,30,synthetic_complete
kan_generic_N2000_K100_H50_nominal_t0p05,2,Lbar,0.22887133333333334,30,30,synthetic_complete
kan_generic_N2000_K100_H50_nominal_t0p05,3,Lbar,0.22869533333333333,30,30,synthetic_complete
kan_generic_N2000_K100_H50_nominal_t0p05,4,Lbar,0.22864466666666666,30,30,synthetic_complete
kan_generic_N2000_K100_H50_nominal_t0p05,5,Lbar,0.22914,30,30,synthetic_complete
kan_generic_N2000_K100_H50_nominal_t0p05,1,J_user,-0.6536313055555556,30,30,synthetic_complete
kan_generic_N2000_K100_H50_nominal_t0p05,2,J_user,-0.6683027777777778,30,30,synthetic_complete
kan_generic_N2000_K100_H50_nominal_t0p05,3,J_user,-0.6589851111111111,30,30,synthetic_complete
kan_generic_N2000_K100_H50_nominal_t0p05,4,J_user,-0.6654415833333334,30,30,synthetic_complete
kan_generic_N2000_K100_H50_nominal_t0p05,5,J_user,-0.6719284722222222,30,30,synthetic_complete
kan_generic_N2000_K100_H50_nominal_t0p05,1,J_network,-65.36313055555556,30,30,synthetic_complete
kan_generic_N2000_K100_H50_nominal_t0p05,2,J_network,-66.83027777777778,30,30,synthetic_complete
kan_generic_N2000_K100_H50_nominal_t0p05,3,J_network,-65.8985111111111,30,30,synthetic_complete
kan_generic_N2000_K100_H50_nominal_t0p05,4,J_network,-66.54415833333333,30,30,synthetic_complete
kan_generic_N2000_K100_H50_nominal_t0p05,5,J_network,-67.19284722222223,30,30,synthetic_complete
kan_generic_N2000_K100_H200_nominal_t0p05,1,outage_percent,1.0554999999999999,30,30,synthetic_complete
kan_generic_N2000_K100_H200_nominal_t0p05,2,outage_percent,0.8883333333333333,30,30,synthetic_complete
kan_generic_N2000_K100_H200_nominal_t0p05,3,outage_percent,0.9913333333333333,30,30,synthetic_complete
kan_generic_N2000_K100_H200_nominal_t0p05,4,outage_percent,0.919,30,30,synthetic_complete
kan_generic_N2000_K100_H200_nominal_t0p05,5,outage_percent,0.8455,30,30,synthetic_complete
kan_generic_N2000_K100_H200_nominal_t0p05,1,hof_percent,1.0545104123498537,30,30,synthetic_complete
kan_generic_N2000_K100_H200_nominal_t0p05,2,hof_percent,0.9000447036486872,30,30,synthetic_complete
kan_generic_N2000_K100_H200_nominal_t0p05,3,hof_percent,0.9993474351519366,30,30,synthetic_complete
kan_generic_N2000_K100_H200_nominal_t0p05,4,hof_percent,0.9399090653385851,30,30,synthetic_complete
kan_generic_N2000_K100_H200_nominal_t0p05,5,hof_percent,0.8517912566165275,30,30,synthetic_complete
kan_generic_N2000_K100_H200_nominal_t0p05,1,pp_percent,0.26195286195286194,30,30,synthetic_complete
kan_generic_N2000_K100_H200_nominal_t0p05,2,pp_percent,0.23232323232323232,30,30,synthetic_complete
kan_generic_N2000_K100_H200_nominal_t0p05,3,pp_percent,0.2531986531986532,30,30,synthetic_complete
kan_generic_N2000_K100_H200_nominal_t0p05,4,pp_percent,0.23956228956228956,30,30,synthetic_complete
kan_generic_N2000_K100_H200_nominal_t0p05,5,pp_percent,0.22424242424242424,30,30,synthetic_complete
kan_generic_N2000_K100_H200_nominal_t0p05,1,tp_Mbps,200.23219833333334,30,30,synthetic_complete
kan_generic_N2000_K100_H200_nominal_t0p05,2,tp_Mbps,201.48915666666667,30,30,synthetic_complete
kan_generic_N2000_K100_H200_nominal_t0p05,3,tp_Mbps,200.67932333333334,30,30,synthetic_complete
kan_generic_N2000_K100_H200_nominal_t0p05,4,tp_Mbps,201.22950166666666,30,30,synthetic_complete
kan_generic_N2000_K100_H200_nominal_t0p05,5,tp_Mbps,201.82917833333335,30,30,synthetic_complete
kan_generic_N2000_K100_H200_nominal_t0p05,1,served_p5tp_Mbps,59.89500000000001,30,30,synthetic_complete
kan_generic_N2000_K100_H200_nominal_t0p05,2,served_p5tp_Mbps,60.07500000000001,30,30,synthetic_complete
kan_generic_N2000_K100_H200_nominal_t0p05,3,served_p5tp_Mbps,60.07333333333334,30,30,synthetic_complete
kan_generic_N2000_K100_H200_nominal_t0p05,4,served_p5tp_Mbps,60.70500000000014,30,30,synthetic_complete
kan_generic_N2000_K100_H200_nominal_t0p05,5,served_p5tp_Mbps,57.27,30,30,synthetic_complete
kan_generic_N2000_K100_H200_nominal_t0p05,1,peak_normalized,0.5937357927249729,30,30,synthetic_complete
kan_generic_N2000_K100_H200_nominal_t0p05,2,peak_normalized,0.5944362230964185,30,30,synthetic_complete
kan_generic_N2000_K100_H200_nominal_t0p05,3,peak_normalized,0.5914045067687355,30,30,synthetic_complete
kan_generic_N2000_K100_H200_nominal_t0p05,4,peak_normalized,0.5958262305188631,30,30,synthetic_complete
kan_generic_N2000_K100_H200_nominal_t0p05,5,peak_normalized,0.6009024520254217,30,30,synthetic_complete
kan_generic_N2000_K100_H200_nominal_t0p05,1,active_load_variance,0.009167962969888243,30,30,synthetic_complete
kan_generic_N2000_K100_H200_nominal_t0p05,2,active_load_variance,0.009180732164372998,30,30,synthetic_complete
kan_generic_N2000_K100_H200_nominal_t0p05,3,active_load_variance,0.009206815115605236,30,30,synthetic_complete
kan_generic_N2000_K100_H200_nominal_t0p05,4,active_load_variance,0.009177017390575797,30,30,synthetic_complete
kan_generic_N2000_K100_H200_nominal_t0p05,5,active_load_variance,0.009180021083337464,30,30,synthetic_complete
kan_generic_N2000_K100_H200_nominal_t0p05,1,mse_user_vector,0.023199906033766857,30,30,synthetic_complete
kan_generic_N2000_K100_H200_nominal_t0p05,2,mse_user_vector,0.021424280970987128,30,30,synthetic_complete
kan_generic_N2000_K100_H200_nominal_t0p05,3,mse_user_vector,0.022431230309173548,30,30,synthetic_complete
kan_generic_N2000_K100_H200_nominal_t0p05,4,mse_user_vector,0.022006073459900445,30,30,synthetic_complete
kan_generic_N2000_K100_H200_nominal_t0p05,5,mse_user_vector,0.021401243446224603,30,30,synthetic_complete
kan_generic_N2000_K100_H200_nominal_t0p05,1,persistence_mse_user_vector,0.02160666666666667,30,30,synthetic_complete
kan_generic_N2000_K100_H200_nominal_t0p05,2,persistence_mse_user_vector,0.01989,30,30,synthetic_complete
kan_generic_N2000_K100_H200_nominal_t0p05,3,persistence_mse_user_vector,0.021133333333333334,30,30,synthetic_complete
kan_generic_N2000_K100_H200_nominal_t0p05,4,persistence_mse_user_vector,0.02048,30,30,synthetic_complete
kan_generic_N2000_K100_H200_nominal_t0p05,5,persistence_mse_user_vector,0.019430000000000003,30,30,synthetic_complete
kan_generic_N2000_K100_H200_nominal_t0p05,1,Cbar,0.028761166666666668,30,30,synthetic_complete
kan_generic_N2000_K100_H200_nominal_t0p05,2,Cbar,0.027133333333333332,30,30,synthetic_complete
kan_generic_N2000_K100_H200_nominal_t0p05,3,Cbar,0.028177166666666666,30,30,synthetic_complete
kan_generic_N2000_K100_H200_nominal_t0p05,4,Cbar,0.0274635,30,30,synthetic_complete
kan_generic_N2000_K100_H200_nominal_t0p05,5,Cbar,0.026706999999999998,30,30,synthetic_complete
kan_generic_N2000_K100_H200_nominal_t0p05,1,Lbar,0.22814916666666668,30,30,synthetic_complete
kan_generic_N2000_K100_H200_nominal_t0p05,2,Lbar,0.228903,30,30,synthetic_complete
kan_generic_N2000_K100_H200_nominal_t0p05,3,Lbar,0.228638,30,30,synthetic_complete
kan_generic_N2000_K100_H200_nominal_t0p05,4,Lbar,0.228716,30,30,synthetic_complete
kan_generic_N2000_K100_H200_nominal_t0p05,5,Lbar,0.22907483333333334,30,30,synthetic_complete
kan_generic_N2000_K100_H200_nominal_t0p05,1,J_user,-0.6530706597222222,30,30,synthetic_complete
kan_generic_N2000_K100_H200_nominal_t0p05,2,J_user,-0.6671033194444445,30,30,synthetic_complete
kan_generic_N2000_K100_H200_nominal_t0p05,3,J_user,-0.6581895972222223,30,30,synthetic_complete
kan_generic_N2000_K100_H200_nominal_t0p05,4,J_user,-0.6644165069444444,30,30,synthetic_complete
kan_generic_N2000_K100_H200_nominal_t0p05,5,J_user,-0.6707889930555556,30,30,synthetic_complete
kan_generic_N2000_K100_H200_nominal_t0p05,1,J_network,-65.30706597222222,30,30,synthetic_complete
kan_generic_N2000_K100_H200_nominal_t0p05,2,J_network,-66.71033194444445,30,30,synthetic_complete
kan_generic_N2000_K100_H200_nominal_t0p05,3,J_network,-65.81895972222222,30,30,synthetic_complete
kan_generic_N2000_K100_H200_nominal_t0p05,4,J_network,-66.44165069444445,30,30,synthetic_complete
kan_generic_N2000_K100_H200_nominal_t0p05,5,J_network,-67.07889930555555,30,30,synthetic_complete
kan_generic_N2000_K100_H800_nominal_t0p05,1,outage_percent,1.1567916666666667,30,30,synthetic_complete
kan_generic_N2000_K100_H800_nominal_t0p05,2,outage_percent,0.9670833333333333,30,30,synthetic_complete
kan_generic_N2000_K100_H800_nominal_t0p05,3,outage_percent,1.0865416666666667,30,30,synthetic_complete
kan_generic_N2000_K100_H800_nominal_t0p05,4,outage_percent,1.0055416666666666,30,30,synthetic_complete
kan_generic_N2000_K100_H800_nominal_t0p05,5,outage_percent,0.92025,30,30,synthetic_complete
kan_generic_N2000_K100_H800_nominal_t0p05,1,hof_percent,1.1697459122147098,30,30,synthetic_complete
kan_generic_N2000_K100_H800_nominal_t0p05,2,hof_percent,0.9907668240637109,30,30,synthetic_complete
kan_generic_N2000_K100_H800_nominal_t0p05,3,hof_percent,1.105569453194306,30,30,synthetic_complete
kan_generic_N2000_K100_H800_nominal_t0p05,4,hof_percent,1.0251219646747585,30,30,synthetic_complete
kan_generic_N2000_K100_H800_nominal_t0p05,5,hof_percent,0.9409266152403853,30,30,synthetic_complete
kan_generic_N2000_K100_H800_nominal_t0p05,1,pp_percent,0.2654553049289891,30,30,synthetic_complete
kan_generic_N2000_K100_H800_nominal_t0p05,2,pp_percent,0.23575605680868839,30,30,synthetic_complete
kan_generic_N2000_K100_H800_nominal_t0p05,3,pp_percent,0.2546365914786967,30,30,synthetic_complete
kan_generic_N2000_K100_H800_nominal_t0p05,4,pp_percent,0.2415204678362573,30,30,synthetic_complete
kan_generic_N2000_K100_H800_nominal_t0p05,5,pp_percent,0.22769423558897242,30,30,synthetic_complete
kan_generic_N2000_K100_H800_nominal_t0p05,1,tp_Mbps,200.08473625,30,30,synthetic_complete
kan_generic_N2000_K100_H800_nominal_t0p05,2,tp_Mbps,201.38879666666668,30,30,synthetic_complete
kan_generic_N2000_K100_H800_nominal_t0p05,3,tp_Mbps,200.55100541666667,30,30,synthetic_complete
kan_generic_N2000_K100_H800_nominal_t0p05,4,tp_Mbps,201.11315958333333,30,30,synthetic_complete
kan_generic_N2000_K100_H800_nominal_t0p05,5,tp_Mbps,201.73645625,30,30,synthetic_complete
kan_generic_N2000_K100_H800_nominal_t0p05,1,served_p5tp_Mbps,58.11000000000001,30,30,synthetic_complete
kan_generic_N2000_K100_H800_nominal_t0p05,2,served_p5tp_Mbps,59.878333333333345,30,30,synthetic_complete
kan_generic_N2000_K100_H800_nominal_t0p05,3,served_p5tp_Mbps,58.13333333333333,30,30,synthetic_complete
kan_generic_N2000_K100_H800_nominal_t0p05,4,served_p5tp_Mbps,59.83333333333335,30,30,synthetic_complete
kan_generic_N2000_K100_H800_nominal_t0p05,5,served_p5tp_Mbps,59.898333333333355,30,30,synthetic_complete
kan_generic_N2000_K100_H800_nominal_t0p05,1,peak_normalized,0.6755965211187969,30,30,synthetic_complete
kan_generic_N2000_K100_H800_nominal_t0p05,2,peak_normalized,0.6721925770873727,30,30,synthetic_complete
kan_generic_N2000_K100_H800_nominal_t0p05,3,peak_normalized,0.6667983078312936,30,30,synthetic_complete
kan_generic_N2000_K100_H800_nominal_t0p05,4,peak_normalized,0.6678825186568358,30,30,synthetic_complete
kan_generic_N2000_K100_H800_nominal_t0p05,5,peak_normalized,0.6725101850215885,30,30,synthetic_complete
kan_generic_N2000_K100_H800_nominal_t0p05,1,active_load_variance,0.009163248411319356,30,30,synthetic_complete
kan_generic_N2000_K100_H800_nominal_t0p05,2,active_load_variance,0.009192562685610419,30,30,synthetic_complete
kan_generic_N2000_K100_H800_nominal_t0p05,3,active_load_variance,0.009159775623776548,30,30,synthetic_complete
kan_generic_N2000_K100_H800_nominal_t0p05,4,active_load_variance,0.009170039959002022,30,30,synthetic_complete
kan_generic_N2000_K100_H800_nominal_t0p05,5,active_load_variance,0.00920183366083508,30,30,synthetic_complete
kan_generic_N2000_K100_H800_nominal_t0p05,1,mse_user_vector,0.023605947646589766,30,30,synthetic_complete
kan_generic_N2000_K100_H800_nominal_t0p05,2,mse_user_vector,0.021883450497161495,30,30,synthetic_complete
kan_generic_N2000_K100_H800_nominal_t0p05,3,mse_user_vector,0.02305432243331798,30,30,synthetic_complete
kan_generic_N2000_K100_H800_nominal_t0p05,4,mse_user_vector,0.02170322561792745,30,30,synthetic_complete
kan_generic_N2000_K100_H800_nominal_t0p05,5,mse_user_vector,0.021179471221066077,30,30,synthetic_complete
kan_generic_N2000_K100_H800_nominal_t0p05,1,persistence_mse_user_vector,0.021893333333333334,30,30,synthetic_complete
kan_generic_N2000_K100_H800_nominal_t0p05,2,persistence_mse_user_vector,0.01983,30,30,synthetic_complete
kan_generic_N2000_K100_H800_nominal_t0p05,3,persistence_mse_user_vector,0.02094666666666667,30,30,synthetic_complete
kan_generic_N2000_K100_H800_nominal_t0p05,4,persistence_mse_user_vector,0.020116666666666668,30,30,synthetic_complete
kan_generic_N2000_K100_H800_nominal_t0p05,5,persistence_mse_user_vector,0.01985,30,30,synthetic_complete
kan_generic_N2000_K100_H800_nominal_t0p05,1,Cbar,0.028825333333333335,30,30,synthetic_complete
kan_generic_N2000_K100_H800_nominal_t0p05,2,Cbar,0.027205791666666666,30,30,synthetic_complete
kan_generic_N2000_K100_H800_nominal_t0p05,3,Cbar,0.02825875,30,30,synthetic_complete
kan_generic_N2000_K100_H800_nominal_t0p05,4,Cbar,0.027553374999999998,30,30,synthetic_complete
kan_generic_N2000_K100_H800_nominal_t0p05,5,Cbar,0.026774666666666665,30,30,synthetic_complete
kan_generic_N2000_K100_H800_nominal_t0p05,1,Lbar,0.22801329166666667,30,30,synthetic_complete
kan_generic_N2000_K100_H800_nominal_t0p05,2,Lbar,0.22874541666666667,30,30,synthetic_complete
kan_generic_N2000_K100_H800_nominal_t0p05,3,Lbar,0.22818845833333334,30,30,synthetic_complete
kan_generic_N2000_K100_H800_nominal_t0p05,4,Lbar,0.228501875,30,30,synthetic_complete
kan_generic_N2000_K100_H800_nominal_t0p05,5,Lbar,0.22896258333333333,30,30,synthetic_complete
kan_generic_N2000_K100_H800_nominal_t0p05,1,J_user,-0.6474275052083334,30,30,synthetic_complete
kan_generic_N2000_K100_H800_nominal_t0p05,2,J_user,-0.6627902152777778,30,30,synthetic_complete
kan_generic_N2000_K100_H800_nominal_t0p05,3,J_user,-0.6530785017361111,30,30,synthetic_complete
kan_generic_N2000_K100_H800_nominal_t0p05,4,J_user,-0.6596667899305556,30,30,synthetic_complete
kan_generic_N2000_K100_H800_nominal_t0p05,5,J_user,-0.6666874427083334,30,30,synthetic_complete
kan_generic_N2000_K100_H800_nominal_t0p05,1,J_network,-64.74275052083333,30,30,synthetic_complete
kan_generic_N2000_K100_H800_nominal_t0p05,2,J_network,-66.27902152777777,30,30,synthetic_complete
kan_generic_N2000_K100_H800_nominal_t0p05,3,J_network,-65.30785017361111,30,30,synthetic_complete
kan_generic_N2000_K100_H800_nominal_t0p05,4,J_network,-65.96667899305555,30,30,synthetic_complete
kan_generic_N2000_K100_H800_nominal_t0p05,5,J_network,-66.66874427083333,30,30,synthetic_complete
kan_generic_N2000_K200_H200_nominal_t0p05,1,outage_percent,1.5323333333333333,30,30,synthetic_complete
kan_generic_N2000_K200_H200_nominal_t0p05,2,outage_percent,1.2764166666666668,30,30,synthetic_complete
kan_generic_N2000_K200_H200_nominal_t0p05,3,outage_percent,1.4396666666666667,30,30,synthetic_complete
kan_generic_N2000_K200_H200_nominal_t0p05,4,outage_percent,1.32825,30,30,synthetic_complete
kan_generic_N2000_K200_H200_nominal_t0p05,5,outage_percent,1.2155833333333335,30,30,synthetic_complete
kan_generic_N2000_K200_H200_nominal_t0p05,1,hof_percent,1.5637705468670082,30,30,synthetic_complete
kan_generic_N2000_K200_H200_nominal_t0p05,2,hof_percent,1.2884234319303745,30,30,synthetic_complete
kan_generic_N2000_K200_H200_nominal_t0p05,3,hof_percent,1.4596929436326682,30,30,synthetic_complete
kan_generic_N2000_K200_H200_nominal_t0p05,4,hof_percent,1.340520269365821,30,30,synthetic_complete
kan_generic_N2000_K200_H200_nominal_t0p05,5,hof_percent,1.2330919895241688,30,30,synthetic_complete
kan_generic_N2000_K200_H200_nominal_t0p05,1,pp_percent,0.2590909090909091,30,30,synthetic_complete
kan_generic_N2000_K200_H200_nominal_t0p05,2,pp_percent,0.2297138047138047,30,30,synthetic_complete
kan_generic_N2000_K200_H200_nominal_t0p05,3,pp_percent,0.24974747474747475,30,30,synthetic_complete
kan_generic_N2000_K200_H200_nominal_t0p05,4,pp_percent,0.23712121212121212,30,30,synthetic_complete
kan_generic_N2000_K200_H200_nominal_t0p05,5,pp_percent,0.22247474747474746,30,30,synthetic_complete
kan_generic_N2000_K200_H200_nominal_t0p05,1,tp_Mbps,195.47645,30,30,synthetic_complete
kan_generic_N2000_K200_H200_nominal_t0p05,2,tp_Mbps,196.88151,30,30,synthetic_complete
kan_generic_N2000_K200_H200_nominal_t0p05,3,tp_Mbps,195.96269833333332,30,30,synthetic_complete
kan_generic_N2000_K200_H200_nominal_t0p05,4,tp_Mbps,196.57897916666667,30,30,synthetic_complete
kan_generic_N2000_K200_H200_nominal_t0p05,5,tp_Mbps,197.25498666666667,30,30,synthetic_complete
kan_generic_N2000_K200_H200_nominal_t0p05,1,served_p5tp_Mbps,54.53333333333333,30,30,synthetic_complete
kan_generic_N2000_K200_H200_nominal_t0p05,2,served_p5tp_Mbps,54.53333333333333,30,30,synthetic_complete
kan_generic_N2000_K200_H200_nominal_t0p05,3,served_p5tp_Mbps,54.513333333333335,30,30,synthetic_complete
kan_generic_N2000_K200_H200_nominal_t0p05,4,served_p5tp_Mbps,54.53,30,30,synthetic_complete
kan_generic_N2000_K200_H200_nominal_t0p05,5,served_p5tp_Mbps,54.53333333333333,30,30,synthetic_complete
kan_generic_N2000_K200_H200_nominal_t0p05,1,peak_normalized,0.848573894987208,30,30,synthetic_complete
kan_generic_N2000_K200_H200_nominal_t0p05,2,peak_normalized,0.8553256106272611,30,30,synthetic_complete
kan_generic_N2000_K200_H200_nominal_t0p05,3,peak_normalized,0.8483231563441639,30,30,synthetic_complete
kan_generic_N2000_K200_H200_nominal_t0p05,4,peak_normalized,0.8533152991089916,30,30,synthetic_complete
kan_generic_N2000_K200_H200_nominal_t0p05,5,peak_normalized,0.8575531093339788,30,30,synthetic_complete
kan_generic_N2000_K200_H200_nominal_t0p05,1,active_load_variance,0.022113724602991467,30,30,synthetic_complete
kan_generic_N2000_K200_H200_nominal_t0p05,2,active_load_variance,0.022237420862656482,30,30,synthetic_complete
kan_generic_N2000_K200_H200_nominal_t0p05,3,active_load_variance,0.022218164840436448,30,30,synthetic_complete
kan_generic_N2000_K200_H200_nominal_t0p05,4,active_load_variance,0.022236784862773036,30,30,synthetic_complete
kan_generic_N2000_K200_H200_nominal_t0p05,5,active_load_variance,0.022241668815799132,30,30,synthetic_complete
kan_generic_N2000_K200_H200_nominal_t0p05,1,mse_user_vector,0.04659075158148881,30,30,synthetic_complete
kan_generic_N2000_K200_H200_nominal_t0p05,2,mse_user_vector,0.04106394977945988,30,30,synthetic_complete
kan_generic_N2000_K200_H200_nominal_t0p05,3,mse_user_vector,0.044119805273574494,30,30,synthetic_complete
kan_generic_N2000_K200_H200_nominal_t0p05,4,mse_user_vector,0.04270467060334538,30,30,synthetic_complete
kan_generic_N2000_K200_H200_nominal_t0p05,5,mse_user_vector,0.04062804545829328,30,30,synthetic_complete
kan_generic_N2000_K200_H200_nominal_t0p05,1,persistence_mse_user_vector,0.044295,30,30,synthetic_complete
kan_generic_N2000_K200_H200_nominal_t0p05,2,persistence_mse_user_vector,0.03905,30,30,synthetic_complete
kan_generic_N2000_K200_H200_nominal_t0p05,3,persistence_mse_user_vector,0.042605000000000004,30,30,synthetic_complete
kan_generic_N2000_K200_H200_nominal_t0p05,4,persistence_mse_user_vector,0.040806666666666665,30,30,synthetic_complete
kan_generic_N2000_K200_H200_nominal_t0p05,5,persistence_mse_user_vector,0.03815166666666667,30,30,synthetic_complete
kan_generic_N2000_K200_H200_nominal_t0p05,1,Cbar,0.02850308333333333,30,30,synthetic_complete
kan_generic_N2000_K200_H200_nominal_t0p05,2,Cbar,0.026931749999999997,30,30,synthetic_complete
kan_generic_N2000_K200_H200_nominal_t0p05,3,Cbar,0.02795108333333333,30,30,synthetic_complete
kan_generic_N2000_K200_H200_nominal_t0p05,4,Cbar,0.027266416666666664,30,30,synthetic_complete
kan_generic_N2000_K200_H200_nominal_t0p05,5,Cbar,0.02651075,30,30,synthetic_complete
kan_generic_N2000_K200_H200_nominal_t0p05,1,Lbar,0.35523,30,30,synthetic_complete
kan_generic_N2000_K200_H200_nominal_t0p05,2,Lbar,0.35714741666666666,30,30,synthetic_complete
kan_generic_N2000_K200_H200_nominal_t0p05,3,Lbar,0.35620816666666666,30,30,synthetic_complete
kan_generic_N2000_K200_H200_nominal_t0p05,4,Lbar,0.35684925,30,30,synthetic_complete
kan_generic_N2000_K200_H200_nominal_t0p05,5,Lbar,0.35752158333333334,30,30,synthetic_complete
kan_generic_N2000_K200_H200_nominal_t0p05,1,J_user,-0.546002,30,30,synthetic_complete
kan_generic_N2000_K200_H200_nominal_t0p05,2,J_user,-0.5644792083333333,30,30,synthetic_complete
kan_generic_N2000_K200_H200_nominal_t0p05,3,J_user,-0.5524482847222222,30,30,synthetic_complete
kan_generic_N2000_K200_H200_nominal_t0p05,4,J_user,-0.5606087465277778,30,30,synthetic_complete
kan_generic_N2000_K200_H200_nominal_t0p05,5,J_user,-0.5691004444444444,30,30,synthetic_complete
kan_generic_N2000_K200_H200_nominal_t0p05,1,J_network,-109.2004,30,30,synthetic_complete
kan_generic_N2000_K200_H200_nominal_t0p05,2,J_network,-112.89584166666667,30,30,synthetic_complete
kan_generic_N2000_K200_H200_nominal_t0p05,3,J_network,-110.48965694444445,30,30,synthetic_complete
kan_generic_N2000_K200_H200_nominal_t0p05,4,J_network,-112.12174930555555,30,30,synthetic_complete
kan_generic_N2000_K200_H200_nominal_t0p05,5,J_network,-113.82008888888889,30,30,synthetic_complete
kan_generic_N2000_K300_H200_nominal_t0p05,1,outage_percent,2.2080555555555557,30,30,synthetic_complete
kan_generic_N2000_K300_H200_nominal_t0p05,2,outage_percent,1.859611111111111,30,30,synthetic_complete
kan_generic_N2000_K300_H200_nominal_t0p05,3,outage_percent,2.083,30,30,synthetic_complete
kan_generic_N2000_K300_H200_nominal_t0p05,4,outage_percent,1.9327222222222222,30,30,synthetic_complete
kan_generic_N2000_K300_H200_nominal_t0p05,5,outage_percent,1.7710555555555556,30,30,synthetic_complete
kan_generic_N2000_K300_H200_nominal_t0p05,1,hof_percent,2.2706879516697343,30,30,synthetic_complete
kan_generic_N2000_K300_H200_nominal_t0p05,2,hof_percent,1.8926735660414038,30,30,synthetic_complete
kan_generic_N2000_K300_H200_nominal_t0p05,3,hof_percent,2.132122057738366,30,30,synthetic_complete
kan_generic_N2000_K300_H200_nominal_t0p05,4,hof_percent,1.9714064253443901,30,30,synthetic_complete
kan_generic_N2000_K300_H200_nominal_t0p05,5,hof_percent,1.8094580646001646,30,30,synthetic_complete
kan_generic_N2000_K300_H200_nominal_t0p05,1,pp_percent,0.25404040404040407,30,30,synthetic_complete
kan_generic_N2000_K300_H200_nominal_t0p05,2,pp_percent,0.22682379349046017,30,30,synthetic_complete
kan_generic_N2000_K300_H200_nominal_t0p05,3,pp_percent,0.24539842873176207,30,30,synthetic_complete
kan_generic_N2000_K300_H200_nominal_t0p05,4,pp_percent,0.2330527497194164,30,30,synthetic_complete
kan_generic_N2000_K300_H200_nominal_t0p05,5,pp_percent,0.2196408529741863,30,30,synthetic_complete
kan_generic_N2000_K300_H200_nominal_t0p05,1,tp_Mbps,190.95844722222222,30,30,synthetic_complete
kan_generic_N2000_K300_H200_nominal_t0p05,2,tp_Mbps,192.52889222222223,30,30,synthetic_complete
kan_generic_N2000_K300_H200_nominal_t0p05,3,tp_Mbps,191.50955611111112,30,30,synthetic_complete
kan_generic_N2000_K300_H200_nominal_t0p05,4,tp_Mbps,192.190195,30,30,synthetic_complete
kan_generic_N2000_K300_H200_nominal_t0p05,5,tp_Mbps,192.95209111111112,30,30,synthetic_complete
kan_generic_N2000_K300_H200_nominal_t0p05,1,served_p5tp_Mbps,57.53333333333333,30,30,synthetic_complete
kan_generic_N2000_K300_H200_nominal_t0p05,2,served_p5tp_Mbps,57.53333333333333,30,30,synthetic_complete
kan_generic_N2000_K300_H200_nominal_t0p05,3,served_p5tp_Mbps,57.53333333333333,30,30,synthetic_complete
kan_generic_N2000_K300_H200_nominal_t0p05,4,served_p5tp_Mbps,57.5,30,30,synthetic_complete
kan_generic_N2000_K300_H200_nominal_t0p05,5,served_p5tp_Mbps,57.53333333333333,30,30,synthetic_complete
kan_generic_N2000_K300_H200_nominal_t0p05,1,peak_normalized,0.9454116732416056,30,30,synthetic_complete
kan_generic_N2000_K300_H200_nominal_t0p05,2,peak_normalized,0.954450223915133,30,30,synthetic_complete
kan_generic_N2000_K300_H200_nominal_t0p05,3,peak_normalized,0.9493704744602869,30,30,synthetic_complete
kan_generic_N2000_K300_H200_nominal_t0p05,4,peak_normalized,0.9514253156732285,30,30,synthetic_complete
kan_generic_N2000_K300_H200_nominal_t0p05,5,peak_normalized,0.9574080364176503,30,30,synthetic_complete
kan_generic_N2000_K300_H200_nominal_t0p05,1,active_load_variance,0.035578446848430235,30,30,synthetic_complete
kan_generic_N2000_K300_H200_nominal_t0p05,2,active_load_variance,0.035598722006271726,30,30,synthetic_complete
kan_generic_N2000_K300_H200_nominal_t0p05,3,active_load_variance,0.03564791823800006,30,30,synthetic_complete
kan_generic_N2000_K300_H200_nominal_t0p05,4,active_load_variance,0.035607414487159116,30,30,synthetic_complete
kan_generic_N2000_K300_H200_nominal_t0p05,5,active_load_variance,0.03563815583623597,30,30,synthetic_complete
kan_generic_N2000_K300_H200_nominal_t0p05,1,mse_user_vector,0.07162396497802295,30,30,synthetic_complete
kan_generic_N2000_K300_H200_nominal_t0p05,2,mse_user_vector,0.06801170267357733,30,30,synthetic_complete
kan_generic_N2000_K300_H200_nominal_t0p05,3,mse_user_vector,0.0706992547670948,30,30,synthetic_complete
kan_generic_N2000_K300_H200_nominal_t0p05,4,mse_user_vector,0.07001009251083315,30,30,synthetic_complete
kan_generic_N2000_K300_H200_nominal_t0p05,5,mse_user_vector,0.06832484265361545,30,30,synthetic_complete
kan_generic_N2000_K300_H200_nominal_t0p05,1,persistence_mse_user_vector,0.0695111111111111,30,30,synthetic_complete
kan_generic_N2000_K300_H200_nominal_t0p05,2,persistence_mse_user_vector,0.06638222222222222,30,30,synthetic_complete
kan_generic_N2000_K300_H200_nominal_t0p05,3,persistence_mse_user_vector,0.06890666666666667,30,30,synthetic_complete
kan_generic_N2000_K300_H200_nominal_t0p05,4,persistence_mse_user_vector,0.06748444444444444,30,30,synthetic_complete
kan_generic_N2000_K300_H200_nominal_t0p05,5,persistence_mse_user_vector,0.06517333333333333,30,30,synthetic_complete
kan_generic_N2000_K300_H200_nominal_t0p05,1,Cbar,0.028093,30,30,synthetic_complete
kan_generic_N2000_K300_H200_nominal_t0p05,2,Cbar,0.026616722222222222,30,30,synthetic_complete
kan_generic_N2000_K300_H200_nominal_t0p05,3,Cbar,0.027572,30,30,synthetic_complete
kan_generic_N2000_K300_H200_nominal_t0p05,4,Cbar,0.026932666666666664,30,30,synthetic_complete
kan_generic_N2000_K300_H200_nominal_t0p05,5,Cbar,0.026215222222222223,30,30,synthetic_complete
kan_generic_N2000_K300_H200_nominal_t0p05,1,Lbar,0.4773906111111111,30,30,synthetic_complete
kan_generic_N2000_K300_H200_nominal_t0p05,2,Lbar,0.4800773888888889,30,30,synthetic_complete
kan_generic_N2000_K300_H200_nominal_t0p05,3,Lbar,0.47851255555555555,30,30,synthetic_complete
kan_generic_N2000_K300_H200_nominal_t0p05,4,Lbar,0.47957161111111113,30,30,synthetic_complete
kan_generic_N2000_K300_H200_nominal_t0p05,5,Lbar,0.4808142777777778,30,30,synthetic_complete
kan_generic_N2000_K300_H200_nominal_t0p05,1,J_user,-0.4325156134259259,30,30,synthetic_complete
kan_generic_N2000_K300_H200_nominal_t0p05,2,J_user,-0.45587610648148147,30,30,synthetic_complete
kan_generic_N2000_K300_H200_nominal_t0p05,3,J_user,-0.4407642060185185,30,30,synthetic_complete
kan_generic_N2000_K300_H200_nominal_t0p05,4,J_user,-0.45090422916666667,30,30,synthetic_complete
kan_generic_N2000_K300_H200_nominal_t0p05,5,J_user,-0.4618995185185185,30,30,synthetic_complete
kan_generic_N2000_K300_H200_nominal_t0p05,1,J_network,-129.75468402777778,30,30,synthetic_complete
kan_generic_N2000_K300_H200_nominal_t0p05,2,J_network,-136.76283194444446,30,30,synthetic_complete
kan_generic_N2000_K300_H200_nominal_t0p05,3,J_network,-132.22926180555555,30,30,synthetic_complete
kan_generic_N2000_K300_H200_nominal_t0p05,4,J_network,-135.27126875,30,30,synthetic_complete
kan_generic_N2000_K300_H200_nominal_t0p05,5,J_network,-138.56985555555556,30,30,synthetic_complete
kan_generic_N2000_K400_H200_nominal_t0p05,1,outage_percent,3.3109583333333332,30,30,synthetic_complete
kan_generic_N2000_K400_H200_nominal_t0p05,2,outage_percent,2.8015416666666666,30,30,synthetic_complete
kan_generic_N2000_K400_H200_nominal_t0p05,3,outage_percent,3.119291666666667,30,30,synthetic_complete
kan_generic_N2000_K400_H200_nominal_t0p05,4,outage_percent,2.900875,30,30,synthetic_complete
kan_generic_N2000_K400_H200_nominal_t0p05,5,outage_percent,2.677583333333333,30,30,synthetic_complete
kan_generic_N2000_K400_H200_nominal_t0p05,1,hof_percent,3.479748400453214,30,30,synthetic_complete
kan_generic_N2000_K400_H200_nominal_t0p05,2,hof_percent,2.929478734455667,30,30,synthetic_complete
kan_generic_N2000_K400_H200_nominal_t0p05,3,hof_percent,3.274713049542033,30,30,synthetic_complete
kan_generic_N2000_K400_H200_nominal_t0p05,4,hof_percent,3.0414143146768113,30,30,synthetic_complete
kan_generic_N2000_K400_H200_nominal_t0p05,5,hof_percent,2.801438468629159,30,30,synthetic_complete
kan_generic_N2000_K400_H200_nominal_t0p05,1,pp_percent,0.24431818181818182,30,30,synthetic_complete
kan_generic_N2000_K400_H200_nominal_t0p05,2,pp_percent,0.21851851851851853,30,30,synthetic_complete
kan_generic_N2000_K400_H200_nominal_t0p05,3,pp_percent,0.23564814814814816,30,30,synthetic_complete
kan_generic_N2000_K400_H200_nominal_t0p05,4,pp_percent,0.22432659932659932,30,30,synthetic_complete
kan_generic_N2000_K400_H200_nominal_t0p05,5,pp_percent,0.2119107744107744,30,30,synthetic_complete
kan_generic_N2000_K400_H200_nominal_t0p05,1,tp_Mbps,186.11250458333333,30,30,synthetic_complete
kan_generic_N2000_K400_H200_nominal_t0p05,2,tp_Mbps,187.94607083333332,30,30,synthetic_complete
kan_generic_N2000_K400_H200_nominal_t0p05,3,tp_Mbps,186.78115833333334,30,30,synthetic_complete
kan_generic_N2000_K400_H200_nominal_t0p05,4,tp_Mbps,187.5675375,30,30,synthetic_complete
kan_generic_N2000_K400_H200_nominal_t0p05,5,tp_Mbps,188.42654875,30,30,synthetic_complete
kan_generic_N2000_K400_H200_nominal_t0p05,1,served_p5tp_Mbps,57.833333333333336,30,30,synthetic_complete
kan_generic_N2000_K400_H200_nominal_t0p05,2,served_p5tp_Mbps,57.86666666666667,30,30,synthetic_complete
kan_generic_N2000_K400_H200_nominal_t0p05,3,served_p5tp_Mbps,57.833333333333336,30,30,synthetic_complete
kan_generic_N2000_K400_H200_nominal_t0p05,4,served_p5tp_Mbps,57.833333333333336,30,30,synthetic_complete
kan_generic_N2000_K400_H200_nominal_t0p05,5,served_p5tp_Mbps,57.86666666666667,30,30,synthetic_complete
kan_generic_N2000_K400_H200_nominal_t0p05,1,peak_normalized,0.9771964765953051,30,30,synthetic_complete
kan_generic_N2000_K400_H200_nominal_t0p05,2,peak_normalized,0.9809452155958519,30,30,synthetic_complete
kan_generic_N2000_K400_H200_nominal_t0p05,3,peak_normalized,0.9788944419046806,30,30,synthetic_complete
kan_generic_N2000_K400_H200_nominal_t0p05,4,peak_normalized,0.9803395196433916,30,30,synthetic_complete
kan_generic_N2000_K400_H200_nominal_t0p05,5,peak_normalized,0.9822189308198069,30,30,synthetic_complete
kan_generic_N2000_K400_H200_nominal_t0p05,1,active_load_variance,0.045234056469789743,30,30,synthetic_complete
kan_generic_N2000_K400_H200_nominal_t0p05,2,active_load_variance,0.04529711517204489,30,30,synthetic_complete
kan_generic_N2000_K400_H200_nominal_t0p05,3,active_load_variance,0.04521017631895682,30,30,synthetic_complete
kan_generic_N2000_K400_H200_nominal_t0p05,4,active_load_variance,0.045278473525086495,30,30,synthetic_complete
kan_generic_N2000_K400_H200_nominal_t0p05,5,active_load_variance,0.045243030955833916,30,30,synthetic_complete
kan_generic_N2000_K400_H200_nominal_t0p05,1,mse_user_vector,0.10416878227895088,30,30,synthetic_complete
kan_generic_N2000_K400_H200_nominal_t0p05,2,mse_user_vector,0.09579718095543682,30,30,synthetic_complete
kan_generic_N2000_K400_H200_nominal_t0p05,3,mse_user_vector,0.10178973272441345,30,30,synthetic_complete
kan_generic_N2000_K400_H200_nominal_t0p05,4,mse_user_vector,0.09918829224930398,30,30,synthetic_complete
kan_generic_N2000_K400_H200_nominal_t0p05,5,mse_user_vector,0.095843672031255,30,30,synthetic_complete
kan_generic_N2000_K400_H200_nominal_t0p05,1,persistence_mse_user_vector,0.10268916666666666,30,30,synthetic_complete
kan_generic_N2000_K400_H200_nominal_t0p05,2,persistence_mse_user_vector,0.09460583333333333,30,30,synthetic_complete
kan_generic_N2000_K400_H200_nominal_t0p05,3,persistence_mse_user_vector,0.09980833333333333,30,30,synthetic_complete
kan_generic_N2000_K400_H200_nominal_t0p05,4,persistence_mse_user_vector,0.09646833333333334,30,30,synthetic_complete
kan_generic_N2000_K400_H200_nominal_t0p05,5,persistence_mse_user_vector,0.09295083333333333,30,30,synthetic_complete
kan_generic_N2000_K400_H200_nominal_t0p05,1,Cbar,0.027442374999999998,30,30,synthetic_complete
kan_generic_N2000_K400_H200_nominal_t0p05,2,Cbar,0.026094916666666666,30,30,synthetic_complete
kan_generic_N2000_K400_H200_nominal_t0p05,3,Cbar,0.026962541666666666,30,30,synthetic_complete
kan_generic_N2000_K400_H200_nominal_t0p05,4,Cbar,0.026384958333333333,30,30,synthetic_complete
kan_generic_N2000_K400_H200_nominal_t0p05,5,Cbar,0.025720749999999997,30,30,synthetic_complete
kan_generic_N2000_K400_H200_nominal_t0p05,1,Lbar,0.5855929583333334,30,30,synthetic_complete
kan_generic_N2000_K400_H200_nominal_t0p05,2,Lbar,0.590938875,30,30,synthetic_complete
kan_generic_N2000_K400_H200_nominal_t0p05,3,Lbar,0.5875007916666667,30,30,synthetic_complete
kan_generic_N2000_K400_H200_nominal_t0p05,4,Lbar,0.5898860416666667,30,30,synthetic_complete
kan_generic_N2000_K400_H200_nominal_t0p05,5,Lbar,0.5921021666666667,30,30,synthetic_complete
kan_generic_N2000_K400_H200_nominal_t0p05,1,J_user,-0.3034031857638889,30,30,synthetic_complete
kan_generic_N2000_K400_H200_nominal_t0p05,2,J_user,-0.3345146493055556,30,30,synthetic_complete
kan_generic_N2000_K400_H200_nominal_t0p05,3,J_user,-0.3150585763888889,30,30,synthetic_complete
kan_generic_N2000_K400_H200_nominal_t0p05,4,J_user,-0.32835215624999997,30,30,synthetic_complete
kan_generic_N2000_K400_H200_nominal_t0p05,5,J_user,-0.3423199947916667,30,30,synthetic_complete
kan_generic_N2000_K400_H200_nominal_t0p05,1,J_network,-121.36127430555555,30,30,synthetic_complete
kan_generic_N2000_K400_H200_nominal_t0p05,2,J_network,-133.8058597222222,30,30,synthetic_complete
kan_generic_N2000_K400_H200_nominal_t0p05,3,J_network,-126.02343055555555,30,30,synthetic_complete
kan_generic_N2000_K400_H200_nominal_t0p05,4,J_network,-131.3408625,30,30,synthetic_complete
kan_generic_N2000_K400_H200_nominal_t0p05,5,J_network,-136.92799791666667,30,30,synthetic_complete
kan_generic_N2000_K500_H200_nominal_t0p05,1,outage_percent,5.081366666666667,30,30,synthetic_complete
kan_generic_N2000_K500_H200_nominal_t0p05,2,outage_percent,4.367666666666667,30,30,synthetic_complete
kan_generic_N2000_K500_H200_nominal_t0p05,3,outage_percent,4.8144,30,30,synthetic_complete
kan_generic_N2000_K500_H200_nominal_t0p05,4,outage_percent,4.5084333333333335,30,30,synthetic_complete
kan_generic_N2000_K500_H200_nominal_t0p05,5,outage_percent,4.198133333333334,30,30,synthetic_complete
kan_generic_N2000_K500_H200_nominal_t0p05,1,hof_percent,5.447506509384847,30,30,synthetic_complete
kan_generic_N2000_K500_H200_nominal_t0p05,2,hof_percent,4.738764174153267,30,30,synthetic_complete
kan_generic_N2000_K500_H200_nominal_t0p05,3,hof_percent,5.1766084259307705,30,30,synthetic_complete
kan_generic_N2000_K500_H200_nominal_t0p05,4,hof_percent,4.908294608755139,30,30,synthetic_complete
kan_generic_N2000_K500_H200_nominal_t0p05,5,hof_percent,4.580245862849397,30,30,synthetic_complete
kan_generic_N2000_K500_H200_nominal_t0p05,1,pp_percent,0.2318855218855219,30,30,synthetic_complete
kan_generic_N2000_K500_H200_nominal_t0p05,2,pp_percent,0.20767676767676768,30,30,synthetic_complete
kan_generic_N2000_K500_H200_nominal_t0p05,3,pp_percent,0.22393939393939394,30,30,synthetic_complete
kan_generic_N2000_K500_H200_nominal_t0p05,4,pp_percent,0.2130976430976431,30,30,synthetic_complete
kan_generic_N2000_K500_H200_nominal_t0p05,5,pp_percent,0.20185185185185187,30,30,synthetic_complete
kan_generic_N2000_K500_H200_nominal_t0p05,1,tp_Mbps,180.20029166666666,30,30,synthetic_complete
kan_generic_N2000_K500_H200_nominal_t0p05,2,tp_Mbps,182.35144533333334,30,30,synthetic_complete
kan_generic_N2000_K500_H200_nominal_t0p05,3,tp_Mbps,180.984114,30,30,synthetic_complete
kan_generic_N2000_K500_H200_nominal_t0p05,4,tp_Mbps,181.91165833333332,30,30,synthetic_complete
kan_generic_N2000_K500_H200_nominal_t0p05,5,tp_Mbps,182.90182166666668,30,30,synthetic_complete
kan_generic_N2000_K500_H200_nominal_t0p05,1,served_p5tp_Mbps,57.833333333333336,30,30,synthetic_complete
kan_generic_N2000_K500_H200_nominal_t0p05,2,served_p5tp_Mbps,57.86666666666667,30,30,synthetic_complete
kan_generic_N2000_K500_H200_nominal_t0p05,3,served_p5tp_Mbps,57.833333333333336,30,30,synthetic_complete
kan_generic_N2000_K500_H200_nominal_t0p05,4,served_p5tp_Mbps,57.86666666666667,30,30,synthetic_complete
kan_generic_N2000_K500_H200_nominal_t0p05,5,served_p5tp_Mbps,57.86666666666667,30,30,synthetic_complete
kan_generic_N2000_K500_H200_nominal_t0p05,1,peak_normalized,0.9876603105244028,30,30,synthetic_complete
kan_generic_N2000_K500_H200_nominal_t0p05,2,peak_normalized,0.9913795947656322,30,30,synthetic_complete
kan_generic_N2000_K500_H200_nominal_t0p05,3,peak_normalized,0.9898674440530173,30,30,synthetic_complete
kan_generic_N2000_K500_H200_nominal_t0p05,4,peak_normalized,0.9904485384851169,30,30,synthetic_complete
kan_generic_N2000_K500_H200_nominal_t0p05,5,peak_normalized,0.9909619344003215,30,30,synthetic_complete
kan_generic_N2000_K500_H200_nominal_t0p05,1,active_load_variance,0.04723528602771504,30,30,synthetic_complete
kan_generic_N2000_K500_H200_nominal_t0p05,2,active_load_variance,0.047061146980427765,30,30,synthetic_complete
kan_generic_N2000_K500_H200_nominal_t0p05,3,active_load_variance,0.04715852729425556,30,30,synthetic_complete
kan_generic_N2000_K500_H200_nominal_t0p05,4,active_load_variance,0.047099944113052496,30,30,synthetic_complete
kan_generic_N2000_K500_H200_nominal_t0p05,5,active_load_variance,0.046970828411132017,30,30,synthetic_complete
kan_generic_N2000_K500_H200_nominal_t0p05,1,mse_user_vector,0.1316238552698599,30,30,synthetic_complete
kan_generic_N2000_K500_H200_nominal_t0p05,2,mse_user_vector,0.121883226148498,30,30,synthetic_complete
kan_generic_N2000_K500_H200_nominal_t0p05,3,mse_user_vector,0.13175793564404972,30,30,synthetic_complete
kan_generic_N2000_K500_H200_nominal_t0p05,4,mse_user_vector,0.12607951564214712,30,30,synthetic_complete
kan_generic_N2000_K500_H200_nominal_t0p05,5,mse_user_vector,0.11993606961141925,30,30,synthetic_complete
kan_generic_N2000_K500_H200_nominal_t0p05,1,persistence_mse_user_vector,0.130724,30,30,synthetic_complete
kan_generic_N2000_K500_H200_nominal_t0p05,2,persistence_mse_user_vector,0.12138466666666667,30,30,synthetic_complete
kan_generic_N2000_K500_H200_nominal_t0p05,3,persistence_mse_user_vector,0.13052533333333335,30,30,synthetic_complete
kan_generic_N2000_K500_H200_nominal_t0p05,4,persistence_mse_user_vector,0.12355133333333335,30,30,synthetic_complete
kan_generic_N2000_K500_H200_nominal_t0p05,5,persistence_mse_user_vector,0.11726933333333334,30,30,synthetic_complete
kan_generic_N2000_K500_H200_nominal_t0p05,1,Cbar,0.0263435,30,30,synthetic_complete
kan_generic_N2000_K500_H200_nominal_t0p05,2,Cbar,0.0251502,30,30,synthetic_complete
kan_generic_N2000_K500_H200_nominal_t0p05,3,Cbar,0.0259285,30,30,synthetic_complete
kan_generic_N2000_K500_H200_nominal_t0p05,4,Cbar,0.025405633333333334,30,30,synthetic_complete
kan_generic_N2000_K500_H200_nominal_t0p05,5,Cbar,0.024806333333333333,30,30,synthetic_complete
kan_generic_N2000_K500_H200_nominal_t0p05,1,Lbar,0.6723883666666667,30,30,synthetic_complete
kan_generic_N2000_K500_H200_nominal_t0p05,2,Lbar,0.6811115333333333,30,30,synthetic_complete
kan_generic_N2000_K500_H200_nominal_t0p05,3,Lbar,0.675553,30,30,synthetic_complete
kan_generic_N2000_K500_H200_nominal_t0p05,4,Lbar,0.6792929,30,30,synthetic_complete
kan_generic_N2000_K500_H200_nominal_t0p05,5,Lbar,0.6831147333333333,30,30,synthetic_complete
kan_generic_N2000_K500_H200_nominal_t0p05,1,J_user,-0.14740028194444446,30,30,synthetic_complete
kan_generic_N2000_K500_H200_nominal_t0p05,2,J_user,-0.18828348888888888,30,30,synthetic_complete
kan_generic_N2000_K500_H200_nominal_t0p05,3,J_user,-0.16263972499999999,30,30,synthetic_complete
kan_generic_N2000_K500_H200_nominal_t0p05,4,J_user,-0.1801943097222222,30,30,synthetic_complete
kan_generic_N2000_K500_H200_nominal_t0p05,5,J_user,-0.19822372361111112,30,30,synthetic_complete
kan_generic_N2000_K500_H200_nominal_t0p05,1,J_network,-73.70014097222223,30,30,synthetic_complete
kan_generic_N2000_K500_H200_nominal_t0p05,2,J_network,-94.14174444444444,30,30,synthetic_complete
kan_generic_N2000_K500_H200_nominal_t0p05,3,J_network,-81.3198625,30,30,synthetic_complete
kan_generic_N2000_K500_H200_nominal_t0p05,4,J_network,-90.09715486111111,30,30,synthetic_complete
kan_generic_N2000_K500_H200_nominal_t0p05,5,J_network,-99.11186180555556,30,30,synthetic_complete
leo_madrl_N2000_K100_H50_nominal_tnative,1,outage_percent,0.8686666666666667,30,30,synthetic_complete
leo_madrl_N2000_K100_H50_nominal_tnative,2,outage_percent,1.0313333333333334,30,30,synthetic_complete
leo_madrl_N2000_K100_H50_nominal_tnative,3,outage_percent,0.8906666666666667,30,30,synthetic_complete
leo_madrl_N2000_K100_H50_nominal_tnative,4,outage_percent,0.8073333333333333,30,30,synthetic_complete
leo_madrl_N2000_K100_H50_nominal_tnative,5,outage_percent,1.0486666666666666,30,30,synthetic_complete
leo_madrl_N2000_K100_H50_nominal_tnative,1,hof_percent,0.8484309885438204,30,30,synthetic_complete
leo_madrl_N2000_K100_H50_nominal_tnative,2,hof_percent,0.9694704822656847,30,30,synthetic_complete
leo_madrl_N2000_K100_H50_nominal_tnative,3,hof_percent,0.8598286231086009,30,30,synthetic_complete
leo_madrl_N2000_K100_H50_nominal_tnative,4,hof_percent,0.8060493240096385,30,30,synthetic_complete
leo_madrl_N2000_K100_H50_nominal_tnative,5,hof_percent,0.9875979231227674,30,30,synthetic_complete
leo_madrl_N2000_K100_H50_nominal_tnative,1,pp_percent,0.11319444444444444,30,30,synthetic_complete
leo_madrl_N2000_K100_H50_nominal_tnative,2,pp_percent,0.12708333333333333,30,30,synthetic_complete
leo_madrl_N2000_K100_H50_nominal_tnative,3,pp_percent,0.11388888888888889,30,30,synthetic_complete
leo_madrl_N2000_K100_H50_nominal_tnative,4,pp_percent,0.10902777777777778,30,30,synthetic_complete
leo_madrl_N2000_K100_H50_nominal_tnative,5,pp_percent,0.12916666666666668,30,30,synthetic_complete
leo_madrl_N2000_K100_H50_nominal_tnative,1,tp_Mbps,200.16208,30,30,synthetic_complete
leo_madrl_N2000_K100_H50_nominal_tnative,2,tp_Mbps,198.9204,30,30,synthetic_complete
leo_madrl_N2000_K100_H50_nominal_tnative,3,tp_Mbps,199.99688,30,30,synthetic_complete
leo_madrl_N2000_K100_H50_nominal_tnative,4,tp_Mbps,200.63842666666667,30,30,synthetic_complete
leo_madrl_N2000_K100_H50_nominal_tnative,5,tp_Mbps,198.82824666666667,30,30,synthetic_complete
leo_madrl_N2000_K100_H50_nominal_tnative,1,served_p5tp_Mbps,56.55500000000007,30,30,synthetic_complete
leo_madrl_N2000_K100_H50_nominal_tnative,2,served_p5tp_Mbps,56.84166666666667,30,30,synthetic_complete
leo_madrl_N2000_K100_H50_nominal_tnative,3,served_p5tp_Mbps,56.550000000000075,30,30,synthetic_complete
leo_madrl_N2000_K100_H50_nominal_tnative,4,served_p5tp_Mbps,56.99833333333337,30,30,synthetic_complete
leo_madrl_N2000_K100_H50_nominal_tnative,5,served_p5tp_Mbps,56.545000000000016,30,30,synthetic_complete
leo_madrl_N2000_K100_H50_nominal_tnative,1,peak_normalized,0.5026743817117236,30,30,synthetic_complete
leo_madrl_N2000_K100_H50_nominal_tnative,2,peak_normalized,0.5058063346032943,30,30,synthetic_complete
leo_madrl_N2000_K100_H50_nominal_tnative,3,peak_normalized,0.5057504804143269,30,30,synthetic_complete
leo_madrl_N2000_K100_H50_nominal_tnative,4,peak_normalized,0.4986861679477248,30,30,synthetic_complete
leo_madrl_N2000_K100_H50_nominal_tnative,5,peak_normalized,0.5068862033755841,30,30,synthetic_complete
leo_madrl_N2000_K100_H50_nominal_tnative,1,active_load_variance,0.007820974486394898,30,30,synthetic_complete
leo_madrl_N2000_K100_H50_nominal_tnative,2,active_load_variance,0.007820862917144494,30,30,synthetic_complete
leo_madrl_N2000_K100_H50_nominal_tnative,3,active_load_variance,0.007849626953566325,30,30,synthetic_complete
leo_madrl_N2000_K100_H50_nominal_tnative,4,active_load_variance,0.007815407528584244,30,30,synthetic_complete
leo_madrl_N2000_K100_H50_nominal_tnative,5,active_load_variance,0.007783925709727001,30,30,synthetic_complete
leo_madrl_N2000_K100_H50_nominal_tnative,1,mse_user_vector,,0,30,synthetic_complete
leo_madrl_N2000_K100_H50_nominal_tnative,2,mse_user_vector,,0,30,synthetic_complete
leo_madrl_N2000_K100_H50_nominal_tnative,3,mse_user_vector,,0,30,synthetic_complete
leo_madrl_N2000_K100_H50_nominal_tnative,4,mse_user_vector,,0,30,synthetic_complete
leo_madrl_N2000_K100_H50_nominal_tnative,5,mse_user_vector,,0,30,synthetic_complete
leo_madrl_N2000_K100_H50_nominal_tnative,1,persistence_mse_user_vector,,0,30,synthetic_complete
leo_madrl_N2000_K100_H50_nominal_tnative,2,persistence_mse_user_vector,,0,30,synthetic_complete
leo_madrl_N2000_K100_H50_nominal_tnative,3,persistence_mse_user_vector,,0,30,synthetic_complete
leo_madrl_N2000_K100_H50_nominal_tnative,4,persistence_mse_user_vector,,0,30,synthetic_complete
leo_madrl_N2000_K100_H50_nominal_tnative,5,persistence_mse_user_vector,,0,30,synthetic_complete
leo_madrl_N2000_K100_H50_nominal_tnative,1,Cbar,0.020234,30,30,synthetic_complete
leo_madrl_N2000_K100_H50_nominal_tnative,2,Cbar,0.021438,30,30,synthetic_complete
leo_madrl_N2000_K100_H50_nominal_tnative,3,Cbar,0.020363333333333334,30,30,synthetic_complete
leo_madrl_N2000_K100_H50_nominal_tnative,4,Cbar,0.019805333333333335,30,30,synthetic_complete
leo_madrl_N2000_K100_H50_nominal_tnative,5,Cbar,0.021564,30,30,synthetic_complete
leo_madrl_N2000_K100_H50_nominal_tnative,1,Lbar,0.21229533333333334,30,30,synthetic_complete
leo_madrl_N2000_K100_H50_nominal_tnative,2,Lbar,0.21215266666666666,30,30,synthetic_complete
leo_madrl_N2000_K100_H50_nominal_tnative,3,Lbar,0.21254666666666666,30,30,synthetic_complete
leo_madrl_N2000_K100_H50_nominal_tnative,4,Lbar,0.21266733333333335,30,30,synthetic_complete
leo_madrl_N2000_K100_H50_nominal_tnative,5,Lbar,0.21182466666666666,30,30,synthetic_complete
leo_madrl_N2000_K100_H50_nominal_tnative,1,J_user,-0.6743106666666667,30,30,synthetic_complete
leo_madrl_N2000_K100_H50_nominal_tnative,2,J_user,-0.660473,30,30,synthetic_complete
leo_madrl_N2000_K100_H50_nominal_tnative,3,J_user,-0.672332,30,30,synthetic_complete
leo_madrl_N2000_K100_H50_nominal_tnative,4,J_user,-0.6793904444444444,30,30,synthetic_complete
leo_madrl_N2000_K100_H50_nominal_tnative,5,J_user,-0.6593233611111111,30,30,synthetic_complete
leo_madrl_N2000_K100_H50_nominal_tnative,1,J_network,-67.43106666666667,30,30,synthetic_complete
leo_madrl_N2000_K100_H50_nominal_tnative,2,J_network,-66.04729999999999,30,30,synthetic_complete
leo_madrl_N2000_K100_H50_nominal_tnative,3,J_network,-67.2332,30,30,synthetic_complete
leo_madrl_N2000_K100_H50_nominal_tnative,4,J_network,-67.93904444444445,30,30,synthetic_complete
leo_madrl_N2000_K100_H50_nominal_tnative,5,J_network,-65.93233611111111,30,30,synthetic_complete
leo_madrl_N2000_K100_H200_nominal_tnative,1,outage_percent,0.8795,30,30,synthetic_complete
leo_madrl_N2000_K100_H200_nominal_tnative,2,outage_percent,1.039,30,30,synthetic_complete
leo_madrl_N2000_K100_H200_nominal_tnative,3,outage_percent,0.899,30,30,synthetic_complete
leo_madrl_N2000_K100_H200_nominal_tnative,4,outage_percent,0.8198333333333333,30,30,synthetic_complete
leo_madrl_N2000_K100_H200_nominal_tnative,5,outage_percent,1.0553333333333332,30,30,synthetic_complete
leo_madrl_N2000_K100_H200_nominal_tnative,1,hof_percent,0.8921698303657278,30,30,synthetic_complete
leo_madrl_N2000_K100_H200_nominal_tnative,2,hof_percent,1.02350093236517,30,30,synthetic_complete
leo_madrl_N2000_K100_H200_nominal_tnative,3,hof_percent,0.908733740820535,30,30,synthetic_complete
leo_madrl_N2000_K100_H200_nominal_tnative,4,hof_percent,0.8118187209757194,30,30,synthetic_complete
leo_madrl_N2000_K100_H200_nominal_tnative,5,hof_percent,1.0460485966739437,30,30,synthetic_complete
leo_madrl_N2000_K100_H200_nominal_tnative,1,pp_percent,0.11565656565656565,30,30,synthetic_complete
leo_madrl_N2000_K100_H200_nominal_tnative,2,pp_percent,0.12693602693602693,30,30,synthetic_complete
leo_madrl_N2000_K100_H200_nominal_tnative,3,pp_percent,0.11666666666666667,30,30,synthetic_complete
leo_madrl_N2000_K100_H200_nominal_tnative,4,pp_percent,0.10841750841750841,30,30,synthetic_complete
leo_madrl_N2000_K100_H200_nominal_tnative,5,pp_percent,0.12845117845117845,30,30,synthetic_complete
leo_madrl_N2000_K100_H200_nominal_tnative,1,tp_Mbps,200.112135,30,30,synthetic_complete
leo_madrl_N2000_K100_H200_nominal_tnative,2,tp_Mbps,198.89727833333333,30,30,synthetic_complete
leo_madrl_N2000_K100_H200_nominal_tnative,3,tp_Mbps,199.955935,30,30,synthetic_complete
leo_madrl_N2000_K100_H200_nominal_tnative,4,tp_Mbps,200.58282166666666,30,30,synthetic_complete
leo_madrl_N2000_K100_H200_nominal_tnative,5,tp_Mbps,198.802045,30,30,synthetic_complete
leo_madrl_N2000_K100_H200_nominal_tnative,1,served_p5tp_Mbps,60.080000000000005,30,30,synthetic_complete
leo_madrl_N2000_K100_H200_nominal_tnative,2,served_p5tp_Mbps,59.913333333333334,30,30,synthetic_complete
leo_madrl_N2000_K100_H200_nominal_tnative,3,served_p5tp_Mbps,60.86333333333352,30,30,synthetic_complete
leo_madrl_N2000_K100_H200_nominal_tnative,4,served_p5tp_Mbps,58.0750000000002,30,30,synthetic_complete
leo_madrl_N2000_K100_H200_nominal_tnative,5,served_p5tp_Mbps,59.90500000000001,30,30,synthetic_complete
leo_madrl_N2000_K100_H200_nominal_tnative,1,peak_normalized,0.5863151703167203,30,30,synthetic_complete
leo_madrl_N2000_K100_H200_nominal_tnative,2,peak_normalized,0.5757190599221826,30,30,synthetic_complete
leo_madrl_N2000_K100_H200_nominal_tnative,3,peak_normalized,0.5850146160182209,30,30,synthetic_complete
leo_madrl_N2000_K100_H200_nominal_tnative,4,peak_normalized,0.5912679509394223,30,30,synthetic_complete
leo_madrl_N2000_K100_H200_nominal_tnative,5,peak_normalized,0.573330033650122,30,30,synthetic_complete
leo_madrl_N2000_K100_H200_nominal_tnative,1,active_load_variance,0.0078279514728086,30,30,synthetic_complete
leo_madrl_N2000_K100_H200_nominal_tnative,2,active_load_variance,0.007738393610872361,30,30,synthetic_complete
leo_madrl_N2000_K100_H200_nominal_tnative,3,active_load_variance,0.007839473106606395,30,30,synthetic_complete
leo_madrl_N2000_K100_H200_nominal_tnative,4,active_load_variance,0.007850019391100612,30,30,synthetic_complete
leo_madrl_N2000_K100_H200_nominal_tnative,5,active_load_variance,0.007728517016027095,30,30,synthetic_complete
leo_madrl_N2000_K100_H200_nominal_tnative,1,mse_user_vector,,0,30,synthetic_complete
leo_madrl_N2000_K100_H200_nominal_tnative,2,mse_user_vector,,0,30,synthetic_complete
leo_madrl_N2000_K100_H200_nominal_tnative,3,mse_user_vector,,0,30,synthetic_complete
leo_madrl_N2000_K100_H200_nominal_tnative,4,mse_user_vector,,0,30,synthetic_complete
leo_madrl_N2000_K100_H200_nominal_tnative,5,mse_user_vector,,0,30,synthetic_complete
leo_madrl_N2000_K100_H200_nominal_tnative,1,persistence_mse_user_vector,,0,30,synthetic_complete
leo_madrl_N2000_K100_H200_nominal_tnative,2,persistence_mse_user_vector,,0,30,synthetic_complete
leo_madrl_N2000_K100_H200_nominal_tnative,3,persistence_mse_user_vector,,0,30,synthetic_complete
leo_madrl_N2000_K100_H200_nominal_tnative,4,persistence_mse_user_vector,,0,30,synthetic_complete
leo_madrl_N2000_K100_H200_nominal_tnative,5,persistence_mse_user_vector,,0,30,synthetic_complete
leo_madrl_N2000_K100_H200_nominal_tnative,1,Cbar,0.0208565,30,30,synthetic_complete
leo_madrl_N2000_K100_H200_nominal_tnative,2,Cbar,0.022089,30,30,synthetic_complete
leo_madrl_N2000_K100_H200_nominal_tnative,3,Cbar,0.020991833333333335,30,30,synthetic_complete
leo_madrl_N2000_K100_H200_nominal_tnative,4,Cbar,0.020411833333333334,30,30,synthetic_complete
leo_madrl_N2000_K100_H200_nominal_tnative,5,Cbar,0.0221825,30,30,synthetic_complete
leo_madrl_N2000_K100_H200_nominal_tnative,1,Lbar,0.21291183333333333,30,30,synthetic_complete
leo_madrl_N2000_K100_H200_nominal_tnative,2,Lbar,0.21168433333333334,30,30,synthetic_complete
leo_madrl_N2000_K100_H200_nominal_tnative,3,Lbar,0.212907,30,30,synthetic_complete
leo_madrl_N2000_K100_H200_nominal_tnative,4,Lbar,0.21334616666666667,30,30,synthetic_complete
leo_madrl_N2000_K100_H200_nominal_tnative,5,Lbar,0.21155966666666667,30,30,synthetic_complete
leo_madrl_N2000_K100_H200_nominal_tnative,1,J_user,-0.6729413958333333,30,30,synthetic_complete
leo_madrl_N2000_K100_H200_nominal_tnative,2,J_user,-0.6599019930555555,30,30,synthetic_complete
leo_madrl_N2000_K100_H200_nominal_tnative,3,J_user,-0.6712503125,30,30,synthetic_complete
leo_madrl_N2000_K100_H200_nominal_tnative,4,J_user,-0.6778910902777777,30,30,synthetic_complete
leo_madrl_N2000_K100_H200_nominal_tnative,5,J_user,-0.6587041041666667,30,30,synthetic_complete
leo_madrl_N2000_K100_H200_nominal_tnative,1,J_network,-67.29413958333333,30,30,synthetic_complete
leo_madrl_N2000_K100_H200_nominal_tnative,2,J_network,-65.99019930555556,30,30,synthetic_complete
leo_madrl_N2000_K100_H200_nominal_tnative,3,J_network,-67.12503125,30,30,synthetic_complete
leo_madrl_N2000_K100_H200_nominal_tnative,4,J_network,-67.78910902777778,30,30,synthetic_complete
leo_madrl_N2000_K100_H200_nominal_tnative,5,J_network,-65.87041041666667,30,30,synthetic_complete
leo_madrl_N2000_K100_H800_nominal_tnative,1,outage_percent,0.956,30,30,synthetic_complete
leo_madrl_N2000_K100_H800_nominal_tnative,2,outage_percent,1.1414166666666667,30,30,synthetic_complete
leo_madrl_N2000_K100_H800_nominal_tnative,3,outage_percent,0.9785416666666666,30,30,synthetic_complete
leo_madrl_N2000_K100_H800_nominal_tnative,4,outage_percent,0.892875,30,30,synthetic_complete
leo_madrl_N2000_K100_H800_nominal_tnative,5,outage_percent,1.1565,30,30,synthetic_complete
leo_madrl_N2000_K100_H800_nominal_tnative,1,hof_percent,0.9706318564344452,30,30,synthetic_complete
leo_madrl_N2000_K100_H800_nominal_tnative,2,hof_percent,1.1425451595268261,30,30,synthetic_complete
leo_madrl_N2000_K100_H800_nominal_tnative,3,hof_percent,1.0014876245506998,30,30,synthetic_complete
leo_madrl_N2000_K100_H800_nominal_tnative,4,hof_percent,0.902704212389435,30,30,synthetic_complete
leo_madrl_N2000_K100_H800_nominal_tnative,5,hof_percent,1.1551478017596417,30,30,synthetic_complete
leo_madrl_N2000_K100_H800_nominal_tnative,1,pp_percent,0.11641604010025063,30,30,synthetic_complete
leo_madrl_N2000_K100_H800_nominal_tnative,2,pp_percent,0.13057644110275687,30,30,synthetic_complete
leo_madrl_N2000_K100_H800_nominal_tnative,3,pp_percent,0.11800334168755221,30,30,synthetic_complete
leo_madrl_N2000_K100_H800_nominal_tnative,4,pp_percent,0.11081871345029239,30,30,synthetic_complete
leo_madrl_N2000_K100_H800_nominal_tnative,5,pp_percent,0.13191311612364243,30,30,synthetic_complete
leo_madrl_N2000_K100_H800_nominal_tnative,1,tp_Mbps,200.03683458333333,30,30,synthetic_complete
leo_madrl_N2000_K100_H800_nominal_tnative,2,tp_Mbps,198.75427541666667,30,30,synthetic_complete
leo_madrl_N2000_K100_H800_nominal_tnative,3,tp_Mbps,199.87411875,30,30,synthetic_complete
leo_madrl_N2000_K100_H800_nominal_tnative,4,tp_Mbps,200.52065541666667,30,30,synthetic_complete
leo_madrl_N2000_K100_H800_nominal_tnative,5,tp_Mbps,198.65717958333335,30,30,synthetic_complete
leo_madrl_N2000_K100_H800_nominal_tnative,1,served_p5tp_Mbps,59.75833333333335,30,30,synthetic_complete
leo_madrl_N2000_K100_H800_nominal_tnative,2,served_p5tp_Mbps,58.105000000000004,30,30,synthetic_complete
leo_madrl_N2000_K100_H800_nominal_tnative,3,served_p5tp_Mbps,59.74000000000001,30,30,synthetic_complete
leo_madrl_N2000_K100_H800_nominal_tnative,4,served_p5tp_Mbps,59.76833333333334,30,30,synthetic_complete
leo_madrl_N2000_K100_H800_nominal_tnative,5,served_p5tp_Mbps,58.076666666666675,30,30,synthetic_complete
leo_madrl_N2000_K100_H800_nominal_tnative,1,peak_normalized,0.6465840222828165,30,30,synthetic_complete
leo_madrl_N2000_K100_H800_nominal_tnative,2,peak_normalized,0.6285374354733791,30,30,synthetic_complete
leo_madrl_N2000_K100_H800_nominal_tnative,3,peak_normalized,0.6467115863942036,30,30,synthetic_complete
leo_madrl_N2000_K100_H800_nominal_tnative,4,peak_normalized,0.6456867066178442,30,30,synthetic_complete
leo_madrl_N2000_K100_H800_nominal_tnative,5,peak_normalized,0.6309425152598751,30,30,synthetic_complete
leo_madrl_N2000_K100_H800_nominal_tnative,1,active_load_variance,0.007748618151801141,30,30,synthetic_complete
leo_madrl_N2000_K100_H800_nominal_tnative,2,active_load_variance,0.007708958641419022,30,30,synthetic_complete
leo_madrl_N2000_K100_H800_nominal_tnative,3,active_load_variance,0.007747487137626279,30,30,synthetic_complete
leo_madrl_N2000_K100_H800_nominal_tnative,4,active_load_variance,0.007751660492691935,30,30,synthetic_complete
leo_madrl_N2000_K100_H800_nominal_tnative,5,active_load_variance,0.007714451979007145,30,30,synthetic_complete
leo_madrl_N2000_K100_H800_nominal_tnative,1,mse_user_vector,,0,30,synthetic_complete
leo_madrl_N2000_K100_H800_nominal_tnative,2,mse_user_vector,,0,30,synthetic_complete
leo_madrl_N2000_K100_H800_nominal_tnative,3,mse_user_vector,,0,30,synthetic_complete
leo_madrl_N2000_K100_H800_nominal_tnative,4,mse_user_vector,,0,30,synthetic_complete
leo_madrl_N2000_K100_H800_nominal_tnative,5,mse_user_vector,,0,30,synthetic_complete
leo_madrl_N2000_K100_H800_nominal_tnative,1,persistence_mse_user_vector,,0,30,synthetic_complete
leo_madrl_N2000_K100_H800_nominal_tnative,2,persistence_mse_user_vector,,0,30,synthetic_complete
leo_madrl_N2000_K100_H800_nominal_tnative,3,persistence_mse_user_vector,,0,30,synthetic_complete
leo_madrl_N2000_K100_H800_nominal_tnative,4,persistence_mse_user_vector,,0,30,synthetic_complete
leo_madrl_N2000_K100_H800_nominal_tnative,5,persistence_mse_user_vector,,0,30,synthetic_complete
leo_madrl_N2000_K100_H800_nominal_tnative,1,Cbar,0.020892958333333333,30,30,synthetic_complete
leo_madrl_N2000_K100_H800_nominal_tnative,2,Cbar,0.022141583333333333,30,30,synthetic_complete
leo_madrl_N2000_K100_H800_nominal_tnative,3,Cbar,0.021040541666666666,30,30,synthetic_complete
leo_madrl_N2000_K100_H800_nominal_tnative,4,Cbar,0.02044325,30,30,synthetic_complete
leo_madrl_N2000_K100_H800_nominal_tnative,5,Cbar,0.022231833333333333,30,30,synthetic_complete
leo_madrl_N2000_K100_H800_nominal_tnative,1,Lbar,0.21206908333333332,30,30,synthetic_complete
leo_madrl_N2000_K100_H800_nominal_tnative,2,Lbar,0.21127008333333333,30,30,synthetic_complete
leo_madrl_N2000_K100_H800_nominal_tnative,3,Lbar,0.212013125,30,30,synthetic_complete
leo_madrl_N2000_K100_H800_nominal_tnative,4,Lbar,0.212309375,30,30,synthetic_complete
leo_madrl_N2000_K100_H800_nominal_tnative,5,Lbar,0.21128866666666665,30,30,synthetic_complete
leo_madrl_N2000_K100_H800_nominal_tnative,1,J_user,-0.6692057899305556,30,30,synthetic_complete
leo_madrl_N2000_K100_H800_nominal_tnative,2,J_user,-0.6543661475694444,30,30,synthetic_complete
leo_madrl_N2000_K100_H800_nominal_tnative,3,J_user,-0.6673549114583334,30,30,synthetic_complete
leo_madrl_N2000_K100_H800_nominal_tnative,4,J_user,-0.6744826684027778,30,30,synthetic_complete
leo_madrl_N2000_K100_H800_nominal_tnative,5,J_user,-0.6531529982638888,30,30,synthetic_complete
leo_madrl_N2000_K100_H800_nominal_tnative,1,J_network,-66.92057899305556,30,30,synthetic_complete
leo_madrl_N2000_K100_H800_nominal_tnative,2,J_network,-65.43661475694444,30,30,synthetic_complete
leo_madrl_N2000_K100_H800_nominal_tnative,3,J_network,-66.73549114583334,30,30,synthetic_complete
leo_madrl_N2000_K100_H800_nominal_tnative,4,J_network,-67.44826684027778,30,30,synthetic_complete
leo_madrl_N2000_K100_H800_nominal_tnative,5,J_network,-65.3152998263889,30,30,synthetic_complete
leo_madrl_N2000_K200_H200_nominal_tnative,1,outage_percent,1.2600833333333332,30,30,synthetic_complete
leo_madrl_N2000_K200_H200_nominal_tnative,2,outage_percent,1.5119166666666666,30,30,synthetic_complete
leo_madrl_N2000_K200_H200_nominal_tnative,3,outage_percent,1.2895833333333333,30,30,synthetic_complete
leo_madrl_N2000_K200_H200_nominal_tnative,4,outage_percent,1.1771666666666667,30,30,synthetic_complete
leo_madrl_N2000_K200_H200_nominal_tnative,5,outage_percent,1.5315833333333333,30,30,synthetic_complete
leo_madrl_N2000_K200_H200_nominal_tnative,1,hof_percent,1.264035723011751,30,30,synthetic_complete
leo_madrl_N2000_K200_H200_nominal_tnative,2,hof_percent,1.505639482810248,30,30,synthetic_complete
leo_madrl_N2000_K200_H200_nominal_tnative,3,hof_percent,1.2887418779067812,30,30,synthetic_complete
leo_madrl_N2000_K200_H200_nominal_tnative,4,hof_percent,1.182256536750096,30,30,synthetic_complete
leo_madrl_N2000_K200_H200_nominal_tnative,5,hof_percent,1.5308792151614163,30,30,synthetic_complete
leo_madrl_N2000_K200_H200_nominal_tnative,1,pp_percent,0.11666666666666667,30,30,synthetic_complete
leo_madrl_N2000_K200_H200_nominal_tnative,2,pp_percent,0.12786195286195287,30,30,synthetic_complete
leo_madrl_N2000_K200_H200_nominal_tnative,3,pp_percent,0.11784511784511785,30,30,synthetic_complete
leo_madrl_N2000_K200_H200_nominal_tnative,4,pp_percent,0.1101010101010101,30,30,synthetic_complete
leo_madrl_N2000_K200_H200_nominal_tnative,5,pp_percent,0.12895622895622896,30,30,synthetic_complete
leo_madrl_N2000_K200_H200_nominal_tnative,1,tp_Mbps,195.95139,30,30,synthetic_complete
leo_madrl_N2000_K200_H200_nominal_tnative,2,tp_Mbps,194.5696175,30,30,synthetic_complete
leo_madrl_N2000_K200_H200_nominal_tnative,3,tp_Mbps,195.77916916666666,30,30,synthetic_complete
leo_madrl_N2000_K200_H200_nominal_tnative,4,tp_Mbps,196.4696925,30,30,synthetic_complete
leo_madrl_N2000_K200_H200_nominal_tnative,5,tp_Mbps,194.46940083333334,30,30,synthetic_complete
leo_madrl_N2000_K200_H200_nominal_tnative,1,served_p5tp_Mbps,54.53333333333333,30,30,synthetic_complete
leo_madrl_N2000_K200_H200_nominal_tnative,2,served_p5tp_Mbps,54.53333333333333,30,30,synthetic_complete
leo_madrl_N2000_K200_H200_nominal_tnative,3,served_p5tp_Mbps,54.53333333333333,30,30,synthetic_complete
leo_madrl_N2000_K200_H200_nominal_tnative,4,served_p5tp_Mbps,54.54333333333334,30,30,synthetic_complete
leo_madrl_N2000_K200_H200_nominal_tnative,5,served_p5tp_Mbps,54.53333333333333,30,30,synthetic_complete
leo_madrl_N2000_K200_H200_nominal_tnative,1,peak_normalized,0.8273742941633415,30,30,synthetic_complete
leo_madrl_N2000_K200_H200_nominal_tnative,2,peak_normalized,0.8162352419752056,30,30,synthetic_complete
leo_madrl_N2000_K200_H200_nominal_tnative,3,peak_normalized,0.8268115738683054,30,30,synthetic_complete
leo_madrl_N2000_K200_H200_nominal_tnative,4,peak_normalized,0.8246903050951129,30,30,synthetic_complete
leo_madrl_N2000_K200_H200_nominal_tnative,5,peak_normalized,0.8175388376706649,30,30,synthetic_complete
leo_madrl_N2000_K200_H200_nominal_tnative,1,active_load_variance,0.018928124696453594,30,30,synthetic_complete
leo_madrl_N2000_K200_H200_nominal_tnative,2,active_load_variance,0.018713147816776732,30,30,synthetic_complete
leo_madrl_N2000_K200_H200_nominal_tnative,3,active_load_variance,0.018898215426121526,30,30,synthetic_complete
leo_madrl_N2000_K200_H200_nominal_tnative,4,active_load_variance,0.018928449546875063,30,30,synthetic_complete
leo_madrl_N2000_K200_H200_nominal_tnative,5,active_load_variance,0.01870624165097648,30,30,synthetic_complete
leo_madrl_N2000_K200_H200_nominal_tnative,1,mse_user_vector,,0,30,synthetic_complete
leo_madrl_N2000_K200_H200_nominal_tnative,2,mse_user_vector,,0,30,synthetic_complete
leo_madrl_N2000_K200_H200_nominal_tnative,3,mse_user_vector,,0,30,synthetic_complete
leo_madrl_N2000_K200_H200_nominal_tnative,4,mse_user_vector,,0,30,synthetic_complete
leo_madrl_N2000_K200_H200_nominal_tnative,5,mse_user_vector,,0,30,synthetic_complete
leo_madrl_N2000_K200_H200_nominal_tnative,1,persistence_mse_user_vector,,0,30,synthetic_complete
leo_madrl_N2000_K200_H200_nominal_tnative,2,persistence_mse_user_vector,,0,30,synthetic_complete
leo_madrl_N2000_K200_H200_nominal_tnative,3,persistence_mse_user_vector,,0,30,synthetic_complete
leo_madrl_N2000_K200_H200_nominal_tnative,4,persistence_mse_user_vector,,0,30,synthetic_complete
leo_madrl_N2000_K200_H200_nominal_tnative,5,persistence_mse_user_vector,,0,30,synthetic_complete
leo_madrl_N2000_K200_H200_nominal_tnative,1,Cbar,0.020714916666666666,30,30,synthetic_complete
leo_madrl_N2000_K200_H200_nominal_tnative,2,Cbar,0.021922166666666666,30,30,synthetic_complete
leo_madrl_N2000_K200_H200_nominal_tnative,3,Cbar,0.020859333333333334,30,30,synthetic_complete
leo_madrl_N2000_K200_H200_nominal_tnative,4,Cbar,0.02028675,30,30,synthetic_complete
leo_madrl_N2000_K200_H200_nominal_tnative,5,Cbar,0.022003166666666667,30,30,synthetic_complete
leo_madrl_N2000_K200_H200_nominal_tnative,1,Lbar,0.3251435833333333,30,30,synthetic_complete
leo_madrl_N2000_K200_H200_nominal_tnative,2,Lbar,0.32315125,30,30,synthetic_complete
leo_madrl_N2000_K200_H200_nominal_tnative,3,Lbar,0.3248850833333333,30,30,synthetic_complete
leo_madrl_N2000_K200_H200_nominal_tnative,4,Lbar,0.32563166666666665,30,30,synthetic_complete
leo_madrl_N2000_K200_H200_nominal_tnative,5,Lbar,0.32303425,30,30,synthetic_complete
leo_madrl_N2000_K200_H200_nominal_tnative,1,J_user,-0.5805307083333333,30,30,synthetic_complete
leo_madrl_N2000_K200_H200_nominal_tnative,2,J_user,-0.5625741979166666,30,30,synthetic_complete
leo_madrl_N2000_K200_H200_nominal_tnative,3,J_user,-0.5783951631944444,30,30,synthetic_complete
leo_madrl_N2000_K200_H200_nominal_tnative,4,J_user,-0.5868061770833334,30,30,synthetic_complete
leo_madrl_N2000_K200_H200_nominal_tnative,5,J_user,-0.5611912951388889,30,30,synthetic_complete
leo_madrl_N2000_K200_H200_nominal_tnative,1,J_network,-116.10614166666667,30,30,synthetic_complete
leo_madrl_N2000_K200_H200_nominal_tnative,2,J_network,-112.51483958333333,30,30,synthetic_complete
leo_madrl_N2000_K200_H200_nominal_tnative,3,J_network,-115.67903263888888,30,30,synthetic_complete
leo_madrl_N2000_K200_H200_nominal_tnative,4,J_network,-117.36123541666667,30,30,synthetic_complete
leo_madrl_N2000_K200_H200_nominal_tnative,5,J_network,-112.23825902777777,30,30,synthetic_complete
leo_madrl_N2000_K300_H200_nominal_tnative,1,outage_percent,1.8112777777777778,30,30,synthetic_complete
leo_madrl_N2000_K300_H200_nominal_tnative,2,outage_percent,2.153388888888889,30,30,synthetic_complete
leo_madrl_N2000_K300_H200_nominal_tnative,3,outage_percent,1.8526111111111112,30,30,synthetic_complete
leo_madrl_N2000_K300_H200_nominal_tnative,4,outage_percent,1.691111111111111,30,30,synthetic_complete
leo_madrl_N2000_K300_H200_nominal_tnative,5,outage_percent,2.1795555555555555,30,30,synthetic_complete
leo_madrl_N2000_K300_H200_nominal_tnative,1,hof_percent,1.8154108363133385,30,30,synthetic_complete
leo_madrl_N2000_K300_H200_nominal_tnative,2,hof_percent,2.16109931542449,30,30,synthetic_complete
leo_madrl_N2000_K300_H200_nominal_tnative,3,hof_percent,1.8463018746259183,30,30,synthetic_complete
leo_madrl_N2000_K300_H200_nominal_tnative,4,hof_percent,1.7043248629149055,30,30,synthetic_complete
leo_madrl_N2000_K300_H200_nominal_tnative,5,hof_percent,2.1946225443591145,30,30,synthetic_complete
leo_madrl_N2000_K300_H200_nominal_tnative,1,pp_percent,0.11206509539842874,30,30,synthetic_complete
leo_madrl_N2000_K300_H200_nominal_tnative,2,pp_percent,0.12390572390572391,30,30,synthetic_complete
leo_madrl_N2000_K300_H200_nominal_tnative,3,pp_percent,0.11341189674523008,30,30,synthetic_complete
leo_madrl_N2000_K300_H200_nominal_tnative,4,pp_percent,0.10650953984287317,30,30,synthetic_complete
leo_madrl_N2000_K300_H200_nominal_tnative,5,pp_percent,0.12525252525252525,30,30,synthetic_complete
leo_madrl_N2000_K300_H200_nominal_tnative,1,tp_Mbps,192.09681222222224,30,30,synthetic_complete
leo_madrl_N2000_K300_H200_nominal_tnative,2,tp_Mbps,190.56061722222222,30,30,synthetic_complete
leo_madrl_N2000_K300_H200_nominal_tnative,3,tp_Mbps,191.89922722222224,30,30,synthetic_complete
leo_madrl_N2000_K300_H200_nominal_tnative,4,tp_Mbps,192.680045,30,30,synthetic_complete
leo_madrl_N2000_K300_H200_nominal_tnative,5,tp_Mbps,190.4475138888889,30,30,synthetic_complete
leo_madrl_N2000_K300_H200_nominal_tnative,1,served_p5tp_Mbps,57.5,30,30,synthetic_complete
leo_madrl_N2000_K300_H200_nominal_tnative,2,served_p5tp_Mbps,57.46666666666667,30,30,synthetic_complete
leo_madrl_N2000_K300_H200_nominal_tnative,3,served_p5tp_Mbps,57.5,30,30,synthetic_complete
leo_madrl_N2000_K300_H200_nominal_tnative,4,served_p5tp_Mbps,57.53333333333333,30,30,synthetic_complete
leo_madrl_N2000_K300_H200_nominal_tnative,5,served_p5tp_Mbps,57.5,30,30,synthetic_complete
leo_madrl_N2000_K300_H200_nominal_tnative,1,peak_normalized,0.9396733345446726,30,30,synthetic_complete
leo_madrl_N2000_K300_H200_nominal_tnative,2,peak_normalized,0.9338437874975721,30,30,synthetic_complete
leo_madrl_N2000_K300_H200_nominal_tnative,3,peak_normalized,0.937284675525517,30,30,synthetic_complete
leo_madrl_N2000_K300_H200_nominal_tnative,4,peak_normalized,0.9398726467515912,30,30,synthetic_complete
leo_madrl_N2000_K300_H200_nominal_tnative,5,peak_normalized,0.9331933601690223,30,30,synthetic_complete
leo_madrl_N2000_K300_H200_nominal_tnative,1,active_load_variance,0.030636886589053933,30,30,synthetic_complete
leo_madrl_N2000_K300_H200_nominal_tnative,2,active_load_variance,0.030415363485265533,30,30,synthetic_complete
leo_madrl_N2000_K300_H200_nominal_tnative,3,active_load_variance,0.030631412414355998,30,30,synthetic_complete
leo_madrl_N2000_K300_H200_nominal_tnative,4,active_load_variance,0.0306548846631907,30,30,synthetic_complete
leo_madrl_N2000_K300_H200_nominal_tnative,5,active_load_variance,0.030415546778677707,30,30,synthetic_complete
leo_madrl_N2000_K300_H200_nominal_tnative,1,mse_user_vector,,0,30,synthetic_complete
leo_madrl_N2000_K300_H200_nominal_tnative,2,mse_user_vector,,0,30,synthetic_complete
leo_madrl_N2000_K300_H200_nominal_tnative,3,mse_user_vector,,0,30,synthetic_complete
leo_madrl_N2000_K300_H200_nominal_tnative,4,mse_user_vector,,0,30,synthetic_complete
leo_madrl_N2000_K300_H200_nominal_tnative,5,mse_user_vector,,0,30,synthetic_complete
leo_madrl_N2000_K300_H200_nominal_tnative,1,persistence_mse_user_vector,,0,30,synthetic_complete
leo_madrl_N2000_K300_H200_nominal_tnative,2,persistence_mse_user_vector,,0,30,synthetic_complete
leo_madrl_N2000_K300_H200_nominal_tnative,3,persistence_mse_user_vector,,0,30,synthetic_complete
leo_madrl_N2000_K300_H200_nominal_tnative,4,persistence_mse_user_vector,,0,30,synthetic_complete
leo_madrl_N2000_K300_H200_nominal_tnative,5,persistence_mse_user_vector,,0,30,synthetic_complete
leo_madrl_N2000_K300_H200_nominal_tnative,1,Cbar,0.020513,30,30,synthetic_complete
leo_madrl_N2000_K300_H200_nominal_tnative,2,Cbar,0.021642166666666667,30,30,synthetic_complete
leo_madrl_N2000_K300_H200_nominal_tnative,3,Cbar,0.020652833333333332,30,30,synthetic_complete
leo_madrl_N2000_K300_H200_nominal_tnative,4,Cbar,0.020087888888888888,30,30,synthetic_complete
leo_madrl_N2000_K300_H200_nominal_tnative,5,Cbar,0.021723333333333334,30,30,synthetic_complete
leo_madrl_N2000_K300_H200_nominal_tnative,1,Lbar,0.4323523888888889,30,30,synthetic_complete
leo_madrl_N2000_K300_H200_nominal_tnative,2,Lbar,0.42941972222222224,30,30,synthetic_complete
leo_madrl_N2000_K300_H200_nominal_tnative,3,Lbar,0.4321311666666667,30,30,synthetic_complete
leo_madrl_N2000_K300_H200_nominal_tnative,4,Lbar,0.4332498888888889,30,30,synthetic_complete
leo_madrl_N2000_K300_H200_nominal_tnative,5,Lbar,0.42923455555555556,30,30,synthetic_complete
leo_madrl_N2000_K300_H200_nominal_tnative,1,J_user,-0.4834068009259259,30,30,synthetic_complete
leo_madrl_N2000_K300_H200_nominal_tnative,2,J_user,-0.4608021828703704,30,30,synthetic_complete
leo_madrl_N2000_K300_H200_nominal_tnative,3,J_user,-0.48055755787037036,30,30,synthetic_complete
leo_madrl_N2000_K300_H200_nominal_tnative,4,J_user,-0.49160907638888884,30,30,synthetic_complete
leo_madrl_N2000_K300_H200_nominal_tnative,5,J_user,-0.4590745856481481,30,30,synthetic_complete
leo_madrl_N2000_K300_H200_nominal_tnative,1,J_network,-145.0220402777778,30,30,synthetic_complete
leo_madrl_N2000_K300_H200_nominal_tnative,2,J_network,-138.2406548611111,30,30,synthetic_complete
leo_madrl_N2000_K300_H200_nominal_tnative,3,J_network,-144.1672673611111,30,30,synthetic_complete
leo_madrl_N2000_K300_H200_nominal_tnative,4,J_network,-147.48272291666666,30,30,synthetic_complete
leo_madrl_N2000_K300_H200_nominal_tnative,5,J_network,-137.72237569444445,30,30,synthetic_complete
leo_madrl_N2000_K400_H200_nominal_tnative,1,outage_percent,2.6315,30,30,synthetic_complete
leo_madrl_N2000_K400_H200_nominal_tnative,2,outage_percent,3.127375,30,30,synthetic_complete
leo_madrl_N2000_K400_H200_nominal_tnative,3,outage_percent,2.6895416666666665,30,30,synthetic_complete
leo_madrl_N2000_K400_H200_nominal_tnative,4,outage_percent,2.461125,30,30,synthetic_complete
leo_madrl_N2000_K400_H200_nominal_tnative,5,outage_percent,3.167125,30,30,synthetic_complete
leo_madrl_N2000_K400_H200_nominal_tnative,1,hof_percent,2.6982657544809703,30,30,synthetic_complete
leo_madrl_N2000_K400_H200_nominal_tnative,2,hof_percent,3.2150422919803026,30,30,synthetic_complete
leo_madrl_N2000_K400_H200_nominal_tnative,3,hof_percent,2.7594067971181926,30,30,synthetic_complete
leo_madrl_N2000_K400_H200_nominal_tnative,4,hof_percent,2.507410160663101,30,30,synthetic_complete
leo_madrl_N2000_K400_H200_nominal_tnative,5,hof_percent,3.2583702452940937,30,30,synthetic_complete
leo_madrl_N2000_K400_H200_nominal_tnative,1,pp_percent,0.10883838383838385,30,30,synthetic_complete
leo_madrl_N2000_K400_H200_nominal_tnative,2,pp_percent,0.1202020202020202,30,30,synthetic_complete
leo_madrl_N2000_K400_H200_nominal_tnative,3,pp_percent,0.11022727272727273,30,30,synthetic_complete
leo_madrl_N2000_K400_H200_nominal_tnative,4,pp_percent,0.10361952861952863,30,30,synthetic_complete
leo_madrl_N2000_K400_H200_nominal_tnative,5,pp_percent,0.1215909090909091,30,30,synthetic_complete
leo_madrl_N2000_K400_H200_nominal_tnative,1,tp_Mbps,188.07461375,30,30,synthetic_complete
leo_madrl_N2000_K400_H200_nominal_tnative,2,tp_Mbps,186.27425083333333,30,30,synthetic_complete
leo_madrl_N2000_K400_H200_nominal_tnative,3,tp_Mbps,187.85410666666667,30,30,synthetic_complete
leo_madrl_N2000_K400_H200_nominal_tnative,4,tp_Mbps,188.73802,30,30,synthetic_complete
leo_madrl_N2000_K400_H200_nominal_tnative,5,tp_Mbps,186.13871291666666,30,30,synthetic_complete
leo_madrl_N2000_K400_H200_nominal_tnative,1,served_p5tp_Mbps,57.86666666666667,30,30,synthetic_complete
leo_madrl_N2000_K400_H200_nominal_tnative,2,served_p5tp_Mbps,57.833333333333336,30,30,synthetic_complete
leo_madrl_N2000_K400_H200_nominal_tnative,3,served_p5tp_Mbps,57.86666666666667,30,30,synthetic_complete
leo_madrl_N2000_K400_H200_nominal_tnative,4,served_p5tp_Mbps,57.888333333333335,30,30,synthetic_complete
leo_madrl_N2000_K400_H200_nominal_tnative,5,served_p5tp_Mbps,57.833333333333336,30,30,synthetic_complete
leo_madrl_N2000_K400_H200_nominal_tnative,1,peak_normalized,0.9746564973523618,30,30,synthetic_complete
leo_madrl_N2000_K400_H200_nominal_tnative,2,peak_normalized,0.9701328307987578,30,30,synthetic_complete
leo_madrl_N2000_K400_H200_nominal_tnative,3,peak_normalized,0.9761256087619691,30,30,synthetic_complete
leo_madrl_N2000_K400_H200_nominal_tnative,4,peak_normalized,0.9777216470041346,30,30,synthetic_complete
leo_madrl_N2000_K400_H200_nominal_tnative,5,peak_normalized,0.9712060452812158,30,30,synthetic_complete
leo_madrl_N2000_K400_H200_nominal_tnative,1,active_load_variance,0.04071427711002527,30,30,synthetic_complete
leo_madrl_N2000_K400_H200_nominal_tnative,2,active_load_variance,0.04047595035617708,30,30,synthetic_complete
leo_madrl_N2000_K400_H200_nominal_tnative,3,active_load_variance,0.04072175164553156,30,30,synthetic_complete
leo_madrl_N2000_K400_H200_nominal_tnative,4,active_load_variance,0.04079446682466411,30,30,synthetic_complete
leo_madrl_N2000_K400_H200_nominal_tnative,5,active_load_variance,0.04046037514691738,30,30,synthetic_complete
leo_madrl_N2000_K400_H200_nominal_tnative,1,mse_user_vector,,0,30,synthetic_complete
leo_madrl_N2000_K400_H200_nominal_tnative,2,mse_user_vector,,0,30,synthetic_complete
leo_madrl_N2000_K400_H200_nominal_tnative,3,mse_user_vector,,0,30,synthetic_complete
leo_madrl_N2000_K400_H200_nominal_tnative,4,mse_user_vector,,0,30,synthetic_complete
leo_madrl_N2000_K400_H200_nominal_tnative,5,mse_user_vector,,0,30,synthetic_complete
leo_madrl_N2000_K400_H200_nominal_tnative,1,persistence_mse_user_vector,,0,30,synthetic_complete
leo_madrl_N2000_K400_H200_nominal_tnative,2,persistence_mse_user_vector,,0,30,synthetic_complete
leo_madrl_N2000_K400_H200_nominal_tnative,3,persistence_mse_user_vector,,0,30,synthetic_complete
leo_madrl_N2000_K400_H200_nominal_tnative,4,persistence_mse_user_vector,,0,30,synthetic_complete
leo_madrl_N2000_K400_H200_nominal_tnative,5,persistence_mse_user_vector,,0,30,synthetic_complete
leo_madrl_N2000_K400_H200_nominal_tnative,1,Cbar,0.0201565,30,30,synthetic_complete
leo_madrl_N2000_K400_H200_nominal_tnative,2,Cbar,0.021196,30,30,synthetic_complete
leo_madrl_N2000_K400_H200_nominal_tnative,3,Cbar,0.020282708333333333,30,30,synthetic_complete
leo_madrl_N2000_K400_H200_nominal_tnative,4,Cbar,0.019759,30,30,synthetic_complete
leo_madrl_N2000_K400_H200_nominal_tnative,5,Cbar,0.021271291666666668,30,30,synthetic_complete
leo_madrl_N2000_K400_H200_nominal_tnative,1,Lbar,0.5321891666666667,30,30,synthetic_complete
leo_madrl_N2000_K400_H200_nominal_tnative,2,Lbar,0.5272457916666666,30,30,synthetic_complete
leo_madrl_N2000_K400_H200_nominal_tnative,3,Lbar,0.5316757916666667,30,30,synthetic_complete
leo_madrl_N2000_K400_H200_nominal_tnative,4,Lbar,0.5338872916666667,30,30,synthetic_complete
leo_madrl_N2000_K400_H200_nominal_tnative,5,Lbar,0.5268487916666666,30,30,synthetic_complete
leo_madrl_N2000_K400_H200_nominal_tnative,1,J_user,-0.37589639062499997,30,30,synthetic_complete
leo_madrl_N2000_K400_H200_nominal_tnative,2,J_user,-0.34555306597222224,30,30,synthetic_complete
leo_madrl_N2000_K400_H200_nominal_tnative,3,J_user,-0.3722691111111111,30,30,synthetic_complete
leo_madrl_N2000_K400_H200_nominal_tnative,4,J_user,-0.38652902083333335,30,30,synthetic_complete
leo_madrl_N2000_K400_H200_nominal_tnative,5,J_user,-0.3431616788194444,30,30,synthetic_complete
leo_madrl_N2000_K400_H200_nominal_tnative,1,J_network,-150.35855625,30,30,synthetic_complete
leo_madrl_N2000_K400_H200_nominal_tnative,2,J_network,-138.22122638888888,30,30,synthetic_complete
leo_madrl_N2000_K400_H200_nominal_tnative,3,J_network,-148.90764444444446,30,30,synthetic_complete
leo_madrl_N2000_K400_H200_nominal_tnative,4,J_network,-154.61160833333332,30,30,synthetic_complete
leo_madrl_N2000_K400_H200_nominal_tnative,5,J_network,-137.26467152777778,30,30,synthetic_complete
leo_madrl_N2000_K500_H200_nominal_tnative,1,outage_percent,3.9051666666666667,30,30,synthetic_complete
leo_madrl_N2000_K500_H200_nominal_tnative,2,outage_percent,4.597133333333333,30,30,synthetic_complete
leo_madrl_N2000_K500_H200_nominal_tnative,3,outage_percent,3.9899,30,30,synthetic_complete
leo_madrl_N2000_K500_H200_nominal_tnative,4,outage_percent,3.6710333333333334,30,30,synthetic_complete
leo_madrl_N2000_K500_H200_nominal_tnative,5,outage_percent,4.6513,30,30,synthetic_complete
leo_madrl_N2000_K500_H200_nominal_tnative,1,hof_percent,4.135401291671593,30,30,synthetic_complete
leo_madrl_N2000_K500_H200_nominal_tnative,2,hof_percent,4.813306791685115,30,30,synthetic_complete
leo_madrl_N2000_K500_H200_nominal_tnative,3,hof_percent,4.225447368289268,30,30,synthetic_complete
leo_madrl_N2000_K500_H200_nominal_tnative,4,hof_percent,3.8938883424066537,30,30,synthetic_complete
leo_madrl_N2000_K500_H200_nominal_tnative,5,hof_percent,4.871251305617088,30,30,synthetic_complete
leo_madrl_N2000_K500_H200_nominal_tnative,1,pp_percent,0.10377104377104378,30,30,synthetic_complete
leo_madrl_N2000_K500_H200_nominal_tnative,2,pp_percent,0.11437710437710438,30,30,synthetic_complete
leo_madrl_N2000_K500_H200_nominal_tnative,3,pp_percent,0.10464646464646465,30,30,synthetic_complete
leo_madrl_N2000_K500_H200_nominal_tnative,4,pp_percent,0.09912457912457913,30,30,synthetic_complete
leo_madrl_N2000_K500_H200_nominal_tnative,5,pp_percent,0.11582491582491583,30,30,synthetic_complete
leo_madrl_N2000_K500_H200_nominal_tnative,1,tp_Mbps,183.22632566666667,30,30,synthetic_complete
leo_madrl_N2000_K500_H200_nominal_tnative,2,tp_Mbps,181.11419933333332,30,30,synthetic_complete
leo_madrl_N2000_K500_H200_nominal_tnative,3,tp_Mbps,182.96193933333333,30,30,synthetic_complete
leo_madrl_N2000_K500_H200_nominal_tnative,4,tp_Mbps,183.99750933333334,30,30,synthetic_complete
leo_madrl_N2000_K500_H200_nominal_tnative,5,tp_Mbps,180.955408,30,30,synthetic_complete
leo_madrl_N2000_K500_H200_nominal_tnative,1,served_p5tp_Mbps,57.86666666666667,30,30,synthetic_complete
leo_madrl_N2000_K500_H200_nominal_tnative,2,served_p5tp_Mbps,57.833333333333336,30,30,synthetic_complete
leo_madrl_N2000_K500_H200_nominal_tnative,3,served_p5tp_Mbps,57.86666666666667,30,30,synthetic_complete
leo_madrl_N2000_K500_H200_nominal_tnative,4,served_p5tp_Mbps,57.9,30,30,synthetic_complete
leo_madrl_N2000_K500_H200_nominal_tnative,5,served_p5tp_Mbps,57.833333333333336,30,30,synthetic_complete
leo_madrl_N2000_K500_H200_nominal_tnative,1,peak_normalized,0.9868987294122082,30,30,synthetic_complete
leo_madrl_N2000_K500_H200_nominal_tnative,2,peak_normalized,0.9844240171659759,30,30,synthetic_complete
leo_madrl_N2000_K500_H200_nominal_tnative,3,peak_normalized,0.9865691483400075,30,30,synthetic_complete
leo_madrl_N2000_K500_H200_nominal_tnative,4,peak_normalized,0.9865171779450941,30,30,synthetic_complete
leo_madrl_N2000_K500_H200_nominal_tnative,5,peak_normalized,0.9837851091009846,30,30,synthetic_complete
leo_madrl_N2000_K500_H200_nominal_tnative,1,active_load_variance,0.04654571087379851,30,30,synthetic_complete
leo_madrl_N2000_K500_H200_nominal_tnative,2,active_load_variance,0.04638081789395373,30,30,synthetic_complete
leo_madrl_N2000_K500_H200_nominal_tnative,3,active_load_variance,0.0465222631080554,30,30,synthetic_complete
leo_madrl_N2000_K500_H200_nominal_tnative,4,active_load_variance,0.04637337509818101,30,30,synthetic_complete
leo_madrl_N2000_K500_H200_nominal_tnative,5,active_load_variance,0.04636880665628554,30,30,synthetic_complete
leo_madrl_N2000_K500_H200_nominal_tnative,1,mse_user_vector,,0,30,synthetic_complete
leo_madrl_N2000_K500_H200_nominal_tnative,2,mse_user_vector,,0,30,synthetic_complete
leo_madrl_N2000_K500_H200_nominal_tnative,3,mse_user_vector,,0,30,synthetic_complete
leo_madrl_N2000_K500_H200_nominal_tnative,4,mse_user_vector,,0,30,synthetic_complete
leo_madrl_N2000_K500_H200_nominal_tnative,5,mse_user_vector,,0,30,synthetic_complete
leo_madrl_N2000_K500_H200_nominal_tnative,1,persistence_mse_user_vector,,0,30,synthetic_complete
leo_madrl_N2000_K500_H200_nominal_tnative,2,persistence_mse_user_vector,,0,30,synthetic_complete
leo_madrl_N2000_K500_H200_nominal_tnative,3,persistence_mse_user_vector,,0,30,synthetic_complete
leo_madrl_N2000_K500_H200_nominal_tnative,4,persistence_mse_user_vector,,0,30,synthetic_complete
leo_madrl_N2000_K500_H200_nominal_tnative,5,persistence_mse_user_vector,,0,30,synthetic_complete
leo_madrl_N2000_K500_H200_nominal_tnative,1,Cbar,0.0195609,30,30,synthetic_complete
leo_madrl_N2000_K500_H200_nominal_tnative,2,Cbar,0.0204908,30,30,synthetic_complete
leo_madrl_N2000_K500_H200_nominal_tnative,3,Cbar,0.0196759,30,30,synthetic_complete
leo_madrl_N2000_K500_H200_nominal_tnative,4,Cbar,0.019196433333333332,30,30,synthetic_complete
leo_madrl_N2000_K500_H200_nominal_tnative,5,Cbar,0.0205574,30,30,synthetic_complete
leo_madrl_N2000_K500_H200_nominal_tnative,1,Lbar,0.6184341666666666,30,30,synthetic_complete
leo_madrl_N2000_K500_H200_nominal_tnative,2,Lbar,0.6104643333333333,30,30,synthetic_complete
leo_madrl_N2000_K500_H200_nominal_tnative,3,Lbar,0.6174889666666666,30,30,synthetic_complete
leo_madrl_N2000_K500_H200_nominal_tnative,4,Lbar,0.6208347666666667,30,30,synthetic_complete
leo_madrl_N2000_K500_H200_nominal_tnative,5,Lbar,0.6098921666666667,30,30,synthetic_complete
leo_madrl_N2000_K500_H200_nominal_tnative,1,J_user,-0.24918715694444446,30,30,synthetic_complete
leo_madrl_N2000_K500_H200_nominal_tnative,2,J_user,-0.20930826388888885,30,30,synthetic_complete
leo_madrl_N2000_K500_H200_nominal_tnative,3,J_user,-0.24426398055555554,30,30,synthetic_complete
leo_madrl_N2000_K500_H200_nominal_tnative,4,J_user,-0.26308902222222225,30,30,synthetic_complete
leo_madrl_N2000_K500_H200_nominal_tnative,5,J_user,-0.20619108333333333,30,30,synthetic_complete
leo_madrl_N2000_K500_H200_nominal_tnative,1,J_network,-124.59357847222222,30,30,synthetic_complete
leo_madrl_N2000_K500_H200_nominal_tnative,2,J_network,-104.65413194444443,30,30,synthetic_complete
leo_madrl_N2000_K500_H200_nominal_tnative,3,J_network,-122.13199027777777,30,30,synthetic_complete
leo_madrl_N2000_K500_H200_nominal_tnative,4,J_network,-131.54451111111112,30,30,synthetic_complete
leo_madrl_N2000_K500_H200_nominal_tnative,5,J_network,-103.09554166666666,30,30,synthetic_complete
no_triplet_N500_K100_H200_nominal_t0p05,1,outage_percent,1.4871666666666667,30,30,synthetic_complete
no_triplet_N500_K100_H200_nominal_t0p05,2,outage_percent,1.3659999999999999,30,30,synthetic_complete
no_triplet_N500_K100_H200_nominal_t0p05,3,outage_percent,1.2173333333333334,30,30,synthetic_complete
no_triplet_N500_K100_H200_nominal_t0p05,4,outage_percent,1.1843333333333332,30,30,synthetic_complete
no_triplet_N500_K100_H200_nominal_t0p05,5,outage_percent,1.129,30,30,synthetic_complete
no_triplet_N500_K100_H200_nominal_t0p05,1,hof_percent,1.5224563115386855,30,30,synthetic_complete
no_triplet_N500_K100_H200_nominal_t0p05,2,hof_percent,1.4113825048001214,30,30,synthetic_complete
no_triplet_N500_K100_H200_nominal_t0p05,3,hof_percent,1.2582983184653427,30,30,synthetic_complete
no_triplet_N500_K100_H200_nominal_t0p05,4,hof_percent,1.2246629670228422,30,30,synthetic_complete
no_triplet_N500_K100_H200_nominal_t0p05,5,hof_percent,1.1727545361588625,30,30,synthetic_complete
no_triplet_N500_K100_H200_nominal_t0p05,1,pp_percent,0.2883838383838384,30,30,synthetic_complete
no_triplet_N500_K100_H200_nominal_t0p05,2,pp_percent,0.2727272727272727,30,30,synthetic_complete
no_triplet_N500_K100_H200_nominal_t0p05,3,pp_percent,0.2553872053872054,30,30,synthetic_complete
no_triplet_N500_K100_H200_nominal_t0p05,4,pp_percent,0.25084175084175087,30,30,synthetic_complete
no_triplet_N500_K100_H200_nominal_t0p05,5,pp_percent,0.2436026936026936,30,30,synthetic_complete
no_triplet_N500_K100_H200_nominal_t0p05,1,tp_Mbps,193.54883166666667,30,30,synthetic_complete
no_triplet_N500_K100_H200_nominal_t0p05,2,tp_Mbps,194.21960166666668,30,30,synthetic_complete
no_triplet_N500_K100_H200_nominal_t0p05,3,tp_Mbps,195.10369833333334,30,30,synthetic_complete
no_triplet_N500_K100_H200_nominal_t0p05,4,tp_Mbps,195.30889333333334,30,30,synthetic_complete
no_triplet_N500_K100_H200_nominal_t0p05,5,tp_Mbps,195.639955,30,30,synthetic_complete
no_triplet_N500_K100_H200_nominal_t0p05,1,served_p5tp_Mbps,65.46666666666667,30,30,synthetic_complete
no_triplet_N500_K100_H200_nominal_t0p05,2,served_p5tp_Mbps,65.51333333333334,30,30,synthetic_complete
no_triplet_N500_K100_H200_nominal_t0p05,3,served_p5tp_Mbps,65.56666666666666,30,30,synthetic_complete
no_triplet_N500_K100_H200_nominal_t0p05,4,served_p5tp_Mbps,65.56666666666666,30,30,synthetic_complete
no_triplet_N500_K100_H200_nominal_t0p05,5,served_p5tp_Mbps,65.6,30,30,synthetic_complete
no_triplet_N500_K100_H200_nominal_t0p05,1,peak_normalized,0.8456500158673776,30,30,synthetic_complete
no_triplet_N500_K100_H200_nominal_t0p05,2,peak_normalized,0.8537427362202109,30,30,synthetic_complete
no_triplet_N500_K100_H200_nominal_t0p05,3,peak_normalized,0.8545048811117382,30,30,synthetic_complete
no_triplet_N500_K100_H200_nominal_t0p05,4,peak_normalized,0.8500783546616637,30,30,synthetic_complete
no_triplet_N500_K100_H200_nominal_t0p05,5,peak_normalized,0.8476135350878692,30,30,synthetic_complete
no_triplet_N500_K100_H200_nominal_t0p05,1,active_load_variance,0.025468411479421842,30,30,synthetic_complete
no_triplet_N500_K100_H200_nominal_t0p05,2,active_load_variance,0.02544662094785701,30,30,synthetic_complete
no_triplet_N500_K100_H200_nominal_t0p05,3,active_load_variance,0.02526177498270977,30,30,synthetic_complete
no_triplet_N500_K100_H200_nominal_t0p05,4,active_load_variance,0.02528047628110418,30,30,synthetic_complete
no_triplet_N500_K100_H200_nominal_t0p05,5,active_load_variance,0.0254929353332757,30,30,synthetic_complete
no_triplet_N500_K100_H200_nominal_t0p05,1,mse_user_vector,0.048866173914540574,30,30,synthetic_complete
no_triplet_N500_K100_H200_nominal_t0p05,2,mse_user_vector,0.04641147647268078,30,30,synthetic_complete
no_triplet_N500_K100_H200_nominal_t0p05,3,mse_user_vector,0.04389178963471598,30,30,synthetic_complete
no_triplet_N500_K100_H200_nominal_t0p05,4,mse_user_vector,0.0435837080687177,30,30,synthetic_complete
no_triplet_N500_K100_H200_nominal_t0p05,5,mse_user_vector,0.04389560501614598,30,30,synthetic_complete
no_triplet_N500_K100_H200_nominal_t0p05,1,persistence_mse_user_vector,0.046163333333333334,30,30,synthetic_complete
no_triplet_N500_K100_H200_nominal_t0p05,2,persistence_mse_user_vector,0.04445,30,30,synthetic_complete
no_triplet_N500_K100_H200_nominal_t0p05,3,persistence_mse_user_vector,0.0422,30,30,synthetic_complete
no_triplet_N500_K100_H200_nominal_t0p05,4,persistence_mse_user_vector,0.041806666666666666,30,30,synthetic_complete
no_triplet_N500_K100_H200_nominal_t0p05,5,persistence_mse_user_vector,0.04149,30,30,synthetic_complete
no_triplet_N500_K100_H200_nominal_t0p05,1,Cbar,0.027990333333333332,30,30,synthetic_complete
no_triplet_N500_K100_H200_nominal_t0p05,2,Cbar,0.027229999999999997,30,30,synthetic_complete
no_triplet_N500_K100_H200_nominal_t0p05,3,Cbar,0.026258833333333332,30,30,synthetic_complete
no_triplet_N500_K100_H200_nominal_t0p05,4,Cbar,0.026022999999999998,30,30,synthetic_complete
no_triplet_N500_K100_H200_nominal_t0p05,5,Cbar,0.025636333333333334,30,30,synthetic_complete
no_triplet_N500_K100_H200_nominal_t0p05,1,Lbar,0.3898355,30,30,synthetic_complete
no_triplet_N500_K100_H200_nominal_t0p05,2,Lbar,0.3902776666666667,30,30,synthetic_complete
no_triplet_N500_K100_H200_nominal_t0p05,3,Lbar,0.390397,30,30,synthetic_complete
no_triplet_N500_K100_H200_nominal_t0p05,4,Lbar,0.3907426666666667,30,30,synthetic_complete
no_triplet_N500_K100_H200_nominal_t0p05,5,Lbar,0.391692,30,30,synthetic_complete
no_triplet_N500_K100_H200_nominal_t0p05,1,J_user,-0.5231822152777778,30,30,synthetic_complete
no_triplet_N500_K100_H200_nominal_t0p05,2,J_user,-0.5321945069444445,30,30,synthetic_complete
no_triplet_N500_K100_H200_nominal_t0p05,3,J_user,-0.5437374930555555,30,30,synthetic_complete
no_triplet_N500_K100_H200_nominal_t0p05,4,J_user,-0.5461875555555555,30,30,synthetic_complete
no_triplet_N500_K100_H200_nominal_t0p05,5,J_user,-0.5500523125,30,30,synthetic_complete
no_triplet_N500_K100_H200_nominal_t0p05,1,J_network,-52.31822152777778,30,30,synthetic_complete
no_triplet_N500_K100_H200_nominal_t0p05,2,J_network,-53.21945069444445,30,30,synthetic_complete
no_triplet_N500_K100_H200_nominal_t0p05,3,J_network,-54.373749305555556,30,30,synthetic_complete
no_triplet_N500_K100_H200_nominal_t0p05,4,J_network,-54.61875555555555,30,30,synthetic_complete
no_triplet_N500_K100_H200_nominal_t0p05,5,J_network,-55.00523125,30,30,synthetic_complete
no_triplet_N1000_K100_H200_nominal_t0p05,1,outage_percent,1.4293333333333333,30,30,synthetic_complete
no_triplet_N1000_K100_H200_nominal_t0p05,2,outage_percent,1.1646666666666667,30,30,synthetic_complete
no_triplet_N1000_K100_H200_nominal_t0p05,3,outage_percent,0.9778333333333333,30,30,synthetic_complete
no_triplet_N1000_K100_H200_nominal_t0p05,4,outage_percent,1.1068333333333333,30,30,synthetic_complete
no_triplet_N1000_K100_H200_nominal_t0p05,5,outage_percent,1.3098333333333334,30,30,synthetic_complete
no_triplet_N1000_K100_H200_nominal_t0p05,1,hof_percent,1.4240752931338307,30,30,synthetic_complete
no_triplet_N1000_K100_H200_nominal_t0p05,2,hof_percent,1.1555261816147833,30,30,synthetic_complete
no_triplet_N1000_K100_H200_nominal_t0p05,3,hof_percent,0.9971268917712184,30,30,synthetic_complete
no_triplet_N1000_K100_H200_nominal_t0p05,4,hof_percent,1.1002996956905655,30,30,synthetic_complete
no_triplet_N1000_K100_H200_nominal_t0p05,5,hof_percent,1.305255866163372,30,30,synthetic_complete
no_triplet_N1000_K100_H200_nominal_t0p05,1,pp_percent,0.29865319865319867,30,30,synthetic_complete
no_triplet_N1000_K100_H200_nominal_t0p05,2,pp_percent,0.26245791245791245,30,30,synthetic_complete
no_triplet_N1000_K100_H200_nominal_t0p05,3,pp_percent,0.2287878787878788,30,30,synthetic_complete
no_triplet_N1000_K100_H200_nominal_t0p05,4,pp_percent,0.2521885521885522,30,30,synthetic_complete
no_triplet_N1000_K100_H200_nominal_t0p05,5,pp_percent,0.28215488215488216,30,30,synthetic_complete
no_triplet_N1000_K100_H200_nominal_t0p05,1,tp_Mbps,197.24426333333332,30,30,synthetic_complete
no_triplet_N1000_K100_H200_nominal_t0p05,2,tp_Mbps,198.87729166666668,30,30,synthetic_complete
no_triplet_N1000_K100_H200_nominal_t0p05,3,tp_Mbps,200.189225,30,30,synthetic_complete
no_triplet_N1000_K100_H200_nominal_t0p05,4,tp_Mbps,199.27234333333334,30,30,synthetic_complete
no_triplet_N1000_K100_H200_nominal_t0p05,5,tp_Mbps,197.94609333333332,30,30,synthetic_complete
no_triplet_N1000_K100_H200_nominal_t0p05,1,served_p5tp_Mbps,65.83333333333333,30,30,synthetic_complete
no_triplet_N1000_K100_H200_nominal_t0p05,2,served_p5tp_Mbps,65.92833333333334,30,30,synthetic_complete
no_triplet_N1000_K100_H200_nominal_t0p05,3,served_p5tp_Mbps,66.03333333333333,30,30,synthetic_complete
no_triplet_N1000_K100_H200_nominal_t0p05,4,served_p5tp_Mbps,65.96333333333334,30,30,synthetic_complete
no_triplet_N1000_K100_H200_nominal_t0p05,5,served_p5tp_Mbps,65.89333333333333,30,30,synthetic_complete
no_triplet_N1000_K100_H200_nominal_t0p05,1,peak_normalized,0.6978519086217108,30,30,synthetic_complete
no_triplet_N1000_K100_H200_nominal_t0p05,2,peak_normalized,0.7014986470844347,30,30,synthetic_complete
no_triplet_N1000_K100_H200_nominal_t0p05,3,peak_normalized,0.7105498498704833,30,30,synthetic_complete
no_triplet_N1000_K100_H200_nominal_t0p05,4,peak_normalized,0.7036827475959976,30,30,synthetic_complete
no_triplet_N1000_K100_H200_nominal_t0p05,5,peak_normalized,0.6970685886282773,30,30,synthetic_complete
no_triplet_N1000_K100_H200_nominal_t0p05,1,active_load_variance,0.015035550832274728,30,30,synthetic_complete
no_triplet_N1000_K100_H200_nominal_t0p05,2,active_load_variance,0.015199751390951886,30,30,synthetic_complete
no_triplet_N1000_K100_H200_nominal_t0p05,3,active_load_variance,0.01522251535005741,30,30,synthetic_complete
no_triplet_N1000_K100_H200_nominal_t0p05,4,active_load_variance,0.015227005321364468,30,30,synthetic_complete
no_triplet_N1000_K100_H200_nominal_t0p05,5,active_load_variance,0.01511132215476009,30,30,synthetic_complete
no_triplet_N1000_K100_H200_nominal_t0p05,1,mse_user_vector,0.036040750560784166,30,30,synthetic_complete
no_triplet_N1000_K100_H200_nominal_t0p05,2,mse_user_vector,0.03353068145919512,30,30,synthetic_complete
no_triplet_N1000_K100_H200_nominal_t0p05,3,mse_user_vector,0.031003473301093844,30,30,synthetic_complete
no_triplet_N1000_K100_H200_nominal_t0p05,4,mse_user_vector,0.031953143378415996,30,30,synthetic_complete
no_triplet_N1000_K100_H200_nominal_t0p05,5,mse_user_vector,0.03535071961597486,30,30,synthetic_complete
no_triplet_N1000_K100_H200_nominal_t0p05,1,persistence_mse_user_vector,0.033120000000000004,30,30,synthetic_complete
no_triplet_N1000_K100_H200_nominal_t0p05,2,persistence_mse_user_vector,0.03136,30,30,synthetic_complete
no_triplet_N1000_K100_H200_nominal_t0p05,3,persistence_mse_user_vector,0.02944,30,30,synthetic_complete
no_triplet_N1000_K100_H200_nominal_t0p05,4,persistence_mse_user_vector,0.030773333333333333,30,30,synthetic_complete
no_triplet_N1000_K100_H200_nominal_t0p05,5,persistence_mse_user_vector,0.033760000000000005,30,30,synthetic_complete
no_triplet_N1000_K100_H200_nominal_t0p05,1,Cbar,0.028986833333333333,30,30,synthetic_complete
no_triplet_N1000_K100_H200_nominal_t0p05,2,Cbar,0.02706233333333333,30,30,synthetic_complete
no_triplet_N1000_K100_H200_nominal_t0p05,3,Cbar,0.025536166666666665,30,30,synthetic_complete
no_triplet_N1000_K100_H200_nominal_t0p05,4,Cbar,0.02659483333333333,30,30,synthetic_complete
no_triplet_N1000_K100_H200_nominal_t0p05,5,Cbar,0.028151666666666665,30,30,synthetic_complete
no_triplet_N1000_K100_H200_nominal_t0p05,1,Lbar,0.29,30,30,synthetic_complete
no_triplet_N1000_K100_H200_nominal_t0p05,2,Lbar,0.2915756666666667,30,30,synthetic_complete
no_triplet_N1000_K100_H200_nominal_t0p05,3,Lbar,0.2924945,30,30,synthetic_complete
no_triplet_N1000_K100_H200_nominal_t0p05,4,Lbar,0.29194516666666664,30,30,synthetic_complete
no_triplet_N1000_K100_H200_nominal_t0p05,5,Lbar,0.29076216666666665,30,30,synthetic_complete
no_triplet_N1000_K100_H200_nominal_t0p05,1,J_user,-0.5908910138888889,30,30,synthetic_complete
no_triplet_N1000_K100_H200_nominal_t0p05,2,J_user,-0.6111030486111111,30,30,synthetic_complete
no_triplet_N1000_K100_H200_nominal_t0p05,3,J_user,-0.6262147708333333,30,30,synthetic_complete
no_triplet_N1000_K100_H200_nominal_t0p05,4,J_user,-0.6156897638888889,30,30,synthetic_complete
no_triplet_N1000_K100_H200_nominal_t0p05,5,J_user,-0.5998268055555556,30,30,synthetic_complete
no_triplet_N1000_K100_H200_nominal_t0p05,1,J_network,-59.08910138888889,30,30,synthetic_complete
no_triplet_N1000_K100_H200_nominal_t0p05,2,J_network,-61.11030486111111,30,30,synthetic_complete
no_triplet_N1000_K100_H200_nominal_t0p05,3,J_network,-62.62147708333333,30,30,synthetic_complete
no_triplet_N1000_K100_H200_nominal_t0p05,4,J_network,-61.56897638888889,30,30,synthetic_complete
no_triplet_N1000_K100_H200_nominal_t0p05,5,J_network,-59.982680555555554,30,30,synthetic_complete
no_triplet_N2000_K100_H200_nominal_t0p05,1,outage_percent,1.1786666666666668,30,30,synthetic_complete
no_triplet_N2000_K100_H200_nominal_t0p05,2,outage_percent,1.0978333333333334,30,30,synthetic_complete
no_triplet_N2000_K100_H200_nominal_t0p05,3,outage_percent,1.4483333333333333,30,30,synthetic_complete
no_triplet_N2000_K100_H200_nominal_t0p05,4,outage_percent,1.0468333333333333,30,30,synthetic_complete
no_triplet_N2000_K100_H200_nominal_t0p05,5,outage_percent,1.0173333333333334,30,30,synthetic_complete
no_triplet_N2000_K100_H200_nominal_t0p05,1,hof_percent,1.2084826054732212,30,30,synthetic_complete
no_triplet_N2000_K100_H200_nominal_t0p05,2,hof_percent,1.120966531247448,30,30,synthetic_complete
no_triplet_N2000_K100_H200_nominal_t0p05,3,hof_percent,1.499613748890242,30,30,synthetic_complete
no_triplet_N2000_K100_H200_nominal_t0p05,4,hof_percent,1.052296857014162,30,30,synthetic_complete
no_triplet_N2000_K100_H200_nominal_t0p05,5,hof_percent,1.0161113370276778,30,30,synthetic_complete
no_triplet_N2000_K100_H200_nominal_t0p05,1,pp_percent,0.24831649831649832,30,30,synthetic_complete
no_triplet_N2000_K100_H200_nominal_t0p05,2,pp_percent,0.23602693602693603,30,30,synthetic_complete
no_triplet_N2000_K100_H200_nominal_t0p05,3,pp_percent,0.28114478114478114,30,30,synthetic_complete
no_triplet_N2000_K100_H200_nominal_t0p05,4,pp_percent,0.2286195286195286,30,30,synthetic_complete
no_triplet_N2000_K100_H200_nominal_t0p05,5,pp_percent,0.2265993265993266,30,30,synthetic_complete
no_triplet_N2000_K100_H200_nominal_t0p05,1,tp_Mbps,199.508105,30,30,synthetic_complete
no_triplet_N2000_K100_H200_nominal_t0p05,2,tp_Mbps,200.03347666666667,30,30,synthetic_complete
no_triplet_N2000_K100_H200_nominal_t0p05,3,tp_Mbps,197.94195,30,30,synthetic_complete
no_triplet_N2000_K100_H200_nominal_t0p05,4,tp_Mbps,200.38011333333333,30,30,synthetic_complete
no_triplet_N2000_K100_H200_nominal_t0p05,5,tp_Mbps,200.58966666666666,30,30,synthetic_complete
no_triplet_N2000_K100_H200_nominal_t0p05,1,served_p5tp_Mbps,59.96666666666667,30,30,synthetic_complete
no_triplet_N2000_K100_H200_nominal_t0p05,2,served_p5tp_Mbps,59.968333333333334,30,30,synthetic_complete
no_triplet_N2000_K100_H200_nominal_t0p05,3,served_p5tp_Mbps,58.04500000000006,30,30,synthetic_complete
no_triplet_N2000_K100_H200_nominal_t0p05,4,served_p5tp_Mbps,59.94000000000001,30,30,synthetic_complete
no_triplet_N2000_K100_H200_nominal_t0p05,5,served_p5tp_Mbps,59.97500000000001,30,30,synthetic_complete
no_triplet_N2000_K100_H200_nominal_t0p05,1,peak_normalized,0.6065818291418243,30,30,synthetic_complete
no_triplet_N2000_K100_H200_nominal_t0p05,2,peak_normalized,0.6084245441959789,30,30,synthetic_complete
no_triplet_N2000_K100_H200_nominal_t0p05,3,peak_normalized,0.6158536396167588,30,30,synthetic_complete
no_triplet_N2000_K100_H200_nominal_t0p05,4,peak_normalized,0.6088048916116139,30,30,synthetic_complete
no_triplet_N2000_K100_H200_nominal_t0p05,5,peak_normalized,0.6062960371878212,30,30,synthetic_complete
no_triplet_N2000_K100_H200_nominal_t0p05,1,active_load_variance,0.009312044128370665,30,30,synthetic_complete
no_triplet_N2000_K100_H200_nominal_t0p05,2,active_load_variance,0.00926941885502356,30,30,synthetic_complete
no_triplet_N2000_K100_H200_nominal_t0p05,3,active_load_variance,0.009292132726553786,30,30,synthetic_complete
no_triplet_N2000_K100_H200_nominal_t0p05,4,active_load_variance,0.00927271081761814,30,30,synthetic_complete
no_triplet_N2000_K100_H200_nominal_t0p05,5,active_load_variance,0.009262719724048846,30,30,synthetic_complete
no_triplet_N2000_K100_H200_nominal_t0p05,1,mse_user_vector,0.023330521882429435,30,30,synthetic_complete
no_triplet_N2000_K100_H200_nominal_t0p05,2,mse_user_vector,0.021661711046106757,30,30,synthetic_complete
no_triplet_N2000_K100_H200_nominal_t0p05,3,mse_user_vector,0.023462876326349014,30,30,synthetic_complete
no_triplet_N2000_K100_H200_nominal_t0p05,4,mse_user_vector,0.021240845529114056,30,30,synthetic_complete
no_triplet_N2000_K100_H200_nominal_t0p05,5,mse_user_vector,0.021186095399127195,30,30,synthetic_complete
no_triplet_N2000_K100_H200_nominal_t0p05,1,persistence_mse_user_vector,0.02109666666666667,30,30,synthetic_complete
no_triplet_N2000_K100_H200_nominal_t0p05,2,persistence_mse_user_vector,0.02007666666666667,30,30,synthetic_complete
no_triplet_N2000_K100_H200_nominal_t0p05,3,persistence_mse_user_vector,0.0228,30,30,synthetic_complete
no_triplet_N2000_K100_H200_nominal_t0p05,4,persistence_mse_user_vector,0.019966666666666667,30,30,synthetic_complete
no_triplet_N2000_K100_H200_nominal_t0p05,5,persistence_mse_user_vector,0.019473333333333336,30,30,synthetic_complete
no_triplet_N2000_K100_H200_nominal_t0p05,1,Cbar,0.027255666666666664,30,30,synthetic_complete
no_triplet_N2000_K100_H200_nominal_t0p05,2,Cbar,0.026662333333333333,30,30,synthetic_complete
no_triplet_N2000_K100_H200_nominal_t0p05,3,Cbar,0.02904383333333333,30,30,synthetic_complete
no_triplet_N2000_K100_H200_nominal_t0p05,4,Cbar,0.026259833333333333,30,30,synthetic_complete
no_triplet_N2000_K100_H200_nominal_t0p05,5,Cbar,0.026022166666666666,30,30,synthetic_complete
no_triplet_N2000_K100_H200_nominal_t0p05,1,Lbar,0.22951133333333334,30,30,synthetic_complete
no_triplet_N2000_K100_H200_nominal_t0p05,2,Lbar,0.22950383333333332,30,30,synthetic_complete
no_triplet_N2000_K100_H200_nominal_t0p05,3,Lbar,0.22862,30,30,synthetic_complete
no_triplet_N2000_K100_H200_nominal_t0p05,4,Lbar,0.22970316666666668,30,30,synthetic_complete
no_triplet_N2000_K100_H200_nominal_t0p05,5,Lbar,0.229795,30,30,synthetic_complete
no_triplet_N2000_K100_H200_nominal_t0p05,1,J_user,-0.6439669375,30,30,synthetic_complete
no_triplet_N2000_K100_H200_nominal_t0p05,2,J_user,-0.6504980694444444,30,30,synthetic_complete
no_triplet_N2000_K100_H200_nominal_t0p05,3,J_user,-0.6235095416666666,30,30,synthetic_complete
no_triplet_N2000_K100_H200_nominal_t0p05,4,J_user,-0.6545939722222223,30,30,synthetic_complete
no_triplet_N2000_K100_H200_nominal_t0p05,5,J_user,-0.6570150277777778,30,30,synthetic_complete
no_triplet_N2000_K100_H200_nominal_t0p05,1,J_network,-64.39669375,30,30,synthetic_complete
no_triplet_N2000_K100_H200_nominal_t0p05,2,J_network,-65.04980694444444,30,30,synthetic_complete
no_triplet_N2000_K100_H200_nominal_t0p05,3,J_network,-62.35095416666667,30,30,synthetic_complete
no_triplet_N2000_K100_H200_nominal_t0p05,4,J_network,-65.45939722222222,30,30,synthetic_complete
no_triplet_N2000_K100_H200_nominal_t0p05,5,J_network,-65.70150277777778,30,30,synthetic_complete
mlp_coeff_N500_K100_H200_nominal_t0p05,1,outage_percent,0.8803333333333333,30,30,synthetic_complete
mlp_coeff_N500_K100_H200_nominal_t0p05,2,outage_percent,0.7815,30,30,synthetic_complete
mlp_coeff_N500_K100_H200_nominal_t0p05,3,outage_percent,0.7605,30,30,synthetic_complete
mlp_coeff_N500_K100_H200_nominal_t0p05,4,outage_percent,0.7,30,30,synthetic_complete
mlp_coeff_N500_K100_H200_nominal_t0p05,5,outage_percent,0.7096666666666667,30,30,synthetic_complete
mlp_coeff_N500_K100_H200_nominal_t0p05,1,hof_percent,0.8921867998872748,30,30,synthetic_complete
mlp_coeff_N500_K100_H200_nominal_t0p05,2,hof_percent,0.7907642563794741,30,30,synthetic_complete
mlp_coeff_N500_K100_H200_nominal_t0p05,3,hof_percent,0.7602603804638565,30,30,synthetic_complete
mlp_coeff_N500_K100_H200_nominal_t0p05,4,hof_percent,0.7130160835875062,30,30,synthetic_complete
mlp_coeff_N500_K100_H200_nominal_t0p05,5,hof_percent,0.7138782765521232,30,30,synthetic_complete
mlp_coeff_N500_K100_H200_nominal_t0p05,1,pp_percent,0.2080808080808081,30,30,synthetic_complete
mlp_coeff_N500_K100_H200_nominal_t0p05,2,pp_percent,0.18771043771043772,30,30,synthetic_complete
mlp_coeff_N500_K100_H200_nominal_t0p05,3,pp_percent,0.18451178451178452,30,30,synthetic_complete
mlp_coeff_N500_K100_H200_nominal_t0p05,4,pp_percent,0.17255892255892255,30,30,synthetic_complete
mlp_coeff_N500_K100_H200_nominal_t0p05,5,pp_percent,0.1734006734006734,30,30,synthetic_complete
mlp_coeff_N500_K100_H200_nominal_t0p05,1,tp_Mbps,196.69245833333332,30,30,synthetic_complete
mlp_coeff_N500_K100_H200_nominal_t0p05,2,tp_Mbps,197.54474666666667,30,30,synthetic_complete
mlp_coeff_N500_K100_H200_nominal_t0p05,3,tp_Mbps,197.72678333333334,30,30,synthetic_complete
mlp_coeff_N500_K100_H200_nominal_t0p05,4,tp_Mbps,198.26377,30,30,synthetic_complete
mlp_coeff_N500_K100_H200_nominal_t0p05,5,tp_Mbps,198.17718166666666,30,30,synthetic_complete
mlp_coeff_N500_K100_H200_nominal_t0p05,1,served_p5tp_Mbps,65.65666666666667,30,30,synthetic_complete
mlp_coeff_N500_K100_H200_nominal_t0p05,2,served_p5tp_Mbps,65.7,30,30,synthetic_complete
mlp_coeff_N500_K100_H200_nominal_t0p05,3,served_p5tp_Mbps,65.76666666666667,30,30,synthetic_complete
mlp_coeff_N500_K100_H200_nominal_t0p05,4,served_p5tp_Mbps,65.76666666666667,30,30,synthetic_complete
mlp_coeff_N500_K100_H200_nominal_t0p05,5,served_p5tp_Mbps,65.76666666666667,30,30,synthetic_complete
mlp_coeff_N500_K100_H200_nominal_t0p05,1,peak_normalized,0.8512557272132217,30,30,synthetic_complete
mlp_coeff_N500_K100_H200_nominal_t0p05,2,peak_normalized,0.8406395406886545,30,30,synthetic_complete
mlp_coeff_N500_K100_H200_nominal_t0p05,3,peak_normalized,0.8348807788460618,30,30,synthetic_complete
mlp_coeff_N500_K100_H200_nominal_t0p05,4,peak_normalized,0.8458567166692037,30,30,synthetic_complete
mlp_coeff_N500_K100_H200_nominal_t0p05,5,peak_normalized,0.8438832715649713,30,30,synthetic_complete
mlp_coeff_N500_K100_H200_nominal_t0p05,1,active_load_variance,0.023838051068648974,30,30,synthetic_complete
mlp_coeff_N500_K100_H200_nominal_t0p05,2,active_load_variance,0.02377269862862542,30,30,synthetic_complete
mlp_coeff_N500_K100_H200_nominal_t0p05,3,active_load_variance,0.023729190371441264,30,30,synthetic_complete
mlp_coeff_N500_K100_H200_nominal_t0p05,4,active_load_variance,0.023972776092823157,30,30,synthetic_complete
mlp_coeff_N500_K100_H200_nominal_t0p05,5,active_load_variance,0.023921113975564713,30,30,synthetic_complete
mlp_coeff_N500_K100_H200_nominal_t0p05,1,mse_user_vector,0.04197644892848047,30,30,synthetic_complete
mlp_coeff_N500_K100_H200_nominal_t0p05,2,mse_user_vector,0.04062714040243988,30,30,synthetic_complete
mlp_coeff_N500_K100_H200_nominal_t0p05,3,mse_user_vector,0.03941811026664902,30,30,synthetic_complete
mlp_coeff_N500_K100_H200_nominal_t0p05,4,mse_user_vector,0.03601685243604859,30,30,synthetic_complete
mlp_coeff_N500_K100_H200_nominal_t0p05,5,mse_user_vector,0.03543391729651212,30,30,synthetic_complete
mlp_coeff_N500_K100_H200_nominal_t0p05,1,persistence_mse_user_vector,0.0392,30,30,synthetic_complete
mlp_coeff_N500_K100_H200_nominal_t0p05,2,persistence_mse_user_vector,0.03726666666666667,30,30,synthetic_complete
mlp_coeff_N500_K100_H200_nominal_t0p05,3,persistence_mse_user_vector,0.0368,30,30,synthetic_complete
mlp_coeff_N500_K100_H200_nominal_t0p05,4,persistence_mse_user_vector,0.034333333333333334,30,30,synthetic_complete
mlp_coeff_N500_K100_H200_nominal_t0p05,5,persistence_mse_user_vector,0.03426666666666667,30,30,synthetic_complete
mlp_coeff_N500_K100_H200_nominal_t0p05,1,Cbar,0.024834333333333333,30,30,synthetic_complete
mlp_coeff_N500_K100_H200_nominal_t0p05,2,Cbar,0.023822666666666666,30,30,synthetic_complete
mlp_coeff_N500_K100_H200_nominal_t0p05,3,Cbar,0.0236125,30,30,synthetic_complete
mlp_coeff_N500_K100_H200_nominal_t0p05,4,Cbar,0.022971166666666668,30,30,synthetic_complete
mlp_coeff_N500_K100_H200_nominal_t0p05,5,Cbar,0.023067833333333333,30,30,synthetic_complete
mlp_coeff_N500_K100_H200_nominal_t0p05,1,Lbar,0.3767196666666667,30,30,synthetic_complete
mlp_coeff_N500_K100_H200_nominal_t0p05,2,Lbar,0.37700083333333334,30,30,synthetic_complete
mlp_coeff_N500_K100_H200_nominal_t0p05,3,Lbar,0.37687916666666665,30,30,synthetic_complete
mlp_coeff_N500_K100_H200_nominal_t0p05,4,Lbar,0.37804666666666664,30,30,synthetic_complete
mlp_coeff_N500_K100_H200_nominal_t0p05,5,Lbar,0.37780566666666665,30,30,synthetic_complete
mlp_coeff_N500_K100_H200_nominal_t0p05,1,J_user,-0.5747582430555556,30,30,synthetic_complete
mlp_coeff_N500_K100_H200_nominal_t0p05,2,J_user,-0.5836163611111111,30,30,synthetic_complete
mlp_coeff_N500_K100_H200_nominal_t0p05,3,J_user,-0.5855907638888889,30,30,synthetic_complete
mlp_coeff_N500_K100_H200_nominal_t0p05,4,J_user,-0.590590125,30,30,synthetic_complete
mlp_coeff_N500_K100_H200_nominal_t0p05,5,J_user,-0.5898181736111111,30,30,synthetic_complete
mlp_coeff_N500_K100_H200_nominal_t0p05,1,J_network,-57.475824305555555,30,30,synthetic_complete
mlp_coeff_N500_K100_H200_nominal_t0p05,2,J_network,-58.36163611111112,30,30,synthetic_complete
mlp_coeff_N500_K100_H200_nominal_t0p05,3,J_network,-58.55907638888889,30,30,synthetic_complete
mlp_coeff_N500_K100_H200_nominal_t0p05,4,J_network,-59.0590125,30,30,synthetic_complete
mlp_coeff_N500_K100_H200_nominal_t0p05,5,J_network,-58.98181736111111,30,30,synthetic_complete
mlp_coeff_N1000_K100_H200_nominal_t0p05,1,outage_percent,0.8065,30,30,synthetic_complete
mlp_coeff_N1000_K100_H200_nominal_t0p05,2,outage_percent,0.543,30,30,synthetic_complete
mlp_coeff_N1000_K100_H200_nominal_t0p05,3,outage_percent,0.6956666666666667,30,30,synthetic_complete
mlp_coeff_N1000_K100_H200_nominal_t0p05,4,outage_percent,0.7818333333333333,30,30,synthetic_complete
mlp_coeff_N1000_K100_H200_nominal_t0p05,5,outage_percent,0.8130000000000001,30,30,synthetic_complete
mlp_coeff_N1000_K100_H200_nominal_t0p05,1,hof_percent,0.7925489302900589,30,30,synthetic_complete
mlp_coeff_N1000_K100_H200_nominal_t0p05,2,hof_percent,0.5370327626664865,30,30,synthetic_complete
mlp_coeff_N1000_K100_H200_nominal_t0p05,3,hof_percent,0.6926199593685062,30,30,synthetic_complete
mlp_coeff_N1000_K100_H200_nominal_t0p05,4,hof_percent,0.7778681440842318,30,30,synthetic_complete
mlp_coeff_N1000_K100_H200_nominal_t0p05,5,hof_percent,0.8083819362449189,30,30,synthetic_complete
mlp_coeff_N1000_K100_H200_nominal_t0p05,1,pp_percent,0.20286195286195285,30,30,synthetic_complete
mlp_coeff_N1000_K100_H200_nominal_t0p05,2,pp_percent,0.1563973063973064,30,30,synthetic_complete
mlp_coeff_N1000_K100_H200_nominal_t0p05,3,pp_percent,0.184006734006734,30,30,synthetic_complete
mlp_coeff_N1000_K100_H200_nominal_t0p05,4,pp_percent,0.19730639730639732,30,30,synthetic_complete
mlp_coeff_N1000_K100_H200_nominal_t0p05,5,pp_percent,0.20387205387205387,30,30,synthetic_complete
mlp_coeff_N1000_K100_H200_nominal_t0p05,1,tp_Mbps,200.53829166666668,30,30,synthetic_complete
mlp_coeff_N1000_K100_H200_nominal_t0p05,2,tp_Mbps,203.11166833333334,30,30,synthetic_complete
mlp_coeff_N1000_K100_H200_nominal_t0p05,3,tp_Mbps,201.563545,30,30,synthetic_complete
mlp_coeff_N1000_K100_H200_nominal_t0p05,4,tp_Mbps,200.785205,30,30,synthetic_complete
mlp_coeff_N1000_K100_H200_nominal_t0p05,5,tp_Mbps,200.4784,30,30,synthetic_complete
mlp_coeff_N1000_K100_H200_nominal_t0p05,1,served_p5tp_Mbps,66,30,30,synthetic_complete
mlp_coeff_N1000_K100_H200_nominal_t0p05,2,served_p5tp_Mbps,66.26666666666667,30,30,synthetic_complete
mlp_coeff_N1000_K100_H200_nominal_t0p05,3,served_p5tp_Mbps,66.1,30,30,synthetic_complete
mlp_coeff_N1000_K100_H200_nominal_t0p05,4,served_p5tp_Mbps,66.03833333333334,30,30,synthetic_complete
mlp_coeff_N1000_K100_H200_nominal_t0p05,5,served_p5tp_Mbps,66,30,30,synthetic_complete
mlp_coeff_N1000_K100_H200_nominal_t0p05,1,peak_normalized,0.7177754452014709,30,30,synthetic_complete
mlp_coeff_N1000_K100_H200_nominal_t0p05,2,peak_normalized,0.7292745317459103,30,30,synthetic_complete
mlp_coeff_N1000_K100_H200_nominal_t0p05,3,peak_normalized,0.7381744212444834,30,30,synthetic_complete
mlp_coeff_N1000_K100_H200_nominal_t0p05,4,peak_normalized,0.7224838616322135,30,30,synthetic_complete
mlp_coeff_N1000_K100_H200_nominal_t0p05,5,peak_normalized,0.7159502633001017,30,30,synthetic_complete
mlp_coeff_N1000_K100_H200_nominal_t0p05,1,active_load_variance,0.01456427997904871,30,30,synthetic_complete
mlp_coeff_N1000_K100_H200_nominal_t0p05,2,active_load_variance,0.014764349550942434,30,30,synthetic_complete
mlp_coeff_N1000_K100_H200_nominal_t0p05,3,active_load_variance,0.01471999377414546,30,30,synthetic_complete
mlp_coeff_N1000_K100_H200_nominal_t0p05,4,active_load_variance,0.01460414447111279,30,30,synthetic_complete
mlp_coeff_N1000_K100_H200_nominal_t0p05,5,active_load_variance,0.014549228537622604,30,30,synthetic_complete
mlp_coeff_N1000_K100_H200_nominal_t0p05,1,mse_user_vector,0.030365152361615445,30,30,synthetic_complete
mlp_coeff_N1000_K100_H200_nominal_t0p05,2,mse_user_vector,0.026307499435671153,30,30,synthetic_complete
mlp_coeff_N1000_K100_H200_nominal_t0p05,3,mse_user_vector,0.02788364050876156,30,30,synthetic_complete
mlp_coeff_N1000_K100_H200_nominal_t0p05,4,mse_user_vector,0.029760218522034698,30,30,synthetic_complete
mlp_coeff_N1000_K100_H200_nominal_t0p05,5,mse_user_vector,0.03134211396517906,30,30,synthetic_complete
mlp_coeff_N1000_K100_H200_nominal_t0p05,1,persistence_mse_user_vector,0.028643333333333333,30,30,synthetic_complete
mlp_coeff_N1000_K100_H200_nominal_t0p05,2,persistence_mse_user_vector,0.024480000000000002,30,30,synthetic_complete
mlp_coeff_N1000_K100_H200_nominal_t0p05,3,persistence_mse_user_vector,0.02603,30,30,synthetic_complete
mlp_coeff_N1000_K100_H200_nominal_t0p05,4,persistence_mse_user_vector,0.027406666666666666,30,30,synthetic_complete
mlp_coeff_N1000_K100_H200_nominal_t0p05,5,persistence_mse_user_vector,0.02854,30,30,synthetic_complete
mlp_coeff_N1000_K100_H200_nominal_t0p05,1,Cbar,0.025183333333333332,30,30,synthetic_complete
mlp_coeff_N1000_K100_H200_nominal_t0p05,2,Cbar,0.022055833333333334,30,30,synthetic_complete
mlp_coeff_N1000_K100_H200_nominal_t0p05,3,Cbar,0.023908833333333334,30,30,synthetic_complete
mlp_coeff_N1000_K100_H200_nominal_t0p05,4,Cbar,0.024847499999999998,30,30,synthetic_complete
mlp_coeff_N1000_K100_H200_nominal_t0p05,5,Cbar,0.025265666666666665,30,30,synthetic_complete
mlp_coeff_N1000_K100_H200_nominal_t0p05,1,Lbar,0.28631816666666665,30,30,synthetic_complete
mlp_coeff_N1000_K100_H200_nominal_t0p05,2,Lbar,0.288505,30,30,synthetic_complete
mlp_coeff_N1000_K100_H200_nominal_t0p05,3,Lbar,0.287602,30,30,synthetic_complete
mlp_coeff_N1000_K100_H200_nominal_t0p05,4,Lbar,0.28674116666666666,30,30,synthetic_complete
mlp_coeff_N1000_K100_H200_nominal_t0p05,5,Lbar,0.28621633333333335,30,30,synthetic_complete
mlp_coeff_N1000_K100_H200_nominal_t0p05,1,J_user,-0.6395004652777778,30,30,synthetic_complete
mlp_coeff_N1000_K100_H200_nominal_t0p05,2,J_user,-0.6638682013888889,30,30,synthetic_complete
mlp_coeff_N1000_K100_H200_nominal_t0p05,3,J_user,-0.6493093541666667,30,30,synthetic_complete
mlp_coeff_N1000_K100_H200_nominal_t0p05,4,J_user,-0.6417190208333333,30,30,synthetic_complete
mlp_coeff_N1000_K100_H200_nominal_t0p05,5,J_user,-0.6389356666666667,30,30,synthetic_complete
mlp_coeff_N1000_K100_H200_nominal_t0p05,1,J_network,-63.95004652777778,30,30,synthetic_complete
mlp_coeff_N1000_K100_H200_nominal_t0p05,2,J_network,-66.3868201388889,30,30,synthetic_complete
mlp_coeff_N1000_K100_H200_nominal_t0p05,3,J_network,-64.93093541666667,30,30,synthetic_complete
mlp_coeff_N1000_K100_H200_nominal_t0p05,4,J_network,-64.17190208333334,30,30,synthetic_complete
mlp_coeff_N1000_K100_H200_nominal_t0p05,5,J_network,-63.893566666666665,30,30,synthetic_complete
mlp_coeff_N2000_K100_H200_nominal_t0p05,1,outage_percent,0.6931666666666667,30,30,synthetic_complete
mlp_coeff_N2000_K100_H200_nominal_t0p05,2,outage_percent,0.7676666666666666,30,30,synthetic_complete
mlp_coeff_N2000_K100_H200_nominal_t0p05,3,outage_percent,0.6711666666666667,30,30,synthetic_complete
mlp_coeff_N2000_K100_H200_nominal_t0p05,4,outage_percent,0.6341666666666667,30,30,synthetic_complete
mlp_coeff_N2000_K100_H200_nominal_t0p05,5,outage_percent,0.7995,30,30,synthetic_complete
mlp_coeff_N2000_K100_H200_nominal_t0p05,1,hof_percent,0.6923159417759801,30,30,synthetic_complete
mlp_coeff_N2000_K100_H200_nominal_t0p05,2,hof_percent,0.7812770516504653,30,30,synthetic_complete
mlp_coeff_N2000_K100_H200_nominal_t0p05,3,hof_percent,0.6730931478470443,30,30,synthetic_complete
mlp_coeff_N2000_K100_H200_nominal_t0p05,4,hof_percent,0.6306098251443176,30,30,synthetic_complete
mlp_coeff_N2000_K100_H200_nominal_t0p05,5,hof_percent,0.8173041912079216,30,30,synthetic_complete
mlp_coeff_N2000_K100_H200_nominal_t0p05,1,pp_percent,0.17962962962962964,30,30,synthetic_complete
mlp_coeff_N2000_K100_H200_nominal_t0p05,2,pp_percent,0.1936026936026936,30,30,synthetic_complete
mlp_coeff_N2000_K100_H200_nominal_t0p05,3,pp_percent,0.17542087542087542,30,30,synthetic_complete
mlp_coeff_N2000_K100_H200_nominal_t0p05,4,pp_percent,0.16717171717171717,30,30,synthetic_complete
mlp_coeff_N2000_K100_H200_nominal_t0p05,5,pp_percent,0.19814814814814816,30,30,synthetic_complete
mlp_coeff_N2000_K100_H200_nominal_t0p05,1,tp_Mbps,202.16419666666667,30,30,synthetic_complete
mlp_coeff_N2000_K100_H200_nominal_t0p05,2,tp_Mbps,201.48705,30,30,synthetic_complete
mlp_coeff_N2000_K100_H200_nominal_t0p05,3,tp_Mbps,202.39187166666667,30,30,synthetic_complete
mlp_coeff_N2000_K100_H200_nominal_t0p05,4,tp_Mbps,202.79497666666666,30,30,synthetic_complete
mlp_coeff_N2000_K100_H200_nominal_t0p05,5,tp_Mbps,201.218375,30,30,synthetic_complete
mlp_coeff_N2000_K100_H200_nominal_t0p05,1,served_p5tp_Mbps,59.1916666666668,30,30,synthetic_complete
mlp_coeff_N2000_K100_H200_nominal_t0p05,2,served_p5tp_Mbps,60.025000000000006,30,30,synthetic_complete
mlp_coeff_N2000_K100_H200_nominal_t0p05,3,served_p5tp_Mbps,59.6483333333334,30,30,synthetic_complete
mlp_coeff_N2000_K100_H200_nominal_t0p05,4,served_p5tp_Mbps,60.05166666666667,30,30,synthetic_complete
mlp_coeff_N2000_K100_H200_nominal_t0p05,5,served_p5tp_Mbps,60.03,30,30,synthetic_complete
mlp_coeff_N2000_K100_H200_nominal_t0p05,1,peak_normalized,0.5929922423918094,30,30,synthetic_complete
mlp_coeff_N2000_K100_H200_nominal_t0p05,2,peak_normalized,0.5846185767804519,30,30,synthetic_complete
mlp_coeff_N2000_K100_H200_nominal_t0p05,3,peak_normalized,0.5900655231246419,30,30,synthetic_complete
mlp_coeff_N2000_K100_H200_nominal_t0p05,4,peak_normalized,0.590529921307359,30,30,synthetic_complete
mlp_coeff_N2000_K100_H200_nominal_t0p05,5,peak_normalized,0.5967654735779632,30,30,synthetic_complete
mlp_coeff_N2000_K100_H200_nominal_t0p05,1,active_load_variance,0.008949264923054777,30,30,synthetic_complete
mlp_coeff_N2000_K100_H200_nominal_t0p05,2,active_load_variance,0.008899226418136348,30,30,synthetic_complete
mlp_coeff_N2000_K100_H200_nominal_t0p05,3,active_load_variance,0.008945228938671931,30,30,synthetic_complete
mlp_coeff_N2000_K100_H200_nominal_t0p05,4,active_load_variance,0.008989543163472776,30,30,synthetic_complete
mlp_coeff_N2000_K100_H200_nominal_t0p05,5,active_load_variance,0.008949302484973538,30,30,synthetic_complete
mlp_coeff_N2000_K100_H200_nominal_t0p05,1,mse_user_vector,0.01828178877063148,30,30,synthetic_complete
mlp_coeff_N2000_K100_H200_nominal_t0p05,2,mse_user_vector,0.01973729178524706,30,30,synthetic_complete
mlp_coeff_N2000_K100_H200_nominal_t0p05,3,mse_user_vector,0.018661977122360954,30,30,synthetic_complete
mlp_coeff_N2000_K100_H200_nominal_t0p05,4,mse_user_vector,0.018556686287047854,30,30,synthetic_complete
mlp_coeff_N2000_K100_H200_nominal_t0p05,5,mse_user_vector,0.019695598706983893,30,30,synthetic_complete
mlp_coeff_N2000_K100_H200_nominal_t0p05,1,persistence_mse_user_vector,0.016926666666666666,30,30,synthetic_complete
mlp_coeff_N2000_K100_H200_nominal_t0p05,2,persistence_mse_user_vector,0.0181,30,30,synthetic_complete
mlp_coeff_N2000_K100_H200_nominal_t0p05,3,persistence_mse_user_vector,0.01674,30,30,synthetic_complete
mlp_coeff_N2000_K100_H200_nominal_t0p05,4,persistence_mse_user_vector,0.016253333333333335,30,30,synthetic_complete
mlp_coeff_N2000_K100_H200_nominal_t0p05,5,persistence_mse_user_vector,0.017983333333333334,30,30,synthetic_complete
mlp_coeff_N2000_K100_H200_nominal_t0p05,1,Cbar,0.024093166666666666,30,30,synthetic_complete
mlp_coeff_N2000_K100_H200_nominal_t0p05,2,Cbar,0.02495383333333333,30,30,synthetic_complete
mlp_coeff_N2000_K100_H200_nominal_t0p05,3,Cbar,0.0238235,30,30,synthetic_complete
mlp_coeff_N2000_K100_H200_nominal_t0p05,4,Cbar,0.0233135,30,30,synthetic_complete
mlp_coeff_N2000_K100_H200_nominal_t0p05,5,Cbar,0.025267333333333333,30,30,synthetic_complete
mlp_coeff_N2000_K100_H200_nominal_t0p05,1,Lbar,0.22664383333333332,30,30,synthetic_complete
mlp_coeff_N2000_K100_H200_nominal_t0p05,2,Lbar,0.22602166666666668,30,30,synthetic_complete
mlp_coeff_N2000_K100_H200_nominal_t0p05,3,Lbar,0.22658683333333335,30,30,synthetic_complete
mlp_coeff_N2000_K100_H200_nominal_t0p05,4,Lbar,0.22701883333333334,30,30,synthetic_complete
mlp_coeff_N2000_K100_H200_nominal_t0p05,5,Lbar,0.22629683333333334,30,30,synthetic_complete
mlp_coeff_N2000_K100_H200_nominal_t0p05,1,J_user,-0.6823239861111111,30,30,synthetic_complete
mlp_coeff_N2000_K100_H200_nominal_t0p05,2,J_user,-0.6756582916666667,30,30,synthetic_complete
mlp_coeff_N2000_K100_H200_nominal_t0p05,3,J_user,-0.6845359652777777,30,30,synthetic_complete
mlp_coeff_N2000_K100_H200_nominal_t0p05,4,J_user,-0.6881045694444444,30,30,synthetic_complete
mlp_coeff_N2000_K100_H200_nominal_t0p05,5,J_user,-0.6726528125,30,30,synthetic_complete
mlp_coeff_N2000_K100_H200_nominal_t0p05,1,J_network,-68.23239861111111,30,30,synthetic_complete
mlp_coeff_N2000_K100_H200_nominal_t0p05,2,J_network,-67.56582916666667,30,30,synthetic_complete
mlp_coeff_N2000_K100_H200_nominal_t0p05,3,J_network,-68.45359652777778,30,30,synthetic_complete
mlp_coeff_N2000_K100_H200_nominal_t0p05,4,J_network,-68.81045694444444,30,30,synthetic_complete
mlp_coeff_N2000_K100_H200_nominal_t0p05,5,J_network,-67.26528125,30,30,synthetic_complete
no_cox_rst_N2000_K100_H200_nominal_t0p05,1,outage_percent,0.9666666666666667,30,30,synthetic_complete
no_cox_rst_N2000_K100_H200_nominal_t0p05,2,outage_percent,0.7706666666666667,30,30,synthetic_complete
no_cox_rst_N2000_K100_H200_nominal_t0p05,3,outage_percent,0.8548333333333333,30,30,synthetic_complete
no_cox_rst_N2000_K100_H200_nominal_t0p05,4,outage_percent,0.6885,30,30,synthetic_complete
no_cox_rst_N2000_K100_H200_nominal_t0p05,5,outage_percent,0.9736666666666667,30,30,synthetic_complete
no_cox_rst_N2000_K100_H200_nominal_t0p05,1,hof_percent,0.9639506074522672,30,30,synthetic_complete
no_cox_rst_N2000_K100_H200_nominal_t0p05,2,hof_percent,0.7707516634896759,30,30,synthetic_complete
no_cox_rst_N2000_K100_H200_nominal_t0p05,3,hof_percent,0.8672231732510445,30,30,synthetic_complete
no_cox_rst_N2000_K100_H200_nominal_t0p05,4,hof_percent,0.6848694315242981,30,30,synthetic_complete
no_cox_rst_N2000_K100_H200_nominal_t0p05,5,hof_percent,0.9785420292277197,30,30,synthetic_complete
no_cox_rst_N2000_K100_H200_nominal_t0p05,1,pp_percent,0.20909090909090908,30,30,synthetic_complete
no_cox_rst_N2000_K100_H200_nominal_t0p05,2,pp_percent,0.18316498316498317,30,30,synthetic_complete
no_cox_rst_N2000_K100_H200_nominal_t0p05,3,pp_percent,0.19562289562289562,30,30,synthetic_complete
no_cox_rst_N2000_K100_H200_nominal_t0p05,4,pp_percent,0.168013468013468,30,30,synthetic_complete
no_cox_rst_N2000_K100_H200_nominal_t0p05,5,pp_percent,0.20959595959595959,30,30,synthetic_complete
no_cox_rst_N2000_K100_H200_nominal_t0p05,1,tp_Mbps,200.74146,30,30,synthetic_complete
no_cox_rst_N2000_K100_H200_nominal_t0p05,2,tp_Mbps,202.32419666666667,30,30,synthetic_complete
no_cox_rst_N2000_K100_H200_nominal_t0p05,3,tp_Mbps,201.64070833333332,30,30,synthetic_complete
no_cox_rst_N2000_K100_H200_nominal_t0p05,4,tp_Mbps,203.06597833333333,30,30,synthetic_complete
no_cox_rst_N2000_K100_H200_nominal_t0p05,5,tp_Mbps,200.69156666666666,30,30,synthetic_complete
no_cox_rst_N2000_K100_H200_nominal_t0p05,1,served_p5tp_Mbps,60.04333333333334,30,30,synthetic_complete
no_cox_rst_N2000_K100_H200_nominal_t0p05,2,served_p5tp_Mbps,60.095,30,30,synthetic_complete
no_cox_rst_N2000_K100_H200_nominal_t0p05,3,served_p5tp_Mbps,57.263333333333335,30,30,synthetic_complete
no_cox_rst_N2000_K100_H200_nominal_t0p05,4,served_p5tp_Mbps,59.2866666666668,30,30,synthetic_complete
no_cox_rst_N2000_K100_H200_nominal_t0p05,5,served_p5tp_Mbps,60.038333333333334,30,30,synthetic_complete
no_cox_rst_N2000_K100_H200_nominal_t0p05,1,peak_normalized,0.5923688159645712,30,30,synthetic_complete
no_cox_rst_N2000_K100_H200_nominal_t0p05,2,peak_normalized,0.587461994139675,30,30,synthetic_complete
no_cox_rst_N2000_K100_H200_nominal_t0p05,3,peak_normalized,0.5871626304514518,30,30,synthetic_complete
no_cox_rst_N2000_K100_H200_nominal_t0p05,4,peak_normalized,0.5826320017401452,30,30,synthetic_complete
no_cox_rst_N2000_K100_H200_nominal_t0p05,5,peak_normalized,0.5927242341369522,30,30,synthetic_complete
no_cox_rst_N2000_K100_H200_nominal_t0p05,1,active_load_variance,0.009005853375737477,30,30,synthetic_complete
no_cox_rst_N2000_K100_H200_nominal_t0p05,2,active_load_variance,0.008938199738178105,30,30,synthetic_complete
no_cox_rst_N2000_K100_H200_nominal_t0p05,3,active_load_variance,0.008954926015134148,30,30,synthetic_complete
no_cox_rst_N2000_K100_H200_nominal_t0p05,4,active_load_variance,0.009025761458392782,30,30,synthetic_complete
no_cox_rst_N2000_K100_H200_nominal_t0p05,5,active_load_variance,0.009023162047997331,30,30,synthetic_complete
no_cox_rst_N2000_K100_H200_nominal_t0p05,1,mse_user_vector,0.021055840558768985,30,30,synthetic_complete
no_cox_rst_N2000_K100_H200_nominal_t0p05,2,mse_user_vector,0.01860648366933619,30,30,synthetic_complete
no_cox_rst_N2000_K100_H200_nominal_t0p05,3,mse_user_vector,0.01919916304096352,30,30,synthetic_complete
no_cox_rst_N2000_K100_H200_nominal_t0p05,4,mse_user_vector,0.017723377815879255,30,30,synthetic_complete
no_cox_rst_N2000_K100_H200_nominal_t0p05,5,mse_user_vector,0.021535084087467692,30,30,synthetic_complete
no_cox_rst_N2000_K100_H200_nominal_t0p05,1,persistence_mse_user_vector,0.019206666666666667,30,30,synthetic_complete
no_cox_rst_N2000_K100_H200_nominal_t0p05,2,persistence_mse_user_vector,0.017220000000000003,30,30,synthetic_complete
no_cox_rst_N2000_K100_H200_nominal_t0p05,3,persistence_mse_user_vector,0.017926666666666667,30,30,synthetic_complete
no_cox_rst_N2000_K100_H200_nominal_t0p05,4,persistence_mse_user_vector,0.016076666666666666,30,30,synthetic_complete
no_cox_rst_N2000_K100_H200_nominal_t0p05,5,persistence_mse_user_vector,0.01949,30,30,synthetic_complete
no_cox_rst_N2000_K100_H200_nominal_t0p05,1,Cbar,0.026185999999999997,30,30,synthetic_complete
no_cox_rst_N2000_K100_H200_nominal_t0p05,2,Cbar,0.024290833333333334,30,30,synthetic_complete
no_cox_rst_N2000_K100_H200_nominal_t0p05,3,Cbar,0.025130333333333334,30,30,synthetic_complete
no_cox_rst_N2000_K100_H200_nominal_t0p05,4,Cbar,0.023406,30,30,synthetic_complete
no_cox_rst_N2000_K100_H200_nominal_t0p05,5,Cbar,0.02623083333333333,30,30,synthetic_complete
no_cox_rst_N2000_K100_H200_nominal_t0p05,1,Lbar,0.226837,30,30,synthetic_complete
no_cox_rst_N2000_K100_H200_nominal_t0p05,2,Lbar,0.22712066666666667,30,30,synthetic_complete
no_cox_rst_N2000_K100_H200_nominal_t0p05,3,Lbar,0.22682316666666666,30,30,synthetic_complete
no_cox_rst_N2000_K100_H200_nominal_t0p05,4,Lbar,0.22793416666666666,30,30,synthetic_complete
no_cox_rst_N2000_K100_H200_nominal_t0p05,5,Lbar,0.226929,30,30,synthetic_complete
no_cox_rst_N2000_K100_H200_nominal_t0p05,1,J_user,-0.6615779166666667,30,30,synthetic_complete
no_cox_rst_N2000_K100_H200_nominal_t0p05,2,J_user,-0.6787784027777778,30,30,synthetic_complete
no_cox_rst_N2000_K100_H200_nominal_t0p05,3,J_user,-0.6714512013888889,30,30,synthetic_complete
no_cox_rst_N2000_K100_H200_nominal_t0p05,4,J_user,-0.6860131597222222,30,30,synthetic_complete
no_cox_rst_N2000_K100_H200_nominal_t0p05,5,J_user,-0.6609516111111111,30,30,synthetic_complete
no_cox_rst_N2000_K100_H200_nominal_t0p05,1,J_network,-66.15779166666667,30,30,synthetic_complete
no_cox_rst_N2000_K100_H200_nominal_t0p05,2,J_network,-67.87784027777778,30,30,synthetic_complete
no_cox_rst_N2000_K100_H200_nominal_t0p05,3,J_network,-67.14512013888888,30,30,synthetic_complete
no_cox_rst_N2000_K100_H200_nominal_t0p05,4,J_network,-68.60131597222222,30,30,synthetic_complete
no_cox_rst_N2000_K100_H200_nominal_t0p05,5,J_network,-66.09516111111111,30,30,synthetic_complete
no_cox_rst_N500_K100_H200_nominal_t0p05,1,outage_percent,1.1046666666666667,30,30,synthetic_complete
no_cox_rst_N500_K100_H200_nominal_t0p05,2,outage_percent,0.8851666666666667,30,30,synthetic_complete
no_cox_rst_N500_K100_H200_nominal_t0p05,3,outage_percent,0.8965,30,30,synthetic_complete
no_cox_rst_N500_K100_H200_nominal_t0p05,4,outage_percent,1.033,30,30,synthetic_complete
no_cox_rst_N500_K100_H200_nominal_t0p05,5,outage_percent,1.117,30,30,synthetic_complete
no_cox_rst_N500_K100_H200_nominal_t0p05,1,hof_percent,1.1336510900751242,30,30,synthetic_complete
no_cox_rst_N500_K100_H200_nominal_t0p05,2,hof_percent,0.8948328485767155,30,30,synthetic_complete
no_cox_rst_N500_K100_H200_nominal_t0p05,3,hof_percent,0.9096117320785353,30,30,synthetic_complete
no_cox_rst_N500_K100_H200_nominal_t0p05,4,hof_percent,1.0739398615436149,30,30,synthetic_complete
no_cox_rst_N500_K100_H200_nominal_t0p05,5,hof_percent,1.1532679112630835,30,30,synthetic_complete
no_cox_rst_N500_K100_H200_nominal_t0p05,1,pp_percent,0.2287878787878788,30,30,synthetic_complete
no_cox_rst_N500_K100_H200_nominal_t0p05,2,pp_percent,0.1978114478114478,30,30,synthetic_complete
no_cox_rst_N500_K100_H200_nominal_t0p05,3,pp_percent,0.20067340067340067,30,30,synthetic_complete
no_cox_rst_N500_K100_H200_nominal_t0p05,4,pp_percent,0.21868686868686868,30,30,synthetic_complete
no_cox_rst_N500_K100_H200_nominal_t0p05,5,pp_percent,0.23047138047138047,30,30,synthetic_complete
no_cox_rst_N500_K100_H200_nominal_t0p05,1,tp_Mbps,195.74375833333335,30,30,synthetic_complete
no_cox_rst_N500_K100_H200_nominal_t0p05,2,tp_Mbps,197.3681,30,30,synthetic_complete
no_cox_rst_N500_K100_H200_nominal_t0p05,3,tp_Mbps,197.27363166666666,30,30,synthetic_complete
no_cox_rst_N500_K100_H200_nominal_t0p05,4,tp_Mbps,196.25512166666667,30,30,synthetic_complete
no_cox_rst_N500_K100_H200_nominal_t0p05,5,tp_Mbps,195.66160333333335,30,30,synthetic_complete
no_cox_rst_N500_K100_H200_nominal_t0p05,1,served_p5tp_Mbps,65.62833333333333,30,30,synthetic_complete
no_cox_rst_N500_K100_H200_nominal_t0p05,2,served_p5tp_Mbps,65.73333333333333,30,30,synthetic_complete
no_cox_rst_N500_K100_H200_nominal_t0p05,3,served_p5tp_Mbps,65.73333333333333,30,30,synthetic_complete
no_cox_rst_N500_K100_H200_nominal_t0p05,4,served_p5tp_Mbps,65.66666666666667,30,30,synthetic_complete
no_cox_rst_N500_K100_H200_nominal_t0p05,5,served_p5tp_Mbps,65.56666666666666,30,30,synthetic_complete
no_cox_rst_N500_K100_H200_nominal_t0p05,1,peak_normalized,0.8476452216480849,30,30,synthetic_complete
no_cox_rst_N500_K100_H200_nominal_t0p05,2,peak_normalized,0.8362551249550347,30,30,synthetic_complete
no_cox_rst_N500_K100_H200_nominal_t0p05,3,peak_normalized,0.8355406772063853,30,30,synthetic_complete
no_cox_rst_N500_K100_H200_nominal_t0p05,4,peak_normalized,0.8490175780526659,30,30,synthetic_complete
no_cox_rst_N500_K100_H200_nominal_t0p05,5,peak_normalized,0.8409764443944352,30,30,synthetic_complete
no_cox_rst_N500_K100_H200_nominal_t0p05,1,active_load_variance,0.024449830917066227,30,30,synthetic_complete
no_cox_rst_N500_K100_H200_nominal_t0p05,2,active_load_variance,0.024390359503057946,30,30,synthetic_complete
no_cox_rst_N500_K100_H200_nominal_t0p05,3,active_load_variance,0.0243672195746991,30,30,synthetic_complete
no_cox_rst_N500_K100_H200_nominal_t0p05,4,active_load_variance,0.024533934391243115,30,30,synthetic_complete
no_cox_rst_N500_K100_H200_nominal_t0p05,5,active_load_variance,0.024438653981807043,30,30,synthetic_complete
no_cox_rst_N500_K100_H200_nominal_t0p05,1,mse_user_vector,0.04292228535297514,30,30,synthetic_complete
no_cox_rst_N500_K100_H200_nominal_t0p05,2,mse_user_vector,0.040584558900928595,30,30,synthetic_complete
no_cox_rst_N500_K100_H200_nominal_t0p05,3,mse_user_vector,0.041041844461733264,30,30,synthetic_complete
no_cox_rst_N500_K100_H200_nominal_t0p05,4,mse_user_vector,0.04379801225200147,30,30,synthetic_complete
no_cox_rst_N500_K100_H200_nominal_t0p05,5,mse_user_vector,0.043679149035794854,30,30,synthetic_complete
no_cox_rst_N500_K100_H200_nominal_t0p05,1,persistence_mse_user_vector,0.041126666666666666,30,30,synthetic_complete
no_cox_rst_N500_K100_H200_nominal_t0p05,2,persistence_mse_user_vector,0.03781,30,30,synthetic_complete
no_cox_rst_N500_K100_H200_nominal_t0p05,3,persistence_mse_user_vector,0.037970000000000004,30,30,synthetic_complete
no_cox_rst_N500_K100_H200_nominal_t0p05,4,persistence_mse_user_vector,0.041049999999999996,30,30,synthetic_complete
no_cox_rst_N500_K100_H200_nominal_t0p05,5,persistence_mse_user_vector,0.041433333333333336,30,30,synthetic_complete
no_cox_rst_N500_K100_H200_nominal_t0p05,1,Cbar,0.026087833333333334,30,30,synthetic_complete
no_cox_rst_N500_K100_H200_nominal_t0p05,2,Cbar,0.0241925,30,30,synthetic_complete
no_cox_rst_N500_K100_H200_nominal_t0p05,3,Cbar,0.024309,30,30,synthetic_complete
no_cox_rst_N500_K100_H200_nominal_t0p05,4,Cbar,0.025464833333333332,30,30,synthetic_complete
no_cox_rst_N500_K100_H200_nominal_t0p05,5,Cbar,0.026191,30,30,synthetic_complete
no_cox_rst_N500_K100_H200_nominal_t0p05,1,Lbar,0.38238300000000003,30,30,synthetic_complete
no_cox_rst_N500_K100_H200_nominal_t0p05,2,Lbar,0.3835515,30,30,synthetic_complete
no_cox_rst_N500_K100_H200_nominal_t0p05,3,Lbar,0.38339449999999997,30,30,synthetic_complete
no_cox_rst_N500_K100_H200_nominal_t0p05,4,Lbar,0.382978,30,30,synthetic_complete
no_cox_rst_N500_K100_H200_nominal_t0p05,5,Lbar,0.382249,30,30,synthetic_complete
no_cox_rst_N500_K100_H200_nominal_t0p05,1,J_user,-0.5561302430555556,30,30,synthetic_complete
no_cox_rst_N500_K100_H200_nominal_t0p05,2,J_user,-0.57423675,30,30,synthetic_complete
no_cox_rst_N500_K100_H200_nominal_t0p05,3,J_user,-0.5732967152777778,30,30,synthetic_complete
no_cox_rst_N500_K100_H200_nominal_t0p05,4,J_user,-0.5618582569444445,30,30,synthetic_complete
no_cox_rst_N500_K100_H200_nominal_t0p05,5,J_user,-0.5551866805555555,30,30,synthetic_complete
no_cox_rst_N500_K100_H200_nominal_t0p05,1,J_network,-55.613024305555555,30,30,synthetic_complete
no_cox_rst_N500_K100_H200_nominal_t0p05,2,J_network,-57.423675,30,30,synthetic_complete
no_cox_rst_N500_K100_H200_nominal_t0p05,3,J_network,-57.329671527777776,30,30,synthetic_complete
no_cox_rst_N500_K100_H200_nominal_t0p05,4,J_network,-56.185825694444446,30,30,synthetic_complete
no_cox_rst_N500_K100_H200_nominal_t0p05,5,J_network,-55.51866805555555,30,30,synthetic_complete
no_cox_rst_N1000_K100_H200_nominal_t0p05,1,outage_percent,0.9288333333333333,30,30,synthetic_complete
no_cox_rst_N1000_K100_H200_nominal_t0p05,2,outage_percent,0.7601666666666667,30,30,synthetic_complete
no_cox_rst_N1000_K100_H200_nominal_t0p05,3,outage_percent,0.982,30,30,synthetic_complete
no_cox_rst_N1000_K100_H200_nominal_t0p05,4,outage_percent,0.8511666666666666,30,30,synthetic_complete
no_cox_rst_N1000_K100_H200_nominal_t0p05,5,outage_percent,1.0381666666666667,30,30,synthetic_complete
no_cox_rst_N1000_K100_H200_nominal_t0p05,1,hof_percent,0.940652452775062,30,30,synthetic_complete
no_cox_rst_N1000_K100_H200_nominal_t0p05,2,hof_percent,0.7552816352264656,30,30,synthetic_complete
no_cox_rst_N1000_K100_H200_nominal_t0p05,3,hof_percent,0.991492095064058,30,30,synthetic_complete
no_cox_rst_N1000_K100_H200_nominal_t0p05,4,hof_percent,0.8499287436671674,30,30,synthetic_complete
no_cox_rst_N1000_K100_H200_nominal_t0p05,5,hof_percent,1.0483262046331334,30,30,synthetic_complete
no_cox_rst_N1000_K100_H200_nominal_t0p05,1,pp_percent,0.21077441077441078,30,30,synthetic_complete
no_cox_rst_N1000_K100_H200_nominal_t0p05,2,pp_percent,0.18484848484848485,30,30,synthetic_complete
no_cox_rst_N1000_K100_H200_nominal_t0p05,3,pp_percent,0.22053872053872053,30,30,synthetic_complete
no_cox_rst_N1000_K100_H200_nominal_t0p05,4,pp_percent,0.19983164983164983,30,30,synthetic_complete
no_cox_rst_N1000_K100_H200_nominal_t0p05,5,pp_percent,0.2313131313131313,30,30,synthetic_complete
no_cox_rst_N1000_K100_H200_nominal_t0p05,1,tp_Mbps,200.36944,30,30,synthetic_complete
no_cox_rst_N1000_K100_H200_nominal_t0p05,2,tp_Mbps,201.80490333333333,30,30,synthetic_complete
no_cox_rst_N1000_K100_H200_nominal_t0p05,3,tp_Mbps,199.95492333333334,30,30,synthetic_complete
no_cox_rst_N1000_K100_H200_nominal_t0p05,4,tp_Mbps,200.96216833333332,30,30,synthetic_complete
no_cox_rst_N1000_K100_H200_nominal_t0p05,5,tp_Mbps,199.540285,30,30,synthetic_complete
no_cox_rst_N1000_K100_H200_nominal_t0p05,1,served_p5tp_Mbps,66,30,30,synthetic_complete
no_cox_rst_N1000_K100_H200_nominal_t0p05,2,served_p5tp_Mbps,66.145,30,30,synthetic_complete
no_cox_rst_N1000_K100_H200_nominal_t0p05,3,served_p5tp_Mbps,66,30,30,synthetic_complete
no_cox_rst_N1000_K100_H200_nominal_t0p05,4,served_p5tp_Mbps,66.06666666666666,30,30,synthetic_complete
no_cox_rst_N1000_K100_H200_nominal_t0p05,5,served_p5tp_Mbps,66,30,30,synthetic_complete
no_cox_rst_N1000_K100_H200_nominal_t0p05,1,peak_normalized,0.7128525559411284,30,30,synthetic_complete
no_cox_rst_N1000_K100_H200_nominal_t0p05,2,peak_normalized,0.7121349194429603,30,30,synthetic_complete
no_cox_rst_N1000_K100_H200_nominal_t0p05,3,peak_normalized,0.7079702193249806,30,30,synthetic_complete
no_cox_rst_N1000_K100_H200_nominal_t0p05,4,peak_normalized,0.7121633844586482,30,30,synthetic_complete
no_cox_rst_N1000_K100_H200_nominal_t0p05,5,peak_normalized,0.6912567606511085,30,30,synthetic_complete
no_cox_rst_N1000_K100_H200_nominal_t0p05,1,active_load_variance,0.014747504468139131,30,30,synthetic_complete
no_cox_rst_N1000_K100_H200_nominal_t0p05,2,active_load_variance,0.014878095592061382,30,30,synthetic_complete
no_cox_rst_N1000_K100_H200_nominal_t0p05,3,active_load_variance,0.014804072848071734,30,30,synthetic_complete
no_cox_rst_N1000_K100_H200_nominal_t0p05,4,active_load_variance,0.014798590612413797,30,30,synthetic_complete
no_cox_rst_N1000_K100_H200_nominal_t0p05,5,active_load_variance,0.014744855981499525,30,30,synthetic_complete
no_cox_rst_N1000_K100_H200_nominal_t0p05,1,mse_user_vector,0.03164370096098945,30,30,synthetic_complete
no_cox_rst_N1000_K100_H200_nominal_t0p05,2,mse_user_vector,0.028041381004741347,30,30,synthetic_complete
no_cox_rst_N1000_K100_H200_nominal_t0p05,3,mse_user_vector,0.031107743595888467,30,30,synthetic_complete
no_cox_rst_N1000_K100_H200_nominal_t0p05,4,mse_user_vector,0.029335262159558066,30,30,synthetic_complete
no_cox_rst_N1000_K100_H200_nominal_t0p05,5,mse_user_vector,0.031590782601188847,30,30,synthetic_complete
no_cox_rst_N1000_K100_H200_nominal_t0p05,1,persistence_mse_user_vector,0.02912,30,30,synthetic_complete
no_cox_rst_N1000_K100_H200_nominal_t0p05,2,persistence_mse_user_vector,0.02578666666666667,30,30,synthetic_complete
no_cox_rst_N1000_K100_H200_nominal_t0p05,3,persistence_mse_user_vector,0.029320000000000002,30,30,synthetic_complete
no_cox_rst_N1000_K100_H200_nominal_t0p05,4,persistence_mse_user_vector,0.027906666666666666,30,30,synthetic_complete
no_cox_rst_N1000_K100_H200_nominal_t0p05,5,persistence_mse_user_vector,0.029883333333333335,30,30,synthetic_complete
no_cox_rst_N1000_K100_H200_nominal_t0p05,1,Cbar,0.025679666666666667,30,30,synthetic_complete
no_cox_rst_N1000_K100_H200_nominal_t0p05,2,Cbar,0.023955999999999998,30,30,synthetic_complete
no_cox_rst_N1000_K100_H200_nominal_t0p05,3,Cbar,0.026154499999999997,30,30,synthetic_complete
no_cox_rst_N1000_K100_H200_nominal_t0p05,4,Cbar,0.024973,30,30,synthetic_complete
no_cox_rst_N1000_K100_H200_nominal_t0p05,5,Cbar,0.026671,30,30,synthetic_complete
no_cox_rst_N1000_K100_H200_nominal_t0p05,1,Lbar,0.28837083333333335,30,30,synthetic_complete
no_cox_rst_N1000_K100_H200_nominal_t0p05,2,Lbar,0.2898118333333333,30,30,synthetic_complete
no_cox_rst_N1000_K100_H200_nominal_t0p05,3,Lbar,0.2885336666666667,30,30,synthetic_complete
no_cox_rst_N1000_K100_H200_nominal_t0p05,4,Lbar,0.28900983333333335,30,30,synthetic_complete
no_cox_rst_N1000_K100_H200_nominal_t0p05,5,Lbar,0.2880665,30,30,synthetic_complete
no_cox_rst_N1000_K100_H200_nominal_t0p05,1,J_user,-0.63140575,30,30,synthetic_complete
no_cox_rst_N1000_K100_H200_nominal_t0p05,2,J_user,-0.6459615138888889,30,30,synthetic_complete
no_cox_rst_N1000_K100_H200_nominal_t0p05,3,J_user,-0.6267014305555556,30,30,synthetic_complete
no_cox_rst_N1000_K100_H200_nominal_t0p05,4,J_user,-0.6377926180555555,30,30,synthetic_complete
no_cox_rst_N1000_K100_H200_nominal_t0p05,5,J_user,-0.6221407708333333,30,30,synthetic_complete
no_cox_rst_N1000_K100_H200_nominal_t0p05,1,J_network,-63.140575,30,30,synthetic_complete
no_cox_rst_N1000_K100_H200_nominal_t0p05,2,J_network,-64.59615138888888,30,30,synthetic_complete
no_cox_rst_N1000_K100_H200_nominal_t0p05,3,J_network,-62.670143055555556,30,30,synthetic_complete
no_cox_rst_N1000_K100_H200_nominal_t0p05,4,J_network,-63.77926180555556,30,30,synthetic_complete
no_cox_rst_N1000_K100_H200_nominal_t0p05,5,J_network,-62.214077083333336,30,30,synthetic_complete
eph_physick_N2000_K100_H200_nominal_t0p05,1,outage_percent,0.774,30,30,synthetic_complete
eph_physick_N2000_K100_H200_nominal_t0p05,2,outage_percent,0.7428333333333333,30,30,synthetic_complete
eph_physick_N2000_K100_H200_nominal_t0p05,3,outage_percent,0.636,30,30,synthetic_complete
eph_physick_N2000_K100_H200_nominal_t0p05,4,outage_percent,0.8296666666666667,30,30,synthetic_complete
eph_physick_N2000_K100_H200_nominal_t0p05,5,outage_percent,0.7296666666666667,30,30,synthetic_complete
eph_physick_N2000_K100_H200_nominal_t0p05,1,hof_percent,0.7771333976699965,30,30,synthetic_complete
eph_physick_N2000_K100_H200_nominal_t0p05,2,hof_percent,0.7422473685510035,30,30,synthetic_complete
eph_physick_N2000_K100_H200_nominal_t0p05,3,hof_percent,0.6243547515617688,30,30,synthetic_complete
eph_physick_N2000_K100_H200_nominal_t0p05,4,hof_percent,0.835846322768002,30,30,synthetic_complete
eph_physick_N2000_K100_H200_nominal_t0p05,5,hof_percent,0.7226430661078432,30,30,synthetic_complete
eph_physick_N2000_K100_H200_nominal_t0p05,1,pp_percent,0.13535353535353536,30,30,synthetic_complete
eph_physick_N2000_K100_H200_nominal_t0p05,2,pp_percent,0.13164983164983166,30,30,synthetic_complete
eph_physick_N2000_K100_H200_nominal_t0p05,3,pp_percent,0.11885521885521885,30,30,synthetic_complete
eph_physick_N2000_K100_H200_nominal_t0p05,4,pp_percent,0.13905723905723905,30,30,synthetic_complete
eph_physick_N2000_K100_H200_nominal_t0p05,5,pp_percent,0.12878787878787878,30,30,synthetic_complete
eph_physick_N2000_K100_H200_nominal_t0p05,1,tp_Mbps,201.756655,30,30,synthetic_complete
eph_physick_N2000_K100_H200_nominal_t0p05,2,tp_Mbps,202.04671666666667,30,30,synthetic_complete
eph_physick_N2000_K100_H200_nominal_t0p05,3,tp_Mbps,203.10670166666665,30,30,synthetic_complete
eph_physick_N2000_K100_H200_nominal_t0p05,4,tp_Mbps,201.31152166666666,30,30,synthetic_complete
eph_physick_N2000_K100_H200_nominal_t0p05,5,tp_Mbps,202.17715,30,30,synthetic_complete
eph_physick_N2000_K100_H200_nominal_t0p05,1,served_p5tp_Mbps,60.05666666666667,30,30,synthetic_complete
eph_physick_N2000_K100_H200_nominal_t0p05,2,served_p5tp_Mbps,60.17333333333334,30,30,synthetic_complete
eph_physick_N2000_K100_H200_nominal_t0p05,3,served_p5tp_Mbps,60.171666666666674,30,30,synthetic_complete
eph_physick_N2000_K100_H200_nominal_t0p05,4,served_p5tp_Mbps,57.65500000000025,30,30,synthetic_complete
eph_physick_N2000_K100_H200_nominal_t0p05,5,served_p5tp_Mbps,60.09833333333334,30,30,synthetic_complete
eph_physick_N2000_K100_H200_nominal_t0p05,1,peak_normalized,0.5954458061822532,30,30,synthetic_complete
eph_physick_N2000_K100_H200_nominal_t0p05,2,peak_normalized,0.5907271899360286,30,30,synthetic_complete
eph_physick_N2000_K100_H200_nominal_t0p05,3,peak_normalized,0.5850124480976824,30,30,synthetic_complete
eph_physick_N2000_K100_H200_nominal_t0p05,4,peak_normalized,0.5941174016427677,30,30,synthetic_complete
eph_physick_N2000_K100_H200_nominal_t0p05,5,peak_normalized,0.5886084760958613,30,30,synthetic_complete
eph_physick_N2000_K100_H200_nominal_t0p05,1,active_load_variance,0.009040540379204267,30,30,synthetic_complete
eph_physick_N2000_K100_H200_nominal_t0p05,2,active_load_variance,0.009037677124796771,30,30,synthetic_complete
eph_physick_N2000_K100_H200_nominal_t0p05,3,active_load_variance,0.009151692340029074,30,30,synthetic_complete
eph_physick_N2000_K100_H200_nominal_t0p05,4,active_load_variance,0.009078749494672592,30,30,synthetic_complete
eph_physick_N2000_K100_H200_nominal_t0p05,5,active_load_variance,0.009043775908220891,30,30,synthetic_complete
eph_physick_N2000_K100_H200_nominal_t0p05,1,mse_user_vector,0.017870573402551052,30,30,synthetic_complete
eph_physick_N2000_K100_H200_nominal_t0p05,2,mse_user_vector,0.01733229704972286,30,30,synthetic_complete
eph_physick_N2000_K100_H200_nominal_t0p05,3,mse_user_vector,0.01580558038233037,30,30,synthetic_complete
eph_physick_N2000_K100_H200_nominal_t0p05,4,mse_user_vector,0.018029396949976278,30,30,synthetic_complete
eph_physick_N2000_K100_H200_nominal_t0p05,5,mse_user_vector,0.018023363374462625,30,30,synthetic_complete
eph_physick_N2000_K100_H200_nominal_t0p05,1,persistence_mse_user_vector,0.016026666666666668,30,30,synthetic_complete
eph_physick_N2000_K100_H200_nominal_t0p05,2,persistence_mse_user_vector,0.015946666666666668,30,30,synthetic_complete
eph_physick_N2000_K100_H200_nominal_t0p05,3,persistence_mse_user_vector,0.014386666666666667,30,30,synthetic_complete
eph_physick_N2000_K100_H200_nominal_t0p05,4,persistence_mse_user_vector,0.016353333333333334,30,30,synthetic_complete
eph_physick_N2000_K100_H200_nominal_t0p05,5,persistence_mse_user_vector,0.015816666666666666,30,30,synthetic_complete
eph_physick_N2000_K100_H200_nominal_t0p05,1,Cbar,0.02269533333333333,30,30,synthetic_complete
eph_physick_N2000_K100_H200_nominal_t0p05,2,Cbar,0.022377,30,30,synthetic_complete
eph_physick_N2000_K100_H200_nominal_t0p05,3,Cbar,0.021148,30,30,synthetic_complete
eph_physick_N2000_K100_H200_nominal_t0p05,4,Cbar,0.023139166666666666,30,30,synthetic_complete
eph_physick_N2000_K100_H200_nominal_t0p05,5,Cbar,0.022212,30,30,synthetic_complete
eph_physick_N2000_K100_H200_nominal_t0p05,1,Lbar,0.22769133333333333,30,30,synthetic_complete
eph_physick_N2000_K100_H200_nominal_t0p05,2,Lbar,0.22773516666666666,30,30,synthetic_complete
eph_physick_N2000_K100_H200_nominal_t0p05,3,Lbar,0.22869333333333333,30,30,synthetic_complete
eph_physick_N2000_K100_H200_nominal_t0p05,4,Lbar,0.22783933333333334,30,30,synthetic_complete
eph_physick_N2000_K100_H200_nominal_t0p05,5,Lbar,0.227818,30,30,synthetic_complete
eph_physick_N2000_K100_H200_nominal_t0p05,1,J_user,-0.6767593958333333,30,30,synthetic_complete
eph_physick_N2000_K100_H200_nominal_t0p05,2,J_user,-0.6796635694444445,30,30,synthetic_complete
eph_physick_N2000_K100_H200_nominal_t0p05,3,J_user,-0.6895572569444445,30,30,synthetic_complete
eph_physick_N2000_K100_H200_nominal_t0p05,4,J_user,-0.6718254236111111,30,30,synthetic_complete
eph_physick_N2000_K100_H200_nominal_t0p05,5,J_user,-0.6809064583333333,30,30,synthetic_complete
eph_physick_N2000_K100_H200_nominal_t0p05,1,J_network,-67.67593958333333,30,30,synthetic_complete
eph_physick_N2000_K100_H200_nominal_t0p05,2,J_network,-67.96635694444444,30,30,synthetic_complete
eph_physick_N2000_K100_H200_nominal_t0p05,3,J_network,-68.95572569444444,30,30,synthetic_complete
eph_physick_N2000_K100_H200_nominal_t0p05,4,J_network,-67.1825423611111,30,30,synthetic_complete
eph_physick_N2000_K100_H200_nominal_t0p05,5,J_network,-68.09064583333333,30,30,synthetic_complete
eph_physick_N500_K100_H200_nominal_t0p05,1,outage_percent,0.8521666666666666,30,30,synthetic_complete
eph_physick_N500_K100_H200_nominal_t0p05,2,outage_percent,0.8788333333333334,30,30,synthetic_complete
eph_physick_N500_K100_H200_nominal_t0p05,3,outage_percent,0.6803333333333333,30,30,synthetic_complete
eph_physick_N500_K100_H200_nominal_t0p05,4,outage_percent,0.89,30,30,synthetic_complete
eph_physick_N500_K100_H200_nominal_t0p05,5,outage_percent,0.7945,30,30,synthetic_complete
eph_physick_N500_K100_H200_nominal_t0p05,1,hof_percent,0.8722627176606506,30,30,synthetic_complete
eph_physick_N500_K100_H200_nominal_t0p05,2,hof_percent,0.898468599263917,30,30,synthetic_complete
eph_physick_N500_K100_H200_nominal_t0p05,3,hof_percent,0.7198831837436549,30,30,synthetic_complete
eph_physick_N500_K100_H200_nominal_t0p05,4,hof_percent,0.9094522067972441,30,30,synthetic_complete
eph_physick_N500_K100_H200_nominal_t0p05,5,hof_percent,0.8257823946068035,30,30,synthetic_complete
eph_physick_N500_K100_H200_nominal_t0p05,1,pp_percent,0.1414141414141414,30,30,synthetic_complete
eph_physick_N500_K100_H200_nominal_t0p05,2,pp_percent,0.14444444444444446,30,30,synthetic_complete
eph_physick_N500_K100_H200_nominal_t0p05,3,pp_percent,0.12154882154882155,30,30,synthetic_complete
eph_physick_N500_K100_H200_nominal_t0p05,4,pp_percent,0.14545454545454545,30,30,synthetic_complete
eph_physick_N500_K100_H200_nominal_t0p05,5,pp_percent,0.13383838383838384,30,30,synthetic_complete
eph_physick_N500_K100_H200_nominal_t0p05,1,tp_Mbps,197.09892666666667,30,30,synthetic_complete
eph_physick_N500_K100_H200_nominal_t0p05,2,tp_Mbps,196.88923499999999,30,30,synthetic_complete
eph_physick_N500_K100_H200_nominal_t0p05,3,tp_Mbps,198.63312333333334,30,30,synthetic_complete
eph_physick_N500_K100_H200_nominal_t0p05,4,tp_Mbps,196.79465666666667,30,30,synthetic_complete
eph_physick_N500_K100_H200_nominal_t0p05,5,tp_Mbps,197.614445,30,30,synthetic_complete
eph_physick_N500_K100_H200_nominal_t0p05,1,served_p5tp_Mbps,65.7,30,30,synthetic_complete
eph_physick_N500_K100_H200_nominal_t0p05,2,served_p5tp_Mbps,65.7,30,30,synthetic_complete
eph_physick_N500_K100_H200_nominal_t0p05,3,served_p5tp_Mbps,65.8,30,30,synthetic_complete
eph_physick_N500_K100_H200_nominal_t0p05,4,served_p5tp_Mbps,65.66666666666667,30,30,synthetic_complete
eph_physick_N500_K100_H200_nominal_t0p05,5,served_p5tp_Mbps,65.73333333333333,30,30,synthetic_complete
eph_physick_N500_K100_H200_nominal_t0p05,1,peak_normalized,0.8473892519679531,30,30,synthetic_complete
eph_physick_N500_K100_H200_nominal_t0p05,2,peak_normalized,0.8464323802167878,30,30,synthetic_complete
eph_physick_N500_K100_H200_nominal_t0p05,3,peak_normalized,0.8609657135211054,30,30,synthetic_complete
eph_physick_N500_K100_H200_nominal_t0p05,4,peak_normalized,0.8485526514650006,30,30,synthetic_complete
eph_physick_N500_K100_H200_nominal_t0p05,5,peak_normalized,0.8461674477914608,30,30,synthetic_complete
eph_physick_N500_K100_H200_nominal_t0p05,1,active_load_variance,0.024562412332741184,30,30,synthetic_complete
eph_physick_N500_K100_H200_nominal_t0p05,2,active_load_variance,0.02460949982463764,30,30,synthetic_complete
eph_physick_N500_K100_H200_nominal_t0p05,3,active_load_variance,0.024722827530836138,30,30,synthetic_complete
eph_physick_N500_K100_H200_nominal_t0p05,4,active_load_variance,0.024620047012654477,30,30,synthetic_complete
eph_physick_N500_K100_H200_nominal_t0p05,5,active_load_variance,0.02450872244205634,30,30,synthetic_complete
eph_physick_N500_K100_H200_nominal_t0p05,1,mse_user_vector,0.03663425767545218,30,30,synthetic_complete
eph_physick_N500_K100_H200_nominal_t0p05,2,mse_user_vector,0.037144377343651294,30,30,synthetic_complete
eph_physick_N500_K100_H200_nominal_t0p05,3,mse_user_vector,0.03446842591621916,30,30,synthetic_complete
eph_physick_N500_K100_H200_nominal_t0p05,4,mse_user_vector,0.0372921476808082,30,30,synthetic_complete
eph_physick_N500_K100_H200_nominal_t0p05,5,mse_user_vector,0.03564753578354536,30,30,synthetic_complete
eph_physick_N500_K100_H200_nominal_t0p05,1,persistence_mse_user_vector,0.03444333333333333,30,30,synthetic_complete
eph_physick_N500_K100_H200_nominal_t0p05,2,persistence_mse_user_vector,0.03443,30,30,synthetic_complete
eph_physick_N500_K100_H200_nominal_t0p05,3,persistence_mse_user_vector,0.03158333333333333,30,30,synthetic_complete
eph_physick_N500_K100_H200_nominal_t0p05,4,persistence_mse_user_vector,0.03467,30,30,synthetic_complete
eph_physick_N500_K100_H200_nominal_t0p05,5,persistence_mse_user_vector,0.033876666666666666,30,30,synthetic_complete
eph_physick_N500_K100_H200_nominal_t0p05,1,Cbar,0.022281166666666668,30,30,synthetic_complete
eph_physick_N500_K100_H200_nominal_t0p05,2,Cbar,0.022488166666666667,30,30,synthetic_complete
eph_physick_N500_K100_H200_nominal_t0p05,3,Cbar,0.020588833333333334,30,30,synthetic_complete
eph_physick_N500_K100_H200_nominal_t0p05,4,Cbar,0.022590333333333334,30,30,synthetic_complete
eph_physick_N500_K100_H200_nominal_t0p05,5,Cbar,0.02170333333333333,30,30,synthetic_complete
eph_physick_N500_K100_H200_nominal_t0p05,1,Lbar,0.3840945,30,30,synthetic_complete
eph_physick_N500_K100_H200_nominal_t0p05,2,Lbar,0.38408183333333334,30,30,synthetic_complete
eph_physick_N500_K100_H200_nominal_t0p05,3,Lbar,0.3853376666666667,30,30,synthetic_complete
eph_physick_N500_K100_H200_nominal_t0p05,4,Lbar,0.38403866666666664,30,30,synthetic_complete
eph_physick_N500_K100_H200_nominal_t0p05,5,Lbar,0.38403883333333333,30,30,synthetic_complete
eph_physick_N500_K100_H200_nominal_t0p05,1,J_user,-0.5754493611111111,30,30,synthetic_complete
eph_physick_N500_K100_H200_nominal_t0p05,2,J_user,-0.5731451458333333,30,30,synthetic_complete
eph_physick_N500_K100_H200_nominal_t0p05,3,J_user,-0.5906580972222223,30,30,synthetic_complete
eph_physick_N500_K100_H200_nominal_t0p05,4,J_user,-0.5721632361111111,30,30,synthetic_complete
eph_physick_N500_K100_H200_nominal_t0p05,5,J_user,-0.5807974375,30,30,synthetic_complete
eph_physick_N500_K100_H200_nominal_t0p05,1,J_network,-57.54493611111111,30,30,synthetic_complete
eph_physick_N500_K100_H200_nominal_t0p05,2,J_network,-57.314514583333334,30,30,synthetic_complete
eph_physick_N500_K100_H200_nominal_t0p05,3,J_network,-59.06580972222223,30,30,synthetic_complete
eph_physick_N500_K100_H200_nominal_t0p05,4,J_network,-57.21632361111111,30,30,synthetic_complete
eph_physick_N500_K100_H200_nominal_t0p05,5,J_network,-58.07974375,30,30,synthetic_complete
eph_physick_N1000_K100_H200_nominal_t0p05,1,outage_percent,0.6041666666666666,30,30,synthetic_complete
eph_physick_N1000_K100_H200_nominal_t0p05,2,outage_percent,0.5848333333333333,30,30,synthetic_complete
eph_physick_N1000_K100_H200_nominal_t0p05,3,outage_percent,0.6685,30,30,synthetic_complete
eph_physick_N1000_K100_H200_nominal_t0p05,4,outage_percent,0.7424999999999999,30,30,synthetic_complete
eph_physick_N1000_K100_H200_nominal_t0p05,5,outage_percent,0.6498333333333334,30,30,synthetic_complete
eph_physick_N1000_K100_H200_nominal_t0p05,1,hof_percent,0.6036007372103332,30,30,synthetic_complete
eph_physick_N1000_K100_H200_nominal_t0p05,2,hof_percent,0.5847109224681504,30,30,synthetic_complete
eph_physick_N1000_K100_H200_nominal_t0p05,3,hof_percent,0.6639927624278954,30,30,synthetic_complete
eph_physick_N1000_K100_H200_nominal_t0p05,4,hof_percent,0.7441137974261702,30,30,synthetic_complete
eph_physick_N1000_K100_H200_nominal_t0p05,5,hof_percent,0.6526516728078745,30,30,synthetic_complete
eph_physick_N1000_K100_H200_nominal_t0p05,1,pp_percent,0.1191919191919192,30,30,synthetic_complete
eph_physick_N1000_K100_H200_nominal_t0p05,2,pp_percent,0.11632996632996633,30,30,synthetic_complete
eph_physick_N1000_K100_H200_nominal_t0p05,3,pp_percent,0.12777777777777777,30,30,synthetic_complete
eph_physick_N1000_K100_H200_nominal_t0p05,4,pp_percent,0.1361952861952862,30,30,synthetic_complete
eph_physick_N1000_K100_H200_nominal_t0p05,5,pp_percent,0.12558922558922558,30,30,synthetic_complete
eph_physick_N1000_K100_H200_nominal_t0p05,1,tp_Mbps,202.77877999999998,30,30,synthetic_complete
eph_physick_N1000_K100_H200_nominal_t0p05,2,tp_Mbps,203.00051,30,30,synthetic_complete
eph_physick_N1000_K100_H200_nominal_t0p05,3,tp_Mbps,202.12671166666667,30,30,synthetic_complete
eph_physick_N1000_K100_H200_nominal_t0p05,4,tp_Mbps,201.45622333333333,30,30,synthetic_complete
eph_physick_N1000_K100_H200_nominal_t0p05,5,tp_Mbps,202.30947666666665,30,30,synthetic_complete
eph_physick_N1000_K100_H200_nominal_t0p05,1,served_p5tp_Mbps,66.23333333333333,30,30,synthetic_complete
eph_physick_N1000_K100_H200_nominal_t0p05,2,served_p5tp_Mbps,66.23333333333333,30,30,synthetic_complete
eph_physick_N1000_K100_H200_nominal_t0p05,3,served_p5tp_Mbps,66.16666666666667,30,30,synthetic_complete
eph_physick_N1000_K100_H200_nominal_t0p05,4,served_p5tp_Mbps,66.13333333333334,30,30,synthetic_complete
eph_physick_N1000_K100_H200_nominal_t0p05,5,served_p5tp_Mbps,66.2,30,30,synthetic_complete
eph_physick_N1000_K100_H200_nominal_t0p05,1,peak_normalized,0.7200939064140879,30,30,synthetic_complete
eph_physick_N1000_K100_H200_nominal_t0p05,2,peak_normalized,0.7233417002563367,30,30,synthetic_complete
eph_physick_N1000_K100_H200_nominal_t0p05,3,peak_normalized,0.7336577864756745,30,30,synthetic_complete
eph_physick_N1000_K100_H200_nominal_t0p05,4,peak_normalized,0.7194523391511284,30,30,synthetic_complete
eph_physick_N1000_K100_H200_nominal_t0p05,5,peak_normalized,0.7301570693204206,30,30,synthetic_complete
eph_physick_N1000_K100_H200_nominal_t0p05,1,active_load_variance,0.014808690268450272,30,30,synthetic_complete
eph_physick_N1000_K100_H200_nominal_t0p05,2,active_load_variance,0.014813271469602225,30,30,synthetic_complete
eph_physick_N1000_K100_H200_nominal_t0p05,3,active_load_variance,0.014918803093360945,30,30,synthetic_complete
eph_physick_N1000_K100_H200_nominal_t0p05,4,active_load_variance,0.014861012338695585,30,30,synthetic_complete
eph_physick_N1000_K100_H200_nominal_t0p05,5,active_load_variance,0.01490313916231201,30,30,synthetic_complete
eph_physick_N1000_K100_H200_nominal_t0p05,1,mse_user_vector,0.024991903879143334,30,30,synthetic_complete
eph_physick_N1000_K100_H200_nominal_t0p05,2,mse_user_vector,0.024415350774966454,30,30,synthetic_complete
eph_physick_N1000_K100_H200_nominal_t0p05,3,mse_user_vector,0.025726343143828028,30,30,synthetic_complete
eph_physick_N1000_K100_H200_nominal_t0p05,4,mse_user_vector,0.026363965666034918,30,30,synthetic_complete
eph_physick_N1000_K100_H200_nominal_t0p05,5,mse_user_vector,0.024667848431394277,30,30,synthetic_complete
eph_physick_N1000_K100_H200_nominal_t0p05,1,persistence_mse_user_vector,0.022753333333333334,30,30,synthetic_complete
eph_physick_N1000_K100_H200_nominal_t0p05,2,persistence_mse_user_vector,0.022150000000000003,30,30,synthetic_complete
eph_physick_N1000_K100_H200_nominal_t0p05,3,persistence_mse_user_vector,0.023436666666666668,30,30,synthetic_complete
eph_physick_N1000_K100_H200_nominal_t0p05,4,persistence_mse_user_vector,0.024546666666666668,30,30,synthetic_complete
eph_physick_N1000_K100_H200_nominal_t0p05,5,persistence_mse_user_vector,0.02279666666666667,30,30,synthetic_complete
eph_physick_N1000_K100_H200_nominal_t0p05,1,Cbar,0.020688166666666667,30,30,synthetic_complete
eph_physick_N1000_K100_H200_nominal_t0p05,2,Cbar,0.0204655,30,30,synthetic_complete
eph_physick_N1000_K100_H200_nominal_t0p05,3,Cbar,0.021368166666666667,30,30,synthetic_complete
eph_physick_N1000_K100_H200_nominal_t0p05,4,Cbar,0.022088166666666666,30,30,synthetic_complete
eph_physick_N1000_K100_H200_nominal_t0p05,5,Cbar,0.021162166666666666,30,30,synthetic_complete
eph_physick_N1000_K100_H200_nominal_t0p05,1,Lbar,0.29045316666666665,30,30,synthetic_complete
eph_physick_N1000_K100_H200_nominal_t0p05,2,Lbar,0.2904825,30,30,synthetic_complete
eph_physick_N1000_K100_H200_nominal_t0p05,3,Lbar,0.2905971666666667,30,30,synthetic_complete
eph_physick_N1000_K100_H200_nominal_t0p05,4,Lbar,0.2900968333333333,30,30,synthetic_complete
eph_physick_N1000_K100_H200_nominal_t0p05,5,Lbar,0.2906568333333333,30,30,synthetic_complete
eph_physick_N1000_K100_H200_nominal_t0p05,1,J_user,-0.6591325833333334,30,30,synthetic_complete
eph_physick_N1000_K100_H200_nominal_t0p05,2,J_user,-0.6611197916666667,30,30,synthetic_complete
eph_physick_N1000_K100_H200_nominal_t0p05,3,J_user,-0.6527869652777778,30,30,synthetic_complete
eph_physick_N1000_K100_H200_nominal_t0p05,4,J_user,-0.6461834305555556,30,30,synthetic_complete
eph_physick_N1000_K100_H200_nominal_t0p05,5,J_user,-0.6545549861111111,30,30,synthetic_complete
eph_physick_N1000_K100_H200_nominal_t0p05,1,J_network,-65.91325833333333,30,30,synthetic_complete
eph_physick_N1000_K100_H200_nominal_t0p05,2,J_network,-66.11197916666667,30,30,synthetic_complete
eph_physick_N1000_K100_H200_nominal_t0p05,3,J_network,-65.27869652777778,30,30,synthetic_complete
eph_physick_N1000_K100_H200_nominal_t0p05,4,J_network,-64.61834305555556,30,30,synthetic_complete
eph_physick_N1000_K100_H200_nominal_t0p05,5,J_network,-65.45549861111111,30,30,synthetic_complete
full_N2000_K100_H200_nominal_t0p1,1,outage_percent,0.738,30,30,synthetic_complete
full_N2000_K100_H200_nominal_t0p1,2,outage_percent,0.6695,30,30,synthetic_complete
full_N2000_K100_H200_nominal_t0p1,3,outage_percent,0.5296666666666666,30,30,synthetic_complete
full_N2000_K100_H200_nominal_t0p1,4,outage_percent,0.636,30,30,synthetic_complete
full_N2000_K100_H200_nominal_t0p1,5,outage_percent,0.5291666666666667,30,30,synthetic_complete
full_N2000_K100_H200_nominal_t0p1,1,hof_percent,0.7350336557660845,30,30,synthetic_complete
full_N2000_K100_H200_nominal_t0p1,2,hof_percent,0.6722673644886799,30,30,synthetic_complete
full_N2000_K100_H200_nominal_t0p1,3,hof_percent,0.5424369459673145,30,30,synthetic_complete
full_N2000_K100_H200_nominal_t0p1,4,hof_percent,0.6312140709386703,30,30,synthetic_complete
full_N2000_K100_H200_nominal_t0p1,5,hof_percent,0.5426265542671829,30,30,synthetic_complete
full_N2000_K100_H200_nominal_t0p1,1,pp_percent,0.13636363636363635,30,30,synthetic_complete
full_N2000_K100_H200_nominal_t0p1,2,pp_percent,0.12760942760942762,30,30,synthetic_complete
full_N2000_K100_H200_nominal_t0p1,3,pp_percent,0.10723905723905724,30,30,synthetic_complete
full_N2000_K100_H200_nominal_t0p1,4,pp_percent,0.12373737373737374,30,30,synthetic_complete
full_N2000_K100_H200_nominal_t0p1,5,pp_percent,0.10723905723905724,30,30,synthetic_complete
full_N2000_K100_H200_nominal_t0p1,1,tp_Mbps,201.36748333333333,30,30,synthetic_complete
full_N2000_K100_H200_nominal_t0p1,2,tp_Mbps,202.03026833333334,30,30,synthetic_complete
full_N2000_K100_H200_nominal_t0p1,3,tp_Mbps,203.54112166666667,30,30,synthetic_complete
full_N2000_K100_H200_nominal_t0p1,4,tp_Mbps,202.38602,30,30,synthetic_complete
full_N2000_K100_H200_nominal_t0p1,5,tp_Mbps,203.54677333333333,30,30,synthetic_complete
full_N2000_K100_H200_nominal_t0p1,1,served_p5tp_Mbps,60.083333333333336,30,30,synthetic_complete
full_N2000_K100_H200_nominal_t0p1,2,served_p5tp_Mbps,59.891666666666794,30,30,synthetic_complete
full_N2000_K100_H200_nominal_t0p1,3,served_p5tp_Mbps,60.10333333333334,30,30,synthetic_complete
full_N2000_K100_H200_nominal_t0p1,4,served_p5tp_Mbps,60.00500000000001,30,30,synthetic_complete
full_N2000_K100_H200_nominal_t0p1,5,served_p5tp_Mbps,60.10333333333334,30,30,synthetic_complete
full_N2000_K100_H200_nominal_t0p1,1,peak_normalized,0.6013765329543074,30,30,synthetic_complete
full_N2000_K100_H200_nominal_t0p1,2,peak_normalized,0.6005454777737741,30,30,synthetic_complete
full_N2000_K100_H200_nominal_t0p1,3,peak_normalized,0.6112129053504601,30,30,synthetic_complete
full_N2000_K100_H200_nominal_t0p1,4,peak_normalized,0.5993611910833101,30,30,synthetic_complete
full_N2000_K100_H200_nominal_t0p1,5,peak_normalized,0.6112129053504601,30,30,synthetic_complete
full_N2000_K100_H200_nominal_t0p1,1,active_load_variance,0.008809473795981194,30,30,synthetic_complete
full_N2000_K100_H200_nominal_t0p1,2,active_load_variance,0.00881714811666444,30,30,synthetic_complete
full_N2000_K100_H200_nominal_t0p1,3,active_load_variance,0.008852053620613507,30,30,synthetic_complete
full_N2000_K100_H200_nominal_t0p1,4,active_load_variance,0.008860259718322288,30,30,synthetic_complete
full_N2000_K100_H200_nominal_t0p1,5,active_load_variance,0.008849659916974714,30,30,synthetic_complete
full_N2000_K100_H200_nominal_t0p1,1,mse_user_vector,0.017380385254830526,30,30,synthetic_complete
full_N2000_K100_H200_nominal_t0p1,2,mse_user_vector,0.016769209758901105,30,30,synthetic_complete
full_N2000_K100_H200_nominal_t0p1,3,mse_user_vector,0.015999591480542055,30,30,synthetic_complete
full_N2000_K100_H200_nominal_t0p1,4,mse_user_vector,0.016664238976572706,30,30,synthetic_complete
full_N2000_K100_H200_nominal_t0p1,5,mse_user_vector,0.015453605295024249,30,30,synthetic_complete
full_N2000_K100_H200_nominal_t0p1,1,persistence_mse_user_vector,0.01582,30,30,synthetic_complete
full_N2000_K100_H200_nominal_t0p1,2,persistence_mse_user_vector,0.014996666666666667,30,30,synthetic_complete
full_N2000_K100_H200_nominal_t0p1,3,persistence_mse_user_vector,0.013716666666666669,30,30,synthetic_complete
full_N2000_K100_H200_nominal_t0p1,4,persistence_mse_user_vector,0.014633333333333335,30,30,synthetic_complete
full_N2000_K100_H200_nominal_t0p1,5,persistence_mse_user_vector,0.013716666666666669,30,30,synthetic_complete
full_N2000_K100_H200_nominal_t0p1,1,Cbar,0.022433333333333333,30,30,synthetic_complete
full_N2000_K100_H200_nominal_t0p1,2,Cbar,0.021674,30,30,synthetic_complete
full_N2000_K100_H200_nominal_t0p1,3,Cbar,0.020047,30,30,synthetic_complete
full_N2000_K100_H200_nominal_t0p1,4,Cbar,0.021268166666666664,30,30,synthetic_complete
full_N2000_K100_H200_nominal_t0p1,5,Cbar,0.020040666666666665,30,30,synthetic_complete
full_N2000_K100_H200_nominal_t0p1,1,Lbar,0.22466666666666665,30,30,synthetic_complete
full_N2000_K100_H200_nominal_t0p1,2,Lbar,0.22485616666666666,30,30,synthetic_complete
full_N2000_K100_H200_nominal_t0p1,3,Lbar,0.22558133333333333,30,30,synthetic_complete
full_N2000_K100_H200_nominal_t0p1,4,Lbar,0.225254,30,30,synthetic_complete
full_N2000_K100_H200_nominal_t0p1,5,Lbar,0.22556616666666668,30,30,synthetic_complete
full_N2000_K100_H200_nominal_t0p1,1,J_user,-0.6785811805555556,30,30,synthetic_complete
full_N2000_K100_H200_nominal_t0p1,2,J_user,-0.6850527013888889,30,30,synthetic_complete
full_N2000_K100_H200_nominal_t0p1,3,J_user,-0.6987905069444444,30,30,synthetic_complete
full_N2000_K100_H200_nominal_t0p1,4,J_user,-0.688214,30,30,synthetic_complete
full_N2000_K100_H200_nominal_t0p1,5,J_user,-0.6988498055555555,30,30,synthetic_complete
full_N2000_K100_H200_nominal_t0p1,1,J_network,-67.85811805555555,30,30,synthetic_complete
full_N2000_K100_H200_nominal_t0p1,2,J_network,-68.50527013888889,30,30,synthetic_complete
full_N2000_K100_H200_nominal_t0p1,3,J_network,-69.87905069444444,30,30,synthetic_complete
full_N2000_K100_H200_nominal_t0p1,4,J_network,-68.8214,30,30,synthetic_complete
full_N2000_K100_H200_nominal_t0p1,5,J_network,-69.88498055555556,30,30,synthetic_complete
full_N2000_K100_H200_nominal_t0p2,1,outage_percent,0.7685,30,30,synthetic_complete
full_N2000_K100_H200_nominal_t0p2,2,outage_percent,0.6950000000000001,30,30,synthetic_complete
full_N2000_K100_H200_nominal_t0p2,3,outage_percent,0.5519999999999999,30,30,synthetic_complete
full_N2000_K100_H200_nominal_t0p2,4,outage_percent,0.6606666666666666,30,30,synthetic_complete
full_N2000_K100_H200_nominal_t0p2,5,outage_percent,0.5516666666666666,30,30,synthetic_complete
full_N2000_K100_H200_nominal_t0p2,1,hof_percent,0.778229112680505,30,30,synthetic_complete
full_N2000_K100_H200_nominal_t0p2,2,hof_percent,0.69500189717955,30,30,synthetic_complete
full_N2000_K100_H200_nominal_t0p2,3,hof_percent,0.5684335959731748,30,30,synthetic_complete
full_N2000_K100_H200_nominal_t0p2,4,hof_percent,0.6672590920937483,30,30,synthetic_complete
full_N2000_K100_H200_nominal_t0p2,5,hof_percent,0.5658868778245111,30,30,synthetic_complete
full_N2000_K100_H200_nominal_t0p2,1,pp_percent,0.07323232323232323,30,30,synthetic_complete
full_N2000_K100_H200_nominal_t0p2,2,pp_percent,0.0696969696969697,30,30,synthetic_complete
full_N2000_K100_H200_nominal_t0p2,3,pp_percent,0.05875420875420875,30,30,synthetic_complete
full_N2000_K100_H200_nominal_t0p2,4,pp_percent,0.06717171717171717,30,30,synthetic_complete
full_N2000_K100_H200_nominal_t0p2,5,pp_percent,0.05875420875420875,30,30,synthetic_complete
full_N2000_K100_H200_nominal_t0p2,1,tp_Mbps,201.26077333333333,30,30,synthetic_complete
full_N2000_K100_H200_nominal_t0p2,2,tp_Mbps,201.930725,30,30,synthetic_complete
full_N2000_K100_H200_nominal_t0p2,3,tp_Mbps,203.47859833333334,30,30,synthetic_complete
full_N2000_K100_H200_nominal_t0p2,4,tp_Mbps,202.30010333333334,30,30,synthetic_complete
full_N2000_K100_H200_nominal_t0p2,5,tp_Mbps,203.48496333333333,30,30,synthetic_complete
full_N2000_K100_H200_nominal_t0p2,1,served_p5tp_Mbps,60.191666666666684,30,30,synthetic_complete
full_N2000_K100_H200_nominal_t0p2,2,served_p5tp_Mbps,59.285000000000124,30,30,synthetic_complete
full_N2000_K100_H200_nominal_t0p2,3,served_p5tp_Mbps,60.275000000000006,30,30,synthetic_complete
full_N2000_K100_H200_nominal_t0p2,4,served_p5tp_Mbps,60.105000000000004,30,30,synthetic_complete
full_N2000_K100_H200_nominal_t0p2,5,served_p5tp_Mbps,60.275000000000006,30,30,synthetic_complete
full_N2000_K100_H200_nominal_t0p2,1,peak_normalized,0.6019547681196562,30,30,synthetic_complete
full_N2000_K100_H200_nominal_t0p2,2,peak_normalized,0.6088191753509833,30,30,synthetic_complete
full_N2000_K100_H200_nominal_t0p2,3,peak_normalized,0.6025255478890394,30,30,synthetic_complete
full_N2000_K100_H200_nominal_t0p2,4,peak_normalized,0.6120809229259161,30,30,synthetic_complete
full_N2000_K100_H200_nominal_t0p2,5,peak_normalized,0.6025255478890394,30,30,synthetic_complete
full_N2000_K100_H200_nominal_t0p2,1,active_load_variance,0.008989413373929231,30,30,synthetic_complete
full_N2000_K100_H200_nominal_t0p2,2,active_load_variance,0.009022492811557741,30,30,synthetic_complete
full_N2000_K100_H200_nominal_t0p2,3,active_load_variance,0.008908560675040252,30,30,synthetic_complete
full_N2000_K100_H200_nominal_t0p2,4,active_load_variance,0.008990122682155176,30,30,synthetic_complete
full_N2000_K100_H200_nominal_t0p2,5,active_load_variance,0.00890271381569426,30,30,synthetic_complete
full_N2000_K100_H200_nominal_t0p2,1,mse_user_vector,0.014460994830033309,30,30,synthetic_complete
full_N2000_K100_H200_nominal_t0p2,2,mse_user_vector,0.014136313016418179,30,30,synthetic_complete
full_N2000_K100_H200_nominal_t0p2,3,mse_user_vector,0.014148878456245502,30,30,synthetic_complete
full_N2000_K100_H200_nominal_t0p2,4,mse_user_vector,0.014425268204655041,30,30,synthetic_complete
full_N2000_K100_H200_nominal_t0p2,5,mse_user_vector,0.013806796956512412,30,30,synthetic_complete
full_N2000_K100_H200_nominal_t0p2,1,persistence_mse_user_vector,0.0128,30,30,synthetic_complete
full_N2000_K100_H200_nominal_t0p2,2,persistence_mse_user_vector,0.01225,30,30,synthetic_complete
full_N2000_K100_H200_nominal_t0p2,3,persistence_mse_user_vector,0.011976666666666667,30,30,synthetic_complete
full_N2000_K100_H200_nominal_t0p2,4,persistence_mse_user_vector,0.012310000000000001,30,30,synthetic_complete
full_N2000_K100_H200_nominal_t0p2,5,persistence_mse_user_vector,0.011976666666666667,30,30,synthetic_complete
full_N2000_K100_H200_nominal_t0p2,1,Cbar,0.017607166666666667,30,30,synthetic_complete
full_N2000_K100_H200_nominal_t0p2,2,Cbar,0.017024666666666667,30,30,synthetic_complete
full_N2000_K100_H200_nominal_t0p2,3,Cbar,0.015719666666666667,30,30,synthetic_complete
full_N2000_K100_H200_nominal_t0p2,4,Cbar,0.016714166666666665,30,30,synthetic_complete
full_N2000_K100_H200_nominal_t0p2,5,Cbar,0.015715166666666665,30,30,synthetic_complete
full_N2000_K100_H200_nominal_t0p2,1,Lbar,0.2262675,30,30,synthetic_complete
full_N2000_K100_H200_nominal_t0p2,2,Lbar,0.226616,30,30,synthetic_complete
full_N2000_K100_H200_nominal_t0p2,3,Lbar,0.22618933333333333,30,30,synthetic_complete
full_N2000_K100_H200_nominal_t0p2,4,Lbar,0.226583,30,30,synthetic_complete
full_N2000_K100_H200_nominal_t0p2,5,Lbar,0.22615566666666667,30,30,synthetic_complete
full_N2000_K100_H200_nominal_t0p2,1,J_user,-0.6782242222222222,30,30,synthetic_complete
full_N2000_K100_H200_nominal_t0p2,2,J_user,-0.6848076875,30,30,synthetic_complete
full_N2000_K100_H200_nominal_t0p2,3,J_user,-0.6992729930555556,30,30,synthetic_complete
full_N2000_K100_H200_nominal_t0p2,4,J_user,-0.6882351805555555,30,30,synthetic_complete
full_N2000_K100_H200_nominal_t0p2,5,J_user,-0.6993352638888889,30,30,synthetic_complete
full_N2000_K100_H200_nominal_t0p2,1,J_network,-67.82242222222223,30,30,synthetic_complete
full_N2000_K100_H200_nominal_t0p2,2,J_network,-68.48076875,30,30,synthetic_complete
full_N2000_K100_H200_nominal_t0p2,3,J_network,-69.92729930555555,30,30,synthetic_complete
full_N2000_K100_H200_nominal_t0p2,4,J_network,-68.82351805555555,30,30,synthetic_complete
full_N2000_K100_H200_nominal_t0p2,5,J_network,-69.9335263888889,30,30,synthetic_complete
full_N2000_K100_H200_nominal_t0p3,1,outage_percent,0.8055,30,30,synthetic_complete
full_N2000_K100_H200_nominal_t0p3,2,outage_percent,0.7266666666666667,30,30,synthetic_complete
full_N2000_K100_H200_nominal_t0p3,3,outage_percent,0.5765,30,30,synthetic_complete
full_N2000_K100_H200_nominal_t0p3,4,outage_percent,0.686,30,30,synthetic_complete
full_N2000_K100_H200_nominal_t0p3,5,outage_percent,0.5761666666666667,30,30,synthetic_complete
full_N2000_K100_H200_nominal_t0p3,1,hof_percent,0.8433425650236784,30,30,synthetic_complete
full_N2000_K100_H200_nominal_t0p3,2,hof_percent,0.7318352179273366,30,30,synthetic_complete
full_N2000_K100_H200_nominal_t0p3,3,hof_percent,0.5975138957806849,30,30,synthetic_complete
full_N2000_K100_H200_nominal_t0p3,4,hof_percent,0.6905154552587486,30,30,synthetic_complete
full_N2000_K100_H200_nominal_t0p3,5,hof_percent,0.5977217011806555,30,30,synthetic_complete
full_N2000_K100_H200_nominal_t0p3,1,pp_percent,0.03872053872053872,30,30,synthetic_complete
full_N2000_K100_H200_nominal_t0p3,2,pp_percent,0.036531986531986534,30,30,synthetic_complete
full_N2000_K100_H200_nominal_t0p3,3,pp_percent,0.03198653198653199,30,30,synthetic_complete
full_N2000_K100_H200_nominal_t0p3,4,pp_percent,0.035521885521885524,30,30,synthetic_complete
full_N2000_K100_H200_nominal_t0p3,5,pp_percent,0.03181818181818182,30,30,synthetic_complete
full_N2000_K100_H200_nominal_t0p3,1,tp_Mbps,201.20952499999999,30,30,synthetic_complete
full_N2000_K100_H200_nominal_t0p3,2,tp_Mbps,201.90628666666666,30,30,synthetic_complete
full_N2000_K100_H200_nominal_t0p3,3,tp_Mbps,203.44212333333334,30,30,synthetic_complete
full_N2000_K100_H200_nominal_t0p3,4,tp_Mbps,202.28485166666667,30,30,synthetic_complete
full_N2000_K100_H200_nominal_t0p3,5,tp_Mbps,203.44699,30,30,synthetic_complete
full_N2000_K100_H200_nominal_t0p3,1,served_p5tp_Mbps,59.498333333333335,30,30,synthetic_complete
full_N2000_K100_H200_nominal_t0p3,2,served_p5tp_Mbps,60.260000000000005,30,30,synthetic_complete
full_N2000_K100_H200_nominal_t0p3,3,served_p5tp_Mbps,60.395,30,30,synthetic_complete
full_N2000_K100_H200_nominal_t0p3,4,served_p5tp_Mbps,59.43500000000013,30,30,synthetic_complete
full_N2000_K100_H200_nominal_t0p3,5,served_p5tp_Mbps,60.395,30,30,synthetic_complete
full_N2000_K100_H200_nominal_t0p3,1,peak_normalized,0.6032475788370424,30,30,synthetic_complete
full_N2000_K100_H200_nominal_t0p3,2,peak_normalized,0.6003108094817345,30,30,synthetic_complete
full_N2000_K100_H200_nominal_t0p3,3,peak_normalized,0.5999306915797004,30,30,synthetic_complete
full_N2000_K100_H200_nominal_t0p3,4,peak_normalized,0.603411519298468,30,30,synthetic_complete
full_N2000_K100_H200_nominal_t0p3,5,peak_normalized,0.6017927883334747,30,30,synthetic_complete
full_N2000_K100_H200_nominal_t0p3,1,active_load_variance,0.00887361511130156,30,30,synthetic_complete
full_N2000_K100_H200_nominal_t0p3,2,active_load_variance,0.00883536871132213,30,30,synthetic_complete
full_N2000_K100_H200_nominal_t0p3,3,active_load_variance,0.00884485891077052,30,30,synthetic_complete
full_N2000_K100_H200_nominal_t0p3,4,active_load_variance,0.008825792753173774,30,30,synthetic_complete
full_N2000_K100_H200_nominal_t0p3,5,active_load_variance,0.008845259994601045,30,30,synthetic_complete
full_N2000_K100_H200_nominal_t0p3,1,mse_user_vector,0.011999640040070984,30,30,synthetic_complete
full_N2000_K100_H200_nominal_t0p3,2,mse_user_vector,0.011599656478377383,30,30,synthetic_complete
full_N2000_K100_H200_nominal_t0p3,3,mse_user_vector,0.0109965337992163,30,30,synthetic_complete
full_N2000_K100_H200_nominal_t0p3,4,mse_user_vector,0.01134384604498131,30,30,synthetic_complete
full_N2000_K100_H200_nominal_t0p3,5,mse_user_vector,0.01071937750919801,30,30,synthetic_complete
full_N2000_K100_H200_nominal_t0p3,1,persistence_mse_user_vector,0.010180000000000002,30,30,synthetic_complete
full_N2000_K100_H200_nominal_t0p3,2,persistence_mse_user_vector,0.009573333333333335,30,30,synthetic_complete
full_N2000_K100_H200_nominal_t0p3,3,persistence_mse_user_vector,0.008856666666666667,30,30,synthetic_complete
full_N2000_K100_H200_nominal_t0p3,4,persistence_mse_user_vector,0.00936,30,30,synthetic_complete
full_N2000_K100_H200_nominal_t0p3,5,persistence_mse_user_vector,0.008856666666666667,30,30,synthetic_complete
full_N2000_K100_H200_nominal_t0p3,1,Cbar,0.013832333333333334,30,30,synthetic_complete
full_N2000_K100_H200_nominal_t0p3,2,Cbar,0.013367666666666667,30,30,synthetic_complete
full_N2000_K100_H200_nominal_t0p3,3,Cbar,0.0123355,30,30,synthetic_complete
full_N2000_K100_H200_nominal_t0p3,4,Cbar,0.013119333333333334,30,30,synthetic_complete
full_N2000_K100_H200_nominal_t0p3,5,Cbar,0.012330833333333333,30,30,synthetic_complete
full_N2000_K100_H200_nominal_t0p3,1,Lbar,0.2251985,30,30,synthetic_complete
full_N2000_K100_H200_nominal_t0p3,2,Lbar,0.225121,30,30,synthetic_complete
full_N2000_K100_H200_nominal_t0p3,3,Lbar,0.22569116666666666,30,30,synthetic_complete
full_N2000_K100_H200_nominal_t0p3,4,Lbar,0.225236,30,30,synthetic_complete
full_N2000_K100_H200_nominal_t0p3,5,Lbar,0.22570183333333332,30,30,synthetic_complete
full_N2000_K100_H200_nominal_t0p3,1,J_user,-0.6785826041666666,30,30,synthetic_complete
full_N2000_K100_H200_nominal_t0p3,2,J_user,-0.6856985277777777,30,30,synthetic_complete
full_N2000_K100_H200_nominal_t0p3,3,J_user,-0.6998371805555555,30,30,synthetic_complete
full_N2000_K100_H200_nominal_t0p3,4,J_user,-0.6893758819444444,30,30,synthetic_complete
full_N2000_K100_H200_nominal_t0p3,5,J_user,-0.699871125,30,30,synthetic_complete
full_N2000_K100_H200_nominal_t0p3,1,J_network,-67.85826041666667,30,30,synthetic_complete
full_N2000_K100_H200_nominal_t0p3,2,J_network,-68.56985277777777,30,30,synthetic_complete
full_N2000_K100_H200_nominal_t0p3,3,J_network,-69.98371805555556,30,30,synthetic_complete
full_N2000_K100_H200_nominal_t0p3,4,J_network,-68.93758819444444,30,30,synthetic_complete
full_N2000_K100_H200_nominal_t0p3,5,J_network,-69.9871125,30,30,synthetic_complete
full_N2000_K100_H200_w_out_0p5_t0p05,1,outage_percent,0.7156666666666667,30,30,synthetic_complete
full_N2000_K100_H200_w_out_0p5_t0p05,2,outage_percent,0.8476666666666667,30,30,synthetic_complete
full_N2000_K100_H200_w_out_0p5_t0p05,3,outage_percent,0.7556666666666666,30,30,synthetic_complete
full_N2000_K100_H200_w_out_0p5_t0p05,4,outage_percent,0.6461666666666667,30,30,synthetic_complete
full_N2000_K100_H200_w_out_0p5_t0p05,5,outage_percent,0.725,30,30,synthetic_complete
full_N2000_K100_H200_w_out_0p5_t0p05,1,hof_percent,0.7105672713420891,30,30,synthetic_complete
full_N2000_K100_H200_w_out_0p5_t0p05,2,hof_percent,0.8563165613475839,30,30,synthetic_complete
full_N2000_K100_H200_w_out_0p5_t0p05,3,hof_percent,0.7602569911128577,30,30,synthetic_complete
full_N2000_K100_H200_w_out_0p5_t0p05,4,hof_percent,0.6470708967458498,30,30,synthetic_complete
full_N2000_K100_H200_w_out_0p5_t0p05,5,hof_percent,0.7173395120693722,30,30,synthetic_complete
full_N2000_K100_H200_w_out_0p5_t0p05,1,pp_percent,0.1425925925925926,30,30,synthetic_complete
full_N2000_K100_H200_w_out_0p5_t0p05,2,pp_percent,0.15673400673400673,30,30,synthetic_complete
full_N2000_K100_H200_w_out_0p5_t0p05,3,pp_percent,0.14831649831649832,30,30,synthetic_complete
full_N2000_K100_H200_w_out_0p5_t0p05,4,pp_percent,0.1335016835016835,30,30,synthetic_complete
full_N2000_K100_H200_w_out_0p5_t0p05,5,pp_percent,0.14276094276094276,30,30,synthetic_complete
full_N2000_K100_H200_w_out_0p5_t0p05,1,tp_Mbps,202.30832166666667,30,30,synthetic_complete
full_N2000_K100_H200_w_out_0p5_t0p05,2,tp_Mbps,201.16652166666665,30,30,synthetic_complete
full_N2000_K100_H200_w_out_0p5_t0p05,3,tp_Mbps,201.94167,30,30,synthetic_complete
full_N2000_K100_H200_w_out_0p5_t0p05,4,tp_Mbps,203.00459833333332,30,30,synthetic_complete
full_N2000_K100_H200_w_out_0p5_t0p05,5,tp_Mbps,202.224905,30,30,synthetic_complete
full_N2000_K100_H200_w_out_0p5_t0p05,1,served_p5tp_Mbps,60.11333333333334,30,30,synthetic_complete
full_N2000_K100_H200_w_out_0p5_t0p05,2,served_p5tp_Mbps,57.233333333333334,30,30,synthetic_complete
full_N2000_K100_H200_w_out_0p5_t0p05,3,served_p5tp_Mbps,60.08833333333334,30,30,synthetic_complete
full_N2000_K100_H200_w_out_0p5_t0p05,4,served_p5tp_Mbps,60.01166666666667,30,30,synthetic_complete
full_N2000_K100_H200_w_out_0p5_t0p05,5,served_p5tp_Mbps,60.09666666666667,30,30,synthetic_complete
full_N2000_K100_H200_w_out_0p5_t0p05,1,peak_normalized,0.6016595268962639,30,30,synthetic_complete
full_N2000_K100_H200_w_out_0p5_t0p05,2,peak_normalized,0.6015354743304687,30,30,synthetic_complete
full_N2000_K100_H200_w_out_0p5_t0p05,3,peak_normalized,0.6008034760111605,30,30,synthetic_complete
full_N2000_K100_H200_w_out_0p5_t0p05,4,peak_normalized,0.6041061228448942,30,30,synthetic_complete
full_N2000_K100_H200_w_out_0p5_t0p05,5,peak_normalized,0.5980830276395614,30,30,synthetic_complete
full_N2000_K100_H200_w_out_0p5_t0p05,1,active_load_variance,0.008826959223307517,30,30,synthetic_complete
full_N2000_K100_H200_w_out_0p5_t0p05,2,active_load_variance,0.008811052221583225,30,30,synthetic_complete
full_N2000_K100_H200_w_out_0p5_t0p05,3,active_load_variance,0.008788261121504637,30,30,synthetic_complete
full_N2000_K100_H200_w_out_0p5_t0p05,4,active_load_variance,0.008861662217957858,30,30,synthetic_complete
full_N2000_K100_H200_w_out_0p5_t0p05,5,active_load_variance,0.008818705940366068,30,30,synthetic_complete
full_N2000_K100_H200_w_out_0p5_t0p05,1,mse_user_vector,0.016992981772582808,30,30,synthetic_complete
full_N2000_K100_H200_w_out_0p5_t0p05,2,mse_user_vector,0.01799368791977899,30,30,synthetic_complete
full_N2000_K100_H200_w_out_0p5_t0p05,3,mse_user_vector,0.017823191404464873,30,30,synthetic_complete
full_N2000_K100_H200_w_out_0p5_t0p05,4,mse_user_vector,0.016670511862990695,30,30,synthetic_complete
full_N2000_K100_H200_w_out_0p5_t0p05,5,mse_user_vector,0.01743157698777039,30,30,synthetic_complete
full_N2000_K100_H200_w_out_0p5_t0p05,1,persistence_mse_user_vector,0.015550000000000001,30,30,synthetic_complete
full_N2000_K100_H200_w_out_0p5_t0p05,2,persistence_mse_user_vector,0.01609,30,30,synthetic_complete
full_N2000_K100_H200_w_out_0p5_t0p05,3,persistence_mse_user_vector,0.015753333333333334,30,30,synthetic_complete
full_N2000_K100_H200_w_out_0p5_t0p05,4,persistence_mse_user_vector,0.014636666666666668,30,30,synthetic_complete
full_N2000_K100_H200_w_out_0p5_t0p05,5,persistence_mse_user_vector,0.015653333333333335,30,30,synthetic_complete
full_N2000_K100_H200_w_out_0p5_t0p05,1,Cbar,0.022002,30,30,synthetic_complete
full_N2000_K100_H200_w_out_0p5_t0p05,2,Cbar,0.023239333333333334,30,30,synthetic_complete
full_N2000_K100_H200_w_out_0p5_t0p05,3,Cbar,0.022412833333333333,30,30,synthetic_complete
full_N2000_K100_H200_w_out_0p5_t0p05,4,Cbar,0.021215833333333333,30,30,synthetic_complete
full_N2000_K100_H200_w_out_0p5_t0p05,5,Cbar,0.0220865,30,30,synthetic_complete
full_N2000_K100_H200_w_out_0p5_t0p05,1,Lbar,0.22487066666666666,30,30,synthetic_complete
full_N2000_K100_H200_w_out_0p5_t0p05,2,Lbar,0.22453933333333334,30,30,synthetic_complete
full_N2000_K100_H200_w_out_0p5_t0p05,3,Lbar,0.22445766666666667,30,30,synthetic_complete
full_N2000_K100_H200_w_out_0p5_t0p05,4,Lbar,0.2252785,30,30,synthetic_complete
full_N2000_K100_H200_w_out_0p5_t0p05,5,Lbar,0.22477366666666668,30,30,synthetic_complete
full_N2000_K100_H200_w_out_0p5_t0p05,1,J_user,-0.7016233402777777,30,30,synthetic_complete
full_N2000_K100_H200_w_out_0p5_t0p05,2,J_user,-0.6931128402777778,30,30,synthetic_complete
full_N2000_K100_H200_w_out_0p5_t0p05,3,J_user,-0.6990967083333334,30,30,synthetic_complete
full_N2000_K100_H200_w_out_0p5_t0p05,4,J_user,-0.7064511597222222,30,30,synthetic_complete
full_N2000_K100_H200_w_out_0p5_t0p05,5,J_user,-0.7010486875,30,30,synthetic_complete
full_N2000_K100_H200_w_out_0p5_t0p05,1,J_network,-70.16233402777777,30,30,synthetic_complete
full_N2000_K100_H200_w_out_0p5_t0p05,2,J_network,-69.31128402777777,30,30,synthetic_complete
full_N2000_K100_H200_w_out_0p5_t0p05,3,J_network,-69.90967083333334,30,30,synthetic_complete
full_N2000_K100_H200_w_out_0p5_t0p05,4,J_network,-70.64511597222223,30,30,synthetic_complete
full_N2000_K100_H200_w_out_0p5_t0p05,5,J_network,-70.10486875000001,30,30,synthetic_complete
full_N2000_K100_H200_w_out_0p75_t0p05,1,outage_percent,0.536,30,30,synthetic_complete
full_N2000_K100_H200_w_out_0p75_t0p05,2,outage_percent,0.666,30,30,synthetic_complete
full_N2000_K100_H200_w_out_0p75_t0p05,3,outage_percent,0.8366666666666667,30,30,synthetic_complete
full_N2000_K100_H200_w_out_0p75_t0p05,4,outage_percent,0.6401666666666667,30,30,synthetic_complete
full_N2000_K100_H200_w_out_0p75_t0p05,5,outage_percent,0.6788333333333333,30,30,synthetic_complete
full_N2000_K100_H200_w_out_0p75_t0p05,1,hof_percent,0.5516847356664728,30,30,synthetic_complete
full_N2000_K100_H200_w_out_0p75_t0p05,2,hof_percent,0.6726577060459735,30,30,synthetic_complete
full_N2000_K100_H200_w_out_0p75_t0p05,3,hof_percent,0.8427033543725262,30,30,synthetic_complete
full_N2000_K100_H200_w_out_0p75_t0p05,4,hof_percent,0.6454054785039901,30,30,synthetic_complete
full_N2000_K100_H200_w_out_0p75_t0p05,5,hof_percent,0.6738435322448714,30,30,synthetic_complete
full_N2000_K100_H200_w_out_0p75_t0p05,1,pp_percent,0.1356902356902357,30,30,synthetic_complete
full_N2000_K100_H200_w_out_0p75_t0p05,2,pp_percent,0.15404040404040403,30,30,synthetic_complete
full_N2000_K100_H200_w_out_0p75_t0p05,3,pp_percent,0.17861952861952862,30,30,synthetic_complete
full_N2000_K100_H200_w_out_0p75_t0p05,4,pp_percent,0.1505050505050505,30,30,synthetic_complete
full_N2000_K100_H200_w_out_0p75_t0p05,5,pp_percent,0.15622895622895622,30,30,synthetic_complete
full_N2000_K100_H200_w_out_0p75_t0p05,1,tp_Mbps,203.77351166666668,30,30,synthetic_complete
full_N2000_K100_H200_w_out_0p75_t0p05,2,tp_Mbps,202.38674,30,30,synthetic_complete
full_N2000_K100_H200_w_out_0p75_t0p05,3,tp_Mbps,200.84322666666668,30,30,synthetic_complete
full_N2000_K100_H200_w_out_0p75_t0p05,4,tp_Mbps,202.65033666666668,30,30,synthetic_complete
full_N2000_K100_H200_w_out_0p75_t0p05,5,tp_Mbps,202.25755,30,30,synthetic_complete
full_N2000_K100_H200_w_out_0p75_t0p05,1,served_p5tp_Mbps,60.01833333333334,30,30,synthetic_complete
full_N2000_K100_H200_w_out_0p75_t0p05,2,served_p5tp_Mbps,60.065000000000005,30,30,synthetic_complete
full_N2000_K100_H200_w_out_0p75_t0p05,3,served_p5tp_Mbps,57.51666666666673,30,30,synthetic_complete
full_N2000_K100_H200_w_out_0p75_t0p05,4,served_p5tp_Mbps,60.08333333333334,30,30,synthetic_complete
full_N2000_K100_H200_w_out_0p75_t0p05,5,served_p5tp_Mbps,59.5300000000002,30,30,synthetic_complete
full_N2000_K100_H200_w_out_0p75_t0p05,1,peak_normalized,0.6018893496170779,30,30,synthetic_complete
full_N2000_K100_H200_w_out_0p75_t0p05,2,peak_normalized,0.600755589592334,30,30,synthetic_complete
full_N2000_K100_H200_w_out_0p75_t0p05,3,peak_normalized,0.5980730949374735,30,30,synthetic_complete
full_N2000_K100_H200_w_out_0p75_t0p05,4,peak_normalized,0.5948204113000308,30,30,synthetic_complete
full_N2000_K100_H200_w_out_0p75_t0p05,5,peak_normalized,0.6000863054252482,30,30,synthetic_complete
full_N2000_K100_H200_w_out_0p75_t0p05,1,active_load_variance,0.008859921123543644,30,30,synthetic_complete
full_N2000_K100_H200_w_out_0p75_t0p05,2,active_load_variance,0.008776963572160512,30,30,synthetic_complete
full_N2000_K100_H200_w_out_0p75_t0p05,3,active_load_variance,0.008777333074204524,30,30,synthetic_complete
full_N2000_K100_H200_w_out_0p75_t0p05,4,active_load_variance,0.008795096358172917,30,30,synthetic_complete
full_N2000_K100_H200_w_out_0p75_t0p05,5,active_load_variance,0.008769751844018021,30,30,synthetic_complete
full_N2000_K100_H200_w_out_0p75_t0p05,1,mse_user_vector,0.01592188423238257,30,30,synthetic_complete
full_N2000_K100_H200_w_out_0p75_t0p05,2,mse_user_vector,0.017686656583265056,30,30,synthetic_complete
full_N2000_K100_H200_w_out_0p75_t0p05,3,mse_user_vector,0.019531487824254314,30,30,synthetic_complete
full_N2000_K100_H200_w_out_0p75_t0p05,4,mse_user_vector,0.017503556218131752,30,30,synthetic_complete
full_N2000_K100_H200_w_out_0p75_t0p05,5,mse_user_vector,0.017489173536101923,30,30,synthetic_complete
full_N2000_K100_H200_w_out_0p75_t0p05,1,persistence_mse_user_vector,0.01438,30,30,synthetic_complete
full_N2000_K100_H200_w_out_0p75_t0p05,2,persistence_mse_user_vector,0.015773333333333334,30,30,synthetic_complete
full_N2000_K100_H200_w_out_0p75_t0p05,3,persistence_mse_user_vector,0.01762666666666667,30,30,synthetic_complete
full_N2000_K100_H200_w_out_0p75_t0p05,4,persistence_mse_user_vector,0.015573333333333335,30,30,synthetic_complete
full_N2000_K100_H200_w_out_0p75_t0p05,5,persistence_mse_user_vector,0.015746666666666666,30,30,synthetic_complete
full_N2000_K100_H200_w_out_0p75_t0p05,1,Cbar,0.021338666666666666,30,30,synthetic_complete
full_N2000_K100_H200_w_out_0p75_t0p05,2,Cbar,0.022944666666666665,30,30,synthetic_complete
full_N2000_K100_H200_w_out_0p75_t0p05,3,Cbar,0.024757833333333333,30,30,synthetic_complete
full_N2000_K100_H200_w_out_0p75_t0p05,4,Cbar,0.022648333333333333,30,30,synthetic_complete
full_N2000_K100_H200_w_out_0p75_t0p05,5,Cbar,0.0230945,30,30,synthetic_complete
full_N2000_K100_H200_w_out_0p75_t0p05,1,Lbar,0.22547033333333333,30,30,synthetic_complete
full_N2000_K100_H200_w_out_0p75_t0p05,2,Lbar,0.22468066666666667,30,30,synthetic_complete
full_N2000_K100_H200_w_out_0p75_t0p05,3,Lbar,0.224403,30,30,synthetic_complete
full_N2000_K100_H200_w_out_0p75_t0p05,4,Lbar,0.2248075,30,30,synthetic_complete
full_N2000_K100_H200_w_out_0p75_t0p05,5,Lbar,0.2246825,30,30,synthetic_complete
full_N2000_K100_H200_w_out_0p75_t0p05,1,J_user,-0.7055517986111111,30,30,synthetic_complete
full_N2000_K100_H200_w_out_0p75_t0p05,2,J_user,-0.6944904166666667,30,30,synthetic_complete
full_N2000_K100_H200_w_out_0p75_t0p05,3,J_user,-0.6808913611111111,30,30,synthetic_complete
full_N2000_K100_H200_w_out_0p75_t0p05,4,J_user,-0.6966422361111111,30,30,synthetic_complete
full_N2000_K100_H200_w_out_0p75_t0p05,5,J_user,-0.6933950416666667,30,30,synthetic_complete
full_N2000_K100_H200_w_out_0p75_t0p05,1,J_network,-70.55517986111111,30,30,synthetic_complete
full_N2000_K100_H200_w_out_0p75_t0p05,2,J_network,-69.44904166666667,30,30,synthetic_complete
full_N2000_K100_H200_w_out_0p75_t0p05,3,J_network,-68.08913611111112,30,30,synthetic_complete
full_N2000_K100_H200_w_out_0p75_t0p05,4,J_network,-69.66422361111111,30,30,synthetic_complete
full_N2000_K100_H200_w_out_0p75_t0p05,5,J_network,-69.33950416666667,30,30,synthetic_complete
full_N2000_K100_H200_w_out_1p25_t0p05,1,outage_percent,0.5135,30,30,synthetic_complete
full_N2000_K100_H200_w_out_1p25_t0p05,2,outage_percent,0.5425,30,30,synthetic_complete
full_N2000_K100_H200_w_out_1p25_t0p05,3,outage_percent,0.5355,30,30,synthetic_complete
full_N2000_K100_H200_w_out_1p25_t0p05,4,outage_percent,0.6333333333333333,30,30,synthetic_complete
full_N2000_K100_H200_w_out_1p25_t0p05,5,outage_percent,0.48833333333333334,30,30,synthetic_complete
full_N2000_K100_H200_w_out_1p25_t0p05,1,hof_percent,0.5263538715539413,30,30,synthetic_complete
full_N2000_K100_H200_w_out_1p25_t0p05,2,hof_percent,0.548727202617364,30,30,synthetic_complete
full_N2000_K100_H200_w_out_1p25_t0p05,3,hof_percent,0.5492169672399878,30,30,synthetic_complete
full_N2000_K100_H200_w_out_1p25_t0p05,4,hof_percent,0.633932064305144,30,30,synthetic_complete
full_N2000_K100_H200_w_out_1p25_t0p05,5,hof_percent,0.4979815128094812,30,30,synthetic_complete
full_N2000_K100_H200_w_out_1p25_t0p05,1,pp_percent,0.16700336700336701,30,30,synthetic_complete
full_N2000_K100_H200_w_out_1p25_t0p05,2,pp_percent,0.17356902356902357,30,30,synthetic_complete
full_N2000_K100_H200_w_out_1p25_t0p05,3,pp_percent,0.1734006734006734,30,30,synthetic_complete
full_N2000_K100_H200_w_out_1p25_t0p05,4,pp_percent,0.19410774410774412,30,30,synthetic_complete
full_N2000_K100_H200_w_out_1p25_t0p05,5,pp_percent,0.15976430976430978,30,30,synthetic_complete
full_N2000_K100_H200_w_out_1p25_t0p05,1,tp_Mbps,203.24020666666667,30,30,synthetic_complete
full_N2000_K100_H200_w_out_1p25_t0p05,2,tp_Mbps,202.86468666666667,30,30,synthetic_complete
full_N2000_K100_H200_w_out_1p25_t0p05,3,tp_Mbps,202.94507333333334,30,30,synthetic_complete
full_N2000_K100_H200_w_out_1p25_t0p05,4,tp_Mbps,201.90075166666668,30,30,synthetic_complete
full_N2000_K100_H200_w_out_1p25_t0p05,5,tp_Mbps,203.58039666666667,30,30,synthetic_complete
full_N2000_K100_H200_w_out_1p25_t0p05,1,served_p5tp_Mbps,59.581666666666734,30,30,synthetic_complete
full_N2000_K100_H200_w_out_1p25_t0p05,2,served_p5tp_Mbps,60.04833333333333,30,30,synthetic_complete
full_N2000_K100_H200_w_out_1p25_t0p05,3,served_p5tp_Mbps,60.01833333333334,30,30,synthetic_complete
full_N2000_K100_H200_w_out_1p25_t0p05,4,served_p5tp_Mbps,60.025000000000006,30,30,synthetic_complete
full_N2000_K100_H200_w_out_1p25_t0p05,5,served_p5tp_Mbps,60.07000000000001,30,30,synthetic_complete
full_N2000_K100_H200_w_out_1p25_t0p05,1,peak_normalized,0.5967419628124073,30,30,synthetic_complete
full_N2000_K100_H200_w_out_1p25_t0p05,2,peak_normalized,0.5973551932666367,30,30,synthetic_complete
full_N2000_K100_H200_w_out_1p25_t0p05,3,peak_normalized,0.5992846272753275,30,30,synthetic_complete
full_N2000_K100_H200_w_out_1p25_t0p05,4,peak_normalized,0.5955138005193464,30,30,synthetic_complete
full_N2000_K100_H200_w_out_1p25_t0p05,5,peak_normalized,0.5987684683041997,30,30,synthetic_complete
full_N2000_K100_H200_w_out_1p25_t0p05,1,active_load_variance,0.008788803960647691,30,30,synthetic_complete
full_N2000_K100_H200_w_out_1p25_t0p05,2,active_load_variance,0.008759006316486196,30,30,synthetic_complete
full_N2000_K100_H200_w_out_1p25_t0p05,3,active_load_variance,0.008772441025769614,30,30,synthetic_complete
full_N2000_K100_H200_w_out_1p25_t0p05,4,active_load_variance,0.008747034362976401,30,30,synthetic_complete
full_N2000_K100_H200_w_out_1p25_t0p05,5,active_load_variance,0.008777919228044629,30,30,synthetic_complete
full_N2000_K100_H200_w_out_1p25_t0p05,1,mse_user_vector,0.01767870750502548,30,30,synthetic_complete
full_N2000_K100_H200_w_out_1p25_t0p05,2,mse_user_vector,0.018580684075111462,30,30,synthetic_complete
full_N2000_K100_H200_w_out_1p25_t0p05,3,mse_user_vector,0.018613660089530675,30,30,synthetic_complete
full_N2000_K100_H200_w_out_1p25_t0p05,4,mse_user_vector,0.01945157552090025,30,30,synthetic_complete
full_N2000_K100_H200_w_out_1p25_t0p05,5,mse_user_vector,0.017209727681230778,30,30,synthetic_complete
full_N2000_K100_H200_w_out_1p25_t0p05,1,persistence_mse_user_vector,0.0161,30,30,synthetic_complete
full_N2000_K100_H200_w_out_1p25_t0p05,2,persistence_mse_user_vector,0.016543333333333334,30,30,synthetic_complete
full_N2000_K100_H200_w_out_1p25_t0p05,3,persistence_mse_user_vector,0.016470000000000002,30,30,synthetic_complete
full_N2000_K100_H200_w_out_1p25_t0p05,4,persistence_mse_user_vector,0.0177,30,30,synthetic_complete
full_N2000_K100_H200_w_out_1p25_t0p05,5,persistence_mse_user_vector,0.015583333333333334,30,30,synthetic_complete
full_N2000_K100_H200_w_out_1p25_t0p05,1,Cbar,0.024028,30,30,synthetic_complete
full_N2000_K100_H200_w_out_1p25_t0p05,2,Cbar,0.024521,30,30,synthetic_complete
full_N2000_K100_H200_w_out_1p25_t0p05,3,Cbar,0.024416,30,30,synthetic_complete
full_N2000_K100_H200_w_out_1p25_t0p05,4,Cbar,0.0258095,30,30,synthetic_complete
full_N2000_K100_H200_w_out_1p25_t0p05,5,Cbar,0.023592166666666668,30,30,synthetic_complete
full_N2000_K100_H200_w_out_1p25_t0p05,1,Lbar,0.22531783333333333,30,30,synthetic_complete
full_N2000_K100_H200_w_out_1p25_t0p05,2,Lbar,0.22508183333333334,30,30,synthetic_complete
full_N2000_K100_H200_w_out_1p25_t0p05,3,Lbar,0.2251495,30,30,synthetic_complete
full_N2000_K100_H200_w_out_1p25_t0p05,4,Lbar,0.224721,30,30,synthetic_complete
full_N2000_K100_H200_w_out_1p25_t0p05,5,Lbar,0.22530533333333333,30,30,synthetic_complete
full_N2000_K100_H200_w_out_1p25_t0p05,1,J_user,-0.6900675277777778,30,30,synthetic_complete
full_N2000_K100_H200_w_out_1p25_t0p05,2,J_user,-0.6865618611111111,30,30,synthetic_complete
full_N2000_K100_H200_w_out_1p25_t0p05,3,J_user,-0.6873529722222222,30,30,synthetic_complete
full_N2000_K100_H200_w_out_1p25_t0p05,4,J_user,-0.6764045486111111,30,30,synthetic_complete
full_N2000_K100_H200_w_out_1p25_t0p05,5,J_user,-0.6932820694444445,30,30,synthetic_complete
full_N2000_K100_H200_w_out_1p25_t0p05,1,J_network,-69.00675277777778,30,30,synthetic_complete
full_N2000_K100_H200_w_out_1p25_t0p05,2,J_network,-68.65618611111111,30,30,synthetic_complete
full_N2000_K100_H200_w_out_1p25_t0p05,3,J_network,-68.73529722222221,30,30,synthetic_complete
full_N2000_K100_H200_w_out_1p25_t0p05,4,J_network,-67.64045486111111,30,30,synthetic_complete
full_N2000_K100_H200_w_out_1p25_t0p05,5,J_network,-69.32820694444445,30,30,synthetic_complete
full_N2000_K100_H200_w_out_1p5_t0p05,1,outage_percent,0.4735,30,30,synthetic_complete
full_N2000_K100_H200_w_out_1p5_t0p05,2,outage_percent,0.44466666666666665,30,30,synthetic_complete
full_N2000_K100_H200_w_out_1p5_t0p05,3,outage_percent,0.666,30,30,synthetic_complete
full_N2000_K100_H200_w_out_1p5_t0p05,4,outage_percent,0.5966666666666667,30,30,synthetic_complete
full_N2000_K100_H200_w_out_1p5_t0p05,5,outage_percent,0.588,30,30,synthetic_complete
full_N2000_K100_H200_w_out_1p5_t0p05,1,hof_percent,0.47375395723201785,30,30,synthetic_complete
full_N2000_K100_H200_w_out_1p5_t0p05,2,hof_percent,0.44264293045162756,30,30,synthetic_complete
full_N2000_K100_H200_w_out_1p5_t0p05,3,hof_percent,0.6712709450813524,30,30,synthetic_complete
full_N2000_K100_H200_w_out_1p5_t0p05,4,hof_percent,0.60462885328841,30,30,synthetic_complete
full_N2000_K100_H200_w_out_1p5_t0p05,5,hof_percent,0.6027439978246396,30,30,synthetic_complete
full_N2000_K100_H200_w_out_1p5_t0p05,1,pp_percent,0.18181818181818182,30,30,synthetic_complete
full_N2000_K100_H200_w_out_1p5_t0p05,2,pp_percent,0.17373737373737375,30,30,synthetic_complete
full_N2000_K100_H200_w_out_1p5_t0p05,3,pp_percent,0.22912457912457912,30,30,synthetic_complete
full_N2000_K100_H200_w_out_1p5_t0p05,4,pp_percent,0.2101010101010101,30,30,synthetic_complete
full_N2000_K100_H200_w_out_1p5_t0p05,5,pp_percent,0.2080808080808081,30,30,synthetic_complete
full_N2000_K100_H200_w_out_1p5_t0p05,1,tp_Mbps,203.351015,30,30,synthetic_complete
full_N2000_K100_H200_w_out_1p5_t0p05,2,tp_Mbps,203.75543833333333,30,30,synthetic_complete
full_N2000_K100_H200_w_out_1p5_t0p05,3,tp_Mbps,201.119105,30,30,synthetic_complete
full_N2000_K100_H200_w_out_1p5_t0p05,4,tp_Mbps,201.86838666666665,30,30,synthetic_complete
full_N2000_K100_H200_w_out_1p5_t0p05,5,tp_Mbps,201.95824333333334,30,30,synthetic_complete
full_N2000_K100_H200_w_out_1p5_t0p05,1,served_p5tp_Mbps,60.025,30,30,synthetic_complete
full_N2000_K100_H200_w_out_1p5_t0p05,2,served_p5tp_Mbps,59.2166666666668,30,30,synthetic_complete
full_N2000_K100_H200_w_out_1p5_t0p05,3,served_p5tp_Mbps,60.00000000000001,30,30,synthetic_complete
full_N2000_K100_H200_w_out_1p5_t0p05,4,served_p5tp_Mbps,60.005,30,30,synthetic_complete
full_N2000_K100_H200_w_out_1p5_t0p05,5,served_p5tp_Mbps,60.01166666666667,30,30,synthetic_complete
full_N2000_K100_H200_w_out_1p5_t0p05,1,peak_normalized,0.5988731072501222,30,30,synthetic_complete
full_N2000_K100_H200_w_out_1p5_t0p05,2,peak_normalized,0.5981966118532085,30,30,synthetic_complete
full_N2000_K100_H200_w_out_1p5_t0p05,3,peak_normalized,0.5973695764214709,30,30,synthetic_complete
full_N2000_K100_H200_w_out_1p5_t0p05,4,peak_normalized,0.5997192088378468,30,30,synthetic_complete
full_N2000_K100_H200_w_out_1p5_t0p05,5,peak_normalized,0.6024409955345312,30,30,synthetic_complete
full_N2000_K100_H200_w_out_1p5_t0p05,1,active_load_variance,0.008788857468885823,30,30,synthetic_complete
full_N2000_K100_H200_w_out_1p5_t0p05,2,active_load_variance,0.008780540135274866,30,30,synthetic_complete
full_N2000_K100_H200_w_out_1p5_t0p05,3,active_load_variance,0.008779268525460257,30,30,synthetic_complete
full_N2000_K100_H200_w_out_1p5_t0p05,4,active_load_variance,0.008783421576446912,30,30,synthetic_complete
full_N2000_K100_H200_w_out_1p5_t0p05,5,active_load_variance,0.00875558544826258,30,30,synthetic_complete
full_N2000_K100_H200_w_out_1p5_t0p05,1,mse_user_vector,0.018652731261032052,30,30,synthetic_complete
full_N2000_K100_H200_w_out_1p5_t0p05,2,mse_user_vector,0.018415325677949596,30,30,synthetic_complete
full_N2000_K100_H200_w_out_1p5_t0p05,3,mse_user_vector,0.02167662782760082,30,30,synthetic_complete
full_N2000_K100_H200_w_out_1p5_t0p05,4,mse_user_vector,0.020586353134777552,30,30,synthetic_complete
full_N2000_K100_H200_w_out_1p5_t0p05,5,mse_user_vector,0.020276034279931646,30,30,synthetic_complete
full_N2000_K100_H200_w_out_1p5_t0p05,1,persistence_mse_user_vector,0.017166666666666667,30,30,synthetic_complete
full_N2000_K100_H200_w_out_1p5_t0p05,2,persistence_mse_user_vector,0.016406666666666667,30,30,synthetic_complete
full_N2000_K100_H200_w_out_1p5_t0p05,3,persistence_mse_user_vector,0.019833333333333335,30,30,synthetic_complete
full_N2000_K100_H200_w_out_1p5_t0p05,4,persistence_mse_user_vector,0.01871,30,30,synthetic_complete
full_N2000_K100_H200_w_out_1p5_t0p05,5,persistence_mse_user_vector,0.018570000000000003,30,30,synthetic_complete
full_N2000_K100_H200_w_out_1p5_t0p05,1,Cbar,0.02499883333333333,30,30,synthetic_complete
full_N2000_K100_H200_w_out_1p5_t0p05,2,Cbar,0.024438333333333333,30,30,synthetic_complete
full_N2000_K100_H200_w_out_1p5_t0p05,3,Cbar,0.028134166666666665,30,30,synthetic_complete
full_N2000_K100_H200_w_out_1p5_t0p05,4,Cbar,0.02706283333333333,30,30,synthetic_complete
full_N2000_K100_H200_w_out_1p5_t0p05,5,Cbar,0.026935166666666666,30,30,synthetic_complete
full_N2000_K100_H200_w_out_1p5_t0p05,1,Lbar,0.2255025,30,30,synthetic_complete
full_N2000_K100_H200_w_out_1p5_t0p05,2,Lbar,0.22549633333333333,30,30,synthetic_complete
full_N2000_K100_H200_w_out_1p5_t0p05,3,Lbar,0.224667,30,30,synthetic_complete
full_N2000_K100_H200_w_out_1p5_t0p05,4,Lbar,0.22494466666666665,30,30,synthetic_complete
full_N2000_K100_H200_w_out_1p5_t0p05,5,Lbar,0.22477333333333332,30,30,synthetic_complete
full_N2000_K100_H200_w_out_1p5_t0p05,1,J_user,-0.6865327291666666,30,30,synthetic_complete
full_N2000_K100_H200_w_out_1p5_t0p05,2,J_user,-0.6906636597222222,30,30,synthetic_complete
full_N2000_K100_H200_w_out_1p5_t0p05,3,J_user,-0.6616456875,30,30,synthetic_complete
full_N2000_K100_H200_w_out_1p5_t0p05,4,J_user,-0.6703645277777778,30,30,synthetic_complete
full_N2000_K100_H200_w_out_1p5_t0p05,5,J_user,-0.6715384305555555,30,30,synthetic_complete
full_N2000_K100_H200_w_out_1p5_t0p05,1,J_network,-68.65327291666667,30,30,synthetic_complete
full_N2000_K100_H200_w_out_1p5_t0p05,2,J_network,-69.06636597222223,30,30,synthetic_complete
full_N2000_K100_H200_w_out_1p5_t0p05,3,J_network,-66.16456875,30,30,synthetic_complete
full_N2000_K100_H200_w_out_1p5_t0p05,4,J_network,-67.03645277777778,30,30,synthetic_complete
full_N2000_K100_H200_w_out_1p5_t0p05,5,J_network,-67.15384305555555,30,30,synthetic_complete
full_N2000_K100_H200_w_ho_0p5_t0p05,1,outage_percent,0.5431666666666667,30,30,synthetic_complete
full_N2000_K100_H200_w_ho_0p5_t0p05,2,outage_percent,0.4741666666666667,30,30,synthetic_complete
full_N2000_K100_H200_w_ho_0p5_t0p05,3,outage_percent,0.6283333333333333,30,30,synthetic_complete
full_N2000_K100_H200_w_ho_0p5_t0p05,4,outage_percent,0.5803333333333334,30,30,synthetic_complete
full_N2000_K100_H200_w_ho_0p5_t0p05,5,outage_percent,0.6071666666666666,30,30,synthetic_complete
full_N2000_K100_H200_w_ho_0p5_t0p05,1,hof_percent,0.5585516194989651,30,30,synthetic_complete
full_N2000_K100_H200_w_ho_0p5_t0p05,2,hof_percent,0.47256999994478344,30,30,synthetic_complete
full_N2000_K100_H200_w_ho_0p5_t0p05,3,hof_percent,0.6433188744535999,30,30,synthetic_complete
full_N2000_K100_H200_w_ho_0p5_t0p05,4,hof_percent,0.5927901398532159,30,30,synthetic_complete
full_N2000_K100_H200_w_ho_0p5_t0p05,5,hof_percent,0.6224145647610158,30,30,synthetic_complete
full_N2000_K100_H200_w_ho_0p5_t0p05,1,pp_percent,0.265993265993266,30,30,synthetic_complete
full_N2000_K100_H200_w_ho_0p5_t0p05,2,pp_percent,0.2393939393939394,30,30,synthetic_complete
full_N2000_K100_H200_w_ho_0p5_t0p05,3,pp_percent,0.29175084175084176,30,30,synthetic_complete
full_N2000_K100_H200_w_ho_0p5_t0p05,4,pp_percent,0.27794612794612794,30,30,synthetic_complete
full_N2000_K100_H200_w_ho_0p5_t0p05,5,pp_percent,0.2865319865319865,30,30,synthetic_complete
full_N2000_K100_H200_w_ho_0p5_t0p05,1,tp_Mbps,202.801655,30,30,synthetic_complete
full_N2000_K100_H200_w_ho_0p5_t0p05,2,tp_Mbps,203.71577,30,30,synthetic_complete
full_N2000_K100_H200_w_ho_0p5_t0p05,3,tp_Mbps,201.90517499999999,30,30,synthetic_complete
full_N2000_K100_H200_w_ho_0p5_t0p05,4,tp_Mbps,202.40373166666666,30,30,synthetic_complete
full_N2000_K100_H200_w_ho_0p5_t0p05,5,tp_Mbps,202.13082666666665,30,30,synthetic_complete
full_N2000_K100_H200_w_ho_0p5_t0p05,1,served_p5tp_Mbps,60.13333333333333,30,30,synthetic_complete
full_N2000_K100_H200_w_ho_0p5_t0p05,2,served_p5tp_Mbps,60.11666666666667,30,30,synthetic_complete
full_N2000_K100_H200_w_ho_0p5_t0p05,3,served_p5tp_Mbps,60.085,30,30,synthetic_complete
full_N2000_K100_H200_w_ho_0p5_t0p05,4,served_p5tp_Mbps,60.15,30,30,synthetic_complete
full_N2000_K100_H200_w_ho_0p5_t0p05,5,served_p5tp_Mbps,60.07833333333333,30,30,synthetic_complete
full_N2000_K100_H200_w_ho_0p5_t0p05,1,peak_normalized,0.5877507055041205,30,30,synthetic_complete
full_N2000_K100_H200_w_ho_0p5_t0p05,2,peak_normalized,0.5984860539888077,30,30,synthetic_complete
full_N2000_K100_H200_w_ho_0p5_t0p05,3,peak_normalized,0.5929658544599982,30,30,synthetic_complete
full_N2000_K100_H200_w_ho_0p5_t0p05,4,peak_normalized,0.5835093419153012,30,30,synthetic_complete
full_N2000_K100_H200_w_ho_0p5_t0p05,5,peak_normalized,0.5905816061169944,30,30,synthetic_complete
full_N2000_K100_H200_w_ho_0p5_t0p05,1,active_load_variance,0.008786626821341053,30,30,synthetic_complete
full_N2000_K100_H200_w_ho_0p5_t0p05,2,active_load_variance,0.008806477419778237,30,30,synthetic_complete
full_N2000_K100_H200_w_ho_0p5_t0p05,3,active_load_variance,0.008766706510433233,30,30,synthetic_complete
full_N2000_K100_H200_w_ho_0p5_t0p05,4,active_load_variance,0.008744446445773452,30,30,synthetic_complete
full_N2000_K100_H200_w_ho_0p5_t0p05,5,active_load_variance,0.008767105281290287,30,30,synthetic_complete
full_N2000_K100_H200_w_ho_0p5_t0p05,1,mse_user_vector,0.02225665547083699,30,30,synthetic_complete
full_N2000_K100_H200_w_ho_0p5_t0p05,2,mse_user_vector,0.02139940456571126,30,30,synthetic_complete
full_N2000_K100_H200_w_ho_0p5_t0p05,3,mse_user_vector,0.02386434809423657,30,30,synthetic_complete
full_N2000_K100_H200_w_ho_0p5_t0p05,4,mse_user_vector,0.022935424620738273,30,30,synthetic_complete
full_N2000_K100_H200_w_ho_0p5_t0p05,5,mse_user_vector,0.02347339063775839,30,30,synthetic_complete
full_N2000_K100_H200_w_ho_0p5_t0p05,1,persistence_mse_user_vector,0.020893333333333333,30,30,synthetic_complete
full_N2000_K100_H200_w_ho_0p5_t0p05,2,persistence_mse_user_vector,0.019866666666666668,30,30,synthetic_complete
full_N2000_K100_H200_w_ho_0p5_t0p05,3,persistence_mse_user_vector,0.022103333333333336,30,30,synthetic_complete
full_N2000_K100_H200_w_ho_0p5_t0p05,4,persistence_mse_user_vector,0.021086666666666667,30,30,synthetic_complete
full_N2000_K100_H200_w_ho_0p5_t0p05,5,persistence_mse_user_vector,0.021856666666666667,30,30,synthetic_complete
full_N2000_K100_H200_w_ho_0p5_t0p05,1,Cbar,0.030449499999999997,30,30,synthetic_complete
full_N2000_K100_H200_w_ho_0p5_t0p05,2,Cbar,0.028909666666666663,30,30,synthetic_complete
full_N2000_K100_H200_w_ho_0p5_t0p05,3,Cbar,0.0319305,30,30,synthetic_complete
full_N2000_K100_H200_w_ho_0p5_t0p05,4,Cbar,0.031133166666666667,30,30,synthetic_complete
full_N2000_K100_H200_w_ho_0p5_t0p05,5,Cbar,0.031558833333333335,30,30,synthetic_complete
full_N2000_K100_H200_w_ho_0p5_t0p05,1,Lbar,0.2250445,30,30,synthetic_complete
full_N2000_K100_H200_w_ho_0p5_t0p05,2,Lbar,0.22528383333333332,30,30,synthetic_complete
full_N2000_K100_H200_w_ho_0p5_t0p05,3,Lbar,0.224556,30,30,synthetic_complete
full_N2000_K100_H200_w_ho_0p5_t0p05,4,Lbar,0.22454666666666667,30,30,synthetic_complete
full_N2000_K100_H200_w_ho_0p5_t0p05,5,Lbar,0.22460483333333334,30,30,synthetic_complete
full_N2000_K100_H200_w_ho_0p5_t0p05,1,J_user,-0.6977139375,30,30,synthetic_complete
full_N2000_K100_H200_w_ho_0p5_t0p05,2,J_user,-0.7052380416666667,30,30,synthetic_complete
full_N2000_K100_H200_w_ho_0p5_t0p05,3,J_user,-0.6895942708333334,30,30,synthetic_complete
full_N2000_K100_H200_w_ho_0p5_t0p05,4,J_user,-0.6942755902777777,30,30,synthetic_complete
full_N2000_K100_H200_w_ho_0p5_t0p05,5,J_user,-0.6916613194444444,30,30,synthetic_complete
full_N2000_K100_H200_w_ho_0p5_t0p05,1,J_network,-69.77139375,30,30,synthetic_complete
full_N2000_K100_H200_w_ho_0p5_t0p05,2,J_network,-70.52380416666666,30,30,synthetic_complete
full_N2000_K100_H200_w_ho_0p5_t0p05,3,J_network,-68.95942708333334,30,30,synthetic_complete
full_N2000_K100_H200_w_ho_0p5_t0p05,4,J_network,-69.42755902777778,30,30,synthetic_complete
full_N2000_K100_H200_w_ho_0p5_t0p05,5,J_network,-69.16613194444444,30,30,synthetic_complete
full_N2000_K100_H200_w_ho_0p75_t0p05,1,outage_percent,0.595,30,30,synthetic_complete
full_N2000_K100_H200_w_ho_0p75_t0p05,2,outage_percent,0.483,30,30,synthetic_complete
full_N2000_K100_H200_w_ho_0p75_t0p05,3,outage_percent,0.5703333333333334,30,30,synthetic_complete
full_N2000_K100_H200_w_ho_0p75_t0p05,4,outage_percent,0.6495,30,30,synthetic_complete
full_N2000_K100_H200_w_ho_0p75_t0p05,5,outage_percent,0.5143333333333333,30,30,synthetic_complete
full_N2000_K100_H200_w_ho_0p75_t0p05,1,hof_percent,0.602587980665751,30,30,synthetic_complete
full_N2000_K100_H200_w_ho_0p75_t0p05,2,hof_percent,0.4869639890351558,30,30,synthetic_complete
full_N2000_K100_H200_w_ho_0p75_t0p05,3,hof_percent,0.5825424874492489,30,30,synthetic_complete
full_N2000_K100_H200_w_ho_0p75_t0p05,4,hof_percent,0.6542039868076284,30,30,synthetic_complete
full_N2000_K100_H200_w_ho_0p75_t0p05,5,hof_percent,0.5255493143811782,30,30,synthetic_complete
full_N2000_K100_H200_w_ho_0p75_t0p05,1,pp_percent,0.21195286195286195,30,30,synthetic_complete
full_N2000_K100_H200_w_ho_0p75_t0p05,2,pp_percent,0.18686868686868688,30,30,synthetic_complete
full_N2000_K100_H200_w_ho_0p75_t0p05,3,pp_percent,0.20673400673400674,30,30,synthetic_complete
full_N2000_K100_H200_w_ho_0p75_t0p05,4,pp_percent,0.2265993265993266,30,30,synthetic_complete
full_N2000_K100_H200_w_ho_0p75_t0p05,5,pp_percent,0.19528619528619529,30,30,synthetic_complete
full_N2000_K100_H200_w_ho_0p75_t0p05,1,tp_Mbps,202.49696166666666,30,30,synthetic_complete
full_N2000_K100_H200_w_ho_0p75_t0p05,2,tp_Mbps,203.84795,30,30,synthetic_complete
full_N2000_K100_H200_w_ho_0p75_t0p05,3,tp_Mbps,202.71913333333333,30,30,synthetic_complete
full_N2000_K100_H200_w_ho_0p75_t0p05,4,tp_Mbps,201.89536333333334,30,30,synthetic_complete
full_N2000_K100_H200_w_ho_0p75_t0p05,5,tp_Mbps,203.41229166666668,30,30,synthetic_complete
full_N2000_K100_H200_w_ho_0p75_t0p05,1,served_p5tp_Mbps,60.056666666666665,30,30,synthetic_complete
full_N2000_K100_H200_w_ho_0p75_t0p05,2,served_p5tp_Mbps,60.07833333333333,30,30,synthetic_complete
full_N2000_K100_H200_w_ho_0p75_t0p05,3,served_p5tp_Mbps,60.03,30,30,synthetic_complete
full_N2000_K100_H200_w_ho_0p75_t0p05,4,served_p5tp_Mbps,60.04333333333334,30,30,synthetic_complete
full_N2000_K100_H200_w_ho_0p75_t0p05,5,served_p5tp_Mbps,59.61000000000006,30,30,synthetic_complete
full_N2000_K100_H200_w_ho_0p75_t0p05,1,peak_normalized,0.5974475864660469,30,30,synthetic_complete
full_N2000_K100_H200_w_ho_0p75_t0p05,2,peak_normalized,0.5992974721392759,30,30,synthetic_complete
full_N2000_K100_H200_w_ho_0p75_t0p05,3,peak_normalized,0.6070432184536673,30,30,synthetic_complete
full_N2000_K100_H200_w_ho_0p75_t0p05,4,peak_normalized,0.5946281768270574,30,30,synthetic_complete
full_N2000_K100_H200_w_ho_0p75_t0p05,5,peak_normalized,0.600296342050399,30,30,synthetic_complete
full_N2000_K100_H200_w_ho_0p75_t0p05,1,active_load_variance,0.008771656468910344,30,30,synthetic_complete
full_N2000_K100_H200_w_ho_0p75_t0p05,2,active_load_variance,0.008777689504670479,30,30,synthetic_complete
full_N2000_K100_H200_w_ho_0p75_t0p05,3,active_load_variance,0.008784015863323743,30,30,synthetic_complete
full_N2000_K100_H200_w_ho_0p75_t0p05,4,active_load_variance,0.008767930286809318,30,30,synthetic_complete
full_N2000_K100_H200_w_ho_0p75_t0p05,5,active_load_variance,0.008772411325554806,30,30,synthetic_complete
full_N2000_K100_H200_w_ho_0p75_t0p05,1,mse_user_vector,0.020285683464968913,30,30,synthetic_complete
full_N2000_K100_H200_w_ho_0p75_t0p05,2,mse_user_vector,0.019049512992717385,30,30,synthetic_complete
full_N2000_K100_H200_w_ho_0p75_t0p05,3,mse_user_vector,0.020512983493446255,30,30,synthetic_complete
full_N2000_K100_H200_w_ho_0p75_t0p05,4,mse_user_vector,0.021728390979870907,30,30,synthetic_complete
full_N2000_K100_H200_w_ho_0p75_t0p05,5,mse_user_vector,0.018917273073313933,30,30,synthetic_complete
full_N2000_K100_H200_w_ho_0p75_t0p05,1,persistence_mse_user_vector,0.018913333333333334,30,30,synthetic_complete
full_N2000_K100_H200_w_ho_0p75_t0p05,2,persistence_mse_user_vector,0.017143333333333333,30,30,synthetic_complete
full_N2000_K100_H200_w_ho_0p75_t0p05,3,persistence_mse_user_vector,0.018600000000000002,30,30,synthetic_complete
full_N2000_K100_H200_w_ho_0p75_t0p05,4,persistence_mse_user_vector,0.0198,30,30,synthetic_complete
full_N2000_K100_H200_w_ho_0p75_t0p05,5,persistence_mse_user_vector,0.01734666666666667,30,30,synthetic_complete
full_N2000_K100_H200_w_ho_0p75_t0p05,1,Cbar,0.027161333333333332,30,30,synthetic_complete
full_N2000_K100_H200_w_ho_0p75_t0p05,2,Cbar,0.025287999999999998,30,30,synthetic_complete
full_N2000_K100_H200_w_ho_0p75_t0p05,3,Cbar,0.0268565,30,30,synthetic_complete
full_N2000_K100_H200_w_ho_0p75_t0p05,4,Cbar,0.028018833333333333,30,30,synthetic_complete
full_N2000_K100_H200_w_ho_0p75_t0p05,5,Cbar,0.025880166666666666,30,30,synthetic_complete
full_N2000_K100_H200_w_ho_0p75_t0p05,1,Lbar,0.22485866666666665,30,30,synthetic_complete
full_N2000_K100_H200_w_ho_0p75_t0p05,2,Lbar,0.22530166666666668,30,30,synthetic_complete
full_N2000_K100_H200_w_ho_0p75_t0p05,3,Lbar,0.22504133333333334,30,30,synthetic_complete
full_N2000_K100_H200_w_ho_0p75_t0p05,4,Lbar,0.22461116666666667,30,30,synthetic_complete
full_N2000_K100_H200_w_ho_0p75_t0p05,5,Lbar,0.22525966666666666,30,30,synthetic_complete
full_N2000_K100_H200_w_ho_0p75_t0p05,1,J_user,-0.6913725069444444,30,30,synthetic_complete
full_N2000_K100_H200_w_ho_0p75_t0p05,2,J_user,-0.703082625,30,30,synthetic_complete
full_N2000_K100_H200_w_ho_0p75_t0p05,3,J_user,-0.6935545347222222,30,30,synthetic_complete
full_N2000_K100_H200_w_ho_0p75_t0p05,4,J_user,-0.6859430347222222,30,30,synthetic_complete
full_N2000_K100_H200_w_ho_0p75_t0p05,5,J_user,-0.6994996527777778,30,30,synthetic_complete
full_N2000_K100_H200_w_ho_0p75_t0p05,1,J_network,-69.13725069444445,30,30,synthetic_complete
full_N2000_K100_H200_w_ho_0p75_t0p05,2,J_network,-70.3082625,30,30,synthetic_complete
full_N2000_K100_H200_w_ho_0p75_t0p05,3,J_network,-69.35545347222222,30,30,synthetic_complete
full_N2000_K100_H200_w_ho_0p75_t0p05,4,J_network,-68.59430347222222,30,30,synthetic_complete
full_N2000_K100_H200_w_ho_0p75_t0p05,5,J_network,-69.94996527777778,30,30,synthetic_complete
full_N2000_K100_H200_w_ho_1p25_t0p05,1,outage_percent,0.6373333333333333,30,30,synthetic_complete
full_N2000_K100_H200_w_ho_1p25_t0p05,2,outage_percent,0.6518333333333334,30,30,synthetic_complete
full_N2000_K100_H200_w_ho_1p25_t0p05,3,outage_percent,0.6996666666666667,30,30,synthetic_complete
full_N2000_K100_H200_w_ho_1p25_t0p05,4,outage_percent,0.6373333333333333,30,30,synthetic_complete
full_N2000_K100_H200_w_ho_1p25_t0p05,5,outage_percent,0.6806666666666666,30,30,synthetic_complete
full_N2000_K100_H200_w_ho_1p25_t0p05,1,hof_percent,0.634824160068154,30,30,synthetic_complete
full_N2000_K100_H200_w_ho_1p25_t0p05,2,hof_percent,0.6559813369547293,30,30,synthetic_complete
full_N2000_K100_H200_w_ho_1p25_t0p05,3,hof_percent,0.6957019624467058,30,30,synthetic_complete
full_N2000_K100_H200_w_ho_1p25_t0p05,4,hof_percent,0.6347247031495226,30,30,synthetic_complete
full_N2000_K100_H200_w_ho_1p25_t0p05,5,hof_percent,0.6736206067656735,30,30,synthetic_complete
full_N2000_K100_H200_w_ho_1p25_t0p05,1,pp_percent,0.13114478114478115,30,30,synthetic_complete
full_N2000_K100_H200_w_ho_1p25_t0p05,2,pp_percent,0.132996632996633,30,30,synthetic_complete
full_N2000_K100_H200_w_ho_1p25_t0p05,3,pp_percent,0.13973063973063973,30,30,synthetic_complete
full_N2000_K100_H200_w_ho_1p25_t0p05,4,pp_percent,0.13114478114478115,30,30,synthetic_complete
full_N2000_K100_H200_w_ho_1p25_t0p05,5,pp_percent,0.13804713804713806,30,30,synthetic_complete
full_N2000_K100_H200_w_ho_1p25_t0p05,1,tp_Mbps,202.49211333333332,30,30,synthetic_complete
full_N2000_K100_H200_w_ho_1p25_t0p05,2,tp_Mbps,202.33087833333335,30,30,synthetic_complete
full_N2000_K100_H200_w_ho_1p25_t0p05,3,tp_Mbps,201.83901,30,30,synthetic_complete
full_N2000_K100_H200_w_ho_1p25_t0p05,4,tp_Mbps,202.49042666666668,30,30,synthetic_complete
full_N2000_K100_H200_w_ho_1p25_t0p05,5,tp_Mbps,202.04817333333332,30,30,synthetic_complete
full_N2000_K100_H200_w_ho_1p25_t0p05,1,served_p5tp_Mbps,59.99333333333334,30,30,synthetic_complete
full_N2000_K100_H200_w_ho_1p25_t0p05,2,served_p5tp_Mbps,59.976666666666674,30,30,synthetic_complete
full_N2000_K100_H200_w_ho_1p25_t0p05,3,served_p5tp_Mbps,59.05333333333359,30,30,synthetic_complete
full_N2000_K100_H200_w_ho_1p25_t0p05,4,served_p5tp_Mbps,59.99333333333334,30,30,synthetic_complete
full_N2000_K100_H200_w_ho_1p25_t0p05,5,served_p5tp_Mbps,59.49666666666686,30,30,synthetic_complete
full_N2000_K100_H200_w_ho_1p25_t0p05,1,peak_normalized,0.6060267107013622,30,30,synthetic_complete
full_N2000_K100_H200_w_ho_1p25_t0p05,2,peak_normalized,0.6043010503676519,30,30,synthetic_complete
full_N2000_K100_H200_w_ho_1p25_t0p05,3,peak_normalized,0.60156793143839,30,30,synthetic_complete
full_N2000_K100_H200_w_ho_1p25_t0p05,4,peak_normalized,0.6060267107013622,30,30,synthetic_complete
full_N2000_K100_H200_w_ho_1p25_t0p05,5,peak_normalized,0.603239883339626,30,30,synthetic_complete
full_N2000_K100_H200_w_ho_1p25_t0p05,1,active_load_variance,0.008886192571758602,30,30,synthetic_complete
full_N2000_K100_H200_w_ho_1p25_t0p05,2,active_load_variance,0.008862619641661176,30,30,synthetic_complete
full_N2000_K100_H200_w_ho_1p25_t0p05,3,active_load_variance,0.008816249429303145,30,30,synthetic_complete
full_N2000_K100_H200_w_ho_1p25_t0p05,4,active_load_variance,0.008885267445291313,30,30,synthetic_complete
full_N2000_K100_H200_w_ho_1p25_t0p05,5,active_load_variance,0.008820759918308661,30,30,synthetic_complete
full_N2000_K100_H200_w_ho_1p25_t0p05,1,mse_user_vector,0.016087201728969647,30,30,synthetic_complete
full_N2000_K100_H200_w_ho_1p25_t0p05,2,mse_user_vector,0.016349242758347562,30,30,synthetic_complete
full_N2000_K100_H200_w_ho_1p25_t0p05,3,mse_user_vector,0.017102142791453376,30,30,synthetic_complete
full_N2000_K100_H200_w_ho_1p25_t0p05,4,mse_user_vector,0.016691323826182995,30,30,synthetic_complete
full_N2000_K100_H200_w_ho_1p25_t0p05,5,mse_user_vector,0.016722037857802276,30,30,synthetic_complete
full_N2000_K100_H200_w_ho_1p25_t0p05,1,persistence_mse_user_vector,0.014643333333333335,30,30,synthetic_complete
full_N2000_K100_H200_w_ho_1p25_t0p05,2,persistence_mse_user_vector,0.014603333333333334,30,30,synthetic_complete
full_N2000_K100_H200_w_ho_1p25_t0p05,3,persistence_mse_user_vector,0.015103333333333333,30,30,synthetic_complete
full_N2000_K100_H200_w_ho_1p25_t0p05,4,persistence_mse_user_vector,0.014643333333333335,30,30,synthetic_complete
full_N2000_K100_H200_w_ho_1p25_t0p05,5,persistence_mse_user_vector,0.014866666666666667,30,30,synthetic_complete
full_N2000_K100_H200_w_ho_1p25_t0p05,1,Cbar,0.021006999999999998,30,30,synthetic_complete
full_N2000_K100_H200_w_ho_1p25_t0p05,2,Cbar,0.02118283333333333,30,30,synthetic_complete
full_N2000_K100_H200_w_ho_1p25_t0p05,3,Cbar,0.021742666666666667,30,30,synthetic_complete
full_N2000_K100_H200_w_ho_1p25_t0p05,4,Cbar,0.02101,30,30,synthetic_complete
full_N2000_K100_H200_w_ho_1p25_t0p05,5,Cbar,0.02150833333333333,30,30,synthetic_complete
full_N2000_K100_H200_w_ho_1p25_t0p05,1,Lbar,0.225491,30,30,synthetic_complete
full_N2000_K100_H200_w_ho_1p25_t0p05,2,Lbar,0.2252685,30,30,synthetic_complete
full_N2000_K100_H200_w_ho_1p25_t0p05,3,Lbar,0.22480866666666666,30,30,synthetic_complete
full_N2000_K100_H200_w_ho_1p25_t0p05,4,Lbar,0.225479,30,30,synthetic_complete
full_N2000_K100_H200_w_ho_1p25_t0p05,5,Lbar,0.22481266666666666,30,30,synthetic_complete
full_N2000_K100_H200_w_ho_1p25_t0p05,1,J_user,-0.6859755972222222,30,30,synthetic_complete
full_N2000_K100_H200_w_ho_1p25_t0p05,2,J_user,-0.6845801388888889,30,30,synthetic_complete
full_N2000_K100_H200_w_ho_1p25_t0p05,3,J_user,-0.6800190416666667,30,30,synthetic_complete
full_N2000_K100_H200_w_ho_1p25_t0p05,4,J_user,-0.6859726944444444,30,30,synthetic_complete
full_N2000_K100_H200_w_ho_1p25_t0p05,5,J_user,-0.6819850138888889,30,30,synthetic_complete
full_N2000_K100_H200_w_ho_1p25_t0p05,1,J_network,-68.59755972222223,30,30,synthetic_complete
full_N2000_K100_H200_w_ho_1p25_t0p05,2,J_network,-68.45801388888889,30,30,synthetic_complete
full_N2000_K100_H200_w_ho_1p25_t0p05,3,J_network,-68.00190416666666,30,30,synthetic_complete
full_N2000_K100_H200_w_ho_1p25_t0p05,4,J_network,-68.59726944444445,30,30,synthetic_complete
full_N2000_K100_H200_w_ho_1p25_t0p05,5,J_network,-68.19850138888889,30,30,synthetic_complete
full_N2000_K100_H200_w_ho_1p5_t0p05,1,outage_percent,0.6315000000000001,30,30,synthetic_complete
full_N2000_K100_H200_w_ho_1p5_t0p05,2,outage_percent,0.6966666666666667,30,30,synthetic_complete
full_N2000_K100_H200_w_ho_1p5_t0p05,3,outage_percent,0.9541666666666667,30,30,synthetic_complete
full_N2000_K100_H200_w_ho_1p5_t0p05,4,outage_percent,0.8473333333333334,30,30,synthetic_complete
full_N2000_K100_H200_w_ho_1p5_t0p05,5,outage_percent,0.7391666666666666,30,30,synthetic_complete
full_N2000_K100_H200_w_ho_1p5_t0p05,1,hof_percent,0.6330081296676808,30,30,synthetic_complete
full_N2000_K100_H200_w_ho_1p5_t0p05,2,hof_percent,0.6936682148598511,30,30,synthetic_complete
full_N2000_K100_H200_w_ho_1p5_t0p05,3,hof_percent,0.9496921081568005,30,30,synthetic_complete
full_N2000_K100_H200_w_ho_1p5_t0p05,4,hof_percent,0.8574550862374426,30,30,synthetic_complete
full_N2000_K100_H200_w_ho_1p5_t0p05,5,hof_percent,0.7391141635105525,30,30,synthetic_complete
full_N2000_K100_H200_w_ho_1p5_t0p05,1,pp_percent,0.09494949494949495,30,30,synthetic_complete
full_N2000_K100_H200_w_ho_1p5_t0p05,2,pp_percent,0.10168350168350168,30,30,synthetic_complete
full_N2000_K100_H200_w_ho_1p5_t0p05,3,pp_percent,0.13080808080808082,30,30,synthetic_complete
full_N2000_K100_H200_w_ho_1p5_t0p05,4,pp_percent,0.11734006734006734,30,30,synthetic_complete
full_N2000_K100_H200_w_ho_1p5_t0p05,5,pp_percent,0.10673400673400674,30,30,synthetic_complete
full_N2000_K100_H200_w_ho_1p5_t0p05,1,tp_Mbps,202.78036,30,30,synthetic_complete
full_N2000_K100_H200_w_ho_1p5_t0p05,2,tp_Mbps,202.076655,30,30,synthetic_complete
full_N2000_K100_H200_w_ho_1p5_t0p05,3,tp_Mbps,199.94076666666666,30,30,synthetic_complete
full_N2000_K100_H200_w_ho_1p5_t0p05,4,tp_Mbps,200.78634166666666,30,30,synthetic_complete
full_N2000_K100_H200_w_ho_1p5_t0p05,5,tp_Mbps,201.69286333333332,30,30,synthetic_complete
full_N2000_K100_H200_w_ho_1p5_t0p05,1,served_p5tp_Mbps,60.25333333333334,30,30,synthetic_complete
full_N2000_K100_H200_w_ho_1p5_t0p05,2,served_p5tp_Mbps,59.3716666666668,30,30,synthetic_complete
full_N2000_K100_H200_w_ho_1p5_t0p05,3,served_p5tp_Mbps,58.91000000000019,30,30,synthetic_complete
full_N2000_K100_H200_w_ho_1p5_t0p05,4,served_p5tp_Mbps,57.230000000000004,30,30,synthetic_complete
full_N2000_K100_H200_w_ho_1p5_t0p05,5,served_p5tp_Mbps,60.21666666666667,30,30,synthetic_complete
full_N2000_K100_H200_w_ho_1p5_t0p05,1,peak_normalized,0.6017491630070266,30,30,synthetic_complete
full_N2000_K100_H200_w_ho_1p5_t0p05,2,peak_normalized,0.608216491294418,30,30,synthetic_complete
full_N2000_K100_H200_w_ho_1p5_t0p05,3,peak_normalized,0.6030118972579753,30,30,synthetic_complete
full_N2000_K100_H200_w_ho_1p5_t0p05,4,peak_normalized,0.6106308388216185,30,30,synthetic_complete
full_N2000_K100_H200_w_ho_1p5_t0p05,5,peak_normalized,0.606772242892516,30,30,synthetic_complete
full_N2000_K100_H200_w_ho_1p5_t0p05,1,active_load_variance,0.008935204328354512,30,30,synthetic_complete
full_N2000_K100_H200_w_ho_1p5_t0p05,2,active_load_variance,0.00892179836542836,30,30,synthetic_complete
full_N2000_K100_H200_w_ho_1p5_t0p05,3,active_load_variance,0.008855653641170753,30,30,synthetic_complete
full_N2000_K100_H200_w_ho_1p5_t0p05,4,active_load_variance,0.008861961357979693,30,30,synthetic_complete
full_N2000_K100_H200_w_ho_1p5_t0p05,5,active_load_variance,0.008904757929508492,30,30,synthetic_complete
full_N2000_K100_H200_w_ho_1p5_t0p05,1,mse_user_vector,0.014469296965099437,30,30,synthetic_complete
full_N2000_K100_H200_w_ho_1p5_t0p05,2,mse_user_vector,0.01508547516322968,30,30,synthetic_complete
full_N2000_K100_H200_w_ho_1p5_t0p05,3,mse_user_vector,0.0172020335800735,30,30,synthetic_complete
full_N2000_K100_H200_w_ho_1p5_t0p05,4,mse_user_vector,0.01648306410121624,30,30,synthetic_complete
full_N2000_K100_H200_w_ho_1p5_t0p05,5,mse_user_vector,0.01567209885770871,30,30,synthetic_complete
full_N2000_K100_H200_w_ho_1p5_t0p05,1,persistence_mse_user_vector,0.012886666666666668,30,30,synthetic_complete
full_N2000_K100_H200_w_ho_1p5_t0p05,2,persistence_mse_user_vector,0.013203333333333334,30,30,synthetic_complete
full_N2000_K100_H200_w_ho_1p5_t0p05,3,persistence_mse_user_vector,0.015123333333333336,30,30,synthetic_complete
full_N2000_K100_H200_w_ho_1p5_t0p05,4,persistence_mse_user_vector,0.014423333333333335,30,30,synthetic_complete
full_N2000_K100_H200_w_ho_1p5_t0p05,5,persistence_mse_user_vector,0.013743333333333335,30,30,synthetic_complete
full_N2000_K100_H200_w_ho_1p5_t0p05,1,Cbar,0.018156166666666668,30,30,synthetic_complete
full_N2000_K100_H200_w_ho_1p5_t0p05,2,Cbar,0.0188485,30,30,synthetic_complete
full_N2000_K100_H200_w_ho_1p5_t0p05,3,Cbar,0.020928833333333334,30,30,synthetic_complete
full_N2000_K100_H200_w_ho_1p5_t0p05,4,Cbar,0.020118999999999998,30,30,synthetic_complete
full_N2000_K100_H200_w_ho_1p5_t0p05,5,Cbar,0.019241166666666667,30,30,synthetic_complete
full_N2000_K100_H200_w_ho_1p5_t0p05,1,Lbar,0.22624283333333334,30,30,synthetic_complete
full_N2000_K100_H200_w_ho_1p5_t0p05,2,Lbar,0.22591366666666665,30,30,synthetic_complete
full_N2000_K100_H200_w_ho_1p5_t0p05,3,Lbar,0.22437583333333333,30,30,synthetic_complete
full_N2000_K100_H200_w_ho_1p5_t0p05,4,Lbar,0.22498033333333334,30,30,synthetic_complete
full_N2000_K100_H200_w_ho_1p5_t0p05,5,Lbar,0.2256925,30,30,synthetic_complete
full_N2000_K100_H200_w_ho_1p5_t0p05,1,J_user,-0.686604625,30,30,synthetic_complete
full_N2000_K100_H200_w_ho_1p5_t0p05,2,J_user,-0.6800595208333333,30,30,synthetic_complete
full_N2000_K100_H200_w_ho_1p5_t0p05,3,J_user,-0.6574936527777778,30,30,synthetic_complete
full_N2000_K100_H200_w_ho_1p5_t0p05,4,J_user,-0.6666636736111111,30,30,synthetic_complete
full_N2000_K100_H200_w_ho_1p5_t0p05,5,J_user,-0.6761514722222223,30,30,synthetic_complete
full_N2000_K100_H200_w_ho_1p5_t0p05,1,J_network,-68.6604625,30,30,synthetic_complete
full_N2000_K100_H200_w_ho_1p5_t0p05,2,J_network,-68.00595208333334,30,30,synthetic_complete
full_N2000_K100_H200_w_ho_1p5_t0p05,3,J_network,-65.74936527777778,30,30,synthetic_complete
full_N2000_K100_H200_w_ho_1p5_t0p05,4,J_network,-66.66636736111111,30,30,synthetic_complete
full_N2000_K100_H200_w_ho_1p5_t0p05,5,J_network,-67.61514722222222,30,30,synthetic_complete
full_N2000_K100_H200_w_load_0p5_t0p05,1,outage_percent,0.6111666666666666,30,30,synthetic_complete
full_N2000_K100_H200_w_load_0p5_t0p05,2,outage_percent,0.5033333333333333,30,30,synthetic_complete
full_N2000_K100_H200_w_load_0p5_t0p05,3,outage_percent,0.5755,30,30,synthetic_complete
full_N2000_K100_H200_w_load_0p5_t0p05,4,outage_percent,0.5411666666666667,30,30,synthetic_complete
full_N2000_K100_H200_w_load_0p5_t0p05,5,outage_percent,0.647,30,30,synthetic_complete
full_N2000_K100_H200_w_load_0p5_t0p05,1,hof_percent,0.6122014570120787,30,30,synthetic_complete
full_N2000_K100_H200_w_load_0p5_t0p05,2,hof_percent,0.5040454641954457,30,30,synthetic_complete
full_N2000_K100_H200_w_load_0p5_t0p05,3,hof_percent,0.584341269509384,30,30,synthetic_complete
full_N2000_K100_H200_w_load_0p5_t0p05,4,hof_percent,0.546146869641148,30,30,synthetic_complete
full_N2000_K100_H200_w_load_0p5_t0p05,5,hof_percent,0.6442891166955516,30,30,synthetic_complete
full_N2000_K100_H200_w_load_0p5_t0p05,1,pp_percent,0.13636363636363635,30,30,synthetic_complete
full_N2000_K100_H200_w_load_0p5_t0p05,2,pp_percent,0.11548821548821549,30,30,synthetic_complete
full_N2000_K100_H200_w_load_0p5_t0p05,3,pp_percent,0.1313131313131313,30,30,synthetic_complete
full_N2000_K100_H200_w_load_0p5_t0p05,4,pp_percent,0.12390572390572391,30,30,synthetic_complete
full_N2000_K100_H200_w_load_0p5_t0p05,5,pp_percent,0.14074074074074075,30,30,synthetic_complete
full_N2000_K100_H200_w_load_0p5_t0p05,1,tp_Mbps,203.13153666666668,30,30,synthetic_complete
full_N2000_K100_H200_w_load_0p5_t0p05,2,tp_Mbps,204.38108833333334,30,30,synthetic_complete
full_N2000_K100_H200_w_load_0p5_t0p05,3,tp_Mbps,203.47931333333332,30,30,synthetic_complete
full_N2000_K100_H200_w_load_0p5_t0p05,4,tp_Mbps,203.87334333333334,30,30,synthetic_complete
full_N2000_K100_H200_w_load_0p5_t0p05,5,tp_Mbps,202.74617333333333,30,30,synthetic_complete
full_N2000_K100_H200_w_load_0p5_t0p05,1,served_p5tp_Mbps,60.111666666666665,30,30,synthetic_complete
full_N2000_K100_H200_w_load_0p5_t0p05,2,served_p5tp_Mbps,59.99833333333346,30,30,synthetic_complete
full_N2000_K100_H200_w_load_0p5_t0p05,3,served_p5tp_Mbps,59.78166666666692,30,30,synthetic_complete
full_N2000_K100_H200_w_load_0p5_t0p05,4,served_p5tp_Mbps,60.11666666666667,30,30,synthetic_complete
full_N2000_K100_H200_w_load_0p5_t0p05,5,served_p5tp_Mbps,59.981666666666676,30,30,synthetic_complete
full_N2000_K100_H200_w_load_0p5_t0p05,1,peak_normalized,0.6357248049916591,30,30,synthetic_complete
full_N2000_K100_H200_w_load_0p5_t0p05,2,peak_normalized,0.6367012683944202,30,30,synthetic_complete
full_N2000_K100_H200_w_load_0p5_t0p05,3,peak_normalized,0.6376187273874409,30,30,synthetic_complete
full_N2000_K100_H200_w_load_0p5_t0p05,4,peak_normalized,0.6354794965187256,30,30,synthetic_complete
full_N2000_K100_H200_w_load_0p5_t0p05,5,peak_normalized,0.639346606973839,30,30,synthetic_complete
full_N2000_K100_H200_w_load_0p5_t0p05,1,active_load_variance,0.010013397607278441,30,30,synthetic_complete
full_N2000_K100_H200_w_load_0p5_t0p05,2,active_load_variance,0.009988662455368617,30,30,synthetic_complete
full_N2000_K100_H200_w_load_0p5_t0p05,3,active_load_variance,0.010029752392378005,30,30,synthetic_complete
full_N2000_K100_H200_w_load_0p5_t0p05,4,active_load_variance,0.010001620647761864,30,30,synthetic_complete
full_N2000_K100_H200_w_load_0p5_t0p05,5,active_load_variance,0.009937014223896954,30,30,synthetic_complete
full_N2000_K100_H200_w_load_0p5_t0p05,1,mse_user_vector,0.017829411310817098,30,30,synthetic_complete
full_N2000_K100_H200_w_load_0p5_t0p05,2,mse_user_vector,0.016369059994955623,30,30,synthetic_complete
full_N2000_K100_H200_w_load_0p5_t0p05,3,mse_user_vector,0.01691302168877604,30,30,synthetic_complete
full_N2000_K100_H200_w_load_0p5_t0p05,4,mse_user_vector,0.016192171588489013,30,30,synthetic_complete
full_N2000_K100_H200_w_load_0p5_t0p05,5,mse_user_vector,0.018002548486736956,30,30,synthetic_complete
full_N2000_K100_H200_w_load_0p5_t0p05,1,persistence_mse_user_vector,0.015620000000000002,30,30,synthetic_complete
full_N2000_K100_H200_w_load_0p5_t0p05,2,persistence_mse_user_vector,0.014383333333333335,30,30,synthetic_complete
full_N2000_K100_H200_w_load_0p5_t0p05,3,persistence_mse_user_vector,0.015120000000000001,30,30,synthetic_complete
full_N2000_K100_H200_w_load_0p5_t0p05,4,persistence_mse_user_vector,0.01471,30,30,synthetic_complete
full_N2000_K100_H200_w_load_0p5_t0p05,5,persistence_mse_user_vector,0.016333333333333335,30,30,synthetic_complete
full_N2000_K100_H200_w_load_0p5_t0p05,1,Cbar,0.02129,30,30,synthetic_complete
full_N2000_K100_H200_w_load_0p5_t0p05,2,Cbar,0.019964333333333334,30,30,synthetic_complete
full_N2000_K100_H200_w_load_0p5_t0p05,3,Cbar,0.020934666666666667,30,30,synthetic_complete
full_N2000_K100_H200_w_load_0p5_t0p05,4,Cbar,0.0205235,30,30,synthetic_complete
full_N2000_K100_H200_w_load_0p5_t0p05,5,Cbar,0.0217545,30,30,synthetic_complete
full_N2000_K100_H200_w_load_0p5_t0p05,1,Lbar,0.23817983333333334,30,30,synthetic_complete
full_N2000_K100_H200_w_load_0p5_t0p05,2,Lbar,0.23843833333333334,30,30,synthetic_complete
full_N2000_K100_H200_w_load_0p5_t0p05,3,Lbar,0.23834716666666667,30,30,synthetic_complete
full_N2000_K100_H200_w_load_0p5_t0p05,4,Lbar,0.23830016666666667,30,30,synthetic_complete
full_N2000_K100_H200_w_load_0p5_t0p05,5,Lbar,0.23748166666666667,30,30,synthetic_complete
full_N2000_K100_H200_w_load_0p5_t0p05,1,J_user,-0.7456331111111111,30,30,synthetic_complete
full_N2000_K100_H200_w_load_0p5_t0p05,2,J_user,-0.7568294513888889,30,30,synthetic_complete
full_N2000_K100_H200_w_load_0p5_t0p05,3,J_user,-0.7490013472222222,30,30,synthetic_complete
full_N2000_K100_H200_w_load_0p5_t0p05,4,J_user,-0.7525771388888889,30,30,synthetic_complete
full_N2000_K100_H200_w_load_0p5_t0p05,5,J_user,-0.7421780555555555,30,30,synthetic_complete
full_N2000_K100_H200_w_load_0p5_t0p05,1,J_network,-74.56331111111112,30,30,synthetic_complete
full_N2000_K100_H200_w_load_0p5_t0p05,2,J_network,-75.68294513888888,30,30,synthetic_complete
full_N2000_K100_H200_w_load_0p5_t0p05,3,J_network,-74.90013472222222,30,30,synthetic_complete
full_N2000_K100_H200_w_load_0p5_t0p05,4,J_network,-75.25771388888889,30,30,synthetic_complete
full_N2000_K100_H200_w_load_0p5_t0p05,5,J_network,-74.21780555555556,30,30,synthetic_complete
full_N2000_K100_H200_w_load_0p75_t0p05,1,outage_percent,0.5296666666666666,30,30,synthetic_complete
full_N2000_K100_H200_w_load_0p75_t0p05,2,outage_percent,0.6701666666666667,30,30,synthetic_complete
full_N2000_K100_H200_w_load_0p75_t0p05,3,outage_percent,0.716,30,30,synthetic_complete
full_N2000_K100_H200_w_load_0p75_t0p05,4,outage_percent,0.6543333333333333,30,30,synthetic_complete
full_N2000_K100_H200_w_load_0p75_t0p05,5,outage_percent,0.52,30,30,synthetic_complete
full_N2000_K100_H200_w_load_0p75_t0p05,1,hof_percent,0.5434029739418338,30,30,synthetic_complete
full_N2000_K100_H200_w_load_0p75_t0p05,2,hof_percent,0.6718791545041097,30,30,synthetic_complete
full_N2000_K100_H200_w_load_0p75_t0p05,3,hof_percent,0.7127869530884248,30,30,synthetic_complete
full_N2000_K100_H200_w_load_0p75_t0p05,4,hof_percent,0.6595485374958969,30,30,synthetic_complete
full_N2000_K100_H200_w_load_0p75_t0p05,5,hof_percent,0.5316626675231753,30,30,synthetic_complete
full_N2000_K100_H200_w_load_0p75_t0p05,1,pp_percent,0.13855218855218857,30,30,synthetic_complete
full_N2000_K100_H200_w_load_0p75_t0p05,2,pp_percent,0.15757575757575756,30,30,synthetic_complete
full_N2000_K100_H200_w_load_0p75_t0p05,3,pp_percent,0.16582491582491582,30,30,synthetic_complete
full_N2000_K100_H200_w_load_0p75_t0p05,4,pp_percent,0.15656565656565657,30,30,synthetic_complete
full_N2000_K100_H200_w_load_0p75_t0p05,5,pp_percent,0.13686868686868686,30,30,synthetic_complete
full_N2000_K100_H200_w_load_0p75_t0p05,1,tp_Mbps,203.69549,30,30,synthetic_complete
full_N2000_K100_H200_w_load_0p75_t0p05,2,tp_Mbps,202.18789166666667,30,30,synthetic_complete
full_N2000_K100_H200_w_load_0p75_t0p05,3,tp_Mbps,201.74541666666667,30,30,synthetic_complete
full_N2000_K100_H200_w_load_0p75_t0p05,4,tp_Mbps,202.35813666666667,30,30,synthetic_complete
full_N2000_K100_H200_w_load_0p75_t0p05,5,tp_Mbps,203.82493333333332,30,30,synthetic_complete
full_N2000_K100_H200_w_load_0p75_t0p05,1,served_p5tp_Mbps,59.95166666666667,30,30,synthetic_complete
full_N2000_K100_H200_w_load_0p75_t0p05,2,served_p5tp_Mbps,59.72166666666692,30,30,synthetic_complete
full_N2000_K100_H200_w_load_0p75_t0p05,3,served_p5tp_Mbps,59.96666666666667,30,30,synthetic_complete
full_N2000_K100_H200_w_load_0p75_t0p05,4,served_p5tp_Mbps,59.905,30,30,synthetic_complete
full_N2000_K100_H200_w_load_0p75_t0p05,5,served_p5tp_Mbps,59.09500000000013,30,30,synthetic_complete
full_N2000_K100_H200_w_load_0p75_t0p05,1,peak_normalized,0.6175293089483048,30,30,synthetic_complete
full_N2000_K100_H200_w_load_0p75_t0p05,2,peak_normalized,0.599070058235938,30,30,synthetic_complete
full_N2000_K100_H200_w_load_0p75_t0p05,3,peak_normalized,0.6032865739301025,30,30,synthetic_complete
full_N2000_K100_H200_w_load_0p75_t0p05,4,peak_normalized,0.5977928222484259,30,30,synthetic_complete
full_N2000_K100_H200_w_load_0p75_t0p05,5,peak_normalized,0.6153518054725544,30,30,synthetic_complete
full_N2000_K100_H200_w_load_0p75_t0p05,1,active_load_variance,0.009506472404827547,30,30,synthetic_complete
full_N2000_K100_H200_w_load_0p75_t0p05,2,active_load_variance,0.00938744410031033,30,30,synthetic_complete
full_N2000_K100_H200_w_load_0p75_t0p05,3,active_load_variance,0.00936133733150842,30,30,synthetic_complete
full_N2000_K100_H200_w_load_0p75_t0p05,4,active_load_variance,0.009385896595491926,30,30,synthetic_complete
full_N2000_K100_H200_w_load_0p75_t0p05,5,active_load_variance,0.00953425613879537,30,30,synthetic_complete
full_N2000_K100_H200_w_load_0p75_t0p05,1,mse_user_vector,0.017570716080851947,30,30,synthetic_complete
full_N2000_K100_H200_w_load_0p75_t0p05,2,mse_user_vector,0.018856858245970658,30,30,synthetic_complete
full_N2000_K100_H200_w_load_0p75_t0p05,3,mse_user_vector,0.018580095885857732,30,30,synthetic_complete
full_N2000_K100_H200_w_load_0p75_t0p05,4,mse_user_vector,0.0177474846607177,30,30,synthetic_complete
full_N2000_K100_H200_w_load_0p75_t0p05,5,mse_user_vector,0.01640346212407057,30,30,synthetic_complete
full_N2000_K100_H200_w_load_0p75_t0p05,1,persistence_mse_user_vector,0.015106666666666668,30,30,synthetic_complete
full_N2000_K100_H200_w_load_0p75_t0p05,2,persistence_mse_user_vector,0.016790000000000003,30,30,synthetic_complete
full_N2000_K100_H200_w_load_0p75_t0p05,3,persistence_mse_user_vector,0.017230000000000002,30,30,synthetic_complete
full_N2000_K100_H200_w_load_0p75_t0p05,4,persistence_mse_user_vector,0.01649666666666667,30,30,synthetic_complete
full_N2000_K100_H200_w_load_0p75_t0p05,5,persistence_mse_user_vector,0.01484,30,30,synthetic_complete
full_N2000_K100_H200_w_load_0p75_t0p05,1,Cbar,0.021500333333333333,30,30,synthetic_complete
full_N2000_K100_H200_w_load_0p75_t0p05,2,Cbar,0.023283166666666667,30,30,synthetic_complete
full_N2000_K100_H200_w_load_0p75_t0p05,3,Cbar,0.023813666666666667,30,30,synthetic_complete
full_N2000_K100_H200_w_load_0p75_t0p05,4,Cbar,0.023073166666666665,30,30,synthetic_complete
full_N2000_K100_H200_w_load_0p75_t0p05,5,Cbar,0.021344166666666668,30,30,synthetic_complete
full_N2000_K100_H200_w_load_0p75_t0p05,1,Lbar,0.23287466666666667,30,30,synthetic_complete
full_N2000_K100_H200_w_load_0p75_t0p05,2,Lbar,0.2318315,30,30,synthetic_complete
full_N2000_K100_H200_w_load_0p75_t0p05,3,Lbar,0.23160466666666668,30,30,synthetic_complete
full_N2000_K100_H200_w_load_0p75_t0p05,4,Lbar,0.23181633333333332,30,30,synthetic_complete
full_N2000_K100_H200_w_load_0p75_t0p05,5,Lbar,0.233076,30,30,synthetic_complete
full_N2000_K100_H200_w_load_0p75_t0p05,1,J_user,-0.7241697083333334,30,30,synthetic_complete
full_N2000_K100_H200_w_load_0p75_t0p05,2,J_user,-0.7103628194444445,30,30,synthetic_complete
full_N2000_K100_H200_w_load_0p75_t0p05,3,J_user,-0.7060473194444444,30,30,synthetic_complete
full_N2000_K100_H200_w_load_0p75_t0p05,4,J_user,-0.7119745277777778,30,30,synthetic_complete
full_N2000_K100_H200_w_load_0p75_t0p05,5,J_user,-0.7251949722222222,30,30,synthetic_complete
full_N2000_K100_H200_w_load_0p75_t0p05,1,J_network,-72.41697083333334,30,30,synthetic_complete
full_N2000_K100_H200_w_load_0p75_t0p05,2,J_network,-71.03628194444444,30,30,synthetic_complete
full_N2000_K100_H200_w_load_0p75_t0p05,3,J_network,-70.60473194444444,30,30,synthetic_complete
full_N2000_K100_H200_w_load_0p75_t0p05,4,J_network,-71.19745277777778,30,30,synthetic_complete
full_N2000_K100_H200_w_load_0p75_t0p05,5,J_network,-72.51949722222223,30,30,synthetic_complete
full_N2000_K100_H200_w_load_1p25_t0p05,1,outage_percent,0.6318333333333334,30,30,synthetic_complete
full_N2000_K100_H200_w_load_1p25_t0p05,2,outage_percent,0.686,30,30,synthetic_complete
full_N2000_K100_H200_w_load_1p25_t0p05,3,outage_percent,0.7083333333333334,30,30,synthetic_complete
full_N2000_K100_H200_w_load_1p25_t0p05,4,outage_percent,0.5838333333333333,30,30,synthetic_complete
full_N2000_K100_H200_w_load_1p25_t0p05,5,outage_percent,0.6281666666666667,30,30,synthetic_complete
full_N2000_K100_H200_w_load_1p25_t0p05,1,hof_percent,0.6291208326216131,30,30,synthetic_complete
full_N2000_K100_H200_w_load_1p25_t0p05,2,hof_percent,0.682258884210887,30,30,synthetic_complete
full_N2000_K100_H200_w_load_1p25_t0p05,3,hof_percent,0.7099397675989074,30,30,synthetic_complete
full_N2000_K100_H200_w_load_1p25_t0p05,4,hof_percent,0.5893459014475042,30,30,synthetic_complete
full_N2000_K100_H200_w_load_1p25_t0p05,5,hof_percent,0.6301411109137334,30,30,synthetic_complete
full_N2000_K100_H200_w_load_1p25_t0p05,1,pp_percent,0.18838383838383838,30,30,synthetic_complete
full_N2000_K100_H200_w_load_1p25_t0p05,2,pp_percent,0.1983164983164983,30,30,synthetic_complete
full_N2000_K100_H200_w_load_1p25_t0p05,3,pp_percent,0.20134680134680136,30,30,synthetic_complete
full_N2000_K100_H200_w_load_1p25_t0p05,4,pp_percent,0.17676767676767677,30,30,synthetic_complete
full_N2000_K100_H200_w_load_1p25_t0p05,5,pp_percent,0.18771043771043772,30,30,synthetic_complete
full_N2000_K100_H200_w_load_1p25_t0p05,1,tp_Mbps,202.04135166666666,30,30,synthetic_complete
full_N2000_K100_H200_w_load_1p25_t0p05,2,tp_Mbps,201.45326666666668,30,30,synthetic_complete
full_N2000_K100_H200_w_load_1p25_t0p05,3,tp_Mbps,201.23413333333332,30,30,synthetic_complete
full_N2000_K100_H200_w_load_1p25_t0p05,4,tp_Mbps,202.53875666666667,30,30,synthetic_complete
full_N2000_K100_H200_w_load_1p25_t0p05,5,tp_Mbps,202.07646166666666,30,30,synthetic_complete
full_N2000_K100_H200_w_load_1p25_t0p05,1,served_p5tp_Mbps,60.11666666666667,30,30,synthetic_complete
full_N2000_K100_H200_w_load_1p25_t0p05,2,served_p5tp_Mbps,59.18833333333346,30,30,synthetic_complete
full_N2000_K100_H200_w_load_1p25_t0p05,3,served_p5tp_Mbps,58.52333333333346,30,30,synthetic_complete
full_N2000_K100_H200_w_load_1p25_t0p05,4,served_p5tp_Mbps,60.14,30,30,synthetic_complete
full_N2000_K100_H200_w_load_1p25_t0p05,5,served_p5tp_Mbps,60.11833333333333,30,30,synthetic_complete
full_N2000_K100_H200_w_load_1p25_t0p05,1,peak_normalized,0.5749422506417753,30,30,synthetic_complete
full_N2000_K100_H200_w_load_1p25_t0p05,2,peak_normalized,0.5798721295713938,30,30,synthetic_complete
full_N2000_K100_H200_w_load_1p25_t0p05,3,peak_normalized,0.5796230362886768,30,30,synthetic_complete
full_N2000_K100_H200_w_load_1p25_t0p05,4,peak_normalized,0.5723984237395727,30,30,synthetic_complete
full_N2000_K100_H200_w_load_1p25_t0p05,5,peak_normalized,0.5749422506417753,30,30,synthetic_complete
full_N2000_K100_H200_w_load_1p25_t0p05,1,active_load_variance,0.008203883287782269,30,30,synthetic_complete
full_N2000_K100_H200_w_load_1p25_t0p05,2,active_load_variance,0.008217689637775165,30,30,synthetic_complete
full_N2000_K100_H200_w_load_1p25_t0p05,3,active_load_variance,0.008204634982483658,30,30,synthetic_complete
full_N2000_K100_H200_w_load_1p25_t0p05,4,active_load_variance,0.008202875858877589,30,30,synthetic_complete
full_N2000_K100_H200_w_load_1p25_t0p05,5,active_load_variance,0.008206872759434054,30,30,synthetic_complete
full_N2000_K100_H200_w_load_1p25_t0p05,1,mse_user_vector,0.018445662499915062,30,30,synthetic_complete
full_N2000_K100_H200_w_load_1p25_t0p05,2,mse_user_vector,0.01913582392404844,30,30,synthetic_complete
full_N2000_K100_H200_w_load_1p25_t0p05,3,mse_user_vector,0.019415751749546708,30,30,synthetic_complete
full_N2000_K100_H200_w_load_1p25_t0p05,4,mse_user_vector,0.018360487759643093,30,30,synthetic_complete
full_N2000_K100_H200_w_load_1p25_t0p05,5,mse_user_vector,0.01837170666740808,30,30,synthetic_complete
full_N2000_K100_H200_w_load_1p25_t0p05,1,persistence_mse_user_vector,0.016826666666666667,30,30,synthetic_complete
full_N2000_K100_H200_w_load_1p25_t0p05,2,persistence_mse_user_vector,0.017396666666666668,30,30,synthetic_complete
full_N2000_K100_H200_w_load_1p25_t0p05,3,persistence_mse_user_vector,0.017646666666666668,30,30,synthetic_complete
full_N2000_K100_H200_w_load_1p25_t0p05,4,persistence_mse_user_vector,0.01650666666666667,30,30,synthetic_complete
full_N2000_K100_H200_w_load_1p25_t0p05,5,persistence_mse_user_vector,0.016763333333333335,30,30,synthetic_complete
full_N2000_K100_H200_w_load_1p25_t0p05,1,Cbar,0.025458166666666667,30,30,synthetic_complete
full_N2000_K100_H200_w_load_1p25_t0p05,2,Cbar,0.026239666666666665,30,30,synthetic_complete
full_N2000_K100_H200_w_load_1p25_t0p05,3,Cbar,0.026539166666666666,30,30,synthetic_complete
full_N2000_K100_H200_w_load_1p25_t0p05,4,Cbar,0.024789,30,30,synthetic_complete
full_N2000_K100_H200_w_load_1p25_t0p05,5,Cbar,0.025413833333333333,30,30,synthetic_complete
full_N2000_K100_H200_w_load_1p25_t0p05,1,Lbar,0.21862616666666668,30,30,synthetic_complete
full_N2000_K100_H200_w_load_1p25_t0p05,2,Lbar,0.218636,30,30,synthetic_complete
full_N2000_K100_H200_w_load_1p25_t0p05,3,Lbar,0.218462,30,30,synthetic_complete
full_N2000_K100_H200_w_load_1p25_t0p05,4,Lbar,0.21881883333333332,30,30,synthetic_complete
full_N2000_K100_H200_w_load_1p25_t0p05,5,Lbar,0.21863583333333333,30,30,synthetic_complete
full_N2000_K100_H200_w_load_1p25_t0p05,1,J_user,-0.6608768611111111,30,30,synthetic_complete
full_N2000_K100_H200_w_load_1p25_t0p05,2,J_user,-0.6553212777777778,30,30,synthetic_complete
full_N2000_K100_H200_w_load_1p25_t0p05,3,J_user,-0.6532505555555556,30,30,synthetic_complete
full_N2000_K100_H200_w_load_1p25_t0p05,4,J_user,-0.6655635486111111,30,30,synthetic_complete
full_N2000_K100_H200_w_load_1p25_t0p05,5,J_user,-0.6612226111111111,30,30,synthetic_complete
full_N2000_K100_H200_w_load_1p25_t0p05,1,J_network,-66.08768611111111,30,30,synthetic_complete
full_N2000_K100_H200_w_load_1p25_t0p05,2,J_network,-65.53212777777777,30,30,synthetic_complete
full_N2000_K100_H200_w_load_1p25_t0p05,3,J_network,-65.32505555555555,30,30,synthetic_complete
full_N2000_K100_H200_w_load_1p25_t0p05,4,J_network,-66.55635486111112,30,30,synthetic_complete
full_N2000_K100_H200_w_load_1p25_t0p05,5,J_network,-66.12226111111111,30,30,synthetic_complete
full_N2000_K100_H200_w_load_1p5_t0p05,1,outage_percent,0.5641666666666667,30,30,synthetic_complete
full_N2000_K100_H200_w_load_1p5_t0p05,2,outage_percent,0.6218333333333333,30,30,synthetic_complete
full_N2000_K100_H200_w_load_1p5_t0p05,3,outage_percent,0.5308333333333334,30,30,synthetic_complete
full_N2000_K100_H200_w_load_1p5_t0p05,4,outage_percent,0.5558333333333333,30,30,synthetic_complete
full_N2000_K100_H200_w_load_1p5_t0p05,5,outage_percent,0.6651666666666667,30,30,synthetic_complete
full_N2000_K100_H200_w_load_1p5_t0p05,1,hof_percent,0.5706909065864919,30,30,synthetic_complete
full_N2000_K100_H200_w_load_1p5_t0p05,2,hof_percent,0.6315195873828664,30,30,synthetic_complete
full_N2000_K100_H200_w_load_1p5_t0p05,3,hof_percent,0.5467878591488875,30,30,synthetic_complete
full_N2000_K100_H200_w_load_1p5_t0p05,4,hof_percent,0.5666932092041038,30,30,synthetic_complete
full_N2000_K100_H200_w_load_1p5_t0p05,5,hof_percent,0.6691262324909935,30,30,synthetic_complete
full_N2000_K100_H200_w_load_1p5_t0p05,1,pp_percent,0.1951178451178451,30,30,synthetic_complete
full_N2000_K100_H200_w_load_1p5_t0p05,2,pp_percent,0.2047138047138047,30,30,synthetic_complete
full_N2000_K100_H200_w_load_1p5_t0p05,3,pp_percent,0.18821548821548822,30,30,synthetic_complete
full_N2000_K100_H200_w_load_1p5_t0p05,4,pp_percent,0.1930976430976431,30,30,synthetic_complete
full_N2000_K100_H200_w_load_1p5_t0p05,5,pp_percent,0.21632996632996634,30,30,synthetic_complete
full_N2000_K100_H200_w_load_1p5_t0p05,1,tp_Mbps,202.41694666666666,30,30,synthetic_complete
full_N2000_K100_H200_w_load_1p5_t0p05,2,tp_Mbps,201.83316666666667,30,30,synthetic_complete
full_N2000_K100_H200_w_load_1p5_t0p05,3,tp_Mbps,202.81769666666668,30,30,synthetic_complete
full_N2000_K100_H200_w_load_1p5_t0p05,4,tp_Mbps,202.519635,30,30,synthetic_complete
full_N2000_K100_H200_w_load_1p5_t0p05,5,tp_Mbps,201.35038,30,30,synthetic_complete
full_N2000_K100_H200_w_load_1p5_t0p05,1,served_p5tp_Mbps,60.006666666666675,30,30,synthetic_complete
full_N2000_K100_H200_w_load_1p5_t0p05,2,served_p5tp_Mbps,60.056666666666665,30,30,synthetic_complete
full_N2000_K100_H200_w_load_1p5_t0p05,3,served_p5tp_Mbps,60.03833333333334,30,30,synthetic_complete
full_N2000_K100_H200_w_load_1p5_t0p05,4,served_p5tp_Mbps,60.045,30,30,synthetic_complete
full_N2000_K100_H200_w_load_1p5_t0p05,5,served_p5tp_Mbps,60.00000000000001,30,30,synthetic_complete
full_N2000_K100_H200_w_load_1p5_t0p05,1,peak_normalized,0.5726242765205456,30,30,synthetic_complete
full_N2000_K100_H200_w_load_1p5_t0p05,2,peak_normalized,0.5744380712727114,30,30,synthetic_complete
full_N2000_K100_H200_w_load_1p5_t0p05,3,peak_normalized,0.5751381190510565,30,30,synthetic_complete
full_N2000_K100_H200_w_load_1p5_t0p05,4,peak_normalized,0.570257475388178,30,30,synthetic_complete
full_N2000_K100_H200_w_load_1p5_t0p05,5,peak_normalized,0.5757883674819902,30,30,synthetic_complete
full_N2000_K100_H200_w_load_1p5_t0p05,1,active_load_variance,0.00779741682625607,30,30,synthetic_complete
full_N2000_K100_H200_w_load_1p5_t0p05,2,active_load_variance,0.007777870492241533,30,30,synthetic_complete
full_N2000_K100_H200_w_load_1p5_t0p05,3,active_load_variance,0.007768505025505718,30,30,synthetic_complete
full_N2000_K100_H200_w_load_1p5_t0p05,4,active_load_variance,0.0077701128295722035,30,30,synthetic_complete
full_N2000_K100_H200_w_load_1p5_t0p05,5,active_load_variance,0.007786900303405805,30,30,synthetic_complete
full_N2000_K100_H200_w_load_1p5_t0p05,1,mse_user_vector,0.017387988632899882,30,30,synthetic_complete
full_N2000_K100_H200_w_load_1p5_t0p05,2,mse_user_vector,0.0177024844908949,30,30,synthetic_complete
full_N2000_K100_H200_w_load_1p5_t0p05,3,mse_user_vector,0.016729390269651145,30,30,synthetic_complete
full_N2000_K100_H200_w_load_1p5_t0p05,4,mse_user_vector,0.017237054957155037,30,30,synthetic_complete
full_N2000_K100_H200_w_load_1p5_t0p05,5,mse_user_vector,0.018937985911566566,30,30,synthetic_complete
full_N2000_K100_H200_w_load_1p5_t0p05,1,persistence_mse_user_vector,0.015686666666666668,30,30,synthetic_complete
full_N2000_K100_H200_w_load_1p5_t0p05,2,persistence_mse_user_vector,0.01645,30,30,synthetic_complete
full_N2000_K100_H200_w_load_1p5_t0p05,3,persistence_mse_user_vector,0.015233333333333335,30,30,synthetic_complete
full_N2000_K100_H200_w_load_1p5_t0p05,4,persistence_mse_user_vector,0.015563333333333335,30,30,synthetic_complete
full_N2000_K100_H200_w_load_1p5_t0p05,5,persistence_mse_user_vector,0.01692,30,30,synthetic_complete
full_N2000_K100_H200_w_load_1p5_t0p05,1,Cbar,0.025922833333333332,30,30,synthetic_complete
full_N2000_K100_H200_w_load_1p5_t0p05,2,Cbar,0.02671583333333333,30,30,synthetic_complete
full_N2000_K100_H200_w_load_1p5_t0p05,3,Cbar,0.025396833333333334,30,30,synthetic_complete
full_N2000_K100_H200_w_load_1p5_t0p05,4,Cbar,0.025797333333333332,30,30,synthetic_complete
full_N2000_K100_H200_w_load_1p5_t0p05,5,Cbar,0.02739933333333333,30,30,synthetic_complete
full_N2000_K100_H200_w_load_1p5_t0p05,1,Lbar,0.21350883333333334,30,30,synthetic_complete
full_N2000_K100_H200_w_load_1p5_t0p05,2,Lbar,0.2131775,30,30,synthetic_complete
full_N2000_K100_H200_w_load_1p5_t0p05,3,Lbar,0.2134085,30,30,synthetic_complete
full_N2000_K100_H200_w_load_1p5_t0p05,4,Lbar,0.21334983333333332,30,30,synthetic_complete
full_N2000_K100_H200_w_load_1p5_t0p05,5,Lbar,0.21321116666666667,30,30,synthetic_complete
full_N2000_K100_H200_w_load_1p5_t0p05,1,J_user,-0.6421025694444444,30,30,synthetic_complete
full_N2000_K100_H200_w_load_1p5_t0p05,2,J_user,-0.6366388194444444,30,30,synthetic_complete
full_N2000_K100_H200_w_load_1p5_t0p05,3,J_user,-0.6457772777777778,30,30,synthetic_complete
full_N2000_K100_H200_w_load_1p5_t0p05,4,J_user,-0.6431291041666667,30,30,synthetic_complete
full_N2000_K100_H200_w_load_1p5_t0p05,5,J_user,-0.6320935416666666,30,30,synthetic_complete
full_N2000_K100_H200_w_load_1p5_t0p05,1,J_network,-64.21025694444444,30,30,synthetic_complete
full_N2000_K100_H200_w_load_1p5_t0p05,2,J_network,-63.66388194444445,30,30,synthetic_complete
full_N2000_K100_H200_w_load_1p5_t0p05,3,J_network,-64.57772777777778,30,30,synthetic_complete
full_N2000_K100_H200_w_load_1p5_t0p05,4,J_network,-64.31291041666667,30,30,synthetic_complete
full_N2000_K100_H200_w_load_1p5_t0p05,5,J_network,-63.209354166666664,30,30,synthetic_complete
full_N2000_K100_H200_w_rate_0p5_t0p05,1,outage_percent,0.6841666666666667,30,30,synthetic_complete
full_N2000_K100_H200_w_rate_0p5_t0p05,2,outage_percent,0.5985,30,30,synthetic_complete
full_N2000_K100_H200_w_rate_0p5_t0p05,3,outage_percent,0.6631666666666667,30,30,synthetic_complete
full_N2000_K100_H200_w_rate_0p5_t0p05,4,outage_percent,0.625,30,30,synthetic_complete
full_N2000_K100_H200_w_rate_0p5_t0p05,5,outage_percent,0.7103333333333334,30,30,synthetic_complete
full_N2000_K100_H200_w_rate_0p5_t0p05,1,hof_percent,0.6765869400110243,30,30,synthetic_complete
full_N2000_K100_H200_w_rate_0p5_t0p05,2,hof_percent,0.6047639711896567,30,30,synthetic_complete
full_N2000_K100_H200_w_rate_0p5_t0p05,3,hof_percent,0.6618219762571952,30,30,synthetic_complete
full_N2000_K100_H200_w_rate_0p5_t0p05,4,hof_percent,0.631915494281589,30,30,synthetic_complete
full_N2000_K100_H200_w_rate_0p5_t0p05,5,hof_percent,0.7090090061048313,30,30,synthetic_complete
full_N2000_K100_H200_w_rate_0p5_t0p05,1,pp_percent,0.17777777777777778,30,30,synthetic_complete
full_N2000_K100_H200_w_rate_0p5_t0p05,2,pp_percent,0.1595959595959596,30,30,synthetic_complete
full_N2000_K100_H200_w_rate_0p5_t0p05,3,pp_percent,0.17323232323232324,30,30,synthetic_complete
full_N2000_K100_H200_w_rate_0p5_t0p05,4,pp_percent,0.16565656565656567,30,30,synthetic_complete
full_N2000_K100_H200_w_rate_0p5_t0p05,5,pp_percent,0.1846801346801347,30,30,synthetic_complete
full_N2000_K100_H200_w_rate_0p5_t0p05,1,tp_Mbps,200.09816,30,30,synthetic_complete
full_N2000_K100_H200_w_rate_0p5_t0p05,2,tp_Mbps,201.01495333333332,30,30,synthetic_complete
full_N2000_K100_H200_w_rate_0p5_t0p05,3,tp_Mbps,200.312415,30,30,synthetic_complete
full_N2000_K100_H200_w_rate_0p5_t0p05,4,tp_Mbps,200.73502166666665,30,30,synthetic_complete
full_N2000_K100_H200_w_rate_0p5_t0p05,5,tp_Mbps,199.83132666666666,30,30,synthetic_complete
full_N2000_K100_H200_w_rate_0p5_t0p05,1,served_p5tp_Mbps,59.156666666666794,30,30,synthetic_complete
full_N2000_K100_H200_w_rate_0p5_t0p05,2,served_p5tp_Mbps,60.03666666666667,30,30,synthetic_complete
full_N2000_K100_H200_w_rate_0p5_t0p05,3,served_p5tp_Mbps,59.97,30,30,synthetic_complete
full_N2000_K100_H200_w_rate_0p5_t0p05,4,served_p5tp_Mbps,60.01833333333334,30,30,synthetic_complete
full_N2000_K100_H200_w_rate_0p5_t0p05,5,served_p5tp_Mbps,58.47500000000013,30,30,synthetic_complete
full_N2000_K100_H200_w_rate_0p5_t0p05,1,peak_normalized,0.5738371633422608,30,30,synthetic_complete
full_N2000_K100_H200_w_rate_0p5_t0p05,2,peak_normalized,0.5773445216403498,30,30,synthetic_complete
full_N2000_K100_H200_w_rate_0p5_t0p05,3,peak_normalized,0.5799074112971884,30,30,synthetic_complete
full_N2000_K100_H200_w_rate_0p5_t0p05,4,peak_normalized,0.5768935841704373,30,30,synthetic_complete
full_N2000_K100_H200_w_rate_0p5_t0p05,5,peak_normalized,0.5753126593610922,30,30,synthetic_complete
full_N2000_K100_H200_w_rate_0p5_t0p05,1,active_load_variance,0.00819577825349401,30,30,synthetic_complete
full_N2000_K100_H200_w_rate_0p5_t0p05,2,active_load_variance,0.008196346012034863,30,30,synthetic_complete
full_N2000_K100_H200_w_rate_0p5_t0p05,3,active_load_variance,0.00819062407140704,30,30,synthetic_complete
full_N2000_K100_H200_w_rate_0p5_t0p05,4,active_load_variance,0.008197908409989865,30,30,synthetic_complete
full_N2000_K100_H200_w_rate_0p5_t0p05,5,active_load_variance,0.008191531569055133,30,30,synthetic_complete
full_N2000_K100_H200_w_rate_0p5_t0p05,1,mse_user_vector,0.01836974663573114,30,30,synthetic_complete
full_N2000_K100_H200_w_rate_0p5_t0p05,2,mse_user_vector,0.017113632045131024,30,30,synthetic_complete
full_N2000_K100_H200_w_rate_0p5_t0p05,3,mse_user_vector,0.01813641132001951,30,30,synthetic_complete
full_N2000_K100_H200_w_rate_0p5_t0p05,4,mse_user_vector,0.017674002643822365,30,30,synthetic_complete
full_N2000_K100_H200_w_rate_0p5_t0p05,5,mse_user_vector,0.018568358727127136,30,30,synthetic_complete
full_N2000_K100_H200_w_rate_0p5_t0p05,1,persistence_mse_user_vector,0.016643333333333336,30,30,synthetic_complete
full_N2000_K100_H200_w_rate_0p5_t0p05,2,persistence_mse_user_vector,0.015173333333333334,30,30,synthetic_complete
full_N2000_K100_H200_w_rate_0p5_t0p05,3,persistence_mse_user_vector,0.016200000000000003,30,30,synthetic_complete
full_N2000_K100_H200_w_rate_0p5_t0p05,4,persistence_mse_user_vector,0.015723333333333336,30,30,synthetic_complete
full_N2000_K100_H200_w_rate_0p5_t0p05,5,persistence_mse_user_vector,0.01693,30,30,synthetic_complete
full_N2000_K100_H200_w_rate_0p5_t0p05,1,Cbar,0.02479783333333333,30,30,synthetic_complete
full_N2000_K100_H200_w_rate_0p5_t0p05,2,Cbar,0.023630833333333334,30,30,synthetic_complete
full_N2000_K100_H200_w_rate_0p5_t0p05,3,Cbar,0.024508166666666668,30,30,synthetic_complete
full_N2000_K100_H200_w_rate_0p5_t0p05,4,Cbar,0.023968166666666665,30,30,synthetic_complete
full_N2000_K100_H200_w_rate_0p5_t0p05,5,Cbar,0.025166166666666667,30,30,synthetic_complete
full_N2000_K100_H200_w_rate_0p5_t0p05,1,Lbar,0.21847183333333334,30,30,synthetic_complete
full_N2000_K100_H200_w_rate_0p5_t0p05,2,Lbar,0.21865383333333333,30,30,synthetic_complete
full_N2000_K100_H200_w_rate_0p5_t0p05,3,Lbar,0.21851916666666668,30,30,synthetic_complete
full_N2000_K100_H200_w_rate_0p5_t0p05,4,Lbar,0.218597,30,30,synthetic_complete
full_N2000_K100_H200_w_rate_0p5_t0p05,5,Lbar,0.21829033333333334,30,30,synthetic_complete
full_N2000_K100_H200_w_rate_0p5_t0p05,1,J_user,-0.261028,30,30,synthetic_complete
full_N2000_K100_H200_w_rate_0p5_t0p05,2,J_user,-0.26771381944444445,30,30,synthetic_complete
full_N2000_K100_H200_w_rate_0p5_t0p05,3,J_user,-0.26264553125,30,30,synthetic_complete
full_N2000_K100_H200_w_rate_0p5_t0p05,4,J_user,-0.2656653784722222,30,30,synthetic_complete
full_N2000_K100_H200_w_rate_0p5_t0p05,5,J_user,-0.2590703472222222,30,30,synthetic_complete
full_N2000_K100_H200_w_rate_0p5_t0p05,1,J_network,-26.102800000000002,30,30,synthetic_complete
full_N2000_K100_H200_w_rate_0p5_t0p05,2,J_network,-26.771381944444446,30,30,synthetic_complete
full_N2000_K100_H200_w_rate_0p5_t0p05,3,J_network,-26.264553125,30,30,synthetic_complete
full_N2000_K100_H200_w_rate_0p5_t0p05,4,J_network,-26.56653784722222,30,30,synthetic_complete
full_N2000_K100_H200_w_rate_0p5_t0p05,5,J_network,-25.907034722222225,30,30,synthetic_complete
full_N2000_K100_H200_w_rate_0p75_t0p05,1,outage_percent,0.6358333333333334,30,30,synthetic_complete
full_N2000_K100_H200_w_rate_0p75_t0p05,2,outage_percent,0.7076666666666667,30,30,synthetic_complete
full_N2000_K100_H200_w_rate_0p75_t0p05,3,outage_percent,0.5371666666666667,30,30,synthetic_complete
full_N2000_K100_H200_w_rate_0p75_t0p05,4,outage_percent,0.5808333333333333,30,30,synthetic_complete
full_N2000_K100_H200_w_rate_0p75_t0p05,5,outage_percent,0.7706666666666667,30,30,synthetic_complete
full_N2000_K100_H200_w_rate_0p75_t0p05,1,hof_percent,0.629468065035498,30,30,synthetic_complete
full_N2000_K100_H200_w_rate_0p75_t0p05,2,hof_percent,0.7030636326545889,30,30,synthetic_complete
full_N2000_K100_H200_w_rate_0p75_t0p05,3,hof_percent,0.5560537560749029,30,30,synthetic_complete
full_N2000_K100_H200_w_rate_0p75_t0p05,4,hof_percent,0.5899025442959581,30,30,synthetic_complete
full_N2000_K100_H200_w_rate_0p75_t0p05,5,hof_percent,0.7763548706508561,30,30,synthetic_complete
full_N2000_K100_H200_w_rate_0p75_t0p05,1,pp_percent,0.17003367003367004,30,30,synthetic_complete
full_N2000_K100_H200_w_rate_0p75_t0p05,2,pp_percent,0.18602693602693604,30,30,synthetic_complete
full_N2000_K100_H200_w_rate_0p75_t0p05,3,pp_percent,0.15336700336700337,30,30,synthetic_complete
full_N2000_K100_H200_w_rate_0p75_t0p05,4,pp_percent,0.1589225589225589,30,30,synthetic_complete
full_N2000_K100_H200_w_rate_0p75_t0p05,5,pp_percent,0.1968013468013468,30,30,synthetic_complete
full_N2000_K100_H200_w_rate_0p75_t0p05,1,tp_Mbps,201.456105,30,30,synthetic_complete
full_N2000_K100_H200_w_rate_0p75_t0p05,2,tp_Mbps,200.70980166666666,30,30,synthetic_complete
full_N2000_K100_H200_w_rate_0p75_t0p05,3,tp_Mbps,202.50436166666668,30,30,synthetic_complete
full_N2000_K100_H200_w_rate_0p75_t0p05,4,tp_Mbps,202.02012,30,30,synthetic_complete
full_N2000_K100_H200_w_rate_0p75_t0p05,5,tp_Mbps,200.12093666666667,30,30,synthetic_complete
full_N2000_K100_H200_w_rate_0p75_t0p05,1,served_p5tp_Mbps,60.00833333333333,30,30,synthetic_complete
full_N2000_K100_H200_w_rate_0p75_t0p05,2,served_p5tp_Mbps,58.46000000000013,30,30,synthetic_complete
full_N2000_K100_H200_w_rate_0p75_t0p05,3,served_p5tp_Mbps,59.968333333333334,30,30,synthetic_complete
full_N2000_K100_H200_w_rate_0p75_t0p05,4,served_p5tp_Mbps,60.01833333333334,30,30,synthetic_complete
full_N2000_K100_H200_w_rate_0p75_t0p05,5,served_p5tp_Mbps,59.95333333333333,30,30,synthetic_complete
full_N2000_K100_H200_w_rate_0p75_t0p05,1,peak_normalized,0.569395847151216,30,30,synthetic_complete
full_N2000_K100_H200_w_rate_0p75_t0p05,2,peak_normalized,0.5618950799568296,30,30,synthetic_complete
full_N2000_K100_H200_w_rate_0p75_t0p05,3,peak_normalized,0.5816647454972063,30,30,synthetic_complete
full_N2000_K100_H200_w_rate_0p75_t0p05,4,peak_normalized,0.5776219612803282,30,30,synthetic_complete
full_N2000_K100_H200_w_rate_0p75_t0p05,5,peak_normalized,0.565405632431768,30,30,synthetic_complete
full_N2000_K100_H200_w_rate_0p75_t0p05,1,active_load_variance,0.00845844692113802,30,30,synthetic_complete
full_N2000_K100_H200_w_rate_0p75_t0p05,2,active_load_variance,0.008414312957969745,30,30,synthetic_complete
full_N2000_K100_H200_w_rate_0p75_t0p05,3,active_load_variance,0.008513001651701406,30,30,synthetic_complete
full_N2000_K100_H200_w_rate_0p75_t0p05,4,active_load_variance,0.00850665291122338,30,30,synthetic_complete
full_N2000_K100_H200_w_rate_0p75_t0p05,5,active_load_variance,0.008430775811813597,30,30,synthetic_complete
full_N2000_K100_H200_w_rate_0p75_t0p05,1,mse_user_vector,0.01812642592646686,30,30,synthetic_complete
full_N2000_K100_H200_w_rate_0p75_t0p05,2,mse_user_vector,0.018573290112260606,30,30,synthetic_complete
full_N2000_K100_H200_w_rate_0p75_t0p05,3,mse_user_vector,0.01622314410808862,30,30,synthetic_complete
full_N2000_K100_H200_w_rate_0p75_t0p05,4,mse_user_vector,0.01664920421449821,30,30,synthetic_complete
full_N2000_K100_H200_w_rate_0p75_t0p05,5,mse_user_vector,0.019278465359660865,30,30,synthetic_complete
full_N2000_K100_H200_w_rate_0p75_t0p05,1,persistence_mse_user_vector,0.01592,30,30,synthetic_complete
full_N2000_K100_H200_w_rate_0p75_t0p05,2,persistence_mse_user_vector,0.016900000000000002,30,30,synthetic_complete
full_N2000_K100_H200_w_rate_0p75_t0p05,3,persistence_mse_user_vector,0.014833333333333334,30,30,synthetic_complete
full_N2000_K100_H200_w_rate_0p75_t0p05,4,persistence_mse_user_vector,0.015256666666666667,30,30,synthetic_complete
full_N2000_K100_H200_w_rate_0p75_t0p05,5,persistence_mse_user_vector,0.017490000000000002,30,30,synthetic_complete
full_N2000_K100_H200_w_rate_0p75_t0p05,1,Cbar,0.024126666666666668,30,30,synthetic_complete
full_N2000_K100_H200_w_rate_0p75_t0p05,2,Cbar,0.025127833333333332,30,30,synthetic_complete
full_N2000_K100_H200_w_rate_0p75_t0p05,3,Cbar,0.022861833333333335,30,30,synthetic_complete
full_N2000_K100_H200_w_rate_0p75_t0p05,4,Cbar,0.0234255,30,30,synthetic_complete
full_N2000_K100_H200_w_rate_0p75_t0p05,5,Cbar,0.025854166666666664,30,30,synthetic_complete
full_N2000_K100_H200_w_rate_0p75_t0p05,1,Lbar,0.2215435,30,30,synthetic_complete
full_N2000_K100_H200_w_rate_0p75_t0p05,2,Lbar,0.221041,30,30,synthetic_complete
full_N2000_K100_H200_w_rate_0p75_t0p05,3,Lbar,0.22203383333333332,30,30,synthetic_complete
full_N2000_K100_H200_w_rate_0p75_t0p05,4,Lbar,0.2219825,30,30,synthetic_complete
full_N2000_K100_H200_w_rate_0p75_t0p05,5,Lbar,0.22101466666666666,30,30,synthetic_complete
full_N2000_K100_H200_w_rate_0p75_t0p05,1,J_user,-0.47492357812499997,30,30,synthetic_complete
full_N2000_K100_H200_w_rate_0p75_t0p05,2,J_user,-0.4687503802083333,30,30,synthetic_complete
full_N2000_K100_H200_w_rate_0p75_t0p05,3,J_user,-0.48351996354166665,30,30,synthetic_complete
full_N2000_K100_H200_w_rate_0p75_t0p05,4,J_user,-0.47956720833333333,30,30,synthetic_complete
full_N2000_K100_H200_w_rate_0p75_t0p05,5,J_user,-0.4634101770833333,30,30,synthetic_complete
full_N2000_K100_H200_w_rate_0p75_t0p05,1,J_network,-47.492357812499996,30,30,synthetic_complete
full_N2000_K100_H200_w_rate_0p75_t0p05,2,J_network,-46.87503802083334,30,30,synthetic_complete
full_N2000_K100_H200_w_rate_0p75_t0p05,3,J_network,-48.351996354166666,30,30,synthetic_complete
full_N2000_K100_H200_w_rate_0p75_t0p05,4,J_network,-47.956720833333335,30,30,synthetic_complete
full_N2000_K100_H200_w_rate_0p75_t0p05,5,J_network,-46.34101770833333,30,30,synthetic_complete
full_N2000_K100_H200_w_rate_1p25_t0p05,1,outage_percent,0.58,30,30,synthetic_complete
full_N2000_K100_H200_w_rate_1p25_t0p05,2,outage_percent,0.6035,30,30,synthetic_complete
full_N2000_K100_H200_w_rate_1p25_t0p05,3,outage_percent,0.5696666666666667,30,30,synthetic_complete
full_N2000_K100_H200_w_rate_1p25_t0p05,4,outage_percent,0.588,30,30,synthetic_complete
full_N2000_K100_H200_w_rate_1p25_t0p05,5,outage_percent,0.8856666666666667,30,30,synthetic_complete
full_N2000_K100_H200_w_rate_1p25_t0p05,1,hof_percent,0.5885809923154663,30,30,synthetic_complete
full_N2000_K100_H200_w_rate_1p25_t0p05,2,hof_percent,0.6050590764495356,30,30,synthetic_complete
full_N2000_K100_H200_w_rate_1p25_t0p05,3,hof_percent,0.5774259326242741,30,30,synthetic_complete
full_N2000_K100_H200_w_rate_1p25_t0p05,4,hof_percent,0.5988181494163677,30,30,synthetic_complete
full_N2000_K100_H200_w_rate_1p25_t0p05,5,hof_percent,0.9050141250376972,30,30,synthetic_complete
full_N2000_K100_H200_w_rate_1p25_t0p05,1,pp_percent,0.15841750841750843,30,30,synthetic_complete
full_N2000_K100_H200_w_rate_1p25_t0p05,2,pp_percent,0.16161616161616163,30,30,synthetic_complete
full_N2000_K100_H200_w_rate_1p25_t0p05,3,pp_percent,0.15707070707070708,30,30,synthetic_complete
full_N2000_K100_H200_w_rate_1p25_t0p05,4,pp_percent,0.1590909090909091,30,30,synthetic_complete
full_N2000_K100_H200_w_rate_1p25_t0p05,5,pp_percent,0.20993265993265994,30,30,synthetic_complete
full_N2000_K100_H200_w_rate_1p25_t0p05,1,tp_Mbps,203.70148666666665,30,30,synthetic_complete
full_N2000_K100_H200_w_rate_1p25_t0p05,2,tp_Mbps,203.48429166666668,30,30,synthetic_complete
full_N2000_K100_H200_w_rate_1p25_t0p05,3,tp_Mbps,203.80062833333332,30,30,synthetic_complete
full_N2000_K100_H200_w_rate_1p25_t0p05,4,tp_Mbps,203.62910666666667,30,30,synthetic_complete
full_N2000_K100_H200_w_rate_1p25_t0p05,5,tp_Mbps,200.87441666666666,30,30,synthetic_complete
full_N2000_K100_H200_w_rate_1p25_t0p05,1,served_p5tp_Mbps,60.205000000000005,30,30,synthetic_complete
full_N2000_K100_H200_w_rate_1p25_t0p05,2,served_p5tp_Mbps,60.166666666666664,30,30,synthetic_complete
full_N2000_K100_H200_w_rate_1p25_t0p05,3,served_p5tp_Mbps,60.09666666666667,30,30,synthetic_complete
full_N2000_K100_H200_w_rate_1p25_t0p05,4,served_p5tp_Mbps,60.19166666666668,30,30,synthetic_complete
full_N2000_K100_H200_w_rate_1p25_t0p05,5,served_p5tp_Mbps,60.01833333333334,30,30,synthetic_complete
full_N2000_K100_H200_w_rate_1p25_t0p05,1,peak_normalized,0.5907756841854315,30,30,synthetic_complete
full_N2000_K100_H200_w_rate_1p25_t0p05,2,peak_normalized,0.5827764357775701,30,30,synthetic_complete
full_N2000_K100_H200_w_rate_1p25_t0p05,3,peak_normalized,0.5916390230576468,30,30,synthetic_complete
full_N2000_K100_H200_w_rate_1p25_t0p05,4,peak_normalized,0.5849869303940713,30,30,synthetic_complete
full_N2000_K100_H200_w_rate_1p25_t0p05,5,peak_normalized,0.5918452986272931,30,30,synthetic_complete
full_N2000_K100_H200_w_rate_1p25_t0p05,1,active_load_variance,0.00906332325392895,30,30,synthetic_complete
full_N2000_K100_H200_w_rate_1p25_t0p05,2,active_load_variance,0.008999581649496007,30,30,synthetic_complete
full_N2000_K100_H200_w_rate_1p25_t0p05,3,active_load_variance,0.00908043079730427,30,30,synthetic_complete
full_N2000_K100_H200_w_rate_1p25_t0p05,4,active_load_variance,0.009031052443933794,30,30,synthetic_complete
full_N2000_K100_H200_w_rate_1p25_t0p05,5,active_load_variance,0.008992277757824766,30,30,synthetic_complete
full_N2000_K100_H200_w_rate_1p25_t0p05,1,mse_user_vector,0.017682941144399986,30,30,synthetic_complete
full_N2000_K100_H200_w_rate_1p25_t0p05,2,mse_user_vector,0.017319447141678393,30,30,synthetic_complete
full_N2000_K100_H200_w_rate_1p25_t0p05,3,mse_user_vector,0.01704847418907197,30,30,synthetic_complete
full_N2000_K100_H200_w_rate_1p25_t0p05,4,mse_user_vector,0.017442348642653316,30,30,synthetic_complete
full_N2000_K100_H200_w_rate_1p25_t0p05,5,mse_user_vector,0.021525184763367986,30,30,synthetic_complete
full_N2000_K100_H200_w_rate_1p25_t0p05,1,persistence_mse_user_vector,0.01576666666666667,30,30,synthetic_complete
full_N2000_K100_H200_w_rate_1p25_t0p05,2,persistence_mse_user_vector,0.015946666666666668,30,30,synthetic_complete
full_N2000_K100_H200_w_rate_1p25_t0p05,3,persistence_mse_user_vector,0.015696666666666668,30,30,synthetic_complete
full_N2000_K100_H200_w_rate_1p25_t0p05,4,persistence_mse_user_vector,0.0158,30,30,synthetic_complete
full_N2000_K100_H200_w_rate_1p25_t0p05,5,persistence_mse_user_vector,0.01959666666666667,30,30,synthetic_complete
full_N2000_K100_H200_w_rate_1p25_t0p05,1,Cbar,0.023399333333333334,30,30,synthetic_complete
full_N2000_K100_H200_w_rate_1p25_t0p05,2,Cbar,0.02366983333333333,30,30,synthetic_complete
full_N2000_K100_H200_w_rate_1p25_t0p05,3,Cbar,0.023269833333333333,30,30,synthetic_complete
full_N2000_K100_H200_w_rate_1p25_t0p05,4,Cbar,0.023496,30,30,synthetic_complete
full_N2000_K100_H200_w_rate_1p25_t0p05,5,Cbar,0.026980499999999998,30,30,synthetic_complete
full_N2000_K100_H200_w_rate_1p25_t0p05,1,Lbar,0.22853966666666667,30,30,synthetic_complete
full_N2000_K100_H200_w_rate_1p25_t0p05,2,Lbar,0.2279625,30,30,synthetic_complete
full_N2000_K100_H200_w_rate_1p25_t0p05,3,Lbar,0.22866033333333333,30,30,synthetic_complete
full_N2000_K100_H200_w_rate_1p25_t0p05,4,Lbar,0.228331,30,30,synthetic_complete
full_N2000_K100_H200_w_rate_1p25_t0p05,5,Lbar,0.22704366666666667,30,30,synthetic_complete
full_N2000_K100_H200_w_rate_1p25_t0p05,1,J_user,-0.9059757430555555,30,30,synthetic_complete
full_N2000_K100_H200_w_rate_1p25_t0p05,2,J_user,-0.9038228524305555,30,30,synthetic_complete
full_N2000_K100_H200_w_rate_1p25_t0p05,3,J_user,-0.9070131892361112,30,30,synthetic_complete
full_N2000_K100_H200_w_rate_1p25_t0p05,4,J_user,-0.9052547638888889,30,30,synthetic_complete
full_N2000_K100_H200_w_rate_1p25_t0p05,5,J_user,-0.8749255034722222,30,30,synthetic_complete
full_N2000_K100_H200_w_rate_1p25_t0p05,1,J_network,-90.59757430555555,30,30,synthetic_complete
full_N2000_K100_H200_w_rate_1p25_t0p05,2,J_network,-90.38228524305555,30,30,synthetic_complete
full_N2000_K100_H200_w_rate_1p25_t0p05,3,J_network,-90.70131892361111,30,30,synthetic_complete
full_N2000_K100_H200_w_rate_1p25_t0p05,4,J_network,-90.52547638888889,30,30,synthetic_complete
full_N2000_K100_H200_w_rate_1p25_t0p05,5,J_network,-87.49255034722222,30,30,synthetic_complete
full_N2000_K100_H200_w_rate_1p5_t0p05,1,outage_percent,0.6565,30,30,synthetic_complete
full_N2000_K100_H200_w_rate_1p5_t0p05,2,outage_percent,0.64,30,30,synthetic_complete
full_N2000_K100_H200_w_rate_1p5_t0p05,3,outage_percent,0.5596666666666666,30,30,synthetic_complete
full_N2000_K100_H200_w_rate_1p5_t0p05,4,outage_percent,0.731,30,30,synthetic_complete
full_N2000_K100_H200_w_rate_1p5_t0p05,5,outage_percent,0.4605,30,30,synthetic_complete
full_N2000_K100_H200_w_rate_1p5_t0p05,1,hof_percent,0.6543712843908185,30,30,synthetic_complete
full_N2000_K100_H200_w_rate_1p5_t0p05,2,hof_percent,0.6347888784715157,30,30,synthetic_complete
full_N2000_K100_H200_w_rate_1p5_t0p05,3,hof_percent,0.5699773978373713,30,30,synthetic_complete
full_N2000_K100_H200_w_rate_1p5_t0p05,4,hof_percent,0.7288919284083565,30,30,synthetic_complete
full_N2000_K100_H200_w_rate_1p5_t0p05,5,hof_percent,0.4606110919490677,30,30,synthetic_complete
full_N2000_K100_H200_w_rate_1p5_t0p05,1,pp_percent,0.17373737373737375,30,30,synthetic_complete
full_N2000_K100_H200_w_rate_1p5_t0p05,2,pp_percent,0.1717171717171717,30,30,synthetic_complete
full_N2000_K100_H200_w_rate_1p5_t0p05,3,pp_percent,0.1569023569023569,30,30,synthetic_complete
full_N2000_K100_H200_w_rate_1p5_t0p05,4,pp_percent,0.18888888888888888,30,30,synthetic_complete
full_N2000_K100_H200_w_rate_1p5_t0p05,5,pp_percent,0.13973063973063973,30,30,synthetic_complete
full_N2000_K100_H200_w_rate_1p5_t0p05,1,tp_Mbps,203.74026166666667,30,30,synthetic_complete
full_N2000_K100_H200_w_rate_1p5_t0p05,2,tp_Mbps,203.89891,30,30,synthetic_complete
full_N2000_K100_H200_w_rate_1p5_t0p05,3,tp_Mbps,204.74503833333333,30,30,synthetic_complete
full_N2000_K100_H200_w_rate_1p5_t0p05,4,tp_Mbps,203.002625,30,30,synthetic_complete
full_N2000_K100_H200_w_rate_1p5_t0p05,5,tp_Mbps,206.01340166666665,30,30,synthetic_complete
full_N2000_K100_H200_w_rate_1p5_t0p05,1,served_p5tp_Mbps,60.07166666666667,30,30,synthetic_complete
full_N2000_K100_H200_w_rate_1p5_t0p05,2,served_p5tp_Mbps,60.11166666666667,30,30,synthetic_complete
full_N2000_K100_H200_w_rate_1p5_t0p05,3,served_p5tp_Mbps,60.035000000000004,30,30,synthetic_complete
full_N2000_K100_H200_w_rate_1p5_t0p05,4,served_p5tp_Mbps,60.10666666666667,30,30,synthetic_complete
full_N2000_K100_H200_w_rate_1p5_t0p05,5,served_p5tp_Mbps,58.35666666666693,30,30,synthetic_complete
full_N2000_K100_H200_w_rate_1p5_t0p05,1,peak_normalized,0.5976530147535195,30,30,synthetic_complete
full_N2000_K100_H200_w_rate_1p5_t0p05,2,peak_normalized,0.5985555397357127,30,30,synthetic_complete
full_N2000_K100_H200_w_rate_1p5_t0p05,3,peak_normalized,0.6011578521029208,30,30,synthetic_complete
full_N2000_K100_H200_w_rate_1p5_t0p05,4,peak_normalized,0.6048456551501609,30,30,synthetic_complete
full_N2000_K100_H200_w_rate_1p5_t0p05,5,peak_normalized,0.6143858116626865,30,30,synthetic_complete
full_N2000_K100_H200_w_rate_1p5_t0p05,1,active_load_variance,0.00927670653918575,30,30,synthetic_complete
full_N2000_K100_H200_w_rate_1p5_t0p05,2,active_load_variance,0.009309973073461368,30,30,synthetic_complete
full_N2000_K100_H200_w_rate_1p5_t0p05,3,active_load_variance,0.009417146430251152,30,30,synthetic_complete
full_N2000_K100_H200_w_rate_1p5_t0p05,4,active_load_variance,0.009303670623125157,30,30,synthetic_complete
full_N2000_K100_H200_w_rate_1p5_t0p05,5,active_load_variance,0.009518589882970606,30,30,synthetic_complete
full_N2000_K100_H200_w_rate_1p5_t0p05,1,mse_user_vector,0.019847450656458265,30,30,synthetic_complete
full_N2000_K100_H200_w_rate_1p5_t0p05,2,mse_user_vector,0.019224827659148302,30,30,synthetic_complete
full_N2000_K100_H200_w_rate_1p5_t0p05,3,mse_user_vector,0.017947977904586715,30,30,synthetic_complete
full_N2000_K100_H200_w_rate_1p5_t0p05,4,mse_user_vector,0.019987887770658887,30,30,synthetic_complete
full_N2000_K100_H200_w_rate_1p5_t0p05,5,mse_user_vector,0.016676047168214653,30,30,synthetic_complete
full_N2000_K100_H200_w_rate_1p5_t0p05,1,persistence_mse_user_vector,0.017410000000000002,30,30,synthetic_complete
full_N2000_K100_H200_w_rate_1p5_t0p05,2,persistence_mse_user_vector,0.01717666666666667,30,30,synthetic_complete
full_N2000_K100_H200_w_rate_1p5_t0p05,3,persistence_mse_user_vector,0.016373333333333337,30,30,synthetic_complete
full_N2000_K100_H200_w_rate_1p5_t0p05,4,persistence_mse_user_vector,0.018803333333333335,30,30,synthetic_complete
full_N2000_K100_H200_w_rate_1p5_t0p05,5,persistence_mse_user_vector,0.015053333333333335,30,30,synthetic_complete
full_N2000_K100_H200_w_rate_1p5_t0p05,1,Cbar,0.02439,30,30,synthetic_complete
full_N2000_K100_H200_w_rate_1p5_t0p05,2,Cbar,0.024196666666666665,30,30,synthetic_complete
full_N2000_K100_H200_w_rate_1p5_t0p05,3,Cbar,0.023130666666666667,30,30,synthetic_complete
full_N2000_K100_H200_w_rate_1p5_t0p05,4,Cbar,0.025358,30,30,synthetic_complete
full_N2000_K100_H200_w_rate_1p5_t0p05,5,Cbar,0.021592,30,30,synthetic_complete
full_N2000_K100_H200_w_rate_1p5_t0p05,1,Lbar,0.23115816666666666,30,30,synthetic_complete
full_N2000_K100_H200_w_rate_1p5_t0p05,2,Lbar,0.231455,30,30,synthetic_complete
full_N2000_K100_H200_w_rate_1p5_t0p05,3,Lbar,0.232313,30,30,synthetic_complete
full_N2000_K100_H200_w_rate_1p5_t0p05,4,Lbar,0.23099533333333333,30,30,synthetic_complete
full_N2000_K100_H200_w_rate_1p5_t0p05,5,Lbar,0.23312616666666666,30,30,synthetic_complete
full_N2000_K100_H200_w_rate_1p5_t0p05,1,J_user,-1.1127775520833334,30,30,synthetic_complete
full_N2000_K100_H200_w_rate_1p5_t0p05,2,J_user,-1.1145423541666666,30,30,synthetic_complete
full_N2000_K100_H200_w_rate_1p5_t0p05,3,J_user,-1.1239513229166667,30,30,synthetic_complete
full_N2000_K100_H200_w_rate_1p5_t0p05,4,J_user,-1.1040397395833332,30,30,synthetic_complete
full_N2000_K100_H200_w_rate_1p5_t0p05,5,J_user,-1.1371996770833332,30,30,synthetic_complete
full_N2000_K100_H200_w_rate_1p5_t0p05,1,J_network,-111.27775520833333,30,30,synthetic_complete
full_N2000_K100_H200_w_rate_1p5_t0p05,2,J_network,-111.45423541666666,30,30,synthetic_complete
full_N2000_K100_H200_w_rate_1p5_t0p05,3,J_network,-112.39513229166667,30,30,synthetic_complete
full_N2000_K100_H200_w_rate_1p5_t0p05,4,J_network,-110.40397395833334,30,30,synthetic_complete
full_N2000_K100_H200_w_rate_1p5_t0p05,5,J_network,-113.71996770833333,30,30,synthetic_complete
