method_id,N_sat,K,H,training_seed,candidate_update,eligible,n_validation_episodes_expected,n_validation_episodes_observed,mean_validation_J_user,mean_validation_J_network,checkpoint_id,source_record
mlp213,500,100,800,1,1000,1,10,10,-0.5260956178141369,-52.609561781413696,synthetic://REF_ONLY_mlp213_N500_K100_H800_s1/positive_update_01000/NO_WEIGHTS,HYPOTHETICAL_REFERENCE_ONLY:04_selection/checkpoint_validation_detail.csv#method=mlp213;N=500;reference_repeat=1;update=1000;synthetic://REF_ONLY_mlp213_N500_K100_H800_s1/positive_update_01000/NO_WEIGHTS
mlp213,500,100,800,1,2000,1,10,10,-0.5349802053331683,-53.498020533316826,synthetic://REF_ONLY_mlp213_N500_K100_H800_s1/positive_update_02000/NO_WEIGHTS,HYPOTHETICAL_REFERENCE_ONLY:04_selection/checkpoint_validation_detail.csv#method=mlp213;N=500;reference_repeat=1;update=2000;synthetic://REF_ONLY_mlp213_N500_K100_H800_s1/positive_update_02000/NO_WEIGHTS
mlp213,500,100,800,1,3000,1,10,10,-0.5428082649160518,-54.28082649160518,synthetic://REF_ONLY_mlp213_N500_K100_H800_s1/positive_update_03000/NO_WEIGHTS,HYPOTHETICAL_REFERENCE_ONLY:04_selection/checkpoint_validation_detail.csv#method=mlp213;N=500;reference_repeat=1;update=3000;synthetic://REF_ONLY_mlp213_N500_K100_H800_s1/positive_update_03000/NO_WEIGHTS
mlp213,500,100,800,1,4000,1,10,10,-0.5414403813700992,-54.14403813700992,synthetic://REF_ONLY_mlp213_N500_K100_H800_s1/positive_update_04000/NO_WEIGHTS,HYPOTHETICAL_REFERENCE_ONLY:04_selection/checkpoint_validation_detail.csv#method=mlp213;N=500;reference_repeat=1;update=4000;synthetic://REF_ONLY_mlp213_N500_K100_H800_s1/positive_update_04000/NO_WEIGHTS
mlp213,500,100,800,1,5000,1,10,10,-0.5455703602856073,-54.55703602856074,synthetic://REF_ONLY_mlp213_N500_K100_H800_s1/positive_update_05000/NO_WEIGHTS,HYPOTHETICAL_REFERENCE_ONLY:04_selection/checkpoint_validation_detail.csv#method=mlp213;N=500;reference_repeat=1;update=5000;synthetic://REF_ONLY_mlp213_N500_K100_H800_s1/positive_update_05000/NO_WEIGHTS
mlp213,500,100,800,1,6000,1,10,10,-0.555459111871689,-55.5459111871689,synthetic://REF_ONLY_mlp213_N500_K100_H800_s1/positive_update_06000/NO_WEIGHTS,HYPOTHETICAL_REFERENCE_ONLY:04_selection/checkpoint_validation_detail.csv#method=mlp213;N=500;reference_repeat=1;update=6000;synthetic://REF_ONLY_mlp213_N500_K100_H800_s1/positive_update_06000/NO_WEIGHTS
mlp213,500,100,800,1,7000,1,10,10,-0.5757184470506093,-57.571844705060926,synthetic://REF_ONLY_mlp213_N500_K100_H800_s1/positive_update_07000/NO_WEIGHTS,HYPOTHETICAL_REFERENCE_ONLY:04_selection/checkpoint_validation_detail.csv#method=mlp213;N=500;reference_repeat=1;update=7000;synthetic://REF_ONLY_mlp213_N500_K100_H800_s1/positive_update_07000/NO_WEIGHTS
mlp213,500,100,800,1,8000,1,10,10,-0.5688540275087998,-56.885402750879976,synthetic://REF_ONLY_mlp213_N500_K100_H800_s1/positive_update_08000/NO_WEIGHTS,HYPOTHETICAL_REFERENCE_ONLY:04_selection/checkpoint_validation_detail.csv#method=mlp213;N=500;reference_repeat=1;update=8000;synthetic://REF_ONLY_mlp213_N500_K100_H800_s1/positive_update_08000/NO_WEIGHTS
mlp213,500,100,800,1,9000,1,10,10,-0.5662993792321845,-56.629937923218456,synthetic://REF_ONLY_mlp213_N500_K100_H800_s1/positive_update_09000/NO_WEIGHTS,HYPOTHETICAL_REFERENCE_ONLY:04_selection/checkpoint_validation_detail.csv#method=mlp213;N=500;reference_repeat=1;update=9000;synthetic://REF_ONLY_mlp213_N500_K100_H800_s1/positive_update_09000/NO_WEIGHTS
mlp213,500,100,800,1,10000,1,10,10,-0.565983563988708,-56.5983563988708,synthetic://REF_ONLY_mlp213_N500_K100_H800_s1/positive_update_10000/NO_WEIGHTS,HYPOTHETICAL_REFERENCE_ONLY:04_selection/checkpoint_validation_detail.csv#method=mlp213;N=500;reference_repeat=1;update=10000;synthetic://REF_ONLY_mlp213_N500_K100_H800_s1/positive_update_10000/NO_WEIGHTS
mlp213,500,100,800,1,11000,1,10,10,-0.5490133369025285,-54.901333690252855,synthetic://REF_ONLY_mlp213_N500_K100_H800_s1/positive_update_11000/NO_WEIGHTS,HYPOTHETICAL_REFERENCE_ONLY:04_selection/checkpoint_validation_detail.csv#method=mlp213;N=500;reference_repeat=1;update=11000;synthetic://REF_ONLY_mlp213_N500_K100_H800_s1/positive_update_11000/NO_WEIGHTS
mlp213,500,100,800,1,12000,1,10,10,-0.5437450405308052,-54.37450405308052,synthetic://REF_ONLY_mlp213_N500_K100_H800_s1/positive_update_12000/NO_WEIGHTS,HYPOTHETICAL_REFERENCE_ONLY:04_selection/checkpoint_validation_detail.csv#method=mlp213;N=500;reference_repeat=1;update=12000;synthetic://REF_ONLY_mlp213_N500_K100_H800_s1/positive_update_12000/NO_WEIGHTS
mlp213,500,100,800,1,13000,1,10,10,-0.5505705912011322,-55.057059120113216,synthetic://REF_ONLY_mlp213_N500_K100_H800_s1/positive_update_13000/NO_WEIGHTS,HYPOTHETICAL_REFERENCE_ONLY:04_selection/checkpoint_validation_detail.csv#method=mlp213;N=500;reference_repeat=1;update=13000;synthetic://REF_ONLY_mlp213_N500_K100_H800_s1/positive_update_13000/NO_WEIGHTS
mlp213,500,100,800,1,14000,1,10,10,-0.5522769367515636,-55.22769367515637,synthetic://REF_ONLY_mlp213_N500_K100_H800_s1/positive_update_14000/NO_WEIGHTS,HYPOTHETICAL_REFERENCE_ONLY:04_selection/checkpoint_validation_detail.csv#method=mlp213;N=500;reference_repeat=1;update=14000;synthetic://REF_ONLY_mlp213_N500_K100_H800_s1/positive_update_14000/NO_WEIGHTS
mlp213,500,100,800,1,15000,1,10,10,-0.5623943051469269,-56.23943051469269,synthetic://REF_ONLY_mlp213_N500_K100_H800_s1/positive_update_15000/NO_WEIGHTS,HYPOTHETICAL_REFERENCE_ONLY:04_selection/checkpoint_validation_detail.csv#method=mlp213;N=500;reference_repeat=1;update=15000;synthetic://REF_ONLY_mlp213_N500_K100_H800_s1/positive_update_15000/NO_WEIGHTS
mlp213,500,100,800,1,16000,1,10,10,-0.5703850794608092,-57.03850794608092,synthetic://REF_ONLY_mlp213_N500_K100_H800_s1/positive_update_16000/NO_WEIGHTS,HYPOTHETICAL_REFERENCE_ONLY:04_selection/checkpoint_validation_detail.csv#method=mlp213;N=500;reference_repeat=1;update=16000;synthetic://REF_ONLY_mlp213_N500_K100_H800_s1/positive_update_16000/NO_WEIGHTS
mlp213,500,100,800,1,17000,1,10,10,-0.5751143516089948,-57.51143516089948,synthetic://REF_ONLY_mlp213_N500_K100_H800_s1/positive_update_17000/NO_WEIGHTS,HYPOTHETICAL_REFERENCE_ONLY:04_selection/checkpoint_validation_detail.csv#method=mlp213;N=500;reference_repeat=1;update=17000;synthetic://REF_ONLY_mlp213_N500_K100_H800_s1/positive_update_17000/NO_WEIGHTS
mlp213,500,100,800,1,18000,1,10,10,-0.5766290543538346,-57.66290543538346,synthetic://REF_ONLY_mlp213_N500_K100_H800_s1/positive_update_18000/NO_WEIGHTS,HYPOTHETICAL_REFERENCE_ONLY:04_selection/checkpoint_validation_detail.csv#method=mlp213;N=500;reference_repeat=1;update=18000;synthetic://REF_ONLY_mlp213_N500_K100_H800_s1/positive_update_18000/NO_WEIGHTS
mlp213,500,100,800,1,19000,1,10,10,-0.5865844639073646,-58.658446390736465,synthetic://REF_ONLY_mlp213_N500_K100_H800_s1/positive_update_19000/NO_WEIGHTS,HYPOTHETICAL_REFERENCE_ONLY:04_selection/checkpoint_validation_detail.csv#method=mlp213;N=500;reference_repeat=1;update=19000;synthetic://REF_ONLY_mlp213_N500_K100_H800_s1/positive_update_19000/NO_WEIGHTS
mlp213,500,100,800,1,20000,1,10,10,-0.6050644658417909,-60.50644658417909,synthetic://REF_ONLY_mlp213_N500_K100_H800_s1/positive_update_20000/NO_WEIGHTS,HYPOTHETICAL_REFERENCE_ONLY:04_selection/checkpoint_validation_detail.csv#method=mlp213;N=500;reference_repeat=1;update=20000;synthetic://REF_ONLY_mlp213_N500_K100_H800_s1/positive_update_20000/NO_WEIGHTS
mlp213,500,100,800,2,1000,1,10,10,-0.42935974754004086,-42.935974754004086,synthetic://REF_ONLY_mlp213_N500_K100_H800_s2/positive_update_01000/NO_WEIGHTS,HYPOTHETICAL_REFERENCE_ONLY:04_selection/checkpoint_validation_detail.csv#method=mlp213;N=500;reference_repeat=2;update=1000;synthetic://REF_ONLY_mlp213_N500_K100_H800_s2/positive_update_01000/NO_WEIGHTS
mlp213,500,100,800,2,2000,1,10,10,-0.44418550346809754,-44.41855034680975,synthetic://REF_ONLY_mlp213_N500_K100_H800_s2/positive_update_02000/NO_WEIGHTS,HYPOTHETICAL_REFERENCE_ONLY:04_selection/checkpoint_validation_detail.csv#method=mlp213;N=500;reference_repeat=2;update=2000;synthetic://REF_ONLY_mlp213_N500_K100_H800_s2/positive_update_02000/NO_WEIGHTS
mlp213,500,100,800,2,3000,1,10,10,-0.45418816530115685,-45.418816530115684,synthetic://REF_ONLY_mlp213_N500_K100_H800_s2/positive_update_03000/NO_WEIGHTS,HYPOTHETICAL_REFERENCE_ONLY:04_selection/checkpoint_validation_detail.csv#method=mlp213;N=500;reference_repeat=2;update=3000;synthetic://REF_ONLY_mlp213_N500_K100_H800_s2/positive_update_03000/NO_WEIGHTS
mlp213,500,100,800,2,4000,1,10,10,-0.4547981777367067,-45.479817773670675,synthetic://REF_ONLY_mlp213_N500_K100_H800_s2/positive_update_04000/NO_WEIGHTS,HYPOTHETICAL_REFERENCE_ONLY:04_selection/checkpoint_validation_detail.csv#method=mlp213;N=500;reference_repeat=2;update=4000;synthetic://REF_ONLY_mlp213_N500_K100_H800_s2/positive_update_04000/NO_WEIGHTS
mlp213,500,100,800,2,5000,1,10,10,-0.462576026375569,-46.2576026375569,synthetic://REF_ONLY_mlp213_N500_K100_H800_s2/positive_update_05000/NO_WEIGHTS,HYPOTHETICAL_REFERENCE_ONLY:04_selection/checkpoint_validation_detail.csv#method=mlp213;N=500;reference_repeat=2;update=5000;synthetic://REF_ONLY_mlp213_N500_K100_H800_s2/positive_update_05000/NO_WEIGHTS
mlp213,500,100,800,2,6000,1,10,10,-0.4734410299158374,-47.34410299158374,synthetic://REF_ONLY_mlp213_N500_K100_H800_s2/positive_update_06000/NO_WEIGHTS,HYPOTHETICAL_REFERENCE_ONLY:04_selection/checkpoint_validation_detail.csv#method=mlp213;N=500;reference_repeat=2;update=6000;synthetic://REF_ONLY_mlp213_N500_K100_H800_s2/positive_update_06000/NO_WEIGHTS
mlp213,500,100,800,2,7000,1,10,10,-0.4763856704317519,-47.638567043175186,synthetic://REF_ONLY_mlp213_N500_K100_H800_s2/positive_update_07000/NO_WEIGHTS,HYPOTHETICAL_REFERENCE_ONLY:04_selection/checkpoint_validation_detail.csv#method=mlp213;N=500;reference_repeat=2;update=7000;synthetic://REF_ONLY_mlp213_N500_K100_H800_s2/positive_update_07000/NO_WEIGHTS
mlp213,500,100,800,2,8000,1,10,10,-0.47284196266531964,-47.284196266531964,synthetic://REF_ONLY_mlp213_N500_K100_H800_s2/positive_update_08000/NO_WEIGHTS,HYPOTHETICAL_REFERENCE_ONLY:04_selection/checkpoint_validation_detail.csv#method=mlp213;N=500;reference_repeat=2;update=8000;synthetic://REF_ONLY_mlp213_N500_K100_H800_s2/positive_update_08000/NO_WEIGHTS
mlp213,500,100,800,2,9000,1,10,10,-0.4825811494827496,-48.25811494827496,synthetic://REF_ONLY_mlp213_N500_K100_H800_s2/positive_update_09000/NO_WEIGHTS,HYPOTHETICAL_REFERENCE_ONLY:04_selection/checkpoint_validation_detail.csv#method=mlp213;N=500;reference_repeat=2;update=9000;synthetic://REF_ONLY_mlp213_N500_K100_H800_s2/positive_update_09000/NO_WEIGHTS
mlp213,500,100,800,2,10000,1,10,10,-0.49002960104783305,-49.002960104783305,synthetic://REF_ONLY_mlp213_N500_K100_H800_s2/positive_update_10000/NO_WEIGHTS,HYPOTHETICAL_REFERENCE_ONLY:04_selection/checkpoint_validation_detail.csv#method=mlp213;N=500;reference_repeat=2;update=10000;synthetic://REF_ONLY_mlp213_N500_K100_H800_s2/positive_update_10000/NO_WEIGHTS
mlp213,500,100,800,2,11000,1,10,10,-0.4909659365991861,-49.09659365991861,synthetic://REF_ONLY_mlp213_N500_K100_H800_s2/positive_update_11000/NO_WEIGHTS,HYPOTHETICAL_REFERENCE_ONLY:04_selection/checkpoint_validation_detail.csv#method=mlp213;N=500;reference_repeat=2;update=11000;synthetic://REF_ONLY_mlp213_N500_K100_H800_s2/positive_update_11000/NO_WEIGHTS
mlp213,500,100,800,2,12000,1,10,10,-0.4874888864636286,-48.74888864636286,synthetic://REF_ONLY_mlp213_N500_K100_H800_s2/positive_update_12000/NO_WEIGHTS,HYPOTHETICAL_REFERENCE_ONLY:04_selection/checkpoint_validation_detail.csv#method=mlp213;N=500;reference_repeat=2;update=12000;synthetic://REF_ONLY_mlp213_N500_K100_H800_s2/positive_update_12000/NO_WEIGHTS
mlp213,500,100,800,2,13000,1,10,10,-0.49393513511282056,-49.39351351128206,synthetic://REF_ONLY_mlp213_N500_K100_H800_s2/positive_update_13000/NO_WEIGHTS,HYPOTHETICAL_REFERENCE_ONLY:04_selection/checkpoint_validation_detail.csv#method=mlp213;N=500;reference_repeat=2;update=13000;synthetic://REF_ONLY_mlp213_N500_K100_H800_s2/positive_update_13000/NO_WEIGHTS
mlp213,500,100,800,2,14000,1,10,10,-0.4870289620406466,-48.70289620406466,synthetic://REF_ONLY_mlp213_N500_K100_H800_s2/positive_update_14000/NO_WEIGHTS,HYPOTHETICAL_REFERENCE_ONLY:04_selection/checkpoint_validation_detail.csv#method=mlp213;N=500;reference_repeat=2;update=14000;synthetic://REF_ONLY_mlp213_N500_K100_H800_s2/positive_update_14000/NO_WEIGHTS
mlp213,500,100,800,2,15000,1,10,10,-0.49013822026978165,-49.01382202697817,synthetic://REF_ONLY_mlp213_N500_K100_H800_s2/positive_update_15000/NO_WEIGHTS,HYPOTHETICAL_REFERENCE_ONLY:04_selection/checkpoint_validation_detail.csv#method=mlp213;N=500;reference_repeat=2;update=15000;synthetic://REF_ONLY_mlp213_N500_K100_H800_s2/positive_update_15000/NO_WEIGHTS
mlp213,500,100,800,2,16000,1,10,10,-0.49254332462154654,-49.25433246215466,synthetic://REF_ONLY_mlp213_N500_K100_H800_s2/positive_update_16000/NO_WEIGHTS,HYPOTHETICAL_REFERENCE_ONLY:04_selection/checkpoint_validation_detail.csv#method=mlp213;N=500;reference_repeat=2;update=16000;synthetic://REF_ONLY_mlp213_N500_K100_H800_s2/positive_update_16000/NO_WEIGHTS
mlp213,500,100,800,2,17000,1,10,10,-0.5079504896636056,-50.795048966360554,synthetic://REF_ONLY_mlp213_N500_K100_H800_s2/positive_update_17000/NO_WEIGHTS,HYPOTHETICAL_REFERENCE_ONLY:04_selection/checkpoint_validation_detail.csv#method=mlp213;N=500;reference_repeat=2;update=17000;synthetic://REF_ONLY_mlp213_N500_K100_H800_s2/positive_update_17000/NO_WEIGHTS
mlp213,500,100,800,2,18000,1,10,10,-0.500833684998293,-50.0833684998293,synthetic://REF_ONLY_mlp213_N500_K100_H800_s2/positive_update_18000/NO_WEIGHTS,HYPOTHETICAL_REFERENCE_ONLY:04_selection/checkpoint_validation_detail.csv#method=mlp213;N=500;reference_repeat=2;update=18000;synthetic://REF_ONLY_mlp213_N500_K100_H800_s2/positive_update_18000/NO_WEIGHTS
mlp213,500,100,800,2,19000,1,10,10,-0.4988964872466588,-49.88964872466588,synthetic://REF_ONLY_mlp213_N500_K100_H800_s2/positive_update_19000/NO_WEIGHTS,HYPOTHETICAL_REFERENCE_ONLY:04_selection/checkpoint_validation_detail.csv#method=mlp213;N=500;reference_repeat=2;update=19000;synthetic://REF_ONLY_mlp213_N500_K100_H800_s2/positive_update_19000/NO_WEIGHTS
mlp213,500,100,800,2,20000,1,10,10,-0.4924746888790592,-49.247468887905924,synthetic://REF_ONLY_mlp213_N500_K100_H800_s2/positive_update_20000/NO_WEIGHTS,HYPOTHETICAL_REFERENCE_ONLY:04_selection/checkpoint_validation_detail.csv#method=mlp213;N=500;reference_repeat=2;update=20000;synthetic://REF_ONLY_mlp213_N500_K100_H800_s2/positive_update_20000/NO_WEIGHTS
mlp213,500,100,800,3,1000,1,10,10,-0.4031315202860467,-40.31315202860467,synthetic://REF_ONLY_mlp213_N500_K100_H800_s3/positive_update_01000/NO_WEIGHTS,HYPOTHETICAL_REFERENCE_ONLY:04_selection/checkpoint_validation_detail.csv#method=mlp213;N=500;reference_repeat=3;update=1000;synthetic://REF_ONLY_mlp213_N500_K100_H800_s3/positive_update_01000/NO_WEIGHTS
mlp213,500,100,800,3,2000,1,10,10,-0.4095003402764858,-40.95003402764858,synthetic://REF_ONLY_mlp213_N500_K100_H800_s3/positive_update_02000/NO_WEIGHTS,HYPOTHETICAL_REFERENCE_ONLY:04_selection/checkpoint_validation_detail.csv#method=mlp213;N=500;reference_repeat=3;update=2000;synthetic://REF_ONLY_mlp213_N500_K100_H800_s3/positive_update_02000/NO_WEIGHTS
mlp213,500,100,800,3,3000,1,10,10,-0.43032113541335354,-43.032113541335356,synthetic://REF_ONLY_mlp213_N500_K100_H800_s3/positive_update_03000/NO_WEIGHTS,HYPOTHETICAL_REFERENCE_ONLY:04_selection/checkpoint_validation_detail.csv#method=mlp213;N=500;reference_repeat=3;update=3000;synthetic://REF_ONLY_mlp213_N500_K100_H800_s3/positive_update_03000/NO_WEIGHTS
mlp213,500,100,800,3,4000,1,10,10,-0.4323640055214014,-43.23640055214014,synthetic://REF_ONLY_mlp213_N500_K100_H800_s3/positive_update_04000/NO_WEIGHTS,HYPOTHETICAL_REFERENCE_ONLY:04_selection/checkpoint_validation_detail.csv#method=mlp213;N=500;reference_repeat=3;update=4000;synthetic://REF_ONLY_mlp213_N500_K100_H800_s3/positive_update_04000/NO_WEIGHTS
mlp213,500,100,800,3,5000,1,10,10,-0.4406382963850258,-44.063829638502575,synthetic://REF_ONLY_mlp213_N500_K100_H800_s3/positive_update_05000/NO_WEIGHTS,HYPOTHETICAL_REFERENCE_ONLY:04_selection/checkpoint_validation_detail.csv#method=mlp213;N=500;reference_repeat=3;update=5000;synthetic://REF_ONLY_mlp213_N500_K100_H800_s3/positive_update_05000/NO_WEIGHTS
mlp213,500,100,800,3,6000,1,10,10,-0.4339589737962803,-43.39589737962803,synthetic://REF_ONLY_mlp213_N500_K100_H800_s3/positive_update_06000/NO_WEIGHTS,HYPOTHETICAL_REFERENCE_ONLY:04_selection/checkpoint_validation_detail.csv#method=mlp213;N=500;reference_repeat=3;update=6000;synthetic://REF_ONLY_mlp213_N500_K100_H800_s3/positive_update_06000/NO_WEIGHTS
mlp213,500,100,800,3,7000,1,10,10,-0.4386223327403012,-43.862233274030125,synthetic://REF_ONLY_mlp213_N500_K100_H800_s3/positive_update_07000/NO_WEIGHTS,HYPOTHETICAL_REFERENCE_ONLY:04_selection/checkpoint_validation_detail.csv#method=mlp213;N=500;reference_repeat=3;update=7000;synthetic://REF_ONLY_mlp213_N500_K100_H800_s3/positive_update_07000/NO_WEIGHTS
mlp213,500,100,800,3,8000,1,10,10,-0.45652532442900823,-45.65253244290082,synthetic://REF_ONLY_mlp213_N500_K100_H800_s3/positive_update_08000/NO_WEIGHTS,HYPOTHETICAL_REFERENCE_ONLY:04_selection/checkpoint_validation_detail.csv#method=mlp213;N=500;reference_repeat=3;update=8000;synthetic://REF_ONLY_mlp213_N500_K100_H800_s3/positive_update_08000/NO_WEIGHTS
mlp213,500,100,800,3,9000,1,10,10,-0.44701240926122965,-44.70124092612296,synthetic://REF_ONLY_mlp213_N500_K100_H800_s3/positive_update_09000/NO_WEIGHTS,HYPOTHETICAL_REFERENCE_ONLY:04_selection/checkpoint_validation_detail.csv#method=mlp213;N=500;reference_repeat=3;update=9000;synthetic://REF_ONLY_mlp213_N500_K100_H800_s3/positive_update_09000/NO_WEIGHTS
mlp213,500,100,800,3,10000,1,10,10,-0.4489338086719316,-44.89338086719316,synthetic://REF_ONLY_mlp213_N500_K100_H800_s3/positive_update_10000/NO_WEIGHTS,HYPOTHETICAL_REFERENCE_ONLY:04_selection/checkpoint_validation_detail.csv#method=mlp213;N=500;reference_repeat=3;update=10000;synthetic://REF_ONLY_mlp213_N500_K100_H800_s3/positive_update_10000/NO_WEIGHTS
mlp213,500,100,800,3,11000,1,10,10,-0.4614194167858657,-46.14194167858657,synthetic://REF_ONLY_mlp213_N500_K100_H800_s3/positive_update_11000/NO_WEIGHTS,HYPOTHETICAL_REFERENCE_ONLY:04_selection/checkpoint_validation_detail.csv#method=mlp213;N=500;reference_repeat=3;update=11000;synthetic://REF_ONLY_mlp213_N500_K100_H800_s3/positive_update_11000/NO_WEIGHTS
mlp213,500,100,800,3,12000,1,10,10,-0.44701043320950307,-44.701043320950305,synthetic://REF_ONLY_mlp213_N500_K100_H800_s3/positive_update_12000/NO_WEIGHTS,HYPOTHETICAL_REFERENCE_ONLY:04_selection/checkpoint_validation_detail.csv#method=mlp213;N=500;reference_repeat=3;update=12000;synthetic://REF_ONLY_mlp213_N500_K100_H800_s3/positive_update_12000/NO_WEIGHTS
mlp213,500,100,800,3,13000,1,10,10,-0.4466350846087276,-44.663508460872755,synthetic://REF_ONLY_mlp213_N500_K100_H800_s3/positive_update_13000/NO_WEIGHTS,HYPOTHETICAL_REFERENCE_ONLY:04_selection/checkpoint_validation_detail.csv#method=mlp213;N=500;reference_repeat=3;update=13000;synthetic://REF_ONLY_mlp213_N500_K100_H800_s3/positive_update_13000/NO_WEIGHTS
mlp213,500,100,800,3,14000,1,10,10,-0.44516917704753145,-44.51691770475315,synthetic://REF_ONLY_mlp213_N500_K100_H800_s3/positive_update_14000/NO_WEIGHTS,HYPOTHETICAL_REFERENCE_ONLY:04_selection/checkpoint_validation_detail.csv#method=mlp213;N=500;reference_repeat=3;update=14000;synthetic://REF_ONLY_mlp213_N500_K100_H800_s3/positive_update_14000/NO_WEIGHTS
mlp213,500,100,800,3,15000,1,10,10,-0.44269152923776517,-44.26915292377652,synthetic://REF_ONLY_mlp213_N500_K100_H800_s3/positive_update_15000/NO_WEIGHTS,HYPOTHETICAL_REFERENCE_ONLY:04_selection/checkpoint_validation_detail.csv#method=mlp213;N=500;reference_repeat=3;update=15000;synthetic://REF_ONLY_mlp213_N500_K100_H800_s3/positive_update_15000/NO_WEIGHTS
mlp213,500,100,800,3,16000,1,10,10,-0.453792172505351,-45.3792172505351,synthetic://REF_ONLY_mlp213_N500_K100_H800_s3/positive_update_16000/NO_WEIGHTS,HYPOTHETICAL_REFERENCE_ONLY:04_selection/checkpoint_validation_detail.csv#method=mlp213;N=500;reference_repeat=3;update=16000;synthetic://REF_ONLY_mlp213_N500_K100_H800_s3/positive_update_16000/NO_WEIGHTS
mlp213,500,100,800,3,17000,1,10,10,-0.4662391416379265,-46.62391416379265,synthetic://REF_ONLY_mlp213_N500_K100_H800_s3/positive_update_17000/NO_WEIGHTS,HYPOTHETICAL_REFERENCE_ONLY:04_selection/checkpoint_validation_detail.csv#method=mlp213;N=500;reference_repeat=3;update=17000;synthetic://REF_ONLY_mlp213_N500_K100_H800_s3/positive_update_17000/NO_WEIGHTS
mlp213,500,100,800,3,18000,1,10,10,-0.47541091525265305,-47.54109152526531,synthetic://REF_ONLY_mlp213_N500_K100_H800_s3/positive_update_18000/NO_WEIGHTS,HYPOTHETICAL_REFERENCE_ONLY:04_selection/checkpoint_validation_detail.csv#method=mlp213;N=500;reference_repeat=3;update=18000;synthetic://REF_ONLY_mlp213_N500_K100_H800_s3/positive_update_18000/NO_WEIGHTS
mlp213,500,100,800,3,19000,1,10,10,-0.46267558107281875,-46.26755810728188,synthetic://REF_ONLY_mlp213_N500_K100_H800_s3/positive_update_19000/NO_WEIGHTS,HYPOTHETICAL_REFERENCE_ONLY:04_selection/checkpoint_validation_detail.csv#method=mlp213;N=500;reference_repeat=3;update=19000;synthetic://REF_ONLY_mlp213_N500_K100_H800_s3/positive_update_19000/NO_WEIGHTS
mlp213,500,100,800,3,20000,1,10,10,-0.48022620260741916,-48.02262026074192,synthetic://REF_ONLY_mlp213_N500_K100_H800_s3/positive_update_20000/NO_WEIGHTS,HYPOTHETICAL_REFERENCE_ONLY:04_selection/checkpoint_validation_detail.csv#method=mlp213;N=500;reference_repeat=3;update=20000;synthetic://REF_ONLY_mlp213_N500_K100_H800_s3/positive_update_20000/NO_WEIGHTS
mlp213,500,100,800,4,1000,1,10,10,-0.4983907108750213,-49.83907108750213,synthetic://REF_ONLY_mlp213_N500_K100_H800_s4/positive_update_01000/NO_WEIGHTS,HYPOTHETICAL_REFERENCE_ONLY:04_selection/checkpoint_validation_detail.csv#method=mlp213;N=500;reference_repeat=4;update=1000;synthetic://REF_ONLY_mlp213_N500_K100_H800_s4/positive_update_01000/NO_WEIGHTS
mlp213,500,100,800,4,2000,1,10,10,-0.4947486571873616,-49.47486571873616,synthetic://REF_ONLY_mlp213_N500_K100_H800_s4/positive_update_02000/NO_WEIGHTS,HYPOTHETICAL_REFERENCE_ONLY:04_selection/checkpoint_validation_detail.csv#method=mlp213;N=500;reference_repeat=4;update=2000;synthetic://REF_ONLY_mlp213_N500_K100_H800_s4/positive_update_02000/NO_WEIGHTS
mlp213,500,100,800,4,3000,1,10,10,-0.5102900378858688,-51.02900378858688,synthetic://REF_ONLY_mlp213_N500_K100_H800_s4/positive_update_03000/NO_WEIGHTS,HYPOTHETICAL_REFERENCE_ONLY:04_selection/checkpoint_validation_detail.csv#method=mlp213;N=500;reference_repeat=4;update=3000;synthetic://REF_ONLY_mlp213_N500_K100_H800_s4/positive_update_03000/NO_WEIGHTS
mlp213,500,100,800,4,4000,1,10,10,-0.5293343047980115,-52.933430479801146,synthetic://REF_ONLY_mlp213_N500_K100_H800_s4/positive_update_04000/NO_WEIGHTS,HYPOTHETICAL_REFERENCE_ONLY:04_selection/checkpoint_validation_detail.csv#method=mlp213;N=500;reference_repeat=4;update=4000;synthetic://REF_ONLY_mlp213_N500_K100_H800_s4/positive_update_04000/NO_WEIGHTS
mlp213,500,100,800,4,5000,1,10,10,-0.5370570137556241,-53.70570137556241,synthetic://REF_ONLY_mlp213_N500_K100_H800_s4/positive_update_05000/NO_WEIGHTS,HYPOTHETICAL_REFERENCE_ONLY:04_selection/checkpoint_validation_detail.csv#method=mlp213;N=500;reference_repeat=4;update=5000;synthetic://REF_ONLY_mlp213_N500_K100_H800_s4/positive_update_05000/NO_WEIGHTS
mlp213,500,100,800,4,6000,1,10,10,-0.5228347393727264,-52.28347393727264,synthetic://REF_ONLY_mlp213_N500_K100_H800_s4/positive_update_06000/NO_WEIGHTS,HYPOTHETICAL_REFERENCE_ONLY:04_selection/checkpoint_validation_detail.csv#method=mlp213;N=500;reference_repeat=4;update=6000;synthetic://REF_ONLY_mlp213_N500_K100_H800_s4/positive_update_06000/NO_WEIGHTS
mlp213,500,100,800,4,7000,1,10,10,-0.5266364586866104,-52.663645868661035,synthetic://REF_ONLY_mlp213_N500_K100_H800_s4/positive_update_07000/NO_WEIGHTS,HYPOTHETICAL_REFERENCE_ONLY:04_selection/checkpoint_validation_detail.csv#method=mlp213;N=500;reference_repeat=4;update=7000;synthetic://REF_ONLY_mlp213_N500_K100_H800_s4/positive_update_07000/NO_WEIGHTS
mlp213,500,100,800,4,8000,1,10,10,-0.5294276193416338,-52.942761934163386,synthetic://REF_ONLY_mlp213_N500_K100_H800_s4/positive_update_08000/NO_WEIGHTS,HYPOTHETICAL_REFERENCE_ONLY:04_selection/checkpoint_validation_detail.csv#method=mlp213;N=500;reference_repeat=4;update=8000;synthetic://REF_ONLY_mlp213_N500_K100_H800_s4/positive_update_08000/NO_WEIGHTS
mlp213,500,100,800,4,9000,1,10,10,-0.5461005751335752,-54.610057513357525,synthetic://REF_ONLY_mlp213_N500_K100_H800_s4/positive_update_09000/NO_WEIGHTS,HYPOTHETICAL_REFERENCE_ONLY:04_selection/checkpoint_validation_detail.csv#method=mlp213;N=500;reference_repeat=4;update=9000;synthetic://REF_ONLY_mlp213_N500_K100_H800_s4/positive_update_09000/NO_WEIGHTS
mlp213,500,100,800,4,10000,1,10,10,-0.5430774454909537,-54.307744549095375,synthetic://REF_ONLY_mlp213_N500_K100_H800_s4/positive_update_10000/NO_WEIGHTS,HYPOTHETICAL_REFERENCE_ONLY:04_selection/checkpoint_validation_detail.csv#method=mlp213;N=500;reference_repeat=4;update=10000;synthetic://REF_ONLY_mlp213_N500_K100_H800_s4/positive_update_10000/NO_WEIGHTS
mlp213,500,100,800,4,11000,1,10,10,-0.5371676103705758,-53.71676103705758,synthetic://REF_ONLY_mlp213_N500_K100_H800_s4/positive_update_11000/NO_WEIGHTS,HYPOTHETICAL_REFERENCE_ONLY:04_selection/checkpoint_validation_detail.csv#method=mlp213;N=500;reference_repeat=4;update=11000;synthetic://REF_ONLY_mlp213_N500_K100_H800_s4/positive_update_11000/NO_WEIGHTS
mlp213,500,100,800,4,12000,1,10,10,-0.5342982583493735,-53.42982583493735,synthetic://REF_ONLY_mlp213_N500_K100_H800_s4/positive_update_12000/NO_WEIGHTS,HYPOTHETICAL_REFERENCE_ONLY:04_selection/checkpoint_validation_detail.csv#method=mlp213;N=500;reference_repeat=4;update=12000;synthetic://REF_ONLY_mlp213_N500_K100_H800_s4/positive_update_12000/NO_WEIGHTS
mlp213,500,100,800,4,13000,1,10,10,-0.5373245475795275,-53.73245475795275,synthetic://REF_ONLY_mlp213_N500_K100_H800_s4/positive_update_13000/NO_WEIGHTS,HYPOTHETICAL_REFERENCE_ONLY:04_selection/checkpoint_validation_detail.csv#method=mlp213;N=500;reference_repeat=4;update=13000;synthetic://REF_ONLY_mlp213_N500_K100_H800_s4/positive_update_13000/NO_WEIGHTS
mlp213,500,100,800,4,14000,1,10,10,-0.5264625397896859,-52.646253978968595,synthetic://REF_ONLY_mlp213_N500_K100_H800_s4/positive_update_14000/NO_WEIGHTS,HYPOTHETICAL_REFERENCE_ONLY:04_selection/checkpoint_validation_detail.csv#method=mlp213;N=500;reference_repeat=4;update=14000;synthetic://REF_ONLY_mlp213_N500_K100_H800_s4/positive_update_14000/NO_WEIGHTS
mlp213,500,100,800,4,15000,1,10,10,-0.526888213593151,-52.6888213593151,synthetic://REF_ONLY_mlp213_N500_K100_H800_s4/positive_update_15000/NO_WEIGHTS,HYPOTHETICAL_REFERENCE_ONLY:04_selection/checkpoint_validation_detail.csv#method=mlp213;N=500;reference_repeat=4;update=15000;synthetic://REF_ONLY_mlp213_N500_K100_H800_s4/positive_update_15000/NO_WEIGHTS
mlp213,500,100,800,4,16000,1,10,10,-0.512349482579598,-51.2349482579598,synthetic://REF_ONLY_mlp213_N500_K100_H800_s4/positive_update_16000/NO_WEIGHTS,HYPOTHETICAL_REFERENCE_ONLY:04_selection/checkpoint_validation_detail.csv#method=mlp213;N=500;reference_repeat=4;update=16000;synthetic://REF_ONLY_mlp213_N500_K100_H800_s4/positive_update_16000/NO_WEIGHTS
mlp213,500,100,800,4,17000,1,10,10,-0.5056250694730328,-50.56250694730328,synthetic://REF_ONLY_mlp213_N500_K100_H800_s4/positive_update_17000/NO_WEIGHTS,HYPOTHETICAL_REFERENCE_ONLY:04_selection/checkpoint_validation_detail.csv#method=mlp213;N=500;reference_repeat=4;update=17000;synthetic://REF_ONLY_mlp213_N500_K100_H800_s4/positive_update_17000/NO_WEIGHTS
mlp213,500,100,800,4,18000,1,10,10,-0.510399789699546,-51.0399789699546,synthetic://REF_ONLY_mlp213_N500_K100_H800_s4/positive_update_18000/NO_WEIGHTS,HYPOTHETICAL_REFERENCE_ONLY:04_selection/checkpoint_validation_detail.csv#method=mlp213;N=500;reference_repeat=4;update=18000;synthetic://REF_ONLY_mlp213_N500_K100_H800_s4/positive_update_18000/NO_WEIGHTS
mlp213,500,100,800,4,19000,1,10,10,-0.5007448931401163,-50.07448931401163,synthetic://REF_ONLY_mlp213_N500_K100_H800_s4/positive_update_19000/NO_WEIGHTS,HYPOTHETICAL_REFERENCE_ONLY:04_selection/checkpoint_validation_detail.csv#method=mlp213;N=500;reference_repeat=4;update=19000;synthetic://REF_ONLY_mlp213_N500_K100_H800_s4/positive_update_19000/NO_WEIGHTS
mlp213,500,100,800,4,20000,1,10,10,-0.5035341118200722,-50.35341118200722,synthetic://REF_ONLY_mlp213_N500_K100_H800_s4/positive_update_20000/NO_WEIGHTS,HYPOTHETICAL_REFERENCE_ONLY:04_selection/checkpoint_validation_detail.csv#method=mlp213;N=500;reference_repeat=4;update=20000;synthetic://REF_ONLY_mlp213_N500_K100_H800_s4/positive_update_20000/NO_WEIGHTS
mlp213,500,100,800,5,1000,1,10,10,-0.497635294821903,-49.7635294821903,synthetic://REF_ONLY_mlp213_N500_K100_H800_s5/positive_update_01000/NO_WEIGHTS,HYPOTHETICAL_REFERENCE_ONLY:04_selection/checkpoint_validation_detail.csv#method=mlp213;N=500;reference_repeat=5;update=1000;synthetic://REF_ONLY_mlp213_N500_K100_H800_s5/positive_update_01000/NO_WEIGHTS
mlp213,500,100,800,5,2000,1,10,10,-0.5164784338083763,-51.647843380837635,synthetic://REF_ONLY_mlp213_N500_K100_H800_s5/positive_update_02000/NO_WEIGHTS,HYPOTHETICAL_REFERENCE_ONLY:04_selection/checkpoint_validation_detail.csv#method=mlp213;N=500;reference_repeat=5;update=2000;synthetic://REF_ONLY_mlp213_N500_K100_H800_s5/positive_update_02000/NO_WEIGHTS
mlp213,500,100,800,5,3000,1,10,10,-0.5138898651079762,-51.38898651079762,synthetic://REF_ONLY_mlp213_N500_K100_H800_s5/positive_update_03000/NO_WEIGHTS,HYPOTHETICAL_REFERENCE_ONLY:04_selection/checkpoint_validation_detail.csv#method=mlp213;N=500;reference_repeat=5;update=3000;synthetic://REF_ONLY_mlp213_N500_K100_H800_s5/positive_update_03000/NO_WEIGHTS
mlp213,500,100,800,5,4000,1,10,10,-0.5421601322466343,-54.21601322466343,synthetic://REF_ONLY_mlp213_N500_K100_H800_s5/positive_update_04000/NO_WEIGHTS,HYPOTHETICAL_REFERENCE_ONLY:04_selection/checkpoint_validation_detail.csv#method=mlp213;N=500;reference_repeat=5;update=4000;synthetic://REF_ONLY_mlp213_N500_K100_H800_s5/positive_update_04000/NO_WEIGHTS
mlp213,500,100,800,5,5000,1,10,10,-0.5405899239918603,-54.05899239918603,synthetic://REF_ONLY_mlp213_N500_K100_H800_s5/positive_update_05000/NO_WEIGHTS,HYPOTHETICAL_REFERENCE_ONLY:04_selection/checkpoint_validation_detail.csv#method=mlp213;N=500;reference_repeat=5;update=5000;synthetic://REF_ONLY_mlp213_N500_K100_H800_s5/positive_update_05000/NO_WEIGHTS
mlp213,500,100,800,5,6000,1,10,10,-0.5349534171040633,-53.49534171040633,synthetic://REF_ONLY_mlp213_N500_K100_H800_s5/positive_update_06000/NO_WEIGHTS,HYPOTHETICAL_REFERENCE_ONLY:04_selection/checkpoint_validation_detail.csv#method=mlp213;N=500;reference_repeat=5;update=6000;synthetic://REF_ONLY_mlp213_N500_K100_H800_s5/positive_update_06000/NO_WEIGHTS
mlp213,500,100,800,5,7000,1,10,10,-0.5350355096440587,-53.50355096440587,synthetic://REF_ONLY_mlp213_N500_K100_H800_s5/positive_update_07000/NO_WEIGHTS,HYPOTHETICAL_REFERENCE_ONLY:04_selection/checkpoint_validation_detail.csv#method=mlp213;N=500;reference_repeat=5;update=7000;synthetic://REF_ONLY_mlp213_N500_K100_H800_s5/positive_update_07000/NO_WEIGHTS
mlp213,500,100,800,5,8000,1,10,10,-0.5283529920288286,-52.83529920288286,synthetic://REF_ONLY_mlp213_N500_K100_H800_s5/positive_update_08000/NO_WEIGHTS,HYPOTHETICAL_REFERENCE_ONLY:04_selection/checkpoint_validation_detail.csv#method=mlp213;N=500;reference_repeat=5;update=8000;synthetic://REF_ONLY_mlp213_N500_K100_H800_s5/positive_update_08000/NO_WEIGHTS
mlp213,500,100,800,5,9000,1,10,10,-0.5352068731521112,-53.52068731521113,synthetic://REF_ONLY_mlp213_N500_K100_H800_s5/positive_update_09000/NO_WEIGHTS,HYPOTHETICAL_REFERENCE_ONLY:04_selection/checkpoint_validation_detail.csv#method=mlp213;N=500;reference_repeat=5;update=9000;synthetic://REF_ONLY_mlp213_N500_K100_H800_s5/positive_update_09000/NO_WEIGHTS
mlp213,500,100,800,5,10000,1,10,10,-0.5365953174580715,-53.65953174580716,synthetic://REF_ONLY_mlp213_N500_K100_H800_s5/positive_update_10000/NO_WEIGHTS,HYPOTHETICAL_REFERENCE_ONLY:04_selection/checkpoint_validation_detail.csv#method=mlp213;N=500;reference_repeat=5;update=10000;synthetic://REF_ONLY_mlp213_N500_K100_H800_s5/positive_update_10000/NO_WEIGHTS
mlp213,500,100,800,5,11000,1,10,10,-0.543031055028618,-54.303105502861804,synthetic://REF_ONLY_mlp213_N500_K100_H800_s5/positive_update_11000/NO_WEIGHTS,HYPOTHETICAL_REFERENCE_ONLY:04_selection/checkpoint_validation_detail.csv#method=mlp213;N=500;reference_repeat=5;update=11000;synthetic://REF_ONLY_mlp213_N500_K100_H800_s5/positive_update_11000/NO_WEIGHTS
mlp213,500,100,800,5,12000,1,10,10,-0.5448150281731241,-54.48150281731241,synthetic://REF_ONLY_mlp213_N500_K100_H800_s5/positive_update_12000/NO_WEIGHTS,HYPOTHETICAL_REFERENCE_ONLY:04_selection/checkpoint_validation_detail.csv#method=mlp213;N=500;reference_repeat=5;update=12000;synthetic://REF_ONLY_mlp213_N500_K100_H800_s5/positive_update_12000/NO_WEIGHTS
mlp213,500,100,800,5,13000,1,10,10,-0.5443022790194819,-54.43022790194819,synthetic://REF_ONLY_mlp213_N500_K100_H800_s5/positive_update_13000/NO_WEIGHTS,HYPOTHETICAL_REFERENCE_ONLY:04_selection/checkpoint_validation_detail.csv#method=mlp213;N=500;reference_repeat=5;update=13000;synthetic://REF_ONLY_mlp213_N500_K100_H800_s5/positive_update_13000/NO_WEIGHTS
mlp213,500,100,800,5,14000,1,10,10,-0.5504833682202359,-55.04833682202359,synthetic://REF_ONLY_mlp213_N500_K100_H800_s5/positive_update_14000/NO_WEIGHTS,HYPOTHETICAL_REFERENCE_ONLY:04_selection/checkpoint_validation_detail.csv#method=mlp213;N=500;reference_repeat=5;update=14000;synthetic://REF_ONLY_mlp213_N500_K100_H800_s5/positive_update_14000/NO_WEIGHTS
mlp213,500,100,800,5,15000,1,10,10,-0.5423161294364277,-54.23161294364277,synthetic://REF_ONLY_mlp213_N500_K100_H800_s5/positive_update_15000/NO_WEIGHTS,HYPOTHETICAL_REFERENCE_ONLY:04_selection/checkpoint_validation_detail.csv#method=mlp213;N=500;reference_repeat=5;update=15000;synthetic://REF_ONLY_mlp213_N500_K100_H800_s5/positive_update_15000/NO_WEIGHTS
mlp213,500,100,800,5,16000,1,10,10,-0.5596474481241854,-55.964744812418544,synthetic://REF_ONLY_mlp213_N500_K100_H800_s5/positive_update_16000/NO_WEIGHTS,HYPOTHETICAL_REFERENCE_ONLY:04_selection/checkpoint_validation_detail.csv#method=mlp213;N=500;reference_repeat=5;update=16000;synthetic://REF_ONLY_mlp213_N500_K100_H800_s5/positive_update_16000/NO_WEIGHTS
mlp213,500,100,800,5,17000,1,10,10,-0.5603032008367504,-56.03032008367504,synthetic://REF_ONLY_mlp213_N500_K100_H800_s5/positive_update_17000/NO_WEIGHTS,HYPOTHETICAL_REFERENCE_ONLY:04_selection/checkpoint_validation_detail.csv#method=mlp213;N=500;reference_repeat=5;update=17000;synthetic://REF_ONLY_mlp213_N500_K100_H800_s5/positive_update_17000/NO_WEIGHTS
mlp213,500,100,800,5,18000,1,10,10,-0.5464380380117003,-54.64380380117003,synthetic://REF_ONLY_mlp213_N500_K100_H800_s5/positive_update_18000/NO_WEIGHTS,HYPOTHETICAL_REFERENCE_ONLY:04_selection/checkpoint_validation_detail.csv#method=mlp213;N=500;reference_repeat=5;update=18000;synthetic://REF_ONLY_mlp213_N500_K100_H800_s5/positive_update_18000/NO_WEIGHTS
mlp213,500,100,800,5,19000,1,10,10,-0.5620110532293623,-56.20110532293623,synthetic://REF_ONLY_mlp213_N500_K100_H800_s5/positive_update_19000/NO_WEIGHTS,HYPOTHETICAL_REFERENCE_ONLY:04_selection/checkpoint_validation_detail.csv#method=mlp213;N=500;reference_repeat=5;update=19000;synthetic://REF_ONLY_mlp213_N500_K100_H800_s5/positive_update_19000/NO_WEIGHTS
mlp213,500,100,800,5,20000,1,10,10,-0.5549579106642292,-55.49579106642292,synthetic://REF_ONLY_mlp213_N500_K100_H800_s5/positive_update_20000/NO_WEIGHTS,HYPOTHETICAL_REFERENCE_ONLY:04_selection/checkpoint_validation_detail.csv#method=mlp213;N=500;reference_repeat=5;update=20000;synthetic://REF_ONLY_mlp213_N500_K100_H800_s5/positive_update_20000/NO_WEIGHTS
kan_generic,500,100,800,1,1000,1,10,10,-0.4692613944460156,-46.92613944460156,synthetic://REF_ONLY_kan_generic_N500_K100_H800_s1/positive_update_01000/NO_WEIGHTS,HYPOTHETICAL_REFERENCE_ONLY:04_selection/checkpoint_validation_detail.csv#method=kan_generic;N=500;reference_repeat=1;update=1000;synthetic://REF_ONLY_kan_generic_N500_K100_H800_s1/positive_update_01000/NO_WEIGHTS
kan_generic,500,100,800,1,2000,1,10,10,-0.4711466241620073,-47.11466241620073,synthetic://REF_ONLY_kan_generic_N500_K100_H800_s1/positive_update_02000/NO_WEIGHTS,HYPOTHETICAL_REFERENCE_ONLY:04_selection/checkpoint_validation_detail.csv#method=kan_generic;N=500;reference_repeat=1;update=2000;synthetic://REF_ONLY_kan_generic_N500_K100_H800_s1/positive_update_02000/NO_WEIGHTS
kan_generic,500,100,800,1,3000,1,10,10,-0.480177636936703,-48.017763693670304,synthetic://REF_ONLY_kan_generic_N500_K100_H800_s1/positive_update_03000/NO_WEIGHTS,HYPOTHETICAL_REFERENCE_ONLY:04_selection/checkpoint_validation_detail.csv#method=kan_generic;N=500;reference_repeat=1;update=3000;synthetic://REF_ONLY_kan_generic_N500_K100_H800_s1/positive_update_03000/NO_WEIGHTS
kan_generic,500,100,800,1,4000,1,10,10,-0.48208551424032997,-48.208551424033,synthetic://REF_ONLY_kan_generic_N500_K100_H800_s1/positive_update_04000/NO_WEIGHTS,HYPOTHETICAL_REFERENCE_ONLY:04_selection/checkpoint_validation_detail.csv#method=kan_generic;N=500;reference_repeat=1;update=4000;synthetic://REF_ONLY_kan_generic_N500_K100_H800_s1/positive_update_04000/NO_WEIGHTS
kan_generic,500,100,800,1,5000,1,10,10,-0.47669347048491645,-47.669347048491645,synthetic://REF_ONLY_kan_generic_N500_K100_H800_s1/positive_update_05000/NO_WEIGHTS,HYPOTHETICAL_REFERENCE_ONLY:04_selection/checkpoint_validation_detail.csv#method=kan_generic;N=500;reference_repeat=1;update=5000;synthetic://REF_ONLY_kan_generic_N500_K100_H800_s1/positive_update_05000/NO_WEIGHTS
kan_generic,500,100,800,1,6000,1,10,10,-0.49400760565111307,-49.400760565111305,synthetic://REF_ONLY_kan_generic_N500_K100_H800_s1/positive_update_06000/NO_WEIGHTS,HYPOTHETICAL_REFERENCE_ONLY:04_selection/checkpoint_validation_detail.csv#method=kan_generic;N=500;reference_repeat=1;update=6000;synthetic://REF_ONLY_kan_generic_N500_K100_H800_s1/positive_update_06000/NO_WEIGHTS
kan_generic,500,100,800,1,7000,1,10,10,-0.49492411233497285,-49.492411233497286,synthetic://REF_ONLY_kan_generic_N500_K100_H800_s1/positive_update_07000/NO_WEIGHTS,HYPOTHETICAL_REFERENCE_ONLY:04_selection/checkpoint_validation_detail.csv#method=kan_generic;N=500;reference_repeat=1;update=7000;synthetic://REF_ONLY_kan_generic_N500_K100_H800_s1/positive_update_07000/NO_WEIGHTS
kan_generic,500,100,800,1,8000,1,10,10,-0.5001118558748702,-50.01118558748702,synthetic://REF_ONLY_kan_generic_N500_K100_H800_s1/positive_update_08000/NO_WEIGHTS,HYPOTHETICAL_REFERENCE_ONLY:04_selection/checkpoint_validation_detail.csv#method=kan_generic;N=500;reference_repeat=1;update=8000;synthetic://REF_ONLY_kan_generic_N500_K100_H800_s1/positive_update_08000/NO_WEIGHTS
kan_generic,500,100,800,1,9000,1,10,10,-0.5149776167564963,-51.497761675649635,synthetic://REF_ONLY_kan_generic_N500_K100_H800_s1/positive_update_09000/NO_WEIGHTS,HYPOTHETICAL_REFERENCE_ONLY:04_selection/checkpoint_validation_detail.csv#method=kan_generic;N=500;reference_repeat=1;update=9000;synthetic://REF_ONLY_kan_generic_N500_K100_H800_s1/positive_update_09000/NO_WEIGHTS
kan_generic,500,100,800,1,10000,1,10,10,-0.5240041115539311,-52.400411155393115,synthetic://REF_ONLY_kan_generic_N500_K100_H800_s1/positive_update_10000/NO_WEIGHTS,HYPOTHETICAL_REFERENCE_ONLY:04_selection/checkpoint_validation_detail.csv#method=kan_generic;N=500;reference_repeat=1;update=10000;synthetic://REF_ONLY_kan_generic_N500_K100_H800_s1/positive_update_10000/NO_WEIGHTS
kan_generic,500,100,800,1,11000,1,10,10,-0.5281240104364084,-52.81240104364085,synthetic://REF_ONLY_kan_generic_N500_K100_H800_s1/positive_update_11000/NO_WEIGHTS,HYPOTHETICAL_REFERENCE_ONLY:04_selection/checkpoint_validation_detail.csv#method=kan_generic;N=500;reference_repeat=1;update=11000;synthetic://REF_ONLY_kan_generic_N500_K100_H800_s1/positive_update_11000/NO_WEIGHTS
kan_generic,500,100,800,1,12000,1,10,10,-0.5248101866910558,-52.48101866910558,synthetic://REF_ONLY_kan_generic_N500_K100_H800_s1/positive_update_12000/NO_WEIGHTS,HYPOTHETICAL_REFERENCE_ONLY:04_selection/checkpoint_validation_detail.csv#method=kan_generic;N=500;reference_repeat=1;update=12000;synthetic://REF_ONLY_kan_generic_N500_K100_H800_s1/positive_update_12000/NO_WEIGHTS
kan_generic,500,100,800,1,13000,1,10,10,-0.5029074297208181,-50.290742972081816,synthetic://REF_ONLY_kan_generic_N500_K100_H800_s1/positive_update_13000/NO_WEIGHTS,HYPOTHETICAL_REFERENCE_ONLY:04_selection/checkpoint_validation_detail.csv#method=kan_generic;N=500;reference_repeat=1;update=13000;synthetic://REF_ONLY_kan_generic_N500_K100_H800_s1/positive_update_13000/NO_WEIGHTS
kan_generic,500,100,800,1,14000,1,10,10,-0.5149763945036986,-51.49763945036986,synthetic://REF_ONLY_kan_generic_N500_K100_H800_s1/positive_update_14000/NO_WEIGHTS,HYPOTHETICAL_REFERENCE_ONLY:04_selection/checkpoint_validation_detail.csv#method=kan_generic;N=500;reference_repeat=1;update=14000;synthetic://REF_ONLY_kan_generic_N500_K100_H800_s1/positive_update_14000/NO_WEIGHTS
kan_generic,500,100,800,1,15000,1,10,10,-0.5291391412538896,-52.91391412538896,synthetic://REF_ONLY_kan_generic_N500_K100_H800_s1/positive_update_15000/NO_WEIGHTS,HYPOTHETICAL_REFERENCE_ONLY:04_selection/checkpoint_validation_detail.csv#method=kan_generic;N=500;reference_repeat=1;update=15000;synthetic://REF_ONLY_kan_generic_N500_K100_H800_s1/positive_update_15000/NO_WEIGHTS
kan_generic,500,100,800,1,16000,1,10,10,-0.5315649192313394,-53.15649192313394,synthetic://REF_ONLY_kan_generic_N500_K100_H800_s1/positive_update_16000/NO_WEIGHTS,HYPOTHETICAL_REFERENCE_ONLY:04_selection/checkpoint_validation_detail.csv#method=kan_generic;N=500;reference_repeat=1;update=16000;synthetic://REF_ONLY_kan_generic_N500_K100_H800_s1/positive_update_16000/NO_WEIGHTS
kan_generic,500,100,800,1,17000,1,10,10,-0.5260435339457347,-52.604353394573465,synthetic://REF_ONLY_kan_generic_N500_K100_H800_s1/positive_update_17000/NO_WEIGHTS,HYPOTHETICAL_REFERENCE_ONLY:04_selection/checkpoint_validation_detail.csv#method=kan_generic;N=500;reference_repeat=1;update=17000;synthetic://REF_ONLY_kan_generic_N500_K100_H800_s1/positive_update_17000/NO_WEIGHTS
kan_generic,500,100,800,1,18000,1,10,10,-0.5400951807213666,-54.009518072136665,synthetic://REF_ONLY_kan_generic_N500_K100_H800_s1/positive_update_18000/NO_WEIGHTS,HYPOTHETICAL_REFERENCE_ONLY:04_selection/checkpoint_validation_detail.csv#method=kan_generic;N=500;reference_repeat=1;update=18000;synthetic://REF_ONLY_kan_generic_N500_K100_H800_s1/positive_update_18000/NO_WEIGHTS
kan_generic,500,100,800,1,19000,1,10,10,-0.5333039541549857,-53.330395415498565,synthetic://REF_ONLY_kan_generic_N500_K100_H800_s1/positive_update_19000/NO_WEIGHTS,HYPOTHETICAL_REFERENCE_ONLY:04_selection/checkpoint_validation_detail.csv#method=kan_generic;N=500;reference_repeat=1;update=19000;synthetic://REF_ONLY_kan_generic_N500_K100_H800_s1/positive_update_19000/NO_WEIGHTS
kan_generic,500,100,800,1,20000,1,10,10,-0.5277941241064247,-52.779412410642465,synthetic://REF_ONLY_kan_generic_N500_K100_H800_s1/positive_update_20000/NO_WEIGHTS,HYPOTHETICAL_REFERENCE_ONLY:04_selection/checkpoint_validation_detail.csv#method=kan_generic;N=500;reference_repeat=1;update=20000;synthetic://REF_ONLY_kan_generic_N500_K100_H800_s1/positive_update_20000/NO_WEIGHTS
kan_generic,500,100,800,2,1000,1,10,10,-0.4906768969880123,-49.06768969880123,synthetic://REF_ONLY_kan_generic_N500_K100_H800_s2/positive_update_01000/NO_WEIGHTS,HYPOTHETICAL_REFERENCE_ONLY:04_selection/checkpoint_validation_detail.csv#method=kan_generic;N=500;reference_repeat=2;update=1000;synthetic://REF_ONLY_kan_generic_N500_K100_H800_s2/positive_update_01000/NO_WEIGHTS
kan_generic,500,100,800,2,2000,1,10,10,-0.5061532120200922,-50.61532120200922,synthetic://REF_ONLY_kan_generic_N500_K100_H800_s2/positive_update_02000/NO_WEIGHTS,HYPOTHETICAL_REFERENCE_ONLY:04_selection/checkpoint_validation_detail.csv#method=kan_generic;N=500;reference_repeat=2;update=2000;synthetic://REF_ONLY_kan_generic_N500_K100_H800_s2/positive_update_02000/NO_WEIGHTS
kan_generic,500,100,800,2,3000,1,10,10,-0.5272347303387616,-52.723473033876154,synthetic://REF_ONLY_kan_generic_N500_K100_H800_s2/positive_update_03000/NO_WEIGHTS,HYPOTHETICAL_REFERENCE_ONLY:04_selection/checkpoint_validation_detail.csv#method=kan_generic;N=500;reference_repeat=2;update=3000;synthetic://REF_ONLY_kan_generic_N500_K100_H800_s2/positive_update_03000/NO_WEIGHTS
kan_generic,500,100,800,2,4000,1,10,10,-0.526790738510531,-52.679073851053104,synthetic://REF_ONLY_kan_generic_N500_K100_H800_s2/positive_update_04000/NO_WEIGHTS,HYPOTHETICAL_REFERENCE_ONLY:04_selection/checkpoint_validation_detail.csv#method=kan_generic;N=500;reference_repeat=2;update=4000;synthetic://REF_ONLY_kan_generic_N500_K100_H800_s2/positive_update_04000/NO_WEIGHTS
kan_generic,500,100,800,2,5000,1,10,10,-0.5193293683927078,-51.93293683927078,synthetic://REF_ONLY_kan_generic_N500_K100_H800_s2/positive_update_05000/NO_WEIGHTS,HYPOTHETICAL_REFERENCE_ONLY:04_selection/checkpoint_validation_detail.csv#method=kan_generic;N=500;reference_repeat=2;update=5000;synthetic://REF_ONLY_kan_generic_N500_K100_H800_s2/positive_update_05000/NO_WEIGHTS
kan_generic,500,100,800,2,6000,1,10,10,-0.5449357230343279,-54.49357230343279,synthetic://REF_ONLY_kan_generic_N500_K100_H800_s2/positive_update_06000/NO_WEIGHTS,HYPOTHETICAL_REFERENCE_ONLY:04_selection/checkpoint_validation_detail.csv#method=kan_generic;N=500;reference_repeat=2;update=6000;synthetic://REF_ONLY_kan_generic_N500_K100_H800_s2/positive_update_06000/NO_WEIGHTS
kan_generic,500,100,800,2,7000,1,10,10,-0.5502049210634822,-55.020492106348215,synthetic://REF_ONLY_kan_generic_N500_K100_H800_s2/positive_update_07000/NO_WEIGHTS,HYPOTHETICAL_REFERENCE_ONLY:04_selection/checkpoint_validation_detail.csv#method=kan_generic;N=500;reference_repeat=2;update=7000;synthetic://REF_ONLY_kan_generic_N500_K100_H800_s2/positive_update_07000/NO_WEIGHTS
kan_generic,500,100,800,2,8000,1,10,10,-0.562444924928232,-56.2444924928232,synthetic://REF_ONLY_kan_generic_N500_K100_H800_s2/positive_update_08000/NO_WEIGHTS,HYPOTHETICAL_REFERENCE_ONLY:04_selection/checkpoint_validation_detail.csv#method=kan_generic;N=500;reference_repeat=2;update=8000;synthetic://REF_ONLY_kan_generic_N500_K100_H800_s2/positive_update_08000/NO_WEIGHTS
kan_generic,500,100,800,2,9000,1,10,10,-0.5656980244043307,-56.56980244043307,synthetic://REF_ONLY_kan_generic_N500_K100_H800_s2/positive_update_09000/NO_WEIGHTS,HYPOTHETICAL_REFERENCE_ONLY:04_selection/checkpoint_validation_detail.csv#method=kan_generic;N=500;reference_repeat=2;update=9000;synthetic://REF_ONLY_kan_generic_N500_K100_H800_s2/positive_update_09000/NO_WEIGHTS
kan_generic,500,100,800,2,10000,1,10,10,-0.5701730451176891,-57.017304511768906,synthetic://REF_ONLY_kan_generic_N500_K100_H800_s2/positive_update_10000/NO_WEIGHTS,HYPOTHETICAL_REFERENCE_ONLY:04_selection/checkpoint_validation_detail.csv#method=kan_generic;N=500;reference_repeat=2;update=10000;synthetic://REF_ONLY_kan_generic_N500_K100_H800_s2/positive_update_10000/NO_WEIGHTS
kan_generic,500,100,800,2,11000,1,10,10,-0.5474070795688575,-54.74070795688575,synthetic://REF_ONLY_kan_generic_N500_K100_H800_s2/positive_update_11000/NO_WEIGHTS,HYPOTHETICAL_REFERENCE_ONLY:04_selection/checkpoint_validation_detail.csv#method=kan_generic;N=500;reference_repeat=2;update=11000;synthetic://REF_ONLY_kan_generic_N500_K100_H800_s2/positive_update_11000/NO_WEIGHTS
kan_generic,500,100,800,2,12000,1,10,10,-0.5630982922214036,-56.309829222140365,synthetic://REF_ONLY_kan_generic_N500_K100_H800_s2/positive_update_12000/NO_WEIGHTS,HYPOTHETICAL_REFERENCE_ONLY:04_selection/checkpoint_validation_detail.csv#method=kan_generic;N=500;reference_repeat=2;update=12000;synthetic://REF_ONLY_kan_generic_N500_K100_H800_s2/positive_update_12000/NO_WEIGHTS
kan_generic,500,100,800,2,13000,1,10,10,-0.5565330841967023,-55.65330841967023,synthetic://REF_ONLY_kan_generic_N500_K100_H800_s2/positive_update_13000/NO_WEIGHTS,HYPOTHETICAL_REFERENCE_ONLY:04_selection/checkpoint_validation_detail.csv#method=kan_generic;N=500;reference_repeat=2;update=13000;synthetic://REF_ONLY_kan_generic_N500_K100_H800_s2/positive_update_13000/NO_WEIGHTS
kan_generic,500,100,800,2,14000,1,10,10,-0.5784768843456505,-57.84768843456505,synthetic://REF_ONLY_kan_generic_N500_K100_H800_s2/positive_update_14000/NO_WEIGHTS,HYPOTHETICAL_REFERENCE_ONLY:04_selection/checkpoint_validation_detail.csv#method=kan_generic;N=500;reference_repeat=2;update=14000;synthetic://REF_ONLY_kan_generic_N500_K100_H800_s2/positive_update_14000/NO_WEIGHTS
kan_generic,500,100,800,2,15000,1,10,10,-0.5753793254779039,-57.53793254779039,synthetic://REF_ONLY_kan_generic_N500_K100_H800_s2/positive_update_15000/NO_WEIGHTS,HYPOTHETICAL_REFERENCE_ONLY:04_selection/checkpoint_validation_detail.csv#method=kan_generic;N=500;reference_repeat=2;update=15000;synthetic://REF_ONLY_kan_generic_N500_K100_H800_s2/positive_update_15000/NO_WEIGHTS
kan_generic,500,100,800,2,16000,1,10,10,-0.5786933941441893,-57.86933941441893,synthetic://REF_ONLY_kan_generic_N500_K100_H800_s2/positive_update_16000/NO_WEIGHTS,HYPOTHETICAL_REFERENCE_ONLY:04_selection/checkpoint_validation_detail.csv#method=kan_generic;N=500;reference_repeat=2;update=16000;synthetic://REF_ONLY_kan_generic_N500_K100_H800_s2/positive_update_16000/NO_WEIGHTS
kan_generic,500,100,800,2,17000,1,10,10,-0.5800625386307297,-58.00625386307296,synthetic://REF_ONLY_kan_generic_N500_K100_H800_s2/positive_update_17000/NO_WEIGHTS,HYPOTHETICAL_REFERENCE_ONLY:04_selection/checkpoint_validation_detail.csv#method=kan_generic;N=500;reference_repeat=2;update=17000;synthetic://REF_ONLY_kan_generic_N500_K100_H800_s2/positive_update_17000/NO_WEIGHTS
kan_generic,500,100,800,2,18000,1,10,10,-0.5714689859034798,-57.14689859034798,synthetic://REF_ONLY_kan_generic_N500_K100_H800_s2/positive_update_18000/NO_WEIGHTS,HYPOTHETICAL_REFERENCE_ONLY:04_selection/checkpoint_validation_detail.csv#method=kan_generic;N=500;reference_repeat=2;update=18000;synthetic://REF_ONLY_kan_generic_N500_K100_H800_s2/positive_update_18000/NO_WEIGHTS
kan_generic,500,100,800,2,19000,1,10,10,-0.5758590894839886,-57.58590894839885,synthetic://REF_ONLY_kan_generic_N500_K100_H800_s2/positive_update_19000/NO_WEIGHTS,HYPOTHETICAL_REFERENCE_ONLY:04_selection/checkpoint_validation_detail.csv#method=kan_generic;N=500;reference_repeat=2;update=19000;synthetic://REF_ONLY_kan_generic_N500_K100_H800_s2/positive_update_19000/NO_WEIGHTS
kan_generic,500,100,800,2,20000,1,10,10,-0.590124267611885,-59.01242676118849,synthetic://REF_ONLY_kan_generic_N500_K100_H800_s2/positive_update_20000/NO_WEIGHTS,HYPOTHETICAL_REFERENCE_ONLY:04_selection/checkpoint_validation_detail.csv#method=kan_generic;N=500;reference_repeat=2;update=20000;synthetic://REF_ONLY_kan_generic_N500_K100_H800_s2/positive_update_20000/NO_WEIGHTS
kan_generic,500,100,800,3,1000,1,10,10,-0.49104924302406544,-49.104924302406545,synthetic://REF_ONLY_kan_generic_N500_K100_H800_s3/positive_update_01000/NO_WEIGHTS,HYPOTHETICAL_REFERENCE_ONLY:04_selection/checkpoint_validation_detail.csv#method=kan_generic;N=500;reference_repeat=3;update=1000;synthetic://REF_ONLY_kan_generic_N500_K100_H800_s3/positive_update_01000/NO_WEIGHTS
kan_generic,500,100,800,3,2000,1,10,10,-0.4867733778177041,-48.677337781770404,synthetic://REF_ONLY_kan_generic_N500_K100_H800_s3/positive_update_02000/NO_WEIGHTS,HYPOTHETICAL_REFERENCE_ONLY:04_selection/checkpoint_validation_detail.csv#method=kan_generic;N=500;reference_repeat=3;update=2000;synthetic://REF_ONLY_kan_generic_N500_K100_H800_s3/positive_update_02000/NO_WEIGHTS
kan_generic,500,100,800,3,3000,1,10,10,-0.5050786164975964,-50.50786164975965,synthetic://REF_ONLY_kan_generic_N500_K100_H800_s3/positive_update_03000/NO_WEIGHTS,HYPOTHETICAL_REFERENCE_ONLY:04_selection/checkpoint_validation_detail.csv#method=kan_generic;N=500;reference_repeat=3;update=3000;synthetic://REF_ONLY_kan_generic_N500_K100_H800_s3/positive_update_03000/NO_WEIGHTS
kan_generic,500,100,800,3,4000,1,10,10,-0.4896352640318003,-48.96352640318003,synthetic://REF_ONLY_kan_generic_N500_K100_H800_s3/positive_update_04000/NO_WEIGHTS,HYPOTHETICAL_REFERENCE_ONLY:04_selection/checkpoint_validation_detail.csv#method=kan_generic;N=500;reference_repeat=3;update=4000;synthetic://REF_ONLY_kan_generic_N500_K100_H800_s3/positive_update_04000/NO_WEIGHTS
kan_generic,500,100,800,3,5000,1,10,10,-0.5195390804388182,-51.953908043881825,synthetic://REF_ONLY_kan_generic_N500_K100_H800_s3/positive_update_05000/NO_WEIGHTS,HYPOTHETICAL_REFERENCE_ONLY:04_selection/checkpoint_validation_detail.csv#method=kan_generic;N=500;reference_repeat=3;update=5000;synthetic://REF_ONLY_kan_generic_N500_K100_H800_s3/positive_update_05000/NO_WEIGHTS
kan_generic,500,100,800,3,6000,1,10,10,-0.5274878698158256,-52.74878698158256,synthetic://REF_ONLY_kan_generic_N500_K100_H800_s3/positive_update_06000/NO_WEIGHTS,HYPOTHETICAL_REFERENCE_ONLY:04_selection/checkpoint_validation_detail.csv#method=kan_generic;N=500;reference_repeat=3;update=6000;synthetic://REF_ONLY_kan_generic_N500_K100_H800_s3/positive_update_06000/NO_WEIGHTS
kan_generic,500,100,800,3,7000,1,10,10,-0.535473469986546,-53.5473469986546,synthetic://REF_ONLY_kan_generic_N500_K100_H800_s3/positive_update_07000/NO_WEIGHTS,HYPOTHETICAL_REFERENCE_ONLY:04_selection/checkpoint_validation_detail.csv#method=kan_generic;N=500;reference_repeat=3;update=7000;synthetic://REF_ONLY_kan_generic_N500_K100_H800_s3/positive_update_07000/NO_WEIGHTS
kan_generic,500,100,800,3,8000,1,10,10,-0.5374055426283633,-53.740554262836326,synthetic://REF_ONLY_kan_generic_N500_K100_H800_s3/positive_update_08000/NO_WEIGHTS,HYPOTHETICAL_REFERENCE_ONLY:04_selection/checkpoint_validation_detail.csv#method=kan_generic;N=500;reference_repeat=3;update=8000;synthetic://REF_ONLY_kan_generic_N500_K100_H800_s3/positive_update_08000/NO_WEIGHTS
kan_generic,500,100,800,3,9000,1,10,10,-0.5324920652712168,-53.249206527121686,synthetic://REF_ONLY_kan_generic_N500_K100_H800_s3/positive_update_09000/NO_WEIGHTS,HYPOTHETICAL_REFERENCE_ONLY:04_selection/checkpoint_validation_detail.csv#method=kan_generic;N=500;reference_repeat=3;update=9000;synthetic://REF_ONLY_kan_generic_N500_K100_H800_s3/positive_update_09000/NO_WEIGHTS
kan_generic,500,100,800,3,10000,1,10,10,-0.5413959815057194,-54.13959815057194,synthetic://REF_ONLY_kan_generic_N500_K100_H800_s3/positive_update_10000/NO_WEIGHTS,HYPOTHETICAL_REFERENCE_ONLY:04_selection/checkpoint_validation_detail.csv#method=kan_generic;N=500;reference_repeat=3;update=10000;synthetic://REF_ONLY_kan_generic_N500_K100_H800_s3/positive_update_10000/NO_WEIGHTS
kan_generic,500,100,800,3,11000,1,10,10,-0.5555112175396162,-55.55112175396162,synthetic://REF_ONLY_kan_generic_N500_K100_H800_s3/positive_update_11000/NO_WEIGHTS,HYPOTHETICAL_REFERENCE_ONLY:04_selection/checkpoint_validation_detail.csv#method=kan_generic;N=500;reference_repeat=3;update=11000;synthetic://REF_ONLY_kan_generic_N500_K100_H800_s3/positive_update_11000/NO_WEIGHTS
kan_generic,500,100,800,3,12000,1,10,10,-0.5532104756570121,-55.32104756570121,synthetic://REF_ONLY_kan_generic_N500_K100_H800_s3/positive_update_12000/NO_WEIGHTS,HYPOTHETICAL_REFERENCE_ONLY:04_selection/checkpoint_validation_detail.csv#method=kan_generic;N=500;reference_repeat=3;update=12000;synthetic://REF_ONLY_kan_generic_N500_K100_H800_s3/positive_update_12000/NO_WEIGHTS
kan_generic,500,100,800,3,13000,1,10,10,-0.5544713262175717,-55.44713262175717,synthetic://REF_ONLY_kan_generic_N500_K100_H800_s3/positive_update_13000/NO_WEIGHTS,HYPOTHETICAL_REFERENCE_ONLY:04_selection/checkpoint_validation_detail.csv#method=kan_generic;N=500;reference_repeat=3;update=13000;synthetic://REF_ONLY_kan_generic_N500_K100_H800_s3/positive_update_13000/NO_WEIGHTS
kan_generic,500,100,800,3,14000,1,10,10,-0.5388033136454391,-53.880331364543906,synthetic://REF_ONLY_kan_generic_N500_K100_H800_s3/positive_update_14000/NO_WEIGHTS,HYPOTHETICAL_REFERENCE_ONLY:04_selection/checkpoint_validation_detail.csv#method=kan_generic;N=500;reference_repeat=3;update=14000;synthetic://REF_ONLY_kan_generic_N500_K100_H800_s3/positive_update_14000/NO_WEIGHTS
kan_generic,500,100,800,3,15000,1,10,10,-0.5504726245043147,-55.04726245043147,synthetic://REF_ONLY_kan_generic_N500_K100_H800_s3/positive_update_15000/NO_WEIGHTS,HYPOTHETICAL_REFERENCE_ONLY:04_selection/checkpoint_validation_detail.csv#method=kan_generic;N=500;reference_repeat=3;update=15000;synthetic://REF_ONLY_kan_generic_N500_K100_H800_s3/positive_update_15000/NO_WEIGHTS
kan_generic,500,100,800,3,16000,1,10,10,-0.5547398182577579,-55.47398182577579,synthetic://REF_ONLY_kan_generic_N500_K100_H800_s3/positive_update_16000/NO_WEIGHTS,HYPOTHETICAL_REFERENCE_ONLY:04_selection/checkpoint_validation_detail.csv#method=kan_generic;N=500;reference_repeat=3;update=16000;synthetic://REF_ONLY_kan_generic_N500_K100_H800_s3/positive_update_16000/NO_WEIGHTS
kan_generic,500,100,800,3,17000,1,10,10,-0.556969521561825,-55.6969521561825,synthetic://REF_ONLY_kan_generic_N500_K100_H800_s3/positive_update_17000/NO_WEIGHTS,HYPOTHETICAL_REFERENCE_ONLY:04_selection/checkpoint_validation_detail.csv#method=kan_generic;N=500;reference_repeat=3;update=17000;synthetic://REF_ONLY_kan_generic_N500_K100_H800_s3/positive_update_17000/NO_WEIGHTS
kan_generic,500,100,800,3,18000,1,10,10,-0.5634582704769648,-56.34582704769648,synthetic://REF_ONLY_kan_generic_N500_K100_H800_s3/positive_update_18000/NO_WEIGHTS,HYPOTHETICAL_REFERENCE_ONLY:04_selection/checkpoint_validation_detail.csv#method=kan_generic;N=500;reference_repeat=3;update=18000;synthetic://REF_ONLY_kan_generic_N500_K100_H800_s3/positive_update_18000/NO_WEIGHTS
kan_generic,500,100,800,3,19000,1,10,10,-0.566612950214183,-56.6612950214183,synthetic://REF_ONLY_kan_generic_N500_K100_H800_s3/positive_update_19000/NO_WEIGHTS,HYPOTHETICAL_REFERENCE_ONLY:04_selection/checkpoint_validation_detail.csv#method=kan_generic;N=500;reference_repeat=3;update=19000;synthetic://REF_ONLY_kan_generic_N500_K100_H800_s3/positive_update_19000/NO_WEIGHTS
kan_generic,500,100,800,3,20000,1,10,10,-0.5629847457128297,-56.29847457128297,synthetic://REF_ONLY_kan_generic_N500_K100_H800_s3/positive_update_20000/NO_WEIGHTS,HYPOTHETICAL_REFERENCE_ONLY:04_selection/checkpoint_validation_detail.csv#method=kan_generic;N=500;reference_repeat=3;update=20000;synthetic://REF_ONLY_kan_generic_N500_K100_H800_s3/positive_update_20000/NO_WEIGHTS
kan_generic,500,100,800,4,1000,1,10,10,-0.49162835033281493,-49.162835033281496,synthetic://REF_ONLY_kan_generic_N500_K100_H800_s4/positive_update_01000/NO_WEIGHTS,HYPOTHETICAL_REFERENCE_ONLY:04_selection/checkpoint_validation_detail.csv#method=kan_generic;N=500;reference_repeat=4;update=1000;synthetic://REF_ONLY_kan_generic_N500_K100_H800_s4/positive_update_01000/NO_WEIGHTS
kan_generic,500,100,800,4,2000,1,10,10,-0.5076905776484472,-50.76905776484472,synthetic://REF_ONLY_kan_generic_N500_K100_H800_s4/positive_update_02000/NO_WEIGHTS,HYPOTHETICAL_REFERENCE_ONLY:04_selection/checkpoint_validation_detail.csv#method=kan_generic;N=500;reference_repeat=4;update=2000;synthetic://REF_ONLY_kan_generic_N500_K100_H800_s4/positive_update_02000/NO_WEIGHTS
kan_generic,500,100,800,4,3000,1,10,10,-0.5307854435293256,-53.07854435293255,synthetic://REF_ONLY_kan_generic_N500_K100_H800_s4/positive_update_03000/NO_WEIGHTS,HYPOTHETICAL_REFERENCE_ONLY:04_selection/checkpoint_validation_detail.csv#method=kan_generic;N=500;reference_repeat=4;update=3000;synthetic://REF_ONLY_kan_generic_N500_K100_H800_s4/positive_update_03000/NO_WEIGHTS
kan_generic,500,100,800,4,4000,1,10,10,-0.5224925684832916,-52.24925684832916,synthetic://REF_ONLY_kan_generic_N500_K100_H800_s4/positive_update_04000/NO_WEIGHTS,HYPOTHETICAL_REFERENCE_ONLY:04_selection/checkpoint_validation_detail.csv#method=kan_generic;N=500;reference_repeat=4;update=4000;synthetic://REF_ONLY_kan_generic_N500_K100_H800_s4/positive_update_04000/NO_WEIGHTS
kan_generic,500,100,800,4,5000,1,10,10,-0.5143735169690724,-51.43735169690724,synthetic://REF_ONLY_kan_generic_N500_K100_H800_s4/positive_update_05000/NO_WEIGHTS,HYPOTHETICAL_REFERENCE_ONLY:04_selection/checkpoint_validation_detail.csv#method=kan_generic;N=500;reference_repeat=4;update=5000;synthetic://REF_ONLY_kan_generic_N500_K100_H800_s4/positive_update_05000/NO_WEIGHTS
kan_generic,500,100,800,4,6000,1,10,10,-0.5296726084424105,-52.967260844241046,synthetic://REF_ONLY_kan_generic_N500_K100_H800_s4/positive_update_06000/NO_WEIGHTS,HYPOTHETICAL_REFERENCE_ONLY:04_selection/checkpoint_validation_detail.csv#method=kan_generic;N=500;reference_repeat=4;update=6000;synthetic://REF_ONLY_kan_generic_N500_K100_H800_s4/positive_update_06000/NO_WEIGHTS
kan_generic,500,100,800,4,7000,1,10,10,-0.5231806227590515,-52.318062275905156,synthetic://REF_ONLY_kan_generic_N500_K100_H800_s4/positive_update_07000/NO_WEIGHTS,HYPOTHETICAL_REFERENCE_ONLY:04_selection/checkpoint_validation_detail.csv#method=kan_generic;N=500;reference_repeat=4;update=7000;synthetic://REF_ONLY_kan_generic_N500_K100_H800_s4/positive_update_07000/NO_WEIGHTS
kan_generic,500,100,800,4,8000,1,10,10,-0.5343310109506809,-53.43310109506809,synthetic://REF_ONLY_kan_generic_N500_K100_H800_s4/positive_update_08000/NO_WEIGHTS,HYPOTHETICAL_REFERENCE_ONLY:04_selection/checkpoint_validation_detail.csv#method=kan_generic;N=500;reference_repeat=4;update=8000;synthetic://REF_ONLY_kan_generic_N500_K100_H800_s4/positive_update_08000/NO_WEIGHTS
kan_generic,500,100,800,4,9000,1,10,10,-0.5380559885430075,-53.805598854300754,synthetic://REF_ONLY_kan_generic_N500_K100_H800_s4/positive_update_09000/NO_WEIGHTS,HYPOTHETICAL_REFERENCE_ONLY:04_selection/checkpoint_validation_detail.csv#method=kan_generic;N=500;reference_repeat=4;update=9000;synthetic://REF_ONLY_kan_generic_N500_K100_H800_s4/positive_update_09000/NO_WEIGHTS
kan_generic,500,100,800,4,10000,1,10,10,-0.5535763842201163,-55.35763842201163,synthetic://REF_ONLY_kan_generic_N500_K100_H800_s4/positive_update_10000/NO_WEIGHTS,HYPOTHETICAL_REFERENCE_ONLY:04_selection/checkpoint_validation_detail.csv#method=kan_generic;N=500;reference_repeat=4;update=10000;synthetic://REF_ONLY_kan_generic_N500_K100_H800_s4/positive_update_10000/NO_WEIGHTS
kan_generic,500,100,800,4,11000,1,10,10,-0.5542522434803947,-55.42522434803947,synthetic://REF_ONLY_kan_generic_N500_K100_H800_s4/positive_update_11000/NO_WEIGHTS,HYPOTHETICAL_REFERENCE_ONLY:04_selection/checkpoint_validation_detail.csv#method=kan_generic;N=500;reference_repeat=4;update=11000;synthetic://REF_ONLY_kan_generic_N500_K100_H800_s4/positive_update_11000/NO_WEIGHTS
kan_generic,500,100,800,4,12000,1,10,10,-0.5691790936646012,-56.917909366460115,synthetic://REF_ONLY_kan_generic_N500_K100_H800_s4/positive_update_12000/NO_WEIGHTS,HYPOTHETICAL_REFERENCE_ONLY:04_selection/checkpoint_validation_detail.csv#method=kan_generic;N=500;reference_repeat=4;update=12000;synthetic://REF_ONLY_kan_generic_N500_K100_H800_s4/positive_update_12000/NO_WEIGHTS
kan_generic,500,100,800,4,13000,1,10,10,-0.5689445059137711,-56.89445059137711,synthetic://REF_ONLY_kan_generic_N500_K100_H800_s4/positive_update_13000/NO_WEIGHTS,HYPOTHETICAL_REFERENCE_ONLY:04_selection/checkpoint_validation_detail.csv#method=kan_generic;N=500;reference_repeat=4;update=13000;synthetic://REF_ONLY_kan_generic_N500_K100_H800_s4/positive_update_13000/NO_WEIGHTS
kan_generic,500,100,800,4,14000,1,10,10,-0.5806678998144765,-58.066789981447656,synthetic://REF_ONLY_kan_generic_N500_K100_H800_s4/positive_update_14000/NO_WEIGHTS,HYPOTHETICAL_REFERENCE_ONLY:04_selection/checkpoint_validation_detail.csv#method=kan_generic;N=500;reference_repeat=4;update=14000;synthetic://REF_ONLY_kan_generic_N500_K100_H800_s4/positive_update_14000/NO_WEIGHTS
kan_generic,500,100,800,4,15000,1,10,10,-0.5792693281826269,-57.926932818262685,synthetic://REF_ONLY_kan_generic_N500_K100_H800_s4/positive_update_15000/NO_WEIGHTS,HYPOTHETICAL_REFERENCE_ONLY:04_selection/checkpoint_validation_detail.csv#method=kan_generic;N=500;reference_repeat=4;update=15000;synthetic://REF_ONLY_kan_generic_N500_K100_H800_s4/positive_update_15000/NO_WEIGHTS
kan_generic,500,100,800,4,16000,1,10,10,-0.5813955541951038,-58.13955541951038,synthetic://REF_ONLY_kan_generic_N500_K100_H800_s4/positive_update_16000/NO_WEIGHTS,HYPOTHETICAL_REFERENCE_ONLY:04_selection/checkpoint_validation_detail.csv#method=kan_generic;N=500;reference_repeat=4;update=16000;synthetic://REF_ONLY_kan_generic_N500_K100_H800_s4/positive_update_16000/NO_WEIGHTS
kan_generic,500,100,800,4,17000,1,10,10,-0.5901452779198739,-59.01452779198739,synthetic://REF_ONLY_kan_generic_N500_K100_H800_s4/positive_update_17000/NO_WEIGHTS,HYPOTHETICAL_REFERENCE_ONLY:04_selection/checkpoint_validation_detail.csv#method=kan_generic;N=500;reference_repeat=4;update=17000;synthetic://REF_ONLY_kan_generic_N500_K100_H800_s4/positive_update_17000/NO_WEIGHTS
kan_generic,500,100,800,4,18000,1,10,10,-0.5706217031932707,-57.062170319327066,synthetic://REF_ONLY_kan_generic_N500_K100_H800_s4/positive_update_18000/NO_WEIGHTS,HYPOTHETICAL_REFERENCE_ONLY:04_selection/checkpoint_validation_detail.csv#method=kan_generic;N=500;reference_repeat=4;update=18000;synthetic://REF_ONLY_kan_generic_N500_K100_H800_s4/positive_update_18000/NO_WEIGHTS
kan_generic,500,100,800,4,19000,1,10,10,-0.5788607737521585,-57.88607737521585,synthetic://REF_ONLY_kan_generic_N500_K100_H800_s4/positive_update_19000/NO_WEIGHTS,HYPOTHETICAL_REFERENCE_ONLY:04_selection/checkpoint_validation_detail.csv#method=kan_generic;N=500;reference_repeat=4;update=19000;synthetic://REF_ONLY_kan_generic_N500_K100_H800_s4/positive_update_19000/NO_WEIGHTS
kan_generic,500,100,800,4,20000,1,10,10,-0.5953994330333178,-59.539943303331775,synthetic://REF_ONLY_kan_generic_N500_K100_H800_s4/positive_update_20000/NO_WEIGHTS,HYPOTHETICAL_REFERENCE_ONLY:04_selection/checkpoint_validation_detail.csv#method=kan_generic;N=500;reference_repeat=4;update=20000;synthetic://REF_ONLY_kan_generic_N500_K100_H800_s4/positive_update_20000/NO_WEIGHTS
kan_generic,500,100,800,5,1000,1,10,10,-0.4918177664670744,-49.18177664670744,synthetic://REF_ONLY_kan_generic_N500_K100_H800_s5/positive_update_01000/NO_WEIGHTS,HYPOTHETICAL_REFERENCE_ONLY:04_selection/checkpoint_validation_detail.csv#method=kan_generic;N=500;reference_repeat=5;update=1000;synthetic://REF_ONLY_kan_generic_N500_K100_H800_s5/positive_update_01000/NO_WEIGHTS
kan_generic,500,100,800,5,2000,1,10,10,-0.5138504063307335,-51.38504063307335,synthetic://REF_ONLY_kan_generic_N500_K100_H800_s5/positive_update_02000/NO_WEIGHTS,HYPOTHETICAL_REFERENCE_ONLY:04_selection/checkpoint_validation_detail.csv#method=kan_generic;N=500;reference_repeat=5;update=2000;synthetic://REF_ONLY_kan_generic_N500_K100_H800_s5/positive_update_02000/NO_WEIGHTS
kan_generic,500,100,800,5,3000,1,10,10,-0.50155684452504,-50.155684452504005,synthetic://REF_ONLY_kan_generic_N500_K100_H800_s5/positive_update_03000/NO_WEIGHTS,HYPOTHETICAL_REFERENCE_ONLY:04_selection/checkpoint_validation_detail.csv#method=kan_generic;N=500;reference_repeat=5;update=3000;synthetic://REF_ONLY_kan_generic_N500_K100_H800_s5/positive_update_03000/NO_WEIGHTS
kan_generic,500,100,800,5,4000,1,10,10,-0.5160808972345443,-51.608089723454434,synthetic://REF_ONLY_kan_generic_N500_K100_H800_s5/positive_update_04000/NO_WEIGHTS,HYPOTHETICAL_REFERENCE_ONLY:04_selection/checkpoint_validation_detail.csv#method=kan_generic;N=500;reference_repeat=5;update=4000;synthetic://REF_ONLY_kan_generic_N500_K100_H800_s5/positive_update_04000/NO_WEIGHTS
kan_generic,500,100,800,5,5000,1,10,10,-0.5236954157120125,-52.36954157120125,synthetic://REF_ONLY_kan_generic_N500_K100_H800_s5/positive_update_05000/NO_WEIGHTS,HYPOTHETICAL_REFERENCE_ONLY:04_selection/checkpoint_validation_detail.csv#method=kan_generic;N=500;reference_repeat=5;update=5000;synthetic://REF_ONLY_kan_generic_N500_K100_H800_s5/positive_update_05000/NO_WEIGHTS
kan_generic,500,100,800,5,6000,1,10,10,-0.5295146464787451,-52.951464647874516,synthetic://REF_ONLY_kan_generic_N500_K100_H800_s5/positive_update_06000/NO_WEIGHTS,HYPOTHETICAL_REFERENCE_ONLY:04_selection/checkpoint_validation_detail.csv#method=kan_generic;N=500;reference_repeat=5;update=6000;synthetic://REF_ONLY_kan_generic_N500_K100_H800_s5/positive_update_06000/NO_WEIGHTS
kan_generic,500,100,800,5,7000,1,10,10,-0.5400765682802067,-54.007656828020664,synthetic://REF_ONLY_kan_generic_N500_K100_H800_s5/positive_update_07000/NO_WEIGHTS,HYPOTHETICAL_REFERENCE_ONLY:04_selection/checkpoint_validation_detail.csv#method=kan_generic;N=500;reference_repeat=5;update=7000;synthetic://REF_ONLY_kan_generic_N500_K100_H800_s5/positive_update_07000/NO_WEIGHTS
kan_generic,500,100,800,5,8000,1,10,10,-0.5541333091181153,-55.41333091181153,synthetic://REF_ONLY_kan_generic_N500_K100_H800_s5/positive_update_08000/NO_WEIGHTS,HYPOTHETICAL_REFERENCE_ONLY:04_selection/checkpoint_validation_detail.csv#method=kan_generic;N=500;reference_repeat=5;update=8000;synthetic://REF_ONLY_kan_generic_N500_K100_H800_s5/positive_update_08000/NO_WEIGHTS
kan_generic,500,100,800,5,9000,1,10,10,-0.55113924672941,-55.113924672940996,synthetic://REF_ONLY_kan_generic_N500_K100_H800_s5/positive_update_09000/NO_WEIGHTS,HYPOTHETICAL_REFERENCE_ONLY:04_selection/checkpoint_validation_detail.csv#method=kan_generic;N=500;reference_repeat=5;update=9000;synthetic://REF_ONLY_kan_generic_N500_K100_H800_s5/positive_update_09000/NO_WEIGHTS
kan_generic,500,100,800,5,10000,1,10,10,-0.5570431710702839,-55.70431710702839,synthetic://REF_ONLY_kan_generic_N500_K100_H800_s5/positive_update_10000/NO_WEIGHTS,HYPOTHETICAL_REFERENCE_ONLY:04_selection/checkpoint_validation_detail.csv#method=kan_generic;N=500;reference_repeat=5;update=10000;synthetic://REF_ONLY_kan_generic_N500_K100_H800_s5/positive_update_10000/NO_WEIGHTS
kan_generic,500,100,800,5,11000,1,10,10,-0.5547710497564237,-55.47710497564237,synthetic://REF_ONLY_kan_generic_N500_K100_H800_s5/positive_update_11000/NO_WEIGHTS,HYPOTHETICAL_REFERENCE_ONLY:04_selection/checkpoint_validation_detail.csv#method=kan_generic;N=500;reference_repeat=5;update=11000;synthetic://REF_ONLY_kan_generic_N500_K100_H800_s5/positive_update_11000/NO_WEIGHTS
kan_generic,500,100,800,5,12000,1,10,10,-0.5598505843107309,-55.985058431073085,synthetic://REF_ONLY_kan_generic_N500_K100_H800_s5/positive_update_12000/NO_WEIGHTS,HYPOTHETICAL_REFERENCE_ONLY:04_selection/checkpoint_validation_detail.csv#method=kan_generic;N=500;reference_repeat=5;update=12000;synthetic://REF_ONLY_kan_generic_N500_K100_H800_s5/positive_update_12000/NO_WEIGHTS
kan_generic,500,100,800,5,13000,1,10,10,-0.5586774395218883,-55.86774395218883,synthetic://REF_ONLY_kan_generic_N500_K100_H800_s5/positive_update_13000/NO_WEIGHTS,HYPOTHETICAL_REFERENCE_ONLY:04_selection/checkpoint_validation_detail.csv#method=kan_generic;N=500;reference_repeat=5;update=13000;synthetic://REF_ONLY_kan_generic_N500_K100_H800_s5/positive_update_13000/NO_WEIGHTS
kan_generic,500,100,800,5,14000,1,10,10,-0.5658135024823208,-56.58135024823208,synthetic://REF_ONLY_kan_generic_N500_K100_H800_s5/positive_update_14000/NO_WEIGHTS,HYPOTHETICAL_REFERENCE_ONLY:04_selection/checkpoint_validation_detail.csv#method=kan_generic;N=500;reference_repeat=5;update=14000;synthetic://REF_ONLY_kan_generic_N500_K100_H800_s5/positive_update_14000/NO_WEIGHTS
kan_generic,500,100,800,5,15000,1,10,10,-0.5738272574017443,-57.382725740174436,synthetic://REF_ONLY_kan_generic_N500_K100_H800_s5/positive_update_15000/NO_WEIGHTS,HYPOTHETICAL_REFERENCE_ONLY:04_selection/checkpoint_validation_detail.csv#method=kan_generic;N=500;reference_repeat=5;update=15000;synthetic://REF_ONLY_kan_generic_N500_K100_H800_s5/positive_update_15000/NO_WEIGHTS
kan_generic,500,100,800,5,16000,1,10,10,-0.5715451265143424,-57.15451265143424,synthetic://REF_ONLY_kan_generic_N500_K100_H800_s5/positive_update_16000/NO_WEIGHTS,HYPOTHETICAL_REFERENCE_ONLY:04_selection/checkpoint_validation_detail.csv#method=kan_generic;N=500;reference_repeat=5;update=16000;synthetic://REF_ONLY_kan_generic_N500_K100_H800_s5/positive_update_16000/NO_WEIGHTS
kan_generic,500,100,800,5,17000,1,10,10,-0.5838692383131618,-58.38692383131618,synthetic://REF_ONLY_kan_generic_N500_K100_H800_s5/positive_update_17000/NO_WEIGHTS,HYPOTHETICAL_REFERENCE_ONLY:04_selection/checkpoint_validation_detail.csv#method=kan_generic;N=500;reference_repeat=5;update=17000;synthetic://REF_ONLY_kan_generic_N500_K100_H800_s5/positive_update_17000/NO_WEIGHTS
kan_generic,500,100,800,5,18000,1,10,10,-0.5713313994156997,-57.133139941569965,synthetic://REF_ONLY_kan_generic_N500_K100_H800_s5/positive_update_18000/NO_WEIGHTS,HYPOTHETICAL_REFERENCE_ONLY:04_selection/checkpoint_validation_detail.csv#method=kan_generic;N=500;reference_repeat=5;update=18000;synthetic://REF_ONLY_kan_generic_N500_K100_H800_s5/positive_update_18000/NO_WEIGHTS
kan_generic,500,100,800,5,19000,1,10,10,-0.5682985039456361,-56.82985039456361,synthetic://REF_ONLY_kan_generic_N500_K100_H800_s5/positive_update_19000/NO_WEIGHTS,HYPOTHETICAL_REFERENCE_ONLY:04_selection/checkpoint_validation_detail.csv#method=kan_generic;N=500;reference_repeat=5;update=19000;synthetic://REF_ONLY_kan_generic_N500_K100_H800_s5/positive_update_19000/NO_WEIGHTS
kan_generic,500,100,800,5,20000,1,10,10,-0.5614489490595019,-56.144894905950196,synthetic://REF_ONLY_kan_generic_N500_K100_H800_s5/positive_update_20000/NO_WEIGHTS,HYPOTHETICAL_REFERENCE_ONLY:04_selection/checkpoint_validation_detail.csv#method=kan_generic;N=500;reference_repeat=5;update=20000;synthetic://REF_ONLY_kan_generic_N500_K100_H800_s5/positive_update_20000/NO_WEIGHTS
mlp213,1000,100,800,1,1000,1,10,10,-0.5658239644815566,-56.582396448155656,synthetic://REF_ONLY_mlp213_N1000_K100_H800_s1/positive_update_01000/NO_WEIGHTS,HYPOTHETICAL_REFERENCE_ONLY:04_selection/checkpoint_validation_detail.csv#method=mlp213;N=1000;reference_repeat=1;update=1000;synthetic://REF_ONLY_mlp213_N1000_K100_H800_s1/positive_update_01000/NO_WEIGHTS
mlp213,1000,100,800,1,2000,1,10,10,-0.5832014730273768,-58.32014730273768,synthetic://REF_ONLY_mlp213_N1000_K100_H800_s1/positive_update_02000/NO_WEIGHTS,HYPOTHETICAL_REFERENCE_ONLY:04_selection/checkpoint_validation_detail.csv#method=mlp213;N=1000;reference_repeat=1;update=2000;synthetic://REF_ONLY_mlp213_N1000_K100_H800_s1/positive_update_02000/NO_WEIGHTS
mlp213,1000,100,800,1,3000,1,10,10,-0.5882467984771761,-58.82467984771761,synthetic://REF_ONLY_mlp213_N1000_K100_H800_s1/positive_update_03000/NO_WEIGHTS,HYPOTHETICAL_REFERENCE_ONLY:04_selection/checkpoint_validation_detail.csv#method=mlp213;N=1000;reference_repeat=1;update=3000;synthetic://REF_ONLY_mlp213_N1000_K100_H800_s1/positive_update_03000/NO_WEIGHTS
mlp213,1000,100,800,1,4000,1,10,10,-0.5735877749831683,-57.358777498316826,synthetic://REF_ONLY_mlp213_N1000_K100_H800_s1/positive_update_04000/NO_WEIGHTS,HYPOTHETICAL_REFERENCE_ONLY:04_selection/checkpoint_validation_detail.csv#method=mlp213;N=1000;reference_repeat=1;update=4000;synthetic://REF_ONLY_mlp213_N1000_K100_H800_s1/positive_update_04000/NO_WEIGHTS
mlp213,1000,100,800,1,5000,1,10,10,-0.5883590061104284,-58.83590061104284,synthetic://REF_ONLY_mlp213_N1000_K100_H800_s1/positive_update_05000/NO_WEIGHTS,HYPOTHETICAL_REFERENCE_ONLY:04_selection/checkpoint_validation_detail.csv#method=mlp213;N=1000;reference_repeat=1;update=5000;synthetic://REF_ONLY_mlp213_N1000_K100_H800_s1/positive_update_05000/NO_WEIGHTS
mlp213,1000,100,800,1,6000,1,10,10,-0.5885006807157411,-58.850068071574114,synthetic://REF_ONLY_mlp213_N1000_K100_H800_s1/positive_update_06000/NO_WEIGHTS,HYPOTHETICAL_REFERENCE_ONLY:04_selection/checkpoint_validation_detail.csv#method=mlp213;N=1000;reference_repeat=1;update=6000;synthetic://REF_ONLY_mlp213_N1000_K100_H800_s1/positive_update_06000/NO_WEIGHTS
mlp213,1000,100,800,1,7000,1,10,10,-0.5859096783090676,-58.59096783090676,synthetic://REF_ONLY_mlp213_N1000_K100_H800_s1/positive_update_07000/NO_WEIGHTS,HYPOTHETICAL_REFERENCE_ONLY:04_selection/checkpoint_validation_detail.csv#method=mlp213;N=1000;reference_repeat=1;update=7000;synthetic://REF_ONLY_mlp213_N1000_K100_H800_s1/positive_update_07000/NO_WEIGHTS
mlp213,1000,100,800,1,8000,1,10,10,-0.5842175051437424,-58.42175051437424,synthetic://REF_ONLY_mlp213_N1000_K100_H800_s1/positive_update_08000/NO_WEIGHTS,HYPOTHETICAL_REFERENCE_ONLY:04_selection/checkpoint_validation_detail.csv#method=mlp213;N=1000;reference_repeat=1;update=8000;synthetic://REF_ONLY_mlp213_N1000_K100_H800_s1/positive_update_08000/NO_WEIGHTS
mlp213,1000,100,800,1,9000,1,10,10,-0.5893160483078523,-58.93160483078523,synthetic://REF_ONLY_mlp213_N1000_K100_H800_s1/positive_update_09000/NO_WEIGHTS,HYPOTHETICAL_REFERENCE_ONLY:04_selection/checkpoint_validation_detail.csv#method=mlp213;N=1000;reference_repeat=1;update=9000;synthetic://REF_ONLY_mlp213_N1000_K100_H800_s1/positive_update_09000/NO_WEIGHTS
mlp213,1000,100,800,1,10000,1,10,10,-0.5887717168259974,-58.87717168259974,synthetic://REF_ONLY_mlp213_N1000_K100_H800_s1/positive_update_10000/NO_WEIGHTS,HYPOTHETICAL_REFERENCE_ONLY:04_selection/checkpoint_validation_detail.csv#method=mlp213;N=1000;reference_repeat=1;update=10000;synthetic://REF_ONLY_mlp213_N1000_K100_H800_s1/positive_update_10000/NO_WEIGHTS
mlp213,1000,100,800,1,11000,1,10,10,-0.5945596114913125,-59.455961149131255,synthetic://REF_ONLY_mlp213_N1000_K100_H800_s1/positive_update_11000/NO_WEIGHTS,HYPOTHETICAL_REFERENCE_ONLY:04_selection/checkpoint_validation_detail.csv#method=mlp213;N=1000;reference_repeat=1;update=11000;synthetic://REF_ONLY_mlp213_N1000_K100_H800_s1/positive_update_11000/NO_WEIGHTS
mlp213,1000,100,800,1,12000,1,10,10,-0.5770233998588318,-57.70233998588318,synthetic://REF_ONLY_mlp213_N1000_K100_H800_s1/positive_update_12000/NO_WEIGHTS,HYPOTHETICAL_REFERENCE_ONLY:04_selection/checkpoint_validation_detail.csv#method=mlp213;N=1000;reference_repeat=1;update=12000;synthetic://REF_ONLY_mlp213_N1000_K100_H800_s1/positive_update_12000/NO_WEIGHTS
mlp213,1000,100,800,1,13000,1,10,10,-0.5893156247071225,-58.93156247071225,synthetic://REF_ONLY_mlp213_N1000_K100_H800_s1/positive_update_13000/NO_WEIGHTS,HYPOTHETICAL_REFERENCE_ONLY:04_selection/checkpoint_validation_detail.csv#method=mlp213;N=1000;reference_repeat=1;update=13000;synthetic://REF_ONLY_mlp213_N1000_K100_H800_s1/positive_update_13000/NO_WEIGHTS
mlp213,1000,100,800,1,14000,1,10,10,-0.5878540088214046,-58.78540088214046,synthetic://REF_ONLY_mlp213_N1000_K100_H800_s1/positive_update_14000/NO_WEIGHTS,HYPOTHETICAL_REFERENCE_ONLY:04_selection/checkpoint_validation_detail.csv#method=mlp213;N=1000;reference_repeat=1;update=14000;synthetic://REF_ONLY_mlp213_N1000_K100_H800_s1/positive_update_14000/NO_WEIGHTS
mlp213,1000,100,800,1,15000,1,10,10,-0.5957437820832073,-59.57437820832073,synthetic://REF_ONLY_mlp213_N1000_K100_H800_s1/positive_update_15000/NO_WEIGHTS,HYPOTHETICAL_REFERENCE_ONLY:04_selection/checkpoint_validation_detail.csv#method=mlp213;N=1000;reference_repeat=1;update=15000;synthetic://REF_ONLY_mlp213_N1000_K100_H800_s1/positive_update_15000/NO_WEIGHTS
mlp213,1000,100,800,1,16000,1,10,10,-0.6035044181882159,-60.35044181882159,synthetic://REF_ONLY_mlp213_N1000_K100_H800_s1/positive_update_16000/NO_WEIGHTS,HYPOTHETICAL_REFERENCE_ONLY:04_selection/checkpoint_validation_detail.csv#method=mlp213;N=1000;reference_repeat=1;update=16000;synthetic://REF_ONLY_mlp213_N1000_K100_H800_s1/positive_update_16000/NO_WEIGHTS
mlp213,1000,100,800,1,17000,1,10,10,-0.5870028688685502,-58.700286886855025,synthetic://REF_ONLY_mlp213_N1000_K100_H800_s1/positive_update_17000/NO_WEIGHTS,HYPOTHETICAL_REFERENCE_ONLY:04_selection/checkpoint_validation_detail.csv#method=mlp213;N=1000;reference_repeat=1;update=17000;synthetic://REF_ONLY_mlp213_N1000_K100_H800_s1/positive_update_17000/NO_WEIGHTS
mlp213,1000,100,800,1,18000,1,10,10,-0.588804199719226,-58.880419971922606,synthetic://REF_ONLY_mlp213_N1000_K100_H800_s1/positive_update_18000/NO_WEIGHTS,HYPOTHETICAL_REFERENCE_ONLY:04_selection/checkpoint_validation_detail.csv#method=mlp213;N=1000;reference_repeat=1;update=18000;synthetic://REF_ONLY_mlp213_N1000_K100_H800_s1/positive_update_18000/NO_WEIGHTS
mlp213,1000,100,800,1,19000,1,10,10,-0.5891688828074234,-58.91688828074234,synthetic://REF_ONLY_mlp213_N1000_K100_H800_s1/positive_update_19000/NO_WEIGHTS,HYPOTHETICAL_REFERENCE_ONLY:04_selection/checkpoint_validation_detail.csv#method=mlp213;N=1000;reference_repeat=1;update=19000;synthetic://REF_ONLY_mlp213_N1000_K100_H800_s1/positive_update_19000/NO_WEIGHTS
mlp213,1000,100,800,1,20000,1,10,10,-0.5794521682856696,-57.945216828566956,synthetic://REF_ONLY_mlp213_N1000_K100_H800_s1/positive_update_20000/NO_WEIGHTS,HYPOTHETICAL_REFERENCE_ONLY:04_selection/checkpoint_validation_detail.csv#method=mlp213;N=1000;reference_repeat=1;update=20000;synthetic://REF_ONLY_mlp213_N1000_K100_H800_s1/positive_update_20000/NO_WEIGHTS
mlp213,1000,100,800,2,1000,1,10,10,-0.5351469380963328,-53.514693809633286,synthetic://REF_ONLY_mlp213_N1000_K100_H800_s2/positive_update_01000/NO_WEIGHTS,HYPOTHETICAL_REFERENCE_ONLY:04_selection/checkpoint_validation_detail.csv#method=mlp213;N=1000;reference_repeat=2;update=1000;synthetic://REF_ONLY_mlp213_N1000_K100_H800_s2/positive_update_01000/NO_WEIGHTS
mlp213,1000,100,800,2,2000,1,10,10,-0.5378924095999602,-53.78924095999602,synthetic://REF_ONLY_mlp213_N1000_K100_H800_s2/positive_update_02000/NO_WEIGHTS,HYPOTHETICAL_REFERENCE_ONLY:04_selection/checkpoint_validation_detail.csv#method=mlp213;N=1000;reference_repeat=2;update=2000;synthetic://REF_ONLY_mlp213_N1000_K100_H800_s2/positive_update_02000/NO_WEIGHTS
mlp213,1000,100,800,2,3000,1,10,10,-0.5570273453284206,-55.70273453284206,synthetic://REF_ONLY_mlp213_N1000_K100_H800_s2/positive_update_03000/NO_WEIGHTS,HYPOTHETICAL_REFERENCE_ONLY:04_selection/checkpoint_validation_detail.csv#method=mlp213;N=1000;reference_repeat=2;update=3000;synthetic://REF_ONLY_mlp213_N1000_K100_H800_s2/positive_update_03000/NO_WEIGHTS
mlp213,1000,100,800,2,4000,1,10,10,-0.5535117723850459,-55.35117723850459,synthetic://REF_ONLY_mlp213_N1000_K100_H800_s2/positive_update_04000/NO_WEIGHTS,HYPOTHETICAL_REFERENCE_ONLY:04_selection/checkpoint_validation_detail.csv#method=mlp213;N=1000;reference_repeat=2;update=4000;synthetic://REF_ONLY_mlp213_N1000_K100_H800_s2/positive_update_04000/NO_WEIGHTS
mlp213,1000,100,800,2,5000,1,10,10,-0.5718454776122743,-57.184547761227435,synthetic://REF_ONLY_mlp213_N1000_K100_H800_s2/positive_update_05000/NO_WEIGHTS,HYPOTHETICAL_REFERENCE_ONLY:04_selection/checkpoint_validation_detail.csv#method=mlp213;N=1000;reference_repeat=2;update=5000;synthetic://REF_ONLY_mlp213_N1000_K100_H800_s2/positive_update_05000/NO_WEIGHTS
mlp213,1000,100,800,2,6000,1,10,10,-0.5617215187757656,-56.17215187757656,synthetic://REF_ONLY_mlp213_N1000_K100_H800_s2/positive_update_06000/NO_WEIGHTS,HYPOTHETICAL_REFERENCE_ONLY:04_selection/checkpoint_validation_detail.csv#method=mlp213;N=1000;reference_repeat=2;update=6000;synthetic://REF_ONLY_mlp213_N1000_K100_H800_s2/positive_update_06000/NO_WEIGHTS
mlp213,1000,100,800,2,7000,1,10,10,-0.5791569148235562,-57.915691482355626,synthetic://REF_ONLY_mlp213_N1000_K100_H800_s2/positive_update_07000/NO_WEIGHTS,HYPOTHETICAL_REFERENCE_ONLY:04_selection/checkpoint_validation_detail.csv#method=mlp213;N=1000;reference_repeat=2;update=7000;synthetic://REF_ONLY_mlp213_N1000_K100_H800_s2/positive_update_07000/NO_WEIGHTS
mlp213,1000,100,800,2,8000,1,10,10,-0.5992440001777237,-59.92440001777237,synthetic://REF_ONLY_mlp213_N1000_K100_H800_s2/positive_update_08000/NO_WEIGHTS,HYPOTHETICAL_REFERENCE_ONLY:04_selection/checkpoint_validation_detail.csv#method=mlp213;N=1000;reference_repeat=2;update=8000;synthetic://REF_ONLY_mlp213_N1000_K100_H800_s2/positive_update_08000/NO_WEIGHTS
mlp213,1000,100,800,2,9000,1,10,10,-0.5901402573279867,-59.01402573279867,synthetic://REF_ONLY_mlp213_N1000_K100_H800_s2/positive_update_09000/NO_WEIGHTS,HYPOTHETICAL_REFERENCE_ONLY:04_selection/checkpoint_validation_detail.csv#method=mlp213;N=1000;reference_repeat=2;update=9000;synthetic://REF_ONLY_mlp213_N1000_K100_H800_s2/positive_update_09000/NO_WEIGHTS
mlp213,1000,100,800,2,10000,1,10,10,-0.5899821466366003,-58.99821466366003,synthetic://REF_ONLY_mlp213_N1000_K100_H800_s2/positive_update_10000/NO_WEIGHTS,HYPOTHETICAL_REFERENCE_ONLY:04_selection/checkpoint_validation_detail.csv#method=mlp213;N=1000;reference_repeat=2;update=10000;synthetic://REF_ONLY_mlp213_N1000_K100_H800_s2/positive_update_10000/NO_WEIGHTS
mlp213,1000,100,800,2,11000,1,10,10,-0.6043972155202689,-60.439721552026896,synthetic://REF_ONLY_mlp213_N1000_K100_H800_s2/positive_update_11000/NO_WEIGHTS,HYPOTHETICAL_REFERENCE_ONLY:04_selection/checkpoint_validation_detail.csv#method=mlp213;N=1000;reference_repeat=2;update=11000;synthetic://REF_ONLY_mlp213_N1000_K100_H800_s2/positive_update_11000/NO_WEIGHTS
mlp213,1000,100,800,2,12000,1,10,10,-0.6032567096599804,-60.325670965998036,synthetic://REF_ONLY_mlp213_N1000_K100_H800_s2/positive_update_12000/NO_WEIGHTS,HYPOTHETICAL_REFERENCE_ONLY:04_selection/checkpoint_validation_detail.csv#method=mlp213;N=1000;reference_repeat=2;update=12000;synthetic://REF_ONLY_mlp213_N1000_K100_H800_s2/positive_update_12000/NO_WEIGHTS
mlp213,1000,100,800,2,13000,1,10,10,-0.5962377720101292,-59.62377720101292,synthetic://REF_ONLY_mlp213_N1000_K100_H800_s2/positive_update_13000/NO_WEIGHTS,HYPOTHETICAL_REFERENCE_ONLY:04_selection/checkpoint_validation_detail.csv#method=mlp213;N=1000;reference_repeat=2;update=13000;synthetic://REF_ONLY_mlp213_N1000_K100_H800_s2/positive_update_13000/NO_WEIGHTS
mlp213,1000,100,800,2,14000,1,10,10,-0.5920871436347706,-59.20871436347706,synthetic://REF_ONLY_mlp213_N1000_K100_H800_s2/positive_update_14000/NO_WEIGHTS,HYPOTHETICAL_REFERENCE_ONLY:04_selection/checkpoint_validation_detail.csv#method=mlp213;N=1000;reference_repeat=2;update=14000;synthetic://REF_ONLY_mlp213_N1000_K100_H800_s2/positive_update_14000/NO_WEIGHTS
mlp213,1000,100,800,2,15000,1,10,10,-0.5725154712504037,-57.25154712504037,synthetic://REF_ONLY_mlp213_N1000_K100_H800_s2/positive_update_15000/NO_WEIGHTS,HYPOTHETICAL_REFERENCE_ONLY:04_selection/checkpoint_validation_detail.csv#method=mlp213;N=1000;reference_repeat=2;update=15000;synthetic://REF_ONLY_mlp213_N1000_K100_H800_s2/positive_update_15000/NO_WEIGHTS
mlp213,1000,100,800,2,16000,1,10,10,-0.5778690304210431,-57.786903042104306,synthetic://REF_ONLY_mlp213_N1000_K100_H800_s2/positive_update_16000/NO_WEIGHTS,HYPOTHETICAL_REFERENCE_ONLY:04_selection/checkpoint_validation_detail.csv#method=mlp213;N=1000;reference_repeat=2;update=16000;synthetic://REF_ONLY_mlp213_N1000_K100_H800_s2/positive_update_16000/NO_WEIGHTS
mlp213,1000,100,800,2,17000,1,10,10,-0.579117712078767,-57.911771207876704,synthetic://REF_ONLY_mlp213_N1000_K100_H800_s2/positive_update_17000/NO_WEIGHTS,HYPOTHETICAL_REFERENCE_ONLY:04_selection/checkpoint_validation_detail.csv#method=mlp213;N=1000;reference_repeat=2;update=17000;synthetic://REF_ONLY_mlp213_N1000_K100_H800_s2/positive_update_17000/NO_WEIGHTS
mlp213,1000,100,800,2,18000,1,10,10,-0.5713903619900429,-57.13903619900429,synthetic://REF_ONLY_mlp213_N1000_K100_H800_s2/positive_update_18000/NO_WEIGHTS,HYPOTHETICAL_REFERENCE_ONLY:04_selection/checkpoint_validation_detail.csv#method=mlp213;N=1000;reference_repeat=2;update=18000;synthetic://REF_ONLY_mlp213_N1000_K100_H800_s2/positive_update_18000/NO_WEIGHTS
mlp213,1000,100,800,2,19000,1,10,10,-0.5606229764174064,-56.06229764174064,synthetic://REF_ONLY_mlp213_N1000_K100_H800_s2/positive_update_19000/NO_WEIGHTS,HYPOTHETICAL_REFERENCE_ONLY:04_selection/checkpoint_validation_detail.csv#method=mlp213;N=1000;reference_repeat=2;update=19000;synthetic://REF_ONLY_mlp213_N1000_K100_H800_s2/positive_update_19000/NO_WEIGHTS
mlp213,1000,100,800,2,20000,1,10,10,-0.5607261361365522,-56.07261361365522,synthetic://REF_ONLY_mlp213_N1000_K100_H800_s2/positive_update_20000/NO_WEIGHTS,HYPOTHETICAL_REFERENCE_ONLY:04_selection/checkpoint_validation_detail.csv#method=mlp213;N=1000;reference_repeat=2;update=20000;synthetic://REF_ONLY_mlp213_N1000_K100_H800_s2/positive_update_20000/NO_WEIGHTS
mlp213,1000,100,800,3,1000,1,10,10,-0.5605244815825204,-56.05244815825204,synthetic://REF_ONLY_mlp213_N1000_K100_H800_s3/positive_update_01000/NO_WEIGHTS,HYPOTHETICAL_REFERENCE_ONLY:04_selection/checkpoint_validation_detail.csv#method=mlp213;N=1000;reference_repeat=3;update=1000;synthetic://REF_ONLY_mlp213_N1000_K100_H800_s3/positive_update_01000/NO_WEIGHTS
mlp213,1000,100,800,3,2000,1,10,10,-0.5653681963564373,-56.53681963564373,synthetic://REF_ONLY_mlp213_N1000_K100_H800_s3/positive_update_02000/NO_WEIGHTS,HYPOTHETICAL_REFERENCE_ONLY:04_selection/checkpoint_validation_detail.csv#method=mlp213;N=1000;reference_repeat=3;update=2000;synthetic://REF_ONLY_mlp213_N1000_K100_H800_s3/positive_update_02000/NO_WEIGHTS
mlp213,1000,100,800,3,3000,1,10,10,-0.5802229337111615,-58.02229337111615,synthetic://REF_ONLY_mlp213_N1000_K100_H800_s3/positive_update_03000/NO_WEIGHTS,HYPOTHETICAL_REFERENCE_ONLY:04_selection/checkpoint_validation_detail.csv#method=mlp213;N=1000;reference_repeat=3;update=3000;synthetic://REF_ONLY_mlp213_N1000_K100_H800_s3/positive_update_03000/NO_WEIGHTS
mlp213,1000,100,800,3,4000,1,10,10,-0.5796594276546609,-57.965942765466096,synthetic://REF_ONLY_mlp213_N1000_K100_H800_s3/positive_update_04000/NO_WEIGHTS,HYPOTHETICAL_REFERENCE_ONLY:04_selection/checkpoint_validation_detail.csv#method=mlp213;N=1000;reference_repeat=3;update=4000;synthetic://REF_ONLY_mlp213_N1000_K100_H800_s3/positive_update_04000/NO_WEIGHTS
mlp213,1000,100,800,3,5000,1,10,10,-0.5884437538930012,-58.84437538930012,synthetic://REF_ONLY_mlp213_N1000_K100_H800_s3/positive_update_05000/NO_WEIGHTS,HYPOTHETICAL_REFERENCE_ONLY:04_selection/checkpoint_validation_detail.csv#method=mlp213;N=1000;reference_repeat=3;update=5000;synthetic://REF_ONLY_mlp213_N1000_K100_H800_s3/positive_update_05000/NO_WEIGHTS
mlp213,1000,100,800,3,6000,1,10,10,-0.5859720037451427,-58.597200374514266,synthetic://REF_ONLY_mlp213_N1000_K100_H800_s3/positive_update_06000/NO_WEIGHTS,HYPOTHETICAL_REFERENCE_ONLY:04_selection/checkpoint_validation_detail.csv#method=mlp213;N=1000;reference_repeat=3;update=6000;synthetic://REF_ONLY_mlp213_N1000_K100_H800_s3/positive_update_06000/NO_WEIGHTS
mlp213,1000,100,800,3,7000,1,10,10,-0.5918488533820337,-59.18488533820337,synthetic://REF_ONLY_mlp213_N1000_K100_H800_s3/positive_update_07000/NO_WEIGHTS,HYPOTHETICAL_REFERENCE_ONLY:04_selection/checkpoint_validation_detail.csv#method=mlp213;N=1000;reference_repeat=3;update=7000;synthetic://REF_ONLY_mlp213_N1000_K100_H800_s3/positive_update_07000/NO_WEIGHTS
mlp213,1000,100,800,3,8000,1,10,10,-0.5926467709143102,-59.26467709143102,synthetic://REF_ONLY_mlp213_N1000_K100_H800_s3/positive_update_08000/NO_WEIGHTS,HYPOTHETICAL_REFERENCE_ONLY:04_selection/checkpoint_validation_detail.csv#method=mlp213;N=1000;reference_repeat=3;update=8000;synthetic://REF_ONLY_mlp213_N1000_K100_H800_s3/positive_update_08000/NO_WEIGHTS
mlp213,1000,100,800,3,9000,1,10,10,-0.6019966431374084,-60.19966431374084,synthetic://REF_ONLY_mlp213_N1000_K100_H800_s3/positive_update_09000/NO_WEIGHTS,HYPOTHETICAL_REFERENCE_ONLY:04_selection/checkpoint_validation_detail.csv#method=mlp213;N=1000;reference_repeat=3;update=9000;synthetic://REF_ONLY_mlp213_N1000_K100_H800_s3/positive_update_09000/NO_WEIGHTS
mlp213,1000,100,800,3,10000,1,10,10,-0.5959455971095334,-59.59455971095334,synthetic://REF_ONLY_mlp213_N1000_K100_H800_s3/positive_update_10000/NO_WEIGHTS,HYPOTHETICAL_REFERENCE_ONLY:04_selection/checkpoint_validation_detail.csv#method=mlp213;N=1000;reference_repeat=3;update=10000;synthetic://REF_ONLY_mlp213_N1000_K100_H800_s3/positive_update_10000/NO_WEIGHTS
mlp213,1000,100,800,3,11000,1,10,10,-0.6095369464165966,-60.95369464165966,synthetic://REF_ONLY_mlp213_N1000_K100_H800_s3/positive_update_11000/NO_WEIGHTS,HYPOTHETICAL_REFERENCE_ONLY:04_selection/checkpoint_validation_detail.csv#method=mlp213;N=1000;reference_repeat=3;update=11000;synthetic://REF_ONLY_mlp213_N1000_K100_H800_s3/positive_update_11000/NO_WEIGHTS
mlp213,1000,100,800,3,12000,1,10,10,-0.5993639114826097,-59.93639114826097,synthetic://REF_ONLY_mlp213_N1000_K100_H800_s3/positive_update_12000/NO_WEIGHTS,HYPOTHETICAL_REFERENCE_ONLY:04_selection/checkpoint_validation_detail.csv#method=mlp213;N=1000;reference_repeat=3;update=12000;synthetic://REF_ONLY_mlp213_N1000_K100_H800_s3/positive_update_12000/NO_WEIGHTS
mlp213,1000,100,800,3,13000,1,10,10,-0.5946749028203626,-59.46749028203626,synthetic://REF_ONLY_mlp213_N1000_K100_H800_s3/positive_update_13000/NO_WEIGHTS,HYPOTHETICAL_REFERENCE_ONLY:04_selection/checkpoint_validation_detail.csv#method=mlp213;N=1000;reference_repeat=3;update=13000;synthetic://REF_ONLY_mlp213_N1000_K100_H800_s3/positive_update_13000/NO_WEIGHTS
mlp213,1000,100,800,3,14000,1,10,10,-0.6003042791360053,-60.030427913600526,synthetic://REF_ONLY_mlp213_N1000_K100_H800_s3/positive_update_14000/NO_WEIGHTS,HYPOTHETICAL_REFERENCE_ONLY:04_selection/checkpoint_validation_detail.csv#method=mlp213;N=1000;reference_repeat=3;update=14000;synthetic://REF_ONLY_mlp213_N1000_K100_H800_s3/positive_update_14000/NO_WEIGHTS
mlp213,1000,100,800,3,15000,1,10,10,-0.5986652318875989,-59.86652318875989,synthetic://REF_ONLY_mlp213_N1000_K100_H800_s3/positive_update_15000/NO_WEIGHTS,HYPOTHETICAL_REFERENCE_ONLY:04_selection/checkpoint_validation_detail.csv#method=mlp213;N=1000;reference_repeat=3;update=15000;synthetic://REF_ONLY_mlp213_N1000_K100_H800_s3/positive_update_15000/NO_WEIGHTS
mlp213,1000,100,800,3,16000,1,10,10,-0.6094470677148341,-60.94470677148342,synthetic://REF_ONLY_mlp213_N1000_K100_H800_s3/positive_update_16000/NO_WEIGHTS,HYPOTHETICAL_REFERENCE_ONLY:04_selection/checkpoint_validation_detail.csv#method=mlp213;N=1000;reference_repeat=3;update=16000;synthetic://REF_ONLY_mlp213_N1000_K100_H800_s3/positive_update_16000/NO_WEIGHTS
mlp213,1000,100,800,3,17000,1,10,10,-0.6093031283003691,-60.93031283003691,synthetic://REF_ONLY_mlp213_N1000_K100_H800_s3/positive_update_17000/NO_WEIGHTS,HYPOTHETICAL_REFERENCE_ONLY:04_selection/checkpoint_validation_detail.csv#method=mlp213;N=1000;reference_repeat=3;update=17000;synthetic://REF_ONLY_mlp213_N1000_K100_H800_s3/positive_update_17000/NO_WEIGHTS
mlp213,1000,100,800,3,18000,1,10,10,-0.6253222172889009,-62.53222172889009,synthetic://REF_ONLY_mlp213_N1000_K100_H800_s3/positive_update_18000/NO_WEIGHTS,HYPOTHETICAL_REFERENCE_ONLY:04_selection/checkpoint_validation_detail.csv#method=mlp213;N=1000;reference_repeat=3;update=18000;synthetic://REF_ONLY_mlp213_N1000_K100_H800_s3/positive_update_18000/NO_WEIGHTS
mlp213,1000,100,800,3,19000,1,10,10,-0.6169974329448191,-61.69974329448191,synthetic://REF_ONLY_mlp213_N1000_K100_H800_s3/positive_update_19000/NO_WEIGHTS,HYPOTHETICAL_REFERENCE_ONLY:04_selection/checkpoint_validation_detail.csv#method=mlp213;N=1000;reference_repeat=3;update=19000;synthetic://REF_ONLY_mlp213_N1000_K100_H800_s3/positive_update_19000/NO_WEIGHTS
mlp213,1000,100,800,3,20000,1,10,10,-0.6234695980905303,-62.346959809053025,synthetic://REF_ONLY_mlp213_N1000_K100_H800_s3/positive_update_20000/NO_WEIGHTS,HYPOTHETICAL_REFERENCE_ONLY:04_selection/checkpoint_validation_detail.csv#method=mlp213;N=1000;reference_repeat=3;update=20000;synthetic://REF_ONLY_mlp213_N1000_K100_H800_s3/positive_update_20000/NO_WEIGHTS
mlp213,1000,100,800,4,1000,1,10,10,-0.5292965982302074,-52.929659823020735,synthetic://REF_ONLY_mlp213_N1000_K100_H800_s4/positive_update_01000/NO_WEIGHTS,HYPOTHETICAL_REFERENCE_ONLY:04_selection/checkpoint_validation_detail.csv#method=mlp213;N=1000;reference_repeat=4;update=1000;synthetic://REF_ONLY_mlp213_N1000_K100_H800_s4/positive_update_01000/NO_WEIGHTS
mlp213,1000,100,800,4,2000,1,10,10,-0.5153685714152498,-51.53685714152498,synthetic://REF_ONLY_mlp213_N1000_K100_H800_s4/positive_update_02000/NO_WEIGHTS,HYPOTHETICAL_REFERENCE_ONLY:04_selection/checkpoint_validation_detail.csv#method=mlp213;N=1000;reference_repeat=4;update=2000;synthetic://REF_ONLY_mlp213_N1000_K100_H800_s4/positive_update_02000/NO_WEIGHTS
mlp213,1000,100,800,4,3000,1,10,10,-0.5309934467349013,-53.09934467349014,synthetic://REF_ONLY_mlp213_N1000_K100_H800_s4/positive_update_03000/NO_WEIGHTS,HYPOTHETICAL_REFERENCE_ONLY:04_selection/checkpoint_validation_detail.csv#method=mlp213;N=1000;reference_repeat=4;update=3000;synthetic://REF_ONLY_mlp213_N1000_K100_H800_s4/positive_update_03000/NO_WEIGHTS
mlp213,1000,100,800,4,4000,1,10,10,-0.5432681188335027,-54.32681188335027,synthetic://REF_ONLY_mlp213_N1000_K100_H800_s4/positive_update_04000/NO_WEIGHTS,HYPOTHETICAL_REFERENCE_ONLY:04_selection/checkpoint_validation_detail.csv#method=mlp213;N=1000;reference_repeat=4;update=4000;synthetic://REF_ONLY_mlp213_N1000_K100_H800_s4/positive_update_04000/NO_WEIGHTS
mlp213,1000,100,800,4,5000,1,10,10,-0.5415662221331811,-54.15662221331811,synthetic://REF_ONLY_mlp213_N1000_K100_H800_s4/positive_update_05000/NO_WEIGHTS,HYPOTHETICAL_REFERENCE_ONLY:04_selection/checkpoint_validation_detail.csv#method=mlp213;N=1000;reference_repeat=4;update=5000;synthetic://REF_ONLY_mlp213_N1000_K100_H800_s4/positive_update_05000/NO_WEIGHTS
mlp213,1000,100,800,4,6000,1,10,10,-0.530805663521415,-53.0805663521415,synthetic://REF_ONLY_mlp213_N1000_K100_H800_s4/positive_update_06000/NO_WEIGHTS,HYPOTHETICAL_REFERENCE_ONLY:04_selection/checkpoint_validation_detail.csv#method=mlp213;N=1000;reference_repeat=4;update=6000;synthetic://REF_ONLY_mlp213_N1000_K100_H800_s4/positive_update_06000/NO_WEIGHTS
mlp213,1000,100,800,4,7000,1,10,10,-0.5423408138025076,-54.234081380250764,synthetic://REF_ONLY_mlp213_N1000_K100_H800_s4/positive_update_07000/NO_WEIGHTS,HYPOTHETICAL_REFERENCE_ONLY:04_selection/checkpoint_validation_detail.csv#method=mlp213;N=1000;reference_repeat=4;update=7000;synthetic://REF_ONLY_mlp213_N1000_K100_H800_s4/positive_update_07000/NO_WEIGHTS
mlp213,1000,100,800,4,8000,1,10,10,-0.5609948181488005,-56.09948181488005,synthetic://REF_ONLY_mlp213_N1000_K100_H800_s4/positive_update_08000/NO_WEIGHTS,HYPOTHETICAL_REFERENCE_ONLY:04_selection/checkpoint_validation_detail.csv#method=mlp213;N=1000;reference_repeat=4;update=8000;synthetic://REF_ONLY_mlp213_N1000_K100_H800_s4/positive_update_08000/NO_WEIGHTS
mlp213,1000,100,800,4,9000,1,10,10,-0.5495581441396027,-54.95581441396027,synthetic://REF_ONLY_mlp213_N1000_K100_H800_s4/positive_update_09000/NO_WEIGHTS,HYPOTHETICAL_REFERENCE_ONLY:04_selection/checkpoint_validation_detail.csv#method=mlp213;N=1000;reference_repeat=4;update=9000;synthetic://REF_ONLY_mlp213_N1000_K100_H800_s4/positive_update_09000/NO_WEIGHTS
mlp213,1000,100,800,4,10000,1,10,10,-0.5607070444444954,-56.07070444444954,synthetic://REF_ONLY_mlp213_N1000_K100_H800_s4/positive_update_10000/NO_WEIGHTS,HYPOTHETICAL_REFERENCE_ONLY:04_selection/checkpoint_validation_detail.csv#method=mlp213;N=1000;reference_repeat=4;update=10000;synthetic://REF_ONLY_mlp213_N1000_K100_H800_s4/positive_update_10000/NO_WEIGHTS
mlp213,1000,100,800,4,11000,1,10,10,-0.5587302485075513,-55.87302485075513,synthetic://REF_ONLY_mlp213_N1000_K100_H800_s4/positive_update_11000/NO_WEIGHTS,HYPOTHETICAL_REFERENCE_ONLY:04_selection/checkpoint_validation_detail.csv#method=mlp213;N=1000;reference_repeat=4;update=11000;synthetic://REF_ONLY_mlp213_N1000_K100_H800_s4/positive_update_11000/NO_WEIGHTS
mlp213,1000,100,800,4,12000,1,10,10,-0.5606174787984471,-56.06174787984472,synthetic://REF_ONLY_mlp213_N1000_K100_H800_s4/positive_update_12000/NO_WEIGHTS,HYPOTHETICAL_REFERENCE_ONLY:04_selection/checkpoint_validation_detail.csv#method=mlp213;N=1000;reference_repeat=4;update=12000;synthetic://REF_ONLY_mlp213_N1000_K100_H800_s4/positive_update_12000/NO_WEIGHTS
mlp213,1000,100,800,4,13000,1,10,10,-0.5686254145576282,-56.862541455762816,synthetic://REF_ONLY_mlp213_N1000_K100_H800_s4/positive_update_13000/NO_WEIGHTS,HYPOTHETICAL_REFERENCE_ONLY:04_selection/checkpoint_validation_detail.csv#method=mlp213;N=1000;reference_repeat=4;update=13000;synthetic://REF_ONLY_mlp213_N1000_K100_H800_s4/positive_update_13000/NO_WEIGHTS
mlp213,1000,100,800,4,14000,1,10,10,-0.573326699686308,-57.3326699686308,synthetic://REF_ONLY_mlp213_N1000_K100_H800_s4/positive_update_14000/NO_WEIGHTS,HYPOTHETICAL_REFERENCE_ONLY:04_selection/checkpoint_validation_detail.csv#method=mlp213;N=1000;reference_repeat=4;update=14000;synthetic://REF_ONLY_mlp213_N1000_K100_H800_s4/positive_update_14000/NO_WEIGHTS
mlp213,1000,100,800,4,15000,1,10,10,-0.5844732687665982,-58.44732687665982,synthetic://REF_ONLY_mlp213_N1000_K100_H800_s4/positive_update_15000/NO_WEIGHTS,HYPOTHETICAL_REFERENCE_ONLY:04_selection/checkpoint_validation_detail.csv#method=mlp213;N=1000;reference_repeat=4;update=15000;synthetic://REF_ONLY_mlp213_N1000_K100_H800_s4/positive_update_15000/NO_WEIGHTS
mlp213,1000,100,800,4,16000,1,10,10,-0.5714758836481424,-57.14758836481424,synthetic://REF_ONLY_mlp213_N1000_K100_H800_s4/positive_update_16000/NO_WEIGHTS,HYPOTHETICAL_REFERENCE_ONLY:04_selection/checkpoint_validation_detail.csv#method=mlp213;N=1000;reference_repeat=4;update=16000;synthetic://REF_ONLY_mlp213_N1000_K100_H800_s4/positive_update_16000/NO_WEIGHTS
mlp213,1000,100,800,4,17000,1,10,10,-0.5801710604963412,-58.017106049634116,synthetic://REF_ONLY_mlp213_N1000_K100_H800_s4/positive_update_17000/NO_WEIGHTS,HYPOTHETICAL_REFERENCE_ONLY:04_selection/checkpoint_validation_detail.csv#method=mlp213;N=1000;reference_repeat=4;update=17000;synthetic://REF_ONLY_mlp213_N1000_K100_H800_s4/positive_update_17000/NO_WEIGHTS
mlp213,1000,100,800,4,18000,1,10,10,-0.5901643143001827,-59.016431430018265,synthetic://REF_ONLY_mlp213_N1000_K100_H800_s4/positive_update_18000/NO_WEIGHTS,HYPOTHETICAL_REFERENCE_ONLY:04_selection/checkpoint_validation_detail.csv#method=mlp213;N=1000;reference_repeat=4;update=18000;synthetic://REF_ONLY_mlp213_N1000_K100_H800_s4/positive_update_18000/NO_WEIGHTS
mlp213,1000,100,800,4,19000,1,10,10,-0.5997956895491106,-59.97956895491106,synthetic://REF_ONLY_mlp213_N1000_K100_H800_s4/positive_update_19000/NO_WEIGHTS,HYPOTHETICAL_REFERENCE_ONLY:04_selection/checkpoint_validation_detail.csv#method=mlp213;N=1000;reference_repeat=4;update=19000;synthetic://REF_ONLY_mlp213_N1000_K100_H800_s4/positive_update_19000/NO_WEIGHTS
mlp213,1000,100,800,4,20000,1,10,10,-0.6187762386474428,-61.87762386474428,synthetic://REF_ONLY_mlp213_N1000_K100_H800_s4/positive_update_20000/NO_WEIGHTS,HYPOTHETICAL_REFERENCE_ONLY:04_selection/checkpoint_validation_detail.csv#method=mlp213;N=1000;reference_repeat=4;update=20000;synthetic://REF_ONLY_mlp213_N1000_K100_H800_s4/positive_update_20000/NO_WEIGHTS
mlp213,1000,100,800,5,1000,1,10,10,-0.5838250279004129,-58.38250279004129,synthetic://REF_ONLY_mlp213_N1000_K100_H800_s5/positive_update_01000/NO_WEIGHTS,HYPOTHETICAL_REFERENCE_ONLY:04_selection/checkpoint_validation_detail.csv#method=mlp213;N=1000;reference_repeat=5;update=1000;synthetic://REF_ONLY_mlp213_N1000_K100_H800_s5/positive_update_01000/NO_WEIGHTS
mlp213,1000,100,800,5,2000,1,10,10,-0.5809922744776508,-58.09922744776508,synthetic://REF_ONLY_mlp213_N1000_K100_H800_s5/positive_update_02000/NO_WEIGHTS,HYPOTHETICAL_REFERENCE_ONLY:04_selection/checkpoint_validation_detail.csv#method=mlp213;N=1000;reference_repeat=5;update=2000;synthetic://REF_ONLY_mlp213_N1000_K100_H800_s5/positive_update_02000/NO_WEIGHTS
mlp213,1000,100,800,5,3000,1,10,10,-0.6055713235927969,-60.557132359279684,synthetic://REF_ONLY_mlp213_N1000_K100_H800_s5/positive_update_03000/NO_WEIGHTS,HYPOTHETICAL_REFERENCE_ONLY:04_selection/checkpoint_validation_detail.csv#method=mlp213;N=1000;reference_repeat=5;update=3000;synthetic://REF_ONLY_mlp213_N1000_K100_H800_s5/positive_update_03000/NO_WEIGHTS
mlp213,1000,100,800,5,4000,1,10,10,-0.6090557089569242,-60.90557089569242,synthetic://REF_ONLY_mlp213_N1000_K100_H800_s5/positive_update_04000/NO_WEIGHTS,HYPOTHETICAL_REFERENCE_ONLY:04_selection/checkpoint_validation_detail.csv#method=mlp213;N=1000;reference_repeat=5;update=4000;synthetic://REF_ONLY_mlp213_N1000_K100_H800_s5/positive_update_04000/NO_WEIGHTS
mlp213,1000,100,800,5,5000,1,10,10,-0.6058544947893225,-60.585449478932254,synthetic://REF_ONLY_mlp213_N1000_K100_H800_s5/positive_update_05000/NO_WEIGHTS,HYPOTHETICAL_REFERENCE_ONLY:04_selection/checkpoint_validation_detail.csv#method=mlp213;N=1000;reference_repeat=5;update=5000;synthetic://REF_ONLY_mlp213_N1000_K100_H800_s5/positive_update_05000/NO_WEIGHTS
mlp213,1000,100,800,5,6000,1,10,10,-0.6178771190579624,-61.787711905796236,synthetic://REF_ONLY_mlp213_N1000_K100_H800_s5/positive_update_06000/NO_WEIGHTS,HYPOTHETICAL_REFERENCE_ONLY:04_selection/checkpoint_validation_detail.csv#method=mlp213;N=1000;reference_repeat=5;update=6000;synthetic://REF_ONLY_mlp213_N1000_K100_H800_s5/positive_update_06000/NO_WEIGHTS
mlp213,1000,100,800,5,7000,1,10,10,-0.6128311959936037,-61.28311959936037,synthetic://REF_ONLY_mlp213_N1000_K100_H800_s5/positive_update_07000/NO_WEIGHTS,HYPOTHETICAL_REFERENCE_ONLY:04_selection/checkpoint_validation_detail.csv#method=mlp213;N=1000;reference_repeat=5;update=7000;synthetic://REF_ONLY_mlp213_N1000_K100_H800_s5/positive_update_07000/NO_WEIGHTS
mlp213,1000,100,800,5,8000,1,10,10,-0.6071147907548131,-60.711479075481314,synthetic://REF_ONLY_mlp213_N1000_K100_H800_s5/positive_update_08000/NO_WEIGHTS,HYPOTHETICAL_REFERENCE_ONLY:04_selection/checkpoint_validation_detail.csv#method=mlp213;N=1000;reference_repeat=5;update=8000;synthetic://REF_ONLY_mlp213_N1000_K100_H800_s5/positive_update_08000/NO_WEIGHTS
mlp213,1000,100,800,5,9000,1,10,10,-0.6136764980736318,-61.36764980736318,synthetic://REF_ONLY_mlp213_N1000_K100_H800_s5/positive_update_09000/NO_WEIGHTS,HYPOTHETICAL_REFERENCE_ONLY:04_selection/checkpoint_validation_detail.csv#method=mlp213;N=1000;reference_repeat=5;update=9000;synthetic://REF_ONLY_mlp213_N1000_K100_H800_s5/positive_update_09000/NO_WEIGHTS
mlp213,1000,100,800,5,10000,1,10,10,-0.6252639753470633,-62.526397534706334,synthetic://REF_ONLY_mlp213_N1000_K100_H800_s5/positive_update_10000/NO_WEIGHTS,HYPOTHETICAL_REFERENCE_ONLY:04_selection/checkpoint_validation_detail.csv#method=mlp213;N=1000;reference_repeat=5;update=10000;synthetic://REF_ONLY_mlp213_N1000_K100_H800_s5/positive_update_10000/NO_WEIGHTS
mlp213,1000,100,800,5,11000,1,10,10,-0.6236855139356501,-62.368551393565006,synthetic://REF_ONLY_mlp213_N1000_K100_H800_s5/positive_update_11000/NO_WEIGHTS,HYPOTHETICAL_REFERENCE_ONLY:04_selection/checkpoint_validation_detail.csv#method=mlp213;N=1000;reference_repeat=5;update=11000;synthetic://REF_ONLY_mlp213_N1000_K100_H800_s5/positive_update_11000/NO_WEIGHTS
mlp213,1000,100,800,5,12000,1,10,10,-0.6257630537751872,-62.576305377518715,synthetic://REF_ONLY_mlp213_N1000_K100_H800_s5/positive_update_12000/NO_WEIGHTS,HYPOTHETICAL_REFERENCE_ONLY:04_selection/checkpoint_validation_detail.csv#method=mlp213;N=1000;reference_repeat=5;update=12000;synthetic://REF_ONLY_mlp213_N1000_K100_H800_s5/positive_update_12000/NO_WEIGHTS
mlp213,1000,100,800,5,13000,1,10,10,-0.6078856031162013,-60.78856031162013,synthetic://REF_ONLY_mlp213_N1000_K100_H800_s5/positive_update_13000/NO_WEIGHTS,HYPOTHETICAL_REFERENCE_ONLY:04_selection/checkpoint_validation_detail.csv#method=mlp213;N=1000;reference_repeat=5;update=13000;synthetic://REF_ONLY_mlp213_N1000_K100_H800_s5/positive_update_13000/NO_WEIGHTS
mlp213,1000,100,800,5,14000,1,10,10,-0.6183381510859218,-61.833815108592184,synthetic://REF_ONLY_mlp213_N1000_K100_H800_s5/positive_update_14000/NO_WEIGHTS,HYPOTHETICAL_REFERENCE_ONLY:04_selection/checkpoint_validation_detail.csv#method=mlp213;N=1000;reference_repeat=5;update=14000;synthetic://REF_ONLY_mlp213_N1000_K100_H800_s5/positive_update_14000/NO_WEIGHTS
mlp213,1000,100,800,5,15000,1,10,10,-0.6174293948469187,-61.742939484691874,synthetic://REF_ONLY_mlp213_N1000_K100_H800_s5/positive_update_15000/NO_WEIGHTS,HYPOTHETICAL_REFERENCE_ONLY:04_selection/checkpoint_validation_detail.csv#method=mlp213;N=1000;reference_repeat=5;update=15000;synthetic://REF_ONLY_mlp213_N1000_K100_H800_s5/positive_update_15000/NO_WEIGHTS
mlp213,1000,100,800,5,16000,1,10,10,-0.6215847916645267,-62.15847916645267,synthetic://REF_ONLY_mlp213_N1000_K100_H800_s5/positive_update_16000/NO_WEIGHTS,HYPOTHETICAL_REFERENCE_ONLY:04_selection/checkpoint_validation_detail.csv#method=mlp213;N=1000;reference_repeat=5;update=16000;synthetic://REF_ONLY_mlp213_N1000_K100_H800_s5/positive_update_16000/NO_WEIGHTS
mlp213,1000,100,800,5,17000,1,10,10,-0.6327028314313639,-63.27028314313638,synthetic://REF_ONLY_mlp213_N1000_K100_H800_s5/positive_update_17000/NO_WEIGHTS,HYPOTHETICAL_REFERENCE_ONLY:04_selection/checkpoint_validation_detail.csv#method=mlp213;N=1000;reference_repeat=5;update=17000;synthetic://REF_ONLY_mlp213_N1000_K100_H800_s5/positive_update_17000/NO_WEIGHTS
mlp213,1000,100,800,5,18000,1,10,10,-0.6306094348869578,-63.06094348869578,synthetic://REF_ONLY_mlp213_N1000_K100_H800_s5/positive_update_18000/NO_WEIGHTS,HYPOTHETICAL_REFERENCE_ONLY:04_selection/checkpoint_validation_detail.csv#method=mlp213;N=1000;reference_repeat=5;update=18000;synthetic://REF_ONLY_mlp213_N1000_K100_H800_s5/positive_update_18000/NO_WEIGHTS
mlp213,1000,100,800,5,19000,1,10,10,-0.6347684730449596,-63.47684730449596,synthetic://REF_ONLY_mlp213_N1000_K100_H800_s5/positive_update_19000/NO_WEIGHTS,HYPOTHETICAL_REFERENCE_ONLY:04_selection/checkpoint_validation_detail.csv#method=mlp213;N=1000;reference_repeat=5;update=19000;synthetic://REF_ONLY_mlp213_N1000_K100_H800_s5/positive_update_19000/NO_WEIGHTS
mlp213,1000,100,800,5,20000,1,10,10,-0.6543973034647764,-65.43973034647765,synthetic://REF_ONLY_mlp213_N1000_K100_H800_s5/positive_update_20000/NO_WEIGHTS,HYPOTHETICAL_REFERENCE_ONLY:04_selection/checkpoint_validation_detail.csv#method=mlp213;N=1000;reference_repeat=5;update=20000;synthetic://REF_ONLY_mlp213_N1000_K100_H800_s5/positive_update_20000/NO_WEIGHTS
kan_generic,1000,100,800,1,1000,1,10,10,-0.6264864244381345,-62.64864244381345,synthetic://REF_ONLY_kan_generic_N1000_K100_H800_s1/positive_update_01000/NO_WEIGHTS,HYPOTHETICAL_REFERENCE_ONLY:04_selection/checkpoint_validation_detail.csv#method=kan_generic;N=1000;reference_repeat=1;update=1000;synthetic://REF_ONLY_kan_generic_N1000_K100_H800_s1/positive_update_01000/NO_WEIGHTS
kan_generic,1000,100,800,1,2000,1,10,10,-0.6576072042672088,-65.76072042672088,synthetic://REF_ONLY_kan_generic_N1000_K100_H800_s1/positive_update_02000/NO_WEIGHTS,HYPOTHETICAL_REFERENCE_ONLY:04_selection/checkpoint_validation_detail.csv#method=kan_generic;N=1000;reference_repeat=1;update=2000;synthetic://REF_ONLY_kan_generic_N1000_K100_H800_s1/positive_update_02000/NO_WEIGHTS
kan_generic,1000,100,800,1,3000,1,10,10,-0.6558799296180666,-65.58799296180666,synthetic://REF_ONLY_kan_generic_N1000_K100_H800_s1/positive_update_03000/NO_WEIGHTS,HYPOTHETICAL_REFERENCE_ONLY:04_selection/checkpoint_validation_detail.csv#method=kan_generic;N=1000;reference_repeat=1;update=3000;synthetic://REF_ONLY_kan_generic_N1000_K100_H800_s1/positive_update_03000/NO_WEIGHTS
kan_generic,1000,100,800,1,4000,1,10,10,-0.6489714222276873,-64.89714222276874,synthetic://REF_ONLY_kan_generic_N1000_K100_H800_s1/positive_update_04000/NO_WEIGHTS,HYPOTHETICAL_REFERENCE_ONLY:04_selection/checkpoint_validation_detail.csv#method=kan_generic;N=1000;reference_repeat=1;update=4000;synthetic://REF_ONLY_kan_generic_N1000_K100_H800_s1/positive_update_04000/NO_WEIGHTS
kan_generic,1000,100,800,1,5000,1,10,10,-0.678798919317722,-67.87989193177219,synthetic://REF_ONLY_kan_generic_N1000_K100_H800_s1/positive_update_05000/NO_WEIGHTS,HYPOTHETICAL_REFERENCE_ONLY:04_selection/checkpoint_validation_detail.csv#method=kan_generic;N=1000;reference_repeat=1;update=5000;synthetic://REF_ONLY_kan_generic_N1000_K100_H800_s1/positive_update_05000/NO_WEIGHTS
kan_generic,1000,100,800,1,6000,1,10,10,-0.6763876321765538,-67.63876321765538,synthetic://REF_ONLY_kan_generic_N1000_K100_H800_s1/positive_update_06000/NO_WEIGHTS,HYPOTHETICAL_REFERENCE_ONLY:04_selection/checkpoint_validation_detail.csv#method=kan_generic;N=1000;reference_repeat=1;update=6000;synthetic://REF_ONLY_kan_generic_N1000_K100_H800_s1/positive_update_06000/NO_WEIGHTS
kan_generic,1000,100,800,1,7000,1,10,10,-0.6691108794746815,-66.91108794746815,synthetic://REF_ONLY_kan_generic_N1000_K100_H800_s1/positive_update_07000/NO_WEIGHTS,HYPOTHETICAL_REFERENCE_ONLY:04_selection/checkpoint_validation_detail.csv#method=kan_generic;N=1000;reference_repeat=1;update=7000;synthetic://REF_ONLY_kan_generic_N1000_K100_H800_s1/positive_update_07000/NO_WEIGHTS
kan_generic,1000,100,800,1,8000,1,10,10,-0.6777015734447249,-67.7701573444725,synthetic://REF_ONLY_kan_generic_N1000_K100_H800_s1/positive_update_08000/NO_WEIGHTS,HYPOTHETICAL_REFERENCE_ONLY:04_selection/checkpoint_validation_detail.csv#method=kan_generic;N=1000;reference_repeat=1;update=8000;synthetic://REF_ONLY_kan_generic_N1000_K100_H800_s1/positive_update_08000/NO_WEIGHTS
kan_generic,1000,100,800,1,9000,1,10,10,-0.6733138843688025,-67.33138843688025,synthetic://REF_ONLY_kan_generic_N1000_K100_H800_s1/positive_update_09000/NO_WEIGHTS,HYPOTHETICAL_REFERENCE_ONLY:04_selection/checkpoint_validation_detail.csv#method=kan_generic;N=1000;reference_repeat=1;update=9000;synthetic://REF_ONLY_kan_generic_N1000_K100_H800_s1/positive_update_09000/NO_WEIGHTS
kan_generic,1000,100,800,1,10000,1,10,10,-0.6645333011333822,-66.45333011333821,synthetic://REF_ONLY_kan_generic_N1000_K100_H800_s1/positive_update_10000/NO_WEIGHTS,HYPOTHETICAL_REFERENCE_ONLY:04_selection/checkpoint_validation_detail.csv#method=kan_generic;N=1000;reference_repeat=1;update=10000;synthetic://REF_ONLY_kan_generic_N1000_K100_H800_s1/positive_update_10000/NO_WEIGHTS
kan_generic,1000,100,800,1,11000,1,10,10,-0.676442980878903,-67.64429808789029,synthetic://REF_ONLY_kan_generic_N1000_K100_H800_s1/positive_update_11000/NO_WEIGHTS,HYPOTHETICAL_REFERENCE_ONLY:04_selection/checkpoint_validation_detail.csv#method=kan_generic;N=1000;reference_repeat=1;update=11000;synthetic://REF_ONLY_kan_generic_N1000_K100_H800_s1/positive_update_11000/NO_WEIGHTS
kan_generic,1000,100,800,1,12000,1,10,10,-0.6658300622427259,-66.5830062242726,synthetic://REF_ONLY_kan_generic_N1000_K100_H800_s1/positive_update_12000/NO_WEIGHTS,HYPOTHETICAL_REFERENCE_ONLY:04_selection/checkpoint_validation_detail.csv#method=kan_generic;N=1000;reference_repeat=1;update=12000;synthetic://REF_ONLY_kan_generic_N1000_K100_H800_s1/positive_update_12000/NO_WEIGHTS
kan_generic,1000,100,800,1,13000,1,10,10,-0.6740535487865175,-67.40535487865175,synthetic://REF_ONLY_kan_generic_N1000_K100_H800_s1/positive_update_13000/NO_WEIGHTS,HYPOTHETICAL_REFERENCE_ONLY:04_selection/checkpoint_validation_detail.csv#method=kan_generic;N=1000;reference_repeat=1;update=13000;synthetic://REF_ONLY_kan_generic_N1000_K100_H800_s1/positive_update_13000/NO_WEIGHTS
kan_generic,1000,100,800,1,14000,1,10,10,-0.664233337220614,-66.4233337220614,synthetic://REF_ONLY_kan_generic_N1000_K100_H800_s1/positive_update_14000/NO_WEIGHTS,HYPOTHETICAL_REFERENCE_ONLY:04_selection/checkpoint_validation_detail.csv#method=kan_generic;N=1000;reference_repeat=1;update=14000;synthetic://REF_ONLY_kan_generic_N1000_K100_H800_s1/positive_update_14000/NO_WEIGHTS
kan_generic,1000,100,800,1,15000,1,10,10,-0.6673294735476111,-66.73294735476111,synthetic://REF_ONLY_kan_generic_N1000_K100_H800_s1/positive_update_15000/NO_WEIGHTS,HYPOTHETICAL_REFERENCE_ONLY:04_selection/checkpoint_validation_detail.csv#method=kan_generic;N=1000;reference_repeat=1;update=15000;synthetic://REF_ONLY_kan_generic_N1000_K100_H800_s1/positive_update_15000/NO_WEIGHTS
kan_generic,1000,100,800,1,16000,1,10,10,-0.6701549468027819,-67.01549468027818,synthetic://REF_ONLY_kan_generic_N1000_K100_H800_s1/positive_update_16000/NO_WEIGHTS,HYPOTHETICAL_REFERENCE_ONLY:04_selection/checkpoint_validation_detail.csv#method=kan_generic;N=1000;reference_repeat=1;update=16000;synthetic://REF_ONLY_kan_generic_N1000_K100_H800_s1/positive_update_16000/NO_WEIGHTS
kan_generic,1000,100,800,1,17000,1,10,10,-0.6774968692503756,-67.74968692503755,synthetic://REF_ONLY_kan_generic_N1000_K100_H800_s1/positive_update_17000/NO_WEIGHTS,HYPOTHETICAL_REFERENCE_ONLY:04_selection/checkpoint_validation_detail.csv#method=kan_generic;N=1000;reference_repeat=1;update=17000;synthetic://REF_ONLY_kan_generic_N1000_K100_H800_s1/positive_update_17000/NO_WEIGHTS
kan_generic,1000,100,800,1,18000,1,10,10,-0.6791746683500991,-67.9174668350099,synthetic://REF_ONLY_kan_generic_N1000_K100_H800_s1/positive_update_18000/NO_WEIGHTS,HYPOTHETICAL_REFERENCE_ONLY:04_selection/checkpoint_validation_detail.csv#method=kan_generic;N=1000;reference_repeat=1;update=18000;synthetic://REF_ONLY_kan_generic_N1000_K100_H800_s1/positive_update_18000/NO_WEIGHTS
kan_generic,1000,100,800,1,19000,1,10,10,-0.6726308463518652,-67.26308463518652,synthetic://REF_ONLY_kan_generic_N1000_K100_H800_s1/positive_update_19000/NO_WEIGHTS,HYPOTHETICAL_REFERENCE_ONLY:04_selection/checkpoint_validation_detail.csv#method=kan_generic;N=1000;reference_repeat=1;update=19000;synthetic://REF_ONLY_kan_generic_N1000_K100_H800_s1/positive_update_19000/NO_WEIGHTS
kan_generic,1000,100,800,1,20000,1,10,10,-0.6712838571384664,-67.12838571384664,synthetic://REF_ONLY_kan_generic_N1000_K100_H800_s1/positive_update_20000/NO_WEIGHTS,HYPOTHETICAL_REFERENCE_ONLY:04_selection/checkpoint_validation_detail.csv#method=kan_generic;N=1000;reference_repeat=1;update=20000;synthetic://REF_ONLY_kan_generic_N1000_K100_H800_s1/positive_update_20000/NO_WEIGHTS
kan_generic,1000,100,800,2,1000,1,10,10,-0.5200104178715147,-52.00104178715147,synthetic://REF_ONLY_kan_generic_N1000_K100_H800_s2/positive_update_01000/NO_WEIGHTS,HYPOTHETICAL_REFERENCE_ONLY:04_selection/checkpoint_validation_detail.csv#method=kan_generic;N=1000;reference_repeat=2;update=1000;synthetic://REF_ONLY_kan_generic_N1000_K100_H800_s2/positive_update_01000/NO_WEIGHTS
kan_generic,1000,100,800,2,2000,1,10,10,-0.5306118050736477,-53.06118050736477,synthetic://REF_ONLY_kan_generic_N1000_K100_H800_s2/positive_update_02000/NO_WEIGHTS,HYPOTHETICAL_REFERENCE_ONLY:04_selection/checkpoint_validation_detail.csv#method=kan_generic;N=1000;reference_repeat=2;update=2000;synthetic://REF_ONLY_kan_generic_N1000_K100_H800_s2/positive_update_02000/NO_WEIGHTS
kan_generic,1000,100,800,2,3000,1,10,10,-0.5506322150349046,-55.06322150349045,synthetic://REF_ONLY_kan_generic_N1000_K100_H800_s2/positive_update_03000/NO_WEIGHTS,HYPOTHETICAL_REFERENCE_ONLY:04_selection/checkpoint_validation_detail.csv#method=kan_generic;N=1000;reference_repeat=2;update=3000;synthetic://REF_ONLY_kan_generic_N1000_K100_H800_s2/positive_update_03000/NO_WEIGHTS
kan_generic,1000,100,800,2,4000,1,10,10,-0.5655106056571273,-56.55106056571273,synthetic://REF_ONLY_kan_generic_N1000_K100_H800_s2/positive_update_04000/NO_WEIGHTS,HYPOTHETICAL_REFERENCE_ONLY:04_selection/checkpoint_validation_detail.csv#method=kan_generic;N=1000;reference_repeat=2;update=4000;synthetic://REF_ONLY_kan_generic_N1000_K100_H800_s2/positive_update_04000/NO_WEIGHTS
kan_generic,1000,100,800,2,5000,1,10,10,-0.5616794435474106,-56.16794435474106,synthetic://REF_ONLY_kan_generic_N1000_K100_H800_s2/positive_update_05000/NO_WEIGHTS,HYPOTHETICAL_REFERENCE_ONLY:04_selection/checkpoint_validation_detail.csv#method=kan_generic;N=1000;reference_repeat=2;update=5000;synthetic://REF_ONLY_kan_generic_N1000_K100_H800_s2/positive_update_05000/NO_WEIGHTS
kan_generic,1000,100,800,2,6000,1,10,10,-0.563018286638946,-56.301828663894604,synthetic://REF_ONLY_kan_generic_N1000_K100_H800_s2/positive_update_06000/NO_WEIGHTS,HYPOTHETICAL_REFERENCE_ONLY:04_selection/checkpoint_validation_detail.csv#method=kan_generic;N=1000;reference_repeat=2;update=6000;synthetic://REF_ONLY_kan_generic_N1000_K100_H800_s2/positive_update_06000/NO_WEIGHTS
kan_generic,1000,100,800,2,7000,1,10,10,-0.5755222006105272,-57.552220061052715,synthetic://REF_ONLY_kan_generic_N1000_K100_H800_s2/positive_update_07000/NO_WEIGHTS,HYPOTHETICAL_REFERENCE_ONLY:04_selection/checkpoint_validation_detail.csv#method=kan_generic;N=1000;reference_repeat=2;update=7000;synthetic://REF_ONLY_kan_generic_N1000_K100_H800_s2/positive_update_07000/NO_WEIGHTS
kan_generic,1000,100,800,2,8000,1,10,10,-0.5867596221309317,-58.67596221309317,synthetic://REF_ONLY_kan_generic_N1000_K100_H800_s2/positive_update_08000/NO_WEIGHTS,HYPOTHETICAL_REFERENCE_ONLY:04_selection/checkpoint_validation_detail.csv#method=kan_generic;N=1000;reference_repeat=2;update=8000;synthetic://REF_ONLY_kan_generic_N1000_K100_H800_s2/positive_update_08000/NO_WEIGHTS
kan_generic,1000,100,800,2,9000,1,10,10,-0.5880170796110971,-58.801707961109706,synthetic://REF_ONLY_kan_generic_N1000_K100_H800_s2/positive_update_09000/NO_WEIGHTS,HYPOTHETICAL_REFERENCE_ONLY:04_selection/checkpoint_validation_detail.csv#method=kan_generic;N=1000;reference_repeat=2;update=9000;synthetic://REF_ONLY_kan_generic_N1000_K100_H800_s2/positive_update_09000/NO_WEIGHTS
kan_generic,1000,100,800,2,10000,1,10,10,-0.5936477768010591,-59.36477768010591,synthetic://REF_ONLY_kan_generic_N1000_K100_H800_s2/positive_update_10000/NO_WEIGHTS,HYPOTHETICAL_REFERENCE_ONLY:04_selection/checkpoint_validation_detail.csv#method=kan_generic;N=1000;reference_repeat=2;update=10000;synthetic://REF_ONLY_kan_generic_N1000_K100_H800_s2/positive_update_10000/NO_WEIGHTS
kan_generic,1000,100,800,2,11000,1,10,10,-0.5921247605981131,-59.212476059811316,synthetic://REF_ONLY_kan_generic_N1000_K100_H800_s2/positive_update_11000/NO_WEIGHTS,HYPOTHETICAL_REFERENCE_ONLY:04_selection/checkpoint_validation_detail.csv#method=kan_generic;N=1000;reference_repeat=2;update=11000;synthetic://REF_ONLY_kan_generic_N1000_K100_H800_s2/positive_update_11000/NO_WEIGHTS
kan_generic,1000,100,800,2,12000,1,10,10,-0.5934532434182882,-59.34532434182882,synthetic://REF_ONLY_kan_generic_N1000_K100_H800_s2/positive_update_12000/NO_WEIGHTS,HYPOTHETICAL_REFERENCE_ONLY:04_selection/checkpoint_validation_detail.csv#method=kan_generic;N=1000;reference_repeat=2;update=12000;synthetic://REF_ONLY_kan_generic_N1000_K100_H800_s2/positive_update_12000/NO_WEIGHTS
kan_generic,1000,100,800,2,13000,1,10,10,-0.5890708281647657,-58.907082816476574,synthetic://REF_ONLY_kan_generic_N1000_K100_H800_s2/positive_update_13000/NO_WEIGHTS,HYPOTHETICAL_REFERENCE_ONLY:04_selection/checkpoint_validation_detail.csv#method=kan_generic;N=1000;reference_repeat=2;update=13000;synthetic://REF_ONLY_kan_generic_N1000_K100_H800_s2/positive_update_13000/NO_WEIGHTS
kan_generic,1000,100,800,2,14000,1,10,10,-0.582185487512624,-58.218548751262404,synthetic://REF_ONLY_kan_generic_N1000_K100_H800_s2/positive_update_14000/NO_WEIGHTS,HYPOTHETICAL_REFERENCE_ONLY:04_selection/checkpoint_validation_detail.csv#method=kan_generic;N=1000;reference_repeat=2;update=14000;synthetic://REF_ONLY_kan_generic_N1000_K100_H800_s2/positive_update_14000/NO_WEIGHTS
kan_generic,1000,100,800,2,15000,1,10,10,-0.5884378488459728,-58.843784884597284,synthetic://REF_ONLY_kan_generic_N1000_K100_H800_s2/positive_update_15000/NO_WEIGHTS,HYPOTHETICAL_REFERENCE_ONLY:04_selection/checkpoint_validation_detail.csv#method=kan_generic;N=1000;reference_repeat=2;update=15000;synthetic://REF_ONLY_kan_generic_N1000_K100_H800_s2/positive_update_15000/NO_WEIGHTS
kan_generic,1000,100,800,2,16000,1,10,10,-0.5972457520652406,-59.72457520652406,synthetic://REF_ONLY_kan_generic_N1000_K100_H800_s2/positive_update_16000/NO_WEIGHTS,HYPOTHETICAL_REFERENCE_ONLY:04_selection/checkpoint_validation_detail.csv#method=kan_generic;N=1000;reference_repeat=2;update=16000;synthetic://REF_ONLY_kan_generic_N1000_K100_H800_s2/positive_update_16000/NO_WEIGHTS
kan_generic,1000,100,800,2,17000,1,10,10,-0.5943680742008131,-59.43680742008131,synthetic://REF_ONLY_kan_generic_N1000_K100_H800_s2/positive_update_17000/NO_WEIGHTS,HYPOTHETICAL_REFERENCE_ONLY:04_selection/checkpoint_validation_detail.csv#method=kan_generic;N=1000;reference_repeat=2;update=17000;synthetic://REF_ONLY_kan_generic_N1000_K100_H800_s2/positive_update_17000/NO_WEIGHTS
kan_generic,1000,100,800,2,18000,1,10,10,-0.5983242804727882,-59.83242804727882,synthetic://REF_ONLY_kan_generic_N1000_K100_H800_s2/positive_update_18000/NO_WEIGHTS,HYPOTHETICAL_REFERENCE_ONLY:04_selection/checkpoint_validation_detail.csv#method=kan_generic;N=1000;reference_repeat=2;update=18000;synthetic://REF_ONLY_kan_generic_N1000_K100_H800_s2/positive_update_18000/NO_WEIGHTS
kan_generic,1000,100,800,2,19000,1,10,10,-0.5905253702393318,-59.05253702393318,synthetic://REF_ONLY_kan_generic_N1000_K100_H800_s2/positive_update_19000/NO_WEIGHTS,HYPOTHETICAL_REFERENCE_ONLY:04_selection/checkpoint_validation_detail.csv#method=kan_generic;N=1000;reference_repeat=2;update=19000;synthetic://REF_ONLY_kan_generic_N1000_K100_H800_s2/positive_update_19000/NO_WEIGHTS
kan_generic,1000,100,800,2,20000,1,10,10,-0.5969253596894483,-59.692535968944824,synthetic://REF_ONLY_kan_generic_N1000_K100_H800_s2/positive_update_20000/NO_WEIGHTS,HYPOTHETICAL_REFERENCE_ONLY:04_selection/checkpoint_validation_detail.csv#method=kan_generic;N=1000;reference_repeat=2;update=20000;synthetic://REF_ONLY_kan_generic_N1000_K100_H800_s2/positive_update_20000/NO_WEIGHTS
kan_generic,1000,100,800,3,1000,1,10,10,-0.5707706015372433,-57.07706015372433,synthetic://REF_ONLY_kan_generic_N1000_K100_H800_s3/positive_update_01000/NO_WEIGHTS,HYPOTHETICAL_REFERENCE_ONLY:04_selection/checkpoint_validation_detail.csv#method=kan_generic;N=1000;reference_repeat=3;update=1000;synthetic://REF_ONLY_kan_generic_N1000_K100_H800_s3/positive_update_01000/NO_WEIGHTS
kan_generic,1000,100,800,3,2000,1,10,10,-0.5810665420837829,-58.106654208378295,synthetic://REF_ONLY_kan_generic_N1000_K100_H800_s3/positive_update_02000/NO_WEIGHTS,HYPOTHETICAL_REFERENCE_ONLY:04_selection/checkpoint_validation_detail.csv#method=kan_generic;N=1000;reference_repeat=3;update=2000;synthetic://REF_ONLY_kan_generic_N1000_K100_H800_s3/positive_update_02000/NO_WEIGHTS
kan_generic,1000,100,800,3,3000,1,10,10,-0.5936968288727387,-59.36968288727387,synthetic://REF_ONLY_kan_generic_N1000_K100_H800_s3/positive_update_03000/NO_WEIGHTS,HYPOTHETICAL_REFERENCE_ONLY:04_selection/checkpoint_validation_detail.csv#method=kan_generic;N=1000;reference_repeat=3;update=3000;synthetic://REF_ONLY_kan_generic_N1000_K100_H800_s3/positive_update_03000/NO_WEIGHTS
kan_generic,1000,100,800,3,4000,1,10,10,-0.592013381051824,-59.2013381051824,synthetic://REF_ONLY_kan_generic_N1000_K100_H800_s3/positive_update_04000/NO_WEIGHTS,HYPOTHETICAL_REFERENCE_ONLY:04_selection/checkpoint_validation_detail.csv#method=kan_generic;N=1000;reference_repeat=3;update=4000;synthetic://REF_ONLY_kan_generic_N1000_K100_H800_s3/positive_update_04000/NO_WEIGHTS
kan_generic,1000,100,800,3,5000,1,10,10,-0.5995365067100494,-59.953650671004944,synthetic://REF_ONLY_kan_generic_N1000_K100_H800_s3/positive_update_05000/NO_WEIGHTS,HYPOTHETICAL_REFERENCE_ONLY:04_selection/checkpoint_validation_detail.csv#method=kan_generic;N=1000;reference_repeat=3;update=5000;synthetic://REF_ONLY_kan_generic_N1000_K100_H800_s3/positive_update_05000/NO_WEIGHTS
kan_generic,1000,100,800,3,6000,1,10,10,-0.5835923315086696,-58.35923315086696,synthetic://REF_ONLY_kan_generic_N1000_K100_H800_s3/positive_update_06000/NO_WEIGHTS,HYPOTHETICAL_REFERENCE_ONLY:04_selection/checkpoint_validation_detail.csv#method=kan_generic;N=1000;reference_repeat=3;update=6000;synthetic://REF_ONLY_kan_generic_N1000_K100_H800_s3/positive_update_06000/NO_WEIGHTS
kan_generic,1000,100,800,3,7000,1,10,10,-0.593341465974183,-59.334146597418304,synthetic://REF_ONLY_kan_generic_N1000_K100_H800_s3/positive_update_07000/NO_WEIGHTS,HYPOTHETICAL_REFERENCE_ONLY:04_selection/checkpoint_validation_detail.csv#method=kan_generic;N=1000;reference_repeat=3;update=7000;synthetic://REF_ONLY_kan_generic_N1000_K100_H800_s3/positive_update_07000/NO_WEIGHTS
kan_generic,1000,100,800,3,8000,1,10,10,-0.6015261370988039,-60.152613709880384,synthetic://REF_ONLY_kan_generic_N1000_K100_H800_s3/positive_update_08000/NO_WEIGHTS,HYPOTHETICAL_REFERENCE_ONLY:04_selection/checkpoint_validation_detail.csv#method=kan_generic;N=1000;reference_repeat=3;update=8000;synthetic://REF_ONLY_kan_generic_N1000_K100_H800_s3/positive_update_08000/NO_WEIGHTS
kan_generic,1000,100,800,3,9000,1,10,10,-0.5938946217007393,-59.38946217007393,synthetic://REF_ONLY_kan_generic_N1000_K100_H800_s3/positive_update_09000/NO_WEIGHTS,HYPOTHETICAL_REFERENCE_ONLY:04_selection/checkpoint_validation_detail.csv#method=kan_generic;N=1000;reference_repeat=3;update=9000;synthetic://REF_ONLY_kan_generic_N1000_K100_H800_s3/positive_update_09000/NO_WEIGHTS
kan_generic,1000,100,800,3,10000,1,10,10,-0.5972925800948556,-59.72925800948556,synthetic://REF_ONLY_kan_generic_N1000_K100_H800_s3/positive_update_10000/NO_WEIGHTS,HYPOTHETICAL_REFERENCE_ONLY:04_selection/checkpoint_validation_detail.csv#method=kan_generic;N=1000;reference_repeat=3;update=10000;synthetic://REF_ONLY_kan_generic_N1000_K100_H800_s3/positive_update_10000/NO_WEIGHTS
kan_generic,1000,100,800,3,11000,1,10,10,-0.6084782569688593,-60.84782569688593,synthetic://REF_ONLY_kan_generic_N1000_K100_H800_s3/positive_update_11000/NO_WEIGHTS,HYPOTHETICAL_REFERENCE_ONLY:04_selection/checkpoint_validation_detail.csv#method=kan_generic;N=1000;reference_repeat=3;update=11000;synthetic://REF_ONLY_kan_generic_N1000_K100_H800_s3/positive_update_11000/NO_WEIGHTS
kan_generic,1000,100,800,3,12000,1,10,10,-0.6094846507975887,-60.948465079758876,synthetic://REF_ONLY_kan_generic_N1000_K100_H800_s3/positive_update_12000/NO_WEIGHTS,HYPOTHETICAL_REFERENCE_ONLY:04_selection/checkpoint_validation_detail.csv#method=kan_generic;N=1000;reference_repeat=3;update=12000;synthetic://REF_ONLY_kan_generic_N1000_K100_H800_s3/positive_update_12000/NO_WEIGHTS
kan_generic,1000,100,800,3,13000,1,10,10,-0.594029363716464,-59.4029363716464,synthetic://REF_ONLY_kan_generic_N1000_K100_H800_s3/positive_update_13000/NO_WEIGHTS,HYPOTHETICAL_REFERENCE_ONLY:04_selection/checkpoint_validation_detail.csv#method=kan_generic;N=1000;reference_repeat=3;update=13000;synthetic://REF_ONLY_kan_generic_N1000_K100_H800_s3/positive_update_13000/NO_WEIGHTS
kan_generic,1000,100,800,3,14000,1,10,10,-0.5928236935756254,-59.28236935756254,synthetic://REF_ONLY_kan_generic_N1000_K100_H800_s3/positive_update_14000/NO_WEIGHTS,HYPOTHETICAL_REFERENCE_ONLY:04_selection/checkpoint_validation_detail.csv#method=kan_generic;N=1000;reference_repeat=3;update=14000;synthetic://REF_ONLY_kan_generic_N1000_K100_H800_s3/positive_update_14000/NO_WEIGHTS
kan_generic,1000,100,800,3,15000,1,10,10,-0.5874928880432048,-58.74928880432048,synthetic://REF_ONLY_kan_generic_N1000_K100_H800_s3/positive_update_15000/NO_WEIGHTS,HYPOTHETICAL_REFERENCE_ONLY:04_selection/checkpoint_validation_detail.csv#method=kan_generic;N=1000;reference_repeat=3;update=15000;synthetic://REF_ONLY_kan_generic_N1000_K100_H800_s3/positive_update_15000/NO_WEIGHTS
kan_generic,1000,100,800,3,16000,1,10,10,-0.5833525113318118,-58.335251133181174,synthetic://REF_ONLY_kan_generic_N1000_K100_H800_s3/positive_update_16000/NO_WEIGHTS,HYPOTHETICAL_REFERENCE_ONLY:04_selection/checkpoint_validation_detail.csv#method=kan_generic;N=1000;reference_repeat=3;update=16000;synthetic://REF_ONLY_kan_generic_N1000_K100_H800_s3/positive_update_16000/NO_WEIGHTS
kan_generic,1000,100,800,3,17000,1,10,10,-0.5849683274130801,-58.49683274130801,synthetic://REF_ONLY_kan_generic_N1000_K100_H800_s3/positive_update_17000/NO_WEIGHTS,HYPOTHETICAL_REFERENCE_ONLY:04_selection/checkpoint_validation_detail.csv#method=kan_generic;N=1000;reference_repeat=3;update=17000;synthetic://REF_ONLY_kan_generic_N1000_K100_H800_s3/positive_update_17000/NO_WEIGHTS
kan_generic,1000,100,800,3,18000,1,10,10,-0.586759403031871,-58.675940303187105,synthetic://REF_ONLY_kan_generic_N1000_K100_H800_s3/positive_update_18000/NO_WEIGHTS,HYPOTHETICAL_REFERENCE_ONLY:04_selection/checkpoint_validation_detail.csv#method=kan_generic;N=1000;reference_repeat=3;update=18000;synthetic://REF_ONLY_kan_generic_N1000_K100_H800_s3/positive_update_18000/NO_WEIGHTS
kan_generic,1000,100,800,3,19000,1,10,10,-0.583756634064462,-58.3756634064462,synthetic://REF_ONLY_kan_generic_N1000_K100_H800_s3/positive_update_19000/NO_WEIGHTS,HYPOTHETICAL_REFERENCE_ONLY:04_selection/checkpoint_validation_detail.csv#method=kan_generic;N=1000;reference_repeat=3;update=19000;synthetic://REF_ONLY_kan_generic_N1000_K100_H800_s3/positive_update_19000/NO_WEIGHTS
kan_generic,1000,100,800,3,20000,1,10,10,-0.5780719468381766,-57.80719468381766,synthetic://REF_ONLY_kan_generic_N1000_K100_H800_s3/positive_update_20000/NO_WEIGHTS,HYPOTHETICAL_REFERENCE_ONLY:04_selection/checkpoint_validation_detail.csv#method=kan_generic;N=1000;reference_repeat=3;update=20000;synthetic://REF_ONLY_kan_generic_N1000_K100_H800_s3/positive_update_20000/NO_WEIGHTS
kan_generic,1000,100,800,4,1000,1,10,10,-0.5897672221284097,-58.97672221284097,synthetic://REF_ONLY_kan_generic_N1000_K100_H800_s4/positive_update_01000/NO_WEIGHTS,HYPOTHETICAL_REFERENCE_ONLY:04_selection/checkpoint_validation_detail.csv#method=kan_generic;N=1000;reference_repeat=4;update=1000;synthetic://REF_ONLY_kan_generic_N1000_K100_H800_s4/positive_update_01000/NO_WEIGHTS
kan_generic,1000,100,800,4,2000,1,10,10,-0.5862759894269415,-58.62759894269415,synthetic://REF_ONLY_kan_generic_N1000_K100_H800_s4/positive_update_02000/NO_WEIGHTS,HYPOTHETICAL_REFERENCE_ONLY:04_selection/checkpoint_validation_detail.csv#method=kan_generic;N=1000;reference_repeat=4;update=2000;synthetic://REF_ONLY_kan_generic_N1000_K100_H800_s4/positive_update_02000/NO_WEIGHTS
kan_generic,1000,100,800,4,3000,1,10,10,-0.6009458056263544,-60.094580562635436,synthetic://REF_ONLY_kan_generic_N1000_K100_H800_s4/positive_update_03000/NO_WEIGHTS,HYPOTHETICAL_REFERENCE_ONLY:04_selection/checkpoint_validation_detail.csv#method=kan_generic;N=1000;reference_repeat=4;update=3000;synthetic://REF_ONLY_kan_generic_N1000_K100_H800_s4/positive_update_03000/NO_WEIGHTS
kan_generic,1000,100,800,4,4000,1,10,10,-0.5958107660636873,-59.58107660636873,synthetic://REF_ONLY_kan_generic_N1000_K100_H800_s4/positive_update_04000/NO_WEIGHTS,HYPOTHETICAL_REFERENCE_ONLY:04_selection/checkpoint_validation_detail.csv#method=kan_generic;N=1000;reference_repeat=4;update=4000;synthetic://REF_ONLY_kan_generic_N1000_K100_H800_s4/positive_update_04000/NO_WEIGHTS
kan_generic,1000,100,800,4,5000,1,10,10,-0.6011825530192376,-60.11825530192376,synthetic://REF_ONLY_kan_generic_N1000_K100_H800_s4/positive_update_05000/NO_WEIGHTS,HYPOTHETICAL_REFERENCE_ONLY:04_selection/checkpoint_validation_detail.csv#method=kan_generic;N=1000;reference_repeat=4;update=5000;synthetic://REF_ONLY_kan_generic_N1000_K100_H800_s4/positive_update_05000/NO_WEIGHTS
kan_generic,1000,100,800,4,6000,1,10,10,-0.6006702424395319,-60.06702424395319,synthetic://REF_ONLY_kan_generic_N1000_K100_H800_s4/positive_update_06000/NO_WEIGHTS,HYPOTHETICAL_REFERENCE_ONLY:04_selection/checkpoint_validation_detail.csv#method=kan_generic;N=1000;reference_repeat=4;update=6000;synthetic://REF_ONLY_kan_generic_N1000_K100_H800_s4/positive_update_06000/NO_WEIGHTS
kan_generic,1000,100,800,4,7000,1,10,10,-0.6036714669237878,-60.36714669237878,synthetic://REF_ONLY_kan_generic_N1000_K100_H800_s4/positive_update_07000/NO_WEIGHTS,HYPOTHETICAL_REFERENCE_ONLY:04_selection/checkpoint_validation_detail.csv#method=kan_generic;N=1000;reference_repeat=4;update=7000;synthetic://REF_ONLY_kan_generic_N1000_K100_H800_s4/positive_update_07000/NO_WEIGHTS
kan_generic,1000,100,800,4,8000,1,10,10,-0.5999954449257885,-59.99954449257885,synthetic://REF_ONLY_kan_generic_N1000_K100_H800_s4/positive_update_08000/NO_WEIGHTS,HYPOTHETICAL_REFERENCE_ONLY:04_selection/checkpoint_validation_detail.csv#method=kan_generic;N=1000;reference_repeat=4;update=8000;synthetic://REF_ONLY_kan_generic_N1000_K100_H800_s4/positive_update_08000/NO_WEIGHTS
kan_generic,1000,100,800,4,9000,1,10,10,-0.6055089637857647,-60.55089637857647,synthetic://REF_ONLY_kan_generic_N1000_K100_H800_s4/positive_update_09000/NO_WEIGHTS,HYPOTHETICAL_REFERENCE_ONLY:04_selection/checkpoint_validation_detail.csv#method=kan_generic;N=1000;reference_repeat=4;update=9000;synthetic://REF_ONLY_kan_generic_N1000_K100_H800_s4/positive_update_09000/NO_WEIGHTS
kan_generic,1000,100,800,4,10000,1,10,10,-0.6155376728273623,-61.553767282736224,synthetic://REF_ONLY_kan_generic_N1000_K100_H800_s4/positive_update_10000/NO_WEIGHTS,HYPOTHETICAL_REFERENCE_ONLY:04_selection/checkpoint_validation_detail.csv#method=kan_generic;N=1000;reference_repeat=4;update=10000;synthetic://REF_ONLY_kan_generic_N1000_K100_H800_s4/positive_update_10000/NO_WEIGHTS
kan_generic,1000,100,800,4,11000,1,10,10,-0.608765263358323,-60.8765263358323,synthetic://REF_ONLY_kan_generic_N1000_K100_H800_s4/positive_update_11000/NO_WEIGHTS,HYPOTHETICAL_REFERENCE_ONLY:04_selection/checkpoint_validation_detail.csv#method=kan_generic;N=1000;reference_repeat=4;update=11000;synthetic://REF_ONLY_kan_generic_N1000_K100_H800_s4/positive_update_11000/NO_WEIGHTS
kan_generic,1000,100,800,4,12000,1,10,10,-0.6028452379691939,-60.28452379691939,synthetic://REF_ONLY_kan_generic_N1000_K100_H800_s4/positive_update_12000/NO_WEIGHTS,HYPOTHETICAL_REFERENCE_ONLY:04_selection/checkpoint_validation_detail.csv#method=kan_generic;N=1000;reference_repeat=4;update=12000;synthetic://REF_ONLY_kan_generic_N1000_K100_H800_s4/positive_update_12000/NO_WEIGHTS
kan_generic,1000,100,800,4,13000,1,10,10,-0.6040971536801348,-60.40971536801349,synthetic://REF_ONLY_kan_generic_N1000_K100_H800_s4/positive_update_13000/NO_WEIGHTS,HYPOTHETICAL_REFERENCE_ONLY:04_selection/checkpoint_validation_detail.csv#method=kan_generic;N=1000;reference_repeat=4;update=13000;synthetic://REF_ONLY_kan_generic_N1000_K100_H800_s4/positive_update_13000/NO_WEIGHTS
kan_generic,1000,100,800,4,14000,1,10,10,-0.6216031857934413,-62.16031857934413,synthetic://REF_ONLY_kan_generic_N1000_K100_H800_s4/positive_update_14000/NO_WEIGHTS,HYPOTHETICAL_REFERENCE_ONLY:04_selection/checkpoint_validation_detail.csv#method=kan_generic;N=1000;reference_repeat=4;update=14000;synthetic://REF_ONLY_kan_generic_N1000_K100_H800_s4/positive_update_14000/NO_WEIGHTS
kan_generic,1000,100,800,4,15000,1,10,10,-0.6350360737763291,-63.50360737763291,synthetic://REF_ONLY_kan_generic_N1000_K100_H800_s4/positive_update_15000/NO_WEIGHTS,HYPOTHETICAL_REFERENCE_ONLY:04_selection/checkpoint_validation_detail.csv#method=kan_generic;N=1000;reference_repeat=4;update=15000;synthetic://REF_ONLY_kan_generic_N1000_K100_H800_s4/positive_update_15000/NO_WEIGHTS
kan_generic,1000,100,800,4,16000,1,10,10,-0.6200138256059994,-62.001382560599936,synthetic://REF_ONLY_kan_generic_N1000_K100_H800_s4/positive_update_16000/NO_WEIGHTS,HYPOTHETICAL_REFERENCE_ONLY:04_selection/checkpoint_validation_detail.csv#method=kan_generic;N=1000;reference_repeat=4;update=16000;synthetic://REF_ONLY_kan_generic_N1000_K100_H800_s4/positive_update_16000/NO_WEIGHTS
kan_generic,1000,100,800,4,17000,1,10,10,-0.6131379799859262,-61.31379799859262,synthetic://REF_ONLY_kan_generic_N1000_K100_H800_s4/positive_update_17000/NO_WEIGHTS,HYPOTHETICAL_REFERENCE_ONLY:04_selection/checkpoint_validation_detail.csv#method=kan_generic;N=1000;reference_repeat=4;update=17000;synthetic://REF_ONLY_kan_generic_N1000_K100_H800_s4/positive_update_17000/NO_WEIGHTS
kan_generic,1000,100,800,4,18000,1,10,10,-0.5957501484681402,-59.57501484681402,synthetic://REF_ONLY_kan_generic_N1000_K100_H800_s4/positive_update_18000/NO_WEIGHTS,HYPOTHETICAL_REFERENCE_ONLY:04_selection/checkpoint_validation_detail.csv#method=kan_generic;N=1000;reference_repeat=4;update=18000;synthetic://REF_ONLY_kan_generic_N1000_K100_H800_s4/positive_update_18000/NO_WEIGHTS
kan_generic,1000,100,800,4,19000,1,10,10,-0.5948722125546773,-59.48722125546772,synthetic://REF_ONLY_kan_generic_N1000_K100_H800_s4/positive_update_19000/NO_WEIGHTS,HYPOTHETICAL_REFERENCE_ONLY:04_selection/checkpoint_validation_detail.csv#method=kan_generic;N=1000;reference_repeat=4;update=19000;synthetic://REF_ONLY_kan_generic_N1000_K100_H800_s4/positive_update_19000/NO_WEIGHTS
kan_generic,1000,100,800,4,20000,1,10,10,-0.5875070997854815,-58.75070997854815,synthetic://REF_ONLY_kan_generic_N1000_K100_H800_s4/positive_update_20000/NO_WEIGHTS,HYPOTHETICAL_REFERENCE_ONLY:04_selection/checkpoint_validation_detail.csv#method=kan_generic;N=1000;reference_repeat=4;update=20000;synthetic://REF_ONLY_kan_generic_N1000_K100_H800_s4/positive_update_20000/NO_WEIGHTS
kan_generic,1000,100,800,5,1000,1,10,10,-0.5283662596875958,-52.83662596875958,synthetic://REF_ONLY_kan_generic_N1000_K100_H800_s5/positive_update_01000/NO_WEIGHTS,HYPOTHETICAL_REFERENCE_ONLY:04_selection/checkpoint_validation_detail.csv#method=kan_generic;N=1000;reference_repeat=5;update=1000;synthetic://REF_ONLY_kan_generic_N1000_K100_H800_s5/positive_update_01000/NO_WEIGHTS
kan_generic,1000,100,800,5,2000,1,10,10,-0.5430882798540285,-54.30882798540285,synthetic://REF_ONLY_kan_generic_N1000_K100_H800_s5/positive_update_02000/NO_WEIGHTS,HYPOTHETICAL_REFERENCE_ONLY:04_selection/checkpoint_validation_detail.csv#method=kan_generic;N=1000;reference_repeat=5;update=2000;synthetic://REF_ONLY_kan_generic_N1000_K100_H800_s5/positive_update_02000/NO_WEIGHTS
kan_generic,1000,100,800,5,3000,1,10,10,-0.5657395174164797,-56.57395174164797,synthetic://REF_ONLY_kan_generic_N1000_K100_H800_s5/positive_update_03000/NO_WEIGHTS,HYPOTHETICAL_REFERENCE_ONLY:04_selection/checkpoint_validation_detail.csv#method=kan_generic;N=1000;reference_repeat=5;update=3000;synthetic://REF_ONLY_kan_generic_N1000_K100_H800_s5/positive_update_03000/NO_WEIGHTS
kan_generic,1000,100,800,5,4000,1,10,10,-0.5675147767353459,-56.75147767353459,synthetic://REF_ONLY_kan_generic_N1000_K100_H800_s5/positive_update_04000/NO_WEIGHTS,HYPOTHETICAL_REFERENCE_ONLY:04_selection/checkpoint_validation_detail.csv#method=kan_generic;N=1000;reference_repeat=5;update=4000;synthetic://REF_ONLY_kan_generic_N1000_K100_H800_s5/positive_update_04000/NO_WEIGHTS
kan_generic,1000,100,800,5,5000,1,10,10,-0.55375877298714,-55.375877298714,synthetic://REF_ONLY_kan_generic_N1000_K100_H800_s5/positive_update_05000/NO_WEIGHTS,HYPOTHETICAL_REFERENCE_ONLY:04_selection/checkpoint_validation_detail.csv#method=kan_generic;N=1000;reference_repeat=5;update=5000;synthetic://REF_ONLY_kan_generic_N1000_K100_H800_s5/positive_update_05000/NO_WEIGHTS
kan_generic,1000,100,800,5,6000,1,10,10,-0.5704210916853093,-57.04210916853093,synthetic://REF_ONLY_kan_generic_N1000_K100_H800_s5/positive_update_06000/NO_WEIGHTS,HYPOTHETICAL_REFERENCE_ONLY:04_selection/checkpoint_validation_detail.csv#method=kan_generic;N=1000;reference_repeat=5;update=6000;synthetic://REF_ONLY_kan_generic_N1000_K100_H800_s5/positive_update_06000/NO_WEIGHTS
kan_generic,1000,100,800,5,7000,1,10,10,-0.5754853160431331,-57.54853160431331,synthetic://REF_ONLY_kan_generic_N1000_K100_H800_s5/positive_update_07000/NO_WEIGHTS,HYPOTHETICAL_REFERENCE_ONLY:04_selection/checkpoint_validation_detail.csv#method=kan_generic;N=1000;reference_repeat=5;update=7000;synthetic://REF_ONLY_kan_generic_N1000_K100_H800_s5/positive_update_07000/NO_WEIGHTS
kan_generic,1000,100,800,5,8000,1,10,10,-0.5758386779648051,-57.58386779648051,synthetic://REF_ONLY_kan_generic_N1000_K100_H800_s5/positive_update_08000/NO_WEIGHTS,HYPOTHETICAL_REFERENCE_ONLY:04_selection/checkpoint_validation_detail.csv#method=kan_generic;N=1000;reference_repeat=5;update=8000;synthetic://REF_ONLY_kan_generic_N1000_K100_H800_s5/positive_update_08000/NO_WEIGHTS
kan_generic,1000,100,800,5,9000,1,10,10,-0.577943707819434,-57.79437078194341,synthetic://REF_ONLY_kan_generic_N1000_K100_H800_s5/positive_update_09000/NO_WEIGHTS,HYPOTHETICAL_REFERENCE_ONLY:04_selection/checkpoint_validation_detail.csv#method=kan_generic;N=1000;reference_repeat=5;update=9000;synthetic://REF_ONLY_kan_generic_N1000_K100_H800_s5/positive_update_09000/NO_WEIGHTS
kan_generic,1000,100,800,5,10000,1,10,10,-0.5808971415762709,-58.08971415762709,synthetic://REF_ONLY_kan_generic_N1000_K100_H800_s5/positive_update_10000/NO_WEIGHTS,HYPOTHETICAL_REFERENCE_ONLY:04_selection/checkpoint_validation_detail.csv#method=kan_generic;N=1000;reference_repeat=5;update=10000;synthetic://REF_ONLY_kan_generic_N1000_K100_H800_s5/positive_update_10000/NO_WEIGHTS
kan_generic,1000,100,800,5,11000,1,10,10,-0.5758980571379992,-57.589805713799926,synthetic://REF_ONLY_kan_generic_N1000_K100_H800_s5/positive_update_11000/NO_WEIGHTS,HYPOTHETICAL_REFERENCE_ONLY:04_selection/checkpoint_validation_detail.csv#method=kan_generic;N=1000;reference_repeat=5;update=11000;synthetic://REF_ONLY_kan_generic_N1000_K100_H800_s5/positive_update_11000/NO_WEIGHTS
kan_generic,1000,100,800,5,12000,1,10,10,-0.5798129990703613,-57.98129990703613,synthetic://REF_ONLY_kan_generic_N1000_K100_H800_s5/positive_update_12000/NO_WEIGHTS,HYPOTHETICAL_REFERENCE_ONLY:04_selection/checkpoint_validation_detail.csv#method=kan_generic;N=1000;reference_repeat=5;update=12000;synthetic://REF_ONLY_kan_generic_N1000_K100_H800_s5/positive_update_12000/NO_WEIGHTS
kan_generic,1000,100,800,5,13000,1,10,10,-0.581966930344656,-58.196693034465596,synthetic://REF_ONLY_kan_generic_N1000_K100_H800_s5/positive_update_13000/NO_WEIGHTS,HYPOTHETICAL_REFERENCE_ONLY:04_selection/checkpoint_validation_detail.csv#method=kan_generic;N=1000;reference_repeat=5;update=13000;synthetic://REF_ONLY_kan_generic_N1000_K100_H800_s5/positive_update_13000/NO_WEIGHTS
kan_generic,1000,100,800,5,14000,1,10,10,-0.5877536084790143,-58.775360847901425,synthetic://REF_ONLY_kan_generic_N1000_K100_H800_s5/positive_update_14000/NO_WEIGHTS,HYPOTHETICAL_REFERENCE_ONLY:04_selection/checkpoint_validation_detail.csv#method=kan_generic;N=1000;reference_repeat=5;update=14000;synthetic://REF_ONLY_kan_generic_N1000_K100_H800_s5/positive_update_14000/NO_WEIGHTS
kan_generic,1000,100,800,5,15000,1,10,10,-0.5981222615400075,-59.81222615400075,synthetic://REF_ONLY_kan_generic_N1000_K100_H800_s5/positive_update_15000/NO_WEIGHTS,HYPOTHETICAL_REFERENCE_ONLY:04_selection/checkpoint_validation_detail.csv#method=kan_generic;N=1000;reference_repeat=5;update=15000;synthetic://REF_ONLY_kan_generic_N1000_K100_H800_s5/positive_update_15000/NO_WEIGHTS
kan_generic,1000,100,800,5,16000,1,10,10,-0.6057060021501214,-60.570600215012135,synthetic://REF_ONLY_kan_generic_N1000_K100_H800_s5/positive_update_16000/NO_WEIGHTS,HYPOTHETICAL_REFERENCE_ONLY:04_selection/checkpoint_validation_detail.csv#method=kan_generic;N=1000;reference_repeat=5;update=16000;synthetic://REF_ONLY_kan_generic_N1000_K100_H800_s5/positive_update_16000/NO_WEIGHTS
kan_generic,1000,100,800,5,17000,1,10,10,-0.6216453761148815,-62.16453761148814,synthetic://REF_ONLY_kan_generic_N1000_K100_H800_s5/positive_update_17000/NO_WEIGHTS,HYPOTHETICAL_REFERENCE_ONLY:04_selection/checkpoint_validation_detail.csv#method=kan_generic;N=1000;reference_repeat=5;update=17000;synthetic://REF_ONLY_kan_generic_N1000_K100_H800_s5/positive_update_17000/NO_WEIGHTS
kan_generic,1000,100,800,5,18000,1,10,10,-0.634516905228011,-63.451690522801094,synthetic://REF_ONLY_kan_generic_N1000_K100_H800_s5/positive_update_18000/NO_WEIGHTS,HYPOTHETICAL_REFERENCE_ONLY:04_selection/checkpoint_validation_detail.csv#method=kan_generic;N=1000;reference_repeat=5;update=18000;synthetic://REF_ONLY_kan_generic_N1000_K100_H800_s5/positive_update_18000/NO_WEIGHTS
kan_generic,1000,100,800,5,19000,1,10,10,-0.6231322836493712,-62.313228364937125,synthetic://REF_ONLY_kan_generic_N1000_K100_H800_s5/positive_update_19000/NO_WEIGHTS,HYPOTHETICAL_REFERENCE_ONLY:04_selection/checkpoint_validation_detail.csv#method=kan_generic;N=1000;reference_repeat=5;update=19000;synthetic://REF_ONLY_kan_generic_N1000_K100_H800_s5/positive_update_19000/NO_WEIGHTS
kan_generic,1000,100,800,5,20000,1,10,10,-0.6279024796949476,-62.790247969494764,synthetic://REF_ONLY_kan_generic_N1000_K100_H800_s5/positive_update_20000/NO_WEIGHTS,HYPOTHETICAL_REFERENCE_ONLY:04_selection/checkpoint_validation_detail.csv#method=kan_generic;N=1000;reference_repeat=5;update=20000;synthetic://REF_ONLY_kan_generic_N1000_K100_H800_s5/positive_update_20000/NO_WEIGHTS
mlp213,2000,100,800,1,1000,1,10,10,-0.6034499170590302,-60.34499170590302,synthetic://REF_ONLY_mlp213_N2000_K100_H800_s1/positive_update_01000/NO_WEIGHTS,HYPOTHETICAL_REFERENCE_ONLY:04_selection/checkpoint_validation_detail.csv#method=mlp213;N=2000;reference_repeat=1;update=1000;synthetic://REF_ONLY_mlp213_N2000_K100_H800_s1/positive_update_01000/NO_WEIGHTS
mlp213,2000,100,800,1,2000,1,10,10,-0.606877739613037,-60.687773961303705,synthetic://REF_ONLY_mlp213_N2000_K100_H800_s1/positive_update_02000/NO_WEIGHTS,HYPOTHETICAL_REFERENCE_ONLY:04_selection/checkpoint_validation_detail.csv#method=mlp213;N=2000;reference_repeat=1;update=2000;synthetic://REF_ONLY_mlp213_N2000_K100_H800_s1/positive_update_02000/NO_WEIGHTS
mlp213,2000,100,800,1,3000,1,10,10,-0.6049018228127109,-60.49018228127109,synthetic://REF_ONLY_mlp213_N2000_K100_H800_s1/positive_update_03000/NO_WEIGHTS,HYPOTHETICAL_REFERENCE_ONLY:04_selection/checkpoint_validation_detail.csv#method=mlp213;N=2000;reference_repeat=1;update=3000;synthetic://REF_ONLY_mlp213_N2000_K100_H800_s1/positive_update_03000/NO_WEIGHTS
mlp213,2000,100,800,1,4000,1,10,10,-0.6032586140179865,-60.325861401798655,synthetic://REF_ONLY_mlp213_N2000_K100_H800_s1/positive_update_04000/NO_WEIGHTS,HYPOTHETICAL_REFERENCE_ONLY:04_selection/checkpoint_validation_detail.csv#method=mlp213;N=2000;reference_repeat=1;update=4000;synthetic://REF_ONLY_mlp213_N2000_K100_H800_s1/positive_update_04000/NO_WEIGHTS
mlp213,2000,100,800,1,5000,1,10,10,-0.6131348204397057,-61.313482043970566,synthetic://REF_ONLY_mlp213_N2000_K100_H800_s1/positive_update_05000/NO_WEIGHTS,HYPOTHETICAL_REFERENCE_ONLY:04_selection/checkpoint_validation_detail.csv#method=mlp213;N=2000;reference_repeat=1;update=5000;synthetic://REF_ONLY_mlp213_N2000_K100_H800_s1/positive_update_05000/NO_WEIGHTS
mlp213,2000,100,800,1,6000,1,10,10,-0.622617557196937,-62.2617557196937,synthetic://REF_ONLY_mlp213_N2000_K100_H800_s1/positive_update_06000/NO_WEIGHTS,HYPOTHETICAL_REFERENCE_ONLY:04_selection/checkpoint_validation_detail.csv#method=mlp213;N=2000;reference_repeat=1;update=6000;synthetic://REF_ONLY_mlp213_N2000_K100_H800_s1/positive_update_06000/NO_WEIGHTS
mlp213,2000,100,800,1,7000,1,10,10,-0.6272216691385599,-62.72216691385599,synthetic://REF_ONLY_mlp213_N2000_K100_H800_s1/positive_update_07000/NO_WEIGHTS,HYPOTHETICAL_REFERENCE_ONLY:04_selection/checkpoint_validation_detail.csv#method=mlp213;N=2000;reference_repeat=1;update=7000;synthetic://REF_ONLY_mlp213_N2000_K100_H800_s1/positive_update_07000/NO_WEIGHTS
mlp213,2000,100,800,1,8000,1,10,10,-0.621206043883673,-62.1206043883673,synthetic://REF_ONLY_mlp213_N2000_K100_H800_s1/positive_update_08000/NO_WEIGHTS,HYPOTHETICAL_REFERENCE_ONLY:04_selection/checkpoint_validation_detail.csv#method=mlp213;N=2000;reference_repeat=1;update=8000;synthetic://REF_ONLY_mlp213_N2000_K100_H800_s1/positive_update_08000/NO_WEIGHTS
mlp213,2000,100,800,1,9000,1,10,10,-0.6227684734083787,-62.27684734083787,synthetic://REF_ONLY_mlp213_N2000_K100_H800_s1/positive_update_09000/NO_WEIGHTS,HYPOTHETICAL_REFERENCE_ONLY:04_selection/checkpoint_validation_detail.csv#method=mlp213;N=2000;reference_repeat=1;update=9000;synthetic://REF_ONLY_mlp213_N2000_K100_H800_s1/positive_update_09000/NO_WEIGHTS
mlp213,2000,100,800,1,10000,1,10,10,-0.6156282324574549,-61.56282324574549,synthetic://REF_ONLY_mlp213_N2000_K100_H800_s1/positive_update_10000/NO_WEIGHTS,HYPOTHETICAL_REFERENCE_ONLY:04_selection/checkpoint_validation_detail.csv#method=mlp213;N=2000;reference_repeat=1;update=10000;synthetic://REF_ONLY_mlp213_N2000_K100_H800_s1/positive_update_10000/NO_WEIGHTS
mlp213,2000,100,800,1,11000,1,10,10,-0.6157925927372668,-61.579259273726684,synthetic://REF_ONLY_mlp213_N2000_K100_H800_s1/positive_update_11000/NO_WEIGHTS,HYPOTHETICAL_REFERENCE_ONLY:04_selection/checkpoint_validation_detail.csv#method=mlp213;N=2000;reference_repeat=1;update=11000;synthetic://REF_ONLY_mlp213_N2000_K100_H800_s1/positive_update_11000/NO_WEIGHTS
mlp213,2000,100,800,1,12000,1,10,10,-0.6246262244539951,-62.462622445399504,synthetic://REF_ONLY_mlp213_N2000_K100_H800_s1/positive_update_12000/NO_WEIGHTS,HYPOTHETICAL_REFERENCE_ONLY:04_selection/checkpoint_validation_detail.csv#method=mlp213;N=2000;reference_repeat=1;update=12000;synthetic://REF_ONLY_mlp213_N2000_K100_H800_s1/positive_update_12000/NO_WEIGHTS
mlp213,2000,100,800,1,13000,1,10,10,-0.6159196636863605,-61.59196636863605,synthetic://REF_ONLY_mlp213_N2000_K100_H800_s1/positive_update_13000/NO_WEIGHTS,HYPOTHETICAL_REFERENCE_ONLY:04_selection/checkpoint_validation_detail.csv#method=mlp213;N=2000;reference_repeat=1;update=13000;synthetic://REF_ONLY_mlp213_N2000_K100_H800_s1/positive_update_13000/NO_WEIGHTS
mlp213,2000,100,800,1,14000,1,10,10,-0.6055313889540695,-60.55313889540695,synthetic://REF_ONLY_mlp213_N2000_K100_H800_s1/positive_update_14000/NO_WEIGHTS,HYPOTHETICAL_REFERENCE_ONLY:04_selection/checkpoint_validation_detail.csv#method=mlp213;N=2000;reference_repeat=1;update=14000;synthetic://REF_ONLY_mlp213_N2000_K100_H800_s1/positive_update_14000/NO_WEIGHTS
mlp213,2000,100,800,1,15000,1,10,10,-0.6057986665643432,-60.57986665643432,synthetic://REF_ONLY_mlp213_N2000_K100_H800_s1/positive_update_15000/NO_WEIGHTS,HYPOTHETICAL_REFERENCE_ONLY:04_selection/checkpoint_validation_detail.csv#method=mlp213;N=2000;reference_repeat=1;update=15000;synthetic://REF_ONLY_mlp213_N2000_K100_H800_s1/positive_update_15000/NO_WEIGHTS
mlp213,2000,100,800,1,16000,1,10,10,-0.608427191272721,-60.842719127272105,synthetic://REF_ONLY_mlp213_N2000_K100_H800_s1/positive_update_16000/NO_WEIGHTS,HYPOTHETICAL_REFERENCE_ONLY:04_selection/checkpoint_validation_detail.csv#method=mlp213;N=2000;reference_repeat=1;update=16000;synthetic://REF_ONLY_mlp213_N2000_K100_H800_s1/positive_update_16000/NO_WEIGHTS
mlp213,2000,100,800,1,17000,1,10,10,-0.5962589439162306,-59.625894391623056,synthetic://REF_ONLY_mlp213_N2000_K100_H800_s1/positive_update_17000/NO_WEIGHTS,HYPOTHETICAL_REFERENCE_ONLY:04_selection/checkpoint_validation_detail.csv#method=mlp213;N=2000;reference_repeat=1;update=17000;synthetic://REF_ONLY_mlp213_N2000_K100_H800_s1/positive_update_17000/NO_WEIGHTS
mlp213,2000,100,800,1,18000,1,10,10,-0.6059856476309261,-60.59856476309261,synthetic://REF_ONLY_mlp213_N2000_K100_H800_s1/positive_update_18000/NO_WEIGHTS,HYPOTHETICAL_REFERENCE_ONLY:04_selection/checkpoint_validation_detail.csv#method=mlp213;N=2000;reference_repeat=1;update=18000;synthetic://REF_ONLY_mlp213_N2000_K100_H800_s1/positive_update_18000/NO_WEIGHTS
mlp213,2000,100,800,1,19000,1,10,10,-0.5961064971636418,-59.610649716364186,synthetic://REF_ONLY_mlp213_N2000_K100_H800_s1/positive_update_19000/NO_WEIGHTS,HYPOTHETICAL_REFERENCE_ONLY:04_selection/checkpoint_validation_detail.csv#method=mlp213;N=2000;reference_repeat=1;update=19000;synthetic://REF_ONLY_mlp213_N2000_K100_H800_s1/positive_update_19000/NO_WEIGHTS
mlp213,2000,100,800,1,20000,1,10,10,-0.6097154580876954,-60.97154580876955,synthetic://REF_ONLY_mlp213_N2000_K100_H800_s1/positive_update_20000/NO_WEIGHTS,HYPOTHETICAL_REFERENCE_ONLY:04_selection/checkpoint_validation_detail.csv#method=mlp213;N=2000;reference_repeat=1;update=20000;synthetic://REF_ONLY_mlp213_N2000_K100_H800_s1/positive_update_20000/NO_WEIGHTS
mlp213,2000,100,800,2,1000,1,10,10,-0.5856894336868014,-58.56894336868014,synthetic://REF_ONLY_mlp213_N2000_K100_H800_s2/positive_update_01000/NO_WEIGHTS,HYPOTHETICAL_REFERENCE_ONLY:04_selection/checkpoint_validation_detail.csv#method=mlp213;N=2000;reference_repeat=2;update=1000;synthetic://REF_ONLY_mlp213_N2000_K100_H800_s2/positive_update_01000/NO_WEIGHTS
mlp213,2000,100,800,2,2000,1,10,10,-0.5829889871458858,-58.298898714588574,synthetic://REF_ONLY_mlp213_N2000_K100_H800_s2/positive_update_02000/NO_WEIGHTS,HYPOTHETICAL_REFERENCE_ONLY:04_selection/checkpoint_validation_detail.csv#method=mlp213;N=2000;reference_repeat=2;update=2000;synthetic://REF_ONLY_mlp213_N2000_K100_H800_s2/positive_update_02000/NO_WEIGHTS
mlp213,2000,100,800,2,3000,1,10,10,-0.5895359398864966,-58.95359398864966,synthetic://REF_ONLY_mlp213_N2000_K100_H800_s2/positive_update_03000/NO_WEIGHTS,HYPOTHETICAL_REFERENCE_ONLY:04_selection/checkpoint_validation_detail.csv#method=mlp213;N=2000;reference_repeat=2;update=3000;synthetic://REF_ONLY_mlp213_N2000_K100_H800_s2/positive_update_03000/NO_WEIGHTS
mlp213,2000,100,800,2,4000,1,10,10,-0.58373776125057,-58.373776125057,synthetic://REF_ONLY_mlp213_N2000_K100_H800_s2/positive_update_04000/NO_WEIGHTS,HYPOTHETICAL_REFERENCE_ONLY:04_selection/checkpoint_validation_detail.csv#method=mlp213;N=2000;reference_repeat=2;update=4000;synthetic://REF_ONLY_mlp213_N2000_K100_H800_s2/positive_update_04000/NO_WEIGHTS
mlp213,2000,100,800,2,5000,1,10,10,-0.5986328880702276,-59.86328880702276,synthetic://REF_ONLY_mlp213_N2000_K100_H800_s2/positive_update_05000/NO_WEIGHTS,HYPOTHETICAL_REFERENCE_ONLY:04_selection/checkpoint_validation_detail.csv#method=mlp213;N=2000;reference_repeat=2;update=5000;synthetic://REF_ONLY_mlp213_N2000_K100_H800_s2/positive_update_05000/NO_WEIGHTS
mlp213,2000,100,800,2,6000,1,10,10,-0.6100396885963518,-61.00396885963518,synthetic://REF_ONLY_mlp213_N2000_K100_H800_s2/positive_update_06000/NO_WEIGHTS,HYPOTHETICAL_REFERENCE_ONLY:04_selection/checkpoint_validation_detail.csv#method=mlp213;N=2000;reference_repeat=2;update=6000;synthetic://REF_ONLY_mlp213_N2000_K100_H800_s2/positive_update_06000/NO_WEIGHTS
mlp213,2000,100,800,2,7000,1,10,10,-0.597982999413777,-59.7982999413777,synthetic://REF_ONLY_mlp213_N2000_K100_H800_s2/positive_update_07000/NO_WEIGHTS,HYPOTHETICAL_REFERENCE_ONLY:04_selection/checkpoint_validation_detail.csv#method=mlp213;N=2000;reference_repeat=2;update=7000;synthetic://REF_ONLY_mlp213_N2000_K100_H800_s2/positive_update_07000/NO_WEIGHTS
mlp213,2000,100,800,2,8000,1,10,10,-0.6059078727155376,-60.59078727155376,synthetic://REF_ONLY_mlp213_N2000_K100_H800_s2/positive_update_08000/NO_WEIGHTS,HYPOTHETICAL_REFERENCE_ONLY:04_selection/checkpoint_validation_detail.csv#method=mlp213;N=2000;reference_repeat=2;update=8000;synthetic://REF_ONLY_mlp213_N2000_K100_H800_s2/positive_update_08000/NO_WEIGHTS
mlp213,2000,100,800,2,9000,1,10,10,-0.6086355137026637,-60.863551370266364,synthetic://REF_ONLY_mlp213_N2000_K100_H800_s2/positive_update_09000/NO_WEIGHTS,HYPOTHETICAL_REFERENCE_ONLY:04_selection/checkpoint_validation_detail.csv#method=mlp213;N=2000;reference_repeat=2;update=9000;synthetic://REF_ONLY_mlp213_N2000_K100_H800_s2/positive_update_09000/NO_WEIGHTS
mlp213,2000,100,800,2,10000,1,10,10,-0.6076978962935129,-60.76978962935129,synthetic://REF_ONLY_mlp213_N2000_K100_H800_s2/positive_update_10000/NO_WEIGHTS,HYPOTHETICAL_REFERENCE_ONLY:04_selection/checkpoint_validation_detail.csv#method=mlp213;N=2000;reference_repeat=2;update=10000;synthetic://REF_ONLY_mlp213_N2000_K100_H800_s2/positive_update_10000/NO_WEIGHTS
mlp213,2000,100,800,2,11000,1,10,10,-0.6127836570925672,-61.27836570925672,synthetic://REF_ONLY_mlp213_N2000_K100_H800_s2/positive_update_11000/NO_WEIGHTS,HYPOTHETICAL_REFERENCE_ONLY:04_selection/checkpoint_validation_detail.csv#method=mlp213;N=2000;reference_repeat=2;update=11000;synthetic://REF_ONLY_mlp213_N2000_K100_H800_s2/positive_update_11000/NO_WEIGHTS
mlp213,2000,100,800,2,12000,1,10,10,-0.6118113086130861,-61.18113086130861,synthetic://REF_ONLY_mlp213_N2000_K100_H800_s2/positive_update_12000/NO_WEIGHTS,HYPOTHETICAL_REFERENCE_ONLY:04_selection/checkpoint_validation_detail.csv#method=mlp213;N=2000;reference_repeat=2;update=12000;synthetic://REF_ONLY_mlp213_N2000_K100_H800_s2/positive_update_12000/NO_WEIGHTS
mlp213,2000,100,800,2,13000,1,10,10,-0.6051470080980537,-60.51470080980537,synthetic://REF_ONLY_mlp213_N2000_K100_H800_s2/positive_update_13000/NO_WEIGHTS,HYPOTHETICAL_REFERENCE_ONLY:04_selection/checkpoint_validation_detail.csv#method=mlp213;N=2000;reference_repeat=2;update=13000;synthetic://REF_ONLY_mlp213_N2000_K100_H800_s2/positive_update_13000/NO_WEIGHTS
mlp213,2000,100,800,2,14000,1,10,10,-0.5950989132199678,-59.509891321996776,synthetic://REF_ONLY_mlp213_N2000_K100_H800_s2/positive_update_14000/NO_WEIGHTS,HYPOTHETICAL_REFERENCE_ONLY:04_selection/checkpoint_validation_detail.csv#method=mlp213;N=2000;reference_repeat=2;update=14000;synthetic://REF_ONLY_mlp213_N2000_K100_H800_s2/positive_update_14000/NO_WEIGHTS
mlp213,2000,100,800,2,15000,1,10,10,-0.608093150870911,-60.8093150870911,synthetic://REF_ONLY_mlp213_N2000_K100_H800_s2/positive_update_15000/NO_WEIGHTS,HYPOTHETICAL_REFERENCE_ONLY:04_selection/checkpoint_validation_detail.csv#method=mlp213;N=2000;reference_repeat=2;update=15000;synthetic://REF_ONLY_mlp213_N2000_K100_H800_s2/positive_update_15000/NO_WEIGHTS
mlp213,2000,100,800,2,16000,1,10,10,-0.5928171512122116,-59.281715121221154,synthetic://REF_ONLY_mlp213_N2000_K100_H800_s2/positive_update_16000/NO_WEIGHTS,HYPOTHETICAL_REFERENCE_ONLY:04_selection/checkpoint_validation_detail.csv#method=mlp213;N=2000;reference_repeat=2;update=16000;synthetic://REF_ONLY_mlp213_N2000_K100_H800_s2/positive_update_16000/NO_WEIGHTS
mlp213,2000,100,800,2,17000,1,10,10,-0.5971787282061655,-59.71787282061655,synthetic://REF_ONLY_mlp213_N2000_K100_H800_s2/positive_update_17000/NO_WEIGHTS,HYPOTHETICAL_REFERENCE_ONLY:04_selection/checkpoint_validation_detail.csv#method=mlp213;N=2000;reference_repeat=2;update=17000;synthetic://REF_ONLY_mlp213_N2000_K100_H800_s2/positive_update_17000/NO_WEIGHTS
mlp213,2000,100,800,2,18000,1,10,10,-0.5940195751274898,-59.40195751274898,synthetic://REF_ONLY_mlp213_N2000_K100_H800_s2/positive_update_18000/NO_WEIGHTS,HYPOTHETICAL_REFERENCE_ONLY:04_selection/checkpoint_validation_detail.csv#method=mlp213;N=2000;reference_repeat=2;update=18000;synthetic://REF_ONLY_mlp213_N2000_K100_H800_s2/positive_update_18000/NO_WEIGHTS
mlp213,2000,100,800,2,19000,1,10,10,-0.5858683505105509,-58.58683505105509,synthetic://REF_ONLY_mlp213_N2000_K100_H800_s2/positive_update_19000/NO_WEIGHTS,HYPOTHETICAL_REFERENCE_ONLY:04_selection/checkpoint_validation_detail.csv#method=mlp213;N=2000;reference_repeat=2;update=19000;synthetic://REF_ONLY_mlp213_N2000_K100_H800_s2/positive_update_19000/NO_WEIGHTS
mlp213,2000,100,800,2,20000,1,10,10,-0.6048150085095514,-60.481500850955136,synthetic://REF_ONLY_mlp213_N2000_K100_H800_s2/positive_update_20000/NO_WEIGHTS,HYPOTHETICAL_REFERENCE_ONLY:04_selection/checkpoint_validation_detail.csv#method=mlp213;N=2000;reference_repeat=2;update=20000;synthetic://REF_ONLY_mlp213_N2000_K100_H800_s2/positive_update_20000/NO_WEIGHTS
mlp213,2000,100,800,3,1000,1,10,10,-0.5845980188731741,-58.45980188731741,synthetic://REF_ONLY_mlp213_N2000_K100_H800_s3/positive_update_01000/NO_WEIGHTS,HYPOTHETICAL_REFERENCE_ONLY:04_selection/checkpoint_validation_detail.csv#method=mlp213;N=2000;reference_repeat=3;update=1000;synthetic://REF_ONLY_mlp213_N2000_K100_H800_s3/positive_update_01000/NO_WEIGHTS
mlp213,2000,100,800,3,2000,1,10,10,-0.6085348506193818,-60.85348506193819,synthetic://REF_ONLY_mlp213_N2000_K100_H800_s3/positive_update_02000/NO_WEIGHTS,HYPOTHETICAL_REFERENCE_ONLY:04_selection/checkpoint_validation_detail.csv#method=mlp213;N=2000;reference_repeat=3;update=2000;synthetic://REF_ONLY_mlp213_N2000_K100_H800_s3/positive_update_02000/NO_WEIGHTS
mlp213,2000,100,800,3,3000,1,10,10,-0.6082715651237696,-60.82715651237696,synthetic://REF_ONLY_mlp213_N2000_K100_H800_s3/positive_update_03000/NO_WEIGHTS,HYPOTHETICAL_REFERENCE_ONLY:04_selection/checkpoint_validation_detail.csv#method=mlp213;N=2000;reference_repeat=3;update=3000;synthetic://REF_ONLY_mlp213_N2000_K100_H800_s3/positive_update_03000/NO_WEIGHTS
mlp213,2000,100,800,3,4000,1,10,10,-0.6053323133741962,-60.53323133741962,synthetic://REF_ONLY_mlp213_N2000_K100_H800_s3/positive_update_04000/NO_WEIGHTS,HYPOTHETICAL_REFERENCE_ONLY:04_selection/checkpoint_validation_detail.csv#method=mlp213;N=2000;reference_repeat=3;update=4000;synthetic://REF_ONLY_mlp213_N2000_K100_H800_s3/positive_update_04000/NO_WEIGHTS
mlp213,2000,100,800,3,5000,1,10,10,-0.6227880975917348,-62.278809759173484,synthetic://REF_ONLY_mlp213_N2000_K100_H800_s3/positive_update_05000/NO_WEIGHTS,HYPOTHETICAL_REFERENCE_ONLY:04_selection/checkpoint_validation_detail.csv#method=mlp213;N=2000;reference_repeat=3;update=5000;synthetic://REF_ONLY_mlp213_N2000_K100_H800_s3/positive_update_05000/NO_WEIGHTS
mlp213,2000,100,800,3,6000,1,10,10,-0.6220890259243236,-62.20890259243236,synthetic://REF_ONLY_mlp213_N2000_K100_H800_s3/positive_update_06000/NO_WEIGHTS,HYPOTHETICAL_REFERENCE_ONLY:04_selection/checkpoint_validation_detail.csv#method=mlp213;N=2000;reference_repeat=3;update=6000;synthetic://REF_ONLY_mlp213_N2000_K100_H800_s3/positive_update_06000/NO_WEIGHTS
mlp213,2000,100,800,3,7000,1,10,10,-0.615002662391754,-61.5002662391754,synthetic://REF_ONLY_mlp213_N2000_K100_H800_s3/positive_update_07000/NO_WEIGHTS,HYPOTHETICAL_REFERENCE_ONLY:04_selection/checkpoint_validation_detail.csv#method=mlp213;N=2000;reference_repeat=3;update=7000;synthetic://REF_ONLY_mlp213_N2000_K100_H800_s3/positive_update_07000/NO_WEIGHTS
mlp213,2000,100,800,3,8000,1,10,10,-0.6144708162978683,-61.44708162978682,synthetic://REF_ONLY_mlp213_N2000_K100_H800_s3/positive_update_08000/NO_WEIGHTS,HYPOTHETICAL_REFERENCE_ONLY:04_selection/checkpoint_validation_detail.csv#method=mlp213;N=2000;reference_repeat=3;update=8000;synthetic://REF_ONLY_mlp213_N2000_K100_H800_s3/positive_update_08000/NO_WEIGHTS
mlp213,2000,100,800,3,9000,1,10,10,-0.6113967491218582,-61.13967491218582,synthetic://REF_ONLY_mlp213_N2000_K100_H800_s3/positive_update_09000/NO_WEIGHTS,HYPOTHETICAL_REFERENCE_ONLY:04_selection/checkpoint_validation_detail.csv#method=mlp213;N=2000;reference_repeat=3;update=9000;synthetic://REF_ONLY_mlp213_N2000_K100_H800_s3/positive_update_09000/NO_WEIGHTS
mlp213,2000,100,800,3,10000,1,10,10,-0.6198119377259306,-61.98119377259306,synthetic://REF_ONLY_mlp213_N2000_K100_H800_s3/positive_update_10000/NO_WEIGHTS,HYPOTHETICAL_REFERENCE_ONLY:04_selection/checkpoint_validation_detail.csv#method=mlp213;N=2000;reference_repeat=3;update=10000;synthetic://REF_ONLY_mlp213_N2000_K100_H800_s3/positive_update_10000/NO_WEIGHTS
mlp213,2000,100,800,3,11000,1,10,10,-0.6307057407178452,-63.07057407178453,synthetic://REF_ONLY_mlp213_N2000_K100_H800_s3/positive_update_11000/NO_WEIGHTS,HYPOTHETICAL_REFERENCE_ONLY:04_selection/checkpoint_validation_detail.csv#method=mlp213;N=2000;reference_repeat=3;update=11000;synthetic://REF_ONLY_mlp213_N2000_K100_H800_s3/positive_update_11000/NO_WEIGHTS
mlp213,2000,100,800,3,12000,1,10,10,-0.6282294446207403,-62.82294446207403,synthetic://REF_ONLY_mlp213_N2000_K100_H800_s3/positive_update_12000/NO_WEIGHTS,HYPOTHETICAL_REFERENCE_ONLY:04_selection/checkpoint_validation_detail.csv#method=mlp213;N=2000;reference_repeat=3;update=12000;synthetic://REF_ONLY_mlp213_N2000_K100_H800_s3/positive_update_12000/NO_WEIGHTS
mlp213,2000,100,800,3,13000,1,10,10,-0.6339527757429332,-63.39527757429332,synthetic://REF_ONLY_mlp213_N2000_K100_H800_s3/positive_update_13000/NO_WEIGHTS,HYPOTHETICAL_REFERENCE_ONLY:04_selection/checkpoint_validation_detail.csv#method=mlp213;N=2000;reference_repeat=3;update=13000;synthetic://REF_ONLY_mlp213_N2000_K100_H800_s3/positive_update_13000/NO_WEIGHTS
mlp213,2000,100,800,3,14000,1,10,10,-0.6385896051519635,-63.85896051519635,synthetic://REF_ONLY_mlp213_N2000_K100_H800_s3/positive_update_14000/NO_WEIGHTS,HYPOTHETICAL_REFERENCE_ONLY:04_selection/checkpoint_validation_detail.csv#method=mlp213;N=2000;reference_repeat=3;update=14000;synthetic://REF_ONLY_mlp213_N2000_K100_H800_s3/positive_update_14000/NO_WEIGHTS
mlp213,2000,100,800,3,15000,1,10,10,-0.6274391602231171,-62.74391602231171,synthetic://REF_ONLY_mlp213_N2000_K100_H800_s3/positive_update_15000/NO_WEIGHTS,HYPOTHETICAL_REFERENCE_ONLY:04_selection/checkpoint_validation_detail.csv#method=mlp213;N=2000;reference_repeat=3;update=15000;synthetic://REF_ONLY_mlp213_N2000_K100_H800_s3/positive_update_15000/NO_WEIGHTS
mlp213,2000,100,800,3,16000,1,10,10,-0.6197608174214668,-61.97608174214668,synthetic://REF_ONLY_mlp213_N2000_K100_H800_s3/positive_update_16000/NO_WEIGHTS,HYPOTHETICAL_REFERENCE_ONLY:04_selection/checkpoint_validation_detail.csv#method=mlp213;N=2000;reference_repeat=3;update=16000;synthetic://REF_ONLY_mlp213_N2000_K100_H800_s3/positive_update_16000/NO_WEIGHTS
mlp213,2000,100,800,3,17000,1,10,10,-0.6284309461814372,-62.84309461814372,synthetic://REF_ONLY_mlp213_N2000_K100_H800_s3/positive_update_17000/NO_WEIGHTS,HYPOTHETICAL_REFERENCE_ONLY:04_selection/checkpoint_validation_detail.csv#method=mlp213;N=2000;reference_repeat=3;update=17000;synthetic://REF_ONLY_mlp213_N2000_K100_H800_s3/positive_update_17000/NO_WEIGHTS
mlp213,2000,100,800,3,18000,1,10,10,-0.626419917612607,-62.6419917612607,synthetic://REF_ONLY_mlp213_N2000_K100_H800_s3/positive_update_18000/NO_WEIGHTS,HYPOTHETICAL_REFERENCE_ONLY:04_selection/checkpoint_validation_detail.csv#method=mlp213;N=2000;reference_repeat=3;update=18000;synthetic://REF_ONLY_mlp213_N2000_K100_H800_s3/positive_update_18000/NO_WEIGHTS
mlp213,2000,100,800,3,19000,1,10,10,-0.6223916598061043,-62.23916598061044,synthetic://REF_ONLY_mlp213_N2000_K100_H800_s3/positive_update_19000/NO_WEIGHTS,HYPOTHETICAL_REFERENCE_ONLY:04_selection/checkpoint_validation_detail.csv#method=mlp213;N=2000;reference_repeat=3;update=19000;synthetic://REF_ONLY_mlp213_N2000_K100_H800_s3/positive_update_19000/NO_WEIGHTS
mlp213,2000,100,800,3,20000,1,10,10,-0.6187508969720915,-61.87508969720915,synthetic://REF_ONLY_mlp213_N2000_K100_H800_s3/positive_update_20000/NO_WEIGHTS,HYPOTHETICAL_REFERENCE_ONLY:04_selection/checkpoint_validation_detail.csv#method=mlp213;N=2000;reference_repeat=3;update=20000;synthetic://REF_ONLY_mlp213_N2000_K100_H800_s3/positive_update_20000/NO_WEIGHTS
mlp213,2000,100,800,4,1000,1,10,10,-0.6364538768010187,-63.64538768010187,synthetic://REF_ONLY_mlp213_N2000_K100_H800_s4/positive_update_01000/NO_WEIGHTS,HYPOTHETICAL_REFERENCE_ONLY:04_selection/checkpoint_validation_detail.csv#method=mlp213;N=2000;reference_repeat=4;update=1000;synthetic://REF_ONLY_mlp213_N2000_K100_H800_s4/positive_update_01000/NO_WEIGHTS
mlp213,2000,100,800,4,2000,1,10,10,-0.6431407441239434,-64.31407441239433,synthetic://REF_ONLY_mlp213_N2000_K100_H800_s4/positive_update_02000/NO_WEIGHTS,HYPOTHETICAL_REFERENCE_ONLY:04_selection/checkpoint_validation_detail.csv#method=mlp213;N=2000;reference_repeat=4;update=2000;synthetic://REF_ONLY_mlp213_N2000_K100_H800_s4/positive_update_02000/NO_WEIGHTS
mlp213,2000,100,800,4,3000,1,10,10,-0.6627228990300283,-66.27228990300283,synthetic://REF_ONLY_mlp213_N2000_K100_H800_s4/positive_update_03000/NO_WEIGHTS,HYPOTHETICAL_REFERENCE_ONLY:04_selection/checkpoint_validation_detail.csv#method=mlp213;N=2000;reference_repeat=4;update=3000;synthetic://REF_ONLY_mlp213_N2000_K100_H800_s4/positive_update_03000/NO_WEIGHTS
mlp213,2000,100,800,4,4000,1,10,10,-0.6759037560373825,-67.59037560373825,synthetic://REF_ONLY_mlp213_N2000_K100_H800_s4/positive_update_04000/NO_WEIGHTS,HYPOTHETICAL_REFERENCE_ONLY:04_selection/checkpoint_validation_detail.csv#method=mlp213;N=2000;reference_repeat=4;update=4000;synthetic://REF_ONLY_mlp213_N2000_K100_H800_s4/positive_update_04000/NO_WEIGHTS
mlp213,2000,100,800,4,5000,1,10,10,-0.6649833167306461,-66.49833167306461,synthetic://REF_ONLY_mlp213_N2000_K100_H800_s4/positive_update_05000/NO_WEIGHTS,HYPOTHETICAL_REFERENCE_ONLY:04_selection/checkpoint_validation_detail.csv#method=mlp213;N=2000;reference_repeat=4;update=5000;synthetic://REF_ONLY_mlp213_N2000_K100_H800_s4/positive_update_05000/NO_WEIGHTS
mlp213,2000,100,800,4,6000,1,10,10,-0.6741931945334928,-67.41931945334927,synthetic://REF_ONLY_mlp213_N2000_K100_H800_s4/positive_update_06000/NO_WEIGHTS,HYPOTHETICAL_REFERENCE_ONLY:04_selection/checkpoint_validation_detail.csv#method=mlp213;N=2000;reference_repeat=4;update=6000;synthetic://REF_ONLY_mlp213_N2000_K100_H800_s4/positive_update_06000/NO_WEIGHTS
mlp213,2000,100,800,4,7000,1,10,10,-0.6584857834072878,-65.84857834072878,synthetic://REF_ONLY_mlp213_N2000_K100_H800_s4/positive_update_07000/NO_WEIGHTS,HYPOTHETICAL_REFERENCE_ONLY:04_selection/checkpoint_validation_detail.csv#method=mlp213;N=2000;reference_repeat=4;update=7000;synthetic://REF_ONLY_mlp213_N2000_K100_H800_s4/positive_update_07000/NO_WEIGHTS
mlp213,2000,100,800,4,8000,1,10,10,-0.6838503464107529,-68.3850346410753,synthetic://REF_ONLY_mlp213_N2000_K100_H800_s4/positive_update_08000/NO_WEIGHTS,HYPOTHETICAL_REFERENCE_ONLY:04_selection/checkpoint_validation_detail.csv#method=mlp213;N=2000;reference_repeat=4;update=8000;synthetic://REF_ONLY_mlp213_N2000_K100_H800_s4/positive_update_08000/NO_WEIGHTS
mlp213,2000,100,800,4,9000,1,10,10,-0.6700266109166746,-67.00266109166746,synthetic://REF_ONLY_mlp213_N2000_K100_H800_s4/positive_update_09000/NO_WEIGHTS,HYPOTHETICAL_REFERENCE_ONLY:04_selection/checkpoint_validation_detail.csv#method=mlp213;N=2000;reference_repeat=4;update=9000;synthetic://REF_ONLY_mlp213_N2000_K100_H800_s4/positive_update_09000/NO_WEIGHTS
mlp213,2000,100,800,4,10000,1,10,10,-0.6653763183027986,-66.53763183027986,synthetic://REF_ONLY_mlp213_N2000_K100_H800_s4/positive_update_10000/NO_WEIGHTS,HYPOTHETICAL_REFERENCE_ONLY:04_selection/checkpoint_validation_detail.csv#method=mlp213;N=2000;reference_repeat=4;update=10000;synthetic://REF_ONLY_mlp213_N2000_K100_H800_s4/positive_update_10000/NO_WEIGHTS
mlp213,2000,100,800,4,11000,1,10,10,-0.6714790854995072,-67.14790854995071,synthetic://REF_ONLY_mlp213_N2000_K100_H800_s4/positive_update_11000/NO_WEIGHTS,HYPOTHETICAL_REFERENCE_ONLY:04_selection/checkpoint_validation_detail.csv#method=mlp213;N=2000;reference_repeat=4;update=11000;synthetic://REF_ONLY_mlp213_N2000_K100_H800_s4/positive_update_11000/NO_WEIGHTS
mlp213,2000,100,800,4,12000,1,10,10,-0.6764493425701853,-67.64493425701853,synthetic://REF_ONLY_mlp213_N2000_K100_H800_s4/positive_update_12000/NO_WEIGHTS,HYPOTHETICAL_REFERENCE_ONLY:04_selection/checkpoint_validation_detail.csv#method=mlp213;N=2000;reference_repeat=4;update=12000;synthetic://REF_ONLY_mlp213_N2000_K100_H800_s4/positive_update_12000/NO_WEIGHTS
mlp213,2000,100,800,4,13000,1,10,10,-0.6760474664658424,-67.60474664658423,synthetic://REF_ONLY_mlp213_N2000_K100_H800_s4/positive_update_13000/NO_WEIGHTS,HYPOTHETICAL_REFERENCE_ONLY:04_selection/checkpoint_validation_detail.csv#method=mlp213;N=2000;reference_repeat=4;update=13000;synthetic://REF_ONLY_mlp213_N2000_K100_H800_s4/positive_update_13000/NO_WEIGHTS
mlp213,2000,100,800,4,14000,1,10,10,-0.6822862713887698,-68.22862713887699,synthetic://REF_ONLY_mlp213_N2000_K100_H800_s4/positive_update_14000/NO_WEIGHTS,HYPOTHETICAL_REFERENCE_ONLY:04_selection/checkpoint_validation_detail.csv#method=mlp213;N=2000;reference_repeat=4;update=14000;synthetic://REF_ONLY_mlp213_N2000_K100_H800_s4/positive_update_14000/NO_WEIGHTS
mlp213,2000,100,800,4,15000,1,10,10,-0.677169622017199,-67.7169622017199,synthetic://REF_ONLY_mlp213_N2000_K100_H800_s4/positive_update_15000/NO_WEIGHTS,HYPOTHETICAL_REFERENCE_ONLY:04_selection/checkpoint_validation_detail.csv#method=mlp213;N=2000;reference_repeat=4;update=15000;synthetic://REF_ONLY_mlp213_N2000_K100_H800_s4/positive_update_15000/NO_WEIGHTS
mlp213,2000,100,800,4,16000,1,10,10,-0.6800563295168703,-68.00563295168703,synthetic://REF_ONLY_mlp213_N2000_K100_H800_s4/positive_update_16000/NO_WEIGHTS,HYPOTHETICAL_REFERENCE_ONLY:04_selection/checkpoint_validation_detail.csv#method=mlp213;N=2000;reference_repeat=4;update=16000;synthetic://REF_ONLY_mlp213_N2000_K100_H800_s4/positive_update_16000/NO_WEIGHTS
mlp213,2000,100,800,4,17000,1,10,10,-0.6821816627580857,-68.21816627580857,synthetic://REF_ONLY_mlp213_N2000_K100_H800_s4/positive_update_17000/NO_WEIGHTS,HYPOTHETICAL_REFERENCE_ONLY:04_selection/checkpoint_validation_detail.csv#method=mlp213;N=2000;reference_repeat=4;update=17000;synthetic://REF_ONLY_mlp213_N2000_K100_H800_s4/positive_update_17000/NO_WEIGHTS
mlp213,2000,100,800,4,18000,1,10,10,-0.680232225088745,-68.0232225088745,synthetic://REF_ONLY_mlp213_N2000_K100_H800_s4/positive_update_18000/NO_WEIGHTS,HYPOTHETICAL_REFERENCE_ONLY:04_selection/checkpoint_validation_detail.csv#method=mlp213;N=2000;reference_repeat=4;update=18000;synthetic://REF_ONLY_mlp213_N2000_K100_H800_s4/positive_update_18000/NO_WEIGHTS
mlp213,2000,100,800,4,19000,1,10,10,-0.6880116087064517,-68.80116087064518,synthetic://REF_ONLY_mlp213_N2000_K100_H800_s4/positive_update_19000/NO_WEIGHTS,HYPOTHETICAL_REFERENCE_ONLY:04_selection/checkpoint_validation_detail.csv#method=mlp213;N=2000;reference_repeat=4;update=19000;synthetic://REF_ONLY_mlp213_N2000_K100_H800_s4/positive_update_19000/NO_WEIGHTS
mlp213,2000,100,800,4,20000,1,10,10,-0.6985734120071733,-69.85734120071733,synthetic://REF_ONLY_mlp213_N2000_K100_H800_s4/positive_update_20000/NO_WEIGHTS,HYPOTHETICAL_REFERENCE_ONLY:04_selection/checkpoint_validation_detail.csv#method=mlp213;N=2000;reference_repeat=4;update=20000;synthetic://REF_ONLY_mlp213_N2000_K100_H800_s4/positive_update_20000/NO_WEIGHTS
mlp213,2000,100,800,5,1000,1,10,10,-0.5779040065269707,-57.79040065269707,synthetic://REF_ONLY_mlp213_N2000_K100_H800_s5/positive_update_01000/NO_WEIGHTS,HYPOTHETICAL_REFERENCE_ONLY:04_selection/checkpoint_validation_detail.csv#method=mlp213;N=2000;reference_repeat=5;update=1000;synthetic://REF_ONLY_mlp213_N2000_K100_H800_s5/positive_update_01000/NO_WEIGHTS
mlp213,2000,100,800,5,2000,1,10,10,-0.5774271947938988,-57.74271947938988,synthetic://REF_ONLY_mlp213_N2000_K100_H800_s5/positive_update_02000/NO_WEIGHTS,HYPOTHETICAL_REFERENCE_ONLY:04_selection/checkpoint_validation_detail.csv#method=mlp213;N=2000;reference_repeat=5;update=2000;synthetic://REF_ONLY_mlp213_N2000_K100_H800_s5/positive_update_02000/NO_WEIGHTS
mlp213,2000,100,800,5,3000,1,10,10,-0.5931845780347688,-59.318457803476875,synthetic://REF_ONLY_mlp213_N2000_K100_H800_s5/positive_update_03000/NO_WEIGHTS,HYPOTHETICAL_REFERENCE_ONLY:04_selection/checkpoint_validation_detail.csv#method=mlp213;N=2000;reference_repeat=5;update=3000;synthetic://REF_ONLY_mlp213_N2000_K100_H800_s5/positive_update_03000/NO_WEIGHTS
mlp213,2000,100,800,5,4000,1,10,10,-0.5977675265369014,-59.77675265369014,synthetic://REF_ONLY_mlp213_N2000_K100_H800_s5/positive_update_04000/NO_WEIGHTS,HYPOTHETICAL_REFERENCE_ONLY:04_selection/checkpoint_validation_detail.csv#method=mlp213;N=2000;reference_repeat=5;update=4000;synthetic://REF_ONLY_mlp213_N2000_K100_H800_s5/positive_update_04000/NO_WEIGHTS
mlp213,2000,100,800,5,5000,1,10,10,-0.613827445597073,-61.382744559707305,synthetic://REF_ONLY_mlp213_N2000_K100_H800_s5/positive_update_05000/NO_WEIGHTS,HYPOTHETICAL_REFERENCE_ONLY:04_selection/checkpoint_validation_detail.csv#method=mlp213;N=2000;reference_repeat=5;update=5000;synthetic://REF_ONLY_mlp213_N2000_K100_H800_s5/positive_update_05000/NO_WEIGHTS
mlp213,2000,100,800,5,6000,1,10,10,-0.6116148538012094,-61.161485380120936,synthetic://REF_ONLY_mlp213_N2000_K100_H800_s5/positive_update_06000/NO_WEIGHTS,HYPOTHETICAL_REFERENCE_ONLY:04_selection/checkpoint_validation_detail.csv#method=mlp213;N=2000;reference_repeat=5;update=6000;synthetic://REF_ONLY_mlp213_N2000_K100_H800_s5/positive_update_06000/NO_WEIGHTS
mlp213,2000,100,800,5,7000,1,10,10,-0.6161656071016658,-61.61656071016658,synthetic://REF_ONLY_mlp213_N2000_K100_H800_s5/positive_update_07000/NO_WEIGHTS,HYPOTHETICAL_REFERENCE_ONLY:04_selection/checkpoint_validation_detail.csv#method=mlp213;N=2000;reference_repeat=5;update=7000;synthetic://REF_ONLY_mlp213_N2000_K100_H800_s5/positive_update_07000/NO_WEIGHTS
mlp213,2000,100,800,5,8000,1,10,10,-0.6288759395124707,-62.88759395124707,synthetic://REF_ONLY_mlp213_N2000_K100_H800_s5/positive_update_08000/NO_WEIGHTS,HYPOTHETICAL_REFERENCE_ONLY:04_selection/checkpoint_validation_detail.csv#method=mlp213;N=2000;reference_repeat=5;update=8000;synthetic://REF_ONLY_mlp213_N2000_K100_H800_s5/positive_update_08000/NO_WEIGHTS
mlp213,2000,100,800,5,9000,1,10,10,-0.6156785754855046,-61.567857548550464,synthetic://REF_ONLY_mlp213_N2000_K100_H800_s5/positive_update_09000/NO_WEIGHTS,HYPOTHETICAL_REFERENCE_ONLY:04_selection/checkpoint_validation_detail.csv#method=mlp213;N=2000;reference_repeat=5;update=9000;synthetic://REF_ONLY_mlp213_N2000_K100_H800_s5/positive_update_09000/NO_WEIGHTS
mlp213,2000,100,800,5,10000,1,10,10,-0.6291372626904042,-62.91372626904042,synthetic://REF_ONLY_mlp213_N2000_K100_H800_s5/positive_update_10000/NO_WEIGHTS,HYPOTHETICAL_REFERENCE_ONLY:04_selection/checkpoint_validation_detail.csv#method=mlp213;N=2000;reference_repeat=5;update=10000;synthetic://REF_ONLY_mlp213_N2000_K100_H800_s5/positive_update_10000/NO_WEIGHTS
mlp213,2000,100,800,5,11000,1,10,10,-0.6245093546892782,-62.45093546892782,synthetic://REF_ONLY_mlp213_N2000_K100_H800_s5/positive_update_11000/NO_WEIGHTS,HYPOTHETICAL_REFERENCE_ONLY:04_selection/checkpoint_validation_detail.csv#method=mlp213;N=2000;reference_repeat=5;update=11000;synthetic://REF_ONLY_mlp213_N2000_K100_H800_s5/positive_update_11000/NO_WEIGHTS
mlp213,2000,100,800,5,12000,1,10,10,-0.6363428681211198,-63.63428681211198,synthetic://REF_ONLY_mlp213_N2000_K100_H800_s5/positive_update_12000/NO_WEIGHTS,HYPOTHETICAL_REFERENCE_ONLY:04_selection/checkpoint_validation_detail.csv#method=mlp213;N=2000;reference_repeat=5;update=12000;synthetic://REF_ONLY_mlp213_N2000_K100_H800_s5/positive_update_12000/NO_WEIGHTS
mlp213,2000,100,800,5,13000,1,10,10,-0.6455396007071567,-64.55396007071566,synthetic://REF_ONLY_mlp213_N2000_K100_H800_s5/positive_update_13000/NO_WEIGHTS,HYPOTHETICAL_REFERENCE_ONLY:04_selection/checkpoint_validation_detail.csv#method=mlp213;N=2000;reference_repeat=5;update=13000;synthetic://REF_ONLY_mlp213_N2000_K100_H800_s5/positive_update_13000/NO_WEIGHTS
mlp213,2000,100,800,5,14000,1,10,10,-0.6580002939127115,-65.80002939127115,synthetic://REF_ONLY_mlp213_N2000_K100_H800_s5/positive_update_14000/NO_WEIGHTS,HYPOTHETICAL_REFERENCE_ONLY:04_selection/checkpoint_validation_detail.csv#method=mlp213;N=2000;reference_repeat=5;update=14000;synthetic://REF_ONLY_mlp213_N2000_K100_H800_s5/positive_update_14000/NO_WEIGHTS
mlp213,2000,100,800,5,15000,1,10,10,-0.662698378487363,-66.2698378487363,synthetic://REF_ONLY_mlp213_N2000_K100_H800_s5/positive_update_15000/NO_WEIGHTS,HYPOTHETICAL_REFERENCE_ONLY:04_selection/checkpoint_validation_detail.csv#method=mlp213;N=2000;reference_repeat=5;update=15000;synthetic://REF_ONLY_mlp213_N2000_K100_H800_s5/positive_update_15000/NO_WEIGHTS
mlp213,2000,100,800,5,16000,1,10,10,-0.6671502663118979,-66.71502663118979,synthetic://REF_ONLY_mlp213_N2000_K100_H800_s5/positive_update_16000/NO_WEIGHTS,HYPOTHETICAL_REFERENCE_ONLY:04_selection/checkpoint_validation_detail.csv#method=mlp213;N=2000;reference_repeat=5;update=16000;synthetic://REF_ONLY_mlp213_N2000_K100_H800_s5/positive_update_16000/NO_WEIGHTS
mlp213,2000,100,800,5,17000,1,10,10,-0.6732108784627123,-67.32108784627123,synthetic://REF_ONLY_mlp213_N2000_K100_H800_s5/positive_update_17000/NO_WEIGHTS,HYPOTHETICAL_REFERENCE_ONLY:04_selection/checkpoint_validation_detail.csv#method=mlp213;N=2000;reference_repeat=5;update=17000;synthetic://REF_ONLY_mlp213_N2000_K100_H800_s5/positive_update_17000/NO_WEIGHTS
mlp213,2000,100,800,5,18000,1,10,10,-0.6749694698115938,-67.49694698115938,synthetic://REF_ONLY_mlp213_N2000_K100_H800_s5/positive_update_18000/NO_WEIGHTS,HYPOTHETICAL_REFERENCE_ONLY:04_selection/checkpoint_validation_detail.csv#method=mlp213;N=2000;reference_repeat=5;update=18000;synthetic://REF_ONLY_mlp213_N2000_K100_H800_s5/positive_update_18000/NO_WEIGHTS
mlp213,2000,100,800,5,19000,1,10,10,-0.6883335380037374,-68.83335380037374,synthetic://REF_ONLY_mlp213_N2000_K100_H800_s5/positive_update_19000/NO_WEIGHTS,HYPOTHETICAL_REFERENCE_ONLY:04_selection/checkpoint_validation_detail.csv#method=mlp213;N=2000;reference_repeat=5;update=19000;synthetic://REF_ONLY_mlp213_N2000_K100_H800_s5/positive_update_19000/NO_WEIGHTS
mlp213,2000,100,800,5,20000,1,10,10,-0.7094741862251144,-70.94741862251144,synthetic://REF_ONLY_mlp213_N2000_K100_H800_s5/positive_update_20000/NO_WEIGHTS,HYPOTHETICAL_REFERENCE_ONLY:04_selection/checkpoint_validation_detail.csv#method=mlp213;N=2000;reference_repeat=5;update=20000;synthetic://REF_ONLY_mlp213_N2000_K100_H800_s5/positive_update_20000/NO_WEIGHTS
kan_generic,2000,100,800,1,1000,1,10,10,-0.5718057343642861,-57.1805734364286,synthetic://REF_ONLY_kan_generic_N2000_K100_H800_s1/positive_update_01000/NO_WEIGHTS,HYPOTHETICAL_REFERENCE_ONLY:04_selection/checkpoint_validation_detail.csv#method=kan_generic;N=2000;reference_repeat=1;update=1000;synthetic://REF_ONLY_kan_generic_N2000_K100_H800_s1/positive_update_01000/NO_WEIGHTS
kan_generic,2000,100,800,1,2000,1,10,10,-0.5765357115520523,-57.65357115520523,synthetic://REF_ONLY_kan_generic_N2000_K100_H800_s1/positive_update_02000/NO_WEIGHTS,HYPOTHETICAL_REFERENCE_ONLY:04_selection/checkpoint_validation_detail.csv#method=kan_generic;N=2000;reference_repeat=1;update=2000;synthetic://REF_ONLY_kan_generic_N2000_K100_H800_s1/positive_update_02000/NO_WEIGHTS
kan_generic,2000,100,800,1,3000,1,10,10,-0.5691207931327283,-56.912079313272834,synthetic://REF_ONLY_kan_generic_N2000_K100_H800_s1/positive_update_03000/NO_WEIGHTS,HYPOTHETICAL_REFERENCE_ONLY:04_selection/checkpoint_validation_detail.csv#method=kan_generic;N=2000;reference_repeat=1;update=3000;synthetic://REF_ONLY_kan_generic_N2000_K100_H800_s1/positive_update_03000/NO_WEIGHTS
kan_generic,2000,100,800,1,4000,1,10,10,-0.5790361908289451,-57.90361908289451,synthetic://REF_ONLY_kan_generic_N2000_K100_H800_s1/positive_update_04000/NO_WEIGHTS,HYPOTHETICAL_REFERENCE_ONLY:04_selection/checkpoint_validation_detail.csv#method=kan_generic;N=2000;reference_repeat=1;update=4000;synthetic://REF_ONLY_kan_generic_N2000_K100_H800_s1/positive_update_04000/NO_WEIGHTS
kan_generic,2000,100,800,1,5000,1,10,10,-0.5844518335804058,-58.44518335804057,synthetic://REF_ONLY_kan_generic_N2000_K100_H800_s1/positive_update_05000/NO_WEIGHTS,HYPOTHETICAL_REFERENCE_ONLY:04_selection/checkpoint_validation_detail.csv#method=kan_generic;N=2000;reference_repeat=1;update=5000;synthetic://REF_ONLY_kan_generic_N2000_K100_H800_s1/positive_update_05000/NO_WEIGHTS
kan_generic,2000,100,800,1,6000,1,10,10,-0.5878579428282004,-58.785794282820035,synthetic://REF_ONLY_kan_generic_N2000_K100_H800_s1/positive_update_06000/NO_WEIGHTS,HYPOTHETICAL_REFERENCE_ONLY:04_selection/checkpoint_validation_detail.csv#method=kan_generic;N=2000;reference_repeat=1;update=6000;synthetic://REF_ONLY_kan_generic_N2000_K100_H800_s1/positive_update_06000/NO_WEIGHTS
kan_generic,2000,100,800,1,7000,1,10,10,-0.5962035872197737,-59.620358721977375,synthetic://REF_ONLY_kan_generic_N2000_K100_H800_s1/positive_update_07000/NO_WEIGHTS,HYPOTHETICAL_REFERENCE_ONLY:04_selection/checkpoint_validation_detail.csv#method=kan_generic;N=2000;reference_repeat=1;update=7000;synthetic://REF_ONLY_kan_generic_N2000_K100_H800_s1/positive_update_07000/NO_WEIGHTS
kan_generic,2000,100,800,1,8000,1,10,10,-0.6071671534555362,-60.71671534555362,synthetic://REF_ONLY_kan_generic_N2000_K100_H800_s1/positive_update_08000/NO_WEIGHTS,HYPOTHETICAL_REFERENCE_ONLY:04_selection/checkpoint_validation_detail.csv#method=kan_generic;N=2000;reference_repeat=1;update=8000;synthetic://REF_ONLY_kan_generic_N2000_K100_H800_s1/positive_update_08000/NO_WEIGHTS
kan_generic,2000,100,800,1,9000,1,10,10,-0.6059639335460506,-60.59639335460506,synthetic://REF_ONLY_kan_generic_N2000_K100_H800_s1/positive_update_09000/NO_WEIGHTS,HYPOTHETICAL_REFERENCE_ONLY:04_selection/checkpoint_validation_detail.csv#method=kan_generic;N=2000;reference_repeat=1;update=9000;synthetic://REF_ONLY_kan_generic_N2000_K100_H800_s1/positive_update_09000/NO_WEIGHTS
kan_generic,2000,100,800,1,10000,1,10,10,-0.6058730015043711,-60.58730015043711,synthetic://REF_ONLY_kan_generic_N2000_K100_H800_s1/positive_update_10000/NO_WEIGHTS,HYPOTHETICAL_REFERENCE_ONLY:04_selection/checkpoint_validation_detail.csv#method=kan_generic;N=2000;reference_repeat=1;update=10000;synthetic://REF_ONLY_kan_generic_N2000_K100_H800_s1/positive_update_10000/NO_WEIGHTS
kan_generic,2000,100,800,1,11000,1,10,10,-0.5981320871876863,-59.81320871876863,synthetic://REF_ONLY_kan_generic_N2000_K100_H800_s1/positive_update_11000/NO_WEIGHTS,HYPOTHETICAL_REFERENCE_ONLY:04_selection/checkpoint_validation_detail.csv#method=kan_generic;N=2000;reference_repeat=1;update=11000;synthetic://REF_ONLY_kan_generic_N2000_K100_H800_s1/positive_update_11000/NO_WEIGHTS
kan_generic,2000,100,800,1,12000,1,10,10,-0.6041178564076457,-60.41178564076457,synthetic://REF_ONLY_kan_generic_N2000_K100_H800_s1/positive_update_12000/NO_WEIGHTS,HYPOTHETICAL_REFERENCE_ONLY:04_selection/checkpoint_validation_detail.csv#method=kan_generic;N=2000;reference_repeat=1;update=12000;synthetic://REF_ONLY_kan_generic_N2000_K100_H800_s1/positive_update_12000/NO_WEIGHTS
kan_generic,2000,100,800,1,13000,1,10,10,-0.6104934607129378,-61.049346071293776,synthetic://REF_ONLY_kan_generic_N2000_K100_H800_s1/positive_update_13000/NO_WEIGHTS,HYPOTHETICAL_REFERENCE_ONLY:04_selection/checkpoint_validation_detail.csv#method=kan_generic;N=2000;reference_repeat=1;update=13000;synthetic://REF_ONLY_kan_generic_N2000_K100_H800_s1/positive_update_13000/NO_WEIGHTS
kan_generic,2000,100,800,1,14000,1,10,10,-0.6211680711543561,-62.11680711543561,synthetic://REF_ONLY_kan_generic_N2000_K100_H800_s1/positive_update_14000/NO_WEIGHTS,HYPOTHETICAL_REFERENCE_ONLY:04_selection/checkpoint_validation_detail.csv#method=kan_generic;N=2000;reference_repeat=1;update=14000;synthetic://REF_ONLY_kan_generic_N2000_K100_H800_s1/positive_update_14000/NO_WEIGHTS
kan_generic,2000,100,800,1,15000,1,10,10,-0.6142593574236592,-61.42593574236592,synthetic://REF_ONLY_kan_generic_N2000_K100_H800_s1/positive_update_15000/NO_WEIGHTS,HYPOTHETICAL_REFERENCE_ONLY:04_selection/checkpoint_validation_detail.csv#method=kan_generic;N=2000;reference_repeat=1;update=15000;synthetic://REF_ONLY_kan_generic_N2000_K100_H800_s1/positive_update_15000/NO_WEIGHTS
kan_generic,2000,100,800,1,16000,1,10,10,-0.597108291388685,-59.710829138868505,synthetic://REF_ONLY_kan_generic_N2000_K100_H800_s1/positive_update_16000/NO_WEIGHTS,HYPOTHETICAL_REFERENCE_ONLY:04_selection/checkpoint_validation_detail.csv#method=kan_generic;N=2000;reference_repeat=1;update=16000;synthetic://REF_ONLY_kan_generic_N2000_K100_H800_s1/positive_update_16000/NO_WEIGHTS
kan_generic,2000,100,800,1,17000,1,10,10,-0.6013514816950727,-60.13514816950727,synthetic://REF_ONLY_kan_generic_N2000_K100_H800_s1/positive_update_17000/NO_WEIGHTS,HYPOTHETICAL_REFERENCE_ONLY:04_selection/checkpoint_validation_detail.csv#method=kan_generic;N=2000;reference_repeat=1;update=17000;synthetic://REF_ONLY_kan_generic_N2000_K100_H800_s1/positive_update_17000/NO_WEIGHTS
kan_generic,2000,100,800,1,18000,1,10,10,-0.5976633345238584,-59.766333452385844,synthetic://REF_ONLY_kan_generic_N2000_K100_H800_s1/positive_update_18000/NO_WEIGHTS,HYPOTHETICAL_REFERENCE_ONLY:04_selection/checkpoint_validation_detail.csv#method=kan_generic;N=2000;reference_repeat=1;update=18000;synthetic://REF_ONLY_kan_generic_N2000_K100_H800_s1/positive_update_18000/NO_WEIGHTS
kan_generic,2000,100,800,1,19000,1,10,10,-0.5882820951491927,-58.82820951491927,synthetic://REF_ONLY_kan_generic_N2000_K100_H800_s1/positive_update_19000/NO_WEIGHTS,HYPOTHETICAL_REFERENCE_ONLY:04_selection/checkpoint_validation_detail.csv#method=kan_generic;N=2000;reference_repeat=1;update=19000;synthetic://REF_ONLY_kan_generic_N2000_K100_H800_s1/positive_update_19000/NO_WEIGHTS
kan_generic,2000,100,800,1,20000,1,10,10,-0.5912393454487005,-59.123934544870046,synthetic://REF_ONLY_kan_generic_N2000_K100_H800_s1/positive_update_20000/NO_WEIGHTS,HYPOTHETICAL_REFERENCE_ONLY:04_selection/checkpoint_validation_detail.csv#method=kan_generic;N=2000;reference_repeat=1;update=20000;synthetic://REF_ONLY_kan_generic_N2000_K100_H800_s1/positive_update_20000/NO_WEIGHTS
kan_generic,2000,100,800,2,1000,1,10,10,-0.6434358007384767,-64.34358007384768,synthetic://REF_ONLY_kan_generic_N2000_K100_H800_s2/positive_update_01000/NO_WEIGHTS,HYPOTHETICAL_REFERENCE_ONLY:04_selection/checkpoint_validation_detail.csv#method=kan_generic;N=2000;reference_repeat=2;update=1000;synthetic://REF_ONLY_kan_generic_N2000_K100_H800_s2/positive_update_01000/NO_WEIGHTS
kan_generic,2000,100,800,2,2000,1,10,10,-0.6649817851931469,-66.49817851931469,synthetic://REF_ONLY_kan_generic_N2000_K100_H800_s2/positive_update_02000/NO_WEIGHTS,HYPOTHETICAL_REFERENCE_ONLY:04_selection/checkpoint_validation_detail.csv#method=kan_generic;N=2000;reference_repeat=2;update=2000;synthetic://REF_ONLY_kan_generic_N2000_K100_H800_s2/positive_update_02000/NO_WEIGHTS
kan_generic,2000,100,800,2,3000,1,10,10,-0.6917387173833933,-69.17387173833933,synthetic://REF_ONLY_kan_generic_N2000_K100_H800_s2/positive_update_03000/NO_WEIGHTS,HYPOTHETICAL_REFERENCE_ONLY:04_selection/checkpoint_validation_detail.csv#method=kan_generic;N=2000;reference_repeat=2;update=3000;synthetic://REF_ONLY_kan_generic_N2000_K100_H800_s2/positive_update_03000/NO_WEIGHTS
kan_generic,2000,100,800,2,4000,1,10,10,-0.7002692964233775,-70.02692964233775,synthetic://REF_ONLY_kan_generic_N2000_K100_H800_s2/positive_update_04000/NO_WEIGHTS,HYPOTHETICAL_REFERENCE_ONLY:04_selection/checkpoint_validation_detail.csv#method=kan_generic;N=2000;reference_repeat=2;update=4000;synthetic://REF_ONLY_kan_generic_N2000_K100_H800_s2/positive_update_04000/NO_WEIGHTS
kan_generic,2000,100,800,2,5000,1,10,10,-0.7000808620364871,-70.00808620364872,synthetic://REF_ONLY_kan_generic_N2000_K100_H800_s2/positive_update_05000/NO_WEIGHTS,HYPOTHETICAL_REFERENCE_ONLY:04_selection/checkpoint_validation_detail.csv#method=kan_generic;N=2000;reference_repeat=2;update=5000;synthetic://REF_ONLY_kan_generic_N2000_K100_H800_s2/positive_update_05000/NO_WEIGHTS
kan_generic,2000,100,800,2,6000,1,10,10,-0.7042014810423083,-70.42014810423083,synthetic://REF_ONLY_kan_generic_N2000_K100_H800_s2/positive_update_06000/NO_WEIGHTS,HYPOTHETICAL_REFERENCE_ONLY:04_selection/checkpoint_validation_detail.csv#method=kan_generic;N=2000;reference_repeat=2;update=6000;synthetic://REF_ONLY_kan_generic_N2000_K100_H800_s2/positive_update_06000/NO_WEIGHTS
kan_generic,2000,100,800,2,7000,1,10,10,-0.6963070942469325,-69.63070942469325,synthetic://REF_ONLY_kan_generic_N2000_K100_H800_s2/positive_update_07000/NO_WEIGHTS,HYPOTHETICAL_REFERENCE_ONLY:04_selection/checkpoint_validation_detail.csv#method=kan_generic;N=2000;reference_repeat=2;update=7000;synthetic://REF_ONLY_kan_generic_N2000_K100_H800_s2/positive_update_07000/NO_WEIGHTS
kan_generic,2000,100,800,2,8000,1,10,10,-0.7010074108831834,-70.10074108831834,synthetic://REF_ONLY_kan_generic_N2000_K100_H800_s2/positive_update_08000/NO_WEIGHTS,HYPOTHETICAL_REFERENCE_ONLY:04_selection/checkpoint_validation_detail.csv#method=kan_generic;N=2000;reference_repeat=2;update=8000;synthetic://REF_ONLY_kan_generic_N2000_K100_H800_s2/positive_update_08000/NO_WEIGHTS
kan_generic,2000,100,800,2,9000,1,10,10,-0.7027541313756257,-70.27541313756257,synthetic://REF_ONLY_kan_generic_N2000_K100_H800_s2/positive_update_09000/NO_WEIGHTS,HYPOTHETICAL_REFERENCE_ONLY:04_selection/checkpoint_validation_detail.csv#method=kan_generic;N=2000;reference_repeat=2;update=9000;synthetic://REF_ONLY_kan_generic_N2000_K100_H800_s2/positive_update_09000/NO_WEIGHTS
kan_generic,2000,100,800,2,10000,1,10,10,-0.7120452565689298,-71.20452565689298,synthetic://REF_ONLY_kan_generic_N2000_K100_H800_s2/positive_update_10000/NO_WEIGHTS,HYPOTHETICAL_REFERENCE_ONLY:04_selection/checkpoint_validation_detail.csv#method=kan_generic;N=2000;reference_repeat=2;update=10000;synthetic://REF_ONLY_kan_generic_N2000_K100_H800_s2/positive_update_10000/NO_WEIGHTS
kan_generic,2000,100,800,2,11000,1,10,10,-0.6959771572226925,-69.59771572226924,synthetic://REF_ONLY_kan_generic_N2000_K100_H800_s2/positive_update_11000/NO_WEIGHTS,HYPOTHETICAL_REFERENCE_ONLY:04_selection/checkpoint_validation_detail.csv#method=kan_generic;N=2000;reference_repeat=2;update=11000;synthetic://REF_ONLY_kan_generic_N2000_K100_H800_s2/positive_update_11000/NO_WEIGHTS
kan_generic,2000,100,800,2,12000,1,10,10,-0.6992065754774847,-69.92065754774846,synthetic://REF_ONLY_kan_generic_N2000_K100_H800_s2/positive_update_12000/NO_WEIGHTS,HYPOTHETICAL_REFERENCE_ONLY:04_selection/checkpoint_validation_detail.csv#method=kan_generic;N=2000;reference_repeat=2;update=12000;synthetic://REF_ONLY_kan_generic_N2000_K100_H800_s2/positive_update_12000/NO_WEIGHTS
kan_generic,2000,100,800,2,13000,1,10,10,-0.6916834053308311,-69.16834053308311,synthetic://REF_ONLY_kan_generic_N2000_K100_H800_s2/positive_update_13000/NO_WEIGHTS,HYPOTHETICAL_REFERENCE_ONLY:04_selection/checkpoint_validation_detail.csv#method=kan_generic;N=2000;reference_repeat=2;update=13000;synthetic://REF_ONLY_kan_generic_N2000_K100_H800_s2/positive_update_13000/NO_WEIGHTS
kan_generic,2000,100,800,2,14000,1,10,10,-0.6773384034900651,-67.73384034900651,synthetic://REF_ONLY_kan_generic_N2000_K100_H800_s2/positive_update_14000/NO_WEIGHTS,HYPOTHETICAL_REFERENCE_ONLY:04_selection/checkpoint_validation_detail.csv#method=kan_generic;N=2000;reference_repeat=2;update=14000;synthetic://REF_ONLY_kan_generic_N2000_K100_H800_s2/positive_update_14000/NO_WEIGHTS
kan_generic,2000,100,800,2,15000,1,10,10,-0.687822416459413,-68.7822416459413,synthetic://REF_ONLY_kan_generic_N2000_K100_H800_s2/positive_update_15000/NO_WEIGHTS,HYPOTHETICAL_REFERENCE_ONLY:04_selection/checkpoint_validation_detail.csv#method=kan_generic;N=2000;reference_repeat=2;update=15000;synthetic://REF_ONLY_kan_generic_N2000_K100_H800_s2/positive_update_15000/NO_WEIGHTS
kan_generic,2000,100,800,2,16000,1,10,10,-0.6912527739020409,-69.12527739020409,synthetic://REF_ONLY_kan_generic_N2000_K100_H800_s2/positive_update_16000/NO_WEIGHTS,HYPOTHETICAL_REFERENCE_ONLY:04_selection/checkpoint_validation_detail.csv#method=kan_generic;N=2000;reference_repeat=2;update=16000;synthetic://REF_ONLY_kan_generic_N2000_K100_H800_s2/positive_update_16000/NO_WEIGHTS
kan_generic,2000,100,800,2,17000,1,10,10,-0.6856996807491257,-68.56996807491257,synthetic://REF_ONLY_kan_generic_N2000_K100_H800_s2/positive_update_17000/NO_WEIGHTS,HYPOTHETICAL_REFERENCE_ONLY:04_selection/checkpoint_validation_detail.csv#method=kan_generic;N=2000;reference_repeat=2;update=17000;synthetic://REF_ONLY_kan_generic_N2000_K100_H800_s2/positive_update_17000/NO_WEIGHTS
kan_generic,2000,100,800,2,18000,1,10,10,-0.6872474062793908,-68.72474062793908,synthetic://REF_ONLY_kan_generic_N2000_K100_H800_s2/positive_update_18000/NO_WEIGHTS,HYPOTHETICAL_REFERENCE_ONLY:04_selection/checkpoint_validation_detail.csv#method=kan_generic;N=2000;reference_repeat=2;update=18000;synthetic://REF_ONLY_kan_generic_N2000_K100_H800_s2/positive_update_18000/NO_WEIGHTS
kan_generic,2000,100,800,2,19000,1,10,10,-0.6971832059896766,-69.71832059896767,synthetic://REF_ONLY_kan_generic_N2000_K100_H800_s2/positive_update_19000/NO_WEIGHTS,HYPOTHETICAL_REFERENCE_ONLY:04_selection/checkpoint_validation_detail.csv#method=kan_generic;N=2000;reference_repeat=2;update=19000;synthetic://REF_ONLY_kan_generic_N2000_K100_H800_s2/positive_update_19000/NO_WEIGHTS
kan_generic,2000,100,800,2,20000,1,10,10,-0.7206129033225276,-72.06129033225275,synthetic://REF_ONLY_kan_generic_N2000_K100_H800_s2/positive_update_20000/NO_WEIGHTS,HYPOTHETICAL_REFERENCE_ONLY:04_selection/checkpoint_validation_detail.csv#method=kan_generic;N=2000;reference_repeat=2;update=20000;synthetic://REF_ONLY_kan_generic_N2000_K100_H800_s2/positive_update_20000/NO_WEIGHTS
kan_generic,2000,100,800,3,1000,1,10,10,-0.6293156500844215,-62.93156500844215,synthetic://REF_ONLY_kan_generic_N2000_K100_H800_s3/positive_update_01000/NO_WEIGHTS,HYPOTHETICAL_REFERENCE_ONLY:04_selection/checkpoint_validation_detail.csv#method=kan_generic;N=2000;reference_repeat=3;update=1000;synthetic://REF_ONLY_kan_generic_N2000_K100_H800_s3/positive_update_01000/NO_WEIGHTS
kan_generic,2000,100,800,3,2000,1,10,10,-0.634085326220336,-63.4085326220336,synthetic://REF_ONLY_kan_generic_N2000_K100_H800_s3/positive_update_02000/NO_WEIGHTS,HYPOTHETICAL_REFERENCE_ONLY:04_selection/checkpoint_validation_detail.csv#method=kan_generic;N=2000;reference_repeat=3;update=2000;synthetic://REF_ONLY_kan_generic_N2000_K100_H800_s3/positive_update_02000/NO_WEIGHTS
kan_generic,2000,100,800,3,3000,1,10,10,-0.667451088396348,-66.74510883963481,synthetic://REF_ONLY_kan_generic_N2000_K100_H800_s3/positive_update_03000/NO_WEIGHTS,HYPOTHETICAL_REFERENCE_ONLY:04_selection/checkpoint_validation_detail.csv#method=kan_generic;N=2000;reference_repeat=3;update=3000;synthetic://REF_ONLY_kan_generic_N2000_K100_H800_s3/positive_update_03000/NO_WEIGHTS
kan_generic,2000,100,800,3,4000,1,10,10,-0.6798728452536582,-67.98728452536582,synthetic://REF_ONLY_kan_generic_N2000_K100_H800_s3/positive_update_04000/NO_WEIGHTS,HYPOTHETICAL_REFERENCE_ONLY:04_selection/checkpoint_validation_detail.csv#method=kan_generic;N=2000;reference_repeat=3;update=4000;synthetic://REF_ONLY_kan_generic_N2000_K100_H800_s3/positive_update_04000/NO_WEIGHTS
kan_generic,2000,100,800,3,5000,1,10,10,-0.6815198428448219,-68.1519842844822,synthetic://REF_ONLY_kan_generic_N2000_K100_H800_s3/positive_update_05000/NO_WEIGHTS,HYPOTHETICAL_REFERENCE_ONLY:04_selection/checkpoint_validation_detail.csv#method=kan_generic;N=2000;reference_repeat=3;update=5000;synthetic://REF_ONLY_kan_generic_N2000_K100_H800_s3/positive_update_05000/NO_WEIGHTS
kan_generic,2000,100,800,3,6000,1,10,10,-0.679067455157814,-67.9067455157814,synthetic://REF_ONLY_kan_generic_N2000_K100_H800_s3/positive_update_06000/NO_WEIGHTS,HYPOTHETICAL_REFERENCE_ONLY:04_selection/checkpoint_validation_detail.csv#method=kan_generic;N=2000;reference_repeat=3;update=6000;synthetic://REF_ONLY_kan_generic_N2000_K100_H800_s3/positive_update_06000/NO_WEIGHTS
kan_generic,2000,100,800,3,7000,1,10,10,-0.6817621635379588,-68.17621635379588,synthetic://REF_ONLY_kan_generic_N2000_K100_H800_s3/positive_update_07000/NO_WEIGHTS,HYPOTHETICAL_REFERENCE_ONLY:04_selection/checkpoint_validation_detail.csv#method=kan_generic;N=2000;reference_repeat=3;update=7000;synthetic://REF_ONLY_kan_generic_N2000_K100_H800_s3/positive_update_07000/NO_WEIGHTS
kan_generic,2000,100,800,3,8000,1,10,10,-0.6763375694609468,-67.63375694609468,synthetic://REF_ONLY_kan_generic_N2000_K100_H800_s3/positive_update_08000/NO_WEIGHTS,HYPOTHETICAL_REFERENCE_ONLY:04_selection/checkpoint_validation_detail.csv#method=kan_generic;N=2000;reference_repeat=3;update=8000;synthetic://REF_ONLY_kan_generic_N2000_K100_H800_s3/positive_update_08000/NO_WEIGHTS
kan_generic,2000,100,800,3,9000,1,10,10,-0.661503032158197,-66.15030321581969,synthetic://REF_ONLY_kan_generic_N2000_K100_H800_s3/positive_update_09000/NO_WEIGHTS,HYPOTHETICAL_REFERENCE_ONLY:04_selection/checkpoint_validation_detail.csv#method=kan_generic;N=2000;reference_repeat=3;update=9000;synthetic://REF_ONLY_kan_generic_N2000_K100_H800_s3/positive_update_09000/NO_WEIGHTS
kan_generic,2000,100,800,3,10000,1,10,10,-0.659586521302168,-65.9586521302168,synthetic://REF_ONLY_kan_generic_N2000_K100_H800_s3/positive_update_10000/NO_WEIGHTS,HYPOTHETICAL_REFERENCE_ONLY:04_selection/checkpoint_validation_detail.csv#method=kan_generic;N=2000;reference_repeat=3;update=10000;synthetic://REF_ONLY_kan_generic_N2000_K100_H800_s3/positive_update_10000/NO_WEIGHTS
kan_generic,2000,100,800,3,11000,1,10,10,-0.6685188350344565,-66.85188350344565,synthetic://REF_ONLY_kan_generic_N2000_K100_H800_s3/positive_update_11000/NO_WEIGHTS,HYPOTHETICAL_REFERENCE_ONLY:04_selection/checkpoint_validation_detail.csv#method=kan_generic;N=2000;reference_repeat=3;update=11000;synthetic://REF_ONLY_kan_generic_N2000_K100_H800_s3/positive_update_11000/NO_WEIGHTS
kan_generic,2000,100,800,3,12000,1,10,10,-0.6794033347267308,-67.94033347267307,synthetic://REF_ONLY_kan_generic_N2000_K100_H800_s3/positive_update_12000/NO_WEIGHTS,HYPOTHETICAL_REFERENCE_ONLY:04_selection/checkpoint_validation_detail.csv#method=kan_generic;N=2000;reference_repeat=3;update=12000;synthetic://REF_ONLY_kan_generic_N2000_K100_H800_s3/positive_update_12000/NO_WEIGHTS
kan_generic,2000,100,800,3,13000,1,10,10,-0.6888190518945929,-68.88190518945929,synthetic://REF_ONLY_kan_generic_N2000_K100_H800_s3/positive_update_13000/NO_WEIGHTS,HYPOTHETICAL_REFERENCE_ONLY:04_selection/checkpoint_validation_detail.csv#method=kan_generic;N=2000;reference_repeat=3;update=13000;synthetic://REF_ONLY_kan_generic_N2000_K100_H800_s3/positive_update_13000/NO_WEIGHTS
kan_generic,2000,100,800,3,14000,1,10,10,-0.6790719389274685,-67.90719389274685,synthetic://REF_ONLY_kan_generic_N2000_K100_H800_s3/positive_update_14000/NO_WEIGHTS,HYPOTHETICAL_REFERENCE_ONLY:04_selection/checkpoint_validation_detail.csv#method=kan_generic;N=2000;reference_repeat=3;update=14000;synthetic://REF_ONLY_kan_generic_N2000_K100_H800_s3/positive_update_14000/NO_WEIGHTS
kan_generic,2000,100,800,3,15000,1,10,10,-0.6829972686270555,-68.29972686270554,synthetic://REF_ONLY_kan_generic_N2000_K100_H800_s3/positive_update_15000/NO_WEIGHTS,HYPOTHETICAL_REFERENCE_ONLY:04_selection/checkpoint_validation_detail.csv#method=kan_generic;N=2000;reference_repeat=3;update=15000;synthetic://REF_ONLY_kan_generic_N2000_K100_H800_s3/positive_update_15000/NO_WEIGHTS
kan_generic,2000,100,800,3,16000,1,10,10,-0.6795775662146388,-67.95775662146389,synthetic://REF_ONLY_kan_generic_N2000_K100_H800_s3/positive_update_16000/NO_WEIGHTS,HYPOTHETICAL_REFERENCE_ONLY:04_selection/checkpoint_validation_detail.csv#method=kan_generic;N=2000;reference_repeat=3;update=16000;synthetic://REF_ONLY_kan_generic_N2000_K100_H800_s3/positive_update_16000/NO_WEIGHTS
kan_generic,2000,100,800,3,17000,1,10,10,-0.6786616080110361,-67.86616080110362,synthetic://REF_ONLY_kan_generic_N2000_K100_H800_s3/positive_update_17000/NO_WEIGHTS,HYPOTHETICAL_REFERENCE_ONLY:04_selection/checkpoint_validation_detail.csv#method=kan_generic;N=2000;reference_repeat=3;update=17000;synthetic://REF_ONLY_kan_generic_N2000_K100_H800_s3/positive_update_17000/NO_WEIGHTS
kan_generic,2000,100,800,3,18000,1,10,10,-0.6721428774349214,-67.21428774349214,synthetic://REF_ONLY_kan_generic_N2000_K100_H800_s3/positive_update_18000/NO_WEIGHTS,HYPOTHETICAL_REFERENCE_ONLY:04_selection/checkpoint_validation_detail.csv#method=kan_generic;N=2000;reference_repeat=3;update=18000;synthetic://REF_ONLY_kan_generic_N2000_K100_H800_s3/positive_update_18000/NO_WEIGHTS
kan_generic,2000,100,800,3,19000,1,10,10,-0.6683068572198694,-66.83068572198694,synthetic://REF_ONLY_kan_generic_N2000_K100_H800_s3/positive_update_19000/NO_WEIGHTS,HYPOTHETICAL_REFERENCE_ONLY:04_selection/checkpoint_validation_detail.csv#method=kan_generic;N=2000;reference_repeat=3;update=19000;synthetic://REF_ONLY_kan_generic_N2000_K100_H800_s3/positive_update_19000/NO_WEIGHTS
kan_generic,2000,100,800,3,20000,1,10,10,-0.6681908969315364,-66.81908969315364,synthetic://REF_ONLY_kan_generic_N2000_K100_H800_s3/positive_update_20000/NO_WEIGHTS,HYPOTHETICAL_REFERENCE_ONLY:04_selection/checkpoint_validation_detail.csv#method=kan_generic;N=2000;reference_repeat=3;update=20000;synthetic://REF_ONLY_kan_generic_N2000_K100_H800_s3/positive_update_20000/NO_WEIGHTS
kan_generic,2000,100,800,4,1000,1,10,10,-0.6642201244546211,-66.42201244546212,synthetic://REF_ONLY_kan_generic_N2000_K100_H800_s4/positive_update_01000/NO_WEIGHTS,HYPOTHETICAL_REFERENCE_ONLY:04_selection/checkpoint_validation_detail.csv#method=kan_generic;N=2000;reference_repeat=4;update=1000;synthetic://REF_ONLY_kan_generic_N2000_K100_H800_s4/positive_update_01000/NO_WEIGHTS
kan_generic,2000,100,800,4,2000,1,10,10,-0.6689003433164542,-66.89003433164542,synthetic://REF_ONLY_kan_generic_N2000_K100_H800_s4/positive_update_02000/NO_WEIGHTS,HYPOTHETICAL_REFERENCE_ONLY:04_selection/checkpoint_validation_detail.csv#method=kan_generic;N=2000;reference_repeat=4;update=2000;synthetic://REF_ONLY_kan_generic_N2000_K100_H800_s4/positive_update_02000/NO_WEIGHTS
kan_generic,2000,100,800,4,3000,1,10,10,-0.6747895708685928,-67.47895708685928,synthetic://REF_ONLY_kan_generic_N2000_K100_H800_s4/positive_update_03000/NO_WEIGHTS,HYPOTHETICAL_REFERENCE_ONLY:04_selection/checkpoint_validation_detail.csv#method=kan_generic;N=2000;reference_repeat=4;update=3000;synthetic://REF_ONLY_kan_generic_N2000_K100_H800_s4/positive_update_03000/NO_WEIGHTS
kan_generic,2000,100,800,4,4000,1,10,10,-0.6899541553843609,-68.99541553843609,synthetic://REF_ONLY_kan_generic_N2000_K100_H800_s4/positive_update_04000/NO_WEIGHTS,HYPOTHETICAL_REFERENCE_ONLY:04_selection/checkpoint_validation_detail.csv#method=kan_generic;N=2000;reference_repeat=4;update=4000;synthetic://REF_ONLY_kan_generic_N2000_K100_H800_s4/positive_update_04000/NO_WEIGHTS
kan_generic,2000,100,800,4,5000,1,10,10,-0.7076842641170032,-70.76842641170032,synthetic://REF_ONLY_kan_generic_N2000_K100_H800_s4/positive_update_05000/NO_WEIGHTS,HYPOTHETICAL_REFERENCE_ONLY:04_selection/checkpoint_validation_detail.csv#method=kan_generic;N=2000;reference_repeat=4;update=5000;synthetic://REF_ONLY_kan_generic_N2000_K100_H800_s4/positive_update_05000/NO_WEIGHTS
kan_generic,2000,100,800,4,6000,1,10,10,-0.7276807804693148,-72.76807804693148,synthetic://REF_ONLY_kan_generic_N2000_K100_H800_s4/positive_update_06000/NO_WEIGHTS,HYPOTHETICAL_REFERENCE_ONLY:04_selection/checkpoint_validation_detail.csv#method=kan_generic;N=2000;reference_repeat=4;update=6000;synthetic://REF_ONLY_kan_generic_N2000_K100_H800_s4/positive_update_06000/NO_WEIGHTS
kan_generic,2000,100,800,4,7000,1,10,10,-0.7016409462894406,-70.16409462894406,synthetic://REF_ONLY_kan_generic_N2000_K100_H800_s4/positive_update_07000/NO_WEIGHTS,HYPOTHETICAL_REFERENCE_ONLY:04_selection/checkpoint_validation_detail.csv#method=kan_generic;N=2000;reference_repeat=4;update=7000;synthetic://REF_ONLY_kan_generic_N2000_K100_H800_s4/positive_update_07000/NO_WEIGHTS
kan_generic,2000,100,800,4,8000,1,10,10,-0.7160348095688933,-71.60348095688933,synthetic://REF_ONLY_kan_generic_N2000_K100_H800_s4/positive_update_08000/NO_WEIGHTS,HYPOTHETICAL_REFERENCE_ONLY:04_selection/checkpoint_validation_detail.csv#method=kan_generic;N=2000;reference_repeat=4;update=8000;synthetic://REF_ONLY_kan_generic_N2000_K100_H800_s4/positive_update_08000/NO_WEIGHTS
kan_generic,2000,100,800,4,9000,1,10,10,-0.7229115719369176,-72.29115719369176,synthetic://REF_ONLY_kan_generic_N2000_K100_H800_s4/positive_update_09000/NO_WEIGHTS,HYPOTHETICAL_REFERENCE_ONLY:04_selection/checkpoint_validation_detail.csv#method=kan_generic;N=2000;reference_repeat=4;update=9000;synthetic://REF_ONLY_kan_generic_N2000_K100_H800_s4/positive_update_09000/NO_WEIGHTS
kan_generic,2000,100,800,4,10000,1,10,10,-0.7267353305757291,-72.67353305757291,synthetic://REF_ONLY_kan_generic_N2000_K100_H800_s4/positive_update_10000/NO_WEIGHTS,HYPOTHETICAL_REFERENCE_ONLY:04_selection/checkpoint_validation_detail.csv#method=kan_generic;N=2000;reference_repeat=4;update=10000;synthetic://REF_ONLY_kan_generic_N2000_K100_H800_s4/positive_update_10000/NO_WEIGHTS
kan_generic,2000,100,800,4,11000,1,10,10,-0.7347287704223464,-73.47287704223464,synthetic://REF_ONLY_kan_generic_N2000_K100_H800_s4/positive_update_11000/NO_WEIGHTS,HYPOTHETICAL_REFERENCE_ONLY:04_selection/checkpoint_validation_detail.csv#method=kan_generic;N=2000;reference_repeat=4;update=11000;synthetic://REF_ONLY_kan_generic_N2000_K100_H800_s4/positive_update_11000/NO_WEIGHTS
kan_generic,2000,100,800,4,12000,1,10,10,-0.7246617724836126,-72.46617724836126,synthetic://REF_ONLY_kan_generic_N2000_K100_H800_s4/positive_update_12000/NO_WEIGHTS,HYPOTHETICAL_REFERENCE_ONLY:04_selection/checkpoint_validation_detail.csv#method=kan_generic;N=2000;reference_repeat=4;update=12000;synthetic://REF_ONLY_kan_generic_N2000_K100_H800_s4/positive_update_12000/NO_WEIGHTS
kan_generic,2000,100,800,4,13000,1,10,10,-0.7353787899275733,-73.53787899275733,synthetic://REF_ONLY_kan_generic_N2000_K100_H800_s4/positive_update_13000/NO_WEIGHTS,HYPOTHETICAL_REFERENCE_ONLY:04_selection/checkpoint_validation_detail.csv#method=kan_generic;N=2000;reference_repeat=4;update=13000;synthetic://REF_ONLY_kan_generic_N2000_K100_H800_s4/positive_update_13000/NO_WEIGHTS
kan_generic,2000,100,800,4,14000,1,10,10,-0.7389467127739161,-73.89467127739161,synthetic://REF_ONLY_kan_generic_N2000_K100_H800_s4/positive_update_14000/NO_WEIGHTS,HYPOTHETICAL_REFERENCE_ONLY:04_selection/checkpoint_validation_detail.csv#method=kan_generic;N=2000;reference_repeat=4;update=14000;synthetic://REF_ONLY_kan_generic_N2000_K100_H800_s4/positive_update_14000/NO_WEIGHTS
kan_generic,2000,100,800,4,15000,1,10,10,-0.7346806375515333,-73.46806375515334,synthetic://REF_ONLY_kan_generic_N2000_K100_H800_s4/positive_update_15000/NO_WEIGHTS,HYPOTHETICAL_REFERENCE_ONLY:04_selection/checkpoint_validation_detail.csv#method=kan_generic;N=2000;reference_repeat=4;update=15000;synthetic://REF_ONLY_kan_generic_N2000_K100_H800_s4/positive_update_15000/NO_WEIGHTS
kan_generic,2000,100,800,4,16000,1,10,10,-0.7505734877174342,-75.05734877174342,synthetic://REF_ONLY_kan_generic_N2000_K100_H800_s4/positive_update_16000/NO_WEIGHTS,HYPOTHETICAL_REFERENCE_ONLY:04_selection/checkpoint_validation_detail.csv#method=kan_generic;N=2000;reference_repeat=4;update=16000;synthetic://REF_ONLY_kan_generic_N2000_K100_H800_s4/positive_update_16000/NO_WEIGHTS
kan_generic,2000,100,800,4,17000,1,10,10,-0.7731842563235393,-77.31842563235392,synthetic://REF_ONLY_kan_generic_N2000_K100_H800_s4/positive_update_17000/NO_WEIGHTS,HYPOTHETICAL_REFERENCE_ONLY:04_selection/checkpoint_validation_detail.csv#method=kan_generic;N=2000;reference_repeat=4;update=17000;synthetic://REF_ONLY_kan_generic_N2000_K100_H800_s4/positive_update_17000/NO_WEIGHTS
kan_generic,2000,100,800,4,18000,1,10,10,-0.7898046415683074,-78.98046415683075,synthetic://REF_ONLY_kan_generic_N2000_K100_H800_s4/positive_update_18000/NO_WEIGHTS,HYPOTHETICAL_REFERENCE_ONLY:04_selection/checkpoint_validation_detail.csv#method=kan_generic;N=2000;reference_repeat=4;update=18000;synthetic://REF_ONLY_kan_generic_N2000_K100_H800_s4/positive_update_18000/NO_WEIGHTS
kan_generic,2000,100,800,4,19000,1,10,10,-0.7930857246869626,-79.30857246869625,synthetic://REF_ONLY_kan_generic_N2000_K100_H800_s4/positive_update_19000/NO_WEIGHTS,HYPOTHETICAL_REFERENCE_ONLY:04_selection/checkpoint_validation_detail.csv#method=kan_generic;N=2000;reference_repeat=4;update=19000;synthetic://REF_ONLY_kan_generic_N2000_K100_H800_s4/positive_update_19000/NO_WEIGHTS
kan_generic,2000,100,800,4,20000,1,10,10,-0.8106650686227266,-81.06650686227266,synthetic://REF_ONLY_kan_generic_N2000_K100_H800_s4/positive_update_20000/NO_WEIGHTS,HYPOTHETICAL_REFERENCE_ONLY:04_selection/checkpoint_validation_detail.csv#method=kan_generic;N=2000;reference_repeat=4;update=20000;synthetic://REF_ONLY_kan_generic_N2000_K100_H800_s4/positive_update_20000/NO_WEIGHTS
kan_generic,2000,100,800,5,1000,1,10,10,-0.5798759168944341,-57.987591689443406,synthetic://REF_ONLY_kan_generic_N2000_K100_H800_s5/positive_update_01000/NO_WEIGHTS,HYPOTHETICAL_REFERENCE_ONLY:04_selection/checkpoint_validation_detail.csv#method=kan_generic;N=2000;reference_repeat=5;update=1000;synthetic://REF_ONLY_kan_generic_N2000_K100_H800_s5/positive_update_01000/NO_WEIGHTS
kan_generic,2000,100,800,5,2000,1,10,10,-0.6014725233797081,-60.14725233797081,synthetic://REF_ONLY_kan_generic_N2000_K100_H800_s5/positive_update_02000/NO_WEIGHTS,HYPOTHETICAL_REFERENCE_ONLY:04_selection/checkpoint_validation_detail.csv#method=kan_generic;N=2000;reference_repeat=5;update=2000;synthetic://REF_ONLY_kan_generic_N2000_K100_H800_s5/positive_update_02000/NO_WEIGHTS
kan_generic,2000,100,800,5,3000,1,10,10,-0.6003799370339952,-60.037993703399515,synthetic://REF_ONLY_kan_generic_N2000_K100_H800_s5/positive_update_03000/NO_WEIGHTS,HYPOTHETICAL_REFERENCE_ONLY:04_selection/checkpoint_validation_detail.csv#method=kan_generic;N=2000;reference_repeat=5;update=3000;synthetic://REF_ONLY_kan_generic_N2000_K100_H800_s5/positive_update_03000/NO_WEIGHTS
kan_generic,2000,100,800,5,4000,1,10,10,-0.6119122178573102,-61.19122178573102,synthetic://REF_ONLY_kan_generic_N2000_K100_H800_s5/positive_update_04000/NO_WEIGHTS,HYPOTHETICAL_REFERENCE_ONLY:04_selection/checkpoint_validation_detail.csv#method=kan_generic;N=2000;reference_repeat=5;update=4000;synthetic://REF_ONLY_kan_generic_N2000_K100_H800_s5/positive_update_04000/NO_WEIGHTS
kan_generic,2000,100,800,5,5000,1,10,10,-0.6123359381519263,-61.233593815192634,synthetic://REF_ONLY_kan_generic_N2000_K100_H800_s5/positive_update_05000/NO_WEIGHTS,HYPOTHETICAL_REFERENCE_ONLY:04_selection/checkpoint_validation_detail.csv#method=kan_generic;N=2000;reference_repeat=5;update=5000;synthetic://REF_ONLY_kan_generic_N2000_K100_H800_s5/positive_update_05000/NO_WEIGHTS
kan_generic,2000,100,800,5,6000,1,10,10,-0.6220522786258498,-62.20522786258498,synthetic://REF_ONLY_kan_generic_N2000_K100_H800_s5/positive_update_06000/NO_WEIGHTS,HYPOTHETICAL_REFERENCE_ONLY:04_selection/checkpoint_validation_detail.csv#method=kan_generic;N=2000;reference_repeat=5;update=6000;synthetic://REF_ONLY_kan_generic_N2000_K100_H800_s5/positive_update_06000/NO_WEIGHTS
kan_generic,2000,100,800,5,7000,1,10,10,-0.6113902194946602,-61.13902194946602,synthetic://REF_ONLY_kan_generic_N2000_K100_H800_s5/positive_update_07000/NO_WEIGHTS,HYPOTHETICAL_REFERENCE_ONLY:04_selection/checkpoint_validation_detail.csv#method=kan_generic;N=2000;reference_repeat=5;update=7000;synthetic://REF_ONLY_kan_generic_N2000_K100_H800_s5/positive_update_07000/NO_WEIGHTS
kan_generic,2000,100,800,5,8000,1,10,10,-0.6128682606622626,-61.28682606622626,synthetic://REF_ONLY_kan_generic_N2000_K100_H800_s5/positive_update_08000/NO_WEIGHTS,HYPOTHETICAL_REFERENCE_ONLY:04_selection/checkpoint_validation_detail.csv#method=kan_generic;N=2000;reference_repeat=5;update=8000;synthetic://REF_ONLY_kan_generic_N2000_K100_H800_s5/positive_update_08000/NO_WEIGHTS
kan_generic,2000,100,800,5,9000,1,10,10,-0.6242892825447125,-62.42892825447125,synthetic://REF_ONLY_kan_generic_N2000_K100_H800_s5/positive_update_09000/NO_WEIGHTS,HYPOTHETICAL_REFERENCE_ONLY:04_selection/checkpoint_validation_detail.csv#method=kan_generic;N=2000;reference_repeat=5;update=9000;synthetic://REF_ONLY_kan_generic_N2000_K100_H800_s5/positive_update_09000/NO_WEIGHTS
kan_generic,2000,100,800,5,10000,1,10,10,-0.6326207024905302,-63.26207024905302,synthetic://REF_ONLY_kan_generic_N2000_K100_H800_s5/positive_update_10000/NO_WEIGHTS,HYPOTHETICAL_REFERENCE_ONLY:04_selection/checkpoint_validation_detail.csv#method=kan_generic;N=2000;reference_repeat=5;update=10000;synthetic://REF_ONLY_kan_generic_N2000_K100_H800_s5/positive_update_10000/NO_WEIGHTS
kan_generic,2000,100,800,5,11000,1,10,10,-0.6369904110185508,-63.69904110185508,synthetic://REF_ONLY_kan_generic_N2000_K100_H800_s5/positive_update_11000/NO_WEIGHTS,HYPOTHETICAL_REFERENCE_ONLY:04_selection/checkpoint_validation_detail.csv#method=kan_generic;N=2000;reference_repeat=5;update=11000;synthetic://REF_ONLY_kan_generic_N2000_K100_H800_s5/positive_update_11000/NO_WEIGHTS
kan_generic,2000,100,800,5,12000,1,10,10,-0.646884377554505,-64.68843775545051,synthetic://REF_ONLY_kan_generic_N2000_K100_H800_s5/positive_update_12000/NO_WEIGHTS,HYPOTHETICAL_REFERENCE_ONLY:04_selection/checkpoint_validation_detail.csv#method=kan_generic;N=2000;reference_repeat=5;update=12000;synthetic://REF_ONLY_kan_generic_N2000_K100_H800_s5/positive_update_12000/NO_WEIGHTS
kan_generic,2000,100,800,5,13000,1,10,10,-0.6611332138984101,-66.113321389841,synthetic://REF_ONLY_kan_generic_N2000_K100_H800_s5/positive_update_13000/NO_WEIGHTS,HYPOTHETICAL_REFERENCE_ONLY:04_selection/checkpoint_validation_detail.csv#method=kan_generic;N=2000;reference_repeat=5;update=13000;synthetic://REF_ONLY_kan_generic_N2000_K100_H800_s5/positive_update_13000/NO_WEIGHTS
kan_generic,2000,100,800,5,14000,1,10,10,-0.6485151711948046,-64.85151711948046,synthetic://REF_ONLY_kan_generic_N2000_K100_H800_s5/positive_update_14000/NO_WEIGHTS,HYPOTHETICAL_REFERENCE_ONLY:04_selection/checkpoint_validation_detail.csv#method=kan_generic;N=2000;reference_repeat=5;update=14000;synthetic://REF_ONLY_kan_generic_N2000_K100_H800_s5/positive_update_14000/NO_WEIGHTS
kan_generic,2000,100,800,5,15000,1,10,10,-0.6536214152933899,-65.36214152933898,synthetic://REF_ONLY_kan_generic_N2000_K100_H800_s5/positive_update_15000/NO_WEIGHTS,HYPOTHETICAL_REFERENCE_ONLY:04_selection/checkpoint_validation_detail.csv#method=kan_generic;N=2000;reference_repeat=5;update=15000;synthetic://REF_ONLY_kan_generic_N2000_K100_H800_s5/positive_update_15000/NO_WEIGHTS
kan_generic,2000,100,800,5,16000,1,10,10,-0.6557281390564496,-65.57281390564495,synthetic://REF_ONLY_kan_generic_N2000_K100_H800_s5/positive_update_16000/NO_WEIGHTS,HYPOTHETICAL_REFERENCE_ONLY:04_selection/checkpoint_validation_detail.csv#method=kan_generic;N=2000;reference_repeat=5;update=16000;synthetic://REF_ONLY_kan_generic_N2000_K100_H800_s5/positive_update_16000/NO_WEIGHTS
kan_generic,2000,100,800,5,17000,1,10,10,-0.6542597152005645,-65.42597152005645,synthetic://REF_ONLY_kan_generic_N2000_K100_H800_s5/positive_update_17000/NO_WEIGHTS,HYPOTHETICAL_REFERENCE_ONLY:04_selection/checkpoint_validation_detail.csv#method=kan_generic;N=2000;reference_repeat=5;update=17000;synthetic://REF_ONLY_kan_generic_N2000_K100_H800_s5/positive_update_17000/NO_WEIGHTS
kan_generic,2000,100,800,5,18000,1,10,10,-0.6640678764611376,-66.40678764611377,synthetic://REF_ONLY_kan_generic_N2000_K100_H800_s5/positive_update_18000/NO_WEIGHTS,HYPOTHETICAL_REFERENCE_ONLY:04_selection/checkpoint_validation_detail.csv#method=kan_generic;N=2000;reference_repeat=5;update=18000;synthetic://REF_ONLY_kan_generic_N2000_K100_H800_s5/positive_update_18000/NO_WEIGHTS
kan_generic,2000,100,800,5,19000,1,10,10,-0.6667827581255644,-66.67827581255644,synthetic://REF_ONLY_kan_generic_N2000_K100_H800_s5/positive_update_19000/NO_WEIGHTS,HYPOTHETICAL_REFERENCE_ONLY:04_selection/checkpoint_validation_detail.csv#method=kan_generic;N=2000;reference_repeat=5;update=19000;synthetic://REF_ONLY_kan_generic_N2000_K100_H800_s5/positive_update_19000/NO_WEIGHTS
kan_generic,2000,100,800,5,20000,1,10,10,-0.6785347640910795,-67.85347640910796,synthetic://REF_ONLY_kan_generic_N2000_K100_H800_s5/positive_update_20000/NO_WEIGHTS,HYPOTHETICAL_REFERENCE_ONLY:04_selection/checkpoint_validation_detail.csv#method=kan_generic;N=2000;reference_repeat=5;update=20000;synthetic://REF_ONLY_kan_generic_N2000_K100_H800_s5/positive_update_20000/NO_WEIGHTS
