full_case_id,comparator_case_id,comparator_method,N_sat,K,H,metric,full_mean,comparator_mean,full_minus_comparator,relative_improvement_percent,mean_direction,paired_cost_t95_low,paired_cost_t95_high,paired_interval_includes_zero,source_full_summary_line,source_comparator_summary_line,comparison_scope_note
full_N500_K100_H50_nominal_t0p05,mlp213_N500_K100_H50_nominal_t0p05,mlp213,500,100,50,outage_percent,0.6426666666666666,0.8265333333333333,-0.18386666666666673,22.245523471527672,Full均值更优,,,,2,171,均值方向不等同统计显著性；J区间的重复来源按原表保留
full_N500_K100_H50_nominal_t0p05,mlp213_N500_K100_H50_nominal_t0p05,mlp213,500,100,50,hof_percent,0.5431566912373821,0.7119316927213509,-0.16877500148396885,23.706628488307395,Full均值更优,,,,3,172,均值方向不等同统计显著性；J区间的重复来源按原表保留
full_N500_K100_H50_nominal_t0p05,mlp213_N500_K100_H50_nominal_t0p05,mlp213,500,100,50,pp_percent,0.1897222222222222,0.25333333333333335,-0.06361111111111115,25.109649122807028,Full均值更优,,,,4,173,均值方向不等同统计显著性；J区间的重复来源按原表保留
full_N500_K100_H50_nominal_t0p05,mlp213_N500_K100_H50_nominal_t0p05,mlp213,500,100,50,peak_normalized,0.7476872196554738,0.7573372536018211,-0.009650033946347336,1.2742056330192035,Full均值更优,,,,7,176,均值方向不等同统计显著性；J区间的重复来源按原表保留
full_N500_K100_H50_nominal_t0p05,mlp213_N500_K100_H50_nominal_t0p05,mlp213,500,100,50,tp_Mbps,198.36740266666666,197.04508,1.3223226666666505,0.6710762159941525,Full均值更优,,,,5,174,均值方向不等同统计显著性；J区间的重复来源按原表保留
full_N500_K100_H50_nominal_t0p05,mlp213_N500_K100_H50_nominal_t0p05,mlp213,500,100,50,J_user,-0.5952590444444444,-0.5721331000000001,-0.02312594444444438,,Full均值更优,-0.034326827549350604,-0.011925061339538265,false,13,182,均值方向不等同统计显著性；J区间的重复来源按原表保留
full_N500_K100_H50_nominal_t0p05,kan_generic_N500_K100_H50_nominal_t0p05,kan_generic,500,100,50,outage_percent,0.6426666666666666,1.0138666666666667,-0.3712000000000001,36.61230931088902,Full均值更优,,,,2,340,均值方向不等同统计显著性；J区间的重复来源按原表保留
full_N500_K100_H50_nominal_t0p05,kan_generic_N500_K100_H50_nominal_t0p05,kan_generic,500,100,50,hof_percent,0.5431566912373821,0.9009671939904538,-0.3578105027530717,39.714043434622866,Full均值更优,,,,3,341,均值方向不等同统计显著性；J区间的重复来源按原表保留
full_N500_K100_H50_nominal_t0p05,kan_generic_N500_K100_H50_nominal_t0p05,kan_generic,500,100,50,pp_percent,0.1897222222222222,0.2811111111111111,-0.09138888888888888,32.5098814229249,Full均值更优,,,,4,342,均值方向不等同统计显著性；J区间的重复来源按原表保留
full_N500_K100_H50_nominal_t0p05,kan_generic_N500_K100_H50_nominal_t0p05,kan_generic,500,100,50,peak_normalized,0.7476872196554738,0.736105438473911,0.011581781181562834,-1.5733861721731206,Full均值更差,,,,7,345,均值方向不等同统计显著性；J区间的重复来源按原表保留
full_N500_K100_H50_nominal_t0p05,kan_generic_N500_K100_H50_nominal_t0p05,kan_generic,500,100,50,tp_Mbps,198.36740266666666,196.71495333333334,1.6524493333333226,0.8400222277628526,Full均值更优,,,,5,343,均值方向不等同统计显著性；J区间的重复来源按原表保留
full_N500_K100_H50_nominal_t0p05,kan_generic_N500_K100_H50_nominal_t0p05,kan_generic,500,100,50,J_user,-0.5952590444444444,-0.5657687055555556,-0.029490338888888856,,Full均值更优,-0.03722271366251964,-0.021757964115258155,false,13,351,均值方向不等同统计显著性；J区间的重复来源按原表保留
full_N500_K100_H200_nominal_t0p05,mlp213_N500_K100_H200_nominal_t0p05,mlp213,500,100,200,outage_percent,0.6495,0.8276666666666667,-0.1781666666666667,21.526379379782526,Full均值更优,,,,15,184,均值方向不等同统计显著性；J区间的重复来源按原表保留
full_N500_K100_H200_nominal_t0p05,mlp213_N500_K100_H200_nominal_t0p05,mlp213,500,100,200,hof_percent,0.6626159060802826,0.8386437384290976,-0.17602783234881492,20.989584048947986,Full均值更优,,,,16,185,均值方向不等同统计显著性；J区间的重复来源按原表保留
full_N500_K100_H200_nominal_t0p05,mlp213_N500_K100_H200_nominal_t0p05,mlp213,500,100,200,pp_percent,0.16791245791245793,0.23168350168350169,-0.06377104377104376,27.52506903066414,Full均值更优,,,,17,186,均值方向不等同统计显著性；J区间的重复来源按原表保留
full_N500_K100_H200_nominal_t0p05,mlp213_N500_K100_H200_nominal_t0p05,mlp213,500,100,200,peak_normalized,0.8439031630657501,0.8575048185917639,-0.013601655526013778,1.5861899818068752,Full均值更优,,,,20,189,均值方向不等同统计显著性；J区间的重复来源按原表保留
full_N500_K100_H200_nominal_t0p05,mlp213_N500_K100_H200_nominal_t0p05,mlp213,500,100,200,tp_Mbps,198.24592333333334,196.934509,1.311414333333346,0.6659139325009544,Full均值更优,,,,18,187,均值方向不等同统计显著性；J区间的重复来源按原表保留
full_N500_K100_H200_nominal_t0p05,mlp213_N500_K100_H200_nominal_t0p05,mlp213,500,100,200,J_user,-0.5929189138888888,-0.5699595541666667,-0.022959359722222183,,Full均值更优,-0.03381689165147271,-0.012101827792971713,false,26,195,均值方向不等同统计显著性；J区间的重复来源按原表保留
full_N500_K100_H200_nominal_t0p05,kan_generic_N500_K100_H200_nominal_t0p05,kan_generic,500,100,200,outage_percent,0.6495,1.0115666666666667,-0.36206666666666676,35.792664843312366,Full均值更优,,,,15,353,均值方向不等同统计显著性；J区间的重复来源按原表保留
full_N500_K100_H200_nominal_t0p05,kan_generic_N500_K100_H200_nominal_t0p05,kan_generic,500,100,200,hof_percent,0.6626159060802826,1.0400767432540843,-0.37746083717380163,36.29163324937363,Full均值更优,,,,16,354,均值方向不等同统计显著性；J区间的重复来源按原表保留
full_N500_K100_H200_nominal_t0p05,kan_generic_N500_K100_H200_nominal_t0p05,kan_generic,500,100,200,pp_percent,0.16791245791245793,0.25636363636363635,-0.08845117845117842,34.50223272918308,Full均值更优,,,,17,355,均值方向不等同统计显著性；J区间的重复来源按原表保留
full_N500_K100_H200_nominal_t0p05,kan_generic_N500_K100_H200_nominal_t0p05,kan_generic,500,100,200,peak_normalized,0.8439031630657501,0.8483201599488208,-0.004416996883070734,0.5206756943436558,Full均值更优,,,,20,358,均值方向不等同统计显著性；J区间的重复来源按原表保留
full_N500_K100_H200_nominal_t0p05,kan_generic_N500_K100_H200_nominal_t0p05,kan_generic,500,100,200,tp_Mbps,198.24592333333334,196.60471066666668,1.6412126666666609,0.8347778957591987,Full均值更优,,,,18,356,均值方向不等同统计显著性；J区间的重复来源按原表保留
full_N500_K100_H200_nominal_t0p05,kan_generic_N500_K100_H200_nominal_t0p05,kan_generic,500,100,200,J_user,-0.5929189138888888,-0.5635570944444445,-0.02936181944444438,,Full均值更优,-0.03709397598920764,-0.021629662899681233,false,26,364,均值方向不等同统计显著性；J区间的重复来源按原表保留
full_N500_K100_H200_nominal_t0p05,greedy_analytic_N500_K100_H200_nominal_t0p05,greedy_analytic,500,100,200,outage_percent,0.6495,1.022,-0.37250000000000005,36.4481409001957,Full均值更优,,,,15,964,均值方向不等同统计显著性；J区间的重复来源按原表保留
full_N500_K100_H200_nominal_t0p05,greedy_analytic_N500_K100_H200_nominal_t0p05,greedy_analytic,500,100,200,hof_percent,0.6626159060802826,1.0104072363203092,-0.3477913302400265,34.4209065155362,Full均值更优,,,,16,965,均值方向不等同统计显著性；J区间的重复来源按原表保留
full_N500_K100_H200_nominal_t0p05,greedy_analytic_N500_K100_H200_nominal_t0p05,greedy_analytic,500,100,200,pp_percent,0.16791245791245793,0.020202020202020204,0.14771043771043774,-731.1666666666667,Full均值更差,,,,17,966,均值方向不等同统计显著性；J区间的重复来源按原表保留
full_N500_K100_H200_nominal_t0p05,greedy_analytic_N500_K100_H200_nominal_t0p05,greedy_analytic,500,100,200,peak_normalized,0.8439031630657501,0.8346293249805067,0.009273838085243402,-1.1111325480278325,Full均值更差,,,,20,969,均值方向不等同统计显著性；J区间的重复来源按原表保留
full_N500_K100_H200_nominal_t0p05,greedy_analytic_N500_K100_H200_nominal_t0p05,greedy_analytic,500,100,200,tp_Mbps,198.24592333333334,197.61979666666667,0.6261266666666643,0.3168339798075886,Full均值更优,,,,18,967,均值方向不等同统计显著性；J区间的重复来源按原表保留
full_N500_K100_H200_nominal_t0p05,greedy_analytic_N500_K100_H200_nominal_t0p05,greedy_analytic,500,100,200,J_user,-0.5929189138888888,-0.5860518194444444,-0.006867094444444444,,Full均值更优,-0.01421965039257186,0.000485461503682982,true,26,975,均值方向不等同统计显著性；J区间的重复来源按原表保留
full_N500_K100_H200_nominal_t0p05,cox_only_N500_K100_H200_nominal_t0p05,cox_only,500,100,200,outage_percent,0.6495,0.9105,-0.261,28.66556836902801,Full均值更优,,,,15,990,均值方向不等同统计显著性；J区间的重复来源按原表保留
full_N500_K100_H200_nominal_t0p05,cox_only_N500_K100_H200_nominal_t0p05,cox_only,500,100,200,hof_percent,0.6626159060802826,0.9505434108384904,-0.2879275047582077,30.290831694285483,Full均值更优,,,,16,991,均值方向不等同统计显著性；J区间的重复来源按原表保留
full_N500_K100_H200_nominal_t0p05,cox_only_N500_K100_H200_nominal_t0p05,cox_only,500,100,200,pp_percent,0.16791245791245793,0.10420875420875421,0.06370370370370372,-61.13085621970922,Full均值更差,,,,17,992,均值方向不等同统计显著性；J区间的重复来源按原表保留
full_N500_K100_H200_nominal_t0p05,cox_only_N500_K100_H200_nominal_t0p05,cox_only,500,100,200,peak_normalized,0.8439031630657501,0.8598372188668523,-0.015934055801102187,1.8531479507366628,Full均值更优,,,,20,995,均值方向不等同统计显著性；J区间的重复来源按原表保留
full_N500_K100_H200_nominal_t0p05,cox_only_N500_K100_H200_nominal_t0p05,cox_only,500,100,200,tp_Mbps,198.24592333333334,195.63564166666666,2.6102816666666797,1.334256705183712,Full均值更优,,,,18,993,均值方向不等同统计显著性；J区间的重复来源按原表保留
full_N500_K100_H200_nominal_t0p05,cox_only_N500_K100_H200_nominal_t0p05,cox_only,500,100,200,J_user,-0.5929189138888888,-0.5631812569444444,-0.029737656944444413,,Full均值更优,-0.03709021289257184,-0.022385100996317,false,26,1001,均值方向不等同统计显著性；J区间的重复来源按原表保留
full_N500_K100_H200_nominal_t0p05,no_triplet_N500_K100_H200_nominal_t0p05,no_triplet,500,100,200,outage_percent,0.6495,1.2767666666666666,-0.6272666666666666,49.129311020024545,Full均值更优,,,,15,1016,均值方向不等同统计显著性；J区间的重复来源按原表保留
full_N500_K100_H200_nominal_t0p05,no_triplet_N500_K100_H200_nominal_t0p05,no_triplet,500,100,200,hof_percent,0.6626159060802826,1.3179109275971708,-0.6552950215168881,49.7222541975298,Full均值更优,,,,16,1017,均值方向不等同统计显著性；J区间的重复来源按原表保留
full_N500_K100_H200_nominal_t0p05,no_triplet_N500_K100_H200_nominal_t0p05,no_triplet,500,100,200,pp_percent,0.16791245791245793,0.2621885521885522,-0.09427609427609426,35.957364838833946,Full均值更优,,,,17,1018,均值方向不等同统计显著性；J区间的重复来源按原表保留
full_N500_K100_H200_nominal_t0p05,no_triplet_N500_K100_H200_nominal_t0p05,no_triplet,500,100,200,peak_normalized,0.8439031630657501,0.850317904589772,-0.006414741524021883,0.754393326236805,Full均值更优,,,,20,1021,均值方向不等同统计显著性；J区间的重复来源按原表保留
full_N500_K100_H200_nominal_t0p05,no_triplet_N500_K100_H200_nominal_t0p05,no_triplet,500,100,200,tp_Mbps,198.24592333333334,194.764196,3.481727333333339,1.787662930271506,Full均值更优,,,,18,1019,均值方向不等同统计显著性；J区间的重复来源按原表保留
full_N500_K100_H200_nominal_t0p05,no_triplet_N500_K100_H200_nominal_t0p05,no_triplet,500,100,200,J_user,-0.5929189138888888,-0.5390708166666667,-0.05384809722222217,,Full均值更优,-0.06998663967363708,-0.03770955477080735,false,26,1027,均值方向不等同统计显著性；J区间的重复来源按原表保留
full_N500_K100_H200_nominal_t0p05,mlp_coeff_N500_K100_H200_nominal_t0p05,mlp_coeff,500,100,200,outage_percent,0.6495,0.7664,-0.1169,15.253131524008353,Full均值更优,,,,15,1055,均值方向不等同统计显著性；J区间的重复来源按原表保留
full_N500_K100_H200_nominal_t0p05,mlp_coeff_N500_K100_H200_nominal_t0p05,mlp_coeff,500,100,200,hof_percent,0.6626159060802826,0.7740211593740469,-0.11140525329376427,14.39305010522684,Full均值更优,,,,16,1056,均值方向不等同统计显著性；J区间的重复来源按原表保留
full_N500_K100_H200_nominal_t0p05,mlp_coeff_N500_K100_H200_nominal_t0p05,mlp_coeff,500,100,200,pp_percent,0.16791245791245793,0.18525252525252525,-0.017340067340067322,9.360232642675381,Full均值更优,,,,17,1057,均值方向不等同统计显著性；J区间的重复来源按原表保留
full_N500_K100_H200_nominal_t0p05,mlp_coeff_N500_K100_H200_nominal_t0p05,mlp_coeff,500,100,200,peak_normalized,0.8439031630657501,0.8433032069964226,0.0005999560693275008,-0.07114357734560897,Full均值更差,,,,20,1060,均值方向不等同统计显著性；J区间的重复来源按原表保留
full_N500_K100_H200_nominal_t0p05,mlp_coeff_N500_K100_H200_nominal_t0p05,mlp_coeff,500,100,200,tp_Mbps,198.24592333333334,197.68098799999999,0.5649353333333522,0.28578131819806174,Full均值更优,,,,18,1058,均值方向不等同统计显著性；J区间的重复来源按原表保留
full_N500_K100_H200_nominal_t0p05,mlp_coeff_N500_K100_H200_nominal_t0p05,mlp_coeff,500,100,200,J_user,-0.5929189138888888,-0.5848747333333333,-0.008044180555555558,,Full均值更优,-0.018002639501145726,0.0019142783900346384,true,26,1066,均值方向不等同统计显著性；J区间的重复来源按原表保留
full_N500_K100_H200_nominal_t0p05,no_cox_rst_N500_K100_H200_nominal_t0p05,no_cox_rst,500,100,200,outage_percent,0.6495,1.0072666666666668,-0.3577666666666668,35.518565093652796,Full均值更优,,,,15,1107,均值方向不等同统计显著性；J区间的重复来源按原表保留
full_N500_K100_H200_nominal_t0p05,no_cox_rst_N500_K100_H200_nominal_t0p05,no_cox_rst,500,100,200,hof_percent,0.6626159060802826,1.0330606887074147,-0.3704447826271321,35.85895646563027,Full均值更优,,,,16,1108,均值方向不等同统计显著性；J区间的重复来源按原表保留
full_N500_K100_H200_nominal_t0p05,no_cox_rst_N500_K100_H200_nominal_t0p05,no_cox_rst,500,100,200,pp_percent,0.16791245791245793,0.21528619528619528,-0.047373737373737346,22.00500469189864,Full均值更优,,,,17,1109,均值方向不等同统计显著性；J区间的重复来源按原表保留
full_N500_K100_H200_nominal_t0p05,no_cox_rst_N500_K100_H200_nominal_t0p05,no_cox_rst,500,100,200,peak_normalized,0.8439031630657501,0.8418870092513212,0.002016153814428878,-0.23948033314135786,Full均值更差,,,,20,1112,均值方向不等同统计显著性；J区间的重复来源按原表保留
full_N500_K100_H200_nominal_t0p05,no_cox_rst_N500_K100_H200_nominal_t0p05,no_cox_rst,500,100,200,tp_Mbps,198.24592333333334,196.460443,1.7854803333333393,0.9088243445187281,Full均值更优,,,,18,1110,均值方向不等同统计显著性；J区间的重复来源按原表保留
full_N500_K100_H200_nominal_t0p05,no_cox_rst_N500_K100_H200_nominal_t0p05,no_cox_rst,500,100,200,J_user,-0.5929189138888888,-0.5641417291666667,-0.028777184722222127,,Full均值更优,-0.036651627034299875,-0.020902742410144566,false,26,1118,均值方向不等同统计显著性；J区间的重复来源按原表保留
full_N500_K100_H200_nominal_t0p05,eph_physick_N500_K100_H200_nominal_t0p05,eph_physick,500,100,200,outage_percent,0.6495,0.8191666666666667,-0.16966666666666674,20.7121057985758,Full均值更优,,,,15,1146,均值方向不等同统计显著性；J区间的重复来源按原表保留
full_N500_K100_H200_nominal_t0p05,eph_physick_N500_K100_H200_nominal_t0p05,eph_physick,500,100,200,hof_percent,0.6626159060802826,0.845169820414454,-0.18255391433417134,21.59967262492296,Full均值更优,,,,16,1147,均值方向不等同统计显著性；J区间的重复来源按原表保留
full_N500_K100_H200_nominal_t0p05,eph_physick_N500_K100_H200_nominal_t0p05,eph_physick,500,100,200,pp_percent,0.16791245791245793,0.13734006734006735,0.030572390572390584,-22.260357930865418,Full均值更差,,,,17,1148,均值方向不等同统计显著性；J区间的重复来源按原表保留
full_N500_K100_H200_nominal_t0p05,eph_physick_N500_K100_H200_nominal_t0p05,eph_physick,500,100,200,peak_normalized,0.8439031630657501,0.8499014889924615,-0.005998325926711456,0.7057671982458028,Full均值更优,,,,20,1151,均值方向不等同统计显著性；J区间的重复来源按原表保留
full_N500_K100_H200_nominal_t0p05,eph_physick_N500_K100_H200_nominal_t0p05,eph_physick,500,100,200,tp_Mbps,198.24592333333334,197.40607733333334,0.8398459999999943,0.4254408027073342,Full均值更优,,,,18,1149,均值方向不等同统计显著性；J区间的重复来源按原表保留
full_N500_K100_H200_nominal_t0p05,eph_physick_N500_K100_H200_nominal_t0p05,eph_physick,500,100,200,J_user,-0.5929189138888888,-0.5784426555555555,-0.014476258333333325,,Full均值更优,-0.02778027864332954,-0.0011722380233371264,false,26,1157,均值方向不等同统计显著性；J区间的重复来源按原表保留
full_N500_K100_H800_nominal_t0p05,mlp213_N500_K100_H800_nominal_t0p05,mlp213,500,100,800,outage_percent,0.6930166666666666,0.8823833333333333,-0.18936666666666668,21.46081634965907,Full均值更优,,,,28,197,均值方向不等同统计显著性；J区间的重复来源按原表保留
full_N500_K100_H800_nominal_t0p05,mlp213_N500_K100_H800_nominal_t0p05,mlp213,500,100,800,hof_percent,0.6931801538790938,0.8793297570159878,-0.186149603136894,21.169487516104773,Full均值更优,,,,29,198,均值方向不等同统计显著性；J区间的重复来源按原表保留
full_N500_K100_H800_nominal_t0p05,mlp213_N500_K100_H800_nominal_t0p05,mlp213,500,100,800,pp_percent,0.16765246449456975,0.22973266499582287,-0.062080200501253124,27.022800829121056,Full均值更优,,,,30,199,均值方向不等同统计显著性；J区间的重复来源按原表保留
full_N500_K100_H800_nominal_t0p05,mlp213_N500_K100_H800_nominal_t0p05,mlp213,500,100,800,peak_normalized,0.913821913781863,0.9094219631198757,0.004399950661987284,-0.48381838579010694,Full均值更差,,,,33,202,均值方向不等同统计显著性；J区间的重复来源按原表保留
full_N500_K100_H800_nominal_t0p05,mlp213_N500_K100_H800_nominal_t0p05,mlp213,500,100,800,tp_Mbps,198.23922608333334,196.91853041666667,1.3206956666666656,0.6706812527354131,Full均值更优,,,,31,200,均值方向不等同统计显著性；J区间的重复来源按原表保留
full_N500_K100_H800_nominal_t0p05,mlp213_N500_K100_H800_nominal_t0p05,mlp213,500,100,800,J_user,-0.5906996420138889,-0.5673981850694444,-0.02330145694444452,,Full均值更优,-0.034443281988009285,-0.012159631900879597,false,39,208,均值方向不等同统计显著性；J区间的重复来源按原表保留
full_N500_K100_H800_nominal_t0p05,kan_generic_N500_K100_H800_nominal_t0p05,kan_generic,500,100,800,outage_percent,0.6930166666666666,1.0803166666666666,-0.3873,35.850599361298386,Full均值更优,,,,28,366,均值方向不等同统计显著性；J区间的重复来源按原表保留
full_N500_K100_H800_nominal_t0p05,kan_generic_N500_K100_H800_nominal_t0p05,kan_generic,500,100,800,hof_percent,0.6931801538790938,1.093269924937938,-0.40008977105884425,36.59569900649707,Full均值更优,,,,29,367,均值方向不等同统计显著性；J区间的重复来源按原表保留
full_N500_K100_H800_nominal_t0p05,kan_generic_N500_K100_H800_nominal_t0p05,kan_generic,500,100,800,pp_percent,0.16765246449456975,0.2535672514619883,-0.08591478696741853,33.88244596731681,Full均值更优,,,,30,368,均值方向不等同统计显著性；J区间的重复来源按原表保留
full_N500_K100_H800_nominal_t0p05,kan_generic_N500_K100_H800_nominal_t0p05,kan_generic,500,100,800,peak_normalized,0.913821913781863,0.9029219304464874,0.010899983335375563,-1.20719000921659,Full均值更差,,,,33,371,均值方向不等同统计显著性；J区间的重复来源按原表保留
full_N500_K100_H800_nominal_t0p05,kan_generic_N500_K100_H800_nominal_t0p05,kan_generic,500,100,800,tp_Mbps,198.23922608333334,196.5461695,1.6930565833333446,0.8614040088597833,Full均值更优,,,,31,369,均值方向不等同统计显著性；J区间的重复来源按原表保留
full_N500_K100_H800_nominal_t0p05,kan_generic_N500_K100_H800_nominal_t0p05,kan_generic,500,100,800,J_user,-0.5906996420138889,-0.5598806895833334,-0.030818952430555546,,Full均值更优,-0.03868986907036904,-0.022948035790742068,false,39,377,均值方向不等同统计显著性；J区间的重复来源按原表保留
full_N1000_K100_H50_nominal_t0p05,mlp213_N1000_K100_H50_nominal_t0p05,mlp213,1000,100,50,outage_percent,0.7010666666666666,0.8653333333333333,-0.16426666666666667,18.983050847457626,Full均值更优,,,,41,210,均值方向不等同统计显著性；J区间的重复来源按原表保留
full_N1000_K100_H50_nominal_t0p05,mlp213_N1000_K100_H50_nominal_t0p05,mlp213,1000,100,50,hof_percent,0.7062875328931406,0.878571222498962,-0.1722836896058214,19.60953024568534,Full均值更优,,,,42,211,均值方向不等同统计显著性；J区间的重复来源按原表保留
full_N1000_K100_H50_nominal_t0p05,mlp213_N1000_K100_H50_nominal_t0p05,mlp213,1000,100,50,pp_percent,0.18291666666666667,0.2452777777777778,-0.06236111111111112,25.424688561721407,Full均值更优,,,,43,212,均值方向不等同统计显著性；J区间的重复来源按原表保留
full_N1000_K100_H50_nominal_t0p05,mlp213_N1000_K100_H50_nominal_t0p05,mlp213,1000,100,50,peak_normalized,0.6258187977216144,0.6329361312216899,-0.0071173335000754845,1.1244947395146563,Full均值更优,,,,46,215,均值方向不等同统计显著性；J区间的重复来源按原表保留
full_N1000_K100_H50_nominal_t0p05,mlp213_N1000_K100_H50_nominal_t0p05,mlp213,1000,100,50,tp_Mbps,201.31897733333332,200.29037333333332,1.0286040000000014,0.5135563846037408,Full均值更优,,,,44,213,均值方向不等同统计显著性；J区间的重复来源按原表保留
full_N1000_K100_H50_nominal_t0p05,mlp213_N1000_K100_H50_nominal_t0p05,mlp213,1000,100,50,J_user,-0.6480963388888888,-0.6309662222222222,-0.01713011666666664,,Full均值更优,-0.027629528985353646,-0.006630704347979674,false,52,221,均值方向不等同统计显著性；J区间的重复来源按原表保留
full_N1000_K100_H50_nominal_t0p05,kan_generic_N1000_K100_H50_nominal_t0p05,kan_generic,1000,100,50,outage_percent,0.7010666666666666,0.9698666666666667,-0.26880000000000004,27.715149848776466,Full均值更优,,,,41,379,均值方向不等同统计显著性；J区间的重复来源按原表保留
full_N1000_K100_H50_nominal_t0p05,kan_generic_N1000_K100_H50_nominal_t0p05,kan_generic,1000,100,50,hof_percent,0.7062875328931406,0.9830671192723077,-0.2767795863791671,28.154698794528564,Full均值更优,,,,42,380,均值方向不等同统计显著性；J区间的重复来源按原表保留
full_N1000_K100_H50_nominal_t0p05,kan_generic_N1000_K100_H50_nominal_t0p05,kan_generic,1000,100,50,pp_percent,0.18291666666666667,0.25875,-0.07583333333333331,29.307568438003212,Full均值更优,,,,43,381,均值方向不等同统计显著性；J区间的重复来源按原表保留
full_N1000_K100_H50_nominal_t0p05,kan_generic_N1000_K100_H50_nominal_t0p05,kan_generic,1000,100,50,peak_normalized,0.6258187977216144,0.6288660102191086,-0.0030472124974941783,0.48455671764363173,Full均值更优,,,,46,384,均值方向不等同统计显著性；J区间的重复来源按原表保留
full_N1000_K100_H50_nominal_t0p05,kan_generic_N1000_K100_H50_nominal_t0p05,kan_generic,1000,100,50,tp_Mbps,201.31897733333332,200.33954,0.9794373333333226,0.4888886803540243,Full均值更优,,,,44,382,均值方向不等同统计显著性；J区间的重复来源按原表保留
full_N1000_K100_H50_nominal_t0p05,kan_generic_N1000_K100_H50_nominal_t0p05,kan_generic,1000,100,50,J_user,-0.6480963388888888,-0.62582375,-0.022272588888888833,,Full均值更优,-0.04351911034333791,-0.0010260674344398403,false,52,390,均值方向不等同统计显著性；J区间的重复来源按原表保留
full_N1000_K100_H200_nominal_t0p05,mlp213_N1000_K100_H200_nominal_t0p05,mlp213,1000,100,200,outage_percent,0.6669333333333333,0.8319666666666666,-0.16503333333333337,19.836531912336238,Full均值更优,,,,54,223,均值方向不等同统计显著性；J区间的重复来源按原表保留
full_N1000_K100_H200_nominal_t0p05,mlp213_N1000_K100_H200_nominal_t0p05,mlp213,1000,100,200,hof_percent,0.6630891601582161,0.8254136102344155,-0.16232445007619944,19.665831537488177,Full均值更优,,,,55,224,均值方向不等同统计显著性；J区间的重复来源按原表保留
full_N1000_K100_H200_nominal_t0p05,mlp213_N1000_K100_H200_nominal_t0p05,mlp213,1000,100,200,pp_percent,0.18127946127946126,0.24340067340067342,-0.06212121212121216,25.522202240973872,Full均值更优,,,,56,225,均值方向不等同统计显著性；J区间的重复来源按原表保留
full_N1000_K100_H200_nominal_t0p05,mlp213_N1000_K100_H200_nominal_t0p05,mlp213,1000,100,200,peak_normalized,0.7332468487531529,0.7014291750022209,0.03181767375093203,-4.53612066404727,Full均值更差,,,,59,228,均值方向不等同统计显著性；J区间的重复来源按原表保留
full_N1000_K100_H200_nominal_t0p05,mlp213_N1000_K100_H200_nominal_t0p05,mlp213,1000,100,200,tp_Mbps,201.32270733333334,200.34452,0.9781873333333522,0.48825260273320786,Full均值更优,,,,57,226,均值方向不等同统计显著性；J区间的重复来源按原表保留
full_N1000_K100_H200_nominal_t0p05,mlp213_N1000_K100_H200_nominal_t0p05,mlp213,1000,100,200,J_user,-0.6494762972222222,-0.6335358666666666,-0.015940430555555607,,Full均值更优,-0.026221621867460708,-0.005659239243650407,false,65,234,均值方向不等同统计显著性；J区间的重复来源按原表保留
full_N1000_K100_H200_nominal_t0p05,kan_generic_N1000_K100_H200_nominal_t0p05,kan_generic,1000,100,200,outage_percent,0.6669333333333333,0.9498,-0.2828666666666667,29.781708429844887,Full均值更优,,,,54,392,均值方向不等同统计显著性；J区间的重复来源按原表保留
full_N1000_K100_H200_nominal_t0p05,kan_generic_N1000_K100_H200_nominal_t0p05,kan_generic,1000,100,200,hof_percent,0.6630891601582161,0.9511820464053499,-0.2880928862471338,30.287880993536113,Full均值更优,,,,55,393,均值方向不等同统计显著性；J区间的重复来源按原表保留
full_N1000_K100_H200_nominal_t0p05,kan_generic_N1000_K100_H200_nominal_t0p05,kan_generic,1000,100,200,pp_percent,0.18127946127946126,0.25744107744107747,-0.07616161616161621,29.5840962594821,Full均值更优,,,,56,394,均值方向不等同统计显著性；J区间的重复来源按原表保留
full_N1000_K100_H200_nominal_t0p05,kan_generic_N1000_K100_H200_nominal_t0p05,kan_generic,1000,100,200,peak_normalized,0.7332468487531529,0.7015883440602019,0.03165850469295106,-4.512404597507753,Full均值更差,,,,59,397,均值方向不等同统计显著性；J区间的重复来源按原表保留
full_N1000_K100_H200_nominal_t0p05,kan_generic_N1000_K100_H200_nominal_t0p05,kan_generic,1000,100,200,tp_Mbps,201.32270733333334,200.349822,0.9728853333333518,0.4855933105512576,Full均值更优,,,,57,395,均值方向不等同统计显著性；J区间的重复来源按原表保留
full_N1000_K100_H200_nominal_t0p05,kan_generic_N1000_K100_H200_nominal_t0p05,kan_generic,1000,100,200,J_user,-0.6494762972222222,-0.627274675,-0.022201622222222217,,Full均值更优,-0.04505132974023219,0.0006480852957877412,true,65,403,均值方向不等同统计显著性；J区间的重复来源按原表保留
full_N1000_K100_H200_nominal_t0p05,greedy_analytic_N1000_K100_H200_nominal_t0p05,greedy_analytic,1000,100,200,outage_percent,0.6669333333333333,0.9371666666666667,-0.27023333333333344,28.83514138360307,Full均值更优,,,,54,977,均值方向不等同统计显著性；J区间的重复来源按原表保留
full_N1000_K100_H200_nominal_t0p05,greedy_analytic_N1000_K100_H200_nominal_t0p05,greedy_analytic,1000,100,200,hof_percent,0.6630891601582161,0.9273581436294502,-0.2642689834712342,28.496971238851778,Full均值更优,,,,55,978,均值方向不等同统计显著性；J区间的重复来源按原表保留
full_N1000_K100_H200_nominal_t0p05,greedy_analytic_N1000_K100_H200_nominal_t0p05,greedy_analytic,1000,100,200,pp_percent,0.18127946127946126,0.02239057239057239,0.15888888888888886,-709.6240601503757,Full均值更差,,,,56,979,均值方向不等同统计显著性；J区间的重复来源按原表保留
full_N1000_K100_H200_nominal_t0p05,greedy_analytic_N1000_K100_H200_nominal_t0p05,greedy_analytic,1000,100,200,peak_normalized,0.7332468487531529,0.7092463266324484,0.02400052212070458,-3.383947328237956,Full均值更差,,,,59,982,均值方向不等同统计显著性；J区间的重复来源按原表保留
full_N1000_K100_H200_nominal_t0p05,greedy_analytic_N1000_K100_H200_nominal_t0p05,greedy_analytic,1000,100,200,tp_Mbps,201.32270733333334,201.35540166666667,-0.03269433333332472,-0.016237127518162378,Full均值更差,,,,57,980,均值方向不等同统计显著性；J区间的重复来源按原表保留
full_N1000_K100_H200_nominal_t0p05,greedy_analytic_N1000_K100_H200_nominal_t0p05,greedy_analytic,1000,100,200,J_user,-0.6494762972222222,-0.6487533402777778,-0.0007229569444444639,,Full均值更优,-0.010742021807220975,0.009296107918332058,true,65,988,均值方向不等同统计显著性；J区间的重复来源按原表保留
full_N1000_K100_H200_nominal_t0p05,cox_only_N1000_K100_H200_nominal_t0p05,cox_only,1000,100,200,outage_percent,0.6669333333333333,0.833,-0.1660666666666667,19.935974389755906,Full均值更优,,,,54,1003,均值方向不等同统计显著性；J区间的重复来源按原表保留
full_N1000_K100_H200_nominal_t0p05,cox_only_N1000_K100_H200_nominal_t0p05,cox_only,1000,100,200,hof_percent,0.6630891601582161,0.8051289698317146,-0.1420398096734985,17.641870432657168,Full均值更优,,,,55,1004,均值方向不等同统计显著性；J区间的重复来源按原表保留
full_N1000_K100_H200_nominal_t0p05,cox_only_N1000_K100_H200_nominal_t0p05,cox_only,1000,100,200,pp_percent,0.18127946127946126,0.10252525252525252,0.07875420875420874,-76.81444991789819,Full均值更差,,,,56,1005,均值方向不等同统计显著性；J区间的重复来源按原表保留
full_N1000_K100_H200_nominal_t0p05,cox_only_N1000_K100_H200_nominal_t0p05,cox_only,1000,100,200,peak_normalized,0.7332468487531529,0.7397920950789386,-0.006545246325785681,0.8847413170976474,Full均值更优,,,,59,1008,均值方向不等同统计显著性；J区间的重复来源按原表保留
full_N1000_K100_H200_nominal_t0p05,cox_only_N1000_K100_H200_nominal_t0p05,cox_only,1000,100,200,tp_Mbps,201.32270733333334,199.65365166666666,1.6690556666666794,0.8359755269857345,Full均值更优,,,,57,1006,均值方向不等同统计显著性；J区间的重复来源按原表保留
full_N1000_K100_H200_nominal_t0p05,cox_only_N1000_K100_H200_nominal_t0p05,cox_only,1000,100,200,J_user,-0.6494762972222222,-0.6321041319444445,-0.01737216527777774,,Full均值更优,-0.027391230140554307,-0.007353100415001276,false,65,1014,均值方向不等同统计显著性；J区间的重复来源按原表保留
full_N1000_K100_H200_nominal_t0p05,no_triplet_N1000_K100_H200_nominal_t0p05,no_triplet,1000,100,200,outage_percent,0.6669333333333333,1.1977,-0.5307666666666667,44.31549358492667,Full均值更优,,,,54,1029,均值方向不等同统计显著性；J区间的重复来源按原表保留
full_N1000_K100_H200_nominal_t0p05,no_triplet_N1000_K100_H200_nominal_t0p05,no_triplet,1000,100,200,hof_percent,0.6630891601582161,1.1964567856747539,-0.5333676255165378,44.578929377356474,Full均值更优,,,,55,1030,均值方向不等同统计显著性；J区间的重复来源按原表保留
full_N1000_K100_H200_nominal_t0p05,no_triplet_N1000_K100_H200_nominal_t0p05,no_triplet,1000,100,200,pp_percent,0.18127946127946126,0.26484848484848483,-0.08356902356902357,31.5535214848716,Full均值更优,,,,56,1031,均值方向不等同统计显著性；J区间的重复来源按原表保留
full_N1000_K100_H200_nominal_t0p05,no_triplet_N1000_K100_H200_nominal_t0p05,no_triplet,1000,100,200,peak_normalized,0.7332468487531529,0.7021303483601807,0.0311165003929722,-4.431727024140819,Full均值更差,,,,59,1034,均值方向不等同统计显著性；J区间的重复来源按原表保留
full_N1000_K100_H200_nominal_t0p05,no_triplet_N1000_K100_H200_nominal_t0p05,no_triplet,1000,100,200,tp_Mbps,201.32270733333334,198.70584333333332,2.616864000000021,1.31695372219637,Full均值更优,,,,57,1032,均值方向不等同统计显著性；J区间的重复来源按原表保留
full_N1000_K100_H200_nominal_t0p05,no_triplet_N1000_K100_H200_nominal_t0p05,no_triplet,1000,100,200,J_user,-0.6494762972222222,-0.6087450805555555,-0.04073121666666668,,Full均值更优,-0.06158843253762286,-0.019874000795710473,false,65,1040,均值方向不等同统计显著性；J区间的重复来源按原表保留
full_N1000_K100_H200_nominal_t0p05,mlp_coeff_N1000_K100_H200_nominal_t0p05,mlp_coeff,1000,100,200,outage_percent,0.6669333333333333,0.728,-0.061066666666666714,8.388278388278394,Full均值更优,,,,54,1068,均值方向不等同统计显著性；J区间的重复来源按原表保留
full_N1000_K100_H200_nominal_t0p05,mlp_coeff_N1000_K100_H200_nominal_t0p05,mlp_coeff,1000,100,200,hof_percent,0.6630891601582161,0.7216903465308404,-0.05860118637262435,8.119990333017446,Full均值更优,,,,55,1069,均值方向不等同统计显著性；J区间的重复来源按原表保留
full_N1000_K100_H200_nominal_t0p05,mlp_coeff_N1000_K100_H200_nominal_t0p05,mlp_coeff,1000,100,200,pp_percent,0.18127946127946126,0.18888888888888888,-0.007609427609427621,4.02852049910874,Full均值更优,,,,56,1070,均值方向不等同统计显著性；J区间的重复来源按原表保留
full_N1000_K100_H200_nominal_t0p05,mlp_coeff_N1000_K100_H200_nominal_t0p05,mlp_coeff,1000,100,200,peak_normalized,0.7332468487531529,0.7247317046248359,0.008515144128316998,-1.174937438776042,Full均值更差,,,,59,1073,均值方向不等同统计显著性；J区间的重复来源按原表保留
full_N1000_K100_H200_nominal_t0p05,mlp_coeff_N1000_K100_H200_nominal_t0p05,mlp_coeff,1000,100,200,tp_Mbps,201.32270733333334,201.295422,0.027285333333338713,0.013554870280824723,Full均值更优,,,,57,1071,均值方向不等同统计显著性；J区间的重复来源按原表保留
full_N1000_K100_H200_nominal_t0p05,mlp_coeff_N1000_K100_H200_nominal_t0p05,mlp_coeff,1000,100,200,J_user,-0.6494762972222222,-0.6466665416666667,-0.0028097555555555154,,Full均值更优,-0.019378269752609433,0.013758758641498312,true,65,1079,均值方向不等同统计显著性；J区间的重复来源按原表保留
full_N1000_K100_H200_nominal_t0p05,no_cox_rst_N1000_K100_H200_nominal_t0p05,no_cox_rst,1000,100,200,outage_percent,0.6669333333333333,0.9120666666666667,-0.24513333333333343,26.876690300416644,Full均值更优,,,,54,1120,均值方向不等同统计显著性；J区间的重复来源按原表保留
full_N1000_K100_H200_nominal_t0p05,no_cox_rst_N1000_K100_H200_nominal_t0p05,no_cox_rst,1000,100,200,hof_percent,0.6630891601582161,0.9171362262731773,-0.2540470661149612,27.70003613828367,Full均值更优,,,,55,1121,均值方向不等同统计显著性；J区间的重复来源按原表保留
full_N1000_K100_H200_nominal_t0p05,no_cox_rst_N1000_K100_H200_nominal_t0p05,no_cox_rst,1000,100,200,pp_percent,0.18127946127946126,0.20946127946127946,-0.028181818181818197,13.454428548464884,Full均值更优,,,,56,1122,均值方向不等同统计显著性；J区间的重复来源按原表保留
full_N1000_K100_H200_nominal_t0p05,no_cox_rst_N1000_K100_H200_nominal_t0p05,no_cox_rst,1000,100,200,peak_normalized,0.7332468487531529,0.7072755679637652,0.025971280789387707,-3.6720172399222837,Full均值更差,,,,59,1125,均值方向不等同统计显著性；J区间的重复来源按原表保留
full_N1000_K100_H200_nominal_t0p05,no_cox_rst_N1000_K100_H200_nominal_t0p05,no_cox_rst,1000,100,200,tp_Mbps,201.32270733333334,200.526344,0.7963633333333462,0.397136514558579,Full均值更优,,,,57,1123,均值方向不等同统计显著性；J区间的重复来源按原表保留
full_N1000_K100_H200_nominal_t0p05,no_cox_rst_N1000_K100_H200_nominal_t0p05,no_cox_rst,1000,100,200,J_user,-0.6494762972222222,-0.6328004166666666,-0.016675880555555578,,Full均值更优,-0.028598146142080963,-0.004753614969030149,false,65,1131,均值方向不等同统计显著性；J区间的重复来源按原表保留
full_N1000_K100_H200_nominal_t0p05,eph_physick_N1000_K100_H200_nominal_t0p05,eph_physick,1000,100,200,outage_percent,0.6669333333333333,0.6499666666666667,0.016966666666666574,-2.610390276424418,Full均值更差,,,,54,1159,均值方向不等同统计显著性；J区间的重复来源按原表保留
full_N1000_K100_H200_nominal_t0p05,eph_physick_N1000_K100_H200_nominal_t0p05,eph_physick,1000,100,200,hof_percent,0.6630891601582161,0.6498139784680848,0.01327518169013131,-2.042920301811161,Full均值更差,,,,55,1160,均值方向不等同统计显著性；J区间的重复来源按原表保留
full_N1000_K100_H200_nominal_t0p05,eph_physick_N1000_K100_H200_nominal_t0p05,eph_physick,1000,100,200,pp_percent,0.18127946127946126,0.12501683501683503,0.056262626262626236,-45.0040398599515,Full均值更差,,,,56,1161,均值方向不等同统计显著性；J区间的重复来源按原表保留
full_N1000_K100_H200_nominal_t0p05,eph_physick_N1000_K100_H200_nominal_t0p05,eph_physick,1000,100,200,peak_normalized,0.7332468487531529,0.7253405603235296,0.007906288429623376,-1.0900105222430785,Full均值更差,,,,59,1164,均值方向不等同统计显著性；J区间的重复来源按原表保留
full_N1000_K100_H200_nominal_t0p05,eph_physick_N1000_K100_H200_nominal_t0p05,eph_physick,1000,100,200,tp_Mbps,201.32270733333334,202.33434033333333,-1.0116329999999891,-0.49998087241809086,Full均值更差,,,,57,1162,均值方向不等同统计显著性；J区间的重复来源按原表保留
full_N1000_K100_H200_nominal_t0p05,eph_physick_N1000_K100_H200_nominal_t0p05,eph_physick,1000,100,200,J_user,-0.6494762972222222,-0.6547555513888889,0.005279254166666636,,Full均值更差,-0.008849298547231505,0.01940780688056483,true,65,1170,均值方向不等同统计显著性；J区间的重复来源按原表保留
full_N1000_K100_H800_nominal_t0p05,mlp213_N1000_K100_H800_nominal_t0p05,mlp213,1000,100,800,outage_percent,0.69625,0.8730583333333333,-0.17680833333333323,20.251605944619957,Full均值更优,,,,67,236,均值方向不等同统计显著性；J区间的重复来源按原表保留
full_N1000_K100_H800_nominal_t0p05,mlp213_N1000_K100_H800_nominal_t0p05,mlp213,1000,100,800,hof_percent,0.6822213695489895,0.8560761419702281,-0.1738547724212386,20.30833052082472,Full均值更优,,,,68,237,均值方向不等同统计显著性；J区间的重复来源按原表保留
full_N1000_K100_H800_nominal_t0p05,mlp213_N1000_K100_H800_nominal_t0p05,mlp213,1000,100,800,pp_percent,0.1773517126148705,0.238312447786132,-0.06096073517126149,25.580172474234036,Full均值更优,,,,69,238,均值方向不等同统计显著性；J区间的重复来源按原表保留
full_N1000_K100_H800_nominal_t0p05,mlp213_N1000_K100_H800_nominal_t0p05,mlp213,1000,100,800,peak_normalized,0.8025235234479956,0.77441929972606,0.02810422372193555,-3.629070676812552,Full均值更差,,,,72,241,均值方向不等同统计显著性；J区间的重复来源按原表保留
full_N1000_K100_H800_nominal_t0p05,mlp213_N1000_K100_H800_nominal_t0p05,mlp213,1000,100,800,tp_Mbps,201.30438933333335,200.27360525,1.0307840833333444,0.5146879350609505,Full均值更优,,,,70,239,均值方向不等同统计显著性；J区间的重复来源按原表保留
full_N1000_K100_H800_nominal_t0p05,mlp213_N1000_K100_H800_nominal_t0p05,mlp213,1000,100,800,J_user,-0.6483022722222223,-0.631105334375,-0.017196937847222205,,Full均值更优,-0.028045999607829122,-0.006347876086615328,false,78,247,均值方向不等同统计显著性；J区间的重复来源按原表保留
full_N1000_K100_H800_nominal_t0p05,kan_generic_N1000_K100_H800_nominal_t0p05,kan_generic,1000,100,800,outage_percent,0.69625,1.002375,-0.306125,30.53996757700461,Full均值更优,,,,67,405,均值方向不等同统计显著性；J区间的重复来源按原表保留
full_N1000_K100_H800_nominal_t0p05,kan_generic_N1000_K100_H800_nominal_t0p05,kan_generic,1000,100,800,hof_percent,0.6822213695489895,0.9873937732474933,-0.30517240369850385,30.906859245709608,Full均值更优,,,,68,406,均值方向不等同统计显著性；J区间的重复来源按原表保留
full_N1000_K100_H800_nominal_t0p05,kan_generic_N1000_K100_H800_nominal_t0p05,kan_generic,1000,100,800,pp_percent,0.1773517126148705,0.2519131161236424,-0.07456140350877191,29.598063275187364,Full均值更优,,,,69,407,均值方向不等同统计显著性；J区间的重复来源按原表保留
full_N1000_K100_H800_nominal_t0p05,kan_generic_N1000_K100_H800_nominal_t0p05,kan_generic,1000,100,800,peak_normalized,0.8025235234479956,0.7740043473157314,0.02851917613226418,-3.6846273837052044,Full均值更差,,,,72,410,均值方向不等同统计显著性；J区间的重复来源按原表保留
full_N1000_K100_H800_nominal_t0p05,kan_generic_N1000_K100_H800_nominal_t0p05,kan_generic,1000,100,800,tp_Mbps,201.30438933333335,200.26129325,1.043096083333353,0.5208675457973718,Full均值更优,,,,70,408,均值方向不等同统计显著性；J区间的重复来源按原表保留
full_N1000_K100_H800_nominal_t0p05,kan_generic_N1000_K100_H800_nominal_t0p05,kan_generic,1000,100,800,J_user,-0.6483022722222223,-0.6242786885416667,-0.02402358368055557,,Full均值更优,-0.04837314263778765,0.00032597527667653156,true,78,416,均值方向不等同统计显著性；J区间的重复来源按原表保留
full_N2000_K100_H50_nominal_t0p05,mlp213_N2000_K100_H50_nominal_t0p05,mlp213,2000,100,50,outage_percent,0.6108,0.8048,-0.19399999999999995,24.105367793240553,Full均值更优,,,,80,249,均值方向不等同统计显著性；J区间的重复来源按原表保留
full_N2000_K100_H50_nominal_t0p05,mlp213_N2000_K100_H50_nominal_t0p05,mlp213,2000,100,50,hof_percent,0.6791493047108886,0.8078058371440531,-0.12865653243316444,15.926665359094402,Full均值更优,,,,81,250,均值方向不等同统计显著性；J区间的重复来源按原表保留
full_N2000_K100_H50_nominal_t0p05,mlp213_N2000_K100_H50_nominal_t0p05,mlp213,2000,100,50,pp_percent,0.16583333333333333,0.22319444444444445,-0.05736111111111111,25.70006222775358,Full均值更优,,,,82,251,均值方向不等同统计显著性；J区间的重复来源按原表保留
full_N2000_K100_H50_nominal_t0p05,mlp213_N2000_K100_H50_nominal_t0p05,mlp213,2000,100,50,peak_normalized,0.5228863624985683,0.5252546112330946,-0.002368248734526235,0.4508763338538815,Full均值更优,,,,85,254,均值方向不等同统计显著性；J区间的重复来源按原表保留
full_N2000_K100_H50_nominal_t0p05,mlp213_N2000_K100_H50_nominal_t0p05,mlp213,2000,100,50,tp_Mbps,202.61491466666666,201.20529466666667,1.4096199999999897,0.7005879255490183,Full均值更优,,,,83,252,均值方向不等同统计显著性；J区间的重复来源按原表保留
full_N2000_K100_H50_nominal_t0p05,mlp213_N2000_K100_H50_nominal_t0p05,mlp213,2000,100,50,J_user,-0.6895723444444445,-0.6700901944444444,-0.019482150000000087,,Full均值更优,-0.023783593847186528,-0.015180706152813493,false,91,260,均值方向不等同统计显著性；J区间的重复来源按原表保留
full_N2000_K100_H50_nominal_t0p05,kan_generic_N2000_K100_H50_nominal_t0p05,kan_generic,2000,100,50,outage_percent,0.6108,0.9305333333333333,-0.3197333333333333,34.360223527726035,Full均值更优,,,,80,418,均值方向不等同统计显著性；J区间的重复来源按原表保留
full_N2000_K100_H50_nominal_t0p05,kan_generic_N2000_K100_H50_nominal_t0p05,kan_generic,2000,100,50,hof_percent,0.6791493047108886,0.8897965470993016,-0.21064724238841293,23.673641246992233,Full均值更优,,,,81,419,均值方向不等同统计显著性；J区间的重复来源按原表保留
full_N2000_K100_H50_nominal_t0p05,kan_generic_N2000_K100_H50_nominal_t0p05,kan_generic,2000,100,50,pp_percent,0.16583333333333333,0.23694444444444443,-0.0711111111111111,30.011723329425553,Full均值更优,,,,82,420,均值方向不等同统计显著性；J区间的重复来源按原表保留
full_N2000_K100_H50_nominal_t0p05,kan_generic_N2000_K100_H50_nominal_t0p05,kan_generic,2000,100,50,peak_normalized,0.5228863624985683,0.511207777139967,0.011678585358601334,-2.284508546395564,Full均值更差,,,,85,423,均值方向不等同统计显著性；J区间的重复来源按原表保留
full_N2000_K100_H50_nominal_t0p05,kan_generic_N2000_K100_H50_nominal_t0p05,kan_generic,2000,100,50,tp_Mbps,202.61491466666666,201.136524,1.4783906666666553,0.7350185024907039,Full均值更优,,,,83,421,均值方向不等同统计显著性；J区间的重复来源按原表保留
full_N2000_K100_H50_nominal_t0p05,kan_generic_N2000_K100_H50_nominal_t0p05,kan_generic,2000,100,50,J_user,-0.6895723444444445,-0.66365785,-0.02591449444444449,,Full均值更优,-0.03581781503334968,-0.016011173855539212,false,91,429,均值方向不等同统计显著性；J区间的重复来源按原表保留
full_N2000_K100_H50_nominal_t0p05,greedy_analytic_N2000_K100_H50_nominal_t0p05,greedy_analytic,2000,100,50,outage_percent,0.6108,0.9206666666666666,-0.3098666666666666,33.65677045619116,Full均值更优,,,,80,509,均值方向不等同统计显著性；J区间的重复来源按原表保留
full_N2000_K100_H50_nominal_t0p05,greedy_analytic_N2000_K100_H50_nominal_t0p05,greedy_analytic,2000,100,50,hof_percent,0.6791493047108886,0.9439498339807935,-0.2648005292699048,28.052394283835714,Full均值更优,,,,81,510,均值方向不等同统计显著性；J区间的重复来源按原表保留
full_N2000_K100_H50_nominal_t0p05,greedy_analytic_N2000_K100_H50_nominal_t0p05,greedy_analytic,2000,100,50,pp_percent,0.16583333333333333,0.025694444444444443,0.1401388888888889,-545.4054054054054,Full均值更差,,,,82,511,均值方向不等同统计显著性；J区间的重复来源按原表保留
full_N2000_K100_H50_nominal_t0p05,greedy_analytic_N2000_K100_H50_nominal_t0p05,greedy_analytic,2000,100,50,peak_normalized,0.5228863624985683,0.5088340739195255,0.014052288579042838,-2.7616642240168203,Full均值更差,,,,85,514,均值方向不等同统计显著性；J区间的重复来源按原表保留
full_N2000_K100_H50_nominal_t0p05,greedy_analytic_N2000_K100_H50_nominal_t0p05,greedy_analytic,2000,100,50,tp_Mbps,202.61491466666666,201.95932666666667,0.6555879999999945,0.32461387687335713,Full均值更优,,,,83,512,均值方向不等同统计显著性；J区间的重复来源按原表保留
full_N2000_K100_H50_nominal_t0p05,greedy_analytic_N2000_K100_H50_nominal_t0p05,greedy_analytic,2000,100,50,J_user,-0.6895723444444445,-0.6806345277777778,-0.00893781666666671,,Full均值更优,-0.019070440889098005,0.0011948075557646886,true,91,520,均值方向不等同统计显著性；J区间的重复来源按原表保留
full_N2000_K100_H50_nominal_t0p05,maxsinr_ttt_N2000_K100_H50_nominal_tnative,maxsinr_ttt,2000,100,50,outage_percent,0.6108,0.9773333333333334,-0.3665333333333334,37.503410641200546,Full均值更优,,,,80,600,均值方向不等同统计显著性；J区间的重复来源按原表保留
full_N2000_K100_H50_nominal_t0p05,maxsinr_ttt_N2000_K100_H50_nominal_tnative,maxsinr_ttt,2000,100,50,hof_percent,0.6791493047108886,1.0270263990528221,-0.3478770943419335,33.872264107598795,Full均值更优,,,,81,601,均值方向不等同统计显著性；J区间的重复来源按原表保留
full_N2000_K100_H50_nominal_t0p05,maxsinr_ttt_N2000_K100_H50_nominal_tnative,maxsinr_ttt,2000,100,50,pp_percent,0.16583333333333333,0.009722222222222222,0.15611111111111112,-1605.7142857142858,Full均值更差,,,,82,602,均值方向不等同统计显著性；J区间的重复来源按原表保留
full_N2000_K100_H50_nominal_t0p05,maxsinr_ttt_N2000_K100_H50_nominal_tnative,maxsinr_ttt,2000,100,50,peak_normalized,0.5228863624985683,0.5576944307145412,-0.03480806821597282,6.241422954748765,Full均值更优,,,,85,605,均值方向不等同统计显著性；J区间的重复来源按原表保留
full_N2000_K100_H50_nominal_t0p05,maxsinr_ttt_N2000_K100_H50_nominal_tnative,maxsinr_ttt,2000,100,50,tp_Mbps,202.61491466666666,203.23182,-0.6169053333333352,-0.3035476104742531,Full均值更差,,,,83,603,均值方向不等同统计显著性；J区间的重复来源按原表保留
full_N2000_K100_H50_nominal_t0p05,maxsinr_ttt_N2000_K100_H50_nominal_tnative,maxsinr_ttt,2000,100,50,J_user,-0.6895723444444445,-0.6758179166666667,-0.0137544277777778,,Full均值更优,-0.023887052000209116,-0.0036218035553464284,false,91,611,均值方向不等同统计显著性；J区间的重复来源按原表保留
full_N2000_K100_H50_nominal_t0p05,maxrst_N2000_K100_H50_nominal_tnative,maxrst,2000,100,50,outage_percent,0.6108,1.3506666666666667,-0.7398666666666667,54.77788746298124,Full均值更优,,,,80,691,均值方向不等同统计显著性；J区间的重复来源按原表保留
full_N2000_K100_H50_nominal_t0p05,maxrst_N2000_K100_H50_nominal_tnative,maxrst,2000,100,50,hof_percent,0.6791493047108886,1.3251961726492543,-0.6460468679383656,48.75103635764558,Full均值更优,,,,81,692,均值方向不等同统计显著性；J区间的重复来源按原表保留
full_N2000_K100_H50_nominal_t0p05,maxrst_N2000_K100_H50_nominal_tnative,maxrst,2000,100,50,pp_percent,0.16583333333333333,0.004166666666666667,0.16166666666666665,-3879.9999999999995,Full均值更差,,,,82,693,均值方向不等同统计显著性；J区间的重复来源按原表保留
full_N2000_K100_H50_nominal_t0p05,maxrst_N2000_K100_H50_nominal_tnative,maxrst,2000,100,50,peak_normalized,0.5228863624985683,0.5655692783798265,-0.042682915881258165,7.5468943439663025,Full均值更优,,,,85,696,均值方向不等同统计显著性；J区间的重复来源按原表保留
full_N2000_K100_H50_nominal_t0p05,maxrst_N2000_K100_H50_nominal_tnative,maxrst,2000,100,50,tp_Mbps,202.61491466666666,193.58080666666666,9.034108000000003,4.666840765653043,Full均值更优,,,,83,694,均值方向不等同统计显著性；J区间的重复来源按原表保留
full_N2000_K100_H50_nominal_t0p05,maxrst_N2000_K100_H50_nominal_tnative,maxrst,2000,100,50,J_user,-0.6895723444444445,-0.6144423611111112,-0.07512998333333332,,Full均值更优,-0.08526260755576466,-0.06499735911090197,false,91,702,均值方向不等同统计显著性；J区间的重复来源按原表保留
full_N2000_K100_H50_nominal_t0p05,cox_only_N2000_K100_H50_nominal_t0p05,cox_only,2000,100,50,outage_percent,0.6108,0.818,-0.20719999999999994,25.33007334963325,Full均值更优,,,,80,782,均值方向不等同统计显著性；J区间的重复来源按原表保留
full_N2000_K100_H50_nominal_t0p05,cox_only_N2000_K100_H50_nominal_t0p05,cox_only,2000,100,50,hof_percent,0.6791493047108886,0.8669629951115568,-0.1878136904006682,21.663403335513898,Full均值更优,,,,81,783,均值方向不等同统计显著性；J区间的重复来源按原表保留
full_N2000_K100_H50_nominal_t0p05,cox_only_N2000_K100_H50_nominal_t0p05,cox_only,2000,100,50,pp_percent,0.16583333333333333,0.09791666666666667,0.06791666666666667,-69.36170212765958,Full均值更差,,,,82,784,均值方向不等同统计显著性；J区间的重复来源按原表保留
full_N2000_K100_H50_nominal_t0p05,cox_only_N2000_K100_H50_nominal_t0p05,cox_only,2000,100,50,peak_normalized,0.5228863624985683,0.524111249347957,-0.0012248868493887066,0.23370741439199774,Full均值更优,,,,85,787,均值方向不等同统计显著性；J区间的重复来源按原表保留
full_N2000_K100_H50_nominal_t0p05,cox_only_N2000_K100_H50_nominal_t0p05,cox_only,2000,100,50,tp_Mbps,202.61491466666666,200.49553333333333,2.1193813333333367,1.0570715956099455,Full均值更优,,,,83,785,均值方向不等同统计显著性；J区间的重复来源按原表保留
full_N2000_K100_H50_nominal_t0p05,cox_only_N2000_K100_H50_nominal_t0p05,cox_only,2000,100,50,J_user,-0.6895723444444445,-0.6695253888888889,-0.02004695555555558,,Full均值更优,-0.03017957977798692,-0.009914331333124225,false,91,793,均值方向不等同统计显著性；J区间的重复来源按原表保留
full_N2000_K100_H50_nominal_t0p05,leo_madrl_N2000_K100_H50_nominal_tnative,leo_madrl,2000,100,50,outage_percent,0.6108,0.9293333333333333,-0.31853333333333333,34.275466284074604,Full均值更优,,,,80,873,均值方向不等同统计显著性；J区间的重复来源按原表保留
full_N2000_K100_H50_nominal_t0p05,leo_madrl_N2000_K100_H50_nominal_tnative,leo_madrl,2000,100,50,hof_percent,0.6791493047108886,0.8942754682101024,-0.21512616349921376,24.05591690106294,Full均值更优,,,,81,874,均值方向不等同统计显著性；J区间的重复来源按原表保留
full_N2000_K100_H50_nominal_t0p05,leo_madrl_N2000_K100_H50_nominal_tnative,leo_madrl,2000,100,50,pp_percent,0.16583333333333333,0.11847222222222223,0.047361111111111104,-39.97655334114888,Full均值更差,,,,82,875,均值方向不等同统计显著性；J区间的重复来源按原表保留
full_N2000_K100_H50_nominal_t0p05,leo_madrl_N2000_K100_H50_nominal_tnative,leo_madrl,2000,100,50,peak_normalized,0.5228863624985683,0.5039607136105307,0.018925648888037605,-3.755381794038744,Full均值更差,,,,85,878,均值方向不等同统计显著性；J区间的重复来源按原表保留
full_N2000_K100_H50_nominal_t0p05,leo_madrl_N2000_K100_H50_nominal_tnative,leo_madrl,2000,100,50,tp_Mbps,202.61491466666666,199.70920666666666,2.905708000000004,1.454969477120753,Full均值更优,,,,83,876,均值方向不等同统计显著性；J区间的重复来源按原表保留
full_N2000_K100_H50_nominal_t0p05,leo_madrl_N2000_K100_H50_nominal_tnative,leo_madrl,2000,100,50,J_user,-0.6895723444444445,-0.6691658944444444,-0.020406450000000076,,Full均值更优,-0.03739773991365727,-0.003415160086342746,false,91,884,均值方向不等同统计显著性；J区间的重复来源按原表保留
full_N2000_K100_H200_nominal_t0p05,mlp213_N2000_K100_H200_nominal_t0p05,mlp213,2000,100,200,outage_percent,0.6088666666666667,0.8156,-0.20673333333333332,25.347392512669607,Full均值更优,,,,93,262,均值方向不等同统计显著性；J区间的重复来源按原表保留
full_N2000_K100_H200_nominal_t0p05,mlp213_N2000_K100_H200_nominal_t0p05,mlp213,2000,100,200,hof_percent,0.618487745435468,0.8280160306455007,-0.20952828521003264,25.304858535974187,Full均值更优,,,,94,263,均值方向不等同统计显著性；J区间的重复来源按原表保留
full_N2000_K100_H200_nominal_t0p05,mlp213_N2000_K100_H200_nominal_t0p05,mlp213,2000,100,200,pp_percent,0.1653872053872054,0.22905723905723907,-0.06367003367003368,27.796560341026023,Full均值更优,,,,95,264,均值方向不等同统计显著性；J区间的重复来源按原表保留
full_N2000_K100_H200_nominal_t0p05,mlp213_N2000_K100_H200_nominal_t0p05,mlp213,2000,100,200,peak_normalized,0.595856094889833,0.6043232156573681,-0.008467120767535086,1.4010914272629353,Full均值更优,,,,98,267,均值方向不等同统计显著性；J区间的重复来源按原表保留
full_N2000_K100_H200_nominal_t0p05,mlp213_N2000_K100_H200_nominal_t0p05,mlp213,2000,100,200,tp_Mbps,202.608977,201.16876433333334,1.4402126666666675,0.7159226092775809,Full均值更优,,,,96,265,均值方向不等同统计显著性；J区间的重复来源按原表保留
full_N2000_K100_H200_nominal_t0p05,mlp213_N2000_K100_H200_nominal_t0p05,mlp213,2000,100,200,J_user,-0.6894511208333334,-0.6690436680555556,-0.02040745277777778,,Full均值更优,-0.025373321044211583,-0.015441584511343982,false,104,273,均值方向不等同统计显著性；J区间的重复来源按原表保留
full_N2000_K100_H200_nominal_t0p05,kan_generic_N2000_K100_H200_nominal_t0p05,kan_generic,2000,100,200,outage_percent,0.6088666666666667,0.9399333333333333,-0.3310666666666666,35.22235619547485,Full均值更优,,,,93,431,均值方向不等同统计显著性；J区间的重复来源按原表保留
full_N2000_K100_H200_nominal_t0p05,kan_generic_N2000_K100_H200_nominal_t0p05,kan_generic,2000,100,200,hof_percent,0.618487745435468,0.949120574621118,-0.33063282918564996,34.83570349506291,Full均值更优,,,,94,432,均值方向不等同统计显著性；J区间的重复来源按原表保留
full_N2000_K100_H200_nominal_t0p05,kan_generic_N2000_K100_H200_nominal_t0p05,kan_generic,2000,100,200,pp_percent,0.1653872053872054,0.24225589225589225,-0.07686868686868686,31.73036831132731,Full均值更优,,,,95,433,均值方向不等同统计显著性；J区间的重复来源按原表保留
full_N2000_K100_H200_nominal_t0p05,kan_generic_N2000_K100_H200_nominal_t0p05,kan_generic,2000,100,200,peak_normalized,0.595856094889833,0.5952610410268824,0.0005950538629506674,-0.09996519542487485,Full均值更差,,,,98,436,均值方向不等同统计显著性；J区间的重复来源按原表保留
full_N2000_K100_H200_nominal_t0p05,kan_generic_N2000_K100_H200_nominal_t0p05,kan_generic,2000,100,200,tp_Mbps,202.608977,201.09187166666666,1.5171053333333475,0.7544339414415155,Full均值更优,,,,96,434,均值方向不等同统计显著性；J区间的重复来源按原表保留
full_N2000_K100_H200_nominal_t0p05,kan_generic_N2000_K100_H200_nominal_t0p05,kan_generic,2000,100,200,J_user,-0.6894511208333334,-0.6627138152777778,-0.026737305555555535,,Full均值更优,-0.0371418096364095,-0.016332801474701605,false,104,442,均值方向不等同统计显著性；J区间的重复来源按原表保留
full_N2000_K100_H200_nominal_t0p05,greedy_analytic_N2000_K100_H200_nominal_t0p05,greedy_analytic,2000,100,200,outage_percent,0.6088666666666667,0.9318333333333333,-0.3229666666666666,34.6592738329458,Full均值更优,,,,93,522,均值方向不等同统计显著性；J区间的重复来源按原表保留
full_N2000_K100_H200_nominal_t0p05,greedy_analytic_N2000_K100_H200_nominal_t0p05,greedy_analytic,2000,100,200,hof_percent,0.618487745435468,0.9482909713773966,-0.32980322594192857,34.77869513646091,Full均值更优,,,,94,523,均值方向不等同统计显著性；J区间的重复来源按原表保留
full_N2000_K100_H200_nominal_t0p05,greedy_analytic_N2000_K100_H200_nominal_t0p05,greedy_analytic,2000,100,200,pp_percent,0.1653872053872054,0.022727272727272728,0.14265993265993265,-627.7037037037036,Full均值更差,,,,95,524,均值方向不等同统计显著性；J区间的重复来源按原表保留
full_N2000_K100_H200_nominal_t0p05,greedy_analytic_N2000_K100_H200_nominal_t0p05,greedy_analytic,2000,100,200,peak_normalized,0.595856094889833,0.5998186810929613,-0.003962586203128282,0.6606306752413653,Full均值更优,,,,98,527,均值方向不等同统计显著性；J区间的重复来源按原表保留
full_N2000_K100_H200_nominal_t0p05,greedy_analytic_N2000_K100_H200_nominal_t0p05,greedy_analytic,2000,100,200,tp_Mbps,202.608977,201.9152,0.6937770000000114,0.34359820360230997,Full均值更优,,,,96,525,均值方向不等同统计显著性；J区间的重复来源按原表保留
full_N2000_K100_H200_nominal_t0p05,greedy_analytic_N2000_K100_H200_nominal_t0p05,greedy_analytic,2000,100,200,J_user,-0.6894511208333334,-0.6796219166666667,-0.00982920416666666,,Full均值更优,-0.02087486613838256,0.0012164578050492293,true,104,533,均值方向不等同统计显著性；J区间的重复来源按原表保留
full_N2000_K100_H200_nominal_t0p05,maxsinr_ttt_N2000_K100_H200_nominal_tnative,maxsinr_ttt,2000,100,200,outage_percent,0.6088666666666667,0.984,-0.3751333333333333,38.12330623306233,Full均值更优,,,,93,613,均值方向不等同统计显著性；J区间的重复来源按原表保留
full_N2000_K100_H200_nominal_t0p05,maxsinr_ttt_N2000_K100_H200_nominal_tnative,maxsinr_ttt,2000,100,200,hof_percent,0.618487745435468,1.0132931718482128,-0.39480542641274474,38.9626060237466,Full均值更优,,,,94,614,均值方向不等同统计显著性；J区间的重复来源按原表保留
full_N2000_K100_H200_nominal_t0p05,maxsinr_ttt_N2000_K100_H200_nominal_tnative,maxsinr_ttt,2000,100,200,pp_percent,0.1653872053872054,0.008417508417508417,0.15696969696969698,-1864.8000000000002,Full均值更差,,,,95,615,均值方向不等同统计显著性；J区间的重复来源按原表保留
full_N2000_K100_H200_nominal_t0p05,maxsinr_ttt_N2000_K100_H200_nominal_tnative,maxsinr_ttt,2000,100,200,peak_normalized,0.595856094889833,0.6286262013642863,-0.03277010647445322,5.212971779307538,Full均值更优,,,,98,618,均值方向不等同统计显著性；J区间的重复来源按原表保留
full_N2000_K100_H200_nominal_t0p05,maxsinr_ttt_N2000_K100_H200_nominal_tnative,maxsinr_ttt,2000,100,200,tp_Mbps,202.608977,203.19011833333334,-0.5811413333333348,-0.2860086593285863,Full均值更差,,,,96,616,均值方向不等同统计显著性；J区间的重复来源按原表保留
full_N2000_K100_H200_nominal_t0p05,maxsinr_ttt_N2000_K100_H200_nominal_tnative,maxsinr_ttt,2000,100,200,J_user,-0.6894511208333334,-0.6752690763888889,-0.014182044444444486,,Full均值更优,-0.025227706416160334,-0.003136382472728551,false,104,624,均值方向不等同统计显著性；J区间的重复来源按原表保留
full_N2000_K100_H200_nominal_t0p05,maxrst_N2000_K100_H200_nominal_tnative,maxrst,2000,100,200,outage_percent,0.6088666666666667,1.3531666666666666,-0.7443,55.004310875723604,Full均值更优,,,,93,704,均值方向不等同统计显著性；J区间的重复来源按原表保留
full_N2000_K100_H200_nominal_t0p05,maxrst_N2000_K100_H200_nominal_tnative,maxrst,2000,100,200,hof_percent,0.618487745435468,1.2612173112929517,-0.6427295658574836,50.96104851261373,Full均值更优,,,,94,705,均值方向不等同统计显著性；J区间的重复来源按原表保留
full_N2000_K100_H200_nominal_t0p05,maxrst_N2000_K100_H200_nominal_tnative,maxrst,2000,100,200,pp_percent,0.1653872053872054,0.003872053872053872,0.16151515151515153,-4171.304347826087,Full均值更差,,,,95,706,均值方向不等同统计显著性；J区间的重复来源按原表保留
full_N2000_K100_H200_nominal_t0p05,maxrst_N2000_K100_H200_nominal_tnative,maxrst,2000,100,200,peak_normalized,0.595856094889833,0.6464376562676393,-0.05058156137780623,7.8246619588733175,Full均值更优,,,,98,709,均值方向不等同统计显著性；J区间的重复来源按原表保留
full_N2000_K100_H200_nominal_t0p05,maxrst_N2000_K100_H200_nominal_tnative,maxrst,2000,100,200,tp_Mbps,202.608977,193.54160666666667,9.067370333333344,4.684972130540343,Full均值更优,,,,96,707,均值方向不等同统计显著性；J区间的重复来源按原表保留
full_N2000_K100_H200_nominal_t0p05,maxrst_N2000_K100_H200_nominal_tnative,maxrst,2000,100,200,J_user,-0.6894511208333334,-0.6135816111111111,-0.07586950972222228,,Full均值更优,-0.0869151716939381,-0.06482384775050633,false,104,715,均值方向不等同统计显著性；J区间的重复来源按原表保留
full_N2000_K100_H200_nominal_t0p05,cox_only_N2000_K100_H200_nominal_t0p05,cox_only,2000,100,200,outage_percent,0.6088666666666667,0.8331666666666666,-0.22429999999999994,26.921384276855363,Full均值更优,,,,93,795,均值方向不等同统计显著性；J区间的重复来源按原表保留
full_N2000_K100_H200_nominal_t0p05,cox_only_N2000_K100_H200_nominal_t0p05,cox_only,2000,100,200,hof_percent,0.618487745435468,0.8529751721727914,-0.23448742673732337,27.490533650588144,Full均值更优,,,,94,796,均值方向不等同统计显著性；J区间的重复来源按原表保留
full_N2000_K100_H200_nominal_t0p05,cox_only_N2000_K100_H200_nominal_t0p05,cox_only,2000,100,200,pp_percent,0.1653872053872054,0.09831649831649832,0.06707070707070707,-68.21917808219179,Full均值更差,,,,95,797,均值方向不等同统计显著性；J区间的重复来源按原表保留
full_N2000_K100_H200_nominal_t0p05,cox_only_N2000_K100_H200_nominal_t0p05,cox_only,2000,100,200,peak_normalized,0.595856094889833,0.6050346921907201,-0.009178597300887104,1.517036530195166,Full均值更优,,,,98,800,均值方向不等同统计显著性；J区间的重复来源按原表保留
full_N2000_K100_H200_nominal_t0p05,cox_only_N2000_K100_H200_nominal_t0p05,cox_only,2000,100,200,tp_Mbps,202.608977,200.44598,2.1629970000000185,1.0790922322313565,Full均值更优,,,,96,798,均值方向不等同统计显著性；J区间的重复来源按原表保留
full_N2000_K100_H200_nominal_t0p05,cox_only_N2000_K100_H200_nominal_t0p05,cox_only,2000,100,200,J_user,-0.6894511208333334,-0.6681111666666667,-0.021339954166666675,,Full均值更优,-0.03238561613838257,-0.010294292194950776,false,104,806,均值方向不等同统计显著性；J区间的重复来源按原表保留
full_N2000_K100_H200_nominal_t0p05,leo_madrl_N2000_K100_H200_nominal_tnative,leo_madrl,2000,100,200,outage_percent,0.6088666666666667,0.9385333333333333,-0.32966666666666666,35.12572808637591,Full均值更优,,,,93,886,均值方向不等同统计显著性；J区间的重复来源按原表保留
full_N2000_K100_H200_nominal_t0p05,leo_madrl_N2000_K100_H200_nominal_tnative,leo_madrl,2000,100,200,hof_percent,0.618487745435468,0.9364543642402192,-0.3179666188047512,33.954310102738376,Full均值更优,,,,94,887,均值方向不等同统计显著性；J区间的重复来源按原表保留
full_N2000_K100_H200_nominal_t0p05,leo_madrl_N2000_K100_H200_nominal_tnative,leo_madrl,2000,100,200,pp_percent,0.1653872053872054,0.11922558922558922,0.04616161616161617,-38.71787630612822,Full均值更差,,,,95,888,均值方向不等同统计显著性；J区间的重复来源按原表保留
full_N2000_K100_H200_nominal_t0p05,leo_madrl_N2000_K100_H200_nominal_tnative,leo_madrl,2000,100,200,peak_normalized,0.595856094889833,0.5823293661693336,0.013526728720499426,-2.3228656334954665,Full均值更差,,,,98,891,均值方向不等同统计显著性；J区间的重复来源按原表保留
full_N2000_K100_H200_nominal_t0p05,leo_madrl_N2000_K100_H200_nominal_tnative,leo_madrl,2000,100,200,tp_Mbps,202.608977,199.670043,2.9389340000000175,1.4718953108053459,Full均值更优,,,,96,889,均值方向不等同统计显著性；J区间的重复来源按原表保留
full_N2000_K100_H200_nominal_t0p05,leo_madrl_N2000_K100_H200_nominal_tnative,leo_madrl,2000,100,200,J_user,-0.6894511208333334,-0.6681377791666666,-0.021313341666666763,,Full均值更优,-0.03861450419433067,-0.004012179139002651,false,104,897,均值方向不等同统计显著性；J区间的重复来源按原表保留
full_N2000_K100_H200_nominal_t0p05,no_triplet_N2000_K100_H200_nominal_t0p05,no_triplet,2000,100,200,outage_percent,0.6088666666666667,1.1578,-0.5489333333333333,47.411757931709566,Full均值更优,,,,93,1042,均值方向不等同统计显著性；J区间的重复来源按原表保留
full_N2000_K100_H200_nominal_t0p05,no_triplet_N2000_K100_H200_nominal_t0p05,no_triplet,2000,100,200,hof_percent,0.618487745435468,1.1794942159305501,-0.5610064704950821,47.563308316224486,Full均值更优,,,,94,1043,均值方向不等同统计显著性；J区间的重复来源按原表保留
full_N2000_K100_H200_nominal_t0p05,no_triplet_N2000_K100_H200_nominal_t0p05,no_triplet,2000,100,200,pp_percent,0.1653872053872054,0.24414141414141413,-0.07875420875420874,32.257619638670526,Full均值更优,,,,95,1044,均值方向不等同统计显著性；J区间的重复来源按原表保留
full_N2000_K100_H200_nominal_t0p05,no_triplet_N2000_K100_H200_nominal_t0p05,no_triplet,2000,100,200,peak_normalized,0.595856094889833,0.6091921883507995,-0.013336093460966425,2.18914387216123,Full均值更优,,,,98,1047,均值方向不等同统计显著性；J区间的重复来源按原表保留
full_N2000_K100_H200_nominal_t0p05,no_triplet_N2000_K100_H200_nominal_t0p05,no_triplet,2000,100,200,tp_Mbps,202.608977,199.69066233333334,2.9183146666666744,1.4614176910261742,Full均值更优,,,,96,1045,均值方向不等同统计显著性；J区间的重复来源按原表保留
full_N2000_K100_H200_nominal_t0p05,no_triplet_N2000_K100_H200_nominal_t0p05,no_triplet,2000,100,200,J_user,-0.6894511208333334,-0.6459167097222223,-0.043534411111111115,,Full均值更优,-0.06566251574819804,-0.0214063064740242,false,104,1053,均值方向不等同统计显著性；J区间的重复来源按原表保留
full_N2000_K100_H200_nominal_t0p05,mlp_coeff_N2000_K100_H200_nominal_t0p05,mlp_coeff,2000,100,200,outage_percent,0.6088666666666667,0.7131333333333333,-0.10426666666666662,14.620921753762731,Full均值更优,,,,93,1081,均值方向不等同统计显著性；J区间的重复来源按原表保留
full_N2000_K100_H200_nominal_t0p05,mlp_coeff_N2000_K100_H200_nominal_t0p05,mlp_coeff,2000,100,200,hof_percent,0.618487745435468,0.7189200315251458,-0.1004322860896778,13.969882836150317,Full均值更优,,,,94,1082,均值方向不等同统计显著性；J区间的重复来源按原表保留
full_N2000_K100_H200_nominal_t0p05,mlp_coeff_N2000_K100_H200_nominal_t0p05,mlp_coeff,2000,100,200,pp_percent,0.1653872053872054,0.1827946127946128,-0.0174074074074074,9.522932400073675,Full均值更优,,,,95,1083,均值方向不等同统计显著性；J区间的重复来源按原表保留
full_N2000_K100_H200_nominal_t0p05,mlp_coeff_N2000_K100_H200_nominal_t0p05,mlp_coeff,2000,100,200,peak_normalized,0.595856094889833,0.5909943474364451,0.004861747453387966,-0.8226385708216597,Full均值更差,,,,98,1086,均值方向不等同统计显著性；J区间的重复来源按原表保留
full_N2000_K100_H200_nominal_t0p05,mlp_coeff_N2000_K100_H200_nominal_t0p05,mlp_coeff,2000,100,200,tp_Mbps,202.608977,202.011294,0.5976830000000177,0.29586613112830107,Full均值更优,,,,96,1084,均值方向不等同统计显著性；J区间的重复来源按原表保留
full_N2000_K100_H200_nominal_t0p05,mlp_coeff_N2000_K100_H200_nominal_t0p05,mlp_coeff,2000,100,200,J_user,-0.6894511208333334,-0.680655125,-0.008795995833333348,,Full均值更优,-0.023580448466133438,0.005988456799466774,true,104,1092,均值方向不等同统计显著性；J区间的重复来源按原表保留
full_N2000_K100_H200_nominal_t0p05,no_cox_rst_N2000_K100_H200_nominal_t0p05,no_cox_rst,2000,100,200,outage_percent,0.6088666666666667,0.8508666666666667,-0.242,28.441588968110946,Full均值更优,,,,93,1094,均值方向不等同统计显著性；J区间的重复来源按原表保留
full_N2000_K100_H200_nominal_t0p05,no_cox_rst_N2000_K100_H200_nominal_t0p05,no_cox_rst,2000,100,200,hof_percent,0.618487745435468,0.8530673809890011,-0.23457963555353312,27.49837126365961,Full均值更优,,,,94,1095,均值方向不等同统计显著性；J区间的重复来源按原表保留
full_N2000_K100_H200_nominal_t0p05,no_cox_rst_N2000_K100_H200_nominal_t0p05,no_cox_rst,2000,100,200,pp_percent,0.1653872053872054,0.1930976430976431,-0.027710437710437713,14.350479511769835,Full均值更优,,,,95,1096,均值方向不等同统计显著性；J区间的重复来源按原表保留
full_N2000_K100_H200_nominal_t0p05,no_cox_rst_N2000_K100_H200_nominal_t0p05,no_cox_rst,2000,100,200,peak_normalized,0.595856094889833,0.5884699352865591,0.007386159603273934,-1.255146467198396,Full均值更差,,,,98,1099,均值方向不等同统计显著性；J区间的重复来源按原表保留
full_N2000_K100_H200_nominal_t0p05,no_cox_rst_N2000_K100_H200_nominal_t0p05,no_cox_rst,2000,100,200,tp_Mbps,202.608977,201.692782,0.9161950000000161,0.4542527456436275,Full均值更优,,,,96,1097,均值方向不等同统计显著性；J区间的重复来源按原表保留
full_N2000_K100_H200_nominal_t0p05,no_cox_rst_N2000_K100_H200_nominal_t0p05,no_cox_rst,2000,100,200,J_user,-0.6894511208333334,-0.6717544583333334,-0.017696662500000016,,Full均值更优,-0.03601140333985299,0.0006180783398529871,true,104,1105,均值方向不等同统计显著性；J区间的重复来源按原表保留
full_N2000_K100_H200_nominal_t0p05,eph_physick_N2000_K100_H200_nominal_t0p05,eph_physick,2000,100,200,outage_percent,0.6088666666666667,0.7424333333333334,-0.13356666666666672,17.99039195438424,Full均值更优,,,,93,1133,均值方向不等同统计显著性；J区间的重复来源按原表保留
full_N2000_K100_H200_nominal_t0p05,eph_physick_N2000_K100_H200_nominal_t0p05,eph_physick,2000,100,200,hof_percent,0.618487745435468,0.7404449813317228,-0.12195723589625473,16.470803229283735,Full均值更优,,,,94,1134,均值方向不等同统计显著性；J区间的重复来源按原表保留
full_N2000_K100_H200_nominal_t0p05,eph_physick_N2000_K100_H200_nominal_t0p05,eph_physick,2000,100,200,pp_percent,0.1653872053872054,0.13074074074074074,0.03464646464646465,-26.500128766417717,Full均值更差,,,,95,1135,均值方向不等同统计显著性；J区间的重复来源按原表保留
full_N2000_K100_H200_nominal_t0p05,eph_physick_N2000_K100_H200_nominal_t0p05,eph_physick,2000,100,200,peak_normalized,0.595856094889833,0.5907822643909186,0.005073830498914411,-0.8588325690760876,Full均值更差,,,,98,1138,均值方向不等同统计显著性；J区间的重复来源按原表保留
full_N2000_K100_H200_nominal_t0p05,eph_physick_N2000_K100_H200_nominal_t0p05,eph_physick,2000,100,200,tp_Mbps,202.608977,202.079749,0.5292280000000176,0.26189066574900466,Full均值更优,,,,96,1136,均值方向不等同统计显著性；J区间的重复来源按原表保留
full_N2000_K100_H200_nominal_t0p05,eph_physick_N2000_K100_H200_nominal_t0p05,eph_physick,2000,100,200,J_user,-0.6894511208333334,-0.6797424208333334,-0.009708700000000015,,Full均值更优,-0.018384611881200844,-0.001032788118799156,false,104,1144,均值方向不等同统计显著性；J区间的重复来源按原表保留
full_N2000_K100_H800_nominal_t0p05,mlp213_N2000_K100_H800_nominal_t0p05,mlp213,2000,100,800,outage_percent,0.6602166666666667,0.8873833333333333,-0.22716666666666663,25.599609338316768,Full均值更优,,,,106,275,均值方向不等同统计显著性；J区间的重复来源按原表保留
full_N2000_K100_H800_nominal_t0p05,mlp213_N2000_K100_H800_nominal_t0p05,mlp213,2000,100,800,hof_percent,0.6858169961185444,0.9114575758657283,-0.22564057974718388,24.756015608610642,Full均值更优,,,,107,276,均值方向不等同统计显著性；J区间的重复来源按原表保留
full_N2000_K100_H800_nominal_t0p05,mlp213_N2000_K100_H800_nominal_t0p05,mlp213,2000,100,800,pp_percent,0.16750208855472012,0.23041771094402672,-0.06291562238930659,27.305028824190565,Full均值更优,,,,108,277,均值方向不等同统计显著性；J区间的重复来源按原表保留
full_N2000_K100_H800_nominal_t0p05,mlp213_N2000_K100_H800_nominal_t0p05,mlp213,2000,100,800,peak_normalized,0.6598305744031777,0.668644660402798,-0.008814085999620302,1.3182018075655628,Full均值更优,,,,111,280,均值方向不等同统计显著性；J区间的重复来源按原表保留
full_N2000_K100_H800_nominal_t0p05,mlp213_N2000_K100_H800_nominal_t0p05,mlp213,2000,100,800,tp_Mbps,202.56830516666668,201.07423775,1.4940674166666668,0.7430426858184953,Full均值更优,,,,109,278,均值方向不等同统计显著性；J区间的重复来源按原表保留
full_N2000_K100_H800_nominal_t0p05,mlp213_N2000_K100_H800_nominal_t0p05,mlp213,2000,100,800,J_user,-0.6867762423611111,-0.6649250614583333,-0.021851180902777823,,Full均值更优,-0.027118025788405168,-0.016584336017150408,false,117,286,均值方向不等同统计显著性；J区间的重复来源按原表保留
full_N2000_K100_H800_nominal_t0p05,kan_generic_N2000_K100_H800_nominal_t0p05,kan_generic,2000,100,800,outage_percent,0.6602166666666667,1.0272416666666666,-0.36702499999999993,35.729177652126644,Full均值更优,,,,106,444,均值方向不等同统计显著性；J区间的重复来源按原表保留
full_N2000_K100_H800_nominal_t0p05,kan_generic_N2000_K100_H800_nominal_t0p05,kan_generic,2000,100,800,hof_percent,0.6858169961185444,1.046426153877574,-0.3606091577590297,34.46102301846891,Full均值更优,,,,107,445,均值方向不等同统计显著性；J区间的重复来源按原表保留
full_N2000_K100_H800_nominal_t0p05,kan_generic_N2000_K100_H800_nominal_t0p05,kan_generic,2000,100,800,pp_percent,0.16750208855472012,0.2450125313283208,-0.07751044277360067,31.635297326786688,Full均值更优,,,,108,446,均值方向不等同统计显著性；J区间的重复来源按原表保留
full_N2000_K100_H800_nominal_t0p05,kan_generic_N2000_K100_H800_nominal_t0p05,kan_generic,2000,100,800,peak_normalized,0.6598305744031777,0.6709960219431775,-0.011165447539999818,1.6640109888677328,Full均值更优,,,,111,449,均值方向不等同统计显著性；J区间的重复来源按原表保留
full_N2000_K100_H800_nominal_t0p05,kan_generic_N2000_K100_H800_nominal_t0p05,kan_generic,2000,100,800,tp_Mbps,202.56830516666668,200.97483083333333,1.5934743333333472,0.7928725834603645,Full均值更优,,,,109,447,均值方向不等同统计显著性；J区间的重复来源按原表保留
full_N2000_K100_H800_nominal_t0p05,kan_generic_N2000_K100_H800_nominal_t0p05,kan_generic,2000,100,800,J_user,-0.6867762423611111,-0.6579300909722222,-0.028846151388888908,,Full均值更优,-0.03993808751616327,-0.017754215261614532,false,117,455,均值方向不等同统计显著性；J区间的重复来源按原表保留
full_N2000_K100_H800_nominal_t0p05,greedy_analytic_N2000_K100_H800_nominal_t0p05,greedy_analytic,2000,100,800,outage_percent,0.6602166666666667,1.01975,-0.35953333333333326,35.257007436463184,Full均值更优,,,,106,535,均值方向不等同统计显著性；J区间的重复来源按原表保留
full_N2000_K100_H800_nominal_t0p05,greedy_analytic_N2000_K100_H800_nominal_t0p05,greedy_analytic,2000,100,800,hof_percent,0.6858169961185444,1.0178006243019373,-0.3319836281833929,32.61774656613964,Full均值更优,,,,107,536,均值方向不等同统计显著性；J区间的重复来源按原表保留
full_N2000_K100_H800_nominal_t0p05,greedy_analytic_N2000_K100_H800_nominal_t0p05,greedy_analytic,2000,100,800,pp_percent,0.16750208855472012,0.022138680033416874,0.14536340852130325,-656.6037735849056,Full均值更差,,,,108,537,均值方向不等同统计显著性；J区间的重复来源按原表保留
full_N2000_K100_H800_nominal_t0p05,greedy_analytic_N2000_K100_H800_nominal_t0p05,greedy_analytic,2000,100,800,peak_normalized,0.6598305744031777,0.6524464624413652,0.007384111961812545,-1.1317575290671684,Full均值更差,,,,111,540,均值方向不等同统计显著性；J区间的重复来源按原表保留
full_N2000_K100_H800_nominal_t0p05,greedy_analytic_N2000_K100_H800_nominal_t0p05,greedy_analytic,2000,100,800,tp_Mbps,202.56830516666668,201.83100166666668,0.7373034999999959,0.3653073580924337,Full均值更优,,,,109,538,均值方向不等同统计显著性；J区间的重复来源按原表保留
full_N2000_K100_H800_nominal_t0p05,greedy_analytic_N2000_K100_H800_nominal_t0p05,greedy_analytic,2000,100,800,J_user,-0.6867762423611111,-0.6755684652777778,-0.011207777083333315,,Full均值更优,-0.022899616828613654,0.00048406266194696637,true,117,546,均值方向不等同统计显著性；J区间的重复来源按原表保留
full_N2000_K100_H800_nominal_t0p05,maxsinr_ttt_N2000_K100_H800_nominal_tnative,maxsinr_ttt,2000,100,800,outage_percent,0.6602166666666667,1.0785833333333334,-0.4183666666666668,38.788534342888056,Full均值更优,,,,106,626,均值方向不等同统计显著性；J区间的重复来源按原表保留
full_N2000_K100_H800_nominal_t0p05,maxsinr_ttt_N2000_K100_H800_nominal_tnative,maxsinr_ttt,2000,100,800,hof_percent,0.6858169961185444,1.0900462290331028,-0.40422923291455837,37.083677934753226,Full均值更优,,,,107,627,均值方向不等同统计显著性；J区间的重复来源按原表保留
full_N2000_K100_H800_nominal_t0p05,maxsinr_ttt_N2000_K100_H800_nominal_tnative,maxsinr_ttt,2000,100,800,pp_percent,0.16750208855472012,0.008771929824561403,0.15873015873015872,-1809.5238095238094,Full均值更差,,,,108,628,均值方向不等同统计显著性；J区间的重复来源按原表保留
full_N2000_K100_H800_nominal_t0p05,maxsinr_ttt_N2000_K100_H800_nominal_tnative,maxsinr_ttt,2000,100,800,peak_normalized,0.6598305744031777,0.7083035151642534,-0.04847294076107567,6.84352678241826,Full均值更优,,,,111,631,均值方向不等同统计显著性；J区间的重复来源按原表保留
full_N2000_K100_H800_nominal_t0p05,maxsinr_ttt_N2000_K100_H800_nominal_tnative,maxsinr_ttt,2000,100,800,tp_Mbps,202.56830516666668,203.06054208333333,-0.4922369166666556,-0.24240894445393932,Full均值更差,,,,109,629,均值方向不等同统计显著性；J区间的重复来源按原表保留
full_N2000_K100_H800_nominal_t0p05,maxsinr_ttt_N2000_K100_H800_nominal_tnative,maxsinr_ttt,2000,100,800,J_user,-0.6867762423611111,-0.6700444461805556,-0.016731796180555536,,Full均值更优,-0.02842363592583587,-0.005039956435275246,false,117,637,均值方向不等同统计显著性；J区间的重复来源按原表保留
full_N2000_K100_H800_nominal_t0p05,maxrst_N2000_K100_H800_nominal_tnative,maxrst,2000,100,800,outage_percent,0.6602166666666667,1.4792083333333332,-0.8189916666666666,55.36689107349088,Full均值更优,,,,106,717,均值方向不等同统计显著性；J区间的重复来源按原表保留
full_N2000_K100_H800_nominal_t0p05,maxrst_N2000_K100_H800_nominal_tnative,maxrst,2000,100,800,hof_percent,0.6858169961185444,1.433107881036022,-0.7472908849174776,52.144775338005,Full均值更优,,,,107,718,均值方向不等同统计显著性；J区间的重复来源按原表保留
full_N2000_K100_H800_nominal_t0p05,maxrst_N2000_K100_H800_nominal_tnative,maxrst,2000,100,800,pp_percent,0.16750208855472012,0.004636591478696742,0.16286549707602338,-3512.6126126126123,Full均值更差,,,,108,719,均值方向不等同统计显著性；J区间的重复来源按原表保留
full_N2000_K100_H800_nominal_t0p05,maxrst_N2000_K100_H800_nominal_tnative,maxrst,2000,100,800,peak_normalized,0.6598305744031777,0.7319964347455116,-0.07216586034233385,9.858772108285375,Full均值更优,,,,111,722,均值方向不等同统计显著性；J区间的重复来源按原表保留
full_N2000_K100_H800_nominal_t0p05,maxrst_N2000_K100_H800_nominal_tnative,maxrst,2000,100,800,tp_Mbps,202.56830516666668,193.36788291666667,9.200422250000003,4.757988819666084,Full均值更优,,,,109,720,均值方向不等同统计显著性；J区间的重复来源按原表保留
full_N2000_K100_H800_nominal_t0p05,maxrst_N2000_K100_H800_nominal_tnative,maxrst,2000,100,800,J_user,-0.6867762423611111,-0.6068148246527778,-0.07996141770833332,,Full均值更优,-0.09165325745361362,-0.06826957796305301,false,117,728,均值方向不等同统计显著性；J区间的重复来源按原表保留
full_N2000_K100_H800_nominal_t0p05,cox_only_N2000_K100_H800_nominal_t0p05,cox_only,2000,100,800,outage_percent,0.6602166666666667,0.9065,-0.2462833333333333,27.168597168597167,Full均值更优,,,,106,808,均值方向不等同统计显著性；J区间的重复来源按原表保留
full_N2000_K100_H800_nominal_t0p05,cox_only_N2000_K100_H800_nominal_t0p05,cox_only,2000,100,800,hof_percent,0.6858169961185444,0.9192063072426284,-0.233389311124084,25.390307843316386,Full均值更优,,,,107,809,均值方向不等同统计显著性；J区间的重复来源按原表保留
full_N2000_K100_H800_nominal_t0p05,cox_only_N2000_K100_H800_nominal_t0p05,cox_only,2000,100,800,pp_percent,0.16750208855472012,0.09970760233918129,0.06779448621553884,-67.99329702555508,Full均值更差,,,,108,810,均值方向不等同统计显著性；J区间的重复来源按原表保留
full_N2000_K100_H800_nominal_t0p05,cox_only_N2000_K100_H800_nominal_t0p05,cox_only,2000,100,800,peak_normalized,0.6598305744031777,0.6849752653678743,-0.025144690964696625,3.6708903570689317,Full均值更优,,,,111,813,均值方向不等同统计显著性；J区间的重复来源按原表保留
full_N2000_K100_H800_nominal_t0p05,cox_only_N2000_K100_H800_nominal_t0p05,cox_only,2000,100,800,tp_Mbps,202.56830516666668,200.38326541666666,2.1850397500000156,1.0904302539718356,Full均值更优,,,,109,811,均值方向不等同统计显著性；J区间的重复来源按原表保留
full_N2000_K100_H800_nominal_t0p05,cox_only_N2000_K100_H800_nominal_t0p05,cox_only,2000,100,800,J_user,-0.6867762423611111,-0.6646103559027777,-0.022165886458333395,,Full均值更优,-0.03385772620361365,-0.010474046713053032,false,117,819,均值方向不等同统计显著性；J区间的重复来源按原表保留
full_N2000_K100_H800_nominal_t0p05,leo_madrl_N2000_K100_H800_nominal_tnative,leo_madrl,2000,100,800,outage_percent,0.6602166666666667,1.0250666666666666,-0.3648499999999999,35.59280697190426,Full均值更优,,,,106,899,均值方向不等同统计显著性；J区间的重复来源按原表保留
full_N2000_K100_H800_nominal_t0p05,leo_madrl_N2000_K100_H800_nominal_tnative,leo_madrl,2000,100,800,hof_percent,0.6858169961185444,1.0345033309322096,-0.3486863348136652,33.70567540845496,Full均值更优,,,,107,900,均值方向不等同统计显著性；J区间的重复来源按原表保留
full_N2000_K100_H800_nominal_t0p05,leo_madrl_N2000_K100_H800_nominal_tnative,leo_madrl,2000,100,800,pp_percent,0.16750208855472012,0.1215455304928989,0.04595655806182122,-37.8101587737989,Full均值更差,,,,108,901,均值方向不等同统计显著性；J区间的重复来源按原表保留
full_N2000_K100_H800_nominal_t0p05,leo_madrl_N2000_K100_H800_nominal_tnative,leo_madrl,2000,100,800,peak_normalized,0.6598305744031777,0.6396924532056237,0.020138121197553982,-3.14809422819324,Full均值更差,,,,111,904,均值方向不等同统计显著性；J区间的重复来源按原表保留
full_N2000_K100_H800_nominal_t0p05,leo_madrl_N2000_K100_H800_nominal_tnative,leo_madrl,2000,100,800,tp_Mbps,202.56830516666668,199.56861275,2.999692416666676,1.5030882739183022,Full均值更优,,,,109,902,均值方向不等同统计显著性；J区间的重复来源按原表保留
full_N2000_K100_H800_nominal_t0p05,leo_madrl_N2000_K100_H800_nominal_tnative,leo_madrl,2000,100,800,J_user,-0.6867762423611111,-0.663712503125,-0.023063739236111158,,Full均值更优,-0.0418094991566806,-0.004317979315541627,false,117,910,均值方向不等同统计显著性；J区间的重复来源按原表保留
full_N2000_K200_H200_nominal_t0p05,mlp213_N2000_K200_H200_nominal_t0p05,mlp213,2000,200,200,outage_percent,0.8772666666666666,1.1732500000000001,-0.2959833333333335,25.227644008807456,Full均值更优,,,,119,288,均值方向不等同统计显著性；J区间的重复来源按原表保留
full_N2000_K200_H200_nominal_t0p05,mlp213_N2000_K200_H200_nominal_t0p05,mlp213,2000,200,200,hof_percent,0.8685028946543869,1.1818816790164985,-0.31337878436211164,26.515241747624806,Full均值更优,,,,120,289,均值方向不等同统计显著性；J区间的重复来源按原表保留
full_N2000_K200_H200_nominal_t0p05,mlp213_N2000_K200_H200_nominal_t0p05,mlp213,2000,200,200,pp_percent,0.1652861952861953,0.2269023569023569,-0.061616161616161624,27.155364297373502,Full均值更优,,,,121,290,均值方向不等同统计显著性；J区间的重复来源按原表保留
full_N2000_K200_H200_nominal_t0p05,mlp213_N2000_K200_H200_nominal_t0p05,mlp213,2000,200,200,peak_normalized,0.8469485984028174,0.8630577907520368,-0.01610919234921937,1.8665253383765197,Full均值更优,,,,124,293,均值方向不等同统计显著性；J区间的重复来源按原表保留
full_N2000_K200_H200_nominal_t0p05,mlp213_N2000_K200_H200_nominal_t0p05,mlp213,2000,200,200,tp_Mbps,198.327782,196.570641,1.7571410000000185,0.8938979855084354,Full均值更优,,,,122,291,均值方向不等同统计显著性；J区间的重复来源按原表保留
full_N2000_K200_H200_nominal_t0p05,mlp213_N2000_K200_H200_nominal_t0p05,mlp213,2000,200,200,J_user,-0.5955844333333333,-0.5668679791666666,-0.028716454166666683,,Full均值更优,-0.034765655331157067,-0.02266725300217629,false,130,299,均值方向不等同统计显著性；J区间的重复来源按原表保留
full_N2000_K200_H200_nominal_t0p05,kan_generic_N2000_K200_H200_nominal_t0p05,kan_generic,2000,200,200,outage_percent,0.8772666666666666,1.35845,-0.4811833333333333,35.42149754008858,Full均值更优,,,,119,457,均值方向不等同统计显著性；J区间的重复来源按原表保留
full_N2000_K200_H200_nominal_t0p05,kan_generic_N2000_K200_H200_nominal_t0p05,kan_generic,2000,200,200,hof_percent,0.8685028946543869,1.3770998362640081,-0.5085969416096212,36.93246692915273,Full均值更优,,,,120,458,均值方向不等同统计显著性；J区间的重复来源按原表保留
full_N2000_K200_H200_nominal_t0p05,kan_generic_N2000_K200_H200_nominal_t0p05,kan_generic,2000,200,200,pp_percent,0.1652861952861953,0.23962962962962964,-0.07434343434343435,31.02430799494169,Full均值更优,,,,121,459,均值方向不等同统计显著性；J区间的重复来源按原表保留
full_N2000_K200_H200_nominal_t0p05,kan_generic_N2000_K200_H200_nominal_t0p05,kan_generic,2000,200,200,peak_normalized,0.8469485984028174,0.8526182140803207,-0.005669615677503237,0.664965348367415,Full均值更优,,,,124,462,均值方向不等同统计显著性；J区间的重复来源按原表保留
full_N2000_K200_H200_nominal_t0p05,kan_generic_N2000_K200_H200_nominal_t0p05,kan_generic,2000,200,200,tp_Mbps,198.327782,196.43092483333334,1.8968571666666776,0.9656611698367316,Full均值更优,,,,122,460,均值方向不等同统计显著性；J区间的重复来源按原表保留
full_N2000_K200_H200_nominal_t0p05,kan_generic_N2000_K200_H200_nominal_t0p05,kan_generic,2000,200,200,J_user,-0.5955844333333333,-0.5585277368055556,-0.037056696527777766,,Full均值更优,-0.050203756919577146,-0.023909636135978428,false,130,468,均值方向不等同统计显著性；J区间的重复来源按原表保留
full_N2000_K200_H200_nominal_t0p05,greedy_analytic_N2000_K200_H200_nominal_t0p05,greedy_analytic,2000,200,200,outage_percent,0.8772666666666666,1.3458333333333332,-0.4685666666666666,34.816099071207425,Full均值更优,,,,119,548,均值方向不等同统计显著性；J区间的重复来源按原表保留
full_N2000_K200_H200_nominal_t0p05,greedy_analytic_N2000_K200_H200_nominal_t0p05,greedy_analytic,2000,200,200,hof_percent,0.8685028946543869,1.3786670212873617,-0.5101641266329748,37.00415827431612,Full均值更优,,,,120,549,均值方向不等同统计显著性；J区间的重复来源按原表保留
full_N2000_K200_H200_nominal_t0p05,greedy_analytic_N2000_K200_H200_nominal_t0p05,greedy_analytic,2000,200,200,pp_percent,0.1652861952861953,0.021464646464646464,0.14382154882154882,-670.0392156862746,Full均值更差,,,,121,550,均值方向不等同统计显著性；J区间的重复来源按原表保留
full_N2000_K200_H200_nominal_t0p05,greedy_analytic_N2000_K200_H200_nominal_t0p05,greedy_analytic,2000,200,200,peak_normalized,0.8469485984028174,0.87355235253249,-0.02660375412967253,3.0454676302509367,Full均值更优,,,,124,553,均值方向不等同统计显著性；J区间的重复来源按原表保留
full_N2000_K200_H200_nominal_t0p05,greedy_analytic_N2000_K200_H200_nominal_t0p05,greedy_analytic,2000,200,200,tp_Mbps,198.327782,197.55465583333333,0.7731261666666853,0.3913479859056989,Full均值更优,,,,122,551,均值方向不等同统计显著性；J区间的重复来源按原表保留
full_N2000_K200_H200_nominal_t0p05,greedy_analytic_N2000_K200_H200_nominal_t0p05,greedy_analytic,2000,200,200,J_user,-0.5955844333333333,-0.5824195243055555,-0.013164909027777782,,Full均值更优,-0.026649040469651233,0.00031922241409564935,true,130,559,均值方向不等同统计显著性；J区间的重复来源按原表保留
full_N2000_K200_H200_nominal_t0p05,maxsinr_ttt_N2000_K200_H200_nominal_tnative,maxsinr_ttt,2000,200,200,outage_percent,0.8772666666666666,1.42875,-0.5514833333333333,38.59900845727618,Full均值更优,,,,119,639,均值方向不等同统计显著性；J区间的重复来源按原表保留
full_N2000_K200_H200_nominal_t0p05,maxsinr_ttt_N2000_K200_H200_nominal_tnative,maxsinr_ttt,2000,200,200,hof_percent,0.8685028946543869,1.469611765775162,-0.601108871120775,40.902562507977336,Full均值更优,,,,120,640,均值方向不等同统计显著性；J区间的重复来源按原表保留
full_N2000_K200_H200_nominal_t0p05,maxsinr_ttt_N2000_K200_H200_nominal_tnative,maxsinr_ttt,2000,200,200,pp_percent,0.1652861952861953,0.00765993265993266,0.15762626262626261,-2057.8021978021975,Full均值更差,,,,121,641,均值方向不等同统计显著性；J区间的重复来源按原表保留
full_N2000_K200_H200_nominal_t0p05,maxsinr_ttt_N2000_K200_H200_nominal_tnative,maxsinr_ttt,2000,200,200,peak_normalized,0.8469485984028174,0.9109081810927666,-0.06395958268994917,7.02151808684168,Full均值更优,,,,124,644,均值方向不等同统计显著性；J区间的重复来源按原表保留
full_N2000_K200_H200_nominal_t0p05,maxsinr_ttt_N2000_K200_H200_nominal_tnative,maxsinr_ttt,2000,200,200,tp_Mbps,198.327782,198.26661333333334,0.0611686666666742,0.03085172316119362,Full均值更优,,,,122,642,均值方向不等同统计显著性；J区间的重复来源按原表保留
full_N2000_K200_H200_nominal_t0p05,maxsinr_ttt_N2000_K200_H200_nominal_tnative,maxsinr_ttt,2000,200,200,J_user,-0.5955844333333333,-0.5648011388888889,-0.030783294444444387,,Full均值更优,-0.04426742588631789,-0.017299163002571012,false,130,650,均值方向不等同统计显著性；J区间的重复来源按原表保留
full_N2000_K200_H200_nominal_t0p05,maxrst_N2000_K200_H200_nominal_tnative,maxrst,2000,200,200,outage_percent,0.8772666666666666,1.9598333333333333,-1.0825666666666667,55.237690279785696,Full均值更优,,,,119,730,均值方向不等同统计显著性；J区间的重复来源按原表保留
full_N2000_K200_H200_nominal_t0p05,maxrst_N2000_K200_H200_nominal_tnative,maxrst,2000,200,200,hof_percent,0.8685028946543869,1.9286587120549974,-1.0601558174006105,54.96855461125147,Full均值更优,,,,120,731,均值方向不等同统计显著性；J区间的重复来源按原表保留
full_N2000_K200_H200_nominal_t0p05,maxrst_N2000_K200_H200_nominal_tnative,maxrst,2000,200,200,pp_percent,0.1652861952861953,0.002861952861952862,0.16242424242424242,-5675.294117647059,Full均值更差,,,,121,732,均值方向不等同统计显著性；J区间的重复来源按原表保留
full_N2000_K200_H200_nominal_t0p05,maxrst_N2000_K200_H200_nominal_tnative,maxrst,2000,200,200,peak_normalized,0.8469485984028174,0.9220626248775107,-0.07511402647469323,8.14630421493026,Full均值更优,,,,124,735,均值方向不等同统计显著性；J区间的重复来源按原表保留
full_N2000_K200_H200_nominal_t0p05,maxrst_N2000_K200_H200_nominal_tnative,maxrst,2000,200,200,tp_Mbps,198.327782,188.14650833333334,10.18127366666667,5.411354033011775,Full均值更优,,,,122,733,均值方向不等同统计显著性；J区间的重复来源按原表保留
full_N2000_K200_H200_nominal_t0p05,maxrst_N2000_K200_H200_nominal_tnative,maxrst,2000,200,200,J_user,-0.5955844333333333,-0.4891940763888889,-0.10639035694444443,,Full均值更优,-0.11987448838631788,-0.09290622550257101,false,130,741,均值方向不等同统计显著性；J区间的重复来源按原表保留
full_N2000_K200_H200_nominal_t0p05,cox_only_N2000_K200_H200_nominal_t0p05,cox_only,2000,200,200,outage_percent,0.8772666666666666,1.1969166666666666,-0.31965,26.706119891387594,Full均值更优,,,,119,821,均值方向不等同统计显著性；J区间的重复来源按原表保留
full_N2000_K200_H200_nominal_t0p05,cox_only_N2000_K200_H200_nominal_t0p05,cox_only,2000,200,200,hof_percent,0.8685028946543869,1.2169409365190218,-0.3484380418646349,28.632288668118814,Full均值更优,,,,120,822,均值方向不等同统计显著性；J区间的重复来源按原表保留
full_N2000_K200_H200_nominal_t0p05,cox_only_N2000_K200_H200_nominal_t0p05,cox_only,2000,200,200,pp_percent,0.1652861952861953,0.09983164983164983,0.06545454545454546,-65.56492411467117,Full均值更差,,,,121,823,均值方向不等同统计显著性；J区间的重复来源按原表保留
full_N2000_K200_H200_nominal_t0p05,cox_only_N2000_K200_H200_nominal_t0p05,cox_only,2000,200,200,peak_normalized,0.8469485984028174,0.8708969948559311,-0.02394839645311364,2.7498540693753717,Full均值更优,,,,124,826,均值方向不等同统计显著性；J区间的重复来源按原表保留
full_N2000_K200_H200_nominal_t0p05,cox_only_N2000_K200_H200_nominal_t0p05,cox_only,2000,200,200,tp_Mbps,198.327782,195.8641725,2.463609500000018,1.257815285232943,Full均值更优,,,,122,824,均值方向不等同统计显著性；J区间的重复来源按原表保留
full_N2000_K200_H200_nominal_t0p05,cox_only_N2000_K200_H200_nominal_t0p05,cox_only,2000,200,200,J_user,-0.5955844333333333,-0.56599171875,-0.029592714583333346,,Full均值更优,-0.043076846025206804,-0.016108583141459923,false,130,832,均值方向不等同统计显著性；J区间的重复来源按原表保留
full_N2000_K200_H200_nominal_t0p05,leo_madrl_N2000_K200_H200_nominal_tnative,leo_madrl,2000,200,200,outage_percent,0.8772666666666666,1.3540666666666665,-0.4767999999999999,35.212446457584555,Full均值更优,,,,119,912,均值方向不等同统计显著性；J区间的重复来源按原表保留
full_N2000_K200_H200_nominal_t0p05,leo_madrl_N2000_K200_H200_nominal_tnative,leo_madrl,2000,200,200,hof_percent,0.8685028946543869,1.3543105671280584,-0.4858076724736715,35.87121626791053,Full均值更优,,,,120,913,均值方向不等同统计显著性；J区间的重复来源按原表保留
full_N2000_K200_H200_nominal_t0p05,leo_madrl_N2000_K200_H200_nominal_tnative,leo_madrl,2000,200,200,pp_percent,0.1652861952861953,0.12028619528619529,0.045,-37.41077676696991,Full均值更差,,,,121,914,均值方向不等同统计显著性；J区间的重复来源按原表保留
full_N2000_K200_H200_nominal_t0p05,leo_madrl_N2000_K200_H200_nominal_tnative,leo_madrl,2000,200,200,peak_normalized,0.8469485984028174,0.8225300505545261,0.02441854784829134,-2.9687119433301015,Full均值更差,,,,124,917,均值方向不等同统计显著性；J区间的重复来源按原表保留
full_N2000_K200_H200_nominal_t0p05,leo_madrl_N2000_K200_H200_nominal_tnative,leo_madrl,2000,200,200,tp_Mbps,198.327782,195.447854,2.8799280000000067,1.4735019807380472,Full均值更优,,,,122,915,均值方向不等同统计显著性；J区间的重复来源按原表保留
full_N2000_K200_H200_nominal_t0p05,leo_madrl_N2000_K200_H200_nominal_tnative,leo_madrl,2000,200,200,J_user,-0.5955844333333333,-0.5738995083333334,-0.021684924999999966,,Full均值更优,-0.04383229727732972,0.000462447277329716,true,130,923,均值方向不等同统计显著性；J区间的重复来源按原表保留
full_N2000_K300_H200_nominal_t0p05,mlp213_N2000_K300_H200_nominal_t0p05,mlp213,2000,300,200,outage_percent,1.2663444444444445,1.712811111111111,-0.44646666666666657,26.066310743222637,Full均值更优,,,,132,301,均值方向不等同统计显著性；J区间的重复来源按原表保留
full_N2000_K300_H200_nominal_t0p05,mlp213_N2000_K300_H200_nominal_t0p05,mlp213,2000,300,200,hof_percent,1.2934410826363498,1.7481494060592104,-0.4547083234228606,26.01083876737361,Full均值更优,,,,133,302,均值方向不等同统计显著性；J区间的重复来源按原表保留
full_N2000_K300_H200_nominal_t0p05,mlp213_N2000_K300_H200_nominal_t0p05,mlp213,2000,300,200,pp_percent,0.162334455667789,0.22288439955106623,-0.060549943883277224,27.166523994158823,Full均值更优,,,,134,303,均值方向不等同统计显著性；J区间的重复来源按原表保留
full_N2000_K300_H200_nominal_t0p05,mlp213_N2000_K300_H200_nominal_t0p05,mlp213,2000,300,200,peak_normalized,0.9533780359444766,0.9588187290049577,-0.0054406930604811166,0.5674370864790423,Full均值更优,,,,137,306,均值方向不等同统计显著性；J区间的重复来源按原表保留
full_N2000_K300_H200_nominal_t0p05,mlp213_N2000_K300_H200_nominal_t0p05,mlp213,2000,300,200,tp_Mbps,194.44866255555556,192.2689828888889,2.179679666666658,1.1336616202553491,Full均值更优,,,,135,304,均值方向不等同统计显著性；J区间的重复来源按原表保留
full_N2000_K300_H200_nominal_t0p05,mlp213_N2000_K300_H200_nominal_t0p05,mlp213,2000,300,200,J_user,-0.4996750050925926,-0.4597410175925926,-0.03993398749999999,,Full均值更优,-0.047478090520274505,-0.032389884479725475,false,143,312,均值方向不等同统计显著性；J区间的重复来源按原表保留
full_N2000_K300_H200_nominal_t0p05,kan_generic_N2000_K300_H200_nominal_t0p05,kan_generic,2000,300,200,outage_percent,1.2663444444444445,1.970888888888889,-0.7045444444444444,35.747547637839666,Full均值更优,,,,132,470,均值方向不等同统计显著性；J区间的重复来源按原表保留
full_N2000_K300_H200_nominal_t0p05,kan_generic_N2000_K300_H200_nominal_t0p05,kan_generic,2000,300,200,hof_percent,1.2934410826363498,2.0152696130788117,-0.7218285304424619,35.817963301679235,Full均值更优,,,,133,471,均值方向不等同统计显著性；J区间的重复来源按原表保留
full_N2000_K300_H200_nominal_t0p05,kan_generic_N2000_K300_H200_nominal_t0p05,kan_generic,2000,300,200,pp_percent,0.162334455667789,0.2357912457912458,-0.0734567901234568,31.15331524584702,Full均值更优,,,,134,472,均值方向不等同统计显著性；J区间的重复来源按原表保留
full_N2000_K300_H200_nominal_t0p05,kan_generic_N2000_K300_H200_nominal_t0p05,kan_generic,2000,300,200,peak_normalized,0.9533780359444766,0.9516131447415809,0.001764891202895691,-0.18546309628530436,Full均值更差,,,,137,475,均值方向不等同统计显著性；J区间的重复来源按原表保留
full_N2000_K300_H200_nominal_t0p05,kan_generic_N2000_K300_H200_nominal_t0p05,kan_generic,2000,300,200,tp_Mbps,194.44866255555556,192.02783633333334,2.4208262222222174,1.2606642185042398,Full均值更优,,,,135,473,均值方向不等同统计显著性；J区间的重复来源按原表保留
full_N2000_K300_H200_nominal_t0p05,kan_generic_N2000_K300_H200_nominal_t0p05,kan_generic,2000,300,200,J_user,-0.4996750050925926,-0.4483919347222222,-0.05128307037037039,,Full均值更优,-0.06775516973873469,-0.034810971002006044,false,143,481,均值方向不等同统计显著性；J区间的重复来源按原表保留
full_N2000_K300_H200_nominal_t0p05,greedy_analytic_N2000_K300_H200_nominal_t0p05,greedy_analytic,2000,300,200,outage_percent,1.2663444444444445,1.9379444444444445,-0.6716,34.65527620904165,Full均值更优,,,,132,561,均值方向不等同统计显著性；J区间的重复来源按原表保留
full_N2000_K300_H200_nominal_t0p05,greedy_analytic_N2000_K300_H200_nominal_t0p05,greedy_analytic,2000,300,200,hof_percent,1.2934410826363498,1.9331068635891844,-0.6396657809528346,33.090037234939615,Full均值更优,,,,133,562,均值方向不等同统计显著性；J区间的重复来源按原表保留
full_N2000_K300_H200_nominal_t0p05,greedy_analytic_N2000_K300_H200_nominal_t0p05,greedy_analytic,2000,300,200,pp_percent,0.162334455667789,0.02053872053872054,0.14179573512906846,-690.3825136612021,Full均值更差,,,,134,563,均值方向不等同统计显著性；J区间的重复来源按原表保留
full_N2000_K300_H200_nominal_t0p05,greedy_analytic_N2000_K300_H200_nominal_t0p05,greedy_analytic,2000,300,200,peak_normalized,0.9533780359444766,0.9671789446501069,-0.013800908705630333,1.426924022898683,Full均值更优,,,,137,566,均值方向不等同统计显著性；J区间的重复来源按原表保留
full_N2000_K300_H200_nominal_t0p05,greedy_analytic_N2000_K300_H200_nominal_t0p05,greedy_analytic,2000,300,200,tp_Mbps,194.44866255555556,193.4826938888889,0.9659686666666687,0.49925326511186296,Full均值更优,,,,135,564,均值方向不等同统计显著性；J区间的重复来源按原表保留
full_N2000_K300_H200_nominal_t0p05,greedy_analytic_N2000_K300_H200_nominal_t0p05,greedy_analytic,2000,300,200,J_user,-0.4996750050925926,-0.4799870856481482,-0.019687919444444424,,Full均值更优,-0.03686317312835234,-0.0025126657605364956,false,143,572,均值方向不等同统计显著性；J区间的重复来源按原表保留
full_N2000_K300_H200_nominal_t0p05,maxsinr_ttt_N2000_K300_H200_nominal_tnative,maxsinr_ttt,2000,300,200,outage_percent,1.2663444444444445,2.054111111111111,-0.7877666666666667,38.35073294747661,Full均值更优,,,,132,652,均值方向不等同统计显著性；J区间的重复来源按原表保留
full_N2000_K300_H200_nominal_t0p05,maxsinr_ttt_N2000_K300_H200_nominal_tnative,maxsinr_ttt,2000,300,200,hof_percent,1.2934410826363498,2.055385381732435,-0.761944299096085,37.07062947260336,Full均值更优,,,,133,653,均值方向不等同统计显著性；J区间的重复来源按原表保留
full_N2000_K300_H200_nominal_t0p05,maxsinr_ttt_N2000_K300_H200_nominal_tnative,maxsinr_ttt,2000,300,200,pp_percent,0.162334455667789,0.007070707070707071,0.15526374859708195,-2195.873015873016,Full均值更差,,,,134,654,均值方向不等同统计显著性；J区间的重复来源按原表保留
full_N2000_K300_H200_nominal_t0p05,maxsinr_ttt_N2000_K300_H200_nominal_tnative,maxsinr_ttt,2000,300,200,peak_normalized,0.9533780359444766,0.9828603709179915,-0.029482334973514934,2.9996463226997783,Full均值更优,,,,137,657,均值方向不等同统计显著性；J区间的重复来源按原表保留
full_N2000_K300_H200_nominal_t0p05,maxsinr_ttt_N2000_K300_H200_nominal_tnative,maxsinr_ttt,2000,300,200,tp_Mbps,194.44866255555556,193.71236222222223,0.7363003333333324,0.3800998164942443,Full均值更优,,,,135,655,均值方向不等同统计显著性；J区间的重复来源按原表保留
full_N2000_K300_H200_nominal_t0p05,maxsinr_ttt_N2000_K300_H200_nominal_tnative,maxsinr_ttt,2000,300,200,J_user,-0.4996750050925926,-0.45112762037037035,-0.04854738472222225,,Full均值更优,-0.06572263840613014,-0.03137213103831431,false,143,663,均值方向不等同统计显著性；J区间的重复来源按原表保留
full_N2000_K300_H200_nominal_t0p05,maxrst_N2000_K300_H200_nominal_tnative,maxrst,2000,300,200,outage_percent,1.2663444444444445,2.8097777777777777,-1.5434333333333332,54.930797216070864,Full均值更优,,,,132,743,均值方向不等同统计显著性；J区间的重复来源按原表保留
full_N2000_K300_H200_nominal_t0p05,maxrst_N2000_K300_H200_nominal_tnative,maxrst,2000,300,200,hof_percent,1.2934410826363498,2.8622667386487466,-1.5688256560123968,54.81060289835275,Full均值更优,,,,133,744,均值方向不等同统计显著性；J区间的重复来源按原表保留
full_N2000_K300_H200_nominal_t0p05,maxrst_N2000_K300_H200_nominal_tnative,maxrst,2000,300,200,pp_percent,0.162334455667789,0.0028058361391694723,0.15952861952861955,-5685.600000000001,Full均值更差,,,,134,745,均值方向不等同统计显著性；J区间的重复来源按原表保留
full_N2000_K300_H200_nominal_t0p05,maxrst_N2000_K300_H200_nominal_tnative,maxrst,2000,300,200,peak_normalized,0.9533780359444766,0.9839844182042047,-0.030606382259728115,3.110453955722744,Full均值更优,,,,137,748,均值方向不等同统计显著性；J区间的重复来源按原表保留
full_N2000_K300_H200_nominal_t0p05,maxrst_N2000_K300_H200_nominal_tnative,maxrst,2000,300,200,tp_Mbps,194.44866255555556,183.00118944444444,11.447473111111123,6.255409129232108,Full均值更优,,,,135,746,均值方向不等同统计显著性；J区间的重复来源按原表保留
full_N2000_K300_H200_nominal_t0p05,maxrst_N2000_K300_H200_nominal_tnative,maxrst,2000,300,200,J_user,-0.4996750050925926,-0.35846903935185187,-0.14120596574074074,,Full均值更优,-0.15838121942464867,-0.1240307120568328,false,143,754,均值方向不等同统计显著性；J区间的重复来源按原表保留
full_N2000_K300_H200_nominal_t0p05,cox_only_N2000_K300_H200_nominal_t0p05,cox_only,2000,300,200,outage_percent,1.2663444444444445,1.7378888888888888,-0.4715444444444443,27.13317562815676,Full均值更优,,,,132,834,均值方向不等同统计显著性；J区间的重复来源按原表保留
full_N2000_K300_H200_nominal_t0p05,cox_only_N2000_K300_H200_nominal_t0p05,cox_only,2000,300,200,hof_percent,1.2934410826363498,1.7824254826736199,-0.48898440003727006,27.433651773413747,Full均值更优,,,,133,835,均值方向不等同统计显著性；J区间的重复来源按原表保留
full_N2000_K300_H200_nominal_t0p05,cox_only_N2000_K300_H200_nominal_t0p05,cox_only,2000,300,200,pp_percent,0.162334455667789,0.09579124579124579,0.06654320987654322,-69.46690099589925,Full均值更差,,,,134,836,均值方向不等同统计显著性；J区间的重复来源按原表保留
full_N2000_K300_H200_nominal_t0p05,cox_only_N2000_K300_H200_nominal_t0p05,cox_only,2000,300,200,peak_normalized,0.9533780359444766,0.9688118025224972,-0.015433766578020647,1.5930613704163923,Full均值更优,,,,137,839,均值方向不等同统计显著性；J区间的重复来源按原表保留
full_N2000_K300_H200_nominal_t0p05,cox_only_N2000_K300_H200_nominal_t0p05,cox_only,2000,300,200,tp_Mbps,194.44866255555556,191.5652127777778,2.88344977777777,1.5052053219718293,Full均值更优,,,,135,837,均值方向不等同统计显著性；J区间的重复来源按原表保留
full_N2000_K300_H200_nominal_t0p05,cox_only_N2000_K300_H200_nominal_t0p05,cox_only,2000,300,200,J_user,-0.4996750050925926,-0.45894169212962965,-0.04073331296296295,,Full均值更优,-0.057908566646870885,-0.023558059279055035,false,143,845,均值方向不等同统计显著性；J区间的重复来源按原表保留
full_N2000_K300_H200_nominal_t0p05,leo_madrl_N2000_K300_H200_nominal_tnative,leo_madrl,2000,300,200,outage_percent,1.2663444444444445,1.9375888888888888,-0.6712444444444443,34.64328518261527,Full均值更优,,,,132,925,均值方向不等同统计显著性；J区间的重复来源按原表保留
full_N2000_K300_H200_nominal_t0p05,leo_madrl_N2000_K300_H200_nominal_tnative,leo_madrl,2000,300,200,hof_percent,1.2934410826363498,1.9443518867275533,-0.6509108040912035,33.477006324545535,Full均值更优,,,,133,926,均值方向不等同统计显著性；J区间的重复来源按原表保留
full_N2000_K300_H200_nominal_t0p05,leo_madrl_N2000_K300_H200_nominal_tnative,leo_madrl,2000,300,200,pp_percent,0.162334455667789,0.11622895622895624,0.04610549943883277,-39.667825415218225,Full均值更差,,,,134,927,均值方向不等同统计显著性；J区间的重复来源按原表保留
full_N2000_K300_H200_nominal_t0p05,leo_madrl_N2000_K300_H200_nominal_tnative,leo_madrl,2000,300,200,peak_normalized,0.9533780359444766,0.936773560897675,0.016604475046801515,-1.7725174727273545,Full均值更差,,,,137,930,均值方向不等同统计显著性；J区间的重复来源按原表保留
full_N2000_K300_H200_nominal_t0p05,leo_madrl_N2000_K300_H200_nominal_tnative,leo_madrl,2000,300,200,tp_Mbps,194.44866255555556,191.53684311111112,2.9118194444444327,1.5202398646380932,Full均值更优,,,,135,928,均值方向不等同统计显著性；J区间的重复来源按原表保留
full_N2000_K300_H200_nominal_t0p05,leo_madrl_N2000_K300_H200_nominal_tnative,leo_madrl,2000,300,200,J_user,-0.4996750050925926,-0.47509004074074074,-0.024584964351851868,,Full均值更优,-0.052639318254707246,0.0034693895510035377,true,143,936,均值方向不等同统计显著性；J区间的重复来源按原表保留
full_N2000_K400_H200_nominal_t0p05,mlp213_N2000_K400_H200_nominal_t0p05,mlp213,2000,400,200,outage_percent,1.9303916666666667,2.5961166666666666,-0.6657249999999999,25.64310797537347,Full均值更优,,,,145,314,均值方向不等同统计显著性；J区间的重复来源按原表保留
full_N2000_K400_H200_nominal_t0p05,mlp213_N2000_K400_H200_nominal_t0p05,mlp213,2000,400,200,hof_percent,2.0481913365637006,2.7430150557527453,-0.6948237191890447,25.33065641516756,Full均值更优,,,,146,315,均值方向不等同统计显著性；J区间的重复来源按原表保留
full_N2000_K400_H200_nominal_t0p05,mlp213_N2000_K400_H200_nominal_t0p05,mlp213,2000,400,200,pp_percent,0.15721380471380472,0.21505050505050505,-0.057836700336700325,26.894473148583057,Full均值更优,,,,147,316,均值方向不等同统计显著性；J区间的重复来源按原表保留
full_N2000_K400_H200_nominal_t0p05,mlp213_N2000_K400_H200_nominal_t0p05,mlp213,2000,400,200,peak_normalized,0.9827203541974519,0.9835887118698121,-0.0008683576723602648,0.08828463176539593,Full均值更优,,,,150,319,均值方向不等同统计显著性；J区间的重复来源按原表保留
full_N2000_K400_H200_nominal_t0p05,mlp213_N2000_K400_H200_nominal_t0p05,mlp213,2000,400,200,tp_Mbps,190.42835258333335,187.75216616666665,2.6761864166666953,1.4253824450105455,Full均值更优,,,,148,317,均值方向不等同统计显著性；J区间的重复来源按原表保留
full_N2000_K400_H200_nominal_t0p05,mlp213_N2000_K400_H200_nominal_t0p05,mlp213,2000,400,200,J_user,-0.3942284732638889,-0.34057083819444445,-0.05365763506944443,,Full均值更优,-0.06320832881805774,-0.044106941320831164,false,156,325,均值方向不等同统计显著性；J区间的重复来源按原表保留
full_N2000_K400_H200_nominal_t0p05,kan_generic_N2000_K400_H200_nominal_t0p05,kan_generic,2000,400,200,outage_percent,1.9303916666666667,2.96205,-1.0316583333333333,34.829200497403264,Full均值更优,,,,145,483,均值方向不等同统计显著性；J区间的重复来源按原表保留
full_N2000_K400_H200_nominal_t0p05,kan_generic_N2000_K400_H200_nominal_t0p05,kan_generic,2000,400,200,hof_percent,2.0481913365637006,3.1053585935513768,-1.0571672569876762,34.04332302179213,Full均值更优,,,,146,484,均值方向不等同统计显著性；J区间的重复来源按原表保留
full_N2000_K400_H200_nominal_t0p05,kan_generic_N2000_K400_H200_nominal_t0p05,kan_generic,2000,400,200,pp_percent,0.15721380471380472,0.22694444444444445,-0.06973063973063973,30.725863284002816,Full均值更优,,,,147,485,均值方向不等同统计显著性；J区间的重复来源按原表保留
full_N2000_K400_H200_nominal_t0p05,kan_generic_N2000_K400_H200_nominal_t0p05,kan_generic,2000,400,200,peak_normalized,0.9827203541974519,0.9799189169118072,0.002801437285644637,-0.28588460099059054,Full均值更差,,,,150,488,均值方向不等同统计显著性；J区间的重复来源按原表保留
full_N2000_K400_H200_nominal_t0p05,kan_generic_N2000_K400_H200_nominal_t0p05,kan_generic,2000,400,200,tp_Mbps,190.42835258333335,187.366764,3.0615885833333607,1.634008357711382,Full均值更优,,,,148,486,均值方向不等同统计显著性；J区间的重复来源按原表保留
full_N2000_K400_H200_nominal_t0p05,kan_generic_N2000_K400_H200_nominal_t0p05,kan_generic,2000,400,200,J_user,-0.3942284732638889,-0.3247297125,-0.06949876076388889,,Full均值更优,-0.09095449972162306,-0.04804302180615472,false,156,494,均值方向不等同统计显著性；J区间的重复来源按原表保留
full_N2000_K400_H200_nominal_t0p05,greedy_analytic_N2000_K400_H200_nominal_t0p05,greedy_analytic,2000,400,200,outage_percent,1.9303916666666667,2.8015833333333333,-0.8711916666666666,31.09640381926886,Full均值更优,,,,145,574,均值方向不等同统计显著性；J区间的重复来源按原表保留
full_N2000_K400_H200_nominal_t0p05,greedy_analytic_N2000_K400_H200_nominal_t0p05,greedy_analytic,2000,400,200,hof_percent,2.0481913365637006,2.925277453222823,-0.8770861166591226,29.9830060800839,Full均值更优,,,,146,575,均值方向不等同统计显著性；J区间的重复来源按原表保留
full_N2000_K400_H200_nominal_t0p05,greedy_analytic_N2000_K400_H200_nominal_t0p05,greedy_analytic,2000,400,200,pp_percent,0.15721380471380472,0.01994949494949495,0.13726430976430978,-688.0590717299579,Full均值更差,,,,147,576,均值方向不等同统计显著性；J区间的重复来源按原表保留
full_N2000_K400_H200_nominal_t0p05,greedy_analytic_N2000_K400_H200_nominal_t0p05,greedy_analytic,2000,400,200,peak_normalized,0.9827203541974519,0.9869096947228196,-0.004189340525367791,0.4244907662543933,Full均值更优,,,,150,579,均值方向不等同统计显著性；J区间的重复来源按原表保留
full_N2000_K400_H200_nominal_t0p05,greedy_analytic_N2000_K400_H200_nominal_t0p05,greedy_analytic,2000,400,200,tp_Mbps,190.42835258333335,189.2482625,1.18009008333334,0.6235671956741691,Full均值更优,,,,148,577,均值方向不等同统计显著性；J区间的重复来源按原表保留
full_N2000_K400_H200_nominal_t0p05,greedy_analytic_N2000_K400_H200_nominal_t0p05,greedy_analytic,2000,400,200,J_user,-0.3942284732638889,-0.36735984374999997,-0.02686862951388891,,Full均值更优,-0.04904763041973571,-0.004689628608042076,false,156,585,均值方向不等同统计显著性；J区间的重复来源按原表保留
full_N2000_K400_H200_nominal_t0p05,maxsinr_ttt_N2000_K400_H200_nominal_tnative,maxsinr_ttt,2000,400,200,outage_percent,1.9303916666666667,3.0284583333333335,-1.0980666666666667,36.25827222321588,Full均值更优,,,,145,665,均值方向不等同统计显著性；J区间的重复来源按原表保留
full_N2000_K400_H200_nominal_t0p05,maxsinr_ttt_N2000_K400_H200_nominal_tnative,maxsinr_ttt,2000,400,200,hof_percent,2.0481913365637006,3.2636859129780564,-1.2154945764143559,37.243000975704746,Full均值更优,,,,146,666,均值方向不等同统计显著性；J区间的重复来源按原表保留
full_N2000_K400_H200_nominal_t0p05,maxsinr_ttt_N2000_K400_H200_nominal_tnative,maxsinr_ttt,2000,400,200,pp_percent,0.15721380471380472,0.006818181818181818,0.15039562289562292,-2205.8024691358028,Full均值更差,,,,147,667,均值方向不等同统计显著性；J区间的重复来源按原表保留
full_N2000_K400_H200_nominal_t0p05,maxsinr_ttt_N2000_K400_H200_nominal_tnative,maxsinr_ttt,2000,400,200,peak_normalized,0.9827203541974519,0.9924022598726951,-0.009681905675243296,0.9756029451691581,Full均值更优,,,,150,670,均值方向不等同统计显著性；J区间的重复来源按原表保留
full_N2000_K400_H200_nominal_t0p05,maxsinr_ttt_N2000_K400_H200_nominal_tnative,maxsinr_ttt,2000,400,200,tp_Mbps,190.42835258333335,188.94286708333334,1.48548550000001,0.7862088275313595,Full均值更优,,,,148,668,均值方向不等同统计显著性；J区间的重复来源按原表保留
full_N2000_K400_H200_nominal_t0p05,maxsinr_ttt_N2000_K400_H200_nominal_tnative,maxsinr_ttt,2000,400,200,J_user,-0.3942284732638889,-0.32530261284722223,-0.06892586041666665,,Full均值更优,-0.09110486132251348,-0.046746859510819846,false,156,676,均值方向不等同统计显著性；J区间的重复来源按原表保留
full_N2000_K400_H200_nominal_t0p05,maxrst_N2000_K400_H200_nominal_tnative,maxrst,2000,400,200,outage_percent,1.9303916666666667,4.16,-2.229608333333333,53.59635416666666,Full均值更优,,,,145,756,均值方向不等同统计显著性；J区间的重复来源按原表保留
full_N2000_K400_H200_nominal_t0p05,maxrst_N2000_K400_H200_nominal_tnative,maxrst,2000,400,200,hof_percent,2.0481913365637006,4.452268472984825,-2.404077136421124,53.99667946819518,Full均值更优,,,,146,757,均值方向不等同统计显著性；J区间的重复来源按原表保留
full_N2000_K400_H200_nominal_t0p05,maxrst_N2000_K400_H200_nominal_tnative,maxrst,2000,400,200,pp_percent,0.15721380471380472,0.00281986531986532,0.1543939393939394,-5475.223880597015,Full均值更差,,,,147,758,均值方向不等同统计显著性；J区间的重复来源按原表保留
full_N2000_K400_H200_nominal_t0p05,maxrst_N2000_K400_H200_nominal_tnative,maxrst,2000,400,200,peak_normalized,0.9827203541974519,0.9932330598836532,-0.010512705686201329,1.0584329208124408,Full均值更优,,,,150,761,均值方向不等同统计显著性；J区间的重复来源按原表保留
full_N2000_K400_H200_nominal_t0p05,maxrst_N2000_K400_H200_nominal_tnative,maxrst,2000,400,200,tp_Mbps,190.42835258333335,177.5822925,12.846060083333356,7.233863186743889,Full均值更优,,,,148,759,均值方向不等同统计显著性；J区间的重复来源按原表保留
full_N2000_K400_H200_nominal_t0p05,maxrst_N2000_K400_H200_nominal_tnative,maxrst,2000,400,200,J_user,-0.3942284732638889,-0.21207580208333335,-0.18215267118055553,,Full均值更优,-0.20433167208640235,-0.1599736702747087,false,156,767,均值方向不等同统计显著性；J区间的重复来源按原表保留
full_N2000_K400_H200_nominal_t0p05,cox_only_N2000_K400_H200_nominal_t0p05,cox_only,2000,400,200,outage_percent,1.9303916666666667,2.603625,-0.6732333333333334,25.857538367980542,Full均值更优,,,,145,847,均值方向不等同统计显著性；J区间的重复来源按原表保留
full_N2000_K400_H200_nominal_t0p05,cox_only_N2000_K400_H200_nominal_t0p05,cox_only,2000,400,200,hof_percent,2.0481913365637006,2.7555378906401113,-0.7073465540764108,25.669999185244162,Full均值更优,,,,146,848,均值方向不等同统计显著性；J区间的重复来源按原表保留
full_N2000_K400_H200_nominal_t0p05,cox_only_N2000_K400_H200_nominal_t0p05,cox_only,2000,400,200,pp_percent,0.15721380471380472,0.0930976430976431,0.06411616161616163,-68.86980108499097,Full均值更差,,,,147,849,均值方向不等同统计显著性；J区间的重复来源按原表保留
full_N2000_K400_H200_nominal_t0p05,cox_only_N2000_K400_H200_nominal_t0p05,cox_only,2000,400,200,peak_normalized,0.9827203541974519,0.9878267440297859,-0.005106389832334024,0.5169317254463857,Full均值更优,,,,150,852,均值方向不等同统计显著性；J区间的重复来源按原表保留
full_N2000_K400_H200_nominal_t0p05,cox_only_N2000_K400_H200_nominal_t0p05,cox_only,2000,400,200,tp_Mbps,190.42835258333335,187.09740125,3.33095133333336,1.780330090679632,Full均值更优,,,,148,850,均值方向不等同统计显著性；J区间的重复来源按原表保留
full_N2000_K400_H200_nominal_t0p05,cox_only_N2000_K400_H200_nominal_t0p05,cox_only,2000,400,200,J_user,-0.3942284732638889,-0.340817734375,-0.053410738888888865,,Full均值更优,-0.07558973979473571,-0.031231737983042074,false,156,858,均值方向不等同统计显著性；J区间的重复来源按原表保留
full_N2000_K400_H200_nominal_t0p05,leo_madrl_N2000_K400_H200_nominal_tnative,leo_madrl,2000,400,200,outage_percent,1.9303916666666667,2.8153333333333332,-0.8849416666666665,31.43292682926829,Full均值更优,,,,145,938,均值方向不等同统计显著性；J区间的重复来源按原表保留
full_N2000_K400_H200_nominal_t0p05,leo_madrl_N2000_K400_H200_nominal_tnative,leo_madrl,2000,400,200,hof_percent,2.0481913365637006,2.887699049907332,-0.8395077133436315,29.071856133019534,Full均值更优,,,,146,939,均值方向不等同统计显著性；J区间的重复来源按原表保留
full_N2000_K400_H200_nominal_t0p05,leo_madrl_N2000_K400_H200_nominal_tnative,leo_madrl,2000,400,200,pp_percent,0.15721380471380472,0.1128956228956229,0.044318181818181826,-39.255890247539526,Full均值更差,,,,147,940,均值方向不等同统计显著性；J区间的重复来源按原表保留
full_N2000_K400_H200_nominal_t0p05,leo_madrl_N2000_K400_H200_nominal_tnative,leo_madrl,2000,400,200,peak_normalized,0.9827203541974519,0.9739685258396878,0.008751828357764002,-0.8985740427514108,Full均值更差,,,,150,943,均值方向不等同统计显著性；J区间的重复来源按原表保留
full_N2000_K400_H200_nominal_t0p05,leo_madrl_N2000_K400_H200_nominal_tnative,leo_madrl,2000,400,200,tp_Mbps,190.42835258333335,187.41594083333334,3.0124117500000125,1.6073401956127695,Full均值更优,,,,148,941,均值方向不等同统计显著性；J区间的重复来源按原表保留
full_N2000_K400_H200_nominal_t0p05,leo_madrl_N2000_K400_H200_nominal_tnative,leo_madrl,2000,400,200,J_user,-0.3942284732638889,-0.3646818534722222,-0.029546619791666673,,Full均值更优,-0.0663469364512041,0.007253696867870762,true,156,949,均值方向不等同统计显著性；J区间的重复来源按原表保留
full_N2000_K500_H200_nominal_t0p05,mlp213_N2000_K500_H200_nominal_t0p05,mlp213,2000,500,200,outage_percent,3.05128,4.12588,-1.0746000000000002,26.04535274898931,Full均值更优,,,,158,327,均值方向不等同统计显著性；J区间的重复来源按原表保留
full_N2000_K500_H200_nominal_t0p05,mlp213_N2000_K500_H200_nominal_t0p05,mlp213,2000,500,200,hof_percent,3.404542375821474,4.525057713000795,-1.1205153371793206,24.76245405577933,Full均值更优,,,,159,328,均值方向不等同统计显著性；J区间的重复来源按原表保留
full_N2000_K500_H200_nominal_t0p05,mlp213_N2000_K500_H200_nominal_t0p05,mlp213,2000,500,200,pp_percent,0.15054545454545454,0.20392592592592593,-0.05338047138047139,26.176402602120003,Full均值更优,,,,160,329,均值方向不等同统计显著性；J区间的重复来源按原表保留
full_N2000_K500_H200_nominal_t0p05,mlp213_N2000_K500_H200_nominal_t0p05,mlp213,2000,500,200,peak_normalized,0.99189915718923,0.9918770742980477,0.00002208289118232898,-0.0022263737870902058,Full均值更差,,,,163,332,均值方向不等同统计显著性；J区间的重复来源按原表保留
full_N2000_K500_H200_nominal_t0p05,mlp213_N2000_K500_H200_nominal_t0p05,mlp213,2000,500,200,tp_Mbps,185.6486898,182.19473486666666,3.4539549333333355,1.8957490378967323,Full均值更优,,,,161,330,均值方向不等同统计显著性；J区间的重复来源按原表保留
full_N2000_K500_H200_nominal_t0p05,mlp213_N2000_K500_H200_nominal_t0p05,mlp213,2000,500,200,J_user,-0.2712549341666667,-0.19539579194444445,-0.07585914222222223,,Full均值更优,-0.08828332554053053,-0.06343495890391393,false,169,338,均值方向不等同统计显著性；J区间的重复来源按原表保留
full_N2000_K500_H200_nominal_t0p05,kan_generic_N2000_K500_H200_nominal_t0p05,kan_generic,2000,500,200,outage_percent,3.05128,4.594,-1.54272,33.58119286025251,Full均值更优,,,,158,496,均值方向不等同统计显著性；J区间的重复来源按原表保留
full_N2000_K500_H200_nominal_t0p05,kan_generic_N2000_K500_H200_nominal_t0p05,kan_generic,2000,500,200,hof_percent,3.404542375821474,4.970283916214684,-1.5657415403932098,31.502054345130087,Full均值更优,,,,159,497,均值方向不等同统计显著性；J区间的重复来源按原表保留
full_N2000_K500_H200_nominal_t0p05,kan_generic_N2000_K500_H200_nominal_t0p05,kan_generic,2000,500,200,pp_percent,0.15054545454545454,0.21569023569023568,-0.06514478114478114,30.20293474867312,Full均值更优,,,,160,498,均值方向不等同统计显著性；J区间的重复来源按原表保留
full_N2000_K500_H200_nominal_t0p05,kan_generic_N2000_K500_H200_nominal_t0p05,kan_generic,2000,500,200,peak_normalized,0.99189915718923,0.9900635644456982,0.0018355927435318442,-0.1854015044538608,Full均值更差,,,,163,501,均值方向不等同统计显著性；J区间的重复来源按原表保留
full_N2000_K500_H200_nominal_t0p05,kan_generic_N2000_K500_H200_nominal_t0p05,kan_generic,2000,500,200,tp_Mbps,185.6486898,181.6698662,3.9788235999999984,2.190139555461399,Full均值更优,,,,161,499,均值方向不等同统计显著性；J区间的重复来源按原表保留
full_N2000_K500_H200_nominal_t0p05,kan_generic_N2000_K500_H200_nominal_t0p05,kan_generic,2000,500,200,J_user,-0.2712549341666667,-0.17534830583333333,-0.09590662833333335,,Full均值更优,-0.12403338566068695,-0.06777987100597974,false,169,507,均值方向不等同统计显著性；J区间的重复来源按原表保留
full_N2000_K500_H200_nominal_t0p05,greedy_analytic_N2000_K500_H200_nominal_t0p05,greedy_analytic,2000,500,200,outage_percent,3.05128,4.147233333333333,-1.0959533333333331,26.4261314772097,Full均值更优,,,,158,587,均值方向不等同统计显著性；J区间的重复来源按原表保留
full_N2000_K500_H200_nominal_t0p05,greedy_analytic_N2000_K500_H200_nominal_t0p05,greedy_analytic,2000,500,200,hof_percent,3.404542375821474,4.469370464805462,-1.064828088983988,23.825012881995153,Full均值更优,,,,159,588,均值方向不等同统计显著性；J区间的重复来源按原表保留
full_N2000_K500_H200_nominal_t0p05,greedy_analytic_N2000_K500_H200_nominal_t0p05,greedy_analytic,2000,500,200,pp_percent,0.15054545454545454,0.019764309764309766,0.13078114478114478,-661.7035775127767,Full均值更差,,,,160,589,均值方向不等同统计显著性；J区间的重复来源按原表保留
full_N2000_K500_H200_nominal_t0p05,greedy_analytic_N2000_K500_H200_nominal_t0p05,greedy_analytic,2000,500,200,peak_normalized,0.99189915718923,0.9932093171618397,-0.001310159972609637,0.13191176824171408,Full均值更优,,,,163,592,均值方向不等同统计显著性；J区间的重复来源按原表保留
full_N2000_K500_H200_nominal_t0p05,greedy_analytic_N2000_K500_H200_nominal_t0p05,greedy_analytic,2000,500,200,tp_Mbps,185.6486898,184.20251033333332,1.4461794666666776,0.7851030173528405,Full均值更优,,,,161,590,均值方向不等同统计显著性；J区间的重复来源按原表保留
full_N2000_K500_H200_nominal_t0p05,greedy_analytic_N2000_K500_H200_nominal_t0p05,greedy_analytic,2000,500,200,J_user,-0.2712549341666667,-0.2357048263888889,-0.035550107777777784,,Full均值更优,-0.06455534341512868,-0.006544872140426882,false,169,598,均值方向不等同统计显著性；J区间的重复来源按原表保留
full_N2000_K500_H200_nominal_t0p05,maxsinr_ttt_N2000_K500_H200_nominal_tnative,maxsinr_ttt,2000,500,200,outage_percent,3.05128,4.634933333333334,-1.5836533333333334,34.167769403371494,Full均值更优,,,,158,678,均值方向不等同统计显著性；J区间的重复来源按原表保留
full_N2000_K500_H200_nominal_t0p05,maxsinr_ttt_N2000_K500_H200_nominal_tnative,maxsinr_ttt,2000,500,200,hof_percent,3.404542375821474,5.260425043552,-1.8558826677305258,35.28008958145665,Full均值更优,,,,159,679,均值方向不等同统计显著性；J区间的重复来源按原表保留
full_N2000_K500_H200_nominal_t0p05,maxsinr_ttt_N2000_K500_H200_nominal_tnative,maxsinr_ttt,2000,500,200,pp_percent,0.15054545454545454,0.0065656565656565654,0.14397979797979799,-2192.923076923077,Full均值更差,,,,160,680,均值方向不等同统计显著性；J区间的重复来源按原表保留
full_N2000_K500_H200_nominal_t0p05,maxsinr_ttt_N2000_K500_H200_nominal_tnative,maxsinr_ttt,2000,500,200,peak_normalized,0.99189915718923,0.9962700541781139,-0.004370896988883821,0.4387261235599067,Full均值更优,,,,163,683,均值方向不等同统计显著性；J区间的重复来源按原表保留
full_N2000_K500_H200_nominal_t0p05,maxsinr_ttt_N2000_K500_H200_nominal_tnative,maxsinr_ttt,2000,500,200,tp_Mbps,185.6486898,183.20874533333333,2.439944466666674,1.3317838415559227,Full均值更优,,,,161,681,均值方向不等同统计显著性；J区间的重复来源按原表保留
full_N2000_K500_H200_nominal_t0p05,maxsinr_ttt_N2000_K500_H200_nominal_tnative,maxsinr_ttt,2000,500,200,J_user,-0.2712549341666667,-0.17562797222222223,-0.09562696194444445,,Full均值更优,-0.12463219758179535,-0.06662172630709355,false,169,689,均值方向不等同统计显著性；J区间的重复来源按原表保留
full_N2000_K500_H200_nominal_t0p05,maxrst_N2000_K500_H200_nominal_tnative,maxrst,2000,500,200,outage_percent,3.05128,6.3978,-3.34652,52.30735565350589,Full均值更优,,,,158,769,均值方向不等同统计显著性；J区间的重复来源按原表保留
full_N2000_K500_H200_nominal_t0p05,maxrst_N2000_K500_H200_nominal_tnative,maxrst,2000,500,200,hof_percent,3.404542375821474,7.09019082894704,-3.6856484531255655,51.98235903719561,Full均值更优,,,,159,770,均值方向不等同统计显著性；J区间的重复来源按原表保留
full_N2000_K500_H200_nominal_t0p05,maxrst_N2000_K500_H200_nominal_tnative,maxrst,2000,500,200,pp_percent,0.15054545454545454,0.002760942760942761,0.14778451178451177,-5352.682926829268,Full均值更差,,,,160,771,均值方向不等同统计显著性；J区间的重复来源按原表保留
full_N2000_K500_H200_nominal_t0p05,maxrst_N2000_K500_H200_nominal_tnative,maxrst,2000,500,200,peak_normalized,0.99189915718923,0.9968365546850378,-0.004937397495807794,0.4953066250031152,Full均值更优,,,,163,774,均值方向不等同统计显著性；J区间的重复来源按原表保留
full_N2000_K500_H200_nominal_t0p05,maxrst_N2000_K500_H200_nominal_tnative,maxrst,2000,500,200,tp_Mbps,185.6486898,170.82254133333333,14.826148466666666,8.679269346388992,Full均值更优,,,,161,772,均值方向不等同统计显著性；J区间的重复来源按原表保留
full_N2000_K500_H200_nominal_t0p05,maxrst_N2000_K500_H200_nominal_tnative,maxrst,2000,500,200,J_user,-0.2712549341666667,-0.029042922222222215,-0.24221201194444447,,Full均值更优,-0.27121724758179533,-0.21320677630709353,false,169,780,均值方向不等同统计显著性；J区间的重复来源按原表保留
full_N2000_K500_H200_nominal_t0p05,cox_only_N2000_K500_H200_nominal_t0p05,cox_only,2000,500,200,outage_percent,3.05128,4.076666666666666,-1.025386666666666,25.15257563368764,Full均值更优,,,,158,860,均值方向不等同统计显著性；J区间的重复来源按原表保留
full_N2000_K500_H200_nominal_t0p05,cox_only_N2000_K500_H200_nominal_t0p05,cox_only,2000,500,200,hof_percent,3.404542375821474,4.5247638853445205,-1.1202215095230463,24.757568304312777,Full均值更优,,,,159,861,均值方向不等同统计显著性；J区间的重复来源按原表保留
full_N2000_K500_H200_nominal_t0p05,cox_only_N2000_K500_H200_nominal_t0p05,cox_only,2000,500,200,pp_percent,0.15054545454545454,0.08791245791245791,0.06263299663299662,-71.24473381846035,Full均值更差,,,,160,862,均值方向不等同统计显著性；J区间的重复来源按原表保留
full_N2000_K500_H200_nominal_t0p05,cox_only_N2000_K500_H200_nominal_t0p05,cox_only,2000,500,200,peak_normalized,0.99189915718923,0.9938897057544781,-0.0019905485652480515,0.20027861781071504,Full均值更优,,,,163,865,均值方向不等同统计显著性；J区间的重复来源按原表保留
full_N2000_K500_H200_nominal_t0p05,cox_only_N2000_K500_H200_nominal_t0p05,cox_only,2000,500,200,tp_Mbps,185.6486898,181.66868866666667,3.9800011333333316,2.190801927698176,Full均值更优,,,,161,863,均值方向不等同统计显著性；J区间的重复来源按原表保留
full_N2000_K500_H200_nominal_t0p05,cox_only_N2000_K500_H200_nominal_t0p05,cox_only,2000,500,200,J_user,-0.2712549341666667,-0.19888781944444445,-0.07236711472222224,,Full均值更优,-0.10137235035957312,-0.043361879084871324,false,169,871,均值方向不等同统计显著性；J区间的重复来源按原表保留
full_N2000_K500_H200_nominal_t0p05,leo_madrl_N2000_K500_H200_nominal_tnative,leo_madrl,2000,500,200,outage_percent,3.05128,4.162906666666666,-1.111626666666666,26.70313691074825,Full均值更优,,,,158,951,均值方向不等同统计显著性；J区间的重复来源按原表保留
full_N2000_K500_H200_nominal_t0p05,leo_madrl_N2000_K500_H200_nominal_tnative,leo_madrl,2000,500,200,hof_percent,3.404542375821474,4.387859019933944,-0.9833166441124699,22.40994160581014,Full均值更优,,,,159,952,均值方向不等同统计显著性；J区间的重复来源按原表保留
full_N2000_K500_H200_nominal_t0p05,leo_madrl_N2000_K500_H200_nominal_tnative,leo_madrl,2000,500,200,pp_percent,0.15054545454545454,0.10754882154882156,0.04299663299663298,-39.97871141443865,Full均值更差,,,,160,953,均值方向不等同统计显著性；J区间的重复来源按原表保留
full_N2000_K500_H200_nominal_t0p05,leo_madrl_N2000_K500_H200_nominal_tnative,leo_madrl,2000,500,200,peak_normalized,0.99189915718923,0.9856388363928541,0.006260320796375951,-0.6351536247584225,Full均值更差,,,,163,956,均值方向不等同统计显著性；J区间的重复来源按原表保留
full_N2000_K500_H200_nominal_t0p05,leo_madrl_N2000_K500_H200_nominal_tnative,leo_madrl,2000,500,200,tp_Mbps,185.6486898,182.45107633333333,3.1976134666666667,1.7525867925408731,Full均值更优,,,,161,954,均值方向不等同统计显著性；J区间的重复来源按原表保留
full_N2000_K500_H200_nominal_t0p05,leo_madrl_N2000_K500_H200_nominal_tnative,leo_madrl,2000,500,200,J_user,-0.2712549341666667,-0.2344079013888889,-0.03684703277777779,,Full均值更优,-0.085173442640015,0.01147937708445941,true,169,962,均值方向不等同统计显著性；J区间的重复来源按原表保留
