result_id,dataset_version,method_id,method_name,original_method_name,N_sat,K,H,weight_id,tau_hyst,metric,mean,sample_sd,unit,aggregation_unit,n_units_protocol,valid_episode_counts,source_id,source_row,source_fields,used_in,evidence_status,implementation_mapping,dataset_role,current_revision_use
v12_full_N500_K100_H50_nominal_active_load_variance,v12_reported,full,Cox-PhysiCK,Cox_PhysiCK,500,100,50,nominal,0.05,active_load_variance,0.0082177808313235,0.0010810120711241,dimensionless,training_seed_mean,5,,S01,8,active_load_variance: mean and SD from source row,源汇总；现稿未直接展示,现稿及对应源文件报告值,未独立复现算法；复用须保持实际方法和统计协议一致,历史控制结果，仅作旧版对照,重复场景优先v14；禁止混合均值/SD/成本
v12_full_N500_K100_H50_nominal_hof_percent,v12_reported,full,Cox-PhysiCK,Cox_PhysiCK,500,100,50,nominal,0.05,hof_percent,0.6498053200519524,0.1562842479911853,percent,training_seed_mean,5,,S01,8,hof_percent: mean and SD from source row,源汇总；现稿未直接展示,现稿及对应源文件报告值,未独立复现算法；复用须保持实际方法和统计协议一致,历史控制结果，仅作旧版对照,重复场景优先v14；禁止混合均值/SD/成本
v12_full_N500_K100_H50_nominal_outage_percent,v12_reported,full,Cox-PhysiCK,Cox_PhysiCK,500,100,50,nominal,0.05,outage_percent,0.5912,0.1310474044848741,percent,training_seed_mean,5,,S01,8,outage_percent: mean and SD from source row,源汇总；现稿未直接展示,现稿及对应源文件报告值,未独立复现算法；复用须保持实际方法和统计协议一致,历史控制结果，仅作旧版对照,重复场景优先v14；禁止混合均值/SD/成本
v12_full_N500_K100_H50_nominal_peak_normalized,v12_reported,full,Cox-PhysiCK,Cox_PhysiCK,500,100,50,nominal,0.05,peak_normalized,0.4066548627080222,0.0064909116008527,dimensionless,training_seed_mean,5,,S01,8,peak_normalized: mean and SD from source row,源汇总；现稿未直接展示,现稿及对应源文件报告值,未独立复现算法；复用须保持实际方法和统计协议一致,历史控制结果，仅作旧版对照,重复场景优先v14；禁止混合均值/SD/成本
v12_full_N500_K100_H50_nominal_pp_percent,v12_reported,full,Cox-PhysiCK,Cox_PhysiCK,500,100,50,nominal,0.05,pp_percent,5.7425,0.9230222642540332,percent,training_seed_mean,5,,S01,8,pp_percent: mean and SD from source row,源汇总；现稿未直接展示,现稿及对应源文件报告值,未独立复现算法；复用须保持实际方法和统计协议一致,历史控制结果，仅作旧版对照,重复场景优先v14；禁止混合均值/SD/成本
v12_full_N500_K100_H50_nominal_served_p5tp_Mbps,v12_reported,full,Cox-PhysiCK,Cox_PhysiCK,500,100,50,nominal,0.05,served_p5tp_Mbps,136.00858662923184,4.446651200701666,Mbps,training_seed_mean,5,,S01,8,served_p5tp_Mbps: mean and SD from source row,源汇总；现稿未直接展示,现稿及对应源文件报告值,未独立复现算法；复用须保持实际方法和统计协议一致,历史控制结果，仅作旧版对照,重复场景优先v14；禁止混合均值/SD/成本
v12_full_N500_K100_H50_nominal_tp_Mbps,v12_reported,full,Cox-PhysiCK,Cox_PhysiCK,500,100,50,nominal,0.05,tp_Mbps,233.2528839022929,6.387776189471826,Mbps,training_seed_mean,5,,S01,8,tp_Mbps: mean and SD from source row,源汇总；现稿未直接展示,现稿及对应源文件报告值,未独立复现算法；复用须保持实际方法和统计协议一致,历史控制结果，仅作旧版对照,重复场景优先v14；禁止混合均值/SD/成本
v12_kan_generic_N500_K100_H50_nominal_active_load_variance,v12_reported,kan_generic,TGN-KAN,TGN_KAN,500,100,50,nominal,0.05,active_load_variance,0.0095744805429342,0.0002840739801538,dimensionless,training_seed_mean,5,,S01,5,active_load_variance: mean and SD from source row,源汇总；现稿未直接展示,现稿及对应源文件报告值,未独立复现算法；复用须保持实际方法和统计协议一致,历史控制结果，仅作旧版对照,重复场景优先v14；禁止混合均值/SD/成本
v12_kan_generic_N500_K100_H50_nominal_hof_percent,v12_reported,kan_generic,TGN-KAN,TGN_KAN,500,100,50,nominal,0.05,hof_percent,8.236519195631335,1.2469970365341028,percent,training_seed_mean,5,,S01,5,hof_percent: mean and SD from source row,源汇总；现稿未直接展示,现稿及对应源文件报告值,未独立复现算法；复用须保持实际方法和统计协议一致,历史控制结果，仅作旧版对照,重复场景优先v14；禁止混合均值/SD/成本
v12_kan_generic_N500_K100_H50_nominal_outage_percent,v12_reported,kan_generic,TGN-KAN,TGN_KAN,500,100,50,nominal,0.05,outage_percent,5.746133333333335,1.1066683132517872,percent,training_seed_mean,5,,S01,5,outage_percent: mean and SD from source row,源汇总；现稿未直接展示,现稿及对应源文件报告值,未独立复现算法；复用须保持实际方法和统计协议一致,历史控制结果，仅作旧版对照,重复场景优先v14；禁止混合均值/SD/成本
v12_kan_generic_N500_K100_H50_nominal_peak_normalized,v12_reported,kan_generic,TGN-KAN,TGN_KAN,500,100,50,nominal,0.05,peak_normalized,0.3816398694699838,0.0080496484419035,dimensionless,training_seed_mean,5,,S01,5,peak_normalized: mean and SD from source row,源汇总；现稿未直接展示,现稿及对应源文件报告值,未独立复现算法；复用须保持实际方法和统计协议一致,历史控制结果，仅作旧版对照,重复场景优先v14；禁止混合均值/SD/成本
v12_kan_generic_N500_K100_H50_nominal_pp_percent,v12_reported,kan_generic,TGN-KAN,TGN_KAN,500,100,50,nominal,0.05,pp_percent,19.188333333333333,1.072954579517133,percent,training_seed_mean,5,,S01,5,pp_percent: mean and SD from source row,源汇总；现稿未直接展示,现稿及对应源文件报告值,未独立复现算法；复用须保持实际方法和统计协议一致,历史控制结果，仅作旧版对照,重复场景优先v14；禁止混合均值/SD/成本
v12_kan_generic_N500_K100_H50_nominal_served_p5tp_Mbps,v12_reported,kan_generic,TGN-KAN,TGN_KAN,500,100,50,nominal,0.05,served_p5tp_Mbps,47.214030439376835,0.8825642148348815,Mbps,training_seed_mean,5,,S01,5,served_p5tp_Mbps: mean and SD from source row,源汇总；现稿未直接展示,现稿及对应源文件报告值,未独立复现算法；复用须保持实际方法和统计协议一致,历史控制结果，仅作旧版对照,重复场景优先v14；禁止混合均值/SD/成本
v12_kan_generic_N500_K100_H50_nominal_tp_Mbps,v12_reported,kan_generic,TGN-KAN,TGN_KAN,500,100,50,nominal,0.05,tp_Mbps,148.83488528314464,7.699394891049818,Mbps,training_seed_mean,5,,S01,5,tp_Mbps: mean and SD from source row,源汇总；现稿未直接展示,现稿及对应源文件报告值,未独立复现算法；复用须保持实际方法和统计协议一致,历史控制结果，仅作旧版对照,重复场景优先v14；禁止混合均值/SD/成本
v12_mlp128_N500_K100_H50_nominal_active_load_variance,v12_reported,mlp128,TGN-MLP (128),TGN_MLP,500,100,50,nominal,0.05,active_load_variance,0.0136445076799014,0.0002124647989131,dimensionless,training_seed_mean,5,,S01,2,active_load_variance: mean and SD from source row,源汇总；现稿未直接展示,现稿及对应源文件报告值,未独立复现算法；复用须保持实际方法和统计协议一致,历史控制结果，仅作旧版对照,重复场景优先v14；禁止混合均值/SD/成本
v12_mlp128_N500_K100_H50_nominal_hof_percent,v12_reported,mlp128,TGN-MLP (128),TGN_MLP,500,100,50,nominal,0.05,hof_percent,9.259181159375904,0.8367906259061452,percent,training_seed_mean,5,,S01,2,hof_percent: mean and SD from source row,源汇总；现稿未直接展示,现稿及对应源文件报告值,未独立复现算法；复用须保持实际方法和统计协议一致,历史控制结果，仅作旧版对照,重复场景优先v14；禁止混合均值/SD/成本
v12_mlp128_N500_K100_H50_nominal_outage_percent,v12_reported,mlp128,TGN-MLP (128),TGN_MLP,500,100,50,nominal,0.05,outage_percent,5.522666666666666,0.7025300309911627,percent,training_seed_mean,5,,S01,2,outage_percent: mean and SD from source row,源汇总；现稿未直接展示,现稿及对应源文件报告值,未独立复现算法；复用须保持实际方法和统计协议一致,历史控制结果，仅作旧版对照,重复场景优先v14；禁止混合均值/SD/成本
v12_mlp128_N500_K100_H50_nominal_peak_normalized,v12_reported,mlp128,TGN-MLP (128),TGN_MLP,500,100,50,nominal,0.05,peak_normalized,0.551470549628761,0.0166456134103964,dimensionless,training_seed_mean,5,,S01,2,peak_normalized: mean and SD from source row,源汇总；现稿未直接展示,现稿及对应源文件报告值,未独立复现算法；复用须保持实际方法和统计协议一致,历史控制结果，仅作旧版对照,重复场景优先v14；禁止混合均值/SD/成本
v12_mlp128_N500_K100_H50_nominal_pp_percent,v12_reported,mlp128,TGN-MLP (128),TGN_MLP,500,100,50,nominal,0.05,pp_percent,13.434305555555556,0.4971433150455159,percent,training_seed_mean,5,,S01,2,pp_percent: mean and SD from source row,源汇总；现稿未直接展示,现稿及对应源文件报告值,未独立复现算法；复用须保持实际方法和统计协议一致,历史控制结果，仅作旧版对照,重复场景优先v14；禁止混合均值/SD/成本
v12_mlp128_N500_K100_H50_nominal_served_p5tp_Mbps,v12_reported,mlp128,TGN-MLP (128),TGN_MLP,500,100,50,nominal,0.05,served_p5tp_Mbps,43.67226646550497,0.9135936466669464,Mbps,training_seed_mean,5,,S01,2,served_p5tp_Mbps: mean and SD from source row,源汇总；现稿未直接展示,现稿及对应源文件报告值,未独立复现算法；复用须保持实际方法和统计协议一致,历史控制结果，仅作旧版对照,重复场景优先v14；禁止混合均值/SD/成本
v12_mlp128_N500_K100_H50_nominal_tp_Mbps,v12_reported,mlp128,TGN-MLP (128),TGN_MLP,500,100,50,nominal,0.05,tp_Mbps,148.9211095387904,7.496929838280914,Mbps,training_seed_mean,5,,S01,2,tp_Mbps: mean and SD from source row,源汇总；现稿未直接展示,现稿及对应源文件报告值,未独立复现算法；复用须保持实际方法和统计协议一致,历史控制结果，仅作旧版对照,重复场景优先v14；禁止混合均值/SD/成本
v12_cox_only_N500_K100_H200_nominal_hof_percent,v12_reported,cox_only,Cox-only,Cox_only,500,100,200,nominal,0.05,hof_percent,1.78,0.48,percent,test_episode,30,,S04,2,hof_percent: mean and SD from source row,Table VII,现稿及对应源文件报告值,未独立复现算法；复用须保持实际方法和统计协议一致,历史控制结果，仅作旧版对照,重复场景优先v14；禁止混合均值/SD/成本
v12_cox_only_N500_K100_H200_nominal_outage_percent,v12_reported,cox_only,Cox-only,Cox_only,500,100,200,nominal,0.05,outage_percent,1.82,0.36,percent,test_episode,30,,S04,2,outage_percent: mean and SD from source row,源汇总；现稿未直接展示,现稿及对应源文件报告值,未独立复现算法；复用须保持实际方法和统计协议一致,历史控制结果，仅作旧版对照,重复场景优先v14；禁止混合均值/SD/成本
v12_cox_only_N500_K100_H200_nominal_peak_normalized,v12_reported,cox_only,Cox-only,Cox_only,500,100,200,nominal,0.05,peak_normalized,0.47,0.055,dimensionless,test_episode,30,,S04,2,peak_normalized: mean and SD from source row,Table VII,现稿及对应源文件报告值,未独立复现算法；复用须保持实际方法和统计协议一致,历史控制结果，仅作旧版对照,重复场景优先v14；禁止混合均值/SD/成本
v12_cox_only_N500_K100_H200_nominal_pp_percent,v12_reported,cox_only,Cox-only,Cox_only,500,100,200,nominal,0.05,pp_percent,6.82,1.21,percent,test_episode,30,,S04,2,pp_percent: mean and SD from source row,Table VII,现稿及对应源文件报告值,未独立复现算法；复用须保持实际方法和统计协议一致,历史控制结果，仅作旧版对照,重复场景优先v14；禁止混合均值/SD/成本
v12_cox_only_N500_K100_H200_nominal_tp_Mbps,v12_reported,cox_only,Cox-only,Cox_only,500,100,200,nominal,0.05,tp_Mbps,213.6,17.9,Mbps,test_episode,30,,S04,2,tp_Mbps: mean and SD from source row,Table VII,现稿及对应源文件报告值,未独立复现算法；复用须保持实际方法和统计协议一致,历史控制结果，仅作旧版对照,重复场景优先v14；禁止混合均值/SD/成本
v12_full_N500_K100_H200_nominal_active_load_variance,v12_reported,full,Cox-PhysiCK,Cox_PhysiCK,500,100,200,nominal,0.05,active_load_variance,0.0080648494466998,0.0011168850332724,dimensionless,training_seed_mean,5,,S01,9,active_load_variance: mean and SD from source row,源汇总；现稿未直接展示,现稿及对应源文件报告值,未独立复现算法；复用须保持实际方法和统计协议一致,历史控制结果，仅作旧版对照,重复场景优先v14；禁止混合均值/SD/成本
v12_full_N500_K100_H200_nominal_hof_percent,v12_reported,full,Cox-PhysiCK,Cox_PhysiCK,500,100,200,nominal,0.05,hof_percent,0.6068129448349829,0.1080062977058798,percent,training_seed_mean,5,,S01,9,hof_percent: mean and SD from source row,Table VII,现稿及对应源文件报告值,未独立复现算法；复用须保持实际方法和统计协议一致,历史控制结果，仅作旧版对照,重复场景优先v14；禁止混合均值/SD/成本
v12_full_N500_K100_H200_nominal_outage_percent,v12_reported,full,Cox-PhysiCK,Cox_PhysiCK,500,100,200,nominal,0.05,outage_percent,0.5721999999999999,0.1238644196064569,percent,training_seed_mean,5,,S01,9,outage_percent: mean and SD from source row,源汇总；现稿未直接展示,现稿及对应源文件报告值,未独立复现算法；复用须保持实际方法和统计协议一致,历史控制结果，仅作旧版对照,重复场景优先v14；禁止混合均值/SD/成本
v12_full_N500_K100_H200_nominal_peak_normalized,v12_reported,full,Cox-PhysiCK,Cox_PhysiCK,500,100,200,nominal,0.05,peak_normalized,0.4578262535963421,0.006619188066618,dimensionless,training_seed_mean,5,,S01,9,peak_normalized: mean and SD from source row,Table VII,现稿及对应源文件报告值,未独立复现算法；复用须保持实际方法和统计协议一致,历史控制结果，仅作旧版对照,重复场景优先v14；禁止混合均值/SD/成本
v12_full_N500_K100_H200_nominal_pp_percent,v12_reported,full,Cox-PhysiCK,Cox_PhysiCK,500,100,200,nominal,0.05,pp_percent,5.861144781144782,0.9453967812363462,percent,training_seed_mean,5,,S01,9,pp_percent: mean and SD from source row,Table VII,现稿及对应源文件报告值,未独立复现算法；复用须保持实际方法和统计协议一致,历史控制结果，仅作旧版对照,重复场景优先v14；禁止混合均值/SD/成本
v12_full_N500_K100_H200_nominal_served_p5tp_Mbps,v12_reported,full,Cox-PhysiCK,Cox_PhysiCK,500,100,200,nominal,0.05,served_p5tp_Mbps,134.78437549082443,5.51036158969519,Mbps,training_seed_mean,5,,S01,9,served_p5tp_Mbps: mean and SD from source row,源汇总；现稿未直接展示,现稿及对应源文件报告值,未独立复现算法；复用须保持实际方法和统计协议一致,历史控制结果，仅作旧版对照,重复场景优先v14；禁止混合均值/SD/成本
v12_full_N500_K100_H200_nominal_tp_Mbps,v12_reported,full,Cox-PhysiCK,Cox_PhysiCK,500,100,200,nominal,0.05,tp_Mbps,233.31557202609125,6.394042995822871,Mbps,training_seed_mean,5,,S01,9,tp_Mbps: mean and SD from source row,Table VII,现稿及对应源文件报告值,未独立复现算法；复用须保持实际方法和统计协议一致,历史控制结果，仅作旧版对照,重复场景优先v14；禁止混合均值/SD/成本
v12_kan_generic_N500_K100_H200_nominal_active_load_variance,v12_reported,kan_generic,TGN-KAN,TGN_KAN,500,100,200,nominal,0.05,active_load_variance,0.00953955073956,0.0002760865073772,dimensionless,training_seed_mean,5,,S01,6,active_load_variance: mean and SD from source row,源汇总；现稿未直接展示,现稿及对应源文件报告值,未独立复现算法；复用须保持实际方法和统计协议一致,历史控制结果，仅作旧版对照,重复场景优先v14；禁止混合均值/SD/成本
v12_kan_generic_N500_K100_H200_nominal_hof_percent,v12_reported,kan_generic,TGN-KAN,TGN_KAN,500,100,200,nominal,0.05,hof_percent,8.63434393875621,1.1959400359166283,percent,training_seed_mean,5,,S01,6,hof_percent: mean and SD from source row,源汇总；现稿未直接展示,现稿及对应源文件报告值,未独立复现算法；复用须保持实际方法和统计协议一致,历史控制结果，仅作旧版对照,重复场景优先v14；禁止混合均值/SD/成本
v12_kan_generic_N500_K100_H200_nominal_outage_percent,v12_reported,kan_generic,TGN-KAN,TGN_KAN,500,100,200,nominal,0.05,outage_percent,6.235,1.147626360750262,percent,training_seed_mean,5,,S01,6,outage_percent: mean and SD from source row,源汇总；现稿未直接展示,现稿及对应源文件报告值,未独立复现算法；复用须保持实际方法和统计协议一致,历史控制结果，仅作旧版对照,重复场景优先v14；禁止混合均值/SD/成本
v12_kan_generic_N500_K100_H200_nominal_peak_normalized,v12_reported,kan_generic,TGN-KAN,TGN_KAN,500,100,200,nominal,0.05,peak_normalized,0.4138632213489853,0.0118334745730364,dimensionless,training_seed_mean,5,,S01,6,peak_normalized: mean and SD from source row,源汇总；现稿未直接展示,现稿及对应源文件报告值,未独立复现算法；复用须保持实际方法和统计协议一致,历史控制结果，仅作旧版对照,重复场景优先v14；禁止混合均值/SD/成本
v12_kan_generic_N500_K100_H200_nominal_pp_percent,v12_reported,kan_generic,TGN-KAN,TGN_KAN,500,100,200,nominal,0.05,pp_percent,19.7116835016835,1.0570819316962463,percent,training_seed_mean,5,,S01,6,pp_percent: mean and SD from source row,源汇总；现稿未直接展示,现稿及对应源文件报告值,未独立复现算法；复用须保持实际方法和统计协议一致,历史控制结果，仅作旧版对照,重复场景优先v14；禁止混合均值/SD/成本
v12_kan_generic_N500_K100_H200_nominal_served_p5tp_Mbps,v12_reported,kan_generic,TGN-KAN,TGN_KAN,500,100,200,nominal,0.05,served_p5tp_Mbps,46.32573225911459,1.0288285043995802,Mbps,training_seed_mean,5,,S01,6,served_p5tp_Mbps: mean and SD from source row,源汇总；现稿未直接展示,现稿及对应源文件报告值,未独立复现算法；复用须保持实际方法和统计协议一致,历史控制结果，仅作旧版对照,重复场景优先v14；禁止混合均值/SD/成本
v12_kan_generic_N500_K100_H200_nominal_tp_Mbps,v12_reported,kan_generic,TGN-KAN,TGN_KAN,500,100,200,nominal,0.05,tp_Mbps,145.99424242823093,7.612830581529523,Mbps,training_seed_mean,5,,S01,6,tp_Mbps: mean and SD from source row,源汇总；现稿未直接展示,现稿及对应源文件报告值,未独立复现算法；复用须保持实际方法和统计协议一致,历史控制结果，仅作旧版对照,重复场景优先v14；禁止混合均值/SD/成本
v12_mlp128_N500_K100_H200_nominal_active_load_variance,v12_reported,mlp128,TGN-MLP (128),TGN_MLP,500,100,200,nominal,0.05,active_load_variance,0.0134824517029786,0.0001463936139457,dimensionless,training_seed_mean,5,,S01,3,active_load_variance: mean and SD from source row,源汇总；现稿未直接展示,现稿及对应源文件报告值,未独立复现算法；复用须保持实际方法和统计协议一致,历史控制结果，仅作旧版对照,重复场景优先v14；禁止混合均值/SD/成本
v12_mlp128_N500_K100_H200_nominal_hof_percent,v12_reported,mlp128,TGN-MLP (128),TGN_MLP,500,100,200,nominal,0.05,hof_percent,9.72498463104966,0.966535146285766,percent,training_seed_mean,5,,S01,3,hof_percent: mean and SD from source row,源汇总；现稿未直接展示,现稿及对应源文件报告值,未独立复现算法；复用须保持实际方法和统计协议一致,历史控制结果，仅作旧版对照,重复场景优先v14；禁止混合均值/SD/成本
v12_mlp128_N500_K100_H200_nominal_outage_percent,v12_reported,mlp128,TGN-MLP (128),TGN_MLP,500,100,200,nominal,0.05,outage_percent,6.024499999999999,0.7856977878859587,percent,training_seed_mean,5,,S01,3,outage_percent: mean and SD from source row,源汇总；现稿未直接展示,现稿及对应源文件报告值,未独立复现算法；复用须保持实际方法和统计协议一致,历史控制结果，仅作旧版对照,重复场景优先v14；禁止混合均值/SD/成本
v12_mlp128_N500_K100_H200_nominal_peak_normalized,v12_reported,mlp128,TGN-MLP (128),TGN_MLP,500,100,200,nominal,0.05,peak_normalized,0.6130048980155645,0.0108191569859023,dimensionless,training_seed_mean,5,,S01,3,peak_normalized: mean and SD from source row,源汇总；现稿未直接展示,现稿及对应源文件报告值,未独立复现算法；复用须保持实际方法和统计协议一致,历史控制结果，仅作旧版对照,重复场景优先v14；禁止混合均值/SD/成本
v12_mlp128_N500_K100_H200_nominal_pp_percent,v12_reported,mlp128,TGN-MLP (128),TGN_MLP,500,100,200,nominal,0.05,pp_percent,13.78131313131313,0.4812637101403861,percent,training_seed_mean,5,,S01,3,pp_percent: mean and SD from source row,源汇总；现稿未直接展示,现稿及对应源文件报告值,未独立复现算法；复用须保持实际方法和统计协议一致,历史控制结果，仅作旧版对照,重复场景优先v14；禁止混合均值/SD/成本
v12_mlp128_N500_K100_H200_nominal_served_p5tp_Mbps,v12_reported,mlp128,TGN-MLP (128),TGN_MLP,500,100,200,nominal,0.05,served_p5tp_Mbps,42.12298545964559,0.7545087119842488,Mbps,training_seed_mean,5,,S01,3,served_p5tp_Mbps: mean and SD from source row,源汇总；现稿未直接展示,现稿及对应源文件报告值,未独立复现算法；复用须保持实际方法和统计协议一致,历史控制结果，仅作旧版对照,重复场景优先v14；禁止混合均值/SD/成本
v12_mlp128_N500_K100_H200_nominal_tp_Mbps,v12_reported,mlp128,TGN-MLP (128),TGN_MLP,500,100,200,nominal,0.05,tp_Mbps,145.87635243197187,7.376562555173814,Mbps,training_seed_mean,5,,S01,3,tp_Mbps: mean and SD from source row,源汇总；现稿未直接展示,现稿及对应源文件报告值,未独立复现算法；复用须保持实际方法和统计协议一致,历史控制结果，仅作旧版对照,重复场景优先v14；禁止混合均值/SD/成本
v12_mlp213_N500_K100_H200_nominal_hof_percent,v12_reported,mlp213,No kernel bank (MLP213),No_kernel_bank,500,100,200,nominal,0.05,hof_percent,2.2373755005695526,0.3962954316176226,percent,training_seed_mean,5,,S03,5,hof_percent: mean and SD from source row,Table VII,现稿及对应源文件报告值,未独立复现算法；复用须保持实际方法和统计协议一致,历史控制结果，仅作旧版对照,重复场景优先v14；禁止混合均值/SD/成本
v12_mlp213_N500_K100_H200_nominal_peak_normalized,v12_reported,mlp213,No kernel bank (MLP213),No_kernel_bank,500,100,200,nominal,0.05,peak_normalized,0.4103231795291304,0.002670423406543,dimensionless,training_seed_mean,5,,S03,5,peak_normalized: mean and SD from source row,Table VII,现稿及对应源文件报告值,未独立复现算法；复用须保持实际方法和统计协议一致,历史控制结果，仅作旧版对照,重复场景优先v14；禁止混合均值/SD/成本
v12_mlp213_N500_K100_H200_nominal_pp_percent,v12_reported,mlp213,No kernel bank (MLP213),No_kernel_bank,500,100,200,nominal,0.05,pp_percent,10.775824915824916,1.5024904908785732,percent,training_seed_mean,5,,S03,5,pp_percent: mean and SD from source row,Table VII,现稿及对应源文件报告值,未独立复现算法；复用须保持实际方法和统计协议一致,历史控制结果，仅作旧版对照,重复场景优先v14；禁止混合均值/SD/成本
v12_mlp213_N500_K100_H200_nominal_tp_Mbps,v12_reported,mlp213,No kernel bank (MLP213),No_kernel_bank,500,100,200,nominal,0.05,tp_Mbps,212.79347280896187,5.741588535039535,Mbps,training_seed_mean,5,,S03,5,tp_Mbps: mean and SD from source row,Table VII,现稿及对应源文件报告值,未独立复现算法；复用须保持实际方法和统计协议一致,历史控制结果，仅作旧版对照,重复场景优先v14；禁止混合均值/SD/成本
v12_mlp_coeff_N500_K100_H200_nominal_hof_percent,v12_reported,mlp_coeff,PhysiCK + MLP coefficient head,MLP_coefficient_head,500,100,200,nominal,0.05,hof_percent,0.8721045111489026,0.1623964055065398,percent,training_seed_mean,5,,S03,8,hof_percent: mean and SD from source row,Table VII,现稿及对应源文件报告值,未独立复现算法；复用须保持实际方法和统计协议一致,历史控制结果，仅作旧版对照,重复场景优先v14；禁止混合均值/SD/成本
v12_mlp_coeff_N500_K100_H200_nominal_peak_normalized,v12_reported,mlp_coeff,PhysiCK + MLP coefficient head,MLP_coefficient_head,500,100,200,nominal,0.05,peak_normalized,0.4423918227853893,0.0031997993413599,dimensionless,training_seed_mean,5,,S03,8,peak_normalized: mean and SD from source row,Table VII,现稿及对应源文件报告值,未独立复现算法；复用须保持实际方法和统计协议一致,历史控制结果，仅作旧版对照,重复场景优先v14；禁止混合均值/SD/成本
v12_mlp_coeff_N500_K100_H200_nominal_pp_percent,v12_reported,mlp_coeff,PhysiCK + MLP coefficient head,MLP_coefficient_head,500,100,200,nominal,0.05,pp_percent,6.686262626262627,1.0528113752618022,percent,training_seed_mean,5,,S03,8,pp_percent: mean and SD from source row,Table VII,现稿及对应源文件报告值,未独立复现算法；复用须保持实际方法和统计协议一致,历史控制结果，仅作旧版对照,重复场景优先v14；禁止混合均值/SD/成本
v12_mlp_coeff_N500_K100_H200_nominal_tp_Mbps,v12_reported,mlp_coeff,PhysiCK + MLP coefficient head,MLP_coefficient_head,500,100,200,nominal,0.05,tp_Mbps,228.72412770986367,6.270944501798501,Mbps,training_seed_mean,5,,S03,8,tp_Mbps: mean and SD from source row,Table VII,现稿及对应源文件报告值,未独立复现算法；复用须保持实际方法和统计协议一致,历史控制结果，仅作旧版对照,重复场景优先v14；禁止混合均值/SD/成本
v12_no_triplet_N500_K100_H200_nominal_hof_percent,v12_reported,no_triplet,No Cox descriptors (P0/Lambda/RST),No_Cox_descriptors,500,100,200,nominal,0.05,hof_percent,1.2254442298488857,0.2101484821994071,percent,training_seed_mean,5,,S03,2,hof_percent: mean and SD from source row,Table VII,现稿及对应源文件报告值,未独立复现算法；复用须保持实际方法和统计协议一致,历史控制结果，仅作旧版对照,重复场景优先v14；禁止混合均值/SD/成本
v12_no_triplet_N500_K100_H200_nominal_peak_normalized,v12_reported,no_triplet,No Cox descriptors (P0/Lambda/RST),No_Cox_descriptors,500,100,200,nominal,0.05,peak_normalized,0.4316900821910265,0.0084282687065587,dimensionless,training_seed_mean,5,,S03,2,peak_normalized: mean and SD from source row,Table VII,现稿及对应源文件报告值,未独立复现算法；复用须保持实际方法和统计协议一致,历史控制结果，仅作旧版对照,重复场景优先v14；禁止混合均值/SD/成本
v12_no_triplet_N500_K100_H200_nominal_pp_percent,v12_reported,no_triplet,No Cox descriptors (P0/Lambda/RST),No_Cox_descriptors,500,100,200,nominal,0.05,pp_percent,8.05979797979798,1.2153999998300515,percent,training_seed_mean,5,,S03,2,pp_percent: mean and SD from source row,Table VII,现稿及对应源文件报告值,未独立复现算法；复用须保持实际方法和统计协议一致,历史控制结果，仅作旧版对照,重复场景优先v14；禁止混合均值/SD/成本
v12_no_triplet_N500_K100_H200_nominal_tp_Mbps,v12_reported,no_triplet,No Cox descriptors (P0/Lambda/RST),No_Cox_descriptors,500,100,200,nominal,0.05,tp_Mbps,222.87796743179896,6.129242985421998,Mbps,training_seed_mean,5,,S03,2,tp_Mbps: mean and SD from source row,Table VII,现稿及对应源文件报告值,未独立复现算法；复用须保持实际方法和统计协议一致,历史控制结果，仅作旧版对照,重复场景优先v14；禁止混合均值/SD/成本
v12_full_N500_K100_H800_nominal_active_load_variance,v12_reported,full,Cox-PhysiCK,Cox_PhysiCK,500,100,800,nominal,0.05,active_load_variance,0.0081599695231043,0.0011902525412003,dimensionless,training_seed_mean,5,,S01,10,active_load_variance: mean and SD from source row,Table VI,现稿及对应源文件报告值,未独立复现算法；复用须保持实际方法和统计协议一致,历史控制结果，仅作旧版对照,重复场景优先v14；禁止混合均值/SD/成本
v12_full_N500_K100_H800_nominal_hof_percent,v12_reported,full,Cox-PhysiCK,Cox_PhysiCK,500,100,800,nominal,0.05,hof_percent,0.6232815526034591,0.109136633150453,percent,training_seed_mean,5,,S01,10,hof_percent: mean and SD from source row,Table VI,现稿及对应源文件报告值,未独立复现算法；复用须保持实际方法和统计协议一致,历史控制结果，仅作旧版对照,重复场景优先v14；禁止混合均值/SD/成本
v12_full_N500_K100_H800_nominal_mse_user_vector,v12_reported,full,Cox-PhysiCK,Cox_PhysiCK,500,100,800,nominal,0.05,mse_user_vector,0.1345204510779076,0.0412087570478551,dimensionless,training_seed_mean,5,,S06,4,mse_user_vector: mean and SD from source row,Table VI,现稿及对应源文件报告值,未独立复现算法；复用须保持实际方法和统计协议一致,历史控制结果，仅作旧版对照,重复场景优先v14；禁止混合均值/SD/成本
v12_full_N500_K100_H800_nominal_outage_percent,v12_reported,full,Cox-PhysiCK,Cox_PhysiCK,500,100,800,nominal,0.05,outage_percent,0.5963666666666667,0.1278294063119106,percent,training_seed_mean,5,,S01,10,outage_percent: mean and SD from source row,源汇总；现稿未直接展示,现稿及对应源文件报告值,未独立复现算法；复用须保持实际方法和统计协议一致,历史控制结果，仅作旧版对照,重复场景优先v14；禁止混合均值/SD/成本
v12_full_N500_K100_H800_nominal_peak_normalized,v12_reported,full,Cox-PhysiCK,Cox_PhysiCK,500,100,800,nominal,0.05,peak_normalized,0.5052030927543745,0.0062029821099249,dimensionless,training_seed_mean,5,,S01,10,peak_normalized: mean and SD from source row,Table VI,现稿及对应源文件报告值,未独立复现算法；复用须保持实际方法和统计协议一致,历史控制结果，仅作旧版对照,重复场景优先v14；禁止混合均值/SD/成本
v12_full_N500_K100_H800_nominal_persistence_mse,v12_reported,full,Cox-PhysiCK,Cox_PhysiCK,500,100,800,nominal,0.05,persistence_mse,0.1202726666666666,0.0340194698665338,dimensionless,training_seed_mean,5,,S06,4,persistence_mse: mean and SD from source row,源汇总；现稿未直接展示,现稿及对应源文件报告值,未独立复现算法；复用须保持实际方法和统计协议一致,历史控制结果，仅作旧版对照,重复场景优先v14；禁止混合均值/SD/成本
v12_full_N500_K100_H800_nominal_pp_percent,v12_reported,full,Cox-PhysiCK,Cox_PhysiCK,500,100,800,nominal,0.05,pp_percent,6.000133667502089,0.9883073797252104,percent,training_seed_mean,5,,S01,10,pp_percent: mean and SD from source row,Table VI,现稿及对应源文件报告值,未独立复现算法；复用须保持实际方法和统计协议一致,历史控制结果，仅作旧版对照,重复场景优先v14；禁止混合均值/SD/成本
v12_full_N500_K100_H800_nominal_served_p5tp_Mbps,v12_reported,full,Cox-PhysiCK,Cox_PhysiCK,500,100,800,nominal,0.05,served_p5tp_Mbps,128.8596166381838,4.880276017209537,Mbps,training_seed_mean,5,,S01,10,served_p5tp_Mbps: mean and SD from source row,Table VI,现稿及对应源文件报告值,未独立复现算法；复用须保持实际方法和统计协议一致,历史控制结果，仅作旧版对照,重复场景优先v14；禁止混合均值/SD/成本
v12_full_N500_K100_H800_nominal_tp_Mbps,v12_reported,full,Cox-PhysiCK,Cox_PhysiCK,500,100,800,nominal,0.05,tp_Mbps,231.9216127390588,6.377849924922442,Mbps,training_seed_mean,5,,S01,10,tp_Mbps: mean and SD from source row,Table VI,现稿及对应源文件报告值,未独立复现算法；复用须保持实际方法和统计协议一致,历史控制结果，仅作旧版对照,重复场景优先v14；禁止混合均值/SD/成本
v12_kan_generic_N500_K100_H800_nominal_active_load_variance,v12_reported,kan_generic,TGN-KAN,TGN_KAN,500,100,800,nominal,0.05,active_load_variance,0.0098577197226144,0.0003072411506905,dimensionless,training_seed_mean,5,,S01,7,active_load_variance: mean and SD from source row,Table VI,现稿及对应源文件报告值,未独立复现算法；复用须保持实际方法和统计协议一致,历史控制结果，仅作旧版对照,重复场景优先v14；禁止混合均值/SD/成本
v12_kan_generic_N500_K100_H800_nominal_hof_percent,v12_reported,kan_generic,TGN-KAN,TGN_KAN,500,100,800,nominal,0.05,hof_percent,10.373492046894956,1.4575778874755236,percent,training_seed_mean,5,,S01,7,hof_percent: mean and SD from source row,Table VI,现稿及对应源文件报告值,未独立复现算法；复用须保持实际方法和统计协议一致,历史控制结果，仅作旧版对照,重复场景优先v14；禁止混合均值/SD/成本
v12_kan_generic_N500_K100_H800_nominal_mse_user_vector,v12_reported,kan_generic,TGN-KAN,TGN_KAN,500,100,800,nominal,0.05,mse_user_vector,0.2219074872492559,0.0253734113684858,dimensionless,training_seed_mean,5,,S06,3,mse_user_vector: mean and SD from source row,Table VI,现稿及对应源文件报告值,未独立复现算法；复用须保持实际方法和统计协议一致,历史控制结果，仅作旧版对照,重复场景优先v14；禁止混合均值/SD/成本
v12_kan_generic_N500_K100_H800_nominal_outage_percent,v12_reported,kan_generic,TGN-KAN,TGN_KAN,500,100,800,nominal,0.05,outage_percent,7.913658333333333,1.4349668363860464,percent,training_seed_mean,5,,S01,7,outage_percent: mean and SD from source row,源汇总；现稿未直接展示,现稿及对应源文件报告值,未独立复现算法；复用须保持实际方法和统计协议一致,历史控制结果，仅作旧版对照,重复场景优先v14；禁止混合均值/SD/成本
v12_kan_generic_N500_K100_H800_nominal_peak_normalized,v12_reported,kan_generic,TGN-KAN,TGN_KAN,500,100,800,nominal,0.05,peak_normalized,0.4308923867455965,0.0122121605781999,dimensionless,training_seed_mean,5,,S01,7,peak_normalized: mean and SD from source row,Table VI,现稿及对应源文件报告值,未独立复现算法；复用须保持实际方法和统计协议一致,历史控制结果，仅作旧版对照,重复场景优先v14；禁止混合均值/SD/成本
v12_kan_generic_N500_K100_H800_nominal_persistence_mse,v12_reported,kan_generic,TGN-KAN,TGN_KAN,500,100,800,nominal,0.05,persistence_mse,0.204854,0.0239644373557523,dimensionless,training_seed_mean,5,,S06,3,persistence_mse: mean and SD from source row,源汇总；现稿未直接展示,现稿及对应源文件报告值,未独立复现算法；复用须保持实际方法和统计协议一致,历史控制结果，仅作旧版对照,重复场景优先v14；禁止混合均值/SD/成本
v12_kan_generic_N500_K100_H800_nominal_pp_percent,v12_reported,kan_generic,TGN-KAN,TGN_KAN,500,100,800,nominal,0.05,pp_percent,20.687126148705097,0.777051504626399,percent,training_seed_mean,5,,S01,7,pp_percent: mean and SD from source row,Table VI,现稿及对应源文件报告值,未独立复现算法；复用须保持实际方法和统计协议一致,历史控制结果，仅作旧版对照,重复场景优先v14；禁止混合均值/SD/成本
v12_kan_generic_N500_K100_H800_nominal_served_p5tp_Mbps,v12_reported,kan_generic,TGN-KAN,TGN_KAN,500,100,800,nominal,0.05,served_p5tp_Mbps,45.66693952178956,0.9952121975884104,Mbps,training_seed_mean,5,,S01,7,served_p5tp_Mbps: mean and SD from source row,Table VI,现稿及对应源文件报告值,未独立复现算法；复用须保持实际方法和统计协议一致,历史控制结果，仅作旧版对照,重复场景优先v14；禁止混合均值/SD/成本
v12_kan_generic_N500_K100_H800_nominal_tp_Mbps,v12_reported,kan_generic,TGN-KAN,TGN_KAN,500,100,800,nominal,0.05,tp_Mbps,134.177631699797,7.466332576792186,Mbps,training_seed_mean,5,,S01,7,tp_Mbps: mean and SD from source row,Table VI,现稿及对应源文件报告值,未独立复现算法；复用须保持实际方法和统计协议一致,历史控制结果，仅作旧版对照,重复场景优先v14；禁止混合均值/SD/成本
v12_mlp128_N500_K100_H800_nominal_active_load_variance,v12_reported,mlp128,TGN-MLP (128),TGN_MLP,500,100,800,nominal,0.05,active_load_variance,0.0131755349616463,0.0001657620148528,dimensionless,training_seed_mean,5,,S01,4,active_load_variance: mean and SD from source row,Table VI,现稿及对应源文件报告值,未独立复现算法；复用须保持实际方法和统计协议一致,历史控制结果，仅作旧版对照,重复场景优先v14；禁止混合均值/SD/成本
v12_mlp128_N500_K100_H800_nominal_hof_percent,v12_reported,mlp128,TGN-MLP (128),TGN_MLP,500,100,800,nominal,0.05,hof_percent,11.83095573129781,1.161453534163656,percent,training_seed_mean,5,,S01,4,hof_percent: mean and SD from source row,Table VI,现稿及对应源文件报告值,未独立复现算法；复用须保持实际方法和统计协议一致,历史控制结果，仅作旧版对照,重复场景优先v14；禁止混合均值/SD/成本
v12_mlp128_N500_K100_H800_nominal_mse_user_vector,v12_reported,mlp128,TGN-MLP (128),TGN_MLP,500,100,800,nominal,0.05,mse_user_vector,0.132646298054983,0.0178361698227626,dimensionless,training_seed_mean,5,,S06,2,mse_user_vector: mean and SD from source row,Table VI,现稿及对应源文件报告值,未独立复现算法；复用须保持实际方法和统计协议一致,历史控制结果，仅作旧版对照,重复场景优先v14；禁止混合均值/SD/成本
v12_mlp128_N500_K100_H800_nominal_outage_percent,v12_reported,mlp128,TGN-MLP (128),TGN_MLP,500,100,800,nominal,0.05,outage_percent,7.806208333333333,1.0003143451248218,percent,training_seed_mean,5,,S01,4,outage_percent: mean and SD from source row,源汇总；现稿未直接展示,现稿及对应源文件报告值,未独立复现算法；复用须保持实际方法和统计协议一致,历史控制结果，仅作旧版对照,重复场景优先v14；禁止混合均值/SD/成本
v12_mlp128_N500_K100_H800_nominal_peak_normalized,v12_reported,mlp128,TGN-MLP (128),TGN_MLP,500,100,800,nominal,0.05,peak_normalized,0.6462877832302188,0.0133129694742649,dimensionless,training_seed_mean,5,,S01,4,peak_normalized: mean and SD from source row,Table VI,现稿及对应源文件报告值,未独立复现算法；复用须保持实际方法和统计协议一致,历史控制结果，仅作旧版对照,重复场景优先v14；禁止混合均值/SD/成本
v12_mlp128_N500_K100_H800_nominal_persistence_mse,v12_reported,mlp128,TGN-MLP (128),TGN_MLP,500,100,800,nominal,0.05,persistence_mse,0.1204253333333333,0.0108160712727763,dimensionless,training_seed_mean,5,,S06,2,persistence_mse: mean and SD from source row,源汇总；现稿未直接展示,现稿及对应源文件报告值,未独立复现算法；复用须保持实际方法和统计协议一致,历史控制结果，仅作旧版对照,重复场景优先v14；禁止混合均值/SD/成本
v12_mlp128_N500_K100_H800_nominal_pp_percent,v12_reported,mlp128,TGN-MLP (128),TGN_MLP,500,100,800,nominal,0.05,pp_percent,14.608429406850458,0.3768184611355795,percent,training_seed_mean,5,,S01,4,pp_percent: mean and SD from source row,Table VI,现稿及对应源文件报告值,未独立复现算法；复用须保持实际方法和统计协议一致,历史控制结果，仅作旧版对照,重复场景优先v14；禁止混合均值/SD/成本
v12_mlp128_N500_K100_H800_nominal_served_p5tp_Mbps,v12_reported,mlp128,TGN-MLP (128),TGN_MLP,500,100,800,nominal,0.05,served_p5tp_Mbps,41.654856280644736,0.612281417563528,Mbps,training_seed_mean,5,,S01,4,served_p5tp_Mbps: mean and SD from source row,Table VI,现稿及对应源文件报告值,未独立复现算法；复用须保持实际方法和统计协议一致,历史控制结果，仅作旧版对照,重复场景优先v14；禁止混合均值/SD/成本
v12_mlp128_N500_K100_H800_nominal_tp_Mbps,v12_reported,mlp128,TGN-MLP (128),TGN_MLP,500,100,800,nominal,0.05,tp_Mbps,133.23753581483808,7.095626460900268,Mbps,training_seed_mean,5,,S01,4,tp_Mbps: mean and SD from source row,Table VI,现稿及对应源文件报告值,未独立复现算法；复用须保持实际方法和统计协议一致,历史控制结果，仅作旧版对照,重复场景优先v14；禁止混合均值/SD/成本
v12_full_N1000_K100_H50_nominal_active_load_variance,v12_reported,full,Cox-PhysiCK,Cox_PhysiCK,1000,100,50,nominal,0.05,active_load_variance,0.0042260364238604,0.0003263202802438,dimensionless,training_seed_mean,5,,S01,17,active_load_variance: mean and SD from source row,源汇总；现稿未直接展示,现稿及对应源文件报告值,未独立复现算法；复用须保持实际方法和统计协议一致,历史控制结果，仅作旧版对照,重复场景优先v14；禁止混合均值/SD/成本
v12_full_N1000_K100_H50_nominal_hof_percent,v12_reported,full,Cox-PhysiCK,Cox_PhysiCK,1000,100,50,nominal,0.05,hof_percent,0.5499436029527281,0.1324665528087318,percent,training_seed_mean,5,,S01,17,hof_percent: mean and SD from source row,源汇总；现稿未直接展示,现稿及对应源文件报告值,未独立复现算法；复用须保持实际方法和统计协议一致,历史控制结果，仅作旧版对照,重复场景优先v14；禁止混合均值/SD/成本
v12_full_N1000_K100_H50_nominal_outage_percent,v12_reported,full,Cox-PhysiCK,Cox_PhysiCK,1000,100,50,nominal,0.05,outage_percent,0.5147999999999999,0.0956828093233053,percent,training_seed_mean,5,,S01,17,outage_percent: mean and SD from source row,源汇总；现稿未直接展示,现稿及对应源文件报告值,未独立复现算法；复用须保持实际方法和统计协议一致,历史控制结果，仅作旧版对照,重复场景优先v14；禁止混合均值/SD/成本
v12_full_N1000_K100_H50_nominal_peak_normalized,v12_reported,full,Cox-PhysiCK,Cox_PhysiCK,1000,100,50,nominal,0.05,peak_normalized,0.3284629193742264,0.0071165698840309,dimensionless,training_seed_mean,5,,S01,17,peak_normalized: mean and SD from source row,源汇总；现稿未直接展示,现稿及对应源文件报告值,未独立复现算法；复用须保持实际方法和统计协议一致,历史控制结果，仅作旧版对照,重复场景优先v14；禁止混合均值/SD/成本
v12_full_N1000_K100_H50_nominal_pp_percent,v12_reported,full,Cox-PhysiCK,Cox_PhysiCK,1000,100,50,nominal,0.05,pp_percent,5.217777777777778,0.6778127481301737,percent,training_seed_mean,5,,S01,17,pp_percent: mean and SD from source row,源汇总；现稿未直接展示,现稿及对应源文件报告值,未独立复现算法；复用须保持实际方法和统计协议一致,历史控制结果，仅作旧版对照,重复场景优先v14；禁止混合均值/SD/成本
v12_full_N1000_K100_H50_nominal_served_p5tp_Mbps,v12_reported,full,Cox-PhysiCK,Cox_PhysiCK,1000,100,50,nominal,0.05,served_p5tp_Mbps,122.8139235115052,5.549605283150371,Mbps,training_seed_mean,5,,S01,17,served_p5tp_Mbps: mean and SD from source row,源汇总；现稿未直接展示,现稿及对应源文件报告值,未独立复现算法；复用须保持实际方法和统计协议一致,历史控制结果，仅作旧版对照,重复场景优先v14；禁止混合均值/SD/成本
v12_full_N1000_K100_H50_nominal_tp_Mbps,v12_reported,full,Cox-PhysiCK,Cox_PhysiCK,1000,100,50,nominal,0.05,tp_Mbps,234.15103553056844,9.317191570710728,Mbps,training_seed_mean,5,,S01,17,tp_Mbps: mean and SD from source row,源汇总；现稿未直接展示,现稿及对应源文件报告值,未独立复现算法；复用须保持实际方法和统计协议一致,历史控制结果，仅作旧版对照,重复场景优先v14；禁止混合均值/SD/成本
v12_kan_generic_N1000_K100_H50_nominal_active_load_variance,v12_reported,kan_generic,TGN-KAN,TGN_KAN,1000,100,50,nominal,0.05,active_load_variance,0.005315941943326,0.0001107374642785,dimensionless,training_seed_mean,5,,S01,14,active_load_variance: mean and SD from source row,源汇总；现稿未直接展示,现稿及对应源文件报告值,未独立复现算法；复用须保持实际方法和统计协议一致,历史控制结果，仅作旧版对照,重复场景优先v14；禁止混合均值/SD/成本
v12_kan_generic_N1000_K100_H50_nominal_hof_percent,v12_reported,kan_generic,TGN-KAN,TGN_KAN,1000,100,50,nominal,0.05,hof_percent,8.228744385948222,0.8026121363661249,percent,training_seed_mean,5,,S01,14,hof_percent: mean and SD from source row,源汇总；现稿未直接展示,现稿及对应源文件报告值,未独立复现算法；复用须保持实际方法和统计协议一致,历史控制结果，仅作旧版对照,重复场景优先v14；禁止混合均值/SD/成本
v12_kan_generic_N1000_K100_H50_nominal_outage_percent,v12_reported,kan_generic,TGN-KAN,TGN_KAN,1000,100,50,nominal,0.05,outage_percent,5.749999999999999,0.7796402304197035,percent,training_seed_mean,5,,S01,14,outage_percent: mean and SD from source row,源汇总；现稿未直接展示,现稿及对应源文件报告值,未独立复现算法；复用须保持实际方法和统计协议一致,历史控制结果，仅作旧版对照,重复场景优先v14；禁止混合均值/SD/成本
v12_kan_generic_N1000_K100_H50_nominal_peak_normalized,v12_reported,kan_generic,TGN-KAN,TGN_KAN,1000,100,50,nominal,0.05,peak_normalized,0.305234834442689,0.0077794907646088,dimensionless,training_seed_mean,5,,S01,14,peak_normalized: mean and SD from source row,源汇总；现稿未直接展示,现稿及对应源文件报告值,未独立复现算法；复用须保持实际方法和统计协议一致,历史控制结果，仅作旧版对照,重复场景优先v14；禁止混合均值/SD/成本
v12_kan_generic_N1000_K100_H50_nominal_pp_percent,v12_reported,kan_generic,TGN-KAN,TGN_KAN,1000,100,50,nominal,0.05,pp_percent,19.4075,0.7396679985446063,percent,training_seed_mean,5,,S01,14,pp_percent: mean and SD from source row,源汇总；现稿未直接展示,现稿及对应源文件报告值,未独立复现算法；复用须保持实际方法和统计协议一致,历史控制结果，仅作旧版对照,重复场景优先v14；禁止混合均值/SD/成本
v12_kan_generic_N1000_K100_H50_nominal_served_p5tp_Mbps,v12_reported,kan_generic,TGN-KAN,TGN_KAN,1000,100,50,nominal,0.05,served_p5tp_Mbps,41.6328573773702,0.2952433904230416,Mbps,training_seed_mean,5,,S01,14,served_p5tp_Mbps: mean and SD from source row,源汇总；现稿未直接展示,现稿及对应源文件报告值,未独立复现算法；复用须保持实际方法和统计协议一致,历史控制结果，仅作旧版对照,重复场景优先v14；禁止混合均值/SD/成本
v12_kan_generic_N1000_K100_H50_nominal_tp_Mbps,v12_reported,kan_generic,TGN-KAN,TGN_KAN,1000,100,50,nominal,0.05,tp_Mbps,152.388537456103,9.317767774185112,Mbps,training_seed_mean,5,,S01,14,tp_Mbps: mean and SD from source row,源汇总；现稿未直接展示,现稿及对应源文件报告值,未独立复现算法；复用须保持实际方法和统计协议一致,历史控制结果，仅作旧版对照,重复场景优先v14；禁止混合均值/SD/成本
v12_mlp128_N1000_K100_H50_nominal_active_load_variance,v12_reported,mlp128,TGN-MLP (128),TGN_MLP,1000,100,50,nominal,0.05,active_load_variance,0.0079366680468902,0.0001119337600483,dimensionless,training_seed_mean,5,,S01,11,active_load_variance: mean and SD from source row,源汇总；现稿未直接展示,现稿及对应源文件报告值,未独立复现算法；复用须保持实际方法和统计协议一致,历史控制结果，仅作旧版对照,重复场景优先v14；禁止混合均值/SD/成本
v12_mlp128_N1000_K100_H50_nominal_hof_percent,v12_reported,mlp128,TGN-MLP (128),TGN_MLP,1000,100,50,nominal,0.05,hof_percent,9.572778109233514,1.12077663566366,percent,training_seed_mean,5,,S01,11,hof_percent: mean and SD from source row,源汇总；现稿未直接展示,现稿及对应源文件报告值,未独立复现算法；复用须保持实际方法和统计协议一致,历史控制结果，仅作旧版对照,重复场景优先v14；禁止混合均值/SD/成本
v12_mlp128_N1000_K100_H50_nominal_outage_percent,v12_reported,mlp128,TGN-MLP (128),TGN_MLP,1000,100,50,nominal,0.05,outage_percent,5.824,0.8822496497275842,percent,training_seed_mean,5,,S01,11,outage_percent: mean and SD from source row,源汇总；现稿未直接展示,现稿及对应源文件报告值,未独立复现算法；复用须保持实际方法和统计协议一致,历史控制结果，仅作旧版对照,重复场景优先v14；禁止混合均值/SD/成本
v12_mlp128_N1000_K100_H50_nominal_peak_normalized,v12_reported,mlp128,TGN-MLP (128),TGN_MLP,1000,100,50,nominal,0.05,peak_normalized,0.4458207828719295,0.0123071085009465,dimensionless,training_seed_mean,5,,S01,11,peak_normalized: mean and SD from source row,源汇总；现稿未直接展示,现稿及对应源文件报告值,未独立复现算法；复用须保持实际方法和统计协议一致,历史控制结果，仅作旧版对照,重复场景优先v14；禁止混合均值/SD/成本
v12_mlp128_N1000_K100_H50_nominal_pp_percent,v12_reported,mlp128,TGN-MLP (128),TGN_MLP,1000,100,50,nominal,0.05,pp_percent,13.605972222222224,0.5997229620189982,percent,training_seed_mean,5,,S01,11,pp_percent: mean and SD from source row,源汇总；现稿未直接展示,现稿及对应源文件报告值,未独立复现算法；复用须保持实际方法和统计协议一致,历史控制结果，仅作旧版对照,重复场景优先v14；禁止混合均值/SD/成本
v12_mlp128_N1000_K100_H50_nominal_served_p5tp_Mbps,v12_reported,mlp128,TGN-MLP (128),TGN_MLP,1000,100,50,nominal,0.05,served_p5tp_Mbps,37.49682671546937,0.1017060925169062,Mbps,training_seed_mean,5,,S01,11,served_p5tp_Mbps: mean and SD from source row,源汇总；现稿未直接展示,现稿及对应源文件报告值,未独立复现算法；复用须保持实际方法和统计协议一致,历史控制结果，仅作旧版对照,重复场景优先v14；禁止混合均值/SD/成本
v12_mlp128_N1000_K100_H50_nominal_tp_Mbps,v12_reported,mlp128,TGN-MLP (128),TGN_MLP,1000,100,50,nominal,0.05,tp_Mbps,144.46779562042747,8.867546113226032,Mbps,training_seed_mean,5,,S01,11,tp_Mbps: mean and SD from source row,源汇总；现稿未直接展示,现稿及对应源文件报告值,未独立复现算法；复用须保持实际方法和统计协议一致,历史控制结果，仅作旧版对照,重复场景优先v14；禁止混合均值/SD/成本
v12_cox_only_N1000_K100_H200_nominal_hof_percent,v12_reported,cox_only,Cox-only,Cox_only,1000,100,200,nominal,0.05,hof_percent,1.42,0.39,percent,test_episode,30,,S04,3,hof_percent: mean and SD from source row,Table VII,现稿及对应源文件报告值,未独立复现算法；复用须保持实际方法和统计协议一致,历史控制结果，仅作旧版对照,重复场景优先v14；禁止混合均值/SD/成本
v12_cox_only_N1000_K100_H200_nominal_outage_percent,v12_reported,cox_only,Cox-only,Cox_only,1000,100,200,nominal,0.05,outage_percent,1.43,0.29,percent,test_episode,30,,S04,3,outage_percent: mean and SD from source row,源汇总；现稿未直接展示,现稿及对应源文件报告值,未独立复现算法；复用须保持实际方法和统计协议一致,历史控制结果，仅作旧版对照,重复场景优先v14；禁止混合均值/SD/成本
v12_cox_only_N1000_K100_H200_nominal_peak_normalized,v12_reported,cox_only,Cox-only,Cox_only,1000,100,200,nominal,0.05,peak_normalized,0.382,0.042,dimensionless,test_episode,30,,S04,3,peak_normalized: mean and SD from source row,Table VII,现稿及对应源文件报告值,未独立复现算法；复用须保持实际方法和统计协议一致,历史控制结果，仅作旧版对照,重复场景优先v14；禁止混合均值/SD/成本
v12_cox_only_N1000_K100_H200_nominal_pp_percent,v12_reported,cox_only,Cox-only,Cox_only,1000,100,200,nominal,0.05,pp_percent,6.27,1.06,percent,test_episode,30,,S04,3,pp_percent: mean and SD from source row,Table VII,现稿及对应源文件报告值,未独立复现算法；复用须保持实际方法和统计协议一致,历史控制结果，仅作旧版对照,重复场景优先v14；禁止混合均值/SD/成本
v12_cox_only_N1000_K100_H200_nominal_tp_Mbps,v12_reported,cox_only,Cox-only,Cox_only,1000,100,200,nominal,0.05,tp_Mbps,216.8,18.7,Mbps,test_episode,30,,S04,3,tp_Mbps: mean and SD from source row,Table VII,现稿及对应源文件报告值,未独立复现算法；复用须保持实际方法和统计协议一致,历史控制结果，仅作旧版对照,重复场景优先v14；禁止混合均值/SD/成本
v12_full_N1000_K100_H200_nominal_active_load_variance,v12_reported,full,Cox-PhysiCK,Cox_PhysiCK,1000,100,200,nominal,0.05,active_load_variance,0.0040689442727479,0.00034072515109,dimensionless,training_seed_mean,5,,S01,18,active_load_variance: mean and SD from source row,源汇总；现稿未直接展示,现稿及对应源文件报告值,未独立复现算法；复用须保持实际方法和统计协议一致,历史控制结果，仅作旧版对照,重复场景优先v14；禁止混合均值/SD/成本
v12_full_N1000_K100_H200_nominal_hof_percent,v12_reported,full,Cox-PhysiCK,Cox_PhysiCK,1000,100,200,nominal,0.05,hof_percent,0.5485168580964477,0.0993858415910111,percent,training_seed_mean,5,,S01,18,hof_percent: mean and SD from source row,Table VII,现稿及对应源文件报告值,未独立复现算法；复用须保持实际方法和统计协议一致,历史控制结果，仅作旧版对照,重复场景优先v14；禁止混合均值/SD/成本
v12_full_N1000_K100_H200_nominal_outage_percent,v12_reported,full,Cox-PhysiCK,Cox_PhysiCK,1000,100,200,nominal,0.05,outage_percent,0.5061666666666667,0.0889474720145422,percent,training_seed_mean,5,,S01,18,outage_percent: mean and SD from source row,源汇总；现稿未直接展示,现稿及对应源文件报告值,未独立复现算法；复用须保持实际方法和统计协议一致,历史控制结果，仅作旧版对照,重复场景优先v14；禁止混合均值/SD/成本
v12_full_N1000_K100_H200_nominal_peak_normalized,v12_reported,full,Cox-PhysiCK,Cox_PhysiCK,1000,100,200,nominal,0.05,peak_normalized,0.3687773923987657,0.0072154777251849,dimensionless,training_seed_mean,5,,S01,18,peak_normalized: mean and SD from source row,Table VII,现稿及对应源文件报告值,未独立复现算法；复用须保持实际方法和统计协议一致,历史控制结果，仅作旧版对照,重复场景优先v14；禁止混合均值/SD/成本
v12_full_N1000_K100_H200_nominal_pp_percent,v12_reported,full,Cox-PhysiCK,Cox_PhysiCK,1000,100,200,nominal,0.05,pp_percent,5.318956228956229,0.6998477233015796,percent,training_seed_mean,5,,S01,18,pp_percent: mean and SD from source row,Table VII,现稿及对应源文件报告值,未独立复现算法；复用须保持实际方法和统计协议一致,历史控制结果，仅作旧版对照,重复场景优先v14；禁止混合均值/SD/成本
v12_full_N1000_K100_H200_nominal_served_p5tp_Mbps,v12_reported,full,Cox-PhysiCK,Cox_PhysiCK,1000,100,200,nominal,0.05,served_p5tp_Mbps,115.80747247060158,4.4541058053661375,Mbps,training_seed_mean,5,,S01,18,served_p5tp_Mbps: mean and SD from source row,源汇总；现稿未直接展示,现稿及对应源文件报告值,未独立复现算法；复用须保持实际方法和统计协议一致,历史控制结果，仅作旧版对照,重复场景优先v14；禁止混合均值/SD/成本
v12_full_N1000_K100_H200_nominal_tp_Mbps,v12_reported,full,Cox-PhysiCK,Cox_PhysiCK,1000,100,200,nominal,0.05,tp_Mbps,234.1688306045342,9.304762213557806,Mbps,training_seed_mean,5,,S01,18,tp_Mbps: mean and SD from source row,Table VII,现稿及对应源文件报告值,未独立复现算法；复用须保持实际方法和统计协议一致,历史控制结果，仅作旧版对照,重复场景优先v14；禁止混合均值/SD/成本
v12_kan_generic_N1000_K100_H200_nominal_active_load_variance,v12_reported,kan_generic,TGN-KAN,TGN_KAN,1000,100,200,nominal,0.05,active_load_variance,0.0053009600667367,0.0001062096514858,dimensionless,training_seed_mean,5,,S01,15,active_load_variance: mean and SD from source row,源汇总；现稿未直接展示,现稿及对应源文件报告值,未独立复现算法；复用须保持实际方法和统计协议一致,历史控制结果，仅作旧版对照,重复场景优先v14；禁止混合均值/SD/成本
v12_kan_generic_N1000_K100_H200_nominal_hof_percent,v12_reported,kan_generic,TGN-KAN,TGN_KAN,1000,100,200,nominal,0.05,hof_percent,8.64262966711262,0.9018300055808516,percent,training_seed_mean,5,,S01,15,hof_percent: mean and SD from source row,源汇总；现稿未直接展示,现稿及对应源文件报告值,未独立复现算法；复用须保持实际方法和统计协议一致,历史控制结果，仅作旧版对照,重复场景优先v14；禁止混合均值/SD/成本
v12_kan_generic_N1000_K100_H200_nominal_outage_percent,v12_reported,kan_generic,TGN-KAN,TGN_KAN,1000,100,200,nominal,0.05,outage_percent,6.2347,0.8664543922728357,percent,training_seed_mean,5,,S01,15,outage_percent: mean and SD from source row,源汇总；现稿未直接展示,现稿及对应源文件报告值,未独立复现算法；复用须保持实际方法和统计协议一致,历史控制结果，仅作旧版对照,重复场景优先v14；禁止混合均值/SD/成本
v12_kan_generic_N1000_K100_H200_nominal_peak_normalized,v12_reported,kan_generic,TGN-KAN,TGN_KAN,1000,100,200,nominal,0.05,peak_normalized,0.3336769618924587,0.0061758094078629,dimensionless,training_seed_mean,5,,S01,15,peak_normalized: mean and SD from source row,源汇总；现稿未直接展示,现稿及对应源文件报告值,未独立复现算法；复用须保持实际方法和统计协议一致,历史控制结果，仅作旧版对照,重复场景优先v14；禁止混合均值/SD/成本
v12_kan_generic_N1000_K100_H200_nominal_pp_percent,v12_reported,kan_generic,TGN-KAN,TGN_KAN,1000,100,200,nominal,0.05,pp_percent,19.894511784511785,0.7269053485837297,percent,training_seed_mean,5,,S01,15,pp_percent: mean and SD from source row,源汇总；现稿未直接展示,现稿及对应源文件报告值,未独立复现算法；复用须保持实际方法和统计协议一致,历史控制结果，仅作旧版对照,重复场景优先v14；禁止混合均值/SD/成本
v12_kan_generic_N1000_K100_H200_nominal_served_p5tp_Mbps,v12_reported,kan_generic,TGN-KAN,TGN_KAN,1000,100,200,nominal,0.05,served_p5tp_Mbps,41.3560475654602,0.2798069904735002,Mbps,training_seed_mean,5,,S01,15,served_p5tp_Mbps: mean and SD from source row,源汇总；现稿未直接展示,现稿及对应源文件报告值,未独立复现算法；复用须保持实际方法和统计协议一致,历史控制结果，仅作旧版对照,重复场景优先v14；禁止混合均值/SD/成本
v12_kan_generic_N1000_K100_H200_nominal_tp_Mbps,v12_reported,kan_generic,TGN-KAN,TGN_KAN,1000,100,200,nominal,0.05,tp_Mbps,149.5175051304417,9.330994134929664,Mbps,training_seed_mean,5,,S01,15,tp_Mbps: mean and SD from source row,源汇总；现稿未直接展示,现稿及对应源文件报告值,未独立复现算法；复用须保持实际方法和统计协议一致,历史控制结果，仅作旧版对照,重复场景优先v14；禁止混合均值/SD/成本
v12_mlp128_N1000_K100_H200_nominal_active_load_variance,v12_reported,mlp128,TGN-MLP (128),TGN_MLP,1000,100,200,nominal,0.05,active_load_variance,0.007848037678419,0.0001257867986044,dimensionless,training_seed_mean,5,,S01,12,active_load_variance: mean and SD from source row,源汇总；现稿未直接展示,现稿及对应源文件报告值,未独立复现算法；复用须保持实际方法和统计协议一致,历史控制结果，仅作旧版对照,重复场景优先v14；禁止混合均值/SD/成本
v12_mlp128_N1000_K100_H200_nominal_hof_percent,v12_reported,mlp128,TGN-MLP (128),TGN_MLP,1000,100,200,nominal,0.05,hof_percent,10.142511043512556,1.136351405461803,percent,training_seed_mean,5,,S01,12,hof_percent: mean and SD from source row,源汇总；现稿未直接展示,现稿及对应源文件报告值,未独立复现算法；复用须保持实际方法和统计协议一致,历史控制结果，仅作旧版对照,重复场景优先v14；禁止混合均值/SD/成本
v12_mlp128_N1000_K100_H200_nominal_outage_percent,v12_reported,mlp128,TGN-MLP (128),TGN_MLP,1000,100,200,nominal,0.05,outage_percent,6.367,0.9467195481122054,percent,training_seed_mean,5,,S01,12,outage_percent: mean and SD from source row,源汇总；现稿未直接展示,现稿及对应源文件报告值,未独立复现算法；复用须保持实际方法和统计协议一致,历史控制结果，仅作旧版对照,重复场景优先v14；禁止混合均值/SD/成本
v12_mlp128_N1000_K100_H200_nominal_peak_normalized,v12_reported,mlp128,TGN-MLP (128),TGN_MLP,1000,100,200,nominal,0.05,peak_normalized,0.4959604395628856,0.015762212566882,dimensionless,training_seed_mean,5,,S01,12,peak_normalized: mean and SD from source row,源汇总；现稿未直接展示,现稿及对应源文件报告值,未独立复现算法；复用须保持实际方法和统计协议一致,历史控制结果，仅作旧版对照,重复场景优先v14；禁止混合均值/SD/成本
v12_mlp128_N1000_K100_H200_nominal_pp_percent,v12_reported,mlp128,TGN-MLP (128),TGN_MLP,1000,100,200,nominal,0.05,pp_percent,14.036599326599326,0.6091472861063134,percent,training_seed_mean,5,,S01,12,pp_percent: mean and SD from source row,源汇总；现稿未直接展示,现稿及对应源文件报告值,未独立复现算法；复用须保持实际方法和统计协议一致,历史控制结果，仅作旧版对照,重复场景优先v14；禁止混合均值/SD/成本
v12_mlp128_N1000_K100_H200_nominal_served_p5tp_Mbps,v12_reported,mlp128,TGN-MLP (128),TGN_MLP,1000,100,200,nominal,0.05,served_p5tp_Mbps,38.02897010294597,0.0746022399212789,Mbps,training_seed_mean,5,,S01,12,served_p5tp_Mbps: mean and SD from source row,源汇总；现稿未直接展示,现稿及对应源文件报告值,未独立复现算法；复用须保持实际方法和统计协议一致,历史控制结果，仅作旧版对照,重复场景优先v14；禁止混合均值/SD/成本
v12_mlp128_N1000_K100_H200_nominal_tp_Mbps,v12_reported,mlp128,TGN-MLP (128),TGN_MLP,1000,100,200,nominal,0.05,tp_Mbps,141.37999175315286,8.887630222460484,Mbps,training_seed_mean,5,,S01,12,tp_Mbps: mean and SD from source row,源汇总；现稿未直接展示,现稿及对应源文件报告值,未独立复现算法；复用须保持实际方法和统计协议一致,历史控制结果，仅作旧版对照,重复场景优先v14；禁止混合均值/SD/成本
v12_mlp213_N1000_K100_H200_nominal_hof_percent,v12_reported,mlp213,No kernel bank (MLP213),No_kernel_bank,1000,100,200,nominal,0.05,hof_percent,2.0051185302945305,0.2662172847983232,percent,training_seed_mean,5,,S03,6,hof_percent: mean and SD from source row,Table VII,现稿及对应源文件报告值,未独立复现算法；复用须保持实际方法和统计协议一致,历史控制结果，仅作旧版对照,重复场景优先v14；禁止混合均值/SD/成本
v12_mlp213_N1000_K100_H200_nominal_peak_normalized,v12_reported,mlp213,No kernel bank (MLP213),No_kernel_bank,1000,100,200,nominal,0.05,peak_normalized,0.3350238251220333,0.0049294018746129,dimensionless,training_seed_mean,5,,S03,6,peak_normalized: mean and SD from source row,Table VII,现稿及对应源文件报告值,未独立复现算法；复用须保持实际方法和统计协议一致,历史控制结果，仅作旧版对照,重复场景优先v14；禁止混合均值/SD/成本
v12_mlp213_N1000_K100_H200_nominal_pp_percent,v12_reported,mlp213,No kernel bank (MLP213),No_kernel_bank,1000,100,200,nominal,0.05,pp_percent,10.00124579124579,1.0620988545886174,percent,training_seed_mean,5,,S03,6,pp_percent: mean and SD from source row,Table VII,现稿及对应源文件报告值,未独立复现算法；复用须保持实际方法和统计协议一致,历史控制结果，仅作旧版对照,重复场景优先v14；禁止混合均值/SD/成本
v12_mlp213_N1000_K100_H200_nominal_tp_Mbps,v12_reported,mlp213,No kernel bank (MLP213),No_kernel_bank,1000,100,200,nominal,0.05,tp_Mbps,213.95545542258455,9.421371562774778,Mbps,training_seed_mean,5,,S03,6,tp_Mbps: mean and SD from source row,Table VII,现稿及对应源文件报告值,未独立复现算法；复用须保持实际方法和统计协议一致,历史控制结果，仅作旧版对照,重复场景优先v14；禁止混合均值/SD/成本
v12_mlp_coeff_N1000_K100_H200_nominal_hof_percent,v12_reported,mlp_coeff,PhysiCK + MLP coefficient head,MLP_coefficient_head,1000,100,200,nominal,0.05,hof_percent,0.7595485482271285,0.1198564123191533,percent,training_seed_mean,5,,S03,9,hof_percent: mean and SD from source row,Table VII,现稿及对应源文件报告值,未独立复现算法；复用须保持实际方法和统计协议一致,历史控制结果，仅作旧版对照,重复场景优先v14；禁止混合均值/SD/成本
v12_mlp_coeff_N1000_K100_H200_nominal_peak_normalized,v12_reported,mlp_coeff,PhysiCK + MLP coefficient head,MLP_coefficient_head,1000,100,200,nominal,0.05,peak_normalized,0.3658670769872366,0.0088495327299125,dimensionless,training_seed_mean,5,,S03,9,peak_normalized: mean and SD from source row,Table VII,现稿及对应源文件报告值,未独立复现算法；复用须保持实际方法和统计协议一致,历史控制结果，仅作旧版对照,重复场景优先v14；禁止混合均值/SD/成本
v12_mlp_coeff_N1000_K100_H200_nominal_pp_percent,v12_reported,mlp_coeff,PhysiCK + MLP coefficient head,MLP_coefficient_head,1000,100,200,nominal,0.05,pp_percent,6.086565656565656,0.7346899273944837,percent,training_seed_mean,5,,S03,9,pp_percent: mean and SD from source row,Table VII,现稿及对应源文件报告值,未独立复现算法；复用须保持实际方法和统计协议一致,历史控制结果，仅作旧版对照,重复场景优先v14；禁止混合均值/SD/成本
v12_mlp_coeff_N1000_K100_H200_nominal_tp_Mbps,v12_reported,mlp_coeff,PhysiCK + MLP coefficient head,MLP_coefficient_head,1000,100,200,nominal,0.05,tp_Mbps,229.85108383089064,9.30300985855795,Mbps,training_seed_mean,5,,S03,9,tp_Mbps: mean and SD from source row,Table VII,现稿及对应源文件报告值,未独立复现算法；复用须保持实际方法和统计协议一致,历史控制结果，仅作旧版对照,重复场景优先v14；禁止混合均值/SD/成本
v12_no_triplet_N1000_K100_H200_nominal_hof_percent,v12_reported,no_triplet,No Cox descriptors (P0/Lambda/RST),No_Cox_descriptors,1000,100,200,nominal,0.05,hof_percent,1.0970573327637445,0.131996399048155,percent,training_seed_mean,5,,S03,3,hof_percent: mean and SD from source row,Table VII,现稿及对应源文件报告值,未独立复现算法；复用须保持实际方法和统计协议一致,历史控制结果，仅作旧版对照,重复场景优先v14；禁止混合均值/SD/成本
v12_no_triplet_N1000_K100_H200_nominal_peak_normalized,v12_reported,no_triplet,No Cox descriptors (P0/Lambda/RST),No_Cox_descriptors,1000,100,200,nominal,0.05,peak_normalized,0.3500565550382779,0.0052529910514641,dimensionless,training_seed_mean,5,,S03,3,peak_normalized: mean and SD from source row,Table VII,现稿及对应源文件报告值,未独立复现算法；复用须保持实际方法和统计协议一致,历史控制结果，仅作旧版对照,重复场景优先v14；禁止混合均值/SD/成本
v12_no_triplet_N1000_K100_H200_nominal_pp_percent,v12_reported,no_triplet,No Cox descriptors (P0/Lambda/RST),No_Cox_descriptors,1000,100,200,nominal,0.05,pp_percent,7.348855218855219,0.8775624817494919,percent,training_seed_mean,5,,S03,3,pp_percent: mean and SD from source row,Table VII,现稿及对应源文件报告值,未独立复现算法；复用须保持实际方法和统计协议一致,历史控制结果，仅作旧版对照,重复场景优先v14；禁止混合均值/SD/成本
v12_no_triplet_N1000_K100_H200_nominal_tp_Mbps,v12_reported,no_triplet,No Cox descriptors (P0/Lambda/RST),No_Cox_descriptors,1000,100,200,nominal,0.05,tp_Mbps,223.79008213652736,9.31878036885087,Mbps,training_seed_mean,5,,S03,3,tp_Mbps: mean and SD from source row,Table VII,现稿及对应源文件报告值,未独立复现算法；复用须保持实际方法和统计协议一致,历史控制结果，仅作旧版对照,重复场景优先v14；禁止混合均值/SD/成本
v12_full_N1000_K100_H800_nominal_active_load_variance,v12_reported,full,Cox-PhysiCK,Cox_PhysiCK,1000,100,800,nominal,0.05,active_load_variance,0.0040696914043905,0.0003541690516304,dimensionless,training_seed_mean,5,,S01,19,active_load_variance: mean and SD from source row,Table VI,现稿及对应源文件报告值,未独立复现算法；复用须保持实际方法和统计协议一致,历史控制结果，仅作旧版对照,重复场景优先v14；禁止混合均值/SD/成本
v12_full_N1000_K100_H800_nominal_hof_percent,v12_reported,full,Cox-PhysiCK,Cox_PhysiCK,1000,100,800,nominal,0.05,hof_percent,0.5734775893350518,0.0829055817370508,percent,training_seed_mean,5,,S01,19,hof_percent: mean and SD from source row,Table VI,现稿及对应源文件报告值,未独立复现算法；复用须保持实际方法和统计协议一致,历史控制结果，仅作旧版对照,重复场景优先v14；禁止混合均值/SD/成本
v12_full_N1000_K100_H800_nominal_mse_user_vector,v12_reported,full,Cox-PhysiCK,Cox_PhysiCK,1000,100,800,nominal,0.05,mse_user_vector,0.0644119104509754,0.0148387057729992,dimensionless,training_seed_mean,5,,S06,7,mse_user_vector: mean and SD from source row,Table VI,现稿及对应源文件报告值,未独立复现算法；复用须保持实际方法和统计协议一致,历史控制结果，仅作旧版对照,重复场景优先v14；禁止混合均值/SD/成本
v12_full_N1000_K100_H800_nominal_outage_percent,v12_reported,full,Cox-PhysiCK,Cox_PhysiCK,1000,100,800,nominal,0.05,outage_percent,0.52815,0.0885148910494725,percent,training_seed_mean,5,,S01,19,outage_percent: mean and SD from source row,源汇总；现稿未直接展示,现稿及对应源文件报告值,未独立复现算法；复用须保持实际方法和统计协议一致,历史控制结果，仅作旧版对照,重复场景优先v14；禁止混合均值/SD/成本
v12_full_N1000_K100_H800_nominal_peak_normalized,v12_reported,full,Cox-PhysiCK,Cox_PhysiCK,1000,100,800,nominal,0.05,peak_normalized,0.4076153181990999,0.0103668147745511,dimensionless,training_seed_mean,5,,S01,19,peak_normalized: mean and SD from source row,Table VI,现稿及对应源文件报告值,未独立复现算法；复用须保持实际方法和统计协议一致,历史控制结果，仅作旧版对照,重复场景优先v14；禁止混合均值/SD/成本
v12_full_N1000_K100_H800_nominal_persistence_mse,v12_reported,full,Cox-PhysiCK,Cox_PhysiCK,1000,100,800,nominal,0.05,persistence_mse,0.0572913333333333,0.0118171233104056,dimensionless,training_seed_mean,5,,S06,7,persistence_mse: mean and SD from source row,源汇总；现稿未直接展示,现稿及对应源文件报告值,未独立复现算法；复用须保持实际方法和统计协议一致,历史控制结果，仅作旧版对照,重复场景优先v14；禁止混合均值/SD/成本
v12_full_N1000_K100_H800_nominal_pp_percent,v12_reported,full,Cox-PhysiCK,Cox_PhysiCK,1000,100,800,nominal,0.05,pp_percent,5.451152882205514,0.7025930664626221,percent,training_seed_mean,5,,S01,19,pp_percent: mean and SD from source row,Table VI,现稿及对应源文件报告值,未独立复现算法；复用须保持实际方法和统计协议一致,历史控制结果，仅作旧版对照,重复场景优先v14；禁止混合均值/SD/成本
v12_full_N1000_K100_H800_nominal_served_p5tp_Mbps,v12_reported,full,Cox-PhysiCK,Cox_PhysiCK,1000,100,800,nominal,0.05,served_p5tp_Mbps,115.35590216318776,4.370838828178683,Mbps,training_seed_mean,5,,S01,19,served_p5tp_Mbps: mean and SD from source row,Table VI,现稿及对应源文件报告值,未独立复现算法；复用须保持实际方法和统计协议一致,历史控制结果，仅作旧版对照,重复场景优先v14；禁止混合均值/SD/成本
v12_full_N1000_K100_H800_nominal_tp_Mbps,v12_reported,full,Cox-PhysiCK,Cox_PhysiCK,1000,100,800,nominal,0.05,tp_Mbps,232.73604161115617,9.304834953482525,Mbps,training_seed_mean,5,,S01,19,tp_Mbps: mean and SD from source row,Table VI,现稿及对应源文件报告值,未独立复现算法；复用须保持实际方法和统计协议一致,历史控制结果，仅作旧版对照,重复场景优先v14；禁止混合均值/SD/成本
v12_kan_generic_N1000_K100_H800_nominal_active_load_variance,v12_reported,kan_generic,TGN-KAN,TGN_KAN,1000,100,800,nominal,0.05,active_load_variance,0.0054644796750537,0.000114944512076,dimensionless,training_seed_mean,5,,S01,16,active_load_variance: mean and SD from source row,Table VI,现稿及对应源文件报告值,未独立复现算法；复用须保持实际方法和统计协议一致,历史控制结果，仅作旧版对照,重复场景优先v14；禁止混合均值/SD/成本
v12_kan_generic_N1000_K100_H800_nominal_hof_percent,v12_reported,kan_generic,TGN-KAN,TGN_KAN,1000,100,800,nominal,0.05,hof_percent,10.396482944418008,1.0811551122613736,percent,training_seed_mean,5,,S01,16,hof_percent: mean and SD from source row,Table VI,现稿及对应源文件报告值,未独立复现算法；复用须保持实际方法和统计协议一致,历史控制结果，仅作旧版对照,重复场景优先v14；禁止混合均值/SD/成本
v12_kan_generic_N1000_K100_H800_nominal_mse_user_vector,v12_reported,kan_generic,TGN-KAN,TGN_KAN,1000,100,800,nominal,0.05,mse_user_vector,0.1319551304050809,0.0078906586557777,dimensionless,training_seed_mean,5,,S06,6,mse_user_vector: mean and SD from source row,Table VI,现稿及对应源文件报告值,未独立复现算法；复用须保持实际方法和统计协议一致,历史控制结果，仅作旧版对照,重复场景优先v14；禁止混合均值/SD/成本
v12_kan_generic_N1000_K100_H800_nominal_outage_percent,v12_reported,kan_generic,TGN-KAN,TGN_KAN,1000,100,800,nominal,0.05,outage_percent,7.920258333333332,1.0712344479779954,percent,training_seed_mean,5,,S01,16,outage_percent: mean and SD from source row,源汇总；现稿未直接展示,现稿及对应源文件报告值,未独立复现算法；复用须保持实际方法和统计协议一致,历史控制结果，仅作旧版对照,重复场景优先v14；禁止混合均值/SD/成本
v12_kan_generic_N1000_K100_H800_nominal_peak_normalized,v12_reported,kan_generic,TGN-KAN,TGN_KAN,1000,100,800,nominal,0.05,peak_normalized,0.3506581121720381,0.0055865575604003,dimensionless,training_seed_mean,5,,S01,16,peak_normalized: mean and SD from source row,Table VI,现稿及对应源文件报告值,未独立复现算法；复用须保持实际方法和统计协议一致,历史控制结果，仅作旧版对照,重复场景优先v14；禁止混合均值/SD/成本
v12_kan_generic_N1000_K100_H800_nominal_persistence_mse,v12_reported,kan_generic,TGN-KAN,TGN_KAN,1000,100,800,nominal,0.05,persistence_mse,0.1243933333333333,0.0067372665904735,dimensionless,training_seed_mean,5,,S06,6,persistence_mse: mean and SD from source row,源汇总；现稿未直接展示,现稿及对应源文件报告值,未独立复现算法；复用须保持实际方法和统计协议一致,历史控制结果，仅作旧版对照,重复场景优先v14；禁止混合均值/SD/成本
v12_kan_generic_N1000_K100_H800_nominal_pp_percent,v12_reported,kan_generic,TGN-KAN,TGN_KAN,1000,100,800,nominal,0.05,pp_percent,20.82534670008354,0.5411628139375212,percent,training_seed_mean,5,,S01,16,pp_percent: mean and SD from source row,Table VI,现稿及对应源文件报告值,未独立复现算法；复用须保持实际方法和统计协议一致,历史控制结果，仅作旧版对照,重复场景优先v14；禁止混合均值/SD/成本
v12_kan_generic_N1000_K100_H800_nominal_served_p5tp_Mbps,v12_reported,kan_generic,TGN-KAN,TGN_KAN,1000,100,800,nominal,0.05,served_p5tp_Mbps,41.13185250536601,0.3262531152750786,Mbps,training_seed_mean,5,,S01,16,served_p5tp_Mbps: mean and SD from source row,Table VI,现稿及对应源文件报告值,未独立复现算法；复用须保持实际方法和统计协议一致,历史控制结果，仅作旧版对照,重复场景优先v14；禁止混合均值/SD/成本
v12_kan_generic_N1000_K100_H800_nominal_tp_Mbps,v12_reported,kan_generic,TGN-KAN,TGN_KAN,1000,100,800,nominal,0.05,tp_Mbps,137.6453477182592,9.314940297356015,Mbps,training_seed_mean,5,,S01,16,tp_Mbps: mean and SD from source row,Table VI,现稿及对应源文件报告值,未独立复现算法；复用须保持实际方法和统计协议一致,历史控制结果，仅作旧版对照,重复场景优先v14；禁止混合均值/SD/成本
v12_mlp128_N1000_K100_H800_nominal_active_load_variance,v12_reported,mlp128,TGN-MLP (128),TGN_MLP,1000,100,800,nominal,0.05,active_load_variance,0.0076454808813872,0.0001115846429147,dimensionless,training_seed_mean,5,,S01,13,active_load_variance: mean and SD from source row,Table VI,现稿及对应源文件报告值,未独立复现算法；复用须保持实际方法和统计协议一致,历史控制结果，仅作旧版对照,重复场景优先v14；禁止混合均值/SD/成本
v12_mlp128_N1000_K100_H800_nominal_hof_percent,v12_reported,mlp128,TGN-MLP (128),TGN_MLP,1000,100,800,nominal,0.05,hof_percent,12.35817756265238,1.3841573735428847,percent,training_seed_mean,5,,S01,13,hof_percent: mean and SD from source row,Table VI,现稿及对应源文件报告值,未独立复现算法；复用须保持实际方法和统计协议一致,历史控制结果，仅作旧版对照,重复场景优先v14；禁止混合均值/SD/成本
v12_mlp128_N1000_K100_H800_nominal_mse_user_vector,v12_reported,mlp128,TGN-MLP (128),TGN_MLP,1000,100,800,nominal,0.05,mse_user_vector,0.0964587967450689,0.0101594407091244,dimensionless,training_seed_mean,5,,S06,5,mse_user_vector: mean and SD from source row,Table VI,现稿及对应源文件报告值,未独立复现算法；复用须保持实际方法和统计协议一致,历史控制结果，仅作旧版对照,重复场景优先v14；禁止混合均值/SD/成本
v12_mlp128_N1000_K100_H800_nominal_outage_percent,v12_reported,mlp128,TGN-MLP (128),TGN_MLP,1000,100,800,nominal,0.05,outage_percent,8.254316666666668,1.2043809154124463,percent,training_seed_mean,5,,S01,13,outage_percent: mean and SD from source row,源汇总；现稿未直接展示,现稿及对应源文件报告值,未独立复现算法；复用须保持实际方法和统计协议一致,历史控制结果，仅作旧版对照,重复场景优先v14；禁止混合均值/SD/成本
v12_mlp128_N1000_K100_H800_nominal_peak_normalized,v12_reported,mlp128,TGN-MLP (128),TGN_MLP,1000,100,800,nominal,0.05,peak_normalized,0.5224199414065763,0.0135722549584854,dimensionless,training_seed_mean,5,,S01,13,peak_normalized: mean and SD from source row,Table VI,现稿及对应源文件报告值,未独立复现算法；复用须保持实际方法和统计协议一致,历史控制结果，仅作旧版对照,重复场景优先v14；禁止混合均值/SD/成本
v12_mlp128_N1000_K100_H800_nominal_persistence_mse,v12_reported,mlp128,TGN-MLP (128),TGN_MLP,1000,100,800,nominal,0.05,persistence_mse,0.083166,0.0052177727261947,dimensionless,training_seed_mean,5,,S06,5,persistence_mse: mean and SD from source row,源汇总；现稿未直接展示,现稿及对应源文件报告值,未独立复现算法；复用须保持实际方法和统计协议一致,历史控制结果，仅作旧版对照,重复场景优先v14；禁止混合均值/SD/成本
v12_mlp128_N1000_K100_H800_nominal_pp_percent,v12_reported,mlp128,TGN-MLP (128),TGN_MLP,1000,100,800,nominal,0.05,pp_percent,14.82031746031746,0.4240307164093851,percent,training_seed_mean,5,,S01,13,pp_percent: mean and SD from source row,Table VI,现稿及对应源文件报告值,未独立复现算法；复用须保持实际方法和统计协议一致,历史控制结果，仅作旧版对照,重复场景优先v14；禁止混合均值/SD/成本
v12_mlp128_N1000_K100_H800_nominal_served_p5tp_Mbps,v12_reported,mlp128,TGN-MLP (128),TGN_MLP,1000,100,800,nominal,0.05,served_p5tp_Mbps,37.8921917031606,0.3123097015136282,Mbps,training_seed_mean,5,,S01,13,served_p5tp_Mbps: mean and SD from source row,Table VI,现稿及对应源文件报告值,未独立复现算法；复用须保持实际方法和统计协议一致,历史控制结果，仅作旧版对照,重复场景优先v14；禁止混合均值/SD/成本
v12_mlp128_N1000_K100_H800_nominal_tp_Mbps,v12_reported,mlp128,TGN-MLP (128),TGN_MLP,1000,100,800,nominal,0.05,tp_Mbps,128.74716019265637,8.762679740984789,Mbps,training_seed_mean,5,,S01,13,tp_Mbps: mean and SD from source row,Table VI,现稿及对应源文件报告值,未独立复现算法；复用须保持实际方法和统计协议一致,历史控制结果，仅作旧版对照,重复场景优先v14；禁止混合均值/SD/成本
v12_full_N2000_K100_H50_nominal_active_load_variance,v12_reported,full,Cox-PhysiCK,Cox_PhysiCK,2000,100,50,nominal,0.05,active_load_variance,0.0016408459549928,0.0000303116515015,dimensionless,training_seed_mean,5,,S01,26,active_load_variance: mean and SD from source row,Fig. 4,现稿及对应源文件报告值,未独立复现算法；复用须保持实际方法和统计协议一致,历史控制结果，仅作旧版对照,重复场景优先v14；禁止混合均值/SD/成本
v12_full_N2000_K100_H50_nominal_hof_percent,v12_reported,full,Cox-PhysiCK,Cox_PhysiCK,2000,100,50,nominal,0.05,hof_percent,0.4891395573123736,0.0391937381485352,percent,training_seed_mean,5,,S01,26,hof_percent: mean and SD from source row,Fig. 3b,现稿及对应源文件报告值,未独立复现算法；复用须保持实际方法和统计协议一致,历史控制结果，仅作旧版对照,重复场景优先v14；禁止混合均值/SD/成本
v12_full_N2000_K100_H50_nominal_outage_percent,v12_reported,full,Cox-PhysiCK,Cox_PhysiCK,2000,100,50,nominal,0.05,outage_percent,0.4644,0.0210216819286923,percent,training_seed_mean,5,,S01,26,outage_percent: mean and SD from source row,源汇总；现稿未直接展示,现稿及对应源文件报告值,未独立复现算法；复用须保持实际方法和统计协议一致,历史控制结果，仅作旧版对照,重复场景优先v14；禁止混合均值/SD/成本
v12_full_N2000_K100_H50_nominal_peak_normalized,v12_reported,full,Cox-PhysiCK,Cox_PhysiCK,2000,100,50,nominal,0.05,peak_normalized,0.2668747291309354,0.0072101953077951,dimensionless,training_seed_mean,5,,S01,26,peak_normalized: mean and SD from source row,源汇总；现稿未直接展示,现稿及对应源文件报告值,未独立复现算法；复用须保持实际方法和统计协议一致,历史控制结果，仅作旧版对照,重复场景优先v14；禁止混合均值/SD/成本
v12_full_N2000_K100_H50_nominal_pp_percent,v12_reported,full,Cox-PhysiCK,Cox_PhysiCK,2000,100,50,nominal,0.05,pp_percent,5.007916666666666,0.2182321913738939,percent,training_seed_mean,5,,S01,26,pp_percent: mean and SD from source row,Fig. 3a,现稿及对应源文件报告值,未独立复现算法；复用须保持实际方法和统计协议一致,历史控制结果，仅作旧版对照,重复场景优先v14；禁止混合均值/SD/成本
v12_full_N2000_K100_H50_nominal_served_p5tp_Mbps,v12_reported,full,Cox-PhysiCK,Cox_PhysiCK,2000,100,50,nominal,0.05,served_p5tp_Mbps,129.28426773325606,5.312800769786384,Mbps,training_seed_mean,5,,S01,26,served_p5tp_Mbps: mean and SD from source row,源汇总；现稿未直接展示,现稿及对应源文件报告值,未独立复现算法；复用须保持实际方法和统计协议一致,历史控制结果，仅作旧版对照,重复场景优先v14；禁止混合均值/SD/成本
v12_full_N2000_K100_H50_nominal_tp_Mbps,v12_reported,full,Cox-PhysiCK,Cox_PhysiCK,2000,100,50,nominal,0.05,tp_Mbps,231.0349498283869,9.290196598823472,Mbps,training_seed_mean,5,,S01,26,tp_Mbps: mean and SD from source row,源汇总；现稿未直接展示,现稿及对应源文件报告值,未独立复现算法；复用须保持实际方法和统计协议一致,历史控制结果，仅作旧版对照,重复场景优先v14；禁止混合均值/SD/成本
v12_kan_generic_N2000_K100_H50_nominal_active_load_variance,v12_reported,kan_generic,TGN-KAN,TGN_KAN,2000,100,50,nominal,0.05,active_load_variance,0.0028401341019811,0.0000526347372125,dimensionless,training_seed_mean,5,,S01,23,active_load_variance: mean and SD from source row,Fig. 4,现稿及对应源文件报告值,未独立复现算法；复用须保持实际方法和统计协议一致,历史控制结果，仅作旧版对照,重复场景优先v14；禁止混合均值/SD/成本
v12_kan_generic_N2000_K100_H50_nominal_hof_percent,v12_reported,kan_generic,TGN-KAN,TGN_KAN,2000,100,50,nominal,0.05,hof_percent,8.246430560888886,1.2795206869764744,percent,training_seed_mean,5,,S01,23,hof_percent: mean and SD from source row,Fig. 3b,现稿及对应源文件报告值,未独立复现算法；复用须保持实际方法和统计协议一致,历史控制结果，仅作旧版对照,重复场景优先v14；禁止混合均值/SD/成本
v12_kan_generic_N2000_K100_H50_nominal_outage_percent,v12_reported,kan_generic,TGN-KAN,TGN_KAN,2000,100,50,nominal,0.05,outage_percent,5.856533333333333,1.1582092883220874,percent,training_seed_mean,5,,S01,23,outage_percent: mean and SD from source row,源汇总；现稿未直接展示,现稿及对应源文件报告值,未独立复现算法；复用须保持实际方法和统计协议一致,历史控制结果，仅作旧版对照,重复场景优先v14；禁止混合均值/SD/成本
v12_kan_generic_N2000_K100_H50_nominal_peak_normalized,v12_reported,kan_generic,TGN-KAN,TGN_KAN,2000,100,50,nominal,0.05,peak_normalized,0.2599536239879116,0.0100910676129,dimensionless,training_seed_mean,5,,S01,23,peak_normalized: mean and SD from source row,源汇总；现稿未直接展示,现稿及对应源文件报告值,未独立复现算法；复用须保持实际方法和统计协议一致,历史控制结果，仅作旧版对照,重复场景优先v14；禁止混合均值/SD/成本
v12_kan_generic_N2000_K100_H50_nominal_pp_percent,v12_reported,kan_generic,TGN-KAN,TGN_KAN,2000,100,50,nominal,0.05,pp_percent,19.40083333333333,1.0292487128039758,percent,training_seed_mean,5,,S01,23,pp_percent: mean and SD from source row,Fig. 3a,现稿及对应源文件报告值,未独立复现算法；复用须保持实际方法和统计协议一致,历史控制结果，仅作旧版对照,重复场景优先v14；禁止混合均值/SD/成本
v12_kan_generic_N2000_K100_H50_nominal_served_p5tp_Mbps,v12_reported,kan_generic,TGN-KAN,TGN_KAN,2000,100,50,nominal,0.05,served_p5tp_Mbps,49.49350853856406,1.2265790362218365,Mbps,training_seed_mean,5,,S01,23,served_p5tp_Mbps: mean and SD from source row,源汇总；现稿未直接展示,现稿及对应源文件报告值,未独立复现算法；复用须保持实际方法和统计协议一致,历史控制结果，仅作旧版对照,重复场景优先v14；禁止混合均值/SD/成本
v12_kan_generic_N2000_K100_H50_nominal_tp_Mbps,v12_reported,kan_generic,TGN-KAN,TGN_KAN,2000,100,50,nominal,0.05,tp_Mbps,156.02330013349916,7.457652065664013,Mbps,training_seed_mean,5,,S01,23,tp_Mbps: mean and SD from source row,源汇总；现稿未直接展示,现稿及对应源文件报告值,未独立复现算法；复用须保持实际方法和统计协议一致,历史控制结果，仅作旧版对照,重复场景优先v14；禁止混合均值/SD/成本
v12_mlp128_N2000_K100_H50_nominal_active_load_variance,v12_reported,mlp128,TGN-MLP (128),TGN_MLP,2000,100,50,nominal,0.05,active_load_variance,0.0045108925704922,0.0000712209621295,dimensionless,training_seed_mean,5,,S01,20,active_load_variance: mean and SD from source row,Fig. 4,现稿及对应源文件报告值,未独立复现算法；复用须保持实际方法和统计协议一致,历史控制结果，仅作旧版对照,重复场景优先v14；禁止混合均值/SD/成本
v12_mlp128_N2000_K100_H50_nominal_hof_percent,v12_reported,mlp128,TGN-MLP (128),TGN_MLP,2000,100,50,nominal,0.05,hof_percent,9.280695420609312,0.8816391870818655,percent,training_seed_mean,5,,S01,20,hof_percent: mean and SD from source row,Fig. 3b,现稿及对应源文件报告值,未独立复现算法；复用须保持实际方法和统计协议一致,历史控制结果，仅作旧版对照,重复场景优先v14；禁止混合均值/SD/成本
v12_mlp128_N2000_K100_H50_nominal_outage_percent,v12_reported,mlp128,TGN-MLP (128),TGN_MLP,2000,100,50,nominal,0.05,outage_percent,5.6476,0.733445082394646,percent,training_seed_mean,5,,S01,20,outage_percent: mean and SD from source row,源汇总；现稿未直接展示,现稿及对应源文件报告值,未独立复现算法；复用须保持实际方法和统计协议一致,历史控制结果，仅作旧版对照,重复场景优先v14；禁止混合均值/SD/成本
v12_mlp128_N2000_K100_H50_nominal_peak_normalized,v12_reported,mlp128,TGN-MLP (128),TGN_MLP,2000,100,50,nominal,0.05,peak_normalized,0.3671369939534487,0.0166653648063733,dimensionless,training_seed_mean,5,,S01,20,peak_normalized: mean and SD from source row,源汇总；现稿未直接展示,现稿及对应源文件报告值,未独立复现算法；复用须保持实际方法和统计协议一致,历史控制结果，仅作旧版对照,重复场景优先v14；禁止混合均值/SD/成本
v12_mlp128_N2000_K100_H50_nominal_pp_percent,v12_reported,mlp128,TGN-MLP (128),TGN_MLP,2000,100,50,nominal,0.05,pp_percent,13.537222222222224,0.6818480145105482,percent,training_seed_mean,5,,S01,20,pp_percent: mean and SD from source row,Fig. 3a,现稿及对应源文件报告值,未独立复现算法；复用须保持实际方法和统计协议一致,历史控制结果，仅作旧版对照,重复场景优先v14；禁止混合均值/SD/成本
v12_mlp128_N2000_K100_H50_nominal_served_p5tp_Mbps,v12_reported,mlp128,TGN-MLP (128),TGN_MLP,2000,100,50,nominal,0.05,served_p5tp_Mbps,41.018654245376595,0.6955043275119053,Mbps,training_seed_mean,5,,S01,20,served_p5tp_Mbps: mean and SD from source row,源汇总；现稿未直接展示,现稿及对应源文件报告值,未独立复现算法；复用须保持实际方法和统计协议一致,历史控制结果，仅作旧版对照,重复场景优先v14；禁止混合均值/SD/成本
v12_mlp128_N2000_K100_H50_nominal_tp_Mbps,v12_reported,mlp128,TGN-MLP (128),TGN_MLP,2000,100,50,nominal,0.05,tp_Mbps,148.65490824306232,12.540692289738738,Mbps,training_seed_mean,5,,S01,20,tp_Mbps: mean and SD from source row,源汇总；现稿未直接展示,现稿及对应源文件报告值,未独立复现算法；复用须保持实际方法和统计协议一致,历史控制结果，仅作旧版对照,重复场景优先v14；禁止混合均值/SD/成本
v12_cox_only_N2000_K100_H200_nominal_hof_percent,v12_reported,cox_only,Cox-only,Cox_only,2000,100,200,nominal,0.05,hof_percent,1.16,0.33,percent,test_episode,30,,S04,4,hof_percent: mean and SD from source row,Table V; Table VII,现稿及对应源文件报告值,未独立复现算法；复用须保持实际方法和统计协议一致,历史控制结果，仅作旧版对照,重复场景优先v14；禁止混合均值/SD/成本
v12_cox_only_N2000_K100_H200_nominal_outage_percent,v12_reported,cox_only,Cox-only,Cox_only,2000,100,200,nominal,0.05,outage_percent,1.17,0.24,percent,test_episode,30,,S04,4,outage_percent: mean and SD from source row,Table V,现稿及对应源文件报告值,未独立复现算法；复用须保持实际方法和统计协议一致,历史控制结果，仅作旧版对照,重复场景优先v14；禁止混合均值/SD/成本
v12_cox_only_N2000_K100_H200_nominal_peak_normalized,v12_reported,cox_only,Cox-only,Cox_only,2000,100,200,nominal,0.05,peak_normalized,0.308,0.034,dimensionless,test_episode,30,,S04,4,peak_normalized: mean and SD from source row,Table V; Table VII,现稿及对应源文件报告值,未独立复现算法；复用须保持实际方法和统计协议一致,历史控制结果，仅作旧版对照,重复场景优先v14；禁止混合均值/SD/成本
v12_cox_only_N2000_K100_H200_nominal_pp_percent,v12_reported,cox_only,Cox-only,Cox_only,2000,100,200,nominal,0.05,pp_percent,5.79,0.94,percent,test_episode,30,,S04,4,pp_percent: mean and SD from source row,Table V; Table VII,现稿及对应源文件报告值,未独立复现算法；复用须保持实际方法和统计协议一致,历史控制结果，仅作旧版对照,重复场景优先v14；禁止混合均值/SD/成本
v12_cox_only_N2000_K100_H200_nominal_tp_Mbps,v12_reported,cox_only,Cox-only,Cox_only,2000,100,200,nominal,0.05,tp_Mbps,215.9,19.6,Mbps,test_episode,30,,S04,4,tp_Mbps: mean and SD from source row,Table V; Table VII,现稿及对应源文件报告值,未独立复现算法；复用须保持实际方法和统计协议一致,历史控制结果，仅作旧版对照,重复场景优先v14；禁止混合均值/SD/成本
v12_full_N2000_K100_H200_nominal_active_load_variance,v12_reported,full,Cox-PhysiCK,Cox_PhysiCK,2000,100,200,nominal,0.05,active_load_variance,0.0014863343310073,0.0000297135211564,dimensionless,training_seed_mean,5,,S01,27,active_load_variance: mean and SD from source row,Fig. 4,现稿及对应源文件报告值,未独立复现算法；复用须保持实际方法和统计协议一致,历史控制结果，仅作旧版对照,重复场景优先v14；禁止混合均值/SD/成本
v12_full_N2000_K100_H200_nominal_hof_percent,v12_reported,full,Cox-PhysiCK,Cox_PhysiCK,2000,100,200,nominal,0.05,hof_percent,0.5072281198471659,0.0239935997035606,percent,training_seed_mean,5,,S01,27,hof_percent: mean and SD from source row,Fig. 3b; Fig. 6a; Fig. 7; Table V; Table VII,现稿及对应源文件报告值,未独立复现算法；复用须保持实际方法和统计协议一致,历史控制结果，仅作旧版对照,重复场景优先v14；禁止混合均值/SD/成本
v12_full_N2000_K100_H200_nominal_outage_percent,v12_reported,full,Cox-PhysiCK,Cox_PhysiCK,2000,100,200,nominal,0.05,outage_percent,0.4709333333333334,0.0182241445463002,percent,training_seed_mean,5,,S01,27,outage_percent: mean and SD from source row,Fig. 7; Table V,现稿及对应源文件报告值,未独立复现算法；复用须保持实际方法和统计协议一致,历史控制结果，仅作旧版对照,重复场景优先v14；禁止混合均值/SD/成本
v12_full_N2000_K100_H200_nominal_peak_normalized,v12_reported,full,Cox-PhysiCK,Cox_PhysiCK,2000,100,200,nominal,0.05,peak_normalized,0.2931140273907432,0.0021136074146597,dimensionless,training_seed_mean,5,,S01,27,peak_normalized: mean and SD from source row,Fig. 6b; Fig. 7; Table V; Table VII,现稿及对应源文件报告值,未独立复现算法；复用须保持实际方法和统计协议一致,历史控制结果，仅作旧版对照,重复场景优先v14；禁止混合均值/SD/成本
v12_full_N2000_K100_H200_nominal_pp_percent,v12_reported,full,Cox-PhysiCK,Cox_PhysiCK,2000,100,200,nominal,0.05,pp_percent,5.032356902356902,0.1463291005597426,percent,training_seed_mean,5,,S01,27,pp_percent: mean and SD from source row,Fig. 3a; Fig. 6a; Fig. 7; Table V; Table VII,现稿及对应源文件报告值,未独立复现算法；复用须保持实际方法和统计协议一致,历史控制结果，仅作旧版对照,重复场景优先v14；禁止混合均值/SD/成本
v12_full_N2000_K100_H200_nominal_served_p5tp_Mbps,v12_reported,full,Cox-PhysiCK,Cox_PhysiCK,2000,100,200,nominal,0.05,served_p5tp_Mbps,127.0323655395509,5.713290382271076,Mbps,training_seed_mean,5,,S01,27,served_p5tp_Mbps: mean and SD from source row,源汇总；现稿未直接展示,现稿及对应源文件报告值,未独立复现算法；复用须保持实际方法和统计协议一致,历史控制结果，仅作旧版对照,重复场景优先v14；禁止混合均值/SD/成本
v12_full_N2000_K100_H200_nominal_tp_Mbps,v12_reported,full,Cox-PhysiCK,Cox_PhysiCK,2000,100,200,nominal,0.05,tp_Mbps,230.98668787529755,9.28340115134209,Mbps,training_seed_mean,5,,S01,27,tp_Mbps: mean and SD from source row,Fig. 6b; Fig. 7; Table V; Table VII,现稿及对应源文件报告值,未独立复现算法；复用须保持实际方法和统计协议一致,历史控制结果，仅作旧版对照,重复场景优先v14；禁止混合均值/SD/成本
v12_greedy_reported_N2000_K100_H200_nominal_hof_percent,v12_reported,greedy_reported,Load-aware greedy,Load_aware_greedy,2000,100,200,nominal,,hof_percent,0.984684457801252,0.5180405712408357,percent,test_episode,30,,S02,4,hof_percent: mean and SD from source row,Table V,现稿及对应源文件报告值,未独立复现算法；复用须保持实际方法和统计协议一致,历史控制结果，仅作旧版对照,重复场景优先v14；禁止混合均值/SD/成本
v12_greedy_reported_N2000_K100_H200_nominal_outage_percent,v12_reported,greedy_reported,Load-aware greedy,Load_aware_greedy,2000,100,200,nominal,,outage_percent,1.0376666666666667,0.1067605549440148,percent,test_episode,30,,S02,4,outage_percent: mean and SD from source row,Table V,现稿及对应源文件报告值,未独立复现算法；复用须保持实际方法和统计协议一致,历史控制结果，仅作旧版对照,重复场景优先v14；禁止混合均值/SD/成本
v12_greedy_reported_N2000_K100_H200_nominal_peak_normalized,v12_reported,greedy_reported,Load-aware greedy,Load_aware_greedy,2000,100,200,nominal,,peak_normalized,0.2236624750373489,0.0143036984719635,dimensionless,test_episode,30,,S02,4,peak_normalized: mean and SD from source row,Table V,现稿及对应源文件报告值,未独立复现算法；复用须保持实际方法和统计协议一致,历史控制结果，仅作旧版对照,重复场景优先v14；禁止混合均值/SD/成本
v12_greedy_reported_N2000_K100_H200_nominal_pp_percent,v12_reported,greedy_reported,Load-aware greedy,Load_aware_greedy,2000,100,200,nominal,,pp_percent,0.0082491582491582,0.0065627533346653,percent,test_episode,30,,S02,4,pp_percent: mean and SD from source row,Table V,现稿及对应源文件报告值,未独立复现算法；复用须保持实际方法和统计协议一致,历史控制结果，仅作旧版对照,重复场景优先v14；禁止混合均值/SD/成本
v12_greedy_reported_N2000_K100_H200_nominal_tp_Mbps,v12_reported,greedy_reported,Load-aware greedy,Load_aware_greedy,2000,100,200,nominal,,tp_Mbps,235.37102457873024,7.056083404018415,Mbps,test_episode,30,,S02,4,tp_Mbps: mean and SD from source row,Table V,现稿及对应源文件报告值,未独立复现算法；复用须保持实际方法和统计协议一致,历史控制结果，仅作旧版对照,重复场景优先v14；禁止混合均值/SD/成本
v12_kan_generic_N2000_K100_H200_nominal_active_load_variance,v12_reported,kan_generic,TGN-KAN,TGN_KAN,2000,100,200,nominal,0.05,active_load_variance,0.0027915994053204,0.0000900187728456,dimensionless,training_seed_mean,5,,S01,24,active_load_variance: mean and SD from source row,Fig. 4,现稿及对应源文件报告值,未独立复现算法；复用须保持实际方法和统计协议一致,历史控制结果，仅作旧版对照,重复场景优先v14；禁止混合均值/SD/成本
v12_kan_generic_N2000_K100_H200_nominal_hof_percent,v12_reported,kan_generic,TGN-KAN,TGN_KAN,2000,100,200,nominal,0.05,hof_percent,8.737092235801065,1.2855329204311483,percent,training_seed_mean,5,,S01,24,hof_percent: mean and SD from source row,Fig. 3b; Fig. 6a; Fig. 7; Table V,现稿及对应源文件报告值,未独立复现算法；复用须保持实际方法和统计协议一致,历史控制结果，仅作旧版对照,重复场景优先v14；禁止混合均值/SD/成本
v12_kan_generic_N2000_K100_H200_nominal_outage_percent,v12_reported,kan_generic,TGN-KAN,TGN_KAN,2000,100,200,nominal,0.05,outage_percent,6.361600000000001,1.248469788937197,percent,training_seed_mean,5,,S01,24,outage_percent: mean and SD from source row,Fig. 7; Table V,现稿及对应源文件报告值,未独立复现算法；复用须保持实际方法和统计协议一致,历史控制结果，仅作旧版对照,重复场景优先v14；禁止混合均值/SD/成本
v12_kan_generic_N2000_K100_H200_nominal_peak_normalized,v12_reported,kan_generic,TGN-KAN,TGN_KAN,2000,100,200,nominal,0.05,peak_normalized,0.2799242090275849,0.0100208921800745,dimensionless,training_seed_mean,5,,S01,24,peak_normalized: mean and SD from source row,Fig. 6b; Fig. 7; Table V,现稿及对应源文件报告值,未独立复现算法；复用须保持实际方法和统计协议一致,历史控制结果，仅作旧版对照,重复场景优先v14；禁止混合均值/SD/成本
v12_kan_generic_N2000_K100_H200_nominal_pp_percent,v12_reported,kan_generic,TGN-KAN,TGN_KAN,2000,100,200,nominal,0.05,pp_percent,19.85097643097643,1.015465904380287,percent,training_seed_mean,5,,S01,24,pp_percent: mean and SD from source row,Fig. 3a; Fig. 6a; Fig. 7; Table V,现稿及对应源文件报告值,未独立复现算法；复用须保持实际方法和统计协议一致,历史控制结果，仅作旧版对照,重复场景优先v14；禁止混合均值/SD/成本
v12_kan_generic_N2000_K100_H200_nominal_served_p5tp_Mbps,v12_reported,kan_generic,TGN-KAN,TGN_KAN,2000,100,200,nominal,0.05,served_p5tp_Mbps,49.540875457127896,1.5381442012660516,Mbps,training_seed_mean,5,,S01,24,served_p5tp_Mbps: mean and SD from source row,源汇总；现稿未直接展示,现稿及对应源文件报告值,未独立复现算法；复用须保持实际方法和统计协议一致,历史控制结果，仅作旧版对照,重复场景优先v14；禁止混合均值/SD/成本
v12_kan_generic_N2000_K100_H200_nominal_tp_Mbps,v12_reported,kan_generic,TGN-KAN,TGN_KAN,2000,100,200,nominal,0.05,tp_Mbps,153.0447085572535,7.33939006134842,Mbps,training_seed_mean,5,,S01,24,tp_Mbps: mean and SD from source row,Fig. 6b; Fig. 7; Table V,现稿及对应源文件报告值,未独立复现算法；复用须保持实际方法和统计协议一致,历史控制结果，仅作旧版对照,重复场景优先v14；禁止混合均值/SD/成本
v12_leo_madrl_N2000_K100_H200_nominal_hof_percent,v12_reported,leo_madrl,LEO-MADRL,LEO_MADRL,2000,100,200,nominal,,hof_percent,2.14,0.28,percent,training_seed_mean,5,,S05,2,hof_percent: mean and SD from source row,Fig. 7; Table V,现稿及对应源文件报告值,未独立复现算法；复用须保持实际方法和统计协议一致,历史控制结果，仅作旧版对照,重复场景优先v14；禁止混合均值/SD/成本
v12_leo_madrl_N2000_K100_H200_nominal_outage_percent,v12_reported,leo_madrl,LEO-MADRL,LEO_MADRL,2000,100,200,nominal,,outage_percent,1.36,0.16,percent,training_seed_mean,5,,S05,2,outage_percent: mean and SD from source row,Fig. 7; Table V,现稿及对应源文件报告值,未独立复现算法；复用须保持实际方法和统计协议一致,历史控制结果，仅作旧版对照,重复场景优先v14；禁止混合均值/SD/成本
v12_leo_madrl_N2000_K100_H200_nominal_peak_normalized,v12_reported,leo_madrl,LEO-MADRL,LEO_MADRL,2000,100,200,nominal,,peak_normalized,0.336,0.018,dimensionless,training_seed_mean,5,,S05,2,peak_normalized: mean and SD from source row,Fig. 7; Table V,现稿及对应源文件报告值,未独立复现算法；复用须保持实际方法和统计协议一致,历史控制结果，仅作旧版对照,重复场景优先v14；禁止混合均值/SD/成本
v12_leo_madrl_N2000_K100_H200_nominal_pp_percent,v12_reported,leo_madrl,LEO-MADRL,LEO_MADRL,2000,100,200,nominal,,pp_percent,6.38,0.56,percent,training_seed_mean,5,,S05,2,pp_percent: mean and SD from source row,Fig. 7; Table V,现稿及对应源文件报告值,未独立复现算法；复用须保持实际方法和统计协议一致,历史控制结果，仅作旧版对照,重复场景优先v14；禁止混合均值/SD/成本
v12_leo_madrl_N2000_K100_H200_nominal_tp_Mbps,v12_reported,leo_madrl,LEO-MADRL,LEO_MADRL,2000,100,200,nominal,,tp_Mbps,207.4,8.7,Mbps,training_seed_mean,5,,S05,2,tp_Mbps: mean and SD from source row,Fig. 7; Table V,现稿及对应源文件报告值,未独立复现算法；复用须保持实际方法和统计协议一致,历史控制结果，仅作旧版对照,重复场景优先v14；禁止混合均值/SD/成本
v12_maxrst_N2000_K100_H200_nominal_hof_percent,v12_reported,maxrst,Max-RST,Max_RST,2000,100,200,nominal,,hof_percent,0.9408662172968524,0.1577317060569171,percent,test_episode,30,,S02,3,hof_percent: mean and SD from source row,Table V,现稿及对应源文件报告值,未独立复现算法；复用须保持实际方法和统计协议一致,历史控制结果，仅作旧版对照,重复场景优先v14；禁止混合均值/SD/成本
v12_maxrst_N2000_K100_H200_nominal_outage_percent,v12_reported,maxrst,Max-RST,Max_RST,2000,100,200,nominal,,outage_percent,1.4735000000000005,0.5299042691682702,percent,test_episode,30,,S02,3,outage_percent: mean and SD from source row,Table V,现稿及对应源文件报告值,未独立复现算法；复用须保持实际方法和统计协议一致,历史控制结果，仅作旧版对照,重复场景优先v14；禁止混合均值/SD/成本
v12_maxrst_N2000_K100_H200_nominal_peak_normalized,v12_reported,maxrst,Max-RST,Max_RST,2000,100,200,nominal,,peak_normalized,0.6910413050408409,0.1108903593577978,dimensionless,test_episode,30,,S02,3,peak_normalized: mean and SD from source row,Table V,现稿及对应源文件报告值,未独立复现算法；复用须保持实际方法和统计协议一致,历史控制结果，仅作旧版对照,重复场景优先v14；禁止混合均值/SD/成本
v12_maxrst_N2000_K100_H200_nominal_pp_percent,v12_reported,maxrst,Max-RST,Max_RST,2000,100,200,nominal,,pp_percent,0,0,percent,test_episode,30,,S02,3,pp_percent: mean and SD from source row,Table V,现稿及对应源文件报告值,未独立复现算法；复用须保持实际方法和统计协议一致,历史控制结果，仅作旧版对照,重复场景优先v14；禁止混合均值/SD/成本
v12_maxrst_N2000_K100_H200_nominal_tp_Mbps,v12_reported,maxrst,Max-RST,Max_RST,2000,100,200,nominal,,tp_Mbps,197.8140001987203,7.258316445058301,Mbps,test_episode,30,,S02,3,tp_Mbps: mean and SD from source row,Table V,现稿及对应源文件报告值,未独立复现算法；复用须保持实际方法和统计协议一致,历史控制结果，仅作旧版对照,重复场景优先v14；禁止混合均值/SD/成本
v12_maxsinr_ttt_N2000_K100_H200_nominal_hof_percent,v12_reported,maxsinr_ttt,Max-SINR+TTT,Max_SINR_TTT,2000,100,200,nominal,,hof_percent,1.1229644349934351,0.4805574859253913,percent,test_episode,30,,S02,2,hof_percent: mean and SD from source row,Table V,现稿及对应源文件报告值,未独立复现算法；复用须保持实际方法和统计协议一致,历史控制结果，仅作旧版对照,重复场景优先v14；禁止混合均值/SD/成本
v12_maxsinr_ttt_N2000_K100_H200_nominal_outage_percent,v12_reported,maxsinr_ttt,Max-SINR+TTT,Max_SINR_TTT,2000,100,200,nominal,,outage_percent,1.0358333333333334,0.1102276901606893,percent,test_episode,30,,S02,2,outage_percent: mean and SD from source row,Table V,现稿及对应源文件报告值,未独立复现算法；复用须保持实际方法和统计协议一致,历史控制结果，仅作旧版对照,重复场景优先v14；禁止混合均值/SD/成本
v12_maxsinr_ttt_N2000_K100_H200_nominal_peak_normalized,v12_reported,maxsinr_ttt,Max-SINR+TTT,Max_SINR_TTT,2000,100,200,nominal,,peak_normalized,0.4031897190016188,0.0274746763874151,dimensionless,test_episode,30,,S02,2,peak_normalized: mean and SD from source row,Table V,现稿及对应源文件报告值,未独立复现算法；复用须保持实际方法和统计协议一致,历史控制结果，仅作旧版对照,重复场景优先v14；禁止混合均值/SD/成本
v12_maxsinr_ttt_N2000_K100_H200_nominal_pp_percent,v12_reported,maxsinr_ttt,Max-SINR+TTT,Max_SINR_TTT,2000,100,200,nominal,,pp_percent,0.0025252525252525,0.0034459001980859,percent,test_episode,30,,S02,2,pp_percent: mean and SD from source row,Table V,现稿及对应源文件报告值,未独立复现算法；复用须保持实际方法和统计协议一致,历史控制结果，仅作旧版对照,重复场景优先v14；禁止混合均值/SD/成本
v12_maxsinr_ttt_N2000_K100_H200_nominal_tp_Mbps,v12_reported,maxsinr_ttt,Max-SINR+TTT,Max_SINR_TTT,2000,100,200,nominal,,tp_Mbps,233.62938427112584,7.095307316541641,Mbps,test_episode,30,,S02,2,tp_Mbps: mean and SD from source row,Table V,现稿及对应源文件报告值,未独立复现算法；复用须保持实际方法和统计协议一致,历史控制结果，仅作旧版对照,重复场景优先v14；禁止混合均值/SD/成本
v12_mlp128_N2000_K100_H200_nominal_active_load_variance,v12_reported,mlp128,TGN-MLP (128),TGN_MLP,2000,100,200,nominal,0.05,active_load_variance,0.0044473738254929,0.0000400259869468,dimensionless,training_seed_mean,5,,S01,21,active_load_variance: mean and SD from source row,Fig. 4,现稿及对应源文件报告值,未独立复现算法；复用须保持实际方法和统计协议一致,历史控制结果，仅作旧版对照,重复场景优先v14；禁止混合均值/SD/成本
v12_mlp128_N2000_K100_H200_nominal_hof_percent,v12_reported,mlp128,TGN-MLP (128),TGN_MLP,2000,100,200,nominal,0.05,hof_percent,9.878188098364678,0.9617698186219572,percent,training_seed_mean,5,,S01,21,hof_percent: mean and SD from source row,Fig. 3b; Fig. 6a; Fig. 7; Table V,现稿及对应源文件报告值,未独立复现算法；复用须保持实际方法和统计协议一致,历史控制结果，仅作旧版对照,重复场景优先v14；禁止混合均值/SD/成本
v12_mlp128_N2000_K100_H200_nominal_outage_percent,v12_reported,mlp128,TGN-MLP (128),TGN_MLP,2000,100,200,nominal,0.05,outage_percent,6.194366666666667,0.8082407025962829,percent,training_seed_mean,5,,S01,21,outage_percent: mean and SD from source row,Fig. 7; Table V,现稿及对应源文件报告值,未独立复现算法；复用须保持实际方法和统计协议一致,历史控制结果，仅作旧版对照,重复场景优先v14；禁止混合均值/SD/成本
v12_mlp128_N2000_K100_H200_nominal_peak_normalized,v12_reported,mlp128,TGN-MLP (128),TGN_MLP,2000,100,200,nominal,0.05,peak_normalized,0.4107400265510544,0.0152960350164012,dimensionless,training_seed_mean,5,,S01,21,peak_normalized: mean and SD from source row,Fig. 6b; Fig. 7; Table V,现稿及对应源文件报告值,未独立复现算法；复用须保持实际方法和统计协议一致,历史控制结果，仅作旧版对照,重复场景优先v14；禁止混合均值/SD/成本
v12_mlp128_N2000_K100_H200_nominal_pp_percent,v12_reported,mlp128,TGN-MLP (128),TGN_MLP,2000,100,200,nominal,0.05,pp_percent,13.962457912457912,0.5315085837277611,percent,training_seed_mean,5,,S01,21,pp_percent: mean and SD from source row,Fig. 3a; Fig. 6a; Fig. 7; Table V,现稿及对应源文件报告值,未独立复现算法；复用须保持实际方法和统计协议一致,历史控制结果，仅作旧版对照,重复场景优先v14；禁止混合均值/SD/成本
v12_mlp128_N2000_K100_H200_nominal_served_p5tp_Mbps,v12_reported,mlp128,TGN-MLP (128),TGN_MLP,2000,100,200,nominal,0.05,served_p5tp_Mbps,41.51616119003297,0.723899553467624,Mbps,training_seed_mean,5,,S01,21,served_p5tp_Mbps: mean and SD from source row,源汇总；现稿未直接展示,现稿及对应源文件报告值,未独立复现算法；复用须保持实际方法和统计协议一致,历史控制结果，仅作旧版对照,重复场景优先v14；禁止混合均值/SD/成本
v12_mlp128_N2000_K100_H200_nominal_tp_Mbps,v12_reported,mlp128,TGN-MLP (128),TGN_MLP,2000,100,200,nominal,0.05,tp_Mbps,145.44214762142053,12.486543978238975,Mbps,training_seed_mean,5,,S01,21,tp_Mbps: mean and SD from source row,Fig. 6b; Fig. 7; Table V,现稿及对应源文件报告值,未独立复现算法；复用须保持实际方法和统计协议一致,历史控制结果，仅作旧版对照,重复场景优先v14；禁止混合均值/SD/成本
v12_mlp213_N2000_K100_H200_nominal_hof_percent,v12_reported,mlp213,No kernel bank (MLP213),No_kernel_bank,2000,100,200,nominal,0.05,hof_percent,1.9008995998444456,0.0576170569055319,percent,training_seed_mean,5,,S03,7,hof_percent: mean and SD from source row,Table VII,现稿及对应源文件报告值,未独立复现算法；复用须保持实际方法和统计协议一致,历史控制结果，仅作旧版对照,重复场景优先v14；禁止混合均值/SD/成本
v12_mlp213_N2000_K100_H200_nominal_peak_normalized,v12_reported,mlp213,No kernel bank (MLP213),No_kernel_bank,2000,100,200,nominal,0.05,peak_normalized,0.2791455534487808,0.0038160467514761,dimensionless,training_seed_mean,5,,S03,7,peak_normalized: mean and SD from source row,Table VII,现稿及对应源文件报告值,未独立复现算法；复用须保持实际方法和统计协议一致,历史控制结果，仅作旧版对照,重复场景优先v14；禁止混合均值/SD/成本
v12_mlp213_N2000_K100_H200_nominal_pp_percent,v12_reported,mlp213,No kernel bank (MLP213),No_kernel_bank,2000,100,200,nominal,0.05,pp_percent,9.559090909090909,0.3005023861278292,percent,training_seed_mean,5,,S03,7,pp_percent: mean and SD from source row,Table VII,现稿及对应源文件报告值,未独立复现算法；复用须保持实际方法和统计协议一致,历史控制结果，仅作旧版对照,重复场景优先v14；禁止混合均值/SD/成本
v12_mlp213_N2000_K100_H200_nominal_tp_Mbps,v12_reported,mlp213,No kernel bank (MLP213),No_kernel_bank,2000,100,200,nominal,0.05,tp_Mbps,210.5135941377792,9.039230842907031,Mbps,training_seed_mean,5,,S03,7,tp_Mbps: mean and SD from source row,Table VII,现稿及对应源文件报告值,未独立复现算法；复用须保持实际方法和统计协议一致,历史控制结果，仅作旧版对照,重复场景优先v14；禁止混合均值/SD/成本
v12_mlp_coeff_N2000_K100_H200_nominal_hof_percent,v12_reported,mlp_coeff,PhysiCK + MLP coefficient head,MLP_coefficient_head,2000,100,200,nominal,0.05,hof_percent,0.7290296711003103,0.0301872364255222,percent,training_seed_mean,5,,S03,10,hof_percent: mean and SD from source row,Table VII,现稿及对应源文件报告值,未独立复现算法；复用须保持实际方法和统计协议一致,历史控制结果，仅作旧版对照,重复场景优先v14；禁止混合均值/SD/成本
v12_mlp_coeff_N2000_K100_H200_nominal_peak_normalized,v12_reported,mlp_coeff,PhysiCK + MLP coefficient head,MLP_coefficient_head,2000,100,200,nominal,0.05,peak_normalized,0.292240685097681,0.0040929785548188,dimensionless,training_seed_mean,5,,S03,10,peak_normalized: mean and SD from source row,Table VII,现稿及对应源文件报告值,未独立复现算法；复用须保持实际方法和统计协议一致,历史控制结果，仅作旧版对照,重复场景优先v14；禁止混合均值/SD/成本
v12_mlp_coeff_N2000_K100_H200_nominal_pp_percent,v12_reported,mlp_coeff,PhysiCK + MLP coefficient head,MLP_coefficient_head,2000,100,200,nominal,0.05,pp_percent,5.778888888888888,0.226385554880013,percent,training_seed_mean,5,,S03,10,pp_percent: mean and SD from source row,Table VII,现稿及对应源文件报告值,未独立复现算法；复用须保持实际方法和统计协议一致,历史控制结果，仅作旧版对照,重复场景优先v14；禁止混合均值/SD/成本
v12_mlp_coeff_N2000_K100_H200_nominal_tp_Mbps,v12_reported,mlp_coeff,PhysiCK + MLP coefficient head,MLP_coefficient_head,2000,100,200,nominal,0.05,tp_Mbps,226.67431838394543,9.232559951644005,Mbps,training_seed_mean,5,,S03,10,tp_Mbps: mean and SD from source row,Table VII,现稿及对应源文件报告值,未独立复现算法；复用须保持实际方法和统计协议一致,历史控制结果，仅作旧版对照,重复场景优先v14；禁止混合均值/SD/成本
v12_no_triplet_N2000_K100_H200_nominal_hof_percent,v12_reported,no_triplet,No Cox descriptors (P0/Lambda/RST),No_Cox_descriptors,2000,100,200,nominal,0.05,hof_percent,1.0525710886204949,0.0348540445205724,percent,training_seed_mean,5,,S03,4,hof_percent: mean and SD from source row,Table VII,现稿及对应源文件报告值,未独立复现算法；复用须保持实际方法和统计协议一致,历史控制结果，仅作旧版对照,重复场景优先v14；禁止混合均值/SD/成本
v12_no_triplet_N2000_K100_H200_nominal_peak_normalized,v12_reported,no_triplet,No Cox descriptors (P0/Lambda/RST),No_Cox_descriptors,2000,100,200,nominal,0.05,peak_normalized,0.2867303129960842,0.003720297697988,dimensionless,training_seed_mean,5,,S03,4,peak_normalized: mean and SD from source row,Table VII,现稿及对应源文件报告值,未独立复现算法；复用须保持实际方法和统计协议一致,历史控制结果，仅作旧版对照,重复场景优先v14；禁止混合均值/SD/成本
v12_no_triplet_N2000_K100_H200_nominal_pp_percent,v12_reported,no_triplet,No Cox descriptors (P0/Lambda/RST),No_Cox_descriptors,2000,100,200,nominal,0.05,pp_percent,6.967710437710437,0.2124887721909139,percent,training_seed_mean,5,,S03,4,pp_percent: mean and SD from source row,Table VII,现稿及对应源文件报告值,未独立复现算法；复用须保持实际方法和统计协议一致,历史控制结果，仅作旧版对照,重复场景优先v14；禁止混合均值/SD/成本
v12_no_triplet_N2000_K100_H200_nominal_tp_Mbps,v12_reported,no_triplet,No Cox descriptors (P0/Lambda/RST),No_Cox_descriptors,2000,100,200,nominal,0.05,tp_Mbps,220.760187241635,9.178354119962112,Mbps,training_seed_mean,5,,S03,4,tp_Mbps: mean and SD from source row,Table VII,现稿及对应源文件报告值,未独立复现算法；复用须保持实际方法和统计协议一致,历史控制结果，仅作旧版对照,重复场景优先v14；禁止混合均值/SD/成本
v12_full_N2000_K100_H800_nominal_active_load_variance,v12_reported,full,Cox-PhysiCK,Cox_PhysiCK,2000,100,800,nominal,0.05,active_load_variance,0.0014776870959638,0.0000354535231911,dimensionless,training_seed_mean,5,,S01,28,active_load_variance: mean and SD from source row,Fig. 4; Table IV; Table VI,现稿及对应源文件报告值,未独立复现算法；复用须保持实际方法和统计协议一致,历史控制结果，仅作旧版对照,重复场景优先v14；禁止混合均值/SD/成本
v12_full_N2000_K100_H800_nominal_hof_percent,v12_reported,full,Cox-PhysiCK,Cox_PhysiCK,2000,100,800,nominal,0.05,hof_percent,0.5315840075516286,0.0260213217221952,percent,training_seed_mean,5,,S01,28,hof_percent: mean and SD from source row,Fig. 3b; Table IV; Table VI,现稿及对应源文件报告值,未独立复现算法；复用须保持实际方法和统计协议一致,历史控制结果，仅作旧版对照,重复场景优先v14；禁止混合均值/SD/成本
v12_full_N2000_K100_H800_nominal_mse_user_vector,v12_reported,full,Cox-PhysiCK,Cox_PhysiCK,2000,100,800,nominal,0.05,mse_user_vector,0.0311835752112182,0.0025039675957869,dimensionless,training_seed_mean,5,,S06,10,mse_user_vector: mean and SD from source row,Table VI,现稿及对应源文件报告值,未独立复现算法；复用须保持实际方法和统计协议一致,历史控制结果，仅作旧版对照,重复场景优先v14；禁止混合均值/SD/成本
v12_full_N2000_K100_H800_nominal_outage_percent,v12_reported,full,Cox-PhysiCK,Cox_PhysiCK,2000,100,800,nominal,0.05,outage_percent,0.4904083333333333,0.0206494257722151,percent,training_seed_mean,5,,S01,28,outage_percent: mean and SD from source row,Table IV,现稿及对应源文件报告值,未独立复现算法；复用须保持实际方法和统计协议一致,历史控制结果，仅作旧版对照,重复场景优先v14；禁止混合均值/SD/成本
v12_full_N2000_K100_H800_nominal_peak_normalized,v12_reported,full,Cox-PhysiCK,Cox_PhysiCK,2000,100,800,nominal,0.05,peak_normalized,0.3176090368304863,0.0067073182266105,dimensionless,training_seed_mean,5,,S01,28,peak_normalized: mean and SD from source row,Table IV; Table VI,现稿及对应源文件报告值,未独立复现算法；复用须保持实际方法和统计协议一致,历史控制结果，仅作旧版对照,重复场景优先v14；禁止混合均值/SD/成本
v12_full_N2000_K100_H800_nominal_persistence_mse,v12_reported,full,Cox-PhysiCK,Cox_PhysiCK,2000,100,800,nominal,0.05,persistence_mse,0.0302866666666666,0.0025992755400944,dimensionless,training_seed_mean,5,,S06,10,persistence_mse: mean and SD from source row,源汇总；现稿未直接展示,现稿及对应源文件报告值,未独立复现算法；复用须保持实际方法和统计协议一致,历史控制结果，仅作旧版对照,重复场景优先v14；禁止混合均值/SD/成本
v12_full_N2000_K100_H800_nominal_pp_percent,v12_reported,full,Cox-PhysiCK,Cox_PhysiCK,2000,100,800,nominal,0.05,pp_percent,5.157226399331661,0.1562987950301454,percent,training_seed_mean,5,,S01,28,pp_percent: mean and SD from source row,Fig. 3a; Table IV; Table VI,现稿及对应源文件报告值,未独立复现算法；复用须保持实际方法和统计协议一致,历史控制结果，仅作旧版对照,重复场景优先v14；禁止混合均值/SD/成本
v12_full_N2000_K100_H800_nominal_served_p5tp_Mbps,v12_reported,full,Cox-PhysiCK,Cox_PhysiCK,2000,100,800,nominal,0.05,served_p5tp_Mbps,123.88972212982182,5.840430590962996,Mbps,training_seed_mean,5,,S01,28,served_p5tp_Mbps: mean and SD from source row,Table IV; Table VI,现稿及对应源文件报告值,未独立复现算法；复用须保持实际方法和统计协议一致,历史控制结果，仅作旧版对照,重复场景优先v14；禁止混合均值/SD/成本
v12_full_N2000_K100_H800_nominal_tp_Mbps,v12_reported,full,Cox-PhysiCK,Cox_PhysiCK,2000,100,800,nominal,0.05,tp_Mbps,229.44526932506847,9.290975888776948,Mbps,training_seed_mean,5,,S01,28,tp_Mbps: mean and SD from source row,Table IV; Table VI,现稿及对应源文件报告值,未独立复现算法；复用须保持实际方法和统计协议一致,历史控制结果，仅作旧版对照,重复场景优先v14；禁止混合均值/SD/成本
v12_kan_generic_N2000_K100_H800_nominal_active_load_variance,v12_reported,kan_generic,TGN-KAN,TGN_KAN,2000,100,800,nominal,0.05,active_load_variance,0.0028840353400636,0.0000964364884257,dimensionless,training_seed_mean,5,,S01,25,active_load_variance: mean and SD from source row,Fig. 4; Table IV; Table VI,现稿及对应源文件报告值,未独立复现算法；复用须保持实际方法和统计协议一致,历史控制结果，仅作旧版对照,重复场景优先v14；禁止混合均值/SD/成本
v12_kan_generic_N2000_K100_H800_nominal_hof_percent,v12_reported,kan_generic,TGN-KAN,TGN_KAN,2000,100,800,nominal,0.05,hof_percent,10.464919992174597,1.5405530465518396,percent,training_seed_mean,5,,S01,25,hof_percent: mean and SD from source row,Fig. 3b; Table IV; Table VI,现稿及对应源文件报告值,未独立复现算法；复用须保持实际方法和统计协议一致,历史控制结果，仅作旧版对照,重复场景优先v14；禁止混合均值/SD/成本
v12_kan_generic_N2000_K100_H800_nominal_mse_user_vector,v12_reported,kan_generic,TGN-KAN,TGN_KAN,2000,100,800,nominal,0.05,mse_user_vector,0.0793180803279033,0.005623810527355,dimensionless,training_seed_mean,5,,S06,9,mse_user_vector: mean and SD from source row,Table VI,现稿及对应源文件报告值,未独立复现算法；复用须保持实际方法和统计协议一致,历史控制结果，仅作旧版对照,重复场景优先v14；禁止混合均值/SD/成本
v12_kan_generic_N2000_K100_H800_nominal_outage_percent,v12_reported,kan_generic,TGN-KAN,TGN_KAN,2000,100,800,nominal,0.05,outage_percent,8.008083333333335,1.531641523358645,percent,training_seed_mean,5,,S01,25,outage_percent: mean and SD from source row,Table IV,现稿及对应源文件报告值,未独立复现算法；复用须保持实际方法和统计协议一致,历史控制结果，仅作旧版对照,重复场景优先v14；禁止混合均值/SD/成本
v12_kan_generic_N2000_K100_H800_nominal_peak_normalized,v12_reported,kan_generic,TGN-KAN,TGN_KAN,2000,100,800,nominal,0.05,peak_normalized,0.2959845862552694,0.011387232870022,dimensionless,training_seed_mean,5,,S01,25,peak_normalized: mean and SD from source row,Table IV; Table VI,现稿及对应源文件报告值,未独立复现算法；复用须保持实际方法和统计协议一致,历史控制结果，仅作旧版对照,重复场景优先v14；禁止混合均值/SD/成本
v12_kan_generic_N2000_K100_H800_nominal_persistence_mse,v12_reported,kan_generic,TGN-KAN,TGN_KAN,2000,100,800,nominal,0.05,persistence_mse,0.0724233333333333,0.0061133496909995,dimensionless,training_seed_mean,5,,S06,9,persistence_mse: mean and SD from source row,源汇总；现稿未直接展示,现稿及对应源文件报告值,未独立复现算法；复用须保持实际方法和统计协议一致,历史控制结果，仅作旧版对照,重复场景优先v14；禁止混合均值/SD/成本
v12_kan_generic_N2000_K100_H800_nominal_pp_percent,v12_reported,kan_generic,TGN-KAN,TGN_KAN,2000,100,800,nominal,0.05,pp_percent,20.820668337510444,0.7042198315889292,percent,training_seed_mean,5,,S01,25,pp_percent: mean and SD from source row,Fig. 3a; Table IV; Table VI,现稿及对应源文件报告值,未独立复现算法；复用须保持实际方法和统计协议一致,历史控制结果，仅作旧版对照,重复场景优先v14；禁止混合均值/SD/成本
v12_kan_generic_N2000_K100_H800_nominal_served_p5tp_Mbps,v12_reported,kan_generic,TGN-KAN,TGN_KAN,2000,100,800,nominal,0.05,served_p5tp_Mbps,46.82946541722616,1.0535903829975986,Mbps,training_seed_mean,5,,S01,25,served_p5tp_Mbps: mean and SD from source row,Table IV; Table VI,现稿及对应源文件报告值,未独立复现算法；复用须保持实际方法和统计协议一致,历史控制结果，仅作旧版对照,重复场景优先v14；禁止混合均值/SD/成本
v12_kan_generic_N2000_K100_H800_nominal_tp_Mbps,v12_reported,kan_generic,TGN-KAN,TGN_KAN,2000,100,800,nominal,0.05,tp_Mbps,140.95487717052112,7.013125923027062,Mbps,training_seed_mean,5,,S01,25,tp_Mbps: mean and SD from source row,Table IV; Table VI,现稿及对应源文件报告值,未独立复现算法；复用须保持实际方法和统计协议一致,历史控制结果，仅作旧版对照,重复场景优先v14；禁止混合均值/SD/成本
v12_mlp128_N2000_K100_H800_nominal_active_load_variance,v12_reported,mlp128,TGN-MLP (128),TGN_MLP,2000,100,800,nominal,0.05,active_load_variance,0.0043527673688963,0.000055467242273,dimensionless,training_seed_mean,5,,S01,22,active_load_variance: mean and SD from source row,Fig. 4; Table IV; Table VI,现稿及对应源文件报告值,未独立复现算法；复用须保持实际方法和统计协议一致,历史控制结果，仅作旧版对照,重复场景优先v14；禁止混合均值/SD/成本
v12_mlp128_N2000_K100_H800_nominal_hof_percent,v12_reported,mlp128,TGN-MLP (128),TGN_MLP,2000,100,800,nominal,0.05,hof_percent,12.017805527870632,1.146225437399031,percent,training_seed_mean,5,,S01,22,hof_percent: mean and SD from source row,Fig. 3b; Table IV; Table VI,现稿及对应源文件报告值,未独立复现算法；复用须保持实际方法和统计协议一致,历史控制结果，仅作旧版对照,重复场景优先v14；禁止混合均值/SD/成本
v12_mlp128_N2000_K100_H800_nominal_mse_user_vector,v12_reported,mlp128,TGN-MLP (128),TGN_MLP,2000,100,800,nominal,0.05,mse_user_vector,0.0568056227856482,0.0029078080926862,dimensionless,training_seed_mean,5,,S06,8,mse_user_vector: mean and SD from source row,Table VI,现稿及对应源文件报告值,未独立复现算法；复用须保持实际方法和统计协议一致,历史控制结果，仅作旧版对照,重复场景优先v14；禁止混合均值/SD/成本
v12_mlp128_N2000_K100_H800_nominal_outage_percent,v12_reported,mlp128,TGN-MLP (128),TGN_MLP,2000,100,800,nominal,0.05,outage_percent,7.968791666666665,1.0087756764768814,percent,training_seed_mean,5,,S01,22,outage_percent: mean and SD from source row,Table IV,现稿及对应源文件报告值,未独立复现算法；复用须保持实际方法和统计协议一致,历史控制结果，仅作旧版对照,重复场景优先v14；禁止混合均值/SD/成本
v12_mlp128_N2000_K100_H800_nominal_peak_normalized,v12_reported,mlp128,TGN-MLP (128),TGN_MLP,2000,100,800,nominal,0.05,peak_normalized,0.4380610402661686,0.0165472104660816,dimensionless,training_seed_mean,5,,S01,22,peak_normalized: mean and SD from source row,Table IV; Table VI,现稿及对应源文件报告值,未独立复现算法；复用须保持实际方法和统计协议一致,历史控制结果，仅作旧版对照,重复场景优先v14；禁止混合均值/SD/成本
v12_mlp128_N2000_K100_H800_nominal_persistence_mse,v12_reported,mlp128,TGN-MLP (128),TGN_MLP,2000,100,800,nominal,0.05,persistence_mse,0.051048,0.0031253467363193,dimensionless,training_seed_mean,5,,S06,8,persistence_mse: mean and SD from source row,源汇总；现稿未直接展示,现稿及对应源文件报告值,未独立复现算法；复用须保持实际方法和统计协议一致,历史控制结果，仅作旧版对照,重复场景优先v14；禁止混合均值/SD/成本
v12_mlp128_N2000_K100_H800_nominal_pp_percent,v12_reported,mlp128,TGN-MLP (128),TGN_MLP,2000,100,800,nominal,0.05,pp_percent,14.772222222222222,0.363991835411396,percent,training_seed_mean,5,,S01,22,pp_percent: mean and SD from source row,Fig. 3a; Table IV; Table VI,现稿及对应源文件报告值,未独立复现算法；复用须保持实际方法和统计协议一致,历史控制结果，仅作旧版对照,重复场景优先v14；禁止混合均值/SD/成本
v12_mlp128_N2000_K100_H800_nominal_served_p5tp_Mbps,v12_reported,mlp128,TGN-MLP (128),TGN_MLP,2000,100,800,nominal,0.05,served_p5tp_Mbps,40.78478068796793,0.7918205588466629,Mbps,training_seed_mean,5,,S01,22,served_p5tp_Mbps: mean and SD from source row,Table IV; Table VI,现稿及对应源文件报告值,未独立复现算法；复用须保持实际方法和统计协议一致,历史控制结果，仅作旧版对照,重复场景优先v14；禁止混合均值/SD/成本
v12_mlp128_N2000_K100_H800_nominal_tp_Mbps,v12_reported,mlp128,TGN-MLP (128),TGN_MLP,2000,100,800,nominal,0.05,tp_Mbps,132.68206571043984,12.255826229687347,Mbps,training_seed_mean,5,,S01,22,tp_Mbps: mean and SD from source row,Table IV; Table VI,现稿及对应源文件报告值,未独立复现算法；复用须保持实际方法和统计协议一致,历史控制结果，仅作旧版对照,重复场景优先v14；禁止混合均值/SD/成本
v12_full_N2000_K200_H200_nominal_active_load_variance,v12_reported,full,Cox-PhysiCK,Cox_PhysiCK,2000,200,200,nominal,0.05,active_load_variance,0.0056490827576278,0.0001374271632135,dimensionless,training_seed_mean,5,,S01,34,active_load_variance: mean and SD from source row,源汇总；现稿未直接展示,现稿及对应源文件报告值,未独立复现算法；复用须保持实际方法和统计协议一致,历史控制结果，仅作旧版对照,重复场景优先v14；禁止混合均值/SD/成本
v12_full_N2000_K200_H200_nominal_hof_percent,v12_reported,full,Cox-PhysiCK,Cox_PhysiCK,2000,200,200,nominal,0.05,hof_percent,0.7708326164647319,0.0386172811396048,percent,training_seed_mean,5,,S01,34,hof_percent: mean and SD from source row,Fig. 6a,现稿及对应源文件报告值,未独立复现算法；复用须保持实际方法和统计协议一致,历史控制结果，仅作旧版对照,重复场景优先v14；禁止混合均值/SD/成本
v12_full_N2000_K200_H200_nominal_outage_percent,v12_reported,full,Cox-PhysiCK,Cox_PhysiCK,2000,200,200,nominal,0.05,outage_percent,0.6683666666666666,0.0307012146882388,percent,training_seed_mean,5,,S01,34,outage_percent: mean and SD from source row,源汇总；现稿未直接展示,现稿及对应源文件报告值,未独立复现算法；复用须保持实际方法和统计协议一致,历史控制结果，仅作旧版对照,重复场景优先v14；禁止混合均值/SD/成本
v12_full_N2000_K200_H200_nominal_peak_normalized,v12_reported,full,Cox-PhysiCK,Cox_PhysiCK,2000,200,200,nominal,0.05,peak_normalized,0.4280781328045731,0.0057810418375613,dimensionless,training_seed_mean,5,,S01,34,peak_normalized: mean and SD from source row,Fig. 6b,现稿及对应源文件报告值,未独立复现算法；复用须保持实际方法和统计协议一致,历史控制结果，仅作旧版对照,重复场景优先v14；禁止混合均值/SD/成本
v12_full_N2000_K200_H200_nominal_pp_percent,v12_reported,full,Cox-PhysiCK,Cox_PhysiCK,2000,200,200,nominal,0.05,pp_percent,5.309478114478115,0.1819578607533457,percent,training_seed_mean,5,,S01,34,pp_percent: mean and SD from source row,Fig. 6a,现稿及对应源文件报告值,未独立复现算法；复用须保持实际方法和统计协议一致,历史控制结果，仅作旧版对照,重复场景优先v14；禁止混合均值/SD/成本
v12_full_N2000_K200_H200_nominal_served_p5tp_Mbps,v12_reported,full,Cox-PhysiCK,Cox_PhysiCK,2000,200,200,nominal,0.05,served_p5tp_Mbps,107.67691257222496,5.576931350398566,Mbps,training_seed_mean,5,,S01,34,served_p5tp_Mbps: mean and SD from source row,源汇总；现稿未直接展示,现稿及对应源文件报告值,未独立复现算法；复用须保持实际方法和统计协议一致,历史控制结果，仅作旧版对照,重复场景优先v14；禁止混合均值/SD/成本
v12_full_N2000_K200_H200_nominal_tp_Mbps,v12_reported,full,Cox-PhysiCK,Cox_PhysiCK,2000,200,200,nominal,0.05,tp_Mbps,210.14321469718553,9.247772705786051,Mbps,training_seed_mean,5,,S01,34,tp_Mbps: mean and SD from source row,Fig. 6b,现稿及对应源文件报告值,未独立复现算法；复用须保持实际方法和统计协议一致,历史控制结果，仅作旧版对照,重复场景优先v14；禁止混合均值/SD/成本
v12_kan_generic_N2000_K200_H200_nominal_active_load_variance,v12_reported,kan_generic,TGN-KAN,TGN_KAN,2000,200,200,nominal,0.05,active_load_variance,0.0071197796613353,0.0001570561973345,dimensionless,training_seed_mean,5,,S01,33,active_load_variance: mean and SD from source row,源汇总；现稿未直接展示,现稿及对应源文件报告值,未独立复现算法；复用须保持实际方法和统计协议一致,历史控制结果，仅作旧版对照,重复场景优先v14；禁止混合均值/SD/成本
v12_kan_generic_N2000_K200_H200_nominal_hof_percent,v12_reported,kan_generic,TGN-KAN,TGN_KAN,2000,200,200,nominal,0.05,hof_percent,13.031992314193324,1.970578116353662,percent,training_seed_mean,5,,S01,33,hof_percent: mean and SD from source row,Fig. 6a,现稿及对应源文件报告值,未独立复现算法；复用须保持实际方法和统计协议一致,历史控制结果，仅作旧版对照,重复场景优先v14；禁止混合均值/SD/成本
v12_kan_generic_N2000_K200_H200_nominal_outage_percent,v12_reported,kan_generic,TGN-KAN,TGN_KAN,2000,200,200,nominal,0.05,outage_percent,9.037050000000002,1.724313909050335,percent,training_seed_mean,5,,S01,33,outage_percent: mean and SD from source row,源汇总；现稿未直接展示,现稿及对应源文件报告值,未独立复现算法；复用须保持实际方法和统计协议一致,历史控制结果，仅作旧版对照,重复场景优先v14；禁止混合均值/SD/成本
v12_kan_generic_N2000_K200_H200_nominal_peak_normalized,v12_reported,kan_generic,TGN-KAN,TGN_KAN,2000,200,200,nominal,0.05,peak_normalized,0.3730388802741963,0.0117442724359779,dimensionless,training_seed_mean,5,,S01,33,peak_normalized: mean and SD from source row,Fig. 6b,现稿及对应源文件报告值,未独立复现算法；复用须保持实际方法和统计协议一致,历史控制结果，仅作旧版对照,重复场景优先v14；禁止混合均值/SD/成本
v12_kan_generic_N2000_K200_H200_nominal_pp_percent,v12_reported,kan_generic,TGN-KAN,TGN_KAN,2000,200,200,nominal,0.05,pp_percent,17.424511784511786,0.3586265972100518,percent,training_seed_mean,5,,S01,33,pp_percent: mean and SD from source row,Fig. 6a,现稿及对应源文件报告值,未独立复现算法；复用须保持实际方法和统计协议一致,历史控制结果，仅作旧版对照,重复场景优先v14；禁止混合均值/SD/成本
v12_kan_generic_N2000_K200_H200_nominal_served_p5tp_Mbps,v12_reported,kan_generic,TGN-KAN,TGN_KAN,2000,200,200,nominal,0.05,served_p5tp_Mbps,38.62128201548259,0.4836756705483501,Mbps,training_seed_mean,5,,S01,33,served_p5tp_Mbps: mean and SD from source row,源汇总；现稿未直接展示,现稿及对应源文件报告值,未独立复现算法；复用须保持实际方法和统计协议一致,历史控制结果，仅作旧版对照,重复场景优先v14；禁止混合均值/SD/成本
v12_kan_generic_N2000_K200_H200_nominal_tp_Mbps,v12_reported,kan_generic,TGN-KAN,TGN_KAN,2000,200,200,nominal,0.05,tp_Mbps,119.3018638171749,6.858433004921823,Mbps,training_seed_mean,5,,S01,33,tp_Mbps: mean and SD from source row,Fig. 6b,现稿及对应源文件报告值,未独立复现算法；复用须保持实际方法和统计协议一致,历史控制结果，仅作旧版对照,重复场景优先v14；禁止混合均值/SD/成本
v12_mlp128_N2000_K200_H200_nominal_active_load_variance,v12_reported,mlp128,TGN-MLP (128),TGN_MLP,2000,200,200,nominal,0.05,active_load_variance,0.0101164152209293,0.0001851259629216,dimensionless,training_seed_mean,5,,S01,32,active_load_variance: mean and SD from source row,源汇总；现稿未直接展示,现稿及对应源文件报告值,未独立复现算法；复用须保持实际方法和统计协议一致,历史控制结果，仅作旧版对照,重复场景优先v14；禁止混合均值/SD/成本
v12_mlp128_N2000_K200_H200_nominal_hof_percent,v12_reported,mlp128,TGN-MLP (128),TGN_MLP,2000,200,200,nominal,0.05,hof_percent,14.72984696561185,1.4095738130238546,percent,training_seed_mean,5,,S01,32,hof_percent: mean and SD from source row,Fig. 6a,现稿及对应源文件报告值,未独立复现算法；复用须保持实际方法和统计协议一致,历史控制结果，仅作旧版对照,重复场景优先v14；禁止混合均值/SD/成本
v12_mlp128_N2000_K200_H200_nominal_outage_percent,v12_reported,mlp128,TGN-MLP (128),TGN_MLP,2000,200,200,nominal,0.05,outage_percent,8.7951,1.0947479247525436,percent,training_seed_mean,5,,S01,32,outage_percent: mean and SD from source row,源汇总；现稿未直接展示,现稿及对应源文件报告值,未独立复现算法；复用须保持实际方法和统计协议一致,历史控制结果，仅作旧版对照,重复场景优先v14；禁止混合均值/SD/成本
v12_mlp128_N2000_K200_H200_nominal_peak_normalized,v12_reported,mlp128,TGN-MLP (128),TGN_MLP,2000,200,200,nominal,0.05,peak_normalized,0.557288599132276,0.0187821216595713,dimensionless,training_seed_mean,5,,S01,32,peak_normalized: mean and SD from source row,Fig. 6b,现稿及对应源文件报告值,未独立复现算法；复用须保持实际方法和统计协议一致,历史控制结果，仅作旧版对照,重复场景优先v14；禁止混合均值/SD/成本
v12_mlp128_N2000_K200_H200_nominal_pp_percent,v12_reported,mlp128,TGN-MLP (128),TGN_MLP,2000,200,200,nominal,0.05,pp_percent,12.085319865319864,0.1491409523606916,percent,training_seed_mean,5,,S01,32,pp_percent: mean and SD from source row,Fig. 6a,现稿及对应源文件报告值,未独立复现算法；复用须保持实际方法和统计协议一致,历史控制结果，仅作旧版对照,重复场景优先v14；禁止混合均值/SD/成本
v12_mlp128_N2000_K200_H200_nominal_served_p5tp_Mbps,v12_reported,mlp128,TGN-MLP (128),TGN_MLP,2000,200,200,nominal,0.05,served_p5tp_Mbps,34.884601455052696,0.8578056166425725,Mbps,training_seed_mean,5,,S01,32,served_p5tp_Mbps: mean and SD from source row,源汇总；现稿未直接展示,现稿及对应源文件报告值,未独立复现算法；复用须保持实际方法和统计协议一致,历史控制结果，仅作旧版对照,重复场景优先v14；禁止混合均值/SD/成本
v12_mlp128_N2000_K200_H200_nominal_tp_Mbps,v12_reported,mlp128,TGN-MLP (128),TGN_MLP,2000,200,200,nominal,0.05,tp_Mbps,108.86560189929553,11.8747539653446,Mbps,training_seed_mean,5,,S01,32,tp_Mbps: mean and SD from source row,Fig. 6b,现稿及对应源文件报告值,未独立复现算法；复用须保持实际方法和统计协议一致,历史控制结果，仅作旧版对照,重复场景优先v14；禁止混合均值/SD/成本
v12_full_N2000_K300_H200_nominal_active_load_variance,v12_reported,full,Cox-PhysiCK,Cox_PhysiCK,2000,300,200,nominal,0.05,active_load_variance,0.0109473049066593,0.00030089607391,dimensionless,training_seed_mean,5,,S01,37,active_load_variance: mean and SD from source row,源汇总；现稿未直接展示,现稿及对应源文件报告值,未独立复现算法；复用须保持实际方法和统计协议一致,历史控制结果，仅作旧版对照,重复场景优先v14；禁止混合均值/SD/成本
v12_full_N2000_K300_H200_nominal_hof_percent,v12_reported,full,Cox-PhysiCK,Cox_PhysiCK,2000,300,200,nominal,0.05,hof_percent,1.045441029459289,0.0499612932804148,percent,training_seed_mean,5,,S01,37,hof_percent: mean and SD from source row,Fig. 6a,现稿及对应源文件报告值,未独立复现算法；复用须保持实际方法和统计协议一致,历史控制结果，仅作旧版对照,重复场景优先v14；禁止混合均值/SD/成本
v12_full_N2000_K300_H200_nominal_outage_percent,v12_reported,full,Cox-PhysiCK,Cox_PhysiCK,2000,300,200,nominal,0.05,outage_percent,0.8752777777777778,0.0399813420991514,percent,training_seed_mean,5,,S01,37,outage_percent: mean and SD from source row,源汇总；现稿未直接展示,现稿及对应源文件报告值,未独立复现算法；复用须保持实际方法和统计协议一致,历史控制结果，仅作旧版对照,重复场景优先v14；禁止混合均值/SD/成本
v12_full_N2000_K300_H200_nominal_peak_normalized,v12_reported,full,Cox-PhysiCK,Cox_PhysiCK,2000,300,200,nominal,0.05,peak_normalized,0.5479493104959365,0.0037665841420852,dimensionless,training_seed_mean,5,,S01,37,peak_normalized: mean and SD from source row,Fig. 6b,现稿及对应源文件报告值,未独立复现算法；复用须保持实际方法和统计协议一致,历史控制结果，仅作旧版对照,重复场景优先v14；禁止混合均值/SD/成本
v12_full_N2000_K300_H200_nominal_pp_percent,v12_reported,full,Cox-PhysiCK,Cox_PhysiCK,2000,300,200,nominal,0.05,pp_percent,5.586296296296296,0.1660491997060218,percent,training_seed_mean,5,,S01,37,pp_percent: mean and SD from source row,Fig. 6a,现稿及对应源文件报告值,未独立复现算法；复用须保持实际方法和统计协议一致,历史控制结果，仅作旧版对照,重复场景优先v14；禁止混合均值/SD/成本
v12_full_N2000_K300_H200_nominal_served_p5tp_Mbps,v12_reported,full,Cox-PhysiCK,Cox_PhysiCK,2000,300,200,nominal,0.05,served_p5tp_Mbps,101.63827978388473,6.08165863107363,Mbps,training_seed_mean,5,,S01,37,served_p5tp_Mbps: mean and SD from source row,源汇总；现稿未直接展示,现稿及对应源文件报告值,未独立复现算法；复用须保持实际方法和统计协议一致,历史控制结果，仅作旧版对照,重复场景优先v14；禁止混合均值/SD/成本
v12_full_N2000_K300_H200_nominal_tp_Mbps,v12_reported,full,Cox-PhysiCK,Cox_PhysiCK,2000,300,200,nominal,0.05,tp_Mbps,198.05786011574747,9.214501623383338,Mbps,training_seed_mean,5,,S01,37,tp_Mbps: mean and SD from source row,Fig. 6b,现稿及对应源文件报告值,未独立复现算法；复用须保持实际方法和统计协议一致,历史控制结果，仅作旧版对照,重复场景优先v14；禁止混合均值/SD/成本
v12_kan_generic_N2000_K300_H200_nominal_active_load_variance,v12_reported,kan_generic,TGN-KAN,TGN_KAN,2000,300,200,nominal,0.05,active_load_variance,0.0121316934516634,0.0002433439773883,dimensionless,training_seed_mean,5,,S01,36,active_load_variance: mean and SD from source row,源汇总；现稿未直接展示,现稿及对应源文件报告值,未独立复现算法；复用须保持实际方法和统计协议一致,历史控制结果，仅作旧版对照,重复场景优先v14；禁止混合均值/SD/成本
v12_kan_generic_N2000_K300_H200_nominal_hof_percent,v12_reported,kan_generic,TGN-KAN,TGN_KAN,2000,300,200,nominal,0.05,hof_percent,17.436206468602204,2.582012125710884,percent,training_seed_mean,5,,S01,36,hof_percent: mean and SD from source row,Fig. 6a,现稿及对应源文件报告值,未独立复现算法；复用须保持实际方法和统计协议一致,历史控制结果，仅作旧版对照,重复场景优先v14；禁止混合均值/SD/成本
v12_kan_generic_N2000_K300_H200_nominal_outage_percent,v12_reported,kan_generic,TGN-KAN,TGN_KAN,2000,300,200,nominal,0.05,outage_percent,11.646333333333336,2.170790187955403,percent,training_seed_mean,5,,S01,36,outage_percent: mean and SD from source row,源汇总；现稿未直接展示,现稿及对应源文件报告值,未独立复现算法；复用须保持实际方法和统计协议一致,历史控制结果，仅作旧版对照,重复场景优先v14；禁止混合均值/SD/成本
v12_kan_generic_N2000_K300_H200_nominal_peak_normalized,v12_reported,kan_generic,TGN-KAN,TGN_KAN,2000,300,200,nominal,0.05,peak_normalized,0.4456217620325939,0.013034038509698,dimensionless,training_seed_mean,5,,S01,36,peak_normalized: mean and SD from source row,Fig. 6b,现稿及对应源文件报告值,未独立复现算法；复用须保持实际方法和统计协议一致,历史控制结果，仅作旧版对照,重复场景优先v14；禁止混合均值/SD/成本
v12_kan_generic_N2000_K300_H200_nominal_pp_percent,v12_reported,kan_generic,TGN-KAN,TGN_KAN,2000,300,200,nominal,0.05,pp_percent,15.172255892255894,0.1365486129530277,percent,training_seed_mean,5,,S01,36,pp_percent: mean and SD from source row,Fig. 6a,现稿及对应源文件报告值,未独立复现算法；复用须保持实际方法和统计协议一致,历史控制结果，仅作旧版对照,重复场景优先v14；禁止混合均值/SD/成本
v12_kan_generic_N2000_K300_H200_nominal_served_p5tp_Mbps,v12_reported,kan_generic,TGN-KAN,TGN_KAN,2000,300,200,nominal,0.05,served_p5tp_Mbps,35.47610739580791,1.1442895629944894,Mbps,training_seed_mean,5,,S01,36,served_p5tp_Mbps: mean and SD from source row,源汇总；现稿未直接展示,现稿及对应源文件报告值,未独立复现算法；复用须保持实际方法和统计协议一致,历史控制结果，仅作旧版对照,重复场景优先v14；禁止混合均值/SD/成本
v12_kan_generic_N2000_K300_H200_nominal_tp_Mbps,v12_reported,kan_generic,TGN-KAN,TGN_KAN,2000,300,200,nominal,0.05,tp_Mbps,99.87613007136028,6.430713567621551,Mbps,training_seed_mean,5,,S01,36,tp_Mbps: mean and SD from source row,Fig. 6b,现稿及对应源文件报告值,未独立复现算法；复用须保持实际方法和统计协议一致,历史控制结果，仅作旧版对照,重复场景优先v14；禁止混合均值/SD/成本
v12_mlp128_N2000_K300_H200_nominal_active_load_variance,v12_reported,mlp128,TGN-MLP (128),TGN_MLP,2000,300,200,nominal,0.05,active_load_variance,0.0165123646087305,0.0003199327274496,dimensionless,training_seed_mean,5,,S01,35,active_load_variance: mean and SD from source row,源汇总；现稿未直接展示,现稿及对应源文件报告值,未独立复现算法；复用须保持实际方法和统计协议一致,历史控制结果，仅作旧版对照,重复场景优先v14；禁止混合均值/SD/成本
v12_mlp128_N2000_K300_H200_nominal_hof_percent,v12_reported,mlp128,TGN-MLP (128),TGN_MLP,2000,300,200,nominal,0.05,hof_percent,19.626131081476757,1.8296587626025904,percent,training_seed_mean,5,,S01,35,hof_percent: mean and SD from source row,Fig. 6a,现稿及对应源文件报告值,未独立复现算法；复用须保持实际方法和统计协议一致,历史控制结果，仅作旧版对照,重复场景优先v14；禁止混合均值/SD/成本
v12_mlp128_N2000_K300_H200_nominal_outage_percent,v12_reported,mlp128,TGN-MLP (128),TGN_MLP,2000,300,200,nominal,0.05,outage_percent,11.349155555555557,1.3691885248813136,percent,training_seed_mean,5,,S01,35,outage_percent: mean and SD from source row,源汇总；现稿未直接展示,现稿及对应源文件报告值,未独立复现算法；复用须保持实际方法和统计协议一致,历史控制结果，仅作旧版对照,重复场景优先v14；禁止混合均值/SD/成本
v12_mlp128_N2000_K300_H200_nominal_peak_normalized,v12_reported,mlp128,TGN-MLP (128),TGN_MLP,2000,300,200,nominal,0.05,peak_normalized,0.6763316568854036,0.0194046077003767,dimensionless,training_seed_mean,5,,S01,35,peak_normalized: mean and SD from source row,Fig. 6b,现稿及对应源文件报告值,未独立复现算法；复用须保持实际方法和统计协议一致,历史控制结果，仅作旧版对照,重复场景优先v14；禁止混合均值/SD/成本
v12_mlp128_N2000_K300_H200_nominal_pp_percent,v12_reported,mlp128,TGN-MLP (128),TGN_MLP,2000,300,200,nominal,0.05,pp_percent,10.454769921436588,0.0592926355902554,percent,training_seed_mean,5,,S01,35,pp_percent: mean and SD from source row,Fig. 6a,现稿及对应源文件报告值,未独立复现算法；复用须保持实际方法和统计协议一致,历史控制结果，仅作旧版对照,重复场景优先v14；禁止混合均值/SD/成本
v12_mlp128_N2000_K300_H200_nominal_served_p5tp_Mbps,v12_reported,mlp128,TGN-MLP (128),TGN_MLP,2000,300,200,nominal,0.05,served_p5tp_Mbps,30.994257902781168,2.045506795838829,Mbps,training_seed_mean,5,,S01,35,served_p5tp_Mbps: mean and SD from source row,源汇总；现稿未直接展示,现稿及对应源文件报告值,未独立复现算法；复用须保持实际方法和统计协议一致,历史控制结果，仅作旧版对照,重复场景优先v14；禁止混合均值/SD/成本
v12_mlp128_N2000_K300_H200_nominal_tp_Mbps,v12_reported,mlp128,TGN-MLP (128),TGN_MLP,2000,300,200,nominal,0.05,tp_Mbps,88.05769289441703,11.309235904783971,Mbps,training_seed_mean,5,,S01,35,tp_Mbps: mean and SD from source row,Fig. 6b,现稿及对应源文件报告值,未独立复现算法；复用须保持实际方法和统计协议一致,历史控制结果，仅作旧版对照,重复场景优先v14；禁止混合均值/SD/成本
v12_full_N2000_K400_H200_nominal_active_load_variance,v12_reported,full,Cox-PhysiCK,Cox_PhysiCK,2000,400,200,nominal,0.05,active_load_variance,0.0174517231943976,0.0006084384343562,dimensionless,training_seed_mean,5,,S01,40,active_load_variance: mean and SD from source row,源汇总；现稿未直接展示,现稿及对应源文件报告值,未独立复现算法；复用须保持实际方法和统计协议一致,历史控制结果，仅作旧版对照,重复场景优先v14；禁止混合均值/SD/成本
v12_full_N2000_K400_H200_nominal_hof_percent,v12_reported,full,Cox-PhysiCK,Cox_PhysiCK,2000,400,200,nominal,0.05,hof_percent,1.2857076293856238,0.0368821514382523,percent,training_seed_mean,5,,S01,40,hof_percent: mean and SD from source row,Fig. 6a,现稿及对应源文件报告值,未独立复现算法；复用须保持实际方法和统计协议一致,历史控制结果，仅作旧版对照,重复场景优先v14；禁止混合均值/SD/成本
v12_full_N2000_K400_H200_nominal_outage_percent,v12_reported,full,Cox-PhysiCK,Cox_PhysiCK,2000,400,200,nominal,0.05,outage_percent,1.0838416666666666,0.045808529273124,percent,training_seed_mean,5,,S01,40,outage_percent: mean and SD from source row,源汇总；现稿未直接展示,现稿及对应源文件报告值,未独立复现算法；复用须保持实际方法和统计协议一致,历史控制结果，仅作旧版对照,重复场景优先v14；禁止混合均值/SD/成本
v12_full_N2000_K400_H200_nominal_peak_normalized,v12_reported,full,Cox-PhysiCK,Cox_PhysiCK,2000,400,200,nominal,0.05,peak_normalized,0.6427065147272418,0.0048139541820597,dimensionless,training_seed_mean,5,,S01,40,peak_normalized: mean and SD from source row,Fig. 6b,现稿及对应源文件报告值,未独立复现算法；复用须保持实际方法和统计协议一致,历史控制结果，仅作旧版对照,重复场景优先v14；禁止混合均值/SD/成本
v12_full_N2000_K400_H200_nominal_pp_percent,v12_reported,full,Cox-PhysiCK,Cox_PhysiCK,2000,400,200,nominal,0.05,pp_percent,5.876228956228955,0.1767683416493828,percent,training_seed_mean,5,,S01,40,pp_percent: mean and SD from source row,Fig. 6a,现稿及对应源文件报告值,未独立复现算法；复用须保持实际方法和统计协议一致,历史控制结果，仅作旧版对照,重复场景优先v14；禁止混合均值/SD/成本
v12_full_N2000_K400_H200_nominal_served_p5tp_Mbps,v12_reported,full,Cox-PhysiCK,Cox_PhysiCK,2000,400,200,nominal,0.05,served_p5tp_Mbps,98.66590695699055,6.732742870860109,Mbps,training_seed_mean,5,,S01,40,served_p5tp_Mbps: mean and SD from source row,源汇总；现稿未直接展示,现稿及对应源文件报告值,未独立复现算法；复用须保持实际方法和统计协议一致,历史控制结果，仅作旧版对照,重复场景优先v14；禁止混合均值/SD/成本
v12_full_N2000_K400_H200_nominal_tp_Mbps,v12_reported,full,Cox-PhysiCK,Cox_PhysiCK,2000,400,200,nominal,0.05,tp_Mbps,188.6812347026232,9.189827899081552,Mbps,training_seed_mean,5,,S01,40,tp_Mbps: mean and SD from source row,Fig. 6b,现稿及对应源文件报告值,未独立复现算法；复用须保持实际方法和统计协议一致,历史控制结果，仅作旧版对照,重复场景优先v14；禁止混合均值/SD/成本
v12_kan_generic_N2000_K400_H200_nominal_active_load_variance,v12_reported,kan_generic,TGN-KAN,TGN_KAN,2000,400,200,nominal,0.05,active_load_variance,0.0174636025594884,0.0004391091397384,dimensionless,training_seed_mean,5,,S01,39,active_load_variance: mean and SD from source row,源汇总；现稿未直接展示,现稿及对应源文件报告值,未独立复现算法；复用须保持实际方法和统计协议一致,历史控制结果，仅作旧版对照,重复场景优先v14；禁止混合均值/SD/成本
v12_kan_generic_N2000_K400_H200_nominal_hof_percent,v12_reported,kan_generic,TGN-KAN,TGN_KAN,2000,400,200,nominal,0.05,hof_percent,21.75023335322004,3.2495441926655055,percent,training_seed_mean,5,,S01,39,hof_percent: mean and SD from source row,Fig. 6a,现稿及对应源文件报告值,未独立复现算法；复用须保持实际方法和统计协议一致,历史控制结果，仅作旧版对照,重复场景优先v14；禁止混合均值/SD/成本
v12_kan_generic_N2000_K400_H200_nominal_outage_percent,v12_reported,kan_generic,TGN-KAN,TGN_KAN,2000,400,200,nominal,0.05,outage_percent,14.165400000000002,2.5662702857143245,percent,training_seed_mean,5,,S01,39,outage_percent: mean and SD from source row,源汇总；现稿未直接展示,现稿及对应源文件报告值,未独立复现算法；复用须保持实际方法和统计协议一致,历史控制结果，仅作旧版对照,重复场景优先v14；禁止混合均值/SD/成本
v12_kan_generic_N2000_K400_H200_nominal_peak_normalized,v12_reported,kan_generic,TGN-KAN,TGN_KAN,2000,400,200,nominal,0.05,peak_normalized,0.5134245927081815,0.0114570010310687,dimensionless,training_seed_mean,5,,S01,39,peak_normalized: mean and SD from source row,Fig. 6b,现稿及对应源文件报告值,未独立复现算法；复用须保持实际方法和统计协议一致,历史控制结果，仅作旧版对照,重复场景优先v14；禁止混合均值/SD/成本
v12_kan_generic_N2000_K400_H200_nominal_pp_percent,v12_reported,kan_generic,TGN-KAN,TGN_KAN,2000,400,200,nominal,0.05,pp_percent,13.192382154882155,0.5042468581550443,percent,training_seed_mean,5,,S01,39,pp_percent: mean and SD from source row,Fig. 6a,现稿及对应源文件报告值,未独立复现算法；复用须保持实际方法和统计协议一致,历史控制结果，仅作旧版对照,重复场景优先v14；禁止混合均值/SD/成本
v12_kan_generic_N2000_K400_H200_nominal_served_p5tp_Mbps,v12_reported,kan_generic,TGN-KAN,TGN_KAN,2000,400,200,nominal,0.05,served_p5tp_Mbps,30.38616076342265,1.2192475637863096,Mbps,training_seed_mean,5,,S01,39,served_p5tp_Mbps: mean and SD from source row,源汇总；现稿未直接展示,现稿及对应源文件报告值,未独立复现算法；复用须保持实际方法和统计协议一致,历史控制结果，仅作旧版对照,重复场景优先v14；禁止混合均值/SD/成本
v12_kan_generic_N2000_K400_H200_nominal_tp_Mbps,v12_reported,kan_generic,TGN-KAN,TGN_KAN,2000,400,200,nominal,0.05,tp_Mbps,85.5343801647957,6.021761208010205,Mbps,training_seed_mean,5,,S01,39,tp_Mbps: mean and SD from source row,Fig. 6b,现稿及对应源文件报告值,未独立复现算法；复用须保持实际方法和统计协议一致,历史控制结果，仅作旧版对照,重复场景优先v14；禁止混合均值/SD/成本
v12_mlp128_N2000_K400_H200_nominal_active_load_variance,v12_reported,mlp128,TGN-MLP (128),TGN_MLP,2000,400,200,nominal,0.05,active_load_variance,0.0230128664788933,0.0005290501925846,dimensionless,training_seed_mean,5,,S01,38,active_load_variance: mean and SD from source row,源汇总；现稿未直接展示,现稿及对应源文件报告值,未独立复现算法；复用须保持实际方法和统计协议一致,历史控制结果，仅作旧版对照,重复场景优先v14；禁止混合均值/SD/成本
v12_mlp128_N2000_K400_H200_nominal_hof_percent,v12_reported,mlp128,TGN-MLP (128),TGN_MLP,2000,400,200,nominal,0.05,hof_percent,24.509625441600974,2.3629027447166058,percent,training_seed_mean,5,,S01,38,hof_percent: mean and SD from source row,Fig. 6a,现稿及对应源文件报告值,未独立复现算法；复用须保持实际方法和统计协议一致,历史控制结果，仅作旧版对照,重复场景优先v14；禁止混合均值/SD/成本
v12_mlp128_N2000_K400_H200_nominal_outage_percent,v12_reported,mlp128,TGN-MLP (128),TGN_MLP,2000,400,200,nominal,0.05,outage_percent,13.8496,1.6424973124872302,percent,training_seed_mean,5,,S01,38,outage_percent: mean and SD from source row,源汇总；现稿未直接展示,现稿及对应源文件报告值,未独立复现算法；复用须保持实际方法和统计协议一致,历史控制结果，仅作旧版对照,重复场景优先v14；禁止混合均值/SD/成本
v12_mlp128_N2000_K400_H200_nominal_peak_normalized,v12_reported,mlp128,TGN-MLP (128),TGN_MLP,2000,400,200,nominal,0.05,peak_normalized,0.7518167375424024,0.0233538420171231,dimensionless,training_seed_mean,5,,S01,38,peak_normalized: mean and SD from source row,Fig. 6b,现稿及对应源文件报告值,未独立复现算法；复用须保持实际方法和统计协议一致,历史控制结果，仅作旧版对照,重复场景优先v14；禁止混合均值/SD/成本
v12_mlp128_N2000_K400_H200_nominal_pp_percent,v12_reported,mlp128,TGN-MLP (128),TGN_MLP,2000,400,200,nominal,0.05,pp_percent,8.966127946127946,0.2721034792631067,percent,training_seed_mean,5,,S01,38,pp_percent: mean and SD from source row,Fig. 6a,现稿及对应源文件报告值,未独立复现算法；复用须保持实际方法和统计协议一致,历史控制结果，仅作旧版对照,重复场景优先v14；禁止混合均值/SD/成本
v12_mlp128_N2000_K400_H200_nominal_served_p5tp_Mbps,v12_reported,mlp128,TGN-MLP (128),TGN_MLP,2000,400,200,nominal,0.05,served_p5tp_Mbps,26.113615652084356,2.6489488761713447,Mbps,training_seed_mean,5,,S01,38,served_p5tp_Mbps: mean and SD from source row,源汇总；现稿未直接展示,现稿及对应源文件报告值,未独立复现算法；复用须保持实际方法和统计协议一致,历史控制结果，仅作旧版对照,重复场景优先v14；禁止混合均值/SD/成本
v12_mlp128_N2000_K400_H200_nominal_tp_Mbps,v12_reported,mlp128,TGN-MLP (128),TGN_MLP,2000,400,200,nominal,0.05,tp_Mbps,73.14774565893555,10.61851795363034,Mbps,training_seed_mean,5,,S01,38,tp_Mbps: mean and SD from source row,Fig. 6b,现稿及对应源文件报告值,未独立复现算法；复用须保持实际方法和统计协议一致,历史控制结果，仅作旧版对照,重复场景优先v14；禁止混合均值/SD/成本
v12_full_N2000_K500_H200_nominal_active_load_variance,v12_reported,full,Cox-PhysiCK,Cox_PhysiCK,2000,500,200,nominal,0.05,active_load_variance,0.0249385220131463,0.0008752428714804,dimensionless,training_seed_mean,5,,S01,43,active_load_variance: mean and SD from source row,Table VIII,现稿及对应源文件报告值,未独立复现算法；复用须保持实际方法和统计协议一致,历史控制结果，仅作旧版对照,重复场景优先v14；禁止混合均值/SD/成本
v12_full_N2000_K500_H200_nominal_hof_percent,v12_reported,full,Cox-PhysiCK,Cox_PhysiCK,2000,500,200,nominal,0.05,hof_percent,1.5584340506735148,0.0530351798195596,percent,training_seed_mean,5,,S01,43,hof_percent: mean and SD from source row,Fig. 6a,现稿及对应源文件报告值,未独立复现算法；复用须保持实际方法和统计协议一致,历史控制结果，仅作旧版对照,重复场景优先v14；禁止混合均值/SD/成本
v12_full_N2000_K500_H200_nominal_outage_percent,v12_reported,full,Cox-PhysiCK,Cox_PhysiCK,2000,500,200,nominal,0.05,outage_percent,1.3249533333333334,0.0600658092798594,percent,training_seed_mean,5,,S01,43,outage_percent: mean and SD from source row,源汇总；现稿未直接展示,现稿及对应源文件报告值,未独立复现算法；复用须保持实际方法和统计协议一致,历史控制结果，仅作旧版对照,重复场景优先v14；禁止混合均值/SD/成本
v12_full_N2000_K500_H200_nominal_peak_normalized,v12_reported,full,Cox-PhysiCK,Cox_PhysiCK,2000,500,200,nominal,0.05,peak_normalized,0.701150948428813,0.0055023927720935,dimensionless,training_seed_mean,5,,S01,43,peak_normalized: mean and SD from source row,Fig. 6b; Table VIII,现稿及对应源文件报告值,未独立复现算法；复用须保持实际方法和统计协议一致,历史控制结果，仅作旧版对照,重复场景优先v14；禁止混合均值/SD/成本
v12_full_N2000_K500_H200_nominal_pp_percent,v12_reported,full,Cox-PhysiCK,Cox_PhysiCK,2000,500,200,nominal,0.05,pp_percent,6.075050505050504,0.180754158390896,percent,training_seed_mean,5,,S01,43,pp_percent: mean and SD from source row,Fig. 6a,现稿及对应源文件报告值,未独立复现算法；复用须保持实际方法和统计协议一致,历史控制结果，仅作旧版对照,重复场景优先v14；禁止混合均值/SD/成本
v12_full_N2000_K500_H200_nominal_served_p5tp_Mbps,v12_reported,full,Cox-PhysiCK,Cox_PhysiCK,2000,500,200,nominal,0.05,served_p5tp_Mbps,90.9253537165324,6.457322654297947,Mbps,training_seed_mean,5,,S01,43,served_p5tp_Mbps: mean and SD from source row,Table VIII,现稿及对应源文件报告值,未独立复现算法；复用须保持实际方法和统计协议一致,历史控制结果，仅作旧版对照,重复场景优先v14；禁止混合均值/SD/成本
v12_full_N2000_K500_H200_nominal_tp_Mbps,v12_reported,full,Cox-PhysiCK,Cox_PhysiCK,2000,500,200,nominal,0.05,tp_Mbps,180.99285631512183,9.170301576015076,Mbps,training_seed_mean,5,,S01,43,tp_Mbps: mean and SD from source row,Fig. 6b; Table VIII,现稿及对应源文件报告值,未独立复现算法；复用须保持实际方法和统计协议一致,历史控制结果，仅作旧版对照,重复场景优先v14；禁止混合均值/SD/成本
v12_kan_generic_N2000_K500_H200_nominal_active_load_variance,v12_reported,kan_generic,TGN-KAN,TGN_KAN,2000,500,200,nominal,0.05,active_load_variance,0.0229578251970497,0.0006327030580768,dimensionless,training_seed_mean,5,,S01,42,active_load_variance: mean and SD from source row,Table VIII,现稿及对应源文件报告值,未独立复现算法；复用须保持实际方法和统计协议一致,历史控制结果，仅作旧版对照,重复场景优先v14；禁止混合均值/SD/成本
v12_kan_generic_N2000_K500_H200_nominal_hof_percent,v12_reported,kan_generic,TGN-KAN,TGN_KAN,2000,500,200,nominal,0.05,hof_percent,26.123350902067138,3.927840492757275,percent,training_seed_mean,5,,S01,42,hof_percent: mean and SD from source row,Fig. 6a,现稿及对应源文件报告值,未独立复现算法；复用须保持实际方法和统计协议一致,历史控制结果，仅作旧版对照,重复场景优先v14；禁止混合均值/SD/成本
v12_kan_generic_N2000_K500_H200_nominal_outage_percent,v12_reported,kan_generic,TGN-KAN,TGN_KAN,2000,500,200,nominal,0.05,outage_percent,16.632759999999998,2.935024860712428,percent,training_seed_mean,5,,S01,42,outage_percent: mean and SD from source row,源汇总；现稿未直接展示,现稿及对应源文件报告值,未独立复现算法；复用须保持实际方法和统计协议一致,历史控制结果，仅作旧版对照,重复场景优先v14；禁止混合均值/SD/成本
v12_kan_generic_N2000_K500_H200_nominal_peak_normalized,v12_reported,kan_generic,TGN-KAN,TGN_KAN,2000,500,200,nominal,0.05,peak_normalized,0.5684900023548618,0.0188031953062293,dimensionless,training_seed_mean,5,,S01,42,peak_normalized: mean and SD from source row,Fig. 6b; Table VIII,现稿及对应源文件报告值,未独立复现算法；复用须保持实际方法和统计协议一致,历史控制结果，仅作旧版对照,重复场景优先v14；禁止混合均值/SD/成本
v12_kan_generic_N2000_K500_H200_nominal_pp_percent,v12_reported,kan_generic,TGN-KAN,TGN_KAN,2000,500,200,nominal,0.05,pp_percent,11.407360269360272,0.792863928049934,percent,training_seed_mean,5,,S01,42,pp_percent: mean and SD from source row,Fig. 6a,现稿及对应源文件报告值,未独立复现算法；复用须保持实际方法和统计协议一致,历史控制结果，仅作旧版对照,重复场景优先v14；禁止混合均值/SD/成本
v12_kan_generic_N2000_K500_H200_nominal_served_p5tp_Mbps,v12_reported,kan_generic,TGN-KAN,TGN_KAN,2000,500,200,nominal,0.05,served_p5tp_Mbps,27.125456759770714,1.6187482096368309,Mbps,training_seed_mean,5,,S01,42,served_p5tp_Mbps: mean and SD from source row,Table VIII,现稿及对应源文件报告值,未独立复现算法；复用须保持实际方法和统计协议一致,历史控制结果，仅作旧版对照,重复场景优先v14；禁止混合均值/SD/成本
v12_kan_generic_N2000_K500_H200_nominal_tp_Mbps,v12_reported,kan_generic,TGN-KAN,TGN_KAN,2000,500,200,nominal,0.05,tp_Mbps,74.47902843600949,5.666756785270828,Mbps,training_seed_mean,5,,S01,42,tp_Mbps: mean and SD from source row,Fig. 6b; Table VIII,现稿及对应源文件报告值,未独立复现算法；复用须保持实际方法和统计协议一致,历史控制结果，仅作旧版对照,重复场景优先v14；禁止混合均值/SD/成本
v12_mlp128_N2000_K500_H200_nominal_active_load_variance,v12_reported,mlp128,TGN-MLP (128),TGN_MLP,2000,500,200,nominal,0.05,active_load_variance,0.0292321306374309,0.0007486535884108,dimensionless,training_seed_mean,5,,S01,41,active_load_variance: mean and SD from source row,Table VIII,现稿及对应源文件报告值,未独立复现算法；复用须保持实际方法和统计协议一致,历史控制结果，仅作旧版对照,重复场景优先v14；禁止混合均值/SD/成本
v12_mlp128_N2000_K500_H200_nominal_hof_percent,v12_reported,mlp128,TGN-MLP (128),TGN_MLP,2000,500,200,nominal,0.05,hof_percent,29.39436359518561,2.814974767342462,percent,training_seed_mean,5,,S01,41,hof_percent: mean and SD from source row,Fig. 6a,现稿及对应源文件报告值,未独立复现算法；复用须保持实际方法和统计协议一致,历史控制结果，仅作旧版对照,重复场景优先v14；禁止混合均值/SD/成本
v12_mlp128_N2000_K500_H200_nominal_outage_percent,v12_reported,mlp128,TGN-MLP (128),TGN_MLP,2000,500,200,nominal,0.05,outage_percent,16.291973333333335,1.8744860780728392,percent,training_seed_mean,5,,S01,41,outage_percent: mean and SD from source row,源汇总；现稿未直接展示,现稿及对应源文件报告值,未独立复现算法；复用须保持实际方法和统计协议一致,历史控制结果，仅作旧版对照,重复场景优先v14；禁止混合均值/SD/成本
v12_mlp128_N2000_K500_H200_nominal_peak_normalized,v12_reported,mlp128,TGN-MLP (128),TGN_MLP,2000,500,200,nominal,0.05,peak_normalized,0.8070424185135263,0.0209368229953755,dimensionless,training_seed_mean,5,,S01,41,peak_normalized: mean and SD from source row,Fig. 6b; Table VIII,现稿及对应源文件报告值,未独立复现算法；复用须保持实际方法和统计协议一致,历史控制结果，仅作旧版对照,重复场景优先v14；禁止混合均值/SD/成本
v12_mlp128_N2000_K500_H200_nominal_pp_percent,v12_reported,mlp128,TGN-MLP (128),TGN_MLP,2000,500,200,nominal,0.05,pp_percent,7.620430976430979,0.3955268293709208,percent,training_seed_mean,5,,S01,41,pp_percent: mean and SD from source row,Fig. 6a,现稿及对应源文件报告值,未独立复现算法；复用须保持实际方法和统计协议一致,历史控制结果，仅作旧版对照,重复场景优先v14；禁止混合均值/SD/成本
v12_mlp128_N2000_K500_H200_nominal_served_p5tp_Mbps,v12_reported,mlp128,TGN-MLP (128),TGN_MLP,2000,500,200,nominal,0.05,served_p5tp_Mbps,22.78755497932434,2.524674447997599,Mbps,training_seed_mean,5,,S01,41,served_p5tp_Mbps: mean and SD from source row,Table VIII,现稿及对应源文件报告值,未独立复现算法；复用须保持实际方法和统计协议一致,历史控制结果，仅作旧版对照,重复场景优先v14；禁止混合均值/SD/成本
v12_mlp128_N2000_K500_H200_nominal_tp_Mbps,v12_reported,mlp128,TGN-MLP (128),TGN_MLP,2000,500,200,nominal,0.05,tp_Mbps,61.95323644947077,9.887670333204207,Mbps,training_seed_mean,5,,S01,41,tp_Mbps: mean and SD from source row,Fig. 6b; Table VIII,现稿及对应源文件报告值,未独立复现算法；复用须保持实际方法和统计协议一致,历史控制结果，仅作旧版对照,重复场景优先v14；禁止混合均值/SD/成本
