case_id,summary_unit,unit_id,n_episodes,outage_percent,hof_percent,attempt_associated_outage_percent,nonattempt_outage_percent,attempt_percent,executed_ho_per_user_min,Cbar,Lbar,tp_Mbps,weighted_outage,weighted_ho,weighted_load,weighted_negative_rate,J_user,J_network,pp_percent,peak_normalized
full_N500_K100_H50_nominal_t0p05,training_seed_mean,1,30,0.7013333333333334,0.5719873553390913,0.052,0.6493333333333333,9.158,5.4636000000000005,0.023311333333333333,0.37558,197.75751333333332,0.03506666666666667,0.011655666666666667,0.18779,-0.8239896388888889,-0.5894773055555556,-58.94773055555556,0.20069444444444445,0.7398863513092093
full_N500_K100_H50_nominal_t0p05,training_seed_mean,2,30,0.5453333333333333,0.4955678602483523,0.04133333333333333,0.504,8.359333333333334,4.9908,0.021304666666666666,0.37568133333333337,199.49072,0.027266666666666668,0.010652333333333333,0.18784066666666668,-0.8312113333333333,-0.6054516666666667,-60.54516666666667,0.1673611111111111,0.751594633488592
full_N500_K100_H50_nominal_t0p05,training_seed_mean,3,30,0.6506666666666666,0.5420850825996113,0.048,0.6026666666666667,8.909333333333333,5.3168,0.022699999999999998,0.37572,198.26494,0.03253333333333333,0.011349999999999999,0.18786,-0.8261039166666666,-0.5943605833333333,-59.436058333333335,0.19166666666666665,0.7481064716375105
full_N500_K100_H50_nominal_t0p05,training_seed_mean,4,30,0.6573333333333333,0.5534806055725946,0.04933333333333333,0.608,8.954,5.3428,0.022815333333333333,0.375684,198.17254,0.03286666666666667,0.011407666666666667,0.187842,-0.8257189166666666,-0.5936025833333334,-59.360258333333334,0.19444444444444445,0.7494049828228674
full_N500_K100_H50_nominal_t0p05,training_seed_mean,5,30,0.6586666666666666,0.5526625524272609,0.04933333333333333,0.6093333333333334,8.968,5.3512,0.022850666666666665,0.3757373333333333,198.1513,0.032933333333333335,0.011425333333333332,0.18786866666666666,-0.8256304166666667,-0.5934030833333334,-59.34030833333333,0.19444444444444445,0.7494436590191897
full_N500_K100_H200_nominal_t0p05,training_seed_mean,1,30,0.708,0.7052844389963554,0.06583333333333334,0.6421666666666667,9.338833333333334,5.5638,0.023832,0.37750666666666666,197.649975,0.0354,0.011916,0.18875333333333333,-0.8235415625,-0.5874722291666666,-58.747222916666665,0.17912457912457913,0.8386490566333255
full_N500_K100_H200_nominal_t0p05,training_seed_mean,2,30,0.55,0.5844531474424929,0.049833333333333334,0.5001666666666666,8.527333333333333,5.0865,0.021785166666666664,0.37847966666666666,199.36619333333334,0.0275,0.010892583333333332,0.18923983333333333,-0.8306924722222222,-0.6030600555555555,-60.30600555555556,0.14882154882154883,0.8529940172700773
full_N500_K100_H200_nominal_t0p05,training_seed_mean,3,30,0.6575,0.6710109823992745,0.061,0.5965,9.092666666666666,5.419,0.023227,0.37842983333333335,198.13615,0.032875,0.0116135,0.18921491666666668,-0.8255672916666666,-0.5918638749999999,-59.186387499999995,0.16835016835016836,0.8426988404011356
full_N500_K100_H200_nominal_t0p05,training_seed_mean,4,30,0.6648333333333334,0.6765440005403619,0.06183333333333333,0.603,9.142,5.4481,0.023350833333333335,0.3782081666666667,198.04850166666665,0.03324166666666667,0.011675416666666667,0.18910408333333334,-0.8252020902777778,-0.5911809236111111,-59.11809236111111,0.17138047138047138,0.8427461384918248
full_N500_K100_H200_nominal_t0p05,training_seed_mean,5,30,0.6671666666666667,0.6757869610229285,0.06183333333333333,0.6053333333333333,9.151666666666667,5.4539,0.0233775,0.37811083333333334,198.02879666666666,0.03335833333333333,0.01168875,0.18905541666666667,-0.8251199861111111,-0.5910174861111112,-59.10174861111111,0.1718855218855219,0.8424277625323873
full_N500_K100_H800_nominal_t0p05,training_seed_mean,1,30,0.7560416666666666,0.7495128506288632,0.07062500000000001,0.6854166666666667,9.4215,5.610525,0.024041875,0.3775680416666667,197.62734375,0.03780208333333333,0.0120209375,0.18878402083333334,-0.823447265625,-0.5848402239583333,-58.484022395833335,0.1783625730994152,0.9138254317550333
full_N500_K100_H800_nominal_t0p05,training_seed_mean,2,30,0.5826666666666667,0.5976979835625905,0.051333333333333335,0.5313333333333333,8.588083333333334,5.12205,0.0219455,0.3786069166666667,199.37405166666667,0.029133333333333334,0.01097275,0.18930345833333334,-0.8307252152777778,-0.6013156736111112,-60.13156736111111,0.14757727652464495,0.9264785219034221
full_N500_K100_H800_nominal_t0p05,training_seed_mean,3,30,0.701,0.6983099557771358,0.06408333333333334,0.6369166666666667,9.175333333333333,5.46675,0.023428416666666667,0.37794,198.13915875,0.03505,0.011714208333333333,0.18897,-0.825579828125,-0.5898456197916667,-58.98456197916666,0.1689640768588137,0.911894184987627
full_N500_K100_H800_nominal_t0p05,training_seed_mean,4,30,0.7112916666666667,0.7092249823709286,0.06541666666666666,0.645875,9.222375,5.494175,0.023545041666666666,0.377933125,198.03910083333332,0.03556458333333334,0.011772520833333333,0.1889665625,-0.8251629201388889,-0.5888592534722222,-58.885925347222226,0.1714703425229741,0.9083158880217471
full_N500_K100_H800_nominal_t0p05,training_seed_mean,5,30,0.7140833333333333,0.7111549970559508,0.06566666666666666,0.6484166666666666,9.232416666666667,5.50005,0.023571416666666668,0.37788266666666664,198.01647541666668,0.03570416666666667,0.011785708333333334,0.18894133333333332,-0.8250686475694444,-0.5886374392361111,-58.86374392361111,0.1718880534670008,0.9085955422414852
full_N1000_K100_H50_nominal_t0p05,training_seed_mean,1,30,0.766,0.7867678115204294,0.07466666666666667,0.6913333333333334,9.534,5.6756,0.024406,0.2869966666666667,200.72366666666667,0.0383,0.012203,0.14349833333333334,-0.8363486111111111,-0.6423472777777778,-64.23472777777778,0.19652777777777777,0.6237853600371769
full_N1000_K100_H50_nominal_t0p05,training_seed_mean,2,30,0.6613333333333333,0.6548168519401006,0.059333333333333335,0.602,9.091333333333333,5.4192,0.023293333333333333,0.28784533333333334,201.66728666666666,0.03306666666666667,0.011646666666666666,0.14392266666666667,-0.8402803611111112,-0.6516443611111111,-65.16443611111112,0.17569444444444446,0.6224704891899384
full_N1000_K100_H50_nominal_t0p05,training_seed_mean,3,30,0.8226666666666667,0.8531048264928972,0.08333333333333333,0.7393333333333333,9.818666666666667,5.8412,0.025119333333333334,0.28718,200.16095333333334,0.041133333333333334,0.012559666666666667,0.14359,-0.8340039722222222,-0.6367209722222222,-63.67209722222222,0.20694444444444443,0.6308407255709979
full_N1000_K100_H50_nominal_t0p05,training_seed_mean,4,30,0.598,0.5868403290554344,0.051333333333333335,0.5466666666666666,8.78,5.2372,0.022520666666666665,0.2882366666666667,202.3122,0.0299,0.011260333333333332,0.14411833333333335,-0.8429675,-0.6576888333333333,-65.76888333333333,0.16111111111111112,0.628292257922258
full_N1000_K100_H50_nominal_t0p05,training_seed_mean,5,30,0.6573333333333333,0.6499078454568413,0.058666666666666666,0.5986666666666667,9.06,5.4008,0.023223999999999998,0.287972,201.73078,0.03286666666666667,0.011611999999999999,0.143986,-0.8405449166666666,-0.65208025,-65.20802499999999,0.17430555555555555,0.623705155887701
full_N1000_K100_H200_nominal_t0p05,training_seed_mean,1,30,0.7301666666666666,0.7197873890651559,0.07016666666666667,0.66,9.761166666666666,5.8146,0.025027333333333332,0.28698416666666665,200.73560166666667,0.03650833333333334,0.012513666666666666,0.14349208333333333,-0.8363983402777778,-0.6438842569444444,-64.38842569444445,0.19158249158249158,0.7225335085046202
full_N1000_K100_H200_nominal_t0p05,training_seed_mean,2,30,0.6273333333333333,0.6254624833671273,0.058166666666666665,0.5691666666666667,9.317333333333334,5.5555,0.02390983333333333,0.28817733333333334,201.66452,0.03136666666666667,0.011954916666666666,0.14408866666666667,-0.8402688333333334,-0.6528585833333334,-65.28585833333334,0.17542087542087542,0.7401901437058959
full_N1000_K100_H200_nominal_t0p05,training_seed_mean,3,30,0.7873333333333333,0.780247888155979,0.07833333333333334,0.709,10.0495,5.9827,0.0257535,0.28655933333333333,200.18269666666666,0.03936666666666667,0.01287675,0.14327966666666667,-0.8340945694444445,-0.6385714861111111,-63.857148611111114,0.20235690235690235,0.7178881600586288
full_N1000_K100_H200_nominal_t0p05,training_seed_mean,4,30,0.5688333333333333,0.5692437181178911,0.051166666666666666,0.5176666666666667,9.004833333333334,5.3722,0.023126999999999998,0.2886551666666667,202.29549166666666,0.028441666666666667,0.011563499999999999,0.14432758333333334,-0.8428978819444445,-0.6585651319444444,-65.85651319444445,0.16346801346801346,0.7446362683693909
full_N1000_K100_H200_nominal_t0p05,training_seed_mean,5,30,0.621,0.6207043220849268,0.0575,0.5635,9.280666666666667,5.5339,0.023823166666666666,0.2881996666666667,201.73522666666668,0.03105,0.011911583333333333,0.14409983333333334,-0.8405634444444444,-0.6535020277777778,-65.35020277777778,0.17356902356902357,0.7409861631272288
full_N1000_K100_H800_nominal_t0p05,training_seed_mean,1,30,0.7575416666666667,0.7372588719200885,0.07254166666666667,0.6849999999999999,9.839458333333333,5.86015,0.025219,0.28651095833333334,200.70971,0.03787708333333333,0.0126095,0.14325547916666667,-0.8362904583333334,-0.6425483958333333,-64.25483958333334,0.18755221386800333,0.8012760147716315
full_N1000_K100_H800_nominal_t0p05,training_seed_mean,2,30,0.6553333333333333,0.645247040126408,0.06054166666666667,0.5947916666666667,9.383208333333334,5.5936,0.02407025,0.28706916666666665,201.65508458333335,0.032766666666666666,0.012035125,0.14353458333333333,-0.8402295190972222,-0.6518931440972222,-65.18931440972223,0.17138680033416875,0.801815398391282
full_N1000_K100_H800_nominal_t0p05,training_seed_mean,3,30,0.8230416666666667,0.8089919955086003,0.081875,0.7411666666666666,10.121458333333333,6.02375,0.025924916666666666,0.28617954166666665,200.13668416666667,0.04115208333333333,0.012962458333333333,0.14308977083333332,-0.8339028506944445,-0.6366985381944444,-63.66985381944445,0.19883040935672514,0.7937353640809339
full_N1000_K100_H800_nominal_t0p05,training_seed_mean,4,30,0.5965833333333334,0.5820331673689618,0.05275,0.5438333333333334,9.063375,5.406375,0.023263625,0.28724525,202.293755,0.029829166666666667,0.0116318125,0.143622625,-0.8428906458333333,-0.6578070416666667,-65.78070416666667,0.15948203842940684,0.8136604631240466
full_N1000_K100_H800_nominal_t0p05,training_seed_mean,5,30,0.64875,0.6375757728208888,0.059583333333333335,0.5891666666666667,9.345708333333333,5.571675,0.023977208333333333,0.28707525,201.72671291666666,0.0324375,0.011988604166666667,0.143537625,-0.840527970486111,-0.6525642413194445,-65.25642413194444,0.16950710108604844,0.8021303768720842
full_N2000_K100_H50_nominal_t0p05,training_seed_mean,1,30,0.7166666666666667,0.7632968555724591,0.07333333333333333,0.6433333333333333,9.56,5.692,0.024546666666666665,0.22455266666666668,201.43532666666667,0.035833333333333335,0.012273333333333332,0.11227633333333334,-0.8393138611111111,-0.6789308611111111,-67.89308611111112,0.18541666666666667,0.5119449117661389
full_N2000_K100_H50_nominal_t0p05,training_seed_mean,2,30,0.6546666666666666,0.6957673182828069,0.06466666666666666,0.59,9.222,5.4944,0.023688,0.22449466666666668,202.08977333333334,0.032733333333333337,0.011844,0.11224733333333334,-0.8420407222222223,-0.6852160555555555,-68.52160555555555,0.1763888888888889,0.5162065092943874
full_N2000_K100_H50_nominal_t0p05,training_seed_mean,3,30,0.5286666666666666,0.6210406171805869,0.05333333333333334,0.47533333333333333,8.532,5.0872,0.021910666666666665,0.226102,203.55160666666666,0.026433333333333333,0.010955333333333333,0.113051,-0.8481316944444445,-0.6976920277777778,-69.76920277777778,0.1486111111111111,0.531664032590529
full_N2000_K100_H50_nominal_t0p05,training_seed_mean,4,30,0.6253333333333333,0.6943479939482596,0.06333333333333334,0.562,9.056666666666667,5.396,0.023248,0.224644,202.44074666666666,0.031266666666666665,0.011624,0.112322,-0.8435031111111111,-0.6882904444444444,-68.82904444444445,0.1701388888888889,0.5229523262512578
full_N2000_K100_H50_nominal_t0p05,training_seed_mean,5,30,0.5286666666666666,0.6212937385703308,0.05333333333333334,0.47533333333333333,8.529333333333334,5.0856,0.021904,0.226074,203.55712,0.026433333333333333,0.010952,0.113037,-0.8481546666666667,-0.6977323333333334,-69.77323333333334,0.1486111111111111,0.531664032590529
full_N2000_K100_H200_nominal_t0p05,training_seed_mean,1,30,0.7238333333333333,0.7224471501677365,0.07116666666666667,0.6526666666666666,9.8465,5.8652,0.025291666666666667,0.22459016666666667,201.39759,0.036191666666666664,0.012645833333333334,0.11229508333333334,-0.839156625,-0.6780240416666666,-67.80240416666666,0.18754208754208754,0.5981705230671974
full_N2000_K100_H200_nominal_t0p05,training_seed_mean,2,30,0.6565,0.6554679959555846,0.06233333333333334,0.5941666666666666,9.501,5.6632,0.024417333333333333,0.22458383333333334,202.06528833333334,0.032825,0.012208666666666666,0.11229191666666667,-0.8419387013888889,-0.6846131180555556,-68.46131180555555,0.17323232323232324,0.5950848805621888
full_N2000_K100_H200_nominal_t0p05,training_seed_mean,3,30,0.52,0.5402295003760045,0.0475,0.4725,8.785833333333333,5.243,0.022594666666666666,0.22514033333333333,203.57684666666665,0.026,0.011297333333333333,0.11257016666666667,-0.8482368611111111,-0.6983693611111111,-69.83693611111111,0.15,0.596788682793884
full_N2000_K100_H200_nominal_t0p05,training_seed_mean,4,30,0.6241666666666666,0.6338250629323429,0.059166666666666666,0.565,9.324,5.5589,0.023959833333333333,0.22481883333333333,202.422945,0.031208333333333334,0.011979916666666666,0.11240941666666666,-0.8434289375,-0.6878312708333333,-68.78312708333333,0.16616161616161618,0.5924477052320111
full_N2000_K100_H200_nominal_t0p05,training_seed_mean,5,30,0.5198333333333334,0.5404690177456715,0.0475,0.4723333333333333,8.782166666666667,5.2408,0.02258433333333333,0.22511516666666667,203.582215,0.025991666666666666,0.011292166666666666,0.11255758333333334,-0.8482592291666666,-0.6984178125,-69.84178125,0.15,0.596788682793884
full_N2000_K100_H800_nominal_t0p05,training_seed_mean,1,30,0.7878333333333334,0.8046256163840296,0.07958333333333334,0.70825,9.892291666666667,5.887625,0.02535595833333333,0.2243135,201.33207958333332,0.039391666666666665,0.012677979166666666,0.11215675,-0.8388836649305556,-0.6746572690972222,-67.46572690972222,0.18813700918964077,0.6591268790391022
full_N2000_K100_H800_nominal_t0p05,training_seed_mean,2,30,0.7132499999999999,0.7310949364556234,0.06983333333333333,0.6434166666666666,9.552333333333333,5.6895,0.02450175,0.22451516666666665,202.00909875,0.0356625,0.012250875,0.11225758333333333,-0.841704578125,-0.6815336197916667,-68.15336197916666,0.17560568086883876,0.6647195333201575
full_N2000_K100_H800_nominal_t0p05,training_seed_mean,3,30,0.5634583333333333,0.597786091783417,0.052708333333333336,0.51075,8.816291666666666,5.25815,0.022641416666666667,0.224912375,203.55361666666667,0.028172916666666666,0.011320708333333334,0.1124561875,-0.8481400694444444,-0.6961902569444445,-69.61902569444445,0.15238095238095237,0.6549178314763944
full_N2000_K100_H800_nominal_t0p05,training_seed_mean,4,30,0.6734166666666667,0.6975847017522644,0.065375,0.6080416666666667,9.371083333333333,5.583425,0.024043041666666667,0.22464699999999999,202.38813958333333,0.03367083333333333,0.012021520833333334,0.11232349999999999,-0.8432839149305555,-0.6852680607638889,-68.5268060763889,0.1690893901420217,0.6654707967038399
full_N2000_K100_H800_nominal_t0p05,training_seed_mean,5,30,0.563125,0.5979936342173878,0.052708333333333336,0.5104166666666666,8.813416666666667,5.256425,0.022633458333333332,0.224911625,203.55859125,0.02815625,0.011316729166666666,0.1124558125,-0.848160796875,-0.6962320052083333,-69.62320052083334,0.15229741019214701,0.6549178314763944
full_N2000_K200_H200_nominal_t0p05,training_seed_mean,1,30,1.0445833333333334,1.032933807508568,0.10141666666666667,0.9431666666666666,9.816583333333334,5.8290999999999995,0.0251405,0.3490365833333333,197.03442083333334,0.05222916666666667,0.01257025,0.17451829166666666,-0.8209767534722222,-0.5816590451388889,-116.33180902777778,0.18535353535353535,0.8490614736074414
full_N2000_K200_H200_nominal_t0p05,training_seed_mean,2,30,0.9474166666666667,0.943464971665861,0.0895,0.8579166666666667,9.4835,5.6364,0.024308666666666666,0.34957791666666665,197.7456125,0.047370833333333334,0.012154333333333333,0.17478895833333333,-0.8239400520833333,-0.5896259270833333,-117.92518541666666,0.17297979797979798,0.8480834312794604
full_N2000_K200_H200_nominal_t0p05,training_seed_mean,3,30,0.74825,0.7325076752701982,0.06425,0.6839999999999999,8.767833333333334,5.22215,0.022513916666666665,0.35103925,199.36096,0.0374125,0.011256958333333332,0.175519625,-0.8306706666666667,-0.6064815833333334,-121.29631666666667,0.15042087542087543,0.8469243386788697
full_N2000_K200_H200_nominal_t0p05,training_seed_mean,4,30,0.8981666666666667,0.9008363236226952,0.08383333333333333,0.8143333333333334,9.303583333333334,5.53185,0.023852583333333333,0.35017333333333334,198.13196250000001,0.044908333333333335,0.011926291666666667,0.17508666666666667,-0.82554984375,-0.5936285520833333,-118.72571041666667,0.16742424242424242,0.8437494097694458
full_N2000_K200_H200_nominal_t0p05,training_seed_mean,5,30,0.7479166666666667,0.732771695204612,0.06425,0.6836666666666666,8.764666666666667,5.22025,0.022505583333333332,0.35103158333333334,199.36595416666665,0.037395833333333336,0.011252791666666666,0.17551579166666667,-0.8306914756944445,-0.6065270590277778,-121.30541180555555,0.15025252525252525,0.8469243386788697
full_N2000_K300_H200_nominal_t0p05,training_seed_mean,1,30,1.5165,1.5390623974367248,0.15044444444444444,1.3660555555555556,9.774666666666667,5.774533333333333,0.024901333333333334,0.46870972222222224,193.01139555555557,0.075825,0.012450666666666667,0.23435486111111112,-0.8042141481481482,-0.48158362037037034,-144.4750861111111,0.18181818181818182,0.9515060730633691
full_N2000_K300_H200_nominal_t0p05,training_seed_mean,2,30,1.3636666666666666,1.3975646818678604,0.13216666666666665,1.2315,9.45261111111111,5.592266666666666,0.024117,0.4701943333333333,193.81109333333333,0.06818333333333333,0.0120585,0.23509716666666666,-0.8075462222222223,-0.49220722222222224,-147.66216666666668,0.17048260381593716,0.950518868121237
full_N2000_K300_H200_nominal_t0p05,training_seed_mean,3,30,1.0822777777777777,1.104323434163255,0.0966111111111111,0.9856666666666667,8.742888888888888,5.187766666666667,0.022370722222222222,0.4724625,195.58069111111112,0.05411388888888889,0.011185361111111111,0.23623125,-0.8149195462962963,-0.5133890462962963,-154.0167138888889,0.14747474747474748,0.9556144296011923
full_N2000_K300_H200_nominal_t0p05,training_seed_mean,4,30,1.2878333333333334,1.3235160666733274,0.12283333333333334,1.165,9.275833333333333,5.4918,0.023682444444444443,0.47086161111111113,194.25254388888888,0.06439166666666667,0.011841222222222222,0.23543080555555557,-0.809385599537037,-0.49772190509259256,-149.31657152777777,0.16453423120089786,0.9536363793353921
full_N2000_K300_H200_nominal_t0p05,training_seed_mean,5,30,1.0814444444444444,1.1027388330405816,0.09644444444444444,0.985,8.74011111111111,5.1862,0.022363777777777778,0.4724418888888889,195.5875888888889,0.05407222222222222,0.011181888888888889,0.23622094444444444,-0.814948287037037,-0.5134732314814815,-154.04196944444445,0.14736251402918069,0.9556144296011923
full_N2000_K400_H200_nominal_t0p05,training_seed_mean,1,30,2.2790833333333333,2.4140142235644575,0.23395833333333332,2.045125,9.695083333333333,5.676675,0.024486124999999997,0.5786281666666666,188.82452875,0.11395416666666666,0.012243062499999999,0.2893140833333333,-0.7867688697916667,-0.37125755729166665,-148.50302291666668,0.1747053872053872,0.982461137412753
full_N2000_K400_H200_nominal_t0p05,training_seed_mean,2,30,2.0792916666666668,2.198974563283395,0.20629166666666665,1.873,9.383375000000001,5.50625,0.023752416666666665,0.5809137083333333,189.70322333333334,0.10396458333333333,0.011876208333333332,0.29045685416666667,-0.7904300972222222,-0.3841324513888889,-153.65298055555556,0.16494107744107744,0.9827376417165812
full_N2000_K400_H200_nominal_t0p05,training_seed_mean,3,30,1.6632916666666666,1.7728429352257629,0.15395833333333334,1.5093333333333334,8.685666666666666,5.119025,0.022082041666666666,0.584962125,191.6992575,0.08316458333333333,0.011041020833333333,0.2924810625,-0.79874690625,-0.4120602395833333,-164.82409583333333,0.14351851851851852,0.9828607493363003
full_N2000_K400_H200_nominal_t0p05,training_seed_mean,4,30,1.968375,2.0846231328607234,0.192,1.776375,9.2115,5.4117,0.023342083333333333,0.581821375,190.2085475,0.09841875,0.011671041666666666,0.2909106875,-0.7925356145833333,-0.3915351354166667,-156.61405416666668,0.15955387205387206,0.9827107966068999
full_N2000_K400_H200_nominal_t0p05,training_seed_mean,5,30,1.6619166666666667,1.770501827884164,0.15370833333333334,1.5082083333333334,8.682958333333334,5.1175500000000005,0.022075333333333332,0.58497075,191.70620583333334,0.08309583333333333,0.011037666666666666,0.292485375,-0.7987758576388889,-0.4121569826388889,-164.86279305555556,0.14335016835016834,0.9828314459147249
full_N2000_K500_H200_nominal_t0p05,training_seed_mean,1,30,3.5482,3.894534013438188,0.37206666666666666,3.1761333333333335,9.558766666666667,5.51202,0.0237623,0.6707495333333333,183.80922366666667,0.17741,0.01188115,0.33537476666666666,-0.7658717652777778,-0.2412058486111111,-120.60292430555556,0.1676094276094276,0.9901978439792102
full_N2000_K500_H200_nominal_t0p05,training_seed_mean,2,30,3.2627333333333333,3.615266506505098,0.3344333333333333,2.9283,9.253533333333333,5.35146,0.02307283333333333,0.6744426666666666,184.82643833333333,0.16313666666666665,0.011536416666666665,0.3372213333333333,-0.7701101597222222,-0.25821574305555556,-129.10787152777777,0.15797979797979797,0.9916284303143196
full_N2000_K500_H200_nominal_t0p05,training_seed_mean,3,30,2.669,3.0231127781715417,0.25943333333333335,2.4095666666666666,8.581466666666667,4.99322,0.02152983333333333,0.6815634,187.10224866666667,0.13345,0.010764916666666666,0.3407817,-0.7795927027777778,-0.2945960861111111,-147.29804305555555,0.13734006734006735,0.9925716944608513
full_N2000_K500_H200_nominal_t0p05,training_seed_mean,4,30,3.1092333333333335,3.468522486484335,0.3152,2.794033333333333,9.089533333333334,5.2646,0.022697066666666665,0.6762819666666666,185.394765,0.15546166666666666,0.011348533333333332,0.3381409833333333,-0.7724781875,-0.2675270041666667,-133.76350208333335,0.15252525252525254,0.992526122730918
full_N2000_K500_H200_nominal_t0p05,training_seed_mean,5,30,2.6672333333333333,3.0212760945082073,0.2592,2.4080333333333335,8.578966666666666,4.99186,0.0215241,0.6815490333333333,187.11077333333333,0.13336166666666666,0.01076205,0.34077451666666664,-0.7796282222222223,-0.2947299888888889,-147.36499444444445,0.13727272727272727,0.9925716944608513
mlp213_N500_K100_H50_nominal_t0p05,training_seed_mean,1,30,1.054,0.9500803375992095,0.1,0.954,10.562666666666667,6.2776,0.026777333333333334,0.39034599999999997,195.22405333333333,0.0527,0.013388666666666667,0.19517299999999999,-0.8134335555555555,-0.5521718888888889,-55.21718888888889,0.2951388888888889,0.7613769641409769
mlp213_N500_K100_H50_nominal_t0p05,training_seed_mean,2,30,0.7033333333333334,0.5786447705574024,0.05266666666666667,0.6506666666666666,9.160666666666668,5.4648,0.023288,0.390934,198.05551333333332,0.035166666666666666,0.011644,0.195467,-0.8252313055555556,-0.582953638888889,-58.29536388888889,0.2263888888888889,0.7573828252935761
mlp213_N500_K100_H50_nominal_t0p05,training_seed_mean,3,30,0.7606666666666667,0.6489746047696493,0.06066666666666667,0.7,9.395333333333333,5.6008,0.023866666666666665,0.390526,197.58206,0.038033333333333336,0.011933333333333332,0.195263,-0.8232585833333333,-0.5780289166666667,-57.80289166666667,0.24375,0.7617849719983545
mlp213_N500_K100_H50_nominal_t0p05,training_seed_mean,4,30,0.864,0.7296762704658736,0.07133333333333333,0.7926666666666666,9.834666666666667,5.858,0.024979333333333333,0.390492,196.69057333333333,0.0432,0.012489666666666666,0.195246,-0.8195440555555555,-0.5686083888888889,-56.86083888888889,0.26319444444444445,0.7445910466727312
mlp213_N500_K100_H50_nominal_t0p05,training_seed_mean,5,30,0.7506666666666667,0.6522824802146198,0.06066666666666667,0.6900000000000001,9.346666666666668,5.5716,0.023751333333333333,0.39065333333333335,197.6732,0.037533333333333335,0.011875666666666666,0.19532666666666668,-0.8236383333333334,-0.5789026666666667,-57.89026666666667,0.23819444444444443,0.7615504599034671
mlp213_N500_K100_H200_nominal_t0p05,training_seed_mean,1,30,1.0523333333333333,1.0730644600445107,0.115,0.9373333333333334,10.718833333333333,6.3623,0.027230833333333333,0.391947,195.164875,0.052616666666666666,0.013615416666666666,0.1959735,-0.8131869791666667,-0.5509813958333334,-55.098139583333335,0.2718855218855219,0.8593981275982772
mlp213_N500_K100_H200_nominal_t0p05,training_seed_mean,2,30,0.712,0.7124909547199962,0.0665,0.6455,9.339166666666667,5.5636,0.023815666666666666,0.39404733333333336,197.91461166666667,0.0356,0.011907833333333333,0.19702366666666668,-0.8246442152777778,-0.5801127152777777,-58.01127152777778,0.20824915824915827,0.8581397657218328
mlp213_N500_K100_H200_nominal_t0p05,training_seed_mean,3,30,0.7625,0.7667364833050156,0.07333333333333333,0.6891666666666667,9.567499999999999,5.6965,0.024384166666666665,0.39357216666666667,197.46034333333333,0.038125,0.012192083333333333,0.19678608333333333,-0.8227514305555556,-0.5756482638888889,-57.56482638888889,0.22154882154882155,0.8606490603703266
mlp213_N500_K100_H200_nominal_t0p05,training_seed_mean,4,30,0.8606666666666667,0.8738407006997485,0.08733333333333333,0.7733333333333333,9.990333333333334,5.9418,0.025431,0.393853,196.57757666666666,0.04303333333333333,0.0127155,0.1969265,-0.8190732361111112,-0.5663979027777778,-56.63979027777778,0.23872053872053872,0.8506018525970076
mlp213_N500_K100_H200_nominal_t0p05,training_seed_mean,5,30,0.7508333333333334,0.7670860933762166,0.073,0.6778333333333333,9.52,5.6682,0.024262333333333334,0.39363216666666667,197.55513833333333,0.03754166666666667,0.012131166666666667,0.19681608333333334,-0.8231464097222222,-0.5766574930555556,-57.66574930555556,0.21801346801346802,0.8587352866713751
mlp213_N500_K100_H800_nominal_t0p05,training_seed_mean,1,30,1.1227916666666666,1.1322963947396778,0.12225,1.0005416666666667,10.794458333333333,6.403325,0.027429708333333334,0.391093875,195.12005791666667,0.05613958333333333,0.013714854166666667,0.1955469375,-0.8130002413194445,-0.5475988663194444,-54.75988663194445,0.27030075187969926,0.9093894410896284
mlp213_N500_K100_H800_nominal_t0p05,training_seed_mean,2,30,0.759375,0.7509643311907778,0.07075000000000001,0.688625,9.420958333333333,5.610125,0.024026541666666665,0.3935830416666667,197.90715708333335,0.03796875,0.012013270833333332,0.19679152083333334,-0.8246131545138888,-0.5778396128472222,-57.783961284722224,0.20705931495405178,0.9107062463114274
mlp213_N500_K100_H800_nominal_t0p05,training_seed_mean,3,30,0.8108333333333333,0.8009410979187657,0.07725,0.7335833333333334,9.644541666666667,5.740375,0.024582125,0.39309208333333334,197.452925,0.04054166666666666,0.0122910625,0.19654604166666667,-0.8227205208333334,-0.57334175,-57.334175,0.21796157059314952,0.907478079665264
mlp213_N500_K100_H800_nominal_t0p05,training_seed_mean,4,30,0.9186666666666666,0.9205837195192369,0.09279166666666666,0.825875,10.078166666666666,5.991225,0.025656791666666665,0.3925883333333333,196.56957041666666,0.04593333333333333,0.012828395833333332,0.19629416666666666,-0.8190398767361111,-0.5639839809027778,-56.39839809027778,0.23763575605680867,0.9117461142605267
mlp213_N500_K100_H800_nominal_t0p05,training_seed_mean,5,30,0.80025,0.791863241711481,0.076,0.72425,9.596583333333333,5.71235,0.024462249999999998,0.3932505,197.54294166666668,0.0400125,0.012231124999999999,0.19662525,-0.8230955902777778,-0.5742267152777778,-57.42267152777778,0.21570593149540518,0.9077899342725322
mlp213_N1000_K100_H50_nominal_t0p05,training_seed_mean,1,30,0.8306666666666667,0.8569961559156486,0.084,0.7466666666666667,9.858666666666666,5.8648,0.025237333333333334,0.29526,200.61726666666667,0.04153333333333333,0.012618666666666667,0.14763,-0.8359052777777778,-0.6341232777777778,-63.412327777777776,0.23541666666666666,0.6351213091790894
mlp213_N1000_K100_H50_nominal_t0p05,training_seed_mean,2,30,0.8486666666666667,0.867765640617324,0.08600000000000001,0.7626666666666667,9.980666666666666,5.9368,0.025545333333333333,0.29452866666666666,200.42112,0.04243333333333333,0.012772666666666667,0.14726433333333333,-0.835088,-0.6326176666666666,-63.26176666666667,0.24375,0.6299673114931705
mlp213_N1000_K100_H50_nominal_t0p05,training_seed_mean,3,30,0.898,0.8827438423861941,0.08933333333333333,0.8086666666666666,10.190666666666667,6.0608,0.026064,0.2945433333333333,200.00498,0.0449,0.013032,0.14727166666666666,-0.8333540833333333,-0.6281504166666667,-62.815041666666666,0.2534722222222222,0.629563284005375
mlp213_N1000_K100_H50_nominal_t0p05,training_seed_mean,4,30,0.8206666666666667,0.8462547030251293,0.08266666666666667,0.738,9.818666666666667,5.8416,0.025142666666666667,0.295574,200.69834,0.04103333333333333,0.012571333333333334,0.147787,-0.8362430833333333,-0.6348514166666667,-63.485141666666664,0.2326388888888889,0.637045439055944
mlp213_N1000_K100_H50_nominal_t0p05,training_seed_mean,5,30,0.9286666666666666,0.9390957705505142,0.09666666666666666,0.832,10.350666666666667,6.1524,0.026472666666666665,0.29473533333333335,199.71016,0.04643333333333333,0.013236333333333333,0.14736766666666667,-0.8321256666666667,-0.6250883333333334,-62.508833333333335,0.2611111111111111,0.6329833123748706
mlp213_N1000_K100_H200_nominal_t0p05,training_seed_mean,1,30,0.793,0.780192092752457,0.0785,0.7145,10.073166666666667,5.9968,0.025814999999999998,0.293304,200.68235666666666,0.03965,0.012907499999999999,0.146652,-0.8361764861111112,-0.6369669861111111,-63.69669861111111,0.23434343434343435,0.7057107759112082
mlp213_N1000_K100_H200_nominal_t0p05,training_seed_mean,2,30,0.814,0.8066218149137933,0.08216666666666667,0.7318333333333333,10.1915,6.0656,0.026112,0.29307833333333333,200.46310166666666,0.0407,0.013056,0.14653916666666666,-0.8352629236111111,-0.6349677569444444,-63.496775694444445,0.24107744107744108,0.7050931326612988
mlp213_N1000_K100_H200_nominal_t0p05,training_seed_mean,3,30,0.8661666666666666,0.8589449542100976,0.08916666666666667,0.777,10.388833333333334,6.1798,0.02659833333333333,0.2927935,200.05322666666666,0.04330833333333333,0.013299166666666666,0.14639675,-0.8335551111111111,-0.6305508611111111,-63.05508611111111,0.251010101010101,0.6936401685820435
mlp213_N1000_K100_H200_nominal_t0p05,training_seed_mean,4,30,0.7846666666666666,0.7784478764931905,0.078,0.7066666666666667,10.030833333333334,5.9717,0.025707499999999998,0.29334666666666664,200.76629333333332,0.039233333333333335,0.012853749999999999,0.14667333333333332,-0.8365262222222222,-0.6377658055555555,-63.776580555555554,0.23063973063973064,0.7083705477243863
mlp213_N1000_K100_H200_nominal_t0p05,training_seed_mean,5,30,0.902,0.9028613128025392,0.09516666666666666,0.8068333333333333,10.5475,6.2714,0.026993,0.292598,199.75762166666667,0.0451,0.0134965,0.146299,-0.8323234236111111,-0.6274279236111111,-62.742792361111114,0.25993265993265996,0.6943312501321677
mlp213_N1000_K100_H800_nominal_t0p05,training_seed_mean,1,30,0.8294583333333333,0.8140472845544592,0.0825,0.7469583333333334,10.135583333333333,6.03185,0.025957249999999998,0.2933609583333333,200.62098958333334,0.041472916666666665,0.012978624999999999,0.14668047916666666,-0.8359207899305555,-0.6347887690972221,-63.478876909722224,0.22936507936507936,0.7789799926913753
mlp213_N1000_K100_H800_nominal_t0p05,training_seed_mean,2,30,0.8567916666666666,0.838508859983853,0.086,0.7707916666666667,10.256166666666667,6.1021,0.026260333333333333,0.293169625,200.38696083333332,0.042839583333333334,0.013130166666666667,0.1465848125,-0.8349456701388889,-0.6323911076388888,-63.23911076388889,0.2349624060150376,0.7796802851603373
mlp213_N1000_K100_H800_nominal_t0p05,training_seed_mean,3,30,0.9099583333333333,0.891673768374424,0.09329166666666666,0.8166666666666667,10.462583333333333,6.221575,0.026772124999999997,0.29273904166666664,199.97750249999999,0.045497916666666666,0.013386062499999999,0.14636952083333332,-0.83323959375,-0.62798609375,-62.798609375,0.2457393483709273,0.7665608807279612
mlp213_N1000_K100_H800_nominal_t0p05,training_seed_mean,4,30,0.8191666666666667,0.8025004506096716,0.081,0.7381666666666666,10.093958333333333,6.007775,0.025854625,0.29336475,200.70996416666668,0.04095833333333333,0.0129273125,0.146682375,-0.8362915173611111,-0.6357234965277778,-63.57234965277778,0.2272765246449457,0.7772609873945054
mlp213_N1000_K100_H800_nominal_t0p05,training_seed_mean,5,30,0.9499166666666666,0.9336503463287325,0.099125,0.8507916666666667,10.617291666666667,6.3109,0.02715233333333333,0.29252,199.67260916666666,0.047495833333333334,0.013576166666666665,0.14626,-0.8319692048611111,-0.6246372048611112,-62.463720486111114,0.25421888053467,0.7696143526561208
mlp213_N2000_K100_H50_nominal_t0p05,training_seed_mean,1,30,0.8706666666666667,0.8381857345866152,0.08600000000000001,0.7846666666666666,10.245333333333333,6.0956,0.026264666666666665,0.23018933333333333,200.66042666666667,0.043533333333333334,0.013132333333333333,0.11509466666666666,-0.8360851111111111,-0.6643247777777778,-66.43247777777778,0.23680555555555555,0.527280536919899
mlp213_N2000_K100_H50_nominal_t0p05,training_seed_mean,2,30,0.8613333333333334,0.842308880446712,0.08600000000000001,0.7753333333333333,10.194666666666667,6.0652,0.026133999999999998,0.230096,200.74187333333333,0.04306666666666667,0.013066999999999999,0.115048,-0.8364244722222222,-0.6652428055555555,-66.52428055555555,0.23472222222222222,0.527280536919899
mlp213_N2000_K100_H50_nominal_t0p05,training_seed_mean,3,30,0.74,0.7626715903930049,0.074,0.666,9.666666666666666,5.7556,0.024802,0.23089733333333334,201.76319333333333,0.037,0.012401,0.11544866666666667,-0.8406799722222222,-0.6758303055555556,-67.58303055555555,0.21041666666666667,0.5194214517168153
mlp213_N2000_K100_H50_nominal_t0p05,training_seed_mean,4,30,0.7966666666666666,0.8043140015774091,0.08,0.7166666666666667,9.904666666666667,5.8948,0.025407333333333334,0.230714,201.25335333333334,0.03983333333333333,0.012703666666666667,0.115357,-0.8385556388888888,-0.6706616388888889,-67.0661638888889,0.22152777777777777,0.5292830669438563
mlp213_N2000_K100_H50_nominal_t0p05,training_seed_mean,5,30,0.7553333333333333,0.7915489787165241,0.07733333333333334,0.678,9.733333333333333,5.7936,0.024961333333333332,0.230786,201.60762666666668,0.037766666666666664,0.012480666666666666,0.115393,-0.8400317777777778,-0.6743914444444444,-67.43914444444445,0.2125,0.5230074636650032
mlp213_N2000_K100_H200_nominal_t0p05,training_seed_mean,1,30,0.8831666666666667,0.8990171677981379,0.09433333333333334,0.7888333333333333,10.499333333333333,6.243,0.026919333333333333,0.23031783333333333,200.61748,0.044158333333333334,0.013459666666666667,0.11515891666666667,-0.8359061666666666,-0.66312925,-66.31292499999999,0.24023569023569025,0.6066522262598969
mlp213_N2000_K100_H200_nominal_t0p05,training_seed_mean,2,30,0.8731666666666666,0.8947623918440425,0.0935,0.7796666666666666,10.455833333333333,6.2174,0.026808333333333333,0.23024416666666667,200.698755,0.043658333333333334,0.013404166666666667,0.11512208333333333,-0.8362448125,-0.6640602291666666,-66.40602291666667,0.23737373737373738,0.604780531420129
mlp213_N2000_K100_H200_nominal_t0p05,training_seed_mean,3,30,0.7476666666666667,0.754385472572511,0.075,0.6726666666666666,9.9415,5.9199,0.025521833333333334,0.23084366666666667,201.73715666666666,0.03738333333333333,0.012760916666666667,0.11542183333333333,-0.8405714861111111,-0.6750054027777778,-67.50054027777777,0.21784511784511784,0.6034162578458155
mlp213_N2000_K100_H200_nominal_t0p05,training_seed_mean,4,30,0.8089999999999999,0.8185176413762949,0.0835,0.7255,10.199333333333334,6.0695,0.026168833333333332,0.23063133333333333,201.211035,0.04045,0.013084416666666666,0.11531566666666666,-0.8383793125,-0.6695292291666667,-66.95292291666667,0.22777777777777777,0.604537770974775
mlp213_N2000_K100_H200_nominal_t0p05,training_seed_mean,5,30,0.765,0.773397479636517,0.0775,0.6875,10.021333333333333,5.9663,0.0257245,0.23061533333333334,201.579395,0.03825,0.01286225,0.11530766666666667,-0.8399141458333333,-0.6734942291666667,-67.34942291666667,0.22205387205387206,0.6022292917862241
mlp213_N2000_K100_H800_nominal_t0p05,training_seed_mean,1,30,0.96025,0.9838669255124453,0.10375,0.8565,10.549833333333334,6.26765,0.026993166666666665,0.2304215,200.51524791666668,0.0480125,0.013496583333333333,0.11521075,-0.8354801996527778,-0.6587603663194445,-65.87603663194444,0.2419799498746867,0.6667119865282229
mlp213_N2000_K100_H800_nominal_t0p05,training_seed_mean,2,30,0.9491666666666667,0.9750041480350552,0.10241666666666667,0.84675,10.509166666666667,6.24405,0.026891416666666664,0.23048766666666667,200.59499583333334,0.04745833333333333,0.013445708333333332,0.11524383333333334,-0.8358124826388889,-0.6596646076388889,-65.96646076388889,0.24047619047619045,0.665374567739183
mlp213_N2000_K100_H800_nominal_t0p05,training_seed_mean,3,30,0.813125,0.8355003196627027,0.08345833333333333,0.7296666666666667,9.991416666666666,5.944775,0.025598125,0.231024625,201.65488166666665,0.04065625,0.0127990625,0.1155123125,-0.8402286736111111,-0.6712610486111111,-67.12610486111112,0.21854636591478696,0.6678121954790086
mlp213_N2000_K100_H800_nominal_t0p05,training_seed_mean,4,30,0.8814583333333333,0.9045538994777914,0.09270833333333334,0.7887500000000001,10.253041666666666,6.0962,0.02625,0.23081545833333333,201.11551333333333,0.04407291666666667,0.013125,0.11540772916666667,-0.8379813055555556,-0.6653756597222222,-66.53756597222223,0.22894736842105262,0.6740624735881352
mlp213_N2000_K100_H800_nominal_t0p05,training_seed_mean,5,30,0.8329166666666666,0.8583625866406468,0.08641666666666667,0.7464999999999999,10.07125,5.9909,0.025797416666666666,0.23087158333333332,201.49054999999998,0.04164583333333333,0.012898708333333333,0.11543579166666666,-0.8395439583333333,-0.669563625,-66.9563625,0.22213868003341686,0.6692620786794405
mlp213_N2000_K200_H200_nominal_t0p05,training_seed_mean,1,30,1.2665833333333334,1.2763462431796497,0.1335,1.1330833333333332,10.46225,6.19725,0.026716249999999997,0.3606365833333333,195.97183833333332,0.06332916666666667,0.013358124999999998,0.18031829166666666,-0.8165493263888889,-0.5595437430555555,-111.90874861111111,0.23872053872053872,0.8581485924557848
mlp213_N2000_K200_H200_nominal_t0p05,training_seed_mean,2,30,1.2536666666666667,1.2678525816842097,0.13208333333333333,1.1215833333333334,10.420666666666667,6.17315,0.026611916666666666,0.360541,196.0595375,0.06268333333333333,0.013305958333333333,0.1802705,-0.8169147395833334,-0.5606549479166667,-112.13098958333333,0.23619528619528618,0.8604836930307012
mlp213_N2000_K200_H200_nominal_t0p05,training_seed_mean,3,30,1.07925,1.078307858928302,0.10683333333333334,0.9724166666666667,9.907166666666667,5.8802,0.025349,0.36138675,197.18697583333335,0.0539625,0.0126745,0.180693375,-0.8216123993055555,-0.5742820243055555,-114.85640486111112,0.21506734006734007,0.8648326048963777
mlp213_N2000_K200_H200_nominal_t0p05,training_seed_mean,4,30,1.1625833333333333,1.1781632998648441,0.11975,1.0428333333333333,10.1645,6.02685,0.025981249999999997,0.36096391666666666,196.624665,0.05812916666666667,0.012990624999999999,0.18048195833333333,-0.8192694375,-0.5676676875,-113.5335375,0.22584175084175084,0.8652732741143758
mlp213_N2000_K200_H200_nominal_t0p05,training_seed_mean,5,30,1.1041666666666667,1.108738411425487,0.11075,0.9934166666666666,9.988833333333334,5.92685,0.025552916666666665,0.361399,197.01018833333333,0.05520833333333333,0.012776458333333332,0.1806995,-0.8208757847222222,-0.5721914930555555,-114.43829861111111,0.21868686868686868,0.8665507892629444
mlp213_N2000_K300_H200_nominal_t0p05,training_seed_mean,1,30,1.8486111111111112,1.8771533836828698,0.19527777777777777,1.6533333333333333,10.407555555555556,6.127366666666667,0.02640772222222222,0.48490472222222225,191.59321,0.09243055555555556,0.01320386111111111,0.24245236111111113,-0.7983050416666667,-0.4502182638888889,-135.06547916666668,0.23423120089786756,0.9602791297761646
mlp213_N2000_K300_H200_nominal_t0p05,training_seed_mean,2,30,1.8294444444444444,1.859716114475783,0.1927222222222222,1.6367222222222222,10.367666666666667,6.104966666666667,0.02631038888888889,0.4849528888888889,191.6900361111111,0.09147222222222222,0.013155194444444445,0.24247644444444444,-0.7987084837962963,-0.4516046226851852,-135.48138680555556,0.23226711560044894,0.957782300820529
mlp213_N2000_K300_H200_nominal_t0p05,training_seed_mean,3,30,1.575,1.6139478738404658,0.15916666666666668,1.4158333333333333,9.863,5.8223,0.02509838888888889,0.48661855555555555,192.96490277777778,0.07875,0.012549194444444444,0.24330927777777778,-0.8040204282407407,-0.46941195601851854,-140.82358680555555,0.2111672278338945,0.9588450608150002
mlp213_N2000_K300_H200_nominal_t0p05,training_seed_mean,4,30,1.6960555555555556,1.7346115031605422,0.17544444444444446,1.5206111111111111,10.116166666666667,5.964433333333333,0.025707722222222222,0.48575083333333335,192.3340638888889,0.08480277777777778,0.012853861111111111,0.24287541666666668,-0.8013919328703704,-0.4608598773148148,-138.25796319444444,0.22171717171717173,0.9586241775688886
mlp213_N2000_K300_H200_nominal_t0p05,training_seed_mean,5,30,1.6149444444444443,1.655318155136391,0.16455555555555557,1.450388888888889,9.942944444444445,5.8670333333333335,0.025291055555555556,0.48634961111111114,192.76270166666666,0.08074722222222222,0.012645527777777778,0.24317480555555557,-0.8031779236111111,-0.46661036805555556,-139.98311041666668,0.21503928170594838,0.9585629760442061
mlp213_N2000_K400_H200_nominal_t0p05,training_seed_mean,1,30,2.7931666666666666,2.935381359904053,0.30245833333333333,2.4907083333333335,10.310666666666666,6.004925,0.025886874999999997,0.5964693333333333,186.98886625,0.13965833333333333,0.012943437499999998,0.29823466666666665,-0.7791202760416667,-0.32828383854166665,-131.31353541666667,0.22575757575757577,0.9829204160342117
mlp213_N2000_K400_H200_nominal_t0p05,training_seed_mean,2,30,2.7619583333333333,2.904273772485244,0.298125,2.4638333333333335,10.271791666666667,5.9842,0.02579558333333333,0.5967952916666667,187.1037475,0.13809791666666665,0.012897791666666665,0.29839764583333334,-0.7795989479166666,-0.33020559374999997,-132.0822375,0.2239057239057239,0.982933554532299
mlp213_N2000_K400_H200_nominal_t0p05,training_seed_mean,3,30,2.3965,2.548115595984139,0.24908333333333332,2.1474166666666665,9.778958333333334,5.717925,0.024652875,0.6005734166666666,188.54041916666668,0.119825,0.0123264375,0.3002867083333333,-0.7855850798611111,-0.3531469340277778,-141.2587736111111,0.20395622895622895,0.984607475484401
mlp213_N2000_K400_H200_nominal_t0p05,training_seed_mean,4,30,2.5775,2.7192811343943473,0.27258333333333334,2.3049166666666667,10.028375,5.853475,0.025233875,0.5987818333333333,187.8155525,0.128875,0.0126169375,0.2993909166666667,-0.7825648020833333,-0.3416819479166667,-136.67277916666666,0.21388888888888888,0.9827525551648486
mlp213_N2000_K400_H200_nominal_t0p05,training_seed_mean,5,30,2.4514583333333335,2.6080234159959432,0.257,2.1944583333333334,9.858,5.7606,0.024835916666666666,0.6002152083333333,188.31224541666666,0.12257291666666667,0.012417958333333333,0.30010760416666665,-0.7846343559027777,-0.3495358767361111,-139.81435069444444,0.20774410774410773,0.9847295581333004
mlp213_N2000_K500_H200_nominal_t0p05,training_seed_mean,1,30,4.3998333333333335,4.786825599459583,0.48436666666666667,3.9154666666666667,10.126066666666667,5.78502,0.024920166666666667,0.6872717,181.309414,0.21999166666666667,0.012460083333333333,0.34363585,-0.7554558916666667,-0.17936829166666665,-89.68414583333333,0.21363636363636362,0.9913048771958993
mlp213_N2000_K500_H200_nominal_t0p05,training_seed_mean,2,30,4.359566666666667,4.752749416067606,0.47923333333333334,3.880333333333333,10.0905,5.76676,0.024840533333333335,0.6877561,181.435407,0.21797833333333333,0.012420266666666667,0.34387805,-0.7559808625,-0.1817042125,-90.85210624999999,0.2120875420875421,0.9913102542881809
mlp213_N2000_K500_H200_nominal_t0p05,training_seed_mean,3,30,3.8417,4.248529701949575,0.4087,3.433,9.6242,5.5293,0.023821433333333333,0.6939381,183.11628533333334,0.192085,0.011910716666666666,0.34696905,-0.7629845222222222,-0.21201975555555555,-106.00987777777777,0.1937037037037037,0.9926430896645541
mlp213_N2000_K500_H200_nominal_t0p05,training_seed_mean,4,30,4.1056333333333335,4.511350678161228,0.4444,3.6612333333333336,9.8569,5.6475,0.024325566666666666,0.6907586333333333,182.26037133333332,0.20528166666666667,0.012162783333333333,0.34537931666666666,-0.7594182138888889,-0.19659444722222222,-98.29722361111111,0.202996632996633,0.9918980487670616
mlp213_N2000_K500_H200_nominal_t0p05,training_seed_mean,5,30,3.9226666666666667,4.32583316936598,0.41933333333333334,3.5033333333333334,9.699133333333334,5.56788,0.023986466666666664,0.6929306666666667,182.85219666666666,0.19613333333333333,0.011993233333333332,0.34646533333333335,-0.7618841527777778,-0.2072922527777778,-103.6461263888889,0.19720538720538722,0.992229101574543
kan_generic_N500_K100_H50_nominal_t0p05,training_seed_mean,1,30,1.1013333333333333,1.0006313498087103,0.10733333333333334,0.994,10.766666666666666,6.3956,0.027275333333333332,0.37916933333333336,196.07768666666666,0.05506666666666667,0.013637666666666666,0.18958466666666668,-0.8169903611111111,-0.5587013611111111,-55.87013611111111,0.29305555555555557,0.73615923643697
kan_generic_N500_K100_H50_nominal_t0p05,training_seed_mean,2,30,0.8446666666666667,0.7092475425672355,0.06933333333333333,0.7753333333333333,9.812666666666667,5.846,0.024922,0.3806193333333333,197.98111333333333,0.04223333333333333,0.012461,0.19030966666666665,-0.8249213055555555,-0.5799173055555555,-57.991730555555556,0.25625,0.731893389658745
kan_generic_N500_K100_H50_nominal_t0p05,training_seed_mean,3,30,1.0126666666666666,0.9076266066057606,0.09466666666666666,0.918,10.463333333333333,6.2212,0.026529999999999998,0.380246,196.67809333333332,0.050633333333333336,0.013264999999999999,0.190123,-0.8194920555555556,-0.5654707222222222,-56.54707222222222,0.2826388888888889,0.747628146580556
kan_generic_N500_K100_H50_nominal_t0p05,training_seed_mean,4,30,0.952,0.8311552201271502,0.08466666666666667,0.8673333333333333,10.234666666666667,6.09,0.025962,0.38044,197.13726666666668,0.0476,0.012981,0.19022,-0.8214052777777778,-0.5706042777777778,-57.060427777777775,0.27152777777777776,0.7312126354731547
kan_generic_N500_K100_H50_nominal_t0p05,training_seed_mean,5,30,1.1586666666666667,1.0561752508434123,0.11533333333333333,1.0433333333333332,10.954,6.5032,0.027743999999999998,0.378928,195.70060666666666,0.05793333333333334,0.013871999999999999,0.189464,-0.8154191944444444,-0.5541498611111111,-55.41498611111111,0.3020833333333333,0.7336337842201291
kan_generic_N500_K100_H200_nominal_t0p05,training_seed_mean,1,30,1.0958333333333332,1.1262717383589351,0.12333333333333334,0.9725,10.948666666666666,6.4952,0.027816666666666667,0.38246816666666666,195.97262333333333,0.05479166666666667,0.013908333333333333,0.19123408333333333,-0.8165525972222222,-0.5566185138888889,-55.66185138888889,0.2702020202020202,0.8474840170265798
kan_generic_N500_K100_H200_nominal_t0p05,training_seed_mean,2,30,0.8435,0.8596695604143079,0.08583333333333333,0.7576666666666667,9.980166666666667,5.9366,0.025413333333333333,0.3842705,197.85551,0.042175,0.012706666666666666,0.19213525,-0.8243979583333333,-0.5773810416666667,-57.738104166666666,0.22777777777777777,0.8460341687657684
kan_generic_N500_K100_H200_nominal_t0p05,training_seed_mean,3,30,1.0151666666666666,1.0424016087840642,0.11083333333333334,0.9043333333333333,10.634,6.3139,0.027034166666666665,0.3831931666666667,196.565845,0.050758333333333336,0.013517083333333332,0.19159658333333335,-0.8190243541666666,-0.5631523541666666,-56.31523541666667,0.2569023569023569,0.8516041962850833
kan_generic_N500_K100_H200_nominal_t0p05,training_seed_mean,4,30,0.9491666666666667,0.9807218102983759,0.10200000000000001,0.8471666666666666,10.399666666666667,6.1786,0.026452999999999997,0.3833648333333333,197.03460833333332,0.04745833333333333,0.013226499999999999,0.19168241666666666,-0.8209775347222222,-0.5686102847222222,-56.86102847222222,0.24646464646464647,0.8389833753308045
kan_generic_N500_K100_H200_nominal_t0p05,training_seed_mean,5,30,1.1541666666666666,1.1913189984147379,0.13266666666666665,1.0215,11.137333333333334,6.6028,0.028279666666666665,0.38221516666666666,195.59496666666666,0.057708333333333334,0.014139833333333332,0.19110758333333333,-0.8149790277777778,-0.5520232777777778,-55.202327777777775,0.2804713804713805,0.8574950423358678
kan_generic_N500_K100_H800_nominal_t0p05,training_seed_mean,1,30,1.1718333333333333,1.1874598353175077,0.130875,1.0409583333333334,11.019833333333333,6.533375,0.027995875,0.3821563333333333,195.90429791666668,0.05859166666666667,0.0139979375,0.19107816666666666,-0.8162679079861112,-0.5526001371527778,-55.26001371527778,0.2673350041771094,0.8960067823085727
kan_generic_N500_K100_H800_nominal_t0p05,training_seed_mean,2,30,0.9016666666666666,0.9055334303860174,0.09116666666666666,0.8105,10.065875,5.984825,0.025635625,0.3843123333333333,197.81327958333333,0.045083333333333336,0.0128178125,0.19215616666666666,-0.8242219982638889,-0.5741646857638889,-57.41646857638889,0.22560568086883875,0.9050766729274371
kan_generic_N500_K100_H800_nominal_t0p05,training_seed_mean,3,30,1.0809166666666667,1.0918731434045652,0.11695833333333333,0.9639583333333334,10.709625,6.3556,0.027230833333333333,0.38289758333333335,196.51480875,0.054045833333333335,0.013615416666666666,0.19144879166666667,-0.818811703125,-0.5597016614583333,-55.97016614583333,0.25396825396825395,0.9049033006911774
kan_generic_N500_K100_H800_nominal_t0p05,training_seed_mean,4,30,1.0145416666666667,1.0205077993996392,0.10695833333333334,0.9075833333333333,10.477625,6.2224,0.026656166666666665,0.38342570833333334,196.97519041666666,0.05072708333333333,0.013328083333333332,0.19171285416666667,-0.8207299600694444,-0.5649619392361112,-56.496193923611116,0.24436090225563908,0.9105736763833996
kan_generic_N500_K100_H800_nominal_t0p05,training_seed_mean,5,30,1.232625,1.2609754161819613,0.14133333333333334,1.0912916666666668,11.206583333333333,6.63915,0.028449916666666665,0.381698125,195.52327083333333,0.06163125,0.014224958333333333,0.1908490625,-0.8146802951388888,-0.5479750243055556,-54.797502430555554,0.27656641604010024,0.8980492199218499
kan_generic_N1000_K100_H50_nominal_t0p05,training_seed_mean,1,30,1.0026666666666666,1.0337658470637596,0.11066666666666666,0.892,10.763333333333334,6.3916,0.027496666666666666,0.294048,199.96067333333332,0.050133333333333335,0.013748333333333333,0.147024,-0.8331694722222223,-0.6222638055555555,-62.22638055555555,0.2659722222222222,0.6342011733118048
kan_generic_N1000_K100_H50_nominal_t0p05,training_seed_mean,2,30,0.9433333333333334,0.9706204306631732,0.10133333333333333,0.842,10.49,6.2332,0.026822,0.294422,200.46316,0.04716666666666667,0.013411,0.147211,-0.8352631666666667,-0.6274745,-62.74745,0.25277777777777777,0.629471089398066
kan_generic_N1000_K100_H50_nominal_t0p05,training_seed_mean,3,30,0.8626666666666667,0.8709082774976338,0.08733333333333333,0.7753333333333333,10.100666666666667,6.008,0.025846666666666667,0.294536,201.19220666666666,0.043133333333333336,0.012923333333333334,0.147268,-0.8383008611111111,-0.6349761944444444,-63.49761944444444,0.24027777777777778,0.6294739381153807
kan_generic_N1000_K100_H50_nominal_t0p05,training_seed_mean,4,30,0.7953333333333333,0.825770263824444,0.08,0.7153333333333334,9.74,5.796,0.024949333333333334,0.295182,201.84855333333334,0.039766666666666665,0.012474666666666667,0.147591,-0.8410356388888889,-0.6412033055555556,-64.12033055555555,0.22013888888888888,0.6310489600282153
kan_generic_N1000_K100_H50_nominal_t0p05,training_seed_mean,5,30,1.2453333333333334,1.2142707773125279,0.14200000000000002,1.1033333333333333,11.718666666666667,6.946,0.02988333333333333,0.291124,198.23310666666666,0.062266666666666665,0.014941666666666666,0.145562,-0.8259712777777778,-0.6032009444444445,-60.32009444444444,0.3145833333333333,0.620134890242076
kan_generic_N1000_K100_H200_nominal_t0p05,training_seed_mean,1,30,0.9873333333333333,1.0044173469190016,0.10983333333333334,0.8775000000000001,10.939,6.4975,0.02795483333333333,0.2923383333333333,199.97435333333334,0.04936666666666667,0.013977416666666666,0.14616916666666666,-0.8332264722222222,-0.6237132222222223,-62.371322222222226,0.265993265993266,0.6999221649552738
kan_generic_N1000_K100_H200_nominal_t0p05,training_seed_mean,2,30,0.9218333333333333,0.93683787645298,0.1,0.8218333333333333,10.677999999999999,6.3468,0.027312,0.2927051666666667,200.48755333333332,0.04609166666666667,0.013656,0.14635258333333334,-0.8353648055555556,-0.6292645555555555,-62.926455555555556,0.25404040404040407,0.6948257166986219
kan_generic_N1000_K100_H200_nominal_t0p05,training_seed_mean,3,30,0.8278333333333333,0.8174378126364804,0.08416666666666667,0.7436666666666667,10.299666666666667,6.1293,0.026383833333333332,0.2931648333333333,201.23149,0.04139166666666667,0.013191916666666666,0.14658241666666666,-0.8384645416666667,-0.6372985416666667,-63.72985416666667,0.23585858585858585,0.7054676668665266
kan_generic_N1000_K100_H200_nominal_t0p05,training_seed_mean,4,30,0.757,0.7510743170247244,0.07466666666666667,0.6823333333333333,9.953166666666666,5.9271,0.025516499999999998,0.29342233333333334,201.91465,0.03785,0.012758249999999999,0.14671116666666667,-0.8413110416666667,-0.6439916250000001,-64.3991625,0.21936026936026937,0.7108357561209435
kan_generic_N1000_K100_H200_nominal_t0p05,training_seed_mean,5,30,1.255,1.2461428789935627,0.14833333333333334,1.1066666666666667,11.907,7.0552,0.030347,0.29111766666666666,198.14106333333334,0.06275,0.0151735,0.14555883333333333,-0.8255877638888889,-0.6021054305555555,-60.210543055555554,0.311952861952862,0.6968904156596437
kan_generic_N1000_K100_H800_nominal_t0p05,training_seed_mean,1,30,1.0437916666666667,1.0282978218182783,0.11329166666666667,0.9305,11.017541666666666,6.54255,0.02814208333333333,0.2920542916666667,199.88061125000002,0.05218958333333333,0.014071041666666666,0.14602714583333334,-0.8328358802083333,-0.620548109375,-62.0548109375,0.26056808688387634,0.7642003478952547
kan_generic_N1000_K100_H800_nominal_t0p05,training_seed_mean,2,30,0.9692083333333333,0.9587317091932109,0.10308333333333333,0.866125,10.752083333333333,6.3894,0.027487583333333333,0.292490625,200.40924458333333,0.048460416666666666,0.013743791666666666,0.1462453125,-0.8350385190972223,-0.6265889982638889,-62.65889982638889,0.24912280701754386,0.7690322036162629
kan_generic_N1000_K100_H800_nominal_t0p05,training_seed_mean,3,30,0.8715416666666667,0.8551252841992437,0.08866666666666667,0.782875,10.369083333333332,6.16825,0.026545416666666665,0.292991875,201.16030583333333,0.043577083333333336,0.013272708333333333,0.1464959375,-0.8381679409722222,-0.6348222118055555,-63.482221180555555,0.23003341687552212,0.7727917490351903
kan_generic_N1000_K100_H800_nominal_t0p05,training_seed_mean,4,30,0.7889166666666667,0.7739923687805761,0.0775,0.7114166666666667,10.013916666666667,5.96185,0.02565708333333333,0.2934685833333333,201.8631275,0.03944583333333333,0.012828541666666665,0.14673429166666666,-0.8410963645833334,-0.6420876979166666,-64.20876979166667,0.21399331662489557,0.782242998128154
kan_generic_N1000_K100_H800_nominal_t0p05,training_seed_mean,5,30,1.3384166666666666,1.3208216822461576,0.15820833333333334,1.1802083333333333,11.980333333333334,7.093275,0.030510125,0.2908985,197.99317708333334,0.06692083333333333,0.0152550625,0.14544925,-0.8249715711805555,-0.5973464253472223,-59.73464253472222,0.30584795321637426,0.781754437903795
kan_generic_N2000_K100_H50_nominal_t0p05,training_seed_mean,1,30,1.0493333333333332,0.9811112204068694,0.108,0.9413333333333334,11.002,6.5364,0.028194,0.228496,200.26631333333333,0.05246666666666667,0.014097,0.114248,-0.8344429722222222,-0.6536313055555556,-65.36313055555556,0.25625,0.5188452143021267
kan_generic_N2000_K100_H50_nominal_t0p05,training_seed_mean,2,30,0.8753333333333333,0.8320476169352508,0.08600000000000001,0.7893333333333333,10.319333333333333,6.14,0.026463999999999998,0.22887133333333334,201.53690666666668,0.04376666666666667,0.013231999999999999,0.11443566666666667,-0.8397371111111112,-0.6683027777777778,-66.83027777777778,0.22777777777777777,0.5123769448994931
kan_generic_N2000_K100_H50_nominal_t0p05,training_seed_mean,3,30,0.9846666666666667,0.9363213818138462,0.10066666666666667,0.884,10.752666666666666,6.3911999999999995,0.027550666666666664,0.22869533333333333,200.72194666666667,0.04923333333333334,0.013775333333333332,0.11434766666666667,-0.8363414444444445,-0.6589851111111111,-65.8985111111111,0.24652777777777776,0.5090968154731256
kan_generic_N2000_K100_H50_nominal_t0p05,training_seed_mean,4,30,0.91,0.8724754168371154,0.09133333333333334,0.8186666666666667,10.457333333333333,6.2196,0.026795333333333334,0.22864466666666666,201.27878,0.0455,0.013397666666666667,0.11432233333333333,-0.8386615833333333,-0.6654415833333334,-66.54415833333333,0.23541666666666666,0.509767626831073
kan_generic_N2000_K100_H50_nominal_t0p05,training_seed_mean,5,30,0.8333333333333334,0.8270270995034263,0.084,0.7493333333333333,10.133333333333333,6.0296,0.025992,0.22914,201.87867333333332,0.041666666666666664,0.012996,0.11457,-0.8411611388888889,-0.6719284722222222,-67.19284722222223,0.21875,0.5059522841940167
kan_generic_N2000_K100_H200_nominal_t0p05,training_seed_mean,1,30,1.0555,1.0545104123498537,0.11833333333333333,0.9371666666666667,11.235166666666666,6.6701,0.028761166666666668,0.22814916666666668,200.23219833333334,0.052775,0.014380583333333334,0.11407458333333334,-0.8343008263888889,-0.6530706597222222,-65.30706597222222,0.26195286195286194,0.5937357927249729
kan_generic_N2000_K100_H200_nominal_t0p05,training_seed_mean,2,30,0.8883333333333333,0.9000447036486872,0.09516666666666666,0.7931666666666667,10.581833333333334,6.292,0.027133333333333332,0.228903,201.48915666666667,0.04441666666666667,0.013566666666666666,0.1144515,-0.8395381527777778,-0.6671033194444445,-66.71033194444445,0.23232323232323232,0.5944362230964185
kan_generic_N2000_K100_H200_nominal_t0p05,training_seed_mean,3,30,0.9913333333333334,0.9993474351519366,0.10983333333333334,0.8815,11.002666666666666,6.5357,0.028177166666666666,0.228638,200.67932333333334,0.04956666666666667,0.014088583333333333,0.114319,-0.8361638472222223,-0.6581895972222223,-65.81895972222222,0.2531986531986532,0.5914045067687355
kan_generic_N2000_K100_H200_nominal_t0p05,training_seed_mean,4,30,0.919,0.9399090653385851,0.10066666666666667,0.8183333333333334,10.718166666666667,6.3705,0.0274635,0.228716,201.22950166666666,0.04595,0.01373175,0.114358,-0.8384562569444445,-0.6644165069444444,-66.44165069444445,0.23956228956228956,0.5958262305188631
kan_generic_N2000_K100_H200_nominal_t0p05,training_seed_mean,5,30,0.8455,0.8517912566165275,0.08866666666666667,0.7568333333333334,10.410666666666666,6.1932,0.026706999999999998,0.22907483333333334,201.82917833333335,0.042275,0.013353499999999999,0.11453741666666667,-0.8409549097222222,-0.6707889930555556,-67.07889930555555,0.22424242424242424,0.6009024520254217
kan_generic_N2000_K100_H800_nominal_t0p05,training_seed_mean,1,30,1.1567916666666667,1.1697459122147098,0.13191666666666665,1.024875,11.28375,6.6911,0.028825333333333335,0.22801329166666667,200.08473625,0.05783958333333333,0.014412666666666667,0.11400664583333334,-0.8336864010416667,-0.6474275052083334,-64.74275052083333,0.2654553049289891,0.6755965211187969
kan_generic_N2000_K100_H800_nominal_t0p05,training_seed_mean,2,30,0.9670833333333333,0.9907668240637109,0.10529166666666667,0.8617916666666666,10.632916666666667,6.316575,0.027205791666666666,0.22874541666666667,201.38879666666668,0.04835416666666666,0.013602895833333333,0.11437270833333334,-0.839119986111111,-0.6627902152777778,-66.27902152777777,0.23575605680868839,0.6721925770873727
kan_generic_N2000_K100_H800_nominal_t0p05,training_seed_mean,3,30,1.0865416666666667,1.105569453194306,0.12216666666666667,0.964375,11.055583333333333,6.56005,0.02825875,0.22818845833333334,200.55100541666667,0.05432708333333333,0.014129375,0.11409422916666667,-0.8356291892361111,-0.6530785017361111,-65.30785017361111,0.2546365914786967,0.6667983078312936
kan_generic_N2000_K100_H800_nominal_t0p05,training_seed_mean,4,30,1.0055416666666666,1.0251219646747585,0.110375,0.8951666666666667,10.77225,6.397125,0.027553374999999998,0.228501875,201.11315958333333,0.05027708333333333,0.013776687499999999,0.1142509375,-0.837971498263889,-0.6596667899305556,-65.96667899305555,0.2415204678362573,0.6678825186568358
kan_generic_N2000_K100_H800_nominal_t0p05,training_seed_mean,5,30,0.92025,0.9409266152403853,0.098375,0.821875,10.460125,6.21705,0.026774666666666665,0.22896258333333333,201.73645625,0.0460125,0.013387333333333333,0.11448129166666667,-0.8405685677083333,-0.6666874427083334,-66.66874427083333,0.22769423558897242,0.6725101850215885
kan_generic_N2000_K200_H200_nominal_t0p05,training_seed_mean,1,30,1.5323333333333333,1.5637705468670082,0.17491666666666666,1.3574166666666667,11.193166666666666,6.61095,0.02850308333333333,0.35523,195.47645,0.07661666666666667,0.014251541666666666,0.177615,-0.8144852083333334,-0.546002,-109.2004,0.2590909090909091,0.848573894987208
kan_generic_N2000_K200_H200_nominal_t0p05,training_seed_mean,2,30,1.2764166666666668,1.2884234319303745,0.13583333333333333,1.1405833333333333,10.546083333333334,6.24615,0.026931749999999997,0.35714741666666666,196.88151,0.06382083333333333,0.013465874999999999,0.17857370833333333,-0.820339625,-0.5644792083333333,-112.89584166666667,0.2297138047138047,0.8553256106272611
kan_generic_N2000_K200_H200_nominal_t0p05,training_seed_mean,3,30,1.4396666666666667,1.4596929436326682,0.16,1.2796666666666667,10.96575,6.48345,0.02795108333333333,0.35620816666666666,195.96269833333332,0.07198333333333333,0.013975541666666666,0.17810408333333333,-0.8165112430555556,-0.5524482847222222,-110.48965694444445,0.24974747474747475,0.8483231563441639
kan_generic_N2000_K200_H200_nominal_t0p05,training_seed_mean,4,30,1.32825,1.340520269365821,0.14316666666666666,1.1850833333333333,10.684083333333334,6.32455,0.027266416666666664,0.35684925,196.57897916666667,0.0664125,0.013633208333333332,0.178424625,-0.8190790798611112,-0.5606087465277778,-112.12174930555555,0.23712121212121212,0.8533152991089916
kan_generic_N2000_K200_H200_nominal_t0p05,training_seed_mean,5,30,1.2155833333333332,1.2330919895241688,0.12791666666666668,1.0876666666666668,10.375166666666667,6.14835,0.02651075,0.35752158333333334,197.25498666666667,0.06077916666666667,0.013255375,0.17876079166666667,-0.8218957777777778,-0.5691004444444444,-113.82008888888889,0.22247474747474746,0.8575531093339788
kan_generic_N2000_K300_H200_nominal_t0p05,training_seed_mean,1,30,2.2080555555555557,2.2706879516697343,0.25227777777777777,1.9557777777777778,11.11661111111111,6.5186,0.028093,0.4773906111111111,190.95844722222222,0.11040277777777778,0.0140465,0.23869530555555554,-0.7956601967592593,-0.4325156134259259,-129.75468402777778,0.25404040404040407,0.9454116732416056
kan_generic_N2000_K300_H200_nominal_t0p05,training_seed_mean,2,30,1.859611111111111,1.8926735660414038,0.19844444444444445,1.6611666666666667,10.489722222222222,6.174766666666667,0.026616722222222222,0.4800773888888889,192.52889222222223,0.09298055555555555,0.013308361111111111,0.24003869444444445,-0.8022037175925926,-0.45587610648148147,-136.76283194444446,0.22682379349046017,0.954450223915133
kan_generic_N2000_K300_H200_nominal_t0p05,training_seed_mean,3,30,2.083,2.132122057738366,0.23216666666666666,1.8508333333333333,10.89461111111111,6.397466666666666,0.027572,0.47851255555555555,191.50955611111112,0.10415,0.013786,0.23925627777777778,-0.7979564837962962,-0.4407642060185185,-132.22926180555555,0.24539842873176207,0.9493704744602869
kan_generic_N2000_K300_H200_nominal_t0p05,training_seed_mean,4,30,1.9327222222222222,1.9714064253443901,0.20933333333333334,1.7233888888888889,10.62288888888889,6.2481333333333335,0.026932666666666664,0.47957161111111113,192.190195,0.09663611111111112,0.013466333333333332,0.23978580555555556,-0.8007924791666666,-0.45090422916666667,-135.27126875,0.2330527497194164,0.9514253156732285
kan_generic_N2000_K300_H200_nominal_t0p05,training_seed_mean,5,30,1.7710555555555556,1.8094580646001646,0.18672222222222223,1.5843333333333334,10.323166666666667,6.0818666666666665,0.026215222222222223,0.4808142777777778,192.95209111111112,0.08855277777777777,0.013107611111111112,0.2404071388888889,-0.8039670462962963,-0.4618995185185185,-138.56985555555556,0.2196408529741863,0.9574080364176503
kan_generic_N2000_K400_H200_nominal_t0p05,training_seed_mean,1,30,3.3109583333333332,3.479748400453214,0.38216666666666665,2.9287916666666667,10.992375000000001,6.366125,0.027442374999999998,0.5855929583333334,186.11250458333333,0.16554791666666666,0.013721187499999999,0.2927964791666667,-0.7754687690972222,-0.3034031857638889,-121.36127430555555,0.24431818181818182,0.9771964765953051
kan_generic_N2000_K400_H200_nominal_t0p05,training_seed_mean,2,30,2.8015416666666666,2.929478734455667,0.3041666666666667,2.497375,10.390833333333333,6.052,0.026094916666666666,0.590938875,187.94607083333332,0.14007708333333332,0.013047458333333333,0.2954694375,-0.7831086284722222,-0.3345146493055555,-133.8058597222222,0.21851851851851853,0.9809452155958519
kan_generic_N2000_K400_H200_nominal_t0p05,training_seed_mean,3,30,3.119291666666667,3.274713049542033,0.3526666666666667,2.766625,10.777875,6.255125,0.026962541666666666,0.5875007916666667,186.78115833333334,0.15596458333333332,0.013481270833333333,0.29375039583333334,-0.7782548263888889,-0.3150585763888889,-126.02343055555555,0.23564814814814816,0.9788944419046806
kan_generic_N2000_K400_H200_nominal_t0p05,training_seed_mean,4,30,2.900875,3.0414143146768113,0.3197083333333333,2.581166666666667,10.519333333333334,6.119775,0.026384958333333333,0.5898860416666667,187.5675375,0.14504375,0.013192479166666667,0.29494302083333335,-0.78153140625,-0.32835215624999997,-131.3408625,0.22432659932659932,0.9803395196433916
kan_generic_N2000_K400_H200_nominal_t0p05,training_seed_mean,5,30,2.677583333333333,2.801438468629159,0.286375,2.391208333333333,10.229291666666667,5.96575,0.025720749999999997,0.5921021666666667,188.42654875,0.13387916666666666,0.012860374999999999,0.29605108333333335,-0.7851106197916666,-0.3423199947916667,-136.92799791666667,0.2119107744107744,0.9822189308198069
kan_generic_N2000_K500_H200_nominal_t0p05,training_seed_mean,1,30,5.081366666666667,5.447506509384847,0.5866,4.494766666666667,10.780833333333334,6.11654,0.0263435,0.6723883666666667,180.20029166666666,0.25406833333333334,0.01317175,0.33619418333333334,-0.7508345486111111,-0.14740028194444446,-73.70014097222223,0.2318855218855219,0.9876603105244028
kan_generic_N2000_K500_H200_nominal_t0p05,training_seed_mean,2,30,4.367666666666667,4.738764174153267,0.4836,3.8840666666666666,10.212866666666667,5.83756,0.0251502,0.6811115333333333,182.35144533333334,0.21838333333333335,0.0125751,0.34055576666666665,-0.7597976888888889,-0.18828348888888888,-94.14174444444444,0.20767676767676768,0.9913795947656322
kan_generic_N2000_K500_H200_nominal_t0p05,training_seed_mean,3,30,4.8144,5.1766084259307705,0.5471666666666667,4.267233333333333,10.5798,6.01958,0.0259285,0.675553,180.984114,0.24072,0.01296425,0.3377765,-0.754100475,-0.16263972499999999,-81.3198625,0.22393939393939394,0.9898674440530173
kan_generic_N2000_K500_H200_nominal_t0p05,training_seed_mean,4,30,4.5084333333333335,4.908294608755139,0.5069,4.001533333333334,10.3356,5.89722,0.025405633333333334,0.6792929,181.91165833333332,0.22542166666666666,0.012702816666666667,0.33964645,-0.7579652430555556,-0.1801943097222222,-90.09715486111111,0.2130976430976431,0.9904485384851169
kan_generic_N2000_K500_H200_nominal_t0p05,training_seed_mean,5,30,4.198133333333334,4.580245862849397,0.4603,3.7378333333333336,10.0567,5.75784,0.024806333333333333,0.6831147333333333,182.90182166666668,0.20990666666666666,0.012403166666666667,0.34155736666666664,-0.7620909236111111,-0.19822372361111112,-99.11186180555556,0.20185185185185187,0.9909619344003215
greedy_analytic_N2000_K100_H50_nominal_t0p05,episode,T001,1,1.12,0.8097165991902834,0.04,1.08,4.94,2.94,0.012779999999999998,0.20728,202.6026,0.056,0.006389999999999999,0.10364,-0.8441775,-0.6781475,-67.81475,0.020833333333333332,0.4839940411678466
greedy_analytic_N2000_K100_H50_nominal_t0p05,episode,T002,1,1.14,0.9389671361502347,0.04,1.1,4.26,2.532,0.01098,0.2267,203.042,0.057,0.00549,0.11335,-0.8460083333333334,-0.6701683333333334,-67.01683333333334,0.020833333333333332,0.5494155098915648
greedy_analytic_N2000_K100_H50_nominal_t0p05,episode,T003,1,0.74,0.0,0.0,0.74,4.34,2.604,0.01114,0.22214,206.613,0.037,0.00557,0.11107,-0.8608875,-0.7072475,-70.72475,0.125,0.533021421852515
greedy_analytic_N2000_K100_H50_nominal_t0p05,episode,T004,1,0.88,1.6877637130801688,0.08,0.8,4.74,2.796,0.0117,0.21648,201.6118,0.044,0.00585,0.10824,-0.8400491666666666,-0.6819591666666667,-68.19591666666666,0.041666666666666664,0.49054103340763855
greedy_analytic_N2000_K100_H50_nominal_t0p05,episode,T005,1,0.82,0.0,0.0,0.82,4.46,2.676,0.01126,0.2245,199.0932,0.041,0.00563,0.11225,-0.8295549999999999,-0.6706749999999999,-67.0675,0.0,0.574964682501048
greedy_analytic_N2000_K100_H50_nominal_t0p05,episode,T006,1,0.74,1.2195121951219512,0.06,0.68,4.92,2.916,0.012459999999999999,0.21778,202.6048,0.037,0.006229999999999999,0.10889,-0.8441866666666668,-0.6920666666666667,-69.20666666666668,0.020833333333333332,0.5522804611879369
greedy_analytic_N2000_K100_H50_nominal_t0p05,episode,T007,1,1.02,0.9259259259259259,0.04,0.98,4.32,2.568,0.0106,0.22114,200.7686,0.051,0.0053,0.11057,-0.8365358333333333,-0.6696658333333333,-66.96658333333333,0.08333333333333333,0.5055746316588444
greedy_analytic_N2000_K100_H50_nominal_t0p05,episode,T008,1,0.72,0.5050505050505051,0.02,0.7,3.96,2.364,0.01006,0.22852,204.2178,0.036,0.00503,0.11426,-0.8509075,-0.6956175,-69.56175,0.020833333333333332,0.5569972964065482
greedy_analytic_N2000_K100_H50_nominal_t0p05,episode,T009,1,0.94,1.6216216216216217,0.06,0.88,3.7,2.184,0.00936,0.21462,198.7226,0.047,0.00468,0.10731,-0.8280108333333334,-0.6690208333333334,-66.90208333333334,0.020833333333333332,0.5052687702465514
greedy_analytic_N2000_K100_H50_nominal_t0p05,episode,T010,1,1.02,1.941747572815534,0.08,0.94,4.12,2.424,0.010799999999999999,0.24206,194.7772,0.051,0.005399999999999999,0.12103,-0.8115716666666667,-0.6341416666666667,-63.414166666666674,0.020833333333333332,0.5536983019569601
greedy_analytic_N2000_K100_H50_nominal_t0p05,episode,T011,1,1.02,1.0309278350515463,0.04,0.98,3.88,2.304,0.010159999999999999,0.2069,202.936,0.051,0.0050799999999999994,0.10345,-0.8455666666666667,-0.6860366666666666,-68.60366666666667,0.020833333333333332,0.48954447108977917
greedy_analytic_N2000_K100_H50_nominal_t0p05,episode,T012,1,0.96,1.0,0.04,0.92,4.0,2.376,0.00996,0.22372,202.8644,0.048,0.00498,0.11186,-0.8452683333333333,-0.6804283333333333,-68.04283333333333,0.0,0.490868394917496
greedy_analytic_N2000_K100_H50_nominal_t0p05,episode,T013,1,0.9,1.3888888888888888,0.06,0.84,4.32,2.556,0.01114,0.21698,202.971,0.045,0.00557,0.10849,-0.8457125,-0.6866525,-68.66525,0.0625,0.47484793647529355
greedy_analytic_N2000_K100_H50_nominal_t0p05,episode,T014,1,0.72,0.9950248756218906,0.04,0.68,4.02,2.388,0.01026,0.22172,204.9538,0.036,0.00513,0.11086,-0.8539741666666667,-0.7019841666666666,-70.19841666666666,0.0,0.5946551240537967
greedy_analytic_N2000_K100_H50_nominal_t0p05,episode,T015,1,1.0,1.9704433497536946,0.08,0.92,4.06,2.388,0.0103,0.22544,201.4924,0.05,0.00515,0.11272,-0.8395516666666667,-0.6716816666666667,-67.16816666666668,0.041666666666666664,0.47093035031739694
greedy_analytic_N2000_K100_H50_nominal_t0p05,episode,T016,1,0.82,0.0,0.0,0.82,4.02,2.412,0.0099,0.20598,203.044,0.041,0.00495,0.10299,-0.8460166666666668,-0.6970766666666668,-69.70766666666668,0.0,0.45474153807835827
greedy_analytic_N2000_K100_H50_nominal_t0p05,episode,T017,1,0.68,0.0,0.0,0.68,4.38,2.628,0.01106,0.2354,208.6954,0.034,0.00553,0.1177,-0.8695641666666667,-0.7123341666666667,-71.23341666666667,0.020833333333333332,0.6125504120635521
greedy_analytic_N2000_K100_H50_nominal_t0p05,episode,T018,1,0.76,1.015228426395939,0.04,0.72,3.94,2.34,0.00994,0.21924,199.32,0.038,0.00497,0.10962,-0.8305,-0.67791,-67.791,0.020833333333333332,0.4852225637226907
greedy_analytic_N2000_K100_H50_nominal_t0p05,episode,T019,1,0.62,1.3100436681222707,0.06,0.56,4.58,2.712,0.01152,0.2129,209.2312,0.031,0.00576,0.10645,-0.8717966666666667,-0.7285866666666667,-72.85866666666666,0.020833333333333332,0.48690426375754503
greedy_analytic_N2000_K100_H50_nominal_t0p05,episode,T020,1,1.08,1.5,0.06,1.02,4.0,2.364,0.01006,0.21556,197.6094,0.054,0.00503,0.10778,-0.8233725,-0.6565624999999999,-65.65625,0.0,0.4821147683913928
greedy_analytic_N2000_K100_H50_nominal_t0p05,episode,T021,1,0.6,0.47619047619047616,0.02,0.58,4.2,2.508,0.010660000000000001,0.22508,203.8326,0.03,0.0053300000000000005,0.11254,-0.8493025000000001,-0.7014325000000001,-70.14325000000001,0.0,0.5154615421085762
greedy_analytic_N2000_K100_H50_nominal_t0p05,episode,T022,1,0.72,0.8771929824561403,0.04,0.68,4.56,2.712,0.01192,0.20664,208.382,0.036,0.00596,0.10332,-0.8682583333333334,-0.7229783333333334,-72.29783333333334,0.0,0.4552988156955068
greedy_analytic_N2000_K100_H50_nominal_t0p05,episode,T023,1,1.24,1.2448132780082988,0.06,1.18,4.82,2.856,0.012,0.21008,193.3672,0.062,0.006,0.10504,-0.8056966666666666,-0.6326566666666666,-63.26566666666666,0.041666666666666664,0.473287574968836
greedy_analytic_N2000_K100_H50_nominal_t0p05,episode,T024,1,0.74,0.4694835680751174,0.02,0.72,4.26,2.544,0.011040000000000001,0.22422,205.9596,0.037,0.005520000000000001,0.11211,-0.858165,-0.703535,-70.3535,0.0,0.46672957278688976
greedy_analytic_N2000_K100_H50_nominal_t0p05,episode,T025,1,1.32,0.9569377990430622,0.04,1.28,4.18,2.484,0.010740000000000001,0.2024,198.1618,0.066,0.005370000000000001,0.1012,-0.8256741666666667,-0.6531041666666667,-65.31041666666667,0.041666666666666664,0.3898517552126898
greedy_analytic_N2000_K100_H50_nominal_t0p05,episode,T026,1,1.1,0.0,0.0,1.1,4.46,2.676,0.011619999999999998,0.2229,195.4282,0.055,0.005809999999999999,0.11145,-0.8142841666666667,-0.6420241666666667,-64.20241666666668,0.0625,0.5597970004203908
greedy_analytic_N2000_K100_H50_nominal_t0p05,episode,T027,1,1.04,1.3574660633484164,0.06,0.98,4.42,2.616,0.01124,0.20824,204.114,0.052,0.00562,0.10412,-0.850475,-0.688735,-68.87349999999999,0.020833333333333332,0.49004099931420475
greedy_analytic_N2000_K100_H50_nominal_t0p05,episode,T028,1,1.02,0.9259259259259259,0.04,0.98,4.32,2.568,0.01112,0.2163,200.1078,0.051,0.00556,0.10815,-0.8337825,-0.6690725,-66.90724999999999,0.0,0.47945573047924417
greedy_analytic_N2000_K100_H50_nominal_t0p05,episode,T029,1,0.9,0.8620689655172413,0.04,0.86,4.64,2.76,0.012,0.22202,203.2658,0.045,0.006,0.11101,-0.8469408333333334,-0.6849308333333334,-68.49308333333333,0.0,0.5713967952096162
greedy_analytic_N2000_K100_H50_nominal_t0p05,episode,T030,1,1.24,1.2875536480686696,0.06,1.18,4.66,2.76,0.01196,0.21708,198.9896,0.062,0.00598,0.10854,-0.8291233333333333,-0.6526033333333333,-65.26033333333334,0.041666666666666664,0.5155664582450562
greedy_analytic_N2000_K100_H200_nominal_t0p05,episode,T001,1,1.025,0.644468313641246,0.03,0.995,4.655,2.775,0.012015,0.222825,202.5105,0.05125,0.0060075,0.1114125,-0.84379375,-0.67512375,-67.512375,0.025252525252525252,0.6543230297138587
greedy_analytic_N2000_K100_H200_nominal_t0p05,episode,T002,1,1.155,0.7769145394006659,0.035,1.12,4.505,2.682,0.0116,0.229065,203.5584,0.05775,0.0058,0.1145325,-0.84816,-0.6700775000000001,-67.00775000000002,0.015151515151515152,0.6951035861721124
greedy_analytic_N2000_K100_H200_nominal_t0p05,episode,T003,1,0.645,0.22753128555176336,0.01,0.635,4.395,2.631,0.011175,0.224475,206.3149,0.03225,0.0055875,0.1122375,-0.8596454166666666,-0.7095704166666665,-70.95704166666665,0.03535353535353535,0.5943483077856009
greedy_analytic_N2000_K100_H200_nominal_t0p05,episode,T004,1,0.795,0.9463722397476341,0.045,0.75,4.755,2.826,0.01227,0.218905,201.37845,0.03975,0.006135,0.1094525,-0.8390768749999999,-0.6837393749999999,-68.3739375,0.045454545454545456,0.5301450041034217
greedy_analytic_N2000_K100_H200_nominal_t0p05,episode,T005,1,0.705,0.6571741511500547,0.03,0.675,4.565,2.721,0.011655,0.220885,199.9583,0.03525,0.0058275,0.1104425,-0.8331595833333334,-0.6816395833333334,-68.16395833333334,0.015151515151515152,0.6854747938577682
greedy_analytic_N2000_K100_H200_nominal_t0p05,episode,T006,1,0.945,1.1049723756906078,0.05,0.895,4.525,2.685,0.011495,0.224385,201.87355,0.04725,0.0057475,0.1121925,-0.8411397916666666,-0.6759497916666666,-67.59497916666666,0.020202020202020204,0.6595363516921998
greedy_analytic_N2000_K100_H200_nominal_t0p05,episode,T007,1,0.935,1.2702078521939955,0.055,0.88,4.33,2.565,0.010835,0.218255,201.26495,0.04675,0.0054175,0.1091275,-0.8386039583333333,-0.6773089583333334,-67.73089583333334,0.03535353535353535,0.5899565688174895
greedy_analytic_N2000_K100_H200_nominal_t0p05,episode,T008,1,1.2,1.7123287671232876,0.075,1.125,4.38,2.583,0.011005,0.22216,203.24465,0.06,0.0055025,0.11108,-0.8468527083333334,-0.6702702083333334,-67.02702083333334,0.020202020202020204,0.5784155534139831
greedy_analytic_N2000_K100_H200_nominal_t0p05,episode,T009,1,1.0,1.4590347923681257,0.065,0.935,4.455,2.634,0.01137,0.2183,198.5788,0.05,0.005685,0.10915,-0.8274116666666667,-0.6625766666666666,-66.25766666666667,0.025252525252525252,0.6253104886903103
greedy_analytic_N2000_K100_H200_nominal_t0p05,episode,T010,1,0.985,1.193058568329718,0.055,0.93,4.61,2.733,0.011814999999999999,0.222415,195.52095,0.04925,0.0059074999999999996,0.1112075,-0.814670625,-0.648305625,-64.8305625,0.020202020202020204,0.5954030762860413
greedy_analytic_N2000_K100_H200_nominal_t0p05,episode,T011,1,0.99,0.562429696287964,0.025,0.965,4.445,2.652,0.01157,0.21824,202.50665,0.0495,0.005785,0.10912,-0.8437777083333333,-0.6793727083333333,-67.93727083333333,0.025252525252525252,0.6229088335290196
greedy_analytic_N2000_K100_H200_nominal_t0p05,episode,T012,1,0.745,0.45558086560364464,0.02,0.725,4.39,2.622,0.01121,0.213805,202.85865,0.03725,0.005605,0.1069025,-0.845244375,-0.6954868750000001,-69.5486875,0.025252525252525252,0.4934402152488978
greedy_analytic_N2000_K100_H200_nominal_t0p05,episode,T013,1,0.735,0.5605381165919282,0.025,0.71,4.46,2.661,0.011545,0.221495,202.70535,0.03675,0.0057725,0.1107475,-0.844605625,-0.691335625,-69.1335625,0.030303030303030304,0.6477023963304454
greedy_analytic_N2000_K100_H200_nominal_t0p05,episode,T014,1,0.73,1.0775862068965518,0.05,0.68,4.64,2.754,0.011899999999999999,0.21403,205.32875,0.0365,0.0059499999999999996,0.107015,-0.8555364583333334,-0.7060714583333334,-70.60714583333333,0.005050505050505051,0.671578190404589
greedy_analytic_N2000_K100_H200_nominal_t0p05,episode,T015,1,1.165,1.4161220043572984,0.065,1.1,4.59,2.715,0.011775,0.220365,201.76195,0.05825,0.0058875,0.1101825,-0.8406747916666667,-0.6663547916666667,-66.63547916666667,0.045454545454545456,0.6427940337580171
greedy_analytic_N2000_K100_H200_nominal_t0p05,episode,T016,1,0.82,0.6703910614525139,0.03,0.79,4.475,2.667,0.011365,0.20965,203.6159,0.041,0.0056825,0.104825,-0.8483995833333334,-0.6968920833333334,-69.68920833333334,0.015151515151515152,0.49974604010334533
greedy_analytic_N2000_K100_H200_nominal_t0p05,episode,T017,1,0.77,0.2079002079002079,0.01,0.76,4.81,2.88,0.01231,0.22334,208.42475,0.0385,0.006155,0.11167,-0.8684364583333333,-0.7121114583333332,-71.21114583333332,0.015151515151515152,0.6125504120635521
greedy_analytic_N2000_K100_H200_nominal_t0p05,episode,T018,1,0.815,0.9302325581395349,0.04,0.775,4.3,2.556,0.01092,0.217585,199.17095,0.04075,0.00546,0.1087925,-0.8298789583333334,-0.6748764583333333,-67.48764583333333,0.030303030303030304,0.557944929740393
greedy_analytic_N2000_K100_H200_nominal_t0p05,episode,T019,1,0.635,0.9029345372460497,0.04,0.595,4.43,2.634,0.0113,0.221915,209.26815,0.03175,0.00565,0.1109575,-0.871950625,-0.723593125,-72.3593125,0.015151515151515152,0.5671764829294428
greedy_analytic_N2000_K100_H200_nominal_t0p05,episode,T020,1,0.96,1.0067114093959733,0.045,0.915,4.47,2.655,0.011434999999999999,0.20823,198.63565,0.048,0.0057174999999999995,0.104115,-0.8276485416666667,-0.6698160416666668,-66.98160416666667,0.030303030303030304,0.6388924672202974
greedy_analytic_N2000_K100_H200_nominal_t0p05,episode,T021,1,0.605,0.3264417845484222,0.015,0.59,4.595,2.748,0.011789999999999998,0.216035,203.5257,0.03025,0.005894999999999999,0.1080175,-0.84802375,-0.70386125,-70.38612499999999,0.010101010101010102,0.5833933621154083
greedy_analytic_N2000_K100_H200_nominal_t0p05,episode,T022,1,0.765,1.0169491525423728,0.045,0.72,4.425,2.628,0.01155,0.216585,207.12225,0.03825,0.005775,0.1082925,-0.8630093750000001,-0.7106918750000001,-71.06918750000001,0.015151515151515152,0.6339751675843557
greedy_analytic_N2000_K100_H200_nominal_t0p05,episode,T023,1,1.215,1.4176663031624863,0.065,1.15,4.585,2.712,0.0115,0.217755,193.06685,0.06075,0.00575,0.1088775,-0.8044452083333333,-0.6290677083333334,-62.90677083333334,0.030303030303030304,0.5601901038262256
greedy_analytic_N2000_K100_H200_nominal_t0p05,episode,T024,1,0.79,1.0112359550561798,0.045,0.745,4.45,2.643,0.011525,0.22708,205.90105,0.0395,0.0057625,0.11354,-0.8579210416666666,-0.6991185416666665,-69.91185416666666,0.025252525252525252,0.674568072617155
greedy_analytic_N2000_K100_H200_nominal_t0p05,episode,T025,1,1.22,1.1428571428571428,0.05,1.17,4.375,2.595,0.011184999999999999,0.20811,197.93395,0.061,0.005592499999999999,0.104055,-0.8247247916666667,-0.6540772916666666,-65.40772916666666,0.015151515151515152,0.49833871037509003
greedy_analytic_N2000_K100_H200_nominal_t0p05,episode,T026,1,1.24,0.7743362831858407,0.035,1.205,4.52,2.691,0.011805,0.21737,195.6056,0.062,0.0059025,0.108685,-0.8150233333333333,-0.6384358333333333,-63.84358333333333,0.025252525252525252,0.6069538007369932
greedy_analytic_N2000_K100_H200_nominal_t0p05,episode,T027,1,1.03,1.0321100917431192,0.045,0.985,4.36,2.589,0.011274999999999999,0.22219,203.33665,0.0515,0.005637499999999999,0.111095,-0.8472360416666667,-0.6790035416666667,-67.90035416666666,0.010101010101010102,0.514419653791585
greedy_analytic_N2000_K100_H200_nominal_t0p05,episode,T028,1,1.005,0.9345794392523364,0.04,0.965,4.28,2.544,0.010879999999999999,0.215895,200.33535,0.05025,0.0054399999999999995,0.1079475,-0.8347306250000001,-0.6710931250000001,-67.1093125,0.025252525252525252,0.5536633422670683
greedy_analytic_N2000_K100_H200_nominal_t0p05,episode,T029,1,1.075,1.007838745800672,0.045,1.03,4.465,2.652,0.011470000000000001,0.212645,203.0693,0.05375,0.0057350000000000005,0.1063225,-0.8461220833333333,-0.6803145833333333,-68.03145833333333,0.010101010101010102,0.579192785380577
greedy_analytic_N2000_K100_H200_nominal_t0p05,episode,T030,1,1.255,2.0022246941045605,0.09,1.165,4.495,2.643,0.011455,0.216995,199.0791,0.06275,0.0057275,0.1084975,-0.82949625,-0.65252125,-65.252125,0.020202020202020204,0.6271146722335971
greedy_analytic_N2000_K100_H800_nominal_t0p05,episode,T001,1,1.15625,1.1348284247500675,0.0525,1.10375,4.62625,2.74425,0.011821249999999998,0.21877125,202.2043375,0.0578125,0.005910624999999999,0.109385625,-0.8425180729166667,-0.6694093229166667,-66.94093229166667,0.022556390977443608,0.6543230297138587
greedy_analytic_N2000_K100_H800_nominal_t0p05,episode,T002,1,1.14125,0.8544652701212789,0.03875,1.1025,4.535,2.69775,0.01170875,0.21714875,203.803,0.0570625,0.005854375,0.108574375,-0.8491791666666667,-0.6776879166666667,-67.76879166666667,0.022556390977443608,0.6951035861721124
greedy_analytic_N2000_K100_H800_nominal_t0p05,episode,T003,1,0.74875,0.5173900546133946,0.0225,0.72625,4.34875,2.59575,0.011158749999999999,0.21992625,206.0024875,0.0374375,0.005579374999999999,0.109963125,-0.8583436979166666,-0.7053636979166666,-70.53636979166666,0.02882205513784461,0.6110187291943309
greedy_analytic_N2000_K100_H800_nominal_t0p05,episode,T004,1,0.96125,0.7627349496050123,0.035,0.92625,4.58875,2.73225,0.01182375,0.21638625,201.1352875,0.0480625,0.005911875,0.108193125,-0.8380636979166667,-0.6758961979166667,-67.58961979166666,0.02882205513784461,0.5786512714953742
greedy_analytic_N2000_K100_H800_nominal_t0p05,episode,T005,1,0.73,0.7063298016843249,0.0325,0.6975,4.60125,2.74125,0.01167125,0.21547,200.0598875,0.0365,0.005835625,0.107735,-0.8335828645833333,-0.6835122395833333,-68.35122395833334,0.02756892230576441,0.6854747938577682
greedy_analytic_N2000_K100_H800_nominal_t0p05,episode,T006,1,0.98625,1.1129660545353366,0.05,0.93625,4.4925,2.6655,0.0114525,0.21942125,202.129975,0.0493125,0.00572625,0.109710625,-0.8422082291666667,-0.6774588541666667,-67.74588541666667,0.018796992481203006,0.6740091119899212
greedy_analytic_N2000_K100_H800_nominal_t0p05,episode,T007,1,1.0325,0.87527352297593,0.04,0.9925,4.57,2.718,0.0117425,0.21357,201.35205,0.051625,0.00587125,0.106785,-0.838966875,-0.674685625,-67.46856249999999,0.018796992481203006,0.5899565688174895
greedy_analytic_N2000_K100_H800_nominal_t0p05,episode,T008,1,1.2225,1.3528748590755355,0.06,1.1625,4.435,2.625,0.0113175,0.216375,203.3319875,0.061125,0.00565875,0.1081875,-0.8472166145833333,-0.6722453645833333,-67.22453645833333,0.02506265664160401,0.5979897709469146
greedy_analytic_N2000_K100_H800_nominal_t0p05,episode,T009,1,1.12125,1.095505617977528,0.04875,1.0725,4.45,2.64075,0.01138125,0.21843875,198.464325,0.0560625,0.005690625,0.109219375,-0.8269346875,-0.6559621875,-65.59621875,0.018796992481203006,0.6446812170937297
greedy_analytic_N2000_K100_H800_nominal_t0p05,episode,T010,1,1.04,1.092001092001092,0.05,0.99,4.57875,2.71725,0.01172375,0.21986,195.7174375,0.052,0.005861875,0.10993,-0.8154893229166666,-0.6476974479166666,-64.76974479166667,0.016290726817042606,0.7407189708893729
greedy_analytic_N2000_K100_H800_nominal_t0p05,episode,T011,1,1.14,1.3694878115584772,0.0625,1.0775,4.56375,2.70075,0.01166125,0.21563,202.30505,0.057,0.005830625,0.107815,-0.8429377083333333,-0.6722920833333332,-67.22920833333332,0.023809523809523808,0.6229088335290196
greedy_analytic_N2000_K100_H800_nominal_t0p05,episode,T012,1,0.915,0.8609093354856067,0.04,0.875,4.64625,2.76375,0.01184125,0.21381,202.521575,0.04575,0.005920625,0.106905,-0.8438398958333334,-0.6852642708333334,-68.52642708333335,0.020050125313283207,0.6964285208190186
greedy_analytic_N2000_K100_H800_nominal_t0p05,episode,T013,1,0.805,0.8214676889375685,0.0375,0.7675,4.565,2.7165,0.011815,0.2182425,202.8987875,0.04025,0.0059075,0.10912125,-0.8454116145833334,-0.6901328645833333,-69.01328645833334,0.03132832080200501,0.6477023963304454
greedy_analytic_N2000_K100_H800_nominal_t0p05,episode,T014,1,0.86875,1.043956043956044,0.0475,0.82125,4.55,2.7015,0.011667499999999999,0.21773375,205.04965,0.0434375,0.0058337499999999995,0.108866875,-0.8543735416666667,-0.6962354166666667,-69.62354166666667,0.016290726817042606,0.671578190404589
greedy_analytic_N2000_K100_H800_nominal_t0p05,episode,T015,1,1.30875,1.3293543136190993,0.06125,1.2475,4.6075,2.72775,0.011733750000000001,0.22058875,201.1027875,0.0654375,0.0058668750000000006,0.110294375,-0.8379282812500001,-0.65632953125,-65.632953125,0.03258145363408521,0.7876415984676812
greedy_analytic_N2000_K100_H800_nominal_t0p05,episode,T016,1,0.9225,0.7256488975718671,0.0325,0.89,4.47875,2.66775,0.01153375,0.2117725,203.3707875,0.046125,0.005766875,0.10588625,-0.84737828125,-0.68960015625,-68.96001562500001,0.023809523809523808,0.6270417620674819
greedy_analytic_N2000_K100_H800_nominal_t0p05,episode,T017,1,0.88875,0.7557354925775979,0.035,0.85375,4.63125,2.75775,0.01180875,0.21519125,208.6704625,0.0444375,0.005904375,0.107595625,-0.8694602604166667,-0.7115227604166667,-71.15227604166667,0.020050125313283207,0.651586269542207
greedy_analytic_N2000_K100_H800_nominal_t0p05,episode,T018,1,0.895,1.0280633509308141,0.04625,0.84875,4.49875,2.6715,0.011405,0.2197425,198.8241375,0.04475,0.0057025,0.10987125,-0.82843390625,-0.66811015625,-66.81101562500001,0.02631578947368421,0.5715743443395764
greedy_analytic_N2000_K100_H800_nominal_t0p05,episode,T019,1,0.705,0.7867378477100309,0.035,0.67,4.44875,2.64825,0.01137125,0.219145,209.203,0.03525,0.005685625,0.1095725,-0.8716791666666667,-0.7211710416666667,-72.11710416666666,0.015037593984962405,0.670400056947393
greedy_analytic_N2000_K100_H800_nominal_t0p05,episode,T020,1,0.89625,0.9229098805646037,0.0425,0.85375,4.605,2.7375,0.01164,0.21427625,198.8188375,0.0448125,0.00582,0.107138125,-0.8284118229166667,-0.6706411979166667,-67.06411979166667,0.021303258145363407,0.6397008491035101
greedy_analytic_N2000_K100_H800_nominal_t0p05,episode,T021,1,0.71875,0.5261700360011077,0.02375,0.695,4.51375,2.694,0.011555,0.22150375,203.4272,0.0359375,0.0057775,0.110751875,-0.8476133333333333,-0.6951464583333333,-69.51464583333333,0.022556390977443608,0.6317623831504385
greedy_analytic_N2000_K100_H800_nominal_t0p05,episode,T022,1,0.84875,0.7620660457239627,0.03375,0.815,4.42875,2.637,0.0114825,0.21785625,206.97125,0.0424375,0.00574125,0.108928125,-0.8623802083333333,-0.7052733333333333,-70.52733333333333,0.022556390977443608,0.6339751675843557
greedy_analytic_N2000_K100_H800_nominal_t0p05,episode,T023,1,1.32375,1.4309301045679692,0.065,1.25875,4.5425,2.6865,0.01153,0.21648875,193.1894375,0.0661875,0.005765,0.108244375,-0.8049559895833334,-0.6247591145833333,-62.475911458333336,0.022556390977443608,0.6450796924769195
greedy_analytic_N2000_K100_H800_nominal_t0p05,episode,T024,1,0.80125,0.7194244604316546,0.0325,0.76875,4.5175,2.691,0.0116875,0.21930375,205.9440125,0.0400625,0.00584375,0.109651875,-0.8581000520833334,-0.7025419270833334,-70.25419270833333,0.017543859649122806,0.674568072617155
greedy_analytic_N2000_K100_H800_nominal_t0p05,episode,T025,1,1.39625,1.4841781013721647,0.06625,1.33,4.46375,2.6385,0.0113475,0.21400375,197.5245125,0.0698125,0.00567375,0.107001875,-0.8230188020833332,-0.6405306770833332,-64.05306770833332,0.012531328320802004,0.630401683621237
greedy_analytic_N2000_K100_H800_nominal_t0p05,episode,T026,1,1.3425,1.3344226579520697,0.06125,1.28125,4.59,2.71725,0.01173875,0.216895,195.2965125,0.067125,0.005869375,0.1084475,-0.81373546875,-0.63229359375,-63.229359375,0.02506265664160401,0.6678435316276726
greedy_analytic_N2000_K100_H800_nominal_t0p05,episode,T027,1,1.11,1.3713965855023789,0.06125,1.04875,4.46625,2.643,0.01138,0.2190075,203.5218375,0.0555,0.00569,0.10950375,-0.84800765625,-0.67731390625,-67.731390625,0.011278195488721804,0.6402284768030065
greedy_analytic_N2000_K100_H800_nominal_t0p05,episode,T028,1,1.05875,1.1351052048726467,0.05125,1.0075,4.515,2.67825,0.01154375,0.21792875,200.160875,0.0529375,0.005771875,0.108964375,-0.8340036458333333,-0.6663298958333332,-66.63298958333333,0.022556390977443608,0.6543208794183698
greedy_analytic_N2000_K100_H800_nominal_t0p05,episode,T029,1,1.14375,0.9706120248045296,0.045,1.09875,4.63625,2.75475,0.01178375,0.21381375,203.1341375,0.0571875,0.005891875,0.106906875,-0.8463922395833333,-0.6764059895833333,-67.64059895833333,0.023809523809523808,0.7096094419864075
greedy_analytic_N2000_K100_H800_nominal_t0p05,episode,T030,1,1.36375,1.651073197578426,0.075,1.28875,4.5425,2.6805,0.0116625,0.21810125,198.794425,0.0681875,0.00583125,0.109050625,-0.8283101041666666,-0.6452407291666666,-64.52407291666667,0.02506265664160401,0.6271146722335971
greedy_analytic_N2000_K200_H200_nominal_t0p05,episode,T001,1,1.485,1.3001083423618636,0.06,1.425,4.615,2.733,0.01186,0.337525,200.2937,0.07425,0.00593,0.1687625,-0.8345570833333333,-0.5856145833333333,-117.12291666666665,0.022727272727272728,0.8661781097547256
greedy_analytic_N2000_K200_H200_nominal_t0p05,episode,T002,1,1.5075,1.3904338153503892,0.0625,1.445,4.495,2.6595,0.0114325,0.3367125,196.239,0.075375,0.00571625,0.16835625,-0.8176625000000001,-0.568215,-113.643,0.017676767676767676,0.8582837546000961
greedy_analytic_N2000_K200_H200_nominal_t0p05,episode,T003,1,0.975,0.724233983286908,0.0325,0.9425,4.4875,2.673,0.011479999999999999,0.343315,201.055025,0.04875,0.0057399999999999994,0.1716575,-0.8377292708333334,-0.6115817708333333,-122.31635416666666,0.027777777777777776,0.8581480383113007
greedy_analytic_N2000_K200_H200_nominal_t0p05,episode,T004,1,1.1875,1.8763796909492274,0.085,1.1025,4.53,2.667,0.011655,0.3359625,199.76365,0.059375,0.0058275,0.16798125,-0.8323485416666667,-0.5991647916666667,-119.83295833333334,0.027777777777777776,0.8421337182868449
greedy_analytic_N2000_K200_H200_nominal_t0p05,episode,T005,1,0.955,0.8874098724348308,0.04,0.915,4.5075,2.6805,0.011557499999999998,0.337335,200.232725,0.04775,0.005778749999999999,0.1686675,-0.8343030208333333,-0.6121067708333333,-122.42135416666666,0.025252525252525252,0.8312390178909326
greedy_analytic_N2000_K200_H200_nominal_t0p05,episode,T006,1,1.285,1.4517029592406476,0.065,1.22,4.4775,2.6475,0.011302499999999998,0.341425,197.653125,0.06425,0.005651249999999999,0.1707125,-0.8235546874999999,-0.5829409375,-116.58818749999999,0.025252525252525252,0.9563630250212829
greedy_analytic_N2000_K200_H200_nominal_t0p05,episode,T007,1,1.3625,1.510912143256855,0.0675,1.295,4.4675,2.64,0.011175,0.3342225,196.2386,0.068125,0.0055875,0.16711125,-0.8176608333333333,-0.5768370833333333,-115.36741666666666,0.027777777777777776,0.8172128144237358
greedy_analytic_N2000_K200_H200_nominal_t0p05,episode,T008,1,1.74,1.7203107658157604,0.0775,1.6625,4.505,2.6565,0.0113425,0.34004,196.728225,0.087,0.00567125,0.17002,-0.8197009375000001,-0.5570096875000001,-111.40193750000003,0.017676767676767676,0.9440674741414858
greedy_analytic_N2000_K200_H200_nominal_t0p05,episode,T009,1,1.5625,1.5116279069767442,0.065,1.4975,4.3,2.541,0.01083,0.3312325,193.048125,0.078125,0.005415,0.16561625,-0.8043671875,-0.5552109375000001,-111.04218750000001,0.020202020202020204,0.7842793289524869
greedy_analytic_N2000_K200_H200_nominal_t0p05,episode,T010,1,1.29,1.4846235418875928,0.07,1.22,4.715,2.787,0.012075,0.33471,194.8617,0.0645,0.0060375,0.167355,-0.81192375,-0.57403125,-114.80625,0.020202020202020204,0.7952802903879521
greedy_analytic_N2000_K200_H200_nominal_t0p05,episode,T011,1,1.46,1.2394366197183098,0.055,1.405,4.4375,2.6295,0.0115875,0.33464,198.57605,0.073,0.00579375,0.16732,-0.8274002083333334,-0.5812864583333334,-116.25729166666667,0.017676767676767676,0.8943407910662446
greedy_analytic_N2000_K200_H200_nominal_t0p05,episode,T012,1,1.175,1.1583011583011582,0.0525,1.1225,4.5325,2.688,0.011575,0.32655,200.03335,0.05875,0.0057875,0.163275,-0.8334722916666667,-0.6056597916666667,-121.13195833333334,0.022727272727272728,0.9181737257695415
greedy_analytic_N2000_K200_H200_nominal_t0p05,episode,T013,1,1.0575,0.9439200444197668,0.0425,1.015,4.5025,2.676,0.01154,0.3330075,202.024975,0.052875,0.00577,0.16650375,-0.8417707291666667,-0.6166219791666667,-123.32439583333334,0.03282828282828283,0.7821968457785757
greedy_analytic_N2000_K200_H200_nominal_t0p05,episode,T014,1,1.0775,1.0503040353786623,0.0475,1.03,4.5225,2.685,0.011614999999999999,0.3352625,200.77305,0.053875,0.005807499999999999,0.16763125,-0.8365543750000001,-0.6092406250000001,-121.84812500000002,0.0025252525252525255,0.9251564506920757
greedy_analytic_N2000_K200_H200_nominal_t0p05,episode,T015,1,1.7175,1.5642458100558658,0.07,1.6475,4.475,2.643,0.011545,0.3289175,194.341875,0.085875,0.0057725,0.16445875,-0.8097578124999999,-0.5536515624999999,-110.73031249999998,0.027777777777777776,0.8046986401188732
greedy_analytic_N2000_K200_H200_nominal_t0p05,episode,T016,1,1.15,1.0555555555555556,0.0475,1.1025,4.5,2.6715,0.011402500000000001,0.33239,196.0088,0.0575,0.005701250000000001,0.166195,-0.8167033333333333,-0.5873070833333334,-117.46141666666668,0.012626262626262626,0.9683280953353999
greedy_analytic_N2000_K200_H200_nominal_t0p05,episode,T017,1,1.1375,0.7944915254237288,0.0375,1.1,4.72,2.8095,0.012077500000000001,0.3416075,200.408525,0.056875,0.006038750000000001,0.17080375,-0.8350355208333333,-0.6013180208333333,-120.26360416666665,0.017676767676767676,0.9571979979151799
greedy_analytic_N2000_K200_H200_nominal_t0p05,episode,T018,1,1.21,1.5288788221970555,0.0675,1.1425,4.415,2.6085,0.011182499999999998,0.33244,190.7802,0.0605,0.005591249999999999,0.16622,-0.7949175,-0.5626062500000001,-112.52125000000002,0.030303030303030304,0.8461425192010181
greedy_analytic_N2000_K200_H200_nominal_t0p05,episode,T019,1,0.9275,1.4557670772676372,0.065,0.8625,4.465,2.64,0.011385,0.3308275,205.270775,0.046375,0.0056925,0.16541375,-0.8552948958333333,-0.6378136458333332,-127.56272916666664,0.017676767676767676,0.8522621458209885
greedy_analytic_N2000_K200_H200_nominal_t0p05,episode,T020,1,1.2725,1.37211855104281,0.0625,1.21,4.555,2.6955,0.0117425,0.3354675,194.544425,0.063625,0.00587125,0.16773375,-0.8106017708333333,-0.5733717708333332,-114.67435416666665,0.030303030303030304,0.8340267059505473
greedy_analytic_N2000_K200_H200_nominal_t0p05,episode,T021,1,0.97,0.9096077316657192,0.04,0.93,4.3975,2.6145,0.0113375,0.34317,199.499775,0.0485,0.00566875,0.171585,-0.8312490625,-0.6054953125,-121.0990625,0.010101010101010102,0.8736250607427822
greedy_analytic_N2000_K200_H200_nominal_t0p05,episode,T022,1,1.12,1.1068068622025458,0.05,1.07,4.5175,2.6805,0.011627499999999999,0.337405,202.0591,0.056,0.0058137499999999995,0.1687025,-0.8419129166666667,-0.6113966666666667,-122.27933333333334,0.017676767676767676,0.8630686621152936
greedy_analytic_N2000_K200_H200_nominal_t0p05,episode,T023,1,1.82,1.8013100436681222,0.0825,1.7375,4.58,2.6985,0.0115925,0.332025,191.772125,0.091,0.00579625,0.1660125,-0.7990505208333333,-0.5362417708333332,-107.24835416666664,0.022727272727272728,0.8182001342737635
greedy_analytic_N2000_K200_H200_nominal_t0p05,episode,T024,1,1.115,1.1280315848843767,0.05,1.065,4.4325,2.6295,0.0114175,0.33962,200.2711,0.05575,0.00570875,0.16981,-0.8344629166666666,-0.6031941666666666,-120.63883333333332,0.027777777777777776,0.8814152780091988
greedy_analytic_N2000_K200_H200_nominal_t0p05,episode,T025,1,1.8775,1.6853932584269662,0.075,1.8025,4.45,2.625,0.011275,0.3244925,194.96485,0.093875,0.0056375,0.16224625,-0.8123535416666667,-0.5505947916666667,-110.11895833333334,0.010101010101010102,0.7701538571485732
greedy_analytic_N2000_K200_H200_nominal_t0p05,episode,T026,1,1.7075,0.89736399326977,0.04,1.6675,4.4575,2.6505,0.011502499999999999,0.3395425,194.55015,0.085375,0.005751249999999999,0.16977125,-0.810625625,-0.549728125,-109.945625,0.020202020202020204,0.9773012549536662
greedy_analytic_N2000_K200_H200_nominal_t0p05,episode,T027,1,1.5275,2.0190689848569825,0.09,1.4375,4.4575,2.6205,0.0113375,0.3419475,198.192325,0.076375,0.00566875,0.17097375,-0.8258013541666667,-0.5727838541666667,-114.55677083333333,0.017676767676767676,0.9268535171060008
greedy_analytic_N2000_K200_H200_nominal_t0p05,episode,T028,1,1.3675,1.583710407239819,0.07,1.2975,4.42,2.61,0.01125,0.3381525,195.718575,0.068375,0.005625,0.16907625,-0.8154940624999999,-0.5724178124999999,-114.48356249999998,0.027777777777777776,0.9393664293731874
greedy_analytic_N2000_K200_H200_nominal_t0p05,episode,T029,1,1.5275,1.6939890710382515,0.0775,1.45,4.575,2.6985,0.011652500000000001,0.3348875,199.475325,0.076375,0.005826250000000001,0.16744375,-0.8311471874999999,-0.5815021874999999,-116.30043749999999,0.015151515151515152,0.9710266568616894
greedy_analytic_N2000_K200_H200_nominal_t0p05,episode,T030,1,1.8075,2.5139664804469275,0.1125,1.695,4.475,2.6175,0.0112225,0.3265825,191.26045,0.090375,0.00561125,0.16329125,-0.7969185416666666,-0.5376410416666666,-107.52820833333332,0.030303030303030304,0.8498502359712545
greedy_analytic_N2000_K300_H200_nominal_t0p05,episode,T001,1,2.1816666666666666,2.1222100256128797,0.09666666666666666,2.085,4.555,2.675,0.011644999999999999,0.44781166666666666,195.09505,0.10908333333333334,0.0058224999999999996,0.22390583333333333,-0.8128960416666666,-0.47408437499999995,-142.22531249999997,0.02356902356902357,0.9443521981636509
greedy_analytic_N2000_K300_H200_nominal_t0p05,episode,T002,1,2.236666666666667,1.978021978021978,0.09,2.1466666666666665,4.55,2.676,0.011506666666666667,0.44905,193.0167,0.11183333333333334,0.005753333333333333,0.224525,-0.80423625,-0.4621245833333333,-138.637375,0.016835016835016835,0.9775000495313653
greedy_analytic_N2000_K300_H200_nominal_t0p05,episode,T003,1,1.4883333333333333,1.1102886750555145,0.05,1.4383333333333332,4.503333333333333,2.672,0.011529999999999999,0.44932833333333333,195.19783333333334,0.07441666666666667,0.005764999999999999,0.22466416666666666,-0.8133243055555556,-0.5084784722222222,-152.54354166666667,0.021885521885521887,0.9628308700214596
greedy_analytic_N2000_K300_H200_nominal_t0p05,episode,T004,1,1.7683333333333333,2.479338842975207,0.11,1.6583333333333334,4.4366666666666665,2.596,0.01136,0.45210833333333333,194.1425,0.08841666666666667,0.00568,0.22605416666666667,-0.8089270833333334,-0.4887762500000001,-146.632875,0.021885521885521887,0.9502290562682381
greedy_analytic_N2000_K300_H200_nominal_t0p05,episode,T005,1,1.3016666666666667,1.4350453172205437,0.06333333333333334,1.2383333333333333,4.413333333333333,2.61,0.011266666666666666,0.451385,195.33385,0.06508333333333334,0.005633333333333333,0.2256925,-0.8138910416666667,-0.5174818750000001,-155.24456250000003,0.02861952861952862,0.9592436015166077
greedy_analytic_N2000_K300_H200_nominal_t0p05,episode,T006,1,1.8083333333333333,2.0756115641215716,0.09333333333333334,1.715,4.496666666666667,2.642,0.011326666666666667,0.45292166666666667,192.85205,0.09041666666666667,0.005663333333333334,0.22646083333333333,-0.8035502083333333,-0.481009375,-144.30281250000002,0.021885521885521887,0.9691331102791716
greedy_analytic_N2000_K300_H200_nominal_t0p05,episode,T007,1,1.93,1.9564414913252122,0.08833333333333333,1.8416666666666666,4.515,2.656,0.01128,0.44872666666666666,193.35065,0.0965,0.00564,0.22436333333333333,-0.8056277083333333,-0.47912437499999994,-143.73731249999997,0.020202020202020204,0.9914220965215008
greedy_analytic_N2000_K300_H200_nominal_t0p05,episode,T008,1,2.3583333333333334,2.453756134390336,0.10833333333333334,2.25,4.415,2.584,0.010976666666666666,0.4515416666666667,193.29668333333333,0.11791666666666667,0.005488333333333333,0.22577083333333334,-0.8054028472222222,-0.45622701388888887,-136.86810416666665,0.018518518518518517,0.9839129329489456
greedy_analytic_N2000_K300_H200_nominal_t0p05,episode,T009,1,2.236666666666667,2.544625902012913,0.11166666666666666,2.125,4.388333333333334,2.566,0.011046666666666666,0.44079,188.77258333333333,0.11183333333333334,0.005523333333333333,0.220395,-0.7865524305555556,-0.4488007638888889,-134.64022916666667,0.018518518518518517,0.9636189480250601
greedy_analytic_N2000_K300_H200_nominal_t0p05,episode,T010,1,1.8433333333333333,2.1339220014716704,0.09666666666666666,1.7466666666666666,4.53,2.66,0.011486666666666666,0.4492366666666667,192.58533333333332,0.09216666666666666,0.005743333333333333,0.22461833333333334,-0.8024388888888888,-0.4799105555555555,-143.97316666666666,0.018518518518518517,0.9758402062397074
greedy_analytic_N2000_K300_H200_nominal_t0p05,episode,T011,1,2.191666666666667,2.106847253574116,0.09333333333333334,2.098333333333333,4.43,2.602,0.01141,0.4440616666666667,197.4599,0.10958333333333334,0.005705,0.22203083333333334,-0.8227495833333334,-0.4854304166666667,-145.62912500000002,0.021885521885521887,0.966118489059709
greedy_analytic_N2000_K300_H200_nominal_t0p05,episode,T012,1,1.6483333333333334,1.6974169741697418,0.07666666666666666,1.5716666666666668,4.516666666666667,2.664,0.011513333333333334,0.4414783333333333,197.0009,0.08241666666666667,0.005756666666666667,0.22073916666666665,-0.8208370833333334,-0.5119245833333335,-153.57737500000005,0.021885521885521887,0.9607780315508616
greedy_analytic_N2000_K300_H200_nominal_t0p05,episode,T013,1,1.4983333333333333,1.2102874432677762,0.05333333333333334,1.445,4.406666666666666,2.612,0.011203333333333334,0.4443916666666667,199.70968333333334,0.07491666666666667,0.005601666666666667,0.22219583333333334,-0.8321236805555556,-0.529409513888889,-158.8228541666667,0.02861952861952862,0.9479963857207543
greedy_analytic_N2000_K300_H200_nominal_t0p05,episode,T014,1,1.6416666666666666,1.4027316352897747,0.06333333333333334,1.5783333333333334,4.515,2.671,0.011571666666666666,0.4433783333333333,195.83481666666665,0.08208333333333333,0.005785833333333333,0.22168916666666666,-0.8159784027777778,-0.5064200694444445,-151.92602083333335,0.016835016835016835,0.9629651547507427
greedy_analytic_N2000_K300_H200_nominal_t0p05,episode,T015,1,2.5283333333333333,2.5998492840994727,0.115,2.4133333333333336,4.423333333333333,2.585,0.011178333333333332,0.4429916666666667,191.89203333333333,0.12641666666666668,0.005589166666666666,0.22149583333333334,-0.7995501388888889,-0.4460484722222222,-133.81454166666666,0.02356902356902357,0.9634042584033538
greedy_analytic_N2000_K300_H200_nominal_t0p05,episode,T016,1,1.6633333333333333,1.40117994100295,0.06333333333333334,1.6,4.52,2.674,0.011459999999999998,0.44621,189.73303333333334,0.08316666666666667,0.005729999999999999,0.223105,-0.7905543055555556,-0.47855263888888894,-143.56579166666668,0.013468013468013467,0.9820927176305048
greedy_analytic_N2000_K300_H200_nominal_t0p05,episode,T017,1,1.6816666666666666,1.2792397660818713,0.058333333333333334,1.6233333333333333,4.56,2.701,0.011641666666666666,0.451745,198.9595,0.08408333333333333,0.005820833333333333,0.2258725,-0.8289979166666667,-0.51322125,-153.966375,0.020202020202020204,0.9820660109067876
greedy_analytic_N2000_K300_H200_nominal_t0p05,episode,T018,1,1.6833333333333333,2.0377358490566038,0.09,1.5933333333333333,4.416666666666667,2.596,0.01116,0.44241,188.46521666666666,0.08416666666666667,0.00558,0.221205,-0.7852717361111111,-0.47432006944444444,-142.29602083333333,0.025252525252525252,0.9434768195282648
greedy_analytic_N2000_K300_H200_nominal_t0p05,episode,T019,1,1.275,1.5636634400595681,0.07,1.205,4.476666666666667,2.644,0.011393333333333332,0.45576833333333333,199.96475,0.06375,0.005696666666666666,0.22788416666666667,-0.8331864583333334,-0.5358556250000001,-160.75668750000003,0.016835016835016835,0.9684497502542162
greedy_analytic_N2000_K300_H200_nominal_t0p05,episode,T020,1,1.7866666666666666,1.908957415565345,0.08666666666666667,1.7,4.54,2.672,0.011433333333333332,0.45404,190.51485,0.08933333333333333,0.005716666666666666,0.22702,-0.793811875,-0.471741875,-141.5225625,0.02356902356902357,0.9707591129130255
greedy_analytic_N2000_K300_H200_nominal_t0p05,episode,T021,1,1.3416666666666666,1.3152950018789928,0.058333333333333334,1.2833333333333334,4.435,2.626,0.011376666666666667,0.4556483333333333,196.38118333333333,0.06708333333333333,0.0056883333333333334,0.22782416666666666,-0.8182549305555555,-0.5176590972222221,-155.29772916666664,0.013468013468013467,0.9673337217030058
greedy_analytic_N2000_K300_H200_nominal_t0p05,episode,T022,1,1.63,1.4355874574990555,0.06333333333333334,1.5666666666666667,4.411666666666667,2.609,0.011328333333333333,0.44906666666666667,194.13813333333334,0.0815,0.005664166666666666,0.22453333333333333,-0.8089088888888889,-0.4972113888888889,-149.16341666666668,0.025252525252525252,0.9631911576699037
greedy_analytic_N2000_K300_H200_nominal_t0p05,episode,T023,1,2.635,2.452415812591508,0.11166666666666666,2.5233333333333334,4.553333333333334,2.665,0.011435,0.44356833333333334,190.07463333333334,0.13175,0.0057175,0.22178416666666667,-0.791977638888889,-0.43272597222222225,-129.81779166666666,0.02356902356902357,0.9870900498283663
greedy_analytic_N2000_K300_H200_nominal_t0p05,episode,T024,1,1.5816666666666668,1.430722891566265,0.06333333333333334,1.5183333333333333,4.426666666666667,2.618,0.011366666666666667,0.44552166666666665,196.38686666666666,0.07908333333333334,0.005683333333333334,0.22276083333333332,-0.8182786111111111,-0.5107511111111112,-153.22533333333334,0.021885521885521887,0.9478667624839907
greedy_analytic_N2000_K300_H200_nominal_t0p05,episode,T025,1,2.7333333333333334,2.3533806499813226,0.105,2.6283333333333334,4.461666666666667,2.614,0.01126,0.43754,188.96703333333335,0.13666666666666666,0.00563,0.21877,-0.7873626388888889,-0.42629597222222226,-127.88879166666668,0.011784511784511785,0.9569534052022579
greedy_analytic_N2000_K300_H200_nominal_t0p05,episode,T026,1,2.493333333333333,1.8882175226586102,0.08333333333333333,2.41,4.413333333333333,2.598,0.011273333333333333,0.4442433333333333,191.27078333333333,0.12466666666666666,0.0056366666666666666,0.22212166666666666,-0.7969615972222222,-0.44453659722222216,-133.36097916666665,0.018518518518518517,0.9950425182794673
greedy_analytic_N2000_K300_H200_nominal_t0p05,episode,T027,1,2.256666666666667,2.6217228464419478,0.11666666666666667,2.14,4.45,2.6,0.011346666666666666,0.44323,193.54643333333334,0.11283333333333333,0.005673333333333333,0.221615,-0.8064434722222222,-0.4663218055555556,-139.89654166666668,0.018518518518518517,0.9782427874063528
greedy_analytic_N2000_K300_H200_nominal_t0p05,episode,T028,1,1.9233333333333333,1.908682634730539,0.085,1.8383333333333334,4.453333333333333,2.621,0.011285,0.4478433333333333,191.58448333333334,0.09616666666666666,0.0056425,0.22392166666666666,-0.7982686805555556,-0.47253784722222225,-141.76135416666668,0.025252525252525252,0.9818053061734131
greedy_analytic_N2000_K300_H200_nominal_t0p05,episode,T029,1,2.22,2.028023598820059,0.09166666666666666,2.1283333333333334,4.52,2.657,0.011524999999999999,0.44800666666666666,190.5669,0.111,0.005762499999999999,0.22400333333333333,-0.7940287500000001,-0.45326291666666674,-135.97887500000002,0.010101010101010102,0.9710805113339724
greedy_analytic_N2000_K300_H200_nominal_t0p05,episode,T030,1,2.5716666666666668,3.061986557132188,0.13666666666666666,2.435,4.463333333333333,2.596,0.01115,0.442835,188.38645,0.12858333333333333,0.005575,0.2214175,-0.7849435416666667,-0.4293677083333334,-128.8103125,0.025252525252525252,0.9405723191885487
greedy_analytic_N2000_K400_H200_nominal_t0p05,episode,T001,1,3.17625,2.8634361233480177,0.13,3.04625,4.54,2.646,0.011484999999999999,0.55564375,190.6516875,0.1588125,0.005742499999999999,0.277821875,-0.7943820312500001,-0.35200515625000006,-140.80206250000003,0.021464646464646464,0.9703704302381495
greedy_analytic_N2000_K400_H200_nominal_t0p05,episode,T002,1,3.11125,3.1852472757753563,0.1425,2.96875,4.47375,2.59875,0.01124125,0.54710375,187.668825,0.1555625,0.005620625,0.273551875,-0.7819534375,-0.34721843750000003,-138.88737500000002,0.01893939393939394,0.9861489849067899
greedy_analytic_N2000_K400_H200_nominal_t0p05,episode,T003,1,2.20875,1.6717748676511563,0.075,2.13375,4.48625,2.64675,0.01144375,0.55344375,192.5981625,0.1104375,0.005721875,0.276721875,-0.80249234375,-0.40961109375,-163.8444375,0.020202020202020204,0.982102896553948
greedy_analytic_N2000_K400_H200_nominal_t0p05,episode,T004,1,2.61875,3.1670403587443947,0.14125,2.4775,4.46,2.59125,0.01128125,0.55617875,189.5537125,0.1309375,0.005640625,0.278089375,-0.7898071354166666,-0.3751396354166665,-150.0558541666666,0.01893939393939394,0.985819018874043
greedy_analytic_N2000_K400_H200_nominal_t0p05,episode,T005,1,1.89,2.227234282492247,0.09875,1.79125,4.43375,2.601,0.01126,0.56392,190.9072625,0.0945,0.00563,0.28196,-0.7954469270833333,-0.4133569270833333,-165.34277083333333,0.025252525252525252,0.9915684433623975
greedy_analytic_N2000_K400_H200_nominal_t0p05,episode,T006,1,2.635,3.053435114503817,0.135,2.5,4.42125,2.57175,0.01099875,0.559035,188.4520375,0.13175,0.005499375,0.2795175,-0.7852168229166666,-0.36844994791666663,-147.37997916666666,0.01893939393939394,0.9891201496267632
greedy_analytic_N2000_K400_H200_nominal_t0p05,episode,T007,1,2.725,2.594142259414226,0.11625,2.60875,4.48125,2.619,0.0111325,0.5503825,188.0006,0.13625,0.00556625,0.27519125,-0.7833358333333333,-0.36632833333333337,-146.53133333333335,0.017676767676767676,0.9906604094131557
greedy_analytic_N2000_K400_H200_nominal_t0p05,episode,T008,1,3.33875,3.524355300859599,0.15375,3.185,4.3625,2.52525,0.010728749999999999,0.54924875,189.1986125,0.1669375,0.005364374999999999,0.274624375,-0.7883275520833333,-0.3414013020833333,-136.56052083333333,0.01893939393939394,0.9923824833439143
greedy_analytic_N2000_K400_H200_nominal_t0p05,episode,T009,1,3.14875,3.6020583190394513,0.1575,2.99125,4.3725,2.529,0.0108775,0.54995625,184.42485,0.1574375,0.00543875,0.274978125,-0.768436875,-0.3305825,-132.233,0.021464646464646464,0.9858502490111059
greedy_analytic_N2000_K400_H200_nominal_t0p05,episode,T010,1,2.72875,3.1284916201117317,0.14,2.58875,4.475,2.601,0.011227500000000001,0.55438125,187.3500625,0.1364375,0.005613750000000001,0.277190625,-0.7806252604166667,-0.3613833854166667,-144.55335416666668,0.016414141414141416,0.9852837544889865
greedy_analytic_N2000_K400_H200_nominal_t0p05,episode,T011,1,3.19875,3.6612632755729457,0.16375,3.035,4.4725,2.58525,0.01128625,0.54598875,194.0260875,0.1599375,0.005643125,0.272994375,-0.8084420312499999,-0.36986703124999987,-147.94681249999994,0.022727272727272728,0.9937740317458053
greedy_analytic_N2000_K400_H200_nominal_t0p05,episode,T012,1,2.4725,2.3090079817559865,0.10125,2.37125,4.385,2.57025,0.011148749999999999,0.55099,192.1569625,0.123625,0.0055743749999999995,0.275495,-0.8006540104166666,-0.3959596354166666,-158.38385416666665,0.022727272727272728,0.9918517835700282
greedy_analytic_N2000_K400_H200_nominal_t0p05,episode,T013,1,2.1675,2.4110218140068884,0.105,2.0625,4.355,2.55,0.010945,0.5551825,194.9729,0.108375,0.0054725,0.27759125,-0.8123870833333334,-0.4209483333333334,-168.37933333333336,0.027777777777777776,0.988465418263395
greedy_analytic_N2000_K400_H200_nominal_t0p05,episode,T014,1,2.395,2.450570871623503,0.11,2.285,4.48875,2.62725,0.01138125,0.55018,191.793,0.11975,0.005690625,0.27509,-0.7991375000000001,-0.398606875,-159.44275000000002,0.017676767676767676,0.996346498437056
greedy_analytic_N2000_K400_H200_nominal_t0p05,episode,T015,1,3.70125,3.598538093899353,0.16,3.54125,4.44625,2.57175,0.011101249999999998,0.54056375,187.16035,0.1850625,0.005550624999999999,0.270281875,-0.7798347916666667,-0.3189397916666667,-127.57591666666667,0.021464646464646464,0.9747691407759311
greedy_analytic_N2000_K400_H200_nominal_t0p05,episode,T016,1,2.4725,2.538787023977433,0.1125,2.36,4.43125,2.59125,0.01110625,0.5566975,186.826475,0.123625,0.005553125,0.27834875,-0.7784436458333333,-0.3709167708333333,-148.36670833333332,0.015151515151515152,0.9940223235324808
greedy_analytic_N2000_K400_H200_nominal_t0p05,episode,T017,1,2.3725,2.129424778761062,0.09625,2.27625,4.52,2.65425,0.011471249999999999,0.55339,192.4755875,0.118625,0.005735624999999999,0.276695,-0.8019816145833333,-0.40092598958333325,-160.3703958333333,0.020202020202020204,0.9933987504746862
greedy_analytic_N2000_K400_H200_nominal_t0p05,episode,T018,1,2.54125,2.5779036827195467,0.11375,2.4275,4.4125,2.57925,0.01112125,0.55033125,183.7519125,0.1270625,0.005560625,0.275165625,-0.76563296875,-0.35784421874999994,-143.13768749999997,0.021464646464646464,0.984740382128362
greedy_analytic_N2000_K400_H200_nominal_t0p05,episode,T019,1,1.87,2.0310296191819464,0.09,1.78,4.43125,2.60475,0.01119125,0.561045,194.8698375,0.0935,0.005595625,0.2805225,-0.8119576562499999,-0.4323395312499999,-172.93581249999997,0.020202020202020204,0.9957589830980191
greedy_analytic_N2000_K400_H200_nominal_t0p05,episode,T020,1,2.5375,2.9034059184812953,0.13,2.4075,4.4775,2.6085,0.011205,0.556635,188.5726125,0.126875,0.0056025,0.2783175,-0.78571921875,-0.3749242187499999,-149.96968749999996,0.021464646464646464,0.9785937724763734
greedy_analytic_N2000_K400_H200_nominal_t0p05,episode,T021,1,1.97375,2.238388360380526,0.1,1.87375,4.4675,2.6205,0.01134,0.55709625,192.038675,0.0986875,0.00567,0.278548125,-0.8001611458333334,-0.41725552083333345,-166.9022083333334,0.012626262626262626,0.9899810714826935
greedy_analytic_N2000_K400_H200_nominal_t0p05,episode,T022,1,2.4375,2.451539338654504,0.1075,2.33,4.385,2.5665,0.011162499999999999,0.549675,190.7660875,0.121875,0.005581249999999999,0.2748375,-0.7948586979166666,-0.39256494791666663,-157.02597916666664,0.022727272727272728,0.9892124353514615
greedy_analytic_N2000_K400_H200_nominal_t0p05,episode,T023,1,3.75625,3.9922373163293594,0.18,3.57625,4.50875,2.59725,0.01116875,0.54247875,187.744425,0.1878125,0.005584375,0.271239375,-0.7822684375000001,-0.3176321875000001,-127.05287500000004,0.023989898989898988,0.9892214400688386
greedy_analytic_N2000_K400_H200_nominal_t0p05,episode,T024,1,2.2625,2.3816195012608574,0.10625,2.15625,4.46125,2.613,0.011252499999999999,0.5487675,192.0834625,0.113125,0.005626249999999999,0.27438375,-0.8003477604166667,-0.40721276041666665,-162.88510416666665,0.022727272727272728,0.9885512747889129
greedy_analytic_N2000_K400_H200_nominal_t0p05,episode,T025,1,3.885,4.060193072118115,0.17875,3.70625,4.4025,2.53425,0.010911249999999999,0.54052,184.36985,0.19425,0.0054556249999999995,0.27026,-0.7682077083333334,-0.2982420833333334,-119.29683333333337,0.012626262626262626,0.981032659745682
greedy_analytic_N2000_K400_H200_nominal_t0p05,episode,T026,1,3.53125,3.2202415181138586,0.14,3.39125,4.3475,2.5245,0.0109875,0.54192625,188.03145,0.1765625,0.00549375,0.270963125,-0.783464375,-0.330445,-132.178,0.020202020202020204,0.9850084891713446
greedy_analytic_N2000_K400_H200_nominal_t0p05,episode,T027,1,3.145,3.3656588705077013,0.1475,2.9975,4.3825,2.541,0.011072499999999999,0.54701,189.889925,0.15725,0.0055362499999999995,0.273505,-0.7912080208333333,-0.3549167708333333,-141.96670833333332,0.016414141414141416,0.9824234784430053
greedy_analytic_N2000_K400_H200_nominal_t0p05,episode,T028,1,2.82,2.829654782116582,0.125,2.695,4.4175,2.5755,0.0110525,0.5524175,185.9655625,0.141,0.00552625,0.27620875,-0.7748565104166667,-0.3521215104166667,-140.8486041666667,0.021464646464646464,0.982398061865636
greedy_analytic_N2000_K400_H200_nominal_t0p05,episode,T029,1,3.2475,2.9879921809550405,0.13375,3.11375,4.47625,2.6055,0.011307499999999998,0.5474925,186.5997,0.162375,0.005653749999999999,0.27374625,-0.77749875,-0.33572375,-134.2895,0.012626262626262626,0.9907705595508269
greedy_analytic_N2000_K400_H200_nominal_t0p05,episode,T030,1,3.67875,4.602630074328188,0.20125,3.4775,4.3725,2.50275,0.01076625,0.54338875,184.5472,0.1839375,0.005383125,0.271694375,-0.7689466666666667,-0.3079316666666667,-123.17266666666669,0.023989898989898988,0.9776634668947985
greedy_analytic_N2000_K500_H200_nominal_t0p05,episode,T001,1,4.686,4.895104895104895,0.217,4.469,4.433,2.5296,0.01097,0.63657,185.21824,0.2343,0.005485,0.318285,-0.7717426666666667,-0.21367266666666673,-106.83633333333337,0.01919191919191919,0.9946204429863272
greedy_analytic_N2000_K500_H200_nominal_t0p05,episode,T002,1,4.585,4.726027397260274,0.207,4.378,4.38,2.5038,0.010832999999999999,0.631315,181.87966,0.22925,0.0054164999999999994,0.3156575,-0.7578319166666667,-0.20750791666666668,-103.75395833333334,0.01919191919191919,0.9963513251058771
greedy_analytic_N2000_K500_H200_nominal_t0p05,episode,T003,1,3.266,2.995234853641933,0.132,3.134,4.407,2.565,0.011080999999999999,0.647104,186.62275,0.1633,0.005540499999999999,0.323552,-0.7775947916666667,-0.28520229166666666,-142.60114583333333,0.024242424242424242,0.9929807231157992
greedy_analytic_N2000_K500_H200_nominal_t0p05,episode,T004,1,3.943,4.558856883647086,0.201,3.742,4.409,2.5248,0.01094,0.644007,184.52718,0.19715,0.00547,0.3220035,-0.76886325,-0.24423974999999998,-122.119875,0.01919191919191919,0.9924587111608918
greedy_analytic_N2000_K500_H200_nominal_t0p05,episode,T005,1,2.847,3.236914600550964,0.141,2.706,4.356,2.529,0.010988999999999999,0.653585,189.12603,0.14235,0.005494499999999999,0.3267925,-0.788025125,-0.313388125,-156.6940625,0.026262626262626262,0.9921713357283279
greedy_analytic_N2000_K500_H200_nominal_t0p05,episode,T006,1,3.967,4.720037019898196,0.204,3.763,4.322,2.4708,0.01061,0.643731,184.37595,0.19835,0.005305,0.3218655,-0.768233125,-0.2427126249999999,-121.35631249999996,0.01818181818181818,0.9896464055546983
greedy_analytic_N2000_K500_H200_nominal_t0p05,episode,T007,1,4.107,4.0867579908675795,0.179,3.928,4.38,2.5206,0.010731,0.635545,183.14605,0.20535,0.0053655,0.3177725,-0.7631085416666666,-0.23462054166666657,-117.31027083333329,0.01919191919191919,0.9924476893370848
greedy_analytic_N2000_K500_H200_nominal_t0p05,episode,T008,1,4.812,5.06007393715342,0.219,4.593,4.328,2.4654,0.010535,0.629842,183.45628,0.2406,0.0052675,0.314921,-0.7644011666666667,-0.20361266666666666,-101.80633333333333,0.01919191919191919,0.9930750952826928
greedy_analytic_N2000_K500_H200_nominal_t0p05,episode,T009,1,4.628,5.106085334576824,0.219,4.409,4.289,2.442,0.010518,0.632266,180.36713,0.2314,0.005259,0.316133,-0.7515297083333333,-0.19873770833333337,-99.3688541666667,0.021212121212121213,0.9938053394937287
greedy_analytic_N2000_K500_H200_nominal_t0p05,episode,T010,1,3.994,4.458022176963114,0.197,3.797,4.419,2.5332,0.010942,0.645726,182.74006,0.1997,0.005471,0.322863,-0.7614169166666667,-0.23338291666666666,-116.69145833333333,0.01717171717171717,0.9932669573704533
greedy_analytic_N2000_K500_H200_nominal_t0p05,episode,T011,1,4.78,5.544194501249716,0.244,4.536,4.401,2.4942,0.010828999999999998,0.630216,188.19848,0.239,0.005414499999999999,0.315108,-0.7841603333333332,-0.22463783333333331,-112.31891666666665,0.022222222222222223,0.9899028710733226
greedy_analytic_N2000_K500_H200_nominal_t0p05,episode,T012,1,3.739,3.8035961272475793,0.165,3.574,4.338,2.5038,0.010819,0.641485,186.54318,0.18695,0.0054095,0.3207425,-0.7772632500000001,-0.2641612500000001,-132.08062500000005,0.022222222222222223,0.9939121080249986
greedy_analytic_N2000_K500_H200_nominal_t0p05,episode,T013,1,3.244,3.825887743413517,0.167,3.077,4.365,2.5188,0.010801999999999997,0.64675,187.54459,0.1622,0.005400999999999999,0.323375,-0.7814357916666667,-0.29045979166666663,-145.22989583333333,0.026262626262626262,0.9969182115400177
greedy_analytic_N2000_K500_H200_nominal_t0p05,episode,T014,1,3.569,3.718065693430657,0.163,3.406,4.384,2.5326,0.010922999999999999,0.645097,187.75283,0.17845,0.005461499999999999,0.3225485,-0.7823034583333333,-0.27584345833333324,-137.9217291666666,0.01919191919191919,0.9977705825449195
greedy_analytic_N2000_K500_H200_nominal_t0p05,episode,T015,1,5.367,5.920294862934807,0.257,5.11,4.341,2.4504,0.010554000000000001,0.622767,181.27615,0.26835,0.0052770000000000004,0.3113835,-0.7553172916666667,-0.17030679166666685,-85.15339583333342,0.01919191919191919,0.9954878734761647
greedy_analytic_N2000_K500_H200_nominal_t0p05,episode,T016,1,3.714,4.461643523787845,0.196,3.518,4.393,2.5182,0.010771,0.642964,182.68896,0.1857,0.0053855,0.321482,-0.761204,-0.24863650000000004,-124.31825000000002,0.015151515151515152,0.9966477940167577
greedy_analytic_N2000_K500_H200_nominal_t0p05,episode,T017,1,3.526,3.2135683999107343,0.144,3.382,4.481,2.6022,0.011252999999999999,0.645406,187.60539,0.1763,0.0056264999999999996,0.322703,-0.781689125,-0.2770596249999999,-138.52981249999996,0.021212121212121213,0.9946282109689928
greedy_analytic_N2000_K500_H200_nominal_t0p05,episode,T018,1,3.76,3.873319662793347,0.17,3.59,4.389,2.5314,0.010939,0.640196,180.18754,0.188,0.0054695,0.320098,-0.7507814166666668,-0.2372139166666668,-118.6069583333334,0.021212121212121213,0.9965678665635249
greedy_analytic_N2000_K500_H200_nominal_t0p05,episode,T019,1,2.796,3.3500455788514127,0.147,2.649,4.388,2.5446,0.010953,0.64993,189.54968,0.1398,0.0054765,0.324965,-0.7897903333333333,-0.3195488333333333,-159.77441666666664,0.01717171717171717,0.9929160942979365
greedy_analytic_N2000_K500_H200_nominal_t0p05,episode,T020,1,3.668,3.938630638882528,0.172,3.496,4.367,2.517,0.010841,0.642558,185.03196,0.1834,0.0054205,0.321279,-0.7709665,-0.26086700000000007,-130.43350000000004,0.020202020202020204,0.9889684360690025
greedy_analytic_N2000_K500_H200_nominal_t0p05,episode,T021,1,2.956,3.420933393747168,0.151,2.805,4.414,2.5578,0.011076999999999998,0.652068,189.76621,0.1478,0.005538499999999999,0.326034,-0.7906925416666667,-0.3113200416666667,-155.66002083333336,0.014141414141414142,0.996585650771513
greedy_analytic_N2000_K500_H200_nominal_t0p05,episode,T022,1,3.696,3.653179190751445,0.158,3.538,4.325,2.5002,0.010853,0.641412,185.03433,0.1848,0.0054265,0.320706,-0.770976375,-0.26004387500000004,-130.0219375,0.021212121212121213,0.9894569022687938
greedy_analytic_N2000_K500_H200_nominal_t0p05,episode,T023,1,5.51,5.913122583579714,0.26,5.25,4.397,2.4822,0.010693,0.620842,180.33172,0.2755,0.0053465,0.310421,-0.7513821666666666,-0.16011466666666652,-80.05733333333326,0.023232323232323233,0.9895575969161541
greedy_analytic_N2000_K500_H200_nominal_t0p05,episode,T024,1,3.38,3.761467889908257,0.164,3.216,4.36,2.5176,0.010804,0.647194,186.5768,0.169,0.005402,0.323597,-0.7774033333333333,-0.2794043333333333,-139.70216666666664,0.021212121212121213,0.9972519168846945
greedy_analytic_N2000_K500_H200_nominal_t0p05,episode,T025,1,5.645,6.031307550644567,0.262,5.383,4.344,2.4492,0.010537999999999999,0.622203,178.22616,0.28225,0.005268999999999999,0.3111015,-0.742609,-0.14398849999999996,-71.99424999999998,0.015151515151515152,0.9948246194982457
greedy_analytic_N2000_K500_H200_nominal_t0p05,episode,T026,1,5.173,5.094648282308951,0.218,4.955,4.279,2.4366,0.010549,0.625175,181.80945,0.25865,0.0052745,0.3125875,-0.757539375,-0.181027375,-90.51368749999999,0.01818181818181818,0.9949931498048961
greedy_analytic_N2000_K500_H200_nominal_t0p05,episode,T027,1,4.62,5.5376095985233045,0.24,4.38,4.334,2.4564,0.010688,0.63234,183.7129,0.231,0.005344,0.31617,-0.7654704166666666,-0.21295641666666665,-106.47820833333333,0.01717171717171717,0.984666911270464
greedy_analytic_N2000_K500_H200_nominal_t0p05,episode,T028,1,4.155,4.3299908842297175,0.19,3.965,4.388,2.5188,0.010834000000000002,0.639545,182.62841,0.20775,0.005417000000000001,0.3197725,-0.7609517083333334,-0.22801220833333335,-114.00610416666667,0.01919191919191919,0.9938599085441664
greedy_analytic_N2000_K500_H200_nominal_t0p05,episode,T029,1,4.789,4.58485401459854,0.201,4.588,4.384,2.5098,0.010889000000000001,0.631325,180.82761,0.23945,0.0054445000000000006,0.3156625,-0.753448375,-0.19289137499999998,-96.44568749999999,0.01717171717171717,0.9927573025319161
greedy_analytic_N2000_K500_H200_nominal_t0p05,episode,T030,1,5.495,6.261638733705773,0.269,5.226,4.296,2.4162,0.010373,0.623343,179.32363,0.27475,0.0051865,0.3116715,-0.7471817916666667,-0.15557379166666674,-77.78689583333338,0.01919191919191919,0.9877814826528297
maxsinr_ttt_N2000_K100_H50_nominal_tnative,episode,T001,1,1.16,1.0582010582010581,0.04,1.12,3.78,2.244,0.00966,0.23016,203.8272,0.058,0.00483,0.11508,-0.84928,-0.67137,-67.137,0.0,0.49941553705011754
maxsinr_ttt_N2000_K100_H50_nominal_tnative,episode,T002,1,1.18,1.2820512820512822,0.04,1.14,3.12,1.848,0.007919999999999998,0.23954,204.4996,0.059,0.003959999999999999,0.11977,-0.8520816666666666,-0.6693516666666666,-66.93516666666666,0.020833333333333332,0.4971726500163056
maxsinr_ttt_N2000_K100_H50_nominal_tnative,episode,T003,1,0.8,0.0,0.0,0.8,3.14,1.884,0.007899999999999999,0.23224,208.1346,0.04,0.0039499999999999995,0.11612,-0.8672275,-0.7071575000000001,-70.71575000000001,0.020833333333333332,0.4697593759469816
maxsinr_ttt_N2000_K100_H50_nominal_tnative,episode,T004,1,0.94,1.1627906976744187,0.04,0.9,3.44,2.04,0.008639999999999998,0.22998,203.0336,0.047,0.004319999999999999,0.11499,-0.8459733333333334,-0.6796633333333334,-67.96633333333334,0.0,0.515185967303199
maxsinr_ttt_N2000_K100_H50_nominal_tnative,episode,T005,1,0.82,0.0,0.0,0.82,3.34,2.004,0.00822,0.23086,200.6918,0.041,0.00411,0.11543,-0.8362158333333334,-0.6756758333333334,-67.56758333333333,0.0,0.49826815059252705
maxsinr_ttt_N2000_K100_H50_nominal_tnative,episode,T006,1,0.8,1.6483516483516483,0.06,0.74,3.64,2.148,0.009179999999999999,0.22196,204.185,0.04,0.0045899999999999995,0.11098,-0.8507708333333334,-0.6952008333333334,-69.52008333333333,0.020833333333333332,0.4751539200000001
maxsinr_ttt_N2000_K100_H50_nominal_tnative,episode,T007,1,1.06,1.1764705882352942,0.04,1.02,3.4,2.016,0.00848,0.23238,202.1718,0.053,0.00424,0.11619,-0.8423824999999999,-0.6689525,-66.89524999999999,0.0625,0.6067422720000002
maxsinr_ttt_N2000_K100_H50_nominal_tnative,episode,T008,1,0.84,0.6578947368421053,0.02,0.82,3.04,1.812,0.00762,0.23056,205.7654,0.042,0.00381,0.11528,-0.8573558333333333,-0.6962658333333334,-69.62658333333334,0.020833333333333332,0.5596355010770345
maxsinr_ttt_N2000_K100_H50_nominal_tnative,episode,T009,1,0.98,2.1739130434782608,0.06,0.92,2.76,1.62,0.006939999999999999,0.2125,200.6094,0.049,0.0034699999999999996,0.10625,-0.8358725,-0.6771525,-67.71525,0.0,0.522170421192313
maxsinr_ttt_N2000_K100_H50_nominal_tnative,episode,T010,1,1.04,1.2820512820512822,0.04,1.0,3.12,1.848,0.008239999999999999,0.26552,195.8352,0.052,0.0041199999999999995,0.13276,-0.8159799999999999,-0.6271,-62.71,0.0,0.7382834380800001
maxsinr_ttt_N2000_K100_H50_nominal_tnative,episode,T011,1,1.08,1.36986301369863,0.04,1.04,2.92,1.728,0.007560000000000001,0.22988,204.1156,0.054,0.0037800000000000004,0.11494,-0.8504816666666667,-0.6777616666666667,-67.77616666666667,0.020833333333333332,0.47609095740685237
maxsinr_ttt_N2000_K100_H50_nominal_tnative,episode,T012,1,1.14,0.6289308176100629,0.02,1.12,3.18,1.896,0.00808,0.23054,204.1134,0.057,0.00404,0.11527,-0.8504725000000001,-0.6741625000000001,-67.41625,0.0,0.6533210854488823
maxsinr_ttt_N2000_K100_H50_nominal_tnative,episode,T013,1,0.96,1.2738853503184713,0.04,0.92,3.14,1.86,0.0081,0.24496,203.9308,0.048,0.00405,0.12248,-0.8497116666666666,-0.6751816666666666,-67.51816666666666,0.020833333333333332,0.5556222034903041
maxsinr_ttt_N2000_K100_H50_nominal_tnative,episode,T014,1,0.76,1.2738853503184713,0.04,0.72,3.14,1.86,0.00806,0.23104,206.543,0.038,0.00403,0.11552,-0.8605958333333333,-0.7030458333333334,-70.30458333333334,0.0,0.5587610688291645
maxsinr_ttt_N2000_K100_H50_nominal_tnative,episode,T015,1,1.16,2.6666666666666665,0.08,1.08,3.0,1.752,0.0074,0.2488,202.3608,0.058,0.0037,0.1244,-0.8431700000000001,-0.65707,-65.70700000000001,0.020833333333333332,0.6060475904
maxsinr_ttt_N2000_K100_H50_nominal_tnative,episode,T016,1,0.82,0.0,0.0,0.82,3.1,1.86,0.00758,0.22826,204.3396,0.041,0.00379,0.11413,-0.8514149999999999,-0.6924949999999999,-69.24949999999998,0.0,0.4960717791056001
maxsinr_ttt_N2000_K100_H50_nominal_tnative,episode,T017,1,0.72,0.0,0.0,0.72,3.22,1.932,0.008020000000000001,0.252,210.1122,0.036,0.0040100000000000005,0.126,-0.8754675,-0.7094575,-70.94574999999999,0.0,0.6633294383644673
maxsinr_ttt_N2000_K100_H50_nominal_tnative,episode,T018,1,0.78,1.3071895424836601,0.04,0.74,3.06,1.812,0.00778,0.23974,200.5176,0.039,0.00389,0.11987,-0.83549,-0.6727299999999999,-67.273,0.020833333333333332,0.4945737725924041
maxsinr_ttt_N2000_K100_H50_nominal_tnative,episode,T019,1,0.62,1.1235955056179776,0.04,0.58,3.56,2.112,0.009,0.2361,210.5332,0.031,0.0045,0.11805,-0.8772216666666667,-0.7236716666666667,-72.36716666666668,0.0,0.6297243358167041
maxsinr_ttt_N2000_K100_H50_nominal_tnative,episode,T020,1,1.08,1.3245033112582782,0.04,1.04,3.02,1.788,0.007660000000000001,0.23612,198.8186,0.054,0.0038300000000000005,0.11806,-0.8284108333333333,-0.6525208333333333,-65.25208333333333,0.0,0.48258392698837704
maxsinr_ttt_N2000_K100_H50_nominal_tnative,episode,T021,1,0.62,0.6666666666666666,0.02,0.6,3.0,1.788,0.0075,0.25966,204.6842,0.031,0.00375,0.12983,-0.8528508333333333,-0.6882708333333334,-68.82708333333333,0.0,0.597340066829613
maxsinr_ttt_N2000_K100_H50_nominal_tnative,episode,T022,1,0.82,0.5882352941176471,0.02,0.8,3.4,2.028,0.0087,0.2383,209.2004,0.041,0.00435,0.11915,-0.8716683333333334,-0.7071683333333334,-70.71683333333334,0.0,0.5872966824573274
maxsinr_ttt_N2000_K100_H50_nominal_tnative,episode,T023,1,1.3,1.1173184357541899,0.04,1.26,3.58,2.124,0.00898,0.24782,194.0502,0.065,0.00449,0.12391,-0.8085424999999999,-0.6151424999999999,-61.51424999999999,0.0,0.5818589394608751
maxsinr_ttt_N2000_K100_H50_nominal_tnative,episode,T024,1,0.82,0.6172839506172839,0.02,0.8,3.24,1.932,0.00842,0.23662,207.3608,0.041,0.00421,0.11831,-0.8640033333333333,-0.7004833333333333,-70.04833333333333,0.0,0.5961331056077448
maxsinr_ttt_N2000_K100_H50_nominal_tnative,episode,T025,1,1.38,1.25,0.04,1.34,3.2,1.896,0.008440000000000001,0.22354,199.2176,0.069,0.004220000000000001,0.11177,-0.8300733333333333,-0.6450833333333333,-64.50833333333334,0.0,0.4799398838181037
maxsinr_ttt_N2000_K100_H50_nominal_tnative,episode,T026,1,1.14,0.0,0.0,1.14,3.52,2.112,0.00924,0.24738,196.5474,0.057,0.00462,0.12369,-0.8189475,-0.6336375000000001,-63.36375000000001,0.041666666666666664,0.7603073969030778
maxsinr_ttt_N2000_K100_H50_nominal_tnative,episode,T027,1,1.12,1.1764705882352942,0.04,1.08,3.4,2.016,0.00864,0.23276,205.1942,0.056,0.00432,0.11638,-0.8549758333333333,-0.6782758333333333,-67.82758333333334,0.0,0.492731955077383
maxsinr_ttt_N2000_K100_H50_nominal_tnative,episode,T028,1,1.08,0.6172839506172839,0.02,1.06,3.24,1.932,0.008339999999999998,0.22276,201.7074,0.054,0.004169999999999999,0.11138,-0.8404475,-0.6708975,-67.08975000000001,0.0,0.547841699178602
maxsinr_ttt_N2000_K100_H50_nominal_tnative,episode,T029,1,0.98,1.6129032258064515,0.06,0.92,3.72,2.196,0.00942,0.22798,204.7482,0.049,0.00471,0.11399,-0.8531175,-0.6854175,-68.54175000000001,0.0,0.5710565513676616
maxsinr_ttt_N2000_K100_H50_nominal_tnative,episode,T030,1,1.32,1.7543859649122806,0.06,1.26,3.42,2.016,0.00864,0.23856,200.1058,0.066,0.00432,0.11928,-0.8337741666666666,-0.6441741666666666,-64.41741666666665,0.020833333333333332,0.5184132490346108
maxsinr_ttt_N2000_K100_H200_nominal_tnative,episode,T001,1,1.1,0.8356545961002786,0.03,1.07,3.59,2.136,0.009290000000000001,0.23496,203.9252,0.055,0.004645000000000001,0.11748,-0.8496883333333333,-0.6725633333333333,-67.25633333333333,0.010101010101010102,0.6146866070079744
maxsinr_ttt_N2000_K100_H200_nominal_tnative,episode,T002,1,1.21,0.7062146892655368,0.025,1.185,3.54,2.109,0.009125,0.24602,204.8701,0.0605,0.0045625,0.12301,-0.8536254166666667,-0.6655529166666667,-66.55529166666668,0.010101010101010102,0.7935678883915815
maxsinr_ttt_N2000_K100_H200_nominal_tnative,episode,T003,1,0.69,0.3067484662576687,0.01,0.68,3.26,1.95,0.00831,0.23752,207.7722,0.0345,0.004155,0.11876,-0.8657175,-0.7083025000000001,-70.83025,0.010101010101010102,0.49906861759719123
maxsinr_ttt_N2000_K100_H200_nominal_tnative,episode,T004,1,0.86,0.4195804195804196,0.015,0.845,3.575,2.136,0.009269999999999999,0.24168,202.5739,0.043,0.004634999999999999,0.12084,-0.8440579166666667,-0.6755829166666667,-67.55829166666668,0.005050505050505051,0.7279101530811636
maxsinr_ttt_N2000_K100_H200_nominal_tnative,episode,T005,1,0.735,0.5805515239477503,0.02,0.715,3.445,2.055,0.008855,0.240545,201.1419,0.03675,0.0044275,0.1202725,-0.83809125,-0.67664125,-67.664125,0.0,0.5788180981118682
maxsinr_ttt_N2000_K100_H200_nominal_tnative,episode,T006,1,0.98,1.3533834586466165,0.045,0.935,3.325,1.968,0.00838,0.23634,203.27435,0.049,0.00419,0.11817,-0.8469764583333333,-0.6756164583333333,-67.56164583333333,0.015151515151515152,0.5943072977748379
maxsinr_ttt_N2000_K100_H200_nominal_tnative,episode,T007,1,0.98,1.06544901065449,0.035,0.945,3.285,1.95,0.008239999999999999,0.22872,202.6909,0.049,0.0041199999999999995,0.11436,-0.8445454166666667,-0.6770654166666668,-67.70654166666668,0.015151515151515152,0.6067422720000002
maxsinr_ttt_N2000_K100_H200_nominal_tnative,episode,T008,1,1.305,1.8181818181818181,0.06,1.245,3.3,1.944,0.008249999999999999,0.228845,204.68845,0.06525,0.004124999999999999,0.1144225,-0.8528685416666666,-0.6690710416666665,-66.90710416666666,0.010101010101010102,0.6014883933435593
maxsinr_ttt_N2000_K100_H200_nominal_tnative,episode,T009,1,1.035,1.632047477744807,0.055,0.98,3.37,1.989,0.008624999999999999,0.226255,200.18605,0.05175,0.0043124999999999995,0.1131275,-0.8341085416666666,-0.6649185416666665,-66.49185416666666,0.0,0.6074751035162169
maxsinr_ttt_N2000_K100_H200_nominal_tnative,episode,T010,1,1.015,0.9900990099009901,0.035,0.98,3.535,2.1,0.00905,0.245835,196.6302,0.05075,0.004525,0.1229175,-0.8192925,-0.6411,-64.11,0.010101010101010102,0.7382834380800001
maxsinr_ttt_N2000_K100_H200_nominal_tnative,episode,T011,1,1.05,1.0432190760059612,0.035,1.015,3.355,1.992,0.00868,0.23445,203.7805,0.0525,0.00434,0.117225,-0.8490854166666666,-0.6750204166666666,-67.50204166666666,0.005050505050505051,0.5957353494435925
maxsinr_ttt_N2000_K100_H200_nominal_tnative,episode,T012,1,0.795,0.436046511627907,0.015,0.78,3.44,2.055,0.008745000000000001,0.229025,204.16175,0.03975,0.0043725000000000005,0.1145125,-0.8506739583333334,-0.6920389583333334,-69.20389583333333,0.020202020202020204,0.6533210854488823
maxsinr_ttt_N2000_K100_H200_nominal_tnative,episode,T013,1,0.775,0.4418262150220913,0.015,0.76,3.395,2.028,0.00876,0.233905,204.1459,0.03875,0.00438,0.1169525,-0.8506079166666667,-0.6905254166666667,-69.05254166666667,0.010101010101010102,0.5556222034903041
maxsinr_ttt_N2000_K100_H200_nominal_tnative,episode,T014,1,0.795,1.4064697609001406,0.05,0.745,3.555,2.103,0.009025,0.220755,206.84215,0.03975,0.0045125,0.1103775,-0.8618422916666667,-0.7072022916666667,-70.72022916666667,0.0,0.5916320584495494
maxsinr_ttt_N2000_K100_H200_nominal_tnative,episode,T015,1,1.275,1.721664275466284,0.06,1.215,3.485,2.055,0.008815,0.243505,202.71645,0.06375,0.0044075,0.1217525,-0.844651875,-0.654741875,-65.4741875,0.015151515151515152,0.6523560793828093
maxsinr_ttt_N2000_K100_H200_nominal_tnative,episode,T016,1,0.85,0.727802037845706,0.025,0.825,3.435,2.046,0.008719999999999999,0.22459,204.9781,0.0425,0.004359999999999999,0.112295,-0.8540754166666668,-0.6949204166666667,-69.49204166666667,0.005050505050505051,0.4960717791056001
maxsinr_ttt_N2000_K100_H200_nominal_tnative,episode,T017,1,0.81,0.13831258644536654,0.005,0.805,3.615,2.166,0.00915,0.2376,209.84925,0.0405,0.004575,0.1188,-0.874371875,-0.710496875,-71.0496875,0.0,0.6633294383644673
maxsinr_ttt_N2000_K100_H200_nominal_tnative,episode,T018,1,0.845,1.2121212121212122,0.04,0.805,3.3,1.956,0.00843,0.239705,200.22115,0.04225,0.004215,0.1198525,-0.8342547916666666,-0.6679372916666666,-66.79372916666667,0.020202020202020204,0.5997083393062056
maxsinr_ttt_N2000_K100_H200_nominal_tnative,episode,T019,1,0.66,0.76103500761035,0.025,0.635,3.285,1.956,0.008419999999999999,0.24376,210.47955,0.033,0.004209999999999999,0.12188,-0.876998125,-0.7179081249999999,-71.79081249999999,0.0,0.7458167436084104
maxsinr_ttt_N2000_K100_H200_nominal_tnative,episode,T020,1,0.97,1.0057471264367817,0.035,0.935,3.48,2.067,0.008875,0.23977,199.59495,0.0485,0.0044375,0.119885,-0.831645625,-0.6588231250000001,-65.88231250000001,0.015151515151515152,0.6915365409918852
maxsinr_ttt_N2000_K100_H200_nominal_tnative,episode,T021,1,0.645,0.2857142857142857,0.01,0.635,3.5,2.094,0.00893,0.243345,204.5192,0.03225,0.004465,0.1216725,-0.8521633333333334,-0.6937758333333334,-69.37758333333333,0.005050505050505051,0.597340066829613
maxsinr_ttt_N2000_K100_H200_nominal_tnative,episode,T022,1,0.805,1.0687022900763359,0.035,0.77,3.275,1.944,0.00848,0.235245,208.41655,0.04025,0.00424,0.1176225,-0.8684022916666667,-0.7062897916666667,-70.62897916666667,0.005050505050505051,0.6537950780092165
maxsinr_ttt_N2000_K100_H200_nominal_tnative,episode,T023,1,1.265,1.2857142857142858,0.045,1.22,3.5,2.073,0.008794999999999999,0.239595,194.21845,0.06325,0.0043974999999999995,0.1197975,-0.8092435416666667,-0.6217985416666667,-62.17985416666667,0.015151515151515152,0.5818589394608751
maxsinr_ttt_N2000_K100_H200_nominal_tnative,episode,T024,1,0.845,1.313868613138686,0.045,0.8,3.425,2.028,0.008879999999999999,0.237835,207.3739,0.04225,0.0044399999999999995,0.1189175,-0.8640579166666666,-0.6984504166666666,-69.84504166666666,0.005050505050505051,0.6832873872496276
maxsinr_ttt_N2000_K100_H200_nominal_tnative,episode,T025,1,1.3,1.36986301369863,0.045,1.255,3.285,1.944,0.00845,0.22624,199.04945,0.065,0.004225,0.11312,-0.8293727083333333,-0.6470277083333333,-64.70277083333333,0.0,0.5721834637826906
maxsinr_ttt_N2000_K100_H200_nominal_tnative,episode,T026,1,1.295,0.7518796992481203,0.025,1.27,3.325,1.98,0.00874,0.234485,196.80355,0.06475,0.00437,0.1172425,-0.8200147916666667,-0.6336522916666667,-63.36522916666667,0.015151515151515152,0.7603073969030778
maxsinr_ttt_N2000_K100_H200_nominal_tnative,episode,T027,1,1.11,1.0542168674698795,0.035,1.075,3.32,1.971,0.008565000000000001,0.23994,204.5356,0.0555,0.004282500000000001,0.11997,-0.8522316666666666,-0.6724791666666666,-67.24791666666667,0.0,0.5748381569807792
maxsinr_ttt_N2000_K100_H200_nominal_tnative,episode,T028,1,1.055,0.9302325581395349,0.03,1.025,3.225,1.917,0.008225,0.227375,201.8097,0.05275,0.0041125,0.1136875,-0.84087375,-0.67032375,-67.032375,0.010101010101010102,0.61381140139317
maxsinr_ttt_N2000_K100_H200_nominal_tnative,episode,T029,1,1.145,1.4705882352941178,0.05,1.095,3.4,2.01,0.00867,0.231765,204.2417,0.05725,0.004335,0.1158825,-0.8510070833333334,-0.6735395833333334,-67.35395833333334,0.010101010101010102,0.5710565513676616
maxsinr_ttt_N2000_K100_H200_nominal_tnative,episode,T030,1,1.32,2.2658610271903323,0.075,1.245,3.31,1.941,0.008375,0.23865,200.21245,0.066,0.0041875,0.119325,-0.8342185416666666,-0.6447060416666667,-64.47060416666666,0.010101010101010102,0.6428301124557764
maxsinr_ttt_N2000_K100_H800_nominal_tnative,episode,T001,1,1.20875,1.1727078891257996,0.04125,1.1675,3.5175,2.08575,0.00901875,0.23333625,203.5871375,0.0604375,0.004509375,0.116668125,-0.8482797395833334,-0.6666647395833334,-66.66647395833334,0.012531328320802004,0.672502374357093
maxsinr_ttt_N2000_K100_H800_nominal_tnative,episode,T002,1,1.225,0.8934953538241601,0.03125,1.19375,3.4975,2.07975,0.00901625,0.233795,205.047075,0.06125,0.004508125,0.1168975,-0.8543628125,-0.6717071875,-67.17071875,0.007518796992481203,0.7935678883915815
maxsinr_ttt_N2000_K100_H800_nominal_tnative,episode,T003,1,0.795,0.6444275966641395,0.02125,0.77375,3.2975,1.96575,0.00843875,0.23909,207.2725125,0.03975,0.004219375,0.119545,-0.86363546875,-0.70012109375,-70.012109375,0.012531328320802004,0.6912755045019798
maxsinr_ttt_N2000_K100_H800_nominal_tnative,episode,T004,1,1.01875,0.6460875807609476,0.0225,0.99625,3.4825,2.076,0.009,0.23762875,202.3122375,0.0509375,0.0045,0.118814375,-0.84296765625,-0.66871578125,-66.871578125,0.005012531328320802,0.7279101530811636
maxsinr_ttt_N2000_K100_H800_nominal_tnative,episode,T005,1,0.7775,0.7826396300249022,0.0275,0.75,3.51375,2.09175,0.00891625,0.236685,201.197125,0.038875,0.004458125,0.1183425,-0.8383213541666666,-0.6766457291666667,-67.66457291666667,0.008771929824561403,0.7169522047508994
maxsinr_ttt_N2000_K100_H800_nominal_tnative,episode,T006,1,1.0375,1.2052593133674214,0.04125,0.99625,3.4225,2.02875,0.008671249999999998,0.2368625,203.3605125,0.051875,0.004335624999999999,0.11843125,-0.84733546875,-0.67269359375,-67.26935937500001,0.010025062656641603,0.6500694714031645
maxsinr_ttt_N2000_K100_H800_nominal_tnative,episode,T007,1,1.09375,0.9814612868047983,0.03375,1.06,3.43875,2.043,0.0087925,0.23037125,202.6068875,0.0546875,0.00439625,0.115185625,-0.8441953645833333,-0.6699259895833334,-66.99259895833333,0.007518796992481203,0.6786783612833285
maxsinr_ttt_N2000_K100_H800_nominal_tnative,episode,T008,1,1.31625,1.3800820589332339,0.04625,1.27,3.35125,1.983,0.0085375,0.22994875,204.6235875,0.0658125,0.00426875,0.114974375,-0.85259828125,-0.66754265625,-66.754265625,0.007518796992481203,0.673475152807269
maxsinr_ttt_N2000_K100_H800_nominal_tnative,episode,T009,1,1.17625,1.1244105912223432,0.03875,1.1375,3.44625,2.0445,0.0088475,0.23376625,199.80165,0.0588125,0.00442375,0.116883125,-0.832506875,-0.6523875,-65.23875,0.005012531328320802,0.7317391009431073
maxsinr_ttt_N2000_K100_H800_nominal_tnative,episode,T010,1,1.09625,1.1087267525035764,0.03875,1.0575,3.495,2.07375,0.00899375,0.23934125,196.884125,0.0548125,0.004496875,0.119670625,-0.8203505208333334,-0.6413705208333333,-64.13705208333333,0.008771929824561403,0.7382834380800001
maxsinr_ttt_N2000_K100_H800_nominal_tnative,episode,T011,1,1.2075,1.535166012138522,0.05375,1.15375,3.50125,2.0685,0.008907499999999999,0.23455,203.509775,0.060375,0.004453749999999999,0.117275,-0.8479573958333333,-0.6658536458333333,-66.58536458333333,0.005012531328320802,0.7829503181533016
maxsinr_ttt_N2000_K100_H800_nominal_tnative,episode,T012,1,0.97375,0.8778089887640449,0.03125,0.9425,3.56,2.11725,0.00905625,0.23016125,203.7758875,0.0486875,0.004528125,0.115080625,-0.8490661979166667,-0.6807699479166667,-68.07699479166666,0.010025062656641603,0.6998376156245703
maxsinr_ttt_N2000_K100_H800_nominal_tnative,episode,T013,1,0.85,0.7140307033202428,0.025,0.825,3.50125,2.08575,0.00904875,0.234655,204.2276875,0.0425,0.004524375,0.1173275,-0.8509486979166667,-0.6865968229166667,-68.65968229166667,0.013784461152882205,0.6730222139552968
maxsinr_ttt_N2000_K100_H800_nominal_tnative,episode,T014,1,0.92375,1.1219688744118712,0.03875,0.885,3.45375,2.049,0.008852500000000001,0.22730375,206.5299625,0.0461875,0.0044262500000000005,0.113651875,-0.8605415104166667,-0.6962758854166667,-69.62758854166667,0.005012531328320802,0.8210838060036509
maxsinr_ttt_N2000_K100_H800_nominal_tnative,episode,T015,1,1.40375,1.3634732687477575,0.0475,1.35625,3.48375,2.06175,0.00883125,0.24083875,202.1858125,0.0701875,0.004415625,0.120419375,-0.8424408854166666,-0.6474183854166666,-64.74183854166667,0.013784461152882205,0.6859972561362111
maxsinr_ttt_N2000_K100_H800_nominal_tnative,episode,T016,1,0.97875,0.8026267785479752,0.0275,0.95125,3.42625,2.03925,0.00878875,0.23297125,204.541075,0.0489375,0.004394375,0.116485625,-0.8522544791666667,-0.6824369791666667,-68.24369791666666,0.010025062656641603,0.6941233324873191
maxsinr_ttt_N2000_K100_H800_nominal_tnative,episode,T017,1,0.92125,0.7854337736522671,0.0275,0.89375,3.50125,2.08425,0.008878750000000001,0.23241375,210.023225,0.0460625,0.004439375000000001,0.116206875,-0.8750967708333334,-0.7083880208333333,-70.83880208333333,0.011278195488721804,0.6633294383644673
maxsinr_ttt_N2000_K100_H800_nominal_tnative,episode,T018,1,0.93875,1.2118986412045538,0.04125,0.8975,3.40375,2.0175,0.0086125,0.24220125,199.92355,0.0469375,0.00430625,0.121100625,-0.8330147916666667,-0.6606704166666667,-66.06704166666667,0.007518796992481203,0.7361263369873329
maxsinr_ttt_N2000_K100_H800_nominal_tnative,episode,T019,1,0.73375,0.6754221388367729,0.0225,0.71125,3.33125,1.98525,0.00848375,0.24142875,210.4097,0.0366875,0.004241875,0.120714375,-0.8767070833333332,-0.7150633333333333,-71.50633333333333,0.007518796992481203,0.7650065381820051
maxsinr_ttt_N2000_K100_H800_nominal_tnative,episode,T020,1,0.9475,1.0706638115631693,0.0375,0.91,3.5025,2.079,0.008805,0.2359975,199.93275,0.047375,0.0044025,0.11799875,-0.833053125,-0.663276875,-66.3276875,0.013784461152882205,0.6915365409918852
maxsinr_ttt_N2000_K100_H800_nominal_tnative,episode,T021,1,0.7625,0.48005908419497784,0.01625,0.74625,3.385,2.02125,0.00862875,0.2442825,204.5355875,0.038125,0.004314375,0.12214125,-0.8522316145833333,-0.6876509895833333,-68.76509895833333,0.006265664160401002,0.712305533237477
maxsinr_ttt_N2000_K100_H800_nominal_tnative,episode,T022,1,0.90875,0.856929955290611,0.02875,0.88,3.355,1.99575,0.00866875,0.23385375,208.293225,0.0454375,0.004334375,0.116926875,-0.8678884375,-0.7011896875,-70.11896875,0.005012531328320802,0.670313188658729
maxsinr_ttt_N2000_K100_H800_nominal_tnative,episode,T023,1,1.4,1.349380014587892,0.04625,1.35375,3.4275,2.02875,0.00871125,0.2353425,194.3368,0.07,0.004355625,0.11767125,-0.8097366666666667,-0.6177097916666666,-61.77097916666666,0.013784461152882205,0.6431516980756835
maxsinr_ttt_N2000_K100_H800_nominal_tnative,episode,T024,1,0.84625,0.8397225264695144,0.02875,0.8175,3.42375,2.037,0.008845,0.23588375,207.2726125,0.0423125,0.0044225,0.117941875,-0.8636358854166667,-0.6989590104166667,-69.89590104166668,0.008771929824561403,0.6832873872496276
maxsinr_ttt_N2000_K100_H800_nominal_tnative,episode,T025,1,1.48,1.7524235645041015,0.05875,1.42125,3.3525,1.97625,0.00856125,0.2333,198.657075,0.074,0.004280625,0.11665,-0.8277378125,-0.6328071875,-63.28071875,0.002506265664160401,0.6504886867135656
maxsinr_ttt_N2000_K100_H800_nominal_tnative,episode,T026,1,1.39125,1.337295690936107,0.045,1.34625,3.365,1.992,0.0086425,0.23377375,196.5132375,0.0695625,0.00432125,0.116886875,-0.81880515625,-0.6280345312500001,-62.80345312500001,0.007518796992481203,0.7762625693278191
maxsinr_ttt_N2000_K100_H800_nominal_tnative,episode,T027,1,1.17875,1.6739446870451238,0.0575,1.12125,3.435,2.0265,0.008709999999999999,0.23760375,204.70375,0.0589375,0.0043549999999999995,0.118801875,-0.8529322916666667,-0.6708379166666667,-67.08379166666667,0.007518796992481203,0.6699163150638394
maxsinr_ttt_N2000_K100_H800_nominal_tnative,episode,T028,1,1.115,1.2096774193548387,0.04125,1.07375,3.41,2.02125,0.00873125,0.2348725,201.4663625,0.05575,0.004365625,0.11743625,-0.8394431770833334,-0.6618913020833334,-66.18913020833334,0.008771929824561403,0.7673551473763477
maxsinr_ttt_N2000_K100_H800_nominal_tnative,episode,T029,1,1.21125,1.1768901569186876,0.04125,1.17,3.505,2.07825,0.00888125,0.23539875,204.2784125,0.0605625,0.004440625,0.117699375,-0.8511600520833333,-0.6684575520833334,-66.84575520833333,0.008771929824561403,0.7190909231637286
maxsinr_ttt_N2000_K100_H800_nominal_tnative,episode,T030,1,1.44,1.9272727272727272,0.06625,1.37375,3.4375,2.02275,0.00882375,0.23536,200.006925,0.072,0.004411875,0.11768,-0.8333621875,-0.6392703125,-63.92703125,0.011278195488721804,0.6694669595751581
maxsinr_ttt_N2000_K200_H200_nominal_tnative,episode,T001,1,1.5675,1.3995801259622114,0.05,1.5175,3.5725,2.1135,0.0091825,0.3776625,200.890975,0.078375,0.00459125,0.18883125,-0.8370457291666666,-0.5652482291666666,-113.04964583333333,0.010101010101010102,0.9384857285218637
maxsinr_ttt_N2000_K200_H200_nominal_tnative,episode,T002,1,1.5925,1.3571428571428572,0.0475,1.545,3.5,2.0715,0.0088925,0.3677925,197.04625,0.079625,0.00444625,0.18389625,-0.8210260416666666,-0.5530585416666666,-110.61170833333331,0.007575757575757576,0.8530122728330523
maxsinr_ttt_N2000_K200_H200_nominal_tnative,episode,T003,1,1.025,0.9558823529411765,0.0325,0.9925,3.4,2.0205,0.008732499999999999,0.3851,201.7214,0.05125,0.0043662499999999995,0.19255,-0.8405058333333333,-0.5923395833333333,-118.46791666666665,0.012626262626262626,0.9425607508007221
maxsinr_ttt_N2000_K200_H200_nominal_tnative,episode,T004,1,1.2725,1.7883755588673622,0.06,1.2125,3.355,1.977,0.008639999999999998,0.3740875,200.48455,0.063625,0.004319999999999999,0.18704375,-0.8353522916666667,-0.5803635416666667,-116.07270833333334,0.005050505050505051,0.9423165417509096
maxsinr_ttt_N2000_K200_H200_nominal_tnative,episode,T005,1,1.0125,0.7942238267148014,0.0275,0.985,3.4625,2.061,0.0089,0.3839675,200.6937,0.050625,0.00445,0.19198375,-0.83622375,-0.589165,-117.83300000000001,0.005050505050505051,0.8942429957605305
maxsinr_ttt_N2000_K200_H200_nominal_tnative,episode,T006,1,1.36,1.7450682852807284,0.0575,1.3025,3.295,1.9425,0.0083075,0.37183,198.540225,0.068,0.00415375,0.185915,-0.8272509375,-0.5691821875,-113.83643750000002,0.010101010101010102,0.8859875699932425
maxsinr_ttt_N2000_K200_H200_nominal_tnative,episode,T007,1,1.435,1.6788321167883211,0.0575,1.3775,3.425,2.0205,0.0085875,0.36763,197.038,0.07175,0.00429375,0.183815,-0.8209916666666667,-0.5611329166666666,-112.22658333333332,0.015151515151515152,0.862523223271362
maxsinr_ttt_N2000_K200_H200_nominal_tnative,episode,T008,1,1.8225,1.8018018018018018,0.06,1.7625,3.33,1.962,0.00839,0.3716075,197.518325,0.091125,0.004195,0.18580375,-0.8229930208333334,-0.5418692708333334,-108.37385416666667,0.005050505050505051,0.9044966662760994
maxsinr_ttt_N2000_K200_H200_nominal_tnative,episode,T009,1,1.655,1.5372790161414296,0.05,1.605,3.2525,1.9215,0.0082025,0.364345,193.828075,0.08275,0.00410125,0.1821725,-0.8076169791666667,-0.5385932291666667,-107.71864583333335,0.0025252525252525255,0.9238694993825789
maxsinr_ttt_N2000_K200_H200_nominal_tnative,episode,T010,1,1.3625,1.2756909992912828,0.045,1.3175,3.5275,2.0895,0.0090225,0.3705975,195.540075,0.068125,0.00451125,0.18529875,-0.8147503125,-0.5568153124999999,-111.36306249999998,0.010101010101010102,0.8560210238249373
maxsinr_ttt_N2000_K200_H200_nominal_tnative,episode,T011,1,1.5575,1.2583271650629164,0.0425,1.515,3.3775,2.001,0.0088,0.3748875,199.14545,0.077875,0.0044,0.18744375,-0.8297727083333334,-0.5600539583333334,-112.01079166666668,0.0025252525252525255,0.9919793273667401
maxsinr_ttt_N2000_K200_H200_nominal_tnative,episode,T012,1,1.24,1.2893982808022924,0.045,1.195,3.49,2.067,0.008939999999999998,0.368895,200.579,0.062,0.004469999999999999,0.1844475,-0.8357458333333334,-0.5848283333333334,-116.96566666666668,0.015151515151515152,0.9336960731808543
maxsinr_ttt_N2000_K200_H200_nominal_tnative,episode,T013,1,1.135,0.92790863668808,0.0325,1.1025,3.5025,2.082,0.00898,0.36883,202.789425,0.05675,0.00449,0.184415,-0.8449559375,-0.5993009375,-119.86018750000001,0.017676767676767676,0.8224708567680947
maxsinr_ttt_N2000_K200_H200_nominal_tnative,episode,T014,1,1.155,1.0174418604651163,0.035,1.12,3.44,2.043,0.0088,0.36605,201.6397,0.05775,0.0044,0.183025,-0.8401654166666667,-0.5949904166666666,-118.99808333333333,0.0025252525252525255,0.8180588996874505
maxsinr_ttt_N2000_K200_H200_nominal_tnative,episode,T015,1,1.8425,1.6618497109826589,0.0575,1.785,3.46,2.0415,0.0089075,0.3787425,194.559575,0.092125,0.00445375,0.18937125,-0.8106648958333333,-0.5247148958333334,-104.94297916666669,0.010101010101010102,0.9435654040666632
maxsinr_ttt_N2000_K200_H200_nominal_tnative,episode,T016,1,1.215,1.015228426395939,0.035,1.18,3.4475,2.0475,0.0087475,0.36748,196.7347,0.06075,0.00437375,0.18374,-0.8197279166666667,-0.5708641666666667,-114.17283333333334,0.005050505050505051,0.9957176574160775
maxsinr_ttt_N2000_K200_H200_nominal_tnative,episode,T017,1,1.2225,0.6293706293706294,0.0225,1.2,3.575,2.1315,0.009087499999999998,0.3739975,201.207975,0.061125,0.004543749999999999,0.18699875,-0.8383665625,-0.5856990625,-117.1398125,0.0,0.9890055399860607
maxsinr_ttt_N2000_K200_H200_nominal_tnative,episode,T018,1,1.25,1.9302152932442465,0.065,1.185,3.3675,1.9815,0.0085725,0.37816,191.2308,0.0625,0.00428625,0.18908,-0.7967949999999999,-0.54092875,-108.18574999999998,0.012626262626262626,0.8805445614533545
maxsinr_ttt_N2000_K200_H200_nominal_tnative,episode,T019,1,0.9825,1.739788199697428,0.0575,0.925,3.305,1.9485,0.0083825,0.3760125,205.792675,0.049125,0.00419125,0.18800625,-0.8574694791666667,-0.6161469791666667,-123.22939583333334,0.005050505050505051,0.9590706398057112
maxsinr_ttt_N2000_K200_H200_nominal_tnative,episode,T020,1,1.3525,1.5725518227305217,0.055,1.2975,3.4975,2.0655,0.008942499999999999,0.3645925,195.4205,0.067625,0.0044712499999999995,0.18229625,-0.8142520833333333,-0.5598595833333333,-111.97191666666666,0.010101010101010102,0.9244749646936172
maxsinr_ttt_N2000_K200_H200_nominal_tnative,episode,T021,1,1.025,0.6666666666666666,0.0225,1.0025,3.375,2.0115,0.0086925,0.371705,200.48395,0.05125,0.00434625,0.1858525,-0.8353497916666667,-0.5939010416666667,-118.78020833333333,0.005050505050505051,0.8821620210441143
maxsinr_ttt_N2000_K200_H200_nominal_tnative,episode,T022,1,1.1725,1.4716703458425313,0.05,1.1225,3.3975,2.0085,0.008677500000000001,0.3649825,203.0518,0.058625,0.004338750000000001,0.18249125,-0.8460491666666666,-0.6005941666666667,-120.11883333333333,0.005050505050505051,0.89436837787146
maxsinr_ttt_N2000_K200_H200_nominal_tnative,episode,T023,1,1.95,1.6546762589928057,0.0575,1.8925,3.475,2.0505,0.008827499999999999,0.368435,192.357375,0.0975,0.004413749999999999,0.1842175,-0.8014890625,-0.5153578125,-103.0715625,0.007575757575757576,0.9721964005927677
maxsinr_ttt_N2000_K200_H200_nominal_tnative,episode,T024,1,1.1875,1.3939838591342626,0.0475,1.14,3.4075,2.016,0.0088,0.3770975,200.959025,0.059375,0.0044,0.18854875,-0.8373292708333333,-0.5850055208333333,-117.00110416666666,0.005050505050505051,0.943571004487864
maxsinr_ttt_N2000_K200_H200_nominal_tnative,episode,T025,1,1.975,1.7228464419475655,0.0575,1.9175,3.3375,1.968,0.008485000000000001,0.366375,195.49915,0.09875,0.004242500000000001,0.1831875,-0.8145797916666666,-0.5283997916666666,-105.67995833333332,0.0,0.9508438241515467
maxsinr_ttt_N2000_K200_H200_nominal_tnative,episode,T026,1,1.8275,1.13464447806354,0.0375,1.79,3.305,1.9605,0.0085025,0.3638625,195.44875,0.091375,0.00425125,0.18193125,-0.8143697916666667,-0.5368122916666667,-107.36245833333334,0.007575757575757576,0.9603262816525189
maxsinr_ttt_N2000_K200_H200_nominal_tnative,episode,T027,1,1.6475,2.1691973969631237,0.075,1.5725,3.4575,2.0295,0.0087875,0.3702175,199.0701,0.082375,0.00439375,0.18510875,-0.82945875,-0.55758125,-111.51625,0.005050505050505051,0.7812497424667868
maxsinr_ttt_N2000_K200_H200_nominal_tnative,episode,T028,1,1.46,1.5648286140089418,0.0525,1.4075,3.355,1.9815,0.0085425,0.363135,196.7106,0.073,0.00427125,0.1815675,-0.8196275,-0.56078875,-112.15775,0.015151515151515152,0.9751904932518578
maxsinr_ttt_N2000_K200_H200_nominal_tnative,episode,T029,1,1.645,2.184996358339403,0.075,1.57,3.4325,2.0145,0.0086675,0.366715,200.20125,0.08225,0.00433375,0.1833575,-0.8341718749999999,-0.5642306249999999,-112.84612499999997,0.007575757575757576,0.8704681052501708
maxsinr_ttt_N2000_K200_H200_nominal_tnative,episode,T030,1,1.915,2.74888558692422,0.0925,1.8225,3.365,1.9635,0.0083425,0.3662,191.815025,0.09575,0.00417125,0.1831,-0.7992292708333333,-0.5162080208333333,-103.24160416666666,0.007575757575757576,0.8347689851739906
maxsinr_ttt_N2000_K300_H200_nominal_tnative,episode,T001,1,2.3466666666666667,2.0882771713336497,0.07333333333333333,2.2733333333333334,3.5116666666666667,2.063,0.008951666666666667,0.49817666666666666,195.26078333333334,0.11733333333333333,0.004475833333333333,0.24908833333333333,-0.8135865972222223,-0.44268909722222227,-132.80672916666668,0.010101010101010102,0.9801951876077639
maxsinr_ttt_N2000_K300_H200_nominal_tnative,episode,T002,1,2.368333333333333,2.1398002853067046,0.075,2.2933333333333334,3.505,2.058,0.00886,0.4933983333333333,193.33325,0.11841666666666667,0.00443,0.24669916666666666,-0.8055552083333333,-0.4360093749999999,-130.8028125,0.006734006734006734,0.9793097174756242
maxsinr_ttt_N2000_K300_H200_nominal_tnative,episode,T003,1,1.585,1.2218963831867058,0.041666666666666664,1.5433333333333332,3.41,2.021,0.008758333333333333,0.5062283333333333,195.3507,0.07925,0.004379166666666667,0.25311416666666664,-0.81396125,-0.4772179166666667,-143.165375,0.008417508417508417,0.9830910271170146
maxsinr_ttt_N2000_K300_H200_nominal_tnative,episode,T004,1,1.885,2.63681592039801,0.08833333333333333,1.7966666666666666,3.35,1.957,0.008551666666666666,0.49853166666666665,194.53095,0.09425,0.004275833333333333,0.24926583333333333,-0.8105456249999999,-0.46275395833333327,-138.82618749999997,0.006734006734006734,0.977785339507556
maxsinr_ttt_N2000_K300_H200_nominal_tnative,episode,T005,1,1.3866666666666667,1.4356435643564356,0.04833333333333333,1.3383333333333334,3.3666666666666667,1.991,0.008568333333333334,0.51306,195.33858333333333,0.06933333333333333,0.004284166666666667,0.25653,-0.8139107638888888,-0.48376326388888885,-145.12897916666665,0.005050505050505051,0.9886684000372259
maxsinr_ttt_N2000_K300_H200_nominal_tnative,episode,T006,1,1.8816666666666666,2.2670025188916876,0.075,1.8066666666666666,3.308333333333333,1.94,0.008336666666666668,0.4990116666666667,193.28846666666666,0.09408333333333334,0.004168333333333334,0.24950583333333334,-0.8053686111111111,-0.45761111111111114,-137.28333333333333,0.010101010101010102,0.9671026691172739
maxsinr_ttt_N2000_K300_H200_nominal_tnative,episode,T007,1,2.055,1.8941233608547838,0.065,1.99,3.4316666666666666,2.02,0.008593333333333333,0.49346833333333334,193.73908333333333,0.10275,0.0042966666666666665,0.24673416666666667,-0.8072461805555555,-0.4534653472222222,-136.03960416666666,0.011784511784511785,0.9905930218355845
maxsinr_ttt_N2000_K300_H200_nominal_tnative,episode,T008,1,2.4816666666666665,2.497451580020387,0.08166666666666667,2.4,3.27,1.913,0.008158333333333333,0.500435,193.55353333333332,0.12408333333333334,0.004079166666666667,0.2502175,-0.8064730555555555,-0.4280930555555555,-128.42791666666665,0.005050505050505051,0.9922144913966349
maxsinr_ttt_N2000_K300_H200_nominal_tnative,episode,T009,1,2.3633333333333333,2.6460309535696456,0.08833333333333333,2.275,3.3383333333333334,1.95,0.00838,0.49416,188.93816666666666,0.11816666666666667,0.00419,0.24708,-0.7872423611111111,-0.4178056944444445,-125.34170833333334,0.003367003367003367,0.9915374831215547
maxsinr_ttt_N2000_K300_H200_nominal_tnative,episode,T010,1,1.9483333333333333,1.9941634241245136,0.06833333333333333,1.88,3.4266666666666667,2.015,0.008681666666666666,0.5017716666666666,192.74168333333333,0.09741666666666667,0.004340833333333333,0.2508858333333333,-0.8030903472222222,-0.45044701388888886,-135.13410416666665,0.008417508417508417,0.9937896891917468
maxsinr_ttt_N2000_K300_H200_nominal_tnative,episode,T011,1,2.3033333333333332,2.1717670286278383,0.07333333333333333,2.23,3.3766666666666665,1.982,0.008679999999999998,0.4955866666666667,197.71786666666668,0.11516666666666667,0.004339999999999999,0.24779333333333334,-0.8238244444444445,-0.45652444444444445,-136.95733333333334,0.006734006734006734,0.9943041543331583
maxsinr_ttt_N2000_K300_H200_nominal_tnative,episode,T012,1,1.765,1.8660287081339713,0.065,1.7,3.4833333333333334,2.051,0.008885,0.49485833333333334,197.1161,0.08825,0.0044425,0.24742916666666667,-0.8213170833333333,-0.48119541666666665,-144.358625,0.013468013468013467,0.9711661686864399
maxsinr_ttt_N2000_K300_H200_nominal_tnative,episode,T013,1,1.59,1.3678553981436248,0.04666666666666667,1.5433333333333332,3.4116666666666666,2.019,0.008631666666666666,0.49851,199.94156666666666,0.0795,0.004315833333333333,0.249255,-0.833089861111111,-0.5000190277777777,-150.00570833333333,0.011784511784511785,0.9868108640716313
maxsinr_ttt_N2000_K300_H200_nominal_tnative,episode,T014,1,1.7183333333333333,1.5594541910331383,0.05333333333333334,1.665,3.42,2.02,0.008733333333333333,0.4951316666666667,196.14053333333334,0.08591666666666667,0.004366666666666666,0.24756583333333335,-0.8172522222222223,-0.47940305555555557,-143.82091666666668,0.005050505050505051,0.9770976996421641
maxsinr_ttt_N2000_K300_H200_nominal_tnative,episode,T015,1,2.6766666666666667,2.7241208519068847,0.09166666666666666,2.585,3.365,1.964,0.008473333333333333,0.5013133333333334,191.81931666666668,0.13383333333333333,0.004236666666666666,0.2506566666666667,-0.7992471527777778,-0.41052048611111114,-123.15614583333334,0.008417508417508417,0.9926497083134123
maxsinr_ttt_N2000_K300_H200_nominal_tnative,episode,T016,1,1.7633333333333334,1.501937984496124,0.051666666666666666,1.7116666666666667,3.44,2.033,0.008731666666666667,0.50016,189.8806,0.08816666666666667,0.0043658333333333335,0.25008,-0.7911691666666666,-0.44855666666666655,-134.56699999999995,0.0016835016835016834,0.9747692366373684
maxsinr_ttt_N2000_K300_H200_nominal_tnative,episode,T017,1,1.7983333333333333,1.3012048192771084,0.045,1.7533333333333334,3.4583333333333335,2.048,0.00879,0.502945,199.16488333333334,0.08991666666666667,0.004395,0.2514725,-0.8298536805555555,-0.48406951388888886,-145.22085416666667,0.003367003367003367,0.9969331549556404
maxsinr_ttt_N2000_K300_H200_nominal_tnative,episode,T018,1,1.8066666666666666,2.584493041749503,0.08666666666666667,1.72,3.3533333333333335,1.96,0.008473333333333333,0.5035433333333333,188.3898,0.09033333333333333,0.004236666666666666,0.25177166666666667,-0.7849575000000001,-0.4386158333333334,-131.58475000000004,0.011784511784511785,0.9846361592229058
maxsinr_ttt_N2000_K300_H200_nominal_tnative,episode,T019,1,1.3516666666666666,1.8435475834578974,0.06166666666666667,1.29,3.345,1.97,0.008469999999999998,0.500935,200.45755,0.06758333333333333,0.004234999999999999,0.2504675,-0.8352397916666666,-0.5129539583333333,-153.8861875,0.003367003367003367,0.9923909667408892
maxsinr_ttt_N2000_K300_H200_nominal_tnative,episode,T020,1,1.8783333333333334,1.9787644787644787,0.06833333333333333,1.81,3.453333333333333,2.031,0.008664999999999999,0.49906833333333334,190.9192,0.09391666666666666,0.0043324999999999995,0.24953416666666667,-0.7954966666666666,-0.4477133333333333,-134.314,0.010101010101010102,0.9908983602067634
maxsinr_ttt_N2000_K300_H200_nominal_tnative,episode,T021,1,1.41,1.1970074812967582,0.04,1.37,3.341666666666667,1.981,0.008541666666666666,0.5032733333333334,196.8287,0.0705,0.004270833333333333,0.2516366666666667,-0.8201195833333333,-0.49371208333333333,-148.11362499999998,0.005050505050505051,0.9945800753836498
maxsinr_ttt_N2000_K300_H200_nominal_tnative,episode,T022,1,1.7316666666666667,1.694915254237288,0.056666666666666664,1.675,3.3433333333333333,1.972,0.008563333333333333,0.49003166666666664,194.66626666666667,0.08658333333333333,0.004281666666666666,0.24501583333333332,-0.8111094444444444,-0.47522861111111114,-142.56858333333335,0.006734006734006734,0.9544618992889
maxsinr_ttt_N2000_K300_H200_nominal_tnative,episode,T023,1,2.7983333333333333,2.6711996114618746,0.09166666666666666,2.7066666666666666,3.4316666666666666,2.004,0.008603333333333334,0.49764166666666665,190.12418333333332,0.13991666666666666,0.004301666666666667,0.24882083333333332,-0.7921840972222222,-0.3991449305555555,-119.74347916666665,0.006734006734006734,0.9735382614542318
maxsinr_ttt_N2000_K300_H200_nominal_tnative,episode,T024,1,1.6966666666666668,1.8654884634266078,0.06333333333333334,1.6333333333333333,3.395,1.999,0.008708333333333334,0.5012833333333333,196.45218333333332,0.08483333333333333,0.004354166666666667,0.25064166666666665,-0.8185507638888888,-0.4787215972222222,-143.61647916666666,0.003367003367003367,0.9973546141112715
maxsinr_ttt_N2000_K300_H200_nominal_tnative,episode,T025,1,2.9116666666666666,2.6392961876832843,0.09,2.8216666666666668,3.41,1.992,0.008586666666666668,0.4857283333333333,189.1285,0.14558333333333334,0.004293333333333334,0.24286416666666666,-0.7880354166666667,-0.39529458333333334,-118.588375,0.0016835016835016834,0.9753479047792879
maxsinr_ttt_N2000_K300_H200_nominal_tnative,episode,T026,1,2.6233333333333335,1.9299136617572372,0.06333333333333334,2.56,3.2816666666666667,1.931,0.008375,0.49396,191.47193333333334,0.13116666666666665,0.0041875,0.24698,-0.7977997222222223,-0.41546555555555564,-124.6396666666667,0.005050505050505051,0.988060665634477
maxsinr_ttt_N2000_K300_H200_nominal_tnative,episode,T027,1,2.375,2.6455026455026456,0.09166666666666666,2.283333333333333,3.465,2.024,0.008813333333333333,0.49465166666666666,193.80421666666666,0.11875,0.004406666666666666,0.24732583333333333,-0.8075175694444444,-0.4370350694444444,-131.11052083333334,0.005050505050505051,0.971810923984102
maxsinr_ttt_N2000_K300_H200_nominal_tnative,episode,T028,1,2.0233333333333334,1.7224409448818898,0.058333333333333334,1.965,3.3866666666666667,1.997,0.008605,0.4953133333333333,191.91305,0.10116666666666667,0.0043025,0.24765666666666666,-0.7996377083333334,-0.446511875,-133.9535625,0.013468013468013467,0.9517523093548532
maxsinr_ttt_N2000_K300_H200_nominal_tnative,episode,T029,1,2.3733333333333335,2.4031387935262383,0.08166666666666667,2.2916666666666665,3.3983333333333334,1.99,0.008593333333333333,0.4969733333333333,190.76815,0.11866666666666667,0.0042966666666666665,0.24848666666666666,-0.7948672916666666,-0.4234172916666666,-127.02518749999997,0.005050505050505051,0.9848812552461605
maxsinr_ttt_N2000_K300_H200_nominal_tnative,episode,T030,1,2.7266666666666666,3.17227916056613,0.10833333333333334,2.618333333333333,3.415,1.984,0.008453333333333334,0.49073333333333335,188.59106666666668,0.13633333333333333,0.004226666666666667,0.24536666666666668,-0.7857961111111111,-0.3998694444444445,-119.96083333333335,0.008417508417508417,0.9880797190844588
maxsinr_ttt_N2000_K400_H200_nominal_tnative,episode,T001,1,3.43,3.2211882605583395,0.1125,3.3175,3.4925,2.028,0.008794999999999999,0.6154175,190.3255125,0.1715,0.0043974999999999995,0.30770875,-0.79302296875,-0.30941671875,-123.76668749999999,0.008838383838383838,0.9975873165553326
maxsinr_ttt_N2000_K400_H200_nominal_tnative,episode,T002,1,3.34625,3.568853640951694,0.12375,3.2225,3.4675,2.00625,0.008683749999999999,0.60745625,187.3484875,0.1673125,0.004341874999999999,0.303728125,-0.7806186979166667,-0.3052361979166667,-122.09447916666667,0.008838383838383838,0.9946329659167368
maxsinr_ttt_N2000_K400_H200_nominal_tnative,episode,T003,1,2.4225,2.0595807282089003,0.07,2.3525,3.39875,1.99725,0.00866375,0.62119,192.193175,0.121125,0.004331875,0.310595,-0.8008048958333334,-0.3647530208333334,-145.90120833333336,0.006313131313131313,0.9860618727010801
maxsinr_ttt_N2000_K400_H200_nominal_tnative,episode,T004,1,2.84625,3.295075897815624,0.11125,2.735,3.37625,1.959,0.008522499999999999,0.61398375,189.3543625,0.1423125,0.004261249999999999,0.306991875,-0.7889765104166667,-0.3354108854166667,-134.16435416666667,0.007575757575757576,0.9925868685117363
maxsinr_ttt_N2000_K400_H200_nominal_tnative,episode,T005,1,2.07875,2.338530066815145,0.07875,2.0,3.3675,1.97325,0.00851625,0.62677625,190.6606875,0.1039375,0.004258125,0.313388125,-0.79441953125,-0.37283578124999994,-149.13431249999996,0.006313131313131313,0.997999776177021
maxsinr_ttt_N2000_K400_H200_nominal_tnative,episode,T006,1,2.815,3.4835289663006437,0.115,2.7,3.30125,1.91175,0.008186249999999999,0.618655,188.3262875,0.14075,0.0040931249999999995,0.3093275,-0.7846928645833333,-0.3305222395833334,-132.20889583333334,0.008838383838383838,0.9957475718024715
maxsinr_ttt_N2000_K400_H200_nominal_tnative,episode,T007,1,2.92,3.000365898280278,0.1025,2.8175,3.41625,1.98825,0.00845875,0.6124925,187.758975,0.146,0.004229375,0.30624625,-0.7823290625,-0.3258534375,-130.341375,0.008838383838383838,0.9900320040410553
maxsinr_ttt_N2000_K400_H200_nominal_tnative,episode,T008,1,3.59875,3.937308868501529,0.12875,3.47,3.27,1.88475,0.00802875,0.60592625,188.9614625,0.1799375,0.004014375,0.302963125,-0.7873394270833334,-0.3004244270833334,-120.16977083333336,0.005050505050505051,0.9934453674845327
maxsinr_ttt_N2000_K400_H200_nominal_tnative,episode,T009,1,3.32375,4.083175803402646,0.135,3.18875,3.30625,1.90275,0.00817875,0.60709375,184.38515,0.1661875,0.004089375,0.303546875,-0.7682714583333333,-0.29444770833333334,-117.77908333333333,0.0025252525252525255,0.9931459478081552
maxsinr_ttt_N2000_K400_H200_nominal_tnative,episode,T010,1,2.92625,3.423892817268329,0.115,2.81125,3.35875,1.94625,0.00838875,0.61240375,187.187725,0.1463125,0.004194375,0.306201875,-0.7799488541666667,-0.3232401041666667,-129.2960416666667,0.006313131313131313,0.9905989823265535
maxsinr_ttt_N2000_K400_H200_nominal_tnative,episode,T011,1,3.425,3.7812041116005872,0.12875,3.29625,3.405,1.96575,0.00856375,0.6064675,193.781275,0.17125,0.004281875,0.30323375,-0.8074219791666667,-0.32865635416666666,-131.46254166666665,0.006313131313131313,0.9973795600068256
maxsinr_ttt_N2000_K400_H200_nominal_tnative,episode,T012,1,2.685,2.6413690476190474,0.08875,2.59625,3.36,1.96275,0.00852625,0.6130175,191.8611875,0.13425,0.004263125,0.30650875,-0.7994216145833334,-0.3543997395833334,-141.75989583333336,0.012626262626262626,0.9909948323537001
maxsinr_ttt_N2000_K400_H200_nominal_tnative,episode,T013,1,2.355,2.802690582959641,0.09375,2.26125,3.345,1.95075,0.00835875,0.6201175,194.6487625,0.11775,0.004179375,0.31005875,-0.8110365104166667,-0.3790483854166667,-151.61935416666668,0.012626262626262626,0.9886497794508862
maxsinr_ttt_N2000_K400_H200_nominal_tnative,episode,T014,1,2.59625,2.944423997055576,0.1,2.49625,3.39625,1.97775,0.00851125,0.61767125,191.3828,0.1298125,0.004255625,0.308835625,-0.7974283333333333,-0.35452458333333325,-141.8098333333333,0.003787878787878788,0.9920910165005852
maxsinr_ttt_N2000_K400_H200_nominal_tnative,episode,T015,1,4.02875,4.078605858361142,0.1375,3.89125,3.37125,1.94025,0.00834875,0.60558125,186.514775,0.2014375,0.004174375,0.302790625,-0.7771448958333332,-0.26874239583333326,-107.49695833333331,0.006313131313131313,0.9974999685087409
maxsinr_ttt_N2000_K400_H200_nominal_tnative,episode,T016,1,2.675,2.570789865871833,0.08625,2.58875,3.355,1.96125,0.008446249999999999,0.617025,186.5658375,0.13375,0.0042231249999999994,0.3085125,-0.77735765625,-0.33087203125,-132.34881249999998,0.003787878787878788,0.9975173430976849
maxsinr_ttt_N2000_K400_H200_nominal_tnative,episode,T017,1,2.57125,2.116788321167883,0.0725,2.49875,3.425,2.0115,0.008655,0.61741125,192.207625,0.1285625,0.0043275,0.308705625,-0.8008651041666667,-0.3592694791666667,-143.70779166666668,0.005050505050505051,0.9870281320235681
maxsinr_ttt_N2000_K400_H200_nominal_tnative,episode,T018,1,2.7575,2.9585798816568047,0.1,2.6575,3.38,1.968,0.00851,0.6172075,183.3306875,0.137875,0.004255,0.30860375,-0.7638778645833334,-0.31314411458333336,-125.25764583333334,0.011363636363636364,0.9974716252823048
maxsinr_ttt_N2000_K400_H200_nominal_tnative,episode,T019,1,2.0375,2.397901835893593,0.08,1.9575,3.33625,1.95375,0.00839125,0.6226375,194.713075,0.101875,0.004195625,0.31131875,-0.8113044791666667,-0.39391510416666675,-157.5660416666667,0.003787878787878788,0.9959644390120159
maxsinr_ttt_N2000_K400_H200_nominal_tnative,episode,T020,1,2.71375,3.0369557263080864,0.10375,2.61,3.41625,1.9875,0.008555,0.61516625,188.43925,0.1356875,0.0042775,0.307583125,-0.7851635416666666,-0.3376154166666666,-135.04616666666664,0.008838383838383838,0.9943482075850678
maxsinr_ttt_N2000_K400_H200_nominal_tnative,episode,T021,1,2.125,2.2018348623853212,0.075,2.05,3.40625,1.99875,0.00864125,0.6197125,191.9275125,0.10625,0.004320625,0.30985625,-0.79969796875,-0.37927109375,-151.7084375,0.005050505050505051,0.9855905738931667
maxsinr_ttt_N2000_K400_H200_nominal_tnative,episode,T022,1,2.675,2.6701767581797666,0.08875,2.58625,3.32375,1.941,0.0084175,0.6129425,190.3494125,0.13375,0.00420875,0.30647125,-0.7931225520833334,-0.3486925520833334,-139.47702083333334,0.005050505050505051,0.9906173608716518
maxsinr_ttt_N2000_K400_H200_nominal_tnative,episode,T023,1,4.07375,4.252199413489736,0.145,3.92875,3.41,1.959,0.008435,0.60148375,187.320175,0.2036875,0.0042175,0.300741875,-0.7805007291666667,-0.27185385416666674,-108.74154166666669,0.006313131313131313,0.9844312666146398
maxsinr_ttt_N2000_K400_H200_nominal_tnative,episode,T024,1,2.47875,3.2293178519593613,0.11125,2.3675,3.445,2.00025,0.00862625,0.61489625,191.66045,0.1239375,0.004313125,0.307448125,-0.7985852083333334,-0.36288645833333333,-145.15458333333333,0.007575757575757576,0.9951282674163078
maxsinr_ttt_N2000_K400_H200_nominal_tnative,episode,T025,1,4.20875,4.719101123595506,0.1575,4.05125,3.3375,1.908,0.008232499999999998,0.60177375,183.8366125,0.2104375,0.004116249999999999,0.300886875,-0.7659858854166667,-0.2505452604166667,-100.21810416666668,0.003787878787878788,0.9859637239831851
maxsinr_ttt_N2000_K400_H200_nominal_tnative,episode,T026,1,3.835,3.7093690248565965,0.12125,3.71375,3.26875,1.8885,0.0082025,0.606725,187.490525,0.19175,0.00410125,0.3033625,-0.7812105208333333,-0.2819967708333333,-112.79870833333332,0.003787878787878788,0.990218731188909
maxsinr_ttt_N2000_K400_H200_nominal_tnative,episode,T027,1,3.3925,4.214417744916821,0.1425,3.25,3.38125,1.94325,0.00845625,0.6070675,189.5809,0.169625,0.004228125,0.30353375,-0.7899204166666667,-0.3125335416666667,-125.01341666666667,0.005050505050505051,0.9985069072777923
maxsinr_ttt_N2000_K400_H200_nominal_tnative,episode,T028,1,3.06875,2.9476787030213707,0.1,2.96875,3.3925,1.9755,0.008464999999999999,0.61111625,185.6737,0.1534375,0.004232499999999999,0.305558125,-0.7736404166666666,-0.3104122916666666,-124.16491666666664,0.012626262626262626,0.998737329876475
maxsinr_ttt_N2000_K400_H200_nominal_tnative,episode,T029,1,3.51,3.4763313609467454,0.1175,3.3925,3.38,1.9575,0.008472499999999999,0.6094375,186.19865,0.1755,0.0042362499999999996,0.30471875,-0.7758277083333333,-0.2913727083333333,-116.54908333333331,0.005050505050505051,0.9841044045126988
maxsinr_ttt_N2000_K400_H200_nominal_tnative,episode,T030,1,3.93375,4.74934036939314,0.1575,3.77625,3.31625,1.89525,0.00810125,0.59999375,184.300975,0.1966875,0.004050625,0.299996875,-0.7679207291666666,-0.2671857291666667,-106.87429166666669,0.006313131313131313,0.9879856533999736
maxsinr_ttt_N2000_K500_H200_nominal_tnative,episode,T001,1,5.218,5.899792469611621,0.199,5.019,3.373,1.9044,0.008242,0.699,184.22405,0.2609,0.004121,0.3495,-0.7676002083333333,-0.15307920833333333,-76.53960416666666,0.006060606060606061,0.9948989532474435
maxsinr_ttt_N2000_K500_H200_nominal_tnative,episode,T002,1,5.146,5.552274069698759,0.188,4.958,3.386,1.9188,0.008328,0.698198,180.68901,0.2573,0.004164,0.349099,-0.7528708749999999,-0.14230787499999997,-71.15393749999998,0.007070707070707071,0.9981586956160269
maxsinr_ttt_N2000_K500_H200_nominal_tnative,episode,T003,1,3.659,3.9928486293206196,0.134,3.525,3.356,1.9332,0.008378,0.716465,185.74834,0.18295,0.004189,0.3582325,-0.7739514166666667,-0.22857991666666666,-114.28995833333333,0.00808080808080808,0.9990724809817912
maxsinr_ttt_N2000_K500_H200_nominal_tnative,episode,T004,1,4.447,5.460030165912519,0.181,4.266,3.315,1.8804,0.008166,0.705649,183.63035,0.22235,0.004083,0.3528245,-0.7651264583333333,-0.18586895833333328,-92.93447916666663,0.006060606060606061,0.9953097504567896
maxsinr_ttt_N2000_K500_H200_nominal_tnative,episode,T005,1,3.217,3.770739064856712,0.125,3.092,3.315,1.914,0.008288,0.723369,188.30104,0.16085,0.004144,0.3616845,-0.7845876666666667,-0.25790916666666663,-128.95458333333332,0.00909090909090909,0.998249944093397
maxsinr_ttt_N2000_K500_H200_nominal_tnative,episode,T006,1,4.403,5.447229959764779,0.176,4.227,3.231,1.833,0.007861,0.709233,183.49672,0.22015,0.0039305,0.3546165,-0.7645696666666667,-0.18587266666666669,-92.93633333333334,0.00808080808080808,0.9987426967102939
maxsinr_ttt_N2000_K500_H200_nominal_tnative,episode,T007,1,4.563,5.04074856625415,0.167,4.396,3.313,1.8876,0.008046000000000001,0.700975,182.25791,0.22815,0.0040230000000000005,0.3504875,-0.7594079583333334,-0.17674745833333338,-88.37372916666669,0.00909090909090909,0.9987757308644829
maxsinr_ttt_N2000_K500_H200_nominal_tnative,episode,T008,1,5.282,5.947611710323574,0.193,5.089,3.245,1.8312,0.007844,0.693942,182.49935,0.2641,0.003922,0.346971,-0.7604139583333333,-0.14542095833333335,-72.71047916666667,0.005050505050505051,0.9981359430982848
maxsinr_ttt_N2000_K500_H200_nominal_tnative,episode,T009,1,5.128,5.876865671641791,0.189,4.939,3.216,1.8162,0.007833,0.697646,179.35224,0.2564,0.0039165,0.348823,-0.747301,-0.13816150000000005,-69.08075000000002,0.0030303030303030303,0.9919447437136357
maxsinr_ttt_N2000_K500_H200_nominal_tnative,episode,T010,1,4.404,5.445246690734056,0.181,4.223,3.324,1.8858,0.008149,0.705144,182.07278,0.2202,0.0040745,0.352572,-0.7586365833333333,-0.18179008333333324,-90.89504166666661,0.007070707070707071,0.9937497934109671
maxsinr_ttt_N2000_K500_H200_nominal_tnative,episode,T011,1,5.279,6.010116036893781,0.202,5.077,3.361,1.8954,0.008195,0.696281,187.15088,0.26395,0.0040975,0.3481405,-0.7797953333333333,-0.16360733333333333,-81.80366666666666,0.006060606060606061,0.9969823394043986
maxsinr_ttt_N2000_K500_H200_nominal_tnative,episode,T012,1,4.26,4.635559621835926,0.152,4.108,3.279,1.8762,0.008093,0.705976,185.49031,0.213,0.0040465,0.352988,-0.7728762916666666,-0.2028417916666666,-101.4208958333333,0.013131313131313131,0.9976363083738828
maxsinr_ttt_N2000_K500_H200_nominal_tnative,episode,T013,1,3.618,4.445779513367378,0.148,3.47,3.329,1.9086,0.008171,0.715802,186.69821,0.1809,0.0040855,0.357901,-0.7779092083333333,-0.23502270833333327,-117.51135416666664,0.012121212121212121,0.997455008233429
maxsinr_ttt_N2000_K500_H200_nominal_tnative,episode,T014,1,4.0,4.486600421559771,0.149,3.851,3.321,1.9032,0.008147999999999999,0.713688,186.78969,0.2,0.0040739999999999995,0.356844,-0.778290375,-0.21737237499999995,-108.68618749999997,0.00404040404040404,0.9978115454593706
maxsinr_ttt_N2000_K500_H200_nominal_tnative,episode,T015,1,6.084,6.792567773378008,0.223,5.861,3.283,1.836,0.007892,0.688764,179.76804,0.3042,0.003946,0.344382,-0.7490335,-0.09650550000000002,-48.25275000000001,0.006060606060606061,0.9968178790910354
maxsinr_ttt_N2000_K500_H200_nominal_tnative,episode,T016,1,4.175,4.8479373682625715,0.161,4.014,3.321,1.896,0.008156,0.710135,181.72977,0.20875,0.004078,0.3550675,-0.757207375,-0.18931187500000002,-94.65593750000001,0.00404040404040404,0.9961794472283623
maxsinr_ttt_N2000_K500_H200_nominal_tnative,episode,T017,1,3.94,3.618711385701677,0.123,3.817,3.399,1.9656,0.00847,0.712992,186.73781,0.197,0.004235,0.356496,-0.7780742083333333,-0.22034320833333332,-110.17160416666665,0.00404040404040404,0.9964331918903861
maxsinr_ttt_N2000_K500_H200_nominal_tnative,episode,T018,1,4.296,5.408690367669402,0.178,4.118,3.291,1.8678,0.008081,0.709494,179.03517,0.2148,0.0040405,0.354747,-0.745979875,-0.17239237500000004,-86.19618750000002,0.011111111111111112,0.9956023594354206
maxsinr_ttt_N2000_K500_H200_nominal_tnative,episode,T019,1,3.2,3.765563316125114,0.124,3.076,3.293,1.9014,0.008179,0.719064,188.65967,0.16,0.0040895,0.359532,-0.7860819583333334,-0.2624604583333334,-131.2302291666667,0.0030303030303030303,0.9956042879649134
maxsinr_ttt_N2000_K500_H200_nominal_tnative,episode,T020,1,4.141,4.789156626506024,0.159,3.982,3.32,1.8966,0.008176999999999999,0.709489,184.03486,0.20705,0.004088499999999999,0.3547445,-0.7668119166666667,-0.20092891666666668,-100.46445833333334,0.007070707070707071,0.9981780910340703
maxsinr_ttt_N2000_K500_H200_nominal_tnative,episode,T021,1,3.305,3.9018622524386637,0.132,3.173,3.383,1.9506,0.008426999999999999,0.719801,189.05841,0.16525,0.004213499999999999,0.3599005,-0.787743375,-0.25837937499999997,-129.1896875,0.005050505050505051,0.9989202564530864
maxsinr_ttt_N2000_K500_H200_nominal_tnative,episode,T022,1,4.136,4.321363359707852,0.142,3.994,3.286,1.8864,0.008171999999999999,0.709528,184.07393,0.2068,0.004085999999999999,0.354764,-0.7669747083333333,-0.20132470833333327,-100.66235416666663,0.00404040404040404,0.995625047154773
maxsinr_ttt_N2000_K500_H200_nominal_tnative,episode,T023,1,6.059,6.23869801084991,0.207,5.852,3.318,1.8666,0.008051,0.683423,179.33027,0.30295,0.0040255,0.3417115,-0.7472094583333334,-0.0985224583333334,-49.261229166666695,0.005050505050505051,0.9889369849698701
maxsinr_ttt_N2000_K500_H200_nominal_tnative,episode,T024,1,3.857,4.567164179104478,0.153,3.704,3.35,1.9182,0.008263,0.716169,185.53154,0.19285,0.0041315,0.3580845,-0.7730480833333334,-0.21798208333333347,-108.99104166666673,0.007070707070707071,0.997761227141184
maxsinr_ttt_N2000_K500_H200_nominal_tnative,episode,T025,1,6.21,6.944019577852554,0.227,5.983,3.269,1.8252,0.007854,0.681756,177.21397,0.3105,0.003927,0.340878,-0.7383915416666667,-0.08308654166666662,-41.54327083333331,0.005050505050505051,0.9965660471534272
maxsinr_ttt_N2000_K500_H200_nominal_tnative,episode,T026,1,5.755,6.0173697270471465,0.194,5.561,3.224,1.818,0.007856,0.690835,180.61192,0.28775,0.003928,0.3454175,-0.7525496666666667,-0.11545416666666664,-57.72708333333332,0.00404040404040404,0.9989704820679997
maxsinr_ttt_N2000_K500_H200_nominal_tnative,episode,T027,1,5.142,6.638755980861244,0.222,4.92,3.344,1.8732,0.008147999999999999,0.69623,182.70404,0.2571,0.0040739999999999995,0.348115,-0.7612668333333333,-0.15197783333333337,-75.98891666666668,0.00404040404040404,0.9928289320780237
maxsinr_ttt_N2000_K500_H200_nominal_tnative,episode,T028,1,4.676,5.117524546265992,0.172,4.504,3.361,1.9134,0.008249,0.704186,181.55836,0.2338,0.0041245,0.352093,-0.7564931666666667,-0.1664756666666667,-83.23783333333334,0.00909090909090909,0.998626231234695
maxsinr_ttt_N2000_K500_H200_nominal_tnative,episode,T029,1,5.425,5.779650812763395,0.192,5.233,3.322,1.878,0.008124,0.696191,179.50908,0.27125,0.004062,0.3480955,-0.7479545000000001,-0.12454700000000007,-62.273500000000034,0.00808080808080808,0.9952401496840302
maxsinr_ttt_N2000_K500_H200_nominal_tnative,episode,T030,1,6.023,7.052273430250541,0.228,5.795,3.233,1.803,0.007696999999999999,0.686745,178.30464,0.30115,0.0038484999999999995,0.3433725,-0.742936,-0.09456500000000001,-47.282500000000006,0.006060606060606061,0.9888870770979439
maxrst_N2000_K100_H50_nominal_tnative,episode,T001,1,1.5,1.5267175572519085,0.04,1.46,2.62,1.548,0.00658,0.24026,194.0212,0.075,0.00329,0.12013,-0.8084216666666666,-0.6100016666666666,-61.00016666666666,0.0,0.4983521744879885
maxrst_N2000_K100_H50_nominal_tnative,episode,T002,1,1.64,1.8018018018018018,0.04,1.6,2.22,1.308,0.00558,0.26152,194.0628,0.082,0.00279,0.13076,-0.8085950000000001,-0.593045,-59.304500000000004,0.0,0.6517028352803531
maxrst_N2000_K100_H50_nominal_tnative,episode,T003,1,0.98,0.0,0.0,0.98,2.24,1.344,0.00568,0.2439,198.5706,0.049,0.00284,0.12195,-0.8273775000000001,-0.6535875000000001,-65.35875000000001,0.0,0.590819583643904
maxrst_N2000_K100_H50_nominal_tnative,episode,T004,1,1.08,0.0,0.0,1.08,2.34,1.404,0.00578,0.25216,193.4428,0.054,0.00289,0.12608,-0.8060116666666667,-0.6230416666666667,-62.304166666666674,0.0,0.5839657401566438
maxrst_N2000_K100_H50_nominal_tnative,episode,T005,1,1.04,0.0,0.0,1.04,2.44,1.464,0.00592,0.24692,191.3874,0.052,0.00296,0.12346,-0.7974475000000001,-0.6190275000000001,-61.902750000000005,0.0,0.5097000982143338
maxrst_N2000_K100_H50_nominal_tnative,episode,T006,1,1.14,2.3076923076923075,0.06,1.08,2.6,1.524,0.00646,0.22922,194.7806,0.057,0.00323,0.11461,-0.8115858333333333,-0.6367458333333333,-63.67458333333333,0.020833333333333332,0.549625466434097
maxrst_N2000_K100_H50_nominal_tnative,episode,T007,1,1.54,2.4193548387096775,0.06,1.48,2.48,1.452,0.00598,0.24658,192.2026,0.077,0.00299,0.12329,-0.8008441666666666,-0.5975641666666666,-59.75641666666666,0.041666666666666664,0.6726258176000002
maxrst_N2000_K100_H50_nominal_tnative,episode,T008,1,1.48,0.0,0.0,1.48,1.92,1.152,0.00468,0.23716,195.2638,0.074,0.00234,0.11858,-0.8135991666666667,-0.6186791666666667,-61.867916666666666,0.0,0.495439694212067
maxrst_N2000_K100_H50_nominal_tnative,episode,T009,1,1.52,3.9215686274509802,0.08,1.44,2.04,1.176,0.0051600000000000005,0.23784,190.1072,0.076,0.0025800000000000003,0.11892,-0.7921133333333333,-0.5946133333333333,-59.461333333333336,0.0,0.762921308506098
maxrst_N2000_K100_H50_nominal_tnative,episode,T010,1,1.42,1.8867924528301887,0.04,1.38,2.12,1.248,0.005520000000000001,0.25874,186.9086,0.071,0.0027600000000000003,0.12937,-0.7787858333333334,-0.5756558333333334,-57.565583333333336,0.0,0.5557826491674022
maxrst_N2000_K100_H50_nominal_tnative,episode,T011,1,1.42,0.9345794392523364,0.02,1.4,2.14,1.272,0.00556,0.23118,194.4856,0.071,0.00278,0.11559,-0.8103566666666667,-0.6209866666666668,-62.09866666666668,0.0,0.4738148790815252
maxrst_N2000_K100_H50_nominal_tnative,episode,T012,1,1.5,0.8403361344537815,0.02,1.48,2.38,1.416,0.006,0.23978,194.6494,0.075,0.003,0.11989,-0.8110391666666668,-0.6131491666666667,-61.314916666666676,0.0,0.5529748647850805
maxrst_N2000_K100_H50_nominal_tnative,episode,T013,1,1.38,2.0202020202020203,0.04,1.34,1.98,1.164,0.005019999999999999,0.25418,194.2292,0.069,0.0025099999999999996,0.12709,-0.8092883333333333,-0.6106883333333333,-61.06883333333333,0.0,0.594622701088196
maxrst_N2000_K100_H50_nominal_tnative,episode,T014,1,1.0,0.9174311926605505,0.02,0.98,2.18,1.296,0.00564,0.2426,196.8578,0.05,0.00282,0.1213,-0.8202408333333333,-0.6461208333333333,-64.61208333333333,0.0,0.5996731801915989
maxrst_N2000_K100_H50_nominal_tnative,episode,T015,1,1.62,3.1578947368421053,0.06,1.56,1.9,1.104,0.00456,0.2465,192.7092,0.081,0.00228,0.12325,-0.8029550000000001,-0.5964250000000001,-59.64250000000001,0.0,0.5151171906523085
maxrst_N2000_K100_H50_nominal_tnative,episode,T016,1,1.04,0.0,0.0,1.04,2.12,1.272,0.00536,0.23692,194.9858,0.052,0.00268,0.11846,-0.8124408333333334,-0.6393008333333334,-63.93008333333334,0.0,0.46436857060648296
maxrst_N2000_K100_H50_nominal_tnative,episode,T017,1,0.92,0.0,0.0,0.92,2.28,1.368,0.005520000000000001,0.26172,200.4158,0.046,0.0027600000000000003,0.13086,-0.8350658333333333,-0.6554458333333333,-65.54458333333332,0.0,0.6520621472358115
maxrst_N2000_K100_H50_nominal_tnative,episode,T018,1,1.16,0.9345794392523364,0.02,1.14,2.14,1.272,0.005599999999999999,0.24292,191.1652,0.058,0.0027999999999999995,0.12146,-0.7965216666666667,-0.6142616666666667,-61.426166666666674,0.0,0.6303282046533634
maxrst_N2000_K100_H50_nominal_tnative,episode,T019,1,0.92,3.90625,0.1,0.82,2.56,1.476,0.00634,0.23628,201.0298,0.046,0.00317,0.11814,-0.8376241666666666,-0.6703141666666667,-67.03141666666667,0.0,0.5852693109460855
maxrst_N2000_K100_H50_nominal_tnative,episode,T020,1,1.54,2.0202020202020203,0.04,1.5,1.98,1.164,0.00498,0.24914,189.0944,0.077,0.00249,0.12457,-0.7878933333333333,-0.5838333333333333,-58.38333333333333,0.0,0.5756128925930799
maxrst_N2000_K100_H50_nominal_tnative,episode,T021,1,0.82,0.9009009009009009,0.02,0.8,2.22,1.32,0.0056,0.27186,195.3042,0.041,0.0028,0.13593,-0.8137675000000001,-0.6340375,-63.40375,0.0,0.6198607821165012
maxrst_N2000_K100_H50_nominal_tnative,episode,T022,1,1.16,0.0,0.0,1.16,2.38,1.428,0.00622,0.23224,199.6866,0.058,0.00311,0.11612,-0.8320275,-0.6547975,-65.47975000000001,0.0,0.49663174394175014
maxrst_N2000_K100_H50_nominal_tnative,episode,T023,1,1.94,0.7575757575757576,0.02,1.92,2.64,1.572,0.006539999999999999,0.23914,184.6432,0.097,0.0032699999999999995,0.11957,-0.7693466666666667,-0.5495066666666668,-54.95066666666668,0.0,0.5276642148608728
maxrst_N2000_K100_H50_nominal_tnative,episode,T024,1,1.06,0.847457627118644,0.02,1.04,2.36,1.404,0.00594,0.23922,197.9392,0.053,0.00297,0.11961,-0.8247466666666666,-0.6491666666666667,-64.91666666666667,0.0,0.49616555746311053
maxrst_N2000_K100_H50_nominal_tnative,episode,T025,1,1.9,1.6528925619834711,0.04,1.86,2.42,1.428,0.00622,0.23934,189.1474,0.095,0.00311,0.11967,-0.7881141666666667,-0.5703341666666667,-57.03341666666667,0.0,0.4944861801560637
maxrst_N2000_K100_H50_nominal_tnative,episode,T026,1,1.62,0.0,0.0,1.62,2.42,1.452,0.006379999999999999,0.2271,187.8886,0.081,0.0031899999999999997,0.11355,-0.7828691666666666,-0.5851291666666666,-58.51291666666666,0.041666666666666664,0.5213749820684299
maxrst_N2000_K100_H50_nominal_tnative,episode,T027,1,1.36,0.8547008547008547,0.02,1.34,2.34,1.392,0.00592,0.2294,196.0398,0.068,0.00296,0.1147,-0.8168325000000001,-0.6311725000000001,-63.11725000000001,0.0,0.6605183571281948
maxrst_N2000_K100_H50_nominal_tnative,episode,T028,1,1.4,1.7241379310344827,0.04,1.36,2.32,1.368,0.00588,0.24632,191.5798,0.07,0.00294,0.12316,-0.7982491666666667,-0.6021491666666667,-60.214916666666674,0.0,0.5548222074743053
maxrst_N2000_K100_H50_nominal_tnative,episode,T029,1,1.54,1.4598540145985401,0.04,1.5,2.74,1.62,0.00698,0.2317,194.8468,0.077,0.00349,0.11585,-0.8118616666666667,-0.6155216666666667,-61.55216666666667,0.0,0.5838801270686438
maxrst_N2000_K100_H50_nominal_tnative,episode,T030,1,1.88,2.962962962962963,0.08,1.8,2.7,1.572,0.00686,0.25036,189.9788,0.094,0.00343,0.12518,-0.7915783333333334,-0.5689683333333333,-56.89683333333333,0.020833333333333332,0.4968948895805023
maxrst_N2000_K100_H200_nominal_tnative,episode,T001,1,1.435,1.1673151750972763,0.03,1.405,2.57,1.524,0.006540000000000001,0.241015,194.2988,0.07175,0.0032700000000000003,0.1205075,-0.8095783333333333,-0.6140508333333333,-61.40508333333333,0.0,0.5590823727636154
maxrst_N2000_K100_H200_nominal_tnative,episode,T002,1,1.63,1.1516314779270633,0.03,1.6,2.605,1.545,0.006595,0.2541,194.94675,0.0815,0.0032975,0.12705,-0.8122781250000001,-0.6004306250000001,-60.04306250000001,0.0,0.6951142304413864
maxrst_N2000_K100_H200_nominal_tnative,episode,T003,1,0.945,0.22172949002217296,0.005,0.94,2.255,1.35,0.00577,0.238095,198.3609,0.04725,0.002885,0.1190475,-0.82650375,-0.65732125,-65.732125,0.005050505050505051,0.5986723043044453
maxrst_N2000_K100_H200_nominal_tnative,episode,T004,1,1.13,0.7936507936507936,0.02,1.11,2.52,1.5,0.006389999999999999,0.24011,193.3267,0.0565,0.0031949999999999995,0.120055,-0.8055279166666666,-0.6257779166666666,-62.57779166666666,0.0,0.5839657401566438
maxrst_N2000_K100_H200_nominal_tnative,episode,T005,1,0.995,0.6012024048096193,0.015,0.98,2.495,1.488,0.006379999999999999,0.254005,191.8724,0.04975,0.0031899999999999997,0.1270025,-0.7994683333333333,-0.6195258333333333,-61.95258333333334,0.0,0.6602932768757853
maxrst_N2000_K100_H200_nominal_tnative,episode,T006,1,1.325,2.044989775051125,0.05,1.275,2.445,1.437,0.006135,0.249915,193.75265,0.06625,0.0030675,0.1249575,-0.8073027083333333,-0.6130277083333333,-61.302770833333334,0.010101010101010102,0.6657816386128115
maxrst_N2000_K100_H200_nominal_tnative,episode,T007,1,1.36,1.9067796610169492,0.045,1.315,2.36,1.389,0.005784999999999999,0.25374,192.70345,0.068,0.0028924999999999997,0.12687,-0.8029310416666667,-0.6051685416666668,-60.516854166666675,0.010101010101010102,0.6726258176000002
maxrst_N2000_K100_H200_nominal_tnative,episode,T008,1,1.785,1.075268817204301,0.025,1.76,2.325,1.38,0.005869999999999999,0.236995,194.55535,0.08925,0.0029349999999999997,0.1184975,-0.8106472916666667,-0.5999647916666667,-59.996479166666674,0.0,0.5981608823438226
maxrst_N2000_K100_H200_nominal_tnative,episode,T009,1,1.555,2.494802494802495,0.06,1.495,2.405,1.407,0.006104999999999999,0.245265,189.9164,0.07775,0.0030524999999999997,0.1226325,-0.7913183333333333,-0.5878833333333333,-58.788333333333334,0.0,0.762921308506098
maxrst_N2000_K100_H200_nominal_tnative,episode,T010,1,1.325,1.4,0.035,1.29,2.5,1.479,0.0063549999999999995,0.245155,187.68995,0.06625,0.0031774999999999998,0.1225775,-0.7820414583333334,-0.5900364583333334,-59.00364583333334,0.010101010101010102,0.6632949188058928
maxrst_N2000_K100_H200_nominal_tnative,episode,T011,1,1.465,0.6369426751592356,0.015,1.45,2.355,1.404,0.00609,0.236015,194.05005,0.07325,0.003045,0.1180075,-0.808541875,-0.6142393749999999,-61.423937499999994,0.005050505050505051,0.4981534835056618
maxrst_N2000_K100_H200_nominal_tnative,episode,T012,1,1.07,0.6024096385542169,0.015,1.055,2.49,1.485,0.006235,0.23858,194.88385,0.0535,0.0031175,0.11929,-0.8120160416666666,-0.6361085416666666,-63.61085416666666,0.015151515151515152,0.5755461889948051
maxrst_N2000_K100_H200_nominal_tnative,episode,T013,1,1.065,0.6396588486140725,0.015,1.05,2.345,1.398,0.0060799999999999995,0.249495,194.48725,0.05325,0.0030399999999999997,0.1247475,-0.8103635416666666,-0.6293260416666666,-62.932604166666664,0.0,0.6696661372440648
maxrst_N2000_K100_H200_nominal_tnative,episode,T014,1,1.12,1.386138613861386,0.035,1.085,2.525,1.494,0.00635,0.24335,196.7767,0.056,0.003175,0.121675,-0.8199029166666667,-0.6390529166666667,-63.90529166666668,0.0,0.6660839868983917
maxrst_N2000_K100_H200_nominal_tnative,episode,T015,1,1.775,1.8218623481781377,0.045,1.73,2.47,1.455,0.006135,0.242795,192.98655,0.08875,0.0030675,0.1213975,-0.804110625,-0.5908956249999999,-59.08956249999999,0.005050505050505051,0.6412387846610872
maxrst_N2000_K100_H200_nominal_tnative,episode,T016,1,1.12,1.2552301255230125,0.03,1.09,2.39,1.416,0.00607,0.2447,195.23485,0.056,0.003035,0.12235,-0.8134785416666667,-0.6320935416666666,-63.209354166666664,0.0,0.5697907012860274
maxrst_N2000_K100_H200_nominal_tnative,episode,T017,1,1.095,0.0,0.0,1.095,2.625,1.575,0.006705,0.244235,200.10655,0.05475,0.0033525,0.1221175,-0.8337772916666667,-0.6535572916666668,-65.35572916666668,0.0,0.6520621472358115
maxrst_N2000_K100_H200_nominal_tnative,episode,T018,1,1.23,1.1312217194570136,0.025,1.205,2.21,1.311,0.005675,0.25127,190.7792,0.0615,0.0028375,0.125635,-0.7949133333333334,-0.6049408333333334,-60.494083333333336,0.005050505050505051,0.8174701086841525
maxrst_N2000_K100_H200_nominal_tnative,episode,T019,1,0.96,2.092050209205021,0.05,0.91,2.39,1.404,0.00598,0.24982,200.867,0.048,0.00299,0.12491,-0.8369458333333333,-0.6610458333333333,-66.10458333333334,0.0,0.735973986138865
maxrst_N2000_K100_H200_nominal_tnative,episode,T020,1,1.33,1.6227180527383367,0.04,1.29,2.465,1.455,0.006285,0.25693,189.9023,0.0665,0.0031425,0.128465,-0.7912595833333333,-0.5931520833333334,-59.31520833333334,0.0,0.8751050748180911
maxrst_N2000_K100_H200_nominal_tnative,episode,T021,1,0.915,0.41237113402061853,0.01,0.905,2.425,1.449,0.006275,0.249135,195.18435,0.04575,0.0031375,0.1245675,-0.813268125,-0.639813125,-63.9813125,0.0,0.6569722539405983
maxrst_N2000_K100_H200_nominal_tnative,episode,T022,1,1.13,0.4424778761061947,0.01,1.12,2.26,1.35,0.00592,0.23431,198.8122,0.0565,0.00296,0.117155,-0.8283841666666666,-0.6517691666666666,-65.17691666666666,0.0,0.6709206658449407
maxrst_N2000_K100_H200_nominal_tnative,episode,T023,1,1.74,1.5873015873015872,0.04,1.7,2.52,1.488,0.00633,0.24298,184.8839,0.087,0.003165,0.12149,-0.7703495833333334,-0.5586945833333334,-55.86945833333334,0.010101010101010102,0.6599931873029119
maxrst_N2000_K100_H200_nominal_tnative,episode,T024,1,1.09,1.6161616161616161,0.04,1.05,2.475,1.461,0.006324999999999999,0.23971,197.9248,0.0545,0.0031624999999999995,0.119855,-0.8246866666666667,-0.6471691666666667,-64.71691666666666,0.005050505050505051,0.5293976405540565
maxrst_N2000_K100_H200_nominal_tnative,episode,T025,1,1.855,1.6771488469601676,0.04,1.815,2.385,1.407,0.005985,0.235885,189.0941,0.09275,0.0029925,0.1179425,-0.7878920833333333,-0.5742070833333333,-57.42070833333332,0.0,0.5261370106790608
maxrst_N2000_K100_H200_nominal_tnative,episode,T026,1,1.775,1.4989293361884368,0.035,1.74,2.335,1.38,0.00615,0.241015,187.39825,0.08875,0.003075,0.1205075,-0.7808260416666666,-0.5684935416666665,-56.84935416666666,0.010101010101010102,0.6733347315686047
maxrst_N2000_K100_H200_nominal_tnative,episode,T027,1,1.545,1.4893617021276595,0.035,1.51,2.35,1.389,0.005965,0.241875,194.89445,0.07725,0.0029825,0.1209375,-0.8120602083333334,-0.6108902083333334,-61.08902083333334,0.0,0.6933760794950488
maxrst_N2000_K100_H200_nominal_tnative,episode,T028,1,1.375,0.87527352297593,0.02,1.355,2.285,1.359,0.005815,0.242225,191.918,0.06875,0.0029075,0.1211125,-0.7996583333333334,-0.6068883333333334,-60.688833333333335,0.005050505050505051,0.5548222074743053
maxrst_N2000_K100_H200_nominal_tnative,episode,T029,1,1.595,1.4492753623188406,0.035,1.56,2.415,1.428,0.00622,0.233135,194.62685,0.07975,0.00311,0.1165675,-0.8109452083333333,-0.6115177083333333,-61.15177083333333,0.005050505050505051,0.5838801270686438
maxrst_N2000_K100_H200_nominal_tnative,episode,T030,1,1.86,2.742616033755274,0.065,1.795,2.37,1.383,0.005905,0.25073,190.01365,0.093,0.0029525,0.125365,-0.7917235416666667,-0.5704060416666668,-57.040604166666675,0.015151515151515152,0.6832926942235467
maxrst_N2000_K100_H800_nominal_tnative,episode,T001,1,1.67625,1.661631419939577,0.04125,1.635,2.4825,1.46475,0.0063237499999999995,0.24490625,193.5958875,0.0838125,0.0031618749999999998,0.122453125,-0.80664953125,-0.5972220312500001,-59.72220312500001,0.002506265664160401,0.6386341922352254
maxrst_N2000_K100_H800_nominal_tnative,episode,T002,1,1.66625,1.3479780329505742,0.03375,1.6325,2.50375,1.482,0.00642,0.24034375,195.142325,0.0833125,0.00321,0.120171875,-0.8130930208333333,-0.6063986458333334,-60.639864583333335,0.0012531328320802004,0.6951142304413864
maxrst_N2000_K100_H800_nominal_tnative,episode,T003,1,1.08125,0.944386149003148,0.0225,1.05875,2.3825,1.416,0.006085,0.24203375,197.755025,0.0540625,0.0030425,0.121016875,-0.8239792708333333,-0.6458573958333333,-64.58573958333334,0.0037593984962406013,0.7984688471023409
maxrst_N2000_K100_H800_nominal_tnative,episode,T004,1,1.3575,0.9610520991401112,0.02375,1.33375,2.47125,1.4685,0.006295,0.243355,192.780625,0.067875,0.0031475,0.1216775,-0.8032526041666667,-0.6105526041666667,-61.05526041666667,0.002506265664160401,0.6505792337560642
maxrst_N2000_K100_H800_nominal_tnative,episode,T005,1,1.04375,1.024390243902439,0.02625,1.0175,2.5625,1.52175,0.006488749999999999,0.24258625,192.1097,0.0521875,0.0032443749999999994,0.121293125,-0.8004570833333333,-0.6237320833333333,-62.37320833333333,0.005012531328320802,0.6633390246427073
maxrst_N2000_K100_H800_nominal_tnative,episode,T006,1,1.42375,1.6251904520060945,0.04,1.38375,2.46125,1.45275,0.006241249999999999,0.24402125,193.930625,0.0711875,0.0031206249999999997,0.122010625,-0.8080442708333333,-0.6117255208333333,-61.17255208333333,0.008771929824561403,0.6723189648201874
maxrst_N2000_K100_H800_nominal_tnative,episode,T007,1,1.48375,1.6334864726901481,0.04,1.44375,2.44875,1.44525,0.00619375,0.24416875,192.893525,0.0741875,0.003096875,0.122084375,-0.8037230208333334,-0.6043542708333334,-60.43542708333334,0.002506265664160401,0.6822437297997785
maxrst_N2000_K100_H800_nominal_tnative,episode,T008,1,1.81625,1.6281512605042017,0.03875,1.7775,2.38,1.40475,0.00604375,0.23928125,194.4317875,0.0908125,0.003021875,0.119640625,-0.8101324479166667,-0.5966574479166667,-59.665744791666675,0.0037593984962406013,0.6507635111420879
maxrst_N2000_K100_H800_nominal_tnative,episode,T009,1,1.65375,1.5321756894790604,0.0375,1.61625,2.4475,1.446,0.0062475000000000004,0.24505375,189.8832125,0.0826875,0.0031237500000000002,0.122526875,-0.7911800520833334,-0.5828419270833334,-58.284192708333336,0.005012531328320802,0.762921308506098
maxrst_N2000_K100_H800_nominal_tnative,episode,T010,1,1.50375,1.2556504269211453,0.03125,1.4725,2.48875,1.4745,0.0063950000000000005,0.23887375,187.712925,0.0751875,0.0031975000000000003,0.119436875,-0.7821371875,-0.5843153125,-58.43153125,0.005012531328320802,0.6729798246175529
maxrst_N2000_K100_H800_nominal_tnative,episode,T011,1,1.645,1.629327902240326,0.04,1.605,2.455,1.449,0.006259999999999999,0.2403325,193.63885,0.08225,0.0031299999999999995,0.12016625,-0.8068285416666666,-0.6012822916666667,-60.12822916666667,0.002506265664160401,0.7771266443811061
maxrst_N2000_K100_H800_nominal_tnative,episode,T012,1,1.3125,1.1701608971233544,0.03,1.2825,2.56375,1.52025,0.00648625,0.2408975,194.3086125,0.065625,0.003243125,0.12044875,-0.8096192187500001,-0.6203023437500002,-62.03023437500001,0.008771929824561403,0.6621213746428964
maxrst_N2000_K100_H800_nominal_tnative,episode,T013,1,1.1425,0.9625126646403243,0.02375,1.11875,2.4675,1.46625,0.00636625,0.245225,194.6870125,0.057125,0.003183125,0.1226125,-0.8111958854166667,-0.6282752604166666,-62.82752604166666,0.005012531328320802,0.6715048659248792
maxrst_N2000_K100_H800_nominal_tnative,episode,T014,1,1.2675,1.3853258081067215,0.03375,1.23375,2.43625,1.4415,0.0062,0.24271,196.629925,0.063375,0.0031,0.121355,-0.8192913541666667,-0.6314613541666667,-63.146135416666674,0.0037593984962406013,0.782638304894357
maxrst_N2000_K100_H800_nominal_tnative,episode,T015,1,1.96875,1.7884517118037813,0.04375,1.925,2.44625,1.4415,0.00612,0.24403375,192.2248125,0.0984375,0.00306,0.122016875,-0.80093671875,-0.5774223437500001,-57.74223437500001,0.007518796992481203,0.724495931416529
maxrst_N2000_K100_H800_nominal_tnative,episode,T016,1,1.33,1.256544502617801,0.03,1.3,2.3875,1.4145,0.0061125,0.2503325,194.696275,0.0665,0.00305625,0.12516625,-0.8112344791666667,-0.6165119791666667,-61.65119791666667,0.0037593984962406013,0.8875352503601652
maxrst_N2000_K100_H800_nominal_tnative,episode,T017,1,1.25125,0.8382642998027613,0.02125,1.23,2.535,1.50825,0.00645125,0.24633625,200.0103125,0.0625625,0.003225625,0.123168125,-0.8333763020833334,-0.6444200520833334,-64.44200520833334,0.007518796992481203,0.6809770975351466
maxrst_N2000_K100_H800_nominal_tnative,episode,T018,1,1.3025,1.5971148892323546,0.03875,1.26375,2.42625,1.4325,0.0061424999999999995,0.249865,190.5853375,0.065125,0.0030712499999999998,0.1249325,-0.7941055729166667,-0.6009768229166668,-60.09768229166668,0.002506265664160401,0.8174701086841525
maxrst_N2000_K100_H800_nominal_tnative,episode,T019,1,1.0075,1.0706638115631693,0.025,0.9825,2.335,1.386,0.0059299999999999995,0.2464675,200.8949125,0.050375,0.0029649999999999998,0.12323375,-0.8370621354166666,-0.6604883854166667,-66.04883854166667,0.0012531328320802004,0.7487791889110921
maxrst_N2000_K100_H800_nominal_tnative,episode,T020,1,1.29125,1.5,0.0375,1.25375,2.5,1.4775,0.006257499999999999,0.24628625,190.423325,0.0645625,0.0031287499999999996,0.123143125,-0.7934305208333333,-0.6025961458333333,-60.25961458333333,0.0037593984962406013,0.8751050748180911
maxrst_N2000_K100_H800_nominal_tnative,episode,T021,1,1.035,0.6711409395973155,0.01625,1.01875,2.42125,1.443,0.006215,0.24894,195.2089125,0.05175,0.0031075,0.12447,-0.81337046875,-0.63404296875,-63.404296875,0.005012531328320802,0.8951926416737117
maxrst_N2000_K100_H800_nominal_tnative,episode,T022,1,1.26625,0.9978991596638656,0.02375,1.2425,2.38,1.41375,0.00612375,0.23996625,198.4247125,0.0633125,0.003061875,0.119983125,-0.8267696354166667,-0.6404121354166668,-64.04121354166668,0.0037593984962406013,0.6709206658449407
maxrst_N2000_K100_H800_nominal_tnative,episode,T023,1,1.93375,1.6751269035532994,0.04125,1.8925,2.4625,1.45275,0.00624375,0.24079375,184.865175,0.0966875,0.003121875,0.120396875,-0.7702715625,-0.5500653124999999,-55.00653124999999,0.007518796992481203,0.7920409369829127
maxrst_N2000_K100_H800_nominal_tnative,episode,T024,1,1.145,1.0521042084168337,0.02625,1.11875,2.495,1.48125,0.00643875,0.2437175,197.572725,0.05725,0.003219375,0.12185875,-0.8232196875,-0.6408915625,-64.08915625,0.0037593984962406013,0.6668537043855127
maxrst_N2000_K100_H800_nominal_tnative,episode,T025,1,2.0525,2.3076923076923075,0.05625,1.99625,2.4375,1.42875,0.00615625,0.2437025,188.6312375,0.102625,0.003078125,0.12185125,-0.7859634895833333,-0.5584091145833333,-55.84091145833333,0.0,0.7190544699563234
maxrst_N2000_K100_H800_nominal_tnative,episode,T026,1,1.90375,1.875,0.045,1.85875,2.4,1.413,0.00613,0.24280625,187.08125,0.0951875,0.003065,0.121403125,-0.7795052083333334,-0.5598495833333333,-55.98495833333333,0.005012531328320802,0.6959595922149047
maxrst_N2000_K100_H800_nominal_tnative,episode,T027,1,1.65125,1.9979508196721312,0.04875,1.6025,2.44,1.43475,0.0061512500000000005,0.23785625,194.9830375,0.0825625,0.0030756250000000002,0.118928125,-0.8124293229166667,-0.6078630729166667,-60.786307291666674,0.005012531328320802,0.6933760794950488
maxrst_N2000_K100_H800_nominal_tnative,episode,T028,1,1.505,1.491769547325103,0.03625,1.46875,2.43,1.43625,0.00618125,0.2454925,191.5455875,0.07525,0.003090625,0.12274625,-0.7981066145833334,-0.5970197395833334,-59.70197395833334,0.007518796992481203,0.625315768766157
maxrst_N2000_K100_H800_nominal_tnative,episode,T029,1,1.65875,1.442068622575833,0.03625,1.6225,2.51375,1.4865,0.00634,0.24450125,194.4428375,0.0829375,0.00317,0.122250625,-0.8101784895833333,-0.6018203645833333,-60.18203645833333,0.005012531328320802,0.925161334779707
maxrst_N2000_K100_H800_nominal_tnative,episode,T030,1,2.0,2.6700251889168767,0.06625,1.93375,2.48125,1.449,0.0063,0.24323,189.946,0.1,0.00315,0.121615,-0.7914416666666667,-0.5666766666666667,-56.66766666666667,0.010025062656641603,0.7609011396342827
maxrst_N2000_K200_H200_nominal_tnative,episode,T001,1,2.155,2.073050345508391,0.0525,2.1025,2.5325,1.488,0.006384999999999999,0.38963,190.5477,0.10775,0.0031924999999999996,0.194815,-0.79394875,-0.48819124999999997,-97.63825,0.0,0.8449450897248834
maxrst_N2000_K200_H200_nominal_tnative,episode,T002,1,2.2925,2.0812685827552033,0.0525,2.24,2.5225,1.482,0.006345,0.3877925,186.500425,0.114625,0.0031725,0.19389625,-0.7770851041666667,-0.46539135416666666,-93.07827083333333,0.0,0.9303317338680286
maxrst_N2000_K200_H200_nominal_tnative,episode,T003,1,1.4625,0.8298755186721992,0.02,1.4425,2.41,1.434,0.006229999999999999,0.3851975,192.0492,0.073125,0.0031149999999999997,0.19259875,-0.800205,-0.53136625,-106.27325,0.0025252525252525255,0.8975683244281689
maxrst_N2000_K200_H200_nominal_tnative,episode,T004,1,1.77,1.8987341772151898,0.045,1.725,2.37,1.395,0.006025,0.38966,190.293125,0.0885,0.0030125,0.19483,-0.7928880208333333,-0.5065455208333334,-101.30910416666667,0.0,0.977868088633097
maxrst_N2000_K200_H200_nominal_tnative,episode,T005,1,1.3275,1.4042126379137412,0.035,1.2925,2.4925,1.4745,0.0063125,0.4047725,190.713325,0.066375,0.00315625,0.20238625,-0.7946388541666667,-0.5227213541666667,-104.54427083333333,0.0025252525252525255,0.9614161214586436
maxrst_N2000_K200_H200_nominal_tnative,episode,T006,1,1.85,2.711157455683003,0.065,1.785,2.3975,1.3995,0.0059975,0.392475,188.55085,0.0925,0.00299875,0.1962375,-0.7856285416666666,-0.4938922916666666,-98.77845833333332,0.005050505050505051,0.8852092642085985
maxrst_N2000_K200_H200_nominal_tnative,episode,T007,1,1.985,2.2448979591836733,0.055,1.93,2.45,1.437,0.0060799999999999995,0.39307,186.813725,0.09925,0.0030399999999999997,0.196535,-0.7783905208333334,-0.47956552083333337,-95.91310416666667,0.007575757575757576,0.9577721393743468
maxrst_N2000_K200_H200_nominal_tnative,episode,T008,1,2.42,2.2245762711864407,0.0525,2.3675,2.36,1.3845,0.0059325,0.38224,187.3416,0.121,0.00296625,0.19112,-0.78059,-0.46550375,-93.10075,0.0,0.9412922518527957
maxrst_N2000_K200_H200_nominal_tnative,episode,T009,1,2.215,2.912621359223301,0.0675,2.1475,2.3175,1.35,0.0057,0.38324,183.79085,0.11075,0.00285,0.19162,-0.7657952083333334,-0.4605752083333333,-92.11504166666667,0.0025252525252525255,0.9718439609382299
maxrst_N2000_K200_H200_nominal_tnative,episode,T010,1,1.87,1.9133937562940584,0.0475,1.8225,2.4825,1.461,0.006265,0.387865,185.609925,0.0935,0.0031325,0.1939325,-0.7733746875,-0.48280968750000003,-96.5619375,0.005050505050505051,0.9374007196927727
maxrst_N2000_K200_H200_nominal_tnative,episode,T011,1,2.1875,1.4752370916754478,0.035,2.1525,2.3725,1.4025,0.0061525,0.3863175,188.754475,0.109375,0.00307625,0.19315875,-0.7864769791666667,-0.4808669791666667,-96.17339583333334,0.0025252525252525255,0.8308418431696163
maxrst_N2000_K200_H200_nominal_tnative,episode,T012,1,1.69,1.7839444995044598,0.045,1.645,2.5225,1.4865,0.0063974999999999995,0.39119,190.403475,0.0845,0.0031987499999999998,0.195595,-0.7933478125,-0.5100540625,-102.01081249999999,0.010101010101010102,0.9913558172623886
maxrst_N2000_K200_H200_nominal_tnative,episode,T013,1,1.54,1.4644351464435146,0.035,1.505,2.39,1.413,0.0061200000000000004,0.387145,192.76375,0.077,0.0030600000000000002,0.1935725,-0.8031822916666667,-0.5295497916666667,-105.90995833333335,0.0025252525252525255,0.9228349169073653
maxrst_N2000_K200_H200_nominal_tnative,episode,T014,1,1.63,1.3347022587268993,0.0325,1.5975,2.435,1.4415,0.0061575,0.38869,191.263475,0.0815,0.00307875,0.194345,-0.7969311458333334,-0.5180073958333333,-103.60147916666666,0.0,0.8592752800955739
maxrst_N2000_K200_H200_nominal_tnative,episode,T015,1,2.6,2.7027027027027026,0.065,2.535,2.405,1.404,0.00608,0.38509,184.3382,0.13,0.00304,0.192545,-0.7680758333333333,-0.4424908333333333,-88.49816666666666,0.005050505050505051,0.8991704833381322
maxrst_N2000_K200_H200_nominal_tnative,episode,T016,1,1.67,1.6161616161616161,0.04,1.63,2.475,1.461,0.006220000000000001,0.388865,186.79485,0.0835,0.0031100000000000004,0.1944325,-0.778311875,-0.49726937499999996,-99.453875,0.0,0.9912156496526421
maxrst_N2000_K200_H200_nominal_tnative,episode,T017,1,1.7,0.9699321047526673,0.025,1.675,2.5775,1.5315,0.0065425,0.385655,191.19885,0.085,0.00327125,0.1928275,-0.796661875,-0.5155631249999999,-103.11262499999998,0.0,0.9598095083401157
maxrst_N2000_K200_H200_nominal_tnative,episode,T018,1,1.68,2.1413276231263385,0.05,1.63,2.335,1.371,0.005905,0.388275,182.061475,0.084,0.0029525,0.1941375,-0.7585894791666666,-0.47749947916666663,-95.49989583333333,0.0025252525252525255,0.872990563008774
maxrst_N2000_K200_H200_nominal_tnative,episode,T019,1,1.325,2.308499475341028,0.055,1.27,2.3825,1.3965,0.005957499999999999,0.387855,195.97375,0.06625,0.0029787499999999996,0.1939275,-0.8165572916666667,-0.5534010416666667,-110.68020833333334,0.0025252525252525255,0.9991860917733886
maxrst_N2000_K200_H200_nominal_tnative,episode,T020,1,1.815,1.9211324570273003,0.0475,1.7675,2.4725,1.455,0.006319999999999999,0.39447,185.17835,0.09075,0.0031599999999999996,0.197235,-0.7715764583333333,-0.48043145833333334,-96.08629166666667,0.007575757575757576,0.945784538085034
maxrst_N2000_K200_H200_nominal_tnative,episode,T021,1,1.415,1.0706638115631693,0.025,1.39,2.335,1.386,0.00601,0.39409,190.398525,0.07075,0.003005,0.197045,-0.7933271875,-0.5225271874999999,-104.50543749999999,0.0,0.95865207211703
maxrst_N2000_K200_H200_nominal_tnative,episode,T022,1,1.64,0.9297520661157025,0.0225,1.6175,2.42,1.4385,0.0062875,0.384495,192.710775,0.082,0.00314375,0.1922475,-0.8029615625000001,-0.5255703125000001,-105.11406250000002,0.0,0.8047558244127844
maxrst_N2000_K200_H200_nominal_tnative,episode,T023,1,2.6225,1.917255297679112,0.0475,2.575,2.4775,1.458,0.0062450000000000006,0.3840375,182.15675,0.131125,0.0031225000000000003,0.19201875,-0.7589864583333333,-0.43272020833333336,-86.54404166666667,0.005050505050505051,0.8941113939724759
maxrst_N2000_K200_H200_nominal_tnative,episode,T024,1,1.5775,1.6326530612244898,0.04,1.5375,2.45,1.446,0.00624,0.3915625,191.03585,0.078875,0.00312,0.19578125,-0.7959827083333334,-0.5182064583333335,-103.64129166666669,0.0025252525252525255,0.9510873877064108
maxrst_N2000_K200_H200_nominal_tnative,episode,T025,1,2.745,2.3908523908523907,0.0575,2.6875,2.405,1.4085,0.0060325000000000005,0.374425,185.28365,0.13725,0.0030162500000000003,0.1872125,-0.7720152083333333,-0.4445364583333332,-88.90729166666664,0.0,0.9162815749526727
maxrst_N2000_K200_H200_nominal_tnative,episode,T026,1,2.5225,2.1299254526091587,0.05,2.4725,2.3475,1.3785,0.0060075,0.3767925,185.3011,0.126125,0.00300375,0.18839625,-0.7720879166666667,-0.4545629166666667,-90.91258333333334,0.005050505050505051,0.8885778000786042
maxrst_N2000_K200_H200_nominal_tnative,episode,T027,1,2.265,2.7720739219712525,0.0675,2.1975,2.435,1.4205,0.0061025,0.389605,188.574275,0.11325,0.00305125,0.1948025,-0.7857261458333333,-0.4746223958333333,-94.92447916666666,0.0,0.9793184294723127
maxrst_N2000_K200_H200_nominal_tnative,episode,T028,1,1.96,1.5353121801432958,0.0375,1.9225,2.4425,1.443,0.006255,0.379855,186.651125,0.098,0.0031275,0.1899275,-0.7777130208333334,-0.48665802083333337,-97.33160416666668,0.0025252525252525255,0.8665717328634257
maxrst_N2000_K200_H200_nominal_tnative,episode,T029,1,2.27,2.3541453428863868,0.0575,2.2125,2.4425,1.431,0.006195,0.382145,189.7725,0.1135,0.0030975,0.1910725,-0.79071875,-0.48304875,-96.60975,0.0025252525252525255,0.8786241300259816
maxrst_N2000_K200_H200_nominal_tnative,episode,T030,1,2.5925,3.115264797507788,0.075,2.5175,2.4075,1.3995,0.0058875,0.3845925,181.569325,0.129625,0.00294375,0.19229625,-0.7565388541666667,-0.4316738541666667,-86.33477083333334,0.010101010101010102,0.9457860149110269
maxrst_N2000_K300_H200_nominal_tnative,episode,T001,1,3.2,3.3400133600534403,0.08333333333333333,3.1166666666666667,2.495,1.447,0.006225,0.5201933333333333,184.33588333333333,0.16,0.0031125,0.26009666666666664,-0.7680661805555555,-0.3448570138888889,-103.45710416666667,0.0,0.9793441313286928
maxrst_N2000_K300_H200_nominal_tnative,episode,T002,1,3.2316666666666665,3.1312458361092603,0.07833333333333334,3.1533333333333333,2.5016666666666665,1.454,0.006236666666666666,0.5195483333333333,182.29655,0.16158333333333333,0.003118333333333333,0.25977416666666664,-0.7595689583333333,-0.335093125,-100.5279375,0.0,0.9950781361877521
maxrst_N2000_K300_H200_nominal_tnative,episode,T003,1,2.24,1.1548913043478262,0.028333333333333332,2.2116666666666664,2.453333333333333,1.455,0.006281666666666666,0.5208466666666667,185.01681666666667,0.112,0.003140833333333333,0.26042333333333334,-0.7709034027777778,-0.3953392361111111,-118.60177083333333,0.003367003367003367,0.9940005680680597
maxrst_N2000_K300_H200_nominal_tnative,episode,T004,1,2.5933333333333333,3.129346314325452,0.075,2.5183333333333335,2.3966666666666665,1.393,0.0060550000000000005,0.5230633333333333,183.75093333333334,0.12966666666666668,0.0030275000000000002,0.26153166666666666,-0.7656288888888889,-0.3714030555555556,-111.42091666666667,0.0,0.9959929728961838
maxrst_N2000_K300_H200_nominal_tnative,episode,T005,1,1.8766666666666667,1.9270474879559532,0.04666666666666667,1.83,2.421666666666667,1.425,0.006158333333333333,0.5364766666666667,185.1206,0.09383333333333334,0.0030791666666666667,0.26823833333333336,-0.7713358333333333,-0.40618499999999996,-121.85549999999999,0.0,0.9922300532214416
maxrst_N2000_K300_H200_nominal_tnative,episode,T006,1,2.611666666666667,3.389830508474576,0.08,2.5316666666666667,2.36,1.368,0.005906666666666666,0.5265116666666667,182.65851666666666,0.13058333333333333,0.002953333333333333,0.26325583333333336,-0.7610771527777778,-0.3642846527777778,-109.28539583333333,0.005050505050505051,0.9697579931480294
maxrst_N2000_K300_H200_nominal_tnative,episode,T007,1,2.763333333333333,3.0633083730428865,0.075,2.6883333333333335,2.4483333333333333,1.424,0.006039999999999999,0.52117,182.94145,0.13816666666666666,0.0030199999999999997,0.260585,-0.7622560416666667,-0.3604843750000001,-108.14531250000002,0.008417508417508417,0.9886231935402656
maxrst_N2000_K300_H200_nominal_tnative,episode,T008,1,3.368333333333333,3.1907179115300943,0.07333333333333333,3.295,2.2983333333333333,1.335,0.0056949999999999995,0.5177416666666667,182.6245,0.16841666666666666,0.0028474999999999998,0.25887083333333333,-0.7609354166666668,-0.33080041666666676,-99.24012500000003,0.0,0.9852434265885419
maxrst_N2000_K300_H200_nominal_tnative,episode,T009,1,3.19,3.9243167484232657,0.09333333333333334,3.0966666666666667,2.3783333333333334,1.371,0.005841666666666666,0.5156366666666666,178.24151666666666,0.1595,0.002920833333333333,0.2578183333333333,-0.7426729861111111,-0.32243381944444444,-96.73014583333332,0.003367003367003367,0.9894274903968339
maxrst_N2000_K300_H200_nominal_tnative,episode,T010,1,2.6783333333333332,2.689655172413793,0.065,2.6133333333333333,2.4166666666666665,1.411,0.006078333333333333,0.5196716666666666,182.28381666666667,0.13391666666666666,0.0030391666666666666,0.2598358333333333,-0.7595159027777778,-0.36272423611111115,-108.81727083333334,0.006734006734006734,0.9919497335657543
maxrst_N2000_K300_H200_nominal_tnative,episode,T011,1,3.1966666666666668,3.3660589060308554,0.08,3.1166666666666667,2.3766666666666665,1.378,0.006023333333333333,0.5174166666666666,186.38121666666666,0.15983333333333333,0.0030116666666666664,0.2587083333333333,-0.7765884027777777,-0.3550350694444444,-106.51052083333332,0.006734006734006734,0.9765632286232011
maxrst_N2000_K300_H200_nominal_tnative,episode,T012,1,2.433333333333333,2.22972972972973,0.055,2.3783333333333334,2.466666666666667,1.447,0.006265000000000001,0.52896,186.20565,0.12166666666666667,0.0031325000000000003,0.26448,-0.775856875,-0.3865777083333333,-115.97331249999999,0.008417508417508417,0.999185556326484
maxrst_N2000_K300_H200_nominal_tnative,episode,T013,1,2.195,2.598314606741573,0.06166666666666667,2.1333333333333333,2.3733333333333335,1.387,0.005941666666666666,0.5148183333333334,189.47528333333332,0.10975,0.002970833333333333,0.2574091666666667,-0.7894803472222222,-0.41935034722222214,-125.80510416666664,0.0016835016835016834,0.9864902707228003
maxrst_N2000_K300_H200_nominal_tnative,episode,T014,1,2.3733333333333335,2.5052192066805845,0.06,2.3133333333333335,2.395,1.401,0.005978333333333333,0.52893,185.13866666666667,0.11866666666666667,0.0029891666666666664,0.264465,-0.7714111111111112,-0.3852902777777778,-115.58708333333334,0.0016835016835016834,0.9843339100949724
maxrst_N2000_K300_H200_nominal_tnative,episode,T015,1,3.7116666666666664,3.818953323903819,0.09,3.6216666666666666,2.3566666666666665,1.36,0.005846666666666667,0.510915,180.91958333333332,0.18558333333333332,0.0029233333333333333,0.2554575,-0.7538315972222221,-0.3098674305555555,-92.96022916666665,0.003367003367003367,0.9797234818572691
maxrst_N2000_K300_H200_nominal_tnative,episode,T016,1,2.4766666666666666,2.4390243902439024,0.06,2.4166666666666665,2.46,1.44,0.006163333333333333,0.52284,179.62783333333334,0.12383333333333334,0.0030816666666666666,0.26142,-0.7484493055555556,-0.36011430555555557,-108.03429166666668,0.0,0.9948449686397629
maxrst_N2000_K300_H200_nominal_tnative,episode,T017,1,2.375,1.7275747508305648,0.043333333333333335,2.3316666666666666,2.5083333333333333,1.479,0.006345,0.5279916666666666,188.51336666666666,0.11875,0.0031725,0.2639958333333333,-0.7854723611111111,-0.39955402777777776,-119.86620833333333,0.003367003367003367,0.9897098260948929
maxrst_N2000_K300_H200_nominal_tnative,episode,T018,1,2.5383333333333336,2.9078014184397163,0.06833333333333333,2.47,2.35,1.369,0.005908333333333333,0.5324683333333333,178.01971666666665,0.12691666666666668,0.0029541666666666666,0.26623416666666666,-0.7417488194444444,-0.34564381944444433,-103.6931458333333,0.003367003367003367,0.9960900140204005
maxrst_N2000_K300_H200_nominal_tnative,episode,T019,1,1.8766666666666667,2.3319615912208507,0.056666666666666664,1.82,2.43,1.424,0.006103333333333333,0.52602,189.96826666666666,0.09383333333333334,0.0030516666666666665,0.26301,-0.7915344444444444,-0.4316394444444444,-129.49183333333332,0.0016835016835016834,0.9972516731747203
maxrst_N2000_K300_H200_nominal_tnative,episode,T020,1,2.5816666666666666,2.6243093922651934,0.06333333333333334,2.5183333333333335,2.4133333333333336,1.41,0.006056666666666666,0.5248916666666666,180.32963333333333,0.12908333333333333,0.003028333333333333,0.2624458333333333,-0.7513734722222222,-0.35681597222222217,-107.04479166666665,0.005050505050505051,0.9869274193726509
maxrst_N2000_K300_H200_nominal_tnative,episode,T021,1,1.9333333333333333,1.9081272084805654,0.045,1.8883333333333334,2.3583333333333334,1.388,0.006,0.5257733333333333,186.43731666666667,0.09666666666666666,0.003,0.26288666666666666,-0.7768221527777778,-0.41426881944444444,-124.28064583333332,0.0,0.9798761263885867
maxrst_N2000_K300_H200_nominal_tnative,episode,T022,1,2.4366666666666665,2.3470839260312943,0.055,2.381666666666667,2.3433333333333333,1.373,0.005978333333333333,0.52824,183.5617,0.12183333333333334,0.0029891666666666664,0.26412,-0.7648404166666667,-0.37589791666666666,-112.769375,0.0,0.9890151598835919
maxrst_N2000_K300_H200_nominal_tnative,episode,T023,1,3.7733333333333334,3.8934426229508197,0.095,3.6783333333333332,2.44,1.407,0.0060016666666666664,0.5151566666666667,179.26825,0.18866666666666668,0.0030008333333333332,0.25757833333333335,-0.7469510416666666,-0.29770520833333325,-89.31156249999998,0.003367003367003367,0.9757762141408284
maxrst_N2000_K300_H200_nominal_tnative,episode,T024,1,2.2716666666666665,2.1203830369357046,0.051666666666666666,2.22,2.4366666666666665,1.431,0.006195,0.5301283333333333,185.9497,0.11358333333333333,0.0030975,0.26506416666666666,-0.7747904166666667,-0.3930454166666667,-117.91362500000001,0.0016835016835016834,0.983769398379081
maxrst_N2000_K300_H200_nominal_tnative,episode,T025,1,3.941666666666667,4.242424242424242,0.105,3.8366666666666664,2.475,1.422,0.006113333333333333,0.5075116666666667,178.09441666666666,0.19708333333333333,0.0030566666666666663,0.25375583333333335,-0.7420600694444445,-0.2881642361111111,-86.44927083333333,0.0016835016835016834,0.9689767610752897
maxrst_N2000_K300_H200_nominal_tnative,episode,T026,1,3.58,3.2119914346895073,0.075,3.505,2.335,1.356,0.005903333333333333,0.51341,180.63865,0.179,0.0029516666666666667,0.256705,-0.7526610416666667,-0.314004375,-94.2013125,0.003367003367003367,0.9582164570545919
maxrst_N2000_K300_H200_nominal_tnative,episode,T027,1,3.175,3.4529451591062967,0.085,3.09,2.4616666666666664,1.426,0.006180000000000001,0.512575,183.0317,0.15875,0.0030900000000000003,0.2562875,-0.7626320833333333,-0.34450458333333334,-103.351375,0.0,0.9755594624117321
maxrst_N2000_K300_H200_nominal_tnative,episode,T028,1,2.7716666666666665,2.178352620830497,0.05333333333333334,2.7183333333333333,2.4483333333333333,1.437,0.006188333333333332,0.518155,181.27543333333332,0.13858333333333334,0.003094166666666666,0.2590775,-0.7553143055555556,-0.35455930555555554,-106.36779166666666,0.003367003367003367,0.9779326590747164
maxrst_N2000_K300_H200_nominal_tnative,episode,T029,1,3.223333333333333,2.8314917127071824,0.06833333333333333,3.155,2.4133333333333336,1.407,0.0060816666666666675,0.51639,180.09668333333335,0.16116666666666668,0.0030408333333333338,0.258195,-0.7504028472222223,-0.32800034722222227,-98.40010416666668,0.0016835016835016834,0.9646627858780212
maxrst_N2000_K300_H200_nominal_tnative,episode,T030,1,3.675,4.1924398625429555,0.10166666666666667,3.5733333333333333,2.425,1.394,0.005893333333333334,0.507685,177.83203333333333,0.18375,0.002946666666666667,0.2538425,-0.7409668055555555,-0.3004276388888888,-90.12829166666664,0.006734006734006734,0.9729794739709907
maxrst_N2000_K400_H200_nominal_tnative,episode,T001,1,4.67375,4.711246200607903,0.11625,4.5575,2.4675,1.41075,0.00607125,0.63040875,178.783725,0.2336875,0.003035625,0.315204375,-0.7449321875,-0.1930046875000001,-77.20187500000004,0.0012626262626262627,0.9924172601383787
maxrst_N2000_K400_H200_nominal_tnative,episode,T002,1,4.59375,4.417051874678993,0.1075,4.48625,2.43375,1.39575,0.00600375,0.63392125,175.7404875,0.2296875,0.003001875,0.316960625,-0.73225203125,-0.18260203125000007,-73.04081250000003,0.0,0.9919153364404989
maxrst_N2000_K400_H200_nominal_tnative,episode,T003,1,3.24625,2.6790314270994333,0.065,3.18125,2.42625,1.41675,0.0061512500000000005,0.64371375,181.2133,0.1623125,0.0030756250000000002,0.321856875,-0.7550554166666666,-0.26781041666666666,-107.12416666666667,0.0025252525252525255,0.9978462643618213
maxrst_N2000_K400_H200_nominal_tnative,episode,T004,1,3.9025,4.1622760800842995,0.09875,3.80375,2.3725,1.36425,0.0059387500000000005,0.6342775,178.09985,0.195125,0.0029693750000000002,0.31713875,-0.7420827083333333,-0.22684958333333338,-90.73983333333335,0.0012626262626262627,0.9896485259465038
maxrst_N2000_K400_H200_nominal_tnative,episode,T005,1,2.79625,3.038105046343975,0.07375,2.7225,2.4275,1.41225,0.00611625,0.65250375,180.065875,0.1398125,0.003058125,0.326251875,-0.7502744791666667,-0.2811519791666667,-112.46079166666667,0.0025252525252525255,0.9945339385039602
maxrst_N2000_K400_H200_nominal_tnative,episode,T006,1,3.97625,4.8533333333333335,0.11375,3.8625,2.34375,1.338,0.005747499999999999,0.64094875,176.9395375,0.1988125,0.0028737499999999996,0.320474375,-0.7372480729166667,-0.21508744791666679,-86.03497916666672,0.003787878787878788,0.9978616188312968
maxrst_N2000_K400_H200_nominal_tnative,episode,T007,1,4.135,4.16452442159383,0.10125,4.03375,2.43125,1.398,0.0059425,0.63683,176.1992875,0.20675,0.00297125,0.318415,-0.7341636979166667,-0.20602744791666672,-82.41097916666669,0.006313131313131313,0.9900092936182867
maxrst_N2000_K400_H200_nominal_tnative,episode,T008,1,4.89875,5.317982456140351,0.12125,4.7775,2.28,1.29525,0.005538749999999999,0.62081875,177.3249625,0.2449375,0.0027693749999999997,0.310409375,-0.7388540104166667,-0.18073776041666667,-72.29510416666668,0.0,0.9891820939017657
maxrst_N2000_K400_H200_nominal_tnative,episode,T009,1,4.63875,5.763073639274279,0.135,4.50375,2.3425,1.3245,0.00566,0.62757875,172.8273,0.2319375,0.00283,0.313789375,-0.72011375,-0.17155687500000005,-68.62275000000002,0.0025252525252525255,0.9815592844039758
maxrst_N2000_K400_H200_nominal_tnative,episode,T010,1,3.99375,4.764425622022234,0.1125,3.88125,2.36125,1.34925,0.00581125,0.63701875,176.0292125,0.1996875,0.002905625,0.318509375,-0.7334550520833333,-0.21235255208333326,-84.9410208333333,0.006313131313131313,0.9949928283918963
maxrst_N2000_K400_H200_nominal_tnative,episode,T011,1,4.795,5.112154407929056,0.1225,4.6725,2.39625,1.36425,0.00593625,0.6283675,181.4552125,0.23975,0.002968125,0.31418375,-0.7560633854166666,-0.19916151041666663,-79.66460416666665,0.005050505050505051,0.995603731792321
maxrst_N2000_K400_H200_nominal_tnative,episode,T012,1,3.77375,3.4501061571125264,0.08125,3.6925,2.355,1.36425,0.00589625,0.63918625,180.320625,0.1886875,0.002948125,0.319593125,-0.7513359375,-0.24010718750000004,-96.04287500000001,0.010101010101010102,0.9945583291497724
maxrst_N2000_K400_H200_nominal_tnative,episode,T013,1,3.23375,3.967391304347826,0.09125,3.1425,2.3,1.32525,0.00568625,0.63931125,183.5927375,0.1616875,0.002843125,0.319655625,-0.7649697395833334,-0.2807834895833333,-112.31339583333333,0.0012626262626262627,0.9975943806183747
maxrst_N2000_K400_H200_nominal_tnative,episode,T014,1,3.5725,3.7056367432150314,0.08875,3.48375,2.395,1.38375,0.00592875,0.64408,180.00195,0.178625,0.002964375,0.32204,-0.750008125,-0.24637874999999998,-98.55149999999999,0.0012626262626262627,0.9963297036358554
maxrst_N2000_K400_H200_nominal_tnative,episode,T015,1,5.4075,5.783385909568874,0.1375,5.27,2.3775,1.344,0.005775,0.6183475,174.8801875,0.270375,0.0028875,0.30917375,-0.7286674479166667,-0.14623119791666672,-58.49247916666669,0.0025252525252525255,0.9900286067155724
maxrst_N2000_K400_H200_nominal_tnative,episode,T016,1,3.72875,4.194717762817193,0.10125,3.6275,2.41375,1.3875,0.0059525,0.64077875,175.5813875,0.1864375,0.00297625,0.320389375,-0.7315891145833333,-0.2217859895833333,-88.71439583333331,0.0,0.9959138904495894
maxrst_N2000_K400_H200_nominal_tnative,episode,T017,1,3.47875,2.6571282575370465,0.065,3.41375,2.44625,1.42875,0.00613375,0.63818375,181.11445,0.1739375,0.003066875,0.319091875,-0.7546435416666667,-0.2585472916666667,-103.41891666666668,0.0025252525252525255,0.9986513648139179
maxrst_N2000_K400_H200_nominal_tnative,episode,T018,1,3.80625,4.157782515991471,0.0975,3.70875,2.345,1.3485,0.005825,0.63739125,172.7171,0.1903125,0.0029125,0.318695625,-0.7196545833333333,-0.2077339583333333,-83.09358333333333,0.0025252525252525255,0.9965977334057834
maxrst_N2000_K400_H200_nominal_tnative,episode,T019,1,2.76,3.9811419591409116,0.095,2.665,2.38625,1.37475,0.00588375,0.6441175,183.965825,0.138,0.002941875,0.32205875,-0.7665242708333333,-0.30352364583333324,-121.4094583333333,0.0012626262626262627,0.997989068159699
maxrst_N2000_K400_H200_nominal_tnative,episode,T020,1,3.71375,3.7309511297950606,0.08875,3.625,2.37875,1.374,0.005934999999999999,0.63787125,177.3175,0.1856875,0.0029674999999999997,0.318935625,-0.7388229166666667,-0.2312322916666667,-92.49291666666667,0.007575757575757576,0.9995964313041197
maxrst_N2000_K400_H200_nominal_tnative,episode,T021,1,2.90875,3.508771929824561,0.085,2.82375,2.4225,1.4025,0.006082499999999999,0.64803375,180.9113625,0.1454375,0.0030412499999999997,0.324016875,-0.75379734375,-0.28130171875,-112.5206875,0.0,0.9953936953345133
maxrst_N2000_K400_H200_nominal_tnative,episode,T022,1,3.6825,3.864734299516908,0.09,3.5925,2.32875,1.34325,0.00584625,0.639975,179.010475,0.184125,0.002923125,0.3199875,-0.7458769791666667,-0.23884135416666674,-95.5365416666667,0.0,0.9966927378573873
maxrst_N2000_K400_H200_nominal_tnative,episode,T023,1,5.6025,5.564222568902756,0.13375,5.46875,2.40375,1.362,0.00583,0.61827,175.2501875,0.280125,0.002915,0.309135,-0.7302091145833334,-0.13803411458333337,-55.213645833333345,0.0025252525252525255,0.989688753675287
maxrst_N2000_K400_H200_nominal_tnative,episode,T024,1,3.38875,3.430619559651818,0.08375,3.305,2.44125,1.4145,0.0060575,0.64347875,180.4954375,0.1694375,0.00302875,0.321739375,-0.7520643229166667,-0.2578586979166667,-103.14347916666668,0.003787878787878788,0.9928736814752261
maxrst_N2000_K400_H200_nominal_tnative,episode,T025,1,5.7625,6.512605042016807,0.155,5.6075,2.38,1.335,0.0057275,0.615445,172.1167,0.288125,0.00286375,0.3077225,-0.7171529166666667,-0.11844166666666667,-47.376666666666665,0.0025252525252525255,0.9920680651163936
maxrst_N2000_K400_H200_nominal_tnative,episode,T026,1,5.22375,5.243036592026215,0.12,5.10375,2.28875,1.30125,0.00566125,0.61793125,175.98795,0.2611875,0.002830625,0.308965625,-0.733283125,-0.16029937500000002,-64.11975000000001,0.0025252525252525255,0.9899621649182888
maxrst_N2000_K400_H200_nominal_tnative,episode,T027,1,4.64875,5.992704533611255,0.14375,4.505,2.39875,1.353,0.00588,0.62372125,178.0067625,0.2324375,0.00294,0.311860625,-0.74169484375,-0.19445671875000003,-77.78268750000001,0.0,0.9927357779014909
maxrst_N2000_K400_H200_nominal_tnative,episode,T028,1,4.125,3.7493579866461224,0.09125,4.03375,2.43375,1.4055,0.006005,0.633275,174.636175,0.20625,0.0030025,0.3166375,-0.7276507291666667,-0.20176072916666676,-80.7042916666667,0.005050505050505051,0.9918570627714016
maxrst_N2000_K400_H200_nominal_tnative,episode,T029,1,4.80875,4.705274043433299,0.11375,4.695,2.4175,1.38225,0.005988749999999999,0.62853125,174.647825,0.2404375,0.0029943749999999996,0.314265625,-0.7276992708333334,-0.17000177083333345,-68.00070833333338,0.0025252525252525255,0.9858187905254381
maxrst_N2000_K400_H200_nominal_tnative,episode,T030,1,5.52375,6.3852813852813854,0.1475,5.37625,2.31,1.2975,0.005529999999999999,0.62016625,172.2353875,0.2761875,0.0027649999999999997,0.310083125,-0.7176474479166667,-0.12861182291666673,-51.44472916666669,0.005050505050505051,0.9870713823507804
maxrst_N2000_K500_H200_nominal_tnative,episode,T001,1,7.097,7.744392721117224,0.183,6.914,2.363,1.308,0.00563,0.709859,171.62421,0.35485,0.002815,0.3549295,-0.715100875,-0.0025063749999999496,-1.2531874999999748,0.0,0.9960053336951427
maxrst_N2000_K500_H200_nominal_tnative,episode,T002,1,7.046,8.048883270122209,0.191,6.855,2.373,1.3092,0.005659999999999999,0.710064,168.27833,0.3523,0.0028299999999999996,0.355032,-0.7011597083333334,0.009002291666666551,4.5011458333332754,0.00101010101010101,0.9969715702810509
maxrst_N2000_K500_H200_nominal_tnative,episode,T003,1,5.123,5.090450147244426,0.121,5.002,2.377,1.3536,0.005876,0.738499,173.65298,0.25615,0.002938,0.3692495,-0.7235540833333334,-0.09521658333333338,-47.60829166666669,0.0030303030303030303,0.9975911811975171
maxrst_N2000_K500_H200_nominal_tnative,episode,T004,1,6.045,6.921754084264832,0.161,5.884,2.326,1.299,0.005621,0.726089,171.42422,0.30225,0.0028105,0.3630445,-0.7142675833333333,-0.04616258333333334,-23.08129166666667,0.00101010101010101,0.9953979976523002
maxrst_N2000_K500_H200_nominal_tnative,episode,T005,1,4.485,5.628997867803838,0.132,4.353,2.345,1.3278,0.005769,0.745167,176.59039,0.22425,0.0028845,0.3725835,-0.7357932916666667,-0.13607529166666676,-68.03764583333339,0.0030303030303030303,0.9970260104430453
maxrst_N2000_K500_H200_nominal_tnative,episode,T006,1,6.197,7.515473032714412,0.17,6.027,2.262,1.2552,0.0053739999999999994,0.723451,171.12425,0.30985,0.0026869999999999997,0.3617255,-0.7130177083333333,-0.038755208333333346,-19.37760416666667,0.005050505050505051,0.9987570672812753
maxrst_N2000_K500_H200_nominal_tnative,episode,T007,1,6.417,6.881903143585387,0.162,6.255,2.354,1.3152,0.0056,0.720729,169.55567,0.32085,0.0028,0.3603645,-0.7064819583333333,-0.0224674583333333,-11.23372916666665,0.005050505050505051,0.9933965614909457
maxrst_N2000_K500_H200_nominal_tnative,episode,T008,1,7.336,7.6650420912716,0.173,7.163,2.257,1.2504,0.00536,0.706964,169.58132,0.3668,0.00268,0.353482,-0.7065888333333333,0.016373166666666772,8.186583333333386,0.0030303030303030303,0.9983725903433271
maxrst_N2000_K500_H200_nominal_tnative,episode,T009,1,7.1,8.355437665782494,0.189,6.911,2.262,1.2438,0.005325,0.710022,166.81247,0.355,0.0026625,0.355011,-0.6950519583333333,0.01762154166666663,8.810770833333315,0.00202020202020202,0.9941481176943945
maxrst_N2000_K500_H200_nominal_tnative,episode,T010,1,6.165,7.229437229437229,0.167,5.998,2.31,1.2858,0.005539,0.725971,169.68316,0.30825,0.0027695,0.3629855,-0.7070131666666666,-0.033008166666666616,-16.50408333333331,0.0030303030303030303,0.9971677496714841
maxrst_N2000_K500_H200_nominal_tnative,episode,T011,1,7.305,7.760814249363868,0.183,7.122,2.358,1.305,0.005646999999999999,0.710107,173.89608,0.36525,0.0028234999999999996,0.3550535,-0.7245670000000001,-0.0014399999999999968,-0.7199999999999984,0.005050505050505051,0.9985889295673187
maxrst_N2000_K500_H200_nominal_tnative,episode,T012,1,5.8,6.513243595310465,0.15,5.65,2.303,1.2918,0.005553,0.728342,173.29682,0.29,0.0027765,0.364171,-0.7220700833333333,-0.06512258333333332,-32.56129166666666,0.00808080808080808,0.9981438303838546
maxrst_N2000_K500_H200_nominal_tnative,episode,T013,1,5.086,6.310254163014899,0.144,4.942,2.282,1.2828,0.005508,0.735836,174.76716,0.2543,0.002754,0.367918,-0.7281964999999999,-0.10322449999999983,-51.61224999999992,0.00202020202020202,0.9980746032842622
maxrst_N2000_K500_H200_nominal_tnative,episode,T014,1,5.571,6.059303824666953,0.141,5.43,2.327,1.3116,0.00558,0.730607,174.4953,0.27855,0.00279,0.3653035,-0.7270637499999999,-0.08042024999999986,-40.21012499999993,0.00101010101010101,0.9990563313519756
maxrst_N2000_K500_H200_nominal_tnative,episode,T015,1,8.247,9.083007388092135,0.209,8.038,2.301,1.2552,0.0053939999999999995,0.698689,166.80979,0.41235,0.0026969999999999997,0.3493445,-0.6950407916666667,0.06935070833333334,34.67535416666667,0.00202020202020202,0.9919497923142313
maxrst_N2000_K500_H200_nominal_tnative,episode,T016,1,5.717,6.75390460109751,0.16,5.557,2.369,1.3254,0.005690999999999999,0.725435,169.97866,0.28585,0.0028454999999999995,0.3627175,-0.7082444166666666,-0.05683141666666658,-28.41570833333329,0.00101010101010101,0.9964130786775802
maxrst_N2000_K500_H200_nominal_tnative,episode,T017,1,5.54,4.851526557925554,0.116,5.424,2.391,1.365,0.005875,0.731744,174.45533,0.277,0.0029375,0.365872,-0.7268972083333334,-0.08108770833333345,-40.543854166666726,0.00202020202020202,0.998684112711677
maxrst_N2000_K500_H200_nominal_tnative,episode,T018,1,5.823,6.70464504820333,0.153,5.67,2.282,1.2774,0.005519,0.726659,167.55998,0.29115,0.0027595,0.3633295,-0.6981665833333334,-0.04092758333333324,-20.46379166666662,0.00202020202020202,0.9968142189734557
maxrst_N2000_K500_H200_nominal_tnative,episode,T019,1,4.388,5.782312925170068,0.136,4.252,2.352,1.3296,0.005711999999999999,0.745788,176.97563,0.2194,0.0028559999999999996,0.372894,-0.7373984583333333,-0.14224845833333322,-71.12422916666661,0.00101010101010101,0.9981035854020248
maxrst_N2000_K500_H200_nominal_tnative,episode,T020,1,5.656,5.545927209705373,0.128,5.528,2.308,1.308,0.00565,0.726498,172.04456,0.2828,0.002825,0.363249,-0.7168523333333333,-0.06797833333333336,-33.989166666666684,0.006060606060606061,0.9974710619382028
maxrst_N2000_K500_H200_nominal_tnative,episode,T021,1,4.552,5.202312138728324,0.126,4.426,2.422,1.3776,0.005958,0.743472,177.18935,0.2276,0.002979,0.371736,-0.7382889583333333,-0.13597395833333326,-67.98697916666663,0.00202020202020202,0.9971136541325891
maxrst_N2000_K500_H200_nominal_tnative,episode,T022,1,5.779,6.436077057793345,0.147,5.632,2.284,1.2822,0.005559,0.729785,171.79185,0.28895,0.0027795,0.3648925,-0.715799375,-0.059177374999999977,-29.58868749999999,0.0,0.9981484970302283
maxrst_N2000_K500_H200_nominal_tnative,episode,T023,1,8.464,8.78174773999139,0.204,8.26,2.323,1.2714,0.005460999999999999,0.692688,165.95666,0.4232,0.0027304999999999994,0.346344,-0.6914860833333333,0.0807884166666667,40.394208333333346,0.00202020202020202,0.9990331559536918
maxrst_N2000_K500_H200_nominal_tnative,episode,T024,1,5.18,4.857264593097572,0.114,5.066,2.347,1.3398,0.005707,0.736074,173.8603,0.259,0.0028535,0.368037,-0.7244179166666667,-0.09452741666666664,-47.26370833333332,0.005050505050505051,0.9978911927654777
maxrst_N2000_K500_H200_nominal_tnative,episode,T025,1,8.571,9.083007388092135,0.209,8.362,2.301,1.2552,0.0054020000000000006,0.693757,164.07532,0.42855,0.0027010000000000003,0.3468785,-0.6836471666666667,0.09448233333333322,47.241166666666615,0.0030303030303030303,0.9936417452799431
maxrst_N2000_K500_H200_nominal_tnative,episode,T026,1,7.93,9.234234234234235,0.205,7.725,2.22,1.209,0.005215,0.700274,167.80379,0.3965,0.0026075,0.350137,-0.6991824583333333,0.05006204166666672,25.03102083333336,0.00202020202020202,0.9987706772419365
maxrst_N2000_K500_H200_nominal_tnative,episode,T027,1,7.14,8.340425531914894,0.196,6.944,2.35,1.2924,0.005562,0.707092,169.95458,0.357,0.002781,0.353546,-0.7081440833333333,0.005182916666666704,2.591458333333352,0.00101010101010101,0.9971388150039677
maxrst_N2000_K500_H200_nominal_tnative,episode,T028,1,6.486,6.65536244171259,0.157,6.329,2.359,1.3212,0.005664,0.720746,169.15188,0.3243,0.002832,0.360373,-0.7047995,-0.01729449999999999,-8.647249999999996,0.0030303030303030303,0.9933671207192618
maxrst_N2000_K500_H200_nominal_tnative,episode,T029,1,7.241,7.708779443254818,0.18,7.061,2.335,1.293,0.005593,0.708779,167.26521,0.36205,0.0027965,0.3543895,-0.696938375,0.022297624999999988,11.148812499999995,0.00404040404040404,0.9971087503000136
maxrst_N2000_K500_H200_nominal_tnative,episode,T030,1,8.447,9.95980348369808,0.223,8.224,2.239,1.2096,0.005144,0.693325,165.02099,0.42235,0.002572,0.3466625,-0.6875874583333333,0.08399704166666666,41.99852083333333,0.00404040404040404,0.9947493077689598
cox_only_N2000_K100_H50_nominal_t0p05,episode,T001,1,0.96,1.2953367875647668,0.1,0.86,7.72,4.572,0.019819999999999997,0.23764,200.765,0.048,0.009909999999999999,0.11882,-0.8365208333333333,-0.6597908333333333,-65.97908333333334,0.125,0.5776603862656027
cox_only_N2000_K100_H50_nominal_t0p05,episode,T002,1,1.04,0.7894736842105263,0.06,0.98,7.6,4.524,0.01926,0.22912,201.9088,0.052,0.00963,0.11456,-0.8412866666666667,-0.6650966666666668,-66.50966666666667,0.08333333333333333,0.46781437232844414
cox_only_N2000_K100_H50_nominal_t0p05,episode,T003,1,0.66,0.0,0.0,0.66,7.1,4.26,0.01814,0.22782,205.2734,0.033,0.00907,0.11391,-0.8553058333333333,-0.6993258333333333,-69.93258333333333,0.1875,0.472254561393348
cox_only_N2000_K100_H50_nominal_t0p05,episode,T004,1,0.76,1.3513513513513513,0.1,0.66,7.4,4.38,0.0187,0.23932,199.9076,0.038,0.00935,0.11966,-0.8329483333333333,-0.6659383333333333,-66.59383333333334,0.08333333333333333,0.5465293638032601
cox_only_N2000_K100_H50_nominal_t0p05,episode,T005,1,0.76,0.2680965147453083,0.02,0.74,7.46,4.464,0.01904,0.2298,197.805,0.038,0.00952,0.1149,-0.8241875000000001,-0.6617675000000001,-66.17675000000001,0.041666666666666664,0.49541169833378895
cox_only_N2000_K100_H50_nominal_t0p05,episode,T006,1,0.72,1.3089005235602094,0.1,0.62,7.64,4.524,0.0191,0.23312,200.9036,0.036,0.00955,0.11656,-0.8370983333333334,-0.6749883333333334,-67.49883333333334,0.14583333333333334,0.6632586174637916
cox_only_N2000_K100_H50_nominal_t0p05,episode,T007,1,0.88,0.5494505494505495,0.04,0.84,7.28,4.344,0.0182,0.22124,199.6758,0.044,0.0091,0.11062,-0.8319825000000001,-0.6682625000000001,-66.82625000000002,0.125,0.5235194880000001
cox_only_N2000_K100_H50_nominal_t0p05,episode,T008,1,0.7,0.5952380952380952,0.04,0.66,6.72,4.008,0.017599999999999998,0.22314,203.0204,0.035,0.008799999999999999,0.11157,-0.8459183333333333,-0.6905483333333333,-69.05483333333333,0.041666666666666664,0.4449662511644673
cox_only_N2000_K100_H50_nominal_t0p05,episode,T009,1,0.82,1.2232415902140672,0.08,0.74,6.54,3.876,0.01646,0.22246,197.4764,0.041,0.00823,0.11123,-0.8228183333333334,-0.6623583333333334,-66.23583333333333,0.10416666666666667,0.5226867102842812
cox_only_N2000_K100_H50_nominal_t0p05,episode,T010,1,0.96,1.9607843137254901,0.14,0.82,7.14,4.2,0.0182,0.2406,193.6632,0.048,0.0091,0.1203,-0.8069299999999999,-0.6295299999999999,-62.95299999999999,0.0625,0.5322387219622509
cox_only_N2000_K100_H50_nominal_t0p05,episode,T011,1,0.86,0.9090909090909091,0.06,0.8,6.6,3.924,0.01714,0.21742,201.6478,0.043,0.00857,0.10871,-0.8401991666666666,-0.6799191666666666,-67.99191666666667,0.08333333333333333,0.481069510316683
cox_only_N2000_K100_H50_nominal_t0p05,episode,T012,1,0.78,1.1396011396011396,0.08,0.7,7.02,4.164,0.01766,0.2423,201.421,0.039,0.00883,0.12115,-0.8392541666666666,-0.6702741666666666,-67.02741666666667,0.10416666666666667,0.5845486950362594
cox_only_N2000_K100_H50_nominal_t0p05,episode,T013,1,0.84,1.7241379310344827,0.12,0.72,6.96,4.104,0.0178,0.23128,201.3136,0.042,0.0089,0.11564,-0.8388066666666667,-0.6722666666666667,-67.22666666666667,0.08333333333333333,0.47635125790249677
cox_only_N2000_K100_H50_nominal_t0p05,episode,T014,1,0.6,0.591715976331361,0.04,0.56,6.76,4.032,0.0172,0.23052,203.6828,0.03,0.0086,0.11526,-0.8486783333333333,-0.6948183333333333,-69.48183333333333,0.0625,0.5499589864594644
cox_only_N2000_K100_H50_nominal_t0p05,episode,T015,1,0.84,0.8379888268156425,0.06,0.78,7.16,4.26,0.01886,0.23324,200.278,0.042,0.00943,0.11662,-0.8344916666666666,-0.6664416666666666,-66.64416666666666,0.125,0.5194693632000001
cox_only_N2000_K100_H50_nominal_t0p05,episode,T016,1,0.68,0.872093023255814,0.06,0.62,6.88,4.092,0.016939999999999997,0.22084,201.6462,0.034,0.008469999999999998,0.11042,-0.8401925,-0.6873025,-68.73025,0.08333333333333333,0.5891384107637786
cox_only_N2000_K100_H50_nominal_t0p05,episode,T017,1,0.62,0.28735632183908044,0.02,0.6,6.96,4.164,0.01798,0.23902,207.4084,0.031,0.00899,0.11951,-0.8642016666666666,-0.7047016666666667,-70.47016666666667,0.0625,0.5323735870255226
cox_only_N2000_K100_H50_nominal_t0p05,episode,T018,1,0.72,0.6134969325153374,0.04,0.68,6.52,3.888,0.01644,0.23728,197.6266,0.036,0.00822,0.11864,-0.8234441666666666,-0.6605841666666666,-66.05841666666666,0.10416666666666667,0.48637836269109014
cox_only_N2000_K100_H50_nominal_t0p05,episode,T019,1,0.58,0.7672634271099744,0.06,0.52,7.82,4.656,0.0196,0.23206,207.51,0.029,0.0098,0.11603,-0.864625,-0.709795,-70.9795,0.125,0.4905213776995606
cox_only_N2000_K100_H50_nominal_t0p05,episode,T020,1,0.96,1.1527377521613833,0.08,0.88,6.94,4.116,0.017339999999999998,0.22288,196.3766,0.048,0.008669999999999999,0.11144,-0.8182358333333333,-0.6501258333333333,-65.01258333333332,0.041666666666666664,0.5031626643296748
cox_only_N2000_K100_H50_nominal_t0p05,episode,T021,1,0.56,0.591715976331361,0.04,0.52,6.76,4.032,0.0176,0.26348,201.5082,0.028,0.0088,0.13174,-0.8396174999999999,-0.6710774999999999,-67.10774999999998,0.041666666666666664,0.5898531602081791
cox_only_N2000_K100_H50_nominal_t0p05,episode,T022,1,0.64,1.0638297872340425,0.08,0.56,7.52,4.464,0.01952,0.21356,207.017,0.032,0.00976,0.10678,-0.8625708333333333,-0.7140308333333333,-71.40308333333333,0.0625,0.5441089644971899
cox_only_N2000_K100_H50_nominal_t0p05,episode,T023,1,1.0,0.8042895442359249,0.06,0.94,7.46,4.44,0.01848,0.22224,192.2962,0.05,0.00924,0.11112,-0.8012341666666667,-0.6308741666666666,-63.08741666666666,0.16666666666666666,0.46141723426431713
cox_only_N2000_K100_H50_nominal_t0p05,episode,T024,1,0.7,0.2915451895043732,0.02,0.68,6.86,4.104,0.01796,0.24682,204.0634,0.035,0.00898,0.12341,-0.8502641666666667,-0.6828741666666667,-68.28741666666667,0.020833333333333332,0.6251896598758185
cox_only_N2000_K100_H50_nominal_t0p05,episode,T025,1,1.18,0.5730659025787965,0.04,1.14,6.98,4.164,0.01826,0.2313,196.2956,0.059,0.00913,0.11565,-0.8178983333333334,-0.6341183333333333,-63.411833333333334,0.16666666666666666,0.5391790734769377
cox_only_N2000_K100_H50_nominal_t0p05,episode,T026,1,1.0,0.2770083102493075,0.02,0.98,7.22,4.32,0.01868,0.22696,194.325,0.05,0.00934,0.11348,-0.8096875,-0.6368675,-63.68675,0.125,0.4789459261354895
cox_only_N2000_K100_H50_nominal_t0p05,episode,T027,1,0.86,1.3850415512465375,0.1,0.76,7.22,4.272,0.01888,0.23234,202.4418,0.043,0.00944,0.11617,-0.8435075,-0.6748974999999999,-67.48974999999999,0.125,0.480116032227044
cox_only_N2000_K100_H50_nominal_t0p05,episode,T028,1,0.9,0.5617977528089888,0.04,0.86,7.12,4.248,0.018199999999999997,0.2335,198.584,0.045,0.009099999999999999,0.11675,-0.8274333333333334,-0.6565833333333333,-65.65833333333333,0.041666666666666664,0.4945018633247519
cox_only_N2000_K100_H50_nominal_t0p05,episode,T029,1,0.8,0.8108108108108109,0.06,0.74,7.4,4.404,0.01934,0.22476,202.0194,0.04,0.00967,0.11238,-0.8417475,-0.6796975,-67.96974999999999,0.16666666666666666,0.4997844559927037
cox_only_N2000_K100_H50_nominal_t0p05,episode,T030,1,1.16,1.4124293785310735,0.1,1.06,7.08,4.188,0.01822,0.24568,197.0052,0.058,0.00911,0.12284,-0.820855,-0.630905,-63.090500000000006,0.14583333333333334,0.5509287240125135
cox_only_N2000_K100_H200_nominal_t0p05,episode,T001,1,0.88,0.9259259259259259,0.07,0.81,7.56,4.494,0.01924,0.23075,201.28445,0.044,0.00962,0.115375,-0.8386852083333333,-0.6696902083333333,-66.96902083333333,0.13131313131313133,0.5835333092761926
cox_only_N2000_K100_H200_nominal_t0p05,episode,T002,1,1.04,1.0596026490066226,0.08,0.96,7.55,4.482,0.01935,0.22975,202.45615,0.052,0.009675,0.114875,-0.8435672916666667,-0.6670172916666667,-66.70172916666667,0.09090909090909091,0.5744980301493973
cox_only_N2000_K100_H200_nominal_t0p05,episode,T003,1,0.59,0.27548209366391185,0.02,0.57,7.26,4.344,0.018629999999999997,0.23242,204.8573,0.0295,0.009314999999999999,0.11621,-0.8535720833333333,-0.6985470833333334,-69.85470833333333,0.10606060606060606,0.5991494271977318
cox_only_N2000_K100_H200_nominal_t0p05,episode,T004,1,0.71,0.8496732026143791,0.065,0.645,7.65,4.551,0.019745000000000002,0.24354,199.5581,0.0355,0.009872500000000001,0.12177,-0.8314920833333334,-0.6643495833333334,-66.43495833333334,0.10606060606060606,0.8351799110391929
cox_only_N2000_K100_H200_nominal_t0p05,episode,T005,1,0.635,0.6012024048096193,0.045,0.59,7.485,4.464,0.01924,0.232745,198.5546,0.03175,0.00962,0.1163725,-0.8273108333333333,-0.6695683333333333,-66.95683333333334,0.08585858585858586,0.5820551283941171
cox_only_N2000_K100_H200_nominal_t0p05,episode,T006,1,0.87,1.1310711909514304,0.085,0.785,7.515,4.458,0.01899,0.23424,200.4553,0.0435,0.009495,0.11712,-0.8352304166666666,-0.6651154166666666,-66.51154166666666,0.09595959595959595,0.7247606991288909
cox_only_N2000_K100_H200_nominal_t0p05,episode,T007,1,0.835,0.7649513212795549,0.055,0.78,7.19,4.281,0.018154999999999998,0.227725,199.9188,0.04175,0.009077499999999999,0.1138625,-0.832995,-0.668305,-66.8305,0.08080808080808081,0.5235194880000001
cox_only_N2000_K100_H200_nominal_t0p05,episode,T008,1,1.085,1.1220196353436185,0.08,1.005,7.13,4.23,0.01816,0.234125,201.80175,0.05425,0.00908,0.1170625,-0.840840625,-0.660448125,-66.0448125,0.08080808080808081,0.5735288690401216
cox_only_N2000_K100_H200_nominal_t0p05,episode,T009,1,0.895,1.0273972602739727,0.075,0.82,7.3,4.335,0.018734999999999998,0.227015,197.27015,0.04475,0.009367499999999999,0.1135075,-0.8219589583333333,-0.6543339583333333,-65.43339583333334,0.09090909090909091,0.558095009489434
cox_only_N2000_K100_H200_nominal_t0p05,episode,T010,1,0.9,1.3236267372600927,0.1,0.8,7.555,4.473,0.019365,0.23213,194.17065,0.045,0.0096825,0.116065,-0.8090443749999999,-0.638296875,-63.8296875,0.07575757575757576,0.6336398425563654
cox_only_N2000_K100_H200_nominal_t0p05,episode,T011,1,0.88,0.4166666666666667,0.03,0.85,7.2,4.302,0.018619999999999998,0.22658,201.14745,0.044,0.009309999999999999,0.11329,-0.838114375,-0.671514375,-67.1514375,0.10101010101010101,0.5863547989173066
cox_only_N2000_K100_H200_nominal_t0p05,episode,T012,1,0.645,0.7633587786259542,0.055,0.59,7.205,4.29,0.01817,0.233005,201.2748,0.03225,0.009085,0.1165025,-0.838645,-0.6808075,-68.08075,0.12121212121212122,0.6036210141812075
cox_only_N2000_K100_H200_nominal_t0p05,episode,T013,1,0.635,0.9015256588072122,0.065,0.57,7.21,4.287,0.018514999999999997,0.237075,201.1865,0.03175,0.009257499999999998,0.1185375,-0.8382770833333333,-0.6787320833333332,-67.87320833333332,0.07575757575757576,0.6262876806278417
cox_only_N2000_K100_H200_nominal_t0p05,episode,T014,1,0.63,0.7427413909520594,0.055,0.575,7.405,4.41,0.01896,0.22765,203.8356,0.0315,0.00948,0.113825,-0.849315,-0.6945100000000001,-69.45100000000001,0.0707070707070707,0.5499589864594644
cox_only_N2000_K100_H200_nominal_t0p05,episode,T015,1,1.03,1.2582781456953642,0.095,0.935,7.55,4.473,0.019424999999999998,0.23182,200.383,0.0515,0.009712499999999999,0.11591,-0.8349291666666667,-0.6578066666666668,-65.78066666666668,0.1111111111111111,0.5936237300758809
cox_only_N2000_K100_H200_nominal_t0p05,episode,T016,1,0.71,0.8789722785665991,0.065,0.645,7.395,4.398,0.01879,0.23065,201.9794,0.0355,0.009395,0.115325,-0.8415808333333333,-0.6813608333333333,-68.13608333333333,0.09595959595959595,0.6942147154227495
cox_only_N2000_K100_H200_nominal_t0p05,episode,T017,1,0.705,0.45454545454545453,0.035,0.67,7.7,4.599,0.019835,0.235405,206.85825,0.03525,0.0099175,0.1177025,-0.861909375,-0.6990393749999999,-69.90393749999998,0.09090909090909091,0.5790094297832034
cox_only_N2000_K100_H200_nominal_t0p05,episode,T018,1,0.755,0.704225352112676,0.05,0.705,7.1,4.23,0.01811,0.235855,197.51085,0.03775,0.009055,0.1179275,-0.8229618750000001,-0.6582293750000001,-65.82293750000001,0.12121212121212122,0.6955891511170588
cox_only_N2000_K100_H200_nominal_t0p05,episode,T019,1,0.585,0.6024096385542169,0.045,0.54,7.47,4.455,0.019075,0.230365,207.8286,0.02925,0.0095375,0.1151825,-0.8659525,-0.7119825,-71.19825,0.07575757575757576,0.4905213776995606
cox_only_N2000_K100_H200_nominal_t0p05,episode,T020,1,0.865,0.8119079837618404,0.06,0.805,7.39,4.398,0.01871,0.225145,197.1077,0.04325,0.009355,0.1125725,-0.8212820833333333,-0.6561045833333333,-65.61045833333333,0.14646464646464646,0.5465259208751798
cox_only_N2000_K100_H200_nominal_t0p05,episode,T021,1,0.53,0.40816326530612246,0.03,0.5,7.35,4.392,0.01892,0.24419,201.59785,0.0265,0.00946,0.122095,-0.8399910416666666,-0.6819360416666667,-68.19360416666666,0.09090909090909091,0.6118776804990669
cox_only_N2000_K100_H200_nominal_t0p05,episode,T022,1,0.675,0.8379888268156425,0.06,0.615,7.16,4.26,0.01868,0.225225,205.71595,0.03375,0.00934,0.1126125,-0.8571497916666666,-0.7014472916666665,-70.14472916666665,0.07575757575757576,0.5580895066656627
cox_only_N2000_K100_H200_nominal_t0p05,episode,T023,1,1.06,0.8730691739422431,0.065,0.995,7.445,4.428,0.01876,0.22766,191.92215,0.053,0.00938,0.11383,-0.799675625,-0.623465625,-62.346562500000005,0.13636363636363635,0.5118309490320637
cox_only_N2000_K100_H200_nominal_t0p05,episode,T024,1,0.71,0.7575757575757576,0.055,0.655,7.26,4.323,0.018805000000000002,0.23332,204.5125,0.0355,0.009402500000000001,0.11666,-0.8521354166666666,-0.6905729166666665,-69.05729166666666,0.1111111111111111,0.6251896598758185
cox_only_N2000_K100_H200_nominal_t0p05,episode,T025,1,1.09,0.7508532423208191,0.055,1.035,7.325,4.362,0.0188,0.2309,196.25305,0.0545,0.0094,0.11545,-0.8177210416666667,-0.6383710416666667,-63.83710416666667,0.08585858585858586,0.7348811067253197
cox_only_N2000_K100_H200_nominal_t0p05,episode,T026,1,1.12,0.9421265141318977,0.07,1.05,7.43,4.416,0.019270000000000002,0.23312,194.16775,0.056,0.009635000000000001,0.11656,-0.8090322916666667,-0.6268372916666667,-62.683729166666666,0.12121212121212122,0.5451294752916954
cox_only_N2000_K100_H200_nominal_t0p05,episode,T027,1,0.905,0.9097270818754374,0.065,0.84,7.145,4.248,0.0186,0.231795,202.0105,0.04525,0.0093,0.1158975,-0.8417104166666667,-0.6712629166666667,-67.12629166666667,0.09595959595959595,0.5852330589075486
cox_only_N2000_K100_H200_nominal_t0p05,episode,T028,1,0.9,0.9831460674157303,0.07,0.83,7.12,4.23,0.018129999999999997,0.22955,198.84815,0.045,0.009064999999999998,0.114775,-0.8285339583333333,-0.6596939583333333,-65.96939583333334,0.09090909090909091,0.5598961588201227
cox_only_N2000_K100_H200_nominal_t0p05,episode,T029,1,0.95,0.9421265141318977,0.07,0.88,7.43,4.416,0.01922,0.22868,201.5566,0.0475,0.00961,0.11434,-0.8398191666666667,-0.6683691666666667,-66.83691666666667,0.10101010101010101,0.603980685245622
cox_only_N2000_K100_H200_nominal_t0p05,episode,T030,1,1.175,1.5688949522510232,0.115,1.06,7.33,4.329,0.018754999999999997,0.237135,197.3555,0.05875,0.009377499999999999,0.1185675,-0.8223145833333334,-0.6356195833333333,-63.56195833333334,0.08585858585858586,0.6612659652277879
cox_only_N2000_K100_H800_nominal_t0p05,episode,T001,1,1.015,1.0704131125606289,0.08,0.935,7.47375,4.43625,0.019036249999999998,0.229865,200.8951375,0.05075,0.009518124999999999,0.1149325,-0.8370630729166667,-0.6618624479166667,-66.18624479166667,0.11278195488721804,0.655630820116907
cox_only_N2000_K100_H800_nominal_t0p05,episode,T002,1,1.0075,0.8848051727071635,0.065,0.9425,7.34625,4.36875,0.01890625,0.2278375,202.4423625,0.050375,0.009453125,0.11391875,-0.84350984375,-0.6697629687500001,-66.976296875,0.09649122807017543,0.627214568596535
cox_only_N2000_K100_H800_nominal_t0p05,episode,T003,1,0.68,0.5702436495593571,0.04125,0.63875,7.23375,4.3155,0.0185925,0.231435,204.492175,0.034,0.00929625,0.1157175,-0.8520507291666667,-0.6930369791666666,-69.30369791666666,0.09899749373433583,0.6455144552288326
cox_only_N2000_K100_H800_nominal_t0p05,episode,T004,1,0.85875,0.8508508508508509,0.06375,0.795,7.4925,4.45725,0.01924875,0.23492625,199.5180125,0.0429375,0.009624375,0.117463125,-0.8313250520833333,-0.6613000520833333,-66.13000520833333,0.10651629072681704,0.8351799110391929
cox_only_N2000_K100_H800_nominal_t0p05,episode,T005,1,0.645,0.5687520910003345,0.0425,0.6025,7.4725,4.458,0.0190175,0.2315225,198.54355,0.03225,0.00950875,0.11576125,-0.8272647916666667,-0.6697447916666667,-66.97447916666667,0.09273182957393483,0.7110609353811754
cox_only_N2000_K100_H800_nominal_t0p05,episode,T006,1,0.88375,0.9962850388382303,0.07375,0.81,7.4025,4.39725,0.01893125,0.23124875,200.75975,0.0441875,0.009465625,0.115624375,-0.8364989583333333,-0.6672214583333334,-66.72214583333333,0.08897243107769423,0.775916105165628
cox_only_N2000_K100_H800_nominal_t0p05,episode,T007,1,0.91875,0.7837791787357301,0.0575,0.86125,7.33625,4.36725,0.01887125,0.22922375,199.8759,0.0459375,0.009435625,0.114611875,-0.83281625,-0.66283125,-66.283125,0.08646616541353383,0.6545754960891488
cox_only_N2000_K100_H800_nominal_t0p05,episode,T008,1,1.09625,1.061462078411231,0.0775,1.01875,7.30125,4.33425,0.01869125,0.23205125,201.8103375,0.0548125,0.009345625,0.116025625,-0.84087640625,-0.6606926562500001,-66.069265625,0.11152882205513784,0.7029913719858413
cox_only_N2000_K100_H800_nominal_t0p05,episode,T009,1,0.9925,0.9493134429564333,0.07,0.9225,7.37375,4.38225,0.01891625,0.23201,197.080375,0.049625,0.009458125,0.116005,-0.8211682291666667,-0.6460801041666666,-64.60801041666666,0.09649122807017543,0.681960807171798
cox_only_N2000_K100_H800_nominal_t0p05,episode,T010,1,0.92625,1.0688836104513064,0.07875,0.8475,7.3675,4.37325,0.018771249999999996,0.22923125,194.42295,0.0463125,0.009385624999999998,0.114615625,-0.810095625,-0.6397818749999999,-63.9781875,0.09022556390977443,0.7350800260158452
cox_only_N2000_K100_H800_nominal_t0p05,episode,T011,1,1.01875,1.152497077000167,0.08625,0.9325,7.48375,4.4385,0.0190575,0.23112625,200.7901625,0.0509375,0.00952875,0.115563125,-0.8366256770833334,-0.6605963020833334,-66.05963020833335,0.11403508771929824,0.6607482136997838
cox_only_N2000_K100_H800_nominal_t0p05,episode,T012,1,0.815,0.8049942500410712,0.06125,0.75375,7.60875,4.5285,0.0193825,0.2313525,200.977475,0.04075,0.00969125,0.11567625,-0.8374061458333333,-0.6712886458333333,-67.12886458333332,0.10526315789473684,0.8684143919505158
cox_only_N2000_K100_H800_nominal_t0p05,episode,T013,1,0.70125,0.7712082262210797,0.05625,0.645,7.29375,4.3425,0.0188475,0.23318375,201.3982625,0.0350625,0.00942375,0.116591875,-0.8391594270833332,-0.6780813020833332,-67.80813020833332,0.10401002506265664,0.6582583025664934
cox_only_N2000_K100_H800_nominal_t0p05,episode,T014,1,0.76875,0.8413461538461539,0.06125,0.7075,7.28,4.33125,0.018623749999999998,0.23201125,203.56465,0.0384375,0.009311874999999999,0.116005625,-0.8481860416666667,-0.6844310416666667,-68.44310416666667,0.08521303258145363,0.5861688126417771
cox_only_N2000_K100_H800_nominal_t0p05,episode,T015,1,1.16875,1.2775256345604302,0.095,1.07375,7.43625,4.40475,0.01896375,0.23308375,199.75975,0.0584375,0.009481875,0.116541875,-0.8323322916666667,-0.6478710416666666,-64.78710416666667,0.10776942355889724,0.7259502668618638
cox_only_N2000_K100_H800_nominal_t0p05,episode,T016,1,0.8125,0.7947243828204261,0.05875,0.75375,7.3925,4.40025,0.01909375,0.2360275,201.629925,0.040625,0.009546875,0.11801375,-0.8401246874999999,-0.6719390624999999,-67.19390625,0.08270676691729323,0.7365461544698977
cox_only_N2000_K100_H800_nominal_t0p05,episode,T017,1,0.79625,0.639763779527559,0.04875,0.7475,7.62,4.54275,0.019508750000000002,0.23164625,207.0666625,0.0398125,0.009754375000000001,0.115823125,-0.8627777604166667,-0.6973877604166666,-69.73877604166667,0.09774436090225563,0.7531006549450242
cox_only_N2000_K100_H800_nominal_t0p05,episode,T018,1,0.79625,0.9189925119128659,0.0675,0.72875,7.345,4.3665,0.018695,0.23203125,197.4422625,0.0398125,0.0093475,0.116015625,-0.82267609375,-0.6575004687499999,-65.750046875,0.11152882205513784,0.6955891511170588
cox_only_N2000_K100_H800_nominal_t0p05,episode,T019,1,0.63875,0.6412419844751941,0.0475,0.59125,7.4075,4.416,0.018904999999999998,0.23383375,207.62225,0.0319375,0.009452499999999999,0.116916875,-0.8650927083333334,-0.7067858333333334,-70.67858333333335,0.10275689223057644,0.6443728485296437
cox_only_N2000_K100_H800_nominal_t0p05,episode,T020,1,0.79125,0.7520053475935828,0.05625,0.735,7.48,4.45425,0.018968749999999996,0.22902125,197.3439375,0.0395625,0.009484374999999998,0.114510625,-0.82226640625,-0.65870890625,-65.870890625,0.11403508771929824,0.674138240410019
cox_only_N2000_K100_H800_nominal_t0p05,episode,T021,1,0.63375,0.5638134290107637,0.04125,0.5925,7.31625,4.365,0.0187725,0.23435625,201.9333,0.0316875,0.00938625,0.117178125,-0.84138875,-0.683136875,-68.3136875,0.10526315789473684,0.6289077927673558
cox_only_N2000_K100_H800_nominal_t0p05,episode,T022,1,0.7725,0.7155322862129145,0.05125,0.72125,7.1625,4.26675,0.01853875,0.230655,205.4267125,0.038625,0.009269375,0.1153275,-0.8559446354166667,-0.6927227604166666,-69.27227604166666,0.08270676691729323,0.6450463876662591
cox_only_N2000_K100_H800_nominal_t0p05,episode,T023,1,1.16875,1.1407481966113069,0.085,1.08375,7.45125,4.41975,0.018936249999999998,0.22728125,191.9708875,0.0584375,0.009468124999999999,0.113640625,-0.7998786979166667,-0.6183324479166666,-61.833244791666665,0.10651629072681704,0.6442229688675418
cox_only_N2000_K100_H800_nominal_t0p05,episode,T024,1,0.7125,0.7082630691399663,0.0525,0.66,7.4125,4.416,0.019147499999999998,0.2315275,204.4448625,0.035625,0.009573749999999999,0.11576375,-0.85185359375,-0.69089109375,-69.089109375,0.10651629072681704,0.6251896598758185
cox_only_N2000_K100_H800_nominal_t0p05,episode,T025,1,1.2425,1.2019230769230769,0.0875,1.155,7.28,4.3155,0.018549999999999997,0.229945,196.0973125,0.062125,0.009274999999999999,0.1149725,-0.8170721354166666,-0.6306996354166665,-63.06996354166665,0.09022556390977443,0.7348811067253197
cox_only_N2000_K100_H800_nominal_t0p05,episode,T026,1,1.19125,1.2152488763109706,0.09125,1.1,7.50875,4.4505,0.019252500000000002,0.22960125,194.05015,0.0595625,0.009626250000000001,0.114800625,-0.8085422916666667,-0.6245529166666667,-62.45529166666667,0.11152882205513784,0.5778462280542485
cox_only_N2000_K100_H800_nominal_t0p05,episode,T027,1,0.97875,1.1324639670555936,0.0825,0.89625,7.285,4.3215,0.018575,0.23034625,202.1365875,0.0489375,0.0092875,0.115173125,-0.84223578125,-0.66883765625,-66.883765625,0.09273182957393483,0.5927288416167066
cox_only_N2000_K100_H800_nominal_t0p05,episode,T028,1,0.9225,0.9502799932122857,0.07,0.8525,7.36625,4.37775,0.01885625,0.2282125,198.8354375,0.046125,0.009428125,0.11410625,-0.8284809895833334,-0.6588216145833334,-65.88216145833334,0.09523809523809523,0.8031469500776425
cox_only_N2000_K100_H800_nominal_t0p05,episode,T029,1,1.01375,0.985797827903091,0.07375,0.94,7.48125,4.4445,0.01901,0.22673875,201.7635375,0.0506875,0.009505,0.113369375,-0.8406814062500001,-0.6671195312500001,-66.71195312500001,0.09774436090225563,0.6076105261745683
cox_only_N2000_K100_H800_nominal_t0p05,episode,T030,1,1.2275,1.563030920829086,0.115,1.1125,7.3575,4.3455,0.0188475,0.2308475,197.4032875,0.061375,0.00942375,0.11542375,-0.8225136979166667,-0.6362911979166668,-63.629119791666675,0.09649122807017543,0.6612659652277879
cox_only_N2000_K200_H200_nominal_t0p05,episode,T001,1,1.3075,1.264138389886893,0.095,1.2125,7.515,4.452,0.01919,0.3591475,198.774625,0.065375,0.009595,0.17957375,-0.8282276041666666,-0.5736838541666667,-114.73677083333334,0.13131313131313133,0.88245442890278
cox_only_N2000_K200_H200_nominal_t0p05,episode,T002,1,1.345,1.5374331550802138,0.115,1.23,7.48,4.419,0.018994999999999998,0.35443,194.831675,0.06725,0.009497499999999999,0.177215,-0.8117986458333333,-0.5578361458333333,-111.56722916666666,0.09090909090909091,0.8381640245742568
cox_only_N2000_K200_H200_nominal_t0p05,episode,T003,1,0.88,0.6105834464043419,0.045,0.835,7.37,4.395,0.01889,0.36122,199.445975,0.044,0.009445,0.18061,-0.8310248958333334,-0.5969698958333334,-119.39397916666667,0.12373737373737374,0.7972807245712871
cox_only_N2000_K200_H200_nominal_t0p05,episode,T004,1,1.0725,1.330603889457523,0.0975,0.975,7.3275,4.338,0.01888,0.3724025,197.685575,0.053625,0.00944,0.18620125,-0.8236898958333333,-0.5744236458333333,-114.88472916666666,0.10101010101010101,0.8853138734157502
cox_only_N2000_K200_H200_nominal_t0p05,episode,T005,1,0.8525,0.7801899592944369,0.0575,0.795,7.37,4.3875,0.0189525,0.3615775,198.48225,0.042625,0.00947625,0.18078875,-0.8270093749999999,-0.594119375,-118.823875,0.10606060606060606,0.788836104548068
cox_only_N2000_K200_H200_nominal_t0p05,episode,T006,1,1.155,1.0767160161507403,0.08,1.075,7.43,4.41,0.018734999999999998,0.361465,196.18295,0.05775,0.009367499999999999,0.1807325,-0.8174289583333334,-0.5695789583333334,-113.91579166666668,0.10606060606060606,0.9777593822511639
cox_only_N2000_K200_H200_nominal_t0p05,episode,T007,1,1.19,1.1133603238866396,0.0825,1.1075,7.41,4.3965,0.0187475,0.35533,194.734325,0.0595,0.00937375,0.177665,-0.8113930208333334,-0.5648542708333335,-112.9708541666667,0.09595959595959595,0.8002985669950096
cox_only_N2000_K200_H200_nominal_t0p05,episode,T008,1,1.57,1.4950730547060822,0.11,1.46,7.3575,4.3485,0.0187375,0.36138,195.1735,0.0785,0.00936875,0.18069,-0.8132229166666666,-0.5446641666666666,-108.93283333333332,0.08585858585858586,0.8587855023592423
cox_only_N2000_K200_H200_nominal_t0p05,episode,T009,1,1.3925,1.5379238028661306,0.11,1.2825,7.1525,4.2255,0.0180525,0.3546175,191.4937,0.069625,0.00902625,0.17730875,-0.7978904166666666,-0.5419304166666666,-108.38608333333333,0.09343434343434344,0.8712960568526873
cox_only_N2000_K200_H200_nominal_t0p05,episode,T010,1,1.1625,1.381578947368421,0.105,1.0575,7.6,4.497,0.0195,0.3619175,193.1262,0.058125,0.00975,0.18095875,-0.8046925,-0.5558587500000001,-111.17175000000002,0.08838383838383838,0.9148767647367171
cox_only_N2000_K200_H200_nominal_t0p05,episode,T011,1,1.3075,0.9870660313138189,0.0725,1.235,7.345,4.3635,0.0189625,0.3546625,197.01695,0.065375,0.00948125,0.17733125,-0.8209039583333334,-0.5687164583333334,-113.74329166666668,0.10606060606060606,0.8327200966747859
cox_only_N2000_K200_H200_nominal_t0p05,episode,T012,1,1.0575,1.1197828299966066,0.0825,0.975,7.3675,4.371,0.0187,0.3628475,197.9902,0.052875,0.00935,0.18142375,-0.8249591666666666,-0.5813104166666666,-116.26208333333332,0.10353535353535354,0.9293876880183998
cox_only_N2000_K200_H200_nominal_t0p05,episode,T013,1,0.915,0.8713837574067619,0.0625,0.8525,7.1725,4.266,0.018425,0.36801,200.08705,0.04575,0.0092125,0.184005,-0.8336960416666667,-0.5947285416666667,-118.94570833333333,0.09595959595959595,0.8985751670898987
cox_only_N2000_K200_H200_nominal_t0p05,episode,T014,1,0.94,1.141322591473649,0.085,0.855,7.4475,4.4175,0.019057499999999998,0.36311,198.9977,0.047,0.009528749999999999,0.181555,-0.8291570833333334,-0.5910733333333333,-118.21466666666667,0.07575757575757576,0.9261852151433891
cox_only_N2000_K200_H200_nominal_t0p05,episode,T015,1,1.58,1.609038000684697,0.1175,1.4625,7.3025,4.311,0.018775,0.36027,192.473425,0.079,0.0093875,0.180135,-0.8019726041666666,-0.5334501041666666,-106.69002083333332,0.07828282828282829,0.7953840877141741
cox_only_N2000_K200_H200_nominal_t0p05,episode,T016,1,1.0025,0.9536784741144414,0.07,0.9325,7.34,4.362,0.01876,0.3609725,194.262475,0.050125,0.00938,0.18048625,-0.8094269791666666,-0.5694357291666666,-113.88714583333332,0.09090909090909091,0.9212552974705452
cox_only_N2000_K200_H200_nominal_t0p05,episode,T017,1,1.0025,0.8280887711162637,0.0625,0.94,7.5475,4.491,0.019345,0.3710175,198.5643,0.050125,0.0096725,0.18550875,-0.82735125,-0.5820449999999999,-116.40899999999999,0.1111111111111111,0.8321837843408295
cox_only_N2000_K200_H200_nominal_t0p05,episode,T018,1,1.05,1.176877812391831,0.085,0.965,7.2225,4.2825,0.0183475,0.36625,188.995925,0.0525,0.00917375,0.183125,-0.7874830208333333,-0.5426842708333333,-108.53685416666666,0.12373737373737374,0.8766767209444957
cox_only_N2000_K200_H200_nominal_t0p05,episode,T019,1,0.8075,0.9536784741144414,0.07,0.7375,7.34,4.362,0.018685,0.3583075,203.47155,0.040375,0.0093425,0.17915375,-0.8477981250000001,-0.6189268750000001,-123.78537500000002,0.09090909090909091,0.8849865175094742
cox_only_N2000_K200_H200_nominal_t0p05,episode,T020,1,1.125,1.1394101876675604,0.085,1.04,7.46,4.425,0.019135,0.36228,192.877975,0.05625,0.0095675,0.18114,-0.8036582291666666,-0.5567007291666666,-111.34014583333331,0.12626262626262627,0.8361713471533969
cox_only_N2000_K200_H200_nominal_t0p05,episode,T021,1,0.8625,0.8379888268156425,0.06,0.8025,7.16,4.26,0.01845,0.3650575,197.830975,0.043125,0.009225,0.18252875,-0.8242957291666666,-0.5894169791666666,-117.88339583333331,0.09343434343434344,0.9343045688971288
cox_only_N2000_K200_H200_nominal_t0p05,episode,T022,1,0.97,1.0384215991692627,0.075,0.895,7.2225,4.2885,0.018592499999999998,0.360335,200.39175,0.0485,0.009296249999999999,0.1801675,-0.834965625,-0.597001875,-119.400375,0.09090909090909091,0.8770690153204814
cox_only_N2000_K200_H200_nominal_t0p05,episode,T023,1,1.62,1.5678254942058623,0.115,1.505,7.335,4.332,0.01857,0.35569,190.307075,0.081,0.009285,0.177845,-0.7929461458333333,-0.5248161458333334,-104.96322916666668,0.09848484848484848,0.8107863882465791
cox_only_N2000_K200_H200_nominal_t0p05,episode,T024,1,0.99,1.0704419889502763,0.0775,0.9125,7.24,4.2975,0.0185225,0.369475,198.370975,0.0495,0.00926125,0.1847375,-0.8265457291666666,-0.5830469791666666,-116.60939583333332,0.12373737373737374,0.9069606209426546
cox_only_N2000_K200_H200_nominal_t0p05,episode,T025,1,1.69,1.338366506520247,0.0975,1.5925,7.285,4.3125,0.018592499999999998,0.35748,193.248225,0.0845,0.009296249999999999,0.17874,-0.8052009375,-0.5326646875,-106.53293749999999,0.07828282828282829,0.8259592876951891
cox_only_N2000_K200_H200_nominal_t0p05,episode,T026,1,1.505,1.1856368563685638,0.0875,1.4175,7.38,4.3755,0.0189825,0.360935,193.16065,0.07525,0.00949125,0.1804675,-0.8048360416666667,-0.5396272916666667,-107.92545833333334,0.10101010101010101,0.8898483604607808
cox_only_N2000_K200_H200_nominal_t0p05,episode,T027,1,1.3425,1.599443671766342,0.115,1.2275,7.19,4.245,0.018394999999999998,0.3704675,196.51775,0.067125,0.009197499999999999,0.18523375,-0.8188239583333333,-0.5572677083333333,-111.45354166666665,0.09090909090909091,0.8820310502041704
cox_only_N2000_K200_H200_nominal_t0p05,episode,T028,1,1.245,1.3310580204778157,0.0975,1.1475,7.325,4.3365,0.0186475,0.358415,194.164,0.06225,0.00932375,0.1792075,-0.8090166666666666,-0.5582354166666665,-111.64708333333331,0.08585858585858586,0.8769147590513928
cox_only_N2000_K200_H200_nominal_t0p05,episode,T029,1,1.315,1.6420911528150135,0.1225,1.1925,7.46,4.4025,0.019067499999999998,0.35891,197.964375,0.06575,0.009533749999999999,0.179455,-0.8248515624999999,-0.5701128124999999,-114.02256249999998,0.10353535353535354,0.8670838641968746
cox_only_N2000_K200_H200_nominal_t0p05,episode,T030,1,1.6525,1.989026063100137,0.145,1.5075,7.29,4.287,0.01846,0.3646575,189.301075,0.082625,0.00923,0.18232875,-0.7887544791666666,-0.5145707291666666,-102.91414583333332,0.10353535353535354,0.9073605793963293
cox_only_N2000_K300_H200_nominal_t0p05,episode,T001,1,1.96,2.0129724893759784,0.15,1.81,7.451666666666667,4.381,0.018925,0.4841,193.29878333333335,0.098,0.0094625,0.24205,-0.8054115972222223,-0.4558990972222223,-136.7697291666667,0.12794612794612795,0.958815399921493
cox_only_N2000_K300_H200_nominal_t0p05,episode,T002,1,1.965,1.9402319357716324,0.145,1.82,7.473333333333334,4.397,0.01896833333333333,0.48142833333333335,191.42016666666666,0.09825,0.009484166666666665,0.24071416666666667,-0.7975840277777777,-0.44913569444444434,-134.74070833333332,0.09764309764309764,0.9792020186024388
cox_only_N2000_K300_H200_nominal_t0p05,episode,T003,1,1.315,1.113130395274875,0.08166666666666667,1.2333333333333334,7.336666666666667,4.353,0.018788333333333334,0.486155,193.28473333333332,0.06575,0.009394166666666667,0.2430775,-0.8053530555555555,-0.4871313888888888,-146.13941666666665,0.10606060606060606,0.9370578896667408
cox_only_N2000_K300_H200_nominal_t0p05,episode,T004,1,1.5916666666666666,2.0202020202020203,0.14666666666666667,1.445,7.26,4.268,0.018536666666666663,0.49165166666666665,192.14465,0.07958333333333334,0.009268333333333332,0.24582583333333333,-0.8006027083333334,-0.46592520833333334,-139.77756250000002,0.09932659932659933,0.9733307722872611
cox_only_N2000_K300_H200_nominal_t0p05,episode,T005,1,1.2,1.3786764705882353,0.1,1.1,7.253333333333333,4.292,0.018546666666666666,0.49193,193.18465,0.06,0.009273333333333333,0.245965,-0.8049360416666667,-0.48969770833333337,-146.9093125,0.1026936026936027,0.9837049389528623
cox_only_N2000_K300_H200_nominal_t0p05,episode,T006,1,1.6433333333333333,1.772890484739677,0.13166666666666665,1.5116666666666667,7.426666666666667,4.377,0.01869833333333333,0.48657,191.02176666666668,0.08216666666666667,0.009349166666666665,0.243285,-0.7959240277777778,-0.4611231944444445,-138.33695833333334,0.09932659932659933,0.979413080813702
cox_only_N2000_K300_H200_nominal_t0p05,episode,T007,1,1.7283333333333333,1.7338437288898896,0.12833333333333333,1.6,7.401666666666666,4.364,0.018623333333333335,0.483335,191.50083333333333,0.08641666666666667,0.009311666666666668,0.2416675,-0.7979201388888889,-0.46052430555555557,-138.15729166666668,0.07912457912457913,0.9697524293130237
cox_only_N2000_K300_H200_nominal_t0p05,episode,T008,1,2.1416666666666666,1.938610662358643,0.14,2.0016666666666665,7.221666666666667,4.249,0.018175,0.48984833333333333,191.43678333333332,0.10708333333333334,0.0090875,0.24492416666666667,-0.7976532638888888,-0.4365582638888888,-130.96747916666664,0.07744107744107744,0.9842025588918257
cox_only_N2000_K300_H200_nominal_t0p05,episode,T009,1,1.9916666666666667,2.1939953810623556,0.15833333333333333,1.8333333333333333,7.216666666666667,4.235,0.018191666666666665,0.47440166666666667,187.08993333333333,0.09958333333333333,0.009095833333333333,0.23720083333333333,-0.7795413888888889,-0.43366138888888894,-130.09841666666668,0.09764309764309764,0.9387207758018554
cox_only_N2000_K300_H200_nominal_t0p05,episode,T010,1,1.6266666666666667,1.84076291860723,0.13833333333333334,1.4883333333333333,7.515,4.426,0.019126666666666667,0.4872633333333333,190.73978333333332,0.08133333333333333,0.009563333333333333,0.24363166666666666,-0.7947490972222222,-0.4602207638888889,-138.06622916666666,0.09932659932659933,0.9704690510641123
cox_only_N2000_K300_H200_nominal_t0p05,episode,T011,1,1.9333333333333333,1.7099863201094392,0.125,1.8083333333333333,7.31,4.311,0.018751666666666666,0.48229666666666665,195.61126666666667,0.09666666666666666,0.009375833333333333,0.24114833333333333,-0.8150469444444445,-0.46785611111111114,-140.35683333333336,0.10437710437710437,0.9734242513779836
cox_only_N2000_K300_H200_nominal_t0p05,episode,T012,1,1.495,1.693002257336343,0.125,1.37,7.383333333333334,4.355,0.018738333333333333,0.49106833333333333,194.65855,0.07475,0.009369166666666666,0.24553416666666666,-0.8110772916666666,-0.4814239583333333,-144.42718749999997,0.09764309764309764,0.9821391007168654
cox_only_N2000_K300_H200_nominal_t0p05,episode,T013,1,1.355,1.330532212885154,0.095,1.26,7.14,4.227,0.018181666666666665,0.4876183333333333,197.50641666666667,0.06775,0.009090833333333333,0.24380916666666666,-0.8229434027777778,-0.5022934027777778,-150.68802083333333,0.09595959595959595,0.9673043947181876
cox_only_N2000_K300_H200_nominal_t0p05,episode,T014,1,1.4716666666666667,1.6282225237449117,0.12,1.3516666666666666,7.37,4.35,0.01877333333333333,0.485715,193.74606666666668,0.07358333333333333,0.009386666666666665,0.2428575,-0.8072752777777779,-0.48144777777777786,-144.43433333333337,0.08754208754208755,0.9849004030506299
cox_only_N2000_K300_H200_nominal_t0p05,episode,T015,1,2.2066666666666666,2.4356617647058822,0.17666666666666667,2.03,7.253333333333333,4.246,0.018343333333333333,0.48543333333333333,190.08158333333333,0.11033333333333334,0.009171666666666667,0.24271666666666666,-0.7920065972222222,-0.42978493055555556,-128.93547916666665,0.09090909090909091,0.9742656750223835
cox_only_N2000_K300_H200_nominal_t0p05,episode,T016,1,1.5283333333333333,1.4732142857142858,0.11,1.4183333333333332,7.466666666666667,4.414,0.019003333333333334,0.4825216666666667,187.77836666666667,0.07641666666666666,0.009501666666666667,0.24126083333333334,-0.7824098611111111,-0.4552306944444444,-136.56920833333334,0.09764309764309764,0.9725201098441927
cox_only_N2000_K300_H200_nominal_t0p05,episode,T017,1,1.52,1.203178206583428,0.08833333333333333,1.4316666666666666,7.341666666666667,4.352,0.018753333333333334,0.4945333333333333,196.82575,0.076,0.009376666666666667,0.24726666666666666,-0.8201072916666666,-0.4874639583333333,-146.23918749999999,0.09764309764309764,0.9844892137152044
cox_only_N2000_K300_H200_nominal_t0p05,episode,T018,1,1.535,1.7445917655268668,0.125,1.41,7.165,4.224,0.018156666666666668,0.493075,186.23461666666665,0.07675,0.009078333333333334,0.2465375,-0.7759775694444444,-0.44361173611111104,-133.08352083333332,0.10437710437710437,0.9745782621046737
cox_only_N2000_K300_H200_nominal_t0p05,episode,T019,1,1.14,1.3611615245009074,0.1,1.04,7.346666666666667,4.348,0.018663333333333334,0.48685666666666666,198.07261666666668,0.057,0.009331666666666667,0.24342833333333333,-0.8253025694444445,-0.5155425694444444,-154.66277083333333,0.09427609427609428,0.952756145365824
cox_only_N2000_K300_H200_nominal_t0p05,episode,T020,1,1.6033333333333333,1.6034327009936766,0.11833333333333333,1.485,7.38,4.357,0.018734999999999998,0.48947666666666667,188.65515,0.08016666666666666,0.009367499999999999,0.24473833333333334,-0.786063125,-0.451790625,-135.5371875,0.10774410774410774,0.9603203313713966
cox_only_N2000_K300_H200_nominal_t0p05,episode,T021,1,1.1866666666666668,1.1131725417439704,0.08,1.1066666666666667,7.1866666666666665,4.264,0.018506666666666668,0.48618666666666666,194.6146,0.059333333333333335,0.009253333333333334,0.24309333333333333,-0.8108941666666667,-0.4992141666666667,-149.76425,0.09259259259259259,0.9819478410512725
cox_only_N2000_K300_H200_nominal_t0p05,episode,T022,1,1.48,1.4647756335735875,0.105,1.375,7.168333333333333,4.238,0.018386666666666662,0.48440666666666665,192.19088333333335,0.074,0.009193333333333331,0.24220333333333333,-0.8007953472222222,-0.47539868055555556,-142.61960416666668,0.08754208754208755,0.9653685645611352
cox_only_N2000_K300_H200_nominal_t0p05,episode,T023,1,2.3666666666666667,2.3085714285714287,0.16833333333333333,2.1983333333333333,7.291666666666667,4.274,0.018326666666666665,0.48472666666666664,188.28831666666667,0.11833333333333333,0.009163333333333332,0.24236333333333332,-0.7845346527777778,-0.4146746527777778,-124.40239583333334,0.09090909090909091,0.9431684899296859
cox_only_N2000_K300_H200_nominal_t0p05,episode,T024,1,1.43,1.406502190454231,0.10166666666666667,1.3283333333333334,7.2283333333333335,4.276,0.018406666666666665,0.48956333333333335,194.21105,0.0715,0.009203333333333332,0.24478166666666668,-0.8092127083333334,-0.48372770833333334,-145.1183125,0.1111111111111111,0.9688542296351033
cox_only_N2000_K300_H200_nominal_t0p05,episode,T025,1,2.4566666666666666,2.228860294117647,0.16166666666666665,2.295,7.253333333333333,4.255,0.018308333333333333,0.48114666666666667,187.08806666666666,0.12283333333333334,0.009154166666666666,0.24057333333333333,-0.7795336111111111,-0.40697277777777774,-122.09183333333333,0.07912457912457913,0.9448889050483806
cox_only_N2000_K300_H200_nominal_t0p05,episode,T026,1,2.2,2.0408163265306123,0.15,2.05,7.35,4.32,0.0187,0.4792166666666667,189.6966,0.11,0.00935,0.23960833333333334,-0.7904025,-0.4314441666666667,-129.43325000000002,0.08754208754208755,0.9681144889752216
cox_only_N2000_K300_H200_nominal_t0p05,episode,T027,1,2.0083333333333333,2.118249534450652,0.15166666666666667,1.8566666666666667,7.16,4.205,0.01824833333333333,0.487345,191.5753,0.10041666666666667,0.009124166666666666,0.2436725,-0.7982304166666666,-0.4450170833333333,-133.505125,0.09427609427609428,0.9640512273550097
cox_only_N2000_K300_H200_nominal_t0p05,episode,T028,1,1.7383333333333333,1.777980396626396,0.13,1.6083333333333334,7.3116666666666665,4.309,0.018511666666666662,0.485685,189.71115,0.08691666666666667,0.009255833333333331,0.2428425,-0.790463125,-0.4514481250000001,-135.43443750000003,0.08417508417508418,0.9654679459537607
cox_only_N2000_K300_H200_nominal_t0p05,episode,T029,1,1.995,2.142051860202931,0.15833333333333333,1.8366666666666667,7.391666666666667,4.34,0.0188,0.48527166666666666,188.80333333333334,0.09975,0.0094,0.24263583333333333,-0.7866805555555556,-0.43489472222222225,-130.46841666666668,0.09090909090909091,0.9809269147391368
cox_only_N2000_K300_H200_nominal_t0p05,episode,T030,1,2.3233333333333333,2.7434842249657065,0.2,2.1233333333333335,7.29,4.254,0.018340000000000002,0.4850933333333333,186.48461666666665,0.11616666666666667,0.009170000000000001,0.24254666666666666,-0.777019236111111,-0.40913590277777767,-122.7407708333333,0.09090909090909091,0.9801986658235522
cox_only_N2000_K400_H200_nominal_t0p05,episode,T001,1,2.87375,2.6908846283215606,0.2,2.67375,7.4325,4.3395,0.0187325,0.59724625,188.8848375,0.1436875,0.00936625,0.298623125,-0.78702015625,-0.33534328125,-134.1373125,0.11616161616161616,0.9817878207095629
cox_only_N2000_K400_H200_nominal_t0p05,episode,T002,1,2.8425,2.73972602739726,0.2,2.6425,7.3,4.26,0.01839,0.5984225,185.61645,0.142125,0.009195,0.29921125,-0.7734018749999999,-0.3228706249999999,-129.14824999999996,0.09217171717171717,0.9966784449823405
cox_only_N2000_K400_H200_nominal_t0p05,episode,T003,1,2.04375,1.912241761994195,0.14,1.90375,7.32125,4.30875,0.01861875,0.60180875,190.305875,0.1021875,0.009309375,0.300904375,-0.7929411458333333,-0.3805398958333333,-152.21595833333333,0.10858585858585859,0.9925560037432353
cox_only_N2000_K400_H200_nominal_t0p05,episode,T004,1,2.42875,2.9092787054570493,0.21125,2.2175,7.26125,4.23,0.018355,0.60420875,187.3617,0.1214375,0.0091775,0.302104375,-0.78067375,-0.34795437500000004,-139.18175000000002,0.09343434343434344,0.9854680993310614
cox_only_N2000_K400_H200_nominal_t0p05,episode,T005,1,1.82625,2.035886818495514,0.1475,1.67875,7.245,4.2585,0.0184475,0.60836875,188.609425,0.0913125,0.00922375,0.304184375,-0.7858726041666666,-0.3811519791666666,-152.46079166666664,0.09343434343434344,0.9892554075625728
cox_only_N2000_K400_H200_nominal_t0p05,episode,T006,1,2.4575,2.578992314261315,0.18875,2.26875,7.31875,4.278,0.018274999999999996,0.59917,186.4757125,0.122875,0.009137499999999998,0.299585,-0.7769821354166666,-0.34538463541666664,-138.15385416666666,0.0946969696969697,0.9893655943751893
cox_only_N2000_K400_H200_nominal_t0p05,episode,T007,1,2.54125,2.5240384615384617,0.18375,2.3575,7.28,4.25775,0.01818125,0.59691875,185.802675,0.1270625,0.009090625,0.298459375,-0.7741778125,-0.33956531249999994,-135.82612499999996,0.07449494949494949,0.9820301683756716
cox_only_N2000_K400_H200_nominal_t0p05,episode,T008,1,3.10625,3.1184668989547037,0.22375,2.8825,7.175,4.17075,0.01784875,0.59803875,187.0949875,0.1553125,0.008924375,0.299019375,-0.7795624479166666,-0.31630619791666664,-126.52247916666666,0.07828282828282829,0.9858091661632606
cox_only_N2000_K400_H200_nominal_t0p05,episode,T009,1,2.915,3.415659485023647,0.24375,2.67125,7.13625,4.1355,0.01781,0.59099,182.58215,0.14575,0.008905,0.295495,-0.7607589583333334,-0.3106089583333334,-124.24358333333336,0.09722222222222222,0.9934293373649359
cox_only_N2000_K400_H200_nominal_t0p05,episode,T010,1,2.53,2.813816343723673,0.20875,2.32125,7.41875,4.326,0.018692499999999997,0.5955025,185.410975,0.1265,0.009346249999999999,0.29775125,-0.7725457291666668,-0.3389482291666667,-135.57929166666668,0.09090909090909091,0.9927898671354114
cox_only_N2000_K400_H200_nominal_t0p05,episode,T011,1,2.95,3.188753643065318,0.2325,2.7175,7.29125,4.23525,0.018348749999999997,0.5917075,191.988925,0.1475,0.009174374999999999,0.29585375,-0.7999538541666666,-0.34742572916666664,-138.97029166666667,0.10101010101010101,0.9778257589081745
cox_only_N2000_K400_H200_nominal_t0p05,episode,T012,1,2.3375,2.544440571627745,0.1825,2.155,7.1725,4.194,0.0181025,0.6059225,189.6446875,0.116875,0.00905125,0.30296125,-0.7901861979166667,-0.36129869791666663,-144.51947916666666,0.09090909090909091,0.9947279221251331
cox_only_N2000_K400_H200_nominal_t0p05,episode,T013,1,2.10125,2.3670729553082492,0.1675,1.93375,7.07625,4.14525,0.017811249999999997,0.60614875,192.3928375,0.1050625,0.008905624999999999,0.303074375,-0.8016368229166667,-0.38459432291666673,-153.8377291666667,0.09974747474747475,0.9836200505888646
cox_only_N2000_K400_H200_nominal_t0p05,episode,T014,1,2.29,2.5025711347274595,0.1825,2.1075,7.2925,4.266,0.018420000000000002,0.6004175,189.346175,0.1145,0.009210000000000001,0.30020875,-0.7889423958333333,-0.36502364583333324,-146.0094583333333,0.08838383838383838,0.9921544315586863
cox_only_N2000_K400_H200_nominal_t0p05,episode,T015,1,3.39,3.4553540882654805,0.2525,3.1375,7.3075,4.233,0.018269999999999998,0.5938975,185.0344625,0.1695,0.009134999999999999,0.29694875,-0.7709769270833333,-0.29539317708333335,-118.15727083333334,0.08838383838383838,0.9953764764119006
cox_only_N2000_K400_H200_nominal_t0p05,episode,T016,1,2.31375,2.4423569598633645,0.17875,2.135,7.31875,4.284,0.018435,0.60008875,184.7194125,0.1156875,0.0092175,0.300044375,-0.76966421875,-0.34471484375000006,-137.8859375,0.0946969696969697,0.9865761093019454
cox_only_N2000_K400_H200_nominal_t0p05,episode,T017,1,2.22375,2.2286987827875877,0.1625,2.06125,7.29125,4.27725,0.01846375,0.60545125,190.1061625,0.1111875,0.009231875,0.302725625,-0.7921090104166667,-0.3689640104166667,-147.58560416666668,0.09722222222222222,0.9858467006036153
cox_only_N2000_K400_H200_nominal_t0p05,episode,T018,1,2.32625,2.4313451110722406,0.17375,2.1525,7.14625,4.1835,0.0179975,0.60336125,181.6510375,0.1163125,0.00899875,0.301680625,-0.7568793229166667,-0.32988744791666674,-131.9549791666667,0.09974747474747475,0.98468168676605
cox_only_N2000_K400_H200_nominal_t0p05,episode,T019,1,1.71125,2.0144628099173554,0.14625,1.565,7.26,4.26825,0.01831625,0.60593625,192.6971625,0.0855625,0.009158125,0.302968125,-0.8029048437499999,-0.40521609374999995,-162.0864375,0.10101010101010101,0.9911561643160034
cox_only_N2000_K400_H200_nominal_t0p05,episode,T020,1,2.3325,2.295918367346939,0.16875,2.16375,7.35,4.30875,0.01858625,0.6033625,186.480725,0.116625,0.009293125,0.30168125,-0.7770030208333334,-0.3494036458333334,-139.76145833333337,0.1111111111111111,0.9944826856390729
cox_only_N2000_K400_H200_nominal_t0p05,episode,T021,1,1.8725,2.077513966480447,0.14875,1.72375,7.16,4.20675,0.01829625,0.6015525,189.77175,0.093625,0.009148125,0.30077625,-0.790715625,-0.38716625000000005,-154.86650000000003,0.0845959595959596,0.9922083842255247
cox_only_N2000_K400_H200_nominal_t0p05,episode,T022,1,2.25375,2.3182297154899896,0.165,2.08875,7.1175,4.1715,0.01807,0.59829375,188.5402625,0.1126875,0.009035,0.299146875,-0.7855844270833334,-0.36471505208333344,-145.88602083333336,0.09090909090909091,0.9900476314750788
cox_only_N2000_K400_H200_nominal_t0p05,episode,T023,1,3.48375,3.2662884648444215,0.2375,3.24625,7.27125,4.22025,0.01814625,0.59152625,185.6867625,0.1741875,0.009073125,0.295763125,-0.77369484375,-0.29467109375,-117.8684375,0.08838383838383838,0.9888854972284831
cox_only_N2000_K400_H200_nominal_t0p05,episode,T024,1,2.12625,2.424346629986245,0.17625,1.95,7.27,4.25625,0.01829625,0.60033875,189.6907625,0.1063125,0.009148125,0.300169375,-0.7903781770833334,-0.3747481770833333,-149.89927083333333,0.10858585858585859,0.9726749111315671
cox_only_N2000_K400_H200_nominal_t0p05,episode,T025,1,3.59875,3.7899860917941584,0.2725,3.32625,7.19,4.1505,0.0178425,0.59065375,182.3952,0.1799375,0.00892125,0.295326875,-0.75998,-0.27579437500000004,-110.31775000000002,0.07954545454545454,0.983315924199514
cox_only_N2000_K400_H200_nominal_t0p05,episode,T026,1,3.2175,3.180089872105081,0.23,2.9875,7.2325,4.2015,0.0182525,0.590345,186.162875,0.160875,0.00912625,0.2951725,-0.7756786458333333,-0.31050489583333335,-124.20195833333334,0.08585858585858586,0.9821022309718261
cox_only_N2000_K400_H200_nominal_t0p05,episode,T027,1,2.92875,3.053435114503817,0.215,2.71375,7.04125,4.09575,0.01777625,0.59812625,187.666025,0.1464375,0.008888125,0.299063125,-0.7819417708333333,-0.32755302083333326,-131.0212083333333,0.08964646464646464,0.9944434234449362
cox_only_N2000_K400_H200_nominal_t0p05,episode,T028,1,2.65875,2.7782571182053495,0.20125,2.4575,7.24375,4.2255,0.0180975,0.59926875,183.8474875,0.1329375,0.00904875,0.299634375,-0.7660311979166666,-0.32441057291666664,-129.76422916666667,0.08585858585858586,0.9873087420375766
cox_only_N2000_K400_H200_nominal_t0p05,episode,T029,1,2.9825,3.286304198210599,0.23875,2.74375,7.265,4.21575,0.01824375,0.59794,184.5319,0.149125,0.009121875,0.29897,-0.7688829166666667,-0.3116660416666667,-124.66641666666669,0.08333333333333333,0.9876620847888467
cox_only_N2000_K400_H200_nominal_t0p05,episode,T030,1,3.445,4.281719678434114,0.30625,3.13875,7.1525,4.10775,0.01772125,0.5925525,182.4226375,0.17225,0.008860625,0.29627625,-0.7600943229166667,-0.2827074479166667,-113.08297916666668,0.0845959595959596,0.9805355954275363
cox_only_N2000_K500_H200_nominal_t0p05,episode,T001,1,4.512,4.801439048014391,0.347,4.165,7.227,4.128,0.017834,0.684026,183.0529,0.2256,0.008917,0.342013,-0.7627204166666667,-0.1861904166666667,-93.09520833333335,0.10606060606060606,0.9976200765002436
cox_only_N2000_K500_H200_nominal_t0p05,episode,T002,1,4.499,4.793944491169049,0.342,4.157,7.134,4.0752,0.017613999999999998,0.685387,179.39436,0.22495,0.008806999999999999,0.3426935,-0.7474765,-0.171026,-85.513,0.08888888888888889,0.9897040246946451
cox_only_N2000_K500_H200_nominal_t0p05,episode,T003,1,3.318,3.3286713286713288,0.238,3.08,7.15,4.1472,0.017892,0.699182,183.79715,0.1659,0.008946,0.349591,-0.7658214583333333,-0.24138445833333322,-120.6922291666666,0.10606060606060606,0.9969787256739311
cox_only_N2000_K500_H200_nominal_t0p05,episode,T004,1,3.967,5.251396648044692,0.376,3.591,7.16,4.0704,0.017598,0.697805,181.72981,0.19835,0.008799,0.3489025,-0.7572075416666666,-0.20115604166666656,-100.57802083333328,0.08888888888888889,0.9954320265099443
cox_only_N2000_K500_H200_nominal_t0p05,episode,T005,1,2.903,3.4414945919370696,0.245,2.658,7.119,4.1244,0.017854000000000002,0.705687,186.35621,0.14515,0.008927000000000001,0.3528435,-0.7764842083333333,-0.2695637083333333,-134.78185416666665,0.09090909090909091,0.997473299120853
cox_only_N2000_K500_H200_nominal_t0p05,episode,T006,1,3.843,4.353285893679364,0.312,3.531,7.167,4.113,0.017593,0.692785,182.07609,0.19215,0.0087965,0.3463925,-0.758650375,-0.21131137499999997,-105.65568749999998,0.09191919191919191,0.9906936171773297
cox_only_N2000_K500_H200_nominal_t0p05,episode,T007,1,3.922,4.0510232688533785,0.289,3.633,7.134,4.107,0.017547,0.690996,180.74483,0.1961,0.0087735,0.345498,-0.7531034583333334,-0.20273195833333335,-101.36597916666668,0.07575757575757576,0.9914296645913359
cox_only_N2000_K500_H200_nominal_t0p05,episode,T008,1,4.672,5.046781967677913,0.356,4.316,7.054,4.0188,0.017216000000000002,0.686594,180.94545,0.2336,0.008608000000000001,0.343297,-0.753939375,-0.16843437499999991,-84.21718749999995,0.08080808080808081,0.9984680315697645
cox_only_N2000_K500_H200_nominal_t0p05,episode,T009,1,4.448,5.178316690442226,0.363,4.085,7.01,3.9882,0.017205,0.683764,178.07184,0.2224,0.0086025,0.341882,-0.741966,-0.1690815,-84.54075,0.08282828282828283,0.9781219397239089
cox_only_N2000_K500_H200_nominal_t0p05,episode,T010,1,3.917,4.283360790774299,0.312,3.605,7.284,4.1832,0.018046,0.692787,180.41092,0.19585,0.009023,0.3463935,-0.7517121666666667,-0.20044566666666674,-100.22283333333337,0.08888888888888889,0.9954554216286893
cox_only_N2000_K500_H200_nominal_t0p05,episode,T011,1,4.592,4.961349262122277,0.353,4.239,7.115,4.0572,0.017526,0.68273,185.85033,0.2296,0.008763,0.341365,-0.774376375,-0.19464837499999998,-97.3241875,0.09696969696969697,0.9864259368680517
cox_only_N2000_K500_H200_nominal_t0p05,episode,T012,1,3.704,4.023718763235917,0.285,3.419,7.083,4.0788,0.017548,0.696236,183.86047,0.1852,0.008774,0.348118,-0.7660852916666666,-0.2239932916666666,-111.9966458333333,0.09696969696969697,0.9956103150452855
cox_only_N2000_K500_H200_nominal_t0p05,episode,T013,1,3.314,3.938234877461397,0.278,3.036,7.059,4.0686,0.017501,0.698682,184.74294,0.1657,0.0087505,0.349341,-0.76976225,-0.24597075000000002,-122.985375,0.09595959595959595,0.9925743266889944
cox_only_N2000_K500_H200_nominal_t0p05,episode,T014,1,3.626,4.2849114919921325,0.305,3.321,7.118,4.0878,0.017585,0.699676,184.82108,0.1813,0.0087925,0.349838,-0.7700878333333333,-0.23015733333333332,-115.07866666666666,0.08383838383838384,0.9968673348000185
cox_only_N2000_K500_H200_nominal_t0p05,episode,T015,1,5.284,5.908771929824561,0.421,4.863,7.125,4.0224,0.017336,0.676662,178.72961,0.2642,0.008668,0.338331,-0.7447067083333334,-0.13350770833333336,-66.75385416666668,0.07878787878787878,0.9938961705073028
cox_only_N2000_K500_H200_nominal_t0p05,episode,T016,1,3.714,4.436765722183829,0.321,3.393,7.235,4.1484,0.017799999999999996,0.69576,180.05285,0.1857,0.008899999999999998,0.34788,-0.7502202083333334,-0.2077402083333333,-103.87010416666665,0.08686868686868687,0.9936389846638611
cox_only_N2000_K500_H200_nominal_t0p05,episode,T017,1,3.506,3.4185658699277375,0.246,3.26,7.196,4.17,0.017973999999999997,0.698502,184.9433,0.1753,0.008986999999999998,0.349251,-0.7705970833333333,-0.23705908333333336,-118.52954166666669,0.09292929292929293,0.9927127564834244
cox_only_N2000_K500_H200_nominal_t0p05,episode,T018,1,3.718,4.125459169256852,0.292,3.426,7.078,4.0716,0.017548,0.694734,177.64087,0.1859,0.008774,0.347367,-0.7401702916666667,-0.1981292916666667,-99.06464583333336,0.09393939393939393,0.997314257455701
cox_only_N2000_K500_H200_nominal_t0p05,episode,T019,1,2.845,3.4152436484798,0.246,2.599,7.203,4.1742,0.017993,0.702039,186.77151,0.14225,0.0089965,0.3510195,-0.778214625,-0.27594862500000006,-137.97431250000002,0.08888888888888889,0.9974291138172915
cox_only_N2000_K500_H200_nominal_t0p05,episode,T020,1,3.7,3.7590832867523756,0.269,3.431,7.156,4.1322,0.017787,0.69753,182.19271,0.185,0.0088935,0.348765,-0.7591362916666667,-0.2164777916666668,-108.2388958333334,0.09595959595959595,0.9944397622018548
cox_only_N2000_K500_H200_nominal_t0p05,episode,T021,1,3.006,3.5739511230399774,0.253,2.753,7.079,4.0956,0.017802,0.701022,187.04758,0.1503,0.008901,0.350511,-0.7793649166666667,-0.2696529166666668,-134.8264583333334,0.0898989898989899,0.9963421563028401
cox_only_N2000_K500_H200_nominal_t0p05,episode,T022,1,3.615,3.8324038324038323,0.268,3.347,6.993,4.035,0.017412999999999998,0.696305,182.49444,0.18075,0.008706499999999999,0.3481525,-0.7603934999999999,-0.22278449999999994,-111.39224999999998,0.07575757575757576,0.9964715037030263
cox_only_N2000_K500_H200_nominal_t0p05,episode,T023,1,5.413,5.661971830985915,0.402,5.011,7.1,4.0188,0.017272,0.676481,177.80653,0.27065,0.008636,0.3382405,-0.7408605416666667,-0.12333404166666673,-61.66702083333336,0.08484848484848485,0.9832223321694407
cox_only_N2000_K500_H200_nominal_t0p05,episode,T024,1,3.383,3.7764986662922926,0.269,3.114,7.123,4.1124,0.01764,0.697703,183.97002,0.16915,0.00882,0.3488515,-0.76654175,-0.23972025000000008,-119.86012500000004,0.10404040404040404,0.9977130305620683
cox_only_N2000_K500_H200_nominal_t0p05,episode,T025,1,5.477,6.047819971870605,0.43,5.047,7.11,4.008,0.017225999999999998,0.674519,175.97168,0.27385,0.008612999999999999,0.3372595,-0.7332153333333333,-0.11349283333333338,-56.74641666666669,0.06666666666666667,0.9974385156989516
cox_only_N2000_K500_H200_nominal_t0p05,episode,T026,1,5.063,5.538331454340473,0.393,4.67,7.096,4.0218,0.017429,0.679211,179.34976,0.25315,0.0087145,0.3396055,-0.7472906666666667,-0.1458206666666667,-72.91033333333336,0.07272727272727272,0.9974634538657006
cox_only_N2000_K500_H200_nominal_t0p05,episode,T027,1,4.512,5.231388329979879,0.364,4.148,6.958,3.9564,0.017136,0.684704,181.23784,0.2256,0.008568,0.342352,-0.7551576666666667,-0.1786376666666668,-89.3188333333334,0.08282828282828283,0.9931000001102901
cox_only_N2000_K500_H200_nominal_t0p05,episode,T028,1,4.053,4.372041214146478,0.314,3.739,7.182,4.1208,0.017666,0.693663,180.16832,0.20265,0.008833,0.3468315,-0.7507013333333333,-0.19238683333333328,-96.19341666666664,0.08888888888888889,0.9977717688135577
cox_only_N2000_K500_H200_nominal_t0p05,episode,T029,1,4.566,5.0,0.357,4.209,7.14,4.0698,0.017615,0.683758,178.61611,0.2283,0.0088075,0.341879,-0.7442337916666666,-0.16524729166666663,-82.62364583333331,0.08080808080808081,0.9883260439053145
cox_only_N2000_K500_H200_nominal_t0p05,episode,T030,1,5.208,5.9066913967755745,0.414,4.794,7.009,3.957,0.017068999999999997,0.677708,177.21315,0.2604,0.008534499999999999,0.338854,-0.7383881250000001,-0.130599625,-65.2998125,0.07878787878787878,0.9965565817807225
leo_madrl_N2000_K100_H50_nominal_tnative,training_seed_mean,1,30,0.8686666666666667,0.8484309885438204,0.06733333333333333,0.8013333333333333,7.8933333333333335,4.6956,0.020234,0.21229533333333334,200.16208,0.04343333333333333,0.010117,0.10614766666666667,-0.8340086666666666,-0.6743106666666667,-67.43106666666667,0.11319444444444444,0.5026743817117236
leo_madrl_N2000_K100_H50_nominal_tnative,training_seed_mean,2,30,1.0313333333333334,0.9694704822656847,0.08133333333333334,0.95,8.380666666666666,4.9796,0.021438,0.21215266666666666,198.9204,0.05156666666666666,0.010719,0.10607633333333333,-0.828835,-0.660473,-66.04729999999999,0.12708333333333333,0.5058063346032943
leo_madrl_N2000_K100_H50_nominal_tnative,training_seed_mean,3,30,0.8906666666666667,0.8598286231086009,0.06866666666666667,0.822,7.948,4.7276,0.020363333333333334,0.21254666666666666,199.99688,0.044533333333333334,0.010181666666666667,0.10627333333333333,-0.8333203333333333,-0.672332,-67.2332,0.11388888888888889,0.5057504804143269
leo_madrl_N2000_K100_H50_nominal_tnative,training_seed_mean,4,30,0.8073333333333333,0.8060493240096385,0.06266666666666666,0.7446666666666667,7.730666666666667,4.6008,0.019805333333333335,0.21266733333333335,200.63842666666667,0.04036666666666667,0.009902666666666667,0.10633366666666667,-0.8359934444444445,-0.6793904444444444,-67.93904444444445,0.10902777777777778,0.4986861679477248
leo_madrl_N2000_K100_H50_nominal_tnative,training_seed_mean,5,30,1.0486666666666666,0.9875979231227674,0.08333333333333334,0.9653333333333334,8.426,5.0056,0.021564,0.21182466666666666,198.82824666666667,0.05243333333333333,0.010782,0.10591233333333333,-0.8284510277777778,-0.6593233611111111,-65.93233611111111,0.12916666666666668,0.5068862033755841
leo_madrl_N2000_K100_H200_nominal_tnative,training_seed_mean,1,30,0.8795,0.8921698303657278,0.07266666666666667,0.8068333333333333,8.135166666666667,4.8375,0.0208565,0.21291183333333333,200.112135,0.043975,0.01042825,0.10645591666666666,-0.8338005625,-0.6729413958333333,-67.29413958333333,0.11565656565656565,0.5863151703167203
leo_madrl_N2000_K100_H200_nominal_tnative,training_seed_mean,2,30,1.039,1.02350093236517,0.08833333333333333,0.9506666666666667,8.631,5.1256,0.022089,0.21168433333333334,198.89727833333333,0.05195,0.0110445,0.10584216666666667,-0.8287386597222223,-0.6599019930555555,-65.99019930555556,0.12693602693602693,0.5757190599221826
leo_madrl_N2000_K100_H200_nominal_tnative,training_seed_mean,3,30,0.899,0.908733740820535,0.0745,0.8245,8.19,4.8693,0.020991833333333335,0.212907,199.955935,0.044950000000000004,0.010495916666666667,0.1064535,-0.8331497291666666,-0.6712503125,-67.12503125,0.11666666666666667,0.5850146160182209
leo_madrl_N2000_K100_H200_nominal_tnative,training_seed_mean,4,30,0.8198333333333333,0.8118187209757194,0.06466666666666666,0.7551666666666667,7.957166666666667,4.7355,0.020411833333333334,0.21334616666666667,200.58282166666666,0.04099166666666667,0.010205916666666667,0.10667308333333334,-0.8357617569444444,-0.6778910902777777,-67.78910902777778,0.10841750841750841,0.5912679509394223
leo_madrl_N2000_K100_H200_nominal_tnative,training_seed_mean,5,30,1.0553333333333332,1.0460485966739437,0.09066666666666667,0.9646666666666667,8.667833333333334,5.1463,0.0221825,0.21155966666666667,198.802045,0.05276666666666666,0.01109125,0.10577983333333334,-0.8283418541666667,-0.6587041041666667,-65.87041041666667,0.12845117845117845,0.573330033650122
leo_madrl_N2000_K100_H800_nominal_tnative,training_seed_mean,1,30,0.956,0.9706318564344452,0.07920833333333334,0.8767916666666666,8.161416666666666,4.849325,0.020892958333333333,0.21206908333333332,200.03683458333333,0.0478,0.010446479166666666,0.10603454166666666,-0.8334868107638889,-0.6692057899305556,-66.92057899305556,0.11641604010025063,0.6465840222828165
leo_madrl_N2000_K100_H800_nominal_tnative,training_seed_mean,2,30,1.1414166666666667,1.1425451595268261,0.099,1.0424166666666668,8.666333333333334,5.1404,0.022141583333333333,0.21127008333333333,198.75427541666667,0.057070833333333335,0.011070791666666666,0.10563504166666667,-0.8281428142361111,-0.6543661475694444,-65.43661475694444,0.13057644110275687,0.6285374354733791
leo_madrl_N2000_K100_H800_nominal_tnative,training_seed_mean,3,30,0.9785416666666666,1.0014876245506998,0.08233333333333333,0.8962083333333334,8.221875,4.883725,0.021040541666666666,0.212013125,199.87411875,0.048927083333333336,0.010520270833333333,0.1060065625,-0.832808828125,-0.6673549114583334,-66.73549114583334,0.11800334168755221,0.6467115863942036
leo_madrl_N2000_K100_H800_nominal_tnative,training_seed_mean,4,30,0.892875,0.902704212389435,0.07204166666666667,0.8208333333333333,7.980791666666667,4.74525,0.02044325,0.212309375,200.52065541666667,0.04464375,0.010221625,0.1061546875,-0.8355027309027778,-0.6744826684027778,-67.44826684027778,0.11081871345029239,0.6456867066178442
leo_madrl_N2000_K100_H800_nominal_tnative,training_seed_mean,5,30,1.1565,1.1551478017596417,0.1005,1.056,8.7025,5.1612,0.022231833333333333,0.21128866666666665,198.65717958333335,0.057825,0.011115916666666666,0.10564433333333333,-0.8277382482638889,-0.6531529982638888,-65.3152998263889,0.13191311612364243,0.6309425152598751
leo_madrl_N2000_K200_H200_nominal_tnative,training_seed_mean,1,30,1.2600833333333332,1.264035723011751,0.1025,1.1575833333333334,8.106416666666666,4.80235,0.020714916666666666,0.3251435833333333,195.95139,0.06300416666666667,0.010357458333333333,0.16257179166666666,-0.816464125,-0.5805307083333333,-116.10614166666667,0.11666666666666667,0.8273742941633415
leo_madrl_N2000_K200_H200_nominal_tnative,training_seed_mean,2,30,1.5119166666666666,1.505639482810248,0.12941666666666668,1.3825,8.598916666666666,5.0817,0.021922166666666666,0.32315125,194.5696175,0.07559583333333333,0.010961083333333333,0.161575625,-0.8107067395833334,-0.5625741979166666,-112.51483958333334,0.12786195286195287,0.8162352419752056
leo_madrl_N2000_K200_H200_nominal_tnative,training_seed_mean,3,30,1.2895833333333333,1.2887418779067812,0.10525,1.1843333333333332,8.16475,4.8357,0.020859333333333334,0.3248850833333333,195.77916916666666,0.06447916666666667,0.010429666666666667,0.16244254166666666,-0.8157465381944444,-0.5783951631944444,-115.67903263888888,0.11784511784511785,0.8268115738683054
leo_madrl_N2000_K200_H200_nominal_tnative,training_seed_mean,4,30,1.1771666666666667,1.182256536750096,0.09375,1.0834166666666667,7.9305,4.70205,0.02028675,0.32563166666666665,196.4696925,0.05885833333333333,0.010143375,0.16281583333333333,-0.81862371875,-0.5868061770833334,-117.36123541666667,0.1101010101010101,0.8246903050951129
leo_madrl_N2000_K200_H200_nominal_tnative,training_seed_mean,5,30,1.5315833333333333,1.5308792151614163,0.13208333333333333,1.3995,8.632083333333334,5.1,0.022003166666666667,0.32303425,194.46940083333334,0.07657916666666667,0.011001583333333334,0.161517125,-0.8102891701388889,-0.5611912951388889,-112.23825902777777,0.12895622895622896,0.8175388376706649
leo_madrl_N2000_K300_H200_nominal_tnative,training_seed_mean,1,30,1.8112777777777778,1.8154108363133385,0.14655555555555555,1.6647222222222222,8.070666666666666,4.754466666666667,0.020513,0.4323523888888889,192.09681222222224,0.09056388888888889,0.0102565,0.21617619444444444,-0.8004033842592593,-0.4834068009259259,-145.0220402777778,0.11206509539842874,0.9396733345446726
leo_madrl_N2000_K300_H200_nominal_tnative,training_seed_mean,2,30,2.153388888888889,2.16109931542449,0.18466666666666667,1.9687222222222223,8.544944444444445,5.016166666666667,0.021642166666666667,0.42941972222222224,190.56061722222222,0.10766944444444444,0.010821083333333334,0.21470986111111112,-0.7940025717592593,-0.4608021828703704,-138.2406548611111,0.12390572390572391,0.9338437874975721
leo_madrl_N2000_K300_H200_nominal_tnative,training_seed_mean,3,30,1.852611111111111,1.8463018746259183,0.1501111111111111,1.7025,8.128055555555555,4.786766666666667,0.020652833333333332,0.4321311666666667,191.89922722222224,0.09263055555555555,0.010326416666666666,0.21606558333333334,-0.7995801134259259,-0.48055755787037036,-144.1672673611111,0.11341189674523008,0.937284675525517
leo_madrl_N2000_K300_H200_nominal_tnative,training_seed_mean,4,30,1.691111111111111,1.7043248629149055,0.13455555555555557,1.5565555555555555,7.894333333333333,4.655866666666666,0.020087888888888888,0.4332498888888889,192.680045,0.08455555555555555,0.010043944444444444,0.21662494444444444,-0.8028335208333333,-0.49160907638888884,-147.48272291666666,0.10650953984287317,0.9398726467515912
leo_madrl_N2000_K300_H200_nominal_tnative,training_seed_mean,5,30,2.1795555555555555,2.1946225443591145,0.18827777777777777,1.9912777777777777,8.579277777777778,5.0346,0.021723333333333334,0.42923455555555556,190.4475138888889,0.10897777777777778,0.010861666666666667,0.21461727777777778,-0.7935313078703704,-0.4590745856481481,-137.72237569444445,0.12525252525252525,0.9331933601690223
leo_madrl_N2000_K400_H200_nominal_tnative,training_seed_mean,1,30,2.6315,2.6982657544809703,0.21575,2.41575,7.998,4.66935,0.0201565,0.5321891666666667,188.07461375,0.131575,0.01007825,0.26609458333333336,-0.7836442239583333,-0.375896390625,-150.35855625,0.10883838383838385,0.9746564973523618
leo_madrl_N2000_K400_H200_nominal_tnative,training_seed_mean,2,30,3.127375,3.2150422919803026,0.27175,2.855625,8.456416666666666,4.9108,0.021196,0.5272457916666666,186.27425083333333,0.15636875,0.010598,0.2636228958333333,-0.7761427118055556,-0.34555306597222224,-138.22122638888888,0.1202020202020202,0.9701328307987578
leo_madrl_N2000_K400_H200_nominal_tnative,training_seed_mean,3,30,2.6895416666666665,2.7594067971181926,0.22216666666666668,2.467375,8.052958333333333,4.698475,0.020282708333333333,0.5316757916666667,187.85410666666667,0.13447708333333333,0.010141354166666667,0.26583789583333334,-0.7827254444444445,-0.3722691111111111,-148.90764444444446,0.11022727272727273,0.9761256087619691
leo_madrl_N2000_K400_H200_nominal_tnative,training_seed_mean,4,30,2.461125,2.507410160663101,0.19616666666666666,2.2649583333333334,7.8254166666666665,4.5775500000000005,0.019759,0.5338872916666667,188.73802,0.12305625,0.0098795,0.26694364583333335,-0.7864084166666666,-0.38652902083333335,-154.61160833333332,0.10361952861952863,0.9777216470041346
leo_madrl_N2000_K400_H200_nominal_tnative,training_seed_mean,5,30,3.167125,3.2583702452940937,0.27649999999999997,2.890625,8.489958333333334,4.928075,0.021271291666666668,0.5268487916666666,186.13871291666666,0.15835625,0.010635645833333334,0.2634243958333333,-0.7755779704861111,-0.3431616788194445,-137.26467152777778,0.1215909090909091,0.9712060452812158
leo_madrl_N2000_K500_H200_nominal_tnative,training_seed_mean,1,30,3.9051666666666667,4.135401291671593,0.32576666666666665,3.5794,7.881666666666667,4.53354,0.0195609,0.6184341666666666,183.22632566666667,0.19525833333333334,0.00978045,0.3092170833333333,-0.7634430236111112,-0.24918715694444446,-124.59357847222222,0.10377104377104378,0.9868987294122082
leo_madrl_N2000_K500_H200_nominal_tnative,training_seed_mean,2,30,4.597133333333334,4.813306791685115,0.3999,4.197233333333333,8.315966666666666,4.74964,0.0204908,0.6104643333333333,181.11419933333332,0.22985666666666665,0.0102454,0.30523216666666664,-0.7546424972222222,-0.20930826388888887,-104.65413194444443,0.11437710437710438,0.9844240171659759
leo_madrl_N2000_K500_H200_nominal_tnative,training_seed_mean,3,30,3.9899,4.225447368289268,0.3351,3.6548,7.935,4.55994,0.0196759,0.6174889666666666,182.96193933333333,0.199495,0.00983795,0.3087444833333333,-0.7623414138888889,-0.24426398055555554,-122.13199027777777,0.10464646464646465,0.9865691483400075
leo_madrl_N2000_K500_H200_nominal_tnative,training_seed_mean,4,30,3.6710333333333334,3.8938883424066537,0.3002666666666667,3.3707666666666665,7.7151,4.4489,0.019196433333333332,0.6208347666666667,183.99750933333334,0.18355166666666667,0.009598216666666666,0.31041738333333335,-0.7666562888888889,-0.26308902222222225,-131.54451111111112,0.09912457912457913,0.9865171779450941
leo_madrl_N2000_K500_H200_nominal_tnative,training_seed_mean,5,30,4.6513,4.871251305617088,0.40626666666666666,4.245033333333334,8.347933333333334,4.765,0.0205574,0.6098921666666667,180.955408,0.232565,0.0102787,0.30494608333333334,-0.7539808666666666,-0.20619108333333333,-103.09554166666666,0.11582491582491583,0.9837851091009846
greedy_analytic_N500_K100_H200_nominal_t0p05,episode,T001,1,0.895,1.3377926421404682,0.06,0.835,4.485,2.655,0.011595000000000001,0.371715,200.55265,0.04475,0.005797500000000001,0.1858575,-0.8356360416666667,-0.5992310416666667,-59.923104166666675,0.010101010101010102,0.9230665802321345
greedy_analytic_N500_K100_H200_nominal_t0p05,episode,T002,1,1.22,1.244343891402715,0.055,1.165,4.42,2.619,0.011425,0.35983,192.46285,0.061,0.0057125,0.179915,-0.8019285416666667,-0.5553010416666667,-55.530104166666675,0.015151515151515152,0.9025148780377001
greedy_analytic_N500_K100_H200_nominal_t0p05,episode,T003,1,0.86,1.005586592178771,0.045,0.815,4.475,2.658,0.011319999999999998,0.3617,211.5516,0.043,0.005659999999999999,0.18085,-0.881465,-0.6519550000000001,-65.19550000000001,0.015151515151515152,0.8971684555734127
greedy_analytic_N500_K100_H200_nominal_t0p05,episode,T004,1,0.85,1.2684989429175475,0.06,0.79,4.73,2.802,0.01206,0.36727,195.0816,0.0425,0.00603,0.183635,-0.81284,-0.580675,-58.0675,0.025252525252525252,0.8672415550291768
greedy_analytic_N500_K100_H200_nominal_t0p05,episode,T005,1,0.975,0.8130081300813008,0.035,0.94,4.305,2.562,0.01112,0.350985,201.21095,0.04875,0.00556,0.1754925,-0.8383789583333333,-0.6085764583333333,-60.85764583333333,0.010101010101010102,0.868902686024096
greedy_analytic_N500_K100_H200_nominal_t0p05,episode,T006,1,1.165,0.8064516129032258,0.035,1.13,4.34,2.583,0.010955,0.356865,194.9773,0.05825,0.0054775,0.1784325,-0.8124054166666668,-0.5702454166666668,-57.024541666666686,0.025252525252525252,0.7920704206419222
greedy_analytic_N500_K100_H200_nominal_t0p05,episode,T007,1,0.825,0.8771929824561403,0.04,0.785,4.56,2.712,0.01168,0.355905,194.608,0.04125,0.00584,0.1779525,-0.8108666666666667,-0.5858241666666667,-58.58241666666667,0.020202020202020204,0.7313394453438782
greedy_analytic_N500_K100_H200_nominal_t0p05,episode,T008,1,0.835,0.6514657980456026,0.03,0.805,4.605,2.745,0.011725,0.358835,201.71265,0.04175,0.0058625,0.1794175,-0.840469375,-0.613439375,-61.3439375,0.015151515151515152,0.7862178480427224
greedy_analytic_N500_K100_H200_nominal_t0p05,episode,T009,1,0.945,1.1025358324145536,0.05,0.895,4.535,2.691,0.011615,0.365385,193.0181,0.04725,0.0058075,0.1826925,-0.8042420833333334,-0.5684920833333333,-56.84920833333334,0.020202020202020204,0.7902664397845681
greedy_analytic_N500_K100_H200_nominal_t0p05,episode,T010,1,0.77,0.42689434364994666,0.02,0.75,4.685,2.799,0.011855,0.36442,192.9429,0.0385,0.0059275,0.18221,-0.8039287500000001,-0.57729125,-57.729125,0.015151515151515152,0.7864085253922097
greedy_analytic_N500_K100_H200_nominal_t0p05,episode,T011,1,1.17,1.5086206896551724,0.07,1.1,4.64,2.742,0.01196,0.37449,196.77555,0.0585,0.00598,0.187245,-0.819898125,-0.5681731250000001,-56.81731250000001,0.010101010101010102,0.9463923650292043
greedy_analytic_N500_K100_H200_nominal_t0p05,episode,T012,1,0.85,1.0101010101010102,0.045,0.805,4.455,2.646,0.011179999999999999,0.36042,196.6487,0.0425,0.0055899999999999995,0.18021,-0.8193695833333333,-0.5910695833333333,-59.106958333333324,0.025252525252525252,0.8035027320475505
greedy_analytic_N500_K100_H200_nominal_t0p05,episode,T013,1,1.035,1.3793103448275863,0.06,0.975,4.35,2.574,0.01097,0.361385,193.6669,0.05175,0.005485,0.1806925,-0.8069454166666666,-0.5690179166666667,-56.90179166666667,0.025252525252525252,0.8772364089469291
greedy_analytic_N500_K100_H200_nominal_t0p05,episode,T014,1,1.155,0.7675438596491229,0.035,1.12,4.56,2.715,0.011705,0.352645,198.7158,0.05775,0.0058525,0.1763225,-0.8279825,-0.5880574999999999,-58.80574999999999,0.010101010101010102,0.8505792579526803
greedy_analytic_N500_K100_H200_nominal_t0p05,episode,T015,1,1.115,1.1614401858304297,0.05,1.065,4.305,2.553,0.011014999999999999,0.365075,198.38235,0.05575,0.005507499999999999,0.1825375,-0.826593125,-0.5827981250000001,-58.279812500000006,0.020202020202020204,0.82279270540157
greedy_analytic_N500_K100_H200_nominal_t0p05,episode,T016,1,0.9,1.145475372279496,0.05,0.85,4.365,2.589,0.011045000000000001,0.35071,204.12305,0.045,0.0055225000000000005,0.175355,-0.8505127083333334,-0.6246352083333333,-62.463520833333334,0.030303030303030304,0.76142976620278
greedy_analytic_N500_K100_H200_nominal_t0p05,episode,T017,1,1.445,1.1312217194570136,0.05,1.395,4.42,2.622,0.0112,0.367515,191.48545,0.07225,0.0056,0.1837575,-0.7978560416666666,-0.5362485416666666,-53.62485416666666,0.025252525252525252,0.8969061887251562
greedy_analytic_N500_K100_H200_nominal_t0p05,episode,T018,1,0.88,1.0169491525423728,0.045,0.835,4.425,2.628,0.0114,0.35928,197.24295,0.044,0.0057,0.17964,-0.821845625,-0.592505625,-59.2505625,0.03535353535353535,0.8776190544758007
greedy_analytic_N500_K100_H200_nominal_t0p05,episode,T019,1,0.965,0.46349942062572425,0.02,0.945,4.315,2.577,0.010995,0.361605,192.31355,0.04825,0.0054975,0.1808025,-0.8013064583333332,-0.5667564583333332,-56.67564583333332,0.0,0.8613602077523823
greedy_analytic_N500_K100_H200_nominal_t0p05,episode,T020,1,0.87,0.8658008658008658,0.04,0.83,4.62,2.748,0.01172,0.35829,210.44895,0.0435,0.00586,0.179145,-0.876870625,-0.6483656250000001,-64.8365625,0.04040404040404041,0.7185519624340364
greedy_analytic_N500_K100_H200_nominal_t0p05,episode,T021,1,1.2,0.89086859688196,0.04,1.16,4.49,2.67,0.01162,0.35769,194.52675,0.06,0.00581,0.178845,-0.8105281249999999,-0.565873125,-56.587312499999996,0.030303030303030304,0.8281665093151809
greedy_analytic_N500_K100_H200_nominal_t0p05,episode,T022,1,0.62,0.45714285714285713,0.02,0.6,4.375,2.613,0.011235,0.37071,201.24625,0.031,0.0056175,0.185355,-0.8385260416666667,-0.6165535416666666,-61.65535416666666,0.005050505050505051,0.7906646439259775
greedy_analytic_N500_K100_H200_nominal_t0p05,episode,T023,1,1.12,1.740139211136891,0.075,1.045,4.31,2.541,0.010875,0.35815,195.80025,0.056,0.0054375,0.179075,-0.815834375,-0.575321875,-57.5321875,0.010101010101010102,0.8364510725587497
greedy_analytic_N500_K100_H200_nominal_t0p05,episode,T024,1,1.41,1.6556291390728477,0.075,1.335,4.53,2.673,0.011385000000000001,0.35244,194.93295,0.0705,0.0056925000000000005,0.17622,-0.812220625,-0.559808125,-55.9808125,0.030303030303030304,0.869795716106678
greedy_analytic_N500_K100_H200_nominal_t0p05,episode,T025,1,1.54,1.381509032943677,0.065,1.475,4.705,2.784,0.01192,0.35765,191.0977,0.077,0.00596,0.178825,-0.7962404166666667,-0.5344554166666666,-53.445541666666664,0.030303030303030304,0.8158752487029155
greedy_analytic_N500_K100_H200_nominal_t0p05,episode,T026,1,0.98,0.6622516556291391,0.03,0.95,4.53,2.7,0.01153,0.36323,196.2999,0.049,0.005765,0.181615,-0.81791625,-0.58153625,-58.153625,0.020202020202020204,0.7586377189977298
greedy_analytic_N500_K100_H200_nominal_t0p05,episode,T027,1,0.76,0.21574973031283712,0.01,0.75,4.635,2.775,0.011784999999999999,0.36501,198.3382,0.038,0.005892499999999999,0.182505,-0.8264091666666666,-0.6000116666666666,-60.00116666666666,0.015151515151515152,0.8552432732545905
greedy_analytic_N500_K100_H200_nominal_t0p05,episode,T028,1,1.03,0.7510729613733905,0.035,0.995,4.66,2.775,0.011864999999999999,0.36236,201.4025,0.0515,0.005932499999999999,0.18118,-0.8391770833333333,-0.6005645833333333,-60.05645833333333,0.020202020202020204,0.8499920611323735
greedy_analytic_N500_K100_H200_nominal_t0p05,episode,T029,1,1.185,1.4364640883977902,0.065,1.12,4.525,2.676,0.01133,0.365005,196.96415,0.05925,0.005665,0.1825025,-0.8206839583333333,-0.5732664583333333,-57.32664583333333,0.020202020202020204,0.8351090380799999
greedy_analytic_N500_K100_H200_nominal_t0p05,episode,T030,1,1.09,1.1376564277588168,0.05,1.04,4.395,2.607,0.011205,0.35598,200.0634,0.0545,0.0056025,0.17799,-0.8335975,-0.595505,-59.55049999999999,0.030303030303030304,0.8373769842710954
greedy_analytic_N1000_K100_H200_nominal_t0p05,episode,T001,1,1.185,1.8828451882845187,0.09,1.095,4.78,2.814,0.012320000000000001,0.273145,202.74285,0.05925,0.0061600000000000005,0.1365725,-0.844761875,-0.6427793749999999,-64.2779375,0.015151515151515152,0.7098629380246103
greedy_analytic_N1000_K100_H200_nominal_t0p05,episode,T002,1,1.45,2.0191285866099893,0.095,1.355,4.705,2.766,0.01201,0.26411,197.59995,0.0725,0.006005,0.132055,-0.823333125,-0.612773125,-61.2773125,0.015151515151515152,0.6803087066186261
greedy_analytic_N1000_K100_H200_nominal_t0p05,episode,T003,1,0.945,0.8064516129032258,0.035,0.91,4.34,2.583,0.010995,0.279665,201.0436,0.04725,0.0054975,0.1398325,-0.8376816666666667,-0.6451016666666667,-64.51016666666666,0.010101010101010102,0.7294353597011916
greedy_analytic_N1000_K100_H200_nominal_t0p05,episode,T004,1,0.7,1.1273957158962795,0.05,0.65,4.435,2.631,0.011215000000000001,0.2755,201.82095,0.035,0.0056075000000000005,0.13775,-0.8409206250000001,-0.6625631250000001,-66.2563125,0.020202020202020204,0.7454766916069369
greedy_analytic_N1000_K100_H200_nominal_t0p05,episode,T005,1,0.885,0.7909604519774012,0.035,0.85,4.425,2.634,0.01143,0.284995,209.2407,0.04425,0.005715,0.1424975,-0.87183625,-0.67937375,-67.937375,0.020202020202020204,0.7475604218972274
greedy_analytic_N1000_K100_H200_nominal_t0p05,episode,T006,1,0.84,1.0384215991692627,0.05,0.79,4.815,2.859,0.012345,0.27509,202.77305,0.042,0.0061725,0.137545,-0.8448877083333334,-0.6591702083333334,-65.91702083333334,0.03535353535353535,0.6608805193404785
greedy_analytic_N1000_K100_H200_nominal_t0p05,episode,T007,1,1.12,1.2127894156560088,0.055,1.065,4.535,2.688,0.011710000000000002,0.27376,201.35275,0.056,0.005855000000000001,0.13688,-0.8389697916666666,-0.6402347916666666,-64.02347916666666,0.030303030303030304,0.7672161373972846
greedy_analytic_N1000_K100_H200_nominal_t0p05,episode,T008,1,0.84,0.43103448275862066,0.02,0.82,4.64,2.772,0.01183,0.27385,194.1045,0.042,0.005915,0.136925,-0.80876875,-0.62392875,-62.392875000000004,0.030303030303030304,0.7371445689083769
greedy_analytic_N1000_K100_H200_nominal_t0p05,episode,T009,1,0.87,0.32119914346895073,0.015,0.855,4.67,2.793,0.011785,0.26815,202.3868,0.0435,0.0058925,0.134075,-0.8432783333333334,-0.6598108333333333,-65.98108333333333,0.030303030303030304,0.6469538978192089
greedy_analytic_N1000_K100_H200_nominal_t0p05,episode,T010,1,0.925,0.43478260869565216,0.02,0.905,4.6,2.748,0.0119,0.265635,202.21,0.04625,0.00595,0.1328175,-0.8425416666666667,-0.6575241666666667,-65.75241666666668,0.025252525252525252,0.6543367548714705
greedy_analytic_N1000_K100_H200_nominal_t0p05,episode,T011,1,0.895,0.713436385255648,0.03,0.865,4.205,2.505,0.010925,0.271695,202.7157,0.04475,0.0054625,0.1358475,-0.84464875,-0.65858875,-65.858875,0.005050505050505051,0.700720340369238
greedy_analytic_N1000_K100_H200_nominal_t0p05,episode,T012,1,0.755,0.22753128555176336,0.01,0.745,4.395,2.631,0.011165000000000001,0.273205,193.73635,0.03775,0.005582500000000001,0.1366025,-0.8072347916666666,-0.6272997916666666,-62.72997916666666,0.025252525252525252,0.665022417315176
greedy_analytic_N1000_K100_H200_nominal_t0p05,episode,T013,1,1.095,0.9564293304994687,0.045,1.05,4.705,2.796,0.012069999999999999,0.288395,199.44275,0.05475,0.0060349999999999996,0.1441975,-0.8310114583333333,-0.6260289583333334,-62.602895833333335,0.025252525252525252,0.685995332335788
greedy_analytic_N1000_K100_H200_nominal_t0p05,episode,T014,1,1.1,1.160092807424594,0.05,1.05,4.31,2.556,0.01117,0.27715,196.10365,0.055,0.005585,0.138575,-0.8170985416666666,-0.6179385416666666,-61.79385416666666,0.025252525252525252,0.674374499178117
greedy_analytic_N1000_K100_H200_nominal_t0p05,episode,T015,1,0.685,0.45045045045045046,0.02,0.665,4.44,2.652,0.01155,0.267805,203.82215,0.03425,0.005775,0.1339025,-0.8492589583333333,-0.6753314583333333,-67.53314583333334,0.04040404040404041,0.6676623898929063
greedy_analytic_N1000_K100_H200_nominal_t0p05,episode,T016,1,1.135,1.1737089201877935,0.05,1.085,4.26,2.526,0.0109,0.271755,206.4159,0.05675,0.00545,0.1358775,-0.8600662499999999,-0.6619887499999999,-66.19887499999999,0.020202020202020204,0.7906152725642118
greedy_analytic_N1000_K100_H200_nominal_t0p05,episode,T017,1,1.065,0.9101251422070534,0.04,1.025,4.395,2.613,0.011325,0.276105,199.62125,0.05325,0.0056625,0.1380525,-0.8317552083333334,-0.6347902083333334,-63.479020833333344,0.015151515151515152,0.6836713102147665
greedy_analytic_N1000_K100_H200_nominal_t0p05,episode,T018,1,0.83,0.44692737430167595,0.02,0.81,4.475,2.673,0.011485,0.27363,205.14475,0.0415,0.0057425,0.136815,-0.8547697916666667,-0.6707122916666667,-67.07122916666667,0.04040404040404041,0.695796840521195
greedy_analytic_N1000_K100_H200_nominal_t0p05,episode,T019,1,0.56,0.5580357142857143,0.025,0.535,4.48,2.673,0.011635000000000001,0.28334,203.7935,0.028,0.005817500000000001,0.14167,-0.8491395833333333,-0.6736520833333333,-67.36520833333333,0.025252525252525252,0.7823447821613123
greedy_analytic_N1000_K100_H200_nominal_t0p05,episode,T020,1,1.125,1.557285873192436,0.07,1.055,4.495,2.655,0.011385,0.268535,203.3199,0.05625,0.0056925,0.1342675,-0.84716625,-0.65095625,-65.095625,0.03535353535353535,0.5824072087568041
greedy_analytic_N1000_K100_H200_nominal_t0p05,episode,T021,1,0.91,0.8879023307436182,0.04,0.87,4.505,2.679,0.011395,0.26871,201.91615,0.0455,0.0056975,0.134355,-0.8413172916666666,-0.6557647916666666,-65.57647916666666,0.030303030303030304,0.7464747404207146
greedy_analytic_N1000_K100_H200_nominal_t0p05,episode,T022,1,1.095,1.0297482837528604,0.045,1.05,4.37,2.595,0.011205,0.284855,197.7298,0.05475,0.0056025,0.1424275,-0.8238741666666667,-0.6210941666666667,-62.109416666666675,0.010101010101010102,0.6504440679729871
greedy_analytic_N1000_K100_H200_nominal_t0p05,episode,T023,1,1.165,0.9019165727170236,0.04,1.125,4.435,2.637,0.011195,0.272425,197.9504,0.05825,0.0055975,0.1362125,-0.8247933333333334,-0.6247333333333334,-62.473333333333336,0.015151515151515152,0.7981521380585432
greedy_analytic_N1000_K100_H200_nominal_t0p05,episode,T024,1,0.81,0.9101251422070534,0.04,0.77,4.395,2.613,0.011325,0.28179,197.7202,0.0405,0.0056625,0.140895,-0.8238341666666666,-0.6367766666666667,-63.67766666666667,0.020202020202020204,0.7902649817883461
greedy_analytic_N1000_K100_H200_nominal_t0p05,episode,T025,1,0.875,0.6629834254143646,0.03,0.845,4.525,2.697,0.011645,0.278095,199.4094,0.04375,0.0058225,0.1390475,-0.8308725,-0.6422525,-64.22525,0.025252525252525252,0.6944975800508644
greedy_analytic_N1000_K100_H200_nominal_t0p05,episode,T026,1,1.015,0.8592910848549946,0.04,0.975,4.655,2.769,0.011895000000000001,0.274915,205.97325,0.05075,0.0059475000000000005,0.1374575,-0.858221875,-0.6640668750000001,-66.4066875,0.025252525252525252,0.7236947640591641
greedy_analytic_N1000_K100_H200_nominal_t0p05,episode,T027,1,1.045,1.6853932584269662,0.075,0.97,4.45,2.625,0.011225,0.268045,200.40505,0.05225,0.0056125,0.1340225,-0.8350210416666666,-0.6431360416666666,-64.31360416666666,0.010101010101010102,0.6129276571486194
greedy_analytic_N1000_K100_H200_nominal_t0p05,episode,T028,1,0.56,0.4434589800443459,0.02,0.54,4.51,2.694,0.01198,0.28872,210.12885,0.028,0.00599,0.14436,-0.875536875,-0.697186875,-69.7186875,0.010101010101010102,0.8456288169100645
greedy_analytic_N1000_K100_H200_nominal_t0p05,episode,T029,1,0.78,1.4254385964912282,0.065,0.715,4.56,2.697,0.011635,0.2801,199.4997,0.039,0.0058175,0.14005,-0.83124875,-0.6463812499999999,-64.63812499999999,0.020202020202020204,0.6346979806642178
greedy_analytic_N1000_K100_H200_nominal_t0p05,episode,T030,1,0.855,0.7954545454545454,0.035,0.82,4.4,2.619,0.011215000000000001,0.273115,200.5382,0.04275,0.0056075000000000005,0.1365575,-0.8355758333333333,-0.6506608333333332,-65.06608333333332,0.015151515151515152,0.7728206824050032
cox_only_N500_K100_H200_nominal_t0p05,episode,T001,1,0.805,0.9517335146159075,0.07,0.735,7.355,4.371,0.018745,0.390755,198.83285,0.04025,0.0093725,0.1953775,-0.8284702083333334,-0.5834702083333334,-58.34702083333334,0.07575757575757576,0.8996610133850766
cox_only_N500_K100_H200_nominal_t0p05,episode,T002,1,1.11,1.3869625520110958,0.1,1.01,7.21,4.266,0.018539999999999997,0.39776,190.40865,0.0555,0.009269999999999999,0.19888,-0.7933693749999999,-0.529719375,-52.971937499999996,0.08080808080808081,0.8497388361474472
cox_only_N500_K100_H200_nominal_t0p05,episode,T003,1,0.805,0.9046624913013221,0.065,0.74,7.185,4.272,0.0182,0.388655,209.4913,0.04025,0.0091,0.1943275,-0.8728804166666666,-0.6292029166666666,-62.920291666666664,0.12121212121212122,0.8177684992960312
cox_only_N500_K100_H200_nominal_t0p05,episode,T004,1,0.77,1.0638297872340425,0.08,0.69,7.52,4.464,0.019129999999999998,0.38706,193.36515,0.0385,0.009564999999999999,0.19353,-0.805688125,-0.564093125,-56.4093125,0.07575757575757576,0.7851176684021021
cox_only_N500_K100_H200_nominal_t0p05,episode,T005,1,0.86,0.8486562942008486,0.06,0.8,7.07,4.206,0.01805,0.38337,199.3053,0.043,0.009025,0.191685,-0.83043875,-0.58672875,-58.672875000000005,0.08080808080808081,0.7422702011754712
cox_only_N500_K100_H200_nominal_t0p05,episode,T006,1,1.07,0.8035062089116143,0.055,1.015,6.845,4.074,0.01721,0.40291,192.57955,0.0535,0.008605,0.201455,-0.8024147916666667,-0.5388547916666667,-53.88547916666667,0.13636363636363635,0.9365317767185422
cox_only_N500_K100_H200_nominal_t0p05,episode,T007,1,0.69,0.6770480704129993,0.05,0.64,7.385,4.401,0.018795000000000003,0.3925,192.5656,0.0345,0.009397500000000001,0.19625,-0.8023566666666666,-0.5622091666666666,-56.22091666666667,0.0707070707070707,0.9121510382420404
cox_only_N500_K100_H200_nominal_t0p05,episode,T008,1,0.72,0.6024096385542169,0.045,0.675,7.47,4.455,0.019155,0.39417,199.70135,0.036,0.0095775,0.197085,-0.8320889583333333,-0.5894264583333333,-58.94264583333333,0.10606060606060606,0.9275867633043624
cox_only_N500_K100_H200_nominal_t0p05,episode,T009,1,0.85,1.021798365122616,0.075,0.775,7.34,4.359,0.018815000000000002,0.39855,191.05185,0.0425,0.009407500000000001,0.199275,-0.7960493750000001,-0.5448668750000001,-54.48668750000001,0.09090909090909091,0.8911577159260331
cox_only_N500_K100_H200_nominal_t0p05,episode,T010,1,0.665,0.26420079260237783,0.02,0.645,7.57,4.53,0.01927,0.409395,190.6663,0.03325,0.009635,0.2046975,-0.7944429166666667,-0.5468604166666666,-54.68604166666666,0.16161616161616163,0.9228540886451122
cox_only_N500_K100_H200_nominal_t0p05,episode,T011,1,1.03,1.1288180610889775,0.085,0.945,7.53,4.467,0.019264999999999997,0.39383,195.1861,0.0515,0.009632499999999999,0.196915,-0.8132754166666667,-0.5552279166666667,-55.52279166666667,0.08585858585858586,0.7978339565159213
cox_only_N500_K100_H200_nominal_t0p05,episode,T012,1,0.78,0.7417397167902899,0.055,0.725,7.415,4.416,0.0188,0.39482,194.54215,0.039,0.0094,0.19741,-0.8105922916666667,-0.5647822916666667,-56.47822916666667,0.10606060606060606,0.8705159779649454
cox_only_N500_K100_H200_nominal_t0p05,episode,T013,1,0.91,1.1896431070678797,0.085,0.825,7.145,4.236,0.01822,0.38996,191.9344,0.0455,0.00911,0.19498,-0.7997266666666667,-0.5501366666666667,-55.01366666666667,0.10606060606060606,0.8000403172403108
cox_only_N500_K100_H200_nominal_t0p05,episode,T014,1,1.04,0.9122807017543859,0.065,0.975,7.125,4.236,0.018009999999999998,0.39423,196.55585,0.052,0.009004999999999999,0.197115,-0.8189827083333333,-0.5608627083333333,-56.08627083333333,0.09090909090909091,0.8636258255910259
cox_only_N500_K100_H200_nominal_t0p05,episode,T015,1,1.03,0.9668508287292817,0.07,0.96,7.24,4.302,0.01831,0.39947,196.28615,0.0515,0.009155,0.199735,-0.8178589583333333,-0.5574689583333333,-55.74689583333333,0.12121212121212122,0.9009903847362775
cox_only_N500_K100_H200_nominal_t0p05,episode,T016,1,0.785,1.1019283746556474,0.08,0.705,7.26,4.308,0.01819,0.402335,201.65635,0.03925,0.009095,0.2011675,-0.8402347916666667,-0.5907222916666667,-59.072229166666666,0.10101010101010101,0.773531694879549
cox_only_N500_K100_H200_nominal_t0p05,episode,T017,1,1.26,1.0197144799456153,0.075,1.185,7.355,4.368,0.01873,0.38459,190.09025,0.063,0.009365,0.192295,-0.7920427083333333,-0.5273827083333333,-52.73827083333333,0.10606060606060606,0.927852801636434
cox_only_N500_K100_H200_nominal_t0p05,episode,T018,1,0.77,0.8940852819807428,0.065,0.705,7.27,4.323,0.018585,0.38963,195.33365,0.0385,0.0092925,0.194815,-0.8138902083333334,-0.5712827083333334,-57.12827083333334,0.10101010101010101,0.8281548912871293
cox_only_N500_K100_H200_nominal_t0p05,episode,T019,1,0.81,0.49295774647887325,0.035,0.775,7.1,4.239,0.017894999999999998,0.40467,190.23025,0.0405,0.008947499999999999,0.202335,-0.7926260416666667,-0.5408435416666668,-54.084354166666685,0.09595959595959595,0.9515148405907712
cox_only_N500_K100_H200_nominal_t0p05,episode,T020,1,0.775,0.8059100067159167,0.06,0.715,7.445,4.431,0.018835,0.399975,208.0817,0.03875,0.0094175,0.1999875,-0.8670070833333334,-0.6188520833333334,-61.88520833333334,0.10101010101010101,0.8881987411459293
cox_only_N500_K100_H200_nominal_t0p05,episode,T021,1,1.055,1.1564625850340136,0.085,0.97,7.35,4.359,0.018885,0.395855,192.48475,0.05275,0.0094425,0.1979275,-0.8020197916666666,-0.5418997916666666,-54.18997916666666,0.11616161616161616,0.8763070957907126
cox_only_N500_K100_H200_nominal_t0p05,episode,T022,1,0.575,0.5021520803443329,0.035,0.54,6.97,4.161,0.017764999999999996,0.401255,199.25265,0.02875,0.008882499999999998,0.2006275,-0.830219375,-0.5919593750000001,-59.19593750000001,0.06565656565656566,0.8884211449377333
cox_only_N500_K100_H200_nominal_t0p05,episode,T023,1,0.995,1.4726507713884993,0.105,0.89,7.13,4.215,0.017975,0.401465,193.59465,0.04975,0.0089875,0.2007325,-0.806644375,-0.547174375,-54.7174375,0.09595959595959595,0.942605232721301
cox_only_N500_K100_H200_nominal_t0p05,episode,T024,1,1.265,1.5373864430468205,0.11,1.155,7.155,4.227,0.018035,0.376595,193.1346,0.06325,0.0090175,0.1882975,-0.8047275,-0.5441625000000001,-54.41625000000001,0.10101010101010101,0.7460005204707214
cox_only_N500_K100_H200_nominal_t0p05,episode,T025,1,1.345,1.4686248331108145,0.11,1.235,7.49,4.428,0.019049999999999997,0.384185,189.5347,0.06725,0.009524999999999999,0.1920925,-0.7897279166666666,-0.5208604166666666,-52.08604166666666,0.13636363636363635,0.7661264539886976
cox_only_N500_K100_H200_nominal_t0p05,episode,T026,1,0.86,0.8191126279863481,0.06,0.8,7.325,4.359,0.018455,0.39203,194.4967,0.043,0.0092275,0.196015,-0.8104029166666666,-0.5621604166666667,-56.21604166666667,0.1414141414141414,0.8372433804687458
cox_only_N500_K100_H200_nominal_t0p05,episode,T027,1,0.685,0.4694835680751174,0.035,0.65,7.455,4.452,0.01896,0.380425,196.71385,0.03425,0.00948,0.1902125,-0.8196410416666667,-0.5856985416666667,-58.569854166666666,0.1414141414141414,0.7653426308547089
cox_only_N500_K100_H200_nominal_t0p05,episode,T028,1,0.96,1.0135135135135136,0.075,0.885,7.4,4.395,0.018754999999999997,0.40944,198.92615,0.048,0.009377499999999999,0.20472,-0.8288589583333333,-0.5667614583333334,-56.67614583333334,0.09595959595959595,0.9555246839460592
cox_only_N500_K100_H200_nominal_t0p05,episode,T029,1,1.08,1.3031550068587106,0.095,0.985,7.29,4.317,0.018014999999999996,0.40136,194.92225,0.054,0.009007499999999998,0.20068,-0.8121760416666667,-0.5484885416666667,-54.84885416666667,0.1111111111111111,0.9341735219976783
cox_only_N500_K100_H200_nominal_t0p05,episode,T030,1,0.96,0.9950248756218906,0.07,0.89,7.035,4.179,0.017835,0.39081,198.1442,0.048,0.0089175,0.195405,-0.8256008333333333,-0.5732783333333333,-57.32783333333333,0.10606060606060606,0.7962748679986995
cox_only_N1000_K100_H200_nominal_t0p05,episode,T001,1,1.04,1.1250827266710788,0.085,0.955,7.555,4.482,0.019389999999999998,0.29603,201.08915,0.052,0.009694999999999999,0.148015,-0.8378714583333333,-0.6281614583333333,-62.81614583333332,0.1111111111111111,0.6631754036739206
cox_only_N1000_K100_H200_nominal_t0p05,episode,T002,1,1.245,1.6700066800267201,0.125,1.12,7.485,4.416,0.019020000000000002,0.297875,195.8507,0.06225,0.009510000000000001,0.1489375,-0.8160445833333333,-0.5953470833333333,-59.53470833333333,0.07575757575757576,0.7524836922777676
cox_only_N1000_K100_H200_nominal_t0p05,episode,T003,1,0.835,0.7644197359277276,0.055,0.78,7.195,4.284,0.018379999999999997,0.297155,199.4164,0.04175,0.009189999999999999,0.1485775,-0.8309016666666668,-0.6313841666666667,-63.13841666666667,0.09595959595959595,0.7589709544854938
cox_only_N1000_K100_H200_nominal_t0p05,episode,T004,1,0.62,0.624133148404993,0.045,0.575,7.21,4.299,0.018475,0.30137,199.935,0.031,0.0092375,0.150685,-0.8330625,-0.64214,-64.214,0.09595959595959595,0.8412987290954055
cox_only_N1000_K100_H200_nominal_t0p05,episode,T005,1,0.8,0.6830601092896175,0.05,0.75,7.32,4.362,0.01892,0.29959,207.6692,0.04,0.00946,0.149795,-0.8652883333333333,-0.6660333333333333,-66.60333333333332,0.15151515151515152,0.8236795440255098
cox_only_N1000_K100_H200_nominal_t0p05,episode,T006,1,0.745,0.9073233959818535,0.07,0.675,7.715,4.587,0.019755,0.294905,201.05685,0.03725,0.0098775,0.1474525,-0.8377368749999999,-0.643156875,-64.3156875,0.1111111111111111,0.7511706965263643
cox_only_N1000_K100_H200_nominal_t0p05,episode,T007,1,1.005,0.8632138114209827,0.065,0.94,7.53,4.479,0.019365,0.293655,199.69295,0.05025,0.0096825,0.1468275,-0.8320539583333333,-0.6252939583333332,-62.529395833333325,0.13636363636363635,0.6549333676155924
cox_only_N1000_K100_H200_nominal_t0p05,episode,T008,1,0.745,0.6044325050369376,0.045,0.7,7.445,4.44,0.01909,0.297735,192.4493,0.03725,0.009545,0.1488675,-0.8018720833333333,-0.6062095833333332,-60.62095833333332,0.13131313131313133,0.7665528615873389
cox_only_N1000_K100_H200_nominal_t0p05,episode,T009,1,0.75,0.3937007874015748,0.03,0.72,7.62,4.554,0.01918,0.29062,200.711,0.0375,0.00959,0.14531,-0.8362958333333333,-0.6438958333333333,-64.38958333333333,0.12626262626262627,0.6536965649580603
cox_only_N1000_K100_H200_nominal_t0p05,episode,T010,1,0.83,0.3457814661134163,0.025,0.805,7.23,4.323,0.018774999999999997,0.29302,200.2965,0.0415,0.009387499999999998,0.14651,-0.8345687500000001,-0.6371712500000001,-63.71712500000001,0.10101010101010101,0.6735614207691545
cox_only_N1000_K100_H200_nominal_t0p05,episode,T011,1,0.83,0.627177700348432,0.045,0.785,7.175,4.278,0.01846,0.3045,200.6306,0.0415,0.00923,0.15225,-0.8359608333333333,-0.6329808333333333,-63.29808333333333,0.06565656565656566,0.8569039067243471
cox_only_N1000_K100_H200_nominal_t0p05,episode,T012,1,0.675,0.5559416261292565,0.04,0.635,7.195,4.293,0.018285,0.297785,192.02205,0.03375,0.0091425,0.1488925,-0.800091875,-0.608306875,-60.8306875,0.09595959595959595,0.6707533636174816
cox_only_N1000_K100_H200_nominal_t0p05,episode,T013,1,0.965,0.7328447701532311,0.055,0.91,7.505,4.47,0.01905,0.303695,197.99515,0.04825,0.009525,0.1518475,-0.8249797916666667,-0.6153572916666668,-61.53572916666668,0.09595959595959595,0.7569340323130922
cox_only_N1000_K100_H200_nominal_t0p05,episode,T014,1,0.945,0.4297994269340974,0.03,0.915,6.98,4.17,0.018269999999999998,0.296795,194.5912,0.04725,0.009134999999999999,0.1483975,-0.8107966666666666,-0.6060141666666666,-60.601416666666665,0.09595959595959595,0.7337142660764439
cox_only_N1000_K100_H200_nominal_t0p05,episode,T015,1,0.6,0.4716981132075472,0.035,0.565,7.42,4.431,0.019245,0.29621,201.9049,0.03,0.0096225,0.148105,-0.8412704166666667,-0.6535429166666666,-65.35429166666667,0.08585858585858586,0.7327539558464842
cox_only_N1000_K100_H200_nominal_t0p05,episode,T016,1,1.02,1.1653313911143481,0.08,0.94,6.865,4.071,0.017564999999999997,0.29535,204.68655,0.051,0.008782499999999999,0.147675,-0.852860625,-0.6454031250000001,-64.54031250000001,0.08585858585858586,0.9270066095056777
cox_only_N1000_K100_H200_nominal_t0p05,episode,T017,1,0.93,0.7703081232492998,0.055,0.875,7.14,4.251,0.018465,0.29933,198.0288,0.0465,0.0092325,0.149665,-0.82512,-0.6197225,-61.972249999999995,0.09090909090909091,0.7029823276589544
cox_only_N1000_K100_H200_nominal_t0p05,episode,T018,1,0.77,0.41124057573680606,0.03,0.74,7.295,4.359,0.018754999999999997,0.29806,203.2525,0.0385,0.009377499999999999,0.14903,-0.8468854166666666,-0.6499779166666666,-64.99779166666666,0.09595959595959595,0.783745915755972
cox_only_N1000_K100_H200_nominal_t0p05,episode,T019,1,0.48,0.2724795640326976,0.02,0.46,7.34,4.392,0.019030000000000002,0.30018,202.2018,0.024,0.009515000000000001,0.15009,-0.8425075,-0.6589025,-65.89025,0.12626262626262627,0.7198148994423372
cox_only_N1000_K100_H200_nominal_t0p05,episode,T020,1,1.025,1.1724137931034482,0.085,0.94,7.25,4.299,0.018365,0.289295,201.66675,0.05125,0.0091825,0.1446475,-0.840278125,-0.635198125,-63.51981249999999,0.13131313131313133,0.6608468926502635
cox_only_N1000_K100_H200_nominal_t0p05,episode,T021,1,0.825,0.7251153592617007,0.055,0.77,7.585,4.518,0.019249999999999996,0.291355,200.11635,0.04125,0.009624999999999998,0.1456775,-0.8338181250000001,-0.6372656250000001,-63.72656250000001,0.12121212121212122,0.6623934394368002
cox_only_N1000_K100_H200_nominal_t0p05,episode,T022,1,0.925,0.9517335146159075,0.07,0.855,7.355,4.371,0.018975,0.307345,196.1542,0.04625,0.0094875,0.1536725,-0.8173091666666666,-0.6078991666666667,-60.78991666666666,0.07575757575757576,0.8164808351369446
cox_only_N1000_K100_H200_nominal_t0p05,episode,T023,1,1.05,1.007387508394896,0.075,0.975,7.445,4.422,0.018889999999999997,0.30103,196.0851,0.0525,0.009444999999999999,0.150515,-0.81702125,-0.60456125,-60.45612500000001,0.10101010101010101,0.7369130762196276
cox_only_N1000_K100_H200_nominal_t0p05,episode,T024,1,0.725,1.1228070175438596,0.08,0.645,7.125,4.227,0.018225,0.295665,196.29135,0.03625,0.0091125,0.1478325,-0.817880625,-0.624685625,-62.468562500000004,0.08585858585858586,0.6978735902759148
cox_only_N1000_K100_H200_nominal_t0p05,episode,T025,1,0.8,0.8224811514736121,0.06,0.74,7.295,4.341,0.018734999999999998,0.2999,197.64415,0.04,0.009367499999999999,0.14995,-0.8235172916666667,-0.6241997916666666,-62.419979166666664,0.1111111111111111,0.7638428591243706
cox_only_N1000_K100_H200_nominal_t0p05,episode,T026,1,0.885,0.6535947712418301,0.05,0.835,7.65,4.56,0.01964,0.292065,204.44285,0.04425,0.00982,0.1460325,-0.8518452083333333,-0.6517427083333334,-65.17427083333334,0.12626262626262627,0.6562066764337879
cox_only_N1000_K100_H200_nominal_t0p05,episode,T027,1,0.935,1.38217000691085,0.1,0.835,7.235,4.281,0.018345,0.295295,198.61255,0.04675,0.0091725,0.1476475,-0.8275522916666667,-0.6239822916666666,-62.39822916666667,0.06060606060606061,0.7211561975513645
cox_only_N1000_K100_H200_nominal_t0p05,episode,T028,1,0.525,0.6711409395973155,0.05,0.475,7.45,4.44,0.01935,0.303335,208.4381,0.02625,0.009675,0.1516675,-0.8684920833333333,-0.6808995833333333,-68.08995833333333,0.10101010101010101,0.8182663083280333
cox_only_N1000_K100_H200_nominal_t0p05,episode,T029,1,0.695,1.2978142076502732,0.095,0.6,7.32,4.335,0.018475,0.303035,197.72535,0.03475,0.0092375,0.1515175,-0.823855625,-0.6283506249999999,-62.83506249999999,0.10606060606060606,0.7725400980389666
cox_only_N1000_K100_H200_nominal_t0p05,episode,T030,1,0.77,0.9292351679771265,0.065,0.705,6.995,4.158,0.017849999999999998,0.29241,198.9522,0.0385,0.008924999999999999,0.146205,-0.8289675,-0.6353375,-63.53375,0.08080808080808081,0.6631103672166858
no_triplet_N500_K100_H200_nominal_t0p05,training_seed_mean,1,30,1.4871666666666667,1.5224563115386855,0.16833333333333333,1.3188333333333333,11.064666666666668,6.5378,0.027990333333333332,0.3898355,193.54883166666667,0.07435833333333333,0.013995166666666666,0.19491775,-0.8064534652777777,-0.5231822152777778,-52.31822152777778,0.2883838383838384,0.8456500158673776
no_triplet_N500_K100_H200_nominal_t0p05,training_seed_mean,2,30,1.3659999999999999,1.4113825048001214,0.15166666666666667,1.2143333333333333,10.753333333333334,6.361,0.027229999999999997,0.3902776666666667,194.21960166666668,0.0683,0.013614999999999999,0.19513883333333334,-0.8092483402777778,-0.5321945069444445,-53.21945069444445,0.2727272727272727,0.8537427362202109
no_triplet_N500_K100_H200_nominal_t0p05,training_seed_mean,3,30,1.2173333333333334,1.2582983184653427,0.13033333333333333,1.087,10.3545,6.1345,0.026258833333333332,0.390397,195.10369833333334,0.060866666666666666,0.013129416666666666,0.1951985,-0.8129320763888889,-0.5437374930555555,-54.373749305555556,0.2553872053872054,0.8545048811117382
no_triplet_N500_K100_H200_nominal_t0p05,training_seed_mean,4,30,1.1843333333333332,1.2246629670228422,0.12566666666666668,1.0586666666666666,10.258666666666667,6.0798,0.026022999999999998,0.3907426666666667,195.30889333333334,0.05921666666666667,0.013011499999999999,0.19537133333333334,-0.8137870555555555,-0.5461875555555555,-54.61875555555555,0.25084175084175087,0.8500783546616637
no_triplet_N500_K100_H200_nominal_t0p05,training_seed_mean,5,30,1.129,1.1727545361588625,0.11850000000000001,1.0105,10.0995,5.9886,0.025636333333333334,0.391692,195.639955,0.05645,0.012818166666666667,0.195846,-0.8151664791666666,-0.5500523125,-55.00523125,0.2436026936026936,0.8476135350878692
no_triplet_N1000_K100_H200_nominal_t0p05,training_seed_mean,1,30,1.4293333333333333,1.4240752931338307,0.16216666666666668,1.2671666666666668,11.392666666666667,6.7383,0.028986833333333333,0.29,197.24426333333332,0.07146666666666666,0.014493416666666667,0.145,-0.8218510972222223,-0.5908910138888889,-59.08910138888889,0.29865319865319867,0.6978519086217108
no_triplet_N1000_K100_H200_nominal_t0p05,training_seed_mean,2,30,1.1646666666666667,1.1555261816147833,0.1225,1.0421666666666667,10.6045,6.2892,0.02706233333333333,0.2915756666666667,198.87729166666668,0.05823333333333333,0.013531166666666665,0.14578783333333334,-0.8286553819444444,-0.6111030486111111,-61.11030486111111,0.26245791245791245,0.7014986470844347
no_triplet_N1000_K100_H200_nominal_t0p05,training_seed_mean,3,30,0.9778333333333333,0.9971268917712184,0.0995,0.8783333333333333,9.986,5.9319,0.025536166666666665,0.2924945,200.189225,0.04889166666666667,0.012768083333333333,0.14624725,-0.8341217708333333,-0.6262147708333333,-62.62147708333333,0.2287878787878788,0.7105498498704833
no_triplet_N1000_K100_H200_nominal_t0p05,training_seed_mean,4,30,1.1068333333333333,1.1002996956905655,0.1145,0.9923333333333333,10.414,6.1797,0.02659483333333333,0.29194516666666664,199.27234333333334,0.05534166666666667,0.013297416666666666,0.14597258333333332,-0.8303014305555556,-0.6156897638888889,-61.56897638888889,0.2521885521885522,0.7036827475959976
no_triplet_N1000_K100_H200_nominal_t0p05,training_seed_mean,5,30,1.3098333333333334,1.305255866163372,0.14416666666666667,1.1656666666666666,11.050833333333333,6.544,0.028151666666666665,0.29076216666666665,197.94609333333332,0.06549166666666667,0.014075833333333333,0.14538108333333333,-0.8247753888888889,-0.5998268055555556,-59.982680555555554,0.28215488215488216,0.6970685886282773
no_triplet_N2000_K100_H200_nominal_t0p05,training_seed_mean,1,30,1.1786666666666668,1.2084826054732212,0.12866666666666668,1.05,10.662666666666667,6.3204,0.027255666666666664,0.22951133333333334,199.508105,0.05893333333333334,0.013627833333333332,0.11475566666666667,-0.8312837708333334,-0.6439669375,-64.39669375,0.24831649831649832,0.6065818291418243
no_triplet_N2000_K100_H200_nominal_t0p05,training_seed_mean,2,30,1.0978333333333334,1.120966531247448,0.11666666666666667,0.9811666666666666,10.421333333333333,6.1828,0.026662333333333333,0.22950383333333332,200.03347666666667,0.054891666666666665,0.013331166666666667,0.11475191666666666,-0.8334728194444444,-0.6504980694444444,-65.04980694444444,0.23602693602693603,0.6084245441959789
no_triplet_N2000_K100_H200_nominal_t0p05,training_seed_mean,3,30,1.4483333333333333,1.499613748890242,0.1705,1.2778333333333334,11.388333333333334,6.7307,0.02904383333333333,0.22862,197.94195,0.07241666666666667,0.014521916666666666,0.11431,-0.824758125,-0.6235095416666666,-62.35095416666667,0.28114478114478114,0.6158536396167588
no_triplet_N2000_K100_H200_nominal_t0p05,training_seed_mean,4,30,1.0468333333333333,1.052296857014162,0.10783333333333334,0.939,10.255333333333333,6.0885,0.026259833333333333,0.22970316666666668,200.38011333333333,0.05234166666666667,0.013129916666666666,0.11485158333333334,-0.8349171388888889,-0.6545939722222222,-65.45939722222222,0.2286195286195286,0.6088048916116139
no_triplet_N2000_K100_H200_nominal_t0p05,training_seed_mean,5,30,1.0173333333333332,1.0161113370276778,0.10316666666666667,0.9141666666666667,10.162,6.0353,0.026022166666666666,0.229795,200.58966666666666,0.05086666666666667,0.013011083333333333,0.1148975,-0.8357902777777778,-0.6570150277777778,-65.70150277777778,0.2265993265993266,0.6062960371878212
mlp_coeff_N500_K100_H200_nominal_t0p05,training_seed_mean,1,30,0.8803333333333333,0.8921867998872748,0.08700000000000001,0.7933333333333333,9.751,5.7984,0.024834333333333333,0.3767196666666667,196.69245833333332,0.04401666666666667,0.012417166666666667,0.18835983333333334,-0.8195519097222222,-0.5747582430555556,-57.475824305555555,0.2080808080808081,0.8512557272132217
mlp_coeff_N500_K100_H200_nominal_t0p05,training_seed_mean,2,30,0.7815,0.7907642563794741,0.07383333333333333,0.7076666666666667,9.344166666666666,5.5622,0.023822666666666666,0.37700083333333334,197.54474666666667,0.039075,0.011911333333333333,0.18850041666666667,-0.8231031111111111,-0.5836163611111111,-58.36163611111112,0.18771043771043772,0.8406395406886545
mlp_coeff_N500_K100_H200_nominal_t0p05,training_seed_mean,3,30,0.7605,0.7602603804638565,0.07033333333333333,0.6901666666666667,9.257166666666667,5.5121,0.0236125,0.37687916666666665,197.72678333333334,0.038024999999999996,0.01180625,0.18843958333333333,-0.8238615972222222,-0.5855907638888889,-58.55907638888889,0.18451178451178452,0.8348807788460618
mlp_coeff_N500_K100_H200_nominal_t0p05,training_seed_mean,4,30,0.7,0.7130160835875062,0.06416666666666666,0.6358333333333334,8.997666666666667,5.3601,0.022971166666666668,0.37804666666666664,198.26377,0.035,0.011485583333333334,0.18902333333333332,-0.8260990416666667,-0.590590125,-59.0590125,0.17255892255892255,0.8458567166692037
mlp_coeff_N500_K100_H200_nominal_t0p05,training_seed_mean,5,30,0.7096666666666667,0.7138782765521232,0.0645,0.6451666666666667,9.036666666666667,5.3833,0.023067833333333333,0.37780566666666665,198.17718166666666,0.03548333333333333,0.011533916666666666,0.18890283333333333,-0.8257382569444445,-0.5898181736111111,-58.98181736111111,0.1734006734006734,0.8438832715649713
mlp_coeff_N1000_K100_H200_nominal_t0p05,training_seed_mean,1,30,0.8065,0.7925489302900589,0.07783333333333334,0.7286666666666667,9.828166666666666,5.8502,0.025183333333333332,0.28631816666666665,200.53829166666668,0.040325,0.012591666666666666,0.14315908333333333,-0.8355762152777778,-0.6395004652777778,-63.95004652777778,0.20286195286195285,0.7177754452014709
mlp_coeff_N1000_K100_H200_nominal_t0p05,training_seed_mean,2,30,0.543,0.5370327626664865,0.046,0.497,8.586166666666667,5.1241,0.022055833333333334,0.288505,203.11166833333334,0.02715,0.011027916666666667,0.1442525,-0.8462986180555555,-0.6638682013888889,-66.3868201388889,0.1563973063973064,0.7292745317459103
mlp_coeff_N1000_K100_H200_nominal_t0p05,training_seed_mean,3,30,0.6956666666666667,0.6926199593685062,0.0645,0.6311666666666667,9.324666666666667,5.5561,0.023908833333333334,0.287602,201.563545,0.03478333333333333,0.011954416666666667,0.143801,-0.8398481041666667,-0.6493093541666667,-64.93093541666667,0.184006734006734,0.7381744212444834
mlp_coeff_N1000_K100_H200_nominal_t0p05,training_seed_mean,4,30,0.7818333333333334,0.7778681440842318,0.07533333333333334,0.7065,9.695833333333333,5.7722999999999995,0.024847499999999998,0.28674116666666666,200.785205,0.03909166666666666,0.012423749999999999,0.14337058333333333,-0.8366050208333333,-0.6417190208333333,-64.17190208333334,0.19730639730639732,0.7224838616322135
mlp_coeff_N1000_K100_H200_nominal_t0p05,training_seed_mean,5,30,0.8130000000000001,0.8083819362449189,0.07966666666666666,0.7333333333333334,9.861,5.8688,0.025265666666666665,0.28621633333333335,200.4784,0.04065,0.012632833333333333,0.14310816666666668,-0.8353266666666667,-0.6389356666666667,-63.893566666666665,0.20387205387205387,0.7159502633001017
mlp_coeff_N2000_K100_H200_nominal_t0p05,training_seed_mean,1,30,0.6931666666666667,0.6923159417759801,0.065,0.6281666666666667,9.382166666666667,5.5903,0.024093166666666666,0.22664383333333332,202.16419666666667,0.03465833333333333,0.012046583333333333,0.11332191666666666,-0.8423508194444445,-0.6823239861111111,-68.23239861111111,0.17962962962962964,0.5929922423918094
mlp_coeff_N2000_K100_H200_nominal_t0p05,training_seed_mean,2,30,0.7676666666666666,0.7812770516504653,0.076,0.6916666666666667,9.724166666666667,5.7889,0.02495383333333333,0.22602166666666668,201.48705,0.03838333333333333,0.012476916666666666,0.11301083333333334,-0.839529375,-0.6756582916666667,-67.56582916666667,0.1936026936026936,0.5846185767804519
mlp_coeff_N2000_K100_H200_nominal_t0p05,training_seed_mean,3,30,0.6711666666666667,0.6730931478470443,0.0625,0.6086666666666667,9.276333333333334,5.5283,0.0238235,0.22658683333333335,202.39187166666667,0.033558333333333336,0.01191175,0.11329341666666667,-0.8432994652777778,-0.6845359652777778,-68.45359652777778,0.17542087542087542,0.5900655231246419
mlp_coeff_N2000_K100_H200_nominal_t0p05,training_seed_mean,4,30,0.6341666666666667,0.6306098251443176,0.05733333333333333,0.5768333333333333,9.077166666666667,5.4119,0.0233135,0.22701883333333334,202.79497666666666,0.03170833333333333,0.01165675,0.11350941666666667,-0.8449790694444445,-0.6881045694444444,-68.81045694444444,0.16717171717171717,0.590529921307359
mlp_coeff_N2000_K100_H200_nominal_t0p05,training_seed_mean,5,30,0.7995,0.8173041912079216,0.0805,0.719,9.8495,5.8614,0.025267333333333333,0.22629683333333334,201.218375,0.039975000000000004,0.012633666666666666,0.11314841666666667,-0.8384098958333334,-0.6726528125,-67.26528125,0.19814814814814816,0.5967654735779632
no_cox_rst_N2000_K100_H200_nominal_t0p05,training_seed_mean,1,30,0.9666666666666667,0.9639506074522672,0.0985,0.8681666666666666,10.219833333333334,6.0728,0.026185999999999997,0.226837,200.74146,0.04833333333333333,0.013092999999999999,0.1134185,-0.83642275,-0.6615779166666667,-66.15779166666667,0.20909090909090908,0.5923688159645712
no_cox_rst_N2000_K100_H200_nominal_t0p05,training_seed_mean,2,30,0.7706666666666666,0.7707516634896759,0.073,0.6976666666666667,9.465166666666667,5.6353,0.024290833333333334,0.22712066666666667,202.32419666666667,0.038533333333333336,0.012145416666666667,0.11356033333333333,-0.8430174861111112,-0.6787784027777778,-67.87784027777778,0.18316498316498317,0.587461994139675
no_cox_rst_N2000_K100_H200_nominal_t0p05,training_seed_mean,3,30,0.8548333333333333,0.8672231732510445,0.085,0.7698333333333334,9.800666666666666,5.8294,0.025130333333333334,0.22682316666666666,201.64070833333332,0.042741666666666664,0.012565166666666667,0.11341158333333333,-0.8401696180555556,-0.6714512013888889,-67.14512013888888,0.19562289562289562,0.5871626304514518
no_cox_rst_N2000_K100_H200_nominal_t0p05,training_seed_mean,4,30,0.6885,0.6848694315242981,0.0625,0.626,9.116166666666667,5.4322,0.023406,0.22793416666666666,203.06597833333333,0.034425,0.011703,0.11396708333333333,-0.8461082430555555,-0.6860131597222222,-68.60131597222222,0.168013468013468,0.5826320017401452
no_cox_rst_N2000_K100_H200_nominal_t0p05,training_seed_mean,5,30,0.9736666666666667,0.9785420292277197,0.10016666666666667,0.8734999999999999,10.238666666666667,6.0831,0.02623083333333333,0.226929,200.69156666666666,0.048683333333333335,0.013115416666666666,0.1134645,-0.8362148611111111,-0.6609516111111111,-66.09516111111111,0.20959595959595959,0.5927242341369522
no_cox_rst_N500_K100_H200_nominal_t0p05,training_seed_mean,1,30,1.1046666666666667,1.1336510900751242,0.1165,0.9881666666666666,10.270666666666667,6.0925,0.026087833333333334,0.38238300000000003,195.74375833333335,0.055233333333333336,0.013043916666666667,0.19119150000000001,-0.8155989930555555,-0.5561302430555556,-55.613024305555555,0.2287878787878788,0.8476452216480849
no_cox_rst_N500_K100_H200_nominal_t0p05,training_seed_mean,2,30,0.8851666666666667,0.8948328485767155,0.085,0.8001666666666667,9.5025,5.6505,0.0241925,0.3835515,197.3681,0.04425833333333333,0.01209625,0.19177575,-0.8223670833333333,-0.57423675,-57.423675,0.1978114478114478,0.8362551249550347
no_cox_rst_N500_K100_H200_nominal_t0p05,training_seed_mean,3,30,0.8965,0.9096117320785353,0.08683333333333333,0.8096666666666666,9.549166666666666,5.6774,0.024309,0.38339449999999997,197.27363166666666,0.044825,0.0121545,0.19169724999999999,-0.8219734652777778,-0.5732967152777778,-57.329671527777776,0.20067340067340067,0.8355406772063853
no_cox_rst_N500_K100_H200_nominal_t0p05,training_seed_mean,4,30,1.033,1.0739398615436149,0.10766666666666666,0.9253333333333333,10.020166666666666,5.9475,0.025464833333333332,0.382978,196.25512166666667,0.05165,0.012732416666666666,0.191489,-0.8177296736111112,-0.5618582569444445,-56.185825694444446,0.21868686868686868,0.8490175780526659
no_cox_rst_N500_K100_H200_nominal_t0p05,training_seed_mean,5,30,1.117,1.1532679112630835,0.119,0.998,10.312,6.1158,0.026191,0.382249,195.66160333333335,0.055850000000000004,0.0130955,0.1911245,-0.8152566805555556,-0.5551866805555555,-55.51866805555555,0.23047138047138047,0.8409764443944352
no_cox_rst_N1000_K100_H200_nominal_t0p05,training_seed_mean,1,30,0.9288333333333333,0.940652452775062,0.09433333333333334,0.8345,10.034333333333333,5.964,0.025679666666666667,0.28837083333333335,200.36944,0.046441666666666666,0.012839833333333333,0.14418541666666668,-0.8348726666666667,-0.63140575,-63.140575,0.21077441077441078,0.7128525559411284
no_cox_rst_N1000_K100_H200_nominal_t0p05,training_seed_mean,2,30,0.7601666666666667,0.7552816352264656,0.07050000000000001,0.6896666666666667,9.3485,5.5668,0.023955999999999998,0.2898118333333333,201.80490333333333,0.03800833333333333,0.011977999999999999,0.14490591666666666,-0.8408537638888889,-0.6459615138888889,-64.59615138888888,0.18484848484848485,0.7121349194429603
no_cox_rst_N1000_K100_H200_nominal_t0p05,training_seed_mean,3,30,0.982,0.991492095064058,0.10133333333333333,0.8806666666666667,10.2255,6.0745,0.026154499999999997,0.2885336666666667,199.95492333333334,0.0491,0.013077249999999999,0.14426683333333334,-0.8331455138888889,-0.6267014305555556,-62.670143055555556,0.22053872053872053,0.7079702193249806
no_cox_rst_N1000_K100_H200_nominal_t0p05,training_seed_mean,4,30,0.8511666666666666,0.8499287436671674,0.08283333333333333,0.7683333333333333,9.7505,5.8006,0.024973,0.28900983333333335,200.96216833333332,0.04255833333333333,0.0124865,0.14450491666666668,-0.8373423680555555,-0.6377926180555555,-63.77926180555556,0.19983164983164983,0.7121633844586482
no_cox_rst_N1000_K100_H200_nominal_t0p05,training_seed_mean,5,30,1.0381666666666667,1.0483262046331334,0.10933333333333334,0.9288333333333333,10.434666666666667,6.1952,0.026671,0.2880665,199.540285,0.051908333333333334,0.0133355,0.14403325,-0.8314178541666667,-0.6221407708333333,-62.214077083333336,0.2313131313131313,0.6912567606511085
eph_physick_N2000_K100_H200_nominal_t0p05,training_seed_mean,1,30,0.774,0.7771333976699965,0.06883333333333333,0.7051666666666667,8.848166666666666,5.2676,0.02269533333333333,0.22769133333333333,201.756655,0.0387,0.011347666666666666,0.11384566666666666,-0.8406527291666667,-0.6767593958333333,-67.67593958333333,0.13535353535353536,0.5954458061822532
eph_physick_N2000_K100_H200_nominal_t0p05,training_seed_mean,2,30,0.7428333333333333,0.7422473685510035,0.06483333333333334,0.678,8.722833333333334,5.1948,0.022377,0.22773516666666666,202.04671666666667,0.03714166666666667,0.0111885,0.11386758333333333,-0.8418613194444444,-0.6796635694444445,-67.96635694444444,0.13164983164983166,0.5907271899360286
eph_physick_N2000_K100_H200_nominal_t0p05,training_seed_mean,3,30,0.636,0.6243547515617688,0.0515,0.5845,8.232833333333334,4.9088,0.021148,0.22869333333333333,203.10670166666665,0.0318,0.010574,0.11434666666666667,-0.8462779236111111,-0.6895572569444445,-68.95572569444444,0.11885521885521885,0.5850124480976824
eph_physick_N2000_K100_H200_nominal_t0p05,training_seed_mean,4,30,0.8296666666666667,0.835846322768002,0.0755,0.7541666666666667,9.026,5.3703,0.023139166666666666,0.22783933333333334,201.31152166666666,0.04148333333333333,0.011569583333333333,0.11391966666666667,-0.8387980069444444,-0.6718254236111111,-67.1825423611111,0.13905723905723905,0.5941174016427677
eph_physick_N2000_K100_H200_nominal_t0p05,training_seed_mean,5,30,0.7296666666666667,0.7226430661078432,0.06266666666666666,0.667,8.658333333333333,5.1574,0.022212,0.227818,202.17715,0.03648333333333333,0.011106,0.113909,-0.8424047916666667,-0.6809064583333333,-68.09064583333333,0.12878787878787878,0.5886084760958613
eph_physick_N500_K100_H200_nominal_t0p05,training_seed_mean,1,30,0.8521666666666666,0.8722627176606506,0.07633333333333334,0.7758333333333334,8.7495,5.2039,0.022281166666666668,0.3840945,197.09892666666667,0.04260833333333333,0.011140583333333334,0.19204725,-0.8212455277777778,-0.5754493611111111,-57.54493611111111,0.1414141414141414,0.8473892519679531
eph_physick_N500_K100_H200_nominal_t0p05,training_seed_mean,2,30,0.8788333333333334,0.898468599263917,0.07933333333333334,0.7995,8.8305,5.2507,0.022488166666666667,0.38408183333333334,196.88923499999999,0.043941666666666664,0.011244083333333333,0.19204091666666667,-0.8203718125,-0.5731451458333333,-57.314514583333334,0.14444444444444446,0.8464323802167878
eph_physick_N500_K100_H200_nominal_t0p05,training_seed_mean,3,30,0.6803333333333333,0.7198831837436549,0.058166666666666665,0.6221666666666666,8.079,4.8125,0.020588833333333334,0.3853376666666667,198.63312333333334,0.03401666666666667,0.010294416666666667,0.19266883333333334,-0.8276380138888889,-0.5906580972222223,-59.06580972222223,0.12154882154882155,0.8609657135211054
eph_physick_N500_K100_H200_nominal_t0p05,training_seed_mean,4,30,0.89,0.9094522067972441,0.08066666666666666,0.8093333333333333,8.871,5.2741999999999996,0.022590333333333334,0.38403866666666664,196.79465666666667,0.0445,0.011295166666666667,0.19201933333333332,-0.8199777361111111,-0.5721632361111111,-57.21632361111111,0.14545454545454545,0.8485526514650006
eph_physick_N500_K100_H200_nominal_t0p05,training_seed_mean,5,30,0.7945,0.8257823946068035,0.07033333333333333,0.7241666666666666,8.519666666666666,5.0696,0.02170333333333333,0.38403883333333333,197.614445,0.039724999999999996,0.010851666666666666,0.19201941666666666,-0.8233935208333333,-0.5807974375,-58.07974375,0.13383838383838384,0.8461674477914608
eph_physick_N1000_K100_H200_nominal_t0p05,training_seed_mean,1,30,0.6041666666666666,0.6036007372103332,0.0485,0.5556666666666666,8.052666666666667,4.8025,0.020688166666666667,0.29045316666666665,202.77877999999998,0.030208333333333334,0.010344083333333334,0.14522658333333333,-0.8449115833333333,-0.6591325833333334,-65.91325833333333,0.1191919191919192,0.7200939064140879
eph_physick_N1000_K100_H200_nominal_t0p05,training_seed_mean,2,30,0.5848333333333333,0.5847109224681504,0.0465,0.5383333333333333,7.965,4.7511,0.0204655,0.2904825,203.00051,0.029241666666666666,0.01023275,0.14524125,-0.8458354583333333,-0.6611197916666667,-66.11197916666667,0.11632996632996633,0.7233417002563367
eph_physick_N1000_K100_H200_nominal_t0p05,training_seed_mean,3,30,0.6685,0.6639927624278954,0.05516666666666667,0.6133333333333333,8.325,4.9619,0.021368166666666667,0.2905971666666667,202.12671166666667,0.033425,0.010684083333333334,0.14529858333333334,-0.8421946319444444,-0.6527869652777778,-65.27869652777778,0.12777777777777777,0.7336577864756745
eph_physick_N1000_K100_H200_nominal_t0p05,training_seed_mean,4,30,0.7425,0.7441137974261702,0.064,0.6785,8.616833333333334,5.1317,0.022088166666666666,0.2900968333333333,201.45622333333333,0.037125,0.011044083333333333,0.14504841666666665,-0.8394009305555555,-0.6461834305555555,-64.61834305555556,0.1361952861952862,0.7194523391511284
eph_physick_N1000_K100_H200_nominal_t0p05,training_seed_mean,5,30,0.6498333333333334,0.6526516728078745,0.05366666666666667,0.5961666666666666,8.242833333333333,4.9135,0.021162166666666666,0.2906568333333333,202.30947666666665,0.03249166666666667,0.010581083333333333,0.14532841666666665,-0.8429561527777778,-0.6545549861111111,-65.45549861111111,0.12558922558922558,0.7301570693204206
full_N2000_K100_H200_nominal_t0p1,training_seed_mean,1,30,0.738,0.7350336557660845,0.06433333333333334,0.6736666666666666,8.740666666666666,5.2058,0.022433333333333333,0.22466666666666665,201.36748333333333,0.0369,0.011216666666666666,0.11233333333333333,-0.8390311805555556,-0.6785811805555556,-67.85811805555555,0.13636363636363635,0.6013765329543074
full_N2000_K100_H200_nominal_t0p1,training_seed_mean,2,30,0.6695,0.6722673644886799,0.05683333333333333,0.6126666666666667,8.439833333333333,5.0298,0.021674,0.22485616666666666,202.03026833333334,0.033475,0.010837,0.11242808333333333,-0.8417927847222222,-0.6850527013888889,-68.50527013888889,0.12760942760942762,0.6005454777737741
full_N2000_K100_H200_nominal_t0p1,training_seed_mean,3,30,0.5296666666666666,0.5424369459673145,0.042333333333333334,0.48733333333333334,7.795333333333334,4.6518,0.020047,0.22558133333333333,203.54112166666667,0.026483333333333334,0.0100235,0.11279066666666666,-0.8480880069444444,-0.6987905069444444,-69.87905069444444,0.10723905723905724,0.6112129053504601
full_N2000_K100_H200_nominal_t0p1,training_seed_mean,4,30,0.636,0.6312140709386703,0.052333333333333336,0.5836666666666667,8.278166666666667,4.9355,0.021268166666666664,0.225254,202.38602,0.0318,0.010634083333333332,0.112627,-0.8432750833333333,-0.688214,-68.8214,0.12373737373737374,0.5993611910833101
full_N2000_K100_H200_nominal_t0p1,training_seed_mean,5,30,0.5291666666666667,0.5426265542671829,0.042333333333333334,0.48683333333333334,7.793,4.6504,0.020040666666666665,0.22556616666666668,203.54677333333333,0.026458333333333334,0.010020333333333332,0.11278308333333334,-0.8481115555555556,-0.6988498055555555,-69.88498055555556,0.10723905723905724,0.6112129053504601
full_N2000_K100_H200_nominal_t0p2,training_seed_mean,1,30,0.7685,0.778229112680505,0.0535,0.715,6.862666666666667,4.0855,0.017607166666666667,0.2262675,201.26077333333333,0.038425,0.008803583333333333,0.11313375,-0.8385865555555556,-0.6782242222222222,-67.82242222222223,0.07323232323232323,0.6019547681196562
full_N2000_K100_H200_nominal_t0p2,training_seed_mean,2,30,0.6950000000000001,0.69500189717955,0.04616666666666667,0.6488333333333334,6.6321666666666665,3.9516,0.017024666666666667,0.226616,201.930725,0.034749999999999996,0.008512333333333334,0.113308,-0.8413780208333334,-0.6848076875,-68.48076875,0.0696969696969697,0.6088191753509833
full_N2000_K100_H200_nominal_t0p2,training_seed_mean,3,30,0.552,0.5684335959731748,0.034833333333333334,0.5171666666666667,6.115833333333334,3.6486,0.015719666666666667,0.22618933333333333,203.47859833333334,0.0276,0.007859833333333333,0.11309466666666666,-0.8478274930555556,-0.6992729930555556,-69.92729930555555,0.05875420875420875,0.6025255478890394
full_N2000_K100_H200_nominal_t0p2,training_seed_mean,4,30,0.6606666666666666,0.6672590920937483,0.043500000000000004,0.6171666666666666,6.509333333333333,3.8795,0.016714166666666665,0.226583,202.30010333333334,0.03303333333333333,0.008357083333333333,0.1132915,-0.8429170972222222,-0.6882351805555555,-68.82351805555555,0.06717171717171717,0.6120809229259161
full_N2000_K100_H200_nominal_t0p2,training_seed_mean,5,30,0.5516666666666666,0.5658868778245111,0.034666666666666665,0.517,6.113833333333333,3.6475,0.015715166666666665,0.22615566666666667,203.48496333333333,0.027583333333333335,0.007857583333333333,0.11307783333333334,-0.8478540138888889,-0.6993352638888889,-69.9335263888889,0.05875420875420875,0.6025255478890394
full_N2000_K100_H200_nominal_t0p3,training_seed_mean,1,30,0.8055,0.8433425650236784,0.0455,0.76,5.3985,3.2118,0.013832333333333334,0.2251985,201.20952499999999,0.040275,0.006916166666666667,0.11259925,-0.8383730208333333,-0.6785826041666666,-67.85826041666667,0.03872053872053872,0.6032475788370424
full_N2000_K100_H200_nominal_t0p3,training_seed_mean,2,30,0.7266666666666667,0.7318352179273366,0.03816666666666667,0.6885,5.211833333333333,3.1042,0.013367666666666667,0.225121,201.90628666666666,0.036333333333333336,0.006683833333333333,0.1125605,-0.8412761944444445,-0.6856985277777777,-68.56985277777777,0.036531986531986534,0.6003108094817345
full_N2000_K100_H200_nominal_t0p3,training_seed_mean,3,30,0.5765,0.5975138957806849,0.028666666666666667,0.5478333333333333,4.801166666666667,2.8635,0.0123355,0.22569116666666666,203.44212333333334,0.028825,0.00616775,0.11284558333333333,-0.8476755138888888,-0.6998371805555555,-69.98371805555556,0.03198653198653199,0.5999306915797004
full_N2000_K100_H200_nominal_t0p3,training_seed_mean,4,30,0.6859999999999999,0.6905154552587486,0.035333333333333335,0.6506666666666666,5.113333333333333,3.0468,0.013119333333333334,0.225236,202.28485166666667,0.0343,0.006559666666666667,0.112618,-0.8428535486111111,-0.6893758819444444,-68.93758819444444,0.035521885521885524,0.603411519298468
full_N2000_K100_H200_nominal_t0p3,training_seed_mean,5,30,0.5761666666666667,0.5977217011806555,0.028666666666666667,0.5475,4.7995,2.8625,0.012330833333333333,0.22570183333333332,203.44699,0.02880833333333333,0.006165416666666666,0.11285091666666666,-0.8476957916666666,-0.699871125,-69.9871125,0.03181818181818182,0.6017927883334747
cox_only_N2000_K100_H200_nominal_t0p1,episode,T001,1,0.915,0.8902077151335311,0.06,0.855,6.74,4.008,0.01719,0.230775,201.19115,0.04575,0.008595,0.1153875,-0.8382964583333333,-0.6685639583333334,-66.85639583333334,0.10606060606060606,0.630765471699603
cox_only_N2000_K100_H200_nominal_t0p1,episode,T002,1,1.045,1.0502625656414104,0.07,0.975,6.665,3.957,0.017105000000000002,0.232485,202.35535,0.05225,0.008552500000000001,0.1162425,-0.8431472916666666,-0.6661022916666666,-66.61022916666666,0.06060606060606061,0.6627787654688767
cox_only_N2000_K100_H200_nominal_t0p1,episode,T003,1,0.6,0.3103180760279286,0.02,0.58,6.445,3.855,0.016485,0.2359,204.7592,0.03,0.0082425,0.11795,-0.8531633333333333,-0.6969708333333333,-69.69708333333332,0.07575757575757576,0.6012697283730086
cox_only_N2000_K100_H200_nominal_t0p1,episode,T004,1,0.72,0.8046817849305048,0.055,0.665,6.835,4.068,0.01766,0.23826,199.66215,0.036,0.00883,0.11913,-0.831925625,-0.667965625,-66.79656250000001,0.09090909090909091,0.7754938996208084
cox_only_N2000_K100_H200_nominal_t0p1,episode,T005,1,0.645,0.5303030303030303,0.035,0.61,6.6,3.939,0.016995,0.231525,198.55895,0.03225,0.0084975,0.1157625,-0.8273289583333334,-0.6708189583333334,-67.08189583333333,0.0707070707070707,0.5763687243728643
cox_only_N2000_K100_H200_nominal_t0p1,episode,T006,1,0.89,1.2121212121212122,0.08,0.81,6.6,3.912,0.01675,0.23761,200.31275,0.0445,0.008375,0.118805,-0.8346364583333333,-0.6629564583333334,-66.29564583333334,0.0707070707070707,0.7248477417879031
cox_only_N2000_K100_H200_nominal_t0p1,episode,T007,1,0.85,0.8627450980392157,0.055,0.795,6.375,3.792,0.01601,0.22908,199.87135,0.0425,0.008005,0.11454,-0.8327972916666667,-0.6677522916666667,-66.77522916666668,0.07575757575757576,0.5998918833066902
cox_only_N2000_K100_H200_nominal_t0p1,episode,T008,1,1.105,1.1155378486055776,0.07,1.035,6.275,3.723,0.016045,0.238375,201.63195,0.05525,0.0080225,0.1191875,-0.8401331249999999,-0.6576731249999999,-65.76731249999999,0.050505050505050504,0.5959380993249429
cox_only_N2000_K100_H200_nominal_t0p1,episode,T009,1,0.915,1.1503067484662577,0.075,0.84,6.52,3.867,0.016835,0.227705,197.2174,0.04575,0.0084175,0.1138525,-0.8217391666666667,-0.6537191666666666,-65.37191666666666,0.0707070707070707,0.5668280220272717
cox_only_N2000_K100_H200_nominal_t0p1,episode,T010,1,0.92,1.4981273408239701,0.1,0.82,6.675,3.945,0.016985,0.23501,194.0668,0.046,0.0084925,0.117505,-0.8086116666666666,-0.6366141666666666,-63.66141666666666,0.06565656565656566,0.6672952190671996
cox_only_N2000_K100_H200_nominal_t0p1,episode,T011,1,0.88,0.3937007874015748,0.025,0.855,6.35,3.795,0.016575,0.22821,201.09745,0.044,0.0082875,0.114105,-0.8379060416666667,-0.6715135416666667,-67.15135416666666,0.06060606060606061,0.5890705725511975
cox_only_N2000_K100_H200_nominal_t0p1,episode,T012,1,0.675,0.7014809041309431,0.045,0.63,6.415,3.822,0.0162,0.231505,201.25905,0.03375,0.0081,0.1157525,-0.838579375,-0.680976875,-68.0976875,0.08585858585858586,0.6477231674086227
cox_only_N2000_K100_H200_nominal_t0p1,episode,T013,1,0.65,0.9259259259259259,0.06,0.59,6.48,3.852,0.016630000000000002,0.2358,201.1925,0.0325,0.008315000000000001,0.1179,-0.8383020833333333,-0.6795870833333333,-67.95870833333333,0.06060606060606061,0.6562624548048188
cox_only_N2000_K100_H200_nominal_t0p1,episode,T014,1,0.645,0.7598784194528876,0.05,0.595,6.58,3.918,0.016799999999999995,0.228115,203.8049,0.03225,0.008399999999999998,0.1140575,-0.8491870833333334,-0.6944795833333334,-69.44795833333333,0.05555555555555555,0.5717710934094311
cox_only_N2000_K100_H200_nominal_t0p1,episode,T015,1,1.05,1.3303769401330376,0.09,0.96,6.765,4.005,0.017365000000000002,0.23524,200.25315,0.0525,0.008682500000000001,0.11762,-0.834388125,-0.6555856250000001,-65.55856250000001,0.08585858585858586,0.5977471970401278
cox_only_N2000_K100_H200_nominal_t0p1,episode,T016,1,0.72,0.9097801364670205,0.06,0.66,6.595,3.921,0.016755,0.23225,201.9268,0.036,0.0083775,0.116125,-0.8413616666666666,-0.6808591666666666,-68.08591666666666,0.0707070707070707,0.7397605002491141
cox_only_N2000_K100_H200_nominal_t0p1,episode,T017,1,0.725,0.36310820624546114,0.025,0.7,6.885,4.116,0.01774,0.236795,206.7655,0.03625,0.00887,0.1183975,-0.8615229166666667,-0.6980054166666667,-69.80054166666667,0.08585858585858586,0.5790094297832034
cox_only_N2000_K100_H200_nominal_t0p1,episode,T018,1,0.765,0.6379585326953748,0.04,0.725,6.27,3.738,0.01596,0.235845,197.4668,0.03825,0.00798,0.1179225,-0.8227783333333334,-0.6586258333333334,-65.86258333333333,0.09090909090909091,0.7876457134567313
cox_only_N2000_K100_H200_nominal_t0p1,episode,T019,1,0.59,0.6092916984006093,0.04,0.55,6.565,3.915,0.016694999999999998,0.23203,207.7737,0.0295,0.008347499999999999,0.116015,-0.86572375,-0.71186125,-71.186125,0.05555555555555555,0.5637729770815264
cox_only_N2000_K100_H200_nominal_t0p1,episode,T020,1,0.88,0.8365019011406845,0.055,0.825,6.575,3.912,0.0167,0.22672,197.01955,0.044,0.00835,0.11336,-0.8209147916666667,-0.6552047916666667,-65.52047916666666,0.09090909090909091,0.5097621186643724
cox_only_N2000_K100_H200_nominal_t0p1,episode,T021,1,0.545,0.3837298541826554,0.025,0.52,6.515,3.894,0.01669,0.240565,201.654,0.02725,0.008345,0.1202825,-0.840225,-0.6843475,-68.43475,0.07575757575757576,0.5946462657570647
cox_only_N2000_K100_H200_nominal_t0p1,episode,T022,1,0.685,0.8764940239043825,0.055,0.63,6.275,3.732,0.01637,0.226395,205.65,0.03425,0.008185,0.1131975,-0.856875,-0.7012425,-70.12425,0.050505050505050504,0.5769588499887284
cox_only_N2000_K100_H200_nominal_t0p1,episode,T023,1,1.1,0.9679821295606851,0.065,1.035,6.715,3.99,0.016909999999999998,0.22655,191.86645,0.055,0.008454999999999999,0.113275,-0.7994435416666666,-0.6227135416666667,-62.27135416666667,0.08585858585858586,0.5118312725054149
cox_only_N2000_K100_H200_nominal_t0p1,episode,T024,1,0.725,0.7836990595611285,0.05,0.675,6.38,3.798,0.01646,0.231585,204.5432,0.03625,0.00823,0.1157925,-0.8522633333333334,-0.6919908333333333,-69.19908333333333,0.07575757575757576,0.5722323368369195
cox_only_N2000_K100_H200_nominal_t0p1,episode,T025,1,1.12,0.9097801364670205,0.06,1.06,6.595,3.921,0.016905,0.23114,196.19515,0.056,0.0084525,0.11557,-0.8174797916666667,-0.6374572916666668,-63.74572916666668,0.05555555555555555,0.7348810937208775
cox_only_N2000_K100_H200_nominal_t0p1,episode,T026,1,1.16,0.9153318077803204,0.06,1.1,6.555,3.897,0.017015,0.23594,193.99835,0.058,0.0085075,0.11797,-0.8083264583333333,-0.6238489583333333,-62.38489583333333,0.10101010101010101,0.577188222103129
cox_only_N2000_K100_H200_nominal_t0p1,episode,T027,1,0.915,0.9516256938937351,0.06,0.855,6.305,3.747,0.016375,0.229885,202.04035,0.04575,0.0081875,0.1149425,-0.8418347916666666,-0.6729547916666666,-67.29547916666667,0.0707070707070707,0.520361061587503
cox_only_N2000_K100_H200_nominal_t0p1,episode,T028,1,0.915,1.0260457774269929,0.065,0.85,6.335,3.762,0.01615,0.229105,198.8072,0.04575,0.008075,0.1145525,-0.8283633333333333,-0.6599858333333333,-65.99858333333333,0.05555555555555555,0.5598961588201231
cox_only_N2000_K100_H200_nominal_t0p1,episode,T029,1,0.96,1.062215477996965,0.07,0.89,6.59,3.912,0.01703,0.2308,201.49125,0.048,0.008515,0.1154,-0.839546875,-0.667631875,-66.7631875,0.08585858585858586,0.6379803361928454
cox_only_N2000_K100_H200_nominal_t0p1,episode,T030,1,1.19,1.6291698991466252,0.105,1.085,6.445,3.804,0.01649,0.23179,197.45455,0.0595,0.008245,0.115895,-0.8227272916666667,-0.6390872916666667,-63.90872916666667,0.06565656565656566,0.6612659639660813
cox_only_N2000_K100_H200_nominal_t0p2,episode,T001,1,0.955,1.0166358595194085,0.055,0.9,5.41,3.213,0.013875,0.229495,201.14505,0.04775,0.0069375,0.1147475,-0.838104375,-0.668669375,-66.8669375,0.04040404040404041,0.6646145343227637
cox_only_N2000_K100_H200_nominal_t0p2,episode,T002,1,1.115,1.066925315227934,0.055,1.06,5.155,3.06,0.01319,0.233205,202.21875,0.05575,0.006595,0.1166025,-0.842578125,-0.6636306249999999,-66.3630625,0.020202020202020204,0.5747726025689327
cox_only_N2000_K100_H200_nominal_t0p2,episode,T003,1,0.625,0.29732408325074333,0.015,0.61,5.045,3.018,0.012889999999999997,0.234865,204.7303,0.03125,0.0064449999999999985,0.1174325,-0.8530429166666667,-0.6979154166666667,-69.79154166666667,0.045454545454545456,0.5913879668121452
cox_only_N2000_K100_H200_nominal_t0p2,episode,T004,1,0.76,0.9442870632672332,0.05,0.71,5.295,3.147,0.013625,0.23541,199.69705,0.038,0.0068125,0.117705,-0.8320710416666667,-0.6695535416666667,-66.95535416666667,0.050505050505050504,0.6429459173299509
cox_only_N2000_K100_H200_nominal_t0p2,episode,T005,1,0.67,0.4803073967339097,0.025,0.645,5.205,3.108,0.01335,0.23507,198.3618,0.0335,0.006675,0.117535,-0.8265075,-0.6687974999999999,-66.87974999999999,0.030303030303030304,0.6071163837812444
cox_only_N2000_K100_H200_nominal_t0p2,episode,T006,1,0.905,1.076320939334638,0.055,0.85,5.11,3.033,0.012955000000000001,0.233585,200.4194,0.04525,0.006477500000000001,0.1167925,-0.8350808333333333,-0.6665608333333333,-66.65608333333333,0.04040404040404041,0.7443639774679498
cox_only_N2000_K100_H200_nominal_t0p2,episode,T007,1,0.895,1.1066398390342052,0.055,0.84,4.97,2.949,0.012435,0.234355,199.6347,0.04475,0.0062175,0.1171775,-0.83181125,-0.66366625,-66.366625,0.050505050505050504,0.599891883229045
cox_only_N2000_K100_H200_nominal_t0p2,episode,T008,1,1.14,1.4227642276422765,0.07,1.07,4.92,2.91,0.01245,0.23583,201.6562,0.057,0.006225,0.117915,-0.8402341666666667,-0.6590941666666668,-65.90941666666667,0.030303030303030304,0.5841440501839584
cox_only_N2000_K100_H200_nominal_t0p2,episode,T009,1,0.955,1.386138613861386,0.07,0.885,5.05,2.988,0.012889999999999997,0.228985,197.12135,0.04775,0.0064449999999999985,0.1144925,-0.8213389583333334,-0.6526514583333334,-65.26514583333334,0.045454545454545456,0.529189540872967
cox_only_N2000_K100_H200_nominal_t0p2,episode,T010,1,0.945,1.4312977099236641,0.075,0.87,5.24,3.099,0.013404999999999999,0.235055,194.00815,0.04725,0.006702499999999999,0.1175275,-0.8083672916666667,-0.6368872916666667,-63.68872916666667,0.03535353535353535,0.82721634972052
cox_only_N2000_K100_H200_nominal_t0p2,episode,T011,1,0.93,0.5994005994005994,0.03,0.9,5.005,2.985,0.013045,0.22554,201.06345,0.0465,0.0065225,0.11277,-0.837764375,-0.671971875,-67.1971875,0.030303030303030304,0.5956163503294916
cox_only_N2000_K100_H200_nominal_t0p2,episode,T012,1,0.71,0.3972194637537239,0.02,0.69,5.035,3.009,0.012715,0.23299,201.14625,0.0355,0.0063575,0.116495,-0.838109375,-0.679756875,-67.9756875,0.06565656565656566,0.5916447084926045
cox_only_N2000_K100_H200_nominal_t0p2,episode,T013,1,0.695,0.8875739644970414,0.045,0.65,5.07,3.015,0.013035,0.233375,201.1552,0.03475,0.0065175,0.1166875,-0.8381466666666667,-0.6801916666666667,-68.01916666666668,0.04040404040404041,0.6504579543043468
cox_only_N2000_K100_H200_nominal_t0p2,episode,T014,1,0.675,0.8662175168431184,0.045,0.63,5.195,3.09,0.013319999999999999,0.225745,203.77505,0.03375,0.006659999999999999,0.1128725,-0.8490627083333333,-0.6957802083333333,-69.57802083333333,0.020202020202020204,0.5930397446830374
cox_only_N2000_K100_H200_nominal_t0p2,episode,T015,1,1.1,1.3157894736842106,0.07,1.03,5.32,3.15,0.0137,0.22958,200.30825,0.055,0.00685,0.11479,-0.8346177083333333,-0.6579777083333332,-65.79777083333333,0.0707070707070707,0.5967843106211977
cox_only_N2000_K100_H200_nominal_t0p2,episode,T016,1,0.78,0.6769825918762089,0.035,0.745,5.17,3.081,0.013094999999999999,0.22931,201.8523,0.039,0.0065474999999999995,0.114655,-0.84105125,-0.68084875,-68.084875,0.030303030303030304,0.6670465744307633
cox_only_N2000_K100_H200_nominal_t0p2,episode,T017,1,0.75,0.18365472910927455,0.01,0.74,5.445,3.261,0.014034999999999999,0.232,206.8425,0.0375,0.007017499999999999,0.116,-0.86184375,-0.70132625,-70.132625,0.04040404040404041,0.5819562428238456
cox_only_N2000_K100_H200_nominal_t0p2,episode,T018,1,0.8,0.8255933952528379,0.04,0.76,4.845,2.883,0.012235000000000001,0.23049,197.5582,0.04,0.0061175000000000005,0.115245,-0.8231591666666667,-0.6617966666666667,-66.17966666666668,0.05555555555555555,0.6876760626609997
cox_only_N2000_K100_H200_nominal_t0p2,episode,T019,1,0.6,0.6856023506366308,0.035,0.565,5.105,3.042,0.013059999999999999,0.23668,207.62135,0.03,0.006529999999999999,0.11834,-0.8650889583333333,-0.7102189583333334,-71.02189583333333,0.020202020202020204,0.6513414831922871
cox_only_N2000_K100_H200_nominal_t0p2,episode,T020,1,0.92,1.0587102983638113,0.055,0.865,5.195,3.084,0.01321,0.2247,197.02925,0.046,0.006605,0.11235,-0.8209552083333332,-0.6560002083333332,-65.60002083333332,0.045454545454545456,0.5158439951223349
cox_only_N2000_K100_H200_nominal_t0p2,episode,T021,1,0.575,0.3795066413662239,0.02,0.555,5.27,3.15,0.01347,0.239175,201.6268,0.02875,0.006735,0.1195875,-0.8401116666666667,-0.6850391666666666,-68.50391666666667,0.03535353535353535,0.5469541587115601
cox_only_N2000_K100_H200_nominal_t0p2,episode,T022,1,0.72,0.8928571428571429,0.045,0.675,5.04,2.997,0.013165000000000001,0.2322,205.40665,0.036,0.006582500000000001,0.1161,-0.8558610416666668,-0.6971785416666667,-69.71785416666667,0.030303030303030304,0.641123960835241
cox_only_N2000_K100_H200_nominal_t0p2,episode,T023,1,1.16,1.3461538461538463,0.07,1.09,5.2,3.078,0.013009999999999999,0.22196,191.8362,0.058,0.0065049999999999995,0.11098,-0.7993175,-0.6238325,-62.383250000000004,0.04040404040404041,0.49020801826431715
cox_only_N2000_K100_H200_nominal_t0p2,episode,T024,1,0.76,0.7905138339920948,0.04,0.72,5.06,3.012,0.0131,0.23211,204.44765,0.038,0.00655,0.116055,-0.8518652083333333,-0.6912602083333333,-69.12602083333333,0.04040404040404041,0.5889836572480053
cox_only_N2000_K100_H200_nominal_t0p2,episode,T025,1,1.16,0.9624639076034649,0.05,1.11,5.195,3.087,0.013335,0.22624,196.2464,0.058,0.0066675,0.11312,-0.8176933333333333,-0.6399058333333333,-63.990583333333326,0.020202020202020204,0.5888752648567166
cox_only_N2000_K100_H200_nominal_t0p2,episode,T026,1,1.195,0.7766990291262136,0.04,1.155,5.15,3.066,0.013380000000000001,0.230725,194.08225,0.05975,0.006690000000000001,0.1153625,-0.8086760416666666,-0.6268735416666666,-62.687354166666665,0.050505050505050504,0.6112066989286145
cox_only_N2000_K100_H200_nominal_t0p2,episode,T027,1,0.965,0.896414342629482,0.045,0.92,5.02,2.985,0.012995,0.232765,201.8843,0.04825,0.0064975,0.1163825,-0.8411845833333333,-0.6700545833333333,-67.00545833333334,0.03535353535353535,0.6251455200358544
cox_only_N2000_K100_H200_nominal_t0p2,episode,T028,1,0.935,0.9146341463414634,0.045,0.89,4.92,2.925,0.012554999999999998,0.226195,198.8636,0.04675,0.006277499999999999,0.1130975,-0.8285983333333333,-0.6624733333333334,-66.24733333333333,0.03535353535353535,0.5395277723889437
cox_only_N2000_K100_H200_nominal_t0p2,episode,T029,1,1.01,1.1799410029498525,0.06,0.95,5.085,3.015,0.013075,0.22485,201.55425,0.0505,0.0065375,0.112425,-0.839809375,-0.6703468749999999,-67.03468749999999,0.04040404040404041,0.5114840082262138
cox_only_N2000_K100_H200_nominal_t0p2,episode,T030,1,1.21,1.9436345966958213,0.1,1.11,5.145,3.027,0.013094999999999999,0.22796,197.5358,0.0605,0.0065474999999999995,0.11398,-0.8230658333333333,-0.6420383333333333,-64.20383333333332,0.03535353535353535,0.6913527283470147
cox_only_N2000_K100_H200_nominal_t0p3,episode,T001,1,1.02,0.7109004739336493,0.03,0.99,4.22,2.514,0.01089,0.23212,200.99275,0.051,0.005445,0.11606,-0.8374697916666667,-0.6649647916666667,-66.49647916666666,0.020202020202020204,0.6492787101547757
cox_only_N2000_K100_H200_nominal_t0p3,episode,T002,1,1.135,0.6119951040391677,0.025,1.11,4.085,2.436,0.01056,0.230645,202.26315,0.05675,0.00528,0.1153225,-0.842763125,-0.6654106249999999,-66.5410625,0.020202020202020204,0.6353364702301427
cox_only_N2000_K100_H200_nominal_t0p3,episode,T003,1,0.64,0.25380710659898476,0.01,0.63,3.94,2.358,0.01002,0.2382,204.6325,0.032,0.00501,0.1191,-0.8526354166666666,-0.6965254166666667,-69.65254166666666,0.030303030303030304,0.5922676796783639
cox_only_N2000_K100_H200_nominal_t0p3,episode,T004,1,0.785,0.6009615384615384,0.025,0.76,4.16,2.481,0.010805,0.240045,199.53385,0.03925,0.0054025,0.1200225,-0.8313910416666667,-0.6667160416666666,-66.67160416666667,0.025252525252525252,0.5849196120127877
cox_only_N2000_K100_H200_nominal_t0p3,episode,T005,1,0.69,0.6082725060827251,0.025,0.665,4.11,2.451,0.010525,0.23555,198.3381,0.0345,0.0052625,0.117775,-0.82640875,-0.66887125,-66.887125,0.015151515151515152,0.606526103607719
cox_only_N2000_K100_H200_nominal_t0p3,episode,T006,1,0.94,1.2642225031605563,0.05,0.89,3.955,2.343,0.009965,0.23478,200.32015,0.047,0.0049825,0.11739,-0.8346672916666668,-0.6652947916666667,-66.52947916666668,0.015151515151515152,0.6498615356068297
cox_only_N2000_K100_H200_nominal_t0p3,episode,T007,1,0.92,1.2919896640826873,0.05,0.87,3.87,2.292,0.00966,0.23136,199.62075,0.046,0.00483,0.11568,-0.831753125,-0.6652431249999999,-66.5243125,0.03535353535353535,0.7185339949030833
cox_only_N2000_K100_H200_nominal_t0p3,episode,T008,1,1.185,1.668806161745828,0.065,1.12,3.895,2.298,0.00972,0.236355,201.53005,0.05925,0.00486,0.1181775,-0.8397085416666666,-0.6574210416666666,-65.74210416666666,0.025252525252525252,0.5582639338017462
cox_only_N2000_K100_H200_nominal_t0p3,episode,T009,1,0.975,1.5056461731493098,0.06,0.915,3.985,2.355,0.010164999999999999,0.231675,196.99095,0.04875,0.005082499999999999,0.1158375,-0.820795625,-0.651125625,-65.11256250000001,0.025252525252525252,0.6839722808189345
cox_only_N2000_K100_H200_nominal_t0p3,episode,T010,1,0.975,1.0869565217391304,0.045,0.93,4.14,2.457,0.010575,0.234055,193.9828,0.04875,0.0052875,0.1170275,-0.8082616666666667,-0.6371966666666666,-63.71966666666666,0.020202020202020204,0.8251713203318911
cox_only_N2000_K100_H200_nominal_t0p3,episode,T011,1,0.975,0.6385696040868455,0.025,0.95,3.915,2.334,0.01017,0.230455,200.8509,0.04875,0.005085,0.1152275,-0.83687875,-0.66781625,-66.781625,0.020202020202020204,0.6953745651655686
cox_only_N2000_K100_H200_nominal_t0p3,episode,T012,1,0.735,0.5006257822277848,0.02,0.715,3.995,2.385,0.010195000000000001,0.233905,201.0845,0.03675,0.0050975000000000005,0.1169525,-0.8378520833333333,-0.6790520833333333,-67.90520833333333,0.030303030303030304,0.5845486950362594
cox_only_N2000_K100_H200_nominal_t0p3,episode,T013,1,0.725,0.6234413965087282,0.025,0.7,4.01,2.391,0.010294999999999999,0.231905,201.1497,0.03625,0.005147499999999999,0.1159525,-0.83812375,-0.68077375,-68.07737499999999,0.025252525252525252,0.5410361579553136
cox_only_N2000_K100_H200_nominal_t0p3,episode,T014,1,0.71,1.0688836104513064,0.045,0.665,4.21,2.499,0.010754999999999999,0.21833,203.90135,0.0355,0.0053774999999999995,0.109165,-0.8495889583333334,-0.6995464583333334,-69.95464583333334,0.0,0.5289872047108304
cox_only_N2000_K100_H200_nominal_t0p3,episode,T015,1,1.15,1.56062424969988,0.065,1.085,4.165,2.46,0.01067,0.23221,200.1401,0.0575,0.005335,0.116105,-0.8339170833333333,-0.6549770833333333,-65.49770833333332,0.04040404040404041,0.6596408726538119
cox_only_N2000_K100_H200_nominal_t0p3,episode,T016,1,0.81,0.49566294919454773,0.02,0.79,4.035,2.409,0.010255,0.22479,201.95135,0.0405,0.0051275,0.112395,-0.8414639583333333,-0.6834414583333333,-68.34414583333333,0.020202020202020204,0.6679261147706848
cox_only_N2000_K100_H200_nominal_t0p3,episode,T017,1,0.765,0.2288329519450801,0.01,0.755,4.37,2.616,0.01111,0.239095,206.6486,0.03825,0.005555,0.1195475,-0.8610358333333333,-0.6976833333333333,-69.76833333333333,0.020202020202020204,0.6214782134298227
cox_only_N2000_K100_H200_nominal_t0p3,episode,T018,1,0.805,1.0498687664041995,0.04,0.765,3.81,2.262,0.0097,0.228195,197.59565,0.04025,0.00485,0.1140975,-0.8233152083333334,-0.6641177083333334,-66.41177083333334,0.030303030303030304,0.49698947162156093
cox_only_N2000_K100_H200_nominal_t0p3,episode,T019,1,0.625,0.8939974457215837,0.035,0.59,3.915,2.328,0.00995,0.228005,207.74145,0.03125,0.004975,0.1140025,-0.865589375,-0.7153618749999999,-71.5361875,0.010101010101010102,0.6513349245470517
cox_only_N2000_K100_H200_nominal_t0p3,episode,T020,1,0.955,0.9950248756218906,0.04,0.915,4.02,2.388,0.01025,0.224855,196.9026,0.04775,0.005125,0.1124275,-0.8204275,-0.655125,-65.51249999999999,0.030303030303030304,0.4969377352602673
cox_only_N2000_K100_H200_nominal_t0p3,episode,T021,1,0.605,0.36231884057971014,0.015,0.59,4.14,2.475,0.010575,0.232405,201.76,0.03025,0.0052875,0.1162025,-0.8406666666666667,-0.6889266666666667,-68.89266666666667,0.020202020202020204,0.5649591906266961
cox_only_N2000_K100_H200_nominal_t0p3,episode,T022,1,0.76,1.0243277848911652,0.04,0.72,3.905,2.319,0.010215,0.23309,205.3121,0.038,0.0051075,0.116545,-0.8554670833333333,-0.6958145833333333,-69.58145833333333,0.005050505050505051,0.6339751675931704
cox_only_N2000_K100_H200_nominal_t0p3,episode,T023,1,1.2,1.2019230769230769,0.05,1.15,4.16,2.466,0.010440000000000001,0.22048,191.7847,0.06,0.005220000000000001,0.11024,-0.7991029166666667,-0.6236429166666666,-62.36429166666666,0.025252525252525252,0.4823471558543012
cox_only_N2000_K100_H200_nominal_t0p3,episode,T024,1,0.785,1.0012515644555695,0.04,0.745,3.995,2.373,0.010385,0.238905,204.2299,0.03925,0.0051925,0.1194525,-0.8509579166666666,-0.6870629166666666,-68.70629166666666,0.015151515151515152,0.684537275335287
cox_only_N2000_K100_H200_nominal_t0p3,episode,T025,1,1.2,1.303780964797914,0.05,1.15,3.835,2.271,0.009825,0.22867,196.06045,0.06,0.0049125,0.114335,-0.8169185416666667,-0.6376710416666667,-63.76710416666667,0.0,0.5721823748791164
cox_only_N2000_K100_H200_nominal_t0p3,episode,T026,1,1.225,0.6337135614702155,0.025,1.2,3.945,2.352,0.01035,0.232475,193.98275,0.06125,0.005175,0.1162375,-0.8082614583333334,-0.6255989583333335,-62.55989583333334,0.030303030303030304,0.7552344175513649
cox_only_N2000_K100_H200_nominal_t0p3,episode,T027,1,1.02,0.9126466753585397,0.035,0.985,3.835,2.28,0.00997,0.23376,201.737,0.051,0.004985,0.11688,-0.8405708333333333,-0.6677058333333332,-66.77058333333332,0.010101010101010102,0.5355203663505226
cox_only_N2000_K100_H200_nominal_t0p3,episode,T028,1,0.99,0.9174311926605505,0.035,0.955,3.815,2.268,0.009739999999999999,0.22667,198.7324,0.0495,0.004869999999999999,0.113335,-0.8280516666666667,-0.6603466666666667,-66.03466666666668,0.015151515151515152,0.6644077714908081
cox_only_N2000_K100_H200_nominal_t0p3,episode,T029,1,1.05,1.0025062656641603,0.04,1.01,3.99,2.37,0.01022,0.2202,201.599,0.0525,0.00511,0.1101,-0.8399958333333333,-0.6722858333333332,-67.22858333333332,0.015151515151515152,0.5492952730232623
cox_only_N2000_K100_H200_nominal_t0p3,episode,T030,1,1.255,2.2641509433962264,0.09,1.165,3.975,2.331,0.010085,0.230695,197.37575,0.06275,0.0050425,0.1153475,-0.8223989583333334,-0.6392589583333335,-63.92589583333334,0.020202020202020204,0.6615058677209515
greedy_analytic_N2000_K100_H200_nominal_t0p1,episode,T001,1,1.055,0.7168458781362007,0.03,1.025,4.185,2.493,0.010794999999999999,0.223445,202.44925,0.05275,0.0053974999999999995,0.1117225,-0.8435385416666666,-0.6736685416666667,-67.36685416666667,0.020202020202020204,0.6543230297138587
greedy_analytic_N2000_K100_H200_nominal_t0p1,episode,T002,1,1.175,0.6142506142506142,0.025,1.15,4.07,2.427,0.010514999999999998,0.227285,203.56945,0.05875,0.005257499999999999,0.1136425,-0.8482060416666666,-0.6705560416666666,-67.05560416666665,0.015151515151515152,0.6951035861721124
greedy_analytic_N2000_K100_H200_nominal_t0p1,episode,T003,1,0.67,0.2570694087403599,0.01,0.66,3.89,2.328,0.00991,0.224,206.28655,0.0335,0.004955,0.112,-0.8595272916666666,-0.7090722916666666,-70.90722916666667,0.025252525252525252,0.5943483077855564
greedy_analytic_N2000_K100_H200_nominal_t0p1,episode,T004,1,0.815,0.6038647342995169,0.025,0.79,4.14,2.469,0.010745000000000001,0.221975,201.25795,0.04075,0.0053725000000000005,0.1109875,-0.8385747916666666,-0.6814647916666666,-68.14647916666667,0.020202020202020204,0.7279101530811636
greedy_analytic_N2000_K100_H200_nominal_t0p1,episode,T005,1,0.725,0.6112469437652812,0.025,0.7,4.09,2.439,0.010474999999999998,0.222285,199.86005,0.03625,0.005237499999999999,0.1111425,-0.8327502083333334,-0.6801202083333333,-68.01202083333334,0.015151515151515152,0.6854747938577682
greedy_analytic_N2000_K100_H200_nominal_t0p1,episode,T006,1,0.96,1.2738853503184713,0.05,0.91,3.925,2.325,0.009914999999999998,0.22526,201.81095,0.048,0.004957499999999999,0.11263,-0.8408789583333333,-0.6752914583333333,-67.52914583333333,0.015151515151515152,0.5887687063018489
greedy_analytic_N2000_K100_H200_nominal_t0p1,episode,T007,1,0.94,1.303780964797914,0.05,0.89,3.835,2.271,0.009575,0.21797,201.26165,0.047,0.0047875,0.108985,-0.8385902083333333,-0.6778177083333333,-67.78177083333333,0.020202020202020204,0.5899565688174895
greedy_analytic_N2000_K100_H200_nominal_t0p1,episode,T008,1,1.23,1.6817593790426908,0.065,1.165,3.865,2.28,0.00964,0.21683,203.29615,0.0615,0.00482,0.108415,-0.8470672916666667,-0.6723322916666667,-67.23322916666667,0.020202020202020204,0.5784146656864685
greedy_analytic_N2000_K100_H200_nominal_t0p1,episode,T009,1,1.015,1.520912547528517,0.06,0.955,3.945,2.331,0.010085,0.214575,198.6341,0.05075,0.0050425,0.1072875,-0.8276420833333333,-0.6645620833333333,-66.45620833333334,0.015151515151515152,0.49605371007455323
greedy_analytic_N2000_K100_H200_nominal_t0p1,episode,T010,1,1.0,1.094890510948905,0.045,0.955,4.11,2.439,0.010495,0.22261,195.516,0.05,0.0052475,0.111305,-0.81465,-0.6480975,-64.80975,0.015151515151515152,0.5954030762860413
greedy_analytic_N2000_K100_H200_nominal_t0p1,episode,T011,1,1.01,0.6418485237483954,0.025,0.985,3.895,2.322,0.01015,0.22166,202.37,0.0505,0.005075,0.11083,-0.8432083333333333,-0.6768033333333333,-67.68033333333334,0.015151515151515152,0.6953745651655686
greedy_analytic_N2000_K100_H200_nominal_t0p1,episode,T012,1,0.765,0.5031446540880503,0.02,0.745,3.975,2.373,0.010135000000000002,0.213245,202.84,0.03825,0.005067500000000001,0.1066225,-0.8451666666666667,-0.6952266666666668,-69.52266666666668,0.025252525252525252,0.490868394917496
greedy_analytic_N2000_K100_H200_nominal_t0p1,episode,T013,1,0.755,0.6257822277847309,0.025,0.73,3.995,2.382,0.01027,0.220395,202.68635,0.03775,0.005135,0.1101975,-0.8445264583333334,-0.6914439583333334,-69.14439583333333,0.015151515151515152,0.5979416860853058
greedy_analytic_N2000_K100_H200_nominal_t0p1,episode,T014,1,0.755,1.1990407673860912,0.05,0.705,4.17,2.472,0.010639999999999998,0.205795,205.45465,0.03775,0.005319999999999999,0.1028975,-0.8560610416666666,-0.7100935416666666,-71.00935416666665,0.0,0.671578190404589
greedy_analytic_N2000_K100_H200_nominal_t0p1,episode,T015,1,1.21,1.5757575757575757,0.065,1.145,4.125,2.436,0.010579999999999999,0.21781,201.74925,0.0605,0.0052899999999999996,0.108905,-0.840621875,-0.665926875,-66.5926875,0.03535353535353535,0.5720226939794568
greedy_analytic_N2000_K100_H200_nominal_t0p1,episode,T016,1,0.83,0.49813200498132004,0.02,0.81,4.015,2.397,0.010195000000000001,0.20818,203.6139,0.0415,0.0050975000000000005,0.10409,-0.84839125,-0.6977037500000001,-69.770375,0.015151515151515152,0.4909118735333883
greedy_analytic_N2000_K100_H200_nominal_t0p1,episode,T017,1,0.79,0.11560693641618497,0.005,0.785,4.325,2.592,0.01099,0.22504,208.31915,0.0395,0.005495,0.11252,-0.8679964583333334,-0.7104814583333334,-71.04814583333334,0.010101010101010102,0.6214962069503087
greedy_analytic_N2000_K100_H200_nominal_t0p1,episode,T018,1,0.825,1.0582010582010581,0.04,0.785,3.78,2.244,0.00968,0.217405,199.13405,0.04125,0.00484,0.1087025,-0.8297252083333333,-0.6749327083333333,-67.49327083333333,0.025252525252525252,0.557944929740393
greedy_analytic_N2000_K100_H200_nominal_t0p1,episode,T019,1,0.645,0.9020618556701031,0.035,0.61,3.88,2.307,0.009875,0.220485,209.2301,0.03225,0.0049375,0.1102425,-0.8717920833333334,-0.7243620833333333,-72.43620833333333,0.010101010101010102,0.5981023989207078
greedy_analytic_N2000_K100_H200_nominal_t0p1,episode,T020,1,0.965,1.0012515644555695,0.04,0.925,3.995,2.373,0.010205,0.207595,198.65005,0.04825,0.0051025,0.1037975,-0.8277085416666666,-0.6705585416666666,-67.05585416666666,0.020202020202020204,0.6304563433548068
greedy_analytic_N2000_K100_H200_nominal_t0p1,episode,T021,1,0.62,0.36900369003690037,0.015,0.605,4.065,2.43,0.01038,0.21438,203.53835,0.031,0.00519,0.10719,-0.8480764583333333,-0.7046964583333333,-70.46964583333333,0.010101010101010102,0.5600536359095071
greedy_analytic_N2000_K100_H200_nominal_t0p1,episode,T022,1,0.785,1.0362694300518134,0.04,0.745,3.86,2.292,0.01008,0.217095,207.05395,0.03925,0.00504,0.1085475,-0.8627247916666666,-0.7098872916666665,-70.98872916666666,0.005050505050505051,0.6339751675845208
greedy_analytic_N2000_K100_H200_nominal_t0p1,episode,T023,1,1.245,1.2135922330097086,0.05,1.195,4.12,2.442,0.01035,0.216915,193.02325,0.06225,0.005175,0.1084575,-0.8042635416666666,-0.6283810416666666,-62.83810416666667,0.015151515151515152,0.5483970037665712
greedy_analytic_N2000_K100_H200_nominal_t0p1,episode,T024,1,0.815,1.1292346298619824,0.045,0.77,3.985,2.364,0.01036,0.226075,205.9013,0.04075,0.00518,0.1130375,-0.8579220833333333,-0.6989545833333333,-69.89545833333332,0.015151515151515152,0.5885521574719149
greedy_analytic_N2000_K100_H200_nominal_t0p1,episode,T025,1,1.255,1.1952191235059761,0.045,1.21,3.765,2.232,0.00965,0.207535,197.83785,0.06275,0.004825,0.1037675,-0.824324375,-0.652981875,-65.29818750000001,0.005050505050505051,0.4839396428302827
greedy_analytic_N2000_K100_H200_nominal_t0p1,episode,T026,1,1.26,0.6361323155216285,0.025,1.235,3.93,2.343,0.010315,0.21894,195.5273,0.063,0.0051575,0.10947,-0.8146970833333333,-0.6370695833333333,-63.70695833333333,0.025252525252525252,0.669073475069925
greedy_analytic_N2000_K100_H200_nominal_t0p1,episode,T027,1,1.04,0.9259259259259259,0.035,1.005,3.78,2.247,0.009835,0.21709,203.44425,0.052,0.0049175,0.108545,-0.847684375,-0.682221875,-68.2221875,0.005050505050505051,0.5144196536019482
greedy_analytic_N2000_K100_H200_nominal_t0p1,episode,T028,1,1.025,0.9234828496042217,0.035,0.99,3.79,2.253,0.009644999999999999,0.213975,200.33125,0.05125,0.0048224999999999995,0.1069875,-0.8347135416666667,-0.6716535416666667,-67.16535416666667,0.015151515151515152,0.6399930141181341
greedy_analytic_N2000_K100_H200_nominal_t0p1,episode,T029,1,1.125,1.2610340479192939,0.05,1.075,3.965,2.349,0.010115,0.210855,203.01645,0.05625,0.0050575,0.1054275,-0.8459018749999999,-0.679166875,-67.9166875,0.010101010101010102,0.4993895173789261
greedy_analytic_N2000_K100_H200_nominal_t0p1,episode,T030,1,1.275,2.2929936305732483,0.09,1.185,3.925,2.301,0.009965,0.215845,199.047,0.06375,0.0049825,0.1079225,-0.8293625,-0.6527075,-65.27074999999999,0.020202020202020204,0.5755209871865598
greedy_analytic_N2000_K100_H200_nominal_t0p2,episode,T001,1,1.105,0.9022556390977443,0.03,1.075,3.325,1.977,0.008584999999999999,0.219845,202.4555,0.05525,0.0042924999999999994,0.1099225,-0.8435645833333333,-0.6740995833333333,-67.40995833333334,0.010101010101010102,0.5127327853014604
greedy_analytic_N2000_K100_H200_nominal_t0p2,episode,T002,1,1.22,0.7541478129713424,0.025,1.195,3.315,1.974,0.00854,0.2275,203.45745,0.061,0.00427,0.11375,-0.847739375,-0.668719375,-66.8719375,0.015151515151515152,0.7950631037790975
greedy_analytic_N2000_K100_H200_nominal_t0p2,episode,T003,1,0.69,0.16863406408094436,0.005,0.685,2.965,1.776,0.0076,0.22272,206.275,0.0345,0.0038,0.11136,-0.8594791666666667,-0.7098191666666667,-70.98191666666666,0.005050505050505051,0.5662885394008325
greedy_analytic_N2000_K100_H200_nominal_t0p2,episode,T004,1,0.865,0.45592705167173253,0.015,0.85,3.29,1.965,0.008505,0.217095,201.3184,0.04325,0.0042525,0.1085475,-0.8388266666666666,-0.6827766666666666,-68.27766666666666,0.005050505050505051,0.7279101508994258
greedy_analytic_N2000_K100_H200_nominal_t0p2,episode,T005,1,0.74,0.47393364928909953,0.015,0.725,3.165,1.89,0.00817,0.2297,199.62845,0.037,0.004085,0.11485,-0.8317852083333332,-0.6758502083333333,-67.58502083333333,0.005050505050505051,0.7854747816415425
greedy_analytic_N2000_K100_H200_nominal_t0p2,episode,T006,1,0.99,1.4657980456026058,0.045,0.945,3.07,1.815,0.007764999999999999,0.22809,201.6856,0.0495,0.0038824999999999997,0.114045,-0.8403566666666666,-0.6729291666666666,-67.29291666666666,0.015151515151515152,0.5675874340462276
greedy_analytic_N2000_K100_H200_nominal_t0p2,episode,T007,1,0.99,1.1532125205930808,0.035,0.955,3.035,1.8,0.00757,0.21153,201.35495,0.0495,0.003785,0.105765,-0.8389789583333334,-0.6799289583333333,-67.99289583333334,0.015151515151515152,0.5686050718129647
greedy_analytic_N2000_K100_H200_nominal_t0p2,episode,T008,1,1.32,1.8518518518518519,0.055,1.265,2.97,1.749,0.007435,0.21316,203.2117,0.066,0.0037175,0.10658,-0.8467154166666667,-0.6704179166666667,-67.04179166666667,0.005050505050505051,0.6014967471531782
greedy_analytic_N2000_K100_H200_nominal_t0p2,episode,T009,1,1.05,1.6051364365971108,0.05,1.0,3.115,1.839,0.007995,0.21342,198.60305,0.0525,0.0039975,0.10671,-0.8275127083333333,-0.6643052083333334,-66.43052083333333,0.005050505050505051,0.49628416155891897
greedy_analytic_N2000_K100_H200_nominal_t0p2,episode,T010,1,1.02,0.9345794392523364,0.03,0.99,3.21,1.908,0.008219999999999998,0.22484,195.40295,0.051,0.004109999999999999,0.11242,-0.8141789583333333,-0.6466489583333332,-64.66489583333332,0.015151515151515152,0.5954037504036713
greedy_analytic_N2000_K100_H200_nominal_t0p2,episode,T011,1,1.07,1.1419249592169658,0.035,1.035,3.065,1.818,0.0079,0.22465,202.1644,0.0535,0.00395,0.112325,-0.8423516666666667,-0.6725766666666667,-67.25766666666667,0.010101010101010102,0.6984306631811616
greedy_analytic_N2000_K100_H200_nominal_t0p2,episode,T012,1,0.8,0.47468354430379744,0.015,0.785,3.16,1.887,0.008005,0.21517,202.7291,0.04,0.0040025,0.107585,-0.8447045833333333,-0.6931170833333333,-69.31170833333333,0.020202020202020204,0.5529748647850805
greedy_analytic_N2000_K100_H200_nominal_t0p2,episode,T013,1,0.78,0.4862236628849271,0.015,0.765,3.085,1.842,0.007909999999999999,0.21991,202.6724,0.039,0.003954999999999999,0.109955,-0.8444683333333334,-0.6915583333333334,-69.15583333333333,0.0,0.6935436395742018
greedy_analytic_N2000_K100_H200_nominal_t0p2,episode,T014,1,0.8,1.5267175572519085,0.05,0.75,3.275,1.935,0.008265,0.20471,205.3568,0.04,0.0041325,0.102355,-0.8556533333333333,-0.7091658333333333,-70.91658333333332,0.0,0.5916320584495494
greedy_analytic_N2000_K100_H200_nominal_t0p2,episode,T015,1,1.285,1.8720748829953198,0.06,1.225,3.205,1.887,0.008114999999999999,0.223675,201.4577,0.06425,0.0040574999999999995,0.1118375,-0.8394070833333332,-0.6592620833333332,-65.92620833333332,0.020202020202020204,0.5005804830068588
greedy_analytic_N2000_K100_H200_nominal_t0p2,episode,T016,1,0.85,0.8103727714748784,0.025,0.825,3.085,1.836,0.00783,0.21012,203.52585,0.0425,0.003915,0.10506,-0.8480243749999999,-0.6965493749999999,-69.65493749999999,0.005050505050505051,0.5818565330984761
greedy_analytic_N2000_K100_H200_nominal_t0p2,episode,T017,1,0.81,0.14947683109118087,0.005,0.805,3.345,2.004,0.00851,0.21935,208.44535,0.0405,0.004255,0.109675,-0.8685222916666666,-0.7140922916666665,-71.40922916666665,0.005050505050505051,0.6633294383644673
greedy_analytic_N2000_K100_H200_nominal_t0p2,episode,T018,1,0.855,1.1647254575707155,0.035,0.82,3.005,1.782,0.007670000000000001,0.223365,198.9026,0.04275,0.0038350000000000003,0.1116825,-0.8287608333333334,-0.6704933333333334,-67.04933333333334,0.015151515151515152,0.6176879980621315
greedy_analytic_N2000_K100_H200_nominal_t0p2,episode,T019,1,0.67,0.8305647840531561,0.025,0.645,3.01,1.791,0.0077150000000000005,0.22328,209.1098,0.0335,0.0038575000000000003,0.11164,-0.8712908333333333,-0.7222933333333333,-72.22933333333333,0.0,0.6980938918615348
greedy_analytic_N2000_K100_H200_nominal_t0p2,episode,T020,1,0.97,1.075268817204301,0.035,0.935,3.255,1.932,0.00827,0.2147,198.43845,0.0485,0.004135,0.10735,-0.826826875,-0.666841875,-66.68418750000001,0.015151515151515152,0.5787969418279432
greedy_analytic_N2000_K100_H200_nominal_t0p2,episode,T021,1,0.645,0.31347962382445144,0.01,0.635,3.19,1.908,0.00815,0.221755,203.2646,0.03225,0.004075,0.1108775,-0.8469358333333333,-0.6997333333333333,-69.97333333333333,0.005050505050505051,0.5600536381179951
greedy_analytic_N2000_K100_H200_nominal_t0p2,episode,T022,1,0.815,0.8403361344537815,0.025,0.79,2.975,1.77,0.00771,0.213305,207.0864,0.04075,0.003855,0.1066525,-0.86286,-0.7116024999999999,-71.16024999999999,0.0,0.49062548219334645
greedy_analytic_N2000_K100_H200_nominal_t0p2,episode,T023,1,1.265,1.24804992199688,0.04,1.225,3.205,1.899,0.008085,0.223405,192.8794,0.06325,0.0040425,0.1117025,-0.8036641666666667,-0.6246691666666667,-62.46691666666667,0.015151515151515152,0.5888314760807235
greedy_analytic_N2000_K100_H200_nominal_t0p2,episode,T024,1,0.85,1.4285714285714286,0.045,0.805,3.15,1.863,0.008135000000000002,0.21831,206.02875,0.0425,0.004067500000000001,0.109155,-0.858453125,-0.702730625,-70.27306250000001,0.010101010101010102,0.5960864427083031
greedy_analytic_N2000_K100_H200_nominal_t0p2,episode,T025,1,1.32,1.1456628477905073,0.035,1.285,3.055,1.812,0.00785,0.20492,197.7543,0.066,0.003925,0.10246,-0.82397625,-0.65159125,-65.15912499999999,0.0,0.4940409341992492
greedy_analytic_N2000_K100_H200_nominal_t0p2,episode,T026,1,1.31,0.8183306055646481,0.025,1.285,3.055,1.818,0.00805,0.21841,195.4014,0.0655,0.004025,0.109205,-0.8141725,-0.6354424999999999,-63.54424999999999,0.015151515151515152,0.5732183500454836
greedy_analytic_N2000_K100_H200_nominal_t0p2,episode,T027,1,1.125,0.9693053311793215,0.03,1.095,3.095,1.839,0.007965,0.214265,203.3587,0.05625,0.0039825,0.1071325,-0.8473279166666666,-0.6799629166666666,-67.99629166666666,0.0,0.48352383069824234
greedy_analytic_N2000_K100_H200_nominal_t0p2,episode,T028,1,1.075,1.0169491525423728,0.03,1.045,2.95,1.752,0.007539999999999999,0.214155,200.21485,0.05375,0.0037699999999999995,0.1070775,-0.8342285416666667,-0.6696310416666666,-66.96310416666667,0.010101010101010102,0.5527302118544409
greedy_analytic_N2000_K100_H200_nominal_t0p2,episode,T029,1,1.15,1.4563106796116505,0.045,1.105,3.09,1.827,0.007875,0.21239,202.9387,0.0575,0.0039375,0.106195,-0.8455779166666667,-0.6779454166666667,-67.79454166666667,0.010101010101010102,0.5886520991389261
greedy_analytic_N2000_K100_H200_nominal_t0p2,episode,T030,1,1.335,2.450980392156863,0.075,1.26,3.06,1.791,0.0077150000000000005,0.223045,198.71845,0.06675,0.0038575000000000003,0.1115225,-0.8279935416666666,-0.6458635416666666,-64.58635416666667,0.010101010101010102,0.584713936758743
greedy_analytic_N2000_K100_H200_nominal_t0p3,episode,T001,1,1.145,1.1583011583011582,0.03,1.115,2.59,1.536,0.00662,0.209905,202.6443,0.05725,0.00331,0.1049525,-0.84435125,-0.6788387499999999,-67.88387499999999,0.0,0.4841782336789776
greedy_analytic_N2000_K100_H200_nominal_t0p3,episode,T002,1,1.265,0.9523809523809523,0.025,1.24,2.625,1.56,0.006689999999999999,0.228815,203.3367,0.06325,0.0033449999999999994,0.1144075,-0.84723625,-0.66623375,-66.623375,0.005050505050505051,0.6165883349331902
greedy_analytic_N2000_K100_H200_nominal_t0p3,episode,T003,1,0.725,0.21929824561403508,0.005,0.72,2.28,1.365,0.005835,0.223855,206.1708,0.03625,0.0029175,0.1119275,-0.8590450000000001,-0.7079500000000001,-70.795,0.005050505050505051,0.5769033705165905
greedy_analytic_N2000_K100_H200_nominal_t0p3,episode,T004,1,0.895,0.19723865877712032,0.005,0.89,2.535,1.518,0.006469999999999999,0.211075,201.4153,0.04475,0.0032349999999999996,0.1055375,-0.8392304166666666,-0.6857079166666666,-68.57079166666666,0.0,0.5797714361566438
greedy_analytic_N2000_K100_H200_nominal_t0p3,episode,T005,1,0.76,0.5905511811023622,0.015,0.745,2.54,1.515,0.006514999999999999,0.23646,199.4245,0.038,0.0032574999999999995,0.11823,-0.8309354166666666,-0.6714479166666666,-67.14479166666666,0.0,0.785573803680649
greedy_analytic_N2000_K100_H200_nominal_t0p3,episode,T006,1,1.01,1.836734693877551,0.045,0.965,2.45,1.443,0.0061649999999999995,0.22903,201.60435,0.0505,0.0030824999999999997,0.114515,-0.8400181250000001,-0.671920625,-67.1920625,0.010101010101010102,0.6657816386128115
greedy_analytic_N2000_K100_H200_nominal_t0p3,episode,T007,1,1.015,1.4675052410901468,0.035,0.98,2.385,1.41,0.0059,0.222065,201.01815,0.05075,0.00295,0.1110325,-0.8375756249999999,-0.672843125,-67.2843125,0.010101010101010102,0.5698914811888127
greedy_analytic_N2000_K100_H200_nominal_t0p3,episode,T008,1,1.39,1.0660980810234542,0.025,1.365,2.345,1.392,0.00592,0.21244,203.08265,0.0695,0.00296,0.10622,-0.8461777083333334,-0.6674977083333333,-66.74977083333333,0.0,0.6014967471531782
greedy_analytic_N2000_K100_H200_nominal_t0p3,episode,T009,1,1.11,2.044989775051125,0.05,1.06,2.445,1.437,0.006234999999999999,0.21395,198.45985,0.0555,0.0031174999999999996,0.106975,-0.8269160416666667,-0.6613235416666666,-66.13235416666666,0.0,0.49861055509316066
greedy_analytic_N2000_K100_H200_nominal_t0p3,episode,T010,1,1.06,1.1952191235059761,0.03,1.03,2.51,1.488,0.006379999999999999,0.22657,195.2449,0.053,0.0031899999999999997,0.113285,-0.8135204166666666,-0.6440454166666667,-64.40454166666667,0.015151515151515152,0.5954027060447228
greedy_analytic_N2000_K100_H200_nominal_t0p3,episode,T011,1,1.115,0.6263048016701461,0.015,1.1,2.395,1.428,0.006229999999999999,0.217895,202.2147,0.05575,0.0031149999999999997,0.1089475,-0.8425612499999999,-0.6747487499999999,-67.47487499999998,0.005050505050505051,0.5968971825855637
greedy_analytic_N2000_K100_H200_nominal_t0p3,episode,T012,1,0.82,0.3992015968063872,0.01,0.81,2.505,1.497,0.006295,0.21387,202.7241,0.041,0.0031475,0.106935,-0.84468375,-0.69360125,-69.360125,0.015151515151515152,0.5529748647850805
greedy_analytic_N2000_K100_H200_nominal_t0p3,episode,T013,1,0.825,0.42462845010615713,0.01,0.815,2.355,1.407,0.006104999999999999,0.217695,202.65195,0.04125,0.0030524999999999997,0.1088475,-0.844383125,-0.691233125,-69.1233125,0.0,0.6935436395742018
greedy_analytic_N2000_K100_H200_nominal_t0p3,episode,T014,1,0.835,1.36986301369863,0.035,0.8,2.555,1.512,0.0064399999999999995,0.211275,205.10475,0.04175,0.0032199999999999998,0.1056375,-0.854603125,-0.703995625,-70.3995625,0.0,0.5997024447356217
greedy_analytic_N2000_K100_H200_nominal_t0p3,episode,T015,1,1.335,1.596806387225549,0.04,1.295,2.505,1.479,0.006245,0.220745,201.4225,0.06675,0.0031225,0.1103725,-0.8392604166666667,-0.6590154166666667,-65.90154166666667,0.005050505050505051,0.5105377839092657
greedy_analytic_N2000_K100_H200_nominal_t0p3,episode,T016,1,0.88,0.8333333333333334,0.02,0.86,2.4,1.428,0.006109999999999999,0.20915,203.4911,0.044,0.0030549999999999996,0.104575,-0.8478795833333332,-0.6962495833333333,-69.62495833333332,0.0,0.5912092605912275
greedy_analytic_N2000_K100_H200_nominal_t0p3,episode,T017,1,0.84,0.0,0.0,0.84,2.63,1.578,0.0067199999999999985,0.2227,208.3013,0.042,0.0033599999999999993,0.11135,-0.8679220833333333,-0.7112120833333333,-71.12120833333333,0.0,0.697914275735997
greedy_analytic_N2000_K100_H200_nominal_t0p3,episode,T018,1,0.885,0.6622516556291391,0.015,0.87,2.265,1.35,0.00584,0.224985,198.7916,0.04425,0.00292,0.1124925,-0.8282983333333332,-0.6686358333333333,-66.86358333333334,0.010101010101010102,0.7174701093006174
greedy_analytic_N2000_K100_H200_nominal_t0p3,episode,T019,1,0.71,1.0330578512396693,0.025,0.685,2.42,1.437,0.006135,0.2226,209.06555,0.0355,0.0030675,0.1113,-0.8711064583333333,-0.7212389583333334,-72.12389583333334,0.0,0.6992192581064848
greedy_analytic_N2000_K100_H200_nominal_t0p3,episode,T020,1,1.005,1.606425702811245,0.04,0.965,2.49,1.47,0.00636,0.222145,198.14325,0.05025,0.00318,0.1110725,-0.825596875,-0.661094375,-66.1094375,0.005050505050505051,0.7840433518125346
greedy_analytic_N2000_K100_H200_nominal_t0p3,episode,T021,1,0.68,0.2032520325203252,0.005,0.675,2.46,1.473,0.006375,0.22275,203.1549,0.034,0.0031875,0.111375,-0.84647875,-0.6979162499999999,-69.791625,0.0,0.5600536381179951
greedy_analytic_N2000_K100_H200_nominal_t0p3,episode,T022,1,0.87,0.2178649237472767,0.005,0.865,2.295,1.374,0.006019999999999999,0.21017,207.08765,0.0435,0.0030099999999999997,0.105085,-0.8628652083333334,-0.7112702083333333,-71.12702083333333,0.0,0.5444338270371823
greedy_analytic_N2000_K100_H200_nominal_t0p3,episode,T023,1,1.295,1.36986301369863,0.035,1.26,2.555,1.512,0.00643,0.222335,192.8253,0.06475,0.003215,0.1111675,-0.80343875,-0.62430625,-62.43062499999999,0.010101010101010102,0.6599930011320627
greedy_analytic_N2000_K100_H200_nominal_t0p3,episode,T024,1,0.88,1.5904572564612327,0.04,0.84,2.515,1.485,0.006445,0.21976,205.8947,0.044,0.0032225,0.10988,-0.8578945833333333,-0.7007920833333333,-70.07920833333333,0.005050505050505051,0.5960864427083031
greedy_analytic_N2000_K100_H200_nominal_t0p3,episode,T025,1,1.385,1.2320328542094456,0.03,1.355,2.435,1.443,0.006175,0.205795,197.5835,0.06925,0.0030875,0.1028975,-0.8232645833333333,-0.6480295833333333,-64.80295833333332,0.0,0.5075999553990046
greedy_analytic_N2000_K100_H200_nominal_t0p3,episode,T026,1,1.355,1.2526096033402923,0.03,1.325,2.395,1.419,0.006325,0.214655,195.395,0.06775,0.0031625,0.1073275,-0.8141458333333333,-0.6359058333333334,-63.59058333333334,0.010101010101010102,0.6714169101945354
greedy_analytic_N2000_K100_H200_nominal_t0p3,episode,T027,1,1.155,0.8316008316008316,0.02,1.135,2.405,1.431,0.006185,0.214245,203.294,0.05775,0.0030925,0.1071225,-0.8470583333333334,-0.6790933333333333,-67.90933333333334,0.0,0.49445980722481
greedy_analytic_N2000_K100_H200_nominal_t0p3,episode,T028,1,1.11,1.0706638115631693,0.025,1.085,2.335,1.386,0.00595,0.21401,200.1459,0.0555,0.002975,0.107005,-0.8339412500000001,-0.66846125,-66.846125,0.010101010101010102,0.5527302118544409
greedy_analytic_N2000_K100_H200_nominal_t0p3,episode,T029,1,1.195,1.4314928425357873,0.035,1.16,2.445,1.446,0.00629,0.210605,202.89075,0.05975,0.003145,0.1053025,-0.845378125,-0.677180625,-67.7180625,0.005050505050505051,0.4982199321650004
greedy_analytic_N2000_K100_H200_nominal_t0p3,episode,T030,1,1.415,2.2821576763485476,0.055,1.36,2.41,1.413,0.0060349999999999996,0.224505,198.49695,0.07075,0.0030174999999999998,0.1122525,-0.827070625,-0.6410506249999999,-64.10506249999999,0.010101010101010102,0.5531746396422108
full_N2000_K100_H200_w_out_0p5_t0p05,training_seed_mean,1,30,0.7156666666666667,0.7105672713420891,0.061,0.6546666666666666,8.57,5.1054,0.022002,0.22487066666666666,202.30832166666667,0.017891666666666667,0.011001,0.11243533333333333,-0.8429513402777777,-0.7016233402777777,-70.16233402777777,0.1425925925925926,0.6016595268962639
full_N2000_K100_H200_w_out_0p5_t0p05,training_seed_mean,2,30,0.8476666666666667,0.8563165613475839,0.07766666666666666,0.77,9.064333333333334,5.392,0.023239333333333334,0.22453933333333334,201.16652166666665,0.021191666666666668,0.011619666666666667,0.11226966666666667,-0.8381938402777778,-0.6931128402777778,-69.31128402777777,0.15673400673400673,0.6015354743304687
full_N2000_K100_H200_w_out_0p5_t0p05,training_seed_mean,3,30,0.7556666666666667,0.7602569911128577,0.0665,0.6891666666666667,8.735333333333333,5.2013,0.022412833333333333,0.22445766666666667,201.94167,0.018891666666666668,0.011206416666666667,0.11222883333333333,-0.841423625,-0.6990967083333334,-69.90967083333334,0.14831649831649832,0.6008034760111605
full_N2000_K100_H200_w_out_0p5_t0p05,training_seed_mean,4,30,0.6461666666666667,0.6470708967458498,0.0535,0.5926666666666667,8.258333333333333,4.9229,0.021215833333333333,0.2252785,203.00459833333332,0.016154166666666667,0.010607916666666667,0.11263925,-0.8458524930555555,-0.7064511597222222,-70.64511597222223,0.1335016835016835,0.6041061228448942
full_N2000_K100_H200_w_out_0p5_t0p05,training_seed_mean,5,30,0.725,0.7173395120693722,0.06183333333333334,0.6631666666666667,8.604666666666667,5.1257,0.0220865,0.22477366666666668,202.224905,0.018125,0.01104325,0.11238683333333334,-0.8426037708333334,-0.7010486875,-70.10486875000001,0.14276094276094276,0.5980830276395614
full_N2000_K100_H200_w_out_0p75_t0p05,training_seed_mean,1,30,0.536,0.5516847356664728,0.04583333333333334,0.49016666666666664,8.298166666666667,4.9514,0.021338666666666666,0.22547033333333333,203.77351166666668,0.0201,0.010669333333333333,0.11273516666666666,-0.8490562986111111,-0.7055517986111111,-70.55517986111111,0.1356902356902357,0.6018893496170779
full_N2000_K100_H200_w_out_0p75_t0p05,training_seed_mean,2,30,0.666,0.6726577060459735,0.06016666666666667,0.6058333333333333,8.9335,5.324,0.022944666666666665,0.22468066666666667,202.38674,0.024975,0.011472333333333333,0.11234033333333333,-0.8432780833333333,-0.6944904166666667,-69.44904166666667,0.15404040404040403,0.600755589592334
full_N2000_K100_H200_w_out_0p75_t0p05,training_seed_mean,3,30,0.8366666666666667,0.8427033543725262,0.08133333333333334,0.7553333333333333,9.650500000000001,5.7415,0.024757833333333333,0.224403,200.84322666666668,0.031375,0.012378916666666667,0.1122015,-0.8368467777777778,-0.6808913611111111,-68.08913611111112,0.17861952861952862,0.5980730949374735
full_N2000_K100_H200_w_out_0p75_t0p05,training_seed_mean,4,30,0.6401666666666667,0.6454054785039901,0.057,0.5831666666666667,8.817666666666666,5.2564,0.022648333333333333,0.2248075,202.65033666666668,0.02400625,0.011324166666666666,0.11240375,-0.8443764027777778,-0.6966422361111111,-69.66422361111111,0.1505050505050505,0.5948204113000308
full_N2000_K100_H200_w_out_0p75_t0p05,training_seed_mean,5,30,0.6788333333333333,0.6738435322448714,0.06066666666666667,0.6181666666666666,8.992166666666666,5.3589,0.0230945,0.2246825,202.25755,0.02545625,0.01154725,0.11234125,-0.8427397916666667,-0.6933950416666667,-69.33950416666667,0.15622895622895622,0.6000863054252482
full_N2000_K100_H200_w_out_1p25_t0p05,training_seed_mean,1,30,0.5135,0.5263538715539413,0.049166666666666664,0.4643333333333333,9.3385,5.5736,0.024028,0.22531783333333333,203.24020666666667,0.03209375,0.012014,0.11265891666666666,-0.8468341944444444,-0.6900675277777778,-69.00675277777778,0.16700336700336701,0.5967419628124073
full_N2000_K100_H200_w_out_1p25_t0p05,training_seed_mean,2,30,0.5425,0.548727202617364,0.052333333333333336,0.49016666666666664,9.53,5.6866,0.024521,0.22508183333333334,202.86468666666667,0.03390625,0.0122605,0.11254091666666667,-0.8452695277777778,-0.6865618611111111,-68.65618611111111,0.17356902356902357,0.5973551932666367
full_N2000_K100_H200_w_out_1p25_t0p05,training_seed_mean,3,30,0.5355,0.5492169672399878,0.05216666666666667,0.48333333333333334,9.490166666666667,5.6628,0.024416,0.2251495,202.94507333333334,0.03346875,0.012208,0.11257475,-0.8456044722222222,-0.6873529722222222,-68.73529722222221,0.1734006734006734,0.5992846272753275
full_N2000_K100_H200_w_out_1p25_t0p05,training_seed_mean,4,30,0.6333333333333333,0.633932064305144,0.06366666666666666,0.5696666666666667,10.0395,5.9855,0.0258095,0.224721,201.90075166666668,0.03958333333333333,0.01290475,0.1123605,-0.8412531319444444,-0.6764045486111111,-67.64045486111111,0.19410774410774412,0.5955138005193464
full_N2000_K100_H200_w_out_1p25_t0p05,training_seed_mean,5,30,0.48833333333333334,0.4979815128094812,0.04566666666666667,0.44266666666666665,9.167166666666667,5.4729,0.023592166666666668,0.22530533333333333,203.58039666666667,0.030520833333333334,0.011796083333333334,0.11265266666666666,-0.8482516527777778,-0.6932820694444445,-69.32820694444445,0.15976430976430978,0.5987684683041997
full_N2000_K100_H200_w_out_1p5_t0p05,training_seed_mean,1,30,0.4735,0.47375395723201785,0.046,0.4275,9.706833333333334,5.7965,0.02499883333333333,0.2255025,203.351015,0.0355125,0.012499416666666666,0.11275125,-0.8472958958333333,-0.6865327291666666,-68.65327291666667,0.18181818181818182,0.5988731072501222
full_N2000_K100_H200_w_out_1p5_t0p05,training_seed_mean,2,30,0.44466666666666665,0.44264293045162756,0.042,0.4026666666666667,9.488333333333333,5.6678,0.024438333333333333,0.22549633333333333,203.75543833333333,0.03335,0.012219166666666666,0.11274816666666666,-0.8489809930555555,-0.6906636597222222,-69.06636597222223,0.17373737373737375,0.5981966118532085
full_N2000_K100_H200_w_out_1p5_t0p05,training_seed_mean,3,30,0.666,0.6712709450813524,0.0735,0.5925,10.947333333333333,6.5243,0.028134166666666665,0.224667,201.119105,0.04995,0.014067083333333332,0.1123335,-0.8379962708333333,-0.6616456875,-66.16456875,0.22912457912457912,0.5973695764214709
full_N2000_K100_H200_w_out_1p5_t0p05,training_seed_mean,4,30,0.5966666666666667,0.60462885328841,0.06366666666666666,0.533,10.523166666666667,6.2757,0.02706283333333333,0.22494466666666665,201.86838666666665,0.04475,0.013531416666666666,0.11247233333333333,-0.8411182777777778,-0.6703645277777778,-67.03645277777778,0.2101010101010101,0.5997192088378468
full_N2000_K100_H200_w_out_1p5_t0p05,training_seed_mean,5,30,0.588,0.6027439978246396,0.06316666666666666,0.5248333333333334,10.472333333333333,6.2455,0.026935166666666666,0.22477333333333332,201.95824333333334,0.0441,0.013467583333333333,0.11238666666666666,-0.8414926805555556,-0.6715384305555555,-67.15384305555555,0.2080808080808081,0.6024409955345312
full_N2000_K100_H200_w_ho_0p5_t0p05,training_seed_mean,1,30,0.5431666666666667,0.5585516194989651,0.066,0.4771666666666667,11.8245,7.0551,0.030449499999999997,0.2250445,202.801655,0.027158333333333333,0.007612374999999999,0.11252225,-0.8450068958333333,-0.6977139375,-69.77139375,0.265993265993266,0.5877507055041205
full_N2000_K100_H200_w_ho_0p5_t0p05,training_seed_mean,2,30,0.4741666666666667,0.47256999994478344,0.053,0.4211666666666667,11.222,6.7014000000000005,0.028909666666666663,0.22528383333333332,203.71577,0.023708333333333335,0.007227416666666666,0.11264191666666666,-0.8488157083333333,-0.7052380416666667,-70.52380416666666,0.2393939393939394,0.5984860539888077
full_N2000_K100_H200_w_ho_0p5_t0p05,training_seed_mean,3,30,0.6283333333333333,0.6433188744535999,0.07983333333333334,0.5485,12.410333333333334,7.3983,0.0319305,0.224556,201.90517499999999,0.03141666666666667,0.007982625,0.112278,-0.8412715625,-0.6895942708333334,-68.95942708333334,0.29175084175084176,0.5929658544599982
full_N2000_K100_H200_w_ho_0p5_t0p05,training_seed_mean,4,30,0.5803333333333334,0.5927901398532159,0.07166666666666667,0.5086666666666667,12.0945,7.2137,0.031133166666666667,0.22454666666666667,202.40373166666666,0.029016666666666666,0.007783291666666667,0.11227333333333334,-0.8433488819444445,-0.6942755902777777,-69.42755902777778,0.27794612794612794,0.5835093419153012
full_N2000_K100_H200_w_ho_0p5_t0p05,training_seed_mean,5,30,0.6071666666666666,0.6224145647610158,0.07633333333333334,0.5308333333333334,12.264166666666666,7.3126999999999995,0.031558833333333335,0.22460483333333334,202.13082666666665,0.030358333333333334,0.007889708333333334,0.11230241666666667,-0.8422117777777778,-0.6916613194444444,-69.16613194444444,0.2865319865319865,0.5905816061169944
full_N2000_K100_H200_w_ho_0p75_t0p05,training_seed_mean,1,30,0.595,0.602587980665751,0.06366666666666666,0.5313333333333333,10.560333333333332,6.298,0.027161333333333332,0.22485866666666665,202.49696166666666,0.02975,0.010185499999999998,0.11242933333333333,-0.8437373402777778,-0.6913725069444444,-69.13725069444445,0.21195286195286195,0.5974475864660469
full_N2000_K100_H200_w_ho_0p75_t0p05,training_seed_mean,2,30,0.483,0.4869639890351558,0.04783333333333333,0.43516666666666665,9.822833333333334,5.865,0.025287999999999998,0.22530166666666668,203.84795,0.02415,0.009483,0.11265083333333334,-0.8493664583333334,-0.703082625,-70.3082625,0.18686868686868688,0.5992974721392759
full_N2000_K100_H200_w_ho_0p75_t0p05,training_seed_mean,3,30,0.5703333333333334,0.5825424874492489,0.060833333333333336,0.5095,10.439,6.2269,0.0268565,0.22504133333333334,202.71913333333333,0.028516666666666666,0.0100711875,0.11252066666666667,-0.8446630555555555,-0.6935545347222222,-69.35545347222222,0.20673400673400674,0.6070432184536673
full_N2000_K100_H200_w_ho_0p75_t0p05,training_seed_mean,4,30,0.6495,0.6542039868076284,0.07133333333333333,0.5781666666666667,10.901833333333334,6.4983,0.028018833333333333,0.22461116666666667,201.89536333333334,0.032475000000000004,0.010507062499999999,0.11230558333333333,-0.8412306805555555,-0.6859430347222222,-68.59430347222222,0.2265993265993266,0.5946281768270574
full_N2000_K100_H200_w_ho_0p75_t0p05,training_seed_mean,5,30,0.5143333333333333,0.5255493143811782,0.052833333333333336,0.4615,10.054,6.0007,0.025880166666666666,0.22525966666666666,203.41229166666668,0.025716666666666665,0.0097050625,0.11262983333333333,-0.8475512152777778,-0.6994996527777778,-69.94996527777778,0.19528619528619529,0.600296342050399
full_N2000_K100_H200_w_ho_1p25_t0p05,training_seed_mean,1,30,0.6373333333333333,0.634824160068154,0.052,0.5853333333333334,8.176666666666666,4.8748,0.021006999999999998,0.225491,202.49211333333332,0.03186666666666667,0.013129375,0.1127455,-0.8437171388888889,-0.6859755972222222,-68.59755972222223,0.13114478114478115,0.6060267107013622
full_N2000_K100_H200_w_ho_1p25_t0p05,training_seed_mean,2,30,0.6518333333333333,0.6559813369547293,0.05416666666666667,0.5976666666666667,8.246,4.9151,0.02118283333333333,0.2252685,202.33087833333335,0.032591666666666665,0.013239270833333334,0.11263425,-0.8430453263888888,-0.6845801388888889,-68.45801388888889,0.132996632996633,0.6043010503676519
full_N2000_K100_H200_w_ho_1p25_t0p05,training_seed_mean,3,30,0.6996666666666667,0.6957019624467058,0.059,0.6406666666666667,8.468666666666667,5.0458,0.021742666666666667,0.22480866666666666,201.83901,0.03498333333333333,0.013589166666666666,0.11240433333333333,-0.8409958750000001,-0.6800190416666667,-68.00190416666666,0.13973063973063973,0.60156793143839
full_N2000_K100_H200_w_ho_1p25_t0p05,training_seed_mean,4,30,0.6373333333333333,0.6347247031495226,0.052,0.5853333333333334,8.177666666666667,4.8754,0.02101,0.225479,202.49042666666668,0.03186666666666667,0.013131249999999999,0.1127395,-0.8437101111111112,-0.6859726944444444,-68.59726944444445,0.13114478114478115,0.6060267107013622
full_N2000_K100_H200_w_ho_1p25_t0p05,training_seed_mean,5,30,0.6806666666666666,0.6736206067656735,0.0565,0.6241666666666666,8.374166666666667,4.9906,0.02150833333333333,0.22481266666666666,202.04817333333332,0.03403333333333333,0.013442708333333333,0.11240633333333333,-0.8418673888888889,-0.6819850138888889,-68.19850138888889,0.13804713804713806,0.603239883339626
full_N2000_K100_H200_w_ho_1p5_t0p05,training_seed_mean,1,30,0.6315,0.6330081296676808,0.044833333333333336,0.5866666666666667,7.07,4.2151,0.018156166666666668,0.22624283333333334,202.78036,0.031575,0.013617125,0.11312141666666667,-0.8449181666666666,-0.686604625,-68.6604625,0.09494949494949495,0.6017491630070266
full_N2000_K100_H200_w_ho_1p5_t0p05,training_seed_mean,2,30,0.6966666666666667,0.6936682148598511,0.051000000000000004,0.6456666666666666,7.3425,4.3749,0.0188485,0.22591366666666665,202.076655,0.034833333333333334,0.014136375,0.11295683333333333,-0.8419860625,-0.6800595208333333,-68.00595208333334,0.10168350168350168,0.608216491294418
full_N2000_K100_H200_w_ho_1p5_t0p05,training_seed_mean,3,30,0.9541666666666666,0.9496921081568005,0.07766666666666666,0.8765,8.1715,4.8563,0.020928833333333334,0.22437583333333333,199.94076666666666,0.04770833333333333,0.015696625,0.11218791666666666,-0.8330865277777778,-0.6574936527777778,-65.74936527777778,0.13080808080808082,0.6030118972579753
full_N2000_K100_H200_w_ho_1p5_t0p05,training_seed_mean,4,30,0.8473333333333334,0.8574550862374426,0.06733333333333333,0.78,7.847,4.6678,0.020118999999999998,0.22498033333333334,200.78634166666666,0.042366666666666664,0.015089249999999998,0.11249016666666667,-0.8366097569444445,-0.6666636736111111,-66.66636736111111,0.11734006734006734,0.6106308388216185
full_N2000_K100_H200_w_ho_1p5_t0p05,training_seed_mean,5,30,0.7391666666666666,0.7391141635105525,0.0555,0.6836666666666666,7.497,4.4649,0.019241166666666667,0.2256925,201.69286333333332,0.036958333333333336,0.014430875,0.11284625,-0.8403869305555556,-0.6761514722222223,-67.61514722222222,0.10673400673400674,0.606772242892516
full_N2000_K100_H200_w_load_0p5_t0p05,training_seed_mean,1,30,0.6111666666666666,0.6122014570120787,0.050833333333333335,0.5603333333333333,8.287833333333333,4.9422,0.02129,0.23817983333333334,203.13153666666668,0.030558333333333333,0.010645,0.059544958333333335,-0.8463814027777777,-0.7456331111111111,-74.56331111111112,0.13636363636363635,0.6357248049916591
full_N2000_K100_H200_w_load_0p5_t0p05,training_seed_mean,2,30,0.5033333333333333,0.5040454641954457,0.03916666666666667,0.46416666666666667,7.763833333333333,4.6348,0.019964333333333334,0.23843833333333334,204.38108833333334,0.025166666666666667,0.009982166666666667,0.059609583333333334,-0.8515878680555555,-0.7568294513888889,-75.68294513888888,0.11548821548821549,0.6367012683944202
full_N2000_K100_H200_w_load_0p5_t0p05,training_seed_mean,3,30,0.5755,0.584341269509384,0.04766666666666667,0.5278333333333334,8.146333333333333,4.8591999999999995,0.020934666666666667,0.23834716666666667,203.47931333333332,0.028775,0.010467333333333334,0.059586791666666666,-0.8478304722222222,-0.7490013472222222,-74.90013472222222,0.1313131313131313,0.6376187273874409
full_N2000_K100_H200_w_load_0p5_t0p05,training_seed_mean,4,30,0.5411666666666667,0.546146869641148,0.043666666666666666,0.4975,7.9845,4.7645,0.0205235,0.23830016666666667,203.87334333333334,0.027058333333333334,0.01026175,0.05957504166666667,-0.8494722638888889,-0.7525771388888889,-75.25771388888889,0.12390572390572391,0.6354794965187256
full_N2000_K100_H200_w_load_0p5_t0p05,training_seed_mean,5,30,0.647,0.6442891166955516,0.05466666666666667,0.5923333333333334,8.472166666666666,5.0505,0.0217545,0.23748166666666667,202.74617333333333,0.032350000000000004,0.01087725,0.05937041666666667,-0.8447757222222222,-0.7421780555555555,-74.21780555555556,0.14074074074074075,0.639346606973839
full_N2000_K100_H200_w_load_0p75_t0p05,training_seed_mean,1,30,0.5296666666666666,0.5434029739418338,0.0455,0.4841666666666667,8.362166666666667,4.99,0.021500333333333333,0.23287466666666667,203.69549,0.026483333333333334,0.010750166666666667,0.087328,-0.8487312083333334,-0.7241697083333334,-72.41697083333334,0.13855218855218857,0.6175293089483048
full_N2000_K100_H200_w_load_0p75_t0p05,training_seed_mean,2,30,0.6701666666666667,0.6718791545041097,0.061,0.6091666666666666,9.0665,5.4033,0.023283166666666667,0.2318315,202.18789166666667,0.033508333333333334,0.011641583333333334,0.0869368125,-0.8424495486111111,-0.7103628194444445,-71.03628194444444,0.15757575757575756,0.599070058235938
full_N2000_K100_H200_w_load_0p75_t0p05,training_seed_mean,3,30,0.716,0.7127869530884248,0.06616666666666667,0.6498333333333334,9.275166666666667,5.5254,0.023813666666666667,0.23160466666666668,201.74541666666667,0.0358,0.011906833333333334,0.08685175,-0.8406059027777778,-0.7060473194444444,-70.60473194444444,0.16582491582491582,0.6032865739301025
full_N2000_K100_H200_w_load_0p75_t0p05,training_seed_mean,4,30,0.6543333333333333,0.6595485374958969,0.059333333333333335,0.595,8.984833333333333,5.3553,0.023073166666666665,0.23181633333333332,202.35813666666667,0.032716666666666665,0.011536583333333333,0.086931125,-0.8431589027777777,-0.7119745277777778,-71.19745277777778,0.15656565656565657,0.5977928222484259
full_N2000_K100_H200_w_load_0p75_t0p05,training_seed_mean,5,30,0.52,0.5316626675231753,0.04416666666666667,0.47583333333333333,8.3,4.9535,0.021344166666666668,0.233076,203.82493333333332,0.026,0.010672083333333334,0.0874035,-0.8492705555555555,-0.7251949722222222,-72.51949722222223,0.13686868686868686,0.6153518054725544
full_N2000_K100_H200_w_load_1p25_t0p05,training_seed_mean,1,30,0.6318333333333334,0.6291208326216131,0.06233333333333333,0.5695,9.902166666666666,5.9039,0.025458166666666667,0.21862616666666668,202.04135166666666,0.03159166666666667,0.012729083333333334,0.13664135416666667,-0.8418389652777778,-0.6608768611111111,-66.08768611111111,0.18838383838383838,0.5749422506417753
full_N2000_K100_H200_w_load_1p25_t0p05,training_seed_mean,2,30,0.6859999999999999,0.682258884210887,0.06966666666666667,0.6163333333333333,10.209666666666667,6.084,0.026239666666666665,0.218636,201.45326666666668,0.0343,0.013119833333333332,0.1366475,-0.8393886111111111,-0.6553212777777778,-65.53212777777777,0.1983164983164983,0.5798721295713938
full_N2000_K100_H200_w_load_1p25_t0p05,training_seed_mean,3,30,0.7083333333333334,0.7099397675989074,0.07333333333333333,0.635,10.3275,6.1525,0.026539166666666666,0.218462,201.23413333333332,0.035416666666666666,0.013269583333333333,0.13653875000000001,-0.8384755555555555,-0.6532505555555556,-65.32505555555555,0.20134680134680136,0.5796230362886768
full_N2000_K100_H200_w_load_1p25_t0p05,training_seed_mean,4,30,0.5838333333333333,0.5893459014475042,0.05683333333333333,0.527,9.6375,5.7484,0.024789,0.21881883333333332,202.53875666666667,0.029191666666666668,0.0123945,0.13676177083333332,-0.8439114861111111,-0.6655635486111111,-66.55635486111112,0.17676767676767677,0.5723984237395727
full_N2000_K100_H200_w_load_1p25_t0p05,training_seed_mean,5,30,0.6281666666666667,0.6301411109137334,0.06233333333333333,0.5658333333333333,9.885166666666667,5.8937,0.025413833333333333,0.21863583333333333,202.07646166666666,0.03140833333333334,0.012706916666666667,0.13664739583333332,-0.8419852569444445,-0.6612226111111111,-66.12226111111111,0.18771043771043772,0.5749422506417753
full_N2000_K100_H200_w_load_1p5_t0p05,training_seed_mean,1,30,0.5641666666666667,0.5706909065864919,0.0575,0.5066666666666667,10.075666666666667,6.0109,0.025922833333333332,0.21350883333333334,202.41694666666666,0.028208333333333332,0.012961416666666666,0.160131625,-0.8434039444444444,-0.6421025694444444,-64.21025694444444,0.1951178451178451,0.5726242765205456
full_N2000_K100_H200_w_load_1p5_t0p05,training_seed_mean,2,30,0.6218333333333333,0.6315195873828664,0.06566666666666666,0.5561666666666667,10.3905,6.1949,0.02671583333333333,0.2131775,201.83316666666667,0.031091666666666667,0.013357916666666666,0.159883125,-0.8409715277777778,-0.6366388194444444,-63.66388194444445,0.2047138047138047,0.5744380712727114
full_N2000_K100_H200_w_load_1p5_t0p05,training_seed_mean,3,30,0.5308333333333334,0.5467878591488875,0.054,0.47683333333333333,9.870166666666666,5.8896999999999995,0.025396833333333334,0.2134085,202.81769666666668,0.02654166666666667,0.012698416666666667,0.160056375,-0.8450737361111111,-0.6457772777777778,-64.57772777777778,0.18821548821548822,0.5751381190510565
full_N2000_K100_H200_w_load_1p5_t0p05,training_seed_mean,4,30,0.5558333333333333,0.5666932092041038,0.05683333333333333,0.499,10.026833333333332,5.982,0.025797333333333332,0.21334983333333332,202.519635,0.027791666666666666,0.012898666666666666,0.16001237499999998,-0.8438318125,-0.6431291041666667,-64.31291041666667,0.1930976430976431,0.570257475388178
full_N2000_K100_H200_w_load_1p5_t0p05,training_seed_mean,5,30,0.6651666666666667,0.6691262324909935,0.07133333333333333,0.5938333333333333,10.658999999999999,6.3526,0.02739933333333333,0.21321116666666667,201.35038,0.033258333333333334,0.013699666666666666,0.159908375,-0.8389599166666667,-0.6320935416666666,-63.209354166666664,0.21632996632996634,0.5757883674819902
full_N2000_K100_H200_w_rate_0p5_t0p05,training_seed_mean,1,30,0.6841666666666667,0.6765869400110243,0.06533333333333334,0.6188333333333333,9.6495,5.7505,0.02479783333333333,0.21847183333333334,200.09816,0.034208333333333334,0.012398916666666666,0.10923591666666667,-0.4168711666666667,-0.261028,-26.102800000000002,0.17777777777777778,0.5738371633422608
full_N2000_K100_H200_w_rate_0p5_t0p05,training_seed_mean,2,30,0.5985,0.6047639711896567,0.05566666666666667,0.5428333333333333,9.192833333333333,5.4823,0.023630833333333334,0.21865383333333333,201.01495333333332,0.029925,0.011815416666666667,0.10932691666666666,-0.4187811527777778,-0.26771381944444445,-26.771381944444446,0.1595959595959596,0.5773445216403498
full_N2000_K100_H200_w_rate_0p5_t0p05,training_seed_mean,3,30,0.6631666666666667,0.6618219762571952,0.06316666666666666,0.6,9.535666666666668,5.6834999999999996,0.024508166666666668,0.21851916666666668,200.312415,0.03315833333333333,0.012254083333333334,0.10925958333333334,-0.41731753125,-0.26264553125,-26.264553125,0.17323232323232324,0.5799074112971884
full_N2000_K100_H200_w_rate_0p5_t0p05,training_seed_mean,4,30,0.625,0.631915494281589,0.059,0.566,9.326166666666667,5.5603,0.023968166666666665,0.218597,200.73502166666665,0.03125,0.011984083333333333,0.1092985,-0.4181979618055556,-0.2656653784722222,-26.56653784722222,0.16565656565656567,0.5768935841704373
full_N2000_K100_H200_w_rate_0p5_t0p05,training_seed_mean,5,30,0.7103333333333334,0.7090090061048313,0.0695,0.6408333333333334,9.797333333333333,5.8366999999999996,0.025166166666666667,0.21829033333333334,199.83132666666666,0.03551666666666667,0.012583083333333333,0.10914516666666667,-0.4163152638888889,-0.2590703472222222,-25.907034722222225,0.1846801346801347,0.5753126593610922
full_N2000_K100_H200_w_rate_0p75_t0p05,training_seed_mean,1,30,0.6358333333333334,0.629468065035498,0.059166666666666666,0.5766666666666667,9.387166666666667,5.5968,0.024126666666666668,0.2215435,201.456105,0.03179166666666667,0.012063333333333334,0.11077175,-0.629550328125,-0.47492357812499997,-47.492357812499996,0.17003367003367004,0.569395847151216
full_N2000_K100_H200_w_rate_0p75_t0p05,training_seed_mean,2,30,0.7076666666666667,0.7030636326545889,0.06883333333333333,0.6388333333333334,9.782,5.8279,0.025127833333333332,0.221041,200.70980166666666,0.035383333333333336,0.012563916666666666,0.1105205,-0.6272181302083333,-0.4687503802083333,-46.87503802083334,0.18602693602693604,0.5618950799568296
full_N2000_K100_H200_w_rate_0p75_t0p05,training_seed_mean,3,30,0.5371666666666667,0.5560537560749029,0.0495,0.4876666666666667,8.890666666666666,5.3047,0.022861833333333335,0.22203383333333332,202.50436166666668,0.026858333333333335,0.011430916666666667,0.11101691666666666,-0.6328261302083333,-0.48351996354166665,-48.351996354166666,0.15336700336700337,0.5816647454972063
full_N2000_K100_H200_w_rate_0p75_t0p05,training_seed_mean,4,30,0.5808333333333333,0.5899025442959581,0.05383333333333334,0.527,9.113333333333333,5.4357,0.0234255,0.2219825,202.02012,0.029041666666666667,0.01171275,0.11099125,-0.631312875,-0.47956720833333333,-47.956720833333335,0.1589225589225589,0.5776219612803282
full_N2000_K100_H200_w_rate_0p75_t0p05,training_seed_mean,5,30,0.7706666666666666,0.7763548706508561,0.07816666666666666,0.6925,10.069,5.9945,0.025854166666666664,0.22101466666666666,200.12093666666667,0.038533333333333336,0.012927083333333332,0.11050733333333333,-0.6253779270833333,-0.4634101770833333,-46.34101770833333,0.1968013468013468,0.565405632431768
full_N2000_K100_H200_w_rate_1p25_t0p05,training_seed_mean,1,30,0.58,0.5885809923154663,0.05366666666666667,0.5263333333333333,9.106666666666667,5.4318,0.023399333333333334,0.22853966666666667,203.70148666666665,0.029,0.011699666666666667,0.11426983333333333,-1.0609452430555555,-0.9059757430555555,-90.59757430555555,0.15841750841750843,0.5907756841854315
full_N2000_K100_H200_w_rate_1p25_t0p05,training_seed_mean,2,30,0.6035,0.6050590764495356,0.05583333333333333,0.5476666666666666,9.213666666666667,5.4947,0.02366983333333333,0.2279625,203.48429166666668,0.030175,0.011834916666666665,0.11398125,-1.0598140190972223,-0.9038228524305555,-90.38228524305555,0.16161616161616163,0.5827764357775701
full_N2000_K100_H200_w_rate_1p25_t0p05,training_seed_mean,3,30,0.5696666666666667,0.5774259326242741,0.052333333333333336,0.5173333333333333,9.0555,5.4019,0.023269833333333333,0.22866033333333333,203.80062833333332,0.028483333333333333,0.011634916666666667,0.11433016666666666,-1.0614616059027777,-0.9070131892361112,-90.70131892361111,0.15707070707070708,0.5916390230576468
full_N2000_K100_H200_w_rate_1p25_t0p05,training_seed_mean,4,30,0.588,0.5988181494163677,0.05483333333333333,0.5331666666666667,9.144166666666667,5.4536,0.023496,0.228331,203.62910666666667,0.0294,0.011748,0.1141655,-1.060568263888889,-0.9052547638888889,-90.52547638888889,0.1590909090909091,0.5849869303940713
full_N2000_K100_H200_w_rate_1p25_t0p05,training_seed_mean,5,30,0.8856666666666667,0.9050141250376972,0.09516666666666666,0.7905,10.522333333333334,6.2563,0.026980499999999998,0.22704366666666667,200.87441666666666,0.044283333333333334,0.013490249999999999,0.11352183333333334,-1.0462209201388888,-0.8749255034722222,-87.49255034722222,0.20993265993265994,0.5918452986272931
full_N2000_K100_H200_w_rate_1p5_t0p05,training_seed_mean,1,30,0.6565,0.6543712843908185,0.06216666666666667,0.5943333333333334,9.4915,5.6576,0.02439,0.23115816666666666,203.74026166666667,0.032825,0.012195,0.11557908333333333,-1.2733766354166667,-1.1127775520833334,-111.27775520833333,0.17373737373737375,0.5976530147535195
full_N2000_K100_H200_w_rate_1p5_t0p05,training_seed_mean,2,30,0.64,0.6347888784715157,0.059833333333333336,0.5801666666666667,9.415833333333333,5.6136,0.024196666666666665,0.231455,203.89891,0.032,0.012098333333333332,0.1157275,-1.2743681875,-1.1145423541666666,-111.45423541666666,0.1717171717171717,0.5985555397357127
full_N2000_K100_H200_w_rate_1p5_t0p05,training_seed_mean,3,30,0.5596666666666666,0.5699773978373713,0.051333333333333335,0.5083333333333333,8.998666666666667,5.3684,0.023130666666666667,0.232313,204.74503833333333,0.027983333333333332,0.011565333333333334,0.1161565,-1.2796564895833333,-1.1239513229166667,-112.39513229166667,0.1569023569023569,0.6011578521029208
full_N2000_K100_H200_w_rate_1p5_t0p05,training_seed_mean,4,30,0.731,0.7288919284083565,0.07200000000000001,0.659,9.874333333333333,5.8814,0.025358,0.23099533333333333,203.002625,0.03655,0.012679,0.11549766666666667,-1.26876640625,-1.1040397395833332,-110.40397395833334,0.18888888888888888,0.6048456551501609
full_N2000_K100_H200_w_rate_1p5_t0p05,training_seed_mean,5,30,0.4605,0.4606110919490677,0.03866666666666667,0.42183333333333334,8.390333333333333,5.011,0.021592,0.23312616666666666,206.01340166666665,0.023025,0.010796,0.11656308333333333,-1.2875837604166667,-1.1371996770833332,-113.71996770833333,0.13973063973063973,0.6143858116626865
