case_id,paper_name,method_id,N_sat,K,H,weight_id,tau_hyst,aggregation_unit,sample_sd_ddof,n_episodes_total,n_summary_units,weight_outage,weight_ho,weight_load,weight_rate,outage_percent_mean,outage_percent_sample_sd,outage_percent_n_units,outage_percent_n_valid_episodes_by_unit,hof_percent_mean,hof_percent_sample_sd,hof_percent_n_units,hof_percent_n_valid_episodes_by_unit,attempt_associated_outage_percent_mean,attempt_associated_outage_percent_sample_sd,attempt_associated_outage_percent_n_units,attempt_associated_outage_percent_n_valid_episodes_by_unit,nonattempt_outage_percent_mean,nonattempt_outage_percent_sample_sd,nonattempt_outage_percent_n_units,nonattempt_outage_percent_n_valid_episodes_by_unit,attempt_percent_mean,attempt_percent_sample_sd,attempt_percent_n_units,attempt_percent_n_valid_episodes_by_unit,executed_ho_per_user_min_mean,executed_ho_per_user_min_sample_sd,executed_ho_per_user_min_n_units,executed_ho_per_user_min_n_valid_episodes_by_unit,Cbar_mean,Cbar_sample_sd,Cbar_n_units,Cbar_n_valid_episodes_by_unit,Lbar_mean,Lbar_sample_sd,Lbar_n_units,Lbar_n_valid_episodes_by_unit,tp_Mbps_mean,tp_Mbps_sample_sd,tp_Mbps_n_units,tp_Mbps_n_valid_episodes_by_unit,weighted_outage_mean,weighted_outage_sample_sd,weighted_outage_n_units,weighted_outage_n_valid_episodes_by_unit,weighted_ho_mean,weighted_ho_sample_sd,weighted_ho_n_units,weighted_ho_n_valid_episodes_by_unit,weighted_load_mean,weighted_load_sample_sd,weighted_load_n_units,weighted_load_n_valid_episodes_by_unit,weighted_negative_rate_mean,weighted_negative_rate_sample_sd,weighted_negative_rate_n_units,weighted_negative_rate_n_valid_episodes_by_unit,J_user_mean,J_user_sample_sd,J_user_n_units,J_user_n_valid_episodes_by_unit,J_network_mean,J_network_sample_sd,J_network_n_units,J_network_n_valid_episodes_by_unit,pp_percent_mean,pp_percent_sample_sd,pp_percent_n_units,pp_percent_n_valid_episodes_by_unit,peak_normalized_mean,peak_normalized_sample_sd,peak_normalized_n_units,peak_normalized_n_valid_episodes_by_unit
full_N500_K100_H50_nominal_t0p05,Cox-PhysiCK,full,500,100,50,nominal,0.05,training_seed_mean,1,150,5,5.0,0.5,0.5,1.0,0.6426666666666666,0.05798850460795369,5,30;30;30;30;30,0.5431566912373821,0.02869667653528288,5,30;30;30;30;30,0.048,0.003999999999999999,5,30;30;30;30;30,0.5946666666666667,0.05400411506954303,5,30;30;30;30;30,8.869733333333333,0.30080359040410376,5,30;30;30;30;30,5.29304,0.1780891012948295,5,30;30;30;30;30,0.0225964,0.0007587853744270803,5,30;30;30;30;30,0.37568053333333334,6.103987767570331e-05,5,30;30;30;30;30,198.36740266666666,0.657452897503362,5,30;30;30;30;30,0.03213333333333333,0.002899425230397685,5,30;30;30;30;30,0.0112982,0.00037939268721354013,5,30;30;30;30;30,0.18784026666666667,3.0519938837851655e-05,5,30;30;30;30;30,-0.8265308444444445,0.0027393870729306327,5,30;30;30;30;30,-0.5952590444444444,0.006006532688893581,5,30;30;30;30;30,-59.52590444444444,0.6006532688893553,5,30;30;30;30;30,0.1897222222222222,0.012930473504931232,5,30;30;30;30;30,0.7476872196554738,0.004536876446992503,5,30;30;30;30;30
full_N500_K100_H200_nominal_t0p05,Cox-PhysiCK,full,500,100,200,nominal,0.05,training_seed_mean,1,150,5,5.0,0.5,0.5,1.0,0.6495,0.05902059433414368,5,30;30;30;30;30,0.6626159060802826,0.04573829453825357,5,30;30;30;30;30,0.060066666666666664,0.0060226424617622985,5,30;30;30;30;30,0.5894333333333334,0.053000340669764674,5,30;30;30;30;30,9.0505,0.3070930007523962,5,30;30;30;30;30,5.39426,0.18064313715167804,5,30;30;30;30;30,0.0231145,0.0007777551117729089,5,30;30;30;30;30,0.3781470333333333,0.0003891458488364891,5,30;30;30;30;30,198.24592333333334,0.6535152594739326,5,30;30;30;30;30,0.032475000000000004,0.0029510297167071853,5,30;30;30;30;30,0.01155725,0.00038887755588645447,5,30;30;30;30;30,0.18907351666666666,0.00019457292441824454,5,30;30;30;30;30,-0.8260246805555556,0.0027229802478080296,5,30;30;30;30;30,-0.5929189138888888,0.00592153429491704,5,30;30;30;30;30,-59.291891388888885,0.5921534294917057,5,30;30;30;30;30,0.16791245791245793,0.011381766308094673,5,30;30;30;30;30,0.8439031630657501,0.005366916485436443,5,30;30;30;30;30
full_N500_K100_H800_nominal_t0p05,Cox-PhysiCK,full,500,100,800,nominal,0.05,training_seed_mean,1,150,5,5.0,0.5,0.5,1.0,0.6930166666666666,0.0651743561639767,5,30;30;30;30;30,0.6931801538790938,0.05678262046508898,5,30;30;30;30;30,0.06342500000000001,0.00720197214502929,5,30;30;30;30;30,0.6295916666666667,0.057974808945111866,5,30;30;30;30;30,9.127941666666667,0.3161100145826519,5,30;30;30;30;30,5.43871,0.18535044729511727,5,30;30;30;30;30,0.02330645,0.0007960910781358503,5,30;30;30;30;30,0.37798615,0.00037941273906196417,5,30;30;30;30;30,198.23922608333334,0.6636848915000544,5,30;30;30;30;30,0.03465083333333333,0.0032587178081988355,5,30;30;30;30;30,0.011653225,0.00039804553906792515,5,30;30;30;30;30,0.188993075,0.00018970636953098208,5,30;30;30;30;30,-0.8259967753472223,0.00276535371458353,5,30;30;30;30;30,-0.5906996420138889,0.006233016345639032,5,30;30;30;30;30,-59.06996420138889,0.6233016345639005,5,30;30;30;30;30,0.16765246449456975,0.011746875456186082,5,30;30;30;30;30,0.913821913781863,0.0074420621969335105,5,30;30;30;30;30
full_N1000_K100_H50_nominal_t0p05,Cox-PhysiCK,full,1000,100,50,nominal,0.05,training_seed_mean,1,150,5,5.0,0.5,0.5,1.0,0.7010666666666666,0.09099035357907148,5,30;30;30;30;30,0.7062875328931406,0.10969039110801154,5,30;30;30;30;30,0.06546666666666667,0.013109792777411344,5,30;30;30;30;30,0.6355999999999999,0.07789251853961614,5,30;30;30;30;30,9.2568,0.41412005773956734,5,30;30;30;30;30,5.5148,0.24061936746654455,5,30;30;30;30;30,0.023712666666666667,0.0010362096527462225,5,30;30;30;30;30,0.28764613333333333,0.0005323735948039249,5,30;30;30;30;30,201.31897733333332,0.8620914203210127,5,30;30;30;30;30,0.03505333333333333,0.004549517678953573,5,30;30;30;30;30,0.011856333333333333,0.0005181048263731112,5,30;30;30;30;30,0.14382306666666667,0.00026618679740196246,5,30;30;30;30;30,-0.8388290722222222,0.0035920475846709012,5,30;30;30;30;30,-0.6480963388888888,0.008410211494928575,5,30;30;30;30;30,-64.80963388888888,0.8410211494928598,5,30;30;30;30;30,0.18291666666666667,0.018468828008963944,5,30;30;30;30;30,0.6258187977216144,0.0035760063384463812,5,30;30;30;30;30
full_N1000_K100_H200_nominal_t0p05,Cox-PhysiCK,full,1000,100,200,nominal,0.05,training_seed_mean,1,150,5,5.0,0.5,0.5,1.0,0.6669333333333333,0.089157522895653,5,30;30;30;30;30,0.6630891601582161,0.0850882850394541,5,30;30;30;30;30,0.06306666666666667,0.010955465404181708,5,30;30;30;30;30,0.6038666666666667,0.0782111991128295,5,30;30;30;30;30,9.4827,0.41693107277395886,5,30;30;30;30;30,5.6517800000000005,0.24359233772842698,5,30;30;30;30;30,0.024328166666666665,0.0010480026571743244,5,30;30;30;30;30,0.2877151333333333,0.0008947415781479522,5,30;30;30;30;30,201.32270733333334,0.8481796452686556,5,30;30;30;30;30,0.03334666666666667,0.004457876144782651,5,30;30;30;30;30,0.012164083333333332,0.0005240013285871622,5,30;30;30;30;30,0.14385756666666666,0.0004473707890739761,5,30;30;30;30;30,-0.8388446138888889,0.0035340818552860357,5,30;30;30;30;30,-0.6494762972222222,0.008069062868272284,5,30;30;30;30;30,-64.94762972222223,0.806906286827228,5,30;30;30;30;30,0.18127946127946126,0.015503487566407858,5,30;30;30;30;30,0.7332468487531529,0.0121294083601844,5,30;30;30;30;30
full_N1000_K100_H800_nominal_t0p05,Cox-PhysiCK,full,1000,100,800,nominal,0.05,training_seed_mean,1,150,5,5.0,0.5,0.5,1.0,0.69625,0.09178325445641547,5,30;30;30;30;30,0.6822213695489895,0.09013590360251036,5,30;30;30;30;30,0.06545833333333334,0.011617567815358104,5,30;30;30;30;30,0.6307916666666666,0.08017414855938425,5,30;30;30;30;30,9.550641666666667,0.4232927859518617,5,30;30;30;30;30,5.69111,0.2470176262688555,5,30;30;30;30;30,0.024491,0.001064608242125425,5,30;30;30;30;30,0.28681603333333333,0.00045102358835979886,5,30;30;30;30;30,201.30438933333335,0.8656453742071082,5,30;30;30;30;30,0.034812499999999996,0.004589162722820773,5,30;30;30;30;30,0.0122455,0.0005323041210627125,5,30;30;30;30;30,0.14340801666666667,0.00022551179417989943,5,30;30;30;30;30,-0.8387682888888889,0.0036068557258629084,5,30;30;30;30;30,-0.6483022722222223,0.00850225147367463,5,30;30;30;30;30,-64.83022722222222,0.8502251473674605,5,30;30;30;30;30,0.1773517126148705,0.015667067399428507,5,30;30;30;30;30,0.8025235234479956,0.007132241121004204,5,30;30;30;30;30
full_N2000_K100_H50_nominal_t0p05,Cox-PhysiCK,full,2000,100,50,nominal,0.05,training_seed_mean,1,150,5,5.0,0.5,0.5,1.0,0.6108,0.08190699332508525,5,30;30;30;30;30,0.6791493047108886,0.05981608258978084,5,30;30;30;30;30,0.0616,0.008466929129790142,5,30;30;30;30;30,0.5492,0.07348832106759096,5,30;30;30;30;30,8.98,0.44851037396648424,5,30;30;30;30;30,5.35104,0.2640535703223873,5,30;30;30;30;30,0.023059466666666667,0.0011507831536248115,5,30;30;30;30;30,0.22517346666666668,0.0008366049645242698,5,30;30;30;30;30,202.61491466666666,0.9304136922585645,5,30;30;30;30;30,0.03054,0.0040953496662542626,5,30;30;30;30;30,0.011529733333333334,0.0005753915768124057,5,30;30;30;30;30,0.11258673333333334,0.0004183024822621349,5,30;30;30;30;30,-0.8442288111111111,0.003876723717744069,5,30;30;30;30;30,-0.6895723444444445,0.008160520267229769,5,30;30;30;30;30,-68.95723444444445,0.816052026722973,5,30;30;30;30;30,0.16583333333333333,0.016633357919524625,5,30;30;30;30;30,0.5228863624985683,0.008922375225561533,5,30;30;30;30;30
full_N2000_K100_H200_nominal_t0p05,Cox-PhysiCK,full,2000,100,200,nominal,0.05,training_seed_mean,1,150,5,5.0,0.5,0.5,1.0,0.6088666666666667,0.0888039663778845,5,30;30;30;30;30,0.618487745435468,0.0784563650364644,5,30;30;30;30;30,0.05753333333333333,0.010160107173537974,5,30;30;30;30;30,0.5513333333333333,0.07865368890127007,5,30;30;30;30;30,9.2479,0.46329955812147694,5,30;30;30;30;30,5.51422,0.2718901837139397,5,30;30;30;30;30,0.023769566666666665,0.0011787450459422237,5,30;30;30;30;30,0.22484966666666667,0.00027107917047730683,5,30;30;30;30;30,202.608977,0.9593783965871016,5,30;30;30;30;30,0.030443333333333333,0.0044401983188942255,5,30;30;30;30;30,0.011884783333333333,0.0005893725229711118,5,30;30;30;30;30,0.11242483333333333,0.00013553958523865341,5,30;30;30;30;30,-0.8442040708333334,0.003997409985779604,5,30;30;30;30;30,-0.6894511208333334,0.008895854263065488,5,30;30;30;30;30,-68.94511208333333,0.8895854263065489,5,30;30;30;30;30,0.1653872053872054,0.01601964862757694,5,30;30;30;30;30,0.595856094889833,0.002197038335148821,5,30;30;30;30;30
full_N2000_K100_H800_nominal_t0p05,Cox-PhysiCK,full,2000,100,800,nominal,0.05,training_seed_mean,1,150,5,5.0,0.5,0.5,1.0,0.6602166666666667,0.09754711023540258,5,30;30;30;30;30,0.6858169961185444,0.08911571415878362,5,30;30;30;30;30,0.06404166666666666,0.011551552625320786,5,30;30;30;30;30,0.596175,0.08600191979446352,5,30;30;30;30;30,9.289083333333334,0.47161308128326984,5,30;30;30;30;30,5.535025,0.27604780892537434,5,30;30;30;30;30,0.023835125,0.001190535029044481,5,30;30;30;30;30,0.22465993333333334,0.0002589479694225404,5,30;30;30;30;30,202.56830516666668,0.9778714672213864,5,30;30;30;30;30,0.03301083333333333,0.004877355511770127,5,30;30;30;30;30,0.0119175625,0.0005952675145222405,5,30;30;30;30;30,0.11232996666666667,0.0001294739847112702,5,30;30;30;30;30,-0.8440346048611111,0.00407446444675575,5,30;30;30;30;30,-0.6867762423611111,0.009416267011199572,5,30;30;30;30;30,-68.67762423611111,0.9416267011199608,5,30;30;30;30;30,0.16750208855472012,0.015441977590539476,5,30;30;30;30;30,0.6598305744031777,0.0051107558195325805,5,30;30;30;30;30
full_N2000_K200_H200_nominal_t0p05,Cox-PhysiCK,full,2000,200,200,nominal,0.05,training_seed_mean,1,150,5,5.0,0.5,0.5,1.0,0.8772666666666666,0.12916019338618057,5,30;30;30;30;30,0.8685028946543869,0.13287206903654566,5,30;30;30;30;30,0.08065,0.01626061619031975,5,30;30;30;30;30,0.7966166666666666,0.11290337560153914,5,30;30;30;30;30,9.227233333333334,0.45930698627267674,5,30;30;30;30;30,5.48795,0.2658292990811959,5,30;30;30;30;30,0.023664249999999998,0.0011506336916504367,5,30;30;30;30;30,0.35017173333333335,0.0008850301556381658,5,30;30;30;30;30,198.327782,1.0241225437023134,5,30;30;30;30;30,0.04386333333333334,0.006458009669309026,5,30;30;30;30;30,0.011832124999999999,0.0005753168458252183,5,30;30;30;30;30,0.17508586666666667,0.0004425150778190829,5,30;30;30;30;30,-0.8263657583333334,0.004267177265426336,5,30;30;30;30;30,-0.5955844333333333,0.010859726513275795,5,30;30;30;30;30,-119.11688666666667,2.1719453026551534,5,30;30;30;30;30,0.1652861952861953,0.015111666641450704,5,30;30;30;30;30,0.8469485984028174,0.0019992543777950724,5,30;30;30;30;30
full_N2000_K300_H200_nominal_t0p05,Cox-PhysiCK,full,2000,300,200,nominal,0.05,training_seed_mean,1,150,5,5.0,0.5,0.5,1.0,1.2663444444444445,0.18746982226283584,5,30;30;30;30;30,1.2934410826363498,0.18987422931436304,5,30;30;30;30;30,0.1197,0.023368643916978116,5,30;30;30;30;30,1.1466444444444446,0.16410469125335214,5,30;30;30;30;30,9.197222222222221,0.45282850601988134,5,30;30;30;30;30,5.446513333333333,0.25768435428726433,5,30;30;30;30;30,0.023487055555555556,0.00111165884277329,5,30;30;30;30;30,0.4709340111111111,0.0015897955617268555,5,30;30;30;30;30,194.44866255555556,1.12797776099337,5,30;30;30;30;30,0.06331722222222222,0.009373491113141792,5,30;30;30;30;30,0.011743527777777778,0.000555829421386645,5,30;30;30;30;30,0.23546700555555555,0.0007948977808634278,5,30;30;30;30;30,-0.8102027606481481,0.00469990733747235,5,30;30;30;30;30,-0.4996750050925926,0.013832448801571326,5,30;30;30;30;30,-149.9025015277778,4.149734640471395,5,30;30;30;30;30,0.162334455667789,0.014965100061108634,5,30;30;30;30;30,0.9533780359444766,0.0023317772274018167,5,30;30;30;30;30
full_N2000_K400_H200_nominal_t0p05,Cox-PhysiCK,full,2000,400,200,nominal,0.05,training_seed_mean,1,150,5,5.0,0.5,0.5,1.0,1.9303916666666667,0.26861731963840724,5,30;30;30;30;30,2.0481913365637006,0.2787550211408933,5,30;30;30;30;30,0.18798333333333334,0.03463201393059446,5,30;30;30;30;30,1.7424083333333333,0.2339972722864521,5,30;30;30;30;30,9.131716666666666,0.44368455640271925,5,30;30;30;30;30,5.36624,0.24545940257504906,5,30;30;30;30;30,0.023147599999999997,0.0010583532620334964,5,30;30;30;30;30,0.5822592249999999,0.0027315173703672726,5,30;30;30;30;30,190.42835258333335,1.2643660296741375,5,30;30;30;30;30,0.09651958333333333,0.01343086598192036,5,30;30;30;30;30,0.011573799999999999,0.0005291766310167482,5,30;30;30;30;30,0.29112961249999997,0.0013657586851836363,5,30;30;30;30;30,-0.7934514690972222,0.0052681917903089235,5,30;30;30;30;30,-0.3942284732638889,0.017862320996607554,5,30;30;30;30;30,-157.69138930555556,7.1449283986430165,5,30;30;30;30;30,0.15721380471380472,0.013701308278878655,5,30;30;30;30;30,0.9827203541974519,0.00015782562528260662,5,30;30;30;30;30
full_N2000_K500_H200_nominal_t0p05,Cox-PhysiCK,full,2000,500,200,nominal,0.05,training_seed_mean,1,150,5,5.0,0.5,0.5,1.0,3.05128,0.38361127068948325,5,30;30;30;30;30,3.404542375821474,0.38110743206548714,5,30;30;30;30;30,0.30806666666666666,0.0489776422916053,5,30;30;30;30;30,2.7432133333333333,0.33463607230675074,5,30;30;30;30;30,9.012453333333333,0.42900447200466346,5,30;30;30;30;30,5.222632,0.22802903481793713,5,30;30;30;30;30,0.022517226666666664,0.0009813886806176461,5,30;30;30;30;30,0.6769173199999999,0.004679957347894443,5,30;30;30;30;30,185.6486898,1.4469565103589468,5,30;30;30;30;30,0.152564,0.019180563534474164,5,30;30;30;30;30,0.011258613333333332,0.0004906943403088231,5,30;30;30;30;30,0.33845865999999997,0.0023399786739472213,5,30;30;30;30;30,-0.7735362075,0.006028985459828978,5,30;30;30;30;30,-0.2712549341666667,0.02335997152153148,5,30;30;30;30;30,-135.62746708333333,11.679985760765739,5,30;30;30;30;30,0.15054545454545454,0.013237407030542062,5,30;30;30;30;30,0.99189915718923,0.0010326492910579992,5,30;30;30;30;30
mlp213_N500_K100_H50_nominal_t0p05,TGN-MLP,mlp213,500,100,50,nominal,0.05,training_seed_mean,1,150,5,5.0,0.5,0.5,1.0,0.8265333333333333,0.1400153959788391,5,30;30;30;30;30,0.7119316927213509,0.14345441278718282,5,30;30;30;30;30,0.06906666666666667,0.018520859111343144,5,30;30;30;30;30,0.7574666666666666,0.12157795852867409,5,30;30;30;30;30,9.66,0.5618886801572787,5,30;30;30;30;30,5.75456,0.3260935571273984,5,30;30;30;30;30,0.024532533333333332,0.0014001135985658058,5,30;30;30;30;30,0.3905902666666667,0.00022112369590094572,5,30;30;30;30;30,197.04508,1.134203561241692,5,30;30;30;30;30,0.041326666666666664,0.007000769798941953,5,30;30;30;30;30,0.012266266666666666,0.0007000567992829029,5,30;30;30;30;30,0.19529513333333334,0.00011056184795047286,5,30;30;30;30;30,-0.8210211666666667,0.004725848171840402,5,30;30;30;30;30,-0.5721331000000001,0.012334355336888128,5,30;30;30;30;30,-57.21331,1.2334355336888116,5,30;30;30;30;30,0.25333333333333335,0.02688854453406681,5,30;30;30;30;30,0.7573372536018211,0.007353917924710705,5,30;30;30;30;30
mlp213_N500_K100_H200_nominal_t0p05,TGN-MLP,mlp213,500,100,200,nominal,0.05,training_seed_mean,1,150,5,5.0,0.5,0.5,1.0,0.8276666666666667,0.13701545938729365,5,30;30;30;30;30,0.8386437384290976,0.1435248894950993,5,30;30;30;30;30,0.08303333333333333,0.019419491926069198,5,30;30;30;30;30,0.7446333333333334,0.117604409875745,5,30;30;30;30;30,9.827166666666667,0.552633455475789,5,30;30;30;30;30,5.84648,0.31994336530079825,5,30;30;30;30;30,0.0250248,0.001367968513079807,5,30;30;30;30;30,0.39341033333333336,0.0008394145694735486,5,30;30;30;30;30,196.934509,1.1046819607072216,5,30;30;30;30;30,0.041383333333333334,0.006850772969364681,5,30;30;30;30;30,0.0125124,0.0006839842565399035,5,30;30;30;30;30,0.19670516666666668,0.0004197072847367743,5,30;30;30;30;30,-0.8205604541666667,0.004602841502946713,5,30;30;30;30;30,-0.5699595541666667,0.011759744242034093,5,30;30;30;30;30,-56.99595541666667,1.1759744242034118,5,30;30;30;30;30,0.23168350168350169,0.02502235167183113,5,30;30;30;30;30,0.8575048185917639,0.003969855930442885,5,30;30;30;30;30
mlp213_N500_K100_H800_nominal_t0p05,TGN-MLP,mlp213,500,100,800,nominal,0.05,training_seed_mean,1,150,5,5.0,0.5,0.5,1.0,0.8823833333333333,0.1467216616827401,5,30;30;30;30;30,0.8793297570159878,0.15489259580860348,5,30;30;30;30;30,0.08780833333333334,0.02093420579392068,5,30;30;30;30;30,0.794575,0.12579045006036382,5,30;30;30;30;30,9.906941666666667,0.5518966591635006,5,30;30;30;30;30,5.89148,0.3185966427161465,5,30;30;30;30;30,0.025231483333333332,0.0013673286835356913,5,30;30;30;30;30,0.3927215666666667,0.000978049529658548,5,30;30;30;30;30,196.91853041666667,1.1190538504383172,5,30;30;30;30;30,0.04411916666666667,0.007336083084137005,5,30;30;30;30;30,0.012615741666666666,0.0006836643417678456,5,30;30;30;30;30,0.19636078333333334,0.000489024764829274,5,30;30;30;30;30,-0.8204938767361111,0.004662724376826284,5,30;30;30;30;30,-0.5673981850694444,0.0121927028995234,5,30;30;30;30;30,-56.739818506944445,1.2192702899523402,5,30;30;30;30;30,0.22973266499582287,0.02528644518304741,5,30;30;30;30;30,0.9094219631198757,0.0018367308299542305,5,30;30;30;30;30
mlp213_N1000_K100_H50_nominal_t0p05,TGN-MLP,mlp213,1000,100,50,nominal,0.05,training_seed_mean,1,150,5,5.0,0.5,0.5,1.0,0.8653333333333333,0.046240915023626226,5,30;30;30;30;30,0.878571222498962,0.03642537989625425,5,30;30;30;30;30,0.08773333333333333,0.005589673017667887,5,30;30;30;30;30,0.7776,0.04084278802106109,5,30;30;30;30;30,10.039866666666667,0.22616631048854316,5,30;30;30;30;30,5.97128,0.13244059800529467,5,30;30;30;30;30,0.0256924,0.0005652043091759919,5,30;30;30;30;30,0.29492826666666666,0.00046693030648172477,5,30;30;30;30;30,200.29037333333332,0.4208585303347871,5,30;30;30;30;30,0.04326666666666667,0.0023120457511813133,5,30;30;30;30;30,0.0128462,0.00028260215458799596,5,30;30;30;30;30,0.14746413333333333,0.00023346515324086238,5,30;30;30;30;30,-0.8345432222222222,0.001753577209728287,5,30;30;30;30;30,-0.6309662222222222,0.004191280923593434,5,30;30;30;30;30,-63.09662222222222,0.4191280923593438,5,30;30;30;30;30,0.2452777777777778,0.012012082394688699,5,30;30;30;30;30,0.6329361312216899,0.0032347190205808986,5,30;30;30;30;30
mlp213_N1000_K100_H200_nominal_t0p05,TGN-MLP,mlp213,1000,100,200,nominal,0.05,training_seed_mean,1,150,5,5.0,0.5,0.5,1.0,0.8319666666666666,0.05038055180325044,5,30;30;30;30;30,0.8254136102344155,0.05414424028114845,5,30;30;30;30;30,0.0846,0.007402702209328698,5,30;30;30;30;30,0.7473666666666666,0.04298956591753139,5,30;30;30;30;30,10.246366666666667,0.21819787146329134,5,30;30;30;30;30,6.09706,0.12648841053630155,5,30;30;30;30;30,0.026245166666666667,0.0005421816013928262,5,30;30;30;30;30,0.2930241,0.0003240648426198318,5,30;30;30;30;30,200.34452,0.4287742498794913,5,30;30;30;30;30,0.041598333333333334,0.0025190275901625214,5,30;30;30;30;30,0.013122583333333333,0.0002710908006964131,5,30;30;30;30;30,0.14651205,0.0001620324213099159,5,30;30;30;30;30,-0.8347688333333333,0.0017865593744978829,5,30;30;30;30;30,-0.6335358666666666,0.004413969300696944,5,30;30;30;30;30,-63.353586666666665,0.4413969300696945,5,30;30;30;30;30,0.24340067340067342,0.012056975316726927,5,30;30;30;30;30,0.7014291750022209,0.006909929554884489,5,30;30;30;30;30
mlp213_N1000_K100_H800_nominal_t0p05,TGN-MLP,mlp213,1000,100,800,nominal,0.05,training_seed_mean,1,150,5,5.0,0.5,0.5,1.0,0.8730583333333333,0.05553982711382285,5,30;30;30;30;30,0.8560761419702281,0.05529542735229823,5,30;30;30;30;30,0.08838333333333333,0.007653147046948871,5,30;30;30;30;30,0.784675,0.047888410146807864,5,30;30;30;30;30,10.313116666666666,0.222291743595738,5,30;30;30;30;30,6.13484,0.12878707791350807,5,30;30;30;30;30,0.02639933333333333,0.0005516902366251366,5,30;30;30;30;30,0.29303087499999997,0.00038270061573601066,5,30;30;30;30;30,200.27360525,0.43954738032787494,5,30;30;30;30;30,0.043652916666666666,0.002776991355691144,5,30;30;30;30;30,0.013199666666666665,0.0002758451183125683,5,30;30;30;30;30,0.14651543749999998,0.00019135030786800533,5,30;30;30;30;30,-0.8344733552083333,0.0018314474180327466,5,30;30;30;30;30,-0.631105334375,0.004693471193941707,5,30;30;30;30;30,-63.1105334375,0.46934711939417484,5,30;30;30;30;30,0.238312447786132,0.011415375992367647,5,30;30;30;30;30,0.77441929972606,0.005945488675524199,5,30;30;30;30;30
mlp213_N2000_K100_H50_nominal_t0p05,TGN-MLP,mlp213,2000,100,50,nominal,0.05,training_seed_mean,1,150,5,5.0,0.5,0.5,1.0,0.8048,0.0596795144454481,5,30;30;30;30;30,0.8078058371440531,0.0332677650177595,5,30;30;30;30;30,0.08066666666666666,0.005312459150169747,5,30;30;30;30;30,0.7241333333333333,0.05442711742423171,5,30;30;30;30;30,9.948933333333333,0.2628474842946002,5,30;30;30;30;30,5.92096,0.15455836438057957,5,30;30;30;30;30,0.025513866666666666,0.0006655190789484874,5,30;30;30;30;30,0.23053653333333332,0.00036692033649463485,5,30;30;30;30;30,201.20529466666667,0.4967575025972626,5,30;30;30;30;30,0.04024,0.0029839757222724053,5,30;30;30;30;30,0.012756933333333333,0.0003327595394742437,5,30;30;30;30;30,0.11526826666666666,0.00018346016824731743,5,30;30;30;30;30,-0.8383553944444444,0.0020698229274886248,5,30;30;30;30;30,-0.6700901944444444,0.005208487886706892,5,30;30;30;30;30,-67.00901944444445,0.5208487886706898,5,30;30;30;30;30,0.22319444444444445,0.01223287099237335,5,30;30;30;30;30,0.5252546112330946,0.00398474049737291,5,30;30;30;30;30
mlp213_N2000_K100_H200_nominal_t0p05,TGN-MLP,mlp213,2000,100,200,nominal,0.05,training_seed_mean,1,150,5,5.0,0.5,0.5,1.0,0.8156,0.061437027380345566,5,30;30;30;30;30,0.8280160306455007,0.06706545833248297,5,30;30;30;30;30,0.08476666666666667,0.008910511894511013,5,30;30;30;30;30,0.7308333333333333,0.052531604243963866,5,30;30;30;30;30,10.223466666666667,0.25052055249464494,5,30;30;30;30;30,6.08322,0.14497057287601497,5,30;30;30;30;30,0.026228566666666668,0.0006265802533505892,5,30;30;30;30;30,0.23053046666666666,0.0002462982440051094,5,30;30;30;30;30,201.16876433333334,0.5045536115862429,5,30;30;30;30;30,0.04078,0.0030718513690172803,5,30;30;30;30;30,0.013114283333333334,0.0003132901266752946,5,30;30;30;30;30,0.11526523333333333,0.0001231491220025547,5,30;30;30;30;30,-0.8382031847222222,0.002102306714942685,5,30;30;30;30;30,-0.6690436680555556,0.005371232372316434,5,30;30;30;30;30,-66.90436680555555,0.5371232372316426,5,30;30;30;30;30,0.22905723905723907,0.009624418782738585,5,30;30;30;30;30,0.6043232156573681,0.0016497387465801716,5,30;30;30;30;30
mlp213_N2000_K100_H800_nominal_t0p05,TGN-MLP,mlp213,2000,100,800,nominal,0.05,training_seed_mean,1,150,5,5.0,0.5,0.5,1.0,0.8873833333333333,0.06641301615856475,5,30;30;30;30;30,0.9114575758657283,0.0669281782007865,5,30;30;30;30;30,0.09375,0.009163683226616783,5,30;30;30;30;30,0.7936333333333333,0.057251049238323054,5,30;30;30;30;30,10.274941666666667,0.2513877034195505,5,30;30;30;30;30,6.108715,0.14533514672989453,5,30;30;30;30;30,0.026306025,0.0006280506987563444,5,30;30;30;30;30,0.23072416666666667,0.0002587858251500865,5,30;30;30;30;30,201.07423775,0.5133978403007485,5,30;30;30;30;30,0.04436916666666667,0.0033206508079282357,5,30;30;30;30;30,0.0131530125,0.0003140253493781722,5,30;30;30;30;30,0.11536208333333334,0.00012939291257504324,5,30;30;30;30;30,-0.8378093239583333,0.002139157667919838,5,30;30;30;30;30,-0.6649250614583333,0.005646677878797671,5,30;30;30;30;30,-66.49250614583333,0.564667787879768,5,30;30;30;30;30,0.23041771094402672,0.01056517241157925,5,30;30;30;30;30,0.668644660402798,0.003348717561357595,5,30;30;30;30;30
mlp213_N2000_K200_H200_nominal_t0p05,TGN-MLP,mlp213,2000,200,200,nominal,0.05,training_seed_mean,1,150,5,5.0,0.5,0.5,1.0,1.1732500000000001,0.08500034722151303,5,30;30;30;30;30,1.1818816790164985,0.09000812481812831,5,30;30;30;30;30,0.12058333333333333,0.012098984117134243,5,30;30;30;30;30,1.0526666666666666,0.0729103330582618,5,30;30;30;30;30,10.188683333333334,0.24921450488373328,5,30;30;30;30;30,6.04086,0.14227145883837697,5,30;30;30;30;30,0.026042266666666664,0.000612894726550435,5,30;30;30;30;30,0.36098545,0.0004036622135386132,5,30;30;30;30;30,196.570641,0.5467587445381779,5,30;30;30;30;30,0.0586625,0.004250017361075653,5,30;30;30;30;30,0.013021133333333332,0.0003064473632752175,5,30;30;30;30;30,0.180492725,0.0002018311067693066,5,30;30;30;30;30,-0.8190443375,0.002278161435575698,5,30;30;30;30;30,-0.5668679791666666,0.006636896691787829,5,30;30;30;30;30,-113.37359583333333,1.3273793383575727,5,30;30;30;30;30,0.2269023569023569,0.010424906614098976,5,30;30;30;30;30,0.8630577907520368,0.0035702092853173574,5,30;30;30;30;30
mlp213_N2000_K300_H200_nominal_t0p05,TGN-MLP,mlp213,2000,300,200,nominal,0.05,training_seed_mean,1,150,5,5.0,0.5,0.5,1.0,1.712811111111111,0.12338507798407317,5,30;30;30;30;30,1.7481494060592104,0.11821603516685261,5,30;30;30;30;30,0.17743333333333333,0.016245293715449846,5,30;30;30;30;30,1.5353777777777777,0.10714038615610366,5,30;30;30;30;30,10.139466666666667,0.2447164603937675,5,30;30;30;30;30,5.97722,0.13708395156902137,5,30;30;30;30;30,0.025763055555555556,0.0005879618279370787,5,30;30;30;30;30,0.48571532222222225,0.0007838671500647398,5,30;30;30;30;30,192.2689828888889,0.6172816676159691,5,30;30;30;30;30,0.08564055555555555,0.0061692538992036555,5,30;30;30;30;30,0.012881527777777778,0.00029398091396853936,5,30;30;30;30;30,0.24285766111111112,0.0003919335750323699,5,30;30;30;30;30,-0.8011207620370371,0.0025720069483998378,5,30;30;30;30;30,-0.4597410175925926,0.008643648435263879,5,30;30;30;30;30,-137.92230527777778,2.5930945305791617,5,30;30;30;30;30,0.22288439955106623,0.010210113480476233,5,30;30;30;30;30,0.9588187290049577,0.0009097948939802,5,30;30;30;30;30
mlp213_N2000_K400_H200_nominal_t0p05,TGN-MLP,mlp213,2000,400,200,nominal,0.05,training_seed_mean,1,150,5,5.0,0.5,0.5,1.0,2.5961166666666666,0.1785018124518938,5,30;30;30;30;30,2.7430150557527453,0.17304696612510795,5,30;30;30;30;30,0.27585,0.02390934484324765,5,30;30;30;30;30,2.320266666666667,0.15459805242143265,5,30;30;30;30;30,10.049558333333334,0.23871159631504638,5,30;30;30;30;30,5.864225,0.128887435142065,5,30;30;30;30;30,0.025281025,0.0005537918097772726,5,30;30;30;30;30,0.5985670166666667,0.0018925913302213846,5,30;30;30;30;30,187.75216616666665,0.6968003508193965,5,30;30;30;30;30,0.12980583333333334,0.008925090622594691,5,30;30;30;30;30,0.0126405125,0.0002768959048886363,5,30;30;30;30;30,0.29928350833333334,0.0009462956651106923,5,30;30;30;30;30,-0.7823006923611111,0.0029033347950808246,5,30;30;30;30;30,-0.34057083819444445,0.01115989829857354,5,30;30;30;30;30,-136.22833527777777,4.463959319429412,5,30;30;30;30;30,0.21505050505050505,0.009629018899424796,5,30;30;30;30;30,0.9835887118698121,0.0009892444080406774,5,30;30;30;30;30
mlp213_N2000_K500_H200_nominal_t0p05,TGN-MLP,mlp213,2000,500,200,nominal,0.05,training_seed_mean,1,150,5,5.0,0.5,0.5,1.0,4.12588,0.2510596272689906,5,30;30;30;30;30,4.525057713000795,0.24326527727621874,5,30;30;30;30;30,0.4472066666666667,0.03418382821029721,5,30;30;30;30;30,3.6786733333333332,0.21687640156447532,5,30;30;30;30;30,9.87936,0.22557537961596974,5,30;30;30;30;30,5.659292,0.11483686916665747,5,30;30;30;30;30,0.024378833333333332,0.0004933792574345498,5,30;30;30;30;30,0.69053104,0.002989216199422331,5,30;30;30;30;30,182.19473486666666,0.8133558988661167,5,30;30;30;30;30,0.206294,0.012552981363449525,5,30;30;30;30;30,0.012189416666666666,0.0002466896287172749,5,30;30;30;30;30,0.34526552,0.0014946080997111655,5,30;30;30;30;30,-0.7591447286111112,0.003388982911942158,5,30;30;30;30;30,-0.19539579194444445,0.014694036492870384,5,30;30;30;30;30,-97.69789597222223,7.347018246435192,5,30;30;30;30;30,0.20392592592592593,0.008823656159736626,5,30;30;30;30;30,0.9918770742980477,0.0005830602714907416,5,30;30;30;30;30
kan_generic_N500_K100_H50_nominal_t0p05,TGN-KAN,kan_generic,500,100,50,nominal,0.05,training_seed_mean,1,150,5,5.0,0.5,0.5,1.0,1.0138666666666667,0.12356680604254347,5,30;30;30;30;30,0.9009671939904538,0.1375654108778336,5,30;30;30;30;30,0.09426666666666667,0.0182245255996784,5,30;30;30;30;30,0.9196,0.10534767834809332,5,30;30;30;30;30,10.446266666666666,0.44915589968542335,5,30;30;30;30;30,6.2112,0.2585671286146016,5,30;30;30;30;30,0.026486666666666665,0.0011099793791878392,5,30;30;30;30;30,0.3798805333333333,0.0007754868578297444,5,30;30;30;30;30,196.71495333333334,0.8969220034837676,5,30;30;30;30;30,0.05069333333333333,0.006178340302127174,5,30;30;30;30;30,0.013243333333333333,0.0005549896895939196,5,30;30;30;30;30,0.18994026666666666,0.0003877434289148722,5,30;30;30;30;30,-0.8196456388888889,0.0037371750145156935,5,30;30;30;30;30,-0.5657687055555556,0.010106920135034817,5,30;30;30;30;30,-56.57687055555555,1.0106920135034818,5,30;30;30;30;30,0.2811111111111111,0.017991338794123648,5,30;30;30;30;30,0.736105438473911,0.006718735883846761,5,30;30;30;30;30
kan_generic_N500_K100_H200_nominal_t0p05,TGN-KAN,kan_generic,500,100,200,nominal,0.05,training_seed_mean,1,150,5,5.0,0.5,0.5,1.0,1.0115666666666665,0.12205404085440544,5,30;30;30;30;30,1.0400767432540843,0.12882057445658587,5,30;30;30;30;30,0.11093333333333333,0.018275134898422925,5,30;30;30;30;30,0.9006333333333334,0.10378512792196087,5,30;30;30;30;30,10.619966666666667,0.45655914792670127,5,30;30;30;30;30,6.30542,0.2629803832988307,5,30;30;30;30;30,0.026999366666666667,0.0011316334089369322,5,30;30;30;30;30,0.3831023666666667,0.0008110182420198082,5,30;30;30;30;30,196.60471066666668,0.890216105591006,5,30;30;30;30;30,0.050578333333333336,0.006102702042720277,5,30;30;30;30;30,0.013499683333333333,0.0005658167044684661,5,30;30;30;30;30,0.19155118333333335,0.0004055091210099041,5,30;30;30;30;30,-0.8191862944444445,0.0037092337732958463,5,30;30;30;30;30,-0.5635570944444445,0.009974628946793953,5,30;30;30;30;30,-56.35570944444444,0.9974628946793969,5,30;30;30;30;30,0.25636363636363635,0.02054334274864222,5,30;30;30;30;30,0.8483201599488208,0.006856817759585554,5,30;30;30;30;30
kan_generic_N500_K100_H800_nominal_t0p05,TGN-KAN,kan_generic,500,100,800,nominal,0.05,training_seed_mean,1,150,5,5.0,0.5,0.5,1.0,1.0803166666666666,0.13020720199508512,5,30;30;30;30;30,1.093269924937938,0.13922835586623236,5,30;30;30;30;30,0.11745833333333333,0.019696283314089715,5,30;30;30;30;30,0.9628583333333334,0.1105263865240132,5,30;30;30;30;30,10.695908333333334,0.45013723543955614,5,30;30;30;30;30,6.34707,0.25829106123228507,5,30;30;30;30;30,0.027193683333333333,0.0011112474653920603,5,30;30;30;30;30,0.3828980166666667,0.0010330276490901457,5,30;30;30;30;30,196.5461695,0.9012395933688135,5,30;30;30;30;30,0.05401583333333333,0.006510360099754253,5,30;30;30;30;30,0.013596841666666666,0.0005556237326960301,5,30;30;30;30;30,0.19144900833333334,0.0005165138245450729,5,30;30;30;30;30,-0.8189423729166666,0.0037551649723700665,5,30;30;30;30;30,-0.5598806895833334,0.010303336903523945,5,30;30;30;30;30,-55.988068958333336,1.0303336903523939,5,30;30;30;30;30,0.2535672514619883,0.019907785442326124,5,30;30;30;30;30,0.9029219304464874,0.005888135118928205,5,30;30;30;30;30
kan_generic_N1000_K100_H50_nominal_t0p05,TGN-KAN,kan_generic,1000,100,50,nominal,0.05,training_seed_mean,1,150,5,5.0,0.5,0.5,1.0,0.9698666666666667,0.17292734505180687,5,30;30;30;30;30,0.9830671192723077,0.1528907445450885,5,30;30;30;30;30,0.10426666666666667,0.02423312700508221,5,30;30;30;30;30,0.8656,0.14874407551227037,5,30;30;30;30;30,10.562533333333334,0.7536756449413621,5,30;30;30;30;30,6.27496,0.43769675347208126,5,30;30;30;30;30,0.0269996,0.001879320598277768,5,30;30;30;30;30,0.2938624,0.0015844174954853338,5,30;30;30;30;30,200.33954,1.378408949469567,5,30;30;30;30;30,0.04849333333333333,0.008646367252590341,5,30;30;30;30;30,0.0134998,0.000939660299138884,5,30;30;30;30;30,0.1469312,0.0007922087477426669,5,30;30;30;30;30,-0.8347480833333334,0.005743370622789829,5,30;30;30;30;30,-0.62582375,0.014555819107916661,5,30;30;30;30;30,-62.582375,1.4555819107916665,5,30;30;30;30;30,0.25875,0.03548672265182995,5,30;30;30;30;30,0.6288660102191086,0.005248747190710315,5,30;30;30;30;30
kan_generic_N1000_K100_H200_nominal_t0p05,TGN-KAN,kan_generic,1000,100,200,nominal,0.05,training_seed_mean,1,150,5,5.0,0.5,0.5,1.0,0.9498,0.19195418290137184,5,30;30;30;30;30,0.9511820464053499,0.19233581869858812,5,30;30;30;30;30,0.1034,0.028580927984312277,5,30;30;30;30;30,0.8464,0.16338717649939496,5,30;30;30;30;30,10.755366666666667,0.7445054510657843,5,30;30;30;30;30,6.39118,0.4295775448041948,5,30;30;30;30;30,0.02750283333333333,0.0018390001699293019,5,30;30;30;30;30,0.29254966666666665,0.0009026964006058024,5,30;30;30;30;30,200.349822,1.437409703182544,5,30;30;30;30;30,0.047490000000000004,0.009597709145068594,5,30;30;30;30;30,0.013751416666666665,0.0009195000849646509,5,30;30;30;30;30,0.14627483333333333,0.0004513482003029012,5,30;30;30;30;30,-0.8347909250000001,0.005989207096593962,5,30;30;30;30;30,-0.627274675,0.016047342121606384,5,30;30;30;30;30,-62.7274675,1.6047342121606383,5,30;30;30;30;30,0.25744107744107747,0.03525688247089185,5,30;30;30;30;30,0.7015883440602019,0.006541092954447311,5,30;30;30;30;30
kan_generic_N1000_K100_H800_nominal_t0p05,TGN-KAN,kan_generic,1000,100,800,nominal,0.05,training_seed_mean,1,150,5,5.0,0.5,0.5,1.0,1.002375,0.2111996632171925,5,30;30;30;30;30,0.9873937732474933,0.21018083774937368,5,30;30;30;30;30,0.10815,0.031132649104722486,5,30;30;30;30;30,0.894225,0.18007613792890184,5,30;30;30;30;30,10.826591666666667,0.7488136881650428,5,30;30;30;30;30,6.431065,0.4306742974685164,5,30;30;30;30;30,0.027668458333333333,0.0018465479838328666,5,30;30;30;30;30,0.292380775,0.0009839420390880284,5,30;30;30;30;30,200.26129325,1.4735379123998193,5,30;30;30;30;30,0.05011875,0.010559983160859626,5,30;30;30;30;30,0.013834229166666667,0.0009232739919164333,5,30;30;30;30;30,0.1461903875,0.0004919710195440142,5,30;30;30;30;30,-0.8344220552083333,0.006139741301665964,5,30;30;30;30;30,-0.6242786885416667,0.01712402004817494,5,30;30;30;30;30,-62.42786885416667,1.7124020048174982,5,30;30;30;30;30,0.2519131161236424,0.035029606867623284,5,30;30;30;30;30,0.7740043473157314,0.007909650490493652,5,30;30;30;30;30
kan_generic_N2000_K100_H50_nominal_t0p05,TGN-KAN,kan_generic,2000,100,50,nominal,0.05,training_seed_mean,1,150,5,5.0,0.5,0.5,1.0,0.9305333333333333,0.08654529963486685,5,30;30;30;30;30,0.8897965470993016,0.0672270292490805,5,30;30;30;30;30,0.094,0.010143416036468622,5,30;30;30;30;30,0.8365333333333334,0.07646408016549705,5,30;30;30;30;30,10.532933333333332,0.3461671401055987,5,30;30;30;30;30,6.26336,0.20166201427140418,5,30;30;30;30;30,0.0269992,0.0008766577185855121,5,30;30;30;30;30,0.22876946666666667,0.00024674206054997285,5,30;30;30;30;30,201.136524,0.644296060046244,5,30;30;30;30;30,0.04652666666666667,0.004327264981743345,5,30;30;30;30;30,0.0134996,0.00043832885929275607,5,30;30;30;30;30,0.11438473333333334,0.00012337103027498642,5,30;30;30;30;30,-0.83806885,0.0026845669168593525,5,30;30;30;30;30,-0.66365785,0.007340407564094876,5,30;30;30;30;30,-66.365785,0.7340407564094917,5,30;30;30;30;30,0.23694444444444443,0.014848774734337876,5,30;30;30;30;30,0.511207777139967,0.00484375365372425,5,30;30;30;30;30
kan_generic_N2000_K100_H200_nominal_t0p05,TGN-KAN,kan_generic,2000,100,200,nominal,0.05,training_seed_mean,1,150,5,5.0,0.5,0.5,1.0,0.9399333333333334,0.08368995359858518,5,30;30;30;30;30,0.949120574621118,0.07999381940730656,5,30;30;30;30;30,0.10253333333333334,0.011757621641584944,5,30;30;30;30;30,0.8374,0.07195365020468229,5,30;30;30;30;30,10.7897,0.33007089726636335,5,30;30;30;30;30,6.4123,0.1909924998527429,5,30;30;30;30;30,0.027648433333333333,0.0008221252151858901,5,30;30;30;30;30,0.22869620000000002,0.0003496977941340476,5,30;30;30;30;30,201.09187166666666,0.6382853743069521,5,30;30;30;30;30,0.046996666666666666,0.004184497679929258,5,30;30;30;30;30,0.013824216666666667,0.00041106260759294505,5,30;30;30;30;30,0.11434810000000001,0.0001748488970670238,5,30;30;30;30;30,-0.8378827986111111,0.002659522392945615,5,30;30;30;30;30,-0.6627138152777778,0.007085802706230496,5,30;30;30;30;30,-66.27138152777778,0.7085802706230502,5,30;30;30;30;30,0.24225589225589225,0.015314314308636572,5,30;30;30;30;30,0.5952610410268824,0.003536400737382537,5,30;30;30;30;30
kan_generic_N2000_K100_H800_nominal_t0p05,TGN-KAN,kan_generic,2000,100,800,nominal,0.05,training_seed_mean,1,150,5,5.0,0.5,0.5,1.0,1.0272416666666666,0.09465308276220534,5,30;30;30;30;30,1.046426153877574,0.09136147270044354,5,30;30;30;30;30,0.113625,0.01341747538970477,5,30;30;30;30;30,0.9136166666666666,0.0812366783950862,5,30;30;30;30;30,10.840925,0.32983501294418216,5,30;30;30;30;30,6.43638,0.18985283066759873,5,30;30;30;30;30,0.027723583333333333,0.0008212457535193789,5,30;30;30;30;30,0.22848232500000001,0.0003894218085383442,5,30;30;30;30;30,200.97483083333333,0.660013670435817,5,30;30;30;30;30,0.05136208333333333,0.0047326541381102665,5,30;30;30;30;30,0.013861791666666666,0.00041062287675968945,5,30;30;30;30;30,0.11424116250000001,0.0001947109042691721,5,30;30;30;30;30,-0.8373951284722222,0.0027500569601492065,5,30;30;30;30;30,-0.6579300909722222,0.007700168290548703,5,30;30;30;30;30,-65.79300909722222,0.7700168290548701,5,30;30;30;30;30,0.2450125313283208,0.01506925447348818,5,30;30;30;30;30,0.6709960219431775,0.0036126075480588733,5,30;30;30;30;30
kan_generic_N2000_K200_H200_nominal_t0p05,TGN-KAN,kan_generic,2000,200,200,nominal,0.05,training_seed_mean,1,150,5,5.0,0.5,0.5,1.0,1.35845,0.12736164334070305,5,30;30;30;30;30,1.3770998362640081,0.13379779978057013,5,30;30;30;30;30,0.14836666666666667,0.01899054955029533,5,30;30;30;30;30,1.2100833333333334,0.10838593274344539,5,30;30;30;30;30,10.75285,0.3276168440843322,5,30;30;30;30;30,6.36269,0.1851984557171037,5,30;30;30;30;30,0.027432616666666666,0.0007973447462951293,5,30;30;30;30;30,0.35659128333333334,0.0009001610785637871,5,30;30;30;30;30,196.43092483333334,0.7131415087422079,5,30;30;30;30;30,0.0679225,0.006368082167035151,5,30;30;30;30;30,0.013716308333333333,0.00039867237314756464,5,30;30;30;30;30,0.17829564166666667,0.00045008053928189356,5,30;30;30;30;30,-0.8184621868055556,0.0029714229530925203,5,30;30;30;30;30,-0.5585277368055556,0.009292289569623672,5,30;30;30;30;30,-111.70554736111112,1.8584579139247337,5,30;30;30;30;30,0.23962962962962964,0.014832547926809849,5,30;30;30;30;30,0.8526182140803207,0.0040918563222575085,5,30;30;30;30;30
kan_generic_N2000_K300_H200_nominal_t0p05,TGN-KAN,kan_generic,2000,300,200,nominal,0.05,training_seed_mean,1,150,5,5.0,0.5,0.5,1.0,1.970888888888889,0.17506407997863369,5,30;30;30;30;30,2.0152696130788117,0.18587978977424047,5,30;30;30;30;30,0.2157888888888889,0.02639623874253841,5,30;30;30;30;30,1.7551,0.14868318812864745,5,30;30;30;30;30,10.6894,0.31742823238654927,5,30;30;30;30;30,6.284166666666667,0.17463385187935995,5,30;30;30;30;30,0.02708592222222222,0.0007503718497937957,5,30;30;30;30;30,0.47927328888888887,0.0013447500263370077,5,30;30;30;30;30,192.02783633333334,0.7974759705450053,5,30;30;30;30;30,0.09854444444444445,0.008753203998931685,5,30;30;30;30;30,0.01354296111111111,0.00037518592489689783,5,30;30;30;30;30,0.23963664444444444,0.0006723750131685038,5,30;30;30;30;30,-0.8001159847222222,0.0033228165439375375,5,30;30;30;30;30,-0.4483919347222222,0.011779421604987477,5,30;30;30;30;30,-134.51758041666668,3.5338264814962455,5,30;30;30;30;30,0.2357912457912458,0.013911142031686195,5,30;30;30;30;30,0.9516131447415809,0.004613916077718169,5,30;30;30;30;30
kan_generic_N2000_K400_H200_nominal_t0p05,TGN-KAN,kan_generic,2000,400,200,nominal,0.05,training_seed_mean,1,150,5,5.0,0.5,0.5,1.0,2.96205,0.2534208737182301,5,30;30;30;30;30,3.1053585935513768,0.27213907163660706,5,30;30;30;30;30,0.3290166666666667,0.03842760825746105,5,30;30;30;30;30,2.633033333333333,0.21499557569737213,5,30;30;30;30;30,10.581941666666667,0.3048153593548253,5,30;30;30;30;30,6.151755,0.15985266204383347,5,30;30;30;30;30,0.02652110833333333,0.0006863572830277815,5,30;30;30;30;30,0.5892041666666666,0.0026369908292750164,5,30;30;30;30;30,187.366764,0.9240063315408873,5,30;30;30;30;30,0.1481025,0.012671043685911501,5,30;30;30;30;30,0.013260554166666666,0.00034317864151389076,5,30;30;30;30;30,0.2946020833333333,0.0013184954146375082,5,30;30;30;30;30,-0.7806948499999999,0.0038500263814203795,5,30;30;30;30;30,-0.3247297125,0.015545391072733181,5,30;30;30;30;30,-129.891885,6.218156429093275,5,30;30;30;30;30,0.22694444444444445,0.013052411500800812,5,30;30;30;30;30,0.9799189169118072,0.0019352964850910934,5,30;30;30;30;30
kan_generic_N2000_K500_H200_nominal_t0p05,TGN-KAN,kan_generic,2000,500,200,nominal,0.05,training_seed_mean,1,150,5,5.0,0.5,0.5,1.0,4.594,0.35403434783145604,5,30;30;30;30;30,4.970283916214684,0.3463686457439963,5,30;30;30;30;30,0.5169133333333333,0.05046436916831079,5,30;30;30;30;30,4.077086666666667,0.3035910851787319,5,30;30;30;30;30,10.39316,0.28902823141616424,5,30;30;30;30;30,5.925748,0.14316956562063043,5,30;30;30;30;30,0.025526833333333332,0.0006131767512987857,5,30;30;30;30;30,0.6782921066666666,0.0043175610392262274,5,30;30;30;30;30,181.6698662,1.0805823905901353,5,30;30;30;30;30,0.2297,0.017701717391572808,5,30;30;30;30;30,0.012763416666666666,0.00030658837564939283,5,30;30;30;30;30,0.3391460533333333,0.0021587805196131137,5,30;30;30;30;30,-0.7569577758333333,0.004502426627458867,5,30;30;30;30;30,-0.17534830583333333,0.020351213225327625,5,30;30;30;30;30,-87.67415291666667,10.175606612663813,5,30;30;30;30;30,0.21569023569023568,0.012173475058291356,5,30;30;30;30;30,0.9900635644456982,0.0014578496157036179,5,30;30;30;30;30
greedy_analytic_N2000_K100_H50_nominal_t0p05,Load-aware greedy,greedy_analytic,2000,100,50,nominal,0.05,episode,1,30,30,5.0,0.5,0.5,1.0,0.9206666666666666,0.19379927997683644,30,1;1;1;1;1;1;1;1;1;1;1;1;1;1;1;1;1;1;1;1;1;1;1;1;1;1;1;1;1;1,0.9439498339807935,0.5662539424595805,30,1;1;1;1;1;1;1;1;1;1;1;1;1;1;1;1;1;1;1;1;1;1;1;1;1;1;1;1;1;1,0.04066666666666666,0.02434427403232472,30,1;1;1;1;1;1;1;1;1;1;1;1;1;1;1;1;1;1;1;1;1;1;1;1;1;1;1;1;1;1,0.88,0.18702756573518137,30,1;1;1;1;1;1;1;1;1;1;1;1;1;1;1;1;1;1;1;1;1;1;1;1;1;1;1;1;1;1,4.316,0.31906760714781834,30,1;1;1;1;1;1;1;1;1;1;1;1;1;1;1;1;1;1;1;1;1;1;1;1;1;1;1;1;1;1,2.5652,0.1904336973947843,30,1;1;1;1;1;1;1;1;1;1;1;1;1;1;1;1;1;1;1;1;1;1;1;1;1;1;1;1;1;1,0.010991333333333334,0.0008385814513657647,30,1;1;1;1;1;1;1;1;1;1;1;1;1;1;1;1;1;1;1;1;1;1;1;1;1;1;1;1;1;1,0.21866733333333332,0.008943987359397233,30,1;1;1;1;1;1;1;1;1;1;1;1;1;1;1;1;1;1;1;1;1;1;1;1;1;1;1;1;1;1,201.95932666666667,3.9310161513307227,30,1;1;1;1;1;1;1;1;1;1;1;1;1;1;1;1;1;1;1;1;1;1;1;1;1;1;1;1;1;1,0.046033333333333336,0.009689963998841821,30,1;1;1;1;1;1;1;1;1;1;1;1;1;1;1;1;1;1;1;1;1;1;1;1;1;1;1;1;1;1,0.005495666666666667,0.00041929072568288233,30,1;1;1;1;1;1;1;1;1;1;1;1;1;1;1;1;1;1;1;1;1;1;1;1;1;1;1;1;1;1,0.10933366666666666,0.0044719936796986165,30,1;1;1;1;1;1;1;1;1;1;1;1;1;1;1;1;1;1;1;1;1;1;1;1;1;1;1;1;1;1,-0.8414971944444445,0.016379233963878012,30,1;1;1;1;1;1;1;1;1;1;1;1;1;1;1;1;1;1;1;1;1;1;1;1;1;1;1;1;1;1,-0.6806345277777778,0.02404294662490865,30,1;1;1;1;1;1;1;1;1;1;1;1;1;1;1;1;1;1;1;1;1;1;1;1;1;1;1;1;1;1,-68.06345277777778,2.404294662490864,30,1;1;1;1;1;1;1;1;1;1;1;1;1;1;1;1;1;1;1;1;1;1;1;1;1;1;1;1;1;1,0.025694444444444443,0.02878617442112308,30,1;1;1;1;1;1;1;1;1;1;1;1;1;1;1;1;1;1;1;1;1;1;1;1;1;1;1;1;1;1,0.5088340739195255,0.048339134781537466,30,1;1;1;1;1;1;1;1;1;1;1;1;1;1;1;1;1;1;1;1;1;1;1;1;1;1;1;1;1;1
greedy_analytic_N2000_K100_H200_nominal_t0p05,Load-aware greedy,greedy_analytic,2000,100,200,nominal,0.05,episode,1,30,30,5.0,0.5,0.5,1.0,0.9318333333333333,0.19972171731641025,30,1;1;1;1;1;1;1;1;1;1;1;1;1;1;1;1;1;1;1;1;1;1;1;1;1;1;1;1;1;1,0.9482909713773966,0.41409466860811817,30,1;1;1;1;1;1;1;1;1;1;1;1;1;1;1;1;1;1;1;1;1;1;1;1;1;1;1;1;1;1,0.0425,0.018511413068512717,30,1;1;1;1;1;1;1;1;1;1;1;1;1;1;1;1;1;1;1;1;1;1;1;1;1;1;1;1;1;1,0.8893333333333333,0.18845896531923179,30,1;1;1;1;1;1;1;1;1;1;1;1;1;1;1;1;1;1;1;1;1;1;1;1;1;1;1;1;1;1,4.4911666666666665,0.1254830894866971,30,1;1;1;1;1;1;1;1;1;1;1;1;1;1;1;1;1;1;1;1;1;1;1;1;1;1;1;1;1;1,2.6692,0.07746073532597905,30,1;1;1;1;1;1;1;1;1;1;1;1;1;1;1;1;1;1;1;1;1;1;1;1;1;1;1;1;1;1,0.0115,0.00036672831247725325,30,1;1;1;1;1;1;1;1;1;1;1;1;1;1;1;1;1;1;1;1;1;1;1;1;1;1;1;1;1;1,0.2186995,0.00511418604269637,30,1;1;1;1;1;1;1;1;1;1;1;1;1;1;1;1;1;1;1;1;1;1;1;1;1;1;1;1;1;1,201.9152,3.738610051139695,30,1;1;1;1;1;1;1;1;1;1;1;1;1;1;1;1;1;1;1;1;1;1;1;1;1;1;1;1;1;1,0.04659166666666667,0.009986085865820513,30,1;1;1;1;1;1;1;1;1;1;1;1;1;1;1;1;1;1;1;1;1;1;1;1;1;1;1;1;1;1,0.00575,0.00018336415623862662,30,1;1;1;1;1;1;1;1;1;1;1;1;1;1;1;1;1;1;1;1;1;1;1;1;1;1;1;1;1;1,0.10934975,0.002557093021348185,30,1;1;1;1;1;1;1;1;1;1;1;1;1;1;1;1;1;1;1;1;1;1;1;1;1;1;1;1;1;1,-0.8413133333333334,0.015577541879748727,30,1;1;1;1;1;1;1;1;1;1;1;1;1;1;1;1;1;1;1;1;1;1;1;1;1;1;1;1;1;1,-0.6796219166666667,0.02253192776282781,30,1;1;1;1;1;1;1;1;1;1;1;1;1;1;1;1;1;1;1;1;1;1;1;1;1;1;1;1;1;1,-67.96219166666667,2.253192776282781,30,1;1;1;1;1;1;1;1;1;1;1;1;1;1;1;1;1;1;1;1;1;1;1;1;1;1;1;1;1;1,0.022727272727272728,0.009903147429091347,30,1;1;1;1;1;1;1;1;1;1;1;1;1;1;1;1;1;1;1;1;1;1;1;1;1;1;1;1;1;1,0.5998186810929613,0.05701191635692328,30,1;1;1;1;1;1;1;1;1;1;1;1;1;1;1;1;1;1;1;1;1;1;1;1;1;1;1;1;1;1
greedy_analytic_N2000_K100_H800_nominal_t0p05,Load-aware greedy,greedy_analytic,2000,100,800,nominal,0.05,episode,1,30,30,5.0,0.5,0.5,1.0,1.01975,0.2060288521810343,30,1;1;1;1;1;1;1;1;1;1;1;1;1;1;1;1;1;1;1;1;1;1;1;1;1;1;1;1;1;1,1.0178006243019373,0.2955874161839239,30,1;1;1;1;1;1;1;1;1;1;1;1;1;1;1;1;1;1;1;1;1;1;1;1;1;1;1;1;1;1,0.04616666666666667,0.01339845805161622,30,1;1;1;1;1;1;1;1;1;1;1;1;1;1;1;1;1;1;1;1;1;1;1;1;1;1;1;1;1;1,0.9735833333333334,0.19430627411619922,30,1;1;1;1;1;1;1;1;1;1;1;1;1;1;1;1;1;1;1;1;1;1;1;1;1;1;1;1;1;1,4.534583333333333,0.07281614581913844,30,1;1;1;1;1;1;1;1;1;1;1;1;1;1;1;1;1;1;1;1;1;1;1;1;1;1;1;1;1;1,2.69305,0.04350977892461609,30,1;1;1;1;1;1;1;1;1;1;1;1;1;1;1;1;1;1;1;1;1;1;1;1;1;1;1;1;1;1,0.011599666666666666,0.00018258882266151882,30,1;1;1;1;1;1;1;1;1;1;1;1;1;1;1;1;1;1;1;1;1;1;1;1;1;1;1;1;1;1,0.21721341666666666,0.0024234959104898275,30,1;1;1;1;1;1;1;1;1;1;1;1;1;1;1;1;1;1;1;1;1;1;1;1;1;1;1;1;1;1,201.83100166666668,3.7556853116003817,30,1;1;1;1;1;1;1;1;1;1;1;1;1;1;1;1;1;1;1;1;1;1;1;1;1;1;1;1;1;1,0.0509875,0.010301442609051716,30,1;1;1;1;1;1;1;1;1;1;1;1;1;1;1;1;1;1;1;1;1;1;1;1;1;1;1;1;1;1,0.005799833333333333,9.129441133075941e-05,30,1;1;1;1;1;1;1;1;1;1;1;1;1;1;1;1;1;1;1;1;1;1;1;1;1;1;1;1;1;1,0.10860670833333333,0.0012117479552449138,30,1;1;1;1;1;1;1;1;1;1;1;1;1;1;1;1;1;1;1;1;1;1;1;1;1;1;1;1;1;1,-0.8409625069444444,0.015648688798334916,30,1;1;1;1;1;1;1;1;1;1;1;1;1;1;1;1;1;1;1;1;1;1;1;1;1;1;1;1;1;1,-0.6755684652777778,0.023206182144485412,30,1;1;1;1;1;1;1;1;1;1;1;1;1;1;1;1;1;1;1;1;1;1;1;1;1;1;1;1;1;1,-67.55684652777778,2.3206182144485403,30,1;1;1;1;1;1;1;1;1;1;1;1;1;1;1;1;1;1;1;1;1;1;1;1;1;1;1;1;1;1,0.022138680033416874,0.005112363944427403,30,1;1;1;1;1;1;1;1;1;1;1;1;1;1;1;1;1;1;1;1;1;1;1;1;1;1;1;1;1;1,0.6524464624413652,0.04567726855696917,30,1;1;1;1;1;1;1;1;1;1;1;1;1;1;1;1;1;1;1;1;1;1;1;1;1;1;1;1;1;1
greedy_analytic_N2000_K200_H200_nominal_t0p05,Load-aware greedy,greedy_analytic,2000,200,200,nominal,0.05,episode,1,30,30,5.0,0.5,0.5,1.0,1.3458333333333334,0.28465218744301257,30,1;1;1;1;1;1;1;1;1;1;1;1;1;1;1;1;1;1;1;1;1;1;1;1;1;1;1;1;1;1,1.3786670212873617,0.40116693527115205,30,1;1;1;1;1;1;1;1;1;1;1;1;1;1;1;1;1;1;1;1;1;1;1;1;1;1;1;1;1;1,0.062,0.017972680417214077,30,1;1;1;1;1;1;1;1;1;1;1;1;1;1;1;1;1;1;1;1;1;1;1;1;1;1;1;1;1;1,1.2838333333333334,0.2734988285082814,30,1;1;1;1;1;1;1;1;1;1;1;1;1;1;1;1;1;1;1;1;1;1;1;1;1;1;1;1;1;1,4.499583333333334,0.0848276227104865,30,1;1;1;1;1;1;1;1;1;1;1;1;1;1;1;1;1;1;1;1;1;1;1;1;1;1;1;1;1;1,2.66255,0.05248223837478339,30,1;1;1;1;1;1;1;1;1;1;1;1;1;1;1;1;1;1;1;1;1;1;1;1;1;1;1;1;1;1,0.011485916666666667,0.0002592233786861661,30,1;1;1;1;1;1;1;1;1;1;1;1;1;1;1;1;1;1;1;1;1;1;1;1;1;1;1;1;1;1,0.3353805,0.00495535705418719,30,1;1;1;1;1;1;1;1;1;1;1;1;1;1;1;1;1;1;1;1;1;1;1;1;1;1;1;1;1;1,197.55465583333333,3.54337529776417,30,1;1;1;1;1;1;1;1;1;1;1;1;1;1;1;1;1;1;1;1;1;1;1;1;1;1;1;1;1;1,0.06729166666666667,0.014232609372150627,30,1;1;1;1;1;1;1;1;1;1;1;1;1;1;1;1;1;1;1;1;1;1;1;1;1;1;1;1;1;1,0.005742958333333333,0.00012961168934308304,30,1;1;1;1;1;1;1;1;1;1;1;1;1;1;1;1;1;1;1;1;1;1;1;1;1;1;1;1;1;1,0.16769025,0.002477678527093595,30,1;1;1;1;1;1;1;1;1;1;1;1;1;1;1;1;1;1;1;1;1;1;1;1;1;1;1;1;1;1,-0.8231443993055556,0.014764063740684043,30,1;1;1;1;1;1;1;1;1;1;1;1;1;1;1;1;1;1;1;1;1;1;1;1;1;1;1;1;1;1,-0.5824195243055555,0.025670710182079254,30,1;1;1;1;1;1;1;1;1;1;1;1;1;1;1;1;1;1;1;1;1;1;1;1;1;1;1;1;1;1,-116.48390486111111,5.13414203641585,30,1;1;1;1;1;1;1;1;1;1;1;1;1;1;1;1;1;1;1;1;1;1;1;1;1;1;1;1;1;1,0.021464646464646464,0.007134791936221865,30,1;1;1;1;1;1;1;1;1;1;1;1;1;1;1;1;1;1;1;1;1;1;1;1;1;1;1;1;1;1,0.87355235253249,0.061936468028989354,30,1;1;1;1;1;1;1;1;1;1;1;1;1;1;1;1;1;1;1;1;1;1;1;1;1;1;1;1;1;1
greedy_analytic_N2000_K300_H200_nominal_t0p05,Load-aware greedy,greedy_analytic,2000,300,200,nominal,0.05,episode,1,30,30,5.0,0.5,0.5,1.0,1.9379444444444445,0.41975263727657336,30,1;1;1;1;1;1;1;1;1;1;1;1;1;1;1;1;1;1;1;1;1;1;1;1;1;1;1;1;1;1,1.9331068635891844,0.4999347026066826,30,1;1;1;1;1;1;1;1;1;1;1;1;1;1;1;1;1;1;1;1;1;1;1;1;1;1;1;1;1;1,0.08644444444444445,0.022217719850407987,30,1;1;1;1;1;1;1;1;1;1;1;1;1;1;1;1;1;1;1;1;1;1;1;1;1;1;1;1;1;1,1.8515,0.4020980299261588,30,1;1;1;1;1;1;1;1;1;1;1;1;1;1;1;1;1;1;1;1;1;1;1;1;1;1;1;1;1;1,4.473222222222222,0.05417428475754023,30,1;1;1;1;1;1;1;1;1;1;1;1;1;1;1;1;1;1;1;1;1;1;1;1;1;1;1;1;1;1,2.6320666666666668,0.035863662652475654,30,1;1;1;1;1;1;1;1;1;1;1;1;1;1;1;1;1;1;1;1;1;1;1;1;1;1;1;1;1;1,0.011357888888888888,0.00016343999176079518,30,1;1;1;1;1;1;1;1;1;1;1;1;1;1;1;1;1;1;1;1;1;1;1;1;1;1;1;1;1;1,0.44722927777777777,0.0046439932711573,30,1;1;1;1;1;1;1;1;1;1;1;1;1;1;1;1;1;1;1;1;1;1;1;1;1;1;1;1;1;1,193.4826938888889,3.3238683364068264,30,1;1;1;1;1;1;1;1;1;1;1;1;1;1;1;1;1;1;1;1;1;1;1;1;1;1;1;1;1;1,0.09689722222222222,0.020987631863828668,30,1;1;1;1;1;1;1;1;1;1;1;1;1;1;1;1;1;1;1;1;1;1;1;1;1;1;1;1;1;1,0.005678944444444444,8.171999588039759e-05,30,1;1;1;1;1;1;1;1;1;1;1;1;1;1;1;1;1;1;1;1;1;1;1;1;1;1;1;1;1;1,0.22361463888888888,0.00232199663557865,30,1;1;1;1;1;1;1;1;1;1;1;1;1;1;1;1;1;1;1;1;1;1;1;1;1;1;1;1;1;1,-0.8061778912037038,0.013849451401695113,30,1;1;1;1;1;1;1;1;1;1;1;1;1;1;1;1;1;1;1;1;1;1;1;1;1;1;1;1;1;1,-0.4799870856481482,0.03017906610418166,30,1;1;1;1;1;1;1;1;1;1;1;1;1;1;1;1;1;1;1;1;1;1;1;1;1;1;1;1;1;1,-143.99612569444446,9.0537198312545,30,1;1;1;1;1;1;1;1;1;1;1;1;1;1;1;1;1;1;1;1;1;1;1;1;1;1;1;1;1;1,0.02053872053872054,0.0046030341294101725,30,1;1;1;1;1;1;1;1;1;1;1;1;1;1;1;1;1;1;1;1;1;1;1;1;1;1;1;1;1;1,0.9671789446501069,0.014555623534346229,30,1;1;1;1;1;1;1;1;1;1;1;1;1;1;1;1;1;1;1;1;1;1;1;1;1;1;1;1;1;1
greedy_analytic_N2000_K400_H200_nominal_t0p05,Load-aware greedy,greedy_analytic,2000,400,200,nominal,0.05,episode,1,30,30,5.0,0.5,0.5,1.0,2.8015833333333333,0.5769512370079966,30,1;1;1;1;1;1;1;1;1;1;1;1;1;1;1;1;1;1;1;1;1;1;1;1;1;1;1;1;1;1,2.925277453222823,0.6763643330862491,30,1;1;1;1;1;1;1;1;1;1;1;1;1;1;1;1;1;1;1;1;1;1;1;1;1;1;1;1;1;1,0.12975,0.029644808233018034,30,1;1;1;1;1;1;1;1;1;1;1;1;1;1;1;1;1;1;1;1;1;1;1;1;1;1;1;1;1;1,2.6718333333333333,0.550570602653054,30,1;1;1;1;1;1;1;1;1;1;1;1;1;1;1;1;1;1;1;1;1;1;1;1;1;1;1;1;1;1,4.43825,0.05203053645829467,30,1;1;1;1;1;1;1;1;1;1;1;1;1;1;1;1;1;1;1;1;1;1;1;1;1;1;1;1;1;1,2.5851,0.038733706251790574,30,1;1;1;1;1;1;1;1;1;1;1;1;1;1;1;1;1;1;1;1;1;1;1;1;1;1;1;1;1;1,0.011155166666666666,0.00019131851188138,30,1;1;1;1;1;1;1;1;1;1;1;1;1;1;1;1;1;1;1;1;1;1;1;1;1;1;1;1;1;1,0.5510356666666667,0.005980624919895176,30,1;1;1;1;1;1;1;1;1;1;1;1;1;1;1;1;1;1;1;1;1;1;1;1;1;1;1;1;1;1,189.2482625,3.145930016448933,30,1;1;1;1;1;1;1;1;1;1;1;1;1;1;1;1;1;1;1;1;1;1;1;1;1;1;1;1;1;1,0.14007916666666667,0.02884756185039983,30,1;1;1;1;1;1;1;1;1;1;1;1;1;1;1;1;1;1;1;1;1;1;1;1;1;1;1;1;1;1,0.005577583333333333,9.565925594069e-05,30,1;1;1;1;1;1;1;1;1;1;1;1;1;1;1;1;1;1;1;1;1;1;1;1;1;1;1;1;1;1,0.27551783333333335,0.002990312459947588,30,1;1;1;1;1;1;1;1;1;1;1;1;1;1;1;1;1;1;1;1;1;1;1;1;1;1;1;1;1;1,-0.7885344270833333,0.01310804173520389,30,1;1;1;1;1;1;1;1;1;1;1;1;1;1;1;1;1;1;1;1;1;1;1;1;1;1;1;1;1;1,-0.36735984374999997,0.03593053106918453,30,1;1;1;1;1;1;1;1;1;1;1;1;1;1;1;1;1;1;1;1;1;1;1;1;1;1;1;1;1;1,-146.9439375,14.37221242767381,30,1;1;1;1;1;1;1;1;1;1;1;1;1;1;1;1;1;1;1;1;1;1;1;1;1;1;1;1;1;1,0.01994949494949495,0.003668440894784108,30,1;1;1;1;1;1;1;1;1;1;1;1;1;1;1;1;1;1;1;1;1;1;1;1;1;1;1;1;1;1,0.9869096947228196,0.00624191326463732,30,1;1;1;1;1;1;1;1;1;1;1;1;1;1;1;1;1;1;1;1;1;1;1;1;1;1;1;1;1;1
greedy_analytic_N2000_K500_H200_nominal_t0p05,Load-aware greedy,greedy_analytic,2000,500,200,nominal,0.05,episode,1,30,30,5.0,0.5,0.5,1.0,4.147233333333333,0.8204583110858742,30,1;1;1;1;1;1;1;1;1;1;1;1;1;1;1;1;1;1;1;1;1;1;1;1;1;1;1;1;1;1,4.469370464805462,0.921537015347493,30,1;1;1;1;1;1;1;1;1;1;1;1;1;1;1;1;1;1;1;1;1;1;1;1;1;1;1;1;1;1,0.19513333333333333,0.03944680690135317,30,1;1;1;1;1;1;1;1;1;1;1;1;1;1;1;1;1;1;1;1;1;1;1;1;1;1;1;1;1;1,3.9521,0.7837013571771962,30,1;1;1;1;1;1;1;1;1;1;1;1;1;1;1;1;1;1;1;1;1;1;1;1;1;1;1;1;1;1,4.3697,0.044687535869288655,30,1;1;1;1;1;1;1;1;1;1;1;1;1;1;1;1;1;1;1;1;1;1;1;1;1;1;1;1;1;1,2.50474,0.04183020357390675,30,1;1;1;1;1;1;1;1;1;1;1;1;1;1;1;1;1;1;1;1;1;1;1;1;1;1;1;1;1;1,0.010804366666666666,0.00019725556385375882,30,1;1;1;1;1;1;1;1;1;1;1;1;1;1;1;1;1;1;1;1;1;1;1;1;1;1;1;1;1;1,0.6380835666666667,0.009435460421064327,30,1;1;1;1;1;1;1;1;1;1;1;1;1;1;1;1;1;1;1;1;1;1;1;1;1;1;1;1;1;1,184.20251033333332,3.2155852910575065,30,1;1;1;1;1;1;1;1;1;1;1;1;1;1;1;1;1;1;1;1;1;1;1;1;1;1;1;1;1;1,0.20736166666666667,0.04102291555429371,30,1;1;1;1;1;1;1;1;1;1;1;1;1;1;1;1;1;1;1;1;1;1;1;1;1;1;1;1;1;1,0.005402183333333333,9.862778192687941e-05,30,1;1;1;1;1;1;1;1;1;1;1;1;1;1;1;1;1;1;1;1;1;1;1;1;1;1;1;1;1;1,0.31904178333333333,0.004717730210532164,30,1;1;1;1;1;1;1;1;1;1;1;1;1;1;1;1;1;1;1;1;1;1;1;1;1;1;1;1;1;1,-0.7675104597222222,0.013398272046072947,30,1;1;1;1;1;1;1;1;1;1;1;1;1;1;1;1;1;1;1;1;1;1;1;1;1;1;1;1;1;1,-0.2357048263888889,0.047639787911631336,30,1;1;1;1;1;1;1;1;1;1;1;1;1;1;1;1;1;1;1;1;1;1;1;1;1;1;1;1;1;1,-117.85241319444445,23.81989395581567,30,1;1;1;1;1;1;1;1;1;1;1;1;1;1;1;1;1;1;1;1;1;1;1;1;1;1;1;1;1;1,0.019764309764309766,0.0029261484381629655,30,1;1;1;1;1;1;1;1;1;1;1;1;1;1;1;1;1;1;1;1;1;1;1;1;1;1;1;1;1;1,0.9932093171618397,0.003138114175621724,30,1;1;1;1;1;1;1;1;1;1;1;1;1;1;1;1;1;1;1;1;1;1;1;1;1;1;1;1;1;1
maxsinr_ttt_N2000_K100_H50_nominal_tnative,Max-SINR+TTT,maxsinr_ttt,2000,100,50,nominal,,episode,1,30,30,5.0,0.5,0.5,1.0,0.9773333333333333,0.20319742961538378,30,1;1;1;1;1;1;1;1;1;1;1;1;1;1;1;1;1;1;1;1;1;1;1;1;1;1;1;1;1;1,1.0270263990528221,0.6474535817438334,30,1;1;1;1;1;1;1;1;1;1;1;1;1;1;1;1;1;1;1;1;1;1;1;1;1;1;1;1;1;1,0.03333333333333333,0.02056668436445521,30,1;1;1;1;1;1;1;1;1;1;1;1;1;1;1;1;1;1;1;1;1;1;1;1;1;1;1;1;1;1,0.9440000000000001,0.19647935751888668,30,1;1;1;1;1;1;1;1;1;1;1;1;1;1;1;1;1;1;1;1;1;1;1;1;1;1;1;1;1;1,3.2613333333333334,0.24752197162430167,30,1;1;1;1;1;1;1;1;1;1;1;1;1;1;1;1;1;1;1;1;1;1;1;1;1;1;1;1;1;1,1.9368,0.1483347565474795,30,1;1;1;1;1;1;1;1;1;1;1;1;1;1;1;1;1;1;1;1;1;1;1;1;1;1;1;1;1;1,0.008278666666666667,0.0006518500638545081,30,1;1;1;1;1;1;1;1;1;1;1;1;1;1;1;1;1;1;1;1;1;1;1;1;1;1;1;1;1;1,0.23595066666666667,0.011294457271488138,30,1;1;1;1;1;1;1;1;1;1;1;1;1;1;1;1;1;1;1;1;1;1;1;1;1;1;1;1;1;1,203.23182,3.996307620049911,30,1;1;1;1;1;1;1;1;1;1;1;1;1;1;1;1;1;1;1;1;1;1;1;1;1;1;1;1;1;1,0.04886666666666667,0.010159871480769191,30,1;1;1;1;1;1;1;1;1;1;1;1;1;1;1;1;1;1;1;1;1;1;1;1;1;1;1;1;1;1,0.004139333333333333,0.00032592503192725405,30,1;1;1;1;1;1;1;1;1;1;1;1;1;1;1;1;1;1;1;1;1;1;1;1;1;1;1;1;1;1,0.11797533333333333,0.005647228635744069,30,1;1;1;1;1;1;1;1;1;1;1;1;1;1;1;1;1;1;1;1;1;1;1;1;1;1;1;1;1;1,-0.84679925,0.016651281750207962,30,1;1;1;1;1;1;1;1;1;1;1;1;1;1;1;1;1;1;1;1;1;1;1;1;1;1;1;1;1;1,-0.6758179166666667,0.025530150343632672,30,1;1;1;1;1;1;1;1;1;1;1;1;1;1;1;1;1;1;1;1;1;1;1;1;1;1;1;1;1;1,-67.58179166666666,2.553015034363267,30,1;1;1;1;1;1;1;1;1;1;1;1;1;1;1;1;1;1;1;1;1;1;1;1;1;1;1;1;1;1,0.009722222222222222,0.015214515486254614,30,1;1;1;1;1;1;1;1;1;1;1;1;1;1;1;1;1;1;1;1;1;1;1;1;1;1;1;1;1;1,0.5576944307145412,0.0762912768409548,30,1;1;1;1;1;1;1;1;1;1;1;1;1;1;1;1;1;1;1;1;1;1;1;1;1;1;1;1;1;1
maxsinr_ttt_N2000_K100_H200_nominal_tnative,Max-SINR+TTT,maxsinr_ttt,2000,100,200,nominal,,episode,1,30,30,5.0,0.5,0.5,1.0,0.984,0.2128152833505766,30,1;1;1;1;1;1;1;1;1;1;1;1;1;1;1;1;1;1;1;1;1;1;1;1;1;1;1;1;1;1,1.0132931718482128,0.5003763942473622,30,1;1;1;1;1;1;1;1;1;1;1;1;1;1;1;1;1;1;1;1;1;1;1;1;1;1;1;1;1;1,0.034333333333333334,0.016750364552560584,30,1;1;1;1;1;1;1;1;1;1;1;1;1;1;1;1;1;1;1;1;1;1;1;1;1;1;1;1;1;1,0.9496666666666667,0.20241615264245766,30,1;1;1;1;1;1;1;1;1;1;1;1;1;1;1;1;1;1;1;1;1;1;1;1;1;1;1;1;1;1,3.4045,0.11257449640739822,30,1;1;1;1;1;1;1;1;1;1;1;1;1;1;1;1;1;1;1;1;1;1;1;1;1;1;1;1;1;1,2.0221,0.0707103611390424,30,1;1;1;1;1;1;1;1;1;1;1;1;1;1;1;1;1;1;1;1;1;1;1;1;1;1;1;1;1;1,0.008704166666666666,0.00030742277789359753,30,1;1;1;1;1;1;1;1;1;1;1;1;1;1;1;1;1;1;1;1;1;1;1;1;1;1;1;1;1;1,0.23560866666666666,0.006686155914988837,30,1;1;1;1;1;1;1;1;1;1;1;1;1;1;1;1;1;1;1;1;1;1;1;1;1;1;1;1;1;1,203.19011833333334,3.8073179129481365,30,1;1;1;1;1;1;1;1;1;1;1;1;1;1;1;1;1;1;1;1;1;1;1;1;1;1;1;1;1;1,0.0492,0.01064076416752883,30,1;1;1;1;1;1;1;1;1;1;1;1;1;1;1;1;1;1;1;1;1;1;1;1;1;1;1;1;1;1,0.004352083333333333,0.00015371138894679877,30,1;1;1;1;1;1;1;1;1;1;1;1;1;1;1;1;1;1;1;1;1;1;1;1;1;1;1;1;1;1,0.11780433333333333,0.0033430779574944187,30,1;1;1;1;1;1;1;1;1;1;1;1;1;1;1;1;1;1;1;1;1;1;1;1;1;1;1;1;1;1,-0.8466254930555556,0.015863824637283905,30,1;1;1;1;1;1;1;1;1;1;1;1;1;1;1;1;1;1;1;1;1;1;1;1;1;1;1;1;1;1,-0.6752690763888889,0.023806753357270765,30,1;1;1;1;1;1;1;1;1;1;1;1;1;1;1;1;1;1;1;1;1;1;1;1;1;1;1;1;1;1,-67.52690763888889,2.3806753357270756,30,1;1;1;1;1;1;1;1;1;1;1;1;1;1;1;1;1;1;1;1;1;1;1;1;1;1;1;1;1;1,0.008417508417508417,0.0062679797195552105,30,1;1;1;1;1;1;1;1;1;1;1;1;1;1;1;1;1;1;1;1;1;1;1;1;1;1;1;1;1;1,0.6286262013642863,0.07229865647557131,30,1;1;1;1;1;1;1;1;1;1;1;1;1;1;1;1;1;1;1;1;1;1;1;1;1;1;1;1;1;1
maxsinr_ttt_N2000_K100_H800_nominal_tnative,Max-SINR+TTT,maxsinr_ttt,2000,100,800,nominal,,episode,1,30,30,5.0,0.5,0.5,1.0,1.0785833333333332,0.21859556946220512,30,1;1;1;1;1;1;1;1;1;1;1;1;1;1;1;1;1;1;1;1;1;1;1;1;1;1;1;1;1;1,1.0900462290331028,0.3518029492528768,30,1;1;1;1;1;1;1;1;1;1;1;1;1;1;1;1;1;1;1;1;1;1;1;1;1;1;1;1;1;1,0.0375,0.012025475831147691,30,1;1;1;1;1;1;1;1;1;1;1;1;1;1;1;1;1;1;1;1;1;1;1;1;1;1;1;1;1;1,1.0410833333333334,0.20877741749880724,30,1;1;1;1;1;1;1;1;1;1;1;1;1;1;1;1;1;1;1;1;1;1;1;1;1;1;1;1;1;1,3.4407916666666667,0.06491247699433626,30,1;1;1;1;1;1;1;1;1;1;1;1;1;1;1;1;1;1;1;1;1;1;1;1;1;1;1;1;1;1,2.041975,0.03943793410603202,30,1;1;1;1;1;1;1;1;1;1;1;1;1;1;1;1;1;1;1;1;1;1;1;1;1;1;1;1;1;1,0.008790041666666666,0.000170556733954208,30,1;1;1;1;1;1;1;1;1;1;1;1;1;1;1;1;1;1;1;1;1;1;1;1;1;1;1;1;1;1,0.23543391666666666,0.003795309715073769,30,1;1;1;1;1;1;1;1;1;1;1;1;1;1;1;1;1;1;1;1;1;1;1;1;1;1;1;1;1;1,203.06054208333333,3.7983464050892954,30,1;1;1;1;1;1;1;1;1;1;1;1;1;1;1;1;1;1;1;1;1;1;1;1;1;1;1;1;1;1,0.05392916666666667,0.010929778473110255,30,1;1;1;1;1;1;1;1;1;1;1;1;1;1;1;1;1;1;1;1;1;1;1;1;1;1;1;1;1;1,0.004395020833333333,8.5278366977104e-05,30,1;1;1;1;1;1;1;1;1;1;1;1;1;1;1;1;1;1;1;1;1;1;1;1;1;1;1;1;1;1,0.11771695833333333,0.0018976548575368845,30,1;1;1;1;1;1;1;1;1;1;1;1;1;1;1;1;1;1;1;1;1;1;1;1;1;1;1;1;1;1,-0.8460855920138889,0.015826443354538727,30,1;1;1;1;1;1;1;1;1;1;1;1;1;1;1;1;1;1;1;1;1;1;1;1;1;1;1;1;1;1,-0.6700444461805556,0.023871257631817536,30,1;1;1;1;1;1;1;1;1;1;1;1;1;1;1;1;1;1;1;1;1;1;1;1;1;1;1;1;1;1,-67.00444461805556,2.387125763181753,30,1;1;1;1;1;1;1;1;1;1;1;1;1;1;1;1;1;1;1;1;1;1;1;1;1;1;1;1;1;1,0.008771929824561403,0.003069536018525286,30,1;1;1;1;1;1;1;1;1;1;1;1;1;1;1;1;1;1;1;1;1;1;1;1;1;1;1;1;1;1,0.7083035151642534,0.04686985688484279,30,1;1;1;1;1;1;1;1;1;1;1;1;1;1;1;1;1;1;1;1;1;1;1;1;1;1;1;1;1;1
maxsinr_ttt_N2000_K200_H200_nominal_tnative,Max-SINR+TTT,maxsinr_ttt,2000,200,200,nominal,,episode,1,30,30,5.0,0.5,0.5,1.0,1.42875,0.3039905213472379,30,1;1;1;1;1;1;1;1;1;1;1;1;1;1;1;1;1;1;1;1;1;1;1;1;1;1;1;1;1;1,1.469611765775162,0.4712211688789228,30,1;1;1;1;1;1;1;1;1;1;1;1;1;1;1;1;1;1;1;1;1;1;1;1;1;1;1;1;1;1,0.050083333333333334,0.015763381471064476,30,1;1;1;1;1;1;1;1;1;1;1;1;1;1;1;1;1;1;1;1;1;1;1;1;1;1;1;1;1;1,1.3786666666666667,0.29526707178105877,30,1;1;1;1;1;1;1;1;1;1;1;1;1;1;1;1;1;1;1;1;1;1;1;1;1;1;1;1;1;1,3.416333333333333,0.08218653440060364,30,1;1;1;1;1;1;1;1;1;1;1;1;1;1;1;1;1;1;1;1;1;1;1;1;1;1;1;1;1;1,2.01975,0.05261256405604774,30,1;1;1;1;1;1;1;1;1;1;1;1;1;1;1;1;1;1;1;1;1;1;1;1;1;1;1;1;1;1,0.008711416666666666,0.00024393654076324879,30,1;1;1;1;1;1;1;1;1;1;1;1;1;1;1;1;1;1;1;1;1;1;1;1;1;1;1;1;1;1,0.37103308333333335,0.005849269578749563,30,1;1;1;1;1;1;1;1;1;1;1;1;1;1;1;1;1;1;1;1;1;1;1;1;1;1;1;1;1;1,198.26661333333334,3.5784496042746423,30,1;1;1;1;1;1;1;1;1;1;1;1;1;1;1;1;1;1;1;1;1;1;1;1;1;1;1;1;1;1,0.0714375,0.015199526067361897,30,1;1;1;1;1;1;1;1;1;1;1;1;1;1;1;1;1;1;1;1;1;1;1;1;1;1;1;1;1;1,0.004355708333333333,0.00012196827038162439,30,1;1;1;1;1;1;1;1;1;1;1;1;1;1;1;1;1;1;1;1;1;1;1;1;1;1;1;1;1;1,0.18551654166666667,0.0029246347893747814,30,1;1;1;1;1;1;1;1;1;1;1;1;1;1;1;1;1;1;1;1;1;1;1;1;1;1;1;1;1;1,-0.8261108888888888,0.01491020668447768,30,1;1;1;1;1;1;1;1;1;1;1;1;1;1;1;1;1;1;1;1;1;1;1;1;1;1;1;1;1;1,-0.5648011388888889,0.026520530773432686,30,1;1;1;1;1;1;1;1;1;1;1;1;1;1;1;1;1;1;1;1;1;1;1;1;1;1;1;1;1;1,-112.96022777777777,5.3041061546865365,30,1;1;1;1;1;1;1;1;1;1;1;1;1;1;1;1;1;1;1;1;1;1;1;1;1;1;1;1;1;1,0.00765993265993266,0.004569739171248624,30,1;1;1;1;1;1;1;1;1;1;1;1;1;1;1;1;1;1;1;1;1;1;1;1;1;1;1;1;1;1,0.9109081810927666,0.05639040548676773,30,1;1;1;1;1;1;1;1;1;1;1;1;1;1;1;1;1;1;1;1;1;1;1;1;1;1;1;1;1;1
maxsinr_ttt_N2000_K300_H200_nominal_tnative,Max-SINR+TTT,maxsinr_ttt,2000,300,200,nominal,,episode,1,30,30,5.0,0.5,0.5,1.0,2.054111111111111,0.44383964117161867,30,1;1;1;1;1;1;1;1;1;1;1;1;1;1;1;1;1;1;1;1;1;1;1;1;1;1;1;1;1;1,2.055385381732435,0.522960018889119,30,1;1;1;1;1;1;1;1;1;1;1;1;1;1;1;1;1;1;1;1;1;1;1;1;1;1;1;1;1;1,0.06977777777777777,0.01766944964706429,30,1;1;1;1;1;1;1;1;1;1;1;1;1;1;1;1;1;1;1;1;1;1;1;1;1;1;1;1;1;1,1.9843333333333333,0.4303588451887377,30,1;1;1;1;1;1;1;1;1;1;1;1;1;1;1;1;1;1;1;1;1;1;1;1;1;1;1;1;1;1,3.3964444444444446,0.06054942146161171,30,1;1;1;1;1;1;1;1;1;1;1;1;1;1;1;1;1;1;1;1;1;1;1;1;1;1;1;1;1;1,1.996,0.038183766184073584,30,1;1;1;1;1;1;1;1;1;1;1;1;1;1;1;1;1;1;1;1;1;1;1;1;1;1;1;1;1;1,0.008607222222222223,0.00017470025414832434,30,1;1;1;1;1;1;1;1;1;1;1;1;1;1;1;1;1;1;1;1;1;1;1;1;1;1;1;1;1;1,0.4979961111111111,0.005313076443070487,30,1;1;1;1;1;1;1;1;1;1;1;1;1;1;1;1;1;1;1;1;1;1;1;1;1;1;1;1;1;1,193.71236222222223,3.371334116832197,30,1;1;1;1;1;1;1;1;1;1;1;1;1;1;1;1;1;1;1;1;1;1;1;1;1;1;1;1;1;1,0.10270555555555555,0.022191982058580934,30,1;1;1;1;1;1;1;1;1;1;1;1;1;1;1;1;1;1;1;1;1;1;1;1;1;1;1;1;1;1,0.004303611111111111,8.735012707416217e-05,30,1;1;1;1;1;1;1;1;1;1;1;1;1;1;1;1;1;1;1;1;1;1;1;1;1;1;1;1;1;1,0.24899805555555554,0.0026565382215352437,30,1;1;1;1;1;1;1;1;1;1;1;1;1;1;1;1;1;1;1;1;1;1;1;1;1;1;1;1;1;1,-0.8071348425925926,0.014047225486800811,30,1;1;1;1;1;1;1;1;1;1;1;1;1;1;1;1;1;1;1;1;1;1;1;1;1;1;1;1;1;1,-0.45112762037037035,0.03139642019427855,30,1;1;1;1;1;1;1;1;1;1;1;1;1;1;1;1;1;1;1;1;1;1;1;1;1;1;1;1;1;1,-135.3382861111111,9.418926058283567,30,1;1;1;1;1;1;1;1;1;1;1;1;1;1;1;1;1;1;1;1;1;1;1;1;1;1;1;1;1;1,0.007070707070707071,0.0033495425576869483,30,1;1;1;1;1;1;1;1;1;1;1;1;1;1;1;1;1;1;1;1;1;1;1;1;1;1;1;1;1;1,0.9828603709179915,0.011669996487971923,30,1;1;1;1;1;1;1;1;1;1;1;1;1;1;1;1;1;1;1;1;1;1;1;1;1;1;1;1;1;1
maxsinr_ttt_N2000_K400_H200_nominal_tnative,Max-SINR+TTT,maxsinr_ttt,2000,400,200,nominal,,episode,1,30,30,5.0,0.5,0.5,1.0,3.0284583333333335,0.6162876101810288,30,1;1;1;1;1;1;1;1;1;1;1;1;1;1;1;1;1;1;1;1;1;1;1;1;1;1;1;1;1;1,3.2636859129780564,0.7433543325987769,30,1;1;1;1;1;1;1;1;1;1;1;1;1;1;1;1;1;1;1;1;1;1;1;1;1;1;1;1;1;1,0.11,0.024595871534705254,30,1;1;1;1;1;1;1;1;1;1;1;1;1;1;1;1;1;1;1;1;1;1;1;1;1;1;1;1;1;1,2.918458333333333,0.5944564928663153,30,1;1;1;1;1;1;1;1;1;1;1;1;1;1;1;1;1;1;1;1;1;1;1;1;1;1;1;1;1;1,3.3735416666666667,0.05283053108163701,30,1;1;1;1;1;1;1;1;1;1;1;1;1;1;1;1;1;1;1;1;1;1;1;1;1;1;1;1;1;1,1.958125,0.0375274468521558,30,1;1;1;1;1;1;1;1;1;1;1;1;1;1;1;1;1;1;1;1;1;1;1;1;1;1;1;1;1;1,0.008444624999999999,0.0001813390536279751,30,1;1;1;1;1;1;1;1;1;1;1;1;1;1;1;1;1;1;1;1;1;1;1;1;1;1;1;1;1;1,0.6126282083333333,0.006685505089848763,30,1;1;1;1;1;1;1;1;1;1;1;1;1;1;1;1;1;1;1;1;1;1;1;1;1;1;1;1;1;1,188.94286708333334,3.1662099543775013,30,1;1;1;1;1;1;1;1;1;1;1;1;1;1;1;1;1;1;1;1;1;1;1;1;1;1;1;1;1;1,0.15142291666666666,0.03081438050905144,30,1;1;1;1;1;1;1;1;1;1;1;1;1;1;1;1;1;1;1;1;1;1;1;1;1;1;1;1;1;1,0.0042223124999999995,9.066952681398754e-05,30,1;1;1;1;1;1;1;1;1;1;1;1;1;1;1;1;1;1;1;1;1;1;1;1;1;1;1;1;1;1,0.30631410416666666,0.0033427525449243817,30,1;1;1;1;1;1;1;1;1;1;1;1;1;1;1;1;1;1;1;1;1;1;1;1;1;1;1;1;1;1,-0.7872619461805556,0.013192541476572929,30,1;1;1;1;1;1;1;1;1;1;1;1;1;1;1;1;1;1;1;1;1;1;1;1;1;1;1;1;1;1,-0.32530261284722223,0.037265905204694694,30,1;1;1;1;1;1;1;1;1;1;1;1;1;1;1;1;1;1;1;1;1;1;1;1;1;1;1;1;1;1,-130.1210451388889,14.906362081877878,30,1;1;1;1;1;1;1;1;1;1;1;1;1;1;1;1;1;1;1;1;1;1;1;1;1;1;1;1;1;1,0.006818181818181818,0.0028057393845309438,30,1;1;1;1;1;1;1;1;1;1;1;1;1;1;1;1;1;1;1;1;1;1;1;1;1;1;1;1;1;1,0.9924022598726951,0.004630500086836259,30,1;1;1;1;1;1;1;1;1;1;1;1;1;1;1;1;1;1;1;1;1;1;1;1;1;1;1;1;1;1
maxsinr_ttt_N2000_K500_H200_nominal_tnative,Max-SINR+TTT,maxsinr_ttt,2000,500,200,nominal,,episode,1,30,30,5.0,0.5,0.5,1.0,4.634933333333334,0.8861836788407232,30,1;1;1;1;1;1;1;1;1;1;1;1;1;1;1;1;1;1;1;1;1;1;1;1;1;1;1;1;1;1,5.260425043552,0.9862655430887073,30,1;1;1;1;1;1;1;1;1;1;1;1;1;1;1;1;1;1;1;1;1;1;1;1;1;1;1;1;1;1,0.17403333333333335,0.03168539675964453,30,1;1;1;1;1;1;1;1;1;1;1;1;1;1;1;1;1;1;1;1;1;1;1;1;1;1;1;1;1;1,4.4609,0.8566730092792617,30,1;1;1;1;1;1;1;1;1;1;1;1;1;1;1;1;1;1;1;1;1;1;1;1;1;1;1;1;1;1,3.3120333333333334,0.04959663735357075,30,1;1;1;1;1;1;1;1;1;1;1;1;1;1;1;1;1;1;1;1;1;1;1;1;1;1;1;1;1;1,1.8828,0.04035179780637904,30,1;1;1;1;1;1;1;1;1;1;1;1;1;1;1;1;1;1;1;1;1;1;1;1;1;1;1;1;1;1,0.008117933333333332,0.00018933840045024528,30,1;1;1;1;1;1;1;1;1;1;1;1;1;1;1;1;1;1;1;1;1;1;1;1;1;1;1;1;1;1,0.7038723333333333,0.01121001879272882,30,1;1;1;1;1;1;1;1;1;1;1;1;1;1;1;1;1;1;1;1;1;1;1;1;1;1;1;1;1;1,183.20874533333333,3.3032561489533574,30,1;1;1;1;1;1;1;1;1;1;1;1;1;1;1;1;1;1;1;1;1;1;1;1;1;1;1;1;1;1,0.23174666666666666,0.04430918394203616,30,1;1;1;1;1;1;1;1;1;1;1;1;1;1;1;1;1;1;1;1;1;1;1;1;1;1;1;1;1;1,0.004058966666666666,9.466920022512264e-05,30,1;1;1;1;1;1;1;1;1;1;1;1;1;1;1;1;1;1;1;1;1;1;1;1;1;1;1;1;1;1,0.35193616666666666,0.00560500939636441,30,1;1;1;1;1;1;1;1;1;1;1;1;1;1;1;1;1;1;1;1;1;1;1;1;1;1;1;1;1;1,-0.7633697722222222,0.013763567287305649,30,1;1;1;1;1;1;1;1;1;1;1;1;1;1;1;1;1;1;1;1;1;1;1;1;1;1;1;1;1;1,-0.17562797222222223,0.050448548050009194,30,1;1;1;1;1;1;1;1;1;1;1;1;1;1;1;1;1;1;1;1;1;1;1;1;1;1;1;1;1;1,-87.8139861111111,25.224274025004597,30,1;1;1;1;1;1;1;1;1;1;1;1;1;1;1;1;1;1;1;1;1;1;1;1;1;1;1;1;1;1,0.0065656565656565654,0.0025956742907838827,30,1;1;1;1;1;1;1;1;1;1;1;1;1;1;1;1;1;1;1;1;1;1;1;1;1;1;1;1;1;1,0.9962700541781139,0.0027156916897673592,30,1;1;1;1;1;1;1;1;1;1;1;1;1;1;1;1;1;1;1;1;1;1;1;1;1;1;1;1;1;1
maxrst_N2000_K100_H50_nominal_tnative,Max-RST,maxrst,2000,100,50,nominal,,episode,1,30,30,5.0,0.5,0.5,1.0,1.3506666666666667,0.3079065390367817,30,1;1;1;1;1;1;1;1;1;1;1;1;1;1;1;1;1;1;1;1;1;1;1;1;1;1;1;1;1;1,1.3251961726492543,1.1618642907419743,30,1;1;1;1;1;1;1;1;1;1;1;1;1;1;1;1;1;1;1;1;1;1;1;1;1;1;1;1;1;1,0.03066666666666667,0.02715642215697451,30,1;1;1;1;1;1;1;1;1;1;1;1;1;1;1;1;1;1;1;1;1;1;1;1;1;1;1;1;1;1,1.32,0.30034462963689584,30,1;1;1;1;1;1;1;1;1;1;1;1;1;1;1;1;1;1;1;1;1;1;1;1;1;1;1;1;1;1,2.3073333333333332,0.23136675368912382,30,1;1;1;1;1;1;1;1;1;1;1;1;1;1;1;1;1;1;1;1;1;1;1;1;1;1;1;1;1;1,1.366,0.13660615425122818,30,1;1;1;1;1;1;1;1;1;1;1;1;1;1;1;1;1;1;1;1;1;1;1;1;1;1;1;1;1;1,0.005815333333333333,0.000595029604208948,30,1;1;1;1;1;1;1;1;1;1;1;1;1;1;1;1;1;1;1;1;1;1;1;1;1;1;1;1;1;1,0.24340666666666666,0.010726164379630336,30,1;1;1;1;1;1;1;1;1;1;1;1;1;1;1;1;1;1;1;1;1;1;1;1;1;1;1;1;1;1,193.58080666666666,3.9511781403153328,30,1;1;1;1;1;1;1;1;1;1;1;1;1;1;1;1;1;1;1;1;1;1;1;1;1;1;1;1;1;1,0.06753333333333333,0.015395326951839088,30,1;1;1;1;1;1;1;1;1;1;1;1;1;1;1;1;1;1;1;1;1;1;1;1;1;1;1;1;1;1,0.0029076666666666665,0.000297514802104474,30,1;1;1;1;1;1;1;1;1;1;1;1;1;1;1;1;1;1;1;1;1;1;1;1;1;1;1;1;1;1,0.12170333333333333,0.005363082189815168,30,1;1;1;1;1;1;1;1;1;1;1;1;1;1;1;1;1;1;1;1;1;1;1;1;1;1;1;1;1;1,-0.8065866944444444,0.016463242251313886,30,1;1;1;1;1;1;1;1;1;1;1;1;1;1;1;1;1;1;1;1;1;1;1;1;1;1;1;1;1;1,-0.6144423611111112,0.029529124933743805,30,1;1;1;1;1;1;1;1;1;1;1;1;1;1;1;1;1;1;1;1;1;1;1;1;1;1;1;1;1;1,-61.44423611111112,2.952912493374381,30,1;1;1;1;1;1;1;1;1;1;1;1;1;1;1;1;1;1;1;1;1;1;1;1;1;1;1;1;1;1,0.004166666666666667,0.011476279050411412,30,1;1;1;1;1;1;1;1;1;1;1;1;1;1;1;1;1;1;1;1;1;1;1;1;1;1;1;1;1;1,0.5655692783798265,0.07007109276279122,30,1;1;1;1;1;1;1;1;1;1;1;1;1;1;1;1;1;1;1;1;1;1;1;1;1;1;1;1;1;1
maxrst_N2000_K100_H200_nominal_tnative,Max-RST,maxrst,2000,100,200,nominal,,episode,1,30,30,5.0,0.5,0.5,1.0,1.3531666666666666,0.29938581766024247,30,1;1;1;1;1;1;1;1;1;1;1;1;1;1;1;1;1;1;1;1;1;1;1;1;1;1;1;1;1;1,1.2612173112929517,0.6595297708724869,30,1;1;1;1;1;1;1;1;1;1;1;1;1;1;1;1;1;1;1;1;1;1;1;1;1;1;1;1;1;1,0.0305,0.01593900009843563,30,1;1;1;1;1;1;1;1;1;1;1;1;1;1;1;1;1;1;1;1;1;1;1;1;1;1;1;1;1;1,1.3226666666666667,0.29109109053439913,30,1;1;1;1;1;1;1;1;1;1;1;1;1;1;1;1;1;1;1;1;1;1;1;1;1;1;1;1;1;1,2.418833333333333,0.1034548321677174,30,1;1;1;1;1;1;1;1;1;1;1;1;1;1;1;1;1;1;1;1;1;1;1;1;1;1;1;1;1;1,1.433,0.06236544135867291,30,1;1;1;1;1;1;1;1;1;1;1;1;1;1;1;1;1;1;1;1;1;1;1;1;1;1;1;1;1;1,0.006147333333333333,0.00025420509413671765,30,1;1;1;1;1;1;1;1;1;1;1;1;1;1;1;1;1;1;1;1;1;1;1;1;1;1;1;1;1;1,0.2442195,0.006450277506727371,30,1;1;1;1;1;1;1;1;1;1;1;1;1;1;1;1;1;1;1;1;1;1;1;1;1;1;1;1;1;1,193.54160666666667,3.770360309310367,30,1;1;1;1;1;1;1;1;1;1;1;1;1;1;1;1;1;1;1;1;1;1;1;1;1;1;1;1;1;1,0.06765833333333333,0.014969290883012123,30,1;1;1;1;1;1;1;1;1;1;1;1;1;1;1;1;1;1;1;1;1;1;1;1;1;1;1;1;1;1,0.0030736666666666664,0.00012710254706835883,30,1;1;1;1;1;1;1;1;1;1;1;1;1;1;1;1;1;1;1;1;1;1;1;1;1;1;1;1;1;1,0.12210975,0.0032251387533636855,30,1;1;1;1;1;1;1;1;1;1;1;1;1;1;1;1;1;1;1;1;1;1;1;1;1;1;1;1;1;1,-0.8064233611111111,0.015709834622126537,30,1;1;1;1;1;1;1;1;1;1;1;1;1;1;1;1;1;1;1;1;1;1;1;1;1;1;1;1;1;1,-0.6135816111111111,0.027628915153279077,30,1;1;1;1;1;1;1;1;1;1;1;1;1;1;1;1;1;1;1;1;1;1;1;1;1;1;1;1;1;1,-61.35816111111111,2.7628915153279077,30,1;1;1;1;1;1;1;1;1;1;1;1;1;1;1;1;1;1;1;1;1;1;1;1;1;1;1;1;1;1,0.003872053872053872,0.00490621710194231,30,1;1;1;1;1;1;1;1;1;1;1;1;1;1;1;1;1;1;1;1;1;1;1;1;1;1;1;1;1;1,0.6464376562676393,0.08360556411605896,30,1;1;1;1;1;1;1;1;1;1;1;1;1;1;1;1;1;1;1;1;1;1;1;1;1;1;1;1;1;1
maxrst_N2000_K100_H800_nominal_tnative,Max-RST,maxrst,2000,100,800,nominal,,episode,1,30,30,5.0,0.5,0.5,1.0,1.4792083333333332,0.31097117121159745,30,1;1;1;1;1;1;1;1;1;1;1;1;1;1;1;1;1;1;1;1;1;1;1;1;1;1;1;1;1;1,1.433107881036022,0.44086300850056076,30,1;1;1;1;1;1;1;1;1;1;1;1;1;1;1;1;1;1;1;1;1;1;1;1;1;1;1;1;1;1,0.035166666666666666,0.010806553992619585,30,1;1;1;1;1;1;1;1;1;1;1;1;1;1;1;1;1;1;1;1;1;1;1;1;1;1;1;1;1;1,1.4440416666666667,0.30195959911406434,30,1;1;1;1;1;1;1;1;1;1;1;1;1;1;1;1;1;1;1;1;1;1;1;1;1;1;1;1;1;1,2.45475,0.053968980554286644,30,1;1;1;1;1;1;1;1;1;1;1;1;1;1;1;1;1;1;1;1;1;1;1;1;1;1;1;1;1;1,1.45175,0.03299372981183776,30,1;1;1;1;1;1;1;1;1;1;1;1;1;1;1;1;1;1;1;1;1;1;1;1;1;1;1;1;1;1,0.006244666666666667,0.0001377020198267543,30,1;1;1;1;1;1;1;1;1;1;1;1;1;1;1;1;1;1;1;1;1;1;1;1;1;1;1;1;1;1,0.243603875,0.0030868295438107886,30,1;1;1;1;1;1;1;1;1;1;1;1;1;1;1;1;1;1;1;1;1;1;1;1;1;1;1;1;1;1,193.36788291666667,3.7299431291447185,30,1;1;1;1;1;1;1;1;1;1;1;1;1;1;1;1;1;1;1;1;1;1;1;1;1;1;1;1;1;1,0.07396041666666667,0.015548558560579871,30,1;1;1;1;1;1;1;1;1;1;1;1;1;1;1;1;1;1;1;1;1;1;1;1;1;1;1;1;1;1,0.0031223333333333333,6.885100991337715e-05,30,1;1;1;1;1;1;1;1;1;1;1;1;1;1;1;1;1;1;1;1;1;1;1;1;1;1;1;1;1;1,0.1218019375,0.0015434147719053943,30,1;1;1;1;1;1;1;1;1;1;1;1;1;1;1;1;1;1;1;1;1;1;1;1;1;1;1;1;1;1,-0.8056995121527778,0.015541429704769665,30,1;1;1;1;1;1;1;1;1;1;1;1;1;1;1;1;1;1;1;1;1;1;1;1;1;1;1;1;1;1,-0.6068148246527778,0.027699184284054268,30,1;1;1;1;1;1;1;1;1;1;1;1;1;1;1;1;1;1;1;1;1;1;1;1;1;1;1;1;1;1,-60.68148246527778,2.769918428405428,30,1;1;1;1;1;1;1;1;1;1;1;1;1;1;1;1;1;1;1;1;1;1;1;1;1;1;1;1;1;1,0.004636591478696742,0.0024216553700743227,30,1;1;1;1;1;1;1;1;1;1;1;1;1;1;1;1;1;1;1;1;1;1;1;1;1;1;1;1;1;1,0.7319964347455116,0.08339224409028424,30,1;1;1;1;1;1;1;1;1;1;1;1;1;1;1;1;1;1;1;1;1;1;1;1;1;1;1;1;1;1
maxrst_N2000_K200_H200_nominal_tnative,Max-RST,maxrst,2000,200,200,nominal,,episode,1,30,30,5.0,0.5,0.5,1.0,1.9598333333333333,0.4197720714316556,30,1;1;1;1;1;1;1;1;1;1;1;1;1;1;1;1;1;1;1;1;1;1;1;1;1;1;1;1;1;1,1.9286587120549974,0.5996272048432402,30,1;1;1;1;1;1;1;1;1;1;1;1;1;1;1;1;1;1;1;1;1;1;1;1;1;1;1;1;1;1,0.04675,0.014220401808184145,30,1;1;1;1;1;1;1;1;1;1;1;1;1;1;1;1;1;1;1;1;1;1;1;1;1;1;1;1;1;1,1.9130833333333332,0.41078755486246793,30,1;1;1;1;1;1;1;1;1;1;1;1;1;1;1;1;1;1;1;1;1;1;1;1;1;1;1;1;1;1,2.4288333333333334,0.06425546177420326,30,1;1;1;1;1;1;1;1;1;1;1;1;1;1;1;1;1;1;1;1;1;1;1;1;1;1;1;1;1;1,1.42925,0.040926079283474505,30,1;1;1;1;1;1;1;1;1;1;1;1;1;1;1;1;1;1;1;1;1;1;1;1;1;1;1;1;1;1,0.00614625,0.0001817974787390134,30,1;1;1;1;1;1;1;1;1;1;1;1;1;1;1;1;1;1;1;1;1;1;1;1;1;1;1;1;1;1,0.3873698333333333,0.005746506132415156,30,1;1;1;1;1;1;1;1;1;1;1;1;1;1;1;1;1;1;1;1;1;1;1;1;1;1;1;1;1;1,188.14650833333334,3.5568728719619513,30,1;1;1;1;1;1;1;1;1;1;1;1;1;1;1;1;1;1;1;1;1;1;1;1;1;1;1;1;1;1,0.09799166666666667,0.02098860357158278,30,1;1;1;1;1;1;1;1;1;1;1;1;1;1;1;1;1;1;1;1;1;1;1;1;1;1;1;1;1;1,0.003073125,9.08987393695067e-05,30,1;1;1;1;1;1;1;1;1;1;1;1;1;1;1;1;1;1;1;1;1;1;1;1;1;1;1;1;1;1,0.19368491666666665,0.002873253066207578,30,1;1;1;1;1;1;1;1;1;1;1;1;1;1;1;1;1;1;1;1;1;1;1;1;1;1;1;1;1;1,-0.7839437847222223,0.0148203036331748,30,1;1;1;1;1;1;1;1;1;1;1;1;1;1;1;1;1;1;1;1;1;1;1;1;1;1;1;1;1;1,-0.4891940763888889,0.03149832183148228,30,1;1;1;1;1;1;1;1;1;1;1;1;1;1;1;1;1;1;1;1;1;1;1;1;1;1;1;1;1;1,-97.83881527777778,6.299664366296456,30,1;1;1;1;1;1;1;1;1;1;1;1;1;1;1;1;1;1;1;1;1;1;1;1;1;1;1;1;1;1,0.002861952861952862,0.0030196414481280616,30,1;1;1;1;1;1;1;1;1;1;1;1;1;1;1;1;1;1;1;1;1;1;1;1;1;1;1;1;1;1,0.9220626248775107,0.051325747844043416,30,1;1;1;1;1;1;1;1;1;1;1;1;1;1;1;1;1;1;1;1;1;1;1;1;1;1;1;1;1;1
maxrst_N2000_K300_H200_nominal_tnative,Max-RST,maxrst,2000,300,200,nominal,,episode,1,30,30,5.0,0.5,0.5,1.0,2.8097777777777777,0.5904876115656584,30,1;1;1;1;1;1;1;1;1;1;1;1;1;1;1;1;1;1;1;1;1;1;1;1;1;1;1;1;1;1,2.8622667386487466,0.7593678982955921,30,1;1;1;1;1;1;1;1;1;1;1;1;1;1;1;1;1;1;1;1;1;1;1;1;1;1;1;1;1;1,0.06905555555555555,0.018318611295501025,30,1;1;1;1;1;1;1;1;1;1;1;1;1;1;1;1;1;1;1;1;1;1;1;1;1;1;1;1;1;1,2.7407222222222223,0.5750083596482659,30,1;1;1;1;1;1;1;1;1;1;1;1;1;1;1;1;1;1;1;1;1;1;1;1;1;1;1;1;1;1,2.4145555555555553,0.05335296573524145,30,1;1;1;1;1;1;1;1;1;1;1;1;1;1;1;1;1;1;1;1;1;1;1;1;1;1;1;1;1;1,1.4073,0.034434495535126126,30,1;1;1;1;1;1;1;1;1;1;1;1;1;1;1;1;1;1;1;1;1;1;1;1;1;1;1;1;1;1,0.006056166666666666,0.0001516253891031765,30,1;1;1;1;1;1;1;1;1;1;1;1;1;1;1;1;1;1;1;1;1;1;1;1;1;1;1;1;1;1,0.5210378888888889,0.007266013586245515,30,1;1;1;1;1;1;1;1;1;1;1;1;1;1;1;1;1;1;1;1;1;1;1;1;1;1;1;1;1;1,183.00118944444444,3.384217457338302,30,1;1;1;1;1;1;1;1;1;1;1;1;1;1;1;1;1;1;1;1;1;1;1;1;1;1;1;1;1;1,0.14048888888888889,0.02952438057828292,30,1;1;1;1;1;1;1;1;1;1;1;1;1;1;1;1;1;1;1;1;1;1;1;1;1;1;1;1;1;1,0.003028083333333333,7.581269455158825e-05,30,1;1;1;1;1;1;1;1;1;1;1;1;1;1;1;1;1;1;1;1;1;1;1;1;1;1;1;1;1;1,0.26051894444444446,0.0036330067931227574,30,1;1;1;1;1;1;1;1;1;1;1;1;1;1;1;1;1;1;1;1;1;1;1;1;1;1;1;1;1;1,-0.7625049560185185,0.014100906072242927,30,1;1;1;1;1;1;1;1;1;1;1;1;1;1;1;1;1;1;1;1;1;1;1;1;1;1;1;1;1;1,-0.3584690393518518,0.037687234196371516,30,1;1;1;1;1;1;1;1;1;1;1;1;1;1;1;1;1;1;1;1;1;1;1;1;1;1;1;1;1;1,-107.54071180555555,11.306170258911452,30,1;1;1;1;1;1;1;1;1;1;1;1;1;1;1;1;1;1;1;1;1;1;1;1;1;1;1;1;1;1,0.0028058361391694723,0.002627978810536779,30,1;1;1;1;1;1;1;1;1;1;1;1;1;1;1;1;1;1;1;1;1;1;1;1;1;1;1;1;1;1,0.9839844182042047,0.010453867240106404,30,1;1;1;1;1;1;1;1;1;1;1;1;1;1;1;1;1;1;1;1;1;1;1;1;1;1;1;1;1;1
maxrst_N2000_K400_H200_nominal_tnative,Max-RST,maxrst,2000,400,200,nominal,,episode,1,30,30,5.0,0.5,0.5,1.0,4.16,0.8506765816405928,30,1;1;1;1;1;1;1;1;1;1;1;1;1;1;1;1;1;1;1;1;1;1;1;1;1;1;1;1;1;1,4.452268472984825,1.0385819781135341,30,1;1;1;1;1;1;1;1;1;1;1;1;1;1;1;1;1;1;1;1;1;1;1;1;1;1;1;1;1;1,0.10591666666666667,0.023961025585864156,30,1;1;1;1;1;1;1;1;1;1;1;1;1;1;1;1;1;1;1;1;1;1;1;1;1;1;1;1;1;1,4.054083333333334,0.829829317029893,30,1;1;1;1;1;1;1;1;1;1;1;1;1;1;1;1;1;1;1;1;1;1;1;1;1;1;1;1;1;1,2.3835,0.04957187397764154,30,1;1;1;1;1;1;1;1;1;1;1;1;1;1;1;1;1;1;1;1;1;1;1;1;1;1;1;1;1;1,1.36655,0.03703780687258673,30,1;1;1;1;1;1;1;1;1;1;1;1;1;1;1;1;1;1;1;1;1;1;1;1;1;1;1;1;1;1,0.00588475,0.00016633841957763775,30,1;1;1;1;1;1;1;1;1;1;1;1;1;1;1;1;1;1;1;1;1;1;1;1;1;1;1;1;1;1,0.6338160833333333,0.009921620715494333,30,1;1;1;1;1;1;1;1;1;1;1;1;1;1;1;1;1;1;1;1;1;1;1;1;1;1;1;1;1;1,177.5822925,3.270249676682272,30,1;1;1;1;1;1;1;1;1;1;1;1;1;1;1;1;1;1;1;1;1;1;1;1;1;1;1;1;1;1,0.208,0.042533829082029635,30,1;1;1;1;1;1;1;1;1;1;1;1;1;1;1;1;1;1;1;1;1;1;1;1;1;1;1;1;1;1,0.002942375,8.316920978881887e-05,30,1;1;1;1;1;1;1;1;1;1;1;1;1;1;1;1;1;1;1;1;1;1;1;1;1;1;1;1;1;1,0.31690804166666664,0.0049608103577471665,30,1;1;1;1;1;1;1;1;1;1;1;1;1;1;1;1;1;1;1;1;1;1;1;1;1;1;1;1;1;1,-0.73992621875,0.013626040319509466,30,1;1;1;1;1;1;1;1;1;1;1;1;1;1;1;1;1;1;1;1;1;1;1;1;1;1;1;1;1;1,-0.21207580208333335,0.048378657975915985,30,1;1;1;1;1;1;1;1;1;1;1;1;1;1;1;1;1;1;1;1;1;1;1;1;1;1;1;1;1;1,-84.83032083333335,19.351463190366395,30,1;1;1;1;1;1;1;1;1;1;1;1;1;1;1;1;1;1;1;1;1;1;1;1;1;1;1;1;1;1,0.00281986531986532,0.0024743061233740687,30,1;1;1;1;1;1;1;1;1;1;1;1;1;1;1;1;1;1;1;1;1;1;1;1;1;1;1;1;1;1,0.9932330598836532,0.004232557167964542,30,1;1;1;1;1;1;1;1;1;1;1;1;1;1;1;1;1;1;1;1;1;1;1;1;1;1;1;1;1;1
maxrst_N2000_K500_H200_nominal_tnative,Max-RST,maxrst,2000,500,200,nominal,,episode,1,30,30,5.0,0.5,0.5,1.0,6.3978,1.2175528707630927,30,1;1;1;1;1;1;1;1;1;1;1;1;1;1;1;1;1;1;1;1;1;1;1;1;1;1;1;1;1;1,7.09019082894704,1.3927773714243599,30,1;1;1;1;1;1;1;1;1;1;1;1;1;1;1;1;1;1;1;1;1;1;1;1;1;1;1;1;1;1,0.16433333333333333,0.030571942662528325,30,1;1;1;1;1;1;1;1;1;1;1;1;1;1;1;1;1;1;1;1;1;1;1;1;1;1;1;1;1;1,6.233466666666667,1.1892426083895562,30,1;1;1;1;1;1;1;1;1;1;1;1;1;1;1;1;1;1;1;1;1;1;1;1;1;1;1;1;1;1,2.3227333333333333,0.0476857047424237,30,1;1;1;1;1;1;1;1;1;1;1;1;1;1;1;1;1;1;1;1;1;1;1;1;1;1;1;1;1;1,1.29504,0.040566451231494716,30,1;1;1;1;1;1;1;1;1;1;1;1;1;1;1;1;1;1;1;1;1;1;1;1;1;1;1;1;1;1,0.0055715999999999995,0.00018535159506490208,30,1;1;1;1;1;1;1;1;1;1;1;1;1;1;1;1;1;1;1;1;1;1;1;1;1;1;1;1;1;1,0.7200837333333333,0.015722831829986073,30,1;1;1;1;1;1;1;1;1;1;1;1;1;1;1;1;1;1;1;1;1;1;1;1;1;1;1;1;1;1,170.82254133333333,3.5857747126616415,30,1;1;1;1;1;1;1;1;1;1;1;1;1;1;1;1;1;1;1;1;1;1;1;1;1;1;1;1;1;1,0.31989,0.060877643538154634,30,1;1;1;1;1;1;1;1;1;1;1;1;1;1;1;1;1;1;1;1;1;1;1;1;1;1;1;1;1;1,0.0027857999999999997,9.267579753245104e-05,30,1;1;1;1;1;1;1;1;1;1;1;1;1;1;1;1;1;1;1;1;1;1;1;1;1;1;1;1;1;1,0.36004186666666665,0.007861415914993036,30,1;1;1;1;1;1;1;1;1;1;1;1;1;1;1;1;1;1;1;1;1;1;1;1;1;1;1;1;1;1,-0.7117605888888889,0.014940727969423504,30,1;1;1;1;1;1;1;1;1;1;1;1;1;1;1;1;1;1;1;1;1;1;1;1;1;1;1;1;1;1,-0.029042922222222205,0.06629272084565768,30,1;1;1;1;1;1;1;1;1;1;1;1;1;1;1;1;1;1;1;1;1;1;1;1;1;1;1;1;1;1,-14.521461111111103,33.14636042282884,30,1;1;1;1;1;1;1;1;1;1;1;1;1;1;1;1;1;1;1;1;1;1;1;1;1;1;1;1;1;1,0.002760942760942761,0.0018744595958764623,30,1;1;1;1;1;1;1;1;1;1;1;1;1;1;1;1;1;1;1;1;1;1;1;1;1;1;1;1;1;1,0.9968365546850378,0.0019259238721971318,30,1;1;1;1;1;1;1;1;1;1;1;1;1;1;1;1;1;1;1;1;1;1;1;1;1;1;1;1;1;1
cox_only_N2000_K100_H50_nominal_t0p05,Cox-only,cox_only,2000,100,50,nominal,0.05,episode,1,30,30,5.0,0.5,0.5,1.0,0.818,0.16403111563527123,30,1;1;1;1;1;1;1;1;1;1;1;1;1;1;1;1;1;1;1;1;1;1;1;1;1;1;1;1;1;1,0.8669629951115568,0.46062972591327905,30,1;1;1;1;1;1;1;1;1;1;1;1;1;1;1;1;1;1;1;1;1;1;1;1;1;1;1;1;1;1,0.062,0.03336320500605213,30,1;1;1;1;1;1;1;1;1;1;1;1;1;1;1;1;1;1;1;1;1;1;1;1;1;1;1;1;1;1,0.756,0.15742759693224712,30,1;1;1;1;1;1;1;1;1;1;1;1;1;1;1;1;1;1;1;1;1;1;1;1;1;1;1;1;1;1,7.128,0.3509042506203769,30,1;1;1;1;1;1;1;1;1;1;1;1;1;1;1;1;1;1;1;1;1;1;1;1;1;1;1;1;1;1,4.2396,0.20703582898319473,30,1;1;1;1;1;1;1;1;1;1;1;1;1;1;1;1;1;1;1;1;1;1;1;1;1;1;1;1;1;1,0.018220666666666666,0.0009015463089195346,30,1;1;1;1;1;1;1;1;1;1;1;1;1;1;1;1;1;1;1;1;1;1;1;1;1;1;1;1;1;1,0.23172466666666666,0.010163752610450374,30,1;1;1;1;1;1;1;1;1;1;1;1;1;1;1;1;1;1;1;1;1;1;1;1;1;1;1;1;1;1,200.49553333333333,3.8651291283540026,30,1;1;1;1;1;1;1;1;1;1;1;1;1;1;1;1;1;1;1;1;1;1;1;1;1;1;1;1;1;1,0.0409,0.008201555781763561,30,1;1;1;1;1;1;1;1;1;1;1;1;1;1;1;1;1;1;1;1;1;1;1;1;1;1;1;1;1;1,0.009110333333333333,0.0004507731544597673,30,1;1;1;1;1;1;1;1;1;1;1;1;1;1;1;1;1;1;1;1;1;1;1;1;1;1;1;1;1;1,0.11586233333333333,0.005081876305225187,30,1;1;1;1;1;1;1;1;1;1;1;1;1;1;1;1;1;1;1;1;1;1;1;1;1;1;1;1;1;1,-0.8353980555555556,0.016104704701475004,30,1;1;1;1;1;1;1;1;1;1;1;1;1;1;1;1;1;1;1;1;1;1;1;1;1;1;1;1;1;1,-0.6695253888888889,0.02301676959944079,30,1;1;1;1;1;1;1;1;1;1;1;1;1;1;1;1;1;1;1;1;1;1;1;1;1;1;1;1;1;1,-66.95253888888888,2.3016769599440794,30,1;1;1;1;1;1;1;1;1;1;1;1;1;1;1;1;1;1;1;1;1;1;1;1;1;1;1;1;1;1,0.09791666666666667,0.04516559039308083,30,1;1;1;1;1;1;1;1;1;1;1;1;1;1;1;1;1;1;1;1;1;1;1;1;1;1;1;1;1;1,0.524111249347957,0.05145124779914898,30,1;1;1;1;1;1;1;1;1;1;1;1;1;1;1;1;1;1;1;1;1;1;1;1;1;1;1;1;1;1
cox_only_N2000_K100_H200_nominal_t0p05,Cox-only,cox_only,2000,100,200,nominal,0.05,episode,1,30,30,5.0,0.5,0.5,1.0,0.8331666666666667,0.18201214118906983,30,1;1;1;1;1;1;1;1;1;1;1;1;1;1;1;1;1;1;1;1;1;1;1;1;1;1;1;1;1;1,0.8529751721727914,0.2781796529489431,30,1;1;1;1;1;1;1;1;1;1;1;1;1;1;1;1;1;1;1;1;1;1;1;1;1;1;1;1;1;1,0.06283333333333334,0.02074821692934423,30,1;1;1;1;1;1;1;1;1;1;1;1;1;1;1;1;1;1;1;1;1;1;1;1;1;1;1;1;1;1,0.7703333333333333,0.16884972574765253,30,1;1;1;1;1;1;1;1;1;1;1;1;1;1;1;1;1;1;1;1;1;1;1;1;1;1;1;1;1;1,7.3605,0.16753975338861293,30,1;1;1;1;1;1;1;1;1;1;1;1;1;1;1;1;1;1;1;1;1;1;1;1;1;1;1;1;1;1,4.3786000000000005,0.099072804995393,30,1;1;1;1;1;1;1;1;1;1;1;1;1;1;1;1;1;1;1;1;1;1;1;1;1;1;1;1;1;1,0.018858666666666666,0.0004612612643860192,30,1;1;1;1;1;1;1;1;1;1;1;1;1;1;1;1;1;1;1;1;1;1;1;1;1;1;1;1;1;1,0.2319855,0.004575838786872662,30,1;1;1;1;1;1;1;1;1;1;1;1;1;1;1;1;1;1;1;1;1;1;1;1;1;1;1;1;1;1,200.44598,3.7239968665631835,30,1;1;1;1;1;1;1;1;1;1;1;1;1;1;1;1;1;1;1;1;1;1;1;1;1;1;1;1;1;1,0.04165833333333333,0.009100607059453491,30,1;1;1;1;1;1;1;1;1;1;1;1;1;1;1;1;1;1;1;1;1;1;1;1;1;1;1;1;1;1,0.009429333333333333,0.0002306306321930096,30,1;1;1;1;1;1;1;1;1;1;1;1;1;1;1;1;1;1;1;1;1;1;1;1;1;1;1;1;1;1,0.11599275,0.002287919393436331,30,1;1;1;1;1;1;1;1;1;1;1;1;1;1;1;1;1;1;1;1;1;1;1;1;1;1;1;1;1;1,-0.8351915833333333,0.015516653610679927,30,1;1;1;1;1;1;1;1;1;1;1;1;1;1;1;1;1;1;1;1;1;1;1;1;1;1;1;1;1;1,-0.6681111666666667,0.02197550203614879,30,1;1;1;1;1;1;1;1;1;1;1;1;1;1;1;1;1;1;1;1;1;1;1;1;1;1;1;1;1;1,-66.81111666666666,2.1975502036148784,30,1;1;1;1;1;1;1;1;1;1;1;1;1;1;1;1;1;1;1;1;1;1;1;1;1;1;1;1;1;1,0.09831649831649832,0.01952601703393735,30,1;1;1;1;1;1;1;1;1;1;1;1;1;1;1;1;1;1;1;1;1;1;1;1;1;1;1;1;1;1,0.6050346921907201,0.0730224422495175,30,1;1;1;1;1;1;1;1;1;1;1;1;1;1;1;1;1;1;1;1;1;1;1;1;1;1;1;1;1;1
cox_only_N2000_K100_H800_nominal_t0p05,Cox-only,cox_only,2000,100,800,nominal,0.05,episode,1,30,30,5.0,0.5,0.5,1.0,0.9065,0.18290030495251813,30,1;1;1;1;1;1;1;1;1;1;1;1;1;1;1;1;1;1;1;1;1;1;1;1;1;1;1;1;1;1,0.9192063072426284,0.23911447127446694,30,1;1;1;1;1;1;1;1;1;1;1;1;1;1;1;1;1;1;1;1;1;1;1;1;1;1;1;1;1;1,0.06795833333333333,0.0177126347041009,30,1;1;1;1;1;1;1;1;1;1;1;1;1;1;1;1;1;1;1;1;1;1;1;1;1;1;1;1;1;1,0.8385416666666667,0.166880959577599,30,1;1;1;1;1;1;1;1;1;1;1;1;1;1;1;1;1;1;1;1;1;1;1;1;1;1;1;1;1;1,7.392291666666667,0.10410490985418089,30,1;1;1;1;1;1;1;1;1;1;1;1;1;1;1;1;1;1;1;1;1;1;1;1;1;1;1;1;1;1,4.3946000000000005,0.06250660654737995,30,1;1;1;1;1;1;1;1;1;1;1;1;1;1;1;1;1;1;1;1;1;1;1;1;1;1;1;1;1;1,0.018917166666666665,0.00024040844674089128,30,1;1;1;1;1;1;1;1;1;1;1;1;1;1;1;1;1;1;1;1;1;1;1;1;1;1;1;1;1;1,0.23107266666666668,0.0021924240327472725,30,1;1;1;1;1;1;1;1;1;1;1;1;1;1;1;1;1;1;1;1;1;1;1;1;1;1;1;1;1;1,200.38326541666666,3.6803102089691144,30,1;1;1;1;1;1;1;1;1;1;1;1;1;1;1;1;1;1;1;1;1;1;1;1;1;1;1;1;1;1,0.045325000000000004,0.009145015247625907,30,1;1;1;1;1;1;1;1;1;1;1;1;1;1;1;1;1;1;1;1;1;1;1;1;1;1;1;1;1;1,0.009458583333333333,0.00012020422337044564,30,1;1;1;1;1;1;1;1;1;1;1;1;1;1;1;1;1;1;1;1;1;1;1;1;1;1;1;1;1;1,0.11553633333333334,0.0010962120163736362,30,1;1;1;1;1;1;1;1;1;1;1;1;1;1;1;1;1;1;1;1;1;1;1;1;1;1;1;1;1;1,-0.8349302725694444,0.015334625870704647,30,1;1;1;1;1;1;1;1;1;1;1;1;1;1;1;1;1;1;1;1;1;1;1;1;1;1;1;1;1;1,-0.6646103559027777,0.021457379815555674,30,1;1;1;1;1;1;1;1;1;1;1;1;1;1;1;1;1;1;1;1;1;1;1;1;1;1;1;1;1;1,-66.46103559027777,2.1457379815555684,30,1;1;1;1;1;1;1;1;1;1;1;1;1;1;1;1;1;1;1;1;1;1;1;1;1;1;1;1;1;1,0.09970760233918129,0.009665822405780435,30,1;1;1;1;1;1;1;1;1;1;1;1;1;1;1;1;1;1;1;1;1;1;1;1;1;1;1;1;1;1,0.6849752653678743,0.07181588981974235,30,1;1;1;1;1;1;1;1;1;1;1;1;1;1;1;1;1;1;1;1;1;1;1;1;1;1;1;1;1;1
cox_only_N2000_K200_H200_nominal_t0p05,Cox-only,cox_only,2000,200,200,nominal,0.05,episode,1,30,30,5.0,0.5,0.5,1.0,1.1969166666666666,0.2622989240822628,30,1;1;1;1;1;1;1;1;1;1;1;1;1;1;1;1;1;1;1;1;1;1;1;1;1;1;1;1;1;1,1.2169409365190218,0.3120971145463084,30,1;1;1;1;1;1;1;1;1;1;1;1;1;1;1;1;1;1;1;1;1;1;1;1;1;1;1;1;1;1,0.08941666666666667,0.02289107766754569,30,1;1;1;1;1;1;1;1;1;1;1;1;1;1;1;1;1;1;1;1;1;1;1;1;1;1;1;1;1;1,1.1075,0.2443684682520682,30,1;1;1;1;1;1;1;1;1;1;1;1;1;1;1;1;1;1;1;1;1;1;1;1;1;1;1;1;1;1,7.348166666666667,0.11443815777101173,30,1;1;1;1;1;1;1;1;1;1;1;1;1;1;1;1;1;1;1;1;1;1;1;1;1;1;1;1;1;1,4.35525,0.06944245322815734,30,1;1;1;1;1;1;1;1;1;1;1;1;1;1;1;1;1;1;1;1;1;1;1;1;1;1;1;1;1;1,0.01877175,0.00031527980867575496,30,1;1;1;1;1;1;1;1;1;1;1;1;1;1;1;1;1;1;1;1;1;1;1;1;1;1;1;1;1;1,0.3617545833333333,0.004954580521029792,30,1;1;1;1;1;1;1;1;1;1;1;1;1;1;1;1;1;1;1;1;1;1;1;1;1;1;1;1;1;1,195.8641725,3.505142255840537,30,1;1;1;1;1;1;1;1;1;1;1;1;1;1;1;1;1;1;1;1;1;1;1;1;1;1;1;1;1;1,0.059845833333333334,0.013114946204113138,30,1;1;1;1;1;1;1;1;1;1;1;1;1;1;1;1;1;1;1;1;1;1;1;1;1;1;1;1;1;1,0.009385875,0.00015763990433787748,30,1;1;1;1;1;1;1;1;1;1;1;1;1;1;1;1;1;1;1;1;1;1;1;1;1;1;1;1;1;1,0.18087729166666666,0.002477290260514896,30,1;1;1;1;1;1;1;1;1;1;1;1;1;1;1;1;1;1;1;1;1;1;1;1;1;1;1;1;1;1,-0.81610071875,0.014604759399335575,30,1;1;1;1;1;1;1;1;1;1;1;1;1;1;1;1;1;1;1;1;1;1;1;1;1;1;1;1;1;1,-0.56599171875,0.024673917404187354,30,1;1;1;1;1;1;1;1;1;1;1;1;1;1;1;1;1;1;1;1;1;1;1;1;1;1;1;1;1;1,-113.19834374999999,4.934783480837469,30,1;1;1;1;1;1;1;1;1;1;1;1;1;1;1;1;1;1;1;1;1;1;1;1;1;1;1;1;1;1,0.09983164983164983,0.014660770426942403,30,1;1;1;1;1;1;1;1;1;1;1;1;1;1;1;1;1;1;1;1;1;1;1;1;1;1;1;1;1;1,0.8708969948559311,0.04726393411110132,30,1;1;1;1;1;1;1;1;1;1;1;1;1;1;1;1;1;1;1;1;1;1;1;1;1;1;1;1;1;1
cox_only_N2000_K300_H200_nominal_t0p05,Cox-only,cox_only,2000,300,200,nominal,0.05,episode,1,30,30,5.0,0.5,0.5,1.0,1.7378888888888888,0.3692741490956194,30,1;1;1;1;1;1;1;1;1;1;1;1;1;1;1;1;1;1;1;1;1;1;1;1;1;1;1;1;1;1,1.7824254826736199,0.40060302125252467,30,1;1;1;1;1;1;1;1;1;1;1;1;1;1;1;1;1;1;1;1;1;1;1;1;1;1;1;1;1;1,0.13033333333333333,0.02926428655260453,30,1;1;1;1;1;1;1;1;1;1;1;1;1;1;1;1;1;1;1;1;1;1;1;1;1;1;1;1;1;1,1.6075555555555556,0.34367261813339384,30,1;1;1;1;1;1;1;1;1;1;1;1;1;1;1;1;1;1;1;1;1;1;1;1;1;1;1;1;1;1,7.3115,0.10242402099423926,30,1;1;1;1;1;1;1;1;1;1;1;1;1;1;1;1;1;1;1;1;1;1;1;1;1;1;1;1;1;1,4.3087,0.0623898477594574,30,1;1;1;1;1;1;1;1;1;1;1;1;1;1;1;1;1;1;1;1;1;1;1;1;1;1;1;1;1;1,0.01857383333333333,0.00027015433009479155,30,1;1;1;1;1;1;1;1;1;1;1;1;1;1;1;1;1;1;1;1;1;1;1;1;1;1;1;1;1;1,0.48613066666666666,0.00427269250758439,30,1;1;1;1;1;1;1;1;1;1;1;1;1;1;1;1;1;1;1;1;1;1;1;1;1;1;1;1;1;1,191.5652127777778,3.254959770554005,30,1;1;1;1;1;1;1;1;1;1;1;1;1;1;1;1;1;1;1;1;1;1;1;1;1;1;1;1;1;1,0.08689444444444444,0.01846370745478097,30,1;1;1;1;1;1;1;1;1;1;1;1;1;1;1;1;1;1;1;1;1;1;1;1;1;1;1;1;1;1,0.009286916666666666,0.00013507716504739578,30,1;1;1;1;1;1;1;1;1;1;1;1;1;1;1;1;1;1;1;1;1;1;1;1;1;1;1;1;1;1,0.24306533333333333,0.002136346253792195,30,1;1;1;1;1;1;1;1;1;1;1;1;1;1;1;1;1;1;1;1;1;1;1;1;1;1;1;1;1;1,-0.7981883865740741,0.013562332377308356,30,1;1;1;1;1;1;1;1;1;1;1;1;1;1;1;1;1;1;1;1;1;1;1;1;1;1;1;1;1;1,-0.45894169212962965,0.02780116554124933,30,1;1;1;1;1;1;1;1;1;1;1;1;1;1;1;1;1;1;1;1;1;1;1;1;1;1;1;1;1;1,-137.6825076388889,8.340349662374798,30,1;1;1;1;1;1;1;1;1;1;1;1;1;1;1;1;1;1;1;1;1;1;1;1;1;1;1;1;1;1,0.09579124579124579,0.010352815580810217,30,1;1;1;1;1;1;1;1;1;1;1;1;1;1;1;1;1;1;1;1;1;1;1;1;1;1;1;1;1;1,0.9688118025224972,0.013839319947899624,30,1;1;1;1;1;1;1;1;1;1;1;1;1;1;1;1;1;1;1;1;1;1;1;1;1;1;1;1;1;1
cox_only_N2000_K400_H200_nominal_t0p05,Cox-only,cox_only,2000,400,200,nominal,0.05,episode,1,30,30,5.0,0.5,0.5,1.0,2.603625,0.5179685482979272,30,1;1;1;1;1;1;1;1;1;1;1;1;1;1;1;1;1;1;1;1;1;1;1;1;1;1;1;1;1;1,2.7555378906401113,0.5590277503827344,30,1;1;1;1;1;1;1;1;1;1;1;1;1;1;1;1;1;1;1;1;1;1;1;1;1;1;1;1;1;1,0.19954166666666667,0.03996157008093318,30,1;1;1;1;1;1;1;1;1;1;1;1;1;1;1;1;1;1;1;1;1;1;1;1;1;1;1;1;1;1,2.4040833333333333,0.4811328152595084,30,1;1;1;1;1;1;1;1;1;1;1;1;1;1;1;1;1;1;1;1;1;1;1;1;1;1;1;1;1;1,7.244625,0.0922697215158943,30,1;1;1;1;1;1;1;1;1;1;1;1;1;1;1;1;1;1;1;1;1;1;1;1;1;1;1;1;1;1,4.22705,0.06276153555186151,30,1;1;1;1;1;1;1;1;1;1;1;1;1;1;1;1;1;1;1;1;1;1;1;1;1;1;1;1;1;1,0.018228166666666667,0.0002776204952229139,30,1;1;1;1;1;1;1;1;1;1;1;1;1;1;1;1;1;1;1;1;1;1;1;1;1;1;1;1;1;1,0.598918875,0.005151707433208007,30,1;1;1;1;1;1;1;1;1;1;1;1;1;1;1;1;1;1;1;1;1;1;1;1;1;1;1;1;1;1,187.09740125,3.0369266721611026,30,1;1;1;1;1;1;1;1;1;1;1;1;1;1;1;1;1;1;1;1;1;1;1;1;1;1;1;1;1;1,0.13018125,0.025898427414896355,30,1;1;1;1;1;1;1;1;1;1;1;1;1;1;1;1;1;1;1;1;1;1;1;1;1;1;1;1;1;1,0.009114083333333333,0.00013881024761145695,30,1;1;1;1;1;1;1;1;1;1;1;1;1;1;1;1;1;1;1;1;1;1;1;1;1;1;1;1;1;1,0.2994594375,0.0025758537166040035,30,1;1;1;1;1;1;1;1;1;1;1;1;1;1;1;1;1;1;1;1;1;1;1;1;1;1;1;1;1;1,-0.7795725052083333,0.012653861134004588,30,1;1;1;1;1;1;1;1;1;1;1;1;1;1;1;1;1;1;1;1;1;1;1;1;1;1;1;1;1;1,-0.340817734375,0.032770003436265474,30,1;1;1;1;1;1;1;1;1;1;1;1;1;1;1;1;1;1;1;1;1;1;1;1;1;1;1;1;1;1,-136.32709375000002,13.10800137450619,30,1;1;1;1;1;1;1;1;1;1;1;1;1;1;1;1;1;1;1;1;1;1;1;1;1;1;1;1;1;1,0.0930976430976431,0.009785505686019135,30,1;1;1;1;1;1;1;1;1;1;1;1;1;1;1;1;1;1;1;1;1;1;1;1;1;1;1;1;1;1,0.9878267440297859,0.005747169022703619,30,1;1;1;1;1;1;1;1;1;1;1;1;1;1;1;1;1;1;1;1;1;1;1;1;1;1;1;1;1;1
cox_only_N2000_K500_H200_nominal_t0p05,Cox-only,cox_only,2000,500,200,nominal,0.05,episode,1,30,30,5.0,0.5,0.5,1.0,4.076666666666666,0.7448795937568717,30,1;1;1;1;1;1;1;1;1;1;1;1;1;1;1;1;1;1;1;1;1;1;1;1;1;1;1;1;1;1,4.5247638853445205,0.8200395677489626,30,1;1;1;1;1;1;1;1;1;1;1;1;1;1;1;1;1;1;1;1;1;1;1;1;1;1;1;1;1;1,0.322,0.05746903214055735,30,1;1;1;1;1;1;1;1;1;1;1;1;1;1;1;1;1;1;1;1;1;1;1;1;1;1;1;1;1;1,3.7546666666666666,0.6907837294837945,30,1;1;1;1;1;1;1;1;1;1;1;1;1;1;1;1;1;1;1;1;1;1;1;1;1;1;1;1;1;1,7.1199,0.0732733898163065,30,1;1;1;1;1;1;1;1;1;1;1;1;1;1;1;1;1;1;1;1;1;1;1;1;1;1;1;1;1;1,4.07874,0.061528398825818384,30,1;1;1;1;1;1;1;1;1;1;1;1;1;1;1;1;1;1;1;1;1;1;1;1;1;1;1;1;1;1,0.0175755,0.00026312416762092923,30,1;1;1;1;1;1;1;1;1;1;1;1;1;1;1;1;1;1;1;1;1;1;1;1;1;1;1;1;1;1,0.6908879333333333,0.008809686345872004,30,1;1;1;1;1;1;1;1;1;1;1;1;1;1;1;1;1;1;1;1;1;1;1;1;1;1;1;1;1;1,181.66868866666667,3.080034784988002,30,1;1;1;1;1;1;1;1;1;1;1;1;1;1;1;1;1;1;1;1;1;1;1;1;1;1;1;1;1;1,0.20383333333333334,0.03724397968784359,30,1;1;1;1;1;1;1;1;1;1;1;1;1;1;1;1;1;1;1;1;1;1;1;1;1;1;1;1;1;1,0.00878775,0.00013156208381046462,30,1;1;1;1;1;1;1;1;1;1;1;1;1;1;1;1;1;1;1;1;1;1;1;1;1;1;1;1;1;1,0.34544396666666666,0.004404843172936002,30,1;1;1;1;1;1;1;1;1;1;1;1;1;1;1;1;1;1;1;1;1;1;1;1;1;1;1;1;1;1,-0.7569528694444444,0.012833478270783339,30,1;1;1;1;1;1;1;1;1;1;1;1;1;1;1;1;1;1;1;1;1;1;1;1;1;1;1;1;1;1,-0.19888781944444445,0.04352659383740848,30,1;1;1;1;1;1;1;1;1;1;1;1;1;1;1;1;1;1;1;1;1;1;1;1;1;1;1;1;1;1,-99.44390972222223,21.76329691870424,30,1;1;1;1;1;1;1;1;1;1;1;1;1;1;1;1;1;1;1;1;1;1;1;1;1;1;1;1;1;1,0.08791245791245791,0.00952551951046031,30,1;1;1;1;1;1;1;1;1;1;1;1;1;1;1;1;1;1;1;1;1;1;1;1;1;1;1;1;1;1,0.9938897057544781,0.0047705561560383875,30,1;1;1;1;1;1;1;1;1;1;1;1;1;1;1;1;1;1;1;1;1;1;1;1;1;1;1;1;1;1
leo_madrl_N2000_K100_H50_nominal_tnative,LEO-MADRL,leo_madrl,2000,100,50,nominal,,training_seed_mean,1,150,5,5.0,0.5,0.5,1.0,0.9293333333333333,0.10571660229122008,5,30;30;30;30;30,0.8942754682101024,0.07974259323527429,5,30;30;30;30;30,0.07266666666666667,0.009128709291752775,5,30;30;30;30;30,0.8566666666666667,0.0966011272075941,5,30;30;30;30;30,8.075733333333334,0.30997082299969947,5,30;30;30;30;30,4.801839999999999,0.1805078613246527,5,30;30;30;30;30,0.02068093333333333,0.0007778578276266166,5,30;30;30;30;30,0.21229733333333334,0.0003329464421394788,5,30;30;30;30;30,199.70920666666666,0.7983743623973253,5,30;30;30;30;30,0.04646666666666666,0.005285830114561003,5,30;30;30;30;30,0.010340466666666666,0.0003889289138133083,5,30;30;30;30;30,0.10614866666666667,0.0001664732210697394,5,30;30;30;30;30,-0.8321216944444444,0.0033265598433221775,5,30;30;30;30;30,-0.6691658944444444,0.008852629617096838,5,30;30;30;30;30,-66.91658944444444,0.8852629617096853,5,30;30;30;30;30,0.11847222222222223,0.009035787045457868,5,30;30;30;30;30,0.5039607136105307,0.003340791602646213,5,30;30;30;30;30
leo_madrl_N2000_K100_H200_nominal_tnative,LEO-MADRL,leo_madrl,2000,100,200,nominal,,training_seed_mean,1,150,5,5.0,0.5,0.5,1.0,0.9385333333333333,0.10352934366642143,5,30;30;30;30;30,0.9364543642402192,0.097277434793843,5,30;30;30;30;30,0.07816666666666666,0.011017662587358942,5,30;30;30;30;30,0.8603666666666666,0.0925362841748516,5,30;30;30;30;30,8.316233333333333,0.3163658790774452,5,30;30;30;30;30,4.94284,0.18322916798370292,5,30;30;30;30;30,0.021306333333333333,0.0007876588199637372,5,30;30;30;30;30,0.2124818,0.0008060918699365332,5,30;30;30;30;30,199.670043,0.7843676154237609,5,30;30;30;30;30,0.046926666666666665,0.0051764671833210716,5,30;30;30;30;30,0.010653166666666667,0.0003938294099818686,5,30;30;30;30;30,0.1062409,0.0004030459349682666,5,30;30;30;30;30,-0.8319585125,0.003268198397598967,5,30;30;30;30;30,-0.6681377791666666,0.008436706575066882,5,30;30;30;30;30,-66.81377791666667,0.8436706575066883,5,30;30;30;30;30,0.11922558922558922,0.008376499431425117,5,30;30;30;30;30,0.5823293661693336,0.007544528375200104,5,30;30;30;30;30
leo_madrl_N2000_K100_H800_nominal_tnative,LEO-MADRL,leo_madrl,2000,100,800,nominal,,training_seed_mean,1,150,5,5.0,0.5,0.5,1.0,1.0250666666666666,0.11749623442547714,5,30;30;30;30;30,1.0345033309322096,0.1104182218186163,5,30;30;30;30;30,0.08661666666666668,0.0125673670781822,5,30;30;30;30;30,0.93845,0.1049367178681726,5,30;30;30;30;30,8.346583333333333,0.3211538347743617,5,30;30;30;30;30,4.95598,0.18515479453014416,5,30;30;30;30;30,0.021350033333333334,0.0007954686202912441,5,30;30;30;30;30,0.21179006666666667,0.0004793409778959849,5,30;30;30;30;30,199.56861275,0.8235299858171917,5,30;30;30;30;30,0.05125333333333334,0.005874811721273854,5,30;30;30;30;30,0.010675016666666667,0.00039773431014562203,5,30;30;30;30;30,0.10589503333333333,0.00023967048894799246,5,30;30;30;30;30,-0.8315358864583333,0.0034313749409049907,5,30;30;30;30;30,-0.663712503125,0.009464371394712021,5,30;30;30;30;30,-66.3712503125,0.946437139471201,5,30;30;30;30;30,0.1215455304928989,0.009259691616633257,5,30;30;30;30;30,0.6396924532056237,0.009133576294308308,5,30;30;30;30;30
leo_madrl_N2000_K200_H200_nominal_tnative,LEO-MADRL,leo_madrl,2000,200,200,nominal,,training_seed_mean,1,150,5,5.0,0.5,0.5,1.0,1.3540666666666665,0.1586768466622231,5,30;30;30;30;30,1.3543105671280584,0.15502283545142306,5,30;30;30;30;30,0.1126,0.017130058052700493,5,30;30;30;30;30,1.2414666666666667,0.14154978756999642,5,30;30;30;30;30,8.286533333333333,0.3126583909707917,5,30;30;30;30;30,4.90436,0.1773231915176353,5,30;30;30;30;30,0.021157266666666667,0.0007653195215979332,5,30;30;30;30;30,0.32436916666666665,0.0011963612481650677,5,30;30;30;30;30,195.447854,0.8854578070599847,5,30;30;30;30;30,0.06770333333333334,0.007933842333111157,5,30;30;30;30;30,0.010578633333333334,0.0003826597607989666,5,30;30;30;30;30,0.16218458333333333,0.0005981806240825338,5,30;30;30;30;30,-0.8143660583333333,0.0036894075294165553,5,30;30;30;30;30,-0.5738995083333334,0.011407532192829552,5,30;30;30;30;30,-114.77990166666667,2.281506438565909,5,30;30;30;30;30,0.12028619528619529,0.007989984831706593,5,30;30;30;30;30,0.8225300505545261,0.005267866238108636,5,30;30;30;30;30
leo_madrl_N2000_K300_H200_nominal_tnative,LEO-MADRL,leo_madrl,2000,300,200,nominal,,training_seed_mean,1,150,5,5.0,0.5,0.5,1.0,1.9375888888888888,0.21739625239537952,5,30;30;30;30;30,1.9443518867275533,0.21992465836819955,5,30;30;30;30;30,0.16083333333333333,0.024137977862874964,5,30;30;30;30;30,1.7767555555555554,0.19327724920882025,5,30;30;30;30;30,8.243455555555556,0.30361637029093497,5,30;30;30;30;30,4.849573333333334,0.1677054219623075,5,30;30;30;30;30,0.020923844444444444,0.0007239183602340472,5,30;30;30;30;30,0.43127754444444444,0.0018302603021880235,5,30;30;30;30;30,191.53684311111112,0.9863383482187665,5,30;30;30;30;30,0.09687944444444445,0.010869812619768979,5,30;30;30;30;30,0.010461922222222222,0.0003619591801170236,5,30;30;30;30;30,0.21563877222222222,0.0009151301510940118,5,30;30;30;30;30,-0.7980701796296297,0.004109743117578143,5,30;30;30;30;30,-0.47509004074074074,0.01442721791122787,5,30;30;30;30;30,-142.52701222222223,4.328165373368366,5,30;30;30;30;30,0.11622895622895624,0.008063779757705001,5,30;30;30;30;30,0.936773560897675,0.003149431215710026,5,30;30;30;30;30
leo_madrl_N2000_K400_H200_nominal_tnative,LEO-MADRL,leo_madrl,2000,400,200,nominal,,training_seed_mean,1,150,5,5.0,0.5,0.5,1.0,2.8153333333333332,0.3147257376360496,5,30;30;30;30;30,2.887699049907332,0.33223269256829197,5,30;30;30;30;30,0.23646666666666666,0.03572583682248277,5,30;30;30;30;30,2.578866666666667,0.2790001406311871,5,30;30;30;30;30,8.16455,0.2942276987560447,5,30;30;30;30;30,4.75685,0.15510559608698826,5,30;30;30;30;30,0.0205331,0.000668602591879553,5,30;30;30;30;30,0.5303693666666667,0.003144256022396269,5,30;30;30;30;30,187.41594083333334,1.1520090970558359,5,30;30;30;30;30,0.14076666666666668,0.015736286881802484,5,30;30;30;30;30,0.01026655,0.0003343012959397765,5,30;30;30;30;30,0.26518468333333334,0.0015721280111981345,5,30;30;30;30;30,-0.7808997534722222,0.004800037904399274,5,30;30;30;30;30,-0.36468185347222226,0.019298053477232645,5,30;30;30;30;30,-145.8727413888889,7.719221390893059,5,30;30;30;30;30,0.1128956228956229,0.0077236430851052055,5,30;30;30;30;30,0.9739685258396878,0.0032232004783218807,5,30;30;30;30;30
leo_madrl_N2000_K500_H200_nominal_tnative,LEO-MADRL,leo_madrl,2000,500,200,nominal,,training_seed_mean,1,150,5,5.0,0.5,0.5,1.0,4.162906666666666,0.4374304048772915,5,30;30;30;30;30,4.387859019933944,0.4326642427310463,5,30;30;30;30;30,0.35346,0.04711358261336815,5,30;30;30;30;30,3.8094466666666666,0.3903176417284319,5,30;30;30;30;30,8.039133333333334,0.27956718234521827,5,30;30;30;30;30,4.611404,0.1394810190671117,5,30;30;30;30;30,0.019896286666666665,0.0006002845429923681,5,30;30;30;30;30,0.61542288,0.004944720766051641,5,30;30;30;30;30,182.45107633333333,1.3488616898663979,5,30;30;30;30;30,0.20814533333333332,0.021871520243864566,5,30;30;30;30;30,0.009948143333333333,0.00030014227149618403,5,30;30;30;30;30,0.30771144,0.0024723603830258205,5,30;30;30;30;30,-0.7602128180555555,0.00562025704111,5,30;30;30;30;30,-0.2344079013888889,0.025319735422116987,5,30;30;30;30;30,-117.20395069444444,12.659867711058494,5,30;30;30;30;30,0.10754882154882156,0.007224650922348408,5,30;30;30;30;30,0.9856388363928541,0.0014262174841376508,5,30;30;30;30;30
greedy_analytic_N500_K100_H200_nominal_t0p05,Load-aware greedy,greedy_analytic,500,100,200,nominal,0.05,episode,1,30,30,5.0,0.5,0.5,1.0,1.022,0.21324908537621703,30,1;1;1;1;1;1;1;1;1;1;1;1;1;1;1;1;1;1;1;1;1;1;1;1;1;1;1;1;1;1,1.0104072363203092,0.3736243365042695,30,1;1;1;1;1;1;1;1;1;1;1;1;1;1;1;1;1;1;1;1;1;1;1;1;1;1;1;1;1;1,0.04533333333333334,0.01676065452868369,30,1;1;1;1;1;1;1;1;1;1;1;1;1;1;1;1;1;1;1;1;1;1;1;1;1;1;1;1;1;1,0.9766666666666667,0.20394105526594813,30,1;1;1;1;1;1;1;1;1;1;1;1;1;1;1;1;1;1;1;1;1;1;1;1;1;1;1;1;1;1,4.491666666666666,0.12965693016661278,30,1;1;1;1;1;1;1;1;1;1;1;1;1;1;1;1;1;1;1;1;1;1;1;1;1;1;1;1;1;1,2.6678,0.07875207714830393,30,1;1;1;1;1;1;1;1;1;1;1;1;1;1;1;1;1;1;1;1;1;1;1;1;1;1;1;1;1;1,0.011443,0.0003426886593416527,30,1;1;1;1;1;1;1;1;1;1;1;1;1;1;1;1;1;1;1;1;1;1;1;1;1;1;1;1;1;1,0.361085,0.005944025252881799,30,1;1;1;1;1;1;1;1;1;1;1;1;1;1;1;1;1;1;1;1;1;1;1;1;1;1;1;1;1;1,197.61979666666667,4.965777894750078,30,1;1;1;1;1;1;1;1;1;1;1;1;1;1;1;1;1;1;1;1;1;1;1;1;1;1;1;1;1;1,0.0511,0.01066245426881085,30,1;1;1;1;1;1;1;1;1;1;1;1;1;1;1;1;1;1;1;1;1;1;1;1;1;1;1;1;1;1,0.0057215,0.00017134432967082634,30,1;1;1;1;1;1;1;1;1;1;1;1;1;1;1;1;1;1;1;1;1;1;1;1;1;1;1;1;1;1,0.1805425,0.0029720126264408996,30,1;1;1;1;1;1;1;1;1;1;1;1;1;1;1;1;1;1;1;1;1;1;1;1;1;1;1;1;1;1,-0.8234158194444444,0.020690741228125326,30,1;1;1;1;1;1;1;1;1;1;1;1;1;1;1;1;1;1;1;1;1;1;1;1;1;1;1;1;1;1,-0.5860518194444444,0.02740612456086563,30,1;1;1;1;1;1;1;1;1;1;1;1;1;1;1;1;1;1;1;1;1;1;1;1;1;1;1;1;1;1,-58.605181944444446,2.7406124560865623,30,1;1;1;1;1;1;1;1;1;1;1;1;1;1;1;1;1;1;1;1;1;1;1;1;1;1;1;1;1;1,0.020202020202020204,0.009378552433184438,30,1;1;1;1;1;1;1;1;1;1;1;1;1;1;1;1;1;1;1;1;1;1;1;1;1;1;1;1;1;1,0.8346293249805067,0.05528881234562314,30,1;1;1;1;1;1;1;1;1;1;1;1;1;1;1;1;1;1;1;1;1;1;1;1;1;1;1;1;1;1
greedy_analytic_N1000_K100_H200_nominal_t0p05,Load-aware greedy,greedy_analytic,1000,100,200,nominal,0.05,episode,1,30,30,5.0,0.5,0.5,1.0,0.9371666666666667,0.19686194766074425,30,1;1;1;1;1;1;1;1;1;1;1;1;1;1;1;1;1;1;1;1;1;1;1;1;1;1;1;1;1;1,0.9273581436294502,0.45231618003258406,30,1;1;1;1;1;1;1;1;1;1;1;1;1;1;1;1;1;1;1;1;1;1;1;1;1;1;1;1;1;1,0.041833333333333333,0.021069807346276222,30,1;1;1;1;1;1;1;1;1;1;1;1;1;1;1;1;1;1;1;1;1;1;1;1;1;1;1;1;1;1,0.8953333333333333,0.18313803599985737,30,1;1;1;1;1;1;1;1;1;1;1;1;1;1;1;1;1;1;1;1;1;1;1;1;1;1;1;1;1;1,4.497,0.14821117273720616,30,1;1;1;1;1;1;1;1;1;1;1;1;1;1;1;1;1;1;1;1;1;1;1;1;1;1;1;1;1;1,2.6731,0.08638061324641999,30,1;1;1;1;1;1;1;1;1;1;1;1;1;1;1;1;1;1;1;1;1;1;1;1;1;1;1;1;1;1,0.011528833333333334,0.0003922804313008861,30,1;1;1;1;1;1;1;1;1;1;1;1;1;1;1;1;1;1;1;1;1;1;1;1;1;1;1;1;1;1,0.2752095,0.006486707143764506,30,1;1;1;1;1;1;1;1;1;1;1;1;1;1;1;1;1;1;1;1;1;1;1;1;1;1;1;1;1;1,201.35540166666667,3.8518708313798715,30,1;1;1;1;1;1;1;1;1;1;1;1;1;1;1;1;1;1;1;1;1;1;1;1;1;1;1;1;1;1,0.046858333333333335,0.009843097383037212,30,1;1;1;1;1;1;1;1;1;1;1;1;1;1;1;1;1;1;1;1;1;1;1;1;1;1;1;1;1;1,0.005764416666666667,0.00019614021565044306,30,1;1;1;1;1;1;1;1;1;1;1;1;1;1;1;1;1;1;1;1;1;1;1;1;1;1;1;1;1;1,0.13760475,0.003243353571882253,30,1;1;1;1;1;1;1;1;1;1;1;1;1;1;1;1;1;1;1;1;1;1;1;1;1;1;1;1;1;1,-0.8389808402777778,0.016049461797416127,30,1;1;1;1;1;1;1;1;1;1;1;1;1;1;1;1;1;1;1;1;1;1;1;1;1;1;1;1;1;1,-0.6487533402777778,0.020233900801850672,30,1;1;1;1;1;1;1;1;1;1;1;1;1;1;1;1;1;1;1;1;1;1;1;1;1;1;1;1;1;1,-64.87533402777778,2.023390080185068,30,1;1;1;1;1;1;1;1;1;1;1;1;1;1;1;1;1;1;1;1;1;1;1;1;1;1;1;1;1;1,0.02239057239057239,0.009254244338182562,30,1;1;1;1;1;1;1;1;1;1;1;1;1;1;1;1;1;1;1;1;1;1;1;1;1;1;1;1;1;1,0.7092463266324484,0.061312096106427696,30,1;1;1;1;1;1;1;1;1;1;1;1;1;1;1;1;1;1;1;1;1;1;1;1;1;1;1;1;1;1
cox_only_N500_K100_H200_nominal_t0p05,Cox-only,cox_only,500,100,200,nominal,0.05,episode,1,30,30,5.0,0.5,0.5,1.0,0.9105,0.19020565095488728,30,1;1;1;1;1;1;1;1;1;1;1;1;1;1;1;1;1;1;1;1;1;1;1;1;1;1;1;1;1;1,0.9505434108384904,0.3114390253915294,30,1;1;1;1;1;1;1;1;1;1;1;1;1;1;1;1;1;1;1;1;1;1;1;1;1;1;1;1;1;1,0.06916666666666667,0.022670173832796153,30,1;1;1;1;1;1;1;1;1;1;1;1;1;1;1;1;1;1;1;1;1;1;1;1;1;1;1;1;1;1,0.8413333333333334,0.17364218725702088,30,1;1;1;1;1;1;1;1;1;1;1;1;1;1;1;1;1;1;1;1;1;1;1;1;1;1;1;1;1;1,7.281166666666667,0.17869104204113634,30,1;1;1;1;1;1;1;1;1;1;1;1;1;1;1;1;1;1;1;1;1;1;1;1;1;1;1;1;1;1,4.3272,0.10829729197111011,30,1;1;1;1;1;1;1;1;1;1;1;1;1;1;1;1;1;1;1;1;1;1;1;1;1;1;1;1;1;1,0.018482666666666665,0.0005158684230354263,30,1;1;1;1;1;1;1;1;1;1;1;1;1;1;1;1;1;1;1;1;1;1;1;1;1;1;1;1;1;1,0.39440183333333334,0.008146425859332989,30,1;1;1;1;1;1;1;1;1;1;1;1;1;1;1;1;1;1;1;1;1;1;1;1;1;1;1;1;1;1,195.63564166666666,4.868859373913505,30,1;1;1;1;1;1;1;1;1;1;1;1;1;1;1;1;1;1;1;1;1;1;1;1;1;1;1;1;1;1,0.045525,0.009510282547744364,30,1;1;1;1;1;1;1;1;1;1;1;1;1;1;1;1;1;1;1;1;1;1;1;1;1;1;1;1;1;1,0.009241333333333332,0.00025793421151771315,30,1;1;1;1;1;1;1;1;1;1;1;1;1;1;1;1;1;1;1;1;1;1;1;1;1;1;1;1;1;1,0.19720091666666667,0.0040732129296664945,30,1;1;1;1;1;1;1;1;1;1;1;1;1;1;1;1;1;1;1;1;1;1;1;1;1;1;1;1;1;1,-0.8151485069444444,0.02028691405797294,30,1;1;1;1;1;1;1;1;1;1;1;1;1;1;1;1;1;1;1;1;1;1;1;1;1;1;1;1;1;1,-0.5631812569444444,0.025485286511484382,30,1;1;1;1;1;1;1;1;1;1;1;1;1;1;1;1;1;1;1;1;1;1;1;1;1;1;1;1;1;1,-56.31812569444445,2.5485286511484384,30,1;1;1;1;1;1;1;1;1;1;1;1;1;1;1;1;1;1;1;1;1;1;1;1;1;1;1;1;1;1,0.10420875420875421,0.022876107472271694,30,1;1;1;1;1;1;1;1;1;1;1;1;1;1;1;1;1;1;1;1;1;1;1;1;1;1;1;1;1;1,0.8598372188668523,0.06705492805115341,30,1;1;1;1;1;1;1;1;1;1;1;1;1;1;1;1;1;1;1;1;1;1;1;1;1;1;1;1;1;1
cox_only_N1000_K100_H200_nominal_t0p05,Cox-only,cox_only,1000,100,200,nominal,0.05,episode,1,30,30,5.0,0.5,0.5,1.0,0.833,0.16911840373761403,30,1;1;1;1;1;1;1;1;1;1;1;1;1;1;1;1;1;1;1;1;1;1;1;1;1;1;1;1;1;1,0.8051289698317146,0.3317603230006543,30,1;1;1;1;1;1;1;1;1;1;1;1;1;1;1;1;1;1;1;1;1;1;1;1;1;1;1;1;1;1,0.059000000000000004,0.024332467312569054,30,1;1;1;1;1;1;1;1;1;1;1;1;1;1;1;1;1;1;1;1;1;1;1;1;1;1;1;1;1;1,0.774,0.15565434739212705,30,1;1;1;1;1;1;1;1;1;1;1;1;1;1;1;1;1;1;1;1;1;1;1;1;1;1;1;1;1;1,7.3308333333333335,0.2056699873052967,30,1;1;1;1;1;1;1;1;1;1;1;1;1;1;1;1;1;1;1;1;1;1;1;1;1;1;1;1;1;1,4.3631,0.12373201018664322,30,1;1;1;1;1;1;1;1;1;1;1;1;1;1;1;1;1;1;1;1;1;1;1;1;1;1;1;1;1;1,0.01878583333333333,0.0005169690902074182,30,1;1;1;1;1;1;1;1;1;1;1;1;1;1;1;1;1;1;1;1;1;1;1;1;1;1;1;1;1;1,0.29748633333333335,0.004411637418537893,30,1;1;1;1;1;1;1;1;1;1;1;1;1;1;1;1;1;1;1;1;1;1;1;1;1;1;1;1;1;1,199.65365166666666,3.8343172650484787,30,1;1;1;1;1;1;1;1;1;1;1;1;1;1;1;1;1;1;1;1;1;1;1;1;1;1;1;1;1;1,0.04165,0.0084559201868807,30,1;1;1;1;1;1;1;1;1;1;1;1;1;1;1;1;1;1;1;1;1;1;1;1;1;1;1;1;1;1,0.009392916666666666,0.0002584845451037091,30,1;1;1;1;1;1;1;1;1;1;1;1;1;1;1;1;1;1;1;1;1;1;1;1;1;1;1;1;1;1,0.14874316666666668,0.0022058187092689465,30,1;1;1;1;1;1;1;1;1;1;1;1;1;1;1;1;1;1;1;1;1;1;1;1;1;1;1;1;1;1,-0.8318902152777777,0.015976321937701998,30,1;1;1;1;1;1;1;1;1;1;1;1;1;1;1;1;1;1;1;1;1;1;1;1;1;1;1;1;1;1,-0.6321041319444445,0.019769248354349216,30,1;1;1;1;1;1;1;1;1;1;1;1;1;1;1;1;1;1;1;1;1;1;1;1;1;1;1;1;1;1,-63.21041319444444,1.9769248354349211,30,1;1;1;1;1;1;1;1;1;1;1;1;1;1;1;1;1;1;1;1;1;1;1;1;1;1;1;1;1;1,0.10252525252525252,0.021759454355041414,30,1;1;1;1;1;1;1;1;1;1;1;1;1;1;1;1;1;1;1;1;1;1;1;1;1;1;1;1;1;1,0.7397920950789386,0.06999381109378001,30,1;1;1;1;1;1;1;1;1;1;1;1;1;1;1;1;1;1;1;1;1;1;1;1;1;1;1;1;1;1
no_triplet_N500_K100_H200_nominal_t0p05,No arrival/RST descriptors,no_triplet,500,100,200,nominal,0.05,training_seed_mean,1,150,5,5.0,0.5,0.5,1.0,1.2767666666666666,0.1467497681239887,5,30;30;30;30;30,1.3179109275971708,0.144823144844631,5,30;30;30;30;30,0.1389,0.02057898064638879,5,30;30;30;30;30,1.1378666666666666,0.1261729082560031,5,30;30;30;30;30,10.506133333333334,0.39454100265723707,5,30;30;30;30;30,6.22034,0.22438221409015463,5,30;30;30;30;30,0.026627699999999997,0.0009622977016841857,5,30;30;30;30;30,0.39058896666666665,0.0006967383176870083,5,30;30;30;30;30,194.764196,0.8591571881788785,5,30;30;30;30;30,0.06383833333333333,0.007337488406199433,5,30;30;30;30;30,0.013313849999999999,0.00048114885084209283,5,30;30;30;30;30,0.19529448333333332,0.00034836915884350417,5,30;30;30;30;30,-0.8115174833333333,0.003579821617412008,5,30;30;30;30;30,-0.5390708166666667,0.011098990732941474,5,30;30;30;30;30,-53.90708166666667,1.109899073294147,5,30;30;30;30;30,0.2621885521885522,0.018150068925046114,5,30;30;30;30;30,0.850317904589772,0.003821662851033758,5,30;30;30;30;30
no_triplet_N1000_K100_H200_nominal_t0p05,No arrival/RST descriptors,no_triplet,1000,100,200,nominal,0.05,training_seed_mean,1,150,5,5.0,0.5,0.5,1.0,1.1977,0.17600936685933002,5,30;30;30;30;30,1.1964567856747539,0.16904239982886152,5,30;30;30;30;30,0.12856666666666666,0.02475816363680204,5,30;30;30;30;30,1.0691333333333333,0.15129934456786875,5,30;30;30;30;30,10.6896,0.5484164906548873,5,30;30;30;30;30,6.33662,0.3142547167506001,5,30;30;30;30;30,0.027266366666666667,0.0013444274152961927,5,30;30;30;30;30,0.2913555,0.00098525705190744,5,30;30;30;30;30,198.70584333333332,1.1471894033795809,5,30;30;30;30;30,0.059885,0.008800468342966501,5,30;30;30;30;30,0.013633183333333333,0.0006722137076480963,5,30;30;30;30;30,0.14567775,0.00049262852595372,5,30;30;30;30;30,-0.8279410138888889,0.004779955847414872,5,30;30;30;30;30,-0.6087450805555555,0.01375937901820231,5,30;30;30;30;30,-60.87450805555556,1.3759379018202307,5,30;30;30;30;30,0.26484848484848483,0.026965839982801856,5,30;30;30;30;30,0.7021303483601807,0.005422717348119158,5,30;30;30;30;30
no_triplet_N2000_K100_H200_nominal_t0p05,No arrival/RST descriptors,no_triplet,2000,100,200,nominal,0.05,training_seed_mean,1,150,5,5.0,0.5,0.5,1.0,1.1578,0.17355512252755767,5,30;30;30;30;30,1.1794942159305501,0.1934007918926837,5,30;30;30;30;30,0.12536666666666668,0.02703634385209822,5,30;30;30;30;30,1.0324333333333333,0.14652202147724344,5,30;30;30;30;30,10.577933333333334,0.49130508738348005,5,30;30;30;30;30,6.27154,0.2785690991477696,5,30;30;30;30;30,0.027048766666666665,0.0012092097316015937,5,30;30;30;30;30,0.22942666666666667,0.00046796259050389604,5,30;30;30;30;30,199.69066233333334,1.0597635520008448,5,30;30;30;30;30,0.057890000000000004,0.008677756126377884,5,30;30;30;30;30,0.013524383333333332,0.0006046048658007968,5,30;30;30;30;30,0.11471333333333333,0.00023398129525194802,5,30;30;30;30;30,-0.8320444263888889,0.004415681466670174,5,30;30;30;30;30,-0.6459167097222221,0.013466061015094915,5,30;30;30;30;30,-64.59167097222222,1.3466061015094897,5,30;30;30;30;30,0.24414141414141413,0.022367269714998937,5,30;30;30;30;30,0.6091921883507995,0.003883164818806503,5,30;30;30;30;30
mlp_coeff_N500_K100_H200_nominal_t0p05,PhysiCK + MLP coefficient head,mlp_coeff,500,100,200,nominal,0.05,training_seed_mean,1,150,5,5.0,0.5,0.5,1.0,0.7664,0.07223443700125923,5,30;30;30;30;30,0.7740211593740469,0.07377600314008428,5,30;30;30;30;30,0.07196666666666666,0.009337350326035282,5,30;30;30;30;30,0.6944333333333333,0.06291998887476061,5,30;30;30;30;30,9.277333333333333,0.30222813770762963,5,30;30;30;30;30,5.52322,0.17575043954425826,5,30;30;30;30;30,0.0236617,0.0007471468638166869,5,30;30;30;30;30,0.37729039999999997,0.0005950078267458964,5,30;30;30;30;30,197.68098799999999,0.6292242902391375,5,30;30;30;30;30,0.03832,0.0036117218500629623,5,30;30;30;30;30,0.01183085,0.00037357343190834344,5,30;30;30;30;30,0.18864519999999999,0.0002975039133729482,5,30;30;30;30;30,-0.8236707833333333,0.0026217678759964014,5,30;30;30;30;30,-0.5848747333333333,0.006354975995821694,5,30;30;30;30;30,-58.487473333333334,0.635497599582171,5,30;30;30;30;30,0.18525252525252525,0.014398910280339877,5,30;30;30;30;30,0.8433032069964226,0.006085472013295264,5,30;30;30;30;30
mlp_coeff_N1000_K100_H200_nominal_t0p05,PhysiCK + MLP coefficient head,mlp_coeff,1000,100,200,nominal,0.05,training_seed_mean,1,150,5,5.0,0.5,0.5,1.0,0.728,0.11352942594567964,5,30;30;30;30;30,0.7216903465308404,0.11251202851901553,5,30;30;30;30;30,0.06866666666666667,0.013969709294676743,5,30;30;30;30;30,0.6593333333333333,0.09956565393972185,5,30;30;30;30;30,9.459166666666667,0.532414638437207,5,30;30;30;30;30,5.6343,0.31107327914817745,5,30;30;30;30;30,0.02425223333333333,0.0013407491614350862,5,30;30;30;30;30,0.28707653333333333,0.0009674925164798222,5,30;30;30;30;30,201.295422,1.1036001725831521,5,30;30;30;30;30,0.0364,0.005676471297283981,5,30;30;30;30;30,0.012126116666666666,0.0006703745807175431,5,30;30;30;30;30,0.14353826666666666,0.0004837462582399111,5,30;30;30;30;30,-0.838730925,0.004598334052429763,5,30;30;30;30;30,-0.6466665416666667,0.010469940264664383,5,30;30;30;30;30,-64.66665416666667,1.04699402646644,5,30;30;30;30;30,0.18888888888888888,0.019812461777676465,5,30;30;30;30;30,0.7247317046248359,0.00910906092021157,5,30;30;30;30;30
mlp_coeff_N2000_K100_H200_nominal_t0p05,PhysiCK + MLP coefficient head,mlp_coeff,2000,100,200,nominal,0.05,training_seed_mean,1,150,5,5.0,0.5,0.5,1.0,0.7131333333333333,0.06860883487002399,5,30;30;30;30;30,0.7189200315251458,0.07774061719179977,5,30;30;30;30;30,0.06826666666666667,0.009655597110254526,5,30;30;30;30;30,0.6448666666666667,0.058957305644753544,5,30;30;30;30;30,9.461866666666667,0.3193077233989532,5,30;30;30;30;30,5.63616,0.18580368134135544,5,30;30;30;30;30,0.024290266666666668,0.0008071202891212125,5,30;30;30;30;30,0.2265136,0.0003763544723912376,5,30;30;30;30;30,202.011294,0.6492167242088663,5,30;30;30;30;30,0.03565666666666667,0.0034304417435012014,5,30;30;30;30;30,0.012145133333333334,0.00040356014456060623,5,30;30;30;30;30,0.1132568,0.0001881772361956188,5,30;30;30;30;30,-0.841713725,0.0027050696842036265,5,30;30;30;30;30,-0.680655125,0.006370745441261822,5,30;30;30;30;30,-68.0655125,0.6370745441261779,5,30;30;30;30;30,0.1827946127946128,0.012855053943309947,5,30;30;30;30;30,0.5909943474364451,0.004444837985893901,5,30;30;30;30;30
no_cox_rst_N2000_K100_H200_nominal_t0p05,"No Cox, RST retained",no_cox_rst,2000,100,200,nominal,0.05,training_seed_mean,1,150,5,5.0,0.5,0.5,1.0,0.8508666666666667,0.12379437476001172,5,30;30;30;30;30,0.8530673809890011,0.12580321067808617,5,30;30;30;30;30,0.08383333333333333,0.016245939663668447,5,30;30;30;30;30,0.7670333333333333,0.10755588986403507,5,30;30;30;30;30,9.7681,0.48562903937974006,5,30;30;30;30;30,5.81056,0.2816359227797477,5,30;30;30;30;30,0.0250488,0.0012217180150645773,5,30;30;30;30;30,0.2271288,0.0004656073005584545,5,30;30;30;30;30,201.692782,1.0240251473117998,5,30;30;30;30;30,0.042543333333333336,0.006189718738000585,5,30;30;30;30;30,0.0125244,0.0006108590075322886,5,30;30;30;30;30,0.1135644,0.00023280365027922726,5,30;30;30;30;30,-0.8403865916666666,0.004266771447132489,5,30;30;30;30;30,-0.6717544583333334,0.010874302667649254,5,30;30;30;30;30,-67.17544583333333,1.087430266764926,5,30;30;30;30;30,0.1930976430976431,0.017763934514330525,5,30;30;30;30;30,0.5884699352865591,0.004186489837251919,5,30;30;30;30;30
no_cox_rst_N500_K100_H200_nominal_t0p05,"No Cox, RST retained",no_cox_rst,500,100,200,nominal,0.05,training_seed_mean,1,150,5,5.0,0.5,0.5,1.0,1.0072666666666668,0.11109459182756529,5,30;30;30;30;30,1.0330606887074147,0.12307100862265856,5,30;30;30;30;30,0.103,0.016166237107695228,5,30;30;30;30;30,0.9042666666666667,0.09494066860705982,5,30;30;30;30;30,9.9309,0.3866180393273618,5,30;30;30;30;30,5.89674,0.22227798586454772,5,30;30;30;30;30,0.025249033333333334,0.0009535960404350122,5,30;30;30;30;30,0.3829112,0.000584279321044293,5,30;30;30;30;30,196.460443,0.8183910452285412,5,30;30;30;30;30,0.050363333333333336,0.005554729591378267,5,30;30;30;30;30,0.012624516666666667,0.0004767980202175061,5,30;30;30;30;30,0.1914556,0.0002921396605221465,5,30;30;30;30;30,-0.8185851791666666,0.0034099626884523003,5,30;30;30;30;30,-0.5641417291666667,0.00915579416333751,5,30;30;30;30;30,-56.414172916666665,0.9155794163337528,5,30;30;30;30;30,0.21528619528619528,0.015357005337694915,5,30;30;30;30;30,0.8418870092513212,0.0062614934509845075,5,30;30;30;30;30
no_cox_rst_N1000_K100_H200_nominal_t0p05,"No Cox, RST retained",no_cox_rst,1000,100,200,nominal,0.05,training_seed_mean,1,150,5,5.0,0.5,0.5,1.0,0.9120666666666667,0.10937941102216431,5,30;30;30;30;30,0.9171362262731773,0.11619635634966761,5,30;30;30;30;30,0.09166666666666667,0.015319287044623047,5,30;30;30;30;30,0.8204,0.09406222822035304,5,30;30;30;30;30,9.9587,0.42401007915168987,5,30;30;30;30;30,5.92022,0.2452282854811002,5,30;30;30;30;30,0.025486833333333334,0.0010597982774513694,5,30;30;30;30;30,0.28875853333333334,0.0006805106579294301,5,30;30;30;30;30,200.526344,0.887145649452494,5,30;30;30;30;30,0.04560333333333333,0.005468970551108216,5,30;30;30;30;30,0.012743416666666667,0.0005298991387256847,5,30;30;30;30;30,0.14437926666666667,0.00034025532896471503,5,30;30;30;30;30,-0.8355264333333333,0.003696440206052068,5,30;30;30;30;30,-0.6328004166666666,0.009366260336798616,5,30;30;30;30;30,-63.28004166666667,0.9366260336798593,5,30;30;30;30;30,0.20946127946127946,0.018030923918926328,5,30;30;30;30;30,0.7072755679637652,0.009160943865390195,5,30;30;30;30;30
eph_physick_N2000_K100_H200_nominal_t0p05,Ephemeris-PhysiCK,eph_physick,2000,100,200,nominal,0.05,training_seed_mean,1,150,5,5.0,0.5,0.5,1.0,0.7424333333333334,0.07088249274523137,5,30;30;30;30;30,0.7404449813317228,0.0778533141147812,5,30;30;30;30;30,0.06466666666666666,0.008833333333333334,5,30;30;30;30;30,0.6777666666666667,0.062053135832660915,5,30;30;30;30;30,8.697633333333334,0.2952556190075904,5,30;30;30;30;30,5.17978,0.17187702580624317,5,30;30;30;30;30,0.0223143,0.0007416609213260608,5,30;30;30;30;30,0.22795543333333332,0.00041687220930267154,5,30;30;30;30;30,202.079749,0.6632821492277335,5,30;30;30;30;30,0.037121666666666664,0.003544124637261567,5,30;30;30;30;30,0.01115715,0.0003708304606630304,5,30;30;30;30;30,0.11397771666666666,0.00020843610465133577,5,30;30;30;30;30,-0.8419989541666667,0.0027636756217822482,5,30;30;30;30;30,-0.6797424208333334,0.0065051804720969685,5,30;30;30;30;30,-67.97424208333332,0.6505180472096952,5,30;30;30;30;30,0.13074074074074074,0.007686803057306945,5,30;30;30;30;30,0.5907822643909186,0.004209837625526651,5,30;30;30;30;30
eph_physick_N500_K100_H200_nominal_t0p05,Ephemeris-PhysiCK,eph_physick,500,100,200,nominal,0.05,training_seed_mean,1,150,5,5.0,0.5,0.5,1.0,0.8191666666666667,0.08595000161592656,5,30;30;30;30;30,0.845169820414454,0.07710321607240392,5,30;30;30;30;30,0.07296666666666667,0.009180595478144834,5,30;30;30;30;30,0.7462,0.07677007518847723,5,30;30;30;30;30,8.609933333333334,0.32646691596886535,5,30;30;30;30;30,5.12218,0.19037593597931426,5,30;30;30;30;30,0.021930366666666666,0.0008247747116637367,5,30;30;30;30;30,0.3843183,0.0005703962974205961,5,30;30;30;30;30,197.40607733333334,0.7557052553433907,5,30;30;30;30;30,0.04095833333333333,0.004297500080796326,5,30;30;30;30;30,0.010965183333333333,0.00041238735583186837,5,30;30;30;30;30,0.19215915,0.00028519814871029805,5,30;30;30;30;30,-0.8225253222222222,0.0031487718972640997,5,30;30;30;30;30,-0.5784426555555555,0.007602903106134324,5,30;30;30;30;30,-57.84426555555556,0.7602903106134308,5,30;30;30;30;30,0.13734006734006735,0.009931518510002447,5,30;30;30;30;30,0.8499014889924615,0.006255508399628084,5,30;30;30;30;30
eph_physick_N1000_K100_H200_nominal_t0p05,Ephemeris-PhysiCK,eph_physick,1000,100,200,nominal,0.05,training_seed_mean,1,150,5,5.0,0.5,0.5,1.0,0.6499666666666667,0.06173716690760746,5,30;30;30;30;30,0.6498139784680848,0.06220051817981602,5,30;30;30;30;30,0.053566666666666665,0.0068380065321212834,5,30;30;30;30;30,0.5963999999999999,0.05490479133109524,5,30;30;30;30;30,8.240466666666666,0.2549284594635219,5,30;30;30;30;30,4.91214,0.1488617748114002,5,30;30;30;30;30,0.021154433333333333,0.0006343566469704205,5,30;30;30;30;30,0.2904573,0.0002179246301922944,5,30;30;30;30;30,202.33434033333333,0.603350224356557,5,30;30;30;30;30,0.03249833333333334,0.003086858345380371,5,30;30;30;30;30,0.010577216666666667,0.00031717832348521024,5,30;30;30;30;30,0.14522865,0.0001089623150961472,5,30;30;30;30;30,-0.8430597513888889,0.002513959268152317,5,30;30;30;30;30,-0.6547555513888889,0.005853605219109725,5,30;30;30;30;30,-65.4755551388889,0.58536052191097,5,30;30;30;30;30,0.12501683501683503,0.007782986871950817,5,30;30;30;30;30,0.7253405603235296,0.006296208723744924,5,30;30;30;30;30
full_N2000_K100_H200_nominal_t0p1,Cox-PhysiCK,full,2000,100,200,nominal,0.1,training_seed_mean,1,150,5,5.0,0.5,0.5,1.0,0.6204666666666666,0.0908844962942892,5,30;30;30;30;30,0.6247157182855864,0.08363889973753463,5,30;30;30;30;30,0.05163333333333334,0.009510520490488417,5,30;30;30;30;30,0.5688333333333333,0.0813905195134339,5,30;30;30;30;30,8.2094,0.4137972967260388,5,30;30;30;30;30,4.89466,0.24258130183507545,5,30;30;30;30;30,0.021092633333333333,0.001044779710965161,5,30;30;30;30;30,0.22518486666666668,0.000413500258632198,5,30;30;30;30;30,202.57433333333333,0.9576370389277941,5,30;30;30;30;30,0.031023333333333333,0.00454422481471446,5,30;30;30;30;30,0.010546316666666666,0.0005223898554825804,5,30;30;30;30;30,0.11259243333333334,0.000206750129316099,5,30;30;30;30;30,-0.8440597222222223,0.003990154328865802,5,30;30;30;30;30,-0.6898976388888889,0.008854302326813387,5,30;30;30;30;30,-68.98976388888889,0.8854302326813425,5,30;30;30;30;30,0.12043771043771044,0.012887642474449734,5,30;30;30;30;30,0.6047418025024623,0.005950535768798081,5,30;30;30;30;30
full_N2000_K100_H200_nominal_t0p2,Cox-PhysiCK,full,2000,100,200,nominal,0.2,training_seed_mean,1,150,5,5.0,0.5,0.5,1.0,0.6455666666666666,0.09401622200450302,5,30;30;30;30;30,0.6549621151502978,0.08995934498794561,5,30;30;30;30;30,0.04253333333333333,0.007993400055323419,5,30;30;30;30;30,0.6030333333333333,0.08603595824485893,5,30;30;30;30;30,6.446766666666667,0.32848973855104413,5,30;30;30;30;30,3.84254,0.19231680373799884,5,30;30;30;30;30,0.016556166666666667,0.0008300708554093443,5,30;30;30;30;30,0.22636230000000002,0.0002206093958913751,5,30;30;30;30;30,202.49103266666665,0.9781514242469763,5,30;30;30;30;30,0.03227833333333333,0.004700811100225151,5,30;30;30;30;30,0.008278083333333333,0.00041503542770467215,5,30;30;30;30;30,0.11318115000000001,0.00011030469794568755,5,30;30;30;30;30,-0.8437126361111111,0.0040756309343624045,5,30;30;30;30;30,-0.6899750694444444,0.00924494569293573,5,30;30;30;30;30,-68.99750694444444,0.9244945692935708,5,30;30;30;30;30,0.06552188552188552,0.006542305016044961,5,30;30;30;30;30,0.6055811924349269,0.004597714386414669,5,30;30;30;30;30
full_N2000_K100_H200_nominal_t0p3,Cox-PhysiCK,full,2000,100,200,nominal,0.3,training_seed_mean,1,150,5,5.0,0.5,0.5,1.0,0.6741666666666667,0.09910537321457398,5,30;30;30;30;30,0.6921857670342209,0.10284632883604959,5,30;30;30;30;30,0.03526666666666667,0.007075583996313583,5,30;30;30;30;30,0.6389,0.09207459234531293,5,30;30;30;30;30,5.064866666666667,0.26230544112626486,5,30;30;30;30;30,3.01776,0.1531898593249567,5,30;30;30;30;30,0.012997133333333332,0.0006579325932207819,5,30;30;30;30;30,0.2253897,0.00028314757145739944,5,30;30;30;30;30,202.45795533333333,0.9797522286877567,5,30;30;30;30;30,0.03370833333333333,0.0049552686607287,5,30;30;30;30;30,0.006498566666666666,0.00032896629661039096,5,30;30;30;30;30,0.11269485,0.00014157378572869972,5,30;30;30;30;30,-0.8435748138888889,0.004082300952865609,5,30;30;30;30;30,-0.6906730638888888,0.009235708815467737,5,30;30;30;30;30,-69.06730638888888,0.9235708815467704,5,30;30;30;30;30,0.034915824915824914,0.0029845973258353425,5,30;30;30;30;30,0.601738677506084,0.001611345018572719,5,30;30;30;30;30
cox_only_N2000_K100_H200_nominal_t0p1,Cox-only,cox_only,2000,100,200,nominal,0.1,episode,1,30,30,5.0,0.5,0.5,1.0,0.85,0.18613584212649087,30,1;1;1;1;1;1;1;1;1;1;1;1;1;1;1;1;1;1;1;1;1;1;1;1;1;1;1;1;1;1,0.879956291066889,0.3150664966551417,30,1;1;1;1;1;1;1;1;1;1;1;1;1;1;1;1;1;1;1;1;1;1;1;1;1;1;1;1;1;1,0.0575,0.020792488696808196,30,1;1;1;1;1;1;1;1;1;1;1;1;1;1;1;1;1;1;1;1;1;1;1;1;1;1;1;1;1;1,0.7925,0.17267045551250668,30,1;1;1;1;1;1;1;1;1;1;1;1;1;1;1;1;1;1;1;1;1;1;1;1;1;1;1;1;1;1,6.530666666666667,0.1677217180708678,30,1;1;1;1;1;1;1;1;1;1;1;1;1;1;1;1;1;1;1;1;1;1;1;1;1;1;1;1;1;1,3.8839,0.09976812772797142,30,1;1;1;1;1;1;1;1;1;1;1;1;1;1;1;1;1;1;1;1;1;1;1;1;1;1;1;1;1;1,0.016729166666666666,0.00044367602993651784,30,1;1;1;1;1;1;1;1;1;1;1;1;1;1;1;1;1;1;1;1;1;1;1;1;1;1;1;1;1;1,0.232433,0.003915002003786864,30,1;1;1;1;1;1;1;1;1;1;1;1;1;1;1;1;1;1;1;1;1;1;1;1;1;1;1;1;1;1,200.39623166666667,3.7279370601669353,30,1;1;1;1;1;1;1;1;1;1;1;1;1;1;1;1;1;1;1;1;1;1;1;1;1;1;1;1;1;1,0.042499999999999996,0.009306792106324542,30,1;1;1;1;1;1;1;1;1;1;1;1;1;1;1;1;1;1;1;1;1;1;1;1;1;1;1;1;1;1,0.008364583333333333,0.00022183801496825892,30,1;1;1;1;1;1;1;1;1;1;1;1;1;1;1;1;1;1;1;1;1;1;1;1;1;1;1;1;1;1,0.1162165,0.001957501001893432,30,1;1;1;1;1;1;1;1;1;1;1;1;1;1;1;1;1;1;1;1;1;1;1;1;1;1;1;1;1;1,-0.8349842986111111,0.015533071084028897,30,1;1;1;1;1;1;1;1;1;1;1;1;1;1;1;1;1;1;1;1;1;1;1;1;1;1;1;1;1;1,-0.6679032152777777,0.022275068863261385,30,1;1;1;1;1;1;1;1;1;1;1;1;1;1;1;1;1;1;1;1;1;1;1;1;1;1;1;1;1;1,-66.79032152777778,2.2275068863261387,30,1;1;1;1;1;1;1;1;1;1;1;1;1;1;1;1;1;1;1;1;1;1;1;1;1;1;1;1;1;1,0.0734006734006734,0.014990044822777208,30,1;1;1;1;1;1;1;1;1;1;1;1;1;1;1;1;1;1;1;1;1;1;1;1;1;1;1;1;1;1,0.6197081446992334,0.0737644148119102,30,1;1;1;1;1;1;1;1;1;1;1;1;1;1;1;1;1;1;1;1;1;1;1;1;1;1;1;1;1;1
cox_only_N2000_K100_H200_nominal_t0p2,Cox-only,cox_only,2000,100,200,nominal,0.2,episode,1,30,30,5.0,0.5,0.5,1.0,0.8871666666666667,0.19078640942946776,30,1;1;1;1;1;1;1;1;1;1;1;1;1;1;1;1;1;1;1;1;1;1;1;1;1;1;1;1;1;1,0.9269401306976154,0.3829322677164003,30,1;1;1;1;1;1;1;1;1;1;1;1;1;1;1;1;1;1;1;1;1;1;1;1;1;1;1;1;1;1,0.0475,0.019728764227164217,30,1;1;1;1;1;1;1;1;1;1;1;1;1;1;1;1;1;1;1;1;1;1;1;1;1;1;1;1;1;1,0.8396666666666667,0.17725849687008993,30,1;1;1;1;1;1;1;1;1;1;1;1;1;1;1;1;1;1;1;1;1;1;1;1;1;1;1;1;1;1,5.1290000000000004,0.13942245403684156,30,1;1;1;1;1;1;1;1;1;1;1;1;1;1;1;1;1;1;1;1;1;1;1;1;1;1;1;1;1;1,3.0489,0.0847618774100065,30,1;1;1;1;1;1;1;1;1;1;1;1;1;1;1;1;1;1;1;1;1;1;1;1;1;1;1;1;1;1,0.013123166666666667,0.00040638541951625474,30,1;1;1;1;1;1;1;1;1;1;1;1;1;1;1;1;1;1;1;1;1;1;1;1;1;1;1;1;1;1,0.23101483333333334,0.004202541612613388,30,1;1;1;1;1;1;1;1;1;1;1;1;1;1;1;1;1;1;1;1;1;1;1;1;1;1;1;1;1;1,200.36094833333334,3.6986185565900582,30,1;1;1;1;1;1;1;1;1;1;1;1;1;1;1;1;1;1;1;1;1;1;1;1;1;1;1;1;1;1,0.04435833333333333,0.009539320471473389,30,1;1;1;1;1;1;1;1;1;1;1;1;1;1;1;1;1;1;1;1;1;1;1;1;1;1;1;1;1;1,0.006561583333333333,0.00020319270975812737,30,1;1;1;1;1;1;1;1;1;1;1;1;1;1;1;1;1;1;1;1;1;1;1;1;1;1;1;1;1;1,0.11550741666666667,0.002101270806306694,30,1;1;1;1;1;1;1;1;1;1;1;1;1;1;1;1;1;1;1;1;1;1;1;1;1;1;1;1;1;1,-0.8348372847222222,0.015410910652458575,30,1;1;1;1;1;1;1;1;1;1;1;1;1;1;1;1;1;1;1;1;1;1;1;1;1;1;1;1;1;1,-0.6684099513888889,0.02154399519173476,30,1;1;1;1;1;1;1;1;1;1;1;1;1;1;1;1;1;1;1;1;1;1;1;1;1;1;1;1;1;1,-66.84099513888889,2.154399519173476,30,1;1;1;1;1;1;1;1;1;1;1;1;1;1;1;1;1;1;1;1;1;1;1;1;1;1;1;1;1;1,0.03905723905723906,0.012295087895113493,30,1;1;1;1;1;1;1;1;1;1;1;1;1;1;1;1;1;1;1;1;1;1;1;1;1;1;1;1;1;1,0.6110637473597622,0.07026102294289255,30,1;1;1;1;1;1;1;1;1;1;1;1;1;1;1;1;1;1;1;1;1;1;1;1;1;1;1;1;1;1
cox_only_N2000_K100_H200_nominal_t0p3,Cox-only,cox_only,2000,100,200,nominal,0.3,episode,1,30,30,5.0,0.5,0.5,1.0,0.9203333333333333,0.19732667354403463,30,1;1;1;1;1;1;1;1;1;1;1;1;1;1;1;1;1;1;1;1;1;1;1;1;1;1;1;1;1;1,0.942771341835085,0.4495824037281543,30,1;1;1;1;1;1;1;1;1;1;1;1;1;1;1;1;1;1;1;1;1;1;1;1;1;1;1;1;1;1,0.03766666666666667,0.017798359733284478,30,1;1;1;1;1;1;1;1;1;1;1;1;1;1;1;1;1;1;1;1;1;1;1;1;1;1;1;1;1;1,0.8826666666666667,0.18711850077780479,30,1;1;1;1;1;1;1;1;1;1;1;1;1;1;1;1;1;1;1;1;1;1;1;1;1;1;1;1;1;1,4.013333333333334,0.13753578426730617,30,1;1;1;1;1;1;1;1;1;1;1;1;1;1;1;1;1;1;1;1;1;1;1;1;1;1;1;1;1;1,2.3853999999999997,0.08555844947088555,30,1;1;1;1;1;1;1;1;1;1;1;1;1;1;1;1;1;1;1;1;1;1;1;1;1;1;1;1;1;1,0.010268,0.00037365990437553115,30,1;1;1;1;1;1;1;1;1;1;1;1;1;1;1;1;1;1;1;1;1;1;1;1;1;1;1;1;1;1,0.23112933333333333,0.005472696135224917,30,1;1;1;1;1;1;1;1;1;1;1;1;1;1;1;1;1;1;1;1;1;1;1;1;1;1;1;1;1;1,200.29151,3.7144565516185595,30,1;1;1;1;1;1;1;1;1;1;1;1;1;1;1;1;1;1;1;1;1;1;1;1;1;1;1;1;1;1,0.046016666666666664,0.009866333677201732,30,1;1;1;1;1;1;1;1;1;1;1;1;1;1;1;1;1;1;1;1;1;1;1;1;1;1;1;1;1;1,0.005134,0.00018682995218776558,30,1;1;1;1;1;1;1;1;1;1;1;1;1;1;1;1;1;1;1;1;1;1;1;1;1;1;1;1;1;1,0.11556466666666666,0.0027363480676124586,30,1;1;1;1;1;1;1;1;1;1;1;1;1;1;1;1;1;1;1;1;1;1;1;1;1;1;1;1;1;1,-0.8345479583333333,0.015476902298410667,30,1;1;1;1;1;1;1;1;1;1;1;1;1;1;1;1;1;1;1;1;1;1;1;1;1;1;1;1;1;1,-0.667832625,0.02224359575029491,30,1;1;1;1;1;1;1;1;1;1;1;1;1;1;1;1;1;1;1;1;1;1;1;1;1;1;1;1;1;1,-66.78326249999999,2.2243595750294913,30,1;1;1;1;1;1;1;1;1;1;1;1;1;1;1;1;1;1;1;1;1;1;1;1;1;1;1;1;1;1,0.02053872053872054,0.009558151455381596,30,1;1;1;1;1;1;1;1;1;1;1;1;1;1;1;1;1;1;1;1;1;1;1;1;1;1;1;1;1;1,0.6184116818907642,0.07946514400119419,30,1;1;1;1;1;1;1;1;1;1;1;1;1;1;1;1;1;1;1;1;1;1;1;1;1;1;1;1;1;1
greedy_analytic_N2000_K100_H200_nominal_t0p1,Load-aware greedy,greedy_analytic,2000,100,200,nominal,0.1,episode,1,30,30,5.0,0.5,0.5,1.0,0.9526666666666667,0.20382858473242407,30,1;1;1;1;1;1;1;1;1;1;1;1;1;1;1;1;1;1;1;1;1;1;1;1;1;1;1;1;1;1,0.9594073792109417,0.4649398335576907,30,1;1;1;1;1;1;1;1;1;1;1;1;1;1;1;1;1;1;1;1;1;1;1;1;1;1;1;1;1;1,0.038,0.018270005567822795,30,1;1;1;1;1;1;1;1;1;1;1;1;1;1;1;1;1;1;1;1;1;1;1;1;1;1;1;1;1;1,0.9146666666666666,0.1938357522506483,30,1;1;1;1;1;1;1;1;1;1;1;1;1;1;1;1;1;1;1;1;1;1;1;1;1;1;1;1;1;1,3.979833333333333,0.1384301350821077,30,1;1;1;1;1;1;1;1;1;1;1;1;1;1;1;1;1;1;1;1;1;1;1;1;1;1;1;1;1;1,2.3651,0.08629794019997591,30,1;1;1;1;1;1;1;1;1;1;1;1;1;1;1;1;1;1;1;1;1;1;1;1;1;1;1;1;1;1,0.0101855,0.0003738669088288522,30,1;1;1;1;1;1;1;1;1;1;1;1;1;1;1;1;1;1;1;1;1;1;1;1;1;1;1;1;1;1,0.21775166666666668,0.005831507957421584,30,1;1;1;1;1;1;1;1;1;1;1;1;1;1;1;1;1;1;1;1;1;1;1;1;1;1;1;1;1;1,201.89035166666667,3.7442060071364187,30,1;1;1;1;1;1;1;1;1;1;1;1;1;1;1;1;1;1;1;1;1;1;1;1;1;1;1;1;1;1,0.04763333333333333,0.010191429236621204,30,1;1;1;1;1;1;1;1;1;1;1;1;1;1;1;1;1;1;1;1;1;1;1;1;1;1;1;1;1;1,0.00509275,0.0001869334544144261,30,1;1;1;1;1;1;1;1;1;1;1;1;1;1;1;1;1;1;1;1;1;1;1;1;1;1;1;1;1;1,0.10887583333333334,0.002915753978710792,30,1;1;1;1;1;1;1;1;1;1;1;1;1;1;1;1;1;1;1;1;1;1;1;1;1;1;1;1;1;1,-0.8412097986111111,0.015600858363068416,30,1;1;1;1;1;1;1;1;1;1;1;1;1;1;1;1;1;1;1;1;1;1;1;1;1;1;1;1;1;1,-0.6796078819444444,0.02277024887554846,30,1;1;1;1;1;1;1;1;1;1;1;1;1;1;1;1;1;1;1;1;1;1;1;1;1;1;1;1;1;1,-67.96078819444445,2.2770248875548456,30,1;1;1;1;1;1;1;1;1;1;1;1;1;1;1;1;1;1;1;1;1;1;1;1;1;1;1;1;1;1,0.015993265993265993,0.007394598553647359,30,1;1;1;1;1;1;1;1;1;1;1;1;1;1;1;1;1;1;1;1;1;1;1;1;1;1;1;1;1;1,0.5948589378582391,0.06742283681136838,30,1;1;1;1;1;1;1;1;1;1;1;1;1;1;1;1;1;1;1;1;1;1;1;1;1;1;1;1;1;1
greedy_analytic_N2000_K100_H200_nominal_t0p2,Load-aware greedy,greedy_analytic,2000,100,200,nominal,0.2,episode,1,30,30,5.0,0.5,0.5,1.0,0.9923333333333333,0.21627621759881638,30,1;1;1;1;1;1;1;1;1;1;1;1;1;1;1;1;1;1;1;1;1;1;1;1;1;1;1;1;1;1,1.0328495298915634,0.5307121548180743,30,1;1;1;1;1;1;1;1;1;1;1;1;1;1;1;1;1;1;1;1;1;1;1;1;1;1;1;1;1;1,0.03216666666666667,0.016383514282042332,30,1;1;1;1;1;1;1;1;1;1;1;1;1;1;1;1;1;1;1;1;1;1;1;1;1;1;1;1;1;1,0.9601666666666666,0.20627853337982924,30,1;1;1;1;1;1;1;1;1;1;1;1;1;1;1;1;1;1;1;1;1;1;1;1;1;1;1;1;1;1,3.1258333333333335,0.11497438495335516,30,1;1;1;1;1;1;1;1;1;1;1;1;1;1;1;1;1;1;1;1;1;1;1;1;1;1;1;1;1;1,1.8562,0.07104947280738187,30,1;1;1;1;1;1;1;1;1;1;1;1;1;1;1;1;1;1;1;1;1;1;1;1;1;1;1;1;1;1,0.007988333333333333,0.00031082574487670885,30,1;1;1;1;1;1;1;1;1;1;1;1;1;1;1;1;1;1;1;1;1;1;1;1;1;1;1;1;1;1,0.21835966666666667,0.006441142131176969,30,1;1;1;1;1;1;1;1;1;1;1;1;1;1;1;1;1;1;1;1;1;1;1;1;1;1;1;1;1;1,201.79470166666667,3.791476487066732,30,1;1;1;1;1;1;1;1;1;1;1;1;1;1;1;1;1;1;1;1;1;1;1;1;1;1;1;1;1;1,0.04961666666666667,0.01081381087994082,30,1;1;1;1;1;1;1;1;1;1;1;1;1;1;1;1;1;1;1;1;1;1;1;1;1;1;1;1;1;1,0.003994166666666667,0.00015541287243835442,30,1;1;1;1;1;1;1;1;1;1;1;1;1;1;1;1;1;1;1;1;1;1;1;1;1;1;1;1;1;1,0.10917983333333334,0.0032205710655884845,30,1;1;1;1;1;1;1;1;1;1;1;1;1;1;1;1;1;1;1;1;1;1;1;1;1;1;1;1;1;1,-0.8408112569444445,0.01579781869611138,30,1;1;1;1;1;1;1;1;1;1;1;1;1;1;1;1;1;1;1;1;1;1;1;1;1;1;1;1;1;1,-0.6780205902777777,0.023942974602745495,30,1;1;1;1;1;1;1;1;1;1;1;1;1;1;1;1;1;1;1;1;1;1;1;1;1;1;1;1;1;1,-67.80205902777777,2.3942974602745486,30,1;1;1;1;1;1;1;1;1;1;1;1;1;1;1;1;1;1;1;1;1;1;1;1;1;1;1;1;1;1,0.008754208754208754,0.006351618432624813,30,1;1;1;1;1;1;1;1;1;1;1;1;1;1;1;1;1;1;1;1;1;1;1;1;1;1;1;1;1;1,0.5968749813334726,0.0824669447377368,30,1;1;1;1;1;1;1;1;1;1;1;1;1;1;1;1;1;1;1;1;1;1;1;1;1;1;1;1;1;1
greedy_analytic_N2000_K100_H200_nominal_t0p3,Load-aware greedy,greedy_analytic,2000,100,200,nominal,0.3,episode,1,30,30,5.0,0.5,0.5,1.0,1.0321666666666667,0.2249125628317374,30,1;1;1;1;1;1;1;1;1;1;1;1;1;1;1;1;1;1;1;1;1;1;1;1;1;1;1;1;1;1,1.0254061583089893,0.5881335620028164,30,1;1;1;1;1;1;1;1;1;1;1;1;1;1;1;1;1;1;1;1;1;1;1;1;1;1;1;1;1;1,0.025166666666666667,0.014531970304110185,30,1;1;1;1;1;1;1;1;1;1;1;1;1;1;1;1;1;1;1;1;1;1;1;1;1;1;1;1;1;1,1.007,0.216833004231685,30,1;1;1;1;1;1;1;1;1;1;1;1;1;1;1;1;1;1;1;1;1;1;1;1;1;1;1;1;1;1,2.4491666666666667,0.09712312957710216,30,1;1;1;1;1;1;1;1;1;1;1;1;1;1;1;1;1;1;1;1;1;1;1;1;1;1;1;1;1;1,1.4544,0.057686788064871326,30,1;1;1;1;1;1;1;1;1;1;1;1;1;1;1;1;1;1;1;1;1;1;1;1;1;1;1;1;1;1,0.006248,0.00023944836028124986,30,1;1;1;1;1;1;1;1;1;1;1;1;1;1;1;1;1;1;1;1;1;1;1;1;1;1;1;1;1;1,0.21853516666666667,0.007206927520213395,30,1;1;1;1;1;1;1;1;1;1;1;1;1;1;1;1;1;1;1;1;1;1;1;1;1;1;1;1;1;1,201.70269833333333,3.8066926920858597,30,1;1;1;1;1;1;1;1;1;1;1;1;1;1;1;1;1;1;1;1;1;1;1;1;1;1;1;1;1;1,0.05160833333333333,0.011245628141586871,30,1;1;1;1;1;1;1;1;1;1;1;1;1;1;1;1;1;1;1;1;1;1;1;1;1;1;1;1;1;1,0.003124,0.00011972418014062493,30,1;1;1;1;1;1;1;1;1;1;1;1;1;1;1;1;1;1;1;1;1;1;1;1;1;1;1;1;1;1,0.10926758333333333,0.0036034637601066975,30,1;1;1;1;1;1;1;1;1;1;1;1;1;1;1;1;1;1;1;1;1;1;1;1;1;1;1;1;1;1,-0.8404279097222223,0.015861219550357755,30,1;1;1;1;1;1;1;1;1;1;1;1;1;1;1;1;1;1;1;1;1;1;1;1;1;1;1;1;1;1,-0.6764279930555556,0.02410322551284319,30,1;1;1;1;1;1;1;1;1;1;1;1;1;1;1;1;1;1;1;1;1;1;1;1;1;1;1;1;1;1,-67.64279930555556,2.4103225512843185,30,1;1;1;1;1;1;1;1;1;1;1;1;1;1;1;1;1;1;1;1;1;1;1;1;1;1;1;1;1;1,0.004545454545454546,0.005024313836530423,30,1;1;1;1;1;1;1;1;1;1;1;1;1;1;1;1;1;1;1;1;1;1;1;1;1;1;1;1;1;1,0.6018626281223626,0.08273743232533531,30,1;1;1;1;1;1;1;1;1;1;1;1;1;1;1;1;1;1;1;1;1;1;1;1;1;1;1;1;1;1
full_N2000_K100_H200_w_out_0p5_t0p05,Cox-PhysiCK,full,2000,100,200,w_out_0p5,0.05,training_seed_mean,1,150,5,2.5,0.5,0.5,1.0,0.7380333333333333,0.07321205881243578,5,30;30;30;30;30,0.7383102465235506,0.07736474206597865,5,30;30;30;30;30,0.0641,0.00890115473158149,5,30;30;30;30;30,0.6739333333333334,0.0643277847348165,5,30;30;30;30;30,8.646533333333334,0.2918697007608402,5,30;30;30;30;30,5.14946,0.16981481973019905,5,30;30;30;30;30,0.0221913,0.0007324280908958461,5,30;30;30;30;30,0.22478396666666667,0.0003234591765414702,5,30;30;30;30;30,202.12920333333332,0.6651096403622337,5,30;30;30;30;30,0.018450833333333333,0.0018303014703108947,5,30;30;30;30;30,0.01109565,0.00036621404544792305,5,30;30;30;30;30,0.11239198333333333,0.0001617295882707351,5,30;30;30;30;30,-0.8422050138888889,0.002771290168175965,5,30;30;30;30;30,-0.7002665472222223,0.004828201234875968,5,30;30;30;30;30,-70.02665472222222,0.4828201234876016,5,30;30;30;30;30,0.1447811447811448,0.008536200224974552,5,30;30;30;30;30,0.6012375255444697,0.0021584117494950735,5,30;30;30;30;30
full_N2000_K100_H200_w_out_0p75_t0p05,Cox-PhysiCK,full,2000,100,200,w_out_0p75,0.05,training_seed_mean,1,150,5,3.75,0.5,0.5,1.0,0.6715333333333333,0.10805794484647782,5,30;30;30;30;30,0.6772589613667668,0.10510496469526971,5,30;30;30;30;30,0.061000000000000006,0.01284793541563953,5,30;30;30;30;30,0.6105333333333334,0.0952424100213065,5,30;30;30;30;30,8.9384,0.4833416321126638,5,30;30;30;30;30,5.32644,0.28235394985726714,5,30;30;30;30;30,0.0229568,0.0012223273645431947,5,30;30;30;30;30,0.2248088,0.0003983313702880494,5,30;30;30;30;30,202.382273,1.0478123107193378,5,30;30;30;30;30,0.0251825,0.004052172931742919,5,30;30;30;30;30,0.0114784,0.0006111636822715974,5,30;30;30;30;30,0.1124044,0.0001991656851440247,5,30;30;30;30;30,-0.8432594708333333,0.0043658846279972215,5,30;30;30;30;30,-0.6941941708333333,0.00884137783192251,5,30;30;30;30;30,-69.41941708333334,0.884137783192253,5,30;30;30;30;30,0.15501683501683503,0.015438453951083718,5,30;30;30;30;30,0.5991249501744329,0.002777613520125517,5,30;30;30;30;30
full_N2000_K100_H200_w_out_1p25_t0p05,Cox-PhysiCK,full,2000,100,200,w_out_1p25,0.05,training_seed_mean,1,150,5,6.25,0.5,0.5,1.0,0.5426333333333333,0.054942318237705734,5,30;30;30;30;30,0.5512423237051837,0.05075472916669613,5,30;30;30;30;30,0.0526,0.006756272805491368,5,30;30;30;30;30,0.4900333333333333,0.04819353345280533,5,30;30;30;30;30,9.513066666666667,0.3271328221584215,5,30;30;30;30;30,5.67628,0.19223151926778295,5,30;30;30;30;30,0.024473333333333333,0.0008315162439116194,5,30;30;30;30;30,0.2251151,0.00024232951051546508,5,30;30;30;30;30,202.906223,0.6285424488387542,5,30;30;30;30;30,0.03391458333333333,0.0034338948898566084,5,30;30;30;30;30,0.012236666666666667,0.0004157581219558097,5,30;30;30;30;30,0.11255755,0.00012116475525773254,5,30;30;30;30;30,-0.8454425958333334,0.002618926870161513,5,30;30;30;30;30,-0.6867337958333334,0.0063462576588575615,5,30;30;30;30;30,-68.67337958333333,0.634625765885755,5,30;30;30;30;30,0.17356902356902357,0.01280180995518846,5,30;30;30;30;30,0.5975328104355835,0.0015271788919389497,5,30;30;30;30;30
full_N2000_K100_H200_w_out_1p5_t0p05,Cox-PhysiCK,full,2000,100,200,w_out_1p5,0.05,training_seed_mean,1,150,5,7.5,0.5,0.5,1.0,0.5537666666666666,0.09213332730342481,5,30;30;30;30;30,0.5590081367756095,0.09670334769025218,5,30;30;30;30;30,0.057666666666666665,0.013214575286402509,5,30;30;30;30;30,0.49610000000000004,0.07892389090481765,5,30;30;30;30;30,10.2276,0.6088889996451641,5,30;30;30;30;30,6.10196,0.35740771955848977,5,30;30;30;30;30,0.026313866666666665,0.0015417031815495484,5,30;30;30;30;30,0.22507676666666665,0.00039834532060066026,5,30;30;30;30;30,202.41043766666667,1.1022195301996842,5,30;30;30;30;30,0.0415325,0.00690999954775686,5,30;30;30;30;30,0.013156933333333332,0.0007708515907747742,5,30;30;30;30;30,0.11253838333333332,0.00019917266030033013,5,30;30;30;30;30,-0.8433768236111111,0.004592581375832008,5,30;30;30;30;30,-0.6761490069444445,0.012078500747430379,5,30;30;30;30;30,-67.61490069444444,1.2078500747430385,5,30;30;30;30;30,0.20057239057239057,0.02255125755503284,5,30;30;30;30;30,0.5993198999794359,0.001947167620332508,5,30;30;30;30;30
full_N2000_K100_H200_w_ho_0p5_t0p05,Cox-PhysiCK,full,2000,100,200,w_ho_0p5,0.05,training_seed_mean,1,150,5,5.0,0.25,0.5,1.0,0.5666333333333333,0.06070070016070653,5,30;30;30;30;30,0.577929039702316,0.06699189577592587,5,30;30;30;30;30,0.06936666666666667,0.01051876629859436,5,30;30;30;30;30,0.4972666666666667,0.05019152208181067,5,30;30;30;30;30,11.9631,0.468071554952398,5,30;30;30;30;30,7.13624,0.2745374072872399,5,30;30;30;30;30,0.030796333333333332,0.0011896429553068077,5,30;30;30;30;30,0.22480716666666667,0.00033742478585768954,5,30;30;30;30;30,202.59143166666667,0.711805276436264,5,30;30;30;30;30,0.028331666666666668,0.0030350350080353278,5,30;30;30;30;30,0.007699083333333333,0.0002974107388267019,5,30;30;30;30;30,0.11240358333333333,0.00016871239292884477,5,30;30;30;30;30,-0.8441309652777778,0.0029658553184843993,5,30;30;30;30;30,-0.6956966319444444,0.006136976835406278,5,30;30;30;30;30,-69.56966319444444,0.6136976835406246,5,30;30;30;30;30,0.2723232323232323,0.020828732954648224,5,30;30;30;30;30,0.5906587123970444,0.005616184840390656,5,30;30;30;30;30
full_N2000_K100_H200_w_ho_0p75_t0p05,Cox-PhysiCK,full,2000,100,200,w_ho_0p75,0.05,training_seed_mean,1,150,5,5.0,0.375,0.5,1.0,0.5624333333333333,0.0658157782501025,5,30;30;30;30;30,0.5703695516677925,0.0655357947925147,5,30;30;30;30;30,0.0593,0.009213064395495971,5,30;30;30;30;30,0.5031333333333333,0.05660957908732803,5,30;30;30;30;30,10.3556,0.42486616520185905,5,30;30;30;30;30,6.17778,0.24939293694890402,5,30;30;30;30;30,0.026640966666666665,0.0010753008971652752,5,30;30;30;30;30,0.2250145,0.00028733831202183604,5,30;30;30;30;30,202.87434,0.7684736913997847,5,30;30;30;30;30,0.028121666666666666,0.0032907889125051264,5,30;30;30;30;30,0.009990362499999999,0.00040323783643697744,5,30;30;30;30;30,0.11250725,0.00014366915601091802,5,30;30;30;30;30,-0.84530975,0.0032019737141657885,5,30;30;30;30;30,-0.6946904708333334,0.006752283988887381,5,30;30;30;30;30,-69.46904708333334,0.6752283988887358,5,30;30;30;30;30,0.2054882154882155,0.015328003166610685,5,30;30;30;30;30,0.5997425591872892,0.004615956303449804,5,30;30;30;30;30
full_N2000_K100_H200_w_ho_1p25_t0p05,Cox-PhysiCK,full,2000,100,200,w_ho_1p25,0.05,training_seed_mean,1,150,5,5.0,0.625,0.5,1.0,0.6613666666666667,0.027773488557735544,5,30;30;30;30;30,0.658970553876957,0.026190005032621557,5,30;30;30;30;30,0.054733333333333335,0.0030244375050944967,5,30;30;30;30;30,0.6066333333333334,0.024766240462909716,5,30;30;30;30;30,8.288633333333333,0.12883680461041533,5,30;30;30;30;30,4.94034,0.07549442363512686,5,30;30;30;30;30,0.021290166666666666,0.00032501927293281834,5,30;30;30;30;30,0.22517196666666667,0.00034148711542312236,5,30;30;30;30;30,202.24012033333332,0.28815095758801496,5,30;30;30;30;30,0.03306833333333333,0.0013886744278867754,5,30;30;30;30;30,0.013306354166666666,0.00020313704558301115,5,30;30;30;30;30,0.11258598333333333,0.00017074355771156118,5,30;30;30;30;30,-0.8426671680555555,0.0012006289899500384,5,30;30;30;30;30,-0.6837064972222222,0.002627191835538731,5,30;30;30;30;30,-68.37064972222223,0.2627191835538791,5,30;30;30;30;30,0.13461279461279463,0.004020362753330498,5,30;30;30;30;30,0.6042324573096785,0.001905800139018393,5,30;30;30;30;30
full_N2000_K100_H200_w_ho_1p5_t0p05,Cox-PhysiCK,full,2000,100,200,w_ho_1p5,0.05,training_seed_mean,1,150,5,5.0,0.75,0.5,1.0,0.7737666666666666,0.12780609227349932,5,30;30;30;30;30,0.7745875404864655,0.12784723995802638,5,30;30;30;30;30,0.05926666666666667,0.013176473141339618,5,30;30;30;30;30,0.7145,0.11463456430472152,5,30;30;30;30;30,7.5856,0.4313930052747726,5,30;30;30;30;30,4.5158,0.25095236599801174,5,30;30;30;30;30,0.019458733333333332,0.0010855351189364825,5,30;30;30;30;30,0.22544103333333332,0.0007543865922426997,5,30;30;30;30;30,201.45539733333334,1.1112626601207358,5,30;30;30;30;30,0.03868833333333333,0.006390304613674965,5,30;30;30;30;30,0.014594049999999999,0.0008141513392023616,5,30;30;30;30;30,0.11272051666666666,0.00037719329612134983,5,30;30;30;30;30,-0.8393974888888889,0.0046302610838363616,5,30;30;30;30;30,-0.6733945888888889,0.011452857364876286,5,30;30;30;30;30,-67.33945888888888,1.1452857364876279,5,30;30;30;30;30,0.1103030303030303,0.014077839297870626,5,30;30;30;30;30,0.6060761266547109,0.0036716228610459236,5,30;30;30;30;30
full_N2000_K100_H200_w_load_0p5_t0p05,Cox-PhysiCK,full,2000,100,200,w_load_0p5,0.05,training_seed_mean,1,150,5,5.0,0.5,0.25,1.0,0.5756333333333333,0.056504596666505334,5,30;30;30;30;30,0.5782048354107217,0.054972456387298765,5,30;30;30;30;30,0.0472,0.006045429862484737,5,30;30;30;30;30,0.5284333333333333,0.0504684444865194,5,30;30;30;30;30,8.130933333333333,0.2727178436080452,5,30;30;30;30;30,4.85024,0.16000525928856216,5,30;30;30;30;30,0.0208934,0.0006892892333572473,5,30;30;30;30;30,0.23814943333333333,0.0003847462475450519,5,30;30;30;30;30,203.522291,0.6359373518362933,5,30;30;30;30;30,0.028781666666666667,0.002825229833325267,5,30;30;30;30;30,0.0104467,0.00034464461667862366,5,30;30;30;30;30,0.05953735833333333,9.618656188626297e-05,5,30;30;30;30;30,-0.8480095458333333,0.0026497389659845523,5,30;30;30;30;30,-0.7492438208333333,0.005737461487795747,5,30;30;30;30;30,-74.92438208333333,0.5737461487795676,5,30;30;30;30;30,0.12956228956228955,0.01005432533747615,5,30;30;30;30;30,0.636974180853217,0.0015742735186407351,5,30;30;30;30;30
full_N2000_K100_H200_w_load_0p75_t0p05,Cox-PhysiCK,full,2000,100,200,w_load_0p75,0.05,training_seed_mean,1,150,5,5.0,0.5,0.375,1.0,0.6180333333333333,0.08810823520597329,5,30;30;30;30;30,0.623856057310688,0.08133448680252293,5,30;30;30;30;30,0.055233333333333336,0.009833757053017823,5,30;30;30;30;30,0.5628,0.07827501375137393,5,30;30;30;30;30,8.797733333333333,0.43950008848437966,5,30;30;30;30;30,5.2455,0.2578008630707042,5,30;30;30;30;30,0.0226029,0.0011124221608224498,5,30;30;30;30;30,0.23224063333333334,0.0006803877407609442,5,30;30;30;30;30,202.76237366666666,0.9390657321378241,5,30;30;30;30;30,0.030901666666666668,0.004405411760298664,5,30;30;30;30;30,0.01130145,0.0005562110804112249,5,30;30;30;30;30,0.0870902375,0.0002551454027853509,5,30;30;30;30;30,-0.8448432236111111,0.003912773883907622,5,30;30;30;30;30,-0.7155498694444444,0.008621436108658181,5,30;30;30;30;30,-71.55498694444445,0.8621436108658226,5,30;30;30;30;30,0.1510774410774411,0.01273388476635195,5,30;30;30;30;30,0.6066061137670651,0.009237003051109902,5,30;30;30;30;30
full_N2000_K100_H200_w_load_1p25_t0p05,Cox-PhysiCK,full,2000,100,200,w_load_1p25,0.05,training_seed_mean,1,150,5,5.0,0.5,0.625,1.0,0.6476333333333333,0.04963749143092906,5,30;30;30;30;30,0.6481612993585291,0.047764374871521464,5,30;30;30;30;30,0.0649,0.006559132733999384,5,30;30;30;30;30,0.5827333333333333,0.04309205263154679,5,30;30;30;30;30,9.9924,0.2761756083847141,5,30;30;30;30;30,5.9565,0.16177798057832204,5,30;30;30;30;30,0.025687966666666666,0.0007008945217046251,5,30;30;30;30;30,0.21863576666666668,0.00012629378228734938,5,30;30;30;30;30,201.868794,0.5237387491374472,5,30;30;30;30;30,0.03238166666666667,0.002481874571546451,5,30;30;30;30;30,0.012843983333333333,0.00035044726085231256,5,30;30;30;30;30,0.13664735416666668,7.893361392958496e-05,5,30;30;30;30;30,-0.841119975,0.0021822447880727076,5,30;30;30;30;30,-0.6592469708333334,0.0049453744498645395,5,30;30;30;30;30,-65.92469708333333,0.4945374449864593,5,30;30;30;30;30,0.1905050505050505,0.009741497792445144,5,30;30;30;30;30,0.5763556181766388,0.00326712705975276,5,30;30;30;30;30
full_N2000_K100_H200_w_load_1p5_t0p05,Cox-PhysiCK,full,2000,100,200,w_load_1p5,0.05,training_seed_mean,1,150,5,5.0,0.5,0.75,1.0,0.5875666666666667,0.054701919527563196,5,30;30;30;30;30,0.5969635589626686,0.051297460317546555,5,30;30;30;30;30,0.061066666666666665,0.007196256742995701,5,30;30;30;30;30,0.5265,0.04751388685894308,5,30;30;30;30;30,10.204433333333332,0.31666562719127617,5,30;30;30;30;30,6.0860199999999995,0.18569091792546016,5,30;30;30;30;30,0.026246433333333333,0.0008027675099304895,5,30;30;30;30;30,0.21333116666666666,0.00013775683084495425,5,30;30;30;30;30,202.187565,0.5887336524552794,5,30;30;30;30;30,0.029378333333333333,0.00273509597637816,5,30;30;30;30;30,0.013123216666666666,0.00040138375496524473,5,30;30;30;30;30,0.159998375,0.00010331762313371818,5,30;30;30;30;30,-0.8424481875000001,0.0024530568852303104,5,30;30;30;30;30,-0.6399482625,0.005508749039832401,5,30;30;30;30;30,-63.99482625,0.5508749039832389,5,30;30;30;30;30,0.1994949494949495,0.011157565373487879,5,30;30;30;30;30,0.5736492619428963,0.0022343622861738734,5,30;30;30;30;30
full_N2000_K100_H200_w_rate_0p5_t0p05,Cox-PhysiCK,full,2000,100,200,w_rate_0p5,0.05,training_seed_mean,1,150,5,5.0,0.5,0.5,0.5,0.6562333333333333,0.04489936277696799,5,30;30;30;30;30,0.6568194775688593,0.04021662772195127,5,30;30;30;30;30,0.06253333333333333,0.0053946990442264526,5,30;30;30;30;30,0.5937,0.0395209859863508,5,30;30;30;30;30,9.5003,0.24320691350736248,5,30;30;30;30;30,5.66266,0.14269494735273536,5,30;30;30;30;30,0.024414233333333334,0.0006192873323425886,5,30;30;30;30;30,0.21850643333333333,0.00013963129026912962,5,30;30;30;30;30,200.39837533333332,0.47764050275139863,5,30;30;30;30;30,0.03281166666666667,0.0022449681388483993,5,30;30;30;30;30,0.012207116666666667,0.0003096436661712943,5,30;30;30;30;30,0.10925321666666667,6.981564513456481e-05,5,30;30;30;30;30,-0.41749661527777776,0.000995084380732084,5,30;30;30;30;30,-0.2632246152777778,0.003483126436428036,5,30;30;30;30;30,-26.32246152777778,0.34831264364280284,5,30;30;30;30;30,0.1721885521885522,0.009869254912101404,5,30;30;30;30;30,0.5766590679622657,0.0022832291181542584,5,30;30;30;30;30
full_N2000_K100_H200_w_rate_0p75_t0p05,Cox-PhysiCK,full,2000,100,200,w_rate_0p75,0.05,training_seed_mean,1,150,5,5.0,0.5,0.5,0.75,0.6464333333333333,0.09425811194091818,5,30;30;30;30;30,0.6509685737423608,0.08893223973248315,5,30;30;30;30;30,0.0619,0.01160794746905948,5,30;30;30;30;30,0.5845333333333333,0.0827049138671807,5,30;30;30;30;30,9.448433333333334,0.4804994739273341,5,30;30;30;30;30,5.63192,0.2813721059380265,5,30;30;30;30;30,0.0242792,0.0012208293196748572,5,30;30;30;30;30,0.2215231,0.000490723425725281,5,30;30;30;30;30,201.362265,0.9634013150183961,5,30;30;30;30;30,0.032321666666666665,0.004712905597045911,5,30;30;30;30;30,0.0121396,0.0006104146598374286,5,30;30;30;30;30,0.11076155,0.0002453617128626405,5,30;30;30;30;30,-0.629257078125,0.0030106291094324994,5,30;30;30;30;30,-0.47403426145833333,0.008095886287803184,5,30;30;30;30;30,-47.403426145833336,0.809588628780318,5,30;30;30;30;30,0.17303030303030303,0.01822517899767289,5,30;30;30;30;30,0.5711966532634696,0.008278943607602564,5,30;30;30;30;30
full_N2000_K100_H200_w_rate_1p25_t0p05,Cox-PhysiCK,full,2000,100,200,w_rate_1p25,0.05,training_seed_mean,1,150,5,5.0,0.5,0.5,1.25,0.6453666666666666,0.1348991598688937,5,30;30;30;30;30,0.6549796551686682,0.1401666662761614,5,30;30;30;30;30,0.06236666666666667,0.018382283137122365,5,30;30;30;30;30,0.583,0.11652390074334297,5,30;30;30;30;30,9.408466666666667,0.6253337486672396,5,30;30;30;30;30,5.60766,0.36417448153323445,5,30;30;30;30;30,0.0241631,0.00158171916228303,5,30;30;30;30;30,0.22810743333333333,0.0006509822023510117,5,30;30;30;30;30,203.097986,1.2483490211133759,5,30;30;30;30;30,0.032268333333333336,0.006744957993444684,5,30;30;30;30;30,0.01208155,0.000790859581141515,5,30;30;30;30;30,0.11405371666666667,0.00032549110117550587,5,30;30;30;30;30,-1.0578020104166665,0.006501817818298865,5,30;30;30;30;30,-0.8993984104166667,0.013729911676235992,5,30;30;30;30;30,-89.93984104166667,1.3729911676235982,5,30;30;30;30;30,0.16922558922558922,0.02281576487036393,5,30;30;30;30;30,0.5884046744084026,0.00422133384714898,5,30;30;30;30;30
full_N2000_K100_H200_w_rate_1p5_t0p05,Cox-PhysiCK,full,2000,100,200,w_rate_1p5,0.05,training_seed_mean,1,150,5,5.0,0.5,0.5,1.5,0.6095333333333334,0.10318170326607759,5,30;30;30;30;30,0.609728116211426,0.10079319786519542,5,30;30;30;30;30,0.0568,0.01252741438250971,5,30;30;30;30;30,0.5527333333333333,0.09066686580860485,5,30;30;30;30;30,9.234133333333332,0.5649228978856811,5,30;30;30;30;30,5.5064,0.33145265121884304,5,30;30;30;30;30,0.023733466666666665,0.001434742671468766,5,30;30;30;30;30,0.23180953333333332,0.0008944126673099182,5,30;30;30;30;30,204.28004733333333,1.1499104231922155,5,30;30;30;30;30,0.030476666666666666,0.00515908516330388,5,30;30;30;30;30,0.011866733333333332,0.000717371335734383,5,30;30;30;30;30,0.11590476666666666,0.0004472063336549591,5,30;30;30;30;30,-1.2767502958333332,0.0071869401449514035,5,30;30;30;30;30,-1.1185021291666666,0.012618471816298153,5,30;30;30;30;30,-111.85021291666666,1.2618471816298134,5,30;30;30;30;30,0.1661952861952862,0.018635382708483077,5,30;30;30;30;30,0.6033195746810001,0.0067872950689030495,5,30;30;30;30;30
