environment_seed,trace_id,user_id,trace_start_utc,window_start_s,diagnostic_visible_count,diagnostic_feasible_count,p_diag
1,KAPPA_HELDOUT_TEST_S1_T001,KAPPA_HELDOUT_TEST_S1_T001_U01,2026-09-01T00:00:00.000000Z,156,19,8,0.42105263157894735
1,KAPPA_HELDOUT_TEST_S1_T001,KAPPA_HELDOUT_TEST_S1_T001_U02,2026-09-01T00:00:00.000000Z,198,10,5,0.5
1,KAPPA_HELDOUT_TEST_S1_T001,KAPPA_HELDOUT_TEST_S1_T001_U03,2026-09-01T00:00:00.000000Z,175,16,4,0.25
1,KAPPA_HELDOUT_TEST_S1_T001,KAPPA_HELDOUT_TEST_S1_T001_U04,2026-09-01T00:00:00.000000Z,103,11,6,0.5454545454545454
1,KAPPA_HELDOUT_TEST_S1_T001,KAPPA_HELDOUT_TEST_S1_T001_U05,2026-09-01T00:00:00.000000Z,239,13,6,0.46153846153846156
1,KAPPA_HELDOUT_TEST_S1_T001,KAPPA_HELDOUT_TEST_S1_T001_U06,2026-09-01T00:00:00.000000Z,170,12,7,0.5833333333333334
1,KAPPA_HELDOUT_TEST_S1_T001,KAPPA_HELDOUT_TEST_S1_T001_U07,2026-09-01T00:00:00.000000Z,76,5,3,0.6
1,KAPPA_HELDOUT_TEST_S1_T001,KAPPA_HELDOUT_TEST_S1_T001_U08,2026-09-01T00:00:00.000000Z,132,16,8,0.5
1,KAPPA_HELDOUT_TEST_S1_T001,KAPPA_HELDOUT_TEST_S1_T001_U09,2026-09-01T00:00:00.000000Z,309,4,1,0.25
1,KAPPA_HELDOUT_TEST_S1_T001,KAPPA_HELDOUT_TEST_S1_T001_U10,2026-09-01T00:00:00.000000Z,39,17,8,0.47058823529411764
1,KAPPA_HELDOUT_TEST_S1_T002,KAPPA_HELDOUT_TEST_S1_T002_U01,2026-09-01T00:15:00.000000Z,289,14,7,0.5
1,KAPPA_HELDOUT_TEST_S1_T002,KAPPA_HELDOUT_TEST_S1_T002_U02,2026-09-01T00:15:00.000000Z,108,9,2,0.2222222222222222
1,KAPPA_HELDOUT_TEST_S1_T002,KAPPA_HELDOUT_TEST_S1_T002_U03,2026-09-01T00:15:00.000000Z,120,15,12,0.8
1,KAPPA_HELDOUT_TEST_S1_T002,KAPPA_HELDOUT_TEST_S1_T002_U04,2026-09-01T00:15:00.000000Z,179,8,4,0.5
1,KAPPA_HELDOUT_TEST_S1_T002,KAPPA_HELDOUT_TEST_S1_T002_U05,2026-09-01T00:15:00.000000Z,247,9,5,0.5555555555555556
1,KAPPA_HELDOUT_TEST_S1_T002,KAPPA_HELDOUT_TEST_S1_T002_U06,2026-09-01T00:15:00.000000Z,295,7,5,0.7142857142857143
1,KAPPA_HELDOUT_TEST_S1_T002,KAPPA_HELDOUT_TEST_S1_T002_U07,2026-09-01T00:15:00.000000Z,52,8,8,1
1,KAPPA_HELDOUT_TEST_S1_T002,KAPPA_HELDOUT_TEST_S1_T002_U08,2026-09-01T00:15:00.000000Z,255,9,5,0.5555555555555556
1,KAPPA_HELDOUT_TEST_S1_T002,KAPPA_HELDOUT_TEST_S1_T002_U09,2026-09-01T00:15:00.000000Z,80,3,2,0.6666666666666666
1,KAPPA_HELDOUT_TEST_S1_T002,KAPPA_HELDOUT_TEST_S1_T002_U10,2026-09-01T00:15:00.000000Z,4,5,0,0
1,KAPPA_HELDOUT_TEST_S1_T003,KAPPA_HELDOUT_TEST_S1_T003_U01,2026-09-01T00:30:00.000000Z,39,9,3,0.3333333333333333
1,KAPPA_HELDOUT_TEST_S1_T003,KAPPA_HELDOUT_TEST_S1_T003_U02,2026-09-01T00:30:00.000000Z,1,16,8,0.5
1,KAPPA_HELDOUT_TEST_S1_T003,KAPPA_HELDOUT_TEST_S1_T003_U03,2026-09-01T00:30:00.000000Z,310,9,4,0.4444444444444444
1,KAPPA_HELDOUT_TEST_S1_T003,KAPPA_HELDOUT_TEST_S1_T003_U04,2026-09-01T00:30:00.000000Z,201,9,4,0.4444444444444444
1,KAPPA_HELDOUT_TEST_S1_T003,KAPPA_HELDOUT_TEST_S1_T003_U05,2026-09-01T00:30:00.000000Z,185,14,9,0.6428571428571429
1,KAPPA_HELDOUT_TEST_S1_T003,KAPPA_HELDOUT_TEST_S1_T003_U06,2026-09-01T00:30:00.000000Z,270,5,3,0.6
1,KAPPA_HELDOUT_TEST_S1_T003,KAPPA_HELDOUT_TEST_S1_T003_U07,2026-09-01T00:30:00.000000Z,1,10,5,0.5
1,KAPPA_HELDOUT_TEST_S1_T003,KAPPA_HELDOUT_TEST_S1_T003_U08,2026-09-01T00:30:00.000000Z,242,17,14,0.8235294117647058
1,KAPPA_HELDOUT_TEST_S1_T003,KAPPA_HELDOUT_TEST_S1_T003_U09,2026-09-01T00:30:00.000000Z,223,3,2,0.6666666666666666
1,KAPPA_HELDOUT_TEST_S1_T003,KAPPA_HELDOUT_TEST_S1_T003_U10,2026-09-01T00:30:00.000000Z,309,10,7,0.7
1,KAPPA_HELDOUT_TEST_S1_T004,KAPPA_HELDOUT_TEST_S1_T004_U01,2026-09-01T00:45:00.000000Z,312,13,4,0.3076923076923077
1,KAPPA_HELDOUT_TEST_S1_T004,KAPPA_HELDOUT_TEST_S1_T004_U02,2026-09-01T00:45:00.000000Z,303,12,7,0.5833333333333334
1,KAPPA_HELDOUT_TEST_S1_T004,KAPPA_HELDOUT_TEST_S1_T004_U03,2026-09-01T00:45:00.000000Z,204,7,4,0.5714285714285714
1,KAPPA_HELDOUT_TEST_S1_T004,KAPPA_HELDOUT_TEST_S1_T004_U04,2026-09-01T00:45:00.000000Z,79,8,6,0.75
1,KAPPA_HELDOUT_TEST_S1_T004,KAPPA_HELDOUT_TEST_S1_T004_U05,2026-09-01T00:45:00.000000Z,219,16,9,0.5625
1,KAPPA_HELDOUT_TEST_S1_T004,KAPPA_HELDOUT_TEST_S1_T004_U06,2026-09-01T00:45:00.000000Z,172,8,5,0.625
1,KAPPA_HELDOUT_TEST_S1_T004,KAPPA_HELDOUT_TEST_S1_T004_U07,2026-09-01T00:45:00.000000Z,179,10,5,0.5
1,KAPPA_HELDOUT_TEST_S1_T004,KAPPA_HELDOUT_TEST_S1_T004_U08,2026-09-01T00:45:00.000000Z,79,10,5,0.5
1,KAPPA_HELDOUT_TEST_S1_T004,KAPPA_HELDOUT_TEST_S1_T004_U09,2026-09-01T00:45:00.000000Z,140,6,2,0.3333333333333333
1,KAPPA_HELDOUT_TEST_S1_T004,KAPPA_HELDOUT_TEST_S1_T004_U10,2026-09-01T00:45:00.000000Z,215,17,12,0.7058823529411765
1,KAPPA_HELDOUT_TEST_S1_T005,KAPPA_HELDOUT_TEST_S1_T005_U01,2026-09-01T01:00:00.000000Z,63,19,11,0.5789473684210527
1,KAPPA_HELDOUT_TEST_S1_T005,KAPPA_HELDOUT_TEST_S1_T005_U02,2026-09-01T01:00:00.000000Z,31,11,5,0.45454545454545453
1,KAPPA_HELDOUT_TEST_S1_T005,KAPPA_HELDOUT_TEST_S1_T005_U03,2026-09-01T01:00:00.000000Z,267,6,6,1
1,KAPPA_HELDOUT_TEST_S1_T005,KAPPA_HELDOUT_TEST_S1_T005_U04,2026-09-01T01:00:00.000000Z,13,20,10,0.5
1,KAPPA_HELDOUT_TEST_S1_T005,KAPPA_HELDOUT_TEST_S1_T005_U05,2026-09-01T01:00:00.000000Z,103,16,7,0.4375
1,KAPPA_HELDOUT_TEST_S1_T005,KAPPA_HELDOUT_TEST_S1_T005_U06,2026-09-01T01:00:00.000000Z,273,12,7,0.5833333333333334
1,KAPPA_HELDOUT_TEST_S1_T005,KAPPA_HELDOUT_TEST_S1_T005_U07,2026-09-01T01:00:00.000000Z,127,7,6,0.8571428571428571
1,KAPPA_HELDOUT_TEST_S1_T005,KAPPA_HELDOUT_TEST_S1_T005_U08,2026-09-01T01:00:00.000000Z,54,12,8,0.6666666666666666
1,KAPPA_HELDOUT_TEST_S1_T005,KAPPA_HELDOUT_TEST_S1_T005_U09,2026-09-01T01:00:00.000000Z,254,10,7,0.7
1,KAPPA_HELDOUT_TEST_S1_T005,KAPPA_HELDOUT_TEST_S1_T005_U10,2026-09-01T01:00:00.000000Z,143,12,7,0.5833333333333334
1,KAPPA_HELDOUT_TEST_S1_T006,KAPPA_HELDOUT_TEST_S1_T006_U01,2026-09-01T01:15:00.000000Z,146,15,11,0.7333333333333333
1,KAPPA_HELDOUT_TEST_S1_T006,KAPPA_HELDOUT_TEST_S1_T006_U02,2026-09-01T01:15:00.000000Z,116,16,9,0.5625
1,KAPPA_HELDOUT_TEST_S1_T006,KAPPA_HELDOUT_TEST_S1_T006_U03,2026-09-01T01:15:00.000000Z,270,13,7,0.5384615384615384
1,KAPPA_HELDOUT_TEST_S1_T006,KAPPA_HELDOUT_TEST_S1_T006_U04,2026-09-01T01:15:00.000000Z,51,13,6,0.46153846153846156
1,KAPPA_HELDOUT_TEST_S1_T006,KAPPA_HELDOUT_TEST_S1_T006_U05,2026-09-01T01:15:00.000000Z,33,5,2,0.4
1,KAPPA_HELDOUT_TEST_S1_T006,KAPPA_HELDOUT_TEST_S1_T006_U06,2026-09-01T01:15:00.000000Z,137,8,4,0.5
1,KAPPA_HELDOUT_TEST_S1_T006,KAPPA_HELDOUT_TEST_S1_T006_U07,2026-09-01T01:15:00.000000Z,215,17,8,0.47058823529411764
1,KAPPA_HELDOUT_TEST_S1_T006,KAPPA_HELDOUT_TEST_S1_T006_U08,2026-09-01T01:15:00.000000Z,192,7,5,0.7142857142857143
1,KAPPA_HELDOUT_TEST_S1_T006,KAPPA_HELDOUT_TEST_S1_T006_U09,2026-09-01T01:15:00.000000Z,73,10,9,0.9
1,KAPPA_HELDOUT_TEST_S1_T006,KAPPA_HELDOUT_TEST_S1_T006_U10,2026-09-01T01:15:00.000000Z,175,13,7,0.5384615384615384
1,KAPPA_HELDOUT_TEST_S1_T007,KAPPA_HELDOUT_TEST_S1_T007_U01,2026-09-01T01:30:00.000000Z,15,11,4,0.36363636363636365
1,KAPPA_HELDOUT_TEST_S1_T007,KAPPA_HELDOUT_TEST_S1_T007_U02,2026-09-01T01:30:00.000000Z,136,12,5,0.4166666666666667
1,KAPPA_HELDOUT_TEST_S1_T007,KAPPA_HELDOUT_TEST_S1_T007_U03,2026-09-01T01:30:00.000000Z,228,12,6,0.5
1,KAPPA_HELDOUT_TEST_S1_T007,KAPPA_HELDOUT_TEST_S1_T007_U04,2026-09-01T01:30:00.000000Z,303,12,4,0.3333333333333333
1,KAPPA_HELDOUT_TEST_S1_T007,KAPPA_HELDOUT_TEST_S1_T007_U05,2026-09-01T01:30:00.000000Z,203,13,6,0.46153846153846156
1,KAPPA_HELDOUT_TEST_S1_T007,KAPPA_HELDOUT_TEST_S1_T007_U06,2026-09-01T01:30:00.000000Z,32,10,6,0.6
1,KAPPA_HELDOUT_TEST_S1_T007,KAPPA_HELDOUT_TEST_S1_T007_U07,2026-09-01T01:30:00.000000Z,284,11,5,0.45454545454545453
1,KAPPA_HELDOUT_TEST_S1_T007,KAPPA_HELDOUT_TEST_S1_T007_U08,2026-09-01T01:30:00.000000Z,83,12,6,0.5
1,KAPPA_HELDOUT_TEST_S1_T007,KAPPA_HELDOUT_TEST_S1_T007_U09,2026-09-01T01:30:00.000000Z,188,7,5,0.7142857142857143
1,KAPPA_HELDOUT_TEST_S1_T007,KAPPA_HELDOUT_TEST_S1_T007_U10,2026-09-01T01:30:00.000000Z,83,7,4,0.5714285714285714
1,KAPPA_HELDOUT_TEST_S1_T008,KAPPA_HELDOUT_TEST_S1_T008_U01,2026-09-01T01:45:00.000000Z,69,13,5,0.38461538461538464
1,KAPPA_HELDOUT_TEST_S1_T008,KAPPA_HELDOUT_TEST_S1_T008_U02,2026-09-01T01:45:00.000000Z,79,12,3,0.25
1,KAPPA_HELDOUT_TEST_S1_T008,KAPPA_HELDOUT_TEST_S1_T008_U03,2026-09-01T01:45:00.000000Z,290,10,8,0.8
1,KAPPA_HELDOUT_TEST_S1_T008,KAPPA_HELDOUT_TEST_S1_T008_U04,2026-09-01T01:45:00.000000Z,122,12,6,0.5
1,KAPPA_HELDOUT_TEST_S1_T008,KAPPA_HELDOUT_TEST_S1_T008_U05,2026-09-01T01:45:00.000000Z,63,12,8,0.6666666666666666
1,KAPPA_HELDOUT_TEST_S1_T008,KAPPA_HELDOUT_TEST_S1_T008_U06,2026-09-01T01:45:00.000000Z,68,7,4,0.5714285714285714
1,KAPPA_HELDOUT_TEST_S1_T008,KAPPA_HELDOUT_TEST_S1_T008_U07,2026-09-01T01:45:00.000000Z,77,13,5,0.38461538461538464
1,KAPPA_HELDOUT_TEST_S1_T008,KAPPA_HELDOUT_TEST_S1_T008_U08,2026-09-01T01:45:00.000000Z,282,4,2,0.5
1,KAPPA_HELDOUT_TEST_S1_T008,KAPPA_HELDOUT_TEST_S1_T008_U09,2026-09-01T01:45:00.000000Z,139,11,4,0.36363636363636365
1,KAPPA_HELDOUT_TEST_S1_T008,KAPPA_HELDOUT_TEST_S1_T008_U10,2026-09-01T01:45:00.000000Z,125,13,6,0.46153846153846156
1,KAPPA_HELDOUT_TEST_S1_T009,KAPPA_HELDOUT_TEST_S1_T009_U01,2026-09-01T02:00:00.000000Z,276,12,8,0.6666666666666666
1,KAPPA_HELDOUT_TEST_S1_T009,KAPPA_HELDOUT_TEST_S1_T009_U02,2026-09-01T02:00:00.000000Z,40,8,5,0.625
1,KAPPA_HELDOUT_TEST_S1_T009,KAPPA_HELDOUT_TEST_S1_T009_U03,2026-09-01T02:00:00.000000Z,306,9,6,0.6666666666666666
1,KAPPA_HELDOUT_TEST_S1_T009,KAPPA_HELDOUT_TEST_S1_T009_U04,2026-09-01T02:00:00.000000Z,210,12,7,0.5833333333333334
1,KAPPA_HELDOUT_TEST_S1_T009,KAPPA_HELDOUT_TEST_S1_T009_U05,2026-09-01T02:00:00.000000Z,88,10,5,0.5
1,KAPPA_HELDOUT_TEST_S1_T009,KAPPA_HELDOUT_TEST_S1_T009_U06,2026-09-01T02:00:00.000000Z,48,11,5,0.45454545454545453
1,KAPPA_HELDOUT_TEST_S1_T009,KAPPA_HELDOUT_TEST_S1_T009_U07,2026-09-01T02:00:00.000000Z,118,12,6,0.5
1,KAPPA_HELDOUT_TEST_S1_T009,KAPPA_HELDOUT_TEST_S1_T009_U08,2026-09-01T02:00:00.000000Z,114,8,4,0.5
1,KAPPA_HELDOUT_TEST_S1_T009,KAPPA_HELDOUT_TEST_S1_T009_U09,2026-09-01T02:00:00.000000Z,211,10,5,0.5
1,KAPPA_HELDOUT_TEST_S1_T009,KAPPA_HELDOUT_TEST_S1_T009_U10,2026-09-01T02:00:00.000000Z,157,14,8,0.5714285714285714
1,KAPPA_HELDOUT_TEST_S1_T010,KAPPA_HELDOUT_TEST_S1_T010_U01,2026-09-01T02:15:00.000000Z,144,9,4,0.4444444444444444
1,KAPPA_HELDOUT_TEST_S1_T010,KAPPA_HELDOUT_TEST_S1_T010_U02,2026-09-01T02:15:00.000000Z,168,10,7,0.7
1,KAPPA_HELDOUT_TEST_S1_T010,KAPPA_HELDOUT_TEST_S1_T010_U03,2026-09-01T02:15:00.000000Z,295,10,2,0.2
1,KAPPA_HELDOUT_TEST_S1_T010,KAPPA_HELDOUT_TEST_S1_T010_U04,2026-09-01T02:15:00.000000Z,30,15,5,0.3333333333333333
1,KAPPA_HELDOUT_TEST_S1_T010,KAPPA_HELDOUT_TEST_S1_T010_U05,2026-09-01T02:15:00.000000Z,260,12,7,0.5833333333333334
1,KAPPA_HELDOUT_TEST_S1_T010,KAPPA_HELDOUT_TEST_S1_T010_U06,2026-09-01T02:15:00.000000Z,105,8,2,0.25
1,KAPPA_HELDOUT_TEST_S1_T010,KAPPA_HELDOUT_TEST_S1_T010_U07,2026-09-01T02:15:00.000000Z,248,16,10,0.625
1,KAPPA_HELDOUT_TEST_S1_T010,KAPPA_HELDOUT_TEST_S1_T010_U08,2026-09-01T02:15:00.000000Z,8,10,4,0.4
1,KAPPA_HELDOUT_TEST_S1_T010,KAPPA_HELDOUT_TEST_S1_T010_U09,2026-09-01T02:15:00.000000Z,24,10,5,0.5
1,KAPPA_HELDOUT_TEST_S1_T010,KAPPA_HELDOUT_TEST_S1_T010_U10,2026-09-01T02:15:00.000000Z,289,6,4,0.6666666666666666
1,KAPPA_HELDOUT_TEST_S1_T011,KAPPA_HELDOUT_TEST_S1_T011_U01,2026-09-01T02:30:00.000000Z,135,8,2,0.25
1,KAPPA_HELDOUT_TEST_S1_T011,KAPPA_HELDOUT_TEST_S1_T011_U02,2026-09-01T02:30:00.000000Z,24,13,9,0.6923076923076923
1,KAPPA_HELDOUT_TEST_S1_T011,KAPPA_HELDOUT_TEST_S1_T011_U03,2026-09-01T02:30:00.000000Z,291,11,7,0.6363636363636364
1,KAPPA_HELDOUT_TEST_S1_T011,KAPPA_HELDOUT_TEST_S1_T011_U04,2026-09-01T02:30:00.000000Z,28,12,9,0.75
1,KAPPA_HELDOUT_TEST_S1_T011,KAPPA_HELDOUT_TEST_S1_T011_U05,2026-09-01T02:30:00.000000Z,2,11,8,0.7272727272727273
1,KAPPA_HELDOUT_TEST_S1_T011,KAPPA_HELDOUT_TEST_S1_T011_U06,2026-09-01T02:30:00.000000Z,67,14,6,0.42857142857142855
1,KAPPA_HELDOUT_TEST_S1_T011,KAPPA_HELDOUT_TEST_S1_T011_U07,2026-09-01T02:30:00.000000Z,32,14,7,0.5
1,KAPPA_HELDOUT_TEST_S1_T011,KAPPA_HELDOUT_TEST_S1_T011_U08,2026-09-01T02:30:00.000000Z,97,8,5,0.625
1,KAPPA_HELDOUT_TEST_S1_T011,KAPPA_HELDOUT_TEST_S1_T011_U09,2026-09-01T02:30:00.000000Z,139,8,5,0.625
1,KAPPA_HELDOUT_TEST_S1_T011,KAPPA_HELDOUT_TEST_S1_T011_U10,2026-09-01T02:30:00.000000Z,76,7,5,0.7142857142857143
1,KAPPA_HELDOUT_TEST_S1_T012,KAPPA_HELDOUT_TEST_S1_T012_U01,2026-09-01T02:45:00.000000Z,148,10,5,0.5
1,KAPPA_HELDOUT_TEST_S1_T012,KAPPA_HELDOUT_TEST_S1_T012_U02,2026-09-01T02:45:00.000000Z,181,9,6,0.6666666666666666
1,KAPPA_HELDOUT_TEST_S1_T012,KAPPA_HELDOUT_TEST_S1_T012_U03,2026-09-01T02:45:00.000000Z,156,10,5,0.5
1,KAPPA_HELDOUT_TEST_S1_T012,KAPPA_HELDOUT_TEST_S1_T012_U04,2026-09-01T02:45:00.000000Z,242,9,3,0.3333333333333333
1,KAPPA_HELDOUT_TEST_S1_T012,KAPPA_HELDOUT_TEST_S1_T012_U05,2026-09-01T02:45:00.000000Z,135,11,2,0.18181818181818182
1,KAPPA_HELDOUT_TEST_S1_T012,KAPPA_HELDOUT_TEST_S1_T012_U06,2026-09-01T02:45:00.000000Z,115,11,6,0.5454545454545454
1,KAPPA_HELDOUT_TEST_S1_T012,KAPPA_HELDOUT_TEST_S1_T012_U07,2026-09-01T02:45:00.000000Z,168,8,3,0.375
1,KAPPA_HELDOUT_TEST_S1_T012,KAPPA_HELDOUT_TEST_S1_T012_U08,2026-09-01T02:45:00.000000Z,298,9,2,0.2222222222222222
1,KAPPA_HELDOUT_TEST_S1_T012,KAPPA_HELDOUT_TEST_S1_T012_U09,2026-09-01T02:45:00.000000Z,270,11,7,0.6363636363636364
1,KAPPA_HELDOUT_TEST_S1_T012,KAPPA_HELDOUT_TEST_S1_T012_U10,2026-09-01T02:45:00.000000Z,27,3,3,1
1,KAPPA_HELDOUT_TEST_S1_T013,KAPPA_HELDOUT_TEST_S1_T013_U01,2026-09-01T03:00:00.000000Z,247,13,5,0.38461538461538464
1,KAPPA_HELDOUT_TEST_S1_T013,KAPPA_HELDOUT_TEST_S1_T013_U02,2026-09-01T03:00:00.000000Z,215,12,5,0.4166666666666667
1,KAPPA_HELDOUT_TEST_S1_T013,KAPPA_HELDOUT_TEST_S1_T013_U03,2026-09-01T03:00:00.000000Z,9,11,7,0.6363636363636364
1,KAPPA_HELDOUT_TEST_S1_T013,KAPPA_HELDOUT_TEST_S1_T013_U04,2026-09-01T03:00:00.000000Z,258,7,3,0.42857142857142855
1,KAPPA_HELDOUT_TEST_S1_T013,KAPPA_HELDOUT_TEST_S1_T013_U05,2026-09-01T03:00:00.000000Z,286,12,4,0.3333333333333333
1,KAPPA_HELDOUT_TEST_S1_T013,KAPPA_HELDOUT_TEST_S1_T013_U06,2026-09-01T03:00:00.000000Z,305,9,3,0.3333333333333333
1,KAPPA_HELDOUT_TEST_S1_T013,KAPPA_HELDOUT_TEST_S1_T013_U07,2026-09-01T03:00:00.000000Z,317,17,7,0.4117647058823529
1,KAPPA_HELDOUT_TEST_S1_T013,KAPPA_HELDOUT_TEST_S1_T013_U08,2026-09-01T03:00:00.000000Z,279,13,10,0.7692307692307693
1,KAPPA_HELDOUT_TEST_S1_T013,KAPPA_HELDOUT_TEST_S1_T013_U09,2026-09-01T03:00:00.000000Z,204,15,11,0.7333333333333333
1,KAPPA_HELDOUT_TEST_S1_T013,KAPPA_HELDOUT_TEST_S1_T013_U10,2026-09-01T03:00:00.000000Z,45,11,6,0.5454545454545454
1,KAPPA_HELDOUT_TEST_S1_T014,KAPPA_HELDOUT_TEST_S1_T014_U01,2026-09-01T03:15:00.000000Z,265,9,4,0.4444444444444444
1,KAPPA_HELDOUT_TEST_S1_T014,KAPPA_HELDOUT_TEST_S1_T014_U02,2026-09-01T03:15:00.000000Z,245,11,5,0.45454545454545453
1,KAPPA_HELDOUT_TEST_S1_T014,KAPPA_HELDOUT_TEST_S1_T014_U03,2026-09-01T03:15:00.000000Z,163,18,7,0.3888888888888889
1,KAPPA_HELDOUT_TEST_S1_T014,KAPPA_HELDOUT_TEST_S1_T014_U04,2026-09-01T03:15:00.000000Z,233,11,6,0.5454545454545454
1,KAPPA_HELDOUT_TEST_S1_T014,KAPPA_HELDOUT_TEST_S1_T014_U05,2026-09-01T03:15:00.000000Z,190,11,5,0.45454545454545453
1,KAPPA_HELDOUT_TEST_S1_T014,KAPPA_HELDOUT_TEST_S1_T014_U06,2026-09-01T03:15:00.000000Z,86,9,4,0.4444444444444444
1,KAPPA_HELDOUT_TEST_S1_T014,KAPPA_HELDOUT_TEST_S1_T014_U07,2026-09-01T03:15:00.000000Z,211,15,7,0.4666666666666667
1,KAPPA_HELDOUT_TEST_S1_T014,KAPPA_HELDOUT_TEST_S1_T014_U08,2026-09-01T03:15:00.000000Z,147,12,6,0.5
1,KAPPA_HELDOUT_TEST_S1_T014,KAPPA_HELDOUT_TEST_S1_T014_U09,2026-09-01T03:15:00.000000Z,319,9,5,0.5555555555555556
1,KAPPA_HELDOUT_TEST_S1_T014,KAPPA_HELDOUT_TEST_S1_T014_U10,2026-09-01T03:15:00.000000Z,272,8,3,0.375
1,KAPPA_HELDOUT_TEST_S1_T015,KAPPA_HELDOUT_TEST_S1_T015_U01,2026-09-01T03:30:00.000000Z,52,6,3,0.5
1,KAPPA_HELDOUT_TEST_S1_T015,KAPPA_HELDOUT_TEST_S1_T015_U02,2026-09-01T03:30:00.000000Z,309,6,4,0.6666666666666666
1,KAPPA_HELDOUT_TEST_S1_T015,KAPPA_HELDOUT_TEST_S1_T015_U03,2026-09-01T03:30:00.000000Z,303,13,3,0.23076923076923078
1,KAPPA_HELDOUT_TEST_S1_T015,KAPPA_HELDOUT_TEST_S1_T015_U04,2026-09-01T03:30:00.000000Z,254,16,5,0.3125
1,KAPPA_HELDOUT_TEST_S1_T015,KAPPA_HELDOUT_TEST_S1_T015_U05,2026-09-01T03:30:00.000000Z,13,7,5,0.7142857142857143
1,KAPPA_HELDOUT_TEST_S1_T015,KAPPA_HELDOUT_TEST_S1_T015_U06,2026-09-01T03:30:00.000000Z,311,12,8,0.6666666666666666
1,KAPPA_HELDOUT_TEST_S1_T015,KAPPA_HELDOUT_TEST_S1_T015_U07,2026-09-01T03:30:00.000000Z,121,12,5,0.4166666666666667
1,KAPPA_HELDOUT_TEST_S1_T015,KAPPA_HELDOUT_TEST_S1_T015_U08,2026-09-01T03:30:00.000000Z,181,5,3,0.6
1,KAPPA_HELDOUT_TEST_S1_T015,KAPPA_HELDOUT_TEST_S1_T015_U09,2026-09-01T03:30:00.000000Z,116,12,3,0.25
1,KAPPA_HELDOUT_TEST_S1_T015,KAPPA_HELDOUT_TEST_S1_T015_U10,2026-09-01T03:30:00.000000Z,74,18,6,0.3333333333333333
1,KAPPA_HELDOUT_TEST_S1_T016,KAPPA_HELDOUT_TEST_S1_T016_U01,2026-09-01T03:45:00.000000Z,219,5,2,0.4
1,KAPPA_HELDOUT_TEST_S1_T016,KAPPA_HELDOUT_TEST_S1_T016_U02,2026-09-01T03:45:00.000000Z,259,14,3,0.21428571428571427
1,KAPPA_HELDOUT_TEST_S1_T016,KAPPA_HELDOUT_TEST_S1_T016_U03,2026-09-01T03:45:00.000000Z,276,12,7,0.5833333333333334
1,KAPPA_HELDOUT_TEST_S1_T016,KAPPA_HELDOUT_TEST_S1_T016_U04,2026-09-01T03:45:00.000000Z,12,8,3,0.375
1,KAPPA_HELDOUT_TEST_S1_T016,KAPPA_HELDOUT_TEST_S1_T016_U05,2026-09-01T03:45:00.000000Z,149,11,6,0.5454545454545454
1,KAPPA_HELDOUT_TEST_S1_T016,KAPPA_HELDOUT_TEST_S1_T016_U06,2026-09-01T03:45:00.000000Z,6,11,7,0.6363636363636364
1,KAPPA_HELDOUT_TEST_S1_T016,KAPPA_HELDOUT_TEST_S1_T016_U07,2026-09-01T03:45:00.000000Z,162,6,3,0.5
1,KAPPA_HELDOUT_TEST_S1_T016,KAPPA_HELDOUT_TEST_S1_T016_U08,2026-09-01T03:45:00.000000Z,117,7,7,1
1,KAPPA_HELDOUT_TEST_S1_T016,KAPPA_HELDOUT_TEST_S1_T016_U09,2026-09-01T03:45:00.000000Z,151,13,9,0.6923076923076923
1,KAPPA_HELDOUT_TEST_S1_T016,KAPPA_HELDOUT_TEST_S1_T016_U10,2026-09-01T03:45:00.000000Z,178,12,4,0.3333333333333333
1,KAPPA_HELDOUT_TEST_S1_T017,KAPPA_HELDOUT_TEST_S1_T017_U01,2026-09-01T04:00:00.000000Z,53,10,5,0.5
1,KAPPA_HELDOUT_TEST_S1_T017,KAPPA_HELDOUT_TEST_S1_T017_U02,2026-09-01T04:00:00.000000Z,151,10,5,0.5
1,KAPPA_HELDOUT_TEST_S1_T017,KAPPA_HELDOUT_TEST_S1_T017_U03,2026-09-01T04:00:00.000000Z,41,5,1,0.2
1,KAPPA_HELDOUT_TEST_S1_T017,KAPPA_HELDOUT_TEST_S1_T017_U04,2026-09-01T04:00:00.000000Z,211,13,7,0.5384615384615384
1,KAPPA_HELDOUT_TEST_S1_T017,KAPPA_HELDOUT_TEST_S1_T017_U05,2026-09-01T04:00:00.000000Z,101,16,11,0.6875
1,KAPPA_HELDOUT_TEST_S1_T017,KAPPA_HELDOUT_TEST_S1_T017_U06,2026-09-01T04:00:00.000000Z,170,11,5,0.45454545454545453
1,KAPPA_HELDOUT_TEST_S1_T017,KAPPA_HELDOUT_TEST_S1_T017_U07,2026-09-01T04:00:00.000000Z,143,8,2,0.25
1,KAPPA_HELDOUT_TEST_S1_T017,KAPPA_HELDOUT_TEST_S1_T017_U08,2026-09-01T04:00:00.000000Z,107,11,4,0.36363636363636365
1,KAPPA_HELDOUT_TEST_S1_T017,KAPPA_HELDOUT_TEST_S1_T017_U09,2026-09-01T04:00:00.000000Z,186,11,2,0.18181818181818182
1,KAPPA_HELDOUT_TEST_S1_T017,KAPPA_HELDOUT_TEST_S1_T017_U10,2026-09-01T04:00:00.000000Z,290,7,3,0.42857142857142855
1,KAPPA_HELDOUT_TEST_S1_T018,KAPPA_HELDOUT_TEST_S1_T018_U01,2026-09-01T04:15:00.000000Z,196,10,6,0.6
1,KAPPA_HELDOUT_TEST_S1_T018,KAPPA_HELDOUT_TEST_S1_T018_U02,2026-09-01T04:15:00.000000Z,219,9,6,0.6666666666666666
1,KAPPA_HELDOUT_TEST_S1_T018,KAPPA_HELDOUT_TEST_S1_T018_U03,2026-09-01T04:15:00.000000Z,114,14,5,0.35714285714285715
1,KAPPA_HELDOUT_TEST_S1_T018,KAPPA_HELDOUT_TEST_S1_T018_U04,2026-09-01T04:15:00.000000Z,169,12,6,0.5
1,KAPPA_HELDOUT_TEST_S1_T018,KAPPA_HELDOUT_TEST_S1_T018_U05,2026-09-01T04:15:00.000000Z,148,10,8,0.8
1,KAPPA_HELDOUT_TEST_S1_T018,KAPPA_HELDOUT_TEST_S1_T018_U06,2026-09-01T04:15:00.000000Z,40,11,5,0.45454545454545453
1,KAPPA_HELDOUT_TEST_S1_T018,KAPPA_HELDOUT_TEST_S1_T018_U07,2026-09-01T04:15:00.000000Z,65,7,3,0.42857142857142855
1,KAPPA_HELDOUT_TEST_S1_T018,KAPPA_HELDOUT_TEST_S1_T018_U08,2026-09-01T04:15:00.000000Z,183,7,3,0.42857142857142855
1,KAPPA_HELDOUT_TEST_S1_T018,KAPPA_HELDOUT_TEST_S1_T018_U09,2026-09-01T04:15:00.000000Z,239,14,5,0.35714285714285715
1,KAPPA_HELDOUT_TEST_S1_T018,KAPPA_HELDOUT_TEST_S1_T018_U10,2026-09-01T04:15:00.000000Z,2,10,5,0.5
1,KAPPA_HELDOUT_TEST_S1_T019,KAPPA_HELDOUT_TEST_S1_T019_U01,2026-09-01T04:30:00.000000Z,195,11,2,0.18181818181818182
1,KAPPA_HELDOUT_TEST_S1_T019,KAPPA_HELDOUT_TEST_S1_T019_U02,2026-09-01T04:30:00.000000Z,44,12,6,0.5
1,KAPPA_HELDOUT_TEST_S1_T019,KAPPA_HELDOUT_TEST_S1_T019_U03,2026-09-01T04:30:00.000000Z,115,11,3,0.2727272727272727
1,KAPPA_HELDOUT_TEST_S1_T019,KAPPA_HELDOUT_TEST_S1_T019_U04,2026-09-01T04:30:00.000000Z,131,8,4,0.5
1,KAPPA_HELDOUT_TEST_S1_T019,KAPPA_HELDOUT_TEST_S1_T019_U05,2026-09-01T04:30:00.000000Z,205,12,8,0.6666666666666666
1,KAPPA_HELDOUT_TEST_S1_T019,KAPPA_HELDOUT_TEST_S1_T019_U06,2026-09-01T04:30:00.000000Z,278,12,7,0.5833333333333334
1,KAPPA_HELDOUT_TEST_S1_T019,KAPPA_HELDOUT_TEST_S1_T019_U07,2026-09-01T04:30:00.000000Z,43,17,6,0.35294117647058826
1,KAPPA_HELDOUT_TEST_S1_T019,KAPPA_HELDOUT_TEST_S1_T019_U08,2026-09-01T04:30:00.000000Z,110,14,5,0.35714285714285715
1,KAPPA_HELDOUT_TEST_S1_T019,KAPPA_HELDOUT_TEST_S1_T019_U09,2026-09-01T04:30:00.000000Z,316,8,4,0.5
1,KAPPA_HELDOUT_TEST_S1_T019,KAPPA_HELDOUT_TEST_S1_T019_U10,2026-09-01T04:30:00.000000Z,94,12,5,0.4166666666666667
1,KAPPA_HELDOUT_TEST_S1_T020,KAPPA_HELDOUT_TEST_S1_T020_U01,2026-09-01T04:45:00.000000Z,255,11,5,0.45454545454545453
1,KAPPA_HELDOUT_TEST_S1_T020,KAPPA_HELDOUT_TEST_S1_T020_U02,2026-09-01T04:45:00.000000Z,193,15,7,0.4666666666666667
1,KAPPA_HELDOUT_TEST_S1_T020,KAPPA_HELDOUT_TEST_S1_T020_U03,2026-09-01T04:45:00.000000Z,30,17,7,0.4117647058823529
1,KAPPA_HELDOUT_TEST_S1_T020,KAPPA_HELDOUT_TEST_S1_T020_U04,2026-09-01T04:45:00.000000Z,74,9,2,0.2222222222222222
1,KAPPA_HELDOUT_TEST_S1_T020,KAPPA_HELDOUT_TEST_S1_T020_U05,2026-09-01T04:45:00.000000Z,237,9,3,0.3333333333333333
1,KAPPA_HELDOUT_TEST_S1_T020,KAPPA_HELDOUT_TEST_S1_T020_U06,2026-09-01T04:45:00.000000Z,312,10,7,0.7
1,KAPPA_HELDOUT_TEST_S1_T020,KAPPA_HELDOUT_TEST_S1_T020_U07,2026-09-01T04:45:00.000000Z,303,7,4,0.5714285714285714
1,KAPPA_HELDOUT_TEST_S1_T020,KAPPA_HELDOUT_TEST_S1_T020_U08,2026-09-01T04:45:00.000000Z,75,7,3,0.42857142857142855
1,KAPPA_HELDOUT_TEST_S1_T020,KAPPA_HELDOUT_TEST_S1_T020_U09,2026-09-01T04:45:00.000000Z,189,15,11,0.7333333333333333
1,KAPPA_HELDOUT_TEST_S1_T020,KAPPA_HELDOUT_TEST_S1_T020_U10,2026-09-01T04:45:00.000000Z,151,11,1,0.09090909090909091
1,KAPPA_HELDOUT_TEST_S1_T021,KAPPA_HELDOUT_TEST_S1_T021_U01,2026-09-01T05:00:00.000000Z,286,10,5,0.5
1,KAPPA_HELDOUT_TEST_S1_T021,KAPPA_HELDOUT_TEST_S1_T021_U02,2026-09-01T05:00:00.000000Z,86,8,2,0.25
1,KAPPA_HELDOUT_TEST_S1_T021,KAPPA_HELDOUT_TEST_S1_T021_U03,2026-09-01T05:00:00.000000Z,58,9,3,0.3333333333333333
1,KAPPA_HELDOUT_TEST_S1_T021,KAPPA_HELDOUT_TEST_S1_T021_U04,2026-09-01T05:00:00.000000Z,143,14,8,0.5714285714285714
1,KAPPA_HELDOUT_TEST_S1_T021,KAPPA_HELDOUT_TEST_S1_T021_U05,2026-09-01T05:00:00.000000Z,24,10,4,0.4
1,KAPPA_HELDOUT_TEST_S1_T021,KAPPA_HELDOUT_TEST_S1_T021_U06,2026-09-01T05:00:00.000000Z,167,11,8,0.7272727272727273
1,KAPPA_HELDOUT_TEST_S1_T021,KAPPA_HELDOUT_TEST_S1_T021_U07,2026-09-01T05:00:00.000000Z,207,10,6,0.6
1,KAPPA_HELDOUT_TEST_S1_T021,KAPPA_HELDOUT_TEST_S1_T021_U08,2026-09-01T05:00:00.000000Z,79,12,9,0.75
1,KAPPA_HELDOUT_TEST_S1_T021,KAPPA_HELDOUT_TEST_S1_T021_U09,2026-09-01T05:00:00.000000Z,64,11,4,0.36363636363636365
1,KAPPA_HELDOUT_TEST_S1_T021,KAPPA_HELDOUT_TEST_S1_T021_U10,2026-09-01T05:00:00.000000Z,159,14,8,0.5714285714285714
1,KAPPA_HELDOUT_TEST_S1_T022,KAPPA_HELDOUT_TEST_S1_T022_U01,2026-09-01T05:15:00.000000Z,165,15,10,0.6666666666666666
1,KAPPA_HELDOUT_TEST_S1_T022,KAPPA_HELDOUT_TEST_S1_T022_U02,2026-09-01T05:15:00.000000Z,48,8,4,0.5
1,KAPPA_HELDOUT_TEST_S1_T022,KAPPA_HELDOUT_TEST_S1_T022_U03,2026-09-01T05:15:00.000000Z,50,12,9,0.75
1,KAPPA_HELDOUT_TEST_S1_T022,KAPPA_HELDOUT_TEST_S1_T022_U04,2026-09-01T05:15:00.000000Z,119,11,8,0.7272727272727273
1,KAPPA_HELDOUT_TEST_S1_T022,KAPPA_HELDOUT_TEST_S1_T022_U05,2026-09-01T05:15:00.000000Z,225,11,6,0.5454545454545454
1,KAPPA_HELDOUT_TEST_S1_T022,KAPPA_HELDOUT_TEST_S1_T022_U06,2026-09-01T05:15:00.000000Z,115,8,4,0.5
1,KAPPA_HELDOUT_TEST_S1_T022,KAPPA_HELDOUT_TEST_S1_T022_U07,2026-09-01T05:15:00.000000Z,191,10,4,0.4
1,KAPPA_HELDOUT_TEST_S1_T022,KAPPA_HELDOUT_TEST_S1_T022_U08,2026-09-01T05:15:00.000000Z,144,14,9,0.6428571428571429
1,KAPPA_HELDOUT_TEST_S1_T022,KAPPA_HELDOUT_TEST_S1_T022_U09,2026-09-01T05:15:00.000000Z,309,13,7,0.5384615384615384
1,KAPPA_HELDOUT_TEST_S1_T022,KAPPA_HELDOUT_TEST_S1_T022_U10,2026-09-01T05:15:00.000000Z,68,8,4,0.5
1,KAPPA_HELDOUT_TEST_S1_T023,KAPPA_HELDOUT_TEST_S1_T023_U01,2026-09-01T05:30:00.000000Z,273,10,4,0.4
1,KAPPA_HELDOUT_TEST_S1_T023,KAPPA_HELDOUT_TEST_S1_T023_U02,2026-09-01T05:30:00.000000Z,96,13,6,0.46153846153846156
1,KAPPA_HELDOUT_TEST_S1_T023,KAPPA_HELDOUT_TEST_S1_T023_U03,2026-09-01T05:30:00.000000Z,195,16,7,0.4375
1,KAPPA_HELDOUT_TEST_S1_T023,KAPPA_HELDOUT_TEST_S1_T023_U04,2026-09-01T05:30:00.000000Z,180,11,6,0.5454545454545454
1,KAPPA_HELDOUT_TEST_S1_T023,KAPPA_HELDOUT_TEST_S1_T023_U05,2026-09-01T05:30:00.000000Z,196,10,6,0.6
1,KAPPA_HELDOUT_TEST_S1_T023,KAPPA_HELDOUT_TEST_S1_T023_U06,2026-09-01T05:30:00.000000Z,89,13,8,0.6153846153846154
1,KAPPA_HELDOUT_TEST_S1_T023,KAPPA_HELDOUT_TEST_S1_T023_U07,2026-09-01T05:30:00.000000Z,83,10,5,0.5
1,KAPPA_HELDOUT_TEST_S1_T023,KAPPA_HELDOUT_TEST_S1_T023_U08,2026-09-01T05:30:00.000000Z,164,9,4,0.4444444444444444
1,KAPPA_HELDOUT_TEST_S1_T023,KAPPA_HELDOUT_TEST_S1_T023_U09,2026-09-01T05:30:00.000000Z,120,6,5,0.8333333333333334
1,KAPPA_HELDOUT_TEST_S1_T023,KAPPA_HELDOUT_TEST_S1_T023_U10,2026-09-01T05:30:00.000000Z,158,14,7,0.5
1,KAPPA_HELDOUT_TEST_S1_T024,KAPPA_HELDOUT_TEST_S1_T024_U01,2026-09-01T05:45:00.000000Z,269,9,4,0.4444444444444444
1,KAPPA_HELDOUT_TEST_S1_T024,KAPPA_HELDOUT_TEST_S1_T024_U02,2026-09-01T05:45:00.000000Z,66,11,7,0.6363636363636364
1,KAPPA_HELDOUT_TEST_S1_T024,KAPPA_HELDOUT_TEST_S1_T024_U03,2026-09-01T05:45:00.000000Z,191,10,4,0.4
1,KAPPA_HELDOUT_TEST_S1_T024,KAPPA_HELDOUT_TEST_S1_T024_U04,2026-09-01T05:45:00.000000Z,238,11,6,0.5454545454545454
1,KAPPA_HELDOUT_TEST_S1_T024,KAPPA_HELDOUT_TEST_S1_T024_U05,2026-09-01T05:45:00.000000Z,189,16,9,0.5625
1,KAPPA_HELDOUT_TEST_S1_T024,KAPPA_HELDOUT_TEST_S1_T024_U06,2026-09-01T05:45:00.000000Z,174,21,4,0.19047619047619047
1,KAPPA_HELDOUT_TEST_S1_T024,KAPPA_HELDOUT_TEST_S1_T024_U07,2026-09-01T05:45:00.000000Z,241,7,5,0.7142857142857143
1,KAPPA_HELDOUT_TEST_S1_T024,KAPPA_HELDOUT_TEST_S1_T024_U08,2026-09-01T05:45:00.000000Z,74,13,8,0.6153846153846154
1,KAPPA_HELDOUT_TEST_S1_T024,KAPPA_HELDOUT_TEST_S1_T024_U09,2026-09-01T05:45:00.000000Z,221,12,4,0.3333333333333333
1,KAPPA_HELDOUT_TEST_S1_T024,KAPPA_HELDOUT_TEST_S1_T024_U10,2026-09-01T05:45:00.000000Z,227,15,7,0.4666666666666667
1,KAPPA_HELDOUT_TEST_S1_T025,KAPPA_HELDOUT_TEST_S1_T025_U01,2026-09-01T06:00:00.000000Z,185,12,5,0.4166666666666667
1,KAPPA_HELDOUT_TEST_S1_T025,KAPPA_HELDOUT_TEST_S1_T025_U02,2026-09-01T06:00:00.000000Z,177,12,7,0.5833333333333334
1,KAPPA_HELDOUT_TEST_S1_T025,KAPPA_HELDOUT_TEST_S1_T025_U03,2026-09-01T06:00:00.000000Z,121,10,7,0.7
1,KAPPA_HELDOUT_TEST_S1_T025,KAPPA_HELDOUT_TEST_S1_T025_U04,2026-09-01T06:00:00.000000Z,32,4,2,0.5
1,KAPPA_HELDOUT_TEST_S1_T025,KAPPA_HELDOUT_TEST_S1_T025_U05,2026-09-01T06:00:00.000000Z,135,11,6,0.5454545454545454
1,KAPPA_HELDOUT_TEST_S1_T025,KAPPA_HELDOUT_TEST_S1_T025_U06,2026-09-01T06:00:00.000000Z,25,14,6,0.42857142857142855
1,KAPPA_HELDOUT_TEST_S1_T025,KAPPA_HELDOUT_TEST_S1_T025_U07,2026-09-01T06:00:00.000000Z,306,11,4,0.36363636363636365
1,KAPPA_HELDOUT_TEST_S1_T025,KAPPA_HELDOUT_TEST_S1_T025_U08,2026-09-01T06:00:00.000000Z,131,11,7,0.6363636363636364
1,KAPPA_HELDOUT_TEST_S1_T025,KAPPA_HELDOUT_TEST_S1_T025_U09,2026-09-01T06:00:00.000000Z,312,8,4,0.5
1,KAPPA_HELDOUT_TEST_S1_T025,KAPPA_HELDOUT_TEST_S1_T025_U10,2026-09-01T06:00:00.000000Z,70,13,6,0.46153846153846156
1,KAPPA_HELDOUT_TEST_S1_T026,KAPPA_HELDOUT_TEST_S1_T026_U01,2026-09-01T06:15:00.000000Z,186,10,6,0.6
1,KAPPA_HELDOUT_TEST_S1_T026,KAPPA_HELDOUT_TEST_S1_T026_U02,2026-09-01T06:15:00.000000Z,273,6,3,0.5
1,KAPPA_HELDOUT_TEST_S1_T026,KAPPA_HELDOUT_TEST_S1_T026_U03,2026-09-01T06:15:00.000000Z,87,13,6,0.46153846153846156
1,KAPPA_HELDOUT_TEST_S1_T026,KAPPA_HELDOUT_TEST_S1_T026_U04,2026-09-01T06:15:00.000000Z,52,17,9,0.5294117647058824
1,KAPPA_HELDOUT_TEST_S1_T026,KAPPA_HELDOUT_TEST_S1_T026_U05,2026-09-01T06:15:00.000000Z,79,8,4,0.5
1,KAPPA_HELDOUT_TEST_S1_T026,KAPPA_HELDOUT_TEST_S1_T026_U06,2026-09-01T06:15:00.000000Z,177,13,8,0.6153846153846154
1,KAPPA_HELDOUT_TEST_S1_T026,KAPPA_HELDOUT_TEST_S1_T026_U07,2026-09-01T06:15:00.000000Z,68,8,3,0.375
1,KAPPA_HELDOUT_TEST_S1_T026,KAPPA_HELDOUT_TEST_S1_T026_U08,2026-09-01T06:15:00.000000Z,168,11,7,0.6363636363636364
1,KAPPA_HELDOUT_TEST_S1_T026,KAPPA_HELDOUT_TEST_S1_T026_U09,2026-09-01T06:15:00.000000Z,182,13,5,0.38461538461538464
1,KAPPA_HELDOUT_TEST_S1_T026,KAPPA_HELDOUT_TEST_S1_T026_U10,2026-09-01T06:15:00.000000Z,204,11,3,0.2727272727272727
1,KAPPA_HELDOUT_TEST_S1_T027,KAPPA_HELDOUT_TEST_S1_T027_U01,2026-09-01T06:30:00.000000Z,46,8,4,0.5
1,KAPPA_HELDOUT_TEST_S1_T027,KAPPA_HELDOUT_TEST_S1_T027_U02,2026-09-01T06:30:00.000000Z,266,11,2,0.18181818181818182
1,KAPPA_HELDOUT_TEST_S1_T027,KAPPA_HELDOUT_TEST_S1_T027_U03,2026-09-01T06:30:00.000000Z,108,8,5,0.625
1,KAPPA_HELDOUT_TEST_S1_T027,KAPPA_HELDOUT_TEST_S1_T027_U04,2026-09-01T06:30:00.000000Z,251,6,5,0.8333333333333334
1,KAPPA_HELDOUT_TEST_S1_T027,KAPPA_HELDOUT_TEST_S1_T027_U05,2026-09-01T06:30:00.000000Z,15,11,4,0.36363636363636365
1,KAPPA_HELDOUT_TEST_S1_T027,KAPPA_HELDOUT_TEST_S1_T027_U06,2026-09-01T06:30:00.000000Z,41,10,5,0.5
1,KAPPA_HELDOUT_TEST_S1_T027,KAPPA_HELDOUT_TEST_S1_T027_U07,2026-09-01T06:30:00.000000Z,162,15,6,0.4
1,KAPPA_HELDOUT_TEST_S1_T027,KAPPA_HELDOUT_TEST_S1_T027_U08,2026-09-01T06:30:00.000000Z,71,9,7,0.7777777777777778
1,KAPPA_HELDOUT_TEST_S1_T027,KAPPA_HELDOUT_TEST_S1_T027_U09,2026-09-01T06:30:00.000000Z,239,17,5,0.29411764705882354
1,KAPPA_HELDOUT_TEST_S1_T027,KAPPA_HELDOUT_TEST_S1_T027_U10,2026-09-01T06:30:00.000000Z,79,10,3,0.3
1,KAPPA_HELDOUT_TEST_S1_T028,KAPPA_HELDOUT_TEST_S1_T028_U01,2026-09-01T06:45:00.000000Z,136,15,7,0.4666666666666667
1,KAPPA_HELDOUT_TEST_S1_T028,KAPPA_HELDOUT_TEST_S1_T028_U02,2026-09-01T06:45:00.000000Z,130,3,2,0.6666666666666666
1,KAPPA_HELDOUT_TEST_S1_T028,KAPPA_HELDOUT_TEST_S1_T028_U03,2026-09-01T06:45:00.000000Z,145,14,4,0.2857142857142857
1,KAPPA_HELDOUT_TEST_S1_T028,KAPPA_HELDOUT_TEST_S1_T028_U04,2026-09-01T06:45:00.000000Z,283,12,3,0.25
1,KAPPA_HELDOUT_TEST_S1_T028,KAPPA_HELDOUT_TEST_S1_T028_U05,2026-09-01T06:45:00.000000Z,194,10,5,0.5
1,KAPPA_HELDOUT_TEST_S1_T028,KAPPA_HELDOUT_TEST_S1_T028_U06,2026-09-01T06:45:00.000000Z,198,17,11,0.6470588235294118
1,KAPPA_HELDOUT_TEST_S1_T028,KAPPA_HELDOUT_TEST_S1_T028_U07,2026-09-01T06:45:00.000000Z,136,9,7,0.7777777777777778
1,KAPPA_HELDOUT_TEST_S1_T028,KAPPA_HELDOUT_TEST_S1_T028_U08,2026-09-01T06:45:00.000000Z,67,8,2,0.25
1,KAPPA_HELDOUT_TEST_S1_T028,KAPPA_HELDOUT_TEST_S1_T028_U09,2026-09-01T06:45:00.000000Z,75,15,8,0.5333333333333333
1,KAPPA_HELDOUT_TEST_S1_T028,KAPPA_HELDOUT_TEST_S1_T028_U10,2026-09-01T06:45:00.000000Z,16,13,2,0.15384615384615385
1,KAPPA_HELDOUT_TEST_S1_T029,KAPPA_HELDOUT_TEST_S1_T029_U01,2026-09-01T07:00:00.000000Z,48,7,4,0.5714285714285714
1,KAPPA_HELDOUT_TEST_S1_T029,KAPPA_HELDOUT_TEST_S1_T029_U02,2026-09-01T07:00:00.000000Z,307,6,2,0.3333333333333333
1,KAPPA_HELDOUT_TEST_S1_T029,KAPPA_HELDOUT_TEST_S1_T029_U03,2026-09-01T07:00:00.000000Z,147,11,5,0.45454545454545453
1,KAPPA_HELDOUT_TEST_S1_T029,KAPPA_HELDOUT_TEST_S1_T029_U04,2026-09-01T07:00:00.000000Z,47,11,6,0.5454545454545454
1,KAPPA_HELDOUT_TEST_S1_T029,KAPPA_HELDOUT_TEST_S1_T029_U05,2026-09-01T07:00:00.000000Z,173,11,5,0.45454545454545453
1,KAPPA_HELDOUT_TEST_S1_T029,KAPPA_HELDOUT_TEST_S1_T029_U06,2026-09-01T07:00:00.000000Z,28,13,7,0.5384615384615384
1,KAPPA_HELDOUT_TEST_S1_T029,KAPPA_HELDOUT_TEST_S1_T029_U07,2026-09-01T07:00:00.000000Z,118,6,4,0.6666666666666666
1,KAPPA_HELDOUT_TEST_S1_T029,KAPPA_HELDOUT_TEST_S1_T029_U08,2026-09-01T07:00:00.000000Z,14,16,6,0.375
1,KAPPA_HELDOUT_TEST_S1_T029,KAPPA_HELDOUT_TEST_S1_T029_U09,2026-09-01T07:00:00.000000Z,121,8,5,0.625
1,KAPPA_HELDOUT_TEST_S1_T029,KAPPA_HELDOUT_TEST_S1_T029_U10,2026-09-01T07:00:00.000000Z,69,10,5,0.5
1,KAPPA_HELDOUT_TEST_S1_T030,KAPPA_HELDOUT_TEST_S1_T030_U01,2026-09-01T07:15:00.000000Z,69,10,5,0.5
1,KAPPA_HELDOUT_TEST_S1_T030,KAPPA_HELDOUT_TEST_S1_T030_U02,2026-09-01T07:15:00.000000Z,311,12,6,0.5
1,KAPPA_HELDOUT_TEST_S1_T030,KAPPA_HELDOUT_TEST_S1_T030_U03,2026-09-01T07:15:00.000000Z,40,15,9,0.6
1,KAPPA_HELDOUT_TEST_S1_T030,KAPPA_HELDOUT_TEST_S1_T030_U04,2026-09-01T07:15:00.000000Z,302,10,4,0.4
1,KAPPA_HELDOUT_TEST_S1_T030,KAPPA_HELDOUT_TEST_S1_T030_U05,2026-09-01T07:15:00.000000Z,31,13,8,0.6153846153846154
1,KAPPA_HELDOUT_TEST_S1_T030,KAPPA_HELDOUT_TEST_S1_T030_U06,2026-09-01T07:15:00.000000Z,11,8,6,0.75
1,KAPPA_HELDOUT_TEST_S1_T030,KAPPA_HELDOUT_TEST_S1_T030_U07,2026-09-01T07:15:00.000000Z,303,10,3,0.3
1,KAPPA_HELDOUT_TEST_S1_T030,KAPPA_HELDOUT_TEST_S1_T030_U08,2026-09-01T07:15:00.000000Z,239,11,4,0.36363636363636365
1,KAPPA_HELDOUT_TEST_S1_T030,KAPPA_HELDOUT_TEST_S1_T030_U09,2026-09-01T07:15:00.000000Z,261,12,4,0.3333333333333333
1,KAPPA_HELDOUT_TEST_S1_T030,KAPPA_HELDOUT_TEST_S1_T030_U10,2026-09-01T07:15:00.000000Z,196,6,2,0.3333333333333333
1,KAPPA_HELDOUT_TEST_S1_T031,KAPPA_HELDOUT_TEST_S1_T031_U01,2026-09-01T07:30:00.000000Z,30,13,5,0.38461538461538464
1,KAPPA_HELDOUT_TEST_S1_T031,KAPPA_HELDOUT_TEST_S1_T031_U02,2026-09-01T07:30:00.000000Z,197,7,2,0.2857142857142857
1,KAPPA_HELDOUT_TEST_S1_T031,KAPPA_HELDOUT_TEST_S1_T031_U03,2026-09-01T07:30:00.000000Z,239,20,11,0.55
1,KAPPA_HELDOUT_TEST_S1_T031,KAPPA_HELDOUT_TEST_S1_T031_U04,2026-09-01T07:30:00.000000Z,81,21,12,0.5714285714285714
1,KAPPA_HELDOUT_TEST_S1_T031,KAPPA_HELDOUT_TEST_S1_T031_U05,2026-09-01T07:30:00.000000Z,83,5,4,0.8
1,KAPPA_HELDOUT_TEST_S1_T031,KAPPA_HELDOUT_TEST_S1_T031_U06,2026-09-01T07:30:00.000000Z,212,8,3,0.375
1,KAPPA_HELDOUT_TEST_S1_T031,KAPPA_HELDOUT_TEST_S1_T031_U07,2026-09-01T07:30:00.000000Z,204,11,3,0.2727272727272727
1,KAPPA_HELDOUT_TEST_S1_T031,KAPPA_HELDOUT_TEST_S1_T031_U08,2026-09-01T07:30:00.000000Z,31,7,4,0.5714285714285714
1,KAPPA_HELDOUT_TEST_S1_T031,KAPPA_HELDOUT_TEST_S1_T031_U09,2026-09-01T07:30:00.000000Z,153,11,5,0.45454545454545453
1,KAPPA_HELDOUT_TEST_S1_T031,KAPPA_HELDOUT_TEST_S1_T031_U10,2026-09-01T07:30:00.000000Z,232,10,6,0.6
1,KAPPA_HELDOUT_TEST_S1_T032,KAPPA_HELDOUT_TEST_S1_T032_U01,2026-09-01T07:45:00.000000Z,317,10,7,0.7
1,KAPPA_HELDOUT_TEST_S1_T032,KAPPA_HELDOUT_TEST_S1_T032_U02,2026-09-01T07:45:00.000000Z,118,8,5,0.625
1,KAPPA_HELDOUT_TEST_S1_T032,KAPPA_HELDOUT_TEST_S1_T032_U03,2026-09-01T07:45:00.000000Z,143,5,3,0.6
1,KAPPA_HELDOUT_TEST_S1_T032,KAPPA_HELDOUT_TEST_S1_T032_U04,2026-09-01T07:45:00.000000Z,147,14,5,0.35714285714285715
1,KAPPA_HELDOUT_TEST_S1_T032,KAPPA_HELDOUT_TEST_S1_T032_U05,2026-09-01T07:45:00.000000Z,136,18,8,0.4444444444444444
1,KAPPA_HELDOUT_TEST_S1_T032,KAPPA_HELDOUT_TEST_S1_T032_U06,2026-09-01T07:45:00.000000Z,140,14,6,0.42857142857142855
1,KAPPA_HELDOUT_TEST_S1_T032,KAPPA_HELDOUT_TEST_S1_T032_U07,2026-09-01T07:45:00.000000Z,20,11,4,0.36363636363636365
1,KAPPA_HELDOUT_TEST_S1_T032,KAPPA_HELDOUT_TEST_S1_T032_U08,2026-09-01T07:45:00.000000Z,99,8,6,0.75
1,KAPPA_HELDOUT_TEST_S1_T032,KAPPA_HELDOUT_TEST_S1_T032_U09,2026-09-01T07:45:00.000000Z,217,11,6,0.5454545454545454
1,KAPPA_HELDOUT_TEST_S1_T032,KAPPA_HELDOUT_TEST_S1_T032_U10,2026-09-01T07:45:00.000000Z,277,10,8,0.8
1,KAPPA_HELDOUT_TEST_S1_T033,KAPPA_HELDOUT_TEST_S1_T033_U01,2026-09-01T08:00:00.000000Z,102,9,2,0.2222222222222222
1,KAPPA_HELDOUT_TEST_S1_T033,KAPPA_HELDOUT_TEST_S1_T033_U02,2026-09-01T08:00:00.000000Z,117,15,7,0.4666666666666667
1,KAPPA_HELDOUT_TEST_S1_T033,KAPPA_HELDOUT_TEST_S1_T033_U03,2026-09-01T08:00:00.000000Z,49,13,4,0.3076923076923077
1,KAPPA_HELDOUT_TEST_S1_T033,KAPPA_HELDOUT_TEST_S1_T033_U04,2026-09-01T08:00:00.000000Z,201,9,4,0.4444444444444444
1,KAPPA_HELDOUT_TEST_S1_T033,KAPPA_HELDOUT_TEST_S1_T033_U05,2026-09-01T08:00:00.000000Z,194,11,3,0.2727272727272727
1,KAPPA_HELDOUT_TEST_S1_T033,KAPPA_HELDOUT_TEST_S1_T033_U06,2026-09-01T08:00:00.000000Z,187,10,8,0.8
1,KAPPA_HELDOUT_TEST_S1_T033,KAPPA_HELDOUT_TEST_S1_T033_U07,2026-09-01T08:00:00.000000Z,182,7,4,0.5714285714285714
1,KAPPA_HELDOUT_TEST_S1_T033,KAPPA_HELDOUT_TEST_S1_T033_U08,2026-09-01T08:00:00.000000Z,236,15,7,0.4666666666666667
1,KAPPA_HELDOUT_TEST_S1_T033,KAPPA_HELDOUT_TEST_S1_T033_U09,2026-09-01T08:00:00.000000Z,164,13,7,0.5384615384615384
1,KAPPA_HELDOUT_TEST_S1_T033,KAPPA_HELDOUT_TEST_S1_T033_U10,2026-09-01T08:00:00.000000Z,25,13,3,0.23076923076923078
1,KAPPA_HELDOUT_TEST_S1_T034,KAPPA_HELDOUT_TEST_S1_T034_U01,2026-09-01T08:15:00.000000Z,155,13,9,0.6923076923076923
1,KAPPA_HELDOUT_TEST_S1_T034,KAPPA_HELDOUT_TEST_S1_T034_U02,2026-09-01T08:15:00.000000Z,311,15,8,0.5333333333333333
1,KAPPA_HELDOUT_TEST_S1_T034,KAPPA_HELDOUT_TEST_S1_T034_U03,2026-09-01T08:15:00.000000Z,267,16,7,0.4375
1,KAPPA_HELDOUT_TEST_S1_T034,KAPPA_HELDOUT_TEST_S1_T034_U04,2026-09-01T08:15:00.000000Z,69,17,9,0.5294117647058824
1,KAPPA_HELDOUT_TEST_S1_T034,KAPPA_HELDOUT_TEST_S1_T034_U05,2026-09-01T08:15:00.000000Z,4,5,1,0.2
1,KAPPA_HELDOUT_TEST_S1_T034,KAPPA_HELDOUT_TEST_S1_T034_U06,2026-09-01T08:15:00.000000Z,10,11,1,0.09090909090909091
1,KAPPA_HELDOUT_TEST_S1_T034,KAPPA_HELDOUT_TEST_S1_T034_U07,2026-09-01T08:15:00.000000Z,33,15,6,0.4
1,KAPPA_HELDOUT_TEST_S1_T034,KAPPA_HELDOUT_TEST_S1_T034_U08,2026-09-01T08:15:00.000000Z,15,14,5,0.35714285714285715
1,KAPPA_HELDOUT_TEST_S1_T034,KAPPA_HELDOUT_TEST_S1_T034_U09,2026-09-01T08:15:00.000000Z,287,3,0,0
1,KAPPA_HELDOUT_TEST_S1_T034,KAPPA_HELDOUT_TEST_S1_T034_U10,2026-09-01T08:15:00.000000Z,105,9,3,0.3333333333333333
1,KAPPA_HELDOUT_TEST_S1_T035,KAPPA_HELDOUT_TEST_S1_T035_U01,2026-09-01T08:30:00.000000Z,194,12,7,0.5833333333333334
1,KAPPA_HELDOUT_TEST_S1_T035,KAPPA_HELDOUT_TEST_S1_T035_U02,2026-09-01T08:30:00.000000Z,94,15,9,0.6
1,KAPPA_HELDOUT_TEST_S1_T035,KAPPA_HELDOUT_TEST_S1_T035_U03,2026-09-01T08:30:00.000000Z,320,10,6,0.6
1,KAPPA_HELDOUT_TEST_S1_T035,KAPPA_HELDOUT_TEST_S1_T035_U04,2026-09-01T08:30:00.000000Z,130,8,3,0.375
1,KAPPA_HELDOUT_TEST_S1_T035,KAPPA_HELDOUT_TEST_S1_T035_U05,2026-09-01T08:30:00.000000Z,268,12,6,0.5
1,KAPPA_HELDOUT_TEST_S1_T035,KAPPA_HELDOUT_TEST_S1_T035_U06,2026-09-01T08:30:00.000000Z,36,8,2,0.25
1,KAPPA_HELDOUT_TEST_S1_T035,KAPPA_HELDOUT_TEST_S1_T035_U07,2026-09-01T08:30:00.000000Z,287,10,3,0.3
1,KAPPA_HELDOUT_TEST_S1_T035,KAPPA_HELDOUT_TEST_S1_T035_U08,2026-09-01T08:30:00.000000Z,91,10,8,0.8
1,KAPPA_HELDOUT_TEST_S1_T035,KAPPA_HELDOUT_TEST_S1_T035_U09,2026-09-01T08:30:00.000000Z,157,7,6,0.8571428571428571
1,KAPPA_HELDOUT_TEST_S1_T035,KAPPA_HELDOUT_TEST_S1_T035_U10,2026-09-01T08:30:00.000000Z,201,18,9,0.5
1,KAPPA_HELDOUT_TEST_S1_T036,KAPPA_HELDOUT_TEST_S1_T036_U01,2026-09-01T08:45:00.000000Z,320,9,4,0.4444444444444444
1,KAPPA_HELDOUT_TEST_S1_T036,KAPPA_HELDOUT_TEST_S1_T036_U02,2026-09-01T08:45:00.000000Z,172,14,4,0.2857142857142857
1,KAPPA_HELDOUT_TEST_S1_T036,KAPPA_HELDOUT_TEST_S1_T036_U03,2026-09-01T08:45:00.000000Z,271,6,3,0.5
1,KAPPA_HELDOUT_TEST_S1_T036,KAPPA_HELDOUT_TEST_S1_T036_U04,2026-09-01T08:45:00.000000Z,316,6,2,0.3333333333333333
1,KAPPA_HELDOUT_TEST_S1_T036,KAPPA_HELDOUT_TEST_S1_T036_U05,2026-09-01T08:45:00.000000Z,41,13,7,0.5384615384615384
1,KAPPA_HELDOUT_TEST_S1_T036,KAPPA_HELDOUT_TEST_S1_T036_U06,2026-09-01T08:45:00.000000Z,19,9,4,0.4444444444444444
1,KAPPA_HELDOUT_TEST_S1_T036,KAPPA_HELDOUT_TEST_S1_T036_U07,2026-09-01T08:45:00.000000Z,221,5,3,0.6
1,KAPPA_HELDOUT_TEST_S1_T036,KAPPA_HELDOUT_TEST_S1_T036_U08,2026-09-01T08:45:00.000000Z,86,9,2,0.2222222222222222
1,KAPPA_HELDOUT_TEST_S1_T036,KAPPA_HELDOUT_TEST_S1_T036_U09,2026-09-01T08:45:00.000000Z,290,15,8,0.5333333333333333
1,KAPPA_HELDOUT_TEST_S1_T036,KAPPA_HELDOUT_TEST_S1_T036_U10,2026-09-01T08:45:00.000000Z,230,16,9,0.5625
1,KAPPA_HELDOUT_TEST_S1_T037,KAPPA_HELDOUT_TEST_S1_T037_U01,2026-09-01T09:00:00.000000Z,11,12,2,0.16666666666666666
1,KAPPA_HELDOUT_TEST_S1_T037,KAPPA_HELDOUT_TEST_S1_T037_U02,2026-09-01T09:00:00.000000Z,61,14,9,0.6428571428571429
1,KAPPA_HELDOUT_TEST_S1_T037,KAPPA_HELDOUT_TEST_S1_T037_U03,2026-09-01T09:00:00.000000Z,254,9,4,0.4444444444444444
1,KAPPA_HELDOUT_TEST_S1_T037,KAPPA_HELDOUT_TEST_S1_T037_U04,2026-09-01T09:00:00.000000Z,289,4,1,0.25
1,KAPPA_HELDOUT_TEST_S1_T037,KAPPA_HELDOUT_TEST_S1_T037_U05,2026-09-01T09:00:00.000000Z,175,9,3,0.3333333333333333
1,KAPPA_HELDOUT_TEST_S1_T037,KAPPA_HELDOUT_TEST_S1_T037_U06,2026-09-01T09:00:00.000000Z,44,5,2,0.4
1,KAPPA_HELDOUT_TEST_S1_T037,KAPPA_HELDOUT_TEST_S1_T037_U07,2026-09-01T09:00:00.000000Z,297,9,6,0.6666666666666666
1,KAPPA_HELDOUT_TEST_S1_T037,KAPPA_HELDOUT_TEST_S1_T037_U08,2026-09-01T09:00:00.000000Z,318,11,8,0.7272727272727273
1,KAPPA_HELDOUT_TEST_S1_T037,KAPPA_HELDOUT_TEST_S1_T037_U09,2026-09-01T09:00:00.000000Z,296,9,4,0.4444444444444444
1,KAPPA_HELDOUT_TEST_S1_T037,KAPPA_HELDOUT_TEST_S1_T037_U10,2026-09-01T09:00:00.000000Z,97,9,3,0.3333333333333333
1,KAPPA_HELDOUT_TEST_S1_T038,KAPPA_HELDOUT_TEST_S1_T038_U01,2026-09-01T09:15:00.000000Z,156,11,5,0.45454545454545453
1,KAPPA_HELDOUT_TEST_S1_T038,KAPPA_HELDOUT_TEST_S1_T038_U02,2026-09-01T09:15:00.000000Z,70,8,7,0.875
1,KAPPA_HELDOUT_TEST_S1_T038,KAPPA_HELDOUT_TEST_S1_T038_U03,2026-09-01T09:15:00.000000Z,311,9,7,0.7777777777777778
1,KAPPA_HELDOUT_TEST_S1_T038,KAPPA_HELDOUT_TEST_S1_T038_U04,2026-09-01T09:15:00.000000Z,318,12,6,0.5
1,KAPPA_HELDOUT_TEST_S1_T038,KAPPA_HELDOUT_TEST_S1_T038_U05,2026-09-01T09:15:00.000000Z,261,6,3,0.5
1,KAPPA_HELDOUT_TEST_S1_T038,KAPPA_HELDOUT_TEST_S1_T038_U06,2026-09-01T09:15:00.000000Z,232,13,8,0.6153846153846154
1,KAPPA_HELDOUT_TEST_S1_T038,KAPPA_HELDOUT_TEST_S1_T038_U07,2026-09-01T09:15:00.000000Z,32,12,5,0.4166666666666667
1,KAPPA_HELDOUT_TEST_S1_T038,KAPPA_HELDOUT_TEST_S1_T038_U08,2026-09-01T09:15:00.000000Z,214,11,7,0.6363636363636364
1,KAPPA_HELDOUT_TEST_S1_T038,KAPPA_HELDOUT_TEST_S1_T038_U09,2026-09-01T09:15:00.000000Z,242,8,5,0.625
1,KAPPA_HELDOUT_TEST_S1_T038,KAPPA_HELDOUT_TEST_S1_T038_U10,2026-09-01T09:15:00.000000Z,254,8,3,0.375
1,KAPPA_HELDOUT_TEST_S1_T039,KAPPA_HELDOUT_TEST_S1_T039_U01,2026-09-01T09:30:00.000000Z,291,10,4,0.4
1,KAPPA_HELDOUT_TEST_S1_T039,KAPPA_HELDOUT_TEST_S1_T039_U02,2026-09-01T09:30:00.000000Z,83,10,5,0.5
1,KAPPA_HELDOUT_TEST_S1_T039,KAPPA_HELDOUT_TEST_S1_T039_U03,2026-09-01T09:30:00.000000Z,247,9,5,0.5555555555555556
1,KAPPA_HELDOUT_TEST_S1_T039,KAPPA_HELDOUT_TEST_S1_T039_U04,2026-09-01T09:30:00.000000Z,115,7,2,0.2857142857142857
1,KAPPA_HELDOUT_TEST_S1_T039,KAPPA_HELDOUT_TEST_S1_T039_U05,2026-09-01T09:30:00.000000Z,299,11,5,0.45454545454545453
1,KAPPA_HELDOUT_TEST_S1_T039,KAPPA_HELDOUT_TEST_S1_T039_U06,2026-09-01T09:30:00.000000Z,258,15,9,0.6
1,KAPPA_HELDOUT_TEST_S1_T039,KAPPA_HELDOUT_TEST_S1_T039_U07,2026-09-01T09:30:00.000000Z,206,7,4,0.5714285714285714
1,KAPPA_HELDOUT_TEST_S1_T039,KAPPA_HELDOUT_TEST_S1_T039_U08,2026-09-01T09:30:00.000000Z,91,10,7,0.7
1,KAPPA_HELDOUT_TEST_S1_T039,KAPPA_HELDOUT_TEST_S1_T039_U09,2026-09-01T09:30:00.000000Z,199,7,3,0.42857142857142855
1,KAPPA_HELDOUT_TEST_S1_T039,KAPPA_HELDOUT_TEST_S1_T039_U10,2026-09-01T09:30:00.000000Z,163,18,5,0.2777777777777778
1,KAPPA_HELDOUT_TEST_S1_T040,KAPPA_HELDOUT_TEST_S1_T040_U01,2026-09-01T09:45:00.000000Z,210,4,2,0.5
1,KAPPA_HELDOUT_TEST_S1_T040,KAPPA_HELDOUT_TEST_S1_T040_U02,2026-09-01T09:45:00.000000Z,140,16,8,0.5
1,KAPPA_HELDOUT_TEST_S1_T040,KAPPA_HELDOUT_TEST_S1_T040_U03,2026-09-01T09:45:00.000000Z,75,8,2,0.25
1,KAPPA_HELDOUT_TEST_S1_T040,KAPPA_HELDOUT_TEST_S1_T040_U04,2026-09-01T09:45:00.000000Z,216,7,4,0.5714285714285714
1,KAPPA_HELDOUT_TEST_S1_T040,KAPPA_HELDOUT_TEST_S1_T040_U05,2026-09-01T09:45:00.000000Z,6,10,5,0.5
1,KAPPA_HELDOUT_TEST_S1_T040,KAPPA_HELDOUT_TEST_S1_T040_U06,2026-09-01T09:45:00.000000Z,295,7,1,0.14285714285714285
1,KAPPA_HELDOUT_TEST_S1_T040,KAPPA_HELDOUT_TEST_S1_T040_U07,2026-09-01T09:45:00.000000Z,31,7,4,0.5714285714285714
1,KAPPA_HELDOUT_TEST_S1_T040,KAPPA_HELDOUT_TEST_S1_T040_U08,2026-09-01T09:45:00.000000Z,240,6,4,0.6666666666666666
1,KAPPA_HELDOUT_TEST_S1_T040,KAPPA_HELDOUT_TEST_S1_T040_U09,2026-09-01T09:45:00.000000Z,12,9,6,0.6666666666666666
1,KAPPA_HELDOUT_TEST_S1_T040,KAPPA_HELDOUT_TEST_S1_T040_U10,2026-09-01T09:45:00.000000Z,20,14,9,0.6428571428571429
1,KAPPA_HELDOUT_TEST_S1_T041,KAPPA_HELDOUT_TEST_S1_T041_U01,2026-09-01T10:00:00.000000Z,108,9,2,0.2222222222222222
1,KAPPA_HELDOUT_TEST_S1_T041,KAPPA_HELDOUT_TEST_S1_T041_U02,2026-09-01T10:00:00.000000Z,93,10,5,0.5
1,KAPPA_HELDOUT_TEST_S1_T041,KAPPA_HELDOUT_TEST_S1_T041_U03,2026-09-01T10:00:00.000000Z,289,12,3,0.25
1,KAPPA_HELDOUT_TEST_S1_T041,KAPPA_HELDOUT_TEST_S1_T041_U04,2026-09-01T10:00:00.000000Z,137,10,7,0.7
1,KAPPA_HELDOUT_TEST_S1_T041,KAPPA_HELDOUT_TEST_S1_T041_U05,2026-09-01T10:00:00.000000Z,79,16,7,0.4375
1,KAPPA_HELDOUT_TEST_S1_T041,KAPPA_HELDOUT_TEST_S1_T041_U06,2026-09-01T10:00:00.000000Z,213,11,5,0.45454545454545453
1,KAPPA_HELDOUT_TEST_S1_T041,KAPPA_HELDOUT_TEST_S1_T041_U07,2026-09-01T10:00:00.000000Z,186,3,2,0.6666666666666666
1,KAPPA_HELDOUT_TEST_S1_T041,KAPPA_HELDOUT_TEST_S1_T041_U08,2026-09-01T10:00:00.000000Z,287,7,3,0.42857142857142855
1,KAPPA_HELDOUT_TEST_S1_T041,KAPPA_HELDOUT_TEST_S1_T041_U09,2026-09-01T10:00:00.000000Z,79,14,8,0.5714285714285714
1,KAPPA_HELDOUT_TEST_S1_T041,KAPPA_HELDOUT_TEST_S1_T041_U10,2026-09-01T10:00:00.000000Z,1,10,8,0.8
1,KAPPA_HELDOUT_TEST_S1_T042,KAPPA_HELDOUT_TEST_S1_T042_U01,2026-09-01T10:15:00.000000Z,14,10,5,0.5
1,KAPPA_HELDOUT_TEST_S1_T042,KAPPA_HELDOUT_TEST_S1_T042_U02,2026-09-01T10:15:00.000000Z,238,6,1,0.16666666666666666
1,KAPPA_HELDOUT_TEST_S1_T042,KAPPA_HELDOUT_TEST_S1_T042_U03,2026-09-01T10:15:00.000000Z,255,8,3,0.375
1,KAPPA_HELDOUT_TEST_S1_T042,KAPPA_HELDOUT_TEST_S1_T042_U04,2026-09-01T10:15:00.000000Z,223,10,7,0.7
1,KAPPA_HELDOUT_TEST_S1_T042,KAPPA_HELDOUT_TEST_S1_T042_U05,2026-09-01T10:15:00.000000Z,105,16,7,0.4375
1,KAPPA_HELDOUT_TEST_S1_T042,KAPPA_HELDOUT_TEST_S1_T042_U06,2026-09-01T10:15:00.000000Z,236,7,2,0.2857142857142857
1,KAPPA_HELDOUT_TEST_S1_T042,KAPPA_HELDOUT_TEST_S1_T042_U07,2026-09-01T10:15:00.000000Z,108,18,7,0.3888888888888889
1,KAPPA_HELDOUT_TEST_S1_T042,KAPPA_HELDOUT_TEST_S1_T042_U08,2026-09-01T10:15:00.000000Z,215,18,8,0.4444444444444444
1,KAPPA_HELDOUT_TEST_S1_T042,KAPPA_HELDOUT_TEST_S1_T042_U09,2026-09-01T10:15:00.000000Z,13,10,3,0.3
1,KAPPA_HELDOUT_TEST_S1_T042,KAPPA_HELDOUT_TEST_S1_T042_U10,2026-09-01T10:15:00.000000Z,25,11,4,0.36363636363636365
1,KAPPA_HELDOUT_TEST_S1_T043,KAPPA_HELDOUT_TEST_S1_T043_U01,2026-09-01T10:30:00.000000Z,69,7,3,0.42857142857142855
1,KAPPA_HELDOUT_TEST_S1_T043,KAPPA_HELDOUT_TEST_S1_T043_U02,2026-09-01T10:30:00.000000Z,193,10,6,0.6
1,KAPPA_HELDOUT_TEST_S1_T043,KAPPA_HELDOUT_TEST_S1_T043_U03,2026-09-01T10:30:00.000000Z,253,14,4,0.2857142857142857
1,KAPPA_HELDOUT_TEST_S1_T043,KAPPA_HELDOUT_TEST_S1_T043_U04,2026-09-01T10:30:00.000000Z,1,7,3,0.42857142857142855
1,KAPPA_HELDOUT_TEST_S1_T043,KAPPA_HELDOUT_TEST_S1_T043_U05,2026-09-01T10:30:00.000000Z,179,14,4,0.2857142857142857
1,KAPPA_HELDOUT_TEST_S1_T043,KAPPA_HELDOUT_TEST_S1_T043_U06,2026-09-01T10:30:00.000000Z,238,13,6,0.46153846153846156
1,KAPPA_HELDOUT_TEST_S1_T043,KAPPA_HELDOUT_TEST_S1_T043_U07,2026-09-01T10:30:00.000000Z,188,11,4,0.36363636363636365
1,KAPPA_HELDOUT_TEST_S1_T043,KAPPA_HELDOUT_TEST_S1_T043_U08,2026-09-01T10:30:00.000000Z,207,12,5,0.4166666666666667
1,KAPPA_HELDOUT_TEST_S1_T043,KAPPA_HELDOUT_TEST_S1_T043_U09,2026-09-01T10:30:00.000000Z,293,17,7,0.4117647058823529
1,KAPPA_HELDOUT_TEST_S1_T043,KAPPA_HELDOUT_TEST_S1_T043_U10,2026-09-01T10:30:00.000000Z,1,7,4,0.5714285714285714
1,KAPPA_HELDOUT_TEST_S1_T044,KAPPA_HELDOUT_TEST_S1_T044_U01,2026-09-01T10:45:00.000000Z,294,9,2,0.2222222222222222
1,KAPPA_HELDOUT_TEST_S1_T044,KAPPA_HELDOUT_TEST_S1_T044_U02,2026-09-01T10:45:00.000000Z,271,13,4,0.3076923076923077
1,KAPPA_HELDOUT_TEST_S1_T044,KAPPA_HELDOUT_TEST_S1_T044_U03,2026-09-01T10:45:00.000000Z,60,11,8,0.7272727272727273
1,KAPPA_HELDOUT_TEST_S1_T044,KAPPA_HELDOUT_TEST_S1_T044_U04,2026-09-01T10:45:00.000000Z,36,8,3,0.375
1,KAPPA_HELDOUT_TEST_S1_T044,KAPPA_HELDOUT_TEST_S1_T044_U05,2026-09-01T10:45:00.000000Z,38,11,5,0.45454545454545453
1,KAPPA_HELDOUT_TEST_S1_T044,KAPPA_HELDOUT_TEST_S1_T044_U06,2026-09-01T10:45:00.000000Z,275,11,2,0.18181818181818182
1,KAPPA_HELDOUT_TEST_S1_T044,KAPPA_HELDOUT_TEST_S1_T044_U07,2026-09-01T10:45:00.000000Z,97,10,6,0.6
1,KAPPA_HELDOUT_TEST_S1_T044,KAPPA_HELDOUT_TEST_S1_T044_U08,2026-09-01T10:45:00.000000Z,46,8,5,0.625
1,KAPPA_HELDOUT_TEST_S1_T044,KAPPA_HELDOUT_TEST_S1_T044_U09,2026-09-01T10:45:00.000000Z,184,10,3,0.3
1,KAPPA_HELDOUT_TEST_S1_T044,KAPPA_HELDOUT_TEST_S1_T044_U10,2026-09-01T10:45:00.000000Z,81,9,5,0.5555555555555556
1,KAPPA_HELDOUT_TEST_S1_T045,KAPPA_HELDOUT_TEST_S1_T045_U01,2026-09-01T11:00:00.000000Z,195,10,4,0.4
1,KAPPA_HELDOUT_TEST_S1_T045,KAPPA_HELDOUT_TEST_S1_T045_U02,2026-09-01T11:00:00.000000Z,172,11,4,0.36363636363636365
1,KAPPA_HELDOUT_TEST_S1_T045,KAPPA_HELDOUT_TEST_S1_T045_U03,2026-09-01T11:00:00.000000Z,235,11,6,0.5454545454545454
1,KAPPA_HELDOUT_TEST_S1_T045,KAPPA_HELDOUT_TEST_S1_T045_U04,2026-09-01T11:00:00.000000Z,317,14,7,0.5
1,KAPPA_HELDOUT_TEST_S1_T045,KAPPA_HELDOUT_TEST_S1_T045_U05,2026-09-01T11:00:00.000000Z,219,8,4,0.5
1,KAPPA_HELDOUT_TEST_S1_T045,KAPPA_HELDOUT_TEST_S1_T045_U06,2026-09-01T11:00:00.000000Z,124,12,5,0.4166666666666667
1,KAPPA_HELDOUT_TEST_S1_T045,KAPPA_HELDOUT_TEST_S1_T045_U07,2026-09-01T11:00:00.000000Z,127,10,7,0.7
1,KAPPA_HELDOUT_TEST_S1_T045,KAPPA_HELDOUT_TEST_S1_T045_U08,2026-09-01T11:00:00.000000Z,242,10,4,0.4
1,KAPPA_HELDOUT_TEST_S1_T045,KAPPA_HELDOUT_TEST_S1_T045_U09,2026-09-01T11:00:00.000000Z,2,12,10,0.8333333333333334
1,KAPPA_HELDOUT_TEST_S1_T045,KAPPA_HELDOUT_TEST_S1_T045_U10,2026-09-01T11:00:00.000000Z,265,7,2,0.2857142857142857
1,KAPPA_HELDOUT_TEST_S1_T046,KAPPA_HELDOUT_TEST_S1_T046_U01,2026-09-01T11:15:00.000000Z,93,12,8,0.6666666666666666
1,KAPPA_HELDOUT_TEST_S1_T046,KAPPA_HELDOUT_TEST_S1_T046_U02,2026-09-01T11:15:00.000000Z,300,12,3,0.25
1,KAPPA_HELDOUT_TEST_S1_T046,KAPPA_HELDOUT_TEST_S1_T046_U03,2026-09-01T11:15:00.000000Z,157,9,3,0.3333333333333333
1,KAPPA_HELDOUT_TEST_S1_T046,KAPPA_HELDOUT_TEST_S1_T046_U04,2026-09-01T11:15:00.000000Z,285,15,9,0.6
1,KAPPA_HELDOUT_TEST_S1_T046,KAPPA_HELDOUT_TEST_S1_T046_U05,2026-09-01T11:15:00.000000Z,133,12,7,0.5833333333333334
1,KAPPA_HELDOUT_TEST_S1_T046,KAPPA_HELDOUT_TEST_S1_T046_U06,2026-09-01T11:15:00.000000Z,10,13,8,0.6153846153846154
1,KAPPA_HELDOUT_TEST_S1_T046,KAPPA_HELDOUT_TEST_S1_T046_U07,2026-09-01T11:15:00.000000Z,250,12,9,0.75
1,KAPPA_HELDOUT_TEST_S1_T046,KAPPA_HELDOUT_TEST_S1_T046_U08,2026-09-01T11:15:00.000000Z,191,12,6,0.5
1,KAPPA_HELDOUT_TEST_S1_T046,KAPPA_HELDOUT_TEST_S1_T046_U09,2026-09-01T11:15:00.000000Z,253,9,8,0.8888888888888888
1,KAPPA_HELDOUT_TEST_S1_T046,KAPPA_HELDOUT_TEST_S1_T046_U10,2026-09-01T11:15:00.000000Z,312,13,5,0.38461538461538464
1,KAPPA_HELDOUT_TEST_S1_T047,KAPPA_HELDOUT_TEST_S1_T047_U01,2026-09-01T11:30:00.000000Z,250,15,9,0.6
1,KAPPA_HELDOUT_TEST_S1_T047,KAPPA_HELDOUT_TEST_S1_T047_U02,2026-09-01T11:30:00.000000Z,120,10,3,0.3
1,KAPPA_HELDOUT_TEST_S1_T047,KAPPA_HELDOUT_TEST_S1_T047_U03,2026-09-01T11:30:00.000000Z,26,15,8,0.5333333333333333
1,KAPPA_HELDOUT_TEST_S1_T047,KAPPA_HELDOUT_TEST_S1_T047_U04,2026-09-01T11:30:00.000000Z,131,8,1,0.125
1,KAPPA_HELDOUT_TEST_S1_T047,KAPPA_HELDOUT_TEST_S1_T047_U05,2026-09-01T11:30:00.000000Z,110,7,5,0.7142857142857143
1,KAPPA_HELDOUT_TEST_S1_T047,KAPPA_HELDOUT_TEST_S1_T047_U06,2026-09-01T11:30:00.000000Z,140,12,8,0.6666666666666666
1,KAPPA_HELDOUT_TEST_S1_T047,KAPPA_HELDOUT_TEST_S1_T047_U07,2026-09-01T11:30:00.000000Z,163,8,4,0.5
1,KAPPA_HELDOUT_TEST_S1_T047,KAPPA_HELDOUT_TEST_S1_T047_U08,2026-09-01T11:30:00.000000Z,150,8,5,0.625
1,KAPPA_HELDOUT_TEST_S1_T047,KAPPA_HELDOUT_TEST_S1_T047_U09,2026-09-01T11:30:00.000000Z,46,8,6,0.75
1,KAPPA_HELDOUT_TEST_S1_T047,KAPPA_HELDOUT_TEST_S1_T047_U10,2026-09-01T11:30:00.000000Z,77,12,5,0.4166666666666667
1,KAPPA_HELDOUT_TEST_S1_T048,KAPPA_HELDOUT_TEST_S1_T048_U01,2026-09-01T11:45:00.000000Z,297,8,5,0.625
1,KAPPA_HELDOUT_TEST_S1_T048,KAPPA_HELDOUT_TEST_S1_T048_U02,2026-09-01T11:45:00.000000Z,150,12,4,0.3333333333333333
1,KAPPA_HELDOUT_TEST_S1_T048,KAPPA_HELDOUT_TEST_S1_T048_U03,2026-09-01T11:45:00.000000Z,241,3,2,0.6666666666666666
1,KAPPA_HELDOUT_TEST_S1_T048,KAPPA_HELDOUT_TEST_S1_T048_U04,2026-09-01T11:45:00.000000Z,128,13,8,0.6153846153846154
1,KAPPA_HELDOUT_TEST_S1_T048,KAPPA_HELDOUT_TEST_S1_T048_U05,2026-09-01T11:45:00.000000Z,60,11,6,0.5454545454545454
1,KAPPA_HELDOUT_TEST_S1_T048,KAPPA_HELDOUT_TEST_S1_T048_U06,2026-09-01T11:45:00.000000Z,232,13,7,0.5384615384615384
1,KAPPA_HELDOUT_TEST_S1_T048,KAPPA_HELDOUT_TEST_S1_T048_U07,2026-09-01T11:45:00.000000Z,171,17,11,0.6470588235294118
1,KAPPA_HELDOUT_TEST_S1_T048,KAPPA_HELDOUT_TEST_S1_T048_U08,2026-09-01T11:45:00.000000Z,101,8,7,0.875
1,KAPPA_HELDOUT_TEST_S1_T048,KAPPA_HELDOUT_TEST_S1_T048_U09,2026-09-01T11:45:00.000000Z,60,7,3,0.42857142857142855
1,KAPPA_HELDOUT_TEST_S1_T048,KAPPA_HELDOUT_TEST_S1_T048_U10,2026-09-01T11:45:00.000000Z,248,13,8,0.6153846153846154
1,KAPPA_HELDOUT_TEST_S1_T049,KAPPA_HELDOUT_TEST_S1_T049_U01,2026-09-01T12:00:00.000000Z,185,10,6,0.6
1,KAPPA_HELDOUT_TEST_S1_T049,KAPPA_HELDOUT_TEST_S1_T049_U02,2026-09-01T12:00:00.000000Z,37,13,6,0.46153846153846156
1,KAPPA_HELDOUT_TEST_S1_T049,KAPPA_HELDOUT_TEST_S1_T049_U03,2026-09-01T12:00:00.000000Z,299,7,2,0.2857142857142857
1,KAPPA_HELDOUT_TEST_S1_T049,KAPPA_HELDOUT_TEST_S1_T049_U04,2026-09-01T12:00:00.000000Z,183,16,9,0.5625
1,KAPPA_HELDOUT_TEST_S1_T049,KAPPA_HELDOUT_TEST_S1_T049_U05,2026-09-01T12:00:00.000000Z,180,11,6,0.5454545454545454
1,KAPPA_HELDOUT_TEST_S1_T049,KAPPA_HELDOUT_TEST_S1_T049_U06,2026-09-01T12:00:00.000000Z,74,17,6,0.35294117647058826
1,KAPPA_HELDOUT_TEST_S1_T049,KAPPA_HELDOUT_TEST_S1_T049_U07,2026-09-01T12:00:00.000000Z,236,11,8,0.7272727272727273
1,KAPPA_HELDOUT_TEST_S1_T049,KAPPA_HELDOUT_TEST_S1_T049_U08,2026-09-01T12:00:00.000000Z,52,13,5,0.38461538461538464
1,KAPPA_HELDOUT_TEST_S1_T049,KAPPA_HELDOUT_TEST_S1_T049_U09,2026-09-01T12:00:00.000000Z,0,9,4,0.4444444444444444
1,KAPPA_HELDOUT_TEST_S1_T049,KAPPA_HELDOUT_TEST_S1_T049_U10,2026-09-01T12:00:00.000000Z,145,17,9,0.5294117647058824
1,KAPPA_HELDOUT_TEST_S1_T050,KAPPA_HELDOUT_TEST_S1_T050_U01,2026-09-01T12:15:00.000000Z,13,12,6,0.5
1,KAPPA_HELDOUT_TEST_S1_T050,KAPPA_HELDOUT_TEST_S1_T050_U02,2026-09-01T12:15:00.000000Z,228,14,7,0.5
1,KAPPA_HELDOUT_TEST_S1_T050,KAPPA_HELDOUT_TEST_S1_T050_U03,2026-09-01T12:15:00.000000Z,249,13,5,0.38461538461538464
1,KAPPA_HELDOUT_TEST_S1_T050,KAPPA_HELDOUT_TEST_S1_T050_U04,2026-09-01T12:15:00.000000Z,247,12,4,0.3333333333333333
1,KAPPA_HELDOUT_TEST_S1_T050,KAPPA_HELDOUT_TEST_S1_T050_U05,2026-09-01T12:15:00.000000Z,191,11,5,0.45454545454545453
1,KAPPA_HELDOUT_TEST_S1_T050,KAPPA_HELDOUT_TEST_S1_T050_U06,2026-09-01T12:15:00.000000Z,12,7,5,0.7142857142857143
1,KAPPA_HELDOUT_TEST_S1_T050,KAPPA_HELDOUT_TEST_S1_T050_U07,2026-09-01T12:15:00.000000Z,125,8,4,0.5
1,KAPPA_HELDOUT_TEST_S1_T050,KAPPA_HELDOUT_TEST_S1_T050_U08,2026-09-01T12:15:00.000000Z,54,11,6,0.5454545454545454
1,KAPPA_HELDOUT_TEST_S1_T050,KAPPA_HELDOUT_TEST_S1_T050_U09,2026-09-01T12:15:00.000000Z,84,10,6,0.6
1,KAPPA_HELDOUT_TEST_S1_T050,KAPPA_HELDOUT_TEST_S1_T050_U10,2026-09-01T12:15:00.000000Z,141,8,3,0.375
1,KAPPA_HELDOUT_TEST_S1_T051,KAPPA_HELDOUT_TEST_S1_T051_U01,2026-09-01T12:30:00.000000Z,16,7,4,0.5714285714285714
1,KAPPA_HELDOUT_TEST_S1_T051,KAPPA_HELDOUT_TEST_S1_T051_U02,2026-09-01T12:30:00.000000Z,307,7,5,0.7142857142857143
1,KAPPA_HELDOUT_TEST_S1_T051,KAPPA_HELDOUT_TEST_S1_T051_U03,2026-09-01T12:30:00.000000Z,218,13,9,0.6923076923076923
1,KAPPA_HELDOUT_TEST_S1_T051,KAPPA_HELDOUT_TEST_S1_T051_U04,2026-09-01T12:30:00.000000Z,66,17,8,0.47058823529411764
1,KAPPA_HELDOUT_TEST_S1_T051,KAPPA_HELDOUT_TEST_S1_T051_U05,2026-09-01T12:30:00.000000Z,47,11,4,0.36363636363636365
1,KAPPA_HELDOUT_TEST_S1_T051,KAPPA_HELDOUT_TEST_S1_T051_U06,2026-09-01T12:30:00.000000Z,57,20,13,0.65
1,KAPPA_HELDOUT_TEST_S1_T051,KAPPA_HELDOUT_TEST_S1_T051_U07,2026-09-01T12:30:00.000000Z,294,11,4,0.36363636363636365
1,KAPPA_HELDOUT_TEST_S1_T051,KAPPA_HELDOUT_TEST_S1_T051_U08,2026-09-01T12:30:00.000000Z,115,14,8,0.5714285714285714
1,KAPPA_HELDOUT_TEST_S1_T051,KAPPA_HELDOUT_TEST_S1_T051_U09,2026-09-01T12:30:00.000000Z,126,11,5,0.45454545454545453
1,KAPPA_HELDOUT_TEST_S1_T051,KAPPA_HELDOUT_TEST_S1_T051_U10,2026-09-01T12:30:00.000000Z,254,8,6,0.75
1,KAPPA_HELDOUT_TEST_S1_T052,KAPPA_HELDOUT_TEST_S1_T052_U01,2026-09-01T12:45:00.000000Z,85,13,7,0.5384615384615384
1,KAPPA_HELDOUT_TEST_S1_T052,KAPPA_HELDOUT_TEST_S1_T052_U02,2026-09-01T12:45:00.000000Z,183,9,2,0.2222222222222222
1,KAPPA_HELDOUT_TEST_S1_T052,KAPPA_HELDOUT_TEST_S1_T052_U03,2026-09-01T12:45:00.000000Z,20,8,6,0.75
1,KAPPA_HELDOUT_TEST_S1_T052,KAPPA_HELDOUT_TEST_S1_T052_U04,2026-09-01T12:45:00.000000Z,102,10,3,0.3
1,KAPPA_HELDOUT_TEST_S1_T052,KAPPA_HELDOUT_TEST_S1_T052_U05,2026-09-01T12:45:00.000000Z,227,13,4,0.3076923076923077
1,KAPPA_HELDOUT_TEST_S1_T052,KAPPA_HELDOUT_TEST_S1_T052_U06,2026-09-01T12:45:00.000000Z,305,8,4,0.5
1,KAPPA_HELDOUT_TEST_S1_T052,KAPPA_HELDOUT_TEST_S1_T052_U07,2026-09-01T12:45:00.000000Z,20,10,9,0.9
1,KAPPA_HELDOUT_TEST_S1_T052,KAPPA_HELDOUT_TEST_S1_T052_U08,2026-09-01T12:45:00.000000Z,85,6,5,0.8333333333333334
1,KAPPA_HELDOUT_TEST_S1_T052,KAPPA_HELDOUT_TEST_S1_T052_U09,2026-09-01T12:45:00.000000Z,166,10,5,0.5
1,KAPPA_HELDOUT_TEST_S1_T052,KAPPA_HELDOUT_TEST_S1_T052_U10,2026-09-01T12:45:00.000000Z,21,11,5,0.45454545454545453
1,KAPPA_HELDOUT_TEST_S1_T053,KAPPA_HELDOUT_TEST_S1_T053_U01,2026-09-01T13:00:00.000000Z,299,9,3,0.3333333333333333
1,KAPPA_HELDOUT_TEST_S1_T053,KAPPA_HELDOUT_TEST_S1_T053_U02,2026-09-01T13:00:00.000000Z,177,13,6,0.46153846153846156
1,KAPPA_HELDOUT_TEST_S1_T053,KAPPA_HELDOUT_TEST_S1_T053_U03,2026-09-01T13:00:00.000000Z,5,9,6,0.6666666666666666
1,KAPPA_HELDOUT_TEST_S1_T053,KAPPA_HELDOUT_TEST_S1_T053_U04,2026-09-01T13:00:00.000000Z,176,18,11,0.6111111111111112
1,KAPPA_HELDOUT_TEST_S1_T053,KAPPA_HELDOUT_TEST_S1_T053_U05,2026-09-01T13:00:00.000000Z,190,14,7,0.5
1,KAPPA_HELDOUT_TEST_S1_T053,KAPPA_HELDOUT_TEST_S1_T053_U06,2026-09-01T13:00:00.000000Z,145,14,9,0.6428571428571429
1,KAPPA_HELDOUT_TEST_S1_T053,KAPPA_HELDOUT_TEST_S1_T053_U07,2026-09-01T13:00:00.000000Z,300,7,4,0.5714285714285714
1,KAPPA_HELDOUT_TEST_S1_T053,KAPPA_HELDOUT_TEST_S1_T053_U08,2026-09-01T13:00:00.000000Z,102,13,9,0.6923076923076923
1,KAPPA_HELDOUT_TEST_S1_T053,KAPPA_HELDOUT_TEST_S1_T053_U09,2026-09-01T13:00:00.000000Z,261,12,4,0.3333333333333333
1,KAPPA_HELDOUT_TEST_S1_T053,KAPPA_HELDOUT_TEST_S1_T053_U10,2026-09-01T13:00:00.000000Z,104,12,4,0.3333333333333333
1,KAPPA_HELDOUT_TEST_S1_T054,KAPPA_HELDOUT_TEST_S1_T054_U01,2026-09-01T13:15:00.000000Z,246,5,3,0.6
1,KAPPA_HELDOUT_TEST_S1_T054,KAPPA_HELDOUT_TEST_S1_T054_U02,2026-09-01T13:15:00.000000Z,245,17,6,0.35294117647058826
1,KAPPA_HELDOUT_TEST_S1_T054,KAPPA_HELDOUT_TEST_S1_T054_U03,2026-09-01T13:15:00.000000Z,145,13,8,0.6153846153846154
1,KAPPA_HELDOUT_TEST_S1_T054,KAPPA_HELDOUT_TEST_S1_T054_U04,2026-09-01T13:15:00.000000Z,18,8,6,0.75
1,KAPPA_HELDOUT_TEST_S1_T054,KAPPA_HELDOUT_TEST_S1_T054_U05,2026-09-01T13:15:00.000000Z,19,12,10,0.8333333333333334
1,KAPPA_HELDOUT_TEST_S1_T054,KAPPA_HELDOUT_TEST_S1_T054_U06,2026-09-01T13:15:00.000000Z,19,12,5,0.4166666666666667
1,KAPPA_HELDOUT_TEST_S1_T054,KAPPA_HELDOUT_TEST_S1_T054_U07,2026-09-01T13:15:00.000000Z,206,10,5,0.5
1,KAPPA_HELDOUT_TEST_S1_T054,KAPPA_HELDOUT_TEST_S1_T054_U08,2026-09-01T13:15:00.000000Z,241,10,7,0.7
1,KAPPA_HELDOUT_TEST_S1_T054,KAPPA_HELDOUT_TEST_S1_T054_U09,2026-09-01T13:15:00.000000Z,3,6,2,0.3333333333333333
1,KAPPA_HELDOUT_TEST_S1_T054,KAPPA_HELDOUT_TEST_S1_T054_U10,2026-09-01T13:15:00.000000Z,53,7,3,0.42857142857142855
1,KAPPA_HELDOUT_TEST_S1_T055,KAPPA_HELDOUT_TEST_S1_T055_U01,2026-09-01T13:30:00.000000Z,107,12,6,0.5
1,KAPPA_HELDOUT_TEST_S1_T055,KAPPA_HELDOUT_TEST_S1_T055_U02,2026-09-01T13:30:00.000000Z,127,12,6,0.5
1,KAPPA_HELDOUT_TEST_S1_T055,KAPPA_HELDOUT_TEST_S1_T055_U03,2026-09-01T13:30:00.000000Z,103,10,6,0.6
1,KAPPA_HELDOUT_TEST_S1_T055,KAPPA_HELDOUT_TEST_S1_T055_U04,2026-09-01T13:30:00.000000Z,303,6,2,0.3333333333333333
1,KAPPA_HELDOUT_TEST_S1_T055,KAPPA_HELDOUT_TEST_S1_T055_U05,2026-09-01T13:30:00.000000Z,252,7,3,0.42857142857142855
1,KAPPA_HELDOUT_TEST_S1_T055,KAPPA_HELDOUT_TEST_S1_T055_U06,2026-09-01T13:30:00.000000Z,245,9,1,0.1111111111111111
1,KAPPA_HELDOUT_TEST_S1_T055,KAPPA_HELDOUT_TEST_S1_T055_U07,2026-09-01T13:30:00.000000Z,66,12,7,0.5833333333333334
1,KAPPA_HELDOUT_TEST_S1_T055,KAPPA_HELDOUT_TEST_S1_T055_U08,2026-09-01T13:30:00.000000Z,271,9,4,0.4444444444444444
1,KAPPA_HELDOUT_TEST_S1_T055,KAPPA_HELDOUT_TEST_S1_T055_U09,2026-09-01T13:30:00.000000Z,260,8,4,0.5
1,KAPPA_HELDOUT_TEST_S1_T055,KAPPA_HELDOUT_TEST_S1_T055_U10,2026-09-01T13:30:00.000000Z,117,12,9,0.75
1,KAPPA_HELDOUT_TEST_S1_T056,KAPPA_HELDOUT_TEST_S1_T056_U01,2026-09-01T13:45:00.000000Z,117,13,7,0.5384615384615384
1,KAPPA_HELDOUT_TEST_S1_T056,KAPPA_HELDOUT_TEST_S1_T056_U02,2026-09-01T13:45:00.000000Z,119,16,5,0.3125
1,KAPPA_HELDOUT_TEST_S1_T056,KAPPA_HELDOUT_TEST_S1_T056_U03,2026-09-01T13:45:00.000000Z,78,10,5,0.5
1,KAPPA_HELDOUT_TEST_S1_T056,KAPPA_HELDOUT_TEST_S1_T056_U04,2026-09-01T13:45:00.000000Z,61,15,6,0.4
1,KAPPA_HELDOUT_TEST_S1_T056,KAPPA_HELDOUT_TEST_S1_T056_U05,2026-09-01T13:45:00.000000Z,268,9,7,0.7777777777777778
1,KAPPA_HELDOUT_TEST_S1_T056,KAPPA_HELDOUT_TEST_S1_T056_U06,2026-09-01T13:45:00.000000Z,189,10,4,0.4
1,KAPPA_HELDOUT_TEST_S1_T056,KAPPA_HELDOUT_TEST_S1_T056_U07,2026-09-01T13:45:00.000000Z,285,19,11,0.5789473684210527
1,KAPPA_HELDOUT_TEST_S1_T056,KAPPA_HELDOUT_TEST_S1_T056_U08,2026-09-01T13:45:00.000000Z,289,18,9,0.5
1,KAPPA_HELDOUT_TEST_S1_T056,KAPPA_HELDOUT_TEST_S1_T056_U09,2026-09-01T13:45:00.000000Z,8,8,3,0.375
1,KAPPA_HELDOUT_TEST_S1_T056,KAPPA_HELDOUT_TEST_S1_T056_U10,2026-09-01T13:45:00.000000Z,48,16,7,0.4375
1,KAPPA_HELDOUT_TEST_S1_T057,KAPPA_HELDOUT_TEST_S1_T057_U01,2026-09-01T14:00:00.000000Z,27,8,3,0.375
1,KAPPA_HELDOUT_TEST_S1_T057,KAPPA_HELDOUT_TEST_S1_T057_U02,2026-09-01T14:00:00.000000Z,97,13,7,0.5384615384615384
1,KAPPA_HELDOUT_TEST_S1_T057,KAPPA_HELDOUT_TEST_S1_T057_U03,2026-09-01T14:00:00.000000Z,117,12,6,0.5
1,KAPPA_HELDOUT_TEST_S1_T057,KAPPA_HELDOUT_TEST_S1_T057_U04,2026-09-01T14:00:00.000000Z,139,7,4,0.5714285714285714
1,KAPPA_HELDOUT_TEST_S1_T057,KAPPA_HELDOUT_TEST_S1_T057_U05,2026-09-01T14:00:00.000000Z,40,10,5,0.5
1,KAPPA_HELDOUT_TEST_S1_T057,KAPPA_HELDOUT_TEST_S1_T057_U06,2026-09-01T14:00:00.000000Z,149,14,4,0.2857142857142857
1,KAPPA_HELDOUT_TEST_S1_T057,KAPPA_HELDOUT_TEST_S1_T057_U07,2026-09-01T14:00:00.000000Z,77,8,2,0.25
1,KAPPA_HELDOUT_TEST_S1_T057,KAPPA_HELDOUT_TEST_S1_T057_U08,2026-09-01T14:00:00.000000Z,190,8,3,0.375
1,KAPPA_HELDOUT_TEST_S1_T057,KAPPA_HELDOUT_TEST_S1_T057_U09,2026-09-01T14:00:00.000000Z,145,8,5,0.625
1,KAPPA_HELDOUT_TEST_S1_T057,KAPPA_HELDOUT_TEST_S1_T057_U10,2026-09-01T14:00:00.000000Z,148,12,9,0.75
1,KAPPA_HELDOUT_TEST_S1_T058,KAPPA_HELDOUT_TEST_S1_T058_U01,2026-09-01T14:15:00.000000Z,299,15,11,0.7333333333333333
1,KAPPA_HELDOUT_TEST_S1_T058,KAPPA_HELDOUT_TEST_S1_T058_U02,2026-09-01T14:15:00.000000Z,118,8,3,0.375
1,KAPPA_HELDOUT_TEST_S1_T058,KAPPA_HELDOUT_TEST_S1_T058_U03,2026-09-01T14:15:00.000000Z,275,15,4,0.26666666666666666
1,KAPPA_HELDOUT_TEST_S1_T058,KAPPA_HELDOUT_TEST_S1_T058_U04,2026-09-01T14:15:00.000000Z,259,15,2,0.13333333333333333
1,KAPPA_HELDOUT_TEST_S1_T058,KAPPA_HELDOUT_TEST_S1_T058_U05,2026-09-01T14:15:00.000000Z,151,14,4,0.2857142857142857
1,KAPPA_HELDOUT_TEST_S1_T058,KAPPA_HELDOUT_TEST_S1_T058_U06,2026-09-01T14:15:00.000000Z,313,16,7,0.4375
1,KAPPA_HELDOUT_TEST_S1_T058,KAPPA_HELDOUT_TEST_S1_T058_U07,2026-09-01T14:15:00.000000Z,25,11,2,0.18181818181818182
1,KAPPA_HELDOUT_TEST_S1_T058,KAPPA_HELDOUT_TEST_S1_T058_U08,2026-09-01T14:15:00.000000Z,117,7,4,0.5714285714285714
1,KAPPA_HELDOUT_TEST_S1_T058,KAPPA_HELDOUT_TEST_S1_T058_U09,2026-09-01T14:15:00.000000Z,152,8,3,0.375
1,KAPPA_HELDOUT_TEST_S1_T058,KAPPA_HELDOUT_TEST_S1_T058_U10,2026-09-01T14:15:00.000000Z,106,14,9,0.6428571428571429
1,KAPPA_HELDOUT_TEST_S1_T059,KAPPA_HELDOUT_TEST_S1_T059_U01,2026-09-01T14:30:00.000000Z,13,9,4,0.4444444444444444
1,KAPPA_HELDOUT_TEST_S1_T059,KAPPA_HELDOUT_TEST_S1_T059_U02,2026-09-01T14:30:00.000000Z,289,13,4,0.3076923076923077
1,KAPPA_HELDOUT_TEST_S1_T059,KAPPA_HELDOUT_TEST_S1_T059_U03,2026-09-01T14:30:00.000000Z,13,9,4,0.4444444444444444
1,KAPPA_HELDOUT_TEST_S1_T059,KAPPA_HELDOUT_TEST_S1_T059_U04,2026-09-01T14:30:00.000000Z,92,12,7,0.5833333333333334
1,KAPPA_HELDOUT_TEST_S1_T059,KAPPA_HELDOUT_TEST_S1_T059_U05,2026-09-01T14:30:00.000000Z,62,10,5,0.5
1,KAPPA_HELDOUT_TEST_S1_T059,KAPPA_HELDOUT_TEST_S1_T059_U06,2026-09-01T14:30:00.000000Z,123,9,6,0.6666666666666666
1,KAPPA_HELDOUT_TEST_S1_T059,KAPPA_HELDOUT_TEST_S1_T059_U07,2026-09-01T14:30:00.000000Z,266,11,5,0.45454545454545453
1,KAPPA_HELDOUT_TEST_S1_T059,KAPPA_HELDOUT_TEST_S1_T059_U08,2026-09-01T14:30:00.000000Z,94,11,4,0.36363636363636365
1,KAPPA_HELDOUT_TEST_S1_T059,KAPPA_HELDOUT_TEST_S1_T059_U09,2026-09-01T14:30:00.000000Z,262,12,6,0.5
1,KAPPA_HELDOUT_TEST_S1_T059,KAPPA_HELDOUT_TEST_S1_T059_U10,2026-09-01T14:30:00.000000Z,314,11,4,0.36363636363636365
1,KAPPA_HELDOUT_TEST_S1_T060,KAPPA_HELDOUT_TEST_S1_T060_U01,2026-09-01T14:45:00.000000Z,52,11,6,0.5454545454545454
1,KAPPA_HELDOUT_TEST_S1_T060,KAPPA_HELDOUT_TEST_S1_T060_U02,2026-09-01T14:45:00.000000Z,55,6,3,0.5
1,KAPPA_HELDOUT_TEST_S1_T060,KAPPA_HELDOUT_TEST_S1_T060_U03,2026-09-01T14:45:00.000000Z,71,10,6,0.6
1,KAPPA_HELDOUT_TEST_S1_T060,KAPPA_HELDOUT_TEST_S1_T060_U04,2026-09-01T14:45:00.000000Z,28,9,5,0.5555555555555556
1,KAPPA_HELDOUT_TEST_S1_T060,KAPPA_HELDOUT_TEST_S1_T060_U05,2026-09-01T14:45:00.000000Z,5,10,2,0.2
1,KAPPA_HELDOUT_TEST_S1_T060,KAPPA_HELDOUT_TEST_S1_T060_U06,2026-09-01T14:45:00.000000Z,5,10,7,0.7
1,KAPPA_HELDOUT_TEST_S1_T060,KAPPA_HELDOUT_TEST_S1_T060_U07,2026-09-01T14:45:00.000000Z,211,13,3,0.23076923076923078
1,KAPPA_HELDOUT_TEST_S1_T060,KAPPA_HELDOUT_TEST_S1_T060_U08,2026-09-01T14:45:00.000000Z,168,14,7,0.5
1,KAPPA_HELDOUT_TEST_S1_T060,KAPPA_HELDOUT_TEST_S1_T060_U09,2026-09-01T14:45:00.000000Z,28,9,4,0.4444444444444444
1,KAPPA_HELDOUT_TEST_S1_T060,KAPPA_HELDOUT_TEST_S1_T060_U10,2026-09-01T14:45:00.000000Z,186,13,8,0.6153846153846154
2,KAPPA_HELDOUT_TEST_S2_T001,KAPPA_HELDOUT_TEST_S2_T001_U01,2026-09-04T00:00:00.000000Z,117,15,10,0.6666666666666666
2,KAPPA_HELDOUT_TEST_S2_T001,KAPPA_HELDOUT_TEST_S2_T001_U02,2026-09-04T00:00:00.000000Z,83,7,1,0.14285714285714285
2,KAPPA_HELDOUT_TEST_S2_T001,KAPPA_HELDOUT_TEST_S2_T001_U03,2026-09-04T00:00:00.000000Z,171,17,11,0.6470588235294118
2,KAPPA_HELDOUT_TEST_S2_T001,KAPPA_HELDOUT_TEST_S2_T001_U04,2026-09-04T00:00:00.000000Z,239,16,10,0.625
2,KAPPA_HELDOUT_TEST_S2_T001,KAPPA_HELDOUT_TEST_S2_T001_U05,2026-09-04T00:00:00.000000Z,295,9,2,0.2222222222222222
2,KAPPA_HELDOUT_TEST_S2_T001,KAPPA_HELDOUT_TEST_S2_T001_U06,2026-09-04T00:00:00.000000Z,279,12,4,0.3333333333333333
2,KAPPA_HELDOUT_TEST_S2_T001,KAPPA_HELDOUT_TEST_S2_T001_U07,2026-09-04T00:00:00.000000Z,193,9,4,0.4444444444444444
2,KAPPA_HELDOUT_TEST_S2_T001,KAPPA_HELDOUT_TEST_S2_T001_U08,2026-09-04T00:00:00.000000Z,261,12,8,0.6666666666666666
2,KAPPA_HELDOUT_TEST_S2_T001,KAPPA_HELDOUT_TEST_S2_T001_U09,2026-09-04T00:00:00.000000Z,132,6,3,0.5
2,KAPPA_HELDOUT_TEST_S2_T001,KAPPA_HELDOUT_TEST_S2_T001_U10,2026-09-04T00:00:00.000000Z,251,9,4,0.4444444444444444
2,KAPPA_HELDOUT_TEST_S2_T002,KAPPA_HELDOUT_TEST_S2_T002_U01,2026-09-04T00:15:00.000000Z,235,7,2,0.2857142857142857
2,KAPPA_HELDOUT_TEST_S2_T002,KAPPA_HELDOUT_TEST_S2_T002_U02,2026-09-04T00:15:00.000000Z,197,13,4,0.3076923076923077
2,KAPPA_HELDOUT_TEST_S2_T002,KAPPA_HELDOUT_TEST_S2_T002_U03,2026-09-04T00:15:00.000000Z,278,12,8,0.6666666666666666
2,KAPPA_HELDOUT_TEST_S2_T002,KAPPA_HELDOUT_TEST_S2_T002_U04,2026-09-04T00:15:00.000000Z,99,12,6,0.5
2,KAPPA_HELDOUT_TEST_S2_T002,KAPPA_HELDOUT_TEST_S2_T002_U05,2026-09-04T00:15:00.000000Z,87,9,6,0.6666666666666666
2,KAPPA_HELDOUT_TEST_S2_T002,KAPPA_HELDOUT_TEST_S2_T002_U06,2026-09-04T00:15:00.000000Z,53,14,9,0.6428571428571429
2,KAPPA_HELDOUT_TEST_S2_T002,KAPPA_HELDOUT_TEST_S2_T002_U07,2026-09-04T00:15:00.000000Z,111,13,9,0.6923076923076923
2,KAPPA_HELDOUT_TEST_S2_T002,KAPPA_HELDOUT_TEST_S2_T002_U08,2026-09-04T00:15:00.000000Z,40,10,7,0.7
2,KAPPA_HELDOUT_TEST_S2_T002,KAPPA_HELDOUT_TEST_S2_T002_U09,2026-09-04T00:15:00.000000Z,292,14,8,0.5714285714285714
2,KAPPA_HELDOUT_TEST_S2_T002,KAPPA_HELDOUT_TEST_S2_T002_U10,2026-09-04T00:15:00.000000Z,37,13,7,0.5384615384615384
2,KAPPA_HELDOUT_TEST_S2_T003,KAPPA_HELDOUT_TEST_S2_T003_U01,2026-09-04T00:30:00.000000Z,253,12,6,0.5
2,KAPPA_HELDOUT_TEST_S2_T003,KAPPA_HELDOUT_TEST_S2_T003_U02,2026-09-04T00:30:00.000000Z,305,6,3,0.5
2,KAPPA_HELDOUT_TEST_S2_T003,KAPPA_HELDOUT_TEST_S2_T003_U03,2026-09-04T00:30:00.000000Z,47,10,6,0.6
2,KAPPA_HELDOUT_TEST_S2_T003,KAPPA_HELDOUT_TEST_S2_T003_U04,2026-09-04T00:30:00.000000Z,247,8,3,0.375
2,KAPPA_HELDOUT_TEST_S2_T003,KAPPA_HELDOUT_TEST_S2_T003_U05,2026-09-04T00:30:00.000000Z,312,9,3,0.3333333333333333
2,KAPPA_HELDOUT_TEST_S2_T003,KAPPA_HELDOUT_TEST_S2_T003_U06,2026-09-04T00:30:00.000000Z,248,8,3,0.375
2,KAPPA_HELDOUT_TEST_S2_T003,KAPPA_HELDOUT_TEST_S2_T003_U07,2026-09-04T00:30:00.000000Z,239,13,7,0.5384615384615384
2,KAPPA_HELDOUT_TEST_S2_T003,KAPPA_HELDOUT_TEST_S2_T003_U08,2026-09-04T00:30:00.000000Z,172,18,7,0.3888888888888889
2,KAPPA_HELDOUT_TEST_S2_T003,KAPPA_HELDOUT_TEST_S2_T003_U09,2026-09-04T00:30:00.000000Z,211,12,5,0.4166666666666667
2,KAPPA_HELDOUT_TEST_S2_T003,KAPPA_HELDOUT_TEST_S2_T003_U10,2026-09-04T00:30:00.000000Z,77,12,6,0.5
2,KAPPA_HELDOUT_TEST_S2_T004,KAPPA_HELDOUT_TEST_S2_T004_U01,2026-09-04T00:45:00.000000Z,267,13,6,0.46153846153846156
2,KAPPA_HELDOUT_TEST_S2_T004,KAPPA_HELDOUT_TEST_S2_T004_U02,2026-09-04T00:45:00.000000Z,6,13,5,0.38461538461538464
2,KAPPA_HELDOUT_TEST_S2_T004,KAPPA_HELDOUT_TEST_S2_T004_U03,2026-09-04T00:45:00.000000Z,174,12,7,0.5833333333333334
2,KAPPA_HELDOUT_TEST_S2_T004,KAPPA_HELDOUT_TEST_S2_T004_U04,2026-09-04T00:45:00.000000Z,70,6,1,0.16666666666666666
2,KAPPA_HELDOUT_TEST_S2_T004,KAPPA_HELDOUT_TEST_S2_T004_U05,2026-09-04T00:45:00.000000Z,109,10,4,0.4
2,KAPPA_HELDOUT_TEST_S2_T004,KAPPA_HELDOUT_TEST_S2_T004_U06,2026-09-04T00:45:00.000000Z,70,5,3,0.6
2,KAPPA_HELDOUT_TEST_S2_T004,KAPPA_HELDOUT_TEST_S2_T004_U07,2026-09-04T00:45:00.000000Z,188,10,4,0.4
2,KAPPA_HELDOUT_TEST_S2_T004,KAPPA_HELDOUT_TEST_S2_T004_U08,2026-09-04T00:45:00.000000Z,159,12,8,0.6666666666666666
2,KAPPA_HELDOUT_TEST_S2_T004,KAPPA_HELDOUT_TEST_S2_T004_U09,2026-09-04T00:45:00.000000Z,36,9,2,0.2222222222222222
2,KAPPA_HELDOUT_TEST_S2_T004,KAPPA_HELDOUT_TEST_S2_T004_U10,2026-09-04T00:45:00.000000Z,265,8,5,0.625
2,KAPPA_HELDOUT_TEST_S2_T005,KAPPA_HELDOUT_TEST_S2_T005_U01,2026-09-04T01:00:00.000000Z,86,7,3,0.42857142857142855
2,KAPPA_HELDOUT_TEST_S2_T005,KAPPA_HELDOUT_TEST_S2_T005_U02,2026-09-04T01:00:00.000000Z,119,7,3,0.42857142857142855
2,KAPPA_HELDOUT_TEST_S2_T005,KAPPA_HELDOUT_TEST_S2_T005_U03,2026-09-04T01:00:00.000000Z,149,15,10,0.6666666666666666
2,KAPPA_HELDOUT_TEST_S2_T005,KAPPA_HELDOUT_TEST_S2_T005_U04,2026-09-04T01:00:00.000000Z,110,11,7,0.6363636363636364
2,KAPPA_HELDOUT_TEST_S2_T005,KAPPA_HELDOUT_TEST_S2_T005_U05,2026-09-04T01:00:00.000000Z,49,6,3,0.5
2,KAPPA_HELDOUT_TEST_S2_T005,KAPPA_HELDOUT_TEST_S2_T005_U06,2026-09-04T01:00:00.000000Z,142,17,8,0.47058823529411764
2,KAPPA_HELDOUT_TEST_S2_T005,KAPPA_HELDOUT_TEST_S2_T005_U07,2026-09-04T01:00:00.000000Z,70,13,7,0.5384615384615384
2,KAPPA_HELDOUT_TEST_S2_T005,KAPPA_HELDOUT_TEST_S2_T005_U08,2026-09-04T01:00:00.000000Z,228,12,6,0.5
2,KAPPA_HELDOUT_TEST_S2_T005,KAPPA_HELDOUT_TEST_S2_T005_U09,2026-09-04T01:00:00.000000Z,201,14,8,0.5714285714285714
2,KAPPA_HELDOUT_TEST_S2_T005,KAPPA_HELDOUT_TEST_S2_T005_U10,2026-09-04T01:00:00.000000Z,318,11,5,0.45454545454545453
2,KAPPA_HELDOUT_TEST_S2_T006,KAPPA_HELDOUT_TEST_S2_T006_U01,2026-09-04T01:15:00.000000Z,281,10,5,0.5
2,KAPPA_HELDOUT_TEST_S2_T006,KAPPA_HELDOUT_TEST_S2_T006_U02,2026-09-04T01:15:00.000000Z,99,11,8,0.7272727272727273
2,KAPPA_HELDOUT_TEST_S2_T006,KAPPA_HELDOUT_TEST_S2_T006_U03,2026-09-04T01:15:00.000000Z,87,12,8,0.6666666666666666
2,KAPPA_HELDOUT_TEST_S2_T006,KAPPA_HELDOUT_TEST_S2_T006_U04,2026-09-04T01:15:00.000000Z,104,11,5,0.45454545454545453
2,KAPPA_HELDOUT_TEST_S2_T006,KAPPA_HELDOUT_TEST_S2_T006_U05,2026-09-04T01:15:00.000000Z,165,7,1,0.14285714285714285
2,KAPPA_HELDOUT_TEST_S2_T006,KAPPA_HELDOUT_TEST_S2_T006_U06,2026-09-04T01:15:00.000000Z,196,14,4,0.2857142857142857
2,KAPPA_HELDOUT_TEST_S2_T006,KAPPA_HELDOUT_TEST_S2_T006_U07,2026-09-04T01:15:00.000000Z,188,11,5,0.45454545454545453
2,KAPPA_HELDOUT_TEST_S2_T006,KAPPA_HELDOUT_TEST_S2_T006_U08,2026-09-04T01:15:00.000000Z,62,13,5,0.38461538461538464
2,KAPPA_HELDOUT_TEST_S2_T006,KAPPA_HELDOUT_TEST_S2_T006_U09,2026-09-04T01:15:00.000000Z,45,10,6,0.6
2,KAPPA_HELDOUT_TEST_S2_T006,KAPPA_HELDOUT_TEST_S2_T006_U10,2026-09-04T01:15:00.000000Z,21,5,3,0.6
2,KAPPA_HELDOUT_TEST_S2_T007,KAPPA_HELDOUT_TEST_S2_T007_U01,2026-09-04T01:30:00.000000Z,208,6,0,0
2,KAPPA_HELDOUT_TEST_S2_T007,KAPPA_HELDOUT_TEST_S2_T007_U02,2026-09-04T01:30:00.000000Z,90,9,3,0.3333333333333333
2,KAPPA_HELDOUT_TEST_S2_T007,KAPPA_HELDOUT_TEST_S2_T007_U03,2026-09-04T01:30:00.000000Z,285,14,7,0.5
2,KAPPA_HELDOUT_TEST_S2_T007,KAPPA_HELDOUT_TEST_S2_T007_U04,2026-09-04T01:30:00.000000Z,96,9,3,0.3333333333333333
2,KAPPA_HELDOUT_TEST_S2_T007,KAPPA_HELDOUT_TEST_S2_T007_U05,2026-09-04T01:30:00.000000Z,11,13,5,0.38461538461538464
2,KAPPA_HELDOUT_TEST_S2_T007,KAPPA_HELDOUT_TEST_S2_T007_U06,2026-09-04T01:30:00.000000Z,93,8,2,0.25
2,KAPPA_HELDOUT_TEST_S2_T007,KAPPA_HELDOUT_TEST_S2_T007_U07,2026-09-04T01:30:00.000000Z,77,6,4,0.6666666666666666
2,KAPPA_HELDOUT_TEST_S2_T007,KAPPA_HELDOUT_TEST_S2_T007_U08,2026-09-04T01:30:00.000000Z,300,10,5,0.5
2,KAPPA_HELDOUT_TEST_S2_T007,KAPPA_HELDOUT_TEST_S2_T007_U09,2026-09-04T01:30:00.000000Z,65,16,6,0.375
2,KAPPA_HELDOUT_TEST_S2_T007,KAPPA_HELDOUT_TEST_S2_T007_U10,2026-09-04T01:30:00.000000Z,231,13,5,0.38461538461538464
2,KAPPA_HELDOUT_TEST_S2_T008,KAPPA_HELDOUT_TEST_S2_T008_U01,2026-09-04T01:45:00.000000Z,88,11,5,0.45454545454545453
2,KAPPA_HELDOUT_TEST_S2_T008,KAPPA_HELDOUT_TEST_S2_T008_U02,2026-09-04T01:45:00.000000Z,303,9,4,0.4444444444444444
2,KAPPA_HELDOUT_TEST_S2_T008,KAPPA_HELDOUT_TEST_S2_T008_U03,2026-09-04T01:45:00.000000Z,147,15,8,0.5333333333333333
2,KAPPA_HELDOUT_TEST_S2_T008,KAPPA_HELDOUT_TEST_S2_T008_U04,2026-09-04T01:45:00.000000Z,301,8,4,0.5
2,KAPPA_HELDOUT_TEST_S2_T008,KAPPA_HELDOUT_TEST_S2_T008_U05,2026-09-04T01:45:00.000000Z,92,12,6,0.5
2,KAPPA_HELDOUT_TEST_S2_T008,KAPPA_HELDOUT_TEST_S2_T008_U06,2026-09-04T01:45:00.000000Z,38,9,6,0.6666666666666666
2,KAPPA_HELDOUT_TEST_S2_T008,KAPPA_HELDOUT_TEST_S2_T008_U07,2026-09-04T01:45:00.000000Z,183,13,6,0.46153846153846156
2,KAPPA_HELDOUT_TEST_S2_T008,KAPPA_HELDOUT_TEST_S2_T008_U08,2026-09-04T01:45:00.000000Z,253,5,3,0.6
2,KAPPA_HELDOUT_TEST_S2_T008,KAPPA_HELDOUT_TEST_S2_T008_U09,2026-09-04T01:45:00.000000Z,178,7,3,0.42857142857142855
2,KAPPA_HELDOUT_TEST_S2_T008,KAPPA_HELDOUT_TEST_S2_T008_U10,2026-09-04T01:45:00.000000Z,277,16,8,0.5
2,KAPPA_HELDOUT_TEST_S2_T009,KAPPA_HELDOUT_TEST_S2_T009_U01,2026-09-04T02:00:00.000000Z,42,5,4,0.8
2,KAPPA_HELDOUT_TEST_S2_T009,KAPPA_HELDOUT_TEST_S2_T009_U02,2026-09-04T02:00:00.000000Z,219,8,5,0.625
2,KAPPA_HELDOUT_TEST_S2_T009,KAPPA_HELDOUT_TEST_S2_T009_U03,2026-09-04T02:00:00.000000Z,72,9,4,0.4444444444444444
2,KAPPA_HELDOUT_TEST_S2_T009,KAPPA_HELDOUT_TEST_S2_T009_U04,2026-09-04T02:00:00.000000Z,70,8,2,0.25
2,KAPPA_HELDOUT_TEST_S2_T009,KAPPA_HELDOUT_TEST_S2_T009_U05,2026-09-04T02:00:00.000000Z,269,14,6,0.42857142857142855
2,KAPPA_HELDOUT_TEST_S2_T009,KAPPA_HELDOUT_TEST_S2_T009_U06,2026-09-04T02:00:00.000000Z,143,6,4,0.6666666666666666
2,KAPPA_HELDOUT_TEST_S2_T009,KAPPA_HELDOUT_TEST_S2_T009_U07,2026-09-04T02:00:00.000000Z,91,10,8,0.8
2,KAPPA_HELDOUT_TEST_S2_T009,KAPPA_HELDOUT_TEST_S2_T009_U08,2026-09-04T02:00:00.000000Z,122,13,7,0.5384615384615384
2,KAPPA_HELDOUT_TEST_S2_T009,KAPPA_HELDOUT_TEST_S2_T009_U09,2026-09-04T02:00:00.000000Z,271,5,3,0.6
2,KAPPA_HELDOUT_TEST_S2_T009,KAPPA_HELDOUT_TEST_S2_T009_U10,2026-09-04T02:00:00.000000Z,185,6,3,0.5
2,KAPPA_HELDOUT_TEST_S2_T010,KAPPA_HELDOUT_TEST_S2_T010_U01,2026-09-04T02:15:00.000000Z,60,10,4,0.4
2,KAPPA_HELDOUT_TEST_S2_T010,KAPPA_HELDOUT_TEST_S2_T010_U02,2026-09-04T02:15:00.000000Z,130,10,7,0.7
2,KAPPA_HELDOUT_TEST_S2_T010,KAPPA_HELDOUT_TEST_S2_T010_U03,2026-09-04T02:15:00.000000Z,281,10,6,0.6
2,KAPPA_HELDOUT_TEST_S2_T010,KAPPA_HELDOUT_TEST_S2_T010_U04,2026-09-04T02:15:00.000000Z,291,7,3,0.42857142857142855
2,KAPPA_HELDOUT_TEST_S2_T010,KAPPA_HELDOUT_TEST_S2_T010_U05,2026-09-04T02:15:00.000000Z,191,8,4,0.5
2,KAPPA_HELDOUT_TEST_S2_T010,KAPPA_HELDOUT_TEST_S2_T010_U06,2026-09-04T02:15:00.000000Z,314,9,3,0.3333333333333333
2,KAPPA_HELDOUT_TEST_S2_T010,KAPPA_HELDOUT_TEST_S2_T010_U07,2026-09-04T02:15:00.000000Z,64,11,6,0.5454545454545454
2,KAPPA_HELDOUT_TEST_S2_T010,KAPPA_HELDOUT_TEST_S2_T010_U08,2026-09-04T02:15:00.000000Z,297,15,3,0.2
2,KAPPA_HELDOUT_TEST_S2_T010,KAPPA_HELDOUT_TEST_S2_T010_U09,2026-09-04T02:15:00.000000Z,306,5,3,0.6
2,KAPPA_HELDOUT_TEST_S2_T010,KAPPA_HELDOUT_TEST_S2_T010_U10,2026-09-04T02:15:00.000000Z,66,12,4,0.3333333333333333
2,KAPPA_HELDOUT_TEST_S2_T011,KAPPA_HELDOUT_TEST_S2_T011_U01,2026-09-04T02:30:00.000000Z,220,12,6,0.5
2,KAPPA_HELDOUT_TEST_S2_T011,KAPPA_HELDOUT_TEST_S2_T011_U02,2026-09-04T02:30:00.000000Z,168,14,7,0.5
2,KAPPA_HELDOUT_TEST_S2_T011,KAPPA_HELDOUT_TEST_S2_T011_U03,2026-09-04T02:30:00.000000Z,155,11,5,0.45454545454545453
2,KAPPA_HELDOUT_TEST_S2_T011,KAPPA_HELDOUT_TEST_S2_T011_U04,2026-09-04T02:30:00.000000Z,145,10,5,0.5
2,KAPPA_HELDOUT_TEST_S2_T011,KAPPA_HELDOUT_TEST_S2_T011_U05,2026-09-04T02:30:00.000000Z,315,7,6,0.8571428571428571
2,KAPPA_HELDOUT_TEST_S2_T011,KAPPA_HELDOUT_TEST_S2_T011_U06,2026-09-04T02:30:00.000000Z,97,8,3,0.375
2,KAPPA_HELDOUT_TEST_S2_T011,KAPPA_HELDOUT_TEST_S2_T011_U07,2026-09-04T02:30:00.000000Z,184,9,5,0.5555555555555556
2,KAPPA_HELDOUT_TEST_S2_T011,KAPPA_HELDOUT_TEST_S2_T011_U08,2026-09-04T02:30:00.000000Z,285,15,6,0.4
2,KAPPA_HELDOUT_TEST_S2_T011,KAPPA_HELDOUT_TEST_S2_T011_U09,2026-09-04T02:30:00.000000Z,144,15,6,0.4
2,KAPPA_HELDOUT_TEST_S2_T011,KAPPA_HELDOUT_TEST_S2_T011_U10,2026-09-04T02:30:00.000000Z,62,15,10,0.6666666666666666
2,KAPPA_HELDOUT_TEST_S2_T012,KAPPA_HELDOUT_TEST_S2_T012_U01,2026-09-04T02:45:00.000000Z,155,11,4,0.36363636363636365
2,KAPPA_HELDOUT_TEST_S2_T012,KAPPA_HELDOUT_TEST_S2_T012_U02,2026-09-04T02:45:00.000000Z,5,11,8,0.7272727272727273
2,KAPPA_HELDOUT_TEST_S2_T012,KAPPA_HELDOUT_TEST_S2_T012_U03,2026-09-04T02:45:00.000000Z,312,13,6,0.46153846153846156
2,KAPPA_HELDOUT_TEST_S2_T012,KAPPA_HELDOUT_TEST_S2_T012_U04,2026-09-04T02:45:00.000000Z,226,6,4,0.6666666666666666
2,KAPPA_HELDOUT_TEST_S2_T012,KAPPA_HELDOUT_TEST_S2_T012_U05,2026-09-04T02:45:00.000000Z,145,16,9,0.5625
2,KAPPA_HELDOUT_TEST_S2_T012,KAPPA_HELDOUT_TEST_S2_T012_U06,2026-09-04T02:45:00.000000Z,188,12,8,0.6666666666666666
2,KAPPA_HELDOUT_TEST_S2_T012,KAPPA_HELDOUT_TEST_S2_T012_U07,2026-09-04T02:45:00.000000Z,0,9,4,0.4444444444444444
2,KAPPA_HELDOUT_TEST_S2_T012,KAPPA_HELDOUT_TEST_S2_T012_U08,2026-09-04T02:45:00.000000Z,117,5,2,0.4
2,KAPPA_HELDOUT_TEST_S2_T012,KAPPA_HELDOUT_TEST_S2_T012_U09,2026-09-04T02:45:00.000000Z,183,12,9,0.75
2,KAPPA_HELDOUT_TEST_S2_T012,KAPPA_HELDOUT_TEST_S2_T012_U10,2026-09-04T02:45:00.000000Z,318,6,4,0.6666666666666666
2,KAPPA_HELDOUT_TEST_S2_T013,KAPPA_HELDOUT_TEST_S2_T013_U01,2026-09-04T03:00:00.000000Z,52,13,5,0.38461538461538464
2,KAPPA_HELDOUT_TEST_S2_T013,KAPPA_HELDOUT_TEST_S2_T013_U02,2026-09-04T03:00:00.000000Z,137,9,3,0.3333333333333333
2,KAPPA_HELDOUT_TEST_S2_T013,KAPPA_HELDOUT_TEST_S2_T013_U03,2026-09-04T03:00:00.000000Z,105,8,4,0.5
2,KAPPA_HELDOUT_TEST_S2_T013,KAPPA_HELDOUT_TEST_S2_T013_U04,2026-09-04T03:00:00.000000Z,109,8,4,0.5
2,KAPPA_HELDOUT_TEST_S2_T013,KAPPA_HELDOUT_TEST_S2_T013_U05,2026-09-04T03:00:00.000000Z,13,8,6,0.75
2,KAPPA_HELDOUT_TEST_S2_T013,KAPPA_HELDOUT_TEST_S2_T013_U06,2026-09-04T03:00:00.000000Z,65,9,4,0.4444444444444444
2,KAPPA_HELDOUT_TEST_S2_T013,KAPPA_HELDOUT_TEST_S2_T013_U07,2026-09-04T03:00:00.000000Z,82,14,7,0.5
2,KAPPA_HELDOUT_TEST_S2_T013,KAPPA_HELDOUT_TEST_S2_T013_U08,2026-09-04T03:00:00.000000Z,42,9,5,0.5555555555555556
2,KAPPA_HELDOUT_TEST_S2_T013,KAPPA_HELDOUT_TEST_S2_T013_U09,2026-09-04T03:00:00.000000Z,117,7,4,0.5714285714285714
2,KAPPA_HELDOUT_TEST_S2_T013,KAPPA_HELDOUT_TEST_S2_T013_U10,2026-09-04T03:00:00.000000Z,50,11,3,0.2727272727272727
2,KAPPA_HELDOUT_TEST_S2_T014,KAPPA_HELDOUT_TEST_S2_T014_U01,2026-09-04T03:15:00.000000Z,305,14,7,0.5
2,KAPPA_HELDOUT_TEST_S2_T014,KAPPA_HELDOUT_TEST_S2_T014_U02,2026-09-04T03:15:00.000000Z,85,16,8,0.5
2,KAPPA_HELDOUT_TEST_S2_T014,KAPPA_HELDOUT_TEST_S2_T014_U03,2026-09-04T03:15:00.000000Z,128,4,4,1
2,KAPPA_HELDOUT_TEST_S2_T014,KAPPA_HELDOUT_TEST_S2_T014_U04,2026-09-04T03:15:00.000000Z,245,7,4,0.5714285714285714
2,KAPPA_HELDOUT_TEST_S2_T014,KAPPA_HELDOUT_TEST_S2_T014_U05,2026-09-04T03:15:00.000000Z,91,11,7,0.6363636363636364
2,KAPPA_HELDOUT_TEST_S2_T014,KAPPA_HELDOUT_TEST_S2_T014_U06,2026-09-04T03:15:00.000000Z,39,9,5,0.5555555555555556
2,KAPPA_HELDOUT_TEST_S2_T014,KAPPA_HELDOUT_TEST_S2_T014_U07,2026-09-04T03:15:00.000000Z,267,9,2,0.2222222222222222
2,KAPPA_HELDOUT_TEST_S2_T014,KAPPA_HELDOUT_TEST_S2_T014_U08,2026-09-04T03:15:00.000000Z,299,20,11,0.55
2,KAPPA_HELDOUT_TEST_S2_T014,KAPPA_HELDOUT_TEST_S2_T014_U09,2026-09-04T03:15:00.000000Z,285,10,3,0.3
2,KAPPA_HELDOUT_TEST_S2_T014,KAPPA_HELDOUT_TEST_S2_T014_U10,2026-09-04T03:15:00.000000Z,101,11,4,0.36363636363636365
2,KAPPA_HELDOUT_TEST_S2_T015,KAPPA_HELDOUT_TEST_S2_T015_U01,2026-09-04T03:30:00.000000Z,211,5,2,0.4
2,KAPPA_HELDOUT_TEST_S2_T015,KAPPA_HELDOUT_TEST_S2_T015_U02,2026-09-04T03:30:00.000000Z,28,13,4,0.3076923076923077
2,KAPPA_HELDOUT_TEST_S2_T015,KAPPA_HELDOUT_TEST_S2_T015_U03,2026-09-04T03:30:00.000000Z,235,7,1,0.14285714285714285
2,KAPPA_HELDOUT_TEST_S2_T015,KAPPA_HELDOUT_TEST_S2_T015_U04,2026-09-04T03:30:00.000000Z,61,11,4,0.36363636363636365
2,KAPPA_HELDOUT_TEST_S2_T015,KAPPA_HELDOUT_TEST_S2_T015_U05,2026-09-04T03:30:00.000000Z,78,13,6,0.46153846153846156
2,KAPPA_HELDOUT_TEST_S2_T015,KAPPA_HELDOUT_TEST_S2_T015_U06,2026-09-04T03:30:00.000000Z,65,14,10,0.7142857142857143
2,KAPPA_HELDOUT_TEST_S2_T015,KAPPA_HELDOUT_TEST_S2_T015_U07,2026-09-04T03:30:00.000000Z,87,13,6,0.46153846153846156
2,KAPPA_HELDOUT_TEST_S2_T015,KAPPA_HELDOUT_TEST_S2_T015_U08,2026-09-04T03:30:00.000000Z,310,7,1,0.14285714285714285
2,KAPPA_HELDOUT_TEST_S2_T015,KAPPA_HELDOUT_TEST_S2_T015_U09,2026-09-04T03:30:00.000000Z,118,13,7,0.5384615384615384
2,KAPPA_HELDOUT_TEST_S2_T015,KAPPA_HELDOUT_TEST_S2_T015_U10,2026-09-04T03:30:00.000000Z,230,11,7,0.6363636363636364
2,KAPPA_HELDOUT_TEST_S2_T016,KAPPA_HELDOUT_TEST_S2_T016_U01,2026-09-04T03:45:00.000000Z,195,6,2,0.3333333333333333
2,KAPPA_HELDOUT_TEST_S2_T016,KAPPA_HELDOUT_TEST_S2_T016_U02,2026-09-04T03:45:00.000000Z,292,14,6,0.42857142857142855
2,KAPPA_HELDOUT_TEST_S2_T016,KAPPA_HELDOUT_TEST_S2_T016_U03,2026-09-04T03:45:00.000000Z,57,14,8,0.5714285714285714
2,KAPPA_HELDOUT_TEST_S2_T016,KAPPA_HELDOUT_TEST_S2_T016_U04,2026-09-04T03:45:00.000000Z,144,15,5,0.3333333333333333
2,KAPPA_HELDOUT_TEST_S2_T016,KAPPA_HELDOUT_TEST_S2_T016_U05,2026-09-04T03:45:00.000000Z,42,12,3,0.25
2,KAPPA_HELDOUT_TEST_S2_T016,KAPPA_HELDOUT_TEST_S2_T016_U06,2026-09-04T03:45:00.000000Z,233,4,2,0.5
2,KAPPA_HELDOUT_TEST_S2_T016,KAPPA_HELDOUT_TEST_S2_T016_U07,2026-09-04T03:45:00.000000Z,116,8,4,0.5
2,KAPPA_HELDOUT_TEST_S2_T016,KAPPA_HELDOUT_TEST_S2_T016_U08,2026-09-04T03:45:00.000000Z,312,7,2,0.2857142857142857
2,KAPPA_HELDOUT_TEST_S2_T016,KAPPA_HELDOUT_TEST_S2_T016_U09,2026-09-04T03:45:00.000000Z,237,10,5,0.5
2,KAPPA_HELDOUT_TEST_S2_T016,KAPPA_HELDOUT_TEST_S2_T016_U10,2026-09-04T03:45:00.000000Z,294,18,7,0.3888888888888889
2,KAPPA_HELDOUT_TEST_S2_T017,KAPPA_HELDOUT_TEST_S2_T017_U01,2026-09-04T04:00:00.000000Z,64,10,8,0.8
2,KAPPA_HELDOUT_TEST_S2_T017,KAPPA_HELDOUT_TEST_S2_T017_U02,2026-09-04T04:00:00.000000Z,39,9,5,0.5555555555555556
2,KAPPA_HELDOUT_TEST_S2_T017,KAPPA_HELDOUT_TEST_S2_T017_U03,2026-09-04T04:00:00.000000Z,45,16,9,0.5625
2,KAPPA_HELDOUT_TEST_S2_T017,KAPPA_HELDOUT_TEST_S2_T017_U04,2026-09-04T04:00:00.000000Z,96,7,5,0.7142857142857143
2,KAPPA_HELDOUT_TEST_S2_T017,KAPPA_HELDOUT_TEST_S2_T017_U05,2026-09-04T04:00:00.000000Z,285,13,6,0.46153846153846156
2,KAPPA_HELDOUT_TEST_S2_T017,KAPPA_HELDOUT_TEST_S2_T017_U06,2026-09-04T04:00:00.000000Z,64,7,3,0.42857142857142855
2,KAPPA_HELDOUT_TEST_S2_T017,KAPPA_HELDOUT_TEST_S2_T017_U07,2026-09-04T04:00:00.000000Z,35,5,1,0.2
2,KAPPA_HELDOUT_TEST_S2_T017,KAPPA_HELDOUT_TEST_S2_T017_U08,2026-09-04T04:00:00.000000Z,242,11,4,0.36363636363636365
2,KAPPA_HELDOUT_TEST_S2_T017,KAPPA_HELDOUT_TEST_S2_T017_U09,2026-09-04T04:00:00.000000Z,122,6,4,0.6666666666666666
2,KAPPA_HELDOUT_TEST_S2_T017,KAPPA_HELDOUT_TEST_S2_T017_U10,2026-09-04T04:00:00.000000Z,148,12,9,0.75
2,KAPPA_HELDOUT_TEST_S2_T018,KAPPA_HELDOUT_TEST_S2_T018_U01,2026-09-04T04:15:00.000000Z,2,14,7,0.5
2,KAPPA_HELDOUT_TEST_S2_T018,KAPPA_HELDOUT_TEST_S2_T018_U02,2026-09-04T04:15:00.000000Z,98,8,1,0.125
2,KAPPA_HELDOUT_TEST_S2_T018,KAPPA_HELDOUT_TEST_S2_T018_U03,2026-09-04T04:15:00.000000Z,57,11,8,0.7272727272727273
2,KAPPA_HELDOUT_TEST_S2_T018,KAPPA_HELDOUT_TEST_S2_T018_U04,2026-09-04T04:15:00.000000Z,68,10,5,0.5
2,KAPPA_HELDOUT_TEST_S2_T018,KAPPA_HELDOUT_TEST_S2_T018_U05,2026-09-04T04:15:00.000000Z,209,7,2,0.2857142857142857
2,KAPPA_HELDOUT_TEST_S2_T018,KAPPA_HELDOUT_TEST_S2_T018_U06,2026-09-04T04:15:00.000000Z,182,9,5,0.5555555555555556
2,KAPPA_HELDOUT_TEST_S2_T018,KAPPA_HELDOUT_TEST_S2_T018_U07,2026-09-04T04:15:00.000000Z,78,12,3,0.25
2,KAPPA_HELDOUT_TEST_S2_T018,KAPPA_HELDOUT_TEST_S2_T018_U08,2026-09-04T04:15:00.000000Z,265,13,4,0.3076923076923077
2,KAPPA_HELDOUT_TEST_S2_T018,KAPPA_HELDOUT_TEST_S2_T018_U09,2026-09-04T04:15:00.000000Z,217,13,3,0.23076923076923078
2,KAPPA_HELDOUT_TEST_S2_T018,KAPPA_HELDOUT_TEST_S2_T018_U10,2026-09-04T04:15:00.000000Z,121,11,4,0.36363636363636365
2,KAPPA_HELDOUT_TEST_S2_T019,KAPPA_HELDOUT_TEST_S2_T019_U01,2026-09-04T04:30:00.000000Z,77,8,4,0.5
2,KAPPA_HELDOUT_TEST_S2_T019,KAPPA_HELDOUT_TEST_S2_T019_U02,2026-09-04T04:30:00.000000Z,84,11,7,0.6363636363636364
2,KAPPA_HELDOUT_TEST_S2_T019,KAPPA_HELDOUT_TEST_S2_T019_U03,2026-09-04T04:30:00.000000Z,199,10,5,0.5
2,KAPPA_HELDOUT_TEST_S2_T019,KAPPA_HELDOUT_TEST_S2_T019_U04,2026-09-04T04:30:00.000000Z,222,14,10,0.7142857142857143
2,KAPPA_HELDOUT_TEST_S2_T019,KAPPA_HELDOUT_TEST_S2_T019_U05,2026-09-04T04:30:00.000000Z,129,14,7,0.5
2,KAPPA_HELDOUT_TEST_S2_T019,KAPPA_HELDOUT_TEST_S2_T019_U06,2026-09-04T04:30:00.000000Z,133,10,6,0.6
2,KAPPA_HELDOUT_TEST_S2_T019,KAPPA_HELDOUT_TEST_S2_T019_U07,2026-09-04T04:30:00.000000Z,193,14,11,0.7857142857142857
2,KAPPA_HELDOUT_TEST_S2_T019,KAPPA_HELDOUT_TEST_S2_T019_U08,2026-09-04T04:30:00.000000Z,43,19,9,0.47368421052631576
2,KAPPA_HELDOUT_TEST_S2_T019,KAPPA_HELDOUT_TEST_S2_T019_U09,2026-09-04T04:30:00.000000Z,89,9,5,0.5555555555555556
2,KAPPA_HELDOUT_TEST_S2_T019,KAPPA_HELDOUT_TEST_S2_T019_U10,2026-09-04T04:30:00.000000Z,209,5,3,0.6
2,KAPPA_HELDOUT_TEST_S2_T020,KAPPA_HELDOUT_TEST_S2_T020_U01,2026-09-04T04:45:00.000000Z,175,10,7,0.7
2,KAPPA_HELDOUT_TEST_S2_T020,KAPPA_HELDOUT_TEST_S2_T020_U02,2026-09-04T04:45:00.000000Z,320,5,3,0.6
2,KAPPA_HELDOUT_TEST_S2_T020,KAPPA_HELDOUT_TEST_S2_T020_U03,2026-09-04T04:45:00.000000Z,262,13,10,0.7692307692307693
2,KAPPA_HELDOUT_TEST_S2_T020,KAPPA_HELDOUT_TEST_S2_T020_U04,2026-09-04T04:45:00.000000Z,205,4,2,0.5
2,KAPPA_HELDOUT_TEST_S2_T020,KAPPA_HELDOUT_TEST_S2_T020_U05,2026-09-04T04:45:00.000000Z,278,14,10,0.7142857142857143
2,KAPPA_HELDOUT_TEST_S2_T020,KAPPA_HELDOUT_TEST_S2_T020_U06,2026-09-04T04:45:00.000000Z,317,13,7,0.5384615384615384
2,KAPPA_HELDOUT_TEST_S2_T020,KAPPA_HELDOUT_TEST_S2_T020_U07,2026-09-04T04:45:00.000000Z,252,15,9,0.6
2,KAPPA_HELDOUT_TEST_S2_T020,KAPPA_HELDOUT_TEST_S2_T020_U08,2026-09-04T04:45:00.000000Z,62,10,6,0.6
2,KAPPA_HELDOUT_TEST_S2_T020,KAPPA_HELDOUT_TEST_S2_T020_U09,2026-09-04T04:45:00.000000Z,171,10,8,0.8
2,KAPPA_HELDOUT_TEST_S2_T020,KAPPA_HELDOUT_TEST_S2_T020_U10,2026-09-04T04:45:00.000000Z,256,11,8,0.7272727272727273
2,KAPPA_HELDOUT_TEST_S2_T021,KAPPA_HELDOUT_TEST_S2_T021_U01,2026-09-04T05:00:00.000000Z,250,6,2,0.3333333333333333
2,KAPPA_HELDOUT_TEST_S2_T021,KAPPA_HELDOUT_TEST_S2_T021_U02,2026-09-04T05:00:00.000000Z,24,10,6,0.6
2,KAPPA_HELDOUT_TEST_S2_T021,KAPPA_HELDOUT_TEST_S2_T021_U03,2026-09-04T05:00:00.000000Z,133,11,6,0.5454545454545454
2,KAPPA_HELDOUT_TEST_S2_T021,KAPPA_HELDOUT_TEST_S2_T021_U04,2026-09-04T05:00:00.000000Z,91,8,4,0.5
2,KAPPA_HELDOUT_TEST_S2_T021,KAPPA_HELDOUT_TEST_S2_T021_U05,2026-09-04T05:00:00.000000Z,262,7,3,0.42857142857142855
2,KAPPA_HELDOUT_TEST_S2_T021,KAPPA_HELDOUT_TEST_S2_T021_U06,2026-09-04T05:00:00.000000Z,273,10,4,0.4
2,KAPPA_HELDOUT_TEST_S2_T021,KAPPA_HELDOUT_TEST_S2_T021_U07,2026-09-04T05:00:00.000000Z,106,12,4,0.3333333333333333
2,KAPPA_HELDOUT_TEST_S2_T021,KAPPA_HELDOUT_TEST_S2_T021_U08,2026-09-04T05:00:00.000000Z,306,12,6,0.5
2,KAPPA_HELDOUT_TEST_S2_T021,KAPPA_HELDOUT_TEST_S2_T021_U09,2026-09-04T05:00:00.000000Z,72,13,8,0.6153846153846154
2,KAPPA_HELDOUT_TEST_S2_T021,KAPPA_HELDOUT_TEST_S2_T021_U10,2026-09-04T05:00:00.000000Z,201,11,4,0.36363636363636365
2,KAPPA_HELDOUT_TEST_S2_T022,KAPPA_HELDOUT_TEST_S2_T022_U01,2026-09-04T05:15:00.000000Z,161,15,11,0.7333333333333333
2,KAPPA_HELDOUT_TEST_S2_T022,KAPPA_HELDOUT_TEST_S2_T022_U02,2026-09-04T05:15:00.000000Z,55,9,5,0.5555555555555556
2,KAPPA_HELDOUT_TEST_S2_T022,KAPPA_HELDOUT_TEST_S2_T022_U03,2026-09-04T05:15:00.000000Z,214,15,8,0.5333333333333333
2,KAPPA_HELDOUT_TEST_S2_T022,KAPPA_HELDOUT_TEST_S2_T022_U04,2026-09-04T05:15:00.000000Z,171,17,5,0.29411764705882354
2,KAPPA_HELDOUT_TEST_S2_T022,KAPPA_HELDOUT_TEST_S2_T022_U05,2026-09-04T05:15:00.000000Z,140,12,4,0.3333333333333333
2,KAPPA_HELDOUT_TEST_S2_T022,KAPPA_HELDOUT_TEST_S2_T022_U06,2026-09-04T05:15:00.000000Z,6,18,8,0.4444444444444444
2,KAPPA_HELDOUT_TEST_S2_T022,KAPPA_HELDOUT_TEST_S2_T022_U07,2026-09-04T05:15:00.000000Z,240,12,6,0.5
2,KAPPA_HELDOUT_TEST_S2_T022,KAPPA_HELDOUT_TEST_S2_T022_U08,2026-09-04T05:15:00.000000Z,109,11,3,0.2727272727272727
2,KAPPA_HELDOUT_TEST_S2_T022,KAPPA_HELDOUT_TEST_S2_T022_U09,2026-09-04T05:15:00.000000Z,135,10,6,0.6
2,KAPPA_HELDOUT_TEST_S2_T022,KAPPA_HELDOUT_TEST_S2_T022_U10,2026-09-04T05:15:00.000000Z,234,9,6,0.6666666666666666
2,KAPPA_HELDOUT_TEST_S2_T023,KAPPA_HELDOUT_TEST_S2_T023_U01,2026-09-04T05:30:00.000000Z,15,10,5,0.5
2,KAPPA_HELDOUT_TEST_S2_T023,KAPPA_HELDOUT_TEST_S2_T023_U02,2026-09-04T05:30:00.000000Z,312,8,4,0.5
2,KAPPA_HELDOUT_TEST_S2_T023,KAPPA_HELDOUT_TEST_S2_T023_U03,2026-09-04T05:30:00.000000Z,138,13,5,0.38461538461538464
2,KAPPA_HELDOUT_TEST_S2_T023,KAPPA_HELDOUT_TEST_S2_T023_U04,2026-09-04T05:30:00.000000Z,228,7,5,0.7142857142857143
2,KAPPA_HELDOUT_TEST_S2_T023,KAPPA_HELDOUT_TEST_S2_T023_U05,2026-09-04T05:30:00.000000Z,20,23,15,0.6521739130434783
2,KAPPA_HELDOUT_TEST_S2_T023,KAPPA_HELDOUT_TEST_S2_T023_U06,2026-09-04T05:30:00.000000Z,219,7,4,0.5714285714285714
2,KAPPA_HELDOUT_TEST_S2_T023,KAPPA_HELDOUT_TEST_S2_T023_U07,2026-09-04T05:30:00.000000Z,153,8,4,0.5
2,KAPPA_HELDOUT_TEST_S2_T023,KAPPA_HELDOUT_TEST_S2_T023_U08,2026-09-04T05:30:00.000000Z,79,8,6,0.75
2,KAPPA_HELDOUT_TEST_S2_T023,KAPPA_HELDOUT_TEST_S2_T023_U09,2026-09-04T05:30:00.000000Z,282,16,8,0.5
2,KAPPA_HELDOUT_TEST_S2_T023,KAPPA_HELDOUT_TEST_S2_T023_U10,2026-09-04T05:30:00.000000Z,90,16,12,0.75
2,KAPPA_HELDOUT_TEST_S2_T024,KAPPA_HELDOUT_TEST_S2_T024_U01,2026-09-04T05:45:00.000000Z,170,8,4,0.5
2,KAPPA_HELDOUT_TEST_S2_T024,KAPPA_HELDOUT_TEST_S2_T024_U02,2026-09-04T05:45:00.000000Z,261,5,3,0.6
2,KAPPA_HELDOUT_TEST_S2_T024,KAPPA_HELDOUT_TEST_S2_T024_U03,2026-09-04T05:45:00.000000Z,318,12,6,0.5
2,KAPPA_HELDOUT_TEST_S2_T024,KAPPA_HELDOUT_TEST_S2_T024_U04,2026-09-04T05:45:00.000000Z,70,6,2,0.3333333333333333
2,KAPPA_HELDOUT_TEST_S2_T024,KAPPA_HELDOUT_TEST_S2_T024_U05,2026-09-04T05:45:00.000000Z,77,13,7,0.5384615384615384
2,KAPPA_HELDOUT_TEST_S2_T024,KAPPA_HELDOUT_TEST_S2_T024_U06,2026-09-04T05:45:00.000000Z,299,6,1,0.16666666666666666
2,KAPPA_HELDOUT_TEST_S2_T024,KAPPA_HELDOUT_TEST_S2_T024_U07,2026-09-04T05:45:00.000000Z,13,9,3,0.3333333333333333
2,KAPPA_HELDOUT_TEST_S2_T024,KAPPA_HELDOUT_TEST_S2_T024_U08,2026-09-04T05:45:00.000000Z,55,15,10,0.6666666666666666
2,KAPPA_HELDOUT_TEST_S2_T024,KAPPA_HELDOUT_TEST_S2_T024_U09,2026-09-04T05:45:00.000000Z,106,7,4,0.5714285714285714
2,KAPPA_HELDOUT_TEST_S2_T024,KAPPA_HELDOUT_TEST_S2_T024_U10,2026-09-04T05:45:00.000000Z,292,14,5,0.35714285714285715
2,KAPPA_HELDOUT_TEST_S2_T025,KAPPA_HELDOUT_TEST_S2_T025_U01,2026-09-04T06:00:00.000000Z,275,10,3,0.3
2,KAPPA_HELDOUT_TEST_S2_T025,KAPPA_HELDOUT_TEST_S2_T025_U02,2026-09-04T06:00:00.000000Z,20,9,4,0.4444444444444444
2,KAPPA_HELDOUT_TEST_S2_T025,KAPPA_HELDOUT_TEST_S2_T025_U03,2026-09-04T06:00:00.000000Z,70,12,6,0.5
2,KAPPA_HELDOUT_TEST_S2_T025,KAPPA_HELDOUT_TEST_S2_T025_U04,2026-09-04T06:00:00.000000Z,288,12,4,0.3333333333333333
2,KAPPA_HELDOUT_TEST_S2_T025,KAPPA_HELDOUT_TEST_S2_T025_U05,2026-09-04T06:00:00.000000Z,153,7,4,0.5714285714285714
2,KAPPA_HELDOUT_TEST_S2_T025,KAPPA_HELDOUT_TEST_S2_T025_U06,2026-09-04T06:00:00.000000Z,251,7,5,0.7142857142857143
2,KAPPA_HELDOUT_TEST_S2_T025,KAPPA_HELDOUT_TEST_S2_T025_U07,2026-09-04T06:00:00.000000Z,176,9,3,0.3333333333333333
2,KAPPA_HELDOUT_TEST_S2_T025,KAPPA_HELDOUT_TEST_S2_T025_U08,2026-09-04T06:00:00.000000Z,67,8,3,0.375
2,KAPPA_HELDOUT_TEST_S2_T025,KAPPA_HELDOUT_TEST_S2_T025_U09,2026-09-04T06:00:00.000000Z,227,11,8,0.7272727272727273
2,KAPPA_HELDOUT_TEST_S2_T025,KAPPA_HELDOUT_TEST_S2_T025_U10,2026-09-04T06:00:00.000000Z,23,8,8,1
2,KAPPA_HELDOUT_TEST_S2_T026,KAPPA_HELDOUT_TEST_S2_T026_U01,2026-09-04T06:15:00.000000Z,17,7,3,0.42857142857142855
2,KAPPA_HELDOUT_TEST_S2_T026,KAPPA_HELDOUT_TEST_S2_T026_U02,2026-09-04T06:15:00.000000Z,212,7,2,0.2857142857142857
2,KAPPA_HELDOUT_TEST_S2_T026,KAPPA_HELDOUT_TEST_S2_T026_U03,2026-09-04T06:15:00.000000Z,164,11,4,0.36363636363636365
2,KAPPA_HELDOUT_TEST_S2_T026,KAPPA_HELDOUT_TEST_S2_T026_U04,2026-09-04T06:15:00.000000Z,70,10,7,0.7
2,KAPPA_HELDOUT_TEST_S2_T026,KAPPA_HELDOUT_TEST_S2_T026_U05,2026-09-04T06:15:00.000000Z,56,10,4,0.4
2,KAPPA_HELDOUT_TEST_S2_T026,KAPPA_HELDOUT_TEST_S2_T026_U06,2026-09-04T06:15:00.000000Z,191,13,7,0.5384615384615384
2,KAPPA_HELDOUT_TEST_S2_T026,KAPPA_HELDOUT_TEST_S2_T026_U07,2026-09-04T06:15:00.000000Z,301,9,6,0.6666666666666666
2,KAPPA_HELDOUT_TEST_S2_T026,KAPPA_HELDOUT_TEST_S2_T026_U08,2026-09-04T06:15:00.000000Z,118,9,2,0.2222222222222222
2,KAPPA_HELDOUT_TEST_S2_T026,KAPPA_HELDOUT_TEST_S2_T026_U09,2026-09-04T06:15:00.000000Z,208,5,3,0.6
2,KAPPA_HELDOUT_TEST_S2_T026,KAPPA_HELDOUT_TEST_S2_T026_U10,2026-09-04T06:15:00.000000Z,145,12,7,0.5833333333333334
2,KAPPA_HELDOUT_TEST_S2_T027,KAPPA_HELDOUT_TEST_S2_T027_U01,2026-09-04T06:30:00.000000Z,165,13,6,0.46153846153846156
2,KAPPA_HELDOUT_TEST_S2_T027,KAPPA_HELDOUT_TEST_S2_T027_U02,2026-09-04T06:30:00.000000Z,49,7,4,0.5714285714285714
2,KAPPA_HELDOUT_TEST_S2_T027,KAPPA_HELDOUT_TEST_S2_T027_U03,2026-09-04T06:30:00.000000Z,162,12,6,0.5
2,KAPPA_HELDOUT_TEST_S2_T027,KAPPA_HELDOUT_TEST_S2_T027_U04,2026-09-04T06:30:00.000000Z,64,10,6,0.6
2,KAPPA_HELDOUT_TEST_S2_T027,KAPPA_HELDOUT_TEST_S2_T027_U05,2026-09-04T06:30:00.000000Z,315,9,5,0.5555555555555556
2,KAPPA_HELDOUT_TEST_S2_T027,KAPPA_HELDOUT_TEST_S2_T027_U06,2026-09-04T06:30:00.000000Z,159,16,10,0.625
2,KAPPA_HELDOUT_TEST_S2_T027,KAPPA_HELDOUT_TEST_S2_T027_U07,2026-09-04T06:30:00.000000Z,134,6,3,0.5
2,KAPPA_HELDOUT_TEST_S2_T027,KAPPA_HELDOUT_TEST_S2_T027_U08,2026-09-04T06:30:00.000000Z,37,13,7,0.5384615384615384
2,KAPPA_HELDOUT_TEST_S2_T027,KAPPA_HELDOUT_TEST_S2_T027_U09,2026-09-04T06:30:00.000000Z,193,11,6,0.5454545454545454
2,KAPPA_HELDOUT_TEST_S2_T027,KAPPA_HELDOUT_TEST_S2_T027_U10,2026-09-04T06:30:00.000000Z,290,7,5,0.7142857142857143
2,KAPPA_HELDOUT_TEST_S2_T028,KAPPA_HELDOUT_TEST_S2_T028_U01,2026-09-04T06:45:00.000000Z,241,9,3,0.3333333333333333
2,KAPPA_HELDOUT_TEST_S2_T028,KAPPA_HELDOUT_TEST_S2_T028_U02,2026-09-04T06:45:00.000000Z,133,16,6,0.375
2,KAPPA_HELDOUT_TEST_S2_T028,KAPPA_HELDOUT_TEST_S2_T028_U03,2026-09-04T06:45:00.000000Z,52,10,6,0.6
2,KAPPA_HELDOUT_TEST_S2_T028,KAPPA_HELDOUT_TEST_S2_T028_U04,2026-09-04T06:45:00.000000Z,91,11,4,0.36363636363636365
2,KAPPA_HELDOUT_TEST_S2_T028,KAPPA_HELDOUT_TEST_S2_T028_U05,2026-09-04T06:45:00.000000Z,250,13,7,0.5384615384615384
2,KAPPA_HELDOUT_TEST_S2_T028,KAPPA_HELDOUT_TEST_S2_T028_U06,2026-09-04T06:45:00.000000Z,41,6,5,0.8333333333333334
2,KAPPA_HELDOUT_TEST_S2_T028,KAPPA_HELDOUT_TEST_S2_T028_U07,2026-09-04T06:45:00.000000Z,265,12,9,0.75
2,KAPPA_HELDOUT_TEST_S2_T028,KAPPA_HELDOUT_TEST_S2_T028_U08,2026-09-04T06:45:00.000000Z,128,3,1,0.3333333333333333
2,KAPPA_HELDOUT_TEST_S2_T028,KAPPA_HELDOUT_TEST_S2_T028_U09,2026-09-04T06:45:00.000000Z,268,8,4,0.5
2,KAPPA_HELDOUT_TEST_S2_T028,KAPPA_HELDOUT_TEST_S2_T028_U10,2026-09-04T06:45:00.000000Z,214,10,4,0.4
2,KAPPA_HELDOUT_TEST_S2_T029,KAPPA_HELDOUT_TEST_S2_T029_U01,2026-09-04T07:00:00.000000Z,27,13,6,0.46153846153846156
2,KAPPA_HELDOUT_TEST_S2_T029,KAPPA_HELDOUT_TEST_S2_T029_U02,2026-09-04T07:00:00.000000Z,29,8,7,0.875
2,KAPPA_HELDOUT_TEST_S2_T029,KAPPA_HELDOUT_TEST_S2_T029_U03,2026-09-04T07:00:00.000000Z,319,9,5,0.5555555555555556
2,KAPPA_HELDOUT_TEST_S2_T029,KAPPA_HELDOUT_TEST_S2_T029_U04,2026-09-04T07:00:00.000000Z,143,5,1,0.2
2,KAPPA_HELDOUT_TEST_S2_T029,KAPPA_HELDOUT_TEST_S2_T029_U05,2026-09-04T07:00:00.000000Z,45,13,8,0.6153846153846154
2,KAPPA_HELDOUT_TEST_S2_T029,KAPPA_HELDOUT_TEST_S2_T029_U06,2026-09-04T07:00:00.000000Z,147,13,6,0.46153846153846156
2,KAPPA_HELDOUT_TEST_S2_T029,KAPPA_HELDOUT_TEST_S2_T029_U07,2026-09-04T07:00:00.000000Z,312,16,8,0.5
2,KAPPA_HELDOUT_TEST_S2_T029,KAPPA_HELDOUT_TEST_S2_T029_U08,2026-09-04T07:00:00.000000Z,319,6,3,0.5
2,KAPPA_HELDOUT_TEST_S2_T029,KAPPA_HELDOUT_TEST_S2_T029_U09,2026-09-04T07:00:00.000000Z,210,4,3,0.75
2,KAPPA_HELDOUT_TEST_S2_T029,KAPPA_HELDOUT_TEST_S2_T029_U10,2026-09-04T07:00:00.000000Z,243,16,8,0.5
2,KAPPA_HELDOUT_TEST_S2_T030,KAPPA_HELDOUT_TEST_S2_T030_U01,2026-09-04T07:15:00.000000Z,186,11,7,0.6363636363636364
2,KAPPA_HELDOUT_TEST_S2_T030,KAPPA_HELDOUT_TEST_S2_T030_U02,2026-09-04T07:15:00.000000Z,47,15,6,0.4
2,KAPPA_HELDOUT_TEST_S2_T030,KAPPA_HELDOUT_TEST_S2_T030_U03,2026-09-04T07:15:00.000000Z,86,11,4,0.36363636363636365
2,KAPPA_HELDOUT_TEST_S2_T030,KAPPA_HELDOUT_TEST_S2_T030_U04,2026-09-04T07:15:00.000000Z,131,15,7,0.4666666666666667
2,KAPPA_HELDOUT_TEST_S2_T030,KAPPA_HELDOUT_TEST_S2_T030_U05,2026-09-04T07:15:00.000000Z,130,17,9,0.5294117647058824
2,KAPPA_HELDOUT_TEST_S2_T030,KAPPA_HELDOUT_TEST_S2_T030_U06,2026-09-04T07:15:00.000000Z,266,11,7,0.6363636363636364
2,KAPPA_HELDOUT_TEST_S2_T030,KAPPA_HELDOUT_TEST_S2_T030_U07,2026-09-04T07:15:00.000000Z,275,12,3,0.25
2,KAPPA_HELDOUT_TEST_S2_T030,KAPPA_HELDOUT_TEST_S2_T030_U08,2026-09-04T07:15:00.000000Z,134,11,5,0.45454545454545453
2,KAPPA_HELDOUT_TEST_S2_T030,KAPPA_HELDOUT_TEST_S2_T030_U09,2026-09-04T07:15:00.000000Z,315,15,7,0.4666666666666667
2,KAPPA_HELDOUT_TEST_S2_T030,KAPPA_HELDOUT_TEST_S2_T030_U10,2026-09-04T07:15:00.000000Z,59,19,8,0.42105263157894735
2,KAPPA_HELDOUT_TEST_S2_T031,KAPPA_HELDOUT_TEST_S2_T031_U01,2026-09-04T07:30:00.000000Z,213,8,5,0.625
2,KAPPA_HELDOUT_TEST_S2_T031,KAPPA_HELDOUT_TEST_S2_T031_U02,2026-09-04T07:30:00.000000Z,280,13,7,0.5384615384615384
2,KAPPA_HELDOUT_TEST_S2_T031,KAPPA_HELDOUT_TEST_S2_T031_U03,2026-09-04T07:30:00.000000Z,259,11,5,0.45454545454545453
2,KAPPA_HELDOUT_TEST_S2_T031,KAPPA_HELDOUT_TEST_S2_T031_U04,2026-09-04T07:30:00.000000Z,192,7,2,0.2857142857142857
2,KAPPA_HELDOUT_TEST_S2_T031,KAPPA_HELDOUT_TEST_S2_T031_U05,2026-09-04T07:30:00.000000Z,68,5,3,0.6
2,KAPPA_HELDOUT_TEST_S2_T031,KAPPA_HELDOUT_TEST_S2_T031_U06,2026-09-04T07:30:00.000000Z,317,8,4,0.5
2,KAPPA_HELDOUT_TEST_S2_T031,KAPPA_HELDOUT_TEST_S2_T031_U07,2026-09-04T07:30:00.000000Z,221,13,6,0.46153846153846156
2,KAPPA_HELDOUT_TEST_S2_T031,KAPPA_HELDOUT_TEST_S2_T031_U08,2026-09-04T07:30:00.000000Z,273,14,5,0.35714285714285715
2,KAPPA_HELDOUT_TEST_S2_T031,KAPPA_HELDOUT_TEST_S2_T031_U09,2026-09-04T07:30:00.000000Z,105,10,3,0.3
2,KAPPA_HELDOUT_TEST_S2_T031,KAPPA_HELDOUT_TEST_S2_T031_U10,2026-09-04T07:30:00.000000Z,239,13,8,0.6153846153846154
2,KAPPA_HELDOUT_TEST_S2_T032,KAPPA_HELDOUT_TEST_S2_T032_U01,2026-09-04T07:45:00.000000Z,292,10,7,0.7
2,KAPPA_HELDOUT_TEST_S2_T032,KAPPA_HELDOUT_TEST_S2_T032_U02,2026-09-04T07:45:00.000000Z,122,8,4,0.5
2,KAPPA_HELDOUT_TEST_S2_T032,KAPPA_HELDOUT_TEST_S2_T032_U03,2026-09-04T07:45:00.000000Z,319,17,6,0.35294117647058826
2,KAPPA_HELDOUT_TEST_S2_T032,KAPPA_HELDOUT_TEST_S2_T032_U04,2026-09-04T07:45:00.000000Z,249,17,11,0.6470588235294118
2,KAPPA_HELDOUT_TEST_S2_T032,KAPPA_HELDOUT_TEST_S2_T032_U05,2026-09-04T07:45:00.000000Z,179,7,3,0.42857142857142855
2,KAPPA_HELDOUT_TEST_S2_T032,KAPPA_HELDOUT_TEST_S2_T032_U06,2026-09-04T07:45:00.000000Z,159,5,3,0.6
2,KAPPA_HELDOUT_TEST_S2_T032,KAPPA_HELDOUT_TEST_S2_T032_U07,2026-09-04T07:45:00.000000Z,40,16,9,0.5625
2,KAPPA_HELDOUT_TEST_S2_T032,KAPPA_HELDOUT_TEST_S2_T032_U08,2026-09-04T07:45:00.000000Z,186,11,3,0.2727272727272727
2,KAPPA_HELDOUT_TEST_S2_T032,KAPPA_HELDOUT_TEST_S2_T032_U09,2026-09-04T07:45:00.000000Z,283,11,5,0.45454545454545453
2,KAPPA_HELDOUT_TEST_S2_T032,KAPPA_HELDOUT_TEST_S2_T032_U10,2026-09-04T07:45:00.000000Z,123,16,6,0.375
2,KAPPA_HELDOUT_TEST_S2_T033,KAPPA_HELDOUT_TEST_S2_T033_U01,2026-09-04T08:00:00.000000Z,258,4,2,0.5
2,KAPPA_HELDOUT_TEST_S2_T033,KAPPA_HELDOUT_TEST_S2_T033_U02,2026-09-04T08:00:00.000000Z,282,20,10,0.5
2,KAPPA_HELDOUT_TEST_S2_T033,KAPPA_HELDOUT_TEST_S2_T033_U03,2026-09-04T08:00:00.000000Z,108,12,7,0.5833333333333334
2,KAPPA_HELDOUT_TEST_S2_T033,KAPPA_HELDOUT_TEST_S2_T033_U04,2026-09-04T08:00:00.000000Z,102,11,7,0.6363636363636364
2,KAPPA_HELDOUT_TEST_S2_T033,KAPPA_HELDOUT_TEST_S2_T033_U05,2026-09-04T08:00:00.000000Z,142,6,1,0.16666666666666666
2,KAPPA_HELDOUT_TEST_S2_T033,KAPPA_HELDOUT_TEST_S2_T033_U06,2026-09-04T08:00:00.000000Z,313,12,5,0.4166666666666667
2,KAPPA_HELDOUT_TEST_S2_T033,KAPPA_HELDOUT_TEST_S2_T033_U07,2026-09-04T08:00:00.000000Z,244,18,7,0.3888888888888889
2,KAPPA_HELDOUT_TEST_S2_T033,KAPPA_HELDOUT_TEST_S2_T033_U08,2026-09-04T08:00:00.000000Z,231,7,4,0.5714285714285714
2,KAPPA_HELDOUT_TEST_S2_T033,KAPPA_HELDOUT_TEST_S2_T033_U09,2026-09-04T08:00:00.000000Z,229,14,7,0.5
2,KAPPA_HELDOUT_TEST_S2_T033,KAPPA_HELDOUT_TEST_S2_T033_U10,2026-09-04T08:00:00.000000Z,41,6,3,0.5
2,KAPPA_HELDOUT_TEST_S2_T034,KAPPA_HELDOUT_TEST_S2_T034_U01,2026-09-04T08:15:00.000000Z,241,9,4,0.4444444444444444
2,KAPPA_HELDOUT_TEST_S2_T034,KAPPA_HELDOUT_TEST_S2_T034_U02,2026-09-04T08:15:00.000000Z,47,4,2,0.5
2,KAPPA_HELDOUT_TEST_S2_T034,KAPPA_HELDOUT_TEST_S2_T034_U03,2026-09-04T08:15:00.000000Z,0,12,4,0.3333333333333333
2,KAPPA_HELDOUT_TEST_S2_T034,KAPPA_HELDOUT_TEST_S2_T034_U04,2026-09-04T08:15:00.000000Z,153,12,7,0.5833333333333334
2,KAPPA_HELDOUT_TEST_S2_T034,KAPPA_HELDOUT_TEST_S2_T034_U05,2026-09-04T08:15:00.000000Z,268,13,3,0.23076923076923078
2,KAPPA_HELDOUT_TEST_S2_T034,KAPPA_HELDOUT_TEST_S2_T034_U06,2026-09-04T08:15:00.000000Z,2,7,3,0.42857142857142855
2,KAPPA_HELDOUT_TEST_S2_T034,KAPPA_HELDOUT_TEST_S2_T034_U07,2026-09-04T08:15:00.000000Z,306,12,6,0.5
2,KAPPA_HELDOUT_TEST_S2_T034,KAPPA_HELDOUT_TEST_S2_T034_U08,2026-09-04T08:15:00.000000Z,243,13,8,0.6153846153846154
2,KAPPA_HELDOUT_TEST_S2_T034,KAPPA_HELDOUT_TEST_S2_T034_U09,2026-09-04T08:15:00.000000Z,318,8,3,0.375
2,KAPPA_HELDOUT_TEST_S2_T034,KAPPA_HELDOUT_TEST_S2_T034_U10,2026-09-04T08:15:00.000000Z,7,8,4,0.5
2,KAPPA_HELDOUT_TEST_S2_T035,KAPPA_HELDOUT_TEST_S2_T035_U01,2026-09-04T08:30:00.000000Z,154,7,3,0.42857142857142855
2,KAPPA_HELDOUT_TEST_S2_T035,KAPPA_HELDOUT_TEST_S2_T035_U02,2026-09-04T08:30:00.000000Z,272,14,9,0.6428571428571429
2,KAPPA_HELDOUT_TEST_S2_T035,KAPPA_HELDOUT_TEST_S2_T035_U03,2026-09-04T08:30:00.000000Z,245,10,4,0.4
2,KAPPA_HELDOUT_TEST_S2_T035,KAPPA_HELDOUT_TEST_S2_T035_U04,2026-09-04T08:30:00.000000Z,233,15,8,0.5333333333333333
2,KAPPA_HELDOUT_TEST_S2_T035,KAPPA_HELDOUT_TEST_S2_T035_U05,2026-09-04T08:30:00.000000Z,43,8,2,0.25
2,KAPPA_HELDOUT_TEST_S2_T035,KAPPA_HELDOUT_TEST_S2_T035_U06,2026-09-04T08:30:00.000000Z,78,7,4,0.5714285714285714
2,KAPPA_HELDOUT_TEST_S2_T035,KAPPA_HELDOUT_TEST_S2_T035_U07,2026-09-04T08:30:00.000000Z,75,9,5,0.5555555555555556
2,KAPPA_HELDOUT_TEST_S2_T035,KAPPA_HELDOUT_TEST_S2_T035_U08,2026-09-04T08:30:00.000000Z,319,6,6,1
2,KAPPA_HELDOUT_TEST_S2_T035,KAPPA_HELDOUT_TEST_S2_T035_U09,2026-09-04T08:30:00.000000Z,0,11,5,0.45454545454545453
2,KAPPA_HELDOUT_TEST_S2_T035,KAPPA_HELDOUT_TEST_S2_T035_U10,2026-09-04T08:30:00.000000Z,257,13,7,0.5384615384615384
2,KAPPA_HELDOUT_TEST_S2_T036,KAPPA_HELDOUT_TEST_S2_T036_U01,2026-09-04T08:45:00.000000Z,194,5,1,0.2
2,KAPPA_HELDOUT_TEST_S2_T036,KAPPA_HELDOUT_TEST_S2_T036_U02,2026-09-04T08:45:00.000000Z,291,9,3,0.3333333333333333
2,KAPPA_HELDOUT_TEST_S2_T036,KAPPA_HELDOUT_TEST_S2_T036_U03,2026-09-04T08:45:00.000000Z,195,12,5,0.4166666666666667
2,KAPPA_HELDOUT_TEST_S2_T036,KAPPA_HELDOUT_TEST_S2_T036_U04,2026-09-04T08:45:00.000000Z,44,11,6,0.5454545454545454
2,KAPPA_HELDOUT_TEST_S2_T036,KAPPA_HELDOUT_TEST_S2_T036_U05,2026-09-04T08:45:00.000000Z,225,11,5,0.45454545454545453
2,KAPPA_HELDOUT_TEST_S2_T036,KAPPA_HELDOUT_TEST_S2_T036_U06,2026-09-04T08:45:00.000000Z,68,16,11,0.6875
2,KAPPA_HELDOUT_TEST_S2_T036,KAPPA_HELDOUT_TEST_S2_T036_U07,2026-09-04T08:45:00.000000Z,6,8,3,0.375
2,KAPPA_HELDOUT_TEST_S2_T036,KAPPA_HELDOUT_TEST_S2_T036_U08,2026-09-04T08:45:00.000000Z,186,16,8,0.5
2,KAPPA_HELDOUT_TEST_S2_T036,KAPPA_HELDOUT_TEST_S2_T036_U09,2026-09-04T08:45:00.000000Z,22,9,5,0.5555555555555556
2,KAPPA_HELDOUT_TEST_S2_T036,KAPPA_HELDOUT_TEST_S2_T036_U10,2026-09-04T08:45:00.000000Z,311,9,5,0.5555555555555556
2,KAPPA_HELDOUT_TEST_S2_T037,KAPPA_HELDOUT_TEST_S2_T037_U01,2026-09-04T09:00:00.000000Z,134,9,4,0.4444444444444444
2,KAPPA_HELDOUT_TEST_S2_T037,KAPPA_HELDOUT_TEST_S2_T037_U02,2026-09-04T09:00:00.000000Z,9,11,6,0.5454545454545454
2,KAPPA_HELDOUT_TEST_S2_T037,KAPPA_HELDOUT_TEST_S2_T037_U03,2026-09-04T09:00:00.000000Z,163,8,6,0.75
2,KAPPA_HELDOUT_TEST_S2_T037,KAPPA_HELDOUT_TEST_S2_T037_U04,2026-09-04T09:00:00.000000Z,107,12,8,0.6666666666666666
2,KAPPA_HELDOUT_TEST_S2_T037,KAPPA_HELDOUT_TEST_S2_T037_U05,2026-09-04T09:00:00.000000Z,19,10,5,0.5
2,KAPPA_HELDOUT_TEST_S2_T037,KAPPA_HELDOUT_TEST_S2_T037_U06,2026-09-04T09:00:00.000000Z,36,13,8,0.6153846153846154
2,KAPPA_HELDOUT_TEST_S2_T037,KAPPA_HELDOUT_TEST_S2_T037_U07,2026-09-04T09:00:00.000000Z,146,9,6,0.6666666666666666
2,KAPPA_HELDOUT_TEST_S2_T037,KAPPA_HELDOUT_TEST_S2_T037_U08,2026-09-04T09:00:00.000000Z,142,12,6,0.5
2,KAPPA_HELDOUT_TEST_S2_T037,KAPPA_HELDOUT_TEST_S2_T037_U09,2026-09-04T09:00:00.000000Z,235,6,3,0.5
2,KAPPA_HELDOUT_TEST_S2_T037,KAPPA_HELDOUT_TEST_S2_T037_U10,2026-09-04T09:00:00.000000Z,90,16,5,0.3125
2,KAPPA_HELDOUT_TEST_S2_T038,KAPPA_HELDOUT_TEST_S2_T038_U01,2026-09-04T09:15:00.000000Z,108,11,4,0.36363636363636365
2,KAPPA_HELDOUT_TEST_S2_T038,KAPPA_HELDOUT_TEST_S2_T038_U02,2026-09-04T09:15:00.000000Z,22,12,4,0.3333333333333333
2,KAPPA_HELDOUT_TEST_S2_T038,KAPPA_HELDOUT_TEST_S2_T038_U03,2026-09-04T09:15:00.000000Z,72,11,5,0.45454545454545453
2,KAPPA_HELDOUT_TEST_S2_T038,KAPPA_HELDOUT_TEST_S2_T038_U04,2026-09-04T09:15:00.000000Z,212,16,6,0.375
2,KAPPA_HELDOUT_TEST_S2_T038,KAPPA_HELDOUT_TEST_S2_T038_U05,2026-09-04T09:15:00.000000Z,92,13,7,0.5384615384615384
2,KAPPA_HELDOUT_TEST_S2_T038,KAPPA_HELDOUT_TEST_S2_T038_U06,2026-09-04T09:15:00.000000Z,262,11,4,0.36363636363636365
2,KAPPA_HELDOUT_TEST_S2_T038,KAPPA_HELDOUT_TEST_S2_T038_U07,2026-09-04T09:15:00.000000Z,136,12,7,0.5833333333333334
2,KAPPA_HELDOUT_TEST_S2_T038,KAPPA_HELDOUT_TEST_S2_T038_U08,2026-09-04T09:15:00.000000Z,9,12,6,0.5
2,KAPPA_HELDOUT_TEST_S2_T038,KAPPA_HELDOUT_TEST_S2_T038_U09,2026-09-04T09:15:00.000000Z,9,12,8,0.6666666666666666
2,KAPPA_HELDOUT_TEST_S2_T038,KAPPA_HELDOUT_TEST_S2_T038_U10,2026-09-04T09:15:00.000000Z,304,10,8,0.8
2,KAPPA_HELDOUT_TEST_S2_T039,KAPPA_HELDOUT_TEST_S2_T039_U01,2026-09-04T09:30:00.000000Z,110,9,4,0.4444444444444444
2,KAPPA_HELDOUT_TEST_S2_T039,KAPPA_HELDOUT_TEST_S2_T039_U02,2026-09-04T09:30:00.000000Z,164,14,5,0.35714285714285715
2,KAPPA_HELDOUT_TEST_S2_T039,KAPPA_HELDOUT_TEST_S2_T039_U03,2026-09-04T09:30:00.000000Z,36,15,10,0.6666666666666666
2,KAPPA_HELDOUT_TEST_S2_T039,KAPPA_HELDOUT_TEST_S2_T039_U04,2026-09-04T09:30:00.000000Z,282,11,4,0.36363636363636365
2,KAPPA_HELDOUT_TEST_S2_T039,KAPPA_HELDOUT_TEST_S2_T039_U05,2026-09-04T09:30:00.000000Z,249,21,12,0.5714285714285714
2,KAPPA_HELDOUT_TEST_S2_T039,KAPPA_HELDOUT_TEST_S2_T039_U06,2026-09-04T09:30:00.000000Z,155,8,0,0
2,KAPPA_HELDOUT_TEST_S2_T039,KAPPA_HELDOUT_TEST_S2_T039_U07,2026-09-04T09:30:00.000000Z,153,5,3,0.6
2,KAPPA_HELDOUT_TEST_S2_T039,KAPPA_HELDOUT_TEST_S2_T039_U08,2026-09-04T09:30:00.000000Z,51,10,6,0.6
2,KAPPA_HELDOUT_TEST_S2_T039,KAPPA_HELDOUT_TEST_S2_T039_U09,2026-09-04T09:30:00.000000Z,183,17,9,0.5294117647058824
2,KAPPA_HELDOUT_TEST_S2_T039,KAPPA_HELDOUT_TEST_S2_T039_U10,2026-09-04T09:30:00.000000Z,170,9,6,0.6666666666666666
2,KAPPA_HELDOUT_TEST_S2_T040,KAPPA_HELDOUT_TEST_S2_T040_U01,2026-09-04T09:45:00.000000Z,106,10,6,0.6
2,KAPPA_HELDOUT_TEST_S2_T040,KAPPA_HELDOUT_TEST_S2_T040_U02,2026-09-04T09:45:00.000000Z,261,12,7,0.5833333333333334
2,KAPPA_HELDOUT_TEST_S2_T040,KAPPA_HELDOUT_TEST_S2_T040_U03,2026-09-04T09:45:00.000000Z,162,13,2,0.15384615384615385
2,KAPPA_HELDOUT_TEST_S2_T040,KAPPA_HELDOUT_TEST_S2_T040_U04,2026-09-04T09:45:00.000000Z,18,5,3,0.6
2,KAPPA_HELDOUT_TEST_S2_T040,KAPPA_HELDOUT_TEST_S2_T040_U05,2026-09-04T09:45:00.000000Z,60,14,8,0.5714285714285714
2,KAPPA_HELDOUT_TEST_S2_T040,KAPPA_HELDOUT_TEST_S2_T040_U06,2026-09-04T09:45:00.000000Z,143,12,7,0.5833333333333334
2,KAPPA_HELDOUT_TEST_S2_T040,KAPPA_HELDOUT_TEST_S2_T040_U07,2026-09-04T09:45:00.000000Z,223,6,3,0.5
2,KAPPA_HELDOUT_TEST_S2_T040,KAPPA_HELDOUT_TEST_S2_T040_U08,2026-09-04T09:45:00.000000Z,96,15,9,0.6
2,KAPPA_HELDOUT_TEST_S2_T040,KAPPA_HELDOUT_TEST_S2_T040_U09,2026-09-04T09:45:00.000000Z,284,10,6,0.6
2,KAPPA_HELDOUT_TEST_S2_T040,KAPPA_HELDOUT_TEST_S2_T040_U10,2026-09-04T09:45:00.000000Z,183,11,5,0.45454545454545453
2,KAPPA_HELDOUT_TEST_S2_T041,KAPPA_HELDOUT_TEST_S2_T041_U01,2026-09-04T10:00:00.000000Z,222,8,6,0.75
2,KAPPA_HELDOUT_TEST_S2_T041,KAPPA_HELDOUT_TEST_S2_T041_U02,2026-09-04T10:00:00.000000Z,211,14,5,0.35714285714285715
2,KAPPA_HELDOUT_TEST_S2_T041,KAPPA_HELDOUT_TEST_S2_T041_U03,2026-09-04T10:00:00.000000Z,182,7,1,0.14285714285714285
2,KAPPA_HELDOUT_TEST_S2_T041,KAPPA_HELDOUT_TEST_S2_T041_U04,2026-09-04T10:00:00.000000Z,233,11,4,0.36363636363636365
2,KAPPA_HELDOUT_TEST_S2_T041,KAPPA_HELDOUT_TEST_S2_T041_U05,2026-09-04T10:00:00.000000Z,111,11,3,0.2727272727272727
2,KAPPA_HELDOUT_TEST_S2_T041,KAPPA_HELDOUT_TEST_S2_T041_U06,2026-09-04T10:00:00.000000Z,305,10,5,0.5
2,KAPPA_HELDOUT_TEST_S2_T041,KAPPA_HELDOUT_TEST_S2_T041_U07,2026-09-04T10:00:00.000000Z,91,13,9,0.6923076923076923
2,KAPPA_HELDOUT_TEST_S2_T041,KAPPA_HELDOUT_TEST_S2_T041_U08,2026-09-04T10:00:00.000000Z,47,9,4,0.4444444444444444
2,KAPPA_HELDOUT_TEST_S2_T041,KAPPA_HELDOUT_TEST_S2_T041_U09,2026-09-04T10:00:00.000000Z,129,6,3,0.5
2,KAPPA_HELDOUT_TEST_S2_T041,KAPPA_HELDOUT_TEST_S2_T041_U10,2026-09-04T10:00:00.000000Z,226,11,9,0.8181818181818182
2,KAPPA_HELDOUT_TEST_S2_T042,KAPPA_HELDOUT_TEST_S2_T042_U01,2026-09-04T10:15:00.000000Z,49,11,3,0.2727272727272727
2,KAPPA_HELDOUT_TEST_S2_T042,KAPPA_HELDOUT_TEST_S2_T042_U02,2026-09-04T10:15:00.000000Z,198,12,5,0.4166666666666667
2,KAPPA_HELDOUT_TEST_S2_T042,KAPPA_HELDOUT_TEST_S2_T042_U03,2026-09-04T10:15:00.000000Z,47,11,3,0.2727272727272727
2,KAPPA_HELDOUT_TEST_S2_T042,KAPPA_HELDOUT_TEST_S2_T042_U04,2026-09-04T10:15:00.000000Z,7,13,9,0.6923076923076923
2,KAPPA_HELDOUT_TEST_S2_T042,KAPPA_HELDOUT_TEST_S2_T042_U05,2026-09-04T10:15:00.000000Z,314,12,6,0.5
2,KAPPA_HELDOUT_TEST_S2_T042,KAPPA_HELDOUT_TEST_S2_T042_U06,2026-09-04T10:15:00.000000Z,59,9,4,0.4444444444444444
2,KAPPA_HELDOUT_TEST_S2_T042,KAPPA_HELDOUT_TEST_S2_T042_U07,2026-09-04T10:15:00.000000Z,299,10,7,0.7
2,KAPPA_HELDOUT_TEST_S2_T042,KAPPA_HELDOUT_TEST_S2_T042_U08,2026-09-04T10:15:00.000000Z,211,11,4,0.36363636363636365
2,KAPPA_HELDOUT_TEST_S2_T042,KAPPA_HELDOUT_TEST_S2_T042_U09,2026-09-04T10:15:00.000000Z,41,17,4,0.23529411764705882
2,KAPPA_HELDOUT_TEST_S2_T042,KAPPA_HELDOUT_TEST_S2_T042_U10,2026-09-04T10:15:00.000000Z,98,18,8,0.4444444444444444
2,KAPPA_HELDOUT_TEST_S2_T043,KAPPA_HELDOUT_TEST_S2_T043_U01,2026-09-04T10:30:00.000000Z,104,13,6,0.46153846153846156
2,KAPPA_HELDOUT_TEST_S2_T043,KAPPA_HELDOUT_TEST_S2_T043_U02,2026-09-04T10:30:00.000000Z,133,9,5,0.5555555555555556
2,KAPPA_HELDOUT_TEST_S2_T043,KAPPA_HELDOUT_TEST_S2_T043_U03,2026-09-04T10:30:00.000000Z,244,8,2,0.25
2,KAPPA_HELDOUT_TEST_S2_T043,KAPPA_HELDOUT_TEST_S2_T043_U04,2026-09-04T10:30:00.000000Z,216,10,3,0.3
2,KAPPA_HELDOUT_TEST_S2_T043,KAPPA_HELDOUT_TEST_S2_T043_U05,2026-09-04T10:30:00.000000Z,180,13,6,0.46153846153846156
2,KAPPA_HELDOUT_TEST_S2_T043,KAPPA_HELDOUT_TEST_S2_T043_U06,2026-09-04T10:30:00.000000Z,140,11,5,0.45454545454545453
2,KAPPA_HELDOUT_TEST_S2_T043,KAPPA_HELDOUT_TEST_S2_T043_U07,2026-09-04T10:30:00.000000Z,310,13,6,0.46153846153846156
2,KAPPA_HELDOUT_TEST_S2_T043,KAPPA_HELDOUT_TEST_S2_T043_U08,2026-09-04T10:30:00.000000Z,284,12,4,0.3333333333333333
2,KAPPA_HELDOUT_TEST_S2_T043,KAPPA_HELDOUT_TEST_S2_T043_U09,2026-09-04T10:30:00.000000Z,162,12,7,0.5833333333333334
2,KAPPA_HELDOUT_TEST_S2_T043,KAPPA_HELDOUT_TEST_S2_T043_U10,2026-09-04T10:30:00.000000Z,198,11,8,0.7272727272727273
2,KAPPA_HELDOUT_TEST_S2_T044,KAPPA_HELDOUT_TEST_S2_T044_U01,2026-09-04T10:45:00.000000Z,305,12,7,0.5833333333333334
2,KAPPA_HELDOUT_TEST_S2_T044,KAPPA_HELDOUT_TEST_S2_T044_U02,2026-09-04T10:45:00.000000Z,61,13,7,0.5384615384615384
2,KAPPA_HELDOUT_TEST_S2_T044,KAPPA_HELDOUT_TEST_S2_T044_U03,2026-09-04T10:45:00.000000Z,153,11,7,0.6363636363636364
2,KAPPA_HELDOUT_TEST_S2_T044,KAPPA_HELDOUT_TEST_S2_T044_U04,2026-09-04T10:45:00.000000Z,137,13,4,0.3076923076923077
2,KAPPA_HELDOUT_TEST_S2_T044,KAPPA_HELDOUT_TEST_S2_T044_U05,2026-09-04T10:45:00.000000Z,41,8,3,0.375
2,KAPPA_HELDOUT_TEST_S2_T044,KAPPA_HELDOUT_TEST_S2_T044_U06,2026-09-04T10:45:00.000000Z,310,6,2,0.3333333333333333
2,KAPPA_HELDOUT_TEST_S2_T044,KAPPA_HELDOUT_TEST_S2_T044_U07,2026-09-04T10:45:00.000000Z,93,12,3,0.25
2,KAPPA_HELDOUT_TEST_S2_T044,KAPPA_HELDOUT_TEST_S2_T044_U08,2026-09-04T10:45:00.000000Z,294,12,5,0.4166666666666667
2,KAPPA_HELDOUT_TEST_S2_T044,KAPPA_HELDOUT_TEST_S2_T044_U09,2026-09-04T10:45:00.000000Z,153,9,6,0.6666666666666666
2,KAPPA_HELDOUT_TEST_S2_T044,KAPPA_HELDOUT_TEST_S2_T044_U10,2026-09-04T10:45:00.000000Z,6,9,4,0.4444444444444444
2,KAPPA_HELDOUT_TEST_S2_T045,KAPPA_HELDOUT_TEST_S2_T045_U01,2026-09-04T11:00:00.000000Z,293,12,9,0.75
2,KAPPA_HELDOUT_TEST_S2_T045,KAPPA_HELDOUT_TEST_S2_T045_U02,2026-09-04T11:00:00.000000Z,69,12,3,0.25
2,KAPPA_HELDOUT_TEST_S2_T045,KAPPA_HELDOUT_TEST_S2_T045_U03,2026-09-04T11:00:00.000000Z,36,19,9,0.47368421052631576
2,KAPPA_HELDOUT_TEST_S2_T045,KAPPA_HELDOUT_TEST_S2_T045_U04,2026-09-04T11:00:00.000000Z,228,9,3,0.3333333333333333
2,KAPPA_HELDOUT_TEST_S2_T045,KAPPA_HELDOUT_TEST_S2_T045_U05,2026-09-04T11:00:00.000000Z,139,15,10,0.6666666666666666
2,KAPPA_HELDOUT_TEST_S2_T045,KAPPA_HELDOUT_TEST_S2_T045_U06,2026-09-04T11:00:00.000000Z,35,10,6,0.6
2,KAPPA_HELDOUT_TEST_S2_T045,KAPPA_HELDOUT_TEST_S2_T045_U07,2026-09-04T11:00:00.000000Z,307,6,6,1
2,KAPPA_HELDOUT_TEST_S2_T045,KAPPA_HELDOUT_TEST_S2_T045_U08,2026-09-04T11:00:00.000000Z,286,9,7,0.7777777777777778
2,KAPPA_HELDOUT_TEST_S2_T045,KAPPA_HELDOUT_TEST_S2_T045_U09,2026-09-04T11:00:00.000000Z,256,13,7,0.5384615384615384
2,KAPPA_HELDOUT_TEST_S2_T045,KAPPA_HELDOUT_TEST_S2_T045_U10,2026-09-04T11:00:00.000000Z,302,11,7,0.6363636363636364
2,KAPPA_HELDOUT_TEST_S2_T046,KAPPA_HELDOUT_TEST_S2_T046_U01,2026-09-04T11:15:00.000000Z,178,8,4,0.5
2,KAPPA_HELDOUT_TEST_S2_T046,KAPPA_HELDOUT_TEST_S2_T046_U02,2026-09-04T11:15:00.000000Z,225,10,5,0.5
2,KAPPA_HELDOUT_TEST_S2_T046,KAPPA_HELDOUT_TEST_S2_T046_U03,2026-09-04T11:15:00.000000Z,17,16,9,0.5625
2,KAPPA_HELDOUT_TEST_S2_T046,KAPPA_HELDOUT_TEST_S2_T046_U04,2026-09-04T11:15:00.000000Z,72,16,9,0.5625
2,KAPPA_HELDOUT_TEST_S2_T046,KAPPA_HELDOUT_TEST_S2_T046_U05,2026-09-04T11:15:00.000000Z,238,14,6,0.42857142857142855
2,KAPPA_HELDOUT_TEST_S2_T046,KAPPA_HELDOUT_TEST_S2_T046_U06,2026-09-04T11:15:00.000000Z,219,15,11,0.7333333333333333
2,KAPPA_HELDOUT_TEST_S2_T046,KAPPA_HELDOUT_TEST_S2_T046_U07,2026-09-04T11:15:00.000000Z,112,16,5,0.3125
2,KAPPA_HELDOUT_TEST_S2_T046,KAPPA_HELDOUT_TEST_S2_T046_U08,2026-09-04T11:15:00.000000Z,274,9,4,0.4444444444444444
2,KAPPA_HELDOUT_TEST_S2_T046,KAPPA_HELDOUT_TEST_S2_T046_U09,2026-09-04T11:15:00.000000Z,37,11,4,0.36363636363636365
2,KAPPA_HELDOUT_TEST_S2_T046,KAPPA_HELDOUT_TEST_S2_T046_U10,2026-09-04T11:15:00.000000Z,172,12,5,0.4166666666666667
2,KAPPA_HELDOUT_TEST_S2_T047,KAPPA_HELDOUT_TEST_S2_T047_U01,2026-09-04T11:30:00.000000Z,259,12,5,0.4166666666666667
2,KAPPA_HELDOUT_TEST_S2_T047,KAPPA_HELDOUT_TEST_S2_T047_U02,2026-09-04T11:30:00.000000Z,227,12,6,0.5
2,KAPPA_HELDOUT_TEST_S2_T047,KAPPA_HELDOUT_TEST_S2_T047_U03,2026-09-04T11:30:00.000000Z,320,19,7,0.3684210526315789
2,KAPPA_HELDOUT_TEST_S2_T047,KAPPA_HELDOUT_TEST_S2_T047_U04,2026-09-04T11:30:00.000000Z,173,13,6,0.46153846153846156
2,KAPPA_HELDOUT_TEST_S2_T047,KAPPA_HELDOUT_TEST_S2_T047_U05,2026-09-04T11:30:00.000000Z,12,10,4,0.4
2,KAPPA_HELDOUT_TEST_S2_T047,KAPPA_HELDOUT_TEST_S2_T047_U06,2026-09-04T11:30:00.000000Z,233,15,8,0.5333333333333333
2,KAPPA_HELDOUT_TEST_S2_T047,KAPPA_HELDOUT_TEST_S2_T047_U07,2026-09-04T11:30:00.000000Z,96,7,4,0.5714285714285714
2,KAPPA_HELDOUT_TEST_S2_T047,KAPPA_HELDOUT_TEST_S2_T047_U08,2026-09-04T11:30:00.000000Z,105,8,3,0.375
2,KAPPA_HELDOUT_TEST_S2_T047,KAPPA_HELDOUT_TEST_S2_T047_U09,2026-09-04T11:30:00.000000Z,90,4,0,0
2,KAPPA_HELDOUT_TEST_S2_T047,KAPPA_HELDOUT_TEST_S2_T047_U10,2026-09-04T11:30:00.000000Z,285,8,4,0.5
2,KAPPA_HELDOUT_TEST_S2_T048,KAPPA_HELDOUT_TEST_S2_T048_U01,2026-09-04T11:45:00.000000Z,1,7,3,0.42857142857142855
2,KAPPA_HELDOUT_TEST_S2_T048,KAPPA_HELDOUT_TEST_S2_T048_U02,2026-09-04T11:45:00.000000Z,167,9,2,0.2222222222222222
2,KAPPA_HELDOUT_TEST_S2_T048,KAPPA_HELDOUT_TEST_S2_T048_U03,2026-09-04T11:45:00.000000Z,202,13,5,0.38461538461538464
2,KAPPA_HELDOUT_TEST_S2_T048,KAPPA_HELDOUT_TEST_S2_T048_U04,2026-09-04T11:45:00.000000Z,119,10,6,0.6
2,KAPPA_HELDOUT_TEST_S2_T048,KAPPA_HELDOUT_TEST_S2_T048_U05,2026-09-04T11:45:00.000000Z,231,8,2,0.25
2,KAPPA_HELDOUT_TEST_S2_T048,KAPPA_HELDOUT_TEST_S2_T048_U06,2026-09-04T11:45:00.000000Z,236,13,9,0.6923076923076923
2,KAPPA_HELDOUT_TEST_S2_T048,KAPPA_HELDOUT_TEST_S2_T048_U07,2026-09-04T11:45:00.000000Z,183,10,6,0.6
2,KAPPA_HELDOUT_TEST_S2_T048,KAPPA_HELDOUT_TEST_S2_T048_U08,2026-09-04T11:45:00.000000Z,315,9,4,0.4444444444444444
2,KAPPA_HELDOUT_TEST_S2_T048,KAPPA_HELDOUT_TEST_S2_T048_U09,2026-09-04T11:45:00.000000Z,115,8,4,0.5
2,KAPPA_HELDOUT_TEST_S2_T048,KAPPA_HELDOUT_TEST_S2_T048_U10,2026-09-04T11:45:00.000000Z,59,8,3,0.375
2,KAPPA_HELDOUT_TEST_S2_T049,KAPPA_HELDOUT_TEST_S2_T049_U01,2026-09-04T12:00:00.000000Z,28,9,4,0.4444444444444444
2,KAPPA_HELDOUT_TEST_S2_T049,KAPPA_HELDOUT_TEST_S2_T049_U02,2026-09-04T12:00:00.000000Z,52,11,5,0.45454545454545453
2,KAPPA_HELDOUT_TEST_S2_T049,KAPPA_HELDOUT_TEST_S2_T049_U03,2026-09-04T12:00:00.000000Z,315,14,8,0.5714285714285714
2,KAPPA_HELDOUT_TEST_S2_T049,KAPPA_HELDOUT_TEST_S2_T049_U04,2026-09-04T12:00:00.000000Z,176,11,2,0.18181818181818182
2,KAPPA_HELDOUT_TEST_S2_T049,KAPPA_HELDOUT_TEST_S2_T049_U05,2026-09-04T12:00:00.000000Z,235,12,6,0.5
2,KAPPA_HELDOUT_TEST_S2_T049,KAPPA_HELDOUT_TEST_S2_T049_U06,2026-09-04T12:00:00.000000Z,90,14,10,0.7142857142857143
2,KAPPA_HELDOUT_TEST_S2_T049,KAPPA_HELDOUT_TEST_S2_T049_U07,2026-09-04T12:00:00.000000Z,205,10,6,0.6
2,KAPPA_HELDOUT_TEST_S2_T049,KAPPA_HELDOUT_TEST_S2_T049_U08,2026-09-04T12:00:00.000000Z,294,10,4,0.4
2,KAPPA_HELDOUT_TEST_S2_T049,KAPPA_HELDOUT_TEST_S2_T049_U09,2026-09-04T12:00:00.000000Z,307,7,3,0.42857142857142855
2,KAPPA_HELDOUT_TEST_S2_T049,KAPPA_HELDOUT_TEST_S2_T049_U10,2026-09-04T12:00:00.000000Z,171,9,5,0.5555555555555556
2,KAPPA_HELDOUT_TEST_S2_T050,KAPPA_HELDOUT_TEST_S2_T050_U01,2026-09-04T12:15:00.000000Z,250,13,7,0.5384615384615384
2,KAPPA_HELDOUT_TEST_S2_T050,KAPPA_HELDOUT_TEST_S2_T050_U02,2026-09-04T12:15:00.000000Z,144,10,3,0.3
2,KAPPA_HELDOUT_TEST_S2_T050,KAPPA_HELDOUT_TEST_S2_T050_U03,2026-09-04T12:15:00.000000Z,166,10,5,0.5
2,KAPPA_HELDOUT_TEST_S2_T050,KAPPA_HELDOUT_TEST_S2_T050_U04,2026-09-04T12:15:00.000000Z,90,13,9,0.6923076923076923
2,KAPPA_HELDOUT_TEST_S2_T050,KAPPA_HELDOUT_TEST_S2_T050_U05,2026-09-04T12:15:00.000000Z,220,8,5,0.625
2,KAPPA_HELDOUT_TEST_S2_T050,KAPPA_HELDOUT_TEST_S2_T050_U06,2026-09-04T12:15:00.000000Z,245,5,4,0.8
2,KAPPA_HELDOUT_TEST_S2_T050,KAPPA_HELDOUT_TEST_S2_T050_U07,2026-09-04T12:15:00.000000Z,21,9,5,0.5555555555555556
2,KAPPA_HELDOUT_TEST_S2_T050,KAPPA_HELDOUT_TEST_S2_T050_U08,2026-09-04T12:15:00.000000Z,256,11,5,0.45454545454545453
2,KAPPA_HELDOUT_TEST_S2_T050,KAPPA_HELDOUT_TEST_S2_T050_U09,2026-09-04T12:15:00.000000Z,144,11,2,0.18181818181818182
2,KAPPA_HELDOUT_TEST_S2_T050,KAPPA_HELDOUT_TEST_S2_T050_U10,2026-09-04T12:15:00.000000Z,220,8,5,0.625
2,KAPPA_HELDOUT_TEST_S2_T051,KAPPA_HELDOUT_TEST_S2_T051_U01,2026-09-04T12:30:00.000000Z,259,12,5,0.4166666666666667
2,KAPPA_HELDOUT_TEST_S2_T051,KAPPA_HELDOUT_TEST_S2_T051_U02,2026-09-04T12:30:00.000000Z,306,9,4,0.4444444444444444
2,KAPPA_HELDOUT_TEST_S2_T051,KAPPA_HELDOUT_TEST_S2_T051_U03,2026-09-04T12:30:00.000000Z,289,4,2,0.5
2,KAPPA_HELDOUT_TEST_S2_T051,KAPPA_HELDOUT_TEST_S2_T051_U04,2026-09-04T12:30:00.000000Z,138,11,5,0.45454545454545453
2,KAPPA_HELDOUT_TEST_S2_T051,KAPPA_HELDOUT_TEST_S2_T051_U05,2026-09-04T12:30:00.000000Z,207,15,8,0.5333333333333333
2,KAPPA_HELDOUT_TEST_S2_T051,KAPPA_HELDOUT_TEST_S2_T051_U06,2026-09-04T12:30:00.000000Z,212,19,7,0.3684210526315789
2,KAPPA_HELDOUT_TEST_S2_T051,KAPPA_HELDOUT_TEST_S2_T051_U07,2026-09-04T12:30:00.000000Z,132,7,2,0.2857142857142857
2,KAPPA_HELDOUT_TEST_S2_T051,KAPPA_HELDOUT_TEST_S2_T051_U08,2026-09-04T12:30:00.000000Z,171,11,3,0.2727272727272727
2,KAPPA_HELDOUT_TEST_S2_T051,KAPPA_HELDOUT_TEST_S2_T051_U09,2026-09-04T12:30:00.000000Z,250,15,6,0.4
2,KAPPA_HELDOUT_TEST_S2_T051,KAPPA_HELDOUT_TEST_S2_T051_U10,2026-09-04T12:30:00.000000Z,71,8,3,0.375
2,KAPPA_HELDOUT_TEST_S2_T052,KAPPA_HELDOUT_TEST_S2_T052_U01,2026-09-04T12:45:00.000000Z,238,9,5,0.5555555555555556
2,KAPPA_HELDOUT_TEST_S2_T052,KAPPA_HELDOUT_TEST_S2_T052_U02,2026-09-04T12:45:00.000000Z,292,8,5,0.625
2,KAPPA_HELDOUT_TEST_S2_T052,KAPPA_HELDOUT_TEST_S2_T052_U03,2026-09-04T12:45:00.000000Z,230,10,7,0.7
2,KAPPA_HELDOUT_TEST_S2_T052,KAPPA_HELDOUT_TEST_S2_T052_U04,2026-09-04T12:45:00.000000Z,103,5,2,0.4
2,KAPPA_HELDOUT_TEST_S2_T052,KAPPA_HELDOUT_TEST_S2_T052_U05,2026-09-04T12:45:00.000000Z,77,17,9,0.5294117647058824
2,KAPPA_HELDOUT_TEST_S2_T052,KAPPA_HELDOUT_TEST_S2_T052_U06,2026-09-04T12:45:00.000000Z,192,9,4,0.4444444444444444
2,KAPPA_HELDOUT_TEST_S2_T052,KAPPA_HELDOUT_TEST_S2_T052_U07,2026-09-04T12:45:00.000000Z,280,10,3,0.3
2,KAPPA_HELDOUT_TEST_S2_T052,KAPPA_HELDOUT_TEST_S2_T052_U08,2026-09-04T12:45:00.000000Z,109,11,4,0.36363636363636365
2,KAPPA_HELDOUT_TEST_S2_T052,KAPPA_HELDOUT_TEST_S2_T052_U09,2026-09-04T12:45:00.000000Z,265,14,5,0.35714285714285715
2,KAPPA_HELDOUT_TEST_S2_T052,KAPPA_HELDOUT_TEST_S2_T052_U10,2026-09-04T12:45:00.000000Z,125,11,6,0.5454545454545454
2,KAPPA_HELDOUT_TEST_S2_T053,KAPPA_HELDOUT_TEST_S2_T053_U01,2026-09-04T13:00:00.000000Z,56,13,5,0.38461538461538464
2,KAPPA_HELDOUT_TEST_S2_T053,KAPPA_HELDOUT_TEST_S2_T053_U02,2026-09-04T13:00:00.000000Z,126,11,6,0.5454545454545454
2,KAPPA_HELDOUT_TEST_S2_T053,KAPPA_HELDOUT_TEST_S2_T053_U03,2026-09-04T13:00:00.000000Z,262,8,6,0.75
2,KAPPA_HELDOUT_TEST_S2_T053,KAPPA_HELDOUT_TEST_S2_T053_U04,2026-09-04T13:00:00.000000Z,215,8,6,0.75
2,KAPPA_HELDOUT_TEST_S2_T053,KAPPA_HELDOUT_TEST_S2_T053_U05,2026-09-04T13:00:00.000000Z,179,7,3,0.42857142857142855
2,KAPPA_HELDOUT_TEST_S2_T053,KAPPA_HELDOUT_TEST_S2_T053_U06,2026-09-04T13:00:00.000000Z,22,6,3,0.5
2,KAPPA_HELDOUT_TEST_S2_T053,KAPPA_HELDOUT_TEST_S2_T053_U07,2026-09-04T13:00:00.000000Z,307,7,5,0.7142857142857143
2,KAPPA_HELDOUT_TEST_S2_T053,KAPPA_HELDOUT_TEST_S2_T053_U08,2026-09-04T13:00:00.000000Z,71,9,3,0.3333333333333333
2,KAPPA_HELDOUT_TEST_S2_T053,KAPPA_HELDOUT_TEST_S2_T053_U09,2026-09-04T13:00:00.000000Z,306,12,10,0.8333333333333334
2,KAPPA_HELDOUT_TEST_S2_T053,KAPPA_HELDOUT_TEST_S2_T053_U10,2026-09-04T13:00:00.000000Z,40,2,0,0
2,KAPPA_HELDOUT_TEST_S2_T054,KAPPA_HELDOUT_TEST_S2_T054_U01,2026-09-04T13:15:00.000000Z,97,9,5,0.5555555555555556
2,KAPPA_HELDOUT_TEST_S2_T054,KAPPA_HELDOUT_TEST_S2_T054_U02,2026-09-04T13:15:00.000000Z,212,11,3,0.2727272727272727
2,KAPPA_HELDOUT_TEST_S2_T054,KAPPA_HELDOUT_TEST_S2_T054_U03,2026-09-04T13:15:00.000000Z,80,16,10,0.625
2,KAPPA_HELDOUT_TEST_S2_T054,KAPPA_HELDOUT_TEST_S2_T054_U04,2026-09-04T13:15:00.000000Z,204,8,5,0.625
2,KAPPA_HELDOUT_TEST_S2_T054,KAPPA_HELDOUT_TEST_S2_T054_U05,2026-09-04T13:15:00.000000Z,75,18,11,0.6111111111111112
2,KAPPA_HELDOUT_TEST_S2_T054,KAPPA_HELDOUT_TEST_S2_T054_U06,2026-09-04T13:15:00.000000Z,265,15,9,0.6
2,KAPPA_HELDOUT_TEST_S2_T054,KAPPA_HELDOUT_TEST_S2_T054_U07,2026-09-04T13:15:00.000000Z,253,10,6,0.6
2,KAPPA_HELDOUT_TEST_S2_T054,KAPPA_HELDOUT_TEST_S2_T054_U08,2026-09-04T13:15:00.000000Z,164,16,11,0.6875
2,KAPPA_HELDOUT_TEST_S2_T054,KAPPA_HELDOUT_TEST_S2_T054_U09,2026-09-04T13:15:00.000000Z,231,7,5,0.7142857142857143
2,KAPPA_HELDOUT_TEST_S2_T054,KAPPA_HELDOUT_TEST_S2_T054_U10,2026-09-04T13:15:00.000000Z,256,9,4,0.4444444444444444
2,KAPPA_HELDOUT_TEST_S2_T055,KAPPA_HELDOUT_TEST_S2_T055_U01,2026-09-04T13:30:00.000000Z,153,12,8,0.6666666666666666
2,KAPPA_HELDOUT_TEST_S2_T055,KAPPA_HELDOUT_TEST_S2_T055_U02,2026-09-04T13:30:00.000000Z,293,9,3,0.3333333333333333
2,KAPPA_HELDOUT_TEST_S2_T055,KAPPA_HELDOUT_TEST_S2_T055_U03,2026-09-04T13:30:00.000000Z,275,13,5,0.38461538461538464
2,KAPPA_HELDOUT_TEST_S2_T055,KAPPA_HELDOUT_TEST_S2_T055_U04,2026-09-04T13:30:00.000000Z,135,7,4,0.5714285714285714
2,KAPPA_HELDOUT_TEST_S2_T055,KAPPA_HELDOUT_TEST_S2_T055_U05,2026-09-04T13:30:00.000000Z,265,15,4,0.26666666666666666
2,KAPPA_HELDOUT_TEST_S2_T055,KAPPA_HELDOUT_TEST_S2_T055_U06,2026-09-04T13:30:00.000000Z,142,9,3,0.3333333333333333
2,KAPPA_HELDOUT_TEST_S2_T055,KAPPA_HELDOUT_TEST_S2_T055_U07,2026-09-04T13:30:00.000000Z,305,7,4,0.5714285714285714
2,KAPPA_HELDOUT_TEST_S2_T055,KAPPA_HELDOUT_TEST_S2_T055_U08,2026-09-04T13:30:00.000000Z,153,7,6,0.8571428571428571
2,KAPPA_HELDOUT_TEST_S2_T055,KAPPA_HELDOUT_TEST_S2_T055_U09,2026-09-04T13:30:00.000000Z,258,11,7,0.6363636363636364
2,KAPPA_HELDOUT_TEST_S2_T055,KAPPA_HELDOUT_TEST_S2_T055_U10,2026-09-04T13:30:00.000000Z,37,8,5,0.625
2,KAPPA_HELDOUT_TEST_S2_T056,KAPPA_HELDOUT_TEST_S2_T056_U01,2026-09-04T13:45:00.000000Z,303,8,2,0.25
2,KAPPA_HELDOUT_TEST_S2_T056,KAPPA_HELDOUT_TEST_S2_T056_U02,2026-09-04T13:45:00.000000Z,292,10,5,0.5
2,KAPPA_HELDOUT_TEST_S2_T056,KAPPA_HELDOUT_TEST_S2_T056_U03,2026-09-04T13:45:00.000000Z,227,10,5,0.5
2,KAPPA_HELDOUT_TEST_S2_T056,KAPPA_HELDOUT_TEST_S2_T056_U04,2026-09-04T13:45:00.000000Z,229,11,6,0.5454545454545454
2,KAPPA_HELDOUT_TEST_S2_T056,KAPPA_HELDOUT_TEST_S2_T056_U05,2026-09-04T13:45:00.000000Z,63,9,3,0.3333333333333333
2,KAPPA_HELDOUT_TEST_S2_T056,KAPPA_HELDOUT_TEST_S2_T056_U06,2026-09-04T13:45:00.000000Z,56,10,6,0.6
2,KAPPA_HELDOUT_TEST_S2_T056,KAPPA_HELDOUT_TEST_S2_T056_U07,2026-09-04T13:45:00.000000Z,224,7,4,0.5714285714285714
2,KAPPA_HELDOUT_TEST_S2_T056,KAPPA_HELDOUT_TEST_S2_T056_U08,2026-09-04T13:45:00.000000Z,266,13,2,0.15384615384615385
2,KAPPA_HELDOUT_TEST_S2_T056,KAPPA_HELDOUT_TEST_S2_T056_U09,2026-09-04T13:45:00.000000Z,17,8,5,0.625
2,KAPPA_HELDOUT_TEST_S2_T056,KAPPA_HELDOUT_TEST_S2_T056_U10,2026-09-04T13:45:00.000000Z,4,7,2,0.2857142857142857
2,KAPPA_HELDOUT_TEST_S2_T057,KAPPA_HELDOUT_TEST_S2_T057_U01,2026-09-04T14:00:00.000000Z,203,4,3,0.75
2,KAPPA_HELDOUT_TEST_S2_T057,KAPPA_HELDOUT_TEST_S2_T057_U02,2026-09-04T14:00:00.000000Z,272,7,5,0.7142857142857143
2,KAPPA_HELDOUT_TEST_S2_T057,KAPPA_HELDOUT_TEST_S2_T057_U03,2026-09-04T14:00:00.000000Z,119,11,7,0.6363636363636364
2,KAPPA_HELDOUT_TEST_S2_T057,KAPPA_HELDOUT_TEST_S2_T057_U04,2026-09-04T14:00:00.000000Z,183,13,9,0.6923076923076923
2,KAPPA_HELDOUT_TEST_S2_T057,KAPPA_HELDOUT_TEST_S2_T057_U05,2026-09-04T14:00:00.000000Z,61,4,3,0.75
2,KAPPA_HELDOUT_TEST_S2_T057,KAPPA_HELDOUT_TEST_S2_T057_U06,2026-09-04T14:00:00.000000Z,91,9,1,0.1111111111111111
2,KAPPA_HELDOUT_TEST_S2_T057,KAPPA_HELDOUT_TEST_S2_T057_U07,2026-09-04T14:00:00.000000Z,63,13,10,0.7692307692307693
2,KAPPA_HELDOUT_TEST_S2_T057,KAPPA_HELDOUT_TEST_S2_T057_U08,2026-09-04T14:00:00.000000Z,67,12,5,0.4166666666666667
2,KAPPA_HELDOUT_TEST_S2_T057,KAPPA_HELDOUT_TEST_S2_T057_U09,2026-09-04T14:00:00.000000Z,69,12,6,0.5
2,KAPPA_HELDOUT_TEST_S2_T057,KAPPA_HELDOUT_TEST_S2_T057_U10,2026-09-04T14:00:00.000000Z,158,17,9,0.5294117647058824
2,KAPPA_HELDOUT_TEST_S2_T058,KAPPA_HELDOUT_TEST_S2_T058_U01,2026-09-04T14:15:00.000000Z,79,13,5,0.38461538461538464
2,KAPPA_HELDOUT_TEST_S2_T058,KAPPA_HELDOUT_TEST_S2_T058_U02,2026-09-04T14:15:00.000000Z,106,12,6,0.5
2,KAPPA_HELDOUT_TEST_S2_T058,KAPPA_HELDOUT_TEST_S2_T058_U03,2026-09-04T14:15:00.000000Z,307,7,2,0.2857142857142857
2,KAPPA_HELDOUT_TEST_S2_T058,KAPPA_HELDOUT_TEST_S2_T058_U04,2026-09-04T14:15:00.000000Z,253,8,5,0.625
2,KAPPA_HELDOUT_TEST_S2_T058,KAPPA_HELDOUT_TEST_S2_T058_U05,2026-09-04T14:15:00.000000Z,280,16,5,0.3125
2,KAPPA_HELDOUT_TEST_S2_T058,KAPPA_HELDOUT_TEST_S2_T058_U06,2026-09-04T14:15:00.000000Z,47,11,3,0.2727272727272727
2,KAPPA_HELDOUT_TEST_S2_T058,KAPPA_HELDOUT_TEST_S2_T058_U07,2026-09-04T14:15:00.000000Z,210,6,3,0.5
2,KAPPA_HELDOUT_TEST_S2_T058,KAPPA_HELDOUT_TEST_S2_T058_U08,2026-09-04T14:15:00.000000Z,43,19,11,0.5789473684210527
2,KAPPA_HELDOUT_TEST_S2_T058,KAPPA_HELDOUT_TEST_S2_T058_U09,2026-09-04T14:15:00.000000Z,59,12,5,0.4166666666666667
2,KAPPA_HELDOUT_TEST_S2_T058,KAPPA_HELDOUT_TEST_S2_T058_U10,2026-09-04T14:15:00.000000Z,164,13,7,0.5384615384615384
2,KAPPA_HELDOUT_TEST_S2_T059,KAPPA_HELDOUT_TEST_S2_T059_U01,2026-09-04T14:30:00.000000Z,275,14,7,0.5
2,KAPPA_HELDOUT_TEST_S2_T059,KAPPA_HELDOUT_TEST_S2_T059_U02,2026-09-04T14:30:00.000000Z,272,13,7,0.5384615384615384
2,KAPPA_HELDOUT_TEST_S2_T059,KAPPA_HELDOUT_TEST_S2_T059_U03,2026-09-04T14:30:00.000000Z,114,14,5,0.35714285714285715
2,KAPPA_HELDOUT_TEST_S2_T059,KAPPA_HELDOUT_TEST_S2_T059_U04,2026-09-04T14:30:00.000000Z,101,14,5,0.35714285714285715
2,KAPPA_HELDOUT_TEST_S2_T059,KAPPA_HELDOUT_TEST_S2_T059_U05,2026-09-04T14:30:00.000000Z,320,8,5,0.625
2,KAPPA_HELDOUT_TEST_S2_T059,KAPPA_HELDOUT_TEST_S2_T059_U06,2026-09-04T14:30:00.000000Z,313,10,2,0.2
2,KAPPA_HELDOUT_TEST_S2_T059,KAPPA_HELDOUT_TEST_S2_T059_U07,2026-09-04T14:30:00.000000Z,31,14,11,0.7857142857142857
2,KAPPA_HELDOUT_TEST_S2_T059,KAPPA_HELDOUT_TEST_S2_T059_U08,2026-09-04T14:30:00.000000Z,277,9,2,0.2222222222222222
2,KAPPA_HELDOUT_TEST_S2_T059,KAPPA_HELDOUT_TEST_S2_T059_U09,2026-09-04T14:30:00.000000Z,233,8,2,0.25
2,KAPPA_HELDOUT_TEST_S2_T059,KAPPA_HELDOUT_TEST_S2_T059_U10,2026-09-04T14:30:00.000000Z,49,14,5,0.35714285714285715
2,KAPPA_HELDOUT_TEST_S2_T060,KAPPA_HELDOUT_TEST_S2_T060_U01,2026-09-04T14:45:00.000000Z,105,15,8,0.5333333333333333
2,KAPPA_HELDOUT_TEST_S2_T060,KAPPA_HELDOUT_TEST_S2_T060_U02,2026-09-04T14:45:00.000000Z,273,14,9,0.6428571428571429
2,KAPPA_HELDOUT_TEST_S2_T060,KAPPA_HELDOUT_TEST_S2_T060_U03,2026-09-04T14:45:00.000000Z,102,18,9,0.5
2,KAPPA_HELDOUT_TEST_S2_T060,KAPPA_HELDOUT_TEST_S2_T060_U04,2026-09-04T14:45:00.000000Z,164,8,3,0.375
2,KAPPA_HELDOUT_TEST_S2_T060,KAPPA_HELDOUT_TEST_S2_T060_U05,2026-09-04T14:45:00.000000Z,22,17,10,0.5882352941176471
2,KAPPA_HELDOUT_TEST_S2_T060,KAPPA_HELDOUT_TEST_S2_T060_U06,2026-09-04T14:45:00.000000Z,236,11,7,0.6363636363636364
2,KAPPA_HELDOUT_TEST_S2_T060,KAPPA_HELDOUT_TEST_S2_T060_U07,2026-09-04T14:45:00.000000Z,260,11,6,0.5454545454545454
2,KAPPA_HELDOUT_TEST_S2_T060,KAPPA_HELDOUT_TEST_S2_T060_U08,2026-09-04T14:45:00.000000Z,318,14,7,0.5
2,KAPPA_HELDOUT_TEST_S2_T060,KAPPA_HELDOUT_TEST_S2_T060_U09,2026-09-04T14:45:00.000000Z,155,10,3,0.3
2,KAPPA_HELDOUT_TEST_S2_T060,KAPPA_HELDOUT_TEST_S2_T060_U10,2026-09-04T14:45:00.000000Z,178,10,8,0.8
3,KAPPA_HELDOUT_TEST_S3_T001,KAPPA_HELDOUT_TEST_S3_T001_U01,2026-09-07T00:00:00.000000Z,171,12,9,0.75
3,KAPPA_HELDOUT_TEST_S3_T001,KAPPA_HELDOUT_TEST_S3_T001_U02,2026-09-07T00:00:00.000000Z,295,10,4,0.4
3,KAPPA_HELDOUT_TEST_S3_T001,KAPPA_HELDOUT_TEST_S3_T001_U03,2026-09-07T00:00:00.000000Z,2,8,3,0.375
3,KAPPA_HELDOUT_TEST_S3_T001,KAPPA_HELDOUT_TEST_S3_T001_U04,2026-09-07T00:00:00.000000Z,24,9,5,0.5555555555555556
3,KAPPA_HELDOUT_TEST_S3_T001,KAPPA_HELDOUT_TEST_S3_T001_U05,2026-09-07T00:00:00.000000Z,23,12,4,0.3333333333333333
3,KAPPA_HELDOUT_TEST_S3_T001,KAPPA_HELDOUT_TEST_S3_T001_U06,2026-09-07T00:00:00.000000Z,50,15,10,0.6666666666666666
3,KAPPA_HELDOUT_TEST_S3_T001,KAPPA_HELDOUT_TEST_S3_T001_U07,2026-09-07T00:00:00.000000Z,307,11,5,0.45454545454545453
3,KAPPA_HELDOUT_TEST_S3_T001,KAPPA_HELDOUT_TEST_S3_T001_U08,2026-09-07T00:00:00.000000Z,43,9,4,0.4444444444444444
3,KAPPA_HELDOUT_TEST_S3_T001,KAPPA_HELDOUT_TEST_S3_T001_U09,2026-09-07T00:00:00.000000Z,205,9,6,0.6666666666666666
3,KAPPA_HELDOUT_TEST_S3_T001,KAPPA_HELDOUT_TEST_S3_T001_U10,2026-09-07T00:00:00.000000Z,268,12,8,0.6666666666666666
3,KAPPA_HELDOUT_TEST_S3_T002,KAPPA_HELDOUT_TEST_S3_T002_U01,2026-09-07T00:15:00.000000Z,189,7,6,0.8571428571428571
3,KAPPA_HELDOUT_TEST_S3_T002,KAPPA_HELDOUT_TEST_S3_T002_U02,2026-09-07T00:15:00.000000Z,276,7,5,0.7142857142857143
3,KAPPA_HELDOUT_TEST_S3_T002,KAPPA_HELDOUT_TEST_S3_T002_U03,2026-09-07T00:15:00.000000Z,127,9,3,0.3333333333333333
3,KAPPA_HELDOUT_TEST_S3_T002,KAPPA_HELDOUT_TEST_S3_T002_U04,2026-09-07T00:15:00.000000Z,27,10,4,0.4
3,KAPPA_HELDOUT_TEST_S3_T002,KAPPA_HELDOUT_TEST_S3_T002_U05,2026-09-07T00:15:00.000000Z,8,9,2,0.2222222222222222
3,KAPPA_HELDOUT_TEST_S3_T002,KAPPA_HELDOUT_TEST_S3_T002_U06,2026-09-07T00:15:00.000000Z,41,14,8,0.5714285714285714
3,KAPPA_HELDOUT_TEST_S3_T002,KAPPA_HELDOUT_TEST_S3_T002_U07,2026-09-07T00:15:00.000000Z,34,7,2,0.2857142857142857
3,KAPPA_HELDOUT_TEST_S3_T002,KAPPA_HELDOUT_TEST_S3_T002_U08,2026-09-07T00:15:00.000000Z,92,8,5,0.625
3,KAPPA_HELDOUT_TEST_S3_T002,KAPPA_HELDOUT_TEST_S3_T002_U09,2026-09-07T00:15:00.000000Z,171,7,4,0.5714285714285714
3,KAPPA_HELDOUT_TEST_S3_T002,KAPPA_HELDOUT_TEST_S3_T002_U10,2026-09-07T00:15:00.000000Z,38,10,7,0.7
3,KAPPA_HELDOUT_TEST_S3_T003,KAPPA_HELDOUT_TEST_S3_T003_U01,2026-09-07T00:30:00.000000Z,159,16,8,0.5
3,KAPPA_HELDOUT_TEST_S3_T003,KAPPA_HELDOUT_TEST_S3_T003_U02,2026-09-07T00:30:00.000000Z,13,4,2,0.5
3,KAPPA_HELDOUT_TEST_S3_T003,KAPPA_HELDOUT_TEST_S3_T003_U03,2026-09-07T00:30:00.000000Z,309,13,7,0.5384615384615384
3,KAPPA_HELDOUT_TEST_S3_T003,KAPPA_HELDOUT_TEST_S3_T003_U04,2026-09-07T00:30:00.000000Z,133,10,3,0.3
3,KAPPA_HELDOUT_TEST_S3_T003,KAPPA_HELDOUT_TEST_S3_T003_U05,2026-09-07T00:30:00.000000Z,138,11,6,0.5454545454545454
3,KAPPA_HELDOUT_TEST_S3_T003,KAPPA_HELDOUT_TEST_S3_T003_U06,2026-09-07T00:30:00.000000Z,30,14,8,0.5714285714285714
3,KAPPA_HELDOUT_TEST_S3_T003,KAPPA_HELDOUT_TEST_S3_T003_U07,2026-09-07T00:30:00.000000Z,252,11,5,0.45454545454545453
3,KAPPA_HELDOUT_TEST_S3_T003,KAPPA_HELDOUT_TEST_S3_T003_U08,2026-09-07T00:30:00.000000Z,33,12,4,0.3333333333333333
3,KAPPA_HELDOUT_TEST_S3_T003,KAPPA_HELDOUT_TEST_S3_T003_U09,2026-09-07T00:30:00.000000Z,104,8,4,0.5
3,KAPPA_HELDOUT_TEST_S3_T003,KAPPA_HELDOUT_TEST_S3_T003_U10,2026-09-07T00:30:00.000000Z,297,13,9,0.6923076923076923
3,KAPPA_HELDOUT_TEST_S3_T004,KAPPA_HELDOUT_TEST_S3_T004_U01,2026-09-07T00:45:00.000000Z,177,7,4,0.5714285714285714
3,KAPPA_HELDOUT_TEST_S3_T004,KAPPA_HELDOUT_TEST_S3_T004_U02,2026-09-07T00:45:00.000000Z,14,7,4,0.5714285714285714
3,KAPPA_HELDOUT_TEST_S3_T004,KAPPA_HELDOUT_TEST_S3_T004_U03,2026-09-07T00:45:00.000000Z,178,11,8,0.7272727272727273
3,KAPPA_HELDOUT_TEST_S3_T004,KAPPA_HELDOUT_TEST_S3_T004_U04,2026-09-07T00:45:00.000000Z,172,9,5,0.5555555555555556
3,KAPPA_HELDOUT_TEST_S3_T004,KAPPA_HELDOUT_TEST_S3_T004_U05,2026-09-07T00:45:00.000000Z,161,9,7,0.7777777777777778
3,KAPPA_HELDOUT_TEST_S3_T004,KAPPA_HELDOUT_TEST_S3_T004_U06,2026-09-07T00:45:00.000000Z,12,6,2,0.3333333333333333
3,KAPPA_HELDOUT_TEST_S3_T004,KAPPA_HELDOUT_TEST_S3_T004_U07,2026-09-07T00:45:00.000000Z,183,8,6,0.75
3,KAPPA_HELDOUT_TEST_S3_T004,KAPPA_HELDOUT_TEST_S3_T004_U08,2026-09-07T00:45:00.000000Z,5,10,5,0.5
3,KAPPA_HELDOUT_TEST_S3_T004,KAPPA_HELDOUT_TEST_S3_T004_U09,2026-09-07T00:45:00.000000Z,301,7,3,0.42857142857142855
3,KAPPA_HELDOUT_TEST_S3_T004,KAPPA_HELDOUT_TEST_S3_T004_U10,2026-09-07T00:45:00.000000Z,85,13,6,0.46153846153846156
3,KAPPA_HELDOUT_TEST_S3_T005,KAPPA_HELDOUT_TEST_S3_T005_U01,2026-09-07T01:00:00.000000Z,16,11,3,0.2727272727272727
3,KAPPA_HELDOUT_TEST_S3_T005,KAPPA_HELDOUT_TEST_S3_T005_U02,2026-09-07T01:00:00.000000Z,73,10,8,0.8
3,KAPPA_HELDOUT_TEST_S3_T005,KAPPA_HELDOUT_TEST_S3_T005_U03,2026-09-07T01:00:00.000000Z,195,14,7,0.5
3,KAPPA_HELDOUT_TEST_S3_T005,KAPPA_HELDOUT_TEST_S3_T005_U04,2026-09-07T01:00:00.000000Z,18,17,10,0.5882352941176471
3,KAPPA_HELDOUT_TEST_S3_T005,KAPPA_HELDOUT_TEST_S3_T005_U05,2026-09-07T01:00:00.000000Z,248,6,4,0.6666666666666666
3,KAPPA_HELDOUT_TEST_S3_T005,KAPPA_HELDOUT_TEST_S3_T005_U06,2026-09-07T01:00:00.000000Z,299,10,2,0.2
3,KAPPA_HELDOUT_TEST_S3_T005,KAPPA_HELDOUT_TEST_S3_T005_U07,2026-09-07T01:00:00.000000Z,81,10,6,0.6
3,KAPPA_HELDOUT_TEST_S3_T005,KAPPA_HELDOUT_TEST_S3_T005_U08,2026-09-07T01:00:00.000000Z,220,12,6,0.5
3,KAPPA_HELDOUT_TEST_S3_T005,KAPPA_HELDOUT_TEST_S3_T005_U09,2026-09-07T01:00:00.000000Z,268,13,7,0.5384615384615384
3,KAPPA_HELDOUT_TEST_S3_T005,KAPPA_HELDOUT_TEST_S3_T005_U10,2026-09-07T01:00:00.000000Z,174,7,1,0.14285714285714285
3,KAPPA_HELDOUT_TEST_S3_T006,KAPPA_HELDOUT_TEST_S3_T006_U01,2026-09-07T01:15:00.000000Z,46,17,11,0.6470588235294118
3,KAPPA_HELDOUT_TEST_S3_T006,KAPPA_HELDOUT_TEST_S3_T006_U02,2026-09-07T01:15:00.000000Z,60,10,4,0.4
3,KAPPA_HELDOUT_TEST_S3_T006,KAPPA_HELDOUT_TEST_S3_T006_U03,2026-09-07T01:15:00.000000Z,165,10,3,0.3
3,KAPPA_HELDOUT_TEST_S3_T006,KAPPA_HELDOUT_TEST_S3_T006_U04,2026-09-07T01:15:00.000000Z,44,4,2,0.5
3,KAPPA_HELDOUT_TEST_S3_T006,KAPPA_HELDOUT_TEST_S3_T006_U05,2026-09-07T01:15:00.000000Z,232,16,8,0.5
3,KAPPA_HELDOUT_TEST_S3_T006,KAPPA_HELDOUT_TEST_S3_T006_U06,2026-09-07T01:15:00.000000Z,311,12,7,0.5833333333333334
3,KAPPA_HELDOUT_TEST_S3_T006,KAPPA_HELDOUT_TEST_S3_T006_U07,2026-09-07T01:15:00.000000Z,281,16,11,0.6875
3,KAPPA_HELDOUT_TEST_S3_T006,KAPPA_HELDOUT_TEST_S3_T006_U08,2026-09-07T01:15:00.000000Z,238,9,3,0.3333333333333333
3,KAPPA_HELDOUT_TEST_S3_T006,KAPPA_HELDOUT_TEST_S3_T006_U09,2026-09-07T01:15:00.000000Z,201,10,5,0.5
3,KAPPA_HELDOUT_TEST_S3_T006,KAPPA_HELDOUT_TEST_S3_T006_U10,2026-09-07T01:15:00.000000Z,200,10,7,0.7
3,KAPPA_HELDOUT_TEST_S3_T007,KAPPA_HELDOUT_TEST_S3_T007_U01,2026-09-07T01:30:00.000000Z,66,13,6,0.46153846153846156
3,KAPPA_HELDOUT_TEST_S3_T007,KAPPA_HELDOUT_TEST_S3_T007_U02,2026-09-07T01:30:00.000000Z,309,10,3,0.3
3,KAPPA_HELDOUT_TEST_S3_T007,KAPPA_HELDOUT_TEST_S3_T007_U03,2026-09-07T01:30:00.000000Z,227,4,3,0.75
3,KAPPA_HELDOUT_TEST_S3_T007,KAPPA_HELDOUT_TEST_S3_T007_U04,2026-09-07T01:30:00.000000Z,90,7,5,0.7142857142857143
3,KAPPA_HELDOUT_TEST_S3_T007,KAPPA_HELDOUT_TEST_S3_T007_U05,2026-09-07T01:30:00.000000Z,302,10,5,0.5
3,KAPPA_HELDOUT_TEST_S3_T007,KAPPA_HELDOUT_TEST_S3_T007_U06,2026-09-07T01:30:00.000000Z,267,10,6,0.6
3,KAPPA_HELDOUT_TEST_S3_T007,KAPPA_HELDOUT_TEST_S3_T007_U07,2026-09-07T01:30:00.000000Z,212,8,5,0.625
3,KAPPA_HELDOUT_TEST_S3_T007,KAPPA_HELDOUT_TEST_S3_T007_U08,2026-09-07T01:30:00.000000Z,66,10,7,0.7
3,KAPPA_HELDOUT_TEST_S3_T007,KAPPA_HELDOUT_TEST_S3_T007_U09,2026-09-07T01:30:00.000000Z,176,10,6,0.6
3,KAPPA_HELDOUT_TEST_S3_T007,KAPPA_HELDOUT_TEST_S3_T007_U10,2026-09-07T01:30:00.000000Z,122,11,2,0.18181818181818182
3,KAPPA_HELDOUT_TEST_S3_T008,KAPPA_HELDOUT_TEST_S3_T008_U01,2026-09-07T01:45:00.000000Z,274,8,4,0.5
3,KAPPA_HELDOUT_TEST_S3_T008,KAPPA_HELDOUT_TEST_S3_T008_U02,2026-09-07T01:45:00.000000Z,174,11,5,0.45454545454545453
3,KAPPA_HELDOUT_TEST_S3_T008,KAPPA_HELDOUT_TEST_S3_T008_U03,2026-09-07T01:45:00.000000Z,281,12,6,0.5
3,KAPPA_HELDOUT_TEST_S3_T008,KAPPA_HELDOUT_TEST_S3_T008_U04,2026-09-07T01:45:00.000000Z,254,7,3,0.42857142857142855
3,KAPPA_HELDOUT_TEST_S3_T008,KAPPA_HELDOUT_TEST_S3_T008_U05,2026-09-07T01:45:00.000000Z,315,12,10,0.8333333333333334
3,KAPPA_HELDOUT_TEST_S3_T008,KAPPA_HELDOUT_TEST_S3_T008_U06,2026-09-07T01:45:00.000000Z,294,9,4,0.4444444444444444
3,KAPPA_HELDOUT_TEST_S3_T008,KAPPA_HELDOUT_TEST_S3_T008_U07,2026-09-07T01:45:00.000000Z,145,12,8,0.6666666666666666
3,KAPPA_HELDOUT_TEST_S3_T008,KAPPA_HELDOUT_TEST_S3_T008_U08,2026-09-07T01:45:00.000000Z,32,12,7,0.5833333333333334
3,KAPPA_HELDOUT_TEST_S3_T008,KAPPA_HELDOUT_TEST_S3_T008_U09,2026-09-07T01:45:00.000000Z,200,11,7,0.6363636363636364
3,KAPPA_HELDOUT_TEST_S3_T008,KAPPA_HELDOUT_TEST_S3_T008_U10,2026-09-07T01:45:00.000000Z,69,8,3,0.375
3,KAPPA_HELDOUT_TEST_S3_T009,KAPPA_HELDOUT_TEST_S3_T009_U01,2026-09-07T02:00:00.000000Z,128,11,8,0.7272727272727273
3,KAPPA_HELDOUT_TEST_S3_T009,KAPPA_HELDOUT_TEST_S3_T009_U02,2026-09-07T02:00:00.000000Z,279,13,7,0.5384615384615384
3,KAPPA_HELDOUT_TEST_S3_T009,KAPPA_HELDOUT_TEST_S3_T009_U03,2026-09-07T02:00:00.000000Z,88,11,6,0.5454545454545454
3,KAPPA_HELDOUT_TEST_S3_T009,KAPPA_HELDOUT_TEST_S3_T009_U04,2026-09-07T02:00:00.000000Z,97,13,11,0.8461538461538461
3,KAPPA_HELDOUT_TEST_S3_T009,KAPPA_HELDOUT_TEST_S3_T009_U05,2026-09-07T02:00:00.000000Z,82,14,8,0.5714285714285714
3,KAPPA_HELDOUT_TEST_S3_T009,KAPPA_HELDOUT_TEST_S3_T009_U06,2026-09-07T02:00:00.000000Z,181,14,7,0.5
3,KAPPA_HELDOUT_TEST_S3_T009,KAPPA_HELDOUT_TEST_S3_T009_U07,2026-09-07T02:00:00.000000Z,42,6,3,0.5
3,KAPPA_HELDOUT_TEST_S3_T009,KAPPA_HELDOUT_TEST_S3_T009_U08,2026-09-07T02:00:00.000000Z,76,9,5,0.5555555555555556
3,KAPPA_HELDOUT_TEST_S3_T009,KAPPA_HELDOUT_TEST_S3_T009_U09,2026-09-07T02:00:00.000000Z,205,11,6,0.5454545454545454
3,KAPPA_HELDOUT_TEST_S3_T009,KAPPA_HELDOUT_TEST_S3_T009_U10,2026-09-07T02:00:00.000000Z,268,9,4,0.4444444444444444
3,KAPPA_HELDOUT_TEST_S3_T010,KAPPA_HELDOUT_TEST_S3_T010_U01,2026-09-07T02:15:00.000000Z,58,14,7,0.5
3,KAPPA_HELDOUT_TEST_S3_T010,KAPPA_HELDOUT_TEST_S3_T010_U02,2026-09-07T02:15:00.000000Z,130,11,3,0.2727272727272727
3,KAPPA_HELDOUT_TEST_S3_T010,KAPPA_HELDOUT_TEST_S3_T010_U03,2026-09-07T02:15:00.000000Z,203,11,8,0.7272727272727273
3,KAPPA_HELDOUT_TEST_S3_T010,KAPPA_HELDOUT_TEST_S3_T010_U04,2026-09-07T02:15:00.000000Z,193,11,3,0.2727272727272727
3,KAPPA_HELDOUT_TEST_S3_T010,KAPPA_HELDOUT_TEST_S3_T010_U05,2026-09-07T02:15:00.000000Z,273,15,5,0.3333333333333333
3,KAPPA_HELDOUT_TEST_S3_T010,KAPPA_HELDOUT_TEST_S3_T010_U06,2026-09-07T02:15:00.000000Z,116,7,4,0.5714285714285714
3,KAPPA_HELDOUT_TEST_S3_T010,KAPPA_HELDOUT_TEST_S3_T010_U07,2026-09-07T02:15:00.000000Z,311,11,6,0.5454545454545454
3,KAPPA_HELDOUT_TEST_S3_T010,KAPPA_HELDOUT_TEST_S3_T010_U08,2026-09-07T02:15:00.000000Z,297,14,11,0.7857142857142857
3,KAPPA_HELDOUT_TEST_S3_T010,KAPPA_HELDOUT_TEST_S3_T010_U09,2026-09-07T02:15:00.000000Z,149,15,7,0.4666666666666667
3,KAPPA_HELDOUT_TEST_S3_T010,KAPPA_HELDOUT_TEST_S3_T010_U10,2026-09-07T02:15:00.000000Z,309,12,7,0.5833333333333334
3,KAPPA_HELDOUT_TEST_S3_T011,KAPPA_HELDOUT_TEST_S3_T011_U01,2026-09-07T02:30:00.000000Z,246,11,5,0.45454545454545453
3,KAPPA_HELDOUT_TEST_S3_T011,KAPPA_HELDOUT_TEST_S3_T011_U02,2026-09-07T02:30:00.000000Z,218,11,6,0.5454545454545454
3,KAPPA_HELDOUT_TEST_S3_T011,KAPPA_HELDOUT_TEST_S3_T011_U03,2026-09-07T02:30:00.000000Z,170,12,6,0.5
3,KAPPA_HELDOUT_TEST_S3_T011,KAPPA_HELDOUT_TEST_S3_T011_U04,2026-09-07T02:30:00.000000Z,132,10,3,0.3
3,KAPPA_HELDOUT_TEST_S3_T011,KAPPA_HELDOUT_TEST_S3_T011_U05,2026-09-07T02:30:00.000000Z,230,10,7,0.7
3,KAPPA_HELDOUT_TEST_S3_T011,KAPPA_HELDOUT_TEST_S3_T011_U06,2026-09-07T02:30:00.000000Z,7,16,9,0.5625
3,KAPPA_HELDOUT_TEST_S3_T011,KAPPA_HELDOUT_TEST_S3_T011_U07,2026-09-07T02:30:00.000000Z,304,13,9,0.6923076923076923
3,KAPPA_HELDOUT_TEST_S3_T011,KAPPA_HELDOUT_TEST_S3_T011_U08,2026-09-07T02:30:00.000000Z,231,9,4,0.4444444444444444
3,KAPPA_HELDOUT_TEST_S3_T011,KAPPA_HELDOUT_TEST_S3_T011_U09,2026-09-07T02:30:00.000000Z,310,8,4,0.5
3,KAPPA_HELDOUT_TEST_S3_T011,KAPPA_HELDOUT_TEST_S3_T011_U10,2026-09-07T02:30:00.000000Z,163,19,10,0.5263157894736842
3,KAPPA_HELDOUT_TEST_S3_T012,KAPPA_HELDOUT_TEST_S3_T012_U01,2026-09-07T02:45:00.000000Z,61,5,3,0.6
3,KAPPA_HELDOUT_TEST_S3_T012,KAPPA_HELDOUT_TEST_S3_T012_U02,2026-09-07T02:45:00.000000Z,209,6,4,0.6666666666666666
3,KAPPA_HELDOUT_TEST_S3_T012,KAPPA_HELDOUT_TEST_S3_T012_U03,2026-09-07T02:45:00.000000Z,226,10,3,0.3
3,KAPPA_HELDOUT_TEST_S3_T012,KAPPA_HELDOUT_TEST_S3_T012_U04,2026-09-07T02:45:00.000000Z,121,12,5,0.4166666666666667
3,KAPPA_HELDOUT_TEST_S3_T012,KAPPA_HELDOUT_TEST_S3_T012_U05,2026-09-07T02:45:00.000000Z,68,15,9,0.6
3,KAPPA_HELDOUT_TEST_S3_T012,KAPPA_HELDOUT_TEST_S3_T012_U06,2026-09-07T02:45:00.000000Z,92,8,5,0.625
3,KAPPA_HELDOUT_TEST_S3_T012,KAPPA_HELDOUT_TEST_S3_T012_U07,2026-09-07T02:45:00.000000Z,50,12,7,0.5833333333333334
3,KAPPA_HELDOUT_TEST_S3_T012,KAPPA_HELDOUT_TEST_S3_T012_U08,2026-09-07T02:45:00.000000Z,46,6,4,0.6666666666666666
3,KAPPA_HELDOUT_TEST_S3_T012,KAPPA_HELDOUT_TEST_S3_T012_U09,2026-09-07T02:45:00.000000Z,31,7,3,0.42857142857142855
3,KAPPA_HELDOUT_TEST_S3_T012,KAPPA_HELDOUT_TEST_S3_T012_U10,2026-09-07T02:45:00.000000Z,210,14,10,0.7142857142857143
3,KAPPA_HELDOUT_TEST_S3_T013,KAPPA_HELDOUT_TEST_S3_T013_U01,2026-09-07T03:00:00.000000Z,103,14,7,0.5
3,KAPPA_HELDOUT_TEST_S3_T013,KAPPA_HELDOUT_TEST_S3_T013_U02,2026-09-07T03:00:00.000000Z,242,13,5,0.38461538461538464
3,KAPPA_HELDOUT_TEST_S3_T013,KAPPA_HELDOUT_TEST_S3_T013_U03,2026-09-07T03:00:00.000000Z,126,6,2,0.3333333333333333
3,KAPPA_HELDOUT_TEST_S3_T013,KAPPA_HELDOUT_TEST_S3_T013_U04,2026-09-07T03:00:00.000000Z,127,9,4,0.4444444444444444
3,KAPPA_HELDOUT_TEST_S3_T013,KAPPA_HELDOUT_TEST_S3_T013_U05,2026-09-07T03:00:00.000000Z,37,8,6,0.75
3,KAPPA_HELDOUT_TEST_S3_T013,KAPPA_HELDOUT_TEST_S3_T013_U06,2026-09-07T03:00:00.000000Z,23,13,6,0.46153846153846156
3,KAPPA_HELDOUT_TEST_S3_T013,KAPPA_HELDOUT_TEST_S3_T013_U07,2026-09-07T03:00:00.000000Z,232,10,6,0.6
3,KAPPA_HELDOUT_TEST_S3_T013,KAPPA_HELDOUT_TEST_S3_T013_U08,2026-09-07T03:00:00.000000Z,107,12,9,0.75
3,KAPPA_HELDOUT_TEST_S3_T013,KAPPA_HELDOUT_TEST_S3_T013_U09,2026-09-07T03:00:00.000000Z,239,15,11,0.7333333333333333
3,KAPPA_HELDOUT_TEST_S3_T013,KAPPA_HELDOUT_TEST_S3_T013_U10,2026-09-07T03:00:00.000000Z,104,12,8,0.6666666666666666
3,KAPPA_HELDOUT_TEST_S3_T014,KAPPA_HELDOUT_TEST_S3_T014_U01,2026-09-07T03:15:00.000000Z,257,10,5,0.5
3,KAPPA_HELDOUT_TEST_S3_T014,KAPPA_HELDOUT_TEST_S3_T014_U02,2026-09-07T03:15:00.000000Z,243,14,7,0.5
3,KAPPA_HELDOUT_TEST_S3_T014,KAPPA_HELDOUT_TEST_S3_T014_U03,2026-09-07T03:15:00.000000Z,240,8,2,0.25
3,KAPPA_HELDOUT_TEST_S3_T014,KAPPA_HELDOUT_TEST_S3_T014_U04,2026-09-07T03:15:00.000000Z,11,7,4,0.5714285714285714
3,KAPPA_HELDOUT_TEST_S3_T014,KAPPA_HELDOUT_TEST_S3_T014_U05,2026-09-07T03:15:00.000000Z,65,9,6,0.6666666666666666
3,KAPPA_HELDOUT_TEST_S3_T014,KAPPA_HELDOUT_TEST_S3_T014_U06,2026-09-07T03:15:00.000000Z,245,8,5,0.625
3,KAPPA_HELDOUT_TEST_S3_T014,KAPPA_HELDOUT_TEST_S3_T014_U07,2026-09-07T03:15:00.000000Z,299,10,3,0.3
3,KAPPA_HELDOUT_TEST_S3_T014,KAPPA_HELDOUT_TEST_S3_T014_U08,2026-09-07T03:15:00.000000Z,156,8,5,0.625
3,KAPPA_HELDOUT_TEST_S3_T014,KAPPA_HELDOUT_TEST_S3_T014_U09,2026-09-07T03:15:00.000000Z,150,10,4,0.4
3,KAPPA_HELDOUT_TEST_S3_T014,KAPPA_HELDOUT_TEST_S3_T014_U10,2026-09-07T03:15:00.000000Z,84,13,8,0.6153846153846154
3,KAPPA_HELDOUT_TEST_S3_T015,KAPPA_HELDOUT_TEST_S3_T015_U01,2026-09-07T03:30:00.000000Z,46,17,10,0.5882352941176471
3,KAPPA_HELDOUT_TEST_S3_T015,KAPPA_HELDOUT_TEST_S3_T015_U02,2026-09-07T03:30:00.000000Z,234,11,4,0.36363636363636365
3,KAPPA_HELDOUT_TEST_S3_T015,KAPPA_HELDOUT_TEST_S3_T015_U03,2026-09-07T03:30:00.000000Z,188,10,7,0.7
3,KAPPA_HELDOUT_TEST_S3_T015,KAPPA_HELDOUT_TEST_S3_T015_U04,2026-09-07T03:30:00.000000Z,200,11,6,0.5454545454545454
3,KAPPA_HELDOUT_TEST_S3_T015,KAPPA_HELDOUT_TEST_S3_T015_U05,2026-09-07T03:30:00.000000Z,101,12,10,0.8333333333333334
3,KAPPA_HELDOUT_TEST_S3_T015,KAPPA_HELDOUT_TEST_S3_T015_U06,2026-09-07T03:30:00.000000Z,183,8,2,0.25
3,KAPPA_HELDOUT_TEST_S3_T015,KAPPA_HELDOUT_TEST_S3_T015_U07,2026-09-07T03:30:00.000000Z,69,10,6,0.6
3,KAPPA_HELDOUT_TEST_S3_T015,KAPPA_HELDOUT_TEST_S3_T015_U08,2026-09-07T03:30:00.000000Z,210,19,9,0.47368421052631576
3,KAPPA_HELDOUT_TEST_S3_T015,KAPPA_HELDOUT_TEST_S3_T015_U09,2026-09-07T03:30:00.000000Z,263,10,3,0.3
3,KAPPA_HELDOUT_TEST_S3_T015,KAPPA_HELDOUT_TEST_S3_T015_U10,2026-09-07T03:30:00.000000Z,273,9,6,0.6666666666666666
3,KAPPA_HELDOUT_TEST_S3_T016,KAPPA_HELDOUT_TEST_S3_T016_U01,2026-09-07T03:45:00.000000Z,81,13,4,0.3076923076923077
3,KAPPA_HELDOUT_TEST_S3_T016,KAPPA_HELDOUT_TEST_S3_T016_U02,2026-09-07T03:45:00.000000Z,28,16,9,0.5625
3,KAPPA_HELDOUT_TEST_S3_T016,KAPPA_HELDOUT_TEST_S3_T016_U03,2026-09-07T03:45:00.000000Z,51,9,4,0.4444444444444444
3,KAPPA_HELDOUT_TEST_S3_T016,KAPPA_HELDOUT_TEST_S3_T016_U04,2026-09-07T03:45:00.000000Z,213,8,2,0.25
3,KAPPA_HELDOUT_TEST_S3_T016,KAPPA_HELDOUT_TEST_S3_T016_U05,2026-09-07T03:45:00.000000Z,141,10,8,0.8
3,KAPPA_HELDOUT_TEST_S3_T016,KAPPA_HELDOUT_TEST_S3_T016_U06,2026-09-07T03:45:00.000000Z,219,5,2,0.4
3,KAPPA_HELDOUT_TEST_S3_T016,KAPPA_HELDOUT_TEST_S3_T016_U07,2026-09-07T03:45:00.000000Z,278,8,4,0.5
3,KAPPA_HELDOUT_TEST_S3_T016,KAPPA_HELDOUT_TEST_S3_T016_U08,2026-09-07T03:45:00.000000Z,78,12,7,0.5833333333333334
3,KAPPA_HELDOUT_TEST_S3_T016,KAPPA_HELDOUT_TEST_S3_T016_U09,2026-09-07T03:45:00.000000Z,1,14,9,0.6428571428571429
3,KAPPA_HELDOUT_TEST_S3_T016,KAPPA_HELDOUT_TEST_S3_T016_U10,2026-09-07T03:45:00.000000Z,25,12,9,0.75
3,KAPPA_HELDOUT_TEST_S3_T017,KAPPA_HELDOUT_TEST_S3_T017_U01,2026-09-07T04:00:00.000000Z,25,8,7,0.875
3,KAPPA_HELDOUT_TEST_S3_T017,KAPPA_HELDOUT_TEST_S3_T017_U02,2026-09-07T04:00:00.000000Z,157,10,3,0.3
3,KAPPA_HELDOUT_TEST_S3_T017,KAPPA_HELDOUT_TEST_S3_T017_U03,2026-09-07T04:00:00.000000Z,12,9,4,0.4444444444444444
3,KAPPA_HELDOUT_TEST_S3_T017,KAPPA_HELDOUT_TEST_S3_T017_U04,2026-09-07T04:00:00.000000Z,314,11,4,0.36363636363636365
3,KAPPA_HELDOUT_TEST_S3_T017,KAPPA_HELDOUT_TEST_S3_T017_U05,2026-09-07T04:00:00.000000Z,106,11,6,0.5454545454545454
3,KAPPA_HELDOUT_TEST_S3_T017,KAPPA_HELDOUT_TEST_S3_T017_U06,2026-09-07T04:00:00.000000Z,279,11,6,0.5454545454545454
3,KAPPA_HELDOUT_TEST_S3_T017,KAPPA_HELDOUT_TEST_S3_T017_U07,2026-09-07T04:00:00.000000Z,72,9,5,0.5555555555555556
3,KAPPA_HELDOUT_TEST_S3_T017,KAPPA_HELDOUT_TEST_S3_T017_U08,2026-09-07T04:00:00.000000Z,153,16,9,0.5625
3,KAPPA_HELDOUT_TEST_S3_T017,KAPPA_HELDOUT_TEST_S3_T017_U09,2026-09-07T04:00:00.000000Z,217,10,4,0.4
3,KAPPA_HELDOUT_TEST_S3_T017,KAPPA_HELDOUT_TEST_S3_T017_U10,2026-09-07T04:00:00.000000Z,103,10,4,0.4
3,KAPPA_HELDOUT_TEST_S3_T018,KAPPA_HELDOUT_TEST_S3_T018_U01,2026-09-07T04:15:00.000000Z,209,10,7,0.7
3,KAPPA_HELDOUT_TEST_S3_T018,KAPPA_HELDOUT_TEST_S3_T018_U02,2026-09-07T04:15:00.000000Z,13,11,7,0.6363636363636364
3,KAPPA_HELDOUT_TEST_S3_T018,KAPPA_HELDOUT_TEST_S3_T018_U03,2026-09-07T04:15:00.000000Z,161,9,3,0.3333333333333333
3,KAPPA_HELDOUT_TEST_S3_T018,KAPPA_HELDOUT_TEST_S3_T018_U04,2026-09-07T04:15:00.000000Z,142,16,9,0.5625
3,KAPPA_HELDOUT_TEST_S3_T018,KAPPA_HELDOUT_TEST_S3_T018_U05,2026-09-07T04:15:00.000000Z,292,12,5,0.4166666666666667
3,KAPPA_HELDOUT_TEST_S3_T018,KAPPA_HELDOUT_TEST_S3_T018_U06,2026-09-07T04:15:00.000000Z,227,7,3,0.42857142857142855
3,KAPPA_HELDOUT_TEST_S3_T018,KAPPA_HELDOUT_TEST_S3_T018_U07,2026-09-07T04:15:00.000000Z,291,13,9,0.6923076923076923
3,KAPPA_HELDOUT_TEST_S3_T018,KAPPA_HELDOUT_TEST_S3_T018_U08,2026-09-07T04:15:00.000000Z,167,12,4,0.3333333333333333
3,KAPPA_HELDOUT_TEST_S3_T018,KAPPA_HELDOUT_TEST_S3_T018_U09,2026-09-07T04:15:00.000000Z,120,8,6,0.75
3,KAPPA_HELDOUT_TEST_S3_T018,KAPPA_HELDOUT_TEST_S3_T018_U10,2026-09-07T04:15:00.000000Z,296,16,10,0.625
3,KAPPA_HELDOUT_TEST_S3_T019,KAPPA_HELDOUT_TEST_S3_T019_U01,2026-09-07T04:30:00.000000Z,222,15,7,0.4666666666666667
3,KAPPA_HELDOUT_TEST_S3_T019,KAPPA_HELDOUT_TEST_S3_T019_U02,2026-09-07T04:30:00.000000Z,23,8,6,0.75
3,KAPPA_HELDOUT_TEST_S3_T019,KAPPA_HELDOUT_TEST_S3_T019_U03,2026-09-07T04:30:00.000000Z,88,11,7,0.6363636363636364
3,KAPPA_HELDOUT_TEST_S3_T019,KAPPA_HELDOUT_TEST_S3_T019_U04,2026-09-07T04:30:00.000000Z,118,10,4,0.4
3,KAPPA_HELDOUT_TEST_S3_T019,KAPPA_HELDOUT_TEST_S3_T019_U05,2026-09-07T04:30:00.000000Z,24,17,10,0.5882352941176471
3,KAPPA_HELDOUT_TEST_S3_T019,KAPPA_HELDOUT_TEST_S3_T019_U06,2026-09-07T04:30:00.000000Z,151,9,6,0.6666666666666666
3,KAPPA_HELDOUT_TEST_S3_T019,KAPPA_HELDOUT_TEST_S3_T019_U07,2026-09-07T04:30:00.000000Z,210,13,5,0.38461538461538464
3,KAPPA_HELDOUT_TEST_S3_T019,KAPPA_HELDOUT_TEST_S3_T019_U08,2026-09-07T04:30:00.000000Z,194,20,12,0.6
3,KAPPA_HELDOUT_TEST_S3_T019,KAPPA_HELDOUT_TEST_S3_T019_U09,2026-09-07T04:30:00.000000Z,286,9,6,0.6666666666666666
3,KAPPA_HELDOUT_TEST_S3_T019,KAPPA_HELDOUT_TEST_S3_T019_U10,2026-09-07T04:30:00.000000Z,109,8,6,0.75
3,KAPPA_HELDOUT_TEST_S3_T020,KAPPA_HELDOUT_TEST_S3_T020_U01,2026-09-07T04:45:00.000000Z,304,15,11,0.7333333333333333
3,KAPPA_HELDOUT_TEST_S3_T020,KAPPA_HELDOUT_TEST_S3_T020_U02,2026-09-07T04:45:00.000000Z,184,12,8,0.6666666666666666
3,KAPPA_HELDOUT_TEST_S3_T020,KAPPA_HELDOUT_TEST_S3_T020_U03,2026-09-07T04:45:00.000000Z,150,17,7,0.4117647058823529
3,KAPPA_HELDOUT_TEST_S3_T020,KAPPA_HELDOUT_TEST_S3_T020_U04,2026-09-07T04:45:00.000000Z,158,11,6,0.5454545454545454
3,KAPPA_HELDOUT_TEST_S3_T020,KAPPA_HELDOUT_TEST_S3_T020_U05,2026-09-07T04:45:00.000000Z,290,10,4,0.4
3,KAPPA_HELDOUT_TEST_S3_T020,KAPPA_HELDOUT_TEST_S3_T020_U06,2026-09-07T04:45:00.000000Z,270,18,4,0.2222222222222222
3,KAPPA_HELDOUT_TEST_S3_T020,KAPPA_HELDOUT_TEST_S3_T020_U07,2026-09-07T04:45:00.000000Z,286,12,7,0.5833333333333334
3,KAPPA_HELDOUT_TEST_S3_T020,KAPPA_HELDOUT_TEST_S3_T020_U08,2026-09-07T04:45:00.000000Z,137,18,11,0.6111111111111112
3,KAPPA_HELDOUT_TEST_S3_T020,KAPPA_HELDOUT_TEST_S3_T020_U09,2026-09-07T04:45:00.000000Z,178,11,6,0.5454545454545454
3,KAPPA_HELDOUT_TEST_S3_T020,KAPPA_HELDOUT_TEST_S3_T020_U10,2026-09-07T04:45:00.000000Z,140,15,4,0.26666666666666666
3,KAPPA_HELDOUT_TEST_S3_T021,KAPPA_HELDOUT_TEST_S3_T021_U01,2026-09-07T05:00:00.000000Z,271,18,9,0.5
3,KAPPA_HELDOUT_TEST_S3_T021,KAPPA_HELDOUT_TEST_S3_T021_U02,2026-09-07T05:00:00.000000Z,72,7,4,0.5714285714285714
3,KAPPA_HELDOUT_TEST_S3_T021,KAPPA_HELDOUT_TEST_S3_T021_U03,2026-09-07T05:00:00.000000Z,264,14,3,0.21428571428571427
3,KAPPA_HELDOUT_TEST_S3_T021,KAPPA_HELDOUT_TEST_S3_T021_U04,2026-09-07T05:00:00.000000Z,137,12,5,0.4166666666666667
3,KAPPA_HELDOUT_TEST_S3_T021,KAPPA_HELDOUT_TEST_S3_T021_U05,2026-09-07T05:00:00.000000Z,67,14,10,0.7142857142857143
3,KAPPA_HELDOUT_TEST_S3_T021,KAPPA_HELDOUT_TEST_S3_T021_U06,2026-09-07T05:00:00.000000Z,10,15,6,0.4
3,KAPPA_HELDOUT_TEST_S3_T021,KAPPA_HELDOUT_TEST_S3_T021_U07,2026-09-07T05:00:00.000000Z,156,7,5,0.7142857142857143
3,KAPPA_HELDOUT_TEST_S3_T021,KAPPA_HELDOUT_TEST_S3_T021_U08,2026-09-07T05:00:00.000000Z,247,11,6,0.5454545454545454
3,KAPPA_HELDOUT_TEST_S3_T021,KAPPA_HELDOUT_TEST_S3_T021_U09,2026-09-07T05:00:00.000000Z,303,10,4,0.4
3,KAPPA_HELDOUT_TEST_S3_T021,KAPPA_HELDOUT_TEST_S3_T021_U10,2026-09-07T05:00:00.000000Z,145,13,5,0.38461538461538464
3,KAPPA_HELDOUT_TEST_S3_T022,KAPPA_HELDOUT_TEST_S3_T022_U01,2026-09-07T05:15:00.000000Z,77,11,7,0.6363636363636364
3,KAPPA_HELDOUT_TEST_S3_T022,KAPPA_HELDOUT_TEST_S3_T022_U02,2026-09-07T05:15:00.000000Z,227,10,5,0.5
3,KAPPA_HELDOUT_TEST_S3_T022,KAPPA_HELDOUT_TEST_S3_T022_U03,2026-09-07T05:15:00.000000Z,188,11,9,0.8181818181818182
3,KAPPA_HELDOUT_TEST_S3_T022,KAPPA_HELDOUT_TEST_S3_T022_U04,2026-09-07T05:15:00.000000Z,288,13,4,0.3076923076923077
3,KAPPA_HELDOUT_TEST_S3_T022,KAPPA_HELDOUT_TEST_S3_T022_U05,2026-09-07T05:15:00.000000Z,65,9,3,0.3333333333333333
3,KAPPA_HELDOUT_TEST_S3_T022,KAPPA_HELDOUT_TEST_S3_T022_U06,2026-09-07T05:15:00.000000Z,296,10,4,0.4
3,KAPPA_HELDOUT_TEST_S3_T022,KAPPA_HELDOUT_TEST_S3_T022_U07,2026-09-07T05:15:00.000000Z,273,11,5,0.45454545454545453
3,KAPPA_HELDOUT_TEST_S3_T022,KAPPA_HELDOUT_TEST_S3_T022_U08,2026-09-07T05:15:00.000000Z,70,12,5,0.4166666666666667
3,KAPPA_HELDOUT_TEST_S3_T022,KAPPA_HELDOUT_TEST_S3_T022_U09,2026-09-07T05:15:00.000000Z,194,8,3,0.375
3,KAPPA_HELDOUT_TEST_S3_T022,KAPPA_HELDOUT_TEST_S3_T022_U10,2026-09-07T05:15:00.000000Z,17,13,6,0.46153846153846156
3,KAPPA_HELDOUT_TEST_S3_T023,KAPPA_HELDOUT_TEST_S3_T023_U01,2026-09-07T05:30:00.000000Z,8,5,4,0.8
3,KAPPA_HELDOUT_TEST_S3_T023,KAPPA_HELDOUT_TEST_S3_T023_U02,2026-09-07T05:30:00.000000Z,71,20,13,0.65
3,KAPPA_HELDOUT_TEST_S3_T023,KAPPA_HELDOUT_TEST_S3_T023_U03,2026-09-07T05:30:00.000000Z,106,7,5,0.7142857142857143
3,KAPPA_HELDOUT_TEST_S3_T023,KAPPA_HELDOUT_TEST_S3_T023_U04,2026-09-07T05:30:00.000000Z,245,11,4,0.36363636363636365
3,KAPPA_HELDOUT_TEST_S3_T023,KAPPA_HELDOUT_TEST_S3_T023_U05,2026-09-07T05:30:00.000000Z,44,10,3,0.3
3,KAPPA_HELDOUT_TEST_S3_T023,KAPPA_HELDOUT_TEST_S3_T023_U06,2026-09-07T05:30:00.000000Z,4,10,6,0.6
3,KAPPA_HELDOUT_TEST_S3_T023,KAPPA_HELDOUT_TEST_S3_T023_U07,2026-09-07T05:30:00.000000Z,118,10,6,0.6
3,KAPPA_HELDOUT_TEST_S3_T023,KAPPA_HELDOUT_TEST_S3_T023_U08,2026-09-07T05:30:00.000000Z,278,9,6,0.6666666666666666
3,KAPPA_HELDOUT_TEST_S3_T023,KAPPA_HELDOUT_TEST_S3_T023_U09,2026-09-07T05:30:00.000000Z,261,13,8,0.6153846153846154
3,KAPPA_HELDOUT_TEST_S3_T023,KAPPA_HELDOUT_TEST_S3_T023_U10,2026-09-07T05:30:00.000000Z,24,14,7,0.5
3,KAPPA_HELDOUT_TEST_S3_T024,KAPPA_HELDOUT_TEST_S3_T024_U01,2026-09-07T05:45:00.000000Z,170,13,5,0.38461538461538464
3,KAPPA_HELDOUT_TEST_S3_T024,KAPPA_HELDOUT_TEST_S3_T024_U02,2026-09-07T05:45:00.000000Z,214,9,8,0.8888888888888888
3,KAPPA_HELDOUT_TEST_S3_T024,KAPPA_HELDOUT_TEST_S3_T024_U03,2026-09-07T05:45:00.000000Z,256,6,3,0.5
3,KAPPA_HELDOUT_TEST_S3_T024,KAPPA_HELDOUT_TEST_S3_T024_U04,2026-09-07T05:45:00.000000Z,16,9,5,0.5555555555555556
3,KAPPA_HELDOUT_TEST_S3_T024,KAPPA_HELDOUT_TEST_S3_T024_U05,2026-09-07T05:45:00.000000Z,233,5,2,0.4
3,KAPPA_HELDOUT_TEST_S3_T024,KAPPA_HELDOUT_TEST_S3_T024_U06,2026-09-07T05:45:00.000000Z,261,9,5,0.5555555555555556
3,KAPPA_HELDOUT_TEST_S3_T024,KAPPA_HELDOUT_TEST_S3_T024_U07,2026-09-07T05:45:00.000000Z,12,10,2,0.2
3,KAPPA_HELDOUT_TEST_S3_T024,KAPPA_HELDOUT_TEST_S3_T024_U08,2026-09-07T05:45:00.000000Z,229,8,4,0.5
3,KAPPA_HELDOUT_TEST_S3_T024,KAPPA_HELDOUT_TEST_S3_T024_U09,2026-09-07T05:45:00.000000Z,40,12,5,0.4166666666666667
3,KAPPA_HELDOUT_TEST_S3_T024,KAPPA_HELDOUT_TEST_S3_T024_U10,2026-09-07T05:45:00.000000Z,105,9,4,0.4444444444444444
3,KAPPA_HELDOUT_TEST_S3_T025,KAPPA_HELDOUT_TEST_S3_T025_U01,2026-09-07T06:00:00.000000Z,47,13,4,0.3076923076923077
3,KAPPA_HELDOUT_TEST_S3_T025,KAPPA_HELDOUT_TEST_S3_T025_U02,2026-09-07T06:00:00.000000Z,54,11,4,0.36363636363636365
3,KAPPA_HELDOUT_TEST_S3_T025,KAPPA_HELDOUT_TEST_S3_T025_U03,2026-09-07T06:00:00.000000Z,57,9,3,0.3333333333333333
3,KAPPA_HELDOUT_TEST_S3_T025,KAPPA_HELDOUT_TEST_S3_T025_U04,2026-09-07T06:00:00.000000Z,320,16,9,0.5625
3,KAPPA_HELDOUT_TEST_S3_T025,KAPPA_HELDOUT_TEST_S3_T025_U05,2026-09-07T06:00:00.000000Z,245,13,7,0.5384615384615384
3,KAPPA_HELDOUT_TEST_S3_T025,KAPPA_HELDOUT_TEST_S3_T025_U06,2026-09-07T06:00:00.000000Z,14,11,7,0.6363636363636364
3,KAPPA_HELDOUT_TEST_S3_T025,KAPPA_HELDOUT_TEST_S3_T025_U07,2026-09-07T06:00:00.000000Z,123,15,5,0.3333333333333333
3,KAPPA_HELDOUT_TEST_S3_T025,KAPPA_HELDOUT_TEST_S3_T025_U08,2026-09-07T06:00:00.000000Z,88,23,9,0.391304347826087
3,KAPPA_HELDOUT_TEST_S3_T025,KAPPA_HELDOUT_TEST_S3_T025_U09,2026-09-07T06:00:00.000000Z,286,8,3,0.375
3,KAPPA_HELDOUT_TEST_S3_T025,KAPPA_HELDOUT_TEST_S3_T025_U10,2026-09-07T06:00:00.000000Z,190,12,5,0.4166666666666667
3,KAPPA_HELDOUT_TEST_S3_T026,KAPPA_HELDOUT_TEST_S3_T026_U01,2026-09-07T06:15:00.000000Z,213,7,5,0.7142857142857143
3,KAPPA_HELDOUT_TEST_S3_T026,KAPPA_HELDOUT_TEST_S3_T026_U02,2026-09-07T06:15:00.000000Z,290,8,2,0.25
3,KAPPA_HELDOUT_TEST_S3_T026,KAPPA_HELDOUT_TEST_S3_T026_U03,2026-09-07T06:15:00.000000Z,161,9,6,0.6666666666666666
3,KAPPA_HELDOUT_TEST_S3_T026,KAPPA_HELDOUT_TEST_S3_T026_U04,2026-09-07T06:15:00.000000Z,144,6,4,0.6666666666666666
3,KAPPA_HELDOUT_TEST_S3_T026,KAPPA_HELDOUT_TEST_S3_T026_U05,2026-09-07T06:15:00.000000Z,167,4,2,0.5
3,KAPPA_HELDOUT_TEST_S3_T026,KAPPA_HELDOUT_TEST_S3_T026_U06,2026-09-07T06:15:00.000000Z,55,11,6,0.5454545454545454
3,KAPPA_HELDOUT_TEST_S3_T026,KAPPA_HELDOUT_TEST_S3_T026_U07,2026-09-07T06:15:00.000000Z,5,12,7,0.5833333333333334
3,KAPPA_HELDOUT_TEST_S3_T026,KAPPA_HELDOUT_TEST_S3_T026_U08,2026-09-07T06:15:00.000000Z,39,14,9,0.6428571428571429
3,KAPPA_HELDOUT_TEST_S3_T026,KAPPA_HELDOUT_TEST_S3_T026_U09,2026-09-07T06:15:00.000000Z,179,6,4,0.6666666666666666
3,KAPPA_HELDOUT_TEST_S3_T026,KAPPA_HELDOUT_TEST_S3_T026_U10,2026-09-07T06:15:00.000000Z,60,8,4,0.5
3,KAPPA_HELDOUT_TEST_S3_T027,KAPPA_HELDOUT_TEST_S3_T027_U01,2026-09-07T06:30:00.000000Z,278,10,4,0.4
3,KAPPA_HELDOUT_TEST_S3_T027,KAPPA_HELDOUT_TEST_S3_T027_U02,2026-09-07T06:30:00.000000Z,157,9,5,0.5555555555555556
3,KAPPA_HELDOUT_TEST_S3_T027,KAPPA_HELDOUT_TEST_S3_T027_U03,2026-09-07T06:30:00.000000Z,140,9,8,0.8888888888888888
3,KAPPA_HELDOUT_TEST_S3_T027,KAPPA_HELDOUT_TEST_S3_T027_U04,2026-09-07T06:30:00.000000Z,42,14,5,0.35714285714285715
3,KAPPA_HELDOUT_TEST_S3_T027,KAPPA_HELDOUT_TEST_S3_T027_U05,2026-09-07T06:30:00.000000Z,90,9,2,0.2222222222222222
3,KAPPA_HELDOUT_TEST_S3_T027,KAPPA_HELDOUT_TEST_S3_T027_U06,2026-09-07T06:30:00.000000Z,104,9,3,0.3333333333333333
3,KAPPA_HELDOUT_TEST_S3_T027,KAPPA_HELDOUT_TEST_S3_T027_U07,2026-09-07T06:30:00.000000Z,255,12,7,0.5833333333333334
3,KAPPA_HELDOUT_TEST_S3_T027,KAPPA_HELDOUT_TEST_S3_T027_U08,2026-09-07T06:30:00.000000Z,131,11,4,0.36363636363636365
3,KAPPA_HELDOUT_TEST_S3_T027,KAPPA_HELDOUT_TEST_S3_T027_U09,2026-09-07T06:30:00.000000Z,47,12,5,0.4166666666666667
3,KAPPA_HELDOUT_TEST_S3_T027,KAPPA_HELDOUT_TEST_S3_T027_U10,2026-09-07T06:30:00.000000Z,173,10,5,0.5
3,KAPPA_HELDOUT_TEST_S3_T028,KAPPA_HELDOUT_TEST_S3_T028_U01,2026-09-07T06:45:00.000000Z,54,13,5,0.38461538461538464
3,KAPPA_HELDOUT_TEST_S3_T028,KAPPA_HELDOUT_TEST_S3_T028_U02,2026-09-07T06:45:00.000000Z,128,10,4,0.4
3,KAPPA_HELDOUT_TEST_S3_T028,KAPPA_HELDOUT_TEST_S3_T028_U03,2026-09-07T06:45:00.000000Z,55,9,4,0.4444444444444444
3,KAPPA_HELDOUT_TEST_S3_T028,KAPPA_HELDOUT_TEST_S3_T028_U04,2026-09-07T06:45:00.000000Z,9,12,5,0.4166666666666667
3,KAPPA_HELDOUT_TEST_S3_T028,KAPPA_HELDOUT_TEST_S3_T028_U05,2026-09-07T06:45:00.000000Z,264,5,2,0.4
3,KAPPA_HELDOUT_TEST_S3_T028,KAPPA_HELDOUT_TEST_S3_T028_U06,2026-09-07T06:45:00.000000Z,278,12,6,0.5
3,KAPPA_HELDOUT_TEST_S3_T028,KAPPA_HELDOUT_TEST_S3_T028_U07,2026-09-07T06:45:00.000000Z,55,12,7,0.5833333333333334
3,KAPPA_HELDOUT_TEST_S3_T028,KAPPA_HELDOUT_TEST_S3_T028_U08,2026-09-07T06:45:00.000000Z,115,14,6,0.42857142857142855
3,KAPPA_HELDOUT_TEST_S3_T028,KAPPA_HELDOUT_TEST_S3_T028_U09,2026-09-07T06:45:00.000000Z,76,12,4,0.3333333333333333
3,KAPPA_HELDOUT_TEST_S3_T028,KAPPA_HELDOUT_TEST_S3_T028_U10,2026-09-07T06:45:00.000000Z,37,19,7,0.3684210526315789
3,KAPPA_HELDOUT_TEST_S3_T029,KAPPA_HELDOUT_TEST_S3_T029_U01,2026-09-07T07:00:00.000000Z,265,10,6,0.6
3,KAPPA_HELDOUT_TEST_S3_T029,KAPPA_HELDOUT_TEST_S3_T029_U02,2026-09-07T07:00:00.000000Z,126,10,4,0.4
3,KAPPA_HELDOUT_TEST_S3_T029,KAPPA_HELDOUT_TEST_S3_T029_U03,2026-09-07T07:00:00.000000Z,5,12,7,0.5833333333333334
3,KAPPA_HELDOUT_TEST_S3_T029,KAPPA_HELDOUT_TEST_S3_T029_U04,2026-09-07T07:00:00.000000Z,97,17,6,0.35294117647058826
3,KAPPA_HELDOUT_TEST_S3_T029,KAPPA_HELDOUT_TEST_S3_T029_U05,2026-09-07T07:00:00.000000Z,269,13,7,0.5384615384615384
3,KAPPA_HELDOUT_TEST_S3_T029,KAPPA_HELDOUT_TEST_S3_T029_U06,2026-09-07T07:00:00.000000Z,146,10,5,0.5
3,KAPPA_HELDOUT_TEST_S3_T029,KAPPA_HELDOUT_TEST_S3_T029_U07,2026-09-07T07:00:00.000000Z,295,14,6,0.42857142857142855
3,KAPPA_HELDOUT_TEST_S3_T029,KAPPA_HELDOUT_TEST_S3_T029_U08,2026-09-07T07:00:00.000000Z,70,9,6,0.6666666666666666
3,KAPPA_HELDOUT_TEST_S3_T029,KAPPA_HELDOUT_TEST_S3_T029_U09,2026-09-07T07:00:00.000000Z,81,10,2,0.2
3,KAPPA_HELDOUT_TEST_S3_T029,KAPPA_HELDOUT_TEST_S3_T029_U10,2026-09-07T07:00:00.000000Z,294,12,6,0.5
3,KAPPA_HELDOUT_TEST_S3_T030,KAPPA_HELDOUT_TEST_S3_T030_U01,2026-09-07T07:15:00.000000Z,6,7,4,0.5714285714285714
3,KAPPA_HELDOUT_TEST_S3_T030,KAPPA_HELDOUT_TEST_S3_T030_U02,2026-09-07T07:15:00.000000Z,314,13,4,0.3076923076923077
3,KAPPA_HELDOUT_TEST_S3_T030,KAPPA_HELDOUT_TEST_S3_T030_U03,2026-09-07T07:15:00.000000Z,212,10,4,0.4
3,KAPPA_HELDOUT_TEST_S3_T030,KAPPA_HELDOUT_TEST_S3_T030_U04,2026-09-07T07:15:00.000000Z,11,9,3,0.3333333333333333
3,KAPPA_HELDOUT_TEST_S3_T030,KAPPA_HELDOUT_TEST_S3_T030_U05,2026-09-07T07:15:00.000000Z,68,7,3,0.42857142857142855
3,KAPPA_HELDOUT_TEST_S3_T030,KAPPA_HELDOUT_TEST_S3_T030_U06,2026-09-07T07:15:00.000000Z,86,12,7,0.5833333333333334
3,KAPPA_HELDOUT_TEST_S3_T030,KAPPA_HELDOUT_TEST_S3_T030_U07,2026-09-07T07:15:00.000000Z,67,6,3,0.5
3,KAPPA_HELDOUT_TEST_S3_T030,KAPPA_HELDOUT_TEST_S3_T030_U08,2026-09-07T07:15:00.000000Z,203,8,5,0.625
3,KAPPA_HELDOUT_TEST_S3_T030,KAPPA_HELDOUT_TEST_S3_T030_U09,2026-09-07T07:15:00.000000Z,129,4,3,0.75
3,KAPPA_HELDOUT_TEST_S3_T030,KAPPA_HELDOUT_TEST_S3_T030_U10,2026-09-07T07:15:00.000000Z,46,11,8,0.7272727272727273
3,KAPPA_HELDOUT_TEST_S3_T031,KAPPA_HELDOUT_TEST_S3_T031_U01,2026-09-07T07:30:00.000000Z,20,13,5,0.38461538461538464
3,KAPPA_HELDOUT_TEST_S3_T031,KAPPA_HELDOUT_TEST_S3_T031_U02,2026-09-07T07:30:00.000000Z,169,13,10,0.7692307692307693
3,KAPPA_HELDOUT_TEST_S3_T031,KAPPA_HELDOUT_TEST_S3_T031_U03,2026-09-07T07:30:00.000000Z,278,13,6,0.46153846153846156
3,KAPPA_HELDOUT_TEST_S3_T031,KAPPA_HELDOUT_TEST_S3_T031_U04,2026-09-07T07:30:00.000000Z,202,11,6,0.5454545454545454
3,KAPPA_HELDOUT_TEST_S3_T031,KAPPA_HELDOUT_TEST_S3_T031_U05,2026-09-07T07:30:00.000000Z,91,16,9,0.5625
3,KAPPA_HELDOUT_TEST_S3_T031,KAPPA_HELDOUT_TEST_S3_T031_U06,2026-09-07T07:30:00.000000Z,2,12,7,0.5833333333333334
3,KAPPA_HELDOUT_TEST_S3_T031,KAPPA_HELDOUT_TEST_S3_T031_U07,2026-09-07T07:30:00.000000Z,94,8,2,0.25
3,KAPPA_HELDOUT_TEST_S3_T031,KAPPA_HELDOUT_TEST_S3_T031_U08,2026-09-07T07:30:00.000000Z,319,14,8,0.5714285714285714
3,KAPPA_HELDOUT_TEST_S3_T031,KAPPA_HELDOUT_TEST_S3_T031_U09,2026-09-07T07:30:00.000000Z,297,9,2,0.2222222222222222
3,KAPPA_HELDOUT_TEST_S3_T031,KAPPA_HELDOUT_TEST_S3_T031_U10,2026-09-07T07:30:00.000000Z,63,8,6,0.75
3,KAPPA_HELDOUT_TEST_S3_T032,KAPPA_HELDOUT_TEST_S3_T032_U01,2026-09-07T07:45:00.000000Z,128,12,5,0.4166666666666667
3,KAPPA_HELDOUT_TEST_S3_T032,KAPPA_HELDOUT_TEST_S3_T032_U02,2026-09-07T07:45:00.000000Z,30,11,5,0.45454545454545453
3,KAPPA_HELDOUT_TEST_S3_T032,KAPPA_HELDOUT_TEST_S3_T032_U03,2026-09-07T07:45:00.000000Z,286,8,3,0.375
3,KAPPA_HELDOUT_TEST_S3_T032,KAPPA_HELDOUT_TEST_S3_T032_U04,2026-09-07T07:45:00.000000Z,168,10,4,0.4
3,KAPPA_HELDOUT_TEST_S3_T032,KAPPA_HELDOUT_TEST_S3_T032_U05,2026-09-07T07:45:00.000000Z,197,6,2,0.3333333333333333
3,KAPPA_HELDOUT_TEST_S3_T032,KAPPA_HELDOUT_TEST_S3_T032_U06,2026-09-07T07:45:00.000000Z,209,12,8,0.6666666666666666
3,KAPPA_HELDOUT_TEST_S3_T032,KAPPA_HELDOUT_TEST_S3_T032_U07,2026-09-07T07:45:00.000000Z,259,7,4,0.5714285714285714
3,KAPPA_HELDOUT_TEST_S3_T032,KAPPA_HELDOUT_TEST_S3_T032_U08,2026-09-07T07:45:00.000000Z,241,8,4,0.5
3,KAPPA_HELDOUT_TEST_S3_T032,KAPPA_HELDOUT_TEST_S3_T032_U09,2026-09-07T07:45:00.000000Z,52,12,7,0.5833333333333334
3,KAPPA_HELDOUT_TEST_S3_T032,KAPPA_HELDOUT_TEST_S3_T032_U10,2026-09-07T07:45:00.000000Z,53,12,7,0.5833333333333334
3,KAPPA_HELDOUT_TEST_S3_T033,KAPPA_HELDOUT_TEST_S3_T033_U01,2026-09-07T08:00:00.000000Z,137,13,5,0.38461538461538464
3,KAPPA_HELDOUT_TEST_S3_T033,KAPPA_HELDOUT_TEST_S3_T033_U02,2026-09-07T08:00:00.000000Z,68,9,6,0.6666666666666666
3,KAPPA_HELDOUT_TEST_S3_T033,KAPPA_HELDOUT_TEST_S3_T033_U03,2026-09-07T08:00:00.000000Z,275,16,8,0.5
3,KAPPA_HELDOUT_TEST_S3_T033,KAPPA_HELDOUT_TEST_S3_T033_U04,2026-09-07T08:00:00.000000Z,306,12,5,0.4166666666666667
3,KAPPA_HELDOUT_TEST_S3_T033,KAPPA_HELDOUT_TEST_S3_T033_U05,2026-09-07T08:00:00.000000Z,90,13,6,0.46153846153846156
3,KAPPA_HELDOUT_TEST_S3_T033,KAPPA_HELDOUT_TEST_S3_T033_U06,2026-09-07T08:00:00.000000Z,130,14,7,0.5
3,KAPPA_HELDOUT_TEST_S3_T033,KAPPA_HELDOUT_TEST_S3_T033_U07,2026-09-07T08:00:00.000000Z,283,9,3,0.3333333333333333
3,KAPPA_HELDOUT_TEST_S3_T033,KAPPA_HELDOUT_TEST_S3_T033_U08,2026-09-07T08:00:00.000000Z,289,12,6,0.5
3,KAPPA_HELDOUT_TEST_S3_T033,KAPPA_HELDOUT_TEST_S3_T033_U09,2026-09-07T08:00:00.000000Z,195,10,6,0.6
3,KAPPA_HELDOUT_TEST_S3_T033,KAPPA_HELDOUT_TEST_S3_T033_U10,2026-09-07T08:00:00.000000Z,102,15,11,0.7333333333333333
3,KAPPA_HELDOUT_TEST_S3_T034,KAPPA_HELDOUT_TEST_S3_T034_U01,2026-09-07T08:15:00.000000Z,188,11,6,0.5454545454545454
3,KAPPA_HELDOUT_TEST_S3_T034,KAPPA_HELDOUT_TEST_S3_T034_U02,2026-09-07T08:15:00.000000Z,124,12,3,0.25
3,KAPPA_HELDOUT_TEST_S3_T034,KAPPA_HELDOUT_TEST_S3_T034_U03,2026-09-07T08:15:00.000000Z,285,8,6,0.75
3,KAPPA_HELDOUT_TEST_S3_T034,KAPPA_HELDOUT_TEST_S3_T034_U04,2026-09-07T08:15:00.000000Z,264,8,4,0.5
3,KAPPA_HELDOUT_TEST_S3_T034,KAPPA_HELDOUT_TEST_S3_T034_U05,2026-09-07T08:15:00.000000Z,96,15,7,0.4666666666666667
3,KAPPA_HELDOUT_TEST_S3_T034,KAPPA_HELDOUT_TEST_S3_T034_U06,2026-09-07T08:15:00.000000Z,224,8,3,0.375
3,KAPPA_HELDOUT_TEST_S3_T034,KAPPA_HELDOUT_TEST_S3_T034_U07,2026-09-07T08:15:00.000000Z,15,12,9,0.75
3,KAPPA_HELDOUT_TEST_S3_T034,KAPPA_HELDOUT_TEST_S3_T034_U08,2026-09-07T08:15:00.000000Z,234,10,6,0.6
3,KAPPA_HELDOUT_TEST_S3_T034,KAPPA_HELDOUT_TEST_S3_T034_U09,2026-09-07T08:15:00.000000Z,264,11,3,0.2727272727272727
3,KAPPA_HELDOUT_TEST_S3_T034,KAPPA_HELDOUT_TEST_S3_T034_U10,2026-09-07T08:15:00.000000Z,288,12,8,0.6666666666666666
3,KAPPA_HELDOUT_TEST_S3_T035,KAPPA_HELDOUT_TEST_S3_T035_U01,2026-09-07T08:30:00.000000Z,104,16,9,0.5625
3,KAPPA_HELDOUT_TEST_S3_T035,KAPPA_HELDOUT_TEST_S3_T035_U02,2026-09-07T08:30:00.000000Z,103,14,5,0.35714285714285715
3,KAPPA_HELDOUT_TEST_S3_T035,KAPPA_HELDOUT_TEST_S3_T035_U03,2026-09-07T08:30:00.000000Z,128,10,6,0.6
3,KAPPA_HELDOUT_TEST_S3_T035,KAPPA_HELDOUT_TEST_S3_T035_U04,2026-09-07T08:30:00.000000Z,255,9,3,0.3333333333333333
3,KAPPA_HELDOUT_TEST_S3_T035,KAPPA_HELDOUT_TEST_S3_T035_U05,2026-09-07T08:30:00.000000Z,45,16,8,0.5
3,KAPPA_HELDOUT_TEST_S3_T035,KAPPA_HELDOUT_TEST_S3_T035_U06,2026-09-07T08:30:00.000000Z,238,5,2,0.4
3,KAPPA_HELDOUT_TEST_S3_T035,KAPPA_HELDOUT_TEST_S3_T035_U07,2026-09-07T08:30:00.000000Z,129,11,7,0.6363636363636364
3,KAPPA_HELDOUT_TEST_S3_T035,KAPPA_HELDOUT_TEST_S3_T035_U08,2026-09-07T08:30:00.000000Z,97,15,8,0.5333333333333333
3,KAPPA_HELDOUT_TEST_S3_T035,KAPPA_HELDOUT_TEST_S3_T035_U09,2026-09-07T08:30:00.000000Z,257,15,9,0.6
3,KAPPA_HELDOUT_TEST_S3_T035,KAPPA_HELDOUT_TEST_S3_T035_U10,2026-09-07T08:30:00.000000Z,278,11,5,0.45454545454545453
3,KAPPA_HELDOUT_TEST_S3_T036,KAPPA_HELDOUT_TEST_S3_T036_U01,2026-09-07T08:45:00.000000Z,293,5,3,0.6
3,KAPPA_HELDOUT_TEST_S3_T036,KAPPA_HELDOUT_TEST_S3_T036_U02,2026-09-07T08:45:00.000000Z,99,13,8,0.6153846153846154
3,KAPPA_HELDOUT_TEST_S3_T036,KAPPA_HELDOUT_TEST_S3_T036_U03,2026-09-07T08:45:00.000000Z,170,14,5,0.35714285714285715
3,KAPPA_HELDOUT_TEST_S3_T036,KAPPA_HELDOUT_TEST_S3_T036_U04,2026-09-07T08:45:00.000000Z,216,15,8,0.5333333333333333
3,KAPPA_HELDOUT_TEST_S3_T036,KAPPA_HELDOUT_TEST_S3_T036_U05,2026-09-07T08:45:00.000000Z,238,14,7,0.5
3,KAPPA_HELDOUT_TEST_S3_T036,KAPPA_HELDOUT_TEST_S3_T036_U06,2026-09-07T08:45:00.000000Z,225,11,4,0.36363636363636365
3,KAPPA_HELDOUT_TEST_S3_T036,KAPPA_HELDOUT_TEST_S3_T036_U07,2026-09-07T08:45:00.000000Z,299,13,9,0.6923076923076923
3,KAPPA_HELDOUT_TEST_S3_T036,KAPPA_HELDOUT_TEST_S3_T036_U08,2026-09-07T08:45:00.000000Z,113,11,8,0.7272727272727273
3,KAPPA_HELDOUT_TEST_S3_T036,KAPPA_HELDOUT_TEST_S3_T036_U09,2026-09-07T08:45:00.000000Z,132,4,1,0.25
3,KAPPA_HELDOUT_TEST_S3_T036,KAPPA_HELDOUT_TEST_S3_T036_U10,2026-09-07T08:45:00.000000Z,36,7,4,0.5714285714285714
3,KAPPA_HELDOUT_TEST_S3_T037,KAPPA_HELDOUT_TEST_S3_T037_U01,2026-09-07T09:00:00.000000Z,284,16,10,0.625
3,KAPPA_HELDOUT_TEST_S3_T037,KAPPA_HELDOUT_TEST_S3_T037_U02,2026-09-07T09:00:00.000000Z,170,11,7,0.6363636363636364
3,KAPPA_HELDOUT_TEST_S3_T037,KAPPA_HELDOUT_TEST_S3_T037_U03,2026-09-07T09:00:00.000000Z,240,3,2,0.6666666666666666
3,KAPPA_HELDOUT_TEST_S3_T037,KAPPA_HELDOUT_TEST_S3_T037_U04,2026-09-07T09:00:00.000000Z,143,10,4,0.4
3,KAPPA_HELDOUT_TEST_S3_T037,KAPPA_HELDOUT_TEST_S3_T037_U05,2026-09-07T09:00:00.000000Z,203,11,5,0.45454545454545453
3,KAPPA_HELDOUT_TEST_S3_T037,KAPPA_HELDOUT_TEST_S3_T037_U06,2026-09-07T09:00:00.000000Z,122,11,8,0.7272727272727273
3,KAPPA_HELDOUT_TEST_S3_T037,KAPPA_HELDOUT_TEST_S3_T037_U07,2026-09-07T09:00:00.000000Z,285,12,3,0.25
3,KAPPA_HELDOUT_TEST_S3_T037,KAPPA_HELDOUT_TEST_S3_T037_U08,2026-09-07T09:00:00.000000Z,121,12,4,0.3333333333333333
3,KAPPA_HELDOUT_TEST_S3_T037,KAPPA_HELDOUT_TEST_S3_T037_U09,2026-09-07T09:00:00.000000Z,6,21,14,0.6666666666666666
3,KAPPA_HELDOUT_TEST_S3_T037,KAPPA_HELDOUT_TEST_S3_T037_U10,2026-09-07T09:00:00.000000Z,165,7,5,0.7142857142857143
3,KAPPA_HELDOUT_TEST_S3_T038,KAPPA_HELDOUT_TEST_S3_T038_U01,2026-09-07T09:15:00.000000Z,267,15,6,0.4
3,KAPPA_HELDOUT_TEST_S3_T038,KAPPA_HELDOUT_TEST_S3_T038_U02,2026-09-07T09:15:00.000000Z,120,13,5,0.38461538461538464
3,KAPPA_HELDOUT_TEST_S3_T038,KAPPA_HELDOUT_TEST_S3_T038_U03,2026-09-07T09:15:00.000000Z,229,10,4,0.4
3,KAPPA_HELDOUT_TEST_S3_T038,KAPPA_HELDOUT_TEST_S3_T038_U04,2026-09-07T09:15:00.000000Z,46,11,5,0.45454545454545453
3,KAPPA_HELDOUT_TEST_S3_T038,KAPPA_HELDOUT_TEST_S3_T038_U05,2026-09-07T09:15:00.000000Z,0,9,6,0.6666666666666666
3,KAPPA_HELDOUT_TEST_S3_T038,KAPPA_HELDOUT_TEST_S3_T038_U06,2026-09-07T09:15:00.000000Z,190,10,5,0.5
3,KAPPA_HELDOUT_TEST_S3_T038,KAPPA_HELDOUT_TEST_S3_T038_U07,2026-09-07T09:15:00.000000Z,179,11,7,0.6363636363636364
3,KAPPA_HELDOUT_TEST_S3_T038,KAPPA_HELDOUT_TEST_S3_T038_U08,2026-09-07T09:15:00.000000Z,276,7,1,0.14285714285714285
3,KAPPA_HELDOUT_TEST_S3_T038,KAPPA_HELDOUT_TEST_S3_T038_U09,2026-09-07T09:15:00.000000Z,306,14,10,0.7142857142857143
3,KAPPA_HELDOUT_TEST_S3_T038,KAPPA_HELDOUT_TEST_S3_T038_U10,2026-09-07T09:15:00.000000Z,104,8,2,0.25
3,KAPPA_HELDOUT_TEST_S3_T039,KAPPA_HELDOUT_TEST_S3_T039_U01,2026-09-07T09:30:00.000000Z,148,6,5,0.8333333333333334
3,KAPPA_HELDOUT_TEST_S3_T039,KAPPA_HELDOUT_TEST_S3_T039_U02,2026-09-07T09:30:00.000000Z,161,7,5,0.7142857142857143
3,KAPPA_HELDOUT_TEST_S3_T039,KAPPA_HELDOUT_TEST_S3_T039_U03,2026-09-07T09:30:00.000000Z,282,11,7,0.6363636363636364
3,KAPPA_HELDOUT_TEST_S3_T039,KAPPA_HELDOUT_TEST_S3_T039_U04,2026-09-07T09:30:00.000000Z,197,5,3,0.6
3,KAPPA_HELDOUT_TEST_S3_T039,KAPPA_HELDOUT_TEST_S3_T039_U05,2026-09-07T09:30:00.000000Z,25,2,2,1
3,KAPPA_HELDOUT_TEST_S3_T039,KAPPA_HELDOUT_TEST_S3_T039_U06,2026-09-07T09:30:00.000000Z,200,8,3,0.375
3,KAPPA_HELDOUT_TEST_S3_T039,KAPPA_HELDOUT_TEST_S3_T039_U07,2026-09-07T09:30:00.000000Z,140,9,4,0.4444444444444444
3,KAPPA_HELDOUT_TEST_S3_T039,KAPPA_HELDOUT_TEST_S3_T039_U08,2026-09-07T09:30:00.000000Z,215,11,6,0.5454545454545454
3,KAPPA_HELDOUT_TEST_S3_T039,KAPPA_HELDOUT_TEST_S3_T039_U09,2026-09-07T09:30:00.000000Z,60,9,5,0.5555555555555556
3,KAPPA_HELDOUT_TEST_S3_T039,KAPPA_HELDOUT_TEST_S3_T039_U10,2026-09-07T09:30:00.000000Z,277,12,4,0.3333333333333333
3,KAPPA_HELDOUT_TEST_S3_T040,KAPPA_HELDOUT_TEST_S3_T040_U01,2026-09-07T09:45:00.000000Z,203,7,5,0.7142857142857143
3,KAPPA_HELDOUT_TEST_S3_T040,KAPPA_HELDOUT_TEST_S3_T040_U02,2026-09-07T09:45:00.000000Z,122,7,4,0.5714285714285714
3,KAPPA_HELDOUT_TEST_S3_T040,KAPPA_HELDOUT_TEST_S3_T040_U03,2026-09-07T09:45:00.000000Z,145,9,8,0.8888888888888888
3,KAPPA_HELDOUT_TEST_S3_T040,KAPPA_HELDOUT_TEST_S3_T040_U04,2026-09-07T09:45:00.000000Z,5,11,7,0.6363636363636364
3,KAPPA_HELDOUT_TEST_S3_T040,KAPPA_HELDOUT_TEST_S3_T040_U05,2026-09-07T09:45:00.000000Z,276,17,9,0.5294117647058824
3,KAPPA_HELDOUT_TEST_S3_T040,KAPPA_HELDOUT_TEST_S3_T040_U06,2026-09-07T09:45:00.000000Z,1,14,8,0.5714285714285714
3,KAPPA_HELDOUT_TEST_S3_T040,KAPPA_HELDOUT_TEST_S3_T040_U07,2026-09-07T09:45:00.000000Z,190,11,7,0.6363636363636364
3,KAPPA_HELDOUT_TEST_S3_T040,KAPPA_HELDOUT_TEST_S3_T040_U08,2026-09-07T09:45:00.000000Z,228,13,9,0.6923076923076923
3,KAPPA_HELDOUT_TEST_S3_T040,KAPPA_HELDOUT_TEST_S3_T040_U09,2026-09-07T09:45:00.000000Z,194,7,3,0.42857142857142855
3,KAPPA_HELDOUT_TEST_S3_T040,KAPPA_HELDOUT_TEST_S3_T040_U10,2026-09-07T09:45:00.000000Z,161,8,6,0.75
3,KAPPA_HELDOUT_TEST_S3_T041,KAPPA_HELDOUT_TEST_S3_T041_U01,2026-09-07T10:00:00.000000Z,290,6,3,0.5
3,KAPPA_HELDOUT_TEST_S3_T041,KAPPA_HELDOUT_TEST_S3_T041_U02,2026-09-07T10:00:00.000000Z,7,9,4,0.4444444444444444
3,KAPPA_HELDOUT_TEST_S3_T041,KAPPA_HELDOUT_TEST_S3_T041_U03,2026-09-07T10:00:00.000000Z,220,11,6,0.5454545454545454
3,KAPPA_HELDOUT_TEST_S3_T041,KAPPA_HELDOUT_TEST_S3_T041_U04,2026-09-07T10:00:00.000000Z,215,6,4,0.6666666666666666
3,KAPPA_HELDOUT_TEST_S3_T041,KAPPA_HELDOUT_TEST_S3_T041_U05,2026-09-07T10:00:00.000000Z,304,14,8,0.5714285714285714
3,KAPPA_HELDOUT_TEST_S3_T041,KAPPA_HELDOUT_TEST_S3_T041_U06,2026-09-07T10:00:00.000000Z,162,21,13,0.6190476190476191
3,KAPPA_HELDOUT_TEST_S3_T041,KAPPA_HELDOUT_TEST_S3_T041_U07,2026-09-07T10:00:00.000000Z,194,12,7,0.5833333333333334
3,KAPPA_HELDOUT_TEST_S3_T041,KAPPA_HELDOUT_TEST_S3_T041_U08,2026-09-07T10:00:00.000000Z,152,7,4,0.5714285714285714
3,KAPPA_HELDOUT_TEST_S3_T041,KAPPA_HELDOUT_TEST_S3_T041_U09,2026-09-07T10:00:00.000000Z,173,12,7,0.5833333333333334
3,KAPPA_HELDOUT_TEST_S3_T041,KAPPA_HELDOUT_TEST_S3_T041_U10,2026-09-07T10:00:00.000000Z,170,15,8,0.5333333333333333
3,KAPPA_HELDOUT_TEST_S3_T042,KAPPA_HELDOUT_TEST_S3_T042_U01,2026-09-07T10:15:00.000000Z,133,12,2,0.16666666666666666
3,KAPPA_HELDOUT_TEST_S3_T042,KAPPA_HELDOUT_TEST_S3_T042_U02,2026-09-07T10:15:00.000000Z,294,11,5,0.45454545454545453
3,KAPPA_HELDOUT_TEST_S3_T042,KAPPA_HELDOUT_TEST_S3_T042_U03,2026-09-07T10:15:00.000000Z,261,11,5,0.45454545454545453
3,KAPPA_HELDOUT_TEST_S3_T042,KAPPA_HELDOUT_TEST_S3_T042_U04,2026-09-07T10:15:00.000000Z,207,12,3,0.25
3,KAPPA_HELDOUT_TEST_S3_T042,KAPPA_HELDOUT_TEST_S3_T042_U05,2026-09-07T10:15:00.000000Z,173,10,5,0.5
3,KAPPA_HELDOUT_TEST_S3_T042,KAPPA_HELDOUT_TEST_S3_T042_U06,2026-09-07T10:15:00.000000Z,283,3,3,1
3,KAPPA_HELDOUT_TEST_S3_T042,KAPPA_HELDOUT_TEST_S3_T042_U07,2026-09-07T10:15:00.000000Z,41,6,1,0.16666666666666666
3,KAPPA_HELDOUT_TEST_S3_T042,KAPPA_HELDOUT_TEST_S3_T042_U08,2026-09-07T10:15:00.000000Z,72,14,6,0.42857142857142855
3,KAPPA_HELDOUT_TEST_S3_T042,KAPPA_HELDOUT_TEST_S3_T042_U09,2026-09-07T10:15:00.000000Z,169,5,3,0.6
3,KAPPA_HELDOUT_TEST_S3_T042,KAPPA_HELDOUT_TEST_S3_T042_U10,2026-09-07T10:15:00.000000Z,80,6,2,0.3333333333333333
3,KAPPA_HELDOUT_TEST_S3_T043,KAPPA_HELDOUT_TEST_S3_T043_U01,2026-09-07T10:30:00.000000Z,177,10,6,0.6
3,KAPPA_HELDOUT_TEST_S3_T043,KAPPA_HELDOUT_TEST_S3_T043_U02,2026-09-07T10:30:00.000000Z,57,13,5,0.38461538461538464
3,KAPPA_HELDOUT_TEST_S3_T043,KAPPA_HELDOUT_TEST_S3_T043_U03,2026-09-07T10:30:00.000000Z,229,10,6,0.6
3,KAPPA_HELDOUT_TEST_S3_T043,KAPPA_HELDOUT_TEST_S3_T043_U04,2026-09-07T10:30:00.000000Z,92,9,3,0.3333333333333333
3,KAPPA_HELDOUT_TEST_S3_T043,KAPPA_HELDOUT_TEST_S3_T043_U05,2026-09-07T10:30:00.000000Z,119,11,8,0.7272727272727273
3,KAPPA_HELDOUT_TEST_S3_T043,KAPPA_HELDOUT_TEST_S3_T043_U06,2026-09-07T10:30:00.000000Z,21,9,4,0.4444444444444444
3,KAPPA_HELDOUT_TEST_S3_T043,KAPPA_HELDOUT_TEST_S3_T043_U07,2026-09-07T10:30:00.000000Z,258,18,9,0.5
3,KAPPA_HELDOUT_TEST_S3_T043,KAPPA_HELDOUT_TEST_S3_T043_U08,2026-09-07T10:30:00.000000Z,126,11,5,0.45454545454545453
3,KAPPA_HELDOUT_TEST_S3_T043,KAPPA_HELDOUT_TEST_S3_T043_U09,2026-09-07T10:30:00.000000Z,267,7,4,0.5714285714285714
3,KAPPA_HELDOUT_TEST_S3_T043,KAPPA_HELDOUT_TEST_S3_T043_U10,2026-09-07T10:30:00.000000Z,39,10,4,0.4
3,KAPPA_HELDOUT_TEST_S3_T044,KAPPA_HELDOUT_TEST_S3_T044_U01,2026-09-07T10:45:00.000000Z,107,11,8,0.7272727272727273
3,KAPPA_HELDOUT_TEST_S3_T044,KAPPA_HELDOUT_TEST_S3_T044_U02,2026-09-07T10:45:00.000000Z,150,11,6,0.5454545454545454
3,KAPPA_HELDOUT_TEST_S3_T044,KAPPA_HELDOUT_TEST_S3_T044_U03,2026-09-07T10:45:00.000000Z,286,14,7,0.5
3,KAPPA_HELDOUT_TEST_S3_T044,KAPPA_HELDOUT_TEST_S3_T044_U04,2026-09-07T10:45:00.000000Z,82,9,5,0.5555555555555556
3,KAPPA_HELDOUT_TEST_S3_T044,KAPPA_HELDOUT_TEST_S3_T044_U05,2026-09-07T10:45:00.000000Z,219,12,7,0.5833333333333334
3,KAPPA_HELDOUT_TEST_S3_T044,KAPPA_HELDOUT_TEST_S3_T044_U06,2026-09-07T10:45:00.000000Z,261,4,0,0
3,KAPPA_HELDOUT_TEST_S3_T044,KAPPA_HELDOUT_TEST_S3_T044_U07,2026-09-07T10:45:00.000000Z,26,15,5,0.3333333333333333
3,KAPPA_HELDOUT_TEST_S3_T044,KAPPA_HELDOUT_TEST_S3_T044_U08,2026-09-07T10:45:00.000000Z,46,10,4,0.4
3,KAPPA_HELDOUT_TEST_S3_T044,KAPPA_HELDOUT_TEST_S3_T044_U09,2026-09-07T10:45:00.000000Z,280,12,6,0.5
3,KAPPA_HELDOUT_TEST_S3_T044,KAPPA_HELDOUT_TEST_S3_T044_U10,2026-09-07T10:45:00.000000Z,124,12,8,0.6666666666666666
3,KAPPA_HELDOUT_TEST_S3_T045,KAPPA_HELDOUT_TEST_S3_T045_U01,2026-09-07T11:00:00.000000Z,25,12,4,0.3333333333333333
3,KAPPA_HELDOUT_TEST_S3_T045,KAPPA_HELDOUT_TEST_S3_T045_U02,2026-09-07T11:00:00.000000Z,268,15,6,0.4
3,KAPPA_HELDOUT_TEST_S3_T045,KAPPA_HELDOUT_TEST_S3_T045_U03,2026-09-07T11:00:00.000000Z,7,7,4,0.5714285714285714
3,KAPPA_HELDOUT_TEST_S3_T045,KAPPA_HELDOUT_TEST_S3_T045_U04,2026-09-07T11:00:00.000000Z,320,14,8,0.5714285714285714
3,KAPPA_HELDOUT_TEST_S3_T045,KAPPA_HELDOUT_TEST_S3_T045_U05,2026-09-07T11:00:00.000000Z,235,10,4,0.4
3,KAPPA_HELDOUT_TEST_S3_T045,KAPPA_HELDOUT_TEST_S3_T045_U06,2026-09-07T11:00:00.000000Z,247,6,3,0.5
3,KAPPA_HELDOUT_TEST_S3_T045,KAPPA_HELDOUT_TEST_S3_T045_U07,2026-09-07T11:00:00.000000Z,299,14,7,0.5
3,KAPPA_HELDOUT_TEST_S3_T045,KAPPA_HELDOUT_TEST_S3_T045_U08,2026-09-07T11:00:00.000000Z,119,12,5,0.4166666666666667
3,KAPPA_HELDOUT_TEST_S3_T045,KAPPA_HELDOUT_TEST_S3_T045_U09,2026-09-07T11:00:00.000000Z,305,7,5,0.7142857142857143
3,KAPPA_HELDOUT_TEST_S3_T045,KAPPA_HELDOUT_TEST_S3_T045_U10,2026-09-07T11:00:00.000000Z,214,10,4,0.4
3,KAPPA_HELDOUT_TEST_S3_T046,KAPPA_HELDOUT_TEST_S3_T046_U01,2026-09-07T11:15:00.000000Z,147,9,5,0.5555555555555556
3,KAPPA_HELDOUT_TEST_S3_T046,KAPPA_HELDOUT_TEST_S3_T046_U02,2026-09-07T11:15:00.000000Z,223,7,5,0.7142857142857143
3,KAPPA_HELDOUT_TEST_S3_T046,KAPPA_HELDOUT_TEST_S3_T046_U03,2026-09-07T11:15:00.000000Z,260,17,7,0.4117647058823529
3,KAPPA_HELDOUT_TEST_S3_T046,KAPPA_HELDOUT_TEST_S3_T046_U04,2026-09-07T11:15:00.000000Z,227,20,12,0.6
3,KAPPA_HELDOUT_TEST_S3_T046,KAPPA_HELDOUT_TEST_S3_T046_U05,2026-09-07T11:15:00.000000Z,289,9,4,0.4444444444444444
3,KAPPA_HELDOUT_TEST_S3_T046,KAPPA_HELDOUT_TEST_S3_T046_U06,2026-09-07T11:15:00.000000Z,174,7,2,0.2857142857142857
3,KAPPA_HELDOUT_TEST_S3_T046,KAPPA_HELDOUT_TEST_S3_T046_U07,2026-09-07T11:15:00.000000Z,140,14,5,0.35714285714285715
3,KAPPA_HELDOUT_TEST_S3_T046,KAPPA_HELDOUT_TEST_S3_T046_U08,2026-09-07T11:15:00.000000Z,208,10,4,0.4
3,KAPPA_HELDOUT_TEST_S3_T046,KAPPA_HELDOUT_TEST_S3_T046_U09,2026-09-07T11:15:00.000000Z,217,17,10,0.5882352941176471
3,KAPPA_HELDOUT_TEST_S3_T046,KAPPA_HELDOUT_TEST_S3_T046_U10,2026-09-07T11:15:00.000000Z,133,18,13,0.7222222222222222
3,KAPPA_HELDOUT_TEST_S3_T047,KAPPA_HELDOUT_TEST_S3_T047_U01,2026-09-07T11:30:00.000000Z,77,19,12,0.631578947368421
3,KAPPA_HELDOUT_TEST_S3_T047,KAPPA_HELDOUT_TEST_S3_T047_U02,2026-09-07T11:30:00.000000Z,191,9,3,0.3333333333333333
3,KAPPA_HELDOUT_TEST_S3_T047,KAPPA_HELDOUT_TEST_S3_T047_U03,2026-09-07T11:30:00.000000Z,23,15,9,0.6
3,KAPPA_HELDOUT_TEST_S3_T047,KAPPA_HELDOUT_TEST_S3_T047_U04,2026-09-07T11:30:00.000000Z,50,10,5,0.5
3,KAPPA_HELDOUT_TEST_S3_T047,KAPPA_HELDOUT_TEST_S3_T047_U05,2026-09-07T11:30:00.000000Z,79,6,2,0.3333333333333333
3,KAPPA_HELDOUT_TEST_S3_T047,KAPPA_HELDOUT_TEST_S3_T047_U06,2026-09-07T11:30:00.000000Z,311,13,9,0.6923076923076923
3,KAPPA_HELDOUT_TEST_S3_T047,KAPPA_HELDOUT_TEST_S3_T047_U07,2026-09-07T11:30:00.000000Z,244,11,4,0.36363636363636365
3,KAPPA_HELDOUT_TEST_S3_T047,KAPPA_HELDOUT_TEST_S3_T047_U08,2026-09-07T11:30:00.000000Z,83,13,8,0.6153846153846154
3,KAPPA_HELDOUT_TEST_S3_T047,KAPPA_HELDOUT_TEST_S3_T047_U09,2026-09-07T11:30:00.000000Z,310,12,6,0.5
3,KAPPA_HELDOUT_TEST_S3_T047,KAPPA_HELDOUT_TEST_S3_T047_U10,2026-09-07T11:30:00.000000Z,72,13,8,0.6153846153846154
3,KAPPA_HELDOUT_TEST_S3_T048,KAPPA_HELDOUT_TEST_S3_T048_U01,2026-09-07T11:45:00.000000Z,130,9,5,0.5555555555555556
3,KAPPA_HELDOUT_TEST_S3_T048,KAPPA_HELDOUT_TEST_S3_T048_U02,2026-09-07T11:45:00.000000Z,147,9,3,0.3333333333333333
3,KAPPA_HELDOUT_TEST_S3_T048,KAPPA_HELDOUT_TEST_S3_T048_U03,2026-09-07T11:45:00.000000Z,295,9,4,0.4444444444444444
3,KAPPA_HELDOUT_TEST_S3_T048,KAPPA_HELDOUT_TEST_S3_T048_U04,2026-09-07T11:45:00.000000Z,313,9,7,0.7777777777777778
3,KAPPA_HELDOUT_TEST_S3_T048,KAPPA_HELDOUT_TEST_S3_T048_U05,2026-09-07T11:45:00.000000Z,319,8,5,0.625
3,KAPPA_HELDOUT_TEST_S3_T048,KAPPA_HELDOUT_TEST_S3_T048_U06,2026-09-07T11:45:00.000000Z,258,12,6,0.5
3,KAPPA_HELDOUT_TEST_S3_T048,KAPPA_HELDOUT_TEST_S3_T048_U07,2026-09-07T11:45:00.000000Z,60,6,4,0.6666666666666666
3,KAPPA_HELDOUT_TEST_S3_T048,KAPPA_HELDOUT_TEST_S3_T048_U08,2026-09-07T11:45:00.000000Z,182,10,5,0.5
3,KAPPA_HELDOUT_TEST_S3_T048,KAPPA_HELDOUT_TEST_S3_T048_U09,2026-09-07T11:45:00.000000Z,192,7,4,0.5714285714285714
3,KAPPA_HELDOUT_TEST_S3_T048,KAPPA_HELDOUT_TEST_S3_T048_U10,2026-09-07T11:45:00.000000Z,161,7,3,0.42857142857142855
3,KAPPA_HELDOUT_TEST_S3_T049,KAPPA_HELDOUT_TEST_S3_T049_U01,2026-09-07T12:00:00.000000Z,31,13,7,0.5384615384615384
3,KAPPA_HELDOUT_TEST_S3_T049,KAPPA_HELDOUT_TEST_S3_T049_U02,2026-09-07T12:00:00.000000Z,193,10,7,0.7
3,KAPPA_HELDOUT_TEST_S3_T049,KAPPA_HELDOUT_TEST_S3_T049_U03,2026-09-07T12:00:00.000000Z,202,14,6,0.42857142857142855
3,KAPPA_HELDOUT_TEST_S3_T049,KAPPA_HELDOUT_TEST_S3_T049_U04,2026-09-07T12:00:00.000000Z,117,9,4,0.4444444444444444
3,KAPPA_HELDOUT_TEST_S3_T049,KAPPA_HELDOUT_TEST_S3_T049_U05,2026-09-07T12:00:00.000000Z,257,16,10,0.625
3,KAPPA_HELDOUT_TEST_S3_T049,KAPPA_HELDOUT_TEST_S3_T049_U06,2026-09-07T12:00:00.000000Z,46,11,5,0.45454545454545453
3,KAPPA_HELDOUT_TEST_S3_T049,KAPPA_HELDOUT_TEST_S3_T049_U07,2026-09-07T12:00:00.000000Z,242,14,5,0.35714285714285715
3,KAPPA_HELDOUT_TEST_S3_T049,KAPPA_HELDOUT_TEST_S3_T049_U08,2026-09-07T12:00:00.000000Z,292,11,11,1
3,KAPPA_HELDOUT_TEST_S3_T049,KAPPA_HELDOUT_TEST_S3_T049_U09,2026-09-07T12:00:00.000000Z,118,13,6,0.46153846153846156
3,KAPPA_HELDOUT_TEST_S3_T049,KAPPA_HELDOUT_TEST_S3_T049_U10,2026-09-07T12:00:00.000000Z,143,15,10,0.6666666666666666
3,KAPPA_HELDOUT_TEST_S3_T050,KAPPA_HELDOUT_TEST_S3_T050_U01,2026-09-07T12:15:00.000000Z,20,14,7,0.5
3,KAPPA_HELDOUT_TEST_S3_T050,KAPPA_HELDOUT_TEST_S3_T050_U02,2026-09-07T12:15:00.000000Z,60,13,9,0.6923076923076923
3,KAPPA_HELDOUT_TEST_S3_T050,KAPPA_HELDOUT_TEST_S3_T050_U03,2026-09-07T12:15:00.000000Z,55,11,3,0.2727272727272727
3,KAPPA_HELDOUT_TEST_S3_T050,KAPPA_HELDOUT_TEST_S3_T050_U04,2026-09-07T12:15:00.000000Z,88,9,2,0.2222222222222222
3,KAPPA_HELDOUT_TEST_S3_T050,KAPPA_HELDOUT_TEST_S3_T050_U05,2026-09-07T12:15:00.000000Z,68,10,5,0.5
3,KAPPA_HELDOUT_TEST_S3_T050,KAPPA_HELDOUT_TEST_S3_T050_U06,2026-09-07T12:15:00.000000Z,103,9,5,0.5555555555555556
3,KAPPA_HELDOUT_TEST_S3_T050,KAPPA_HELDOUT_TEST_S3_T050_U07,2026-09-07T12:15:00.000000Z,251,11,9,0.8181818181818182
3,KAPPA_HELDOUT_TEST_S3_T050,KAPPA_HELDOUT_TEST_S3_T050_U08,2026-09-07T12:15:00.000000Z,23,11,8,0.7272727272727273
3,KAPPA_HELDOUT_TEST_S3_T050,KAPPA_HELDOUT_TEST_S3_T050_U09,2026-09-07T12:15:00.000000Z,155,5,3,0.6
3,KAPPA_HELDOUT_TEST_S3_T050,KAPPA_HELDOUT_TEST_S3_T050_U10,2026-09-07T12:15:00.000000Z,271,13,8,0.6153846153846154
3,KAPPA_HELDOUT_TEST_S3_T051,KAPPA_HELDOUT_TEST_S3_T051_U01,2026-09-07T12:30:00.000000Z,14,12,8,0.6666666666666666
3,KAPPA_HELDOUT_TEST_S3_T051,KAPPA_HELDOUT_TEST_S3_T051_U02,2026-09-07T12:30:00.000000Z,254,4,3,0.75
3,KAPPA_HELDOUT_TEST_S3_T051,KAPPA_HELDOUT_TEST_S3_T051_U03,2026-09-07T12:30:00.000000Z,276,12,7,0.5833333333333334
3,KAPPA_HELDOUT_TEST_S3_T051,KAPPA_HELDOUT_TEST_S3_T051_U04,2026-09-07T12:30:00.000000Z,94,13,7,0.5384615384615384
3,KAPPA_HELDOUT_TEST_S3_T051,KAPPA_HELDOUT_TEST_S3_T051_U05,2026-09-07T12:30:00.000000Z,236,7,2,0.2857142857142857
3,KAPPA_HELDOUT_TEST_S3_T051,KAPPA_HELDOUT_TEST_S3_T051_U06,2026-09-07T12:30:00.000000Z,22,10,3,0.3
3,KAPPA_HELDOUT_TEST_S3_T051,KAPPA_HELDOUT_TEST_S3_T051_U07,2026-09-07T12:30:00.000000Z,227,4,2,0.5
3,KAPPA_HELDOUT_TEST_S3_T051,KAPPA_HELDOUT_TEST_S3_T051_U08,2026-09-07T12:30:00.000000Z,261,8,6,0.75
3,KAPPA_HELDOUT_TEST_S3_T051,KAPPA_HELDOUT_TEST_S3_T051_U09,2026-09-07T12:30:00.000000Z,178,10,4,0.4
3,KAPPA_HELDOUT_TEST_S3_T051,KAPPA_HELDOUT_TEST_S3_T051_U10,2026-09-07T12:30:00.000000Z,29,16,7,0.4375
3,KAPPA_HELDOUT_TEST_S3_T052,KAPPA_HELDOUT_TEST_S3_T052_U01,2026-09-07T12:45:00.000000Z,54,8,1,0.125
3,KAPPA_HELDOUT_TEST_S3_T052,KAPPA_HELDOUT_TEST_S3_T052_U02,2026-09-07T12:45:00.000000Z,43,14,9,0.6428571428571429
3,KAPPA_HELDOUT_TEST_S3_T052,KAPPA_HELDOUT_TEST_S3_T052_U03,2026-09-07T12:45:00.000000Z,298,14,11,0.7857142857142857
3,KAPPA_HELDOUT_TEST_S3_T052,KAPPA_HELDOUT_TEST_S3_T052_U04,2026-09-07T12:45:00.000000Z,19,11,3,0.2727272727272727
3,KAPPA_HELDOUT_TEST_S3_T052,KAPPA_HELDOUT_TEST_S3_T052_U05,2026-09-07T12:45:00.000000Z,29,14,5,0.35714285714285715
3,KAPPA_HELDOUT_TEST_S3_T052,KAPPA_HELDOUT_TEST_S3_T052_U06,2026-09-07T12:45:00.000000Z,194,10,5,0.5
3,KAPPA_HELDOUT_TEST_S3_T052,KAPPA_HELDOUT_TEST_S3_T052_U07,2026-09-07T12:45:00.000000Z,260,11,5,0.45454545454545453
3,KAPPA_HELDOUT_TEST_S3_T052,KAPPA_HELDOUT_TEST_S3_T052_U08,2026-09-07T12:45:00.000000Z,71,14,7,0.5
3,KAPPA_HELDOUT_TEST_S3_T052,KAPPA_HELDOUT_TEST_S3_T052_U09,2026-09-07T12:45:00.000000Z,172,10,3,0.3
3,KAPPA_HELDOUT_TEST_S3_T052,KAPPA_HELDOUT_TEST_S3_T052_U10,2026-09-07T12:45:00.000000Z,18,10,6,0.6
3,KAPPA_HELDOUT_TEST_S3_T053,KAPPA_HELDOUT_TEST_S3_T053_U01,2026-09-07T13:00:00.000000Z,222,9,5,0.5555555555555556
3,KAPPA_HELDOUT_TEST_S3_T053,KAPPA_HELDOUT_TEST_S3_T053_U02,2026-09-07T13:00:00.000000Z,154,16,10,0.625
3,KAPPA_HELDOUT_TEST_S3_T053,KAPPA_HELDOUT_TEST_S3_T053_U03,2026-09-07T13:00:00.000000Z,57,11,5,0.45454545454545453
3,KAPPA_HELDOUT_TEST_S3_T053,KAPPA_HELDOUT_TEST_S3_T053_U04,2026-09-07T13:00:00.000000Z,49,10,6,0.6
3,KAPPA_HELDOUT_TEST_S3_T053,KAPPA_HELDOUT_TEST_S3_T053_U05,2026-09-07T13:00:00.000000Z,40,16,9,0.5625
3,KAPPA_HELDOUT_TEST_S3_T053,KAPPA_HELDOUT_TEST_S3_T053_U06,2026-09-07T13:00:00.000000Z,70,5,2,0.4
3,KAPPA_HELDOUT_TEST_S3_T053,KAPPA_HELDOUT_TEST_S3_T053_U07,2026-09-07T13:00:00.000000Z,158,10,6,0.6
3,KAPPA_HELDOUT_TEST_S3_T053,KAPPA_HELDOUT_TEST_S3_T053_U08,2026-09-07T13:00:00.000000Z,53,11,6,0.5454545454545454
3,KAPPA_HELDOUT_TEST_S3_T053,KAPPA_HELDOUT_TEST_S3_T053_U09,2026-09-07T13:00:00.000000Z,213,5,3,0.6
3,KAPPA_HELDOUT_TEST_S3_T053,KAPPA_HELDOUT_TEST_S3_T053_U10,2026-09-07T13:00:00.000000Z,59,8,1,0.125
3,KAPPA_HELDOUT_TEST_S3_T054,KAPPA_HELDOUT_TEST_S3_T054_U01,2026-09-07T13:15:00.000000Z,170,6,3,0.5
3,KAPPA_HELDOUT_TEST_S3_T054,KAPPA_HELDOUT_TEST_S3_T054_U02,2026-09-07T13:15:00.000000Z,170,12,7,0.5833333333333334
3,KAPPA_HELDOUT_TEST_S3_T054,KAPPA_HELDOUT_TEST_S3_T054_U03,2026-09-07T13:15:00.000000Z,179,15,6,0.4
3,KAPPA_HELDOUT_TEST_S3_T054,KAPPA_HELDOUT_TEST_S3_T054_U04,2026-09-07T13:15:00.000000Z,196,17,10,0.5882352941176471
3,KAPPA_HELDOUT_TEST_S3_T054,KAPPA_HELDOUT_TEST_S3_T054_U05,2026-09-07T13:15:00.000000Z,270,14,6,0.42857142857142855
3,KAPPA_HELDOUT_TEST_S3_T054,KAPPA_HELDOUT_TEST_S3_T054_U06,2026-09-07T13:15:00.000000Z,60,12,7,0.5833333333333334
3,KAPPA_HELDOUT_TEST_S3_T054,KAPPA_HELDOUT_TEST_S3_T054_U07,2026-09-07T13:15:00.000000Z,178,15,6,0.4
3,KAPPA_HELDOUT_TEST_S3_T054,KAPPA_HELDOUT_TEST_S3_T054_U08,2026-09-07T13:15:00.000000Z,60,6,2,0.3333333333333333
3,KAPPA_HELDOUT_TEST_S3_T054,KAPPA_HELDOUT_TEST_S3_T054_U09,2026-09-07T13:15:00.000000Z,98,11,7,0.6363636363636364
3,KAPPA_HELDOUT_TEST_S3_T054,KAPPA_HELDOUT_TEST_S3_T054_U10,2026-09-07T13:15:00.000000Z,317,8,5,0.625
3,KAPPA_HELDOUT_TEST_S3_T055,KAPPA_HELDOUT_TEST_S3_T055_U01,2026-09-07T13:30:00.000000Z,116,8,3,0.375
3,KAPPA_HELDOUT_TEST_S3_T055,KAPPA_HELDOUT_TEST_S3_T055_U02,2026-09-07T13:30:00.000000Z,107,10,2,0.2
3,KAPPA_HELDOUT_TEST_S3_T055,KAPPA_HELDOUT_TEST_S3_T055_U03,2026-09-07T13:30:00.000000Z,102,14,9,0.6428571428571429
3,KAPPA_HELDOUT_TEST_S3_T055,KAPPA_HELDOUT_TEST_S3_T055_U04,2026-09-07T13:30:00.000000Z,226,7,3,0.42857142857142855
3,KAPPA_HELDOUT_TEST_S3_T055,KAPPA_HELDOUT_TEST_S3_T055_U05,2026-09-07T13:30:00.000000Z,112,18,6,0.3333333333333333
3,KAPPA_HELDOUT_TEST_S3_T055,KAPPA_HELDOUT_TEST_S3_T055_U06,2026-09-07T13:30:00.000000Z,225,8,5,0.625
3,KAPPA_HELDOUT_TEST_S3_T055,KAPPA_HELDOUT_TEST_S3_T055_U07,2026-09-07T13:30:00.000000Z,20,11,7,0.6363636363636364
3,KAPPA_HELDOUT_TEST_S3_T055,KAPPA_HELDOUT_TEST_S3_T055_U08,2026-09-07T13:30:00.000000Z,120,7,5,0.7142857142857143
3,KAPPA_HELDOUT_TEST_S3_T055,KAPPA_HELDOUT_TEST_S3_T055_U09,2026-09-07T13:30:00.000000Z,18,10,3,0.3
3,KAPPA_HELDOUT_TEST_S3_T055,KAPPA_HELDOUT_TEST_S3_T055_U10,2026-09-07T13:30:00.000000Z,22,13,6,0.46153846153846156
3,KAPPA_HELDOUT_TEST_S3_T056,KAPPA_HELDOUT_TEST_S3_T056_U01,2026-09-07T13:45:00.000000Z,50,15,9,0.6
3,KAPPA_HELDOUT_TEST_S3_T056,KAPPA_HELDOUT_TEST_S3_T056_U02,2026-09-07T13:45:00.000000Z,222,16,7,0.4375
3,KAPPA_HELDOUT_TEST_S3_T056,KAPPA_HELDOUT_TEST_S3_T056_U03,2026-09-07T13:45:00.000000Z,161,13,7,0.5384615384615384
3,KAPPA_HELDOUT_TEST_S3_T056,KAPPA_HELDOUT_TEST_S3_T056_U04,2026-09-07T13:45:00.000000Z,296,6,3,0.5
3,KAPPA_HELDOUT_TEST_S3_T056,KAPPA_HELDOUT_TEST_S3_T056_U05,2026-09-07T13:45:00.000000Z,98,15,7,0.4666666666666667
3,KAPPA_HELDOUT_TEST_S3_T056,KAPPA_HELDOUT_TEST_S3_T056_U06,2026-09-07T13:45:00.000000Z,202,12,6,0.5
3,KAPPA_HELDOUT_TEST_S3_T056,KAPPA_HELDOUT_TEST_S3_T056_U07,2026-09-07T13:45:00.000000Z,261,13,4,0.3076923076923077
3,KAPPA_HELDOUT_TEST_S3_T056,KAPPA_HELDOUT_TEST_S3_T056_U08,2026-09-07T13:45:00.000000Z,200,15,7,0.4666666666666667
3,KAPPA_HELDOUT_TEST_S3_T056,KAPPA_HELDOUT_TEST_S3_T056_U09,2026-09-07T13:45:00.000000Z,273,11,9,0.8181818181818182
3,KAPPA_HELDOUT_TEST_S3_T056,KAPPA_HELDOUT_TEST_S3_T056_U10,2026-09-07T13:45:00.000000Z,142,9,2,0.2222222222222222
3,KAPPA_HELDOUT_TEST_S3_T057,KAPPA_HELDOUT_TEST_S3_T057_U01,2026-09-07T14:00:00.000000Z,320,12,5,0.4166666666666667
3,KAPPA_HELDOUT_TEST_S3_T057,KAPPA_HELDOUT_TEST_S3_T057_U02,2026-09-07T14:00:00.000000Z,125,10,7,0.7
3,KAPPA_HELDOUT_TEST_S3_T057,KAPPA_HELDOUT_TEST_S3_T057_U03,2026-09-07T14:00:00.000000Z,238,9,5,0.5555555555555556
3,KAPPA_HELDOUT_TEST_S3_T057,KAPPA_HELDOUT_TEST_S3_T057_U04,2026-09-07T14:00:00.000000Z,87,15,5,0.3333333333333333
3,KAPPA_HELDOUT_TEST_S3_T057,KAPPA_HELDOUT_TEST_S3_T057_U05,2026-09-07T14:00:00.000000Z,99,8,4,0.5
3,KAPPA_HELDOUT_TEST_S3_T057,KAPPA_HELDOUT_TEST_S3_T057_U06,2026-09-07T14:00:00.000000Z,268,10,4,0.4
3,KAPPA_HELDOUT_TEST_S3_T057,KAPPA_HELDOUT_TEST_S3_T057_U07,2026-09-07T14:00:00.000000Z,237,11,5,0.45454545454545453
3,KAPPA_HELDOUT_TEST_S3_T057,KAPPA_HELDOUT_TEST_S3_T057_U08,2026-09-07T14:00:00.000000Z,274,10,5,0.5
3,KAPPA_HELDOUT_TEST_S3_T057,KAPPA_HELDOUT_TEST_S3_T057_U09,2026-09-07T14:00:00.000000Z,230,10,6,0.6
3,KAPPA_HELDOUT_TEST_S3_T057,KAPPA_HELDOUT_TEST_S3_T057_U10,2026-09-07T14:00:00.000000Z,216,12,4,0.3333333333333333
3,KAPPA_HELDOUT_TEST_S3_T058,KAPPA_HELDOUT_TEST_S3_T058_U01,2026-09-07T14:15:00.000000Z,68,7,4,0.5714285714285714
3,KAPPA_HELDOUT_TEST_S3_T058,KAPPA_HELDOUT_TEST_S3_T058_U02,2026-09-07T14:15:00.000000Z,24,13,6,0.46153846153846156
3,KAPPA_HELDOUT_TEST_S3_T058,KAPPA_HELDOUT_TEST_S3_T058_U03,2026-09-07T14:15:00.000000Z,319,8,6,0.75
3,KAPPA_HELDOUT_TEST_S3_T058,KAPPA_HELDOUT_TEST_S3_T058_U04,2026-09-07T14:15:00.000000Z,262,12,9,0.75
3,KAPPA_HELDOUT_TEST_S3_T058,KAPPA_HELDOUT_TEST_S3_T058_U05,2026-09-07T14:15:00.000000Z,283,12,7,0.5833333333333334
3,KAPPA_HELDOUT_TEST_S3_T058,KAPPA_HELDOUT_TEST_S3_T058_U06,2026-09-07T14:15:00.000000Z,15,14,8,0.5714285714285714
3,KAPPA_HELDOUT_TEST_S3_T058,KAPPA_HELDOUT_TEST_S3_T058_U07,2026-09-07T14:15:00.000000Z,119,6,0,0
3,KAPPA_HELDOUT_TEST_S3_T058,KAPPA_HELDOUT_TEST_S3_T058_U08,2026-09-07T14:15:00.000000Z,11,10,7,0.7
3,KAPPA_HELDOUT_TEST_S3_T058,KAPPA_HELDOUT_TEST_S3_T058_U09,2026-09-07T14:15:00.000000Z,280,10,5,0.5
3,KAPPA_HELDOUT_TEST_S3_T058,KAPPA_HELDOUT_TEST_S3_T058_U10,2026-09-07T14:15:00.000000Z,260,20,12,0.6
3,KAPPA_HELDOUT_TEST_S3_T059,KAPPA_HELDOUT_TEST_S3_T059_U01,2026-09-07T14:30:00.000000Z,112,8,3,0.375
3,KAPPA_HELDOUT_TEST_S3_T059,KAPPA_HELDOUT_TEST_S3_T059_U02,2026-09-07T14:30:00.000000Z,44,9,3,0.3333333333333333
3,KAPPA_HELDOUT_TEST_S3_T059,KAPPA_HELDOUT_TEST_S3_T059_U03,2026-09-07T14:30:00.000000Z,185,9,4,0.4444444444444444
3,KAPPA_HELDOUT_TEST_S3_T059,KAPPA_HELDOUT_TEST_S3_T059_U04,2026-09-07T14:30:00.000000Z,123,13,4,0.3076923076923077
3,KAPPA_HELDOUT_TEST_S3_T059,KAPPA_HELDOUT_TEST_S3_T059_U05,2026-09-07T14:30:00.000000Z,106,8,3,0.375
3,KAPPA_HELDOUT_TEST_S3_T059,KAPPA_HELDOUT_TEST_S3_T059_U06,2026-09-07T14:30:00.000000Z,174,10,5,0.5
3,KAPPA_HELDOUT_TEST_S3_T059,KAPPA_HELDOUT_TEST_S3_T059_U07,2026-09-07T14:30:00.000000Z,58,8,4,0.5
3,KAPPA_HELDOUT_TEST_S3_T059,KAPPA_HELDOUT_TEST_S3_T059_U08,2026-09-07T14:30:00.000000Z,286,9,2,0.2222222222222222
3,KAPPA_HELDOUT_TEST_S3_T059,KAPPA_HELDOUT_TEST_S3_T059_U09,2026-09-07T14:30:00.000000Z,228,11,6,0.5454545454545454
3,KAPPA_HELDOUT_TEST_S3_T059,KAPPA_HELDOUT_TEST_S3_T059_U10,2026-09-07T14:30:00.000000Z,260,8,3,0.375
3,KAPPA_HELDOUT_TEST_S3_T060,KAPPA_HELDOUT_TEST_S3_T060_U01,2026-09-07T14:45:00.000000Z,109,10,5,0.5
3,KAPPA_HELDOUT_TEST_S3_T060,KAPPA_HELDOUT_TEST_S3_T060_U02,2026-09-07T14:45:00.000000Z,50,12,4,0.3333333333333333
3,KAPPA_HELDOUT_TEST_S3_T060,KAPPA_HELDOUT_TEST_S3_T060_U03,2026-09-07T14:45:00.000000Z,115,10,7,0.7
3,KAPPA_HELDOUT_TEST_S3_T060,KAPPA_HELDOUT_TEST_S3_T060_U04,2026-09-07T14:45:00.000000Z,97,8,5,0.625
3,KAPPA_HELDOUT_TEST_S3_T060,KAPPA_HELDOUT_TEST_S3_T060_U05,2026-09-07T14:45:00.000000Z,244,5,2,0.4
3,KAPPA_HELDOUT_TEST_S3_T060,KAPPA_HELDOUT_TEST_S3_T060_U06,2026-09-07T14:45:00.000000Z,113,8,4,0.5
3,KAPPA_HELDOUT_TEST_S3_T060,KAPPA_HELDOUT_TEST_S3_T060_U07,2026-09-07T14:45:00.000000Z,188,14,11,0.7857142857142857
3,KAPPA_HELDOUT_TEST_S3_T060,KAPPA_HELDOUT_TEST_S3_T060_U08,2026-09-07T14:45:00.000000Z,145,13,7,0.5384615384615384
3,KAPPA_HELDOUT_TEST_S3_T060,KAPPA_HELDOUT_TEST_S3_T060_U09,2026-09-07T14:45:00.000000Z,318,12,6,0.5
3,KAPPA_HELDOUT_TEST_S3_T060,KAPPA_HELDOUT_TEST_S3_T060_U10,2026-09-07T14:45:00.000000Z,165,11,7,0.6363636363636364
4,KAPPA_HELDOUT_TEST_S4_T001,KAPPA_HELDOUT_TEST_S4_T001_U01,2026-09-10T00:00:00.000000Z,37,16,7,0.4375
4,KAPPA_HELDOUT_TEST_S4_T001,KAPPA_HELDOUT_TEST_S4_T001_U02,2026-09-10T00:00:00.000000Z,95,11,4,0.36363636363636365
4,KAPPA_HELDOUT_TEST_S4_T001,KAPPA_HELDOUT_TEST_S4_T001_U03,2026-09-10T00:00:00.000000Z,291,16,10,0.625
4,KAPPA_HELDOUT_TEST_S4_T001,KAPPA_HELDOUT_TEST_S4_T001_U04,2026-09-10T00:00:00.000000Z,110,12,6,0.5
4,KAPPA_HELDOUT_TEST_S4_T001,KAPPA_HELDOUT_TEST_S4_T001_U05,2026-09-10T00:00:00.000000Z,224,11,8,0.7272727272727273
4,KAPPA_HELDOUT_TEST_S4_T001,KAPPA_HELDOUT_TEST_S4_T001_U06,2026-09-10T00:00:00.000000Z,72,8,3,0.375
4,KAPPA_HELDOUT_TEST_S4_T001,KAPPA_HELDOUT_TEST_S4_T001_U07,2026-09-10T00:00:00.000000Z,66,9,6,0.6666666666666666
4,KAPPA_HELDOUT_TEST_S4_T001,KAPPA_HELDOUT_TEST_S4_T001_U08,2026-09-10T00:00:00.000000Z,296,9,3,0.3333333333333333
4,KAPPA_HELDOUT_TEST_S4_T001,KAPPA_HELDOUT_TEST_S4_T001_U09,2026-09-10T00:00:00.000000Z,148,9,2,0.2222222222222222
4,KAPPA_HELDOUT_TEST_S4_T001,KAPPA_HELDOUT_TEST_S4_T001_U10,2026-09-10T00:00:00.000000Z,3,8,5,0.625
4,KAPPA_HELDOUT_TEST_S4_T002,KAPPA_HELDOUT_TEST_S4_T002_U01,2026-09-10T00:15:00.000000Z,101,9,4,0.4444444444444444
4,KAPPA_HELDOUT_TEST_S4_T002,KAPPA_HELDOUT_TEST_S4_T002_U02,2026-09-10T00:15:00.000000Z,17,18,5,0.2777777777777778
4,KAPPA_HELDOUT_TEST_S4_T002,KAPPA_HELDOUT_TEST_S4_T002_U03,2026-09-10T00:15:00.000000Z,110,9,4,0.4444444444444444
4,KAPPA_HELDOUT_TEST_S4_T002,KAPPA_HELDOUT_TEST_S4_T002_U04,2026-09-10T00:15:00.000000Z,166,9,5,0.5555555555555556
4,KAPPA_HELDOUT_TEST_S4_T002,KAPPA_HELDOUT_TEST_S4_T002_U05,2026-09-10T00:15:00.000000Z,47,14,5,0.35714285714285715
4,KAPPA_HELDOUT_TEST_S4_T002,KAPPA_HELDOUT_TEST_S4_T002_U06,2026-09-10T00:15:00.000000Z,68,15,8,0.5333333333333333
4,KAPPA_HELDOUT_TEST_S4_T002,KAPPA_HELDOUT_TEST_S4_T002_U07,2026-09-10T00:15:00.000000Z,127,15,6,0.4
4,KAPPA_HELDOUT_TEST_S4_T002,KAPPA_HELDOUT_TEST_S4_T002_U08,2026-09-10T00:15:00.000000Z,176,4,4,1
4,KAPPA_HELDOUT_TEST_S4_T002,KAPPA_HELDOUT_TEST_S4_T002_U09,2026-09-10T00:15:00.000000Z,216,12,6,0.5
4,KAPPA_HELDOUT_TEST_S4_T002,KAPPA_HELDOUT_TEST_S4_T002_U10,2026-09-10T00:15:00.000000Z,137,10,2,0.2
4,KAPPA_HELDOUT_TEST_S4_T003,KAPPA_HELDOUT_TEST_S4_T003_U01,2026-09-10T00:30:00.000000Z,49,18,8,0.4444444444444444
4,KAPPA_HELDOUT_TEST_S4_T003,KAPPA_HELDOUT_TEST_S4_T003_U02,2026-09-10T00:30:00.000000Z,277,9,8,0.8888888888888888
4,KAPPA_HELDOUT_TEST_S4_T003,KAPPA_HELDOUT_TEST_S4_T003_U03,2026-09-10T00:30:00.000000Z,67,5,3,0.6
4,KAPPA_HELDOUT_TEST_S4_T003,KAPPA_HELDOUT_TEST_S4_T003_U04,2026-09-10T00:30:00.000000Z,195,24,12,0.5
4,KAPPA_HELDOUT_TEST_S4_T003,KAPPA_HELDOUT_TEST_S4_T003_U05,2026-09-10T00:30:00.000000Z,186,10,4,0.4
4,KAPPA_HELDOUT_TEST_S4_T003,KAPPA_HELDOUT_TEST_S4_T003_U06,2026-09-10T00:30:00.000000Z,280,10,1,0.1
4,KAPPA_HELDOUT_TEST_S4_T003,KAPPA_HELDOUT_TEST_S4_T003_U07,2026-09-10T00:30:00.000000Z,163,11,3,0.2727272727272727
4,KAPPA_HELDOUT_TEST_S4_T003,KAPPA_HELDOUT_TEST_S4_T003_U08,2026-09-10T00:30:00.000000Z,106,17,11,0.6470588235294118
4,KAPPA_HELDOUT_TEST_S4_T003,KAPPA_HELDOUT_TEST_S4_T003_U09,2026-09-10T00:30:00.000000Z,221,18,11,0.6111111111111112
4,KAPPA_HELDOUT_TEST_S4_T003,KAPPA_HELDOUT_TEST_S4_T003_U10,2026-09-10T00:30:00.000000Z,82,15,11,0.7333333333333333
4,KAPPA_HELDOUT_TEST_S4_T004,KAPPA_HELDOUT_TEST_S4_T004_U01,2026-09-10T00:45:00.000000Z,18,10,2,0.2
4,KAPPA_HELDOUT_TEST_S4_T004,KAPPA_HELDOUT_TEST_S4_T004_U02,2026-09-10T00:45:00.000000Z,75,10,6,0.6
4,KAPPA_HELDOUT_TEST_S4_T004,KAPPA_HELDOUT_TEST_S4_T004_U03,2026-09-10T00:45:00.000000Z,252,14,7,0.5
4,KAPPA_HELDOUT_TEST_S4_T004,KAPPA_HELDOUT_TEST_S4_T004_U04,2026-09-10T00:45:00.000000Z,63,15,7,0.4666666666666667
4,KAPPA_HELDOUT_TEST_S4_T004,KAPPA_HELDOUT_TEST_S4_T004_U05,2026-09-10T00:45:00.000000Z,168,12,6,0.5
4,KAPPA_HELDOUT_TEST_S4_T004,KAPPA_HELDOUT_TEST_S4_T004_U06,2026-09-10T00:45:00.000000Z,228,7,5,0.7142857142857143
4,KAPPA_HELDOUT_TEST_S4_T004,KAPPA_HELDOUT_TEST_S4_T004_U07,2026-09-10T00:45:00.000000Z,219,13,4,0.3076923076923077
4,KAPPA_HELDOUT_TEST_S4_T004,KAPPA_HELDOUT_TEST_S4_T004_U08,2026-09-10T00:45:00.000000Z,225,10,3,0.3
4,KAPPA_HELDOUT_TEST_S4_T004,KAPPA_HELDOUT_TEST_S4_T004_U09,2026-09-10T00:45:00.000000Z,308,4,2,0.5
4,KAPPA_HELDOUT_TEST_S4_T004,KAPPA_HELDOUT_TEST_S4_T004_U10,2026-09-10T00:45:00.000000Z,55,13,4,0.3076923076923077
4,KAPPA_HELDOUT_TEST_S4_T005,KAPPA_HELDOUT_TEST_S4_T005_U01,2026-09-10T01:00:00.000000Z,298,10,9,0.9
4,KAPPA_HELDOUT_TEST_S4_T005,KAPPA_HELDOUT_TEST_S4_T005_U02,2026-09-10T01:00:00.000000Z,246,8,4,0.5
4,KAPPA_HELDOUT_TEST_S4_T005,KAPPA_HELDOUT_TEST_S4_T005_U03,2026-09-10T01:00:00.000000Z,200,18,7,0.3888888888888889
4,KAPPA_HELDOUT_TEST_S4_T005,KAPPA_HELDOUT_TEST_S4_T005_U04,2026-09-10T01:00:00.000000Z,75,14,6,0.42857142857142855
4,KAPPA_HELDOUT_TEST_S4_T005,KAPPA_HELDOUT_TEST_S4_T005_U05,2026-09-10T01:00:00.000000Z,242,10,6,0.6
4,KAPPA_HELDOUT_TEST_S4_T005,KAPPA_HELDOUT_TEST_S4_T005_U06,2026-09-10T01:00:00.000000Z,178,8,5,0.625
4,KAPPA_HELDOUT_TEST_S4_T005,KAPPA_HELDOUT_TEST_S4_T005_U07,2026-09-10T01:00:00.000000Z,201,7,4,0.5714285714285714
4,KAPPA_HELDOUT_TEST_S4_T005,KAPPA_HELDOUT_TEST_S4_T005_U08,2026-09-10T01:00:00.000000Z,320,6,4,0.6666666666666666
4,KAPPA_HELDOUT_TEST_S4_T005,KAPPA_HELDOUT_TEST_S4_T005_U09,2026-09-10T01:00:00.000000Z,136,6,4,0.6666666666666666
4,KAPPA_HELDOUT_TEST_S4_T005,KAPPA_HELDOUT_TEST_S4_T005_U10,2026-09-10T01:00:00.000000Z,203,3,3,1
4,KAPPA_HELDOUT_TEST_S4_T006,KAPPA_HELDOUT_TEST_S4_T006_U01,2026-09-10T01:15:00.000000Z,272,10,4,0.4
4,KAPPA_HELDOUT_TEST_S4_T006,KAPPA_HELDOUT_TEST_S4_T006_U02,2026-09-10T01:15:00.000000Z,311,7,4,0.5714285714285714
4,KAPPA_HELDOUT_TEST_S4_T006,KAPPA_HELDOUT_TEST_S4_T006_U03,2026-09-10T01:15:00.000000Z,264,12,4,0.3333333333333333
4,KAPPA_HELDOUT_TEST_S4_T006,KAPPA_HELDOUT_TEST_S4_T006_U04,2026-09-10T01:15:00.000000Z,112,12,7,0.5833333333333334
4,KAPPA_HELDOUT_TEST_S4_T006,KAPPA_HELDOUT_TEST_S4_T006_U05,2026-09-10T01:15:00.000000Z,272,5,1,0.2
4,KAPPA_HELDOUT_TEST_S4_T006,KAPPA_HELDOUT_TEST_S4_T006_U06,2026-09-10T01:15:00.000000Z,11,10,3,0.3
4,KAPPA_HELDOUT_TEST_S4_T006,KAPPA_HELDOUT_TEST_S4_T006_U07,2026-09-10T01:15:00.000000Z,98,11,5,0.45454545454545453
4,KAPPA_HELDOUT_TEST_S4_T006,KAPPA_HELDOUT_TEST_S4_T006_U08,2026-09-10T01:15:00.000000Z,69,11,7,0.6363636363636364
4,KAPPA_HELDOUT_TEST_S4_T006,KAPPA_HELDOUT_TEST_S4_T006_U09,2026-09-10T01:15:00.000000Z,60,14,6,0.42857142857142855
4,KAPPA_HELDOUT_TEST_S4_T006,KAPPA_HELDOUT_TEST_S4_T006_U10,2026-09-10T01:15:00.000000Z,57,11,6,0.5454545454545454
4,KAPPA_HELDOUT_TEST_S4_T007,KAPPA_HELDOUT_TEST_S4_T007_U01,2026-09-10T01:30:00.000000Z,62,16,10,0.625
4,KAPPA_HELDOUT_TEST_S4_T007,KAPPA_HELDOUT_TEST_S4_T007_U02,2026-09-10T01:30:00.000000Z,234,15,8,0.5333333333333333
4,KAPPA_HELDOUT_TEST_S4_T007,KAPPA_HELDOUT_TEST_S4_T007_U03,2026-09-10T01:30:00.000000Z,50,9,7,0.7777777777777778
4,KAPPA_HELDOUT_TEST_S4_T007,KAPPA_HELDOUT_TEST_S4_T007_U04,2026-09-10T01:30:00.000000Z,111,8,4,0.5
4,KAPPA_HELDOUT_TEST_S4_T007,KAPPA_HELDOUT_TEST_S4_T007_U05,2026-09-10T01:30:00.000000Z,248,7,3,0.42857142857142855
4,KAPPA_HELDOUT_TEST_S4_T007,KAPPA_HELDOUT_TEST_S4_T007_U06,2026-09-10T01:30:00.000000Z,7,15,4,0.26666666666666666
4,KAPPA_HELDOUT_TEST_S4_T007,KAPPA_HELDOUT_TEST_S4_T007_U07,2026-09-10T01:30:00.000000Z,228,10,8,0.8
4,KAPPA_HELDOUT_TEST_S4_T007,KAPPA_HELDOUT_TEST_S4_T007_U08,2026-09-10T01:30:00.000000Z,154,13,6,0.46153846153846156
4,KAPPA_HELDOUT_TEST_S4_T007,KAPPA_HELDOUT_TEST_S4_T007_U09,2026-09-10T01:30:00.000000Z,184,10,2,0.2
4,KAPPA_HELDOUT_TEST_S4_T007,KAPPA_HELDOUT_TEST_S4_T007_U10,2026-09-10T01:30:00.000000Z,24,13,9,0.6923076923076923
4,KAPPA_HELDOUT_TEST_S4_T008,KAPPA_HELDOUT_TEST_S4_T008_U01,2026-09-10T01:45:00.000000Z,281,9,4,0.4444444444444444
4,KAPPA_HELDOUT_TEST_S4_T008,KAPPA_HELDOUT_TEST_S4_T008_U02,2026-09-10T01:45:00.000000Z,102,12,6,0.5
4,KAPPA_HELDOUT_TEST_S4_T008,KAPPA_HELDOUT_TEST_S4_T008_U03,2026-09-10T01:45:00.000000Z,139,14,6,0.42857142857142855
4,KAPPA_HELDOUT_TEST_S4_T008,KAPPA_HELDOUT_TEST_S4_T008_U04,2026-09-10T01:45:00.000000Z,76,8,7,0.875
4,KAPPA_HELDOUT_TEST_S4_T008,KAPPA_HELDOUT_TEST_S4_T008_U05,2026-09-10T01:45:00.000000Z,177,10,5,0.5
4,KAPPA_HELDOUT_TEST_S4_T008,KAPPA_HELDOUT_TEST_S4_T008_U06,2026-09-10T01:45:00.000000Z,80,12,6,0.5
4,KAPPA_HELDOUT_TEST_S4_T008,KAPPA_HELDOUT_TEST_S4_T008_U07,2026-09-10T01:45:00.000000Z,222,10,2,0.2
4,KAPPA_HELDOUT_TEST_S4_T008,KAPPA_HELDOUT_TEST_S4_T008_U08,2026-09-10T01:45:00.000000Z,118,11,5,0.45454545454545453
4,KAPPA_HELDOUT_TEST_S4_T008,KAPPA_HELDOUT_TEST_S4_T008_U09,2026-09-10T01:45:00.000000Z,160,14,9,0.6428571428571429
4,KAPPA_HELDOUT_TEST_S4_T008,KAPPA_HELDOUT_TEST_S4_T008_U10,2026-09-10T01:45:00.000000Z,57,12,6,0.5
4,KAPPA_HELDOUT_TEST_S4_T009,KAPPA_HELDOUT_TEST_S4_T009_U01,2026-09-10T02:00:00.000000Z,7,11,4,0.36363636363636365
4,KAPPA_HELDOUT_TEST_S4_T009,KAPPA_HELDOUT_TEST_S4_T009_U02,2026-09-10T02:00:00.000000Z,254,10,5,0.5
4,KAPPA_HELDOUT_TEST_S4_T009,KAPPA_HELDOUT_TEST_S4_T009_U03,2026-09-10T02:00:00.000000Z,26,9,6,0.6666666666666666
4,KAPPA_HELDOUT_TEST_S4_T009,KAPPA_HELDOUT_TEST_S4_T009_U04,2026-09-10T02:00:00.000000Z,89,6,2,0.3333333333333333
4,KAPPA_HELDOUT_TEST_S4_T009,KAPPA_HELDOUT_TEST_S4_T009_U05,2026-09-10T02:00:00.000000Z,142,12,5,0.4166666666666667
4,KAPPA_HELDOUT_TEST_S4_T009,KAPPA_HELDOUT_TEST_S4_T009_U06,2026-09-10T02:00:00.000000Z,247,11,4,0.36363636363636365
4,KAPPA_HELDOUT_TEST_S4_T009,KAPPA_HELDOUT_TEST_S4_T009_U07,2026-09-10T02:00:00.000000Z,108,8,4,0.5
4,KAPPA_HELDOUT_TEST_S4_T009,KAPPA_HELDOUT_TEST_S4_T009_U08,2026-09-10T02:00:00.000000Z,165,13,4,0.3076923076923077
4,KAPPA_HELDOUT_TEST_S4_T009,KAPPA_HELDOUT_TEST_S4_T009_U09,2026-09-10T02:00:00.000000Z,148,9,3,0.3333333333333333
4,KAPPA_HELDOUT_TEST_S4_T009,KAPPA_HELDOUT_TEST_S4_T009_U10,2026-09-10T02:00:00.000000Z,66,17,7,0.4117647058823529
4,KAPPA_HELDOUT_TEST_S4_T010,KAPPA_HELDOUT_TEST_S4_T010_U01,2026-09-10T02:15:00.000000Z,26,13,4,0.3076923076923077
4,KAPPA_HELDOUT_TEST_S4_T010,KAPPA_HELDOUT_TEST_S4_T010_U02,2026-09-10T02:15:00.000000Z,246,12,8,0.6666666666666666
4,KAPPA_HELDOUT_TEST_S4_T010,KAPPA_HELDOUT_TEST_S4_T010_U03,2026-09-10T02:15:00.000000Z,113,14,8,0.5714285714285714
4,KAPPA_HELDOUT_TEST_S4_T010,KAPPA_HELDOUT_TEST_S4_T010_U04,2026-09-10T02:15:00.000000Z,93,9,4,0.4444444444444444
4,KAPPA_HELDOUT_TEST_S4_T010,KAPPA_HELDOUT_TEST_S4_T010_U05,2026-09-10T02:15:00.000000Z,2,11,6,0.5454545454545454
4,KAPPA_HELDOUT_TEST_S4_T010,KAPPA_HELDOUT_TEST_S4_T010_U06,2026-09-10T02:15:00.000000Z,147,9,4,0.4444444444444444
4,KAPPA_HELDOUT_TEST_S4_T010,KAPPA_HELDOUT_TEST_S4_T010_U07,2026-09-10T02:15:00.000000Z,302,14,9,0.6428571428571429
4,KAPPA_HELDOUT_TEST_S4_T010,KAPPA_HELDOUT_TEST_S4_T010_U08,2026-09-10T02:15:00.000000Z,180,11,8,0.7272727272727273
4,KAPPA_HELDOUT_TEST_S4_T010,KAPPA_HELDOUT_TEST_S4_T010_U09,2026-09-10T02:15:00.000000Z,59,10,5,0.5
4,KAPPA_HELDOUT_TEST_S4_T010,KAPPA_HELDOUT_TEST_S4_T010_U10,2026-09-10T02:15:00.000000Z,132,8,6,0.75
4,KAPPA_HELDOUT_TEST_S4_T011,KAPPA_HELDOUT_TEST_S4_T011_U01,2026-09-10T02:30:00.000000Z,96,8,4,0.5
4,KAPPA_HELDOUT_TEST_S4_T011,KAPPA_HELDOUT_TEST_S4_T011_U02,2026-09-10T02:30:00.000000Z,28,13,7,0.5384615384615384
4,KAPPA_HELDOUT_TEST_S4_T011,KAPPA_HELDOUT_TEST_S4_T011_U03,2026-09-10T02:30:00.000000Z,121,10,5,0.5
4,KAPPA_HELDOUT_TEST_S4_T011,KAPPA_HELDOUT_TEST_S4_T011_U04,2026-09-10T02:30:00.000000Z,68,13,6,0.46153846153846156
4,KAPPA_HELDOUT_TEST_S4_T011,KAPPA_HELDOUT_TEST_S4_T011_U05,2026-09-10T02:30:00.000000Z,298,9,4,0.4444444444444444
4,KAPPA_HELDOUT_TEST_S4_T011,KAPPA_HELDOUT_TEST_S4_T011_U06,2026-09-10T02:30:00.000000Z,89,10,4,0.4
4,KAPPA_HELDOUT_TEST_S4_T011,KAPPA_HELDOUT_TEST_S4_T011_U07,2026-09-10T02:30:00.000000Z,142,8,4,0.5
4,KAPPA_HELDOUT_TEST_S4_T011,KAPPA_HELDOUT_TEST_S4_T011_U08,2026-09-10T02:30:00.000000Z,109,6,3,0.5
4,KAPPA_HELDOUT_TEST_S4_T011,KAPPA_HELDOUT_TEST_S4_T011_U09,2026-09-10T02:30:00.000000Z,248,8,2,0.25
4,KAPPA_HELDOUT_TEST_S4_T011,KAPPA_HELDOUT_TEST_S4_T011_U10,2026-09-10T02:30:00.000000Z,117,11,6,0.5454545454545454
4,KAPPA_HELDOUT_TEST_S4_T012,KAPPA_HELDOUT_TEST_S4_T012_U01,2026-09-10T02:45:00.000000Z,312,8,2,0.25
4,KAPPA_HELDOUT_TEST_S4_T012,KAPPA_HELDOUT_TEST_S4_T012_U02,2026-09-10T02:45:00.000000Z,118,10,5,0.5
4,KAPPA_HELDOUT_TEST_S4_T012,KAPPA_HELDOUT_TEST_S4_T012_U03,2026-09-10T02:45:00.000000Z,164,15,7,0.4666666666666667
4,KAPPA_HELDOUT_TEST_S4_T012,KAPPA_HELDOUT_TEST_S4_T012_U04,2026-09-10T02:45:00.000000Z,305,10,5,0.5
4,KAPPA_HELDOUT_TEST_S4_T012,KAPPA_HELDOUT_TEST_S4_T012_U05,2026-09-10T02:45:00.000000Z,235,11,5,0.45454545454545453
4,KAPPA_HELDOUT_TEST_S4_T012,KAPPA_HELDOUT_TEST_S4_T012_U06,2026-09-10T02:45:00.000000Z,76,13,11,0.8461538461538461
4,KAPPA_HELDOUT_TEST_S4_T012,KAPPA_HELDOUT_TEST_S4_T012_U07,2026-09-10T02:45:00.000000Z,156,8,3,0.375
4,KAPPA_HELDOUT_TEST_S4_T012,KAPPA_HELDOUT_TEST_S4_T012_U08,2026-09-10T02:45:00.000000Z,154,12,8,0.6666666666666666
4,KAPPA_HELDOUT_TEST_S4_T012,KAPPA_HELDOUT_TEST_S4_T012_U09,2026-09-10T02:45:00.000000Z,148,11,7,0.6363636363636364
4,KAPPA_HELDOUT_TEST_S4_T012,KAPPA_HELDOUT_TEST_S4_T012_U10,2026-09-10T02:45:00.000000Z,85,8,4,0.5
4,KAPPA_HELDOUT_TEST_S4_T013,KAPPA_HELDOUT_TEST_S4_T013_U01,2026-09-10T03:00:00.000000Z,175,13,5,0.38461538461538464
4,KAPPA_HELDOUT_TEST_S4_T013,KAPPA_HELDOUT_TEST_S4_T013_U02,2026-09-10T03:00:00.000000Z,196,14,10,0.7142857142857143
4,KAPPA_HELDOUT_TEST_S4_T013,KAPPA_HELDOUT_TEST_S4_T013_U03,2026-09-10T03:00:00.000000Z,271,11,5,0.45454545454545453
4,KAPPA_HELDOUT_TEST_S4_T013,KAPPA_HELDOUT_TEST_S4_T013_U04,2026-09-10T03:00:00.000000Z,52,11,4,0.36363636363636365
4,KAPPA_HELDOUT_TEST_S4_T013,KAPPA_HELDOUT_TEST_S4_T013_U05,2026-09-10T03:00:00.000000Z,190,13,5,0.38461538461538464
4,KAPPA_HELDOUT_TEST_S4_T013,KAPPA_HELDOUT_TEST_S4_T013_U06,2026-09-10T03:00:00.000000Z,267,12,5,0.4166666666666667
4,KAPPA_HELDOUT_TEST_S4_T013,KAPPA_HELDOUT_TEST_S4_T013_U07,2026-09-10T03:00:00.000000Z,219,10,5,0.5
4,KAPPA_HELDOUT_TEST_S4_T013,KAPPA_HELDOUT_TEST_S4_T013_U08,2026-09-10T03:00:00.000000Z,254,12,8,0.6666666666666666
4,KAPPA_HELDOUT_TEST_S4_T013,KAPPA_HELDOUT_TEST_S4_T013_U09,2026-09-10T03:00:00.000000Z,306,6,3,0.5
4,KAPPA_HELDOUT_TEST_S4_T013,KAPPA_HELDOUT_TEST_S4_T013_U10,2026-09-10T03:00:00.000000Z,257,11,7,0.6363636363636364
4,KAPPA_HELDOUT_TEST_S4_T014,KAPPA_HELDOUT_TEST_S4_T014_U01,2026-09-10T03:15:00.000000Z,293,8,7,0.875
4,KAPPA_HELDOUT_TEST_S4_T014,KAPPA_HELDOUT_TEST_S4_T014_U02,2026-09-10T03:15:00.000000Z,190,6,2,0.3333333333333333
4,KAPPA_HELDOUT_TEST_S4_T014,KAPPA_HELDOUT_TEST_S4_T014_U03,2026-09-10T03:15:00.000000Z,230,15,7,0.4666666666666667
4,KAPPA_HELDOUT_TEST_S4_T014,KAPPA_HELDOUT_TEST_S4_T014_U04,2026-09-10T03:15:00.000000Z,291,5,1,0.2
4,KAPPA_HELDOUT_TEST_S4_T014,KAPPA_HELDOUT_TEST_S4_T014_U05,2026-09-10T03:15:00.000000Z,306,11,5,0.45454545454545453
4,KAPPA_HELDOUT_TEST_S4_T014,KAPPA_HELDOUT_TEST_S4_T014_U06,2026-09-10T03:15:00.000000Z,254,14,7,0.5
4,KAPPA_HELDOUT_TEST_S4_T014,KAPPA_HELDOUT_TEST_S4_T014_U07,2026-09-10T03:15:00.000000Z,211,11,6,0.5454545454545454
4,KAPPA_HELDOUT_TEST_S4_T014,KAPPA_HELDOUT_TEST_S4_T014_U08,2026-09-10T03:15:00.000000Z,198,14,9,0.6428571428571429
4,KAPPA_HELDOUT_TEST_S4_T014,KAPPA_HELDOUT_TEST_S4_T014_U09,2026-09-10T03:15:00.000000Z,129,16,6,0.375
4,KAPPA_HELDOUT_TEST_S4_T014,KAPPA_HELDOUT_TEST_S4_T014_U10,2026-09-10T03:15:00.000000Z,31,10,4,0.4
4,KAPPA_HELDOUT_TEST_S4_T015,KAPPA_HELDOUT_TEST_S4_T015_U01,2026-09-10T03:30:00.000000Z,159,13,8,0.6153846153846154
4,KAPPA_HELDOUT_TEST_S4_T015,KAPPA_HELDOUT_TEST_S4_T015_U02,2026-09-10T03:30:00.000000Z,61,10,6,0.6
4,KAPPA_HELDOUT_TEST_S4_T015,KAPPA_HELDOUT_TEST_S4_T015_U03,2026-09-10T03:30:00.000000Z,169,13,7,0.5384615384615384
4,KAPPA_HELDOUT_TEST_S4_T015,KAPPA_HELDOUT_TEST_S4_T015_U04,2026-09-10T03:30:00.000000Z,194,22,8,0.36363636363636365
4,KAPPA_HELDOUT_TEST_S4_T015,KAPPA_HELDOUT_TEST_S4_T015_U05,2026-09-10T03:30:00.000000Z,245,13,5,0.38461538461538464
4,KAPPA_HELDOUT_TEST_S4_T015,KAPPA_HELDOUT_TEST_S4_T015_U06,2026-09-10T03:30:00.000000Z,262,8,4,0.5
4,KAPPA_HELDOUT_TEST_S4_T015,KAPPA_HELDOUT_TEST_S4_T015_U07,2026-09-10T03:30:00.000000Z,54,6,3,0.5
4,KAPPA_HELDOUT_TEST_S4_T015,KAPPA_HELDOUT_TEST_S4_T015_U08,2026-09-10T03:30:00.000000Z,16,8,3,0.375
4,KAPPA_HELDOUT_TEST_S4_T015,KAPPA_HELDOUT_TEST_S4_T015_U09,2026-09-10T03:30:00.000000Z,21,12,7,0.5833333333333334
4,KAPPA_HELDOUT_TEST_S4_T015,KAPPA_HELDOUT_TEST_S4_T015_U10,2026-09-10T03:30:00.000000Z,106,9,3,0.3333333333333333
4,KAPPA_HELDOUT_TEST_S4_T016,KAPPA_HELDOUT_TEST_S4_T016_U01,2026-09-10T03:45:00.000000Z,229,11,5,0.45454545454545453
4,KAPPA_HELDOUT_TEST_S4_T016,KAPPA_HELDOUT_TEST_S4_T016_U02,2026-09-10T03:45:00.000000Z,33,11,7,0.6363636363636364
4,KAPPA_HELDOUT_TEST_S4_T016,KAPPA_HELDOUT_TEST_S4_T016_U03,2026-09-10T03:45:00.000000Z,176,7,3,0.42857142857142855
4,KAPPA_HELDOUT_TEST_S4_T016,KAPPA_HELDOUT_TEST_S4_T016_U04,2026-09-10T03:45:00.000000Z,11,7,4,0.5714285714285714
4,KAPPA_HELDOUT_TEST_S4_T016,KAPPA_HELDOUT_TEST_S4_T016_U05,2026-09-10T03:45:00.000000Z,107,9,2,0.2222222222222222
4,KAPPA_HELDOUT_TEST_S4_T016,KAPPA_HELDOUT_TEST_S4_T016_U06,2026-09-10T03:45:00.000000Z,291,10,5,0.5
4,KAPPA_HELDOUT_TEST_S4_T016,KAPPA_HELDOUT_TEST_S4_T016_U07,2026-09-10T03:45:00.000000Z,60,10,4,0.4
4,KAPPA_HELDOUT_TEST_S4_T016,KAPPA_HELDOUT_TEST_S4_T016_U08,2026-09-10T03:45:00.000000Z,134,13,8,0.6153846153846154
4,KAPPA_HELDOUT_TEST_S4_T016,KAPPA_HELDOUT_TEST_S4_T016_U09,2026-09-10T03:45:00.000000Z,296,14,5,0.35714285714285715
4,KAPPA_HELDOUT_TEST_S4_T016,KAPPA_HELDOUT_TEST_S4_T016_U10,2026-09-10T03:45:00.000000Z,143,9,4,0.4444444444444444
4,KAPPA_HELDOUT_TEST_S4_T017,KAPPA_HELDOUT_TEST_S4_T017_U01,2026-09-10T04:00:00.000000Z,0,10,5,0.5
4,KAPPA_HELDOUT_TEST_S4_T017,KAPPA_HELDOUT_TEST_S4_T017_U02,2026-09-10T04:00:00.000000Z,89,14,4,0.2857142857142857
4,KAPPA_HELDOUT_TEST_S4_T017,KAPPA_HELDOUT_TEST_S4_T017_U03,2026-09-10T04:00:00.000000Z,110,17,8,0.47058823529411764
4,KAPPA_HELDOUT_TEST_S4_T017,KAPPA_HELDOUT_TEST_S4_T017_U04,2026-09-10T04:00:00.000000Z,116,16,5,0.3125
4,KAPPA_HELDOUT_TEST_S4_T017,KAPPA_HELDOUT_TEST_S4_T017_U05,2026-09-10T04:00:00.000000Z,196,12,6,0.5
4,KAPPA_HELDOUT_TEST_S4_T017,KAPPA_HELDOUT_TEST_S4_T017_U06,2026-09-10T04:00:00.000000Z,140,7,5,0.7142857142857143
4,KAPPA_HELDOUT_TEST_S4_T017,KAPPA_HELDOUT_TEST_S4_T017_U07,2026-09-10T04:00:00.000000Z,99,20,9,0.45
4,KAPPA_HELDOUT_TEST_S4_T017,KAPPA_HELDOUT_TEST_S4_T017_U08,2026-09-10T04:00:00.000000Z,90,14,10,0.7142857142857143
4,KAPPA_HELDOUT_TEST_S4_T017,KAPPA_HELDOUT_TEST_S4_T017_U09,2026-09-10T04:00:00.000000Z,223,10,4,0.4
4,KAPPA_HELDOUT_TEST_S4_T017,KAPPA_HELDOUT_TEST_S4_T017_U10,2026-09-10T04:00:00.000000Z,271,8,3,0.375
4,KAPPA_HELDOUT_TEST_S4_T018,KAPPA_HELDOUT_TEST_S4_T018_U01,2026-09-10T04:15:00.000000Z,86,8,5,0.625
4,KAPPA_HELDOUT_TEST_S4_T018,KAPPA_HELDOUT_TEST_S4_T018_U02,2026-09-10T04:15:00.000000Z,280,3,2,0.6666666666666666
4,KAPPA_HELDOUT_TEST_S4_T018,KAPPA_HELDOUT_TEST_S4_T018_U03,2026-09-10T04:15:00.000000Z,6,14,9,0.6428571428571429
4,KAPPA_HELDOUT_TEST_S4_T018,KAPPA_HELDOUT_TEST_S4_T018_U04,2026-09-10T04:15:00.000000Z,221,6,4,0.6666666666666666
4,KAPPA_HELDOUT_TEST_S4_T018,KAPPA_HELDOUT_TEST_S4_T018_U05,2026-09-10T04:15:00.000000Z,307,11,7,0.6363636363636364
4,KAPPA_HELDOUT_TEST_S4_T018,KAPPA_HELDOUT_TEST_S4_T018_U06,2026-09-10T04:15:00.000000Z,221,15,7,0.4666666666666667
4,KAPPA_HELDOUT_TEST_S4_T018,KAPPA_HELDOUT_TEST_S4_T018_U07,2026-09-10T04:15:00.000000Z,92,8,4,0.5
4,KAPPA_HELDOUT_TEST_S4_T018,KAPPA_HELDOUT_TEST_S4_T018_U08,2026-09-10T04:15:00.000000Z,169,16,7,0.4375
4,KAPPA_HELDOUT_TEST_S4_T018,KAPPA_HELDOUT_TEST_S4_T018_U09,2026-09-10T04:15:00.000000Z,215,11,4,0.36363636363636365
4,KAPPA_HELDOUT_TEST_S4_T018,KAPPA_HELDOUT_TEST_S4_T018_U10,2026-09-10T04:15:00.000000Z,256,12,4,0.3333333333333333
4,KAPPA_HELDOUT_TEST_S4_T019,KAPPA_HELDOUT_TEST_S4_T019_U01,2026-09-10T04:30:00.000000Z,256,10,8,0.8
4,KAPPA_HELDOUT_TEST_S4_T019,KAPPA_HELDOUT_TEST_S4_T019_U02,2026-09-10T04:30:00.000000Z,294,12,7,0.5833333333333334
4,KAPPA_HELDOUT_TEST_S4_T019,KAPPA_HELDOUT_TEST_S4_T019_U03,2026-09-10T04:30:00.000000Z,35,8,4,0.5
4,KAPPA_HELDOUT_TEST_S4_T019,KAPPA_HELDOUT_TEST_S4_T019_U04,2026-09-10T04:30:00.000000Z,239,9,5,0.5555555555555556
4,KAPPA_HELDOUT_TEST_S4_T019,KAPPA_HELDOUT_TEST_S4_T019_U05,2026-09-10T04:30:00.000000Z,272,8,6,0.75
4,KAPPA_HELDOUT_TEST_S4_T019,KAPPA_HELDOUT_TEST_S4_T019_U06,2026-09-10T04:30:00.000000Z,290,9,5,0.5555555555555556
4,KAPPA_HELDOUT_TEST_S4_T019,KAPPA_HELDOUT_TEST_S4_T019_U07,2026-09-10T04:30:00.000000Z,227,14,9,0.6428571428571429
4,KAPPA_HELDOUT_TEST_S4_T019,KAPPA_HELDOUT_TEST_S4_T019_U08,2026-09-10T04:30:00.000000Z,139,12,1,0.08333333333333333
4,KAPPA_HELDOUT_TEST_S4_T019,KAPPA_HELDOUT_TEST_S4_T019_U09,2026-09-10T04:30:00.000000Z,99,4,1,0.25
4,KAPPA_HELDOUT_TEST_S4_T019,KAPPA_HELDOUT_TEST_S4_T019_U10,2026-09-10T04:30:00.000000Z,136,12,7,0.5833333333333334
4,KAPPA_HELDOUT_TEST_S4_T020,KAPPA_HELDOUT_TEST_S4_T020_U01,2026-09-10T04:45:00.000000Z,118,14,9,0.6428571428571429
4,KAPPA_HELDOUT_TEST_S4_T020,KAPPA_HELDOUT_TEST_S4_T020_U02,2026-09-10T04:45:00.000000Z,286,10,4,0.4
4,KAPPA_HELDOUT_TEST_S4_T020,KAPPA_HELDOUT_TEST_S4_T020_U03,2026-09-10T04:45:00.000000Z,277,16,9,0.5625
4,KAPPA_HELDOUT_TEST_S4_T020,KAPPA_HELDOUT_TEST_S4_T020_U04,2026-09-10T04:45:00.000000Z,166,13,4,0.3076923076923077
4,KAPPA_HELDOUT_TEST_S4_T020,KAPPA_HELDOUT_TEST_S4_T020_U05,2026-09-10T04:45:00.000000Z,136,11,6,0.5454545454545454
4,KAPPA_HELDOUT_TEST_S4_T020,KAPPA_HELDOUT_TEST_S4_T020_U06,2026-09-10T04:45:00.000000Z,217,8,4,0.5
4,KAPPA_HELDOUT_TEST_S4_T020,KAPPA_HELDOUT_TEST_S4_T020_U07,2026-09-10T04:45:00.000000Z,213,15,8,0.5333333333333333
4,KAPPA_HELDOUT_TEST_S4_T020,KAPPA_HELDOUT_TEST_S4_T020_U08,2026-09-10T04:45:00.000000Z,65,7,5,0.7142857142857143
4,KAPPA_HELDOUT_TEST_S4_T020,KAPPA_HELDOUT_TEST_S4_T020_U09,2026-09-10T04:45:00.000000Z,179,11,4,0.36363636363636365
4,KAPPA_HELDOUT_TEST_S4_T020,KAPPA_HELDOUT_TEST_S4_T020_U10,2026-09-10T04:45:00.000000Z,21,10,5,0.5
4,KAPPA_HELDOUT_TEST_S4_T021,KAPPA_HELDOUT_TEST_S4_T021_U01,2026-09-10T05:00:00.000000Z,58,15,7,0.4666666666666667
4,KAPPA_HELDOUT_TEST_S4_T021,KAPPA_HELDOUT_TEST_S4_T021_U02,2026-09-10T05:00:00.000000Z,236,8,3,0.375
4,KAPPA_HELDOUT_TEST_S4_T021,KAPPA_HELDOUT_TEST_S4_T021_U03,2026-09-10T05:00:00.000000Z,106,12,4,0.3333333333333333
4,KAPPA_HELDOUT_TEST_S4_T021,KAPPA_HELDOUT_TEST_S4_T021_U04,2026-09-10T05:00:00.000000Z,8,11,5,0.45454545454545453
4,KAPPA_HELDOUT_TEST_S4_T021,KAPPA_HELDOUT_TEST_S4_T021_U05,2026-09-10T05:00:00.000000Z,128,12,7,0.5833333333333334
4,KAPPA_HELDOUT_TEST_S4_T021,KAPPA_HELDOUT_TEST_S4_T021_U06,2026-09-10T05:00:00.000000Z,75,10,5,0.5
4,KAPPA_HELDOUT_TEST_S4_T021,KAPPA_HELDOUT_TEST_S4_T021_U07,2026-09-10T05:00:00.000000Z,76,8,5,0.625
4,KAPPA_HELDOUT_TEST_S4_T021,KAPPA_HELDOUT_TEST_S4_T021_U08,2026-09-10T05:00:00.000000Z,116,12,7,0.5833333333333334
4,KAPPA_HELDOUT_TEST_S4_T021,KAPPA_HELDOUT_TEST_S4_T021_U09,2026-09-10T05:00:00.000000Z,255,9,4,0.4444444444444444
4,KAPPA_HELDOUT_TEST_S4_T021,KAPPA_HELDOUT_TEST_S4_T021_U10,2026-09-10T05:00:00.000000Z,260,12,5,0.4166666666666667
4,KAPPA_HELDOUT_TEST_S4_T022,KAPPA_HELDOUT_TEST_S4_T022_U01,2026-09-10T05:15:00.000000Z,281,10,6,0.6
4,KAPPA_HELDOUT_TEST_S4_T022,KAPPA_HELDOUT_TEST_S4_T022_U02,2026-09-10T05:15:00.000000Z,135,6,2,0.3333333333333333
4,KAPPA_HELDOUT_TEST_S4_T022,KAPPA_HELDOUT_TEST_S4_T022_U03,2026-09-10T05:15:00.000000Z,240,9,5,0.5555555555555556
4,KAPPA_HELDOUT_TEST_S4_T022,KAPPA_HELDOUT_TEST_S4_T022_U04,2026-09-10T05:15:00.000000Z,100,9,4,0.4444444444444444
4,KAPPA_HELDOUT_TEST_S4_T022,KAPPA_HELDOUT_TEST_S4_T022_U05,2026-09-10T05:15:00.000000Z,233,9,6,0.6666666666666666
4,KAPPA_HELDOUT_TEST_S4_T022,KAPPA_HELDOUT_TEST_S4_T022_U06,2026-09-10T05:15:00.000000Z,21,8,6,0.75
4,KAPPA_HELDOUT_TEST_S4_T022,KAPPA_HELDOUT_TEST_S4_T022_U07,2026-09-10T05:15:00.000000Z,59,17,9,0.5294117647058824
4,KAPPA_HELDOUT_TEST_S4_T022,KAPPA_HELDOUT_TEST_S4_T022_U08,2026-09-10T05:15:00.000000Z,200,20,7,0.35
4,KAPPA_HELDOUT_TEST_S4_T022,KAPPA_HELDOUT_TEST_S4_T022_U09,2026-09-10T05:15:00.000000Z,1,11,3,0.2727272727272727
4,KAPPA_HELDOUT_TEST_S4_T022,KAPPA_HELDOUT_TEST_S4_T022_U10,2026-09-10T05:15:00.000000Z,306,7,1,0.14285714285714285
4,KAPPA_HELDOUT_TEST_S4_T023,KAPPA_HELDOUT_TEST_S4_T023_U01,2026-09-10T05:30:00.000000Z,54,13,5,0.38461538461538464
4,KAPPA_HELDOUT_TEST_S4_T023,KAPPA_HELDOUT_TEST_S4_T023_U02,2026-09-10T05:30:00.000000Z,252,11,4,0.36363636363636365
4,KAPPA_HELDOUT_TEST_S4_T023,KAPPA_HELDOUT_TEST_S4_T023_U03,2026-09-10T05:30:00.000000Z,136,5,1,0.2
4,KAPPA_HELDOUT_TEST_S4_T023,KAPPA_HELDOUT_TEST_S4_T023_U04,2026-09-10T05:30:00.000000Z,28,7,2,0.2857142857142857
4,KAPPA_HELDOUT_TEST_S4_T023,KAPPA_HELDOUT_TEST_S4_T023_U05,2026-09-10T05:30:00.000000Z,196,17,8,0.47058823529411764
4,KAPPA_HELDOUT_TEST_S4_T023,KAPPA_HELDOUT_TEST_S4_T023_U06,2026-09-10T05:30:00.000000Z,215,15,8,0.5333333333333333
4,KAPPA_HELDOUT_TEST_S4_T023,KAPPA_HELDOUT_TEST_S4_T023_U07,2026-09-10T05:30:00.000000Z,222,14,8,0.5714285714285714
4,KAPPA_HELDOUT_TEST_S4_T023,KAPPA_HELDOUT_TEST_S4_T023_U08,2026-09-10T05:30:00.000000Z,72,8,6,0.75
4,KAPPA_HELDOUT_TEST_S4_T023,KAPPA_HELDOUT_TEST_S4_T023_U09,2026-09-10T05:30:00.000000Z,298,13,9,0.6923076923076923
4,KAPPA_HELDOUT_TEST_S4_T023,KAPPA_HELDOUT_TEST_S4_T023_U10,2026-09-10T05:30:00.000000Z,149,12,7,0.5833333333333334
4,KAPPA_HELDOUT_TEST_S4_T024,KAPPA_HELDOUT_TEST_S4_T024_U01,2026-09-10T05:45:00.000000Z,83,7,3,0.42857142857142855
4,KAPPA_HELDOUT_TEST_S4_T024,KAPPA_HELDOUT_TEST_S4_T024_U02,2026-09-10T05:45:00.000000Z,281,8,5,0.625
4,KAPPA_HELDOUT_TEST_S4_T024,KAPPA_HELDOUT_TEST_S4_T024_U03,2026-09-10T05:45:00.000000Z,19,12,7,0.5833333333333334
4,KAPPA_HELDOUT_TEST_S4_T024,KAPPA_HELDOUT_TEST_S4_T024_U04,2026-09-10T05:45:00.000000Z,195,13,5,0.38461538461538464
4,KAPPA_HELDOUT_TEST_S4_T024,KAPPA_HELDOUT_TEST_S4_T024_U05,2026-09-10T05:45:00.000000Z,172,13,6,0.46153846153846156
4,KAPPA_HELDOUT_TEST_S4_T024,KAPPA_HELDOUT_TEST_S4_T024_U06,2026-09-10T05:45:00.000000Z,172,13,6,0.46153846153846156
4,KAPPA_HELDOUT_TEST_S4_T024,KAPPA_HELDOUT_TEST_S4_T024_U07,2026-09-10T05:45:00.000000Z,196,5,2,0.4
4,KAPPA_HELDOUT_TEST_S4_T024,KAPPA_HELDOUT_TEST_S4_T024_U08,2026-09-10T05:45:00.000000Z,169,9,7,0.7777777777777778
4,KAPPA_HELDOUT_TEST_S4_T024,KAPPA_HELDOUT_TEST_S4_T024_U09,2026-09-10T05:45:00.000000Z,201,10,3,0.3
4,KAPPA_HELDOUT_TEST_S4_T024,KAPPA_HELDOUT_TEST_S4_T024_U10,2026-09-10T05:45:00.000000Z,53,10,4,0.4
4,KAPPA_HELDOUT_TEST_S4_T025,KAPPA_HELDOUT_TEST_S4_T025_U01,2026-09-10T06:00:00.000000Z,27,10,3,0.3
4,KAPPA_HELDOUT_TEST_S4_T025,KAPPA_HELDOUT_TEST_S4_T025_U02,2026-09-10T06:00:00.000000Z,64,15,6,0.4
4,KAPPA_HELDOUT_TEST_S4_T025,KAPPA_HELDOUT_TEST_S4_T025_U03,2026-09-10T06:00:00.000000Z,92,7,2,0.2857142857142857
4,KAPPA_HELDOUT_TEST_S4_T025,KAPPA_HELDOUT_TEST_S4_T025_U04,2026-09-10T06:00:00.000000Z,95,12,9,0.75
4,KAPPA_HELDOUT_TEST_S4_T025,KAPPA_HELDOUT_TEST_S4_T025_U05,2026-09-10T06:00:00.000000Z,214,10,4,0.4
4,KAPPA_HELDOUT_TEST_S4_T025,KAPPA_HELDOUT_TEST_S4_T025_U06,2026-09-10T06:00:00.000000Z,208,9,5,0.5555555555555556
4,KAPPA_HELDOUT_TEST_S4_T025,KAPPA_HELDOUT_TEST_S4_T025_U07,2026-09-10T06:00:00.000000Z,35,8,3,0.375
4,KAPPA_HELDOUT_TEST_S4_T025,KAPPA_HELDOUT_TEST_S4_T025_U08,2026-09-10T06:00:00.000000Z,310,7,3,0.42857142857142855
4,KAPPA_HELDOUT_TEST_S4_T025,KAPPA_HELDOUT_TEST_S4_T025_U09,2026-09-10T06:00:00.000000Z,240,11,6,0.5454545454545454
4,KAPPA_HELDOUT_TEST_S4_T025,KAPPA_HELDOUT_TEST_S4_T025_U10,2026-09-10T06:00:00.000000Z,287,12,3,0.25
4,KAPPA_HELDOUT_TEST_S4_T026,KAPPA_HELDOUT_TEST_S4_T026_U01,2026-09-10T06:15:00.000000Z,21,10,7,0.7
4,KAPPA_HELDOUT_TEST_S4_T026,KAPPA_HELDOUT_TEST_S4_T026_U02,2026-09-10T06:15:00.000000Z,220,9,7,0.7777777777777778
4,KAPPA_HELDOUT_TEST_S4_T026,KAPPA_HELDOUT_TEST_S4_T026_U03,2026-09-10T06:15:00.000000Z,34,14,11,0.7857142857142857
4,KAPPA_HELDOUT_TEST_S4_T026,KAPPA_HELDOUT_TEST_S4_T026_U04,2026-09-10T06:15:00.000000Z,183,9,4,0.4444444444444444
4,KAPPA_HELDOUT_TEST_S4_T026,KAPPA_HELDOUT_TEST_S4_T026_U05,2026-09-10T06:15:00.000000Z,223,9,7,0.7777777777777778
4,KAPPA_HELDOUT_TEST_S4_T026,KAPPA_HELDOUT_TEST_S4_T026_U06,2026-09-10T06:15:00.000000Z,272,11,5,0.45454545454545453
4,KAPPA_HELDOUT_TEST_S4_T026,KAPPA_HELDOUT_TEST_S4_T026_U07,2026-09-10T06:15:00.000000Z,28,13,6,0.46153846153846156
4,KAPPA_HELDOUT_TEST_S4_T026,KAPPA_HELDOUT_TEST_S4_T026_U08,2026-09-10T06:15:00.000000Z,53,7,4,0.5714285714285714
4,KAPPA_HELDOUT_TEST_S4_T026,KAPPA_HELDOUT_TEST_S4_T026_U09,2026-09-10T06:15:00.000000Z,51,6,4,0.6666666666666666
4,KAPPA_HELDOUT_TEST_S4_T026,KAPPA_HELDOUT_TEST_S4_T026_U10,2026-09-10T06:15:00.000000Z,37,13,4,0.3076923076923077
4,KAPPA_HELDOUT_TEST_S4_T027,KAPPA_HELDOUT_TEST_S4_T027_U01,2026-09-10T06:30:00.000000Z,288,11,3,0.2727272727272727
4,KAPPA_HELDOUT_TEST_S4_T027,KAPPA_HELDOUT_TEST_S4_T027_U02,2026-09-10T06:30:00.000000Z,33,14,5,0.35714285714285715
4,KAPPA_HELDOUT_TEST_S4_T027,KAPPA_HELDOUT_TEST_S4_T027_U03,2026-09-10T06:30:00.000000Z,213,14,4,0.2857142857142857
4,KAPPA_HELDOUT_TEST_S4_T027,KAPPA_HELDOUT_TEST_S4_T027_U04,2026-09-10T06:30:00.000000Z,123,7,3,0.42857142857142855
4,KAPPA_HELDOUT_TEST_S4_T027,KAPPA_HELDOUT_TEST_S4_T027_U05,2026-09-10T06:30:00.000000Z,63,12,3,0.25
4,KAPPA_HELDOUT_TEST_S4_T027,KAPPA_HELDOUT_TEST_S4_T027_U06,2026-09-10T06:30:00.000000Z,25,11,3,0.2727272727272727
4,KAPPA_HELDOUT_TEST_S4_T027,KAPPA_HELDOUT_TEST_S4_T027_U07,2026-09-10T06:30:00.000000Z,281,15,9,0.6
4,KAPPA_HELDOUT_TEST_S4_T027,KAPPA_HELDOUT_TEST_S4_T027_U08,2026-09-10T06:30:00.000000Z,190,14,5,0.35714285714285715
4,KAPPA_HELDOUT_TEST_S4_T027,KAPPA_HELDOUT_TEST_S4_T027_U09,2026-09-10T06:30:00.000000Z,4,7,4,0.5714285714285714
4,KAPPA_HELDOUT_TEST_S4_T027,KAPPA_HELDOUT_TEST_S4_T027_U10,2026-09-10T06:30:00.000000Z,251,13,6,0.46153846153846156
4,KAPPA_HELDOUT_TEST_S4_T028,KAPPA_HELDOUT_TEST_S4_T028_U01,2026-09-10T06:45:00.000000Z,219,5,4,0.8
4,KAPPA_HELDOUT_TEST_S4_T028,KAPPA_HELDOUT_TEST_S4_T028_U02,2026-09-10T06:45:00.000000Z,32,15,5,0.3333333333333333
4,KAPPA_HELDOUT_TEST_S4_T028,KAPPA_HELDOUT_TEST_S4_T028_U03,2026-09-10T06:45:00.000000Z,306,10,6,0.6
4,KAPPA_HELDOUT_TEST_S4_T028,KAPPA_HELDOUT_TEST_S4_T028_U04,2026-09-10T06:45:00.000000Z,67,9,5,0.5555555555555556
4,KAPPA_HELDOUT_TEST_S4_T028,KAPPA_HELDOUT_TEST_S4_T028_U05,2026-09-10T06:45:00.000000Z,259,15,8,0.5333333333333333
4,KAPPA_HELDOUT_TEST_S4_T028,KAPPA_HELDOUT_TEST_S4_T028_U06,2026-09-10T06:45:00.000000Z,59,16,6,0.375
4,KAPPA_HELDOUT_TEST_S4_T028,KAPPA_HELDOUT_TEST_S4_T028_U07,2026-09-10T06:45:00.000000Z,64,10,4,0.4
4,KAPPA_HELDOUT_TEST_S4_T028,KAPPA_HELDOUT_TEST_S4_T028_U08,2026-09-10T06:45:00.000000Z,56,9,5,0.5555555555555556
4,KAPPA_HELDOUT_TEST_S4_T028,KAPPA_HELDOUT_TEST_S4_T028_U09,2026-09-10T06:45:00.000000Z,295,13,8,0.6153846153846154
4,KAPPA_HELDOUT_TEST_S4_T028,KAPPA_HELDOUT_TEST_S4_T028_U10,2026-09-10T06:45:00.000000Z,139,6,5,0.8333333333333334
4,KAPPA_HELDOUT_TEST_S4_T029,KAPPA_HELDOUT_TEST_S4_T029_U01,2026-09-10T07:00:00.000000Z,256,14,7,0.5
4,KAPPA_HELDOUT_TEST_S4_T029,KAPPA_HELDOUT_TEST_S4_T029_U02,2026-09-10T07:00:00.000000Z,277,25,12,0.48
4,KAPPA_HELDOUT_TEST_S4_T029,KAPPA_HELDOUT_TEST_S4_T029_U03,2026-09-10T07:00:00.000000Z,311,16,6,0.375
4,KAPPA_HELDOUT_TEST_S4_T029,KAPPA_HELDOUT_TEST_S4_T029_U04,2026-09-10T07:00:00.000000Z,236,10,4,0.4
4,KAPPA_HELDOUT_TEST_S4_T029,KAPPA_HELDOUT_TEST_S4_T029_U05,2026-09-10T07:00:00.000000Z,297,14,11,0.7857142857142857
4,KAPPA_HELDOUT_TEST_S4_T029,KAPPA_HELDOUT_TEST_S4_T029_U06,2026-09-10T07:00:00.000000Z,319,6,4,0.6666666666666666
4,KAPPA_HELDOUT_TEST_S4_T029,KAPPA_HELDOUT_TEST_S4_T029_U07,2026-09-10T07:00:00.000000Z,65,11,7,0.6363636363636364
4,KAPPA_HELDOUT_TEST_S4_T029,KAPPA_HELDOUT_TEST_S4_T029_U08,2026-09-10T07:00:00.000000Z,15,11,4,0.36363636363636365
4,KAPPA_HELDOUT_TEST_S4_T029,KAPPA_HELDOUT_TEST_S4_T029_U09,2026-09-10T07:00:00.000000Z,271,12,8,0.6666666666666666
4,KAPPA_HELDOUT_TEST_S4_T029,KAPPA_HELDOUT_TEST_S4_T029_U10,2026-09-10T07:00:00.000000Z,231,15,7,0.4666666666666667
4,KAPPA_HELDOUT_TEST_S4_T030,KAPPA_HELDOUT_TEST_S4_T030_U01,2026-09-10T07:15:00.000000Z,283,11,3,0.2727272727272727
4,KAPPA_HELDOUT_TEST_S4_T030,KAPPA_HELDOUT_TEST_S4_T030_U02,2026-09-10T07:15:00.000000Z,15,14,5,0.35714285714285715
4,KAPPA_HELDOUT_TEST_S4_T030,KAPPA_HELDOUT_TEST_S4_T030_U03,2026-09-10T07:15:00.000000Z,89,9,5,0.5555555555555556
4,KAPPA_HELDOUT_TEST_S4_T030,KAPPA_HELDOUT_TEST_S4_T030_U04,2026-09-10T07:15:00.000000Z,212,11,3,0.2727272727272727
4,KAPPA_HELDOUT_TEST_S4_T030,KAPPA_HELDOUT_TEST_S4_T030_U05,2026-09-10T07:15:00.000000Z,150,15,6,0.4
4,KAPPA_HELDOUT_TEST_S4_T030,KAPPA_HELDOUT_TEST_S4_T030_U06,2026-09-10T07:15:00.000000Z,47,10,5,0.5
4,KAPPA_HELDOUT_TEST_S4_T030,KAPPA_HELDOUT_TEST_S4_T030_U07,2026-09-10T07:15:00.000000Z,175,10,7,0.7
4,KAPPA_HELDOUT_TEST_S4_T030,KAPPA_HELDOUT_TEST_S4_T030_U08,2026-09-10T07:15:00.000000Z,248,8,2,0.25
4,KAPPA_HELDOUT_TEST_S4_T030,KAPPA_HELDOUT_TEST_S4_T030_U09,2026-09-10T07:15:00.000000Z,77,11,6,0.5454545454545454
4,KAPPA_HELDOUT_TEST_S4_T030,KAPPA_HELDOUT_TEST_S4_T030_U10,2026-09-10T07:15:00.000000Z,154,8,4,0.5
4,KAPPA_HELDOUT_TEST_S4_T031,KAPPA_HELDOUT_TEST_S4_T031_U01,2026-09-10T07:30:00.000000Z,205,8,2,0.25
4,KAPPA_HELDOUT_TEST_S4_T031,KAPPA_HELDOUT_TEST_S4_T031_U02,2026-09-10T07:30:00.000000Z,190,14,9,0.6428571428571429
4,KAPPA_HELDOUT_TEST_S4_T031,KAPPA_HELDOUT_TEST_S4_T031_U03,2026-09-10T07:30:00.000000Z,245,18,12,0.6666666666666666
4,KAPPA_HELDOUT_TEST_S4_T031,KAPPA_HELDOUT_TEST_S4_T031_U04,2026-09-10T07:30:00.000000Z,260,8,4,0.5
4,KAPPA_HELDOUT_TEST_S4_T031,KAPPA_HELDOUT_TEST_S4_T031_U05,2026-09-10T07:30:00.000000Z,33,10,5,0.5
4,KAPPA_HELDOUT_TEST_S4_T031,KAPPA_HELDOUT_TEST_S4_T031_U06,2026-09-10T07:30:00.000000Z,159,13,11,0.8461538461538461
4,KAPPA_HELDOUT_TEST_S4_T031,KAPPA_HELDOUT_TEST_S4_T031_U07,2026-09-10T07:30:00.000000Z,206,13,4,0.3076923076923077
4,KAPPA_HELDOUT_TEST_S4_T031,KAPPA_HELDOUT_TEST_S4_T031_U08,2026-09-10T07:30:00.000000Z,261,6,3,0.5
4,KAPPA_HELDOUT_TEST_S4_T031,KAPPA_HELDOUT_TEST_S4_T031_U09,2026-09-10T07:30:00.000000Z,119,12,5,0.4166666666666667
4,KAPPA_HELDOUT_TEST_S4_T031,KAPPA_HELDOUT_TEST_S4_T031_U10,2026-09-10T07:30:00.000000Z,2,15,7,0.4666666666666667
4,KAPPA_HELDOUT_TEST_S4_T032,KAPPA_HELDOUT_TEST_S4_T032_U01,2026-09-10T07:45:00.000000Z,300,7,2,0.2857142857142857
4,KAPPA_HELDOUT_TEST_S4_T032,KAPPA_HELDOUT_TEST_S4_T032_U02,2026-09-10T07:45:00.000000Z,122,11,4,0.36363636363636365
4,KAPPA_HELDOUT_TEST_S4_T032,KAPPA_HELDOUT_TEST_S4_T032_U03,2026-09-10T07:45:00.000000Z,92,7,5,0.7142857142857143
4,KAPPA_HELDOUT_TEST_S4_T032,KAPPA_HELDOUT_TEST_S4_T032_U04,2026-09-10T07:45:00.000000Z,246,8,6,0.75
4,KAPPA_HELDOUT_TEST_S4_T032,KAPPA_HELDOUT_TEST_S4_T032_U05,2026-09-10T07:45:00.000000Z,30,13,7,0.5384615384615384
4,KAPPA_HELDOUT_TEST_S4_T032,KAPPA_HELDOUT_TEST_S4_T032_U06,2026-09-10T07:45:00.000000Z,216,7,5,0.7142857142857143
4,KAPPA_HELDOUT_TEST_S4_T032,KAPPA_HELDOUT_TEST_S4_T032_U07,2026-09-10T07:45:00.000000Z,41,9,5,0.5555555555555556
4,KAPPA_HELDOUT_TEST_S4_T032,KAPPA_HELDOUT_TEST_S4_T032_U08,2026-09-10T07:45:00.000000Z,297,16,10,0.625
4,KAPPA_HELDOUT_TEST_S4_T032,KAPPA_HELDOUT_TEST_S4_T032_U09,2026-09-10T07:45:00.000000Z,143,9,2,0.2222222222222222
4,KAPPA_HELDOUT_TEST_S4_T032,KAPPA_HELDOUT_TEST_S4_T032_U10,2026-09-10T07:45:00.000000Z,76,15,3,0.2
4,KAPPA_HELDOUT_TEST_S4_T033,KAPPA_HELDOUT_TEST_S4_T033_U01,2026-09-10T08:00:00.000000Z,77,16,12,0.75
4,KAPPA_HELDOUT_TEST_S4_T033,KAPPA_HELDOUT_TEST_S4_T033_U02,2026-09-10T08:00:00.000000Z,83,11,7,0.6363636363636364
4,KAPPA_HELDOUT_TEST_S4_T033,KAPPA_HELDOUT_TEST_S4_T033_U03,2026-09-10T08:00:00.000000Z,286,10,7,0.7
4,KAPPA_HELDOUT_TEST_S4_T033,KAPPA_HELDOUT_TEST_S4_T033_U04,2026-09-10T08:00:00.000000Z,192,16,8,0.5
4,KAPPA_HELDOUT_TEST_S4_T033,KAPPA_HELDOUT_TEST_S4_T033_U05,2026-09-10T08:00:00.000000Z,32,7,5,0.7142857142857143
4,KAPPA_HELDOUT_TEST_S4_T033,KAPPA_HELDOUT_TEST_S4_T033_U06,2026-09-10T08:00:00.000000Z,179,14,9,0.6428571428571429
4,KAPPA_HELDOUT_TEST_S4_T033,KAPPA_HELDOUT_TEST_S4_T033_U07,2026-09-10T08:00:00.000000Z,249,18,10,0.5555555555555556
4,KAPPA_HELDOUT_TEST_S4_T033,KAPPA_HELDOUT_TEST_S4_T033_U08,2026-09-10T08:00:00.000000Z,268,13,5,0.38461538461538464
4,KAPPA_HELDOUT_TEST_S4_T033,KAPPA_HELDOUT_TEST_S4_T033_U09,2026-09-10T08:00:00.000000Z,55,8,5,0.625
4,KAPPA_HELDOUT_TEST_S4_T033,KAPPA_HELDOUT_TEST_S4_T033_U10,2026-09-10T08:00:00.000000Z,57,3,1,0.3333333333333333
4,KAPPA_HELDOUT_TEST_S4_T034,KAPPA_HELDOUT_TEST_S4_T034_U01,2026-09-10T08:15:00.000000Z,162,16,10,0.625
4,KAPPA_HELDOUT_TEST_S4_T034,KAPPA_HELDOUT_TEST_S4_T034_U02,2026-09-10T08:15:00.000000Z,38,13,7,0.5384615384615384
4,KAPPA_HELDOUT_TEST_S4_T034,KAPPA_HELDOUT_TEST_S4_T034_U03,2026-09-10T08:15:00.000000Z,226,9,3,0.3333333333333333
4,KAPPA_HELDOUT_TEST_S4_T034,KAPPA_HELDOUT_TEST_S4_T034_U04,2026-09-10T08:15:00.000000Z,75,11,7,0.6363636363636364
4,KAPPA_HELDOUT_TEST_S4_T034,KAPPA_HELDOUT_TEST_S4_T034_U05,2026-09-10T08:15:00.000000Z,87,14,6,0.42857142857142855
4,KAPPA_HELDOUT_TEST_S4_T034,KAPPA_HELDOUT_TEST_S4_T034_U06,2026-09-10T08:15:00.000000Z,276,9,2,0.2222222222222222
4,KAPPA_HELDOUT_TEST_S4_T034,KAPPA_HELDOUT_TEST_S4_T034_U07,2026-09-10T08:15:00.000000Z,64,16,7,0.4375
4,KAPPA_HELDOUT_TEST_S4_T034,KAPPA_HELDOUT_TEST_S4_T034_U08,2026-09-10T08:15:00.000000Z,25,13,5,0.38461538461538464
4,KAPPA_HELDOUT_TEST_S4_T034,KAPPA_HELDOUT_TEST_S4_T034_U09,2026-09-10T08:15:00.000000Z,188,7,2,0.2857142857142857
4,KAPPA_HELDOUT_TEST_S4_T034,KAPPA_HELDOUT_TEST_S4_T034_U10,2026-09-10T08:15:00.000000Z,199,8,3,0.375
4,KAPPA_HELDOUT_TEST_S4_T035,KAPPA_HELDOUT_TEST_S4_T035_U01,2026-09-10T08:30:00.000000Z,96,13,6,0.46153846153846156
4,KAPPA_HELDOUT_TEST_S4_T035,KAPPA_HELDOUT_TEST_S4_T035_U02,2026-09-10T08:30:00.000000Z,151,11,6,0.5454545454545454
4,KAPPA_HELDOUT_TEST_S4_T035,KAPPA_HELDOUT_TEST_S4_T035_U03,2026-09-10T08:30:00.000000Z,71,12,8,0.6666666666666666
4,KAPPA_HELDOUT_TEST_S4_T035,KAPPA_HELDOUT_TEST_S4_T035_U04,2026-09-10T08:30:00.000000Z,238,20,9,0.45
4,KAPPA_HELDOUT_TEST_S4_T035,KAPPA_HELDOUT_TEST_S4_T035_U05,2026-09-10T08:30:00.000000Z,217,8,7,0.875
4,KAPPA_HELDOUT_TEST_S4_T035,KAPPA_HELDOUT_TEST_S4_T035_U06,2026-09-10T08:30:00.000000Z,15,11,4,0.36363636363636365
4,KAPPA_HELDOUT_TEST_S4_T035,KAPPA_HELDOUT_TEST_S4_T035_U07,2026-09-10T08:30:00.000000Z,231,10,6,0.6
4,KAPPA_HELDOUT_TEST_S4_T035,KAPPA_HELDOUT_TEST_S4_T035_U08,2026-09-10T08:30:00.000000Z,143,12,8,0.6666666666666666
4,KAPPA_HELDOUT_TEST_S4_T035,KAPPA_HELDOUT_TEST_S4_T035_U09,2026-09-10T08:30:00.000000Z,124,9,3,0.3333333333333333
4,KAPPA_HELDOUT_TEST_S4_T035,KAPPA_HELDOUT_TEST_S4_T035_U10,2026-09-10T08:30:00.000000Z,300,5,3,0.6
4,KAPPA_HELDOUT_TEST_S4_T036,KAPPA_HELDOUT_TEST_S4_T036_U01,2026-09-10T08:45:00.000000Z,277,11,6,0.5454545454545454
4,KAPPA_HELDOUT_TEST_S4_T036,KAPPA_HELDOUT_TEST_S4_T036_U02,2026-09-10T08:45:00.000000Z,213,8,4,0.5
4,KAPPA_HELDOUT_TEST_S4_T036,KAPPA_HELDOUT_TEST_S4_T036_U03,2026-09-10T08:45:00.000000Z,107,9,3,0.3333333333333333
4,KAPPA_HELDOUT_TEST_S4_T036,KAPPA_HELDOUT_TEST_S4_T036_U04,2026-09-10T08:45:00.000000Z,196,11,4,0.36363636363636365
4,KAPPA_HELDOUT_TEST_S4_T036,KAPPA_HELDOUT_TEST_S4_T036_U05,2026-09-10T08:45:00.000000Z,81,11,7,0.6363636363636364
4,KAPPA_HELDOUT_TEST_S4_T036,KAPPA_HELDOUT_TEST_S4_T036_U06,2026-09-10T08:45:00.000000Z,86,12,7,0.5833333333333334
4,KAPPA_HELDOUT_TEST_S4_T036,KAPPA_HELDOUT_TEST_S4_T036_U07,2026-09-10T08:45:00.000000Z,211,12,6,0.5
4,KAPPA_HELDOUT_TEST_S4_T036,KAPPA_HELDOUT_TEST_S4_T036_U08,2026-09-10T08:45:00.000000Z,38,5,4,0.8
4,KAPPA_HELDOUT_TEST_S4_T036,KAPPA_HELDOUT_TEST_S4_T036_U09,2026-09-10T08:45:00.000000Z,214,10,4,0.4
4,KAPPA_HELDOUT_TEST_S4_T036,KAPPA_HELDOUT_TEST_S4_T036_U10,2026-09-10T08:45:00.000000Z,222,18,9,0.5
4,KAPPA_HELDOUT_TEST_S4_T037,KAPPA_HELDOUT_TEST_S4_T037_U01,2026-09-10T09:00:00.000000Z,261,11,4,0.36363636363636365
4,KAPPA_HELDOUT_TEST_S4_T037,KAPPA_HELDOUT_TEST_S4_T037_U02,2026-09-10T09:00:00.000000Z,97,13,5,0.38461538461538464
4,KAPPA_HELDOUT_TEST_S4_T037,KAPPA_HELDOUT_TEST_S4_T037_U03,2026-09-10T09:00:00.000000Z,293,9,5,0.5555555555555556
4,KAPPA_HELDOUT_TEST_S4_T037,KAPPA_HELDOUT_TEST_S4_T037_U04,2026-09-10T09:00:00.000000Z,227,11,5,0.45454545454545453
4,KAPPA_HELDOUT_TEST_S4_T037,KAPPA_HELDOUT_TEST_S4_T037_U05,2026-09-10T09:00:00.000000Z,314,8,3,0.375
4,KAPPA_HELDOUT_TEST_S4_T037,KAPPA_HELDOUT_TEST_S4_T037_U06,2026-09-10T09:00:00.000000Z,39,12,9,0.75
4,KAPPA_HELDOUT_TEST_S4_T037,KAPPA_HELDOUT_TEST_S4_T037_U07,2026-09-10T09:00:00.000000Z,138,13,7,0.5384615384615384
4,KAPPA_HELDOUT_TEST_S4_T037,KAPPA_HELDOUT_TEST_S4_T037_U08,2026-09-10T09:00:00.000000Z,9,23,11,0.4782608695652174
4,KAPPA_HELDOUT_TEST_S4_T037,KAPPA_HELDOUT_TEST_S4_T037_U09,2026-09-10T09:00:00.000000Z,106,19,10,0.5263157894736842
4,KAPPA_HELDOUT_TEST_S4_T037,KAPPA_HELDOUT_TEST_S4_T037_U10,2026-09-10T09:00:00.000000Z,53,8,3,0.375
4,KAPPA_HELDOUT_TEST_S4_T038,KAPPA_HELDOUT_TEST_S4_T038_U01,2026-09-10T09:15:00.000000Z,135,4,3,0.75
4,KAPPA_HELDOUT_TEST_S4_T038,KAPPA_HELDOUT_TEST_S4_T038_U02,2026-09-10T09:15:00.000000Z,307,9,6,0.6666666666666666
4,KAPPA_HELDOUT_TEST_S4_T038,KAPPA_HELDOUT_TEST_S4_T038_U03,2026-09-10T09:15:00.000000Z,56,20,9,0.45
4,KAPPA_HELDOUT_TEST_S4_T038,KAPPA_HELDOUT_TEST_S4_T038_U04,2026-09-10T09:15:00.000000Z,55,8,4,0.5
4,KAPPA_HELDOUT_TEST_S4_T038,KAPPA_HELDOUT_TEST_S4_T038_U05,2026-09-10T09:15:00.000000Z,272,12,5,0.4166666666666667
4,KAPPA_HELDOUT_TEST_S4_T038,KAPPA_HELDOUT_TEST_S4_T038_U06,2026-09-10T09:15:00.000000Z,110,10,5,0.5
4,KAPPA_HELDOUT_TEST_S4_T038,KAPPA_HELDOUT_TEST_S4_T038_U07,2026-09-10T09:15:00.000000Z,65,13,5,0.38461538461538464
4,KAPPA_HELDOUT_TEST_S4_T038,KAPPA_HELDOUT_TEST_S4_T038_U08,2026-09-10T09:15:00.000000Z,303,5,3,0.6
4,KAPPA_HELDOUT_TEST_S4_T038,KAPPA_HELDOUT_TEST_S4_T038_U09,2026-09-10T09:15:00.000000Z,95,13,10,0.7692307692307693
4,KAPPA_HELDOUT_TEST_S4_T038,KAPPA_HELDOUT_TEST_S4_T038_U10,2026-09-10T09:15:00.000000Z,237,6,5,0.8333333333333334
4,KAPPA_HELDOUT_TEST_S4_T039,KAPPA_HELDOUT_TEST_S4_T039_U01,2026-09-10T09:30:00.000000Z,111,12,5,0.4166666666666667
4,KAPPA_HELDOUT_TEST_S4_T039,KAPPA_HELDOUT_TEST_S4_T039_U02,2026-09-10T09:30:00.000000Z,35,8,2,0.25
4,KAPPA_HELDOUT_TEST_S4_T039,KAPPA_HELDOUT_TEST_S4_T039_U03,2026-09-10T09:30:00.000000Z,280,8,4,0.5
4,KAPPA_HELDOUT_TEST_S4_T039,KAPPA_HELDOUT_TEST_S4_T039_U04,2026-09-10T09:30:00.000000Z,162,12,6,0.5
4,KAPPA_HELDOUT_TEST_S4_T039,KAPPA_HELDOUT_TEST_S4_T039_U05,2026-09-10T09:30:00.000000Z,239,8,3,0.375
4,KAPPA_HELDOUT_TEST_S4_T039,KAPPA_HELDOUT_TEST_S4_T039_U06,2026-09-10T09:30:00.000000Z,128,16,9,0.5625
4,KAPPA_HELDOUT_TEST_S4_T039,KAPPA_HELDOUT_TEST_S4_T039_U07,2026-09-10T09:30:00.000000Z,118,12,6,0.5
4,KAPPA_HELDOUT_TEST_S4_T039,KAPPA_HELDOUT_TEST_S4_T039_U08,2026-09-10T09:30:00.000000Z,292,11,9,0.8181818181818182
4,KAPPA_HELDOUT_TEST_S4_T039,KAPPA_HELDOUT_TEST_S4_T039_U09,2026-09-10T09:30:00.000000Z,245,11,7,0.6363636363636364
4,KAPPA_HELDOUT_TEST_S4_T039,KAPPA_HELDOUT_TEST_S4_T039_U10,2026-09-10T09:30:00.000000Z,65,13,6,0.46153846153846156
4,KAPPA_HELDOUT_TEST_S4_T040,KAPPA_HELDOUT_TEST_S4_T040_U01,2026-09-10T09:45:00.000000Z,298,12,6,0.5
4,KAPPA_HELDOUT_TEST_S4_T040,KAPPA_HELDOUT_TEST_S4_T040_U02,2026-09-10T09:45:00.000000Z,290,14,7,0.5
4,KAPPA_HELDOUT_TEST_S4_T040,KAPPA_HELDOUT_TEST_S4_T040_U03,2026-09-10T09:45:00.000000Z,277,16,9,0.5625
4,KAPPA_HELDOUT_TEST_S4_T040,KAPPA_HELDOUT_TEST_S4_T040_U04,2026-09-10T09:45:00.000000Z,73,10,4,0.4
4,KAPPA_HELDOUT_TEST_S4_T040,KAPPA_HELDOUT_TEST_S4_T040_U05,2026-09-10T09:45:00.000000Z,189,13,4,0.3076923076923077
4,KAPPA_HELDOUT_TEST_S4_T040,KAPPA_HELDOUT_TEST_S4_T040_U06,2026-09-10T09:45:00.000000Z,115,12,6,0.5
4,KAPPA_HELDOUT_TEST_S4_T040,KAPPA_HELDOUT_TEST_S4_T040_U07,2026-09-10T09:45:00.000000Z,162,11,5,0.45454545454545453
4,KAPPA_HELDOUT_TEST_S4_T040,KAPPA_HELDOUT_TEST_S4_T040_U08,2026-09-10T09:45:00.000000Z,202,5,1,0.2
4,KAPPA_HELDOUT_TEST_S4_T040,KAPPA_HELDOUT_TEST_S4_T040_U09,2026-09-10T09:45:00.000000Z,50,12,6,0.5
4,KAPPA_HELDOUT_TEST_S4_T040,KAPPA_HELDOUT_TEST_S4_T040_U10,2026-09-10T09:45:00.000000Z,55,7,2,0.2857142857142857
4,KAPPA_HELDOUT_TEST_S4_T041,KAPPA_HELDOUT_TEST_S4_T041_U01,2026-09-10T10:00:00.000000Z,162,6,4,0.6666666666666666
4,KAPPA_HELDOUT_TEST_S4_T041,KAPPA_HELDOUT_TEST_S4_T041_U02,2026-09-10T10:00:00.000000Z,1,12,4,0.3333333333333333
4,KAPPA_HELDOUT_TEST_S4_T041,KAPPA_HELDOUT_TEST_S4_T041_U03,2026-09-10T10:00:00.000000Z,65,8,3,0.375
4,KAPPA_HELDOUT_TEST_S4_T041,KAPPA_HELDOUT_TEST_S4_T041_U04,2026-09-10T10:00:00.000000Z,34,9,4,0.4444444444444444
4,KAPPA_HELDOUT_TEST_S4_T041,KAPPA_HELDOUT_TEST_S4_T041_U05,2026-09-10T10:00:00.000000Z,276,8,5,0.625
4,KAPPA_HELDOUT_TEST_S4_T041,KAPPA_HELDOUT_TEST_S4_T041_U06,2026-09-10T10:00:00.000000Z,263,15,8,0.5333333333333333
4,KAPPA_HELDOUT_TEST_S4_T041,KAPPA_HELDOUT_TEST_S4_T041_U07,2026-09-10T10:00:00.000000Z,135,11,6,0.5454545454545454
4,KAPPA_HELDOUT_TEST_S4_T041,KAPPA_HELDOUT_TEST_S4_T041_U08,2026-09-10T10:00:00.000000Z,279,10,5,0.5
4,KAPPA_HELDOUT_TEST_S4_T041,KAPPA_HELDOUT_TEST_S4_T041_U09,2026-09-10T10:00:00.000000Z,273,13,8,0.6153846153846154
4,KAPPA_HELDOUT_TEST_S4_T041,KAPPA_HELDOUT_TEST_S4_T041_U10,2026-09-10T10:00:00.000000Z,301,9,2,0.2222222222222222
4,KAPPA_HELDOUT_TEST_S4_T042,KAPPA_HELDOUT_TEST_S4_T042_U01,2026-09-10T10:15:00.000000Z,94,14,6,0.42857142857142855
4,KAPPA_HELDOUT_TEST_S4_T042,KAPPA_HELDOUT_TEST_S4_T042_U02,2026-09-10T10:15:00.000000Z,186,8,4,0.5
4,KAPPA_HELDOUT_TEST_S4_T042,KAPPA_HELDOUT_TEST_S4_T042_U03,2026-09-10T10:15:00.000000Z,97,8,6,0.75
4,KAPPA_HELDOUT_TEST_S4_T042,KAPPA_HELDOUT_TEST_S4_T042_U04,2026-09-10T10:15:00.000000Z,34,13,6,0.46153846153846156
4,KAPPA_HELDOUT_TEST_S4_T042,KAPPA_HELDOUT_TEST_S4_T042_U05,2026-09-10T10:15:00.000000Z,153,14,5,0.35714285714285715
4,KAPPA_HELDOUT_TEST_S4_T042,KAPPA_HELDOUT_TEST_S4_T042_U06,2026-09-10T10:15:00.000000Z,179,11,3,0.2727272727272727
4,KAPPA_HELDOUT_TEST_S4_T042,KAPPA_HELDOUT_TEST_S4_T042_U07,2026-09-10T10:15:00.000000Z,163,5,2,0.4
4,KAPPA_HELDOUT_TEST_S4_T042,KAPPA_HELDOUT_TEST_S4_T042_U08,2026-09-10T10:15:00.000000Z,148,12,5,0.4166666666666667
4,KAPPA_HELDOUT_TEST_S4_T042,KAPPA_HELDOUT_TEST_S4_T042_U09,2026-09-10T10:15:00.000000Z,308,14,7,0.5
4,KAPPA_HELDOUT_TEST_S4_T042,KAPPA_HELDOUT_TEST_S4_T042_U10,2026-09-10T10:15:00.000000Z,203,5,2,0.4
4,KAPPA_HELDOUT_TEST_S4_T043,KAPPA_HELDOUT_TEST_S4_T043_U01,2026-09-10T10:30:00.000000Z,25,13,9,0.6923076923076923
4,KAPPA_HELDOUT_TEST_S4_T043,KAPPA_HELDOUT_TEST_S4_T043_U02,2026-09-10T10:30:00.000000Z,145,10,6,0.6
4,KAPPA_HELDOUT_TEST_S4_T043,KAPPA_HELDOUT_TEST_S4_T043_U03,2026-09-10T10:30:00.000000Z,211,11,5,0.45454545454545453
4,KAPPA_HELDOUT_TEST_S4_T043,KAPPA_HELDOUT_TEST_S4_T043_U04,2026-09-10T10:30:00.000000Z,283,10,4,0.4
4,KAPPA_HELDOUT_TEST_S4_T043,KAPPA_HELDOUT_TEST_S4_T043_U05,2026-09-10T10:30:00.000000Z,260,9,6,0.6666666666666666
4,KAPPA_HELDOUT_TEST_S4_T043,KAPPA_HELDOUT_TEST_S4_T043_U06,2026-09-10T10:30:00.000000Z,282,12,5,0.4166666666666667
4,KAPPA_HELDOUT_TEST_S4_T043,KAPPA_HELDOUT_TEST_S4_T043_U07,2026-09-10T10:30:00.000000Z,63,8,3,0.375
4,KAPPA_HELDOUT_TEST_S4_T043,KAPPA_HELDOUT_TEST_S4_T043_U08,2026-09-10T10:30:00.000000Z,14,12,8,0.6666666666666666
4,KAPPA_HELDOUT_TEST_S4_T043,KAPPA_HELDOUT_TEST_S4_T043_U09,2026-09-10T10:30:00.000000Z,158,13,7,0.5384615384615384
4,KAPPA_HELDOUT_TEST_S4_T043,KAPPA_HELDOUT_TEST_S4_T043_U10,2026-09-10T10:30:00.000000Z,202,10,2,0.2
4,KAPPA_HELDOUT_TEST_S4_T044,KAPPA_HELDOUT_TEST_S4_T044_U01,2026-09-10T10:45:00.000000Z,162,17,10,0.5882352941176471
4,KAPPA_HELDOUT_TEST_S4_T044,KAPPA_HELDOUT_TEST_S4_T044_U02,2026-09-10T10:45:00.000000Z,233,10,6,0.6
4,KAPPA_HELDOUT_TEST_S4_T044,KAPPA_HELDOUT_TEST_S4_T044_U03,2026-09-10T10:45:00.000000Z,289,8,4,0.5
4,KAPPA_HELDOUT_TEST_S4_T044,KAPPA_HELDOUT_TEST_S4_T044_U04,2026-09-10T10:45:00.000000Z,66,14,6,0.42857142857142855
4,KAPPA_HELDOUT_TEST_S4_T044,KAPPA_HELDOUT_TEST_S4_T044_U05,2026-09-10T10:45:00.000000Z,152,19,9,0.47368421052631576
4,KAPPA_HELDOUT_TEST_S4_T044,KAPPA_HELDOUT_TEST_S4_T044_U06,2026-09-10T10:45:00.000000Z,158,8,5,0.625
4,KAPPA_HELDOUT_TEST_S4_T044,KAPPA_HELDOUT_TEST_S4_T044_U07,2026-09-10T10:45:00.000000Z,312,9,4,0.4444444444444444
4,KAPPA_HELDOUT_TEST_S4_T044,KAPPA_HELDOUT_TEST_S4_T044_U08,2026-09-10T10:45:00.000000Z,234,8,3,0.375
4,KAPPA_HELDOUT_TEST_S4_T044,KAPPA_HELDOUT_TEST_S4_T044_U09,2026-09-10T10:45:00.000000Z,208,11,3,0.2727272727272727
4,KAPPA_HELDOUT_TEST_S4_T044,KAPPA_HELDOUT_TEST_S4_T044_U10,2026-09-10T10:45:00.000000Z,198,7,3,0.42857142857142855
4,KAPPA_HELDOUT_TEST_S4_T045,KAPPA_HELDOUT_TEST_S4_T045_U01,2026-09-10T11:00:00.000000Z,301,15,6,0.4
4,KAPPA_HELDOUT_TEST_S4_T045,KAPPA_HELDOUT_TEST_S4_T045_U02,2026-09-10T11:00:00.000000Z,164,8,2,0.25
4,KAPPA_HELDOUT_TEST_S4_T045,KAPPA_HELDOUT_TEST_S4_T045_U03,2026-09-10T11:00:00.000000Z,182,13,7,0.5384615384615384
4,KAPPA_HELDOUT_TEST_S4_T045,KAPPA_HELDOUT_TEST_S4_T045_U04,2026-09-10T11:00:00.000000Z,63,12,6,0.5
4,KAPPA_HELDOUT_TEST_S4_T045,KAPPA_HELDOUT_TEST_S4_T045_U05,2026-09-10T11:00:00.000000Z,269,10,6,0.6
4,KAPPA_HELDOUT_TEST_S4_T045,KAPPA_HELDOUT_TEST_S4_T045_U06,2026-09-10T11:00:00.000000Z,58,12,2,0.16666666666666666
4,KAPPA_HELDOUT_TEST_S4_T045,KAPPA_HELDOUT_TEST_S4_T045_U07,2026-09-10T11:00:00.000000Z,103,17,8,0.47058823529411764
4,KAPPA_HELDOUT_TEST_S4_T045,KAPPA_HELDOUT_TEST_S4_T045_U08,2026-09-10T11:00:00.000000Z,43,11,6,0.5454545454545454
4,KAPPA_HELDOUT_TEST_S4_T045,KAPPA_HELDOUT_TEST_S4_T045_U09,2026-09-10T11:00:00.000000Z,152,16,7,0.4375
4,KAPPA_HELDOUT_TEST_S4_T045,KAPPA_HELDOUT_TEST_S4_T045_U10,2026-09-10T11:00:00.000000Z,179,10,3,0.3
4,KAPPA_HELDOUT_TEST_S4_T046,KAPPA_HELDOUT_TEST_S4_T046_U01,2026-09-10T11:15:00.000000Z,209,3,1,0.3333333333333333
4,KAPPA_HELDOUT_TEST_S4_T046,KAPPA_HELDOUT_TEST_S4_T046_U02,2026-09-10T11:15:00.000000Z,46,6,4,0.6666666666666666
4,KAPPA_HELDOUT_TEST_S4_T046,KAPPA_HELDOUT_TEST_S4_T046_U03,2026-09-10T11:15:00.000000Z,36,10,7,0.7
4,KAPPA_HELDOUT_TEST_S4_T046,KAPPA_HELDOUT_TEST_S4_T046_U04,2026-09-10T11:15:00.000000Z,282,11,8,0.7272727272727273
4,KAPPA_HELDOUT_TEST_S4_T046,KAPPA_HELDOUT_TEST_S4_T046_U05,2026-09-10T11:15:00.000000Z,1,7,3,0.42857142857142855
4,KAPPA_HELDOUT_TEST_S4_T046,KAPPA_HELDOUT_TEST_S4_T046_U06,2026-09-10T11:15:00.000000Z,9,9,5,0.5555555555555556
4,KAPPA_HELDOUT_TEST_S4_T046,KAPPA_HELDOUT_TEST_S4_T046_U07,2026-09-10T11:15:00.000000Z,70,8,5,0.625
4,KAPPA_HELDOUT_TEST_S4_T046,KAPPA_HELDOUT_TEST_S4_T046_U08,2026-09-10T11:15:00.000000Z,0,10,7,0.7
4,KAPPA_HELDOUT_TEST_S4_T046,KAPPA_HELDOUT_TEST_S4_T046_U09,2026-09-10T11:15:00.000000Z,87,7,3,0.42857142857142855
4,KAPPA_HELDOUT_TEST_S4_T046,KAPPA_HELDOUT_TEST_S4_T046_U10,2026-09-10T11:15:00.000000Z,38,5,3,0.6
4,KAPPA_HELDOUT_TEST_S4_T047,KAPPA_HELDOUT_TEST_S4_T047_U01,2026-09-10T11:30:00.000000Z,88,6,1,0.16666666666666666
4,KAPPA_HELDOUT_TEST_S4_T047,KAPPA_HELDOUT_TEST_S4_T047_U02,2026-09-10T11:30:00.000000Z,264,6,3,0.5
4,KAPPA_HELDOUT_TEST_S4_T047,KAPPA_HELDOUT_TEST_S4_T047_U03,2026-09-10T11:30:00.000000Z,121,11,5,0.45454545454545453
4,KAPPA_HELDOUT_TEST_S4_T047,KAPPA_HELDOUT_TEST_S4_T047_U04,2026-09-10T11:30:00.000000Z,91,9,3,0.3333333333333333
4,KAPPA_HELDOUT_TEST_S4_T047,KAPPA_HELDOUT_TEST_S4_T047_U05,2026-09-10T11:30:00.000000Z,314,12,9,0.75
4,KAPPA_HELDOUT_TEST_S4_T047,KAPPA_HELDOUT_TEST_S4_T047_U06,2026-09-10T11:30:00.000000Z,22,15,7,0.4666666666666667
4,KAPPA_HELDOUT_TEST_S4_T047,KAPPA_HELDOUT_TEST_S4_T047_U07,2026-09-10T11:30:00.000000Z,39,12,8,0.6666666666666666
4,KAPPA_HELDOUT_TEST_S4_T047,KAPPA_HELDOUT_TEST_S4_T047_U08,2026-09-10T11:30:00.000000Z,220,10,4,0.4
4,KAPPA_HELDOUT_TEST_S4_T047,KAPPA_HELDOUT_TEST_S4_T047_U09,2026-09-10T11:30:00.000000Z,124,17,6,0.35294117647058826
4,KAPPA_HELDOUT_TEST_S4_T047,KAPPA_HELDOUT_TEST_S4_T047_U10,2026-09-10T11:30:00.000000Z,110,7,3,0.42857142857142855
4,KAPPA_HELDOUT_TEST_S4_T048,KAPPA_HELDOUT_TEST_S4_T048_U01,2026-09-10T11:45:00.000000Z,273,7,3,0.42857142857142855
4,KAPPA_HELDOUT_TEST_S4_T048,KAPPA_HELDOUT_TEST_S4_T048_U02,2026-09-10T11:45:00.000000Z,88,6,4,0.6666666666666666
4,KAPPA_HELDOUT_TEST_S4_T048,KAPPA_HELDOUT_TEST_S4_T048_U03,2026-09-10T11:45:00.000000Z,173,12,6,0.5
4,KAPPA_HELDOUT_TEST_S4_T048,KAPPA_HELDOUT_TEST_S4_T048_U04,2026-09-10T11:45:00.000000Z,84,14,7,0.5
4,KAPPA_HELDOUT_TEST_S4_T048,KAPPA_HELDOUT_TEST_S4_T048_U05,2026-09-10T11:45:00.000000Z,264,7,3,0.42857142857142855
4,KAPPA_HELDOUT_TEST_S4_T048,KAPPA_HELDOUT_TEST_S4_T048_U06,2026-09-10T11:45:00.000000Z,275,9,2,0.2222222222222222
4,KAPPA_HELDOUT_TEST_S4_T048,KAPPA_HELDOUT_TEST_S4_T048_U07,2026-09-10T11:45:00.000000Z,225,10,3,0.3
4,KAPPA_HELDOUT_TEST_S4_T048,KAPPA_HELDOUT_TEST_S4_T048_U08,2026-09-10T11:45:00.000000Z,118,13,7,0.5384615384615384
4,KAPPA_HELDOUT_TEST_S4_T048,KAPPA_HELDOUT_TEST_S4_T048_U09,2026-09-10T11:45:00.000000Z,271,10,4,0.4
4,KAPPA_HELDOUT_TEST_S4_T048,KAPPA_HELDOUT_TEST_S4_T048_U10,2026-09-10T11:45:00.000000Z,7,5,4,0.8
4,KAPPA_HELDOUT_TEST_S4_T049,KAPPA_HELDOUT_TEST_S4_T049_U01,2026-09-10T12:00:00.000000Z,125,11,5,0.45454545454545453
4,KAPPA_HELDOUT_TEST_S4_T049,KAPPA_HELDOUT_TEST_S4_T049_U02,2026-09-10T12:00:00.000000Z,319,9,4,0.4444444444444444
4,KAPPA_HELDOUT_TEST_S4_T049,KAPPA_HELDOUT_TEST_S4_T049_U03,2026-09-10T12:00:00.000000Z,320,16,8,0.5
4,KAPPA_HELDOUT_TEST_S4_T049,KAPPA_HELDOUT_TEST_S4_T049_U04,2026-09-10T12:00:00.000000Z,154,10,6,0.6
4,KAPPA_HELDOUT_TEST_S4_T049,KAPPA_HELDOUT_TEST_S4_T049_U05,2026-09-10T12:00:00.000000Z,120,8,3,0.375
4,KAPPA_HELDOUT_TEST_S4_T049,KAPPA_HELDOUT_TEST_S4_T049_U06,2026-09-10T12:00:00.000000Z,205,8,6,0.75
4,KAPPA_HELDOUT_TEST_S4_T049,KAPPA_HELDOUT_TEST_S4_T049_U07,2026-09-10T12:00:00.000000Z,154,15,8,0.5333333333333333
4,KAPPA_HELDOUT_TEST_S4_T049,KAPPA_HELDOUT_TEST_S4_T049_U08,2026-09-10T12:00:00.000000Z,259,7,2,0.2857142857142857
4,KAPPA_HELDOUT_TEST_S4_T049,KAPPA_HELDOUT_TEST_S4_T049_U09,2026-09-10T12:00:00.000000Z,129,16,7,0.4375
4,KAPPA_HELDOUT_TEST_S4_T049,KAPPA_HELDOUT_TEST_S4_T049_U10,2026-09-10T12:00:00.000000Z,82,14,8,0.5714285714285714
4,KAPPA_HELDOUT_TEST_S4_T050,KAPPA_HELDOUT_TEST_S4_T050_U01,2026-09-10T12:15:00.000000Z,281,11,6,0.5454545454545454
4,KAPPA_HELDOUT_TEST_S4_T050,KAPPA_HELDOUT_TEST_S4_T050_U02,2026-09-10T12:15:00.000000Z,134,12,4,0.3333333333333333
4,KAPPA_HELDOUT_TEST_S4_T050,KAPPA_HELDOUT_TEST_S4_T050_U03,2026-09-10T12:15:00.000000Z,237,7,2,0.2857142857142857
4,KAPPA_HELDOUT_TEST_S4_T050,KAPPA_HELDOUT_TEST_S4_T050_U04,2026-09-10T12:15:00.000000Z,279,13,7,0.5384615384615384
4,KAPPA_HELDOUT_TEST_S4_T050,KAPPA_HELDOUT_TEST_S4_T050_U05,2026-09-10T12:15:00.000000Z,95,8,5,0.625
4,KAPPA_HELDOUT_TEST_S4_T050,KAPPA_HELDOUT_TEST_S4_T050_U06,2026-09-10T12:15:00.000000Z,145,8,4,0.5
4,KAPPA_HELDOUT_TEST_S4_T050,KAPPA_HELDOUT_TEST_S4_T050_U07,2026-09-10T12:15:00.000000Z,208,9,7,0.7777777777777778
4,KAPPA_HELDOUT_TEST_S4_T050,KAPPA_HELDOUT_TEST_S4_T050_U08,2026-09-10T12:15:00.000000Z,274,3,1,0.3333333333333333
4,KAPPA_HELDOUT_TEST_S4_T050,KAPPA_HELDOUT_TEST_S4_T050_U09,2026-09-10T12:15:00.000000Z,0,13,6,0.46153846153846156
4,KAPPA_HELDOUT_TEST_S4_T050,KAPPA_HELDOUT_TEST_S4_T050_U10,2026-09-10T12:15:00.000000Z,306,9,6,0.6666666666666666
4,KAPPA_HELDOUT_TEST_S4_T051,KAPPA_HELDOUT_TEST_S4_T051_U01,2026-09-10T12:30:00.000000Z,295,17,12,0.7058823529411765
4,KAPPA_HELDOUT_TEST_S4_T051,KAPPA_HELDOUT_TEST_S4_T051_U02,2026-09-10T12:30:00.000000Z,125,19,12,0.631578947368421
4,KAPPA_HELDOUT_TEST_S4_T051,KAPPA_HELDOUT_TEST_S4_T051_U03,2026-09-10T12:30:00.000000Z,85,11,5,0.45454545454545453
4,KAPPA_HELDOUT_TEST_S4_T051,KAPPA_HELDOUT_TEST_S4_T051_U04,2026-09-10T12:30:00.000000Z,82,2,2,1
4,KAPPA_HELDOUT_TEST_S4_T051,KAPPA_HELDOUT_TEST_S4_T051_U05,2026-09-10T12:30:00.000000Z,83,10,7,0.7
4,KAPPA_HELDOUT_TEST_S4_T051,KAPPA_HELDOUT_TEST_S4_T051_U06,2026-09-10T12:30:00.000000Z,72,13,7,0.5384615384615384
4,KAPPA_HELDOUT_TEST_S4_T051,KAPPA_HELDOUT_TEST_S4_T051_U07,2026-09-10T12:30:00.000000Z,179,7,6,0.8571428571428571
4,KAPPA_HELDOUT_TEST_S4_T051,KAPPA_HELDOUT_TEST_S4_T051_U08,2026-09-10T12:30:00.000000Z,150,9,5,0.5555555555555556
4,KAPPA_HELDOUT_TEST_S4_T051,KAPPA_HELDOUT_TEST_S4_T051_U09,2026-09-10T12:30:00.000000Z,140,16,7,0.4375
4,KAPPA_HELDOUT_TEST_S4_T051,KAPPA_HELDOUT_TEST_S4_T051_U10,2026-09-10T12:30:00.000000Z,28,6,3,0.5
4,KAPPA_HELDOUT_TEST_S4_T052,KAPPA_HELDOUT_TEST_S4_T052_U01,2026-09-10T12:45:00.000000Z,306,14,10,0.7142857142857143
4,KAPPA_HELDOUT_TEST_S4_T052,KAPPA_HELDOUT_TEST_S4_T052_U02,2026-09-10T12:45:00.000000Z,230,16,7,0.4375
4,KAPPA_HELDOUT_TEST_S4_T052,KAPPA_HELDOUT_TEST_S4_T052_U03,2026-09-10T12:45:00.000000Z,53,6,3,0.5
4,KAPPA_HELDOUT_TEST_S4_T052,KAPPA_HELDOUT_TEST_S4_T052_U04,2026-09-10T12:45:00.000000Z,9,12,6,0.5
4,KAPPA_HELDOUT_TEST_S4_T052,KAPPA_HELDOUT_TEST_S4_T052_U05,2026-09-10T12:45:00.000000Z,127,20,9,0.45
4,KAPPA_HELDOUT_TEST_S4_T052,KAPPA_HELDOUT_TEST_S4_T052_U06,2026-09-10T12:45:00.000000Z,313,14,7,0.5
4,KAPPA_HELDOUT_TEST_S4_T052,KAPPA_HELDOUT_TEST_S4_T052_U07,2026-09-10T12:45:00.000000Z,26,10,3,0.3
4,KAPPA_HELDOUT_TEST_S4_T052,KAPPA_HELDOUT_TEST_S4_T052_U08,2026-09-10T12:45:00.000000Z,124,7,6,0.8571428571428571
4,KAPPA_HELDOUT_TEST_S4_T052,KAPPA_HELDOUT_TEST_S4_T052_U09,2026-09-10T12:45:00.000000Z,104,10,6,0.6
4,KAPPA_HELDOUT_TEST_S4_T052,KAPPA_HELDOUT_TEST_S4_T052_U10,2026-09-10T12:45:00.000000Z,123,11,8,0.7272727272727273
4,KAPPA_HELDOUT_TEST_S4_T053,KAPPA_HELDOUT_TEST_S4_T053_U01,2026-09-10T13:00:00.000000Z,0,11,9,0.8181818181818182
4,KAPPA_HELDOUT_TEST_S4_T053,KAPPA_HELDOUT_TEST_S4_T053_U02,2026-09-10T13:00:00.000000Z,218,10,7,0.7
4,KAPPA_HELDOUT_TEST_S4_T053,KAPPA_HELDOUT_TEST_S4_T053_U03,2026-09-10T13:00:00.000000Z,19,9,6,0.6666666666666666
4,KAPPA_HELDOUT_TEST_S4_T053,KAPPA_HELDOUT_TEST_S4_T053_U04,2026-09-10T13:00:00.000000Z,101,13,5,0.38461538461538464
4,KAPPA_HELDOUT_TEST_S4_T053,KAPPA_HELDOUT_TEST_S4_T053_U05,2026-09-10T13:00:00.000000Z,128,13,8,0.6153846153846154
4,KAPPA_HELDOUT_TEST_S4_T053,KAPPA_HELDOUT_TEST_S4_T053_U06,2026-09-10T13:00:00.000000Z,276,14,8,0.5714285714285714
4,KAPPA_HELDOUT_TEST_S4_T053,KAPPA_HELDOUT_TEST_S4_T053_U07,2026-09-10T13:00:00.000000Z,301,15,9,0.6
4,KAPPA_HELDOUT_TEST_S4_T053,KAPPA_HELDOUT_TEST_S4_T053_U08,2026-09-10T13:00:00.000000Z,81,15,7,0.4666666666666667
4,KAPPA_HELDOUT_TEST_S4_T053,KAPPA_HELDOUT_TEST_S4_T053_U09,2026-09-10T13:00:00.000000Z,266,11,6,0.5454545454545454
4,KAPPA_HELDOUT_TEST_S4_T053,KAPPA_HELDOUT_TEST_S4_T053_U10,2026-09-10T13:00:00.000000Z,57,12,4,0.3333333333333333
4,KAPPA_HELDOUT_TEST_S4_T054,KAPPA_HELDOUT_TEST_S4_T054_U01,2026-09-10T13:15:00.000000Z,221,12,7,0.5833333333333334
4,KAPPA_HELDOUT_TEST_S4_T054,KAPPA_HELDOUT_TEST_S4_T054_U02,2026-09-10T13:15:00.000000Z,312,8,5,0.625
4,KAPPA_HELDOUT_TEST_S4_T054,KAPPA_HELDOUT_TEST_S4_T054_U03,2026-09-10T13:15:00.000000Z,102,11,5,0.45454545454545453
4,KAPPA_HELDOUT_TEST_S4_T054,KAPPA_HELDOUT_TEST_S4_T054_U04,2026-09-10T13:15:00.000000Z,185,14,5,0.35714285714285715
4,KAPPA_HELDOUT_TEST_S4_T054,KAPPA_HELDOUT_TEST_S4_T054_U05,2026-09-10T13:15:00.000000Z,217,9,5,0.5555555555555556
4,KAPPA_HELDOUT_TEST_S4_T054,KAPPA_HELDOUT_TEST_S4_T054_U06,2026-09-10T13:15:00.000000Z,266,7,3,0.42857142857142855
4,KAPPA_HELDOUT_TEST_S4_T054,KAPPA_HELDOUT_TEST_S4_T054_U07,2026-09-10T13:15:00.000000Z,226,11,7,0.6363636363636364
4,KAPPA_HELDOUT_TEST_S4_T054,KAPPA_HELDOUT_TEST_S4_T054_U08,2026-09-10T13:15:00.000000Z,13,6,3,0.5
4,KAPPA_HELDOUT_TEST_S4_T054,KAPPA_HELDOUT_TEST_S4_T054_U09,2026-09-10T13:15:00.000000Z,275,9,7,0.7777777777777778
4,KAPPA_HELDOUT_TEST_S4_T054,KAPPA_HELDOUT_TEST_S4_T054_U10,2026-09-10T13:15:00.000000Z,217,5,1,0.2
4,KAPPA_HELDOUT_TEST_S4_T055,KAPPA_HELDOUT_TEST_S4_T055_U01,2026-09-10T13:30:00.000000Z,132,8,4,0.5
4,KAPPA_HELDOUT_TEST_S4_T055,KAPPA_HELDOUT_TEST_S4_T055_U02,2026-09-10T13:30:00.000000Z,169,17,10,0.5882352941176471
4,KAPPA_HELDOUT_TEST_S4_T055,KAPPA_HELDOUT_TEST_S4_T055_U03,2026-09-10T13:30:00.000000Z,36,6,3,0.5
4,KAPPA_HELDOUT_TEST_S4_T055,KAPPA_HELDOUT_TEST_S4_T055_U04,2026-09-10T13:30:00.000000Z,134,10,4,0.4
4,KAPPA_HELDOUT_TEST_S4_T055,KAPPA_HELDOUT_TEST_S4_T055_U05,2026-09-10T13:30:00.000000Z,273,13,2,0.15384615384615385
4,KAPPA_HELDOUT_TEST_S4_T055,KAPPA_HELDOUT_TEST_S4_T055_U06,2026-09-10T13:30:00.000000Z,121,14,5,0.35714285714285715
4,KAPPA_HELDOUT_TEST_S4_T055,KAPPA_HELDOUT_TEST_S4_T055_U07,2026-09-10T13:30:00.000000Z,123,11,6,0.5454545454545454
4,KAPPA_HELDOUT_TEST_S4_T055,KAPPA_HELDOUT_TEST_S4_T055_U08,2026-09-10T13:30:00.000000Z,21,9,3,0.3333333333333333
4,KAPPA_HELDOUT_TEST_S4_T055,KAPPA_HELDOUT_TEST_S4_T055_U09,2026-09-10T13:30:00.000000Z,273,8,3,0.375
4,KAPPA_HELDOUT_TEST_S4_T055,KAPPA_HELDOUT_TEST_S4_T055_U10,2026-09-10T13:30:00.000000Z,14,5,2,0.4
4,KAPPA_HELDOUT_TEST_S4_T056,KAPPA_HELDOUT_TEST_S4_T056_U01,2026-09-10T13:45:00.000000Z,237,7,3,0.42857142857142855
4,KAPPA_HELDOUT_TEST_S4_T056,KAPPA_HELDOUT_TEST_S4_T056_U02,2026-09-10T13:45:00.000000Z,302,11,5,0.45454545454545453
4,KAPPA_HELDOUT_TEST_S4_T056,KAPPA_HELDOUT_TEST_S4_T056_U03,2026-09-10T13:45:00.000000Z,60,14,5,0.35714285714285715
4,KAPPA_HELDOUT_TEST_S4_T056,KAPPA_HELDOUT_TEST_S4_T056_U04,2026-09-10T13:45:00.000000Z,97,13,5,0.38461538461538464
4,KAPPA_HELDOUT_TEST_S4_T056,KAPPA_HELDOUT_TEST_S4_T056_U05,2026-09-10T13:45:00.000000Z,62,11,3,0.2727272727272727
4,KAPPA_HELDOUT_TEST_S4_T056,KAPPA_HELDOUT_TEST_S4_T056_U06,2026-09-10T13:45:00.000000Z,290,9,5,0.5555555555555556
4,KAPPA_HELDOUT_TEST_S4_T056,KAPPA_HELDOUT_TEST_S4_T056_U07,2026-09-10T13:45:00.000000Z,185,8,7,0.875
4,KAPPA_HELDOUT_TEST_S4_T056,KAPPA_HELDOUT_TEST_S4_T056_U08,2026-09-10T13:45:00.000000Z,243,8,2,0.25
4,KAPPA_HELDOUT_TEST_S4_T056,KAPPA_HELDOUT_TEST_S4_T056_U09,2026-09-10T13:45:00.000000Z,275,11,4,0.36363636363636365
4,KAPPA_HELDOUT_TEST_S4_T056,KAPPA_HELDOUT_TEST_S4_T056_U10,2026-09-10T13:45:00.000000Z,87,15,8,0.5333333333333333
4,KAPPA_HELDOUT_TEST_S4_T057,KAPPA_HELDOUT_TEST_S4_T057_U01,2026-09-10T14:00:00.000000Z,68,10,3,0.3
4,KAPPA_HELDOUT_TEST_S4_T057,KAPPA_HELDOUT_TEST_S4_T057_U02,2026-09-10T14:00:00.000000Z,26,13,3,0.23076923076923078
4,KAPPA_HELDOUT_TEST_S4_T057,KAPPA_HELDOUT_TEST_S4_T057_U03,2026-09-10T14:00:00.000000Z,153,13,5,0.38461538461538464
4,KAPPA_HELDOUT_TEST_S4_T057,KAPPA_HELDOUT_TEST_S4_T057_U04,2026-09-10T14:00:00.000000Z,12,10,7,0.7
4,KAPPA_HELDOUT_TEST_S4_T057,KAPPA_HELDOUT_TEST_S4_T057_U05,2026-09-10T14:00:00.000000Z,121,10,6,0.6
4,KAPPA_HELDOUT_TEST_S4_T057,KAPPA_HELDOUT_TEST_S4_T057_U06,2026-09-10T14:00:00.000000Z,289,10,5,0.5
4,KAPPA_HELDOUT_TEST_S4_T057,KAPPA_HELDOUT_TEST_S4_T057_U07,2026-09-10T14:00:00.000000Z,320,10,3,0.3
4,KAPPA_HELDOUT_TEST_S4_T057,KAPPA_HELDOUT_TEST_S4_T057_U08,2026-09-10T14:00:00.000000Z,50,22,10,0.45454545454545453
4,KAPPA_HELDOUT_TEST_S4_T057,KAPPA_HELDOUT_TEST_S4_T057_U09,2026-09-10T14:00:00.000000Z,179,10,3,0.3
4,KAPPA_HELDOUT_TEST_S4_T057,KAPPA_HELDOUT_TEST_S4_T057_U10,2026-09-10T14:00:00.000000Z,19,9,3,0.3333333333333333
4,KAPPA_HELDOUT_TEST_S4_T058,KAPPA_HELDOUT_TEST_S4_T058_U01,2026-09-10T14:15:00.000000Z,70,14,9,0.6428571428571429
4,KAPPA_HELDOUT_TEST_S4_T058,KAPPA_HELDOUT_TEST_S4_T058_U02,2026-09-10T14:15:00.000000Z,317,11,3,0.2727272727272727
4,KAPPA_HELDOUT_TEST_S4_T058,KAPPA_HELDOUT_TEST_S4_T058_U03,2026-09-10T14:15:00.000000Z,20,11,5,0.45454545454545453
4,KAPPA_HELDOUT_TEST_S4_T058,KAPPA_HELDOUT_TEST_S4_T058_U04,2026-09-10T14:15:00.000000Z,30,13,9,0.6923076923076923
4,KAPPA_HELDOUT_TEST_S4_T058,KAPPA_HELDOUT_TEST_S4_T058_U05,2026-09-10T14:15:00.000000Z,151,12,4,0.3333333333333333
4,KAPPA_HELDOUT_TEST_S4_T058,KAPPA_HELDOUT_TEST_S4_T058_U06,2026-09-10T14:15:00.000000Z,52,15,8,0.5333333333333333
4,KAPPA_HELDOUT_TEST_S4_T058,KAPPA_HELDOUT_TEST_S4_T058_U07,2026-09-10T14:15:00.000000Z,224,13,7,0.5384615384615384
4,KAPPA_HELDOUT_TEST_S4_T058,KAPPA_HELDOUT_TEST_S4_T058_U08,2026-09-10T14:15:00.000000Z,212,8,5,0.625
4,KAPPA_HELDOUT_TEST_S4_T058,KAPPA_HELDOUT_TEST_S4_T058_U09,2026-09-10T14:15:00.000000Z,223,11,8,0.7272727272727273
4,KAPPA_HELDOUT_TEST_S4_T058,KAPPA_HELDOUT_TEST_S4_T058_U10,2026-09-10T14:15:00.000000Z,66,4,2,0.5
4,KAPPA_HELDOUT_TEST_S4_T059,KAPPA_HELDOUT_TEST_S4_T059_U01,2026-09-10T14:30:00.000000Z,36,14,10,0.7142857142857143
4,KAPPA_HELDOUT_TEST_S4_T059,KAPPA_HELDOUT_TEST_S4_T059_U02,2026-09-10T14:30:00.000000Z,91,12,7,0.5833333333333334
4,KAPPA_HELDOUT_TEST_S4_T059,KAPPA_HELDOUT_TEST_S4_T059_U03,2026-09-10T14:30:00.000000Z,12,11,5,0.45454545454545453
4,KAPPA_HELDOUT_TEST_S4_T059,KAPPA_HELDOUT_TEST_S4_T059_U04,2026-09-10T14:30:00.000000Z,254,6,5,0.8333333333333334
4,KAPPA_HELDOUT_TEST_S4_T059,KAPPA_HELDOUT_TEST_S4_T059_U05,2026-09-10T14:30:00.000000Z,239,12,7,0.5833333333333334
4,KAPPA_HELDOUT_TEST_S4_T059,KAPPA_HELDOUT_TEST_S4_T059_U06,2026-09-10T14:30:00.000000Z,129,12,6,0.5
4,KAPPA_HELDOUT_TEST_S4_T059,KAPPA_HELDOUT_TEST_S4_T059_U07,2026-09-10T14:30:00.000000Z,27,14,9,0.6428571428571429
4,KAPPA_HELDOUT_TEST_S4_T059,KAPPA_HELDOUT_TEST_S4_T059_U08,2026-09-10T14:30:00.000000Z,139,11,7,0.6363636363636364
4,KAPPA_HELDOUT_TEST_S4_T059,KAPPA_HELDOUT_TEST_S4_T059_U09,2026-09-10T14:30:00.000000Z,34,10,4,0.4
4,KAPPA_HELDOUT_TEST_S4_T059,KAPPA_HELDOUT_TEST_S4_T059_U10,2026-09-10T14:30:00.000000Z,83,12,7,0.5833333333333334
4,KAPPA_HELDOUT_TEST_S4_T060,KAPPA_HELDOUT_TEST_S4_T060_U01,2026-09-10T14:45:00.000000Z,206,10,4,0.4
4,KAPPA_HELDOUT_TEST_S4_T060,KAPPA_HELDOUT_TEST_S4_T060_U02,2026-09-10T14:45:00.000000Z,87,13,6,0.46153846153846156
4,KAPPA_HELDOUT_TEST_S4_T060,KAPPA_HELDOUT_TEST_S4_T060_U03,2026-09-10T14:45:00.000000Z,187,15,7,0.4666666666666667
4,KAPPA_HELDOUT_TEST_S4_T060,KAPPA_HELDOUT_TEST_S4_T060_U04,2026-09-10T14:45:00.000000Z,97,8,4,0.5
4,KAPPA_HELDOUT_TEST_S4_T060,KAPPA_HELDOUT_TEST_S4_T060_U05,2026-09-10T14:45:00.000000Z,122,9,5,0.5555555555555556
4,KAPPA_HELDOUT_TEST_S4_T060,KAPPA_HELDOUT_TEST_S4_T060_U06,2026-09-10T14:45:00.000000Z,151,16,10,0.625
4,KAPPA_HELDOUT_TEST_S4_T060,KAPPA_HELDOUT_TEST_S4_T060_U07,2026-09-10T14:45:00.000000Z,69,14,6,0.42857142857142855
4,KAPPA_HELDOUT_TEST_S4_T060,KAPPA_HELDOUT_TEST_S4_T060_U08,2026-09-10T14:45:00.000000Z,309,7,3,0.42857142857142855
4,KAPPA_HELDOUT_TEST_S4_T060,KAPPA_HELDOUT_TEST_S4_T060_U09,2026-09-10T14:45:00.000000Z,35,12,6,0.5
4,KAPPA_HELDOUT_TEST_S4_T060,KAPPA_HELDOUT_TEST_S4_T060_U10,2026-09-10T14:45:00.000000Z,161,5,2,0.4
5,KAPPA_HELDOUT_TEST_S5_T001,KAPPA_HELDOUT_TEST_S5_T001_U01,2026-09-13T00:00:00.000000Z,152,14,4,0.2857142857142857
5,KAPPA_HELDOUT_TEST_S5_T001,KAPPA_HELDOUT_TEST_S5_T001_U02,2026-09-13T00:00:00.000000Z,281,8,2,0.25
5,KAPPA_HELDOUT_TEST_S5_T001,KAPPA_HELDOUT_TEST_S5_T001_U03,2026-09-13T00:00:00.000000Z,45,12,5,0.4166666666666667
5,KAPPA_HELDOUT_TEST_S5_T001,KAPPA_HELDOUT_TEST_S5_T001_U04,2026-09-13T00:00:00.000000Z,77,9,6,0.6666666666666666
5,KAPPA_HELDOUT_TEST_S5_T001,KAPPA_HELDOUT_TEST_S5_T001_U05,2026-09-13T00:00:00.000000Z,43,9,7,0.7777777777777778
5,KAPPA_HELDOUT_TEST_S5_T001,KAPPA_HELDOUT_TEST_S5_T001_U06,2026-09-13T00:00:00.000000Z,290,10,6,0.6
5,KAPPA_HELDOUT_TEST_S5_T001,KAPPA_HELDOUT_TEST_S5_T001_U07,2026-09-13T00:00:00.000000Z,123,14,7,0.5
5,KAPPA_HELDOUT_TEST_S5_T001,KAPPA_HELDOUT_TEST_S5_T001_U08,2026-09-13T00:00:00.000000Z,209,13,3,0.23076923076923078
5,KAPPA_HELDOUT_TEST_S5_T001,KAPPA_HELDOUT_TEST_S5_T001_U09,2026-09-13T00:00:00.000000Z,218,7,4,0.5714285714285714
5,KAPPA_HELDOUT_TEST_S5_T001,KAPPA_HELDOUT_TEST_S5_T001_U10,2026-09-13T00:00:00.000000Z,207,12,4,0.3333333333333333
5,KAPPA_HELDOUT_TEST_S5_T002,KAPPA_HELDOUT_TEST_S5_T002_U01,2026-09-13T00:15:00.000000Z,149,9,7,0.7777777777777778
5,KAPPA_HELDOUT_TEST_S5_T002,KAPPA_HELDOUT_TEST_S5_T002_U02,2026-09-13T00:15:00.000000Z,313,8,4,0.5
5,KAPPA_HELDOUT_TEST_S5_T002,KAPPA_HELDOUT_TEST_S5_T002_U03,2026-09-13T00:15:00.000000Z,28,14,5,0.35714285714285715
5,KAPPA_HELDOUT_TEST_S5_T002,KAPPA_HELDOUT_TEST_S5_T002_U04,2026-09-13T00:15:00.000000Z,132,10,5,0.5
5,KAPPA_HELDOUT_TEST_S5_T002,KAPPA_HELDOUT_TEST_S5_T002_U05,2026-09-13T00:15:00.000000Z,281,13,6,0.46153846153846156
5,KAPPA_HELDOUT_TEST_S5_T002,KAPPA_HELDOUT_TEST_S5_T002_U06,2026-09-13T00:15:00.000000Z,165,5,3,0.6
5,KAPPA_HELDOUT_TEST_S5_T002,KAPPA_HELDOUT_TEST_S5_T002_U07,2026-09-13T00:15:00.000000Z,78,8,2,0.25
5,KAPPA_HELDOUT_TEST_S5_T002,KAPPA_HELDOUT_TEST_S5_T002_U08,2026-09-13T00:15:00.000000Z,294,7,4,0.5714285714285714
5,KAPPA_HELDOUT_TEST_S5_T002,KAPPA_HELDOUT_TEST_S5_T002_U09,2026-09-13T00:15:00.000000Z,183,9,3,0.3333333333333333
5,KAPPA_HELDOUT_TEST_S5_T002,KAPPA_HELDOUT_TEST_S5_T002_U10,2026-09-13T00:15:00.000000Z,251,17,10,0.5882352941176471
5,KAPPA_HELDOUT_TEST_S5_T003,KAPPA_HELDOUT_TEST_S5_T003_U01,2026-09-13T00:30:00.000000Z,28,10,6,0.6
5,KAPPA_HELDOUT_TEST_S5_T003,KAPPA_HELDOUT_TEST_S5_T003_U02,2026-09-13T00:30:00.000000Z,313,14,8,0.5714285714285714
5,KAPPA_HELDOUT_TEST_S5_T003,KAPPA_HELDOUT_TEST_S5_T003_U03,2026-09-13T00:30:00.000000Z,56,11,7,0.6363636363636364
5,KAPPA_HELDOUT_TEST_S5_T003,KAPPA_HELDOUT_TEST_S5_T003_U04,2026-09-13T00:30:00.000000Z,156,7,4,0.5714285714285714
5,KAPPA_HELDOUT_TEST_S5_T003,KAPPA_HELDOUT_TEST_S5_T003_U05,2026-09-13T00:30:00.000000Z,144,10,4,0.4
5,KAPPA_HELDOUT_TEST_S5_T003,KAPPA_HELDOUT_TEST_S5_T003_U06,2026-09-13T00:30:00.000000Z,39,14,5,0.35714285714285715
5,KAPPA_HELDOUT_TEST_S5_T003,KAPPA_HELDOUT_TEST_S5_T003_U07,2026-09-13T00:30:00.000000Z,240,8,4,0.5
5,KAPPA_HELDOUT_TEST_S5_T003,KAPPA_HELDOUT_TEST_S5_T003_U08,2026-09-13T00:30:00.000000Z,253,13,8,0.6153846153846154
5,KAPPA_HELDOUT_TEST_S5_T003,KAPPA_HELDOUT_TEST_S5_T003_U09,2026-09-13T00:30:00.000000Z,317,12,8,0.6666666666666666
5,KAPPA_HELDOUT_TEST_S5_T003,KAPPA_HELDOUT_TEST_S5_T003_U10,2026-09-13T00:30:00.000000Z,293,8,2,0.25
5,KAPPA_HELDOUT_TEST_S5_T004,KAPPA_HELDOUT_TEST_S5_T004_U01,2026-09-13T00:45:00.000000Z,183,16,9,0.5625
5,KAPPA_HELDOUT_TEST_S5_T004,KAPPA_HELDOUT_TEST_S5_T004_U02,2026-09-13T00:45:00.000000Z,294,10,8,0.8
5,KAPPA_HELDOUT_TEST_S5_T004,KAPPA_HELDOUT_TEST_S5_T004_U03,2026-09-13T00:45:00.000000Z,78,14,7,0.5
5,KAPPA_HELDOUT_TEST_S5_T004,KAPPA_HELDOUT_TEST_S5_T004_U04,2026-09-13T00:45:00.000000Z,87,15,6,0.4
5,KAPPA_HELDOUT_TEST_S5_T004,KAPPA_HELDOUT_TEST_S5_T004_U05,2026-09-13T00:45:00.000000Z,131,11,4,0.36363636363636365
5,KAPPA_HELDOUT_TEST_S5_T004,KAPPA_HELDOUT_TEST_S5_T004_U06,2026-09-13T00:45:00.000000Z,194,9,3,0.3333333333333333
5,KAPPA_HELDOUT_TEST_S5_T004,KAPPA_HELDOUT_TEST_S5_T004_U07,2026-09-13T00:45:00.000000Z,9,17,6,0.35294117647058826
5,KAPPA_HELDOUT_TEST_S5_T004,KAPPA_HELDOUT_TEST_S5_T004_U08,2026-09-13T00:45:00.000000Z,245,12,6,0.5
5,KAPPA_HELDOUT_TEST_S5_T004,KAPPA_HELDOUT_TEST_S5_T004_U09,2026-09-13T00:45:00.000000Z,7,11,3,0.2727272727272727
5,KAPPA_HELDOUT_TEST_S5_T004,KAPPA_HELDOUT_TEST_S5_T004_U10,2026-09-13T00:45:00.000000Z,60,10,7,0.7
5,KAPPA_HELDOUT_TEST_S5_T005,KAPPA_HELDOUT_TEST_S5_T005_U01,2026-09-13T01:00:00.000000Z,213,12,5,0.4166666666666667
5,KAPPA_HELDOUT_TEST_S5_T005,KAPPA_HELDOUT_TEST_S5_T005_U02,2026-09-13T01:00:00.000000Z,280,14,8,0.5714285714285714
5,KAPPA_HELDOUT_TEST_S5_T005,KAPPA_HELDOUT_TEST_S5_T005_U03,2026-09-13T01:00:00.000000Z,216,19,8,0.42105263157894735
5,KAPPA_HELDOUT_TEST_S5_T005,KAPPA_HELDOUT_TEST_S5_T005_U04,2026-09-13T01:00:00.000000Z,195,9,4,0.4444444444444444
5,KAPPA_HELDOUT_TEST_S5_T005,KAPPA_HELDOUT_TEST_S5_T005_U05,2026-09-13T01:00:00.000000Z,178,17,7,0.4117647058823529
5,KAPPA_HELDOUT_TEST_S5_T005,KAPPA_HELDOUT_TEST_S5_T005_U06,2026-09-13T01:00:00.000000Z,40,10,3,0.3
5,KAPPA_HELDOUT_TEST_S5_T005,KAPPA_HELDOUT_TEST_S5_T005_U07,2026-09-13T01:00:00.000000Z,283,9,4,0.4444444444444444
5,KAPPA_HELDOUT_TEST_S5_T005,KAPPA_HELDOUT_TEST_S5_T005_U08,2026-09-13T01:00:00.000000Z,246,8,3,0.375
5,KAPPA_HELDOUT_TEST_S5_T005,KAPPA_HELDOUT_TEST_S5_T005_U09,2026-09-13T01:00:00.000000Z,237,14,9,0.6428571428571429
5,KAPPA_HELDOUT_TEST_S5_T005,KAPPA_HELDOUT_TEST_S5_T005_U10,2026-09-13T01:00:00.000000Z,162,9,4,0.4444444444444444
5,KAPPA_HELDOUT_TEST_S5_T006,KAPPA_HELDOUT_TEST_S5_T006_U01,2026-09-13T01:15:00.000000Z,162,12,9,0.75
5,KAPPA_HELDOUT_TEST_S5_T006,KAPPA_HELDOUT_TEST_S5_T006_U02,2026-09-13T01:15:00.000000Z,107,11,4,0.36363636363636365
5,KAPPA_HELDOUT_TEST_S5_T006,KAPPA_HELDOUT_TEST_S5_T006_U03,2026-09-13T01:15:00.000000Z,54,11,6,0.5454545454545454
5,KAPPA_HELDOUT_TEST_S5_T006,KAPPA_HELDOUT_TEST_S5_T006_U04,2026-09-13T01:15:00.000000Z,17,6,2,0.3333333333333333
5,KAPPA_HELDOUT_TEST_S5_T006,KAPPA_HELDOUT_TEST_S5_T006_U05,2026-09-13T01:15:00.000000Z,193,10,6,0.6
5,KAPPA_HELDOUT_TEST_S5_T006,KAPPA_HELDOUT_TEST_S5_T006_U06,2026-09-13T01:15:00.000000Z,85,10,3,0.3
5,KAPPA_HELDOUT_TEST_S5_T006,KAPPA_HELDOUT_TEST_S5_T006_U07,2026-09-13T01:15:00.000000Z,124,14,10,0.7142857142857143
5,KAPPA_HELDOUT_TEST_S5_T006,KAPPA_HELDOUT_TEST_S5_T006_U08,2026-09-13T01:15:00.000000Z,0,5,3,0.6
5,KAPPA_HELDOUT_TEST_S5_T006,KAPPA_HELDOUT_TEST_S5_T006_U09,2026-09-13T01:15:00.000000Z,216,8,4,0.5
5,KAPPA_HELDOUT_TEST_S5_T006,KAPPA_HELDOUT_TEST_S5_T006_U10,2026-09-13T01:15:00.000000Z,80,14,7,0.5
5,KAPPA_HELDOUT_TEST_S5_T007,KAPPA_HELDOUT_TEST_S5_T007_U01,2026-09-13T01:30:00.000000Z,241,8,5,0.625
5,KAPPA_HELDOUT_TEST_S5_T007,KAPPA_HELDOUT_TEST_S5_T007_U02,2026-09-13T01:30:00.000000Z,122,14,9,0.6428571428571429
5,KAPPA_HELDOUT_TEST_S5_T007,KAPPA_HELDOUT_TEST_S5_T007_U03,2026-09-13T01:30:00.000000Z,2,13,5,0.38461538461538464
5,KAPPA_HELDOUT_TEST_S5_T007,KAPPA_HELDOUT_TEST_S5_T007_U04,2026-09-13T01:30:00.000000Z,246,9,6,0.6666666666666666
5,KAPPA_HELDOUT_TEST_S5_T007,KAPPA_HELDOUT_TEST_S5_T007_U05,2026-09-13T01:30:00.000000Z,67,12,8,0.6666666666666666
5,KAPPA_HELDOUT_TEST_S5_T007,KAPPA_HELDOUT_TEST_S5_T007_U06,2026-09-13T01:30:00.000000Z,100,19,10,0.5263157894736842
5,KAPPA_HELDOUT_TEST_S5_T007,KAPPA_HELDOUT_TEST_S5_T007_U07,2026-09-13T01:30:00.000000Z,249,5,1,0.2
5,KAPPA_HELDOUT_TEST_S5_T007,KAPPA_HELDOUT_TEST_S5_T007_U08,2026-09-13T01:30:00.000000Z,164,5,0,0
5,KAPPA_HELDOUT_TEST_S5_T007,KAPPA_HELDOUT_TEST_S5_T007_U09,2026-09-13T01:30:00.000000Z,142,7,3,0.42857142857142855
5,KAPPA_HELDOUT_TEST_S5_T007,KAPPA_HELDOUT_TEST_S5_T007_U10,2026-09-13T01:30:00.000000Z,303,13,11,0.8461538461538461
5,KAPPA_HELDOUT_TEST_S5_T008,KAPPA_HELDOUT_TEST_S5_T008_U01,2026-09-13T01:45:00.000000Z,88,9,6,0.6666666666666666
5,KAPPA_HELDOUT_TEST_S5_T008,KAPPA_HELDOUT_TEST_S5_T008_U02,2026-09-13T01:45:00.000000Z,88,11,7,0.6363636363636364
5,KAPPA_HELDOUT_TEST_S5_T008,KAPPA_HELDOUT_TEST_S5_T008_U03,2026-09-13T01:45:00.000000Z,152,9,3,0.3333333333333333
5,KAPPA_HELDOUT_TEST_S5_T008,KAPPA_HELDOUT_TEST_S5_T008_U04,2026-09-13T01:45:00.000000Z,190,7,5,0.7142857142857143
5,KAPPA_HELDOUT_TEST_S5_T008,KAPPA_HELDOUT_TEST_S5_T008_U05,2026-09-13T01:45:00.000000Z,116,11,4,0.36363636363636365
5,KAPPA_HELDOUT_TEST_S5_T008,KAPPA_HELDOUT_TEST_S5_T008_U06,2026-09-13T01:45:00.000000Z,33,11,7,0.6363636363636364
5,KAPPA_HELDOUT_TEST_S5_T008,KAPPA_HELDOUT_TEST_S5_T008_U07,2026-09-13T01:45:00.000000Z,1,10,5,0.5
5,KAPPA_HELDOUT_TEST_S5_T008,KAPPA_HELDOUT_TEST_S5_T008_U08,2026-09-13T01:45:00.000000Z,122,10,3,0.3
5,KAPPA_HELDOUT_TEST_S5_T008,KAPPA_HELDOUT_TEST_S5_T008_U09,2026-09-13T01:45:00.000000Z,229,14,9,0.6428571428571429
5,KAPPA_HELDOUT_TEST_S5_T008,KAPPA_HELDOUT_TEST_S5_T008_U10,2026-09-13T01:45:00.000000Z,257,11,6,0.5454545454545454
5,KAPPA_HELDOUT_TEST_S5_T009,KAPPA_HELDOUT_TEST_S5_T009_U01,2026-09-13T02:00:00.000000Z,75,3,1,0.3333333333333333
5,KAPPA_HELDOUT_TEST_S5_T009,KAPPA_HELDOUT_TEST_S5_T009_U02,2026-09-13T02:00:00.000000Z,220,12,8,0.6666666666666666
5,KAPPA_HELDOUT_TEST_S5_T009,KAPPA_HELDOUT_TEST_S5_T009_U03,2026-09-13T02:00:00.000000Z,137,8,5,0.625
5,KAPPA_HELDOUT_TEST_S5_T009,KAPPA_HELDOUT_TEST_S5_T009_U04,2026-09-13T02:00:00.000000Z,47,6,1,0.16666666666666666
5,KAPPA_HELDOUT_TEST_S5_T009,KAPPA_HELDOUT_TEST_S5_T009_U05,2026-09-13T02:00:00.000000Z,204,12,6,0.5
5,KAPPA_HELDOUT_TEST_S5_T009,KAPPA_HELDOUT_TEST_S5_T009_U06,2026-09-13T02:00:00.000000Z,109,9,5,0.5555555555555556
5,KAPPA_HELDOUT_TEST_S5_T009,KAPPA_HELDOUT_TEST_S5_T009_U07,2026-09-13T02:00:00.000000Z,267,10,8,0.8
5,KAPPA_HELDOUT_TEST_S5_T009,KAPPA_HELDOUT_TEST_S5_T009_U08,2026-09-13T02:00:00.000000Z,306,18,8,0.4444444444444444
5,KAPPA_HELDOUT_TEST_S5_T009,KAPPA_HELDOUT_TEST_S5_T009_U09,2026-09-13T02:00:00.000000Z,99,17,12,0.7058823529411765
5,KAPPA_HELDOUT_TEST_S5_T009,KAPPA_HELDOUT_TEST_S5_T009_U10,2026-09-13T02:00:00.000000Z,119,6,3,0.5
5,KAPPA_HELDOUT_TEST_S5_T010,KAPPA_HELDOUT_TEST_S5_T010_U01,2026-09-13T02:15:00.000000Z,79,14,9,0.6428571428571429
5,KAPPA_HELDOUT_TEST_S5_T010,KAPPA_HELDOUT_TEST_S5_T010_U02,2026-09-13T02:15:00.000000Z,165,8,4,0.5
5,KAPPA_HELDOUT_TEST_S5_T010,KAPPA_HELDOUT_TEST_S5_T010_U03,2026-09-13T02:15:00.000000Z,3,11,5,0.45454545454545453
5,KAPPA_HELDOUT_TEST_S5_T010,KAPPA_HELDOUT_TEST_S5_T010_U04,2026-09-13T02:15:00.000000Z,96,12,5,0.4166666666666667
5,KAPPA_HELDOUT_TEST_S5_T010,KAPPA_HELDOUT_TEST_S5_T010_U05,2026-09-13T02:15:00.000000Z,54,16,6,0.375
5,KAPPA_HELDOUT_TEST_S5_T010,KAPPA_HELDOUT_TEST_S5_T010_U06,2026-09-13T02:15:00.000000Z,293,11,4,0.36363636363636365
5,KAPPA_HELDOUT_TEST_S5_T010,KAPPA_HELDOUT_TEST_S5_T010_U07,2026-09-13T02:15:00.000000Z,254,14,8,0.5714285714285714
5,KAPPA_HELDOUT_TEST_S5_T010,KAPPA_HELDOUT_TEST_S5_T010_U08,2026-09-13T02:15:00.000000Z,96,15,6,0.4
5,KAPPA_HELDOUT_TEST_S5_T010,KAPPA_HELDOUT_TEST_S5_T010_U09,2026-09-13T02:15:00.000000Z,252,9,2,0.2222222222222222
5,KAPPA_HELDOUT_TEST_S5_T010,KAPPA_HELDOUT_TEST_S5_T010_U10,2026-09-13T02:15:00.000000Z,117,9,2,0.2222222222222222
5,KAPPA_HELDOUT_TEST_S5_T011,KAPPA_HELDOUT_TEST_S5_T011_U01,2026-09-13T02:30:00.000000Z,243,19,13,0.6842105263157895
5,KAPPA_HELDOUT_TEST_S5_T011,KAPPA_HELDOUT_TEST_S5_T011_U02,2026-09-13T02:30:00.000000Z,99,11,5,0.45454545454545453
5,KAPPA_HELDOUT_TEST_S5_T011,KAPPA_HELDOUT_TEST_S5_T011_U03,2026-09-13T02:30:00.000000Z,258,5,1,0.2
5,KAPPA_HELDOUT_TEST_S5_T011,KAPPA_HELDOUT_TEST_S5_T011_U04,2026-09-13T02:30:00.000000Z,81,17,7,0.4117647058823529
5,KAPPA_HELDOUT_TEST_S5_T011,KAPPA_HELDOUT_TEST_S5_T011_U05,2026-09-13T02:30:00.000000Z,151,15,10,0.6666666666666666
5,KAPPA_HELDOUT_TEST_S5_T011,KAPPA_HELDOUT_TEST_S5_T011_U06,2026-09-13T02:30:00.000000Z,221,11,6,0.5454545454545454
5,KAPPA_HELDOUT_TEST_S5_T011,KAPPA_HELDOUT_TEST_S5_T011_U07,2026-09-13T02:30:00.000000Z,230,7,5,0.7142857142857143
5,KAPPA_HELDOUT_TEST_S5_T011,KAPPA_HELDOUT_TEST_S5_T011_U08,2026-09-13T02:30:00.000000Z,37,8,5,0.625
5,KAPPA_HELDOUT_TEST_S5_T011,KAPPA_HELDOUT_TEST_S5_T011_U09,2026-09-13T02:30:00.000000Z,9,15,10,0.6666666666666666
5,KAPPA_HELDOUT_TEST_S5_T011,KAPPA_HELDOUT_TEST_S5_T011_U10,2026-09-13T02:30:00.000000Z,296,23,12,0.5217391304347826
5,KAPPA_HELDOUT_TEST_S5_T012,KAPPA_HELDOUT_TEST_S5_T012_U01,2026-09-13T02:45:00.000000Z,6,14,9,0.6428571428571429
5,KAPPA_HELDOUT_TEST_S5_T012,KAPPA_HELDOUT_TEST_S5_T012_U02,2026-09-13T02:45:00.000000Z,73,16,11,0.6875
5,KAPPA_HELDOUT_TEST_S5_T012,KAPPA_HELDOUT_TEST_S5_T012_U03,2026-09-13T02:45:00.000000Z,115,14,8,0.5714285714285714
5,KAPPA_HELDOUT_TEST_S5_T012,KAPPA_HELDOUT_TEST_S5_T012_U04,2026-09-13T02:45:00.000000Z,237,4,3,0.75
5,KAPPA_HELDOUT_TEST_S5_T012,KAPPA_HELDOUT_TEST_S5_T012_U05,2026-09-13T02:45:00.000000Z,225,9,2,0.2222222222222222
5,KAPPA_HELDOUT_TEST_S5_T012,KAPPA_HELDOUT_TEST_S5_T012_U06,2026-09-13T02:45:00.000000Z,218,12,9,0.75
5,KAPPA_HELDOUT_TEST_S5_T012,KAPPA_HELDOUT_TEST_S5_T012_U07,2026-09-13T02:45:00.000000Z,233,12,8,0.6666666666666666
5,KAPPA_HELDOUT_TEST_S5_T012,KAPPA_HELDOUT_TEST_S5_T012_U08,2026-09-13T02:45:00.000000Z,180,6,2,0.3333333333333333
5,KAPPA_HELDOUT_TEST_S5_T012,KAPPA_HELDOUT_TEST_S5_T012_U09,2026-09-13T02:45:00.000000Z,148,13,9,0.6923076923076923
5,KAPPA_HELDOUT_TEST_S5_T012,KAPPA_HELDOUT_TEST_S5_T012_U10,2026-09-13T02:45:00.000000Z,227,9,4,0.4444444444444444
5,KAPPA_HELDOUT_TEST_S5_T013,KAPPA_HELDOUT_TEST_S5_T013_U01,2026-09-13T03:00:00.000000Z,19,9,8,0.8888888888888888
5,KAPPA_HELDOUT_TEST_S5_T013,KAPPA_HELDOUT_TEST_S5_T013_U02,2026-09-13T03:00:00.000000Z,298,10,3,0.3
5,KAPPA_HELDOUT_TEST_S5_T013,KAPPA_HELDOUT_TEST_S5_T013_U03,2026-09-13T03:00:00.000000Z,200,4,2,0.5
5,KAPPA_HELDOUT_TEST_S5_T013,KAPPA_HELDOUT_TEST_S5_T013_U04,2026-09-13T03:00:00.000000Z,249,10,5,0.5
5,KAPPA_HELDOUT_TEST_S5_T013,KAPPA_HELDOUT_TEST_S5_T013_U05,2026-09-13T03:00:00.000000Z,172,6,5,0.8333333333333334
5,KAPPA_HELDOUT_TEST_S5_T013,KAPPA_HELDOUT_TEST_S5_T013_U06,2026-09-13T03:00:00.000000Z,74,15,10,0.6666666666666666
5,KAPPA_HELDOUT_TEST_S5_T013,KAPPA_HELDOUT_TEST_S5_T013_U07,2026-09-13T03:00:00.000000Z,29,12,6,0.5
5,KAPPA_HELDOUT_TEST_S5_T013,KAPPA_HELDOUT_TEST_S5_T013_U08,2026-09-13T03:00:00.000000Z,168,10,3,0.3
5,KAPPA_HELDOUT_TEST_S5_T013,KAPPA_HELDOUT_TEST_S5_T013_U09,2026-09-13T03:00:00.000000Z,161,7,3,0.42857142857142855
5,KAPPA_HELDOUT_TEST_S5_T013,KAPPA_HELDOUT_TEST_S5_T013_U10,2026-09-13T03:00:00.000000Z,285,18,9,0.5
5,KAPPA_HELDOUT_TEST_S5_T014,KAPPA_HELDOUT_TEST_S5_T014_U01,2026-09-13T03:15:00.000000Z,315,14,11,0.7857142857142857
5,KAPPA_HELDOUT_TEST_S5_T014,KAPPA_HELDOUT_TEST_S5_T014_U02,2026-09-13T03:15:00.000000Z,111,7,5,0.7142857142857143
5,KAPPA_HELDOUT_TEST_S5_T014,KAPPA_HELDOUT_TEST_S5_T014_U03,2026-09-13T03:15:00.000000Z,36,10,6,0.6
5,KAPPA_HELDOUT_TEST_S5_T014,KAPPA_HELDOUT_TEST_S5_T014_U04,2026-09-13T03:15:00.000000Z,21,11,5,0.45454545454545453
5,KAPPA_HELDOUT_TEST_S5_T014,KAPPA_HELDOUT_TEST_S5_T014_U05,2026-09-13T03:15:00.000000Z,270,13,4,0.3076923076923077
5,KAPPA_HELDOUT_TEST_S5_T014,KAPPA_HELDOUT_TEST_S5_T014_U06,2026-09-13T03:15:00.000000Z,100,7,4,0.5714285714285714
5,KAPPA_HELDOUT_TEST_S5_T014,KAPPA_HELDOUT_TEST_S5_T014_U07,2026-09-13T03:15:00.000000Z,90,8,6,0.75
5,KAPPA_HELDOUT_TEST_S5_T014,KAPPA_HELDOUT_TEST_S5_T014_U08,2026-09-13T03:15:00.000000Z,100,11,4,0.36363636363636365
5,KAPPA_HELDOUT_TEST_S5_T014,KAPPA_HELDOUT_TEST_S5_T014_U09,2026-09-13T03:15:00.000000Z,249,13,7,0.5384615384615384
5,KAPPA_HELDOUT_TEST_S5_T014,KAPPA_HELDOUT_TEST_S5_T014_U10,2026-09-13T03:15:00.000000Z,304,11,7,0.6363636363636364
5,KAPPA_HELDOUT_TEST_S5_T015,KAPPA_HELDOUT_TEST_S5_T015_U01,2026-09-13T03:30:00.000000Z,308,9,4,0.4444444444444444
5,KAPPA_HELDOUT_TEST_S5_T015,KAPPA_HELDOUT_TEST_S5_T015_U02,2026-09-13T03:30:00.000000Z,134,6,2,0.3333333333333333
5,KAPPA_HELDOUT_TEST_S5_T015,KAPPA_HELDOUT_TEST_S5_T015_U03,2026-09-13T03:30:00.000000Z,259,9,4,0.4444444444444444
5,KAPPA_HELDOUT_TEST_S5_T015,KAPPA_HELDOUT_TEST_S5_T015_U04,2026-09-13T03:30:00.000000Z,212,8,4,0.5
5,KAPPA_HELDOUT_TEST_S5_T015,KAPPA_HELDOUT_TEST_S5_T015_U05,2026-09-13T03:30:00.000000Z,65,13,7,0.5384615384615384
5,KAPPA_HELDOUT_TEST_S5_T015,KAPPA_HELDOUT_TEST_S5_T015_U06,2026-09-13T03:30:00.000000Z,188,12,3,0.25
5,KAPPA_HELDOUT_TEST_S5_T015,KAPPA_HELDOUT_TEST_S5_T015_U07,2026-09-13T03:30:00.000000Z,32,11,7,0.6363636363636364
5,KAPPA_HELDOUT_TEST_S5_T015,KAPPA_HELDOUT_TEST_S5_T015_U08,2026-09-13T03:30:00.000000Z,218,12,6,0.5
5,KAPPA_HELDOUT_TEST_S5_T015,KAPPA_HELDOUT_TEST_S5_T015_U09,2026-09-13T03:30:00.000000Z,232,12,4,0.3333333333333333
5,KAPPA_HELDOUT_TEST_S5_T015,KAPPA_HELDOUT_TEST_S5_T015_U10,2026-09-13T03:30:00.000000Z,137,6,4,0.6666666666666666
5,KAPPA_HELDOUT_TEST_S5_T016,KAPPA_HELDOUT_TEST_S5_T016_U01,2026-09-13T03:45:00.000000Z,175,12,7,0.5833333333333334
5,KAPPA_HELDOUT_TEST_S5_T016,KAPPA_HELDOUT_TEST_S5_T016_U02,2026-09-13T03:45:00.000000Z,300,16,6,0.375
5,KAPPA_HELDOUT_TEST_S5_T016,KAPPA_HELDOUT_TEST_S5_T016_U03,2026-09-13T03:45:00.000000Z,246,19,10,0.5263157894736842
5,KAPPA_HELDOUT_TEST_S5_T016,KAPPA_HELDOUT_TEST_S5_T016_U04,2026-09-13T03:45:00.000000Z,261,14,7,0.5
5,KAPPA_HELDOUT_TEST_S5_T016,KAPPA_HELDOUT_TEST_S5_T016_U05,2026-09-13T03:45:00.000000Z,22,6,5,0.8333333333333334
5,KAPPA_HELDOUT_TEST_S5_T016,KAPPA_HELDOUT_TEST_S5_T016_U06,2026-09-13T03:45:00.000000Z,173,9,7,0.7777777777777778
5,KAPPA_HELDOUT_TEST_S5_T016,KAPPA_HELDOUT_TEST_S5_T016_U07,2026-09-13T03:45:00.000000Z,235,8,5,0.625
5,KAPPA_HELDOUT_TEST_S5_T016,KAPPA_HELDOUT_TEST_S5_T016_U08,2026-09-13T03:45:00.000000Z,218,9,7,0.7777777777777778
5,KAPPA_HELDOUT_TEST_S5_T016,KAPPA_HELDOUT_TEST_S5_T016_U09,2026-09-13T03:45:00.000000Z,286,8,3,0.375
5,KAPPA_HELDOUT_TEST_S5_T016,KAPPA_HELDOUT_TEST_S5_T016_U10,2026-09-13T03:45:00.000000Z,194,12,6,0.5
5,KAPPA_HELDOUT_TEST_S5_T017,KAPPA_HELDOUT_TEST_S5_T017_U01,2026-09-13T04:00:00.000000Z,194,7,5,0.7142857142857143
5,KAPPA_HELDOUT_TEST_S5_T017,KAPPA_HELDOUT_TEST_S5_T017_U02,2026-09-13T04:00:00.000000Z,66,10,6,0.6
5,KAPPA_HELDOUT_TEST_S5_T017,KAPPA_HELDOUT_TEST_S5_T017_U03,2026-09-13T04:00:00.000000Z,66,9,4,0.4444444444444444
5,KAPPA_HELDOUT_TEST_S5_T017,KAPPA_HELDOUT_TEST_S5_T017_U04,2026-09-13T04:00:00.000000Z,226,12,4,0.3333333333333333
5,KAPPA_HELDOUT_TEST_S5_T017,KAPPA_HELDOUT_TEST_S5_T017_U05,2026-09-13T04:00:00.000000Z,109,12,7,0.5833333333333334
5,KAPPA_HELDOUT_TEST_S5_T017,KAPPA_HELDOUT_TEST_S5_T017_U06,2026-09-13T04:00:00.000000Z,219,14,7,0.5
5,KAPPA_HELDOUT_TEST_S5_T017,KAPPA_HELDOUT_TEST_S5_T017_U07,2026-09-13T04:00:00.000000Z,131,11,4,0.36363636363636365
5,KAPPA_HELDOUT_TEST_S5_T017,KAPPA_HELDOUT_TEST_S5_T017_U08,2026-09-13T04:00:00.000000Z,260,8,4,0.5
5,KAPPA_HELDOUT_TEST_S5_T017,KAPPA_HELDOUT_TEST_S5_T017_U09,2026-09-13T04:00:00.000000Z,43,14,7,0.5
5,KAPPA_HELDOUT_TEST_S5_T017,KAPPA_HELDOUT_TEST_S5_T017_U10,2026-09-13T04:00:00.000000Z,229,14,9,0.6428571428571429
5,KAPPA_HELDOUT_TEST_S5_T018,KAPPA_HELDOUT_TEST_S5_T018_U01,2026-09-13T04:15:00.000000Z,137,12,8,0.6666666666666666
5,KAPPA_HELDOUT_TEST_S5_T018,KAPPA_HELDOUT_TEST_S5_T018_U02,2026-09-13T04:15:00.000000Z,138,9,4,0.4444444444444444
5,KAPPA_HELDOUT_TEST_S5_T018,KAPPA_HELDOUT_TEST_S5_T018_U03,2026-09-13T04:15:00.000000Z,55,11,7,0.6363636363636364
5,KAPPA_HELDOUT_TEST_S5_T018,KAPPA_HELDOUT_TEST_S5_T018_U04,2026-09-13T04:15:00.000000Z,128,10,5,0.5
5,KAPPA_HELDOUT_TEST_S5_T018,KAPPA_HELDOUT_TEST_S5_T018_U05,2026-09-13T04:15:00.000000Z,229,17,7,0.4117647058823529
5,KAPPA_HELDOUT_TEST_S5_T018,KAPPA_HELDOUT_TEST_S5_T018_U06,2026-09-13T04:15:00.000000Z,289,10,6,0.6
5,KAPPA_HELDOUT_TEST_S5_T018,KAPPA_HELDOUT_TEST_S5_T018_U07,2026-09-13T04:15:00.000000Z,219,14,3,0.21428571428571427
5,KAPPA_HELDOUT_TEST_S5_T018,KAPPA_HELDOUT_TEST_S5_T018_U08,2026-09-13T04:15:00.000000Z,259,9,3,0.3333333333333333
5,KAPPA_HELDOUT_TEST_S5_T018,KAPPA_HELDOUT_TEST_S5_T018_U09,2026-09-13T04:15:00.000000Z,304,13,10,0.7692307692307693
5,KAPPA_HELDOUT_TEST_S5_T018,KAPPA_HELDOUT_TEST_S5_T018_U10,2026-09-13T04:15:00.000000Z,205,12,7,0.5833333333333334
5,KAPPA_HELDOUT_TEST_S5_T019,KAPPA_HELDOUT_TEST_S5_T019_U01,2026-09-13T04:30:00.000000Z,270,17,4,0.23529411764705882
5,KAPPA_HELDOUT_TEST_S5_T019,KAPPA_HELDOUT_TEST_S5_T019_U02,2026-09-13T04:30:00.000000Z,283,11,6,0.5454545454545454
5,KAPPA_HELDOUT_TEST_S5_T019,KAPPA_HELDOUT_TEST_S5_T019_U03,2026-09-13T04:30:00.000000Z,285,8,3,0.375
5,KAPPA_HELDOUT_TEST_S5_T019,KAPPA_HELDOUT_TEST_S5_T019_U04,2026-09-13T04:30:00.000000Z,159,14,9,0.6428571428571429
5,KAPPA_HELDOUT_TEST_S5_T019,KAPPA_HELDOUT_TEST_S5_T019_U05,2026-09-13T04:30:00.000000Z,155,9,5,0.5555555555555556
5,KAPPA_HELDOUT_TEST_S5_T019,KAPPA_HELDOUT_TEST_S5_T019_U06,2026-09-13T04:30:00.000000Z,178,14,11,0.7857142857142857
5,KAPPA_HELDOUT_TEST_S5_T019,KAPPA_HELDOUT_TEST_S5_T019_U07,2026-09-13T04:30:00.000000Z,147,14,9,0.6428571428571429
5,KAPPA_HELDOUT_TEST_S5_T019,KAPPA_HELDOUT_TEST_S5_T019_U08,2026-09-13T04:30:00.000000Z,0,13,5,0.38461538461538464
5,KAPPA_HELDOUT_TEST_S5_T019,KAPPA_HELDOUT_TEST_S5_T019_U09,2026-09-13T04:30:00.000000Z,298,11,3,0.2727272727272727
5,KAPPA_HELDOUT_TEST_S5_T019,KAPPA_HELDOUT_TEST_S5_T019_U10,2026-09-13T04:30:00.000000Z,211,12,8,0.6666666666666666
5,KAPPA_HELDOUT_TEST_S5_T020,KAPPA_HELDOUT_TEST_S5_T020_U01,2026-09-13T04:45:00.000000Z,145,10,6,0.6
5,KAPPA_HELDOUT_TEST_S5_T020,KAPPA_HELDOUT_TEST_S5_T020_U02,2026-09-13T04:45:00.000000Z,319,17,5,0.29411764705882354
5,KAPPA_HELDOUT_TEST_S5_T020,KAPPA_HELDOUT_TEST_S5_T020_U03,2026-09-13T04:45:00.000000Z,158,12,5,0.4166666666666667
5,KAPPA_HELDOUT_TEST_S5_T020,KAPPA_HELDOUT_TEST_S5_T020_U04,2026-09-13T04:45:00.000000Z,177,10,5,0.5
5,KAPPA_HELDOUT_TEST_S5_T020,KAPPA_HELDOUT_TEST_S5_T020_U05,2026-09-13T04:45:00.000000Z,249,14,7,0.5
5,KAPPA_HELDOUT_TEST_S5_T020,KAPPA_HELDOUT_TEST_S5_T020_U06,2026-09-13T04:45:00.000000Z,147,19,7,0.3684210526315789
5,KAPPA_HELDOUT_TEST_S5_T020,KAPPA_HELDOUT_TEST_S5_T020_U07,2026-09-13T04:45:00.000000Z,181,5,3,0.6
5,KAPPA_HELDOUT_TEST_S5_T020,KAPPA_HELDOUT_TEST_S5_T020_U08,2026-09-13T04:45:00.000000Z,74,10,7,0.7
5,KAPPA_HELDOUT_TEST_S5_T020,KAPPA_HELDOUT_TEST_S5_T020_U09,2026-09-13T04:45:00.000000Z,251,15,10,0.6666666666666666
5,KAPPA_HELDOUT_TEST_S5_T020,KAPPA_HELDOUT_TEST_S5_T020_U10,2026-09-13T04:45:00.000000Z,99,7,6,0.8571428571428571
5,KAPPA_HELDOUT_TEST_S5_T021,KAPPA_HELDOUT_TEST_S5_T021_U01,2026-09-13T05:00:00.000000Z,277,11,5,0.45454545454545453
5,KAPPA_HELDOUT_TEST_S5_T021,KAPPA_HELDOUT_TEST_S5_T021_U02,2026-09-13T05:00:00.000000Z,53,8,4,0.5
5,KAPPA_HELDOUT_TEST_S5_T021,KAPPA_HELDOUT_TEST_S5_T021_U03,2026-09-13T05:00:00.000000Z,98,16,7,0.4375
5,KAPPA_HELDOUT_TEST_S5_T021,KAPPA_HELDOUT_TEST_S5_T021_U04,2026-09-13T05:00:00.000000Z,304,7,5,0.7142857142857143
5,KAPPA_HELDOUT_TEST_S5_T021,KAPPA_HELDOUT_TEST_S5_T021_U05,2026-09-13T05:00:00.000000Z,215,9,4,0.4444444444444444
5,KAPPA_HELDOUT_TEST_S5_T021,KAPPA_HELDOUT_TEST_S5_T021_U06,2026-09-13T05:00:00.000000Z,150,9,6,0.6666666666666666
5,KAPPA_HELDOUT_TEST_S5_T021,KAPPA_HELDOUT_TEST_S5_T021_U07,2026-09-13T05:00:00.000000Z,279,15,5,0.3333333333333333
5,KAPPA_HELDOUT_TEST_S5_T021,KAPPA_HELDOUT_TEST_S5_T021_U08,2026-09-13T05:00:00.000000Z,159,9,5,0.5555555555555556
5,KAPPA_HELDOUT_TEST_S5_T021,KAPPA_HELDOUT_TEST_S5_T021_U09,2026-09-13T05:00:00.000000Z,307,9,6,0.6666666666666666
5,KAPPA_HELDOUT_TEST_S5_T021,KAPPA_HELDOUT_TEST_S5_T021_U10,2026-09-13T05:00:00.000000Z,191,12,6,0.5
5,KAPPA_HELDOUT_TEST_S5_T022,KAPPA_HELDOUT_TEST_S5_T022_U01,2026-09-13T05:15:00.000000Z,50,14,9,0.6428571428571429
5,KAPPA_HELDOUT_TEST_S5_T022,KAPPA_HELDOUT_TEST_S5_T022_U02,2026-09-13T05:15:00.000000Z,146,12,5,0.4166666666666667
5,KAPPA_HELDOUT_TEST_S5_T022,KAPPA_HELDOUT_TEST_S5_T022_U03,2026-09-13T05:15:00.000000Z,196,13,7,0.5384615384615384
5,KAPPA_HELDOUT_TEST_S5_T022,KAPPA_HELDOUT_TEST_S5_T022_U04,2026-09-13T05:15:00.000000Z,80,12,3,0.25
5,KAPPA_HELDOUT_TEST_S5_T022,KAPPA_HELDOUT_TEST_S5_T022_U05,2026-09-13T05:15:00.000000Z,294,12,6,0.5
5,KAPPA_HELDOUT_TEST_S5_T022,KAPPA_HELDOUT_TEST_S5_T022_U06,2026-09-13T05:15:00.000000Z,292,13,10,0.7692307692307693
5,KAPPA_HELDOUT_TEST_S5_T022,KAPPA_HELDOUT_TEST_S5_T022_U07,2026-09-13T05:15:00.000000Z,248,12,5,0.4166666666666667
5,KAPPA_HELDOUT_TEST_S5_T022,KAPPA_HELDOUT_TEST_S5_T022_U08,2026-09-13T05:15:00.000000Z,300,17,11,0.6470588235294118
5,KAPPA_HELDOUT_TEST_S5_T022,KAPPA_HELDOUT_TEST_S5_T022_U09,2026-09-13T05:15:00.000000Z,282,13,7,0.5384615384615384
5,KAPPA_HELDOUT_TEST_S5_T022,KAPPA_HELDOUT_TEST_S5_T022_U10,2026-09-13T05:15:00.000000Z,267,12,3,0.25
5,KAPPA_HELDOUT_TEST_S5_T023,KAPPA_HELDOUT_TEST_S5_T023_U01,2026-09-13T05:30:00.000000Z,241,12,7,0.5833333333333334
5,KAPPA_HELDOUT_TEST_S5_T023,KAPPA_HELDOUT_TEST_S5_T023_U02,2026-09-13T05:30:00.000000Z,173,10,3,0.3
5,KAPPA_HELDOUT_TEST_S5_T023,KAPPA_HELDOUT_TEST_S5_T023_U03,2026-09-13T05:30:00.000000Z,285,15,11,0.7333333333333333
5,KAPPA_HELDOUT_TEST_S5_T023,KAPPA_HELDOUT_TEST_S5_T023_U04,2026-09-13T05:30:00.000000Z,117,14,6,0.42857142857142855
5,KAPPA_HELDOUT_TEST_S5_T023,KAPPA_HELDOUT_TEST_S5_T023_U05,2026-09-13T05:30:00.000000Z,190,11,6,0.5454545454545454
5,KAPPA_HELDOUT_TEST_S5_T023,KAPPA_HELDOUT_TEST_S5_T023_U06,2026-09-13T05:30:00.000000Z,85,5,4,0.8
5,KAPPA_HELDOUT_TEST_S5_T023,KAPPA_HELDOUT_TEST_S5_T023_U07,2026-09-13T05:30:00.000000Z,226,11,6,0.5454545454545454
5,KAPPA_HELDOUT_TEST_S5_T023,KAPPA_HELDOUT_TEST_S5_T023_U08,2026-09-13T05:30:00.000000Z,176,9,6,0.6666666666666666
5,KAPPA_HELDOUT_TEST_S5_T023,KAPPA_HELDOUT_TEST_S5_T023_U09,2026-09-13T05:30:00.000000Z,313,13,9,0.6923076923076923
5,KAPPA_HELDOUT_TEST_S5_T023,KAPPA_HELDOUT_TEST_S5_T023_U10,2026-09-13T05:30:00.000000Z,286,15,8,0.5333333333333333
5,KAPPA_HELDOUT_TEST_S5_T024,KAPPA_HELDOUT_TEST_S5_T024_U01,2026-09-13T05:45:00.000000Z,317,6,4,0.6666666666666666
5,KAPPA_HELDOUT_TEST_S5_T024,KAPPA_HELDOUT_TEST_S5_T024_U02,2026-09-13T05:45:00.000000Z,297,9,6,0.6666666666666666
5,KAPPA_HELDOUT_TEST_S5_T024,KAPPA_HELDOUT_TEST_S5_T024_U03,2026-09-13T05:45:00.000000Z,62,8,6,0.75
5,KAPPA_HELDOUT_TEST_S5_T024,KAPPA_HELDOUT_TEST_S5_T024_U04,2026-09-13T05:45:00.000000Z,156,5,3,0.6
5,KAPPA_HELDOUT_TEST_S5_T024,KAPPA_HELDOUT_TEST_S5_T024_U05,2026-09-13T05:45:00.000000Z,92,9,5,0.5555555555555556
5,KAPPA_HELDOUT_TEST_S5_T024,KAPPA_HELDOUT_TEST_S5_T024_U06,2026-09-13T05:45:00.000000Z,103,11,4,0.36363636363636365
5,KAPPA_HELDOUT_TEST_S5_T024,KAPPA_HELDOUT_TEST_S5_T024_U07,2026-09-13T05:45:00.000000Z,33,8,5,0.625
5,KAPPA_HELDOUT_TEST_S5_T024,KAPPA_HELDOUT_TEST_S5_T024_U08,2026-09-13T05:45:00.000000Z,280,12,5,0.4166666666666667
5,KAPPA_HELDOUT_TEST_S5_T024,KAPPA_HELDOUT_TEST_S5_T024_U09,2026-09-13T05:45:00.000000Z,39,12,6,0.5
5,KAPPA_HELDOUT_TEST_S5_T024,KAPPA_HELDOUT_TEST_S5_T024_U10,2026-09-13T05:45:00.000000Z,83,7,4,0.5714285714285714
5,KAPPA_HELDOUT_TEST_S5_T025,KAPPA_HELDOUT_TEST_S5_T025_U01,2026-09-13T06:00:00.000000Z,161,21,9,0.42857142857142855
5,KAPPA_HELDOUT_TEST_S5_T025,KAPPA_HELDOUT_TEST_S5_T025_U02,2026-09-13T06:00:00.000000Z,238,11,5,0.45454545454545453
5,KAPPA_HELDOUT_TEST_S5_T025,KAPPA_HELDOUT_TEST_S5_T025_U03,2026-09-13T06:00:00.000000Z,72,11,9,0.8181818181818182
5,KAPPA_HELDOUT_TEST_S5_T025,KAPPA_HELDOUT_TEST_S5_T025_U04,2026-09-13T06:00:00.000000Z,141,12,9,0.75
5,KAPPA_HELDOUT_TEST_S5_T025,KAPPA_HELDOUT_TEST_S5_T025_U05,2026-09-13T06:00:00.000000Z,305,8,4,0.5
5,KAPPA_HELDOUT_TEST_S5_T025,KAPPA_HELDOUT_TEST_S5_T025_U06,2026-09-13T06:00:00.000000Z,61,11,5,0.45454545454545453
5,KAPPA_HELDOUT_TEST_S5_T025,KAPPA_HELDOUT_TEST_S5_T025_U07,2026-09-13T06:00:00.000000Z,240,11,6,0.5454545454545454
5,KAPPA_HELDOUT_TEST_S5_T025,KAPPA_HELDOUT_TEST_S5_T025_U08,2026-09-13T06:00:00.000000Z,177,6,5,0.8333333333333334
5,KAPPA_HELDOUT_TEST_S5_T025,KAPPA_HELDOUT_TEST_S5_T025_U09,2026-09-13T06:00:00.000000Z,142,10,3,0.3
5,KAPPA_HELDOUT_TEST_S5_T025,KAPPA_HELDOUT_TEST_S5_T025_U10,2026-09-13T06:00:00.000000Z,134,11,4,0.36363636363636365
5,KAPPA_HELDOUT_TEST_S5_T026,KAPPA_HELDOUT_TEST_S5_T026_U01,2026-09-13T06:15:00.000000Z,313,10,3,0.3
5,KAPPA_HELDOUT_TEST_S5_T026,KAPPA_HELDOUT_TEST_S5_T026_U02,2026-09-13T06:15:00.000000Z,288,10,4,0.4
5,KAPPA_HELDOUT_TEST_S5_T026,KAPPA_HELDOUT_TEST_S5_T026_U03,2026-09-13T06:15:00.000000Z,107,9,5,0.5555555555555556
5,KAPPA_HELDOUT_TEST_S5_T026,KAPPA_HELDOUT_TEST_S5_T026_U04,2026-09-13T06:15:00.000000Z,263,10,6,0.6
5,KAPPA_HELDOUT_TEST_S5_T026,KAPPA_HELDOUT_TEST_S5_T026_U05,2026-09-13T06:15:00.000000Z,70,9,3,0.3333333333333333
5,KAPPA_HELDOUT_TEST_S5_T026,KAPPA_HELDOUT_TEST_S5_T026_U06,2026-09-13T06:15:00.000000Z,312,8,6,0.75
5,KAPPA_HELDOUT_TEST_S5_T026,KAPPA_HELDOUT_TEST_S5_T026_U07,2026-09-13T06:15:00.000000Z,51,11,5,0.45454545454545453
5,KAPPA_HELDOUT_TEST_S5_T026,KAPPA_HELDOUT_TEST_S5_T026_U08,2026-09-13T06:15:00.000000Z,185,9,5,0.5555555555555556
5,KAPPA_HELDOUT_TEST_S5_T026,KAPPA_HELDOUT_TEST_S5_T026_U09,2026-09-13T06:15:00.000000Z,69,13,5,0.38461538461538464
5,KAPPA_HELDOUT_TEST_S5_T026,KAPPA_HELDOUT_TEST_S5_T026_U10,2026-09-13T06:15:00.000000Z,311,9,5,0.5555555555555556
5,KAPPA_HELDOUT_TEST_S5_T027,KAPPA_HELDOUT_TEST_S5_T027_U01,2026-09-13T06:30:00.000000Z,89,10,8,0.8
5,KAPPA_HELDOUT_TEST_S5_T027,KAPPA_HELDOUT_TEST_S5_T027_U02,2026-09-13T06:30:00.000000Z,28,11,8,0.7272727272727273
5,KAPPA_HELDOUT_TEST_S5_T027,KAPPA_HELDOUT_TEST_S5_T027_U03,2026-09-13T06:30:00.000000Z,258,3,2,0.6666666666666666
5,KAPPA_HELDOUT_TEST_S5_T027,KAPPA_HELDOUT_TEST_S5_T027_U04,2026-09-13T06:30:00.000000Z,143,10,4,0.4
5,KAPPA_HELDOUT_TEST_S5_T027,KAPPA_HELDOUT_TEST_S5_T027_U05,2026-09-13T06:30:00.000000Z,210,8,6,0.75
5,KAPPA_HELDOUT_TEST_S5_T027,KAPPA_HELDOUT_TEST_S5_T027_U06,2026-09-13T06:30:00.000000Z,179,7,5,0.7142857142857143
5,KAPPA_HELDOUT_TEST_S5_T027,KAPPA_HELDOUT_TEST_S5_T027_U07,2026-09-13T06:30:00.000000Z,61,9,6,0.6666666666666666
5,KAPPA_HELDOUT_TEST_S5_T027,KAPPA_HELDOUT_TEST_S5_T027_U08,2026-09-13T06:30:00.000000Z,267,11,8,0.7272727272727273
5,KAPPA_HELDOUT_TEST_S5_T027,KAPPA_HELDOUT_TEST_S5_T027_U09,2026-09-13T06:30:00.000000Z,196,9,2,0.2222222222222222
5,KAPPA_HELDOUT_TEST_S5_T027,KAPPA_HELDOUT_TEST_S5_T027_U10,2026-09-13T06:30:00.000000Z,316,8,4,0.5
5,KAPPA_HELDOUT_TEST_S5_T028,KAPPA_HELDOUT_TEST_S5_T028_U01,2026-09-13T06:45:00.000000Z,276,8,6,0.75
5,KAPPA_HELDOUT_TEST_S5_T028,KAPPA_HELDOUT_TEST_S5_T028_U02,2026-09-13T06:45:00.000000Z,206,8,3,0.375
5,KAPPA_HELDOUT_TEST_S5_T028,KAPPA_HELDOUT_TEST_S5_T028_U03,2026-09-13T06:45:00.000000Z,177,10,4,0.4
5,KAPPA_HELDOUT_TEST_S5_T028,KAPPA_HELDOUT_TEST_S5_T028_U04,2026-09-13T06:45:00.000000Z,63,9,2,0.2222222222222222
5,KAPPA_HELDOUT_TEST_S5_T028,KAPPA_HELDOUT_TEST_S5_T028_U05,2026-09-13T06:45:00.000000Z,75,13,3,0.23076923076923078
5,KAPPA_HELDOUT_TEST_S5_T028,KAPPA_HELDOUT_TEST_S5_T028_U06,2026-09-13T06:45:00.000000Z,306,8,3,0.375
5,KAPPA_HELDOUT_TEST_S5_T028,KAPPA_HELDOUT_TEST_S5_T028_U07,2026-09-13T06:45:00.000000Z,122,9,8,0.8888888888888888
5,KAPPA_HELDOUT_TEST_S5_T028,KAPPA_HELDOUT_TEST_S5_T028_U08,2026-09-13T06:45:00.000000Z,264,12,7,0.5833333333333334
5,KAPPA_HELDOUT_TEST_S5_T028,KAPPA_HELDOUT_TEST_S5_T028_U09,2026-09-13T06:45:00.000000Z,170,8,6,0.75
5,KAPPA_HELDOUT_TEST_S5_T028,KAPPA_HELDOUT_TEST_S5_T028_U10,2026-09-13T06:45:00.000000Z,27,20,13,0.65
5,KAPPA_HELDOUT_TEST_S5_T029,KAPPA_HELDOUT_TEST_S5_T029_U01,2026-09-13T07:00:00.000000Z,175,11,7,0.6363636363636364
5,KAPPA_HELDOUT_TEST_S5_T029,KAPPA_HELDOUT_TEST_S5_T029_U02,2026-09-13T07:00:00.000000Z,38,15,8,0.5333333333333333
5,KAPPA_HELDOUT_TEST_S5_T029,KAPPA_HELDOUT_TEST_S5_T029_U03,2026-09-13T07:00:00.000000Z,196,5,1,0.2
5,KAPPA_HELDOUT_TEST_S5_T029,KAPPA_HELDOUT_TEST_S5_T029_U04,2026-09-13T07:00:00.000000Z,258,13,5,0.38461538461538464
5,KAPPA_HELDOUT_TEST_S5_T029,KAPPA_HELDOUT_TEST_S5_T029_U05,2026-09-13T07:00:00.000000Z,209,8,5,0.625
5,KAPPA_HELDOUT_TEST_S5_T029,KAPPA_HELDOUT_TEST_S5_T029_U06,2026-09-13T07:00:00.000000Z,56,4,3,0.75
5,KAPPA_HELDOUT_TEST_S5_T029,KAPPA_HELDOUT_TEST_S5_T029_U07,2026-09-13T07:00:00.000000Z,51,9,6,0.6666666666666666
5,KAPPA_HELDOUT_TEST_S5_T029,KAPPA_HELDOUT_TEST_S5_T029_U08,2026-09-13T07:00:00.000000Z,309,10,5,0.5
5,KAPPA_HELDOUT_TEST_S5_T029,KAPPA_HELDOUT_TEST_S5_T029_U09,2026-09-13T07:00:00.000000Z,293,13,6,0.46153846153846156
5,KAPPA_HELDOUT_TEST_S5_T029,KAPPA_HELDOUT_TEST_S5_T029_U10,2026-09-13T07:00:00.000000Z,222,12,6,0.5
5,KAPPA_HELDOUT_TEST_S5_T030,KAPPA_HELDOUT_TEST_S5_T030_U01,2026-09-13T07:15:00.000000Z,318,15,7,0.4666666666666667
5,KAPPA_HELDOUT_TEST_S5_T030,KAPPA_HELDOUT_TEST_S5_T030_U02,2026-09-13T07:15:00.000000Z,295,11,4,0.36363636363636365
5,KAPPA_HELDOUT_TEST_S5_T030,KAPPA_HELDOUT_TEST_S5_T030_U03,2026-09-13T07:15:00.000000Z,193,11,6,0.5454545454545454
5,KAPPA_HELDOUT_TEST_S5_T030,KAPPA_HELDOUT_TEST_S5_T030_U04,2026-09-13T07:15:00.000000Z,103,9,2,0.2222222222222222
5,KAPPA_HELDOUT_TEST_S5_T030,KAPPA_HELDOUT_TEST_S5_T030_U05,2026-09-13T07:15:00.000000Z,37,9,5,0.5555555555555556
5,KAPPA_HELDOUT_TEST_S5_T030,KAPPA_HELDOUT_TEST_S5_T030_U06,2026-09-13T07:15:00.000000Z,228,11,3,0.2727272727272727
5,KAPPA_HELDOUT_TEST_S5_T030,KAPPA_HELDOUT_TEST_S5_T030_U07,2026-09-13T07:15:00.000000Z,270,11,5,0.45454545454545453
5,KAPPA_HELDOUT_TEST_S5_T030,KAPPA_HELDOUT_TEST_S5_T030_U08,2026-09-13T07:15:00.000000Z,227,13,6,0.46153846153846156
5,KAPPA_HELDOUT_TEST_S5_T030,KAPPA_HELDOUT_TEST_S5_T030_U09,2026-09-13T07:15:00.000000Z,178,7,3,0.42857142857142855
5,KAPPA_HELDOUT_TEST_S5_T030,KAPPA_HELDOUT_TEST_S5_T030_U10,2026-09-13T07:15:00.000000Z,29,8,4,0.5
5,KAPPA_HELDOUT_TEST_S5_T031,KAPPA_HELDOUT_TEST_S5_T031_U01,2026-09-13T07:30:00.000000Z,288,13,9,0.6923076923076923
5,KAPPA_HELDOUT_TEST_S5_T031,KAPPA_HELDOUT_TEST_S5_T031_U02,2026-09-13T07:30:00.000000Z,320,9,5,0.5555555555555556
5,KAPPA_HELDOUT_TEST_S5_T031,KAPPA_HELDOUT_TEST_S5_T031_U03,2026-09-13T07:30:00.000000Z,18,11,3,0.2727272727272727
5,KAPPA_HELDOUT_TEST_S5_T031,KAPPA_HELDOUT_TEST_S5_T031_U04,2026-09-13T07:30:00.000000Z,246,10,0,0
5,KAPPA_HELDOUT_TEST_S5_T031,KAPPA_HELDOUT_TEST_S5_T031_U05,2026-09-13T07:30:00.000000Z,277,8,5,0.625
5,KAPPA_HELDOUT_TEST_S5_T031,KAPPA_HELDOUT_TEST_S5_T031_U06,2026-09-13T07:30:00.000000Z,204,9,3,0.3333333333333333
5,KAPPA_HELDOUT_TEST_S5_T031,KAPPA_HELDOUT_TEST_S5_T031_U07,2026-09-13T07:30:00.000000Z,49,18,10,0.5555555555555556
5,KAPPA_HELDOUT_TEST_S5_T031,KAPPA_HELDOUT_TEST_S5_T031_U08,2026-09-13T07:30:00.000000Z,26,13,3,0.23076923076923078
5,KAPPA_HELDOUT_TEST_S5_T031,KAPPA_HELDOUT_TEST_S5_T031_U09,2026-09-13T07:30:00.000000Z,290,7,2,0.2857142857142857
5,KAPPA_HELDOUT_TEST_S5_T031,KAPPA_HELDOUT_TEST_S5_T031_U10,2026-09-13T07:30:00.000000Z,82,13,9,0.6923076923076923
5,KAPPA_HELDOUT_TEST_S5_T032,KAPPA_HELDOUT_TEST_S5_T032_U01,2026-09-13T07:45:00.000000Z,59,16,8,0.5
5,KAPPA_HELDOUT_TEST_S5_T032,KAPPA_HELDOUT_TEST_S5_T032_U02,2026-09-13T07:45:00.000000Z,88,13,6,0.46153846153846156
5,KAPPA_HELDOUT_TEST_S5_T032,KAPPA_HELDOUT_TEST_S5_T032_U03,2026-09-13T07:45:00.000000Z,225,17,10,0.5882352941176471
5,KAPPA_HELDOUT_TEST_S5_T032,KAPPA_HELDOUT_TEST_S5_T032_U04,2026-09-13T07:45:00.000000Z,116,9,6,0.6666666666666666
5,KAPPA_HELDOUT_TEST_S5_T032,KAPPA_HELDOUT_TEST_S5_T032_U05,2026-09-13T07:45:00.000000Z,295,12,7,0.5833333333333334
5,KAPPA_HELDOUT_TEST_S5_T032,KAPPA_HELDOUT_TEST_S5_T032_U06,2026-09-13T07:45:00.000000Z,259,12,9,0.75
5,KAPPA_HELDOUT_TEST_S5_T032,KAPPA_HELDOUT_TEST_S5_T032_U07,2026-09-13T07:45:00.000000Z,38,13,5,0.38461538461538464
5,KAPPA_HELDOUT_TEST_S5_T032,KAPPA_HELDOUT_TEST_S5_T032_U08,2026-09-13T07:45:00.000000Z,72,12,6,0.5
5,KAPPA_HELDOUT_TEST_S5_T032,KAPPA_HELDOUT_TEST_S5_T032_U09,2026-09-13T07:45:00.000000Z,159,14,6,0.42857142857142855
5,KAPPA_HELDOUT_TEST_S5_T032,KAPPA_HELDOUT_TEST_S5_T032_U10,2026-09-13T07:45:00.000000Z,102,10,8,0.8
5,KAPPA_HELDOUT_TEST_S5_T033,KAPPA_HELDOUT_TEST_S5_T033_U01,2026-09-13T08:00:00.000000Z,41,11,4,0.36363636363636365
5,KAPPA_HELDOUT_TEST_S5_T033,KAPPA_HELDOUT_TEST_S5_T033_U02,2026-09-13T08:00:00.000000Z,36,3,3,1
5,KAPPA_HELDOUT_TEST_S5_T033,KAPPA_HELDOUT_TEST_S5_T033_U03,2026-09-13T08:00:00.000000Z,123,15,10,0.6666666666666666
5,KAPPA_HELDOUT_TEST_S5_T033,KAPPA_HELDOUT_TEST_S5_T033_U04,2026-09-13T08:00:00.000000Z,251,14,9,0.6428571428571429
5,KAPPA_HELDOUT_TEST_S5_T033,KAPPA_HELDOUT_TEST_S5_T033_U05,2026-09-13T08:00:00.000000Z,183,9,5,0.5555555555555556
5,KAPPA_HELDOUT_TEST_S5_T033,KAPPA_HELDOUT_TEST_S5_T033_U06,2026-09-13T08:00:00.000000Z,293,12,3,0.25
5,KAPPA_HELDOUT_TEST_S5_T033,KAPPA_HELDOUT_TEST_S5_T033_U07,2026-09-13T08:00:00.000000Z,24,6,3,0.5
5,KAPPA_HELDOUT_TEST_S5_T033,KAPPA_HELDOUT_TEST_S5_T033_U08,2026-09-13T08:00:00.000000Z,173,7,3,0.42857142857142855
5,KAPPA_HELDOUT_TEST_S5_T033,KAPPA_HELDOUT_TEST_S5_T033_U09,2026-09-13T08:00:00.000000Z,129,11,8,0.7272727272727273
5,KAPPA_HELDOUT_TEST_S5_T033,KAPPA_HELDOUT_TEST_S5_T033_U10,2026-09-13T08:00:00.000000Z,196,9,6,0.6666666666666666
5,KAPPA_HELDOUT_TEST_S5_T034,KAPPA_HELDOUT_TEST_S5_T034_U01,2026-09-13T08:15:00.000000Z,247,13,8,0.6153846153846154
5,KAPPA_HELDOUT_TEST_S5_T034,KAPPA_HELDOUT_TEST_S5_T034_U02,2026-09-13T08:15:00.000000Z,72,10,4,0.4
5,KAPPA_HELDOUT_TEST_S5_T034,KAPPA_HELDOUT_TEST_S5_T034_U03,2026-09-13T08:15:00.000000Z,72,9,3,0.3333333333333333
5,KAPPA_HELDOUT_TEST_S5_T034,KAPPA_HELDOUT_TEST_S5_T034_U04,2026-09-13T08:15:00.000000Z,78,10,5,0.5
5,KAPPA_HELDOUT_TEST_S5_T034,KAPPA_HELDOUT_TEST_S5_T034_U05,2026-09-13T08:15:00.000000Z,6,11,6,0.5454545454545454
5,KAPPA_HELDOUT_TEST_S5_T034,KAPPA_HELDOUT_TEST_S5_T034_U06,2026-09-13T08:15:00.000000Z,245,14,6,0.42857142857142855
5,KAPPA_HELDOUT_TEST_S5_T034,KAPPA_HELDOUT_TEST_S5_T034_U07,2026-09-13T08:15:00.000000Z,37,9,5,0.5555555555555556
5,KAPPA_HELDOUT_TEST_S5_T034,KAPPA_HELDOUT_TEST_S5_T034_U08,2026-09-13T08:15:00.000000Z,83,11,7,0.6363636363636364
5,KAPPA_HELDOUT_TEST_S5_T034,KAPPA_HELDOUT_TEST_S5_T034_U09,2026-09-13T08:15:00.000000Z,96,8,5,0.625
5,KAPPA_HELDOUT_TEST_S5_T034,KAPPA_HELDOUT_TEST_S5_T034_U10,2026-09-13T08:15:00.000000Z,189,6,4,0.6666666666666666
5,KAPPA_HELDOUT_TEST_S5_T035,KAPPA_HELDOUT_TEST_S5_T035_U01,2026-09-13T08:30:00.000000Z,229,14,6,0.42857142857142855
5,KAPPA_HELDOUT_TEST_S5_T035,KAPPA_HELDOUT_TEST_S5_T035_U02,2026-09-13T08:30:00.000000Z,193,14,7,0.5
5,KAPPA_HELDOUT_TEST_S5_T035,KAPPA_HELDOUT_TEST_S5_T035_U03,2026-09-13T08:30:00.000000Z,33,10,6,0.6
5,KAPPA_HELDOUT_TEST_S5_T035,KAPPA_HELDOUT_TEST_S5_T035_U04,2026-09-13T08:30:00.000000Z,45,8,5,0.625
5,KAPPA_HELDOUT_TEST_S5_T035,KAPPA_HELDOUT_TEST_S5_T035_U05,2026-09-13T08:30:00.000000Z,223,10,4,0.4
5,KAPPA_HELDOUT_TEST_S5_T035,KAPPA_HELDOUT_TEST_S5_T035_U06,2026-09-13T08:30:00.000000Z,216,12,9,0.75
5,KAPPA_HELDOUT_TEST_S5_T035,KAPPA_HELDOUT_TEST_S5_T035_U07,2026-09-13T08:30:00.000000Z,316,12,5,0.4166666666666667
5,KAPPA_HELDOUT_TEST_S5_T035,KAPPA_HELDOUT_TEST_S5_T035_U08,2026-09-13T08:30:00.000000Z,170,9,4,0.4444444444444444
5,KAPPA_HELDOUT_TEST_S5_T035,KAPPA_HELDOUT_TEST_S5_T035_U09,2026-09-13T08:30:00.000000Z,131,10,4,0.4
5,KAPPA_HELDOUT_TEST_S5_T035,KAPPA_HELDOUT_TEST_S5_T035_U10,2026-09-13T08:30:00.000000Z,124,10,6,0.6
5,KAPPA_HELDOUT_TEST_S5_T036,KAPPA_HELDOUT_TEST_S5_T036_U01,2026-09-13T08:45:00.000000Z,55,13,5,0.38461538461538464
5,KAPPA_HELDOUT_TEST_S5_T036,KAPPA_HELDOUT_TEST_S5_T036_U02,2026-09-13T08:45:00.000000Z,144,11,6,0.5454545454545454
5,KAPPA_HELDOUT_TEST_S5_T036,KAPPA_HELDOUT_TEST_S5_T036_U03,2026-09-13T08:45:00.000000Z,132,11,8,0.7272727272727273
5,KAPPA_HELDOUT_TEST_S5_T036,KAPPA_HELDOUT_TEST_S5_T036_U04,2026-09-13T08:45:00.000000Z,31,7,3,0.42857142857142855
5,KAPPA_HELDOUT_TEST_S5_T036,KAPPA_HELDOUT_TEST_S5_T036_U05,2026-09-13T08:45:00.000000Z,17,16,8,0.5
5,KAPPA_HELDOUT_TEST_S5_T036,KAPPA_HELDOUT_TEST_S5_T036_U06,2026-09-13T08:45:00.000000Z,67,13,6,0.46153846153846156
5,KAPPA_HELDOUT_TEST_S5_T036,KAPPA_HELDOUT_TEST_S5_T036_U07,2026-09-13T08:45:00.000000Z,19,18,11,0.6111111111111112
5,KAPPA_HELDOUT_TEST_S5_T036,KAPPA_HELDOUT_TEST_S5_T036_U08,2026-09-13T08:45:00.000000Z,152,12,6,0.5
5,KAPPA_HELDOUT_TEST_S5_T036,KAPPA_HELDOUT_TEST_S5_T036_U09,2026-09-13T08:45:00.000000Z,200,9,4,0.4444444444444444
5,KAPPA_HELDOUT_TEST_S5_T036,KAPPA_HELDOUT_TEST_S5_T036_U10,2026-09-13T08:45:00.000000Z,205,11,7,0.6363636363636364
5,KAPPA_HELDOUT_TEST_S5_T037,KAPPA_HELDOUT_TEST_S5_T037_U01,2026-09-13T09:00:00.000000Z,77,11,7,0.6363636363636364
5,KAPPA_HELDOUT_TEST_S5_T037,KAPPA_HELDOUT_TEST_S5_T037_U02,2026-09-13T09:00:00.000000Z,117,16,5,0.3125
5,KAPPA_HELDOUT_TEST_S5_T037,KAPPA_HELDOUT_TEST_S5_T037_U03,2026-09-13T09:00:00.000000Z,24,12,6,0.5
5,KAPPA_HELDOUT_TEST_S5_T037,KAPPA_HELDOUT_TEST_S5_T037_U04,2026-09-13T09:00:00.000000Z,199,14,7,0.5
5,KAPPA_HELDOUT_TEST_S5_T037,KAPPA_HELDOUT_TEST_S5_T037_U05,2026-09-13T09:00:00.000000Z,137,8,2,0.25
5,KAPPA_HELDOUT_TEST_S5_T037,KAPPA_HELDOUT_TEST_S5_T037_U06,2026-09-13T09:00:00.000000Z,189,10,6,0.6
5,KAPPA_HELDOUT_TEST_S5_T037,KAPPA_HELDOUT_TEST_S5_T037_U07,2026-09-13T09:00:00.000000Z,124,11,5,0.45454545454545453
5,KAPPA_HELDOUT_TEST_S5_T037,KAPPA_HELDOUT_TEST_S5_T037_U08,2026-09-13T09:00:00.000000Z,318,11,3,0.2727272727272727
5,KAPPA_HELDOUT_TEST_S5_T037,KAPPA_HELDOUT_TEST_S5_T037_U09,2026-09-13T09:00:00.000000Z,242,13,9,0.6923076923076923
5,KAPPA_HELDOUT_TEST_S5_T037,KAPPA_HELDOUT_TEST_S5_T037_U10,2026-09-13T09:00:00.000000Z,230,14,9,0.6428571428571429
5,KAPPA_HELDOUT_TEST_S5_T038,KAPPA_HELDOUT_TEST_S5_T038_U01,2026-09-13T09:15:00.000000Z,158,11,3,0.2727272727272727
5,KAPPA_HELDOUT_TEST_S5_T038,KAPPA_HELDOUT_TEST_S5_T038_U02,2026-09-13T09:15:00.000000Z,182,11,4,0.36363636363636365
5,KAPPA_HELDOUT_TEST_S5_T038,KAPPA_HELDOUT_TEST_S5_T038_U03,2026-09-13T09:15:00.000000Z,73,12,7,0.5833333333333334
5,KAPPA_HELDOUT_TEST_S5_T038,KAPPA_HELDOUT_TEST_S5_T038_U04,2026-09-13T09:15:00.000000Z,318,11,7,0.6363636363636364
5,KAPPA_HELDOUT_TEST_S5_T038,KAPPA_HELDOUT_TEST_S5_T038_U05,2026-09-13T09:15:00.000000Z,36,11,9,0.8181818181818182
5,KAPPA_HELDOUT_TEST_S5_T038,KAPPA_HELDOUT_TEST_S5_T038_U06,2026-09-13T09:15:00.000000Z,258,10,3,0.3
5,KAPPA_HELDOUT_TEST_S5_T038,KAPPA_HELDOUT_TEST_S5_T038_U07,2026-09-13T09:15:00.000000Z,16,17,8,0.47058823529411764
5,KAPPA_HELDOUT_TEST_S5_T038,KAPPA_HELDOUT_TEST_S5_T038_U08,2026-09-13T09:15:00.000000Z,308,14,10,0.7142857142857143
5,KAPPA_HELDOUT_TEST_S5_T038,KAPPA_HELDOUT_TEST_S5_T038_U09,2026-09-13T09:15:00.000000Z,70,12,5,0.4166666666666667
5,KAPPA_HELDOUT_TEST_S5_T038,KAPPA_HELDOUT_TEST_S5_T038_U10,2026-09-13T09:15:00.000000Z,267,10,6,0.6
5,KAPPA_HELDOUT_TEST_S5_T039,KAPPA_HELDOUT_TEST_S5_T039_U01,2026-09-13T09:30:00.000000Z,243,12,6,0.5
5,KAPPA_HELDOUT_TEST_S5_T039,KAPPA_HELDOUT_TEST_S5_T039_U02,2026-09-13T09:30:00.000000Z,224,10,2,0.2
5,KAPPA_HELDOUT_TEST_S5_T039,KAPPA_HELDOUT_TEST_S5_T039_U03,2026-09-13T09:30:00.000000Z,90,8,3,0.375
5,KAPPA_HELDOUT_TEST_S5_T039,KAPPA_HELDOUT_TEST_S5_T039_U04,2026-09-13T09:30:00.000000Z,57,13,5,0.38461538461538464
5,KAPPA_HELDOUT_TEST_S5_T039,KAPPA_HELDOUT_TEST_S5_T039_U05,2026-09-13T09:30:00.000000Z,47,7,2,0.2857142857142857
5,KAPPA_HELDOUT_TEST_S5_T039,KAPPA_HELDOUT_TEST_S5_T039_U06,2026-09-13T09:30:00.000000Z,42,7,3,0.42857142857142855
5,KAPPA_HELDOUT_TEST_S5_T039,KAPPA_HELDOUT_TEST_S5_T039_U07,2026-09-13T09:30:00.000000Z,231,10,3,0.3
5,KAPPA_HELDOUT_TEST_S5_T039,KAPPA_HELDOUT_TEST_S5_T039_U08,2026-09-13T09:30:00.000000Z,30,8,6,0.75
5,KAPPA_HELDOUT_TEST_S5_T039,KAPPA_HELDOUT_TEST_S5_T039_U09,2026-09-13T09:30:00.000000Z,42,9,7,0.7777777777777778
5,KAPPA_HELDOUT_TEST_S5_T039,KAPPA_HELDOUT_TEST_S5_T039_U10,2026-09-13T09:30:00.000000Z,42,14,4,0.2857142857142857
5,KAPPA_HELDOUT_TEST_S5_T040,KAPPA_HELDOUT_TEST_S5_T040_U01,2026-09-13T09:45:00.000000Z,153,15,8,0.5333333333333333
5,KAPPA_HELDOUT_TEST_S5_T040,KAPPA_HELDOUT_TEST_S5_T040_U02,2026-09-13T09:45:00.000000Z,64,9,7,0.7777777777777778
5,KAPPA_HELDOUT_TEST_S5_T040,KAPPA_HELDOUT_TEST_S5_T040_U03,2026-09-13T09:45:00.000000Z,23,3,2,0.6666666666666666
5,KAPPA_HELDOUT_TEST_S5_T040,KAPPA_HELDOUT_TEST_S5_T040_U04,2026-09-13T09:45:00.000000Z,250,6,3,0.5
5,KAPPA_HELDOUT_TEST_S5_T040,KAPPA_HELDOUT_TEST_S5_T040_U05,2026-09-13T09:45:00.000000Z,259,17,7,0.4117647058823529
5,KAPPA_HELDOUT_TEST_S5_T040,KAPPA_HELDOUT_TEST_S5_T040_U06,2026-09-13T09:45:00.000000Z,55,8,3,0.375
5,KAPPA_HELDOUT_TEST_S5_T040,KAPPA_HELDOUT_TEST_S5_T040_U07,2026-09-13T09:45:00.000000Z,148,8,4,0.5
5,KAPPA_HELDOUT_TEST_S5_T040,KAPPA_HELDOUT_TEST_S5_T040_U08,2026-09-13T09:45:00.000000Z,251,10,4,0.4
5,KAPPA_HELDOUT_TEST_S5_T040,KAPPA_HELDOUT_TEST_S5_T040_U09,2026-09-13T09:45:00.000000Z,115,16,11,0.6875
5,KAPPA_HELDOUT_TEST_S5_T040,KAPPA_HELDOUT_TEST_S5_T040_U10,2026-09-13T09:45:00.000000Z,235,16,8,0.5
5,KAPPA_HELDOUT_TEST_S5_T041,KAPPA_HELDOUT_TEST_S5_T041_U01,2026-09-13T10:00:00.000000Z,172,12,8,0.6666666666666666
5,KAPPA_HELDOUT_TEST_S5_T041,KAPPA_HELDOUT_TEST_S5_T041_U02,2026-09-13T10:00:00.000000Z,293,16,6,0.375
5,KAPPA_HELDOUT_TEST_S5_T041,KAPPA_HELDOUT_TEST_S5_T041_U03,2026-09-13T10:00:00.000000Z,134,17,10,0.5882352941176471
5,KAPPA_HELDOUT_TEST_S5_T041,KAPPA_HELDOUT_TEST_S5_T041_U04,2026-09-13T10:00:00.000000Z,119,13,4,0.3076923076923077
5,KAPPA_HELDOUT_TEST_S5_T041,KAPPA_HELDOUT_TEST_S5_T041_U05,2026-09-13T10:00:00.000000Z,152,12,5,0.4166666666666667
5,KAPPA_HELDOUT_TEST_S5_T041,KAPPA_HELDOUT_TEST_S5_T041_U06,2026-09-13T10:00:00.000000Z,214,11,5,0.45454545454545453
5,KAPPA_HELDOUT_TEST_S5_T041,KAPPA_HELDOUT_TEST_S5_T041_U07,2026-09-13T10:00:00.000000Z,89,10,5,0.5
5,KAPPA_HELDOUT_TEST_S5_T041,KAPPA_HELDOUT_TEST_S5_T041_U08,2026-09-13T10:00:00.000000Z,168,8,6,0.75
5,KAPPA_HELDOUT_TEST_S5_T041,KAPPA_HELDOUT_TEST_S5_T041_U09,2026-09-13T10:00:00.000000Z,247,12,7,0.5833333333333334
5,KAPPA_HELDOUT_TEST_S5_T041,KAPPA_HELDOUT_TEST_S5_T041_U10,2026-09-13T10:00:00.000000Z,210,11,4,0.36363636363636365
5,KAPPA_HELDOUT_TEST_S5_T042,KAPPA_HELDOUT_TEST_S5_T042_U01,2026-09-13T10:15:00.000000Z,221,8,4,0.5
5,KAPPA_HELDOUT_TEST_S5_T042,KAPPA_HELDOUT_TEST_S5_T042_U02,2026-09-13T10:15:00.000000Z,187,14,7,0.5
5,KAPPA_HELDOUT_TEST_S5_T042,KAPPA_HELDOUT_TEST_S5_T042_U03,2026-09-13T10:15:00.000000Z,304,10,5,0.5
5,KAPPA_HELDOUT_TEST_S5_T042,KAPPA_HELDOUT_TEST_S5_T042_U04,2026-09-13T10:15:00.000000Z,41,11,6,0.5454545454545454
5,KAPPA_HELDOUT_TEST_S5_T042,KAPPA_HELDOUT_TEST_S5_T042_U05,2026-09-13T10:15:00.000000Z,259,6,4,0.6666666666666666
5,KAPPA_HELDOUT_TEST_S5_T042,KAPPA_HELDOUT_TEST_S5_T042_U06,2026-09-13T10:15:00.000000Z,236,11,6,0.5454545454545454
5,KAPPA_HELDOUT_TEST_S5_T042,KAPPA_HELDOUT_TEST_S5_T042_U07,2026-09-13T10:15:00.000000Z,288,5,2,0.4
5,KAPPA_HELDOUT_TEST_S5_T042,KAPPA_HELDOUT_TEST_S5_T042_U08,2026-09-13T10:15:00.000000Z,174,9,4,0.4444444444444444
5,KAPPA_HELDOUT_TEST_S5_T042,KAPPA_HELDOUT_TEST_S5_T042_U09,2026-09-13T10:15:00.000000Z,294,8,5,0.625
5,KAPPA_HELDOUT_TEST_S5_T042,KAPPA_HELDOUT_TEST_S5_T042_U10,2026-09-13T10:15:00.000000Z,44,11,7,0.6363636363636364
5,KAPPA_HELDOUT_TEST_S5_T043,KAPPA_HELDOUT_TEST_S5_T043_U01,2026-09-13T10:30:00.000000Z,28,7,5,0.7142857142857143
5,KAPPA_HELDOUT_TEST_S5_T043,KAPPA_HELDOUT_TEST_S5_T043_U02,2026-09-13T10:30:00.000000Z,18,6,3,0.5
5,KAPPA_HELDOUT_TEST_S5_T043,KAPPA_HELDOUT_TEST_S5_T043_U03,2026-09-13T10:30:00.000000Z,132,12,5,0.4166666666666667
5,KAPPA_HELDOUT_TEST_S5_T043,KAPPA_HELDOUT_TEST_S5_T043_U04,2026-09-13T10:30:00.000000Z,144,11,4,0.36363636363636365
5,KAPPA_HELDOUT_TEST_S5_T043,KAPPA_HELDOUT_TEST_S5_T043_U05,2026-09-13T10:30:00.000000Z,225,17,13,0.7647058823529411
5,KAPPA_HELDOUT_TEST_S5_T043,KAPPA_HELDOUT_TEST_S5_T043_U06,2026-09-13T10:30:00.000000Z,291,12,6,0.5
5,KAPPA_HELDOUT_TEST_S5_T043,KAPPA_HELDOUT_TEST_S5_T043_U07,2026-09-13T10:30:00.000000Z,215,13,8,0.6153846153846154
5,KAPPA_HELDOUT_TEST_S5_T043,KAPPA_HELDOUT_TEST_S5_T043_U08,2026-09-13T10:30:00.000000Z,5,9,4,0.4444444444444444
5,KAPPA_HELDOUT_TEST_S5_T043,KAPPA_HELDOUT_TEST_S5_T043_U09,2026-09-13T10:30:00.000000Z,283,17,5,0.29411764705882354
5,KAPPA_HELDOUT_TEST_S5_T043,KAPPA_HELDOUT_TEST_S5_T043_U10,2026-09-13T10:30:00.000000Z,270,17,11,0.6470588235294118
5,KAPPA_HELDOUT_TEST_S5_T044,KAPPA_HELDOUT_TEST_S5_T044_U01,2026-09-13T10:45:00.000000Z,33,14,7,0.5
5,KAPPA_HELDOUT_TEST_S5_T044,KAPPA_HELDOUT_TEST_S5_T044_U02,2026-09-13T10:45:00.000000Z,270,12,9,0.75
5,KAPPA_HELDOUT_TEST_S5_T044,KAPPA_HELDOUT_TEST_S5_T044_U03,2026-09-13T10:45:00.000000Z,65,10,4,0.4
5,KAPPA_HELDOUT_TEST_S5_T044,KAPPA_HELDOUT_TEST_S5_T044_U04,2026-09-13T10:45:00.000000Z,253,8,5,0.625
5,KAPPA_HELDOUT_TEST_S5_T044,KAPPA_HELDOUT_TEST_S5_T044_U05,2026-09-13T10:45:00.000000Z,110,8,5,0.625
5,KAPPA_HELDOUT_TEST_S5_T044,KAPPA_HELDOUT_TEST_S5_T044_U06,2026-09-13T10:45:00.000000Z,18,4,2,0.5
5,KAPPA_HELDOUT_TEST_S5_T044,KAPPA_HELDOUT_TEST_S5_T044_U07,2026-09-13T10:45:00.000000Z,157,13,4,0.3076923076923077
5,KAPPA_HELDOUT_TEST_S5_T044,KAPPA_HELDOUT_TEST_S5_T044_U08,2026-09-13T10:45:00.000000Z,257,12,5,0.4166666666666667
5,KAPPA_HELDOUT_TEST_S5_T044,KAPPA_HELDOUT_TEST_S5_T044_U09,2026-09-13T10:45:00.000000Z,266,8,2,0.25
5,KAPPA_HELDOUT_TEST_S5_T044,KAPPA_HELDOUT_TEST_S5_T044_U10,2026-09-13T10:45:00.000000Z,86,16,10,0.625
5,KAPPA_HELDOUT_TEST_S5_T045,KAPPA_HELDOUT_TEST_S5_T045_U01,2026-09-13T11:00:00.000000Z,170,24,16,0.6666666666666666
5,KAPPA_HELDOUT_TEST_S5_T045,KAPPA_HELDOUT_TEST_S5_T045_U02,2026-09-13T11:00:00.000000Z,116,11,7,0.6363636363636364
5,KAPPA_HELDOUT_TEST_S5_T045,KAPPA_HELDOUT_TEST_S5_T045_U03,2026-09-13T11:00:00.000000Z,142,8,4,0.5
5,KAPPA_HELDOUT_TEST_S5_T045,KAPPA_HELDOUT_TEST_S5_T045_U04,2026-09-13T11:00:00.000000Z,251,10,5,0.5
5,KAPPA_HELDOUT_TEST_S5_T045,KAPPA_HELDOUT_TEST_S5_T045_U05,2026-09-13T11:00:00.000000Z,76,8,2,0.25
5,KAPPA_HELDOUT_TEST_S5_T045,KAPPA_HELDOUT_TEST_S5_T045_U06,2026-09-13T11:00:00.000000Z,80,11,6,0.5454545454545454
5,KAPPA_HELDOUT_TEST_S5_T045,KAPPA_HELDOUT_TEST_S5_T045_U07,2026-09-13T11:00:00.000000Z,125,8,2,0.25
5,KAPPA_HELDOUT_TEST_S5_T045,KAPPA_HELDOUT_TEST_S5_T045_U08,2026-09-13T11:00:00.000000Z,200,8,4,0.5
5,KAPPA_HELDOUT_TEST_S5_T045,KAPPA_HELDOUT_TEST_S5_T045_U09,2026-09-13T11:00:00.000000Z,38,9,6,0.6666666666666666
5,KAPPA_HELDOUT_TEST_S5_T045,KAPPA_HELDOUT_TEST_S5_T045_U10,2026-09-13T11:00:00.000000Z,177,9,5,0.5555555555555556
5,KAPPA_HELDOUT_TEST_S5_T046,KAPPA_HELDOUT_TEST_S5_T046_U01,2026-09-13T11:15:00.000000Z,60,13,8,0.6153846153846154
5,KAPPA_HELDOUT_TEST_S5_T046,KAPPA_HELDOUT_TEST_S5_T046_U02,2026-09-13T11:15:00.000000Z,70,8,5,0.625
5,KAPPA_HELDOUT_TEST_S5_T046,KAPPA_HELDOUT_TEST_S5_T046_U03,2026-09-13T11:15:00.000000Z,187,9,4,0.4444444444444444
5,KAPPA_HELDOUT_TEST_S5_T046,KAPPA_HELDOUT_TEST_S5_T046_U04,2026-09-13T11:15:00.000000Z,279,12,5,0.4166666666666667
5,KAPPA_HELDOUT_TEST_S5_T046,KAPPA_HELDOUT_TEST_S5_T046_U05,2026-09-13T11:15:00.000000Z,200,8,6,0.75
5,KAPPA_HELDOUT_TEST_S5_T046,KAPPA_HELDOUT_TEST_S5_T046_U06,2026-09-13T11:15:00.000000Z,2,9,2,0.2222222222222222
5,KAPPA_HELDOUT_TEST_S5_T046,KAPPA_HELDOUT_TEST_S5_T046_U07,2026-09-13T11:15:00.000000Z,256,8,4,0.5
5,KAPPA_HELDOUT_TEST_S5_T046,KAPPA_HELDOUT_TEST_S5_T046_U08,2026-09-13T11:15:00.000000Z,306,7,2,0.2857142857142857
5,KAPPA_HELDOUT_TEST_S5_T046,KAPPA_HELDOUT_TEST_S5_T046_U09,2026-09-13T11:15:00.000000Z,239,9,4,0.4444444444444444
5,KAPPA_HELDOUT_TEST_S5_T046,KAPPA_HELDOUT_TEST_S5_T046_U10,2026-09-13T11:15:00.000000Z,31,17,7,0.4117647058823529
5,KAPPA_HELDOUT_TEST_S5_T047,KAPPA_HELDOUT_TEST_S5_T047_U01,2026-09-13T11:30:00.000000Z,17,11,6,0.5454545454545454
5,KAPPA_HELDOUT_TEST_S5_T047,KAPPA_HELDOUT_TEST_S5_T047_U02,2026-09-13T11:30:00.000000Z,280,9,6,0.6666666666666666
5,KAPPA_HELDOUT_TEST_S5_T047,KAPPA_HELDOUT_TEST_S5_T047_U03,2026-09-13T11:30:00.000000Z,29,8,4,0.5
5,KAPPA_HELDOUT_TEST_S5_T047,KAPPA_HELDOUT_TEST_S5_T047_U04,2026-09-13T11:30:00.000000Z,184,9,6,0.6666666666666666
5,KAPPA_HELDOUT_TEST_S5_T047,KAPPA_HELDOUT_TEST_S5_T047_U05,2026-09-13T11:30:00.000000Z,287,6,1,0.16666666666666666
5,KAPPA_HELDOUT_TEST_S5_T047,KAPPA_HELDOUT_TEST_S5_T047_U06,2026-09-13T11:30:00.000000Z,304,11,7,0.6363636363636364
5,KAPPA_HELDOUT_TEST_S5_T047,KAPPA_HELDOUT_TEST_S5_T047_U07,2026-09-13T11:30:00.000000Z,92,9,6,0.6666666666666666
5,KAPPA_HELDOUT_TEST_S5_T047,KAPPA_HELDOUT_TEST_S5_T047_U08,2026-09-13T11:30:00.000000Z,201,11,4,0.36363636363636365
5,KAPPA_HELDOUT_TEST_S5_T047,KAPPA_HELDOUT_TEST_S5_T047_U09,2026-09-13T11:30:00.000000Z,20,11,6,0.5454545454545454
5,KAPPA_HELDOUT_TEST_S5_T047,KAPPA_HELDOUT_TEST_S5_T047_U10,2026-09-13T11:30:00.000000Z,129,7,4,0.5714285714285714
5,KAPPA_HELDOUT_TEST_S5_T048,KAPPA_HELDOUT_TEST_S5_T048_U01,2026-09-13T11:45:00.000000Z,183,8,4,0.5
5,KAPPA_HELDOUT_TEST_S5_T048,KAPPA_HELDOUT_TEST_S5_T048_U02,2026-09-13T11:45:00.000000Z,196,5,4,0.8
5,KAPPA_HELDOUT_TEST_S5_T048,KAPPA_HELDOUT_TEST_S5_T048_U03,2026-09-13T11:45:00.000000Z,288,7,5,0.7142857142857143
5,KAPPA_HELDOUT_TEST_S5_T048,KAPPA_HELDOUT_TEST_S5_T048_U04,2026-09-13T11:45:00.000000Z,293,5,2,0.4
5,KAPPA_HELDOUT_TEST_S5_T048,KAPPA_HELDOUT_TEST_S5_T048_U05,2026-09-13T11:45:00.000000Z,102,12,8,0.6666666666666666
5,KAPPA_HELDOUT_TEST_S5_T048,KAPPA_HELDOUT_TEST_S5_T048_U06,2026-09-13T11:45:00.000000Z,163,17,5,0.29411764705882354
5,KAPPA_HELDOUT_TEST_S5_T048,KAPPA_HELDOUT_TEST_S5_T048_U07,2026-09-13T11:45:00.000000Z,294,14,7,0.5
5,KAPPA_HELDOUT_TEST_S5_T048,KAPPA_HELDOUT_TEST_S5_T048_U08,2026-09-13T11:45:00.000000Z,100,9,4,0.4444444444444444
5,KAPPA_HELDOUT_TEST_S5_T048,KAPPA_HELDOUT_TEST_S5_T048_U09,2026-09-13T11:45:00.000000Z,149,10,3,0.3
5,KAPPA_HELDOUT_TEST_S5_T048,KAPPA_HELDOUT_TEST_S5_T048_U10,2026-09-13T11:45:00.000000Z,87,17,7,0.4117647058823529
5,KAPPA_HELDOUT_TEST_S5_T049,KAPPA_HELDOUT_TEST_S5_T049_U01,2026-09-13T12:00:00.000000Z,120,9,4,0.4444444444444444
5,KAPPA_HELDOUT_TEST_S5_T049,KAPPA_HELDOUT_TEST_S5_T049_U02,2026-09-13T12:00:00.000000Z,85,10,5,0.5
5,KAPPA_HELDOUT_TEST_S5_T049,KAPPA_HELDOUT_TEST_S5_T049_U03,2026-09-13T12:00:00.000000Z,228,11,7,0.6363636363636364
5,KAPPA_HELDOUT_TEST_S5_T049,KAPPA_HELDOUT_TEST_S5_T049_U04,2026-09-13T12:00:00.000000Z,320,9,4,0.4444444444444444
5,KAPPA_HELDOUT_TEST_S5_T049,KAPPA_HELDOUT_TEST_S5_T049_U05,2026-09-13T12:00:00.000000Z,283,8,4,0.5
5,KAPPA_HELDOUT_TEST_S5_T049,KAPPA_HELDOUT_TEST_S5_T049_U06,2026-09-13T12:00:00.000000Z,197,6,3,0.5
5,KAPPA_HELDOUT_TEST_S5_T049,KAPPA_HELDOUT_TEST_S5_T049_U07,2026-09-13T12:00:00.000000Z,313,8,6,0.75
5,KAPPA_HELDOUT_TEST_S5_T049,KAPPA_HELDOUT_TEST_S5_T049_U08,2026-09-13T12:00:00.000000Z,153,8,3,0.375
5,KAPPA_HELDOUT_TEST_S5_T049,KAPPA_HELDOUT_TEST_S5_T049_U09,2026-09-13T12:00:00.000000Z,179,9,3,0.3333333333333333
5,KAPPA_HELDOUT_TEST_S5_T049,KAPPA_HELDOUT_TEST_S5_T049_U10,2026-09-13T12:00:00.000000Z,30,12,6,0.5
5,KAPPA_HELDOUT_TEST_S5_T050,KAPPA_HELDOUT_TEST_S5_T050_U01,2026-09-13T12:15:00.000000Z,164,12,7,0.5833333333333334
5,KAPPA_HELDOUT_TEST_S5_T050,KAPPA_HELDOUT_TEST_S5_T050_U02,2026-09-13T12:15:00.000000Z,116,11,5,0.45454545454545453
5,KAPPA_HELDOUT_TEST_S5_T050,KAPPA_HELDOUT_TEST_S5_T050_U03,2026-09-13T12:15:00.000000Z,181,13,6,0.46153846153846156
5,KAPPA_HELDOUT_TEST_S5_T050,KAPPA_HELDOUT_TEST_S5_T050_U04,2026-09-13T12:15:00.000000Z,20,11,5,0.45454545454545453
5,KAPPA_HELDOUT_TEST_S5_T050,KAPPA_HELDOUT_TEST_S5_T050_U05,2026-09-13T12:15:00.000000Z,228,10,5,0.5
5,KAPPA_HELDOUT_TEST_S5_T050,KAPPA_HELDOUT_TEST_S5_T050_U06,2026-09-13T12:15:00.000000Z,71,10,5,0.5
5,KAPPA_HELDOUT_TEST_S5_T050,KAPPA_HELDOUT_TEST_S5_T050_U07,2026-09-13T12:15:00.000000Z,180,16,8,0.5
5,KAPPA_HELDOUT_TEST_S5_T050,KAPPA_HELDOUT_TEST_S5_T050_U08,2026-09-13T12:15:00.000000Z,141,13,4,0.3076923076923077
5,KAPPA_HELDOUT_TEST_S5_T050,KAPPA_HELDOUT_TEST_S5_T050_U09,2026-09-13T12:15:00.000000Z,42,9,4,0.4444444444444444
5,KAPPA_HELDOUT_TEST_S5_T050,KAPPA_HELDOUT_TEST_S5_T050_U10,2026-09-13T12:15:00.000000Z,271,11,6,0.5454545454545454
5,KAPPA_HELDOUT_TEST_S5_T051,KAPPA_HELDOUT_TEST_S5_T051_U01,2026-09-13T12:30:00.000000Z,189,9,6,0.6666666666666666
5,KAPPA_HELDOUT_TEST_S5_T051,KAPPA_HELDOUT_TEST_S5_T051_U02,2026-09-13T12:30:00.000000Z,242,14,9,0.6428571428571429
5,KAPPA_HELDOUT_TEST_S5_T051,KAPPA_HELDOUT_TEST_S5_T051_U03,2026-09-13T12:30:00.000000Z,230,17,9,0.5294117647058824
5,KAPPA_HELDOUT_TEST_S5_T051,KAPPA_HELDOUT_TEST_S5_T051_U04,2026-09-13T12:30:00.000000Z,90,13,8,0.6153846153846154
5,KAPPA_HELDOUT_TEST_S5_T051,KAPPA_HELDOUT_TEST_S5_T051_U05,2026-09-13T12:30:00.000000Z,275,9,2,0.2222222222222222
5,KAPPA_HELDOUT_TEST_S5_T051,KAPPA_HELDOUT_TEST_S5_T051_U06,2026-09-13T12:30:00.000000Z,190,12,5,0.4166666666666667
5,KAPPA_HELDOUT_TEST_S5_T051,KAPPA_HELDOUT_TEST_S5_T051_U07,2026-09-13T12:30:00.000000Z,106,8,2,0.25
5,KAPPA_HELDOUT_TEST_S5_T051,KAPPA_HELDOUT_TEST_S5_T051_U08,2026-09-13T12:30:00.000000Z,134,9,3,0.3333333333333333
5,KAPPA_HELDOUT_TEST_S5_T051,KAPPA_HELDOUT_TEST_S5_T051_U09,2026-09-13T12:30:00.000000Z,173,11,4,0.36363636363636365
5,KAPPA_HELDOUT_TEST_S5_T051,KAPPA_HELDOUT_TEST_S5_T051_U10,2026-09-13T12:30:00.000000Z,298,12,3,0.25
5,KAPPA_HELDOUT_TEST_S5_T052,KAPPA_HELDOUT_TEST_S5_T052_U01,2026-09-13T12:45:00.000000Z,142,13,6,0.46153846153846156
5,KAPPA_HELDOUT_TEST_S5_T052,KAPPA_HELDOUT_TEST_S5_T052_U02,2026-09-13T12:45:00.000000Z,176,7,3,0.42857142857142855
5,KAPPA_HELDOUT_TEST_S5_T052,KAPPA_HELDOUT_TEST_S5_T052_U03,2026-09-13T12:45:00.000000Z,121,11,5,0.45454545454545453
5,KAPPA_HELDOUT_TEST_S5_T052,KAPPA_HELDOUT_TEST_S5_T052_U04,2026-09-13T12:45:00.000000Z,245,15,7,0.4666666666666667
5,KAPPA_HELDOUT_TEST_S5_T052,KAPPA_HELDOUT_TEST_S5_T052_U05,2026-09-13T12:45:00.000000Z,40,13,9,0.6923076923076923
5,KAPPA_HELDOUT_TEST_S5_T052,KAPPA_HELDOUT_TEST_S5_T052_U06,2026-09-13T12:45:00.000000Z,188,9,4,0.4444444444444444
5,KAPPA_HELDOUT_TEST_S5_T052,KAPPA_HELDOUT_TEST_S5_T052_U07,2026-09-13T12:45:00.000000Z,156,5,3,0.6
5,KAPPA_HELDOUT_TEST_S5_T052,KAPPA_HELDOUT_TEST_S5_T052_U08,2026-09-13T12:45:00.000000Z,113,12,7,0.5833333333333334
5,KAPPA_HELDOUT_TEST_S5_T052,KAPPA_HELDOUT_TEST_S5_T052_U09,2026-09-13T12:45:00.000000Z,264,10,4,0.4
5,KAPPA_HELDOUT_TEST_S5_T052,KAPPA_HELDOUT_TEST_S5_T052_U10,2026-09-13T12:45:00.000000Z,227,13,4,0.3076923076923077
5,KAPPA_HELDOUT_TEST_S5_T053,KAPPA_HELDOUT_TEST_S5_T053_U01,2026-09-13T13:00:00.000000Z,248,12,5,0.4166666666666667
5,KAPPA_HELDOUT_TEST_S5_T053,KAPPA_HELDOUT_TEST_S5_T053_U02,2026-09-13T13:00:00.000000Z,174,11,7,0.6363636363636364
5,KAPPA_HELDOUT_TEST_S5_T053,KAPPA_HELDOUT_TEST_S5_T053_U03,2026-09-13T13:00:00.000000Z,102,7,3,0.42857142857142855
5,KAPPA_HELDOUT_TEST_S5_T053,KAPPA_HELDOUT_TEST_S5_T053_U04,2026-09-13T13:00:00.000000Z,22,18,11,0.6111111111111112
5,KAPPA_HELDOUT_TEST_S5_T053,KAPPA_HELDOUT_TEST_S5_T053_U05,2026-09-13T13:00:00.000000Z,261,15,7,0.4666666666666667
5,KAPPA_HELDOUT_TEST_S5_T053,KAPPA_HELDOUT_TEST_S5_T053_U06,2026-09-13T13:00:00.000000Z,53,9,7,0.7777777777777778
5,KAPPA_HELDOUT_TEST_S5_T053,KAPPA_HELDOUT_TEST_S5_T053_U07,2026-09-13T13:00:00.000000Z,9,13,8,0.6153846153846154
5,KAPPA_HELDOUT_TEST_S5_T053,KAPPA_HELDOUT_TEST_S5_T053_U08,2026-09-13T13:00:00.000000Z,96,10,6,0.6
5,KAPPA_HELDOUT_TEST_S5_T053,KAPPA_HELDOUT_TEST_S5_T053_U09,2026-09-13T13:00:00.000000Z,299,10,3,0.3
5,KAPPA_HELDOUT_TEST_S5_T053,KAPPA_HELDOUT_TEST_S5_T053_U10,2026-09-13T13:00:00.000000Z,163,13,6,0.46153846153846156
5,KAPPA_HELDOUT_TEST_S5_T054,KAPPA_HELDOUT_TEST_S5_T054_U01,2026-09-13T13:15:00.000000Z,84,14,7,0.5
5,KAPPA_HELDOUT_TEST_S5_T054,KAPPA_HELDOUT_TEST_S5_T054_U02,2026-09-13T13:15:00.000000Z,265,14,5,0.35714285714285715
5,KAPPA_HELDOUT_TEST_S5_T054,KAPPA_HELDOUT_TEST_S5_T054_U03,2026-09-13T13:15:00.000000Z,214,9,4,0.4444444444444444
5,KAPPA_HELDOUT_TEST_S5_T054,KAPPA_HELDOUT_TEST_S5_T054_U04,2026-09-13T13:15:00.000000Z,303,8,3,0.375
5,KAPPA_HELDOUT_TEST_S5_T054,KAPPA_HELDOUT_TEST_S5_T054_U05,2026-09-13T13:15:00.000000Z,155,11,4,0.36363636363636365
5,KAPPA_HELDOUT_TEST_S5_T054,KAPPA_HELDOUT_TEST_S5_T054_U06,2026-09-13T13:15:00.000000Z,31,14,8,0.5714285714285714
5,KAPPA_HELDOUT_TEST_S5_T054,KAPPA_HELDOUT_TEST_S5_T054_U07,2026-09-13T13:15:00.000000Z,260,10,5,0.5
5,KAPPA_HELDOUT_TEST_S5_T054,KAPPA_HELDOUT_TEST_S5_T054_U08,2026-09-13T13:15:00.000000Z,229,9,5,0.5555555555555556
5,KAPPA_HELDOUT_TEST_S5_T054,KAPPA_HELDOUT_TEST_S5_T054_U09,2026-09-13T13:15:00.000000Z,111,15,6,0.4
5,KAPPA_HELDOUT_TEST_S5_T054,KAPPA_HELDOUT_TEST_S5_T054_U10,2026-09-13T13:15:00.000000Z,186,8,4,0.5
5,KAPPA_HELDOUT_TEST_S5_T055,KAPPA_HELDOUT_TEST_S5_T055_U01,2026-09-13T13:30:00.000000Z,51,7,2,0.2857142857142857
5,KAPPA_HELDOUT_TEST_S5_T055,KAPPA_HELDOUT_TEST_S5_T055_U02,2026-09-13T13:30:00.000000Z,158,11,7,0.6363636363636364
5,KAPPA_HELDOUT_TEST_S5_T055,KAPPA_HELDOUT_TEST_S5_T055_U03,2026-09-13T13:30:00.000000Z,275,9,5,0.5555555555555556
5,KAPPA_HELDOUT_TEST_S5_T055,KAPPA_HELDOUT_TEST_S5_T055_U04,2026-09-13T13:30:00.000000Z,8,15,5,0.3333333333333333
5,KAPPA_HELDOUT_TEST_S5_T055,KAPPA_HELDOUT_TEST_S5_T055_U05,2026-09-13T13:30:00.000000Z,5,9,6,0.6666666666666666
5,KAPPA_HELDOUT_TEST_S5_T055,KAPPA_HELDOUT_TEST_S5_T055_U06,2026-09-13T13:30:00.000000Z,44,14,7,0.5
5,KAPPA_HELDOUT_TEST_S5_T055,KAPPA_HELDOUT_TEST_S5_T055_U07,2026-09-13T13:30:00.000000Z,108,16,7,0.4375
5,KAPPA_HELDOUT_TEST_S5_T055,KAPPA_HELDOUT_TEST_S5_T055_U08,2026-09-13T13:30:00.000000Z,52,10,2,0.2
5,KAPPA_HELDOUT_TEST_S5_T055,KAPPA_HELDOUT_TEST_S5_T055_U09,2026-09-13T13:30:00.000000Z,25,6,5,0.8333333333333334
5,KAPPA_HELDOUT_TEST_S5_T055,KAPPA_HELDOUT_TEST_S5_T055_U10,2026-09-13T13:30:00.000000Z,171,3,2,0.6666666666666666
5,KAPPA_HELDOUT_TEST_S5_T056,KAPPA_HELDOUT_TEST_S5_T056_U01,2026-09-13T13:45:00.000000Z,240,8,5,0.625
5,KAPPA_HELDOUT_TEST_S5_T056,KAPPA_HELDOUT_TEST_S5_T056_U02,2026-09-13T13:45:00.000000Z,157,11,2,0.18181818181818182
5,KAPPA_HELDOUT_TEST_S5_T056,KAPPA_HELDOUT_TEST_S5_T056_U03,2026-09-13T13:45:00.000000Z,131,12,9,0.75
5,KAPPA_HELDOUT_TEST_S5_T056,KAPPA_HELDOUT_TEST_S5_T056_U04,2026-09-13T13:45:00.000000Z,193,15,4,0.26666666666666666
5,KAPPA_HELDOUT_TEST_S5_T056,KAPPA_HELDOUT_TEST_S5_T056_U05,2026-09-13T13:45:00.000000Z,59,17,11,0.6470588235294118
5,KAPPA_HELDOUT_TEST_S5_T056,KAPPA_HELDOUT_TEST_S5_T056_U06,2026-09-13T13:45:00.000000Z,123,8,5,0.625
5,KAPPA_HELDOUT_TEST_S5_T056,KAPPA_HELDOUT_TEST_S5_T056_U07,2026-09-13T13:45:00.000000Z,70,11,6,0.5454545454545454
5,KAPPA_HELDOUT_TEST_S5_T056,KAPPA_HELDOUT_TEST_S5_T056_U08,2026-09-13T13:45:00.000000Z,309,11,6,0.5454545454545454
5,KAPPA_HELDOUT_TEST_S5_T056,KAPPA_HELDOUT_TEST_S5_T056_U09,2026-09-13T13:45:00.000000Z,136,2,2,1
5,KAPPA_HELDOUT_TEST_S5_T056,KAPPA_HELDOUT_TEST_S5_T056_U10,2026-09-13T13:45:00.000000Z,91,7,4,0.5714285714285714
5,KAPPA_HELDOUT_TEST_S5_T057,KAPPA_HELDOUT_TEST_S5_T057_U01,2026-09-13T14:00:00.000000Z,65,20,12,0.6
5,KAPPA_HELDOUT_TEST_S5_T057,KAPPA_HELDOUT_TEST_S5_T057_U02,2026-09-13T14:00:00.000000Z,223,14,6,0.42857142857142855
5,KAPPA_HELDOUT_TEST_S5_T057,KAPPA_HELDOUT_TEST_S5_T057_U03,2026-09-13T14:00:00.000000Z,90,11,5,0.45454545454545453
5,KAPPA_HELDOUT_TEST_S5_T057,KAPPA_HELDOUT_TEST_S5_T057_U04,2026-09-13T14:00:00.000000Z,34,9,4,0.4444444444444444
5,KAPPA_HELDOUT_TEST_S5_T057,KAPPA_HELDOUT_TEST_S5_T057_U05,2026-09-13T14:00:00.000000Z,43,15,6,0.4
5,KAPPA_HELDOUT_TEST_S5_T057,KAPPA_HELDOUT_TEST_S5_T057_U06,2026-09-13T14:00:00.000000Z,6,10,7,0.7
5,KAPPA_HELDOUT_TEST_S5_T057,KAPPA_HELDOUT_TEST_S5_T057_U07,2026-09-13T14:00:00.000000Z,65,13,5,0.38461538461538464
5,KAPPA_HELDOUT_TEST_S5_T057,KAPPA_HELDOUT_TEST_S5_T057_U08,2026-09-13T14:00:00.000000Z,237,12,5,0.4166666666666667
5,KAPPA_HELDOUT_TEST_S5_T057,KAPPA_HELDOUT_TEST_S5_T057_U09,2026-09-13T14:00:00.000000Z,299,11,4,0.36363636363636365
5,KAPPA_HELDOUT_TEST_S5_T057,KAPPA_HELDOUT_TEST_S5_T057_U10,2026-09-13T14:00:00.000000Z,1,10,5,0.5
5,KAPPA_HELDOUT_TEST_S5_T058,KAPPA_HELDOUT_TEST_S5_T058_U01,2026-09-13T14:15:00.000000Z,35,6,2,0.3333333333333333
5,KAPPA_HELDOUT_TEST_S5_T058,KAPPA_HELDOUT_TEST_S5_T058_U02,2026-09-13T14:15:00.000000Z,311,9,2,0.2222222222222222
5,KAPPA_HELDOUT_TEST_S5_T058,KAPPA_HELDOUT_TEST_S5_T058_U03,2026-09-13T14:15:00.000000Z,29,13,6,0.46153846153846156
5,KAPPA_HELDOUT_TEST_S5_T058,KAPPA_HELDOUT_TEST_S5_T058_U04,2026-09-13T14:15:00.000000Z,106,10,3,0.3
5,KAPPA_HELDOUT_TEST_S5_T058,KAPPA_HELDOUT_TEST_S5_T058_U05,2026-09-13T14:15:00.000000Z,208,11,5,0.45454545454545453
5,KAPPA_HELDOUT_TEST_S5_T058,KAPPA_HELDOUT_TEST_S5_T058_U06,2026-09-13T14:15:00.000000Z,310,10,4,0.4
5,KAPPA_HELDOUT_TEST_S5_T058,KAPPA_HELDOUT_TEST_S5_T058_U07,2026-09-13T14:15:00.000000Z,222,9,4,0.4444444444444444
5,KAPPA_HELDOUT_TEST_S5_T058,KAPPA_HELDOUT_TEST_S5_T058_U08,2026-09-13T14:15:00.000000Z,255,8,3,0.375
5,KAPPA_HELDOUT_TEST_S5_T058,KAPPA_HELDOUT_TEST_S5_T058_U09,2026-09-13T14:15:00.000000Z,298,9,6,0.6666666666666666
5,KAPPA_HELDOUT_TEST_S5_T058,KAPPA_HELDOUT_TEST_S5_T058_U10,2026-09-13T14:15:00.000000Z,129,8,3,0.375
5,KAPPA_HELDOUT_TEST_S5_T059,KAPPA_HELDOUT_TEST_S5_T059_U01,2026-09-13T14:30:00.000000Z,171,10,4,0.4
5,KAPPA_HELDOUT_TEST_S5_T059,KAPPA_HELDOUT_TEST_S5_T059_U02,2026-09-13T14:30:00.000000Z,156,10,7,0.7
5,KAPPA_HELDOUT_TEST_S5_T059,KAPPA_HELDOUT_TEST_S5_T059_U03,2026-09-13T14:30:00.000000Z,247,11,3,0.2727272727272727
5,KAPPA_HELDOUT_TEST_S5_T059,KAPPA_HELDOUT_TEST_S5_T059_U04,2026-09-13T14:30:00.000000Z,169,14,6,0.42857142857142855
5,KAPPA_HELDOUT_TEST_S5_T059,KAPPA_HELDOUT_TEST_S5_T059_U05,2026-09-13T14:30:00.000000Z,251,9,7,0.7777777777777778
5,KAPPA_HELDOUT_TEST_S5_T059,KAPPA_HELDOUT_TEST_S5_T059_U06,2026-09-13T14:30:00.000000Z,233,5,4,0.8
5,KAPPA_HELDOUT_TEST_S5_T059,KAPPA_HELDOUT_TEST_S5_T059_U07,2026-09-13T14:30:00.000000Z,204,17,7,0.4117647058823529
5,KAPPA_HELDOUT_TEST_S5_T059,KAPPA_HELDOUT_TEST_S5_T059_U08,2026-09-13T14:30:00.000000Z,239,14,7,0.5
5,KAPPA_HELDOUT_TEST_S5_T059,KAPPA_HELDOUT_TEST_S5_T059_U09,2026-09-13T14:30:00.000000Z,237,12,3,0.25
5,KAPPA_HELDOUT_TEST_S5_T059,KAPPA_HELDOUT_TEST_S5_T059_U10,2026-09-13T14:30:00.000000Z,319,15,8,0.5333333333333333
5,KAPPA_HELDOUT_TEST_S5_T060,KAPPA_HELDOUT_TEST_S5_T060_U01,2026-09-13T14:45:00.000000Z,282,8,4,0.5
5,KAPPA_HELDOUT_TEST_S5_T060,KAPPA_HELDOUT_TEST_S5_T060_U02,2026-09-13T14:45:00.000000Z,177,16,5,0.3125
5,KAPPA_HELDOUT_TEST_S5_T060,KAPPA_HELDOUT_TEST_S5_T060_U03,2026-09-13T14:45:00.000000Z,213,7,2,0.2857142857142857
5,KAPPA_HELDOUT_TEST_S5_T060,KAPPA_HELDOUT_TEST_S5_T060_U04,2026-09-13T14:45:00.000000Z,288,12,6,0.5
5,KAPPA_HELDOUT_TEST_S5_T060,KAPPA_HELDOUT_TEST_S5_T060_U05,2026-09-13T14:45:00.000000Z,101,9,1,0.1111111111111111
5,KAPPA_HELDOUT_TEST_S5_T060,KAPPA_HELDOUT_TEST_S5_T060_U06,2026-09-13T14:45:00.000000Z,79,8,4,0.5
5,KAPPA_HELDOUT_TEST_S5_T060,KAPPA_HELDOUT_TEST_S5_T060_U07,2026-09-13T14:45:00.000000Z,307,5,3,0.6
5,KAPPA_HELDOUT_TEST_S5_T060,KAPPA_HELDOUT_TEST_S5_T060_U08,2026-09-13T14:45:00.000000Z,294,15,10,0.6666666666666666
5,KAPPA_HELDOUT_TEST_S5_T060,KAPPA_HELDOUT_TEST_S5_T060_U09,2026-09-13T14:45:00.000000Z,228,15,7,0.4666666666666667
5,KAPPA_HELDOUT_TEST_S5_T060,KAPPA_HELDOUT_TEST_S5_T060_U10,2026-09-13T14:45:00.000000Z,156,10,5,0.5
