split,environment_seed,trace_id,episode_id,trace_start_utc,trace_end_utc,monitored_users,episode_duration_s,monitored_user_seconds,geometric_entry_count,feasible_entry_count,geometric_exposure_kappa_1,earth_radius_km,altitude_km,orbital_radius_km,elevation_mask_deg,gravitational_parameter_km3_s2,P_planes,Q_satellites_per_plane,expected_constellation_size,alpha_rad,P_in,rho,theta_rad_per_s,circular_period_s,beta_at_kappa_1_per_s,independent_cluster_definition
calibration,1,KAPPA_CALIBRATION_S1_T001,KAPPA_CALIBRATION_S1_T001_E001,2026-08-01T00:00:00.000000Z,2026-08-01T00:13:20.000000Z,10,800,8000,244,106,414.5892366642479,6371,557.5430591570703,6928.54305915707,25,398600.4418,20,100,2000,0.14927462613221215,0.1487208645206133,2.974417290412266,0.0010947274482637184,5739.497367262481,0.01742312847295479,one independently generated complete analytic trace
calibration,1,KAPPA_CALIBRATION_S1_T002,KAPPA_CALIBRATION_S1_T002_E001,2026-08-01T00:15:00.000000Z,2026-08-01T00:28:20.000000Z,10,800,8000,228,107,413.80985335315097,6371,556.0167630334121,6927.016763033412,25,398600.4418,20,100,2000,0.14894231173094635,0.14839223751013314,2.967844750202663,0.0010950892859107229,5737.600931739755,0.01742888729796654,one independently generated complete analytic trace
calibration,1,KAPPA_CALIBRATION_S1_T003,KAPPA_CALIBRATION_S1_T003_E001,2026-08-01T00:30:00.000000Z,2026-08-01T00:43:20.000000Z,10,800,8000,249,119,411.16032032139356,6371,550.8490610408547,6921.849061040854,25,398600.4418,20,100,2000,0.14781483873054418,0.14727715315105436,2.9455430630210873,0.0010963158695467261,5731.181570670305,0.017448408982845096,one independently generated complete analytic trace
calibration,1,KAPPA_CALIBRATION_S1_T004,KAPPA_CALIBRATION_S1_T004_E001,2026-08-01T00:45:00.000000Z,2026-08-01T00:58:20.000000Z,10,800,8000,200,61,414.0745064898913,6371,556.5347274619207,6927.534727461921,25,398600.4418,20,100,2000,0.14905512116171976,0.14850379703629257,2.9700759407258515,0.0010949664702087957,5738.244483396342,0.01742693262536144,one independently generated complete analytic trace
calibration,1,KAPPA_CALIBRATION_S1_T005,KAPPA_CALIBRATION_S1_T005_E001,2026-08-01T01:00:00.000000Z,2026-08-01T01:13:20.000000Z,10,800,8000,276,153,414.8110421869085,6371,557.9779449528872,6928.977944952887,25,398600.4418,20,100,2000,0.1493692548238011,0.14881444020098572,2.976288804019714,0.0010946243867549802,5740.037754691472,0.017421488198098974,one independently generated complete analytic trace
calibration,1,KAPPA_CALIBRATION_S1_T006,KAPPA_CALIBRATION_S1_T006_E001,2026-08-01T01:15:00.000000Z,2026-08-01T01:28:20.000000Z,10,800,8000,274,134,418.04399431346263,6371,564.3427659146348,6935.342765914635,25,398600.4418,20,100,2000,0.15075130806463172,0.15018096191243313,3.0036192382486626,0.0010931178665128296,5747.948597001404,0.017397511183758346,one independently generated complete analytic trace
calibration,1,KAPPA_CALIBRATION_S1_T007,KAPPA_CALIBRATION_S1_T007_E001,2026-08-01T01:30:00.000000Z,2026-08-01T01:43:20.000000Z,10,800,8000,308,186,413.87603316475577,6371,556.1462560573209,6927.146256057321,25,398600.4418,20,100,2000,0.14897051788786514,0.14842013132591594,2.9684026265183188,0.0010950585793783813,5737.761819779802,0.017428398588325802,one independently generated complete analytic trace
calibration,1,KAPPA_CALIBRATION_S1_T008,KAPPA_CALIBRATION_S1_T008_E001,2026-08-01T01:45:00.000000Z,2026-08-01T01:58:20.000000Z,10,800,8000,244,115,411.6837913141166,6371,551.867490121368,6922.867490121368,25,398600.4418,20,100,2000,0.14803732166898037,0.1474972063248317,2.949944126496634,0.00109607395846714,5732.446481956951,0.017444558848434613,one independently generated complete analytic trace
calibration,1,KAPPA_CALIBRATION_S1_T009,KAPPA_CALIBRATION_S1_T009_E001,2026-08-01T02:00:00.000000Z,2026-08-01T02:13:20.000000Z,10,800,8000,271,140,405.4035471349667,6371,539.7312073537167,6910.731207353717,25,398600.4418,20,100,2000,0.14537689380956614,0.14486535808965123,2.897307161793025,0.0010989625316687754,5717.3790062146745,0.017490531918786918,one independently generated complete analytic trace
calibration,1,KAPPA_CALIBRATION_S1_T010,KAPPA_CALIBRATION_S1_T010_E001,2026-08-01T02:15:00.000000Z,2026-08-01T02:28:20.000000Z,10,800,8000,274,130,411.0752160013954,6371,550.683606563607,6921.683606563607,25,398600.4418,20,100,2000,0.14777868079200512,0.14724138940904258,2.9448277881808513,0.001096355178939508,5730.976081361919,0.017449034611262213,one independently generated complete analytic trace
calibration,1,KAPPA_CALIBRATION_S1_T011,KAPPA_CALIBRATION_S1_T011_E001,2026-08-01T02:30:00.000000Z,2026-08-01T02:43:20.000000Z,10,800,8000,326,160,408.63476326187754,6371,545.953085581911,6916.953085581911,25,398600.4418,20,100,2000,0.14674331551871883,0.14621723027137598,2.9243446054275197,0.0010974800711604585,5725.10196065414,0.0174669378270032,one independently generated complete analytic trace
calibration,1,KAPPA_CALIBRATION_S1_T012,KAPPA_CALIBRATION_S1_T012_E001,2026-08-01T02:45:00.000000Z,2026-08-01T02:58:20.000000Z,10,800,8000,267,118,409.7659760959407,6371,548.1424339350053,6919.142433935005,25,398600.4418,20,100,2000,0.14722287422704633,0.14669161809414125,2.933832361882825,0.0010969592169948535,5727.820332639645,0.017458648175494598,one independently generated complete analytic trace
calibration,1,KAPPA_CALIBRATION_S1_T013,KAPPA_CALIBRATION_S1_T013_E001,2026-08-01T03:00:00.000000Z,2026-08-01T03:13:20.000000Z,10,800,8000,172,82,413.46339544913474,6371,555.3391850618544,6926.339185061855,25,398600.4418,20,100,2000,0.14879468498672727,0.14824624358656793,2.9649248717313585,0.0010952499826014015,5736.75910247994,0.017431444865232543,one independently generated complete analytic trace
calibration,1,KAPPA_CALIBRATION_S1_T014,KAPPA_CALIBRATION_S1_T014_E001,2026-08-01T03:15:00.000000Z,2026-08-01T03:28:20.000000Z,10,800,8000,249,117,417.9041681421863,6371,564.066470122965,6935.066470122965,25,398600.4418,20,100,2000,0.15069142562108656,0.15012175835490368,3.002435167098074,0.0010931831925358284,5747.605113288145,0.017398550879705623,one independently generated complete analytic trace
calibration,1,KAPPA_CALIBRATION_S1_T015,KAPPA_CALIBRATION_S1_T015_E001,2026-08-01T03:30:00.000000Z,2026-08-01T03:43:20.000000Z,10,800,8000,286,143,414.40469452361987,6371,557.1814085287231,6928.181408528723,25,398600.4418,20,100,2000,0.14919591366619728,0.1486430269382754,2.9728605387655085,0.0010948131664369476,5739.047994488516,0.017424492720053014,one independently generated complete analytic trace
calibration,1,KAPPA_CALIBRATION_S1_T016,KAPPA_CALIBRATION_S1_T016_E001,2026-08-01T03:45:00.000000Z,2026-08-01T03:58:20.000000Z,10,800,8000,278,133,409.7868433083752,6371,548.1828749247395,6919.18287492474,25,398600.4418,20,100,2000,0.1472317263621869,0.14670037446355283,2.934007489271057,0.00109694959980759,5727.870549642104,0.017458495113205436,one independently generated complete analytic trace
calibration,1,KAPPA_CALIBRATION_S1_T017,KAPPA_CALIBRATION_S1_T017_E001,2026-08-01T04:00:00.000000Z,2026-08-01T04:13:20.000000Z,10,800,8000,224,106,407.9517535337965,6371,544.6339961610238,6915.633996161024,25,398600.4418,20,100,2000,0.1464540647630927,0.1459310821236571,2.918621642473142,0.0010977940864877304,5723.464340459272,0.017471935536157397,one independently generated complete analytic trace
calibration,1,KAPPA_CALIBRATION_S1_T018,KAPPA_CALIBRATION_S1_T018_E001,2026-08-01T04:15:00.000000Z,2026-08-01T04:28:20.000000Z,10,800,8000,265,147,409.895482594902,6371,548.3934516057226,6919.3934516057225,25,398600.4418,20,100,2000,0.14727781593809836,0.1467459652393328,2.934919304786656,0.0010968995252779138,5728.132032501026,0.017457698152313336,one independently generated complete analytic trace
calibration,1,KAPPA_CALIBRATION_S1_T019,KAPPA_CALIBRATION_S1_T019_E001,2026-08-01T04:30:00.000000Z,2026-08-01T04:43:20.000000Z,10,800,8000,230,138,414.39356274260916,6371,557.1595984309654,6928.159598430965,25,398600.4418,20,100,2000,0.1491911661847805,0.14863833219533712,2.972766643906742,0.0010948183362083652,5739.020894498221,0.01742457499952059,one independently generated complete analytic trace
calibration,1,KAPPA_CALIBRATION_S1_T020,KAPPA_CALIBRATION_S1_T020_E001,2026-08-01T04:45:00.000000Z,2026-08-01T04:58:20.000000Z,10,800,8000,195,77,413.5884619759682,6371,555.5837173059239,6926.5837173059235,25,398600.4418,20,100,2000,0.1488479693727212,0.14829893899517896,2.9659787799035793,0.0010951919839725243,5737.062906896894,0.017430521788384706,one independently generated complete analytic trace
calibration,1,KAPPA_CALIBRATION_S1_T021,KAPPA_CALIBRATION_S1_T021_E001,2026-08-01T05:00:00.000000Z,2026-08-01T05:13:20.000000Z,10,800,8000,319,141,412.6602023939724,6371,553.7704901587219,6924.770490158722,25,398600.4418,20,100,2000,0.14845266962982168,0.1479079986713765,2.95815997342753,0.0010956221704667224,5734.810299159081,0.017437368419085005,one independently generated complete analytic trace
calibration,1,KAPPA_CALIBRATION_S1_T022,KAPPA_CALIBRATION_S1_T022_E001,2026-08-01T05:15:00.000000Z,2026-08-01T05:28:20.000000Z,10,800,8000,334,167,403.52282402842445,6371,536.1312801962587,6907.131280196259,25,398600.4418,20,100,2000,0.1445838687821544,0.14408065291420483,2.8816130582840964,0.0010998217958853751,5712.912156029346,0.0175042075335363,one independently generated complete analytic trace
calibration,1,KAPPA_CALIBRATION_S1_T023,KAPPA_CALIBRATION_S1_T023_E001,2026-08-01T05:30:00.000000Z,2026-08-01T05:43:20.000000Z,10,800,8000,171,75,406.4922571870763,6371,541.8223365653042,6912.822336565304,25,398600.4418,20,100,2000,0.1458367293994261,0.14532032771553122,2.9064065543106246,0.0010984639150242294,5719.974248804518,0.01748259618841818,one independently generated complete analytic trace
calibration,1,KAPPA_CALIBRATION_S1_T024,KAPPA_CALIBRATION_S1_T024_E001,2026-08-01T05:45:00.000000Z,2026-08-01T05:58:20.000000Z,10,800,8000,215,107,407.1930544923131,6371,543.1711974284623,6914.171197428463,25,398600.4418,20,100,2000,0.14613302369275466,0.14561347036058583,2.9122694072117166,0.0010981424876232624,5721.648490969914,0.01747748051244727,one independently generated complete analytic trace
calibration,1,KAPPA_CALIBRATION_S1_T025,KAPPA_CALIBRATION_S1_T025_E001,2026-08-01T06:00:00.000000Z,2026-08-01T06:13:20.000000Z,10,800,8000,249,130,406.6361583217605,6371,542.0991305669165,6913.099130566917,25,398600.4418,20,100,2000,0.14589755099530216,0.1453805034005663,2.907610068011326,0.0010983979434881384,5720.317799600321,0.017481546218810956,one independently generated complete analytic trace
calibration,1,KAPPA_CALIBRATION_S1_T026,KAPPA_CALIBRATION_S1_T026_E001,2026-08-01T06:15:00.000000Z,2026-08-01T06:28:20.000000Z,10,800,8000,307,192,409.8491847905582,6371,548.3037055121769,6919.303705512177,25,398600.4418,20,100,2000,0.14725817366666655,0.1467265355826599,2.9345307116531982,0.001096920866175236,5728.020590115961,0.017458037803243225,one independently generated complete analytic trace
calibration,1,KAPPA_CALIBRATION_S1_T027,KAPPA_CALIBRATION_S1_T027_E001,2026-08-01T06:30:00.000000Z,2026-08-01T06:43:20.000000Z,10,800,8000,205,72,410.29136077217765,6371,549.1612412993737,6920.161241299374,25,398600.4418,20,100,2000,0.14744581347479208,0.14691214199870975,2.938242839974195,0.001096716979360148,5729.085466375612,0.017454792843797973,one independently generated complete analytic trace
calibration,1,KAPPA_CALIBRATION_S1_T028,KAPPA_CALIBRATION_S1_T028_E001,2026-08-01T06:45:00.000000Z,2026-08-01T06:58:20.000000Z,10,800,8000,205,115,403.4215307439001,6371,535.9378385562034,6906.937838556203,25,398600.4418,20,100,2000,0.14454120514262309,0.14403843429819257,2.8807686859638517,0.0010998680000412302,5712.672163336011,0.017504942895515872,one independently generated complete analytic trace
calibration,1,KAPPA_CALIBRATION_S1_T029,KAPPA_CALIBRATION_S1_T029_E001,2026-08-01T07:00:00.000000Z,2026-08-01T07:13:20.000000Z,10,800,8000,253,130,403.73352987807493,6371,536.5338146180757,6907.533814618076,25,398600.4418,20,100,2000,0.144672631382394,0.14416848879315192,2.8833697758630383,0.0010997256596174813,5713.411569722828,0.01750267747731173,one independently generated complete analytic trace
calibration,1,KAPPA_CALIBRATION_S1_T030,KAPPA_CALIBRATION_S1_T030_E001,2026-08-01T07:15:00.000000Z,2026-08-01T07:28:20.000000Z,10,800,8000,218,114,413.97983419820247,6371,556.3494028206147,6927.349402820615,25,398600.4418,20,100,2000,0.1490147627514546,0.1484638860057096,2.9692777201141918,0.0010950104103106403,5738.014221615599,0.017427631953802293,one independently generated complete analytic trace
calibration,2,KAPPA_CALIBRATION_S2_T001,KAPPA_CALIBRATION_S2_T001_E001,2026-08-04T00:00:00.000000Z,2026-08-04T00:13:20.000000Z,10,800,8000,279,125,409.6974602002427,6371,548.0096629704158,6919.009662970416,25,398600.4418,20,100,2000,0.1471938104059088,0.14666286861553532,2.9332573723107065,0.0010969907919685458,5727.655467284674,0.017459150706808712,one independently generated complete analytic trace
calibration,2,KAPPA_CALIBRATION_S2_T002,KAPPA_CALIBRATION_S2_T002_E001,2026-08-04T00:15:00.000000Z,2026-08-04T00:28:20.000000Z,10,800,8000,252,106,404.34260219297545,6371,537.6984993834059,6908.698499383406,25,398600.4418,20,100,2000,0.1449293294626282,0.144422500435663,2.8884500087132596,0.001099447579801384,5714.856644929491,0.017498251699581132,one independently generated complete analytic trace
calibration,2,KAPPA_CALIBRATION_S2_T003,KAPPA_CALIBRATION_S2_T003_E001,2026-08-04T00:30:00.000000Z,2026-08-04T00:43:20.000000Z,10,800,8000,251,123,416.4279130858885,6371,561.1550118765482,6932.155011876548,25,398600.4418,20,100,2000,0.15005979777338813,0.14949725851523665,2.989945170304733,0.0010938719591695896,5743.986080372196,0.01740951294114561,one independently generated complete analytic trace
calibration,2,KAPPA_CALIBRATION_S2_T004,KAPPA_CALIBRATION_S2_T004_E001,2026-08-04T00:45:00.000000Z,2026-08-04T00:58:20.000000Z,10,800,8000,229,114,409.13053371546306,6371,546.9118844262508,6917.911884426251,25,398600.4418,20,100,2000,0.1469534127534156,0.14642506625879845,2.928501325175969,0.0010972519186093733,5726.2923861119525,0.01746330666637478,one independently generated complete analytic trace
calibration,2,KAPPA_CALIBRATION_S2_T005,KAPPA_CALIBRATION_S2_T005_E001,2026-08-04T01:00:00.000000Z,2026-08-04T01:13:20.000000Z,10,800,8000,326,130,416.36228652186634,6371,561.0258212238978,6932.025821223898,25,398600.4418,20,100,2000,0.1500317442252604,0.14946952017012882,2.9893904034025764,0.0010939025386915919,5743.825509989998,0.017409999629354012,one independently generated complete analytic trace
calibration,2,KAPPA_CALIBRATION_S2_T006,KAPPA_CALIBRATION_S2_T006_E001,2026-08-04T01:15:00.000000Z,2026-08-04T01:28:20.000000Z,10,800,8000,210,127,414.3791456754875,6371,557.1313524455186,6928.131352445518,25,398600.4418,20,100,2000,0.14918501768590092,0.1486322519934786,2.972645039869572,0.001094825031575284,5738.985797702354,0.017424681559594684,one independently generated complete analytic trace
calibration,2,KAPPA_CALIBRATION_S2_T007,KAPPA_CALIBRATION_S2_T007_E001,2026-08-04T01:30:00.000000Z,2026-08-04T01:43:20.000000Z,10,800,8000,262,139,406.0995590288984,6371,541.0674536649909,6912.067453664991,25,398600.4418,20,100,2000,0.14567080114470904,0.14515615884617294,2.903123176923459,0.0010986438686208717,5719.037339248862,0.01748546023886146,one independently generated complete analytic trace
calibration,2,KAPPA_CALIBRATION_S2_T008,KAPPA_CALIBRATION_S2_T008_E001,2026-08-04T01:45:00.000000Z,2026-08-04T01:58:20.000000Z,10,800,8000,271,129,412.12352258851735,6371,552.7239725289065,6923.723972528906,25,398600.4418,20,100,2000,0.14822431766684224,0.14768215446890615,2.953643089378123,0.0010958705840185246,5733.510323946587,0.01744132204355504,one independently generated complete analytic trace
calibration,2,KAPPA_CALIBRATION_S2_T009,KAPPA_CALIBRATION_S2_T009_E001,2026-08-04T02:00:00.000000Z,2026-08-04T02:13:20.000000Z,10,800,8000,198,97,405.31631183233725,6371,539.5638803399705,6910.563880339971,25,398600.4418,20,100,2000,0.14534007297405066,0.14482892556504326,2.896578511300865,0.0010990024460451435,5717.171358253277,0.01749116717581686,one independently generated complete analytic trace
calibration,2,KAPPA_CALIBRATION_S2_T010,KAPPA_CALIBRATION_S2_T010_E001,2026-08-04T02:15:00.000000Z,2026-08-04T02:28:20.000000Z,10,800,8000,251,102,403.37324506325825,6371,535.845642496222,6906.845642496222,25,398600.4418,20,100,2000,0.14452086944395265,0.14401831062849255,2.880366212569851,0.0010998900225041054,5712.55778179962,0.01750529339389844,one independently generated complete analytic trace
calibration,2,KAPPA_CALIBRATION_S2_T011,KAPPA_CALIBRATION_S2_T011_E001,2026-08-04T02:30:00.000000Z,2026-08-04T02:43:20.000000Z,10,800,8000,352,168,414.1958356790897,6371,556.7722947604661,6927.772294760466,25,398600.4418,20,100,2000,0.14910684977847105,0.14855495187902354,2.971099037580471,0.0010949101477752995,5738.539660031573,0.01742603622599165,one independently generated complete analytic trace
calibration,2,KAPPA_CALIBRATION_S2_T012,KAPPA_CALIBRATION_S2_T012_E001,2026-08-04T02:45:00.000000Z,2026-08-04T02:58:20.000000Z,10,800,8000,242,139,408.0375880085565,6371,544.7996515428783,6915.799651542879,25,398600.4418,20,100,2000,0.14649040280676323,0.14596703106344036,2.919340621268807,0.0010977546432377632,5723.669989359096,0.01747130777733701,one independently generated complete analytic trace
calibration,2,KAPPA_CALIBRATION_S2_T013,KAPPA_CALIBRATION_S2_T013_E001,2026-08-04T03:00:00.000000Z,2026-08-04T03:13:20.000000Z,10,800,8000,224,111,415.4407127365834,6371,559.2137641862167,6930.213764186216,25,398600.4418,20,100,2000,0.14963802365694018,0.14908021095229512,2.9816042190459022,0.0010943316041062267,5741.573471517577,0.017416828417518904,one independently generated complete analytic trace
calibration,2,KAPPA_CALIBRATION_S2_T014,KAPPA_CALIBRATION_S2_T014_E001,2026-08-04T03:15:00.000000Z,2026-08-04T03:28:20.000000Z,10,800,8000,327,149,405.01420230500446,6371,538.9846630738314,6909.984663073831,25,398600.4418,20,100,2000,0.1452125846948899,0.14470278025506447,2.8940556051012893,0.0010991406318507826,5716.452585871269,0.01749336647122012,one independently generated complete analytic trace
calibration,2,KAPPA_CALIBRATION_S2_T015,KAPPA_CALIBRATION_S2_T015_E001,2026-08-04T03:30:00.000000Z,2026-08-04T03:43:20.000000Z,10,800,8000,136,75,417.68934490493103,6371,563.642160133187,6934.642160133187,25,398600.4418,20,100,2000,0.15059944381216345,0.15003081829340056,3.0006163658680114,0.0010932835269800239,5747.077635511096,0.017400147751981232,one independently generated complete analytic trace
calibration,2,KAPPA_CALIBRATION_S2_T016,KAPPA_CALIBRATION_S2_T016_E001,2026-08-04T03:45:00.000000Z,2026-08-04T03:58:20.000000Z,10,800,8000,351,177,413.7568784652923,6371,555.9131224983046,6926.913122498305,25,398600.4418,20,100,2000,0.14891973513568574,0.1483699108319391,2.967398216638782,0.001095113863105955,5737.472165094556,0.017429278456177394,one independently generated complete analytic trace
calibration,2,KAPPA_CALIBRATION_S2_T017,KAPPA_CALIBRATION_S2_T017_E001,2026-08-04T04:00:00.000000Z,2026-08-04T04:13:20.000000Z,10,800,8000,238,109,416.25670484137225,6371,560.81801835432,6931.81801835432,25,398600.4418,20,100,2000,0.14998661547773223,0.14942489823170368,2.9884979646340737,0.001093951728771942,5743.5672360361095,0.017410782513797896,one independently generated complete analytic trace
calibration,2,KAPPA_CALIBRATION_S2_T018,KAPPA_CALIBRATION_S2_T018_E001,2026-08-04T04:15:00.000000Z,2026-08-04T04:28:20.000000Z,10,800,8000,216,97,415.3180585840008,6371,558.9728928504712,6929.972892850471,25,398600.4418,20,100,2000,0.14958565446060318,0.14902842677175923,2.9805685354351845,0.0010943886596120225,5741.274136929627,0.017417736484096707,one independently generated complete analytic trace
calibration,2,KAPPA_CALIBRATION_S2_T019,KAPPA_CALIBRATION_S2_T019_E001,2026-08-04T04:30:00.000000Z,2026-08-04T04:43:20.000000Z,10,800,8000,207,90,403.925305044151,6371,536.9003547618341,6907.900354761834,25,398600.4418,20,100,2000,0.14475343747474184,0.14424845024601884,2.884969004920377,0.0010996381319534694,5713.866338936176,0.017501284431273252,one independently generated complete analytic trace
calibration,2,KAPPA_CALIBRATION_S2_T020,KAPPA_CALIBRATION_S2_T020_E001,2026-08-04T04:45:00.000000Z,2026-08-04T04:58:20.000000Z,10,800,8000,229,109,418.015998223631,6371,564.2874384011574,6935.2874384011575,25,398600.4418,20,100,2000,0.15073931757473186,0.15016910740158138,3.0033821480316276,0.0010931309473579964,5747.8798147335465,0.017397719371875158,one independently generated complete analytic trace
calibration,2,KAPPA_CALIBRATION_S2_T021,KAPPA_CALIBRATION_S2_T021_E001,2026-08-04T05:00:00.000000Z,2026-08-04T05:13:20.000000Z,10,800,8000,241,159,416.14936023705553,6371,560.6067992479391,6931.606799247939,25,398600.4418,20,100,2000,0.14994073890726994,0.14937953655669098,2.9875907311338197,0.0010940017313052998,5743.304720078324,0.017411578328832996,one independently generated complete analytic trace
calibration,2,KAPPA_CALIBRATION_S2_T022,KAPPA_CALIBRATION_S2_T022_E001,2026-08-04T05:15:00.000000Z,2026-08-04T05:28:20.000000Z,10,800,8000,141,74,411.47971488702257,6371,551.4703037183341,6922.470303718334,25,398600.4418,20,100,2000,0.1479505702179859,0.14741140316532425,2.948228063306485,0.001096168292981808,5731.9531566526175,0.017446060228865974,one independently generated complete analytic trace
calibration,2,KAPPA_CALIBRATION_S2_T023,KAPPA_CALIBRATION_S2_T023_E001,2026-08-04T05:30:00.000000Z,2026-08-04T05:43:20.000000Z,10,800,8000,286,112,412.01348275759204,6371,552.509560173079,6923.509560173079,25,398600.4418,20,100,2000,0.1481775142689799,0.14763586411447976,2.952717282289595,0.001095921491006675,5733.243994885139,0.017442132253435244,one independently generated complete analytic trace
calibration,2,KAPPA_CALIBRATION_S2_T024,KAPPA_CALIBRATION_S2_T024_E001,2026-08-04T05:45:00.000000Z,2026-08-04T05:58:20.000000Z,10,800,8000,141,68,404.9830925161706,6371,538.9250411729389,6909.925041172939,25,398600.4418,20,100,2000,0.14519945903422266,0.14468979272732405,2.893795854546481,0.0010991548576914662,5716.378600533177,0.017493592882506563,one independently generated complete analytic trace
calibration,2,KAPPA_CALIBRATION_S2_T025,KAPPA_CALIBRATION_S2_T025_E001,2026-08-04T06:00:00.000000Z,2026-08-04T06:13:20.000000Z,10,800,8000,299,161,415.35719040450346,6371,559.04973329164,6930.04973329164,25,398600.4418,20,100,2000,0.14960236161881585,0.14904494733886742,2.9808989467773483,0.0010943704577785125,5741.369627186362,0.01741744679291906,one independently generated complete analytic trace
calibration,2,KAPPA_CALIBRATION_S2_T026,KAPPA_CALIBRATION_S2_T026_E001,2026-08-04T06:15:00.000000Z,2026-08-04T06:28:20.000000Z,10,800,8000,184,95,412.74730206411186,6371,553.9404583113384,6924.940458311338,25,398600.4418,20,100,2000,0.14848974302719348,0.14794466420140648,2.9588932840281297,0.0010955818337155124,5735.021441411677,0.017436726439750673,one independently generated complete analytic trace
calibration,2,KAPPA_CALIBRATION_S2_T027,KAPPA_CALIBRATION_S2_T027_E001,2026-08-04T06:30:00.000000Z,2026-08-04T06:43:20.000000Z,10,800,8000,169,75,408.3844640227293,6371,545.4694404648213,6916.469440464822,25,398600.4418,20,100,2000,0.14663728905556844,0.14611234250528946,2.922246850105789,0.001097595187729919,5724.5015078598035,0.017468769964109346,one independently generated complete analytic trace
calibration,2,KAPPA_CALIBRATION_S2_T028,KAPPA_CALIBRATION_S2_T028_E001,2026-08-04T06:45:00.000000Z,2026-08-04T06:58:20.000000Z,10,800,8000,286,99,416.06022710658476,6371,560.4314553449242,6931.431455344924,25,398600.4418,20,100,2000,0.14990264986219676,0.14934187476494204,2.9868374952988406,0.0010940432438877711,5743.086795044572,0.01741223902210308,one independently generated complete analytic trace
calibration,2,KAPPA_CALIBRATION_S2_T029,KAPPA_CALIBRATION_S2_T029_E001,2026-08-04T07:00:00.000000Z,2026-08-04T07:13:20.000000Z,10,800,8000,216,104,417.3451646133286,6371,562.9628025544313,6933.962802554432,25,398600.4418,20,100,2000,0.1504521229118842,0.14988516324360487,2.9977032648720976,0.001093444203204347,5746.233130841666,0.01740270499351507,one independently generated complete analytic trace
calibration,2,KAPPA_CALIBRATION_S2_T030,KAPPA_CALIBRATION_S2_T030_E001,2026-08-04T07:15:00.000000Z,2026-08-04T07:28:20.000000Z,10,800,8000,165,78,410.78992218586706,6371,550.1291979437253,6921.129197943726,25,398600.4418,20,100,2000,0.14765749492667118,0.1471215233174785,2.94243046634957,0.00109648691487084,5730.287541023425,0.01745113125372764,one independently generated complete analytic trace
calibration,3,KAPPA_CALIBRATION_S3_T001,KAPPA_CALIBRATION_S3_T001_E001,2026-08-07T00:00:00.000000Z,2026-08-07T00:13:20.000000Z,10,800,8000,348,152,413.9162365587746,6371,556.2249313289112,6927.224931328911,25,398600.4418,20,100,2000,0.14898765382613893,0.14843707745156265,2.968741549031253,0.0010950399239021901,5737.859570260569,0.017428101677200648,one independently generated complete analytic trace
calibration,3,KAPPA_CALIBRATION_S3_T002,KAPPA_CALIBRATION_S3_T002_E001,2026-08-07T00:15:00.000000Z,2026-08-07T00:28:20.000000Z,10,800,8000,159,58,408.3488593530707,6371,545.4006657411923,6916.400665741192,25,398600.4418,20,100,2000,0.14662220941864718,0.14609742468636205,2.921948493727241,0.0010976115590327822,5724.416124695647,0.017469030521486895,one independently generated complete analytic trace
calibration,3,KAPPA_CALIBRATION_S3_T003,KAPPA_CALIBRATION_S3_T003_E001,2026-08-07T00:30:00.000000Z,2026-08-07T00:43:20.000000Z,10,800,8000,257,98,406.32859785112163,6371,541.5076505362018,6912.507650536202,25,398600.4418,20,100,2000,0.14576756881783687,0.14525190094964563,2.9050380189929124,0.0010985389258305258,5719.583675589214,0.017483790022478917,one independently generated complete analytic trace
calibration,3,KAPPA_CALIBRATION_S3_T004,KAPPA_CALIBRATION_S3_T004_E001,2026-08-07T00:45:00.000000Z,2026-08-07T00:58:20.000000Z,10,800,8000,288,154,416.6464204079532,6371,561.5853048588352,6932.585304858835,25,398600.4418,20,100,2000,0.1501532191395593,0.14958962937267634,2.991792587453527,0.0010937701187803703,5744.520900045957,0.017407892101010545,one independently generated complete analytic trace
calibration,3,KAPPA_CALIBRATION_S3_T005,KAPPA_CALIBRATION_S3_T005_E001,2026-08-07T01:00:00.000000Z,2026-08-07T01:13:20.000000Z,10,800,8000,136,46,403.45409642265406,6371,536.0000248740093,6907.000024874009,25,398600.4418,20,100,2000,0.1445549209256542,0.14405200704078017,2.8810401408156032,0.0010998531462870392,5712.7493142069015,0.017504706490675575,one independently generated complete analytic trace
calibration,3,KAPPA_CALIBRATION_S3_T006,KAPPA_CALIBRATION_S3_T006_E001,2026-08-07T01:15:00.000000Z,2026-08-07T01:28:20.000000Z,10,800,8000,260,101,405.84055865485635,6371,540.5699557725192,6911.569955772519,25,398600.4418,20,100,2000,0.1455614051196396,0.14504792059256472,2.9009584118512945,0.0010987624920700096,5718.419906509916,0.017487348189691148,one independently generated complete analytic trace
calibration,3,KAPPA_CALIBRATION_S3_T007,KAPPA_CALIBRATION_S3_T007_E001,2026-08-07T01:30:00.000000Z,2026-08-07T01:43:20.000000Z,10,800,8000,256,112,406.34206074979596,6371,541.5335326172388,6912.533532617239,25,398600.4418,20,100,2000,0.1457732576019311,0.1452575294001646,2.9051505880032917,0.0010985327560708961,5719.615798852053,0.017483691827704644,one independently generated complete analytic trace
calibration,3,KAPPA_CALIBRATION_S3_T008,KAPPA_CALIBRATION_S3_T008_E001,2026-08-07T01:45:00.000000Z,2026-08-07T01:58:20.000000Z,10,800,8000,217,104,403.2606705127035,6371,535.6307341638568,6906.630734163857,25,398600.4418,20,100,2000,0.14447346252705445,0.14397139776579432,2.8794279553158866,0.0010999413595550618,5712.2911622499605,0.017506110448440786,one independently generated complete analytic trace
calibration,3,KAPPA_CALIBRATION_S3_T009,KAPPA_CALIBRATION_S3_T009_E001,2026-08-07T02:00:00.000000Z,2026-08-07T02:13:20.000000Z,10,800,8000,199,86,407.9724477066457,6371,544.6739316287618,6915.673931628762,25,398600.4418,20,100,2000,0.14646282532065574,0.14593974889173605,2.918794977834721,0.0010977845774671781,5723.513917162352,0.01747178419539491,one independently generated complete analytic trace
calibration,3,KAPPA_CALIBRATION_S3_T010,KAPPA_CALIBRATION_S3_T010_E001,2026-08-07T02:15:00.000000Z,2026-08-07T02:28:20.000000Z,10,800,8000,188,97,417.5243172206892,6371,563.316351937369,6934.316351937369,25,398600.4418,20,100,2000,0.1505287989202651,0.14996097263406855,2.9992194526813707,0.0010933605796192487,5746.67262045211,0.017401374082822323,one independently generated complete analytic trace
calibration,3,KAPPA_CALIBRATION_S3_T011,KAPPA_CALIBRATION_S3_T011_E001,2026-08-07T02:30:00.000000Z,2026-08-07T02:43:20.000000Z,10,800,8000,217,133,414.0954620419931,6371,556.5757543754156,6927.575754375415,25,398600.4418,20,100,2000,0.14906405502682768,0.1485126318353256,2.970252636706512,0.0010949567432069409,5738.295458848184,0.017426777815318772,one independently generated complete analytic trace
calibration,3,KAPPA_CALIBRATION_S3_T012,KAPPA_CALIBRATION_S3_T012_E001,2026-08-07T02:45:00.000000Z,2026-08-07T02:58:20.000000Z,10,800,8000,204,107,417.53744768649113,6371,563.3422702457154,6934.342270245716,25,398600.4418,20,100,2000,0.15053441929697137,0.1499665294527198,2.999330589054396,0.0010933544496874428,5746.704839382837,0.01740127652192755,one independently generated complete analytic trace
calibration,3,KAPPA_CALIBRATION_S3_T013,KAPPA_CALIBRATION_S3_T013_E001,2026-08-07T03:00:00.000000Z,2026-08-07T03:13:20.000000Z,10,800,8000,289,107,415.4747627769175,6371,559.2806449619209,6930.280644961921,25,398600.4418,20,100,2000,0.14965256320520132,0.14909458800689077,2.9818917601378154,0.0010943157628494876,5741.65658622956,0.017416576296087425,one independently generated complete analytic trace
calibration,3,KAPPA_CALIBRATION_S3_T014,KAPPA_CALIBRATION_S3_T014_E001,2026-08-07T03:15:00.000000Z,2026-08-07T03:28:20.000000Z,10,800,8000,160,74,416.27482142500133,6371,560.8536711908225,6931.853671190823,25,398600.4418,20,100,2000,0.14999435864845018,0.1494325544659684,2.988651089319368,0.001093943288944626,5743.611547945273,0.017410648189774277,one independently generated complete analytic trace
calibration,3,KAPPA_CALIBRATION_S3_T015,KAPPA_CALIBRATION_S3_T015_E001,2026-08-07T03:30:00.000000Z,2026-08-07T03:43:20.000000Z,10,800,8000,343,167,405.22480223518727,6371,539.3883912557798,6910.388391255779,25,398600.4418,20,100,2000,0.14530145191809757,0.14479071159405385,2.895814231881077,0.0010990443100069702,5716.953584100479,0.017491833461463074,one independently generated complete analytic trace
calibration,3,KAPPA_CALIBRATION_S3_T016,KAPPA_CALIBRATION_S3_T016_E001,2026-08-07T03:45:00.000000Z,2026-08-07T03:58:20.000000Z,10,800,8000,287,136,411.44950623481583,6371,551.4115259617214,6922.411525961721,25,398600.4418,20,100,2000,0.1479377304644786,0.14739870367058125,2.947974073411625,0.0010961822542544786,5731.880152952143,0.01744628242942171,one independently generated complete analytic trace
calibration,3,KAPPA_CALIBRATION_S3_T017,KAPPA_CALIBRATION_S3_T017_E001,2026-08-07T04:00:00.000000Z,2026-08-07T04:13:20.000000Z,10,800,8000,264,134,415.3714476701888,6371,559.0777310697413,6930.077731069741,25,398600.4418,20,100,2000,0.14960844888474373,0.14905096660984285,2.981019332196857,0.0010943638258376859,5741.4044203901685,0.017417341242302577,one independently generated complete analytic trace
calibration,3,KAPPA_CALIBRATION_S3_T018,KAPPA_CALIBRATION_S3_T018_E001,2026-08-07T04:15:00.000000Z,2026-08-07T04:28:20.000000Z,10,800,8000,228,102,411.80457649990075,6371,552.1026598679392,6923.102659867939,25,398600.4418,20,100,2000,0.14808867620556782,0.14754799897523443,2.9509599795046886,0.0010960181104047813,5732.738581170964,0.017443669998915962,one independently generated complete analytic trace
calibration,3,KAPPA_CALIBRATION_S3_T019,KAPPA_CALIBRATION_S3_T019_E001,2026-08-07T04:30:00.000000Z,2026-08-07T04:43:20.000000Z,10,800,8000,350,224,413.7304657746837,6371,555.8614533332682,6926.861453333268,25,398600.4418,20,100,2000,0.14890847921388212,0.1483587794820252,2.9671755896405037,0.0010951261162147022,5737.407969866871,0.01742947347045993,one independently generated complete analytic trace
calibration,3,KAPPA_CALIBRATION_S3_T020,KAPPA_CALIBRATION_S3_T020_E001,2026-08-07T04:45:00.000000Z,2026-08-07T04:58:20.000000Z,10,800,8000,233,117,408.28033638763145,6371,545.2683214818554,6916.268321481855,25,398600.4418,20,100,2000,0.14659318962699336,0.14606871620955114,2.9213743241910226,0.0010976430637280109,5724.251821752978,0.01746953193428452,one independently generated complete analytic trace
calibration,3,KAPPA_CALIBRATION_S3_T021,KAPPA_CALIBRATION_S3_T021_E001,2026-08-07T05:00:00.000000Z,2026-08-07T05:13:20.000000Z,10,800,8000,264,130,410.29573774327,6371,549.1697342499973,6920.169734249997,25,398600.4418,20,100,2000,0.14744767134201903,0.14691397970697856,2.938279594139571,0.0010967149604009345,5729.096013135987,0.0174547607110641,one independently generated complete analytic trace
calibration,3,KAPPA_CALIBRATION_S3_T022,KAPPA_CALIBRATION_S3_T022_E001,2026-08-07T05:15:00.000000Z,2026-08-07T05:28:20.000000Z,10,800,8000,281,161,404.444719612962,6371,537.8939323873252,6908.893932387326,25,398600.4418,20,100,2000,0.14497238485372205,0.14446510430510162,2.8893020861020324,0.001099400929753106,5715.099139119893,0.01749750924100324,one independently generated complete analytic trace
calibration,3,KAPPA_CALIBRATION_S3_T023,KAPPA_CALIBRATION_S3_T023_E001,2026-08-07T05:30:00.000000Z,2026-08-07T05:43:20.000000Z,10,800,8000,292,127,410.0477213238077,6371,548.6886279579996,6919.688627957999,25,398600.4418,20,100,2000,0.14734241197238823,0.1468098616644458,2.9361972332889157,0.0010968293396022627,5728.49857340434,0.017456581112591928,one independently generated complete analytic trace
calibration,3,KAPPA_CALIBRATION_S3_T024,KAPPA_CALIBRATION_S3_T024_E001,2026-08-07T05:45:00.000000Z,2026-08-07T05:58:20.000000Z,10,800,8000,197,85,414.4992797261068,6371,557.3667491282314,6928.366749128231,25,398600.4418,20,100,2000,0.14923625483478703,0.14868291983261087,2.973658396652217,0.0010947692357432663,5739.278289925433,0.01742379354134773,one independently generated complete analytic trace
calibration,3,KAPPA_CALIBRATION_S3_T025,KAPPA_CALIBRATION_S3_T025_E001,2026-08-07T06:00:00.000000Z,2026-08-07T06:13:20.000000Z,10,800,8000,213,112,406.54232355976865,6371,541.9186287517601,6912.9186287517605,25,398600.4418,20,100,2000,0.14585788944542039,0.14534126310787485,2.906825262157497,0.0010984409638375896,5720.093763827064,0.017482230908937822,one independently generated complete analytic trace
calibration,3,KAPPA_CALIBRATION_S3_T026,KAPPA_CALIBRATION_S3_T026_E001,2026-08-07T06:15:00.000000Z,2026-08-07T06:28:20.000000Z,10,800,8000,229,90,414.6995216380475,6371,557.7592621908709,6928.759262190871,25,398600.4418,20,100,2000,0.14932167386289014,0.1487673888790423,2.975347777580846,0.001094676209317426,5739.766018206791,0.017422312979796666,one independently generated complete analytic trace
calibration,3,KAPPA_CALIBRATION_S3_T027,KAPPA_CALIBRATION_S3_T027_E001,2026-08-07T06:30:00.000000Z,2026-08-07T06:43:20.000000Z,10,800,8000,195,122,410.9739920623752,6371,550.4868564877899,6921.48685648779,25,398600.4418,20,100,2000,0.14773567878002164,0.14719885595757887,2.9439771191515773,0.0010964019267341596,5730.731727091397,0.017449778625521956,one independently generated complete analytic trace
calibration,3,KAPPA_CALIBRATION_S3_T028,KAPPA_CALIBRATION_S3_T028_E001,2026-08-07T06:45:00.000000Z,2026-08-07T06:58:20.000000Z,10,800,8000,236,99,411.11159145984135,6371,550.7543213904585,6921.754321390458,25,398600.4418,20,100,2000,0.14779413505738276,0.14725667521443145,2.945133504288629,0.0010963383779165957,5731.0639066742415,0.017448767214677665,one independently generated complete analytic trace
calibration,3,KAPPA_CALIBRATION_S3_T029,KAPPA_CALIBRATION_S3_T029_E001,2026-08-07T07:00:00.000000Z,2026-08-07T07:13:20.000000Z,10,800,8000,319,152,408.2473859901041,6371,545.204689121184,6916.204689121184,25,398600.4418,20,100,2000,0.1465792357890146,0.1460549120199906,2.921098240399812,0.0010976582120173788,5724.172823917348,0.017469773026797752,one independently generated complete analytic trace
calibration,3,KAPPA_CALIBRATION_S3_T030,KAPPA_CALIBRATION_S3_T030_E001,2026-08-07T07:15:00.000000Z,2026-08-07T07:28:20.000000Z,10,800,8000,235,117,405.2186098080506,6371,539.3765173115955,6910.376517311595,25,398600.4418,20,100,2000,0.1452988385870259,0.14478812580097772,2.8957625160195546,0.001099047142702779,5716.9388491634345,0.017491878545217096,one independently generated complete analytic trace
calibration,4,KAPPA_CALIBRATION_S4_T001,KAPPA_CALIBRATION_S4_T001_E001,2026-08-10T00:00:00.000000Z,2026-08-10T00:13:20.000000Z,10,800,8000,311,116,408.3468542382375,6371,545.396792790013,6916.396792790013,25,398600.4418,20,100,2000,0.14662136021106992,0.1460965845905536,2.9219316918110723,0.0010976124809716264,5724.411316476282,0.017469045194599325,one independently generated complete analytic trace
calibration,4,KAPPA_CALIBRATION_S4_T002,KAPPA_CALIBRATION_S4_T002_E001,2026-08-10T00:15:00.000000Z,2026-08-10T00:28:20.000000Z,10,800,8000,211,94,404.97035643464386,6371,538.9006337209747,6909.900633720975,25,398600.4418,20,100,2000,0.14519408563399389,0.14468447586894312,2.8936895173788626,0.0010991606814205984,5716.348313204719,0.017493685570034424,one independently generated complete analytic trace
calibration,4,KAPPA_CALIBRATION_S4_T003,KAPPA_CALIBRATION_S4_T003_E001,2026-08-10T00:30:00.000000Z,2026-08-10T00:43:20.000000Z,10,800,8000,289,143,403.1400588658261,6371,535.4005449752424,6906.400544975242,25,398600.4418,20,100,2000,0.14442267771432188,0.14392114185125343,2.8784228370250684,0.0010999963513088312,5712.005589567216,0.017506985669384956,one independently generated complete analytic trace
calibration,4,KAPPA_CALIBRATION_S4_T004,KAPPA_CALIBRATION_S4_T004_E001,2026-08-10T00:45:00.000000Z,2026-08-10T00:58:20.000000Z,10,800,8000,309,178,403.1613901992108,6371,535.4412514710092,6906.441251471009,25,398600.4418,20,100,2000,0.1444316589976648,0.14393002962608475,2.8786005925216953,0.0010999866262718964,5712.056089695129,0.01750683089061496,one independently generated complete analytic trace
calibration,4,KAPPA_CALIBRATION_S4_T005,KAPPA_CALIBRATION_S4_T005_E001,2026-08-10T01:00:00.000000Z,2026-08-10T01:13:20.000000Z,10,800,8000,237,92,407.5458645017829,6371,543.851104988479,6914.851104988479,25,398600.4418,20,100,2000,0.14628227964926083,0.14576113385856201,2.9152226771712404,0.0010979805281650659,5722.492472320964,0.017474902847612026,one independently generated complete analytic trace
calibration,4,KAPPA_CALIBRATION_S4_T006,KAPPA_CALIBRATION_S4_T006_E001,2026-08-10T01:15:00.000000Z,2026-08-10T01:28:20.000000Z,10,800,8000,260,127,417.263983881246,6371,562.8026458495954,6933.802645849595,25,398600.4418,20,100,2000,0.15041738344917494,0.1498508161278406,2.997016322556812,0.0010934820879208637,5746.0340471844165,0.017403307947505196,one independently generated complete analytic trace
calibration,4,KAPPA_CALIBRATION_S4_T007,KAPPA_CALIBRATION_S4_T007_E001,2026-08-10T01:30:00.000000Z,2026-08-10T01:43:20.000000Z,10,800,8000,313,155,418.10584252425804,6371,564.4650070841305,6935.465007084131,25,398600.4418,20,100,2000,0.15077779853030843,0.1502071518844532,3.004143037689064,0.0010930889664857665,5748.100566214435,0.017397051225542085,one independently generated complete analytic trace
calibration,4,KAPPA_CALIBRATION_S4_T008,KAPPA_CALIBRATION_S4_T008_E001,2026-08-10T01:45:00.000000Z,2026-08-10T01:58:20.000000Z,10,800,8000,232,114,410.510159864098,6371,549.5858998659885,6920.585899865989,25,398600.4418,20,100,2000,0.1475386972645522,0.14700401732322946,2.940080346464589,0.0010966160363642928,5729.612826026857,0.017453186286121886,one independently generated complete analytic trace
calibration,4,KAPPA_CALIBRATION_S4_T009,KAPPA_CALIBRATION_S4_T009_E001,2026-08-10T02:00:00.000000Z,2026-08-10T02:13:20.000000Z,10,800,8000,283,171,409.4927321001077,6371,547.6130654844951,6918.613065484495,25,398600.4418,20,100,2000,0.1471069801850315,0.1465769767773536,2.931539535547072,0.0010970851179600736,5727.163010708392,0.01746065195159008,one independently generated complete analytic trace
calibration,4,KAPPA_CALIBRATION_S4_T010,KAPPA_CALIBRATION_S4_T010_E001,2026-08-10T02:15:00.000000Z,2026-08-10T02:28:20.000000Z,10,800,8000,118,56,407.1808535645939,6371,543.1476947891799,6914.14769478918,25,398600.4418,20,100,2000,0.14612786317212773,0.14560836484113276,2.9121672968226555,0.0010981480868532411,5721.619317467595,0.017477569626960135,one independently generated complete analytic trace
calibration,4,KAPPA_CALIBRATION_S4_T011,KAPPA_CALIBRATION_S4_T011_E001,2026-08-10T02:30:00.000000Z,2026-08-10T02:43:20.000000Z,10,800,8000,270,133,412.78732668281947,6371,554.0185749316087,6925.018574931609,25,398600.4418,20,100,2000,0.1485067804919858,0.147961514158333,2.95923028316666,0.0010955632959510715,5735.118482337507,0.01743643140206621,one independently generated complete analytic trace
calibration,4,KAPPA_CALIBRATION_S4_T012,KAPPA_CALIBRATION_S4_T012_E001,2026-08-10T02:45:00.000000Z,2026-08-10T02:58:20.000000Z,10,800,8000,223,90,408.6105557286043,6371,545.9062977636493,6916.9062977636495,25,398600.4418,20,100,2000,0.14673305991339874,0.14620708488041845,2.924141697608369,0.0010974912066557374,5725.043871946488,0.017467115053914944,one independently generated complete analytic trace
calibration,4,KAPPA_CALIBRATION_S4_T013,KAPPA_CALIBRATION_S4_T013_E001,2026-08-10T03:00:00.000000Z,2026-08-10T03:13:20.000000Z,10,800,8000,253,129,408.62473243365207,6371,545.9336978832386,6916.933697883239,25,398600.4418,20,100,2000,0.14673906588921842,0.14621302631342084,2.9242605262684167,0.0010974846854076288,5725.077890126439,0.017467011265027782,one independently generated complete analytic trace
calibration,4,KAPPA_CALIBRATION_S4_T014,KAPPA_CALIBRATION_S4_T014_E001,2026-08-10T03:15:00.000000Z,2026-08-10T03:28:20.000000Z,10,800,8000,204,92,415.00754032961515,6371,558.3634026796307,6929.363402679631,25,398600.4418,20,100,2000,0.14945310703589593,0.14889735820705416,2.9779471641410833,0.0010945330524861191,5740.516737167487,0.017420034568062678,one independently generated complete analytic trace
calibration,4,KAPPA_CALIBRATION_S4_T015,KAPPA_CALIBRATION_S4_T015_E001,2026-08-10T03:30:00.000000Z,2026-08-10T03:43:20.000000Z,10,800,8000,151,84,404.4569424615769,6371,537.9173276638071,6908.917327663807,25,398600.4418,20,100,2000,0.1449775386604008,0.144470204045892,2.8894040809178403,0.0010993953454989341,5715.1281683188445,0.017497420364837746,one independently generated complete analytic trace
calibration,4,KAPPA_CALIBRATION_S4_T016,KAPPA_CALIBRATION_S4_T016_E001,2026-08-10T03:45:00.000000Z,2026-08-10T03:58:20.000000Z,10,800,8000,191,110,406.21703156765693,6371,541.293198448054,6912.293198448054,25,398600.4418,20,100,2000,0.14572042952452496,0.14520526142100842,2.9041052284201685,0.0010985900490512175,5719.317513030429,0.017484603673806904,one independently generated complete analytic trace
calibration,4,KAPPA_CALIBRATION_S4_T017,KAPPA_CALIBRATION_S4_T017_E001,2026-08-10T04:00:00.000000Z,2026-08-10T04:13:20.000000Z,10,800,8000,239,99,414.7272289754766,6371,557.8135886354596,6928.813588635459,25,398600.4418,20,100,2000,0.14933349480117358,0.1487790782661101,2.9755815653222015,0.0010946633348731009,5739.833524165643,0.017422108076651274,one independently generated complete analytic trace
calibration,4,KAPPA_CALIBRATION_S4_T018,KAPPA_CALIBRATION_S4_T018_E001,2026-08-10T04:15:00.000000Z,2026-08-10T04:28:20.000000Z,10,800,8000,232,82,409.25248703999176,6371,547.1479077559163,6918.147907755916,25,398600.4418,20,100,2000,0.1470051122835248,0.14647620836350458,2.929524167270092,0.001097195767415607,5726.585440608592,0.017462412992369936,one independently generated complete analytic trace
calibration,4,KAPPA_CALIBRATION_S4_T019,KAPPA_CALIBRATION_S4_T019_E001,2026-08-10T04:30:00.000000Z,2026-08-10T04:43:20.000000Z,10,800,8000,295,135,412.0002659732249,6371,552.4838110424835,6923.4838110424835,25,398600.4418,20,100,2000,0.14817189315470386,0.1476303045952525,2.95260609190505,0.001095927604775249,5733.212011269788,0.01744222955708419,one independently generated complete analytic trace
calibration,4,KAPPA_CALIBRATION_S4_T020,KAPPA_CALIBRATION_S4_T020_E001,2026-08-10T04:45:00.000000Z,2026-08-10T04:58:20.000000Z,10,800,8000,209,97,407.86820662374157,6371,544.4727875833476,6915.472787583348,25,398600.4418,20,100,2000,0.14641869857216633,0.14589609444508855,2.917921888901771,0.0010978324732025802,5723.264214302546,0.017472546479699137,one independently generated complete analytic trace
calibration,4,KAPPA_CALIBRATION_S4_T021,KAPPA_CALIBRATION_S4_T021_E001,2026-08-10T05:00:00.000000Z,2026-08-10T05:13:20.000000Z,10,800,8000,229,120,411.22650415750854,6371,550.9777544182954,6921.977754418295,25,398600.4418,20,100,2000,0.14784296044332162,0.14730496814572303,2.9460993629144605,0.0010962852956396974,5731.341405535556,0.01744792238400177,one independently generated complete analytic trace
calibration,4,KAPPA_CALIBRATION_S4_T022,KAPPA_CALIBRATION_S4_T022_E001,2026-08-10T05:15:00.000000Z,2026-08-10T05:28:20.000000Z,10,800,8000,231,127,406.58269701512677,6371,541.9962868324246,6912.996286832425,25,398600.4418,20,100,2000,0.14587495375317588,0.1453581461985369,2.907162923970738,0.0010984224546614228,5720.1901513532985,0.017481936326249874,one independently generated complete analytic trace
calibration,4,KAPPA_CALIBRATION_S4_T023,KAPPA_CALIBRATION_S4_T023_E001,2026-08-10T05:30:00.000000Z,2026-08-10T05:43:20.000000Z,10,800,8000,313,137,415.14838699695076,6371,558.6398030930733,6929.639803093073,25,398600.4418,20,100,2000,0.14951322272844753,0.14895680350025925,2.979136070005185,0.0010944675671838338,5740.860209633076,0.01741899233710682,one independently generated complete analytic trace
calibration,4,KAPPA_CALIBRATION_S4_T024,KAPPA_CALIBRATION_S4_T024_E001,2026-08-10T05:45:00.000000Z,2026-08-10T05:58:20.000000Z,10,800,8000,172,70,415.8601549614023,6371,560.0380060049988,6931.038006004999,25,398600.4418,20,100,2000,0.14981716793979877,0.14925735092368372,2.9851470184736746,0.0010941364023801564,5742.597809113476,0.01741372168555849,one independently generated complete analytic trace
calibration,4,KAPPA_CALIBRATION_S4_T025,KAPPA_CALIBRATION_S4_T025_E001,2026-08-10T06:00:00.000000Z,2026-08-10T06:13:20.000000Z,10,800,8000,287,134,415.17005171144024,6371,558.6823265762895,6929.68232657629,25,398600.4418,20,100,2000,0.14952247046204198,0.14896594805702967,2.9793189611405935,0.0010944574930203369,5740.913052584706,0.017418832001815016,one independently generated complete analytic trace
calibration,4,KAPPA_CALIBRATION_S4_T026,KAPPA_CALIBRATION_S4_T026_E001,2026-08-10T06:15:00.000000Z,2026-08-10T06:28:20.000000Z,10,800,8000,254,136,408.6560892490219,6371,545.9943062058659,6916.9943062058655,25,398600.4418,20,100,2000,0.14675235058180486,0.14622616822421186,2.924523364484237,0.0010974702608128038,5725.153137658746,0.017466781690470935,one independently generated complete analytic trace
calibration,4,KAPPA_CALIBRATION_S4_T027,KAPPA_CALIBRATION_S4_T027_E001,2026-08-10T06:30:00.000000Z,2026-08-10T06:43:20.000000Z,10,800,8000,283,152,417.46846427256065,6371,563.2061125233876,6934.206112523388,25,398600.4418,20,100,2000,0.15050489253920335,0.14993733654549848,2.9987467309099696,0.0010933866529519401,5746.5355830127955,0.017401789052800393,one independently generated complete analytic trace
calibration,4,KAPPA_CALIBRATION_S4_T028,KAPPA_CALIBRATION_S4_T028_E001,2026-08-10T06:45:00.000000Z,2026-08-10T06:58:20.000000Z,10,800,8000,246,116,416.7394758232197,6371,561.7686211116807,6932.768621111681,25,398600.4418,20,100,2000,0.15019301161407267,0.14962897399056962,2.9925794798113925,0.0010937267368664862,5744.748752490806,0.017407201656407,one independently generated complete analytic trace
calibration,4,KAPPA_CALIBRATION_S4_T029,KAPPA_CALIBRATION_S4_T029_E001,2026-08-10T07:00:00.000000Z,2026-08-10T07:13:20.000000Z,10,800,8000,402,231,411.4490719358246,6371,551.4106809654318,6922.410680965431,25,398600.4418,20,100,2000,0.14793754587518854,0.14739852109752855,2.947970421950571,0.00109618245496562,5731.8791034441865,0.01744628562383874,one independently generated complete analytic trace
calibration,4,KAPPA_CALIBRATION_S4_T030,KAPPA_CALIBRATION_S4_T030_E001,2026-08-10T07:15:00.000000Z,2026-08-10T07:28:20.000000Z,10,800,8000,316,176,410.7803150804031,6371,550.110535028519,6921.110535028519,25,398600.4418,20,100,2000,0.14765341475354327,0.14711748754183854,2.9423497508367706,0.0010964913499227024,5730.264363346343,0.01745120183977032,one independently generated complete analytic trace
calibration,5,KAPPA_CALIBRATION_S5_T001,KAPPA_CALIBRATION_S5_T001_E001,2026-08-13T00:00:00.000000Z,2026-08-13T00:13:20.000000Z,10,800,8000,348,184,413.6501970536226,6371,555.7044494766673,6926.704449476667,25,398600.4418,20,100,2000,0.14887427434544703,0.1483249530514379,2.966499061028758,0.0010951633503711341,5737.212905317102,0.01743006607046473,one independently generated complete analytic trace
calibration,5,KAPPA_CALIBRATION_S5_T002,KAPPA_CALIBRATION_S5_T002_E001,2026-08-13T00:15:00.000000Z,2026-08-13T00:28:20.000000Z,10,800,8000,242,127,404.7049642558537,6371,538.3922000389666,6909.392200038967,25,398600.4418,20,100,2000,0.1450821332593734,0.14457370056828983,2.891474011365797,0.0010992820077059516,5715.717407484653,0.01749561653783852,one independently generated complete analytic trace
calibration,5,KAPPA_CALIBRATION_S5_T003,KAPPA_CALIBRATION_S5_T003_E001,2026-08-13T00:30:00.000000Z,2026-08-13T00:43:20.000000Z,10,800,8000,287,139,413.16984671127904,6371,554.7655175198025,6925.765517519802,25,398600.4418,20,100,2000,0.1486696493347473,0.1481225883600527,2.9624517672010544,0.001095386066267794,5736.046404705231,0.017433610704050587,one independently generated complete analytic trace
calibration,5,KAPPA_CALIBRATION_S5_T004,KAPPA_CALIBRATION_S5_T004_E001,2026-08-13T00:45:00.000000Z,2026-08-13T00:58:20.000000Z,10,800,8000,264,135,416.0899434136809,6371,560.4899095372554,6931.489909537256,25,398600.4418,20,100,2000,0.1499153480195658,0.14935443050832217,2.9870886101664436,0.0010940294045948765,5743.159444152486,0.01741201876291577,one independently generated complete analytic trace
calibration,5,KAPPA_CALIBRATION_S5_T005,KAPPA_CALIBRATION_S5_T005_E001,2026-08-13T01:00:00.000000Z,2026-08-13T01:13:20.000000Z,10,800,8000,258,105,411.38003794337527,6371,551.2763755768449,6922.276375576845,25,398600.4418,20,100,2000,0.14790820565899948,0.14736950129568158,2.9473900259136316,0.0010962143571716333,5731.712293379344,0.017446793363216993,one independently generated complete analytic trace
calibration,5,KAPPA_CALIBRATION_S5_T006,KAPPA_CALIBRATION_S5_T006_E001,2026-08-13T01:15:00.000000Z,2026-08-13T01:28:20.000000Z,10,800,8000,258,133,418.2036350123215,6371,564.6583279051399,6935.65832790514,25,398600.4418,20,100,2000,0.15081968836548004,0.1502485663286302,3.004971326572604,0.001093043264540708,5748.3409037973925,0.017396323856495588,one independently generated complete analytic trace
calibration,5,KAPPA_CALIBRATION_S5_T007,KAPPA_CALIBRATION_S5_T007_E001,2026-08-13T01:30:00.000000Z,2026-08-13T01:43:20.000000Z,10,800,8000,203,86,408.9494311317534,6371,546.5615106170007,6917.561510617001,25,398600.4418,20,100,2000,0.14687665144216194,0.14634913186769552,2.9269826373539103,0.0010973352832173786,5725.857359436521,0.017464633455319078,one independently generated complete analytic trace
calibration,5,KAPPA_CALIBRATION_S5_T008,KAPPA_CALIBRATION_S5_T008_E001,2026-08-13T01:45:00.000000Z,2026-08-13T01:58:20.000000Z,10,800,8000,301,161,404.2240492352622,6371,537.4716700731223,6908.471670073122,25,398600.4418,20,100,2000,0.1448793506311415,0.14437304539615534,2.887460907923107,0.001099501728315378,5714.575198355064,0.017499113499947455,one independently generated complete analytic trace
calibration,5,KAPPA_CALIBRATION_S5_T009,KAPPA_CALIBRATION_S5_T009_E001,2026-08-13T02:00:00.000000Z,2026-08-13T02:13:20.000000Z,10,800,8000,338,158,407.80554610836737,6371,544.3519011797226,6915.3519011797225,25,398600.4418,20,100,2000,0.14639217599610393,0.1458698556114278,2.9173971122285556,0.0010978612599370837,5723.11414608041,0.017473004634808307,one independently generated complete analytic trace
calibration,5,KAPPA_CALIBRATION_S5_T010,KAPPA_CALIBRATION_S5_T010_E001,2026-08-13T02:15:00.000000Z,2026-08-13T02:28:20.000000Z,10,800,8000,298,121,410.64639094144934,6371,549.8504157918568,6920.850415791857,25,398600.4418,20,100,2000,0.14759654136542572,0.14706123275375554,2.9412246550751107,0.0010965531677245123,5729.941321694412,0.017452185700643233,one independently generated complete analytic trace
calibration,5,KAPPA_CALIBRATION_S5_T011,KAPPA_CALIBRATION_S5_T011_E001,2026-08-13T02:30:00.000000Z,2026-08-13T02:43:20.000000Z,10,800,8000,178,92,405.888407067223,6371,540.661842238125,6911.661842238125,25,398600.4418,20,100,2000,0.14558161281405274,0.1450679145535393,2.901358291070786,0.0010987405810444085,5718.53394293228,0.017486999464887888,one independently generated complete analytic trace
calibration,5,KAPPA_CALIBRATION_S5_T012,KAPPA_CALIBRATION_S5_T012_E001,2026-08-13T02:45:00.000000Z,2026-08-13T02:58:20.000000Z,10,800,8000,314,152,405.717701687104,6371,540.3340723281057,6911.334072328105,25,398600.4418,20,100,2000,0.14550952427110958,0.1449965882079599,2.899931764159198,0.0010988187436033487,5718.127164972796,0.01748824346064989,one independently generated complete analytic trace
calibration,5,KAPPA_CALIBRATION_S5_T013,KAPPA_CALIBRATION_S5_T013_E001,2026-08-13T03:00:00.000000Z,2026-08-13T03:13:20.000000Z,10,800,8000,183,88,416.1465727764156,6371,560.6013151545415,6931.601315154541,25,398600.4418,20,100,2000,0.1499395476884356,0.14937835870330687,2.9875671740661374,0.0010940030296219339,5743.29790416662,0.017411598992184,one independently generated complete analytic trace
calibration,5,KAPPA_CALIBRATION_S5_T014,KAPPA_CALIBRATION_S5_T014_E001,2026-08-13T03:15:00.000000Z,2026-08-13T03:28:20.000000Z,10,800,8000,224,135,405.1713708853218,6371,539.2859425730747,6910.285942573075,25,398600.4418,20,100,2000,0.14527890339591204,0.14476840064454752,2.8953680128909505,0.0010990687509765736,5716.826451117534,0.017492222451575706,one independently generated complete analytic trace
calibration,5,KAPPA_CALIBRATION_S5_T015,KAPPA_CALIBRATION_S5_T015_E001,2026-08-13T03:30:00.000000Z,2026-08-13T03:43:20.000000Z,10,800,8000,159,78,405.46542356616914,6371,539.8499138282704,6910.8499138282705,25,398600.4418,20,100,2000,0.14540301321141508,0.14489120191836652,2.8978240383673306,0.0010989342167561605,5717.526319024194,0.017490081272956332,one independently generated complete analytic trace
calibration,5,KAPPA_CALIBRATION_S5_T016,KAPPA_CALIBRATION_S5_T016_E001,2026-08-13T03:45:00.000000Z,2026-08-13T03:58:20.000000Z,10,800,8000,305,140,408.6204221378834,6371,545.9253670345762,6916.925367034576,25,398600.4418,20,100,2000,0.1467372398176578,0.14621121986617405,2.924224397323481,0.0010974866681487511,5725.067547087484,0.01746704282133283,one independently generated complete analytic trace
calibration,5,KAPPA_CALIBRATION_S5_T017,KAPPA_CALIBRATION_S5_T017_E001,2026-08-13T04:00:00.000000Z,2026-08-13T04:13:20.000000Z,10,800,8000,298,179,414.5513879133973,6371,557.4688733672209,6928.468873367221,25,398600.4418,20,100,2000,0.14925848118930946,0.14870489910274623,2.9740979820549245,0.0010947450308146321,5739.405185976576,0.0174234083079438,one independently generated complete analytic trace
calibration,5,KAPPA_CALIBRATION_S5_T018,KAPPA_CALIBRATION_S5_T018_E001,2026-08-13T04:15:00.000000Z,2026-08-13T04:28:20.000000Z,10,800,8000,196,110,417.69964798744326,6371,563.6625053910996,6934.662505391099,25,398600.4418,20,100,2000,0.15060385479914112,0.1500351793523709,3.000703587047418,0.0010932787156891365,5747.102927197341,0.017400071177908493,one independently generated complete analytic trace
calibration,5,KAPPA_CALIBRATION_S5_T019,KAPPA_CALIBRATION_S5_T019_E001,2026-08-13T04:30:00.000000Z,2026-08-13T04:43:20.000000Z,10,800,8000,203,103,418.2730905501477,6371,564.7956583257965,6935.7956583257965,25,398600.4418,20,100,2000,0.15084944286755647,0.15027798299861517,3.0055596599723033,0.001093010800922474,5748.511635819824,0.017395807181964328,one independently generated complete analytic trace
calibration,5,KAPPA_CALIBRATION_S5_T020,KAPPA_CALIBRATION_S5_T020_E001,2026-08-13T04:45:00.000000Z,2026-08-13T04:58:20.000000Z,10,800,8000,195,81,414.71403454243045,6371,557.7877175472594,6928.7877175472595,25,398600.4418,20,100,2000,0.14932786553800498,0.14877351165169606,2.975470233033921,0.0010946694658499634,5739.8013767571065,0.017422205654178638,one independently generated complete analytic trace
calibration,5,KAPPA_CALIBRATION_S5_T021,KAPPA_CALIBRATION_S5_T021_E001,2026-08-13T05:00:00.000000Z,2026-08-13T05:13:20.000000Z,10,800,8000,252,120,416.06401873116664,6371,560.4389135233662,6931.438913523366,25,398600.4418,20,100,2000,0.1499042700472752,0.14934347678045506,2.9868695356091015,0.0010940414781142477,5743.096064337198,0.017412210918944616,one independently generated complete analytic trace
calibration,5,KAPPA_CALIBRATION_S5_T022,KAPPA_CALIBRATION_S5_T022_E001,2026-08-13T05:15:00.000000Z,2026-08-13T05:28:20.000000Z,10,800,8000,216,105,407.9362867858475,6371,544.6041498031358,6915.604149803135,25,398600.4418,20,100,2000,0.14644751728973843,0.14592460473945812,2.9184920947891624,0.0010978011932834281,5723.4272886761255,0.01747204864432388,one independently generated complete analytic trace
calibration,5,KAPPA_CALIBRATION_S5_T023,KAPPA_CALIBRATION_S5_T023_E001,2026-08-13T05:30:00.000000Z,2026-08-13T05:43:20.000000Z,10,800,8000,322,179,411.3587664206415,6371,551.2349963057543,6922.234996305754,25,398600.4418,20,100,2000,0.14789916549448873,0.14736055983011015,2.947211196602203,0.0010962241865010776,5731.660899796621,0.017446949801853826,one independently generated complete analytic trace
calibration,5,KAPPA_CALIBRATION_S5_T024,KAPPA_CALIBRATION_S5_T024_E001,2026-08-13T05:45:00.000000Z,2026-08-13T05:58:20.000000Z,10,800,8000,249,106,414.34282070595793,6371,557.0601886736913,6928.060188673691,25,398600.4418,20,100,2000,0.14916952650077492,0.14861693285825386,2.972338657165077,0.0010948419003834402,5738.8973741131595,0.017424950035014895,one independently generated complete analytic trace
calibration,5,KAPPA_CALIBRATION_S5_T025,KAPPA_CALIBRATION_S5_T025_E001,2026-08-13T06:00:00.000000Z,2026-08-13T06:13:20.000000Z,10,800,8000,264,141,417.1147112072767,6371,562.5082354188611,6933.508235418861,25,398600.4418,20,100,2000,0.15035351419514947,0.14978766774030985,2.995753354806197,0.001093551735768466,5745.668084705874,0.017404416427427356,one independently generated complete analytic trace
calibration,5,KAPPA_CALIBRATION_S5_T026,KAPPA_CALIBRATION_S5_T026_E001,2026-08-13T06:15:00.000000Z,2026-08-13T06:28:20.000000Z,10,800,8000,305,153,411.50397506853676,6371,551.5175104102893,6922.517510410289,25,398600.4418,20,100,2000,0.14796088198274487,0.1474216022689399,2.948432045378798,0.0010961570803577937,5732.01178897527,0.01744588177441228,one independently generated complete analytic trace
calibration,5,KAPPA_CALIBRATION_S5_T027,KAPPA_CALIBRATION_S5_T027_E001,2026-08-13T06:30:00.000000Z,2026-08-13T06:43:20.000000Z,10,800,8000,201,88,404.102033794852,6371,537.2382811354499,6908.23828113545,25,398600.4418,20,100,2000,0.14482791907713516,0.1443221524825604,2.886443049651208,0.0010995574473780178,5714.2856175112465,0.017500000296371814,one independently generated complete analytic trace
calibration,5,KAPPA_CALIBRATION_S5_T028,KAPPA_CALIBRATION_S5_T028_E001,2026-08-13T06:45:00.000000Z,2026-08-13T06:58:20.000000Z,10,800,8000,237,137,403.7065084170784,6371,536.4821815691804,6907.48218156918,25,398600.4418,20,100,2000,0.14466124706203515,0.14415722339367967,2.8831444678735934,0.0010997379902236354,5713.347509166141,0.017502873725003806,one independently generated complete analytic trace
calibration,5,KAPPA_CALIBRATION_S5_T029,KAPPA_CALIBRATION_S5_T029_E001,2026-08-13T07:00:00.000000Z,2026-08-13T07:13:20.000000Z,10,800,8000,245,124,417.6941324869417,6371,563.6516139980655,6934.651613998066,25,398600.4418,20,100,2000,0.15060149347968627,0.1500328447610785,3.00065689522157,0.0010932812913050849,5747.089387836452,0.017400112170109464,one independently generated complete analytic trace
calibration,5,KAPPA_CALIBRATION_S5_T030,KAPPA_CALIBRATION_S5_T030_E001,2026-08-13T07:15:00.000000Z,2026-08-13T07:28:20.000000Z,10,800,8000,221,109,403.04892630566593,6371,535.2266597425443,6906.226659742544,25,398600.4418,20,100,2000,0.1443843099456436,0.14388317341736603,2.8776634683473206,0.001100037895194133,5711.7898707214445,0.017507646860855056,one independently generated complete analytic trace
heldout_test,1,KAPPA_HELDOUT_TEST_S1_T001,KAPPA_HELDOUT_TEST_S1_T001_E001,2026-09-01T00:00:00.000000Z,2026-09-01T00:13:20.000000Z,10,800,8000,233,118,417.5578830219279,6371,563.3826092964966,6934.382609296496,25,398600.4418,20,100,2000,0.15054316662889417,0.14997517785597672,2.9995035571195343,0.001093344909223855,5746.754984792403,0.017401124680733612,one independently generated complete analytic trace
heldout_test,1,KAPPA_HELDOUT_TEST_S1_T002,KAPPA_HELDOUT_TEST_S1_T002_E001,2026-09-01T00:15:00.000000Z,2026-09-01T00:28:20.000000Z,10,800,8000,288,164,406.2106966894291,6371,541.2810232539371,6912.281023253937,25,398600.4418,20,100,2000,0.14571775307315032,0.14520261333534312,2.9040522667068625,0.001098592951613978,5719.3024021761275,0.017484649869528,one independently generated complete analytic trace
heldout_test,1,KAPPA_HELDOUT_TEST_S1_T003,KAPPA_HELDOUT_TEST_S1_T003_E001,2026-09-01T00:30:00.000000Z,2026-09-01T00:43:20.000000Z,10,800,8000,237,136,411.9239961149277,6371,552.3352366784846,6923.335236678485,25,398600.4418,20,100,2000,0.14813945716528426,0.1475982239418204,2.951964478836408,0.001095962882776717,5733.027464635108,0.017442791023915796,one independently generated complete analytic trace
heldout_test,1,KAPPA_HELDOUT_TEST_S1_T004,KAPPA_HELDOUT_TEST_S1_T004_E001,2026-09-01T00:45:00.000000Z,2026-09-01T00:58:20.000000Z,10,800,8000,290,151,414.6386341602077,6371,557.639891184287,6928.639891184287,25,398600.4418,20,100,2000,0.1492956984305986,0.1487417024455069,2.974834048910138,0.001094704499104282,5739.617688902042,0.017422763225738377,one independently generated complete analytic trace
heldout_test,1,KAPPA_HELDOUT_TEST_S1_T005,KAPPA_HELDOUT_TEST_S1_T005_E001,2026-09-01T01:00:00.000000Z,2026-09-01T01:13:20.000000Z,10,800,8000,280,196,414.2608106437412,6371,556.8995463585838,6927.899546358583,25,398600.4418,20,100,2000,0.14913455480454513,0.14858234943738496,2.9716469887476995,0.0010948799809638368,5738.697771831044,0.01742555610627549,one independently generated complete analytic trace
heldout_test,1,KAPPA_HELDOUT_TEST_S1_T006,KAPPA_HELDOUT_TEST_S1_T006_E001,2026-09-01T01:15:00.000000Z,2026-09-01T01:28:20.000000Z,10,800,8000,217,125,415.11954631406644,6371,558.583198017978,6929.583198017978,25,398600.4418,20,100,2000,0.14950091224475853,0.14894463034468503,2.9788926068937007,0.0010944809776322493,5740.7898680636235,0.017419205771022264,one independently generated complete analytic trace
heldout_test,1,KAPPA_HELDOUT_TEST_S1_T007,KAPPA_HELDOUT_TEST_S1_T007_E001,2026-09-01T01:30:00.000000Z,2026-09-01T01:43:20.000000Z,10,800,8000,260,140,417.0310843799818,6371,562.3433440300482,6933.343344030049,25,398600.4418,20,100,2000,0.15031773768744533,0.14975229476059868,2.9950458952119736,0.0010935907468907176,5745.463122327848,0.017405037308721547,one independently generated complete analytic trace
heldout_test,1,KAPPA_HELDOUT_TEST_S1_T008,KAPPA_HELDOUT_TEST_S1_T008_E001,2026-09-01T01:45:00.000000Z,2026-09-01T01:58:20.000000Z,10,800,8000,282,119,405.35247471907303,6371,539.6332406568357,6910.633240656835,25,398600.4418,20,100,2000,0.14535533639643078,0.14484402804387417,2.8968805608774835,0.0010989859004630015,5717.257432085787,0.017490903844698435,one independently generated complete analytic trace
heldout_test,1,KAPPA_HELDOUT_TEST_S1_T009,KAPPA_HELDOUT_TEST_S1_T009_E001,2026-09-01T02:00:00.000000Z,2026-09-01T02:13:20.000000Z,10,800,8000,221,121,416.4490544458754,6371,561.196634474259,6932.196634474259,25,398600.4418,20,100,2000,0.1500688355803575,0.1495061947504918,2.9901238950098357,0.00109386210737371,5744.037813198498,0.017409356144944352,one independently generated complete analytic trace
heldout_test,1,KAPPA_HELDOUT_TEST_S1_T010,KAPPA_HELDOUT_TEST_S1_T010_E001,2026-09-01T02:15:00.000000Z,2026-09-01T02:28:20.000000Z,10,800,8000,253,111,415.62162373439793,6371,559.5691698875481,6930.569169887548,25,398600.4418,20,100,2000,0.149715280223703,0.14915660374015666,2.983132074803133,0.0010942474277502565,5742.0151492589275,0.017415488709204494,one independently generated complete analytic trace
heldout_test,1,KAPPA_HELDOUT_TEST_S1_T011,KAPPA_HELDOUT_TEST_S1_T011_E001,2026-09-01T02:30:00.000000Z,2026-09-01T02:43:20.000000Z,10,800,8000,222,133,412.412516211804,6371,553.2873410654006,6924.287341065401,25,398600.4418,20,100,2000,0.14834726402653725,0.14780375158975623,2.9560750317951245,0.001095736844670593,5734.2101232969635,0.01743919351572412,one independently generated complete analytic trace
heldout_test,1,KAPPA_HELDOUT_TEST_S1_T012,KAPPA_HELDOUT_TEST_S1_T012_E001,2026-09-01T02:45:00.000000Z,2026-09-01T02:58:20.000000Z,10,800,8000,298,143,403.2612766103922,6371,535.6318910731334,6906.631891073133,25,398600.4418,20,100,2000,0.14447371774828693,0.14397165032808887,2.8794330065617775,0.0010999410831832362,5712.292597523505,0.01750610604984657,one independently generated complete analytic trace
heldout_test,1,KAPPA_HELDOUT_TEST_S1_T013,KAPPA_HELDOUT_TEST_S1_T013_E001,2026-09-01T03:00:00.000000Z,2026-09-01T03:13:20.000000Z,10,800,8000,131,75,410.24800561079917,6371,549.0771208917898,6920.0771208917895,25,398600.4418,20,100,2000,0.1474274112676453,0.14689393943900783,2.9378787887801567,0.0010967369769464602,5728.981003880491,0.01745511111526912,one independently generated complete analytic trace
heldout_test,1,KAPPA_HELDOUT_TEST_S1_T014,KAPPA_HELDOUT_TEST_S1_T014_E001,2026-09-01T03:15:00.000000Z,2026-09-01T03:28:20.000000Z,10,800,8000,228,106,407.747651174699,6371,544.2402244124693,6915.24022441247,25,398600.4418,20,100,2000,0.14636767224925556,0.14584561391805698,2.9169122783611394,0.0010978878546946242,5722.9755118543,0.0174734279035206,one independently generated complete analytic trace
heldout_test,1,KAPPA_HELDOUT_TEST_S1_T015,KAPPA_HELDOUT_TEST_S1_T015_E001,2026-09-01T03:30:00.000000Z,2026-09-01T03:43:20.000000Z,10,800,8000,208,97,404.3652324004733,6371,537.7418052282543,6908.741805228255,25,398600.4418,20,100,2000,0.14493887052613458,0.14443194146518082,2.8886388293036163,0.001099437242369539,5714.910378729653,0.01749808717424343,one independently generated complete analytic trace
heldout_test,1,KAPPA_HELDOUT_TEST_S1_T016,KAPPA_HELDOUT_TEST_S1_T016_E001,2026-09-01T03:45:00.000000Z,2026-09-01T03:58:20.000000Z,10,800,8000,284,154,415.97311689801757,6371,560.2601268659274,6931.260126865927,25,398600.4418,20,100,2000,0.14986542909506567,0.14930507130215798,2.9861014260431595,0.0010940838083565252,5742.8738632169825,0.01741288462567469,one independently generated complete analytic trace
heldout_test,1,KAPPA_HELDOUT_TEST_S1_T017,KAPPA_HELDOUT_TEST_S1_T017_E001,2026-09-01T04:00:00.000000Z,2026-09-01T04:13:20.000000Z,10,800,8000,221,92,412.07389443710343,6371,552.6272653011197,6923.62726530112,25,398600.4418,20,100,2000,0.14820320851940844,0.1476612767530398,2.9532255350607963,0.0010958935443048457,5733.390200017263,0.01744168746786132,one independently generated complete analytic trace
heldout_test,1,KAPPA_HELDOUT_TEST_S1_T018,KAPPA_HELDOUT_TEST_S1_T018_E001,2026-09-01T04:15:00.000000Z,2026-09-01T04:28:20.000000Z,10,800,8000,315,161,408.77623443939615,6371,546.2265712104594,6917.226571210459,25,398600.4418,20,100,2000,0.14680325594067983,0.1462765262213361,2.9255305244267222,0.0010974149853799212,5725.441506527605,0.01746590195463345,one independently generated complete analytic trace
heldout_test,1,KAPPA_HELDOUT_TEST_S1_T019,KAPPA_HELDOUT_TEST_S1_T019_E001,2026-09-01T04:30:00.000000Z,2026-09-01T04:43:20.000000Z,10,800,8000,238,108,409.6193886642273,6371,547.8584009934544,6918.858400993455,25,398600.4418,20,100,2000,0.1471606959477812,0.14663011215900226,2.932602243180045,0.00109702676623479,5727.467643059161,0.0174597232550384,one independently generated complete analytic trace
heldout_test,1,KAPPA_HELDOUT_TEST_S1_T020,KAPPA_HELDOUT_TEST_S1_T020_E001,2026-09-01T04:45:00.000000Z,2026-09-01T04:58:20.000000Z,10,800,8000,224,118,405.2864788737426,6371,539.5066652015353,6910.506665201536,25,398600.4418,20,100,2000,0.14532748172076876,0.14481646705350731,2.896329341070146,0.0010990160947637446,5717.100356505955,0.017491384401920083,one independently generated complete analytic trace
heldout_test,1,KAPPA_HELDOUT_TEST_S1_T021,KAPPA_HELDOUT_TEST_S1_T021_E001,2026-09-01T05:00:00.000000Z,2026-09-01T05:13:20.000000Z,10,800,8000,193,105,410.2983041940753,6371,549.1747141590164,6920.174714159017,25,398600.4418,20,100,2000,0.14744876071266516,0.1469150572570731,2.938301145141462,0.0010967137765710532,5729.102197315669,0.01745474186982636,one independently generated complete analytic trace
heldout_test,1,KAPPA_HELDOUT_TEST_S1_T022,KAPPA_HELDOUT_TEST_S1_T022_E001,2026-09-01T05:15:00.000000Z,2026-09-01T05:28:20.000000Z,10,800,8000,300,163,406.19824076027834,6371,541.2570843512049,6912.257084351205,25,398600.4418,20,100,2000,0.14571249056729435,0.1451974065998235,2.90394813199647,0.0010985986586787458,5719.272691208453,0.017484740700284836,one independently generated complete analytic trace
heldout_test,1,KAPPA_HELDOUT_TEST_S1_T023,KAPPA_HELDOUT_TEST_S1_T023_E001,2026-09-01T05:30:00.000000Z,2026-09-01T05:43:20.000000Z,10,800,8000,291,147,404.29737549041107,6371,537.6119590266733,6908.6119590266735,25,398600.4418,20,100,2000,0.14491026227806897,0.14440363312302673,2.8880726624605346,0.0010994682381226843,5714.749266343496,0.017498580486976226,one independently generated complete analytic trace
heldout_test,1,KAPPA_HELDOUT_TEST_S1_T024,KAPPA_HELDOUT_TEST_S1_T024_E001,2026-09-01T05:45:00.000000Z,2026-09-01T05:58:20.000000Z,10,800,8000,257,121,410.66746631124147,6371,549.8913447952098,6920.89134479521,25,398600.4418,20,100,2000,0.14760549083512292,0.1470700849134704,2.941401698269408,0.0010965434404885924,5729.99215095387,0.017452030886875306,one independently generated complete analytic trace
heldout_test,1,KAPPA_HELDOUT_TEST_S1_T025,KAPPA_HELDOUT_TEST_S1_T025_E001,2026-09-01T06:00:00.000000Z,2026-09-01T06:13:20.000000Z,10,800,8000,234,114,412.24602611365816,6371,552.9627358441302,6923.96273584413,25,398600.4418,20,100,2000,0.14827642925262946,0.1477336944440223,2.954673888880446,0.001095813900126372,5733.806905036515,0.017440419891392063,one independently generated complete analytic trace
heldout_test,1,KAPPA_HELDOUT_TEST_S1_T026,KAPPA_HELDOUT_TEST_S1_T026_E001,2026-09-01T06:15:00.000000Z,2026-09-01T06:28:20.000000Z,10,800,8000,269,127,403.43035523247494,6371,535.9546890371093,6906.954689037109,25,398600.4418,20,100,2000,0.14454492172893257,0.14404211212729498,2.8808422425458997,0.0010998639751212188,5712.693068692518,0.017504878836924337,one independently generated complete analytic trace
heldout_test,1,KAPPA_HELDOUT_TEST_S1_T027,KAPPA_HELDOUT_TEST_S1_T027_E001,2026-09-01T06:30:00.000000Z,2026-09-01T06:43:20.000000Z,10,800,8000,166,82,411.276160059618,6371,551.0743226700672,6922.074322670067,25,398600.4418,20,100,2000,0.14786406079234377,0.14732583828080503,2.9465167656161007,0.0010962623546872578,5731.461342547018,0.01744755726740377,one independently generated complete analytic trace
heldout_test,1,KAPPA_HELDOUT_TEST_S1_T028,KAPPA_HELDOUT_TEST_S1_T028_E001,2026-09-01T06:45:00.000000Z,2026-09-01T06:58:20.000000Z,10,800,8000,231,129,409.78636386533856,6371,548.1819457342667,6919.181945734266,25,398600.4418,20,100,2000,0.14723152297401937,0.14670017327584406,2.934003465516881,0.0010969498207748576,5727.869395831892,0.017458498630008725,one independently generated complete analytic trace
heldout_test,1,KAPPA_HELDOUT_TEST_S1_T029,KAPPA_HELDOUT_TEST_S1_T029_E001,2026-09-01T07:00:00.000000Z,2026-09-01T07:13:20.000000Z,10,800,8000,190,102,412.67148946986333,6371,553.7925140274084,6924.792514027408,25,398600.4418,20,100,2000,0.14845747368850254,0.1479127498891064,2.958254997782128,0.0010956169436343855,5734.837658075071,0.01743728523146469,one independently generated complete analytic trace
heldout_test,1,KAPPA_HELDOUT_TEST_S1_T030,KAPPA_HELDOUT_TEST_S1_T030_E001,2026-09-01T07:15:00.000000Z,2026-09-01T07:28:20.000000Z,10,800,8000,229,107,414.16967559699384,6371,556.7210665229131,6927.721066522913,25,398600.4418,20,100,2000,0.1490956958296094,0.14854392168341743,2.9708784336683487,0.0010949222925528469,5738.476008676502,0.017426229516129592,one independently generated complete analytic trace
heldout_test,1,KAPPA_HELDOUT_TEST_S1_T031,KAPPA_HELDOUT_TEST_S1_T031_E001,2026-09-01T07:30:00.000000Z,2026-09-01T07:43:20.000000Z,10,800,8000,344,169,414.19109046658855,6371,556.7630021658127,6927.763002165812,25,398600.4418,20,100,2000,0.1491048265235369,0.14855295107351002,2.9710590214702,0.0010949123507720522,5738.528113916281,0.01742607128777393,one independently generated complete analytic trace
heldout_test,1,KAPPA_HELDOUT_TEST_S1_T032,KAPPA_HELDOUT_TEST_S1_T032_E001,2026-09-01T07:45:00.000000Z,2026-09-01T07:58:20.000000Z,10,800,8000,270,162,416.88925702929544,6371,562.0637707210079,6933.063770721008,25,398600.4418,20,100,2000,0.15025707033769514,0.14969231124788648,2.99384622495773,0.0010936568955393102,5745.11561423584,0.017406090097161785,one independently generated complete analytic trace
heldout_test,1,KAPPA_HELDOUT_TEST_S1_T033,KAPPA_HELDOUT_TEST_S1_T033_E001,2026-09-01T08:00:00.000000Z,2026-09-01T08:13:20.000000Z,10,800,8000,146,59,415.5862474125271,6371,559.4996599075132,6930.499659907513,25,398600.4418,20,100,2000,0.14970017177299638,0.14914166428181375,2.982833285636275,0.0010942638900497954,5741.92876536725,0.017415750714839123,one independently generated complete analytic trace
heldout_test,1,KAPPA_HELDOUT_TEST_S1_T034,KAPPA_HELDOUT_TEST_S1_T034_E001,2026-09-01T08:15:00.000000Z,2026-09-01T08:28:20.000000Z,10,800,8000,311,101,413.7305917738113,6371,555.8616998082422,6926.8616998082425,25,398600.4418,20,100,2000,0.14890853290832579,0.14835883258226465,2.967176651645293,0.0010951260577637349,5737.408276093761,0.01742947254018389,one independently generated complete analytic trace
heldout_test,1,KAPPA_HELDOUT_TEST_S1_T035,KAPPA_HELDOUT_TEST_S1_T035_E001,2026-09-01T08:30:00.000000Z,2026-09-01T08:43:20.000000Z,10,800,8000,241,135,412.730199259308,6371,553.9070807747752,6924.907080774775,25,398600.4418,20,100,2000,0.1484824630373352,0.1479374643192556,2.958749286385112,0.0010955897546593642,5734.979978096934,0.017436852505487467,one independently generated complete analytic trace
heldout_test,1,KAPPA_HELDOUT_TEST_S1_T036,KAPPA_HELDOUT_TEST_S1_T036_E001,2026-09-01T08:45:00.000000Z,2026-09-01T08:58:20.000000Z,10,800,8000,308,124,411.110260075004,6371,550.7517330373245,6921.751733037325,25,398600.4418,20,100,2000,0.14779356940158134,0.1472561157252093,2.945122314504186,0.0010963389928717222,5731.060692023342,0.01744877700199248,one independently generated complete analytic trace
heldout_test,1,KAPPA_HELDOUT_TEST_S1_T037,KAPPA_HELDOUT_TEST_S1_T037_E001,2026-09-01T09:00:00.000000Z,2026-09-01T09:13:20.000000Z,10,800,8000,269,121,406.6602677712358,6371,542.1455142107629,6913.1455142107625,25,398600.4418,20,100,2000,0.14590774212372576,0.14539058624903695,2.907811724980739,0.0010983868889804366,5720.375370660034,0.017481370280856535,one independently generated complete analytic trace
heldout_test,1,KAPPA_HELDOUT_TEST_S1_T038,KAPPA_HELDOUT_TEST_S1_T038_E001,2026-09-01T09:15:00.000000Z,2026-09-01T09:28:20.000000Z,10,800,8000,255,137,410.85046763693845,6371,550.2468242025202,6921.246824202521,25,398600.4418,20,100,2000,0.147683209839172,0.14714695836256808,2.9429391672513616,0.001096458962875577,5730.433623070838,0.017450686383906105,one independently generated complete analytic trace
heldout_test,1,KAPPA_HELDOUT_TEST_S1_T039,KAPPA_HELDOUT_TEST_S1_T039_E001,2026-09-01T09:30:00.000000Z,2026-09-01T09:43:20.000000Z,10,800,8000,252,132,411.3551594305782,6371,551.2279798712204,6922.227979871221,25,398600.4418,20,100,2000,0.14789763258510263,0.14735904365556715,2.947180873111343,0.0010962258532160162,5731.652185310627,0.01744697632844595,one independently generated complete analytic trace
heldout_test,1,KAPPA_HELDOUT_TEST_S1_T040,KAPPA_HELDOUT_TEST_S1_T040_E001,2026-09-01T09:45:00.000000Z,2026-09-01T09:58:20.000000Z,10,800,8000,216,83,406.5844423846121,6371,541.9996442042996,6912.999644204299,25,398600.4418,20,100,2000,0.14587569147139418,0.14535887608148637,2.9071775216297273,0.0010984216544706812,5720.194318462697,0.01748192359081868,one independently generated complete analytic trace
heldout_test,1,KAPPA_HELDOUT_TEST_S1_T041,KAPPA_HELDOUT_TEST_S1_T041_E001,2026-09-01T10:00:00.000000Z,2026-09-01T10:13:20.000000Z,10,800,8000,330,161,410.36684560877393,6371,549.3077221769513,6920.307722176951,25,398600.4418,20,100,2000,0.14747785538699582,0.146943836166168,2.93887672332336,0.0010966821585352798,5729.267370932121,0.01745423865315794,one independently generated complete analytic trace
heldout_test,1,KAPPA_HELDOUT_TEST_S1_T042,KAPPA_HELDOUT_TEST_S1_T042_E001,2026-09-01T10:15:00.000000Z,2026-09-01T10:28:20.000000Z,10,800,8000,237,106,413.9553120440632,6371,556.3014065375387,6927.301406537539,25,398600.4418,20,100,2000,0.14900430978006446,0.14845354886781434,2.969070977356287,0.001095021790612487,5737.954587794243,0.017427813076931573,one independently generated complete analytic trace
heldout_test,1,KAPPA_HELDOUT_TEST_S1_T043,KAPPA_HELDOUT_TEST_S1_T043_E001,2026-09-01T10:30:00.000000Z,2026-09-01T10:43:20.000000Z,10,800,8000,244,122,412.7975499942193,6371,554.0385290986927,6925.038529098692,25,398600.4418,20,100,2000,0.14851113242262698,0.14796581818639232,2.9593163637278463,0.0010955585607346787,5735.143270630918,0.017436356038756654,one independently generated complete analytic trace
heldout_test,1,KAPPA_HELDOUT_TEST_S1_T044,KAPPA_HELDOUT_TEST_S1_T044_E001,2026-09-01T10:45:00.000000Z,2026-09-01T10:58:20.000000Z,10,800,8000,295,113,405.4329223276658,6371,539.7875598872621,6910.787559887262,25,398600.4418,20,100,2000,0.14538929349634583,0.14487762696567638,2.8975525393135277,0.0010989490898151196,5717.448938637031,0.017490317985041557,one independently generated complete analytic trace
heldout_test,1,KAPPA_HELDOUT_TEST_S1_T045,KAPPA_HELDOUT_TEST_S1_T045_E001,2026-09-01T11:00:00.000000Z,2026-09-01T11:13:20.000000Z,10,800,8000,184,99,412.6778193578867,6371,553.8048654569509,6924.804865456951,25,398600.4418,20,100,2000,0.14846016787282518,0.14791541443797943,2.9583082887595884,0.0010956140123396312,5734.853001525734,0.017437238578459715,one independently generated complete analytic trace
heldout_test,1,KAPPA_HELDOUT_TEST_S1_T046,KAPPA_HELDOUT_TEST_S1_T046_E001,2026-09-01T11:15:00.000000Z,2026-09-01T11:28:20.000000Z,10,800,8000,196,106,417.1630610062037,6371,562.6035842380634,6933.603584238063,25,398600.4418,20,100,2000,0.1503742003867839,0.14980812052216214,2.996162410443243,0.00109352917855698,5745.786605777517,0.01740405741825632,one independently generated complete analytic trace
heldout_test,1,KAPPA_HELDOUT_TEST_S1_T047,KAPPA_HELDOUT_TEST_S1_T047_E001,2026-09-01T11:30:00.000000Z,2026-09-01T11:43:20.000000Z,10,800,8000,248,143,417.36995194080475,6371,563.0117101963567,6934.011710196357,25,398600.4418,20,100,2000,0.15046273074776922,0.14989565123871015,2.997913024774203,0.0010934326346451583,5746.293926208459,0.017402520874177138,one independently generated complete analytic trace
heldout_test,1,KAPPA_HELDOUT_TEST_S1_T048,KAPPA_HELDOUT_TEST_S1_T048_E001,2026-09-01T11:45:00.000000Z,2026-09-01T11:58:20.000000Z,10,800,8000,239,142,412.97295234011153,6371,554.3809597573542,6925.3809597573545,25,398600.4418,20,100,2000,0.14858580692884243,0.14803967029853488,2.9607934059706977,0.0010954773056663432,5735.568664617593,0.01743506282417897,one independently generated complete analytic trace
heldout_test,1,KAPPA_HELDOUT_TEST_S1_T049,KAPPA_HELDOUT_TEST_S1_T049_E001,2026-09-01T12:00:00.000000Z,2026-09-01T12:13:20.000000Z,10,800,8000,226,117,414.37679706968987,6371,557.126751137445,6928.126751137445,25,398600.4418,20,100,2000,0.14918401607722093,0.1486312615100534,2.972625230201068,0.0010948261222657996,5738.980080395057,0.01742469891847338,one independently generated complete analytic trace
heldout_test,1,KAPPA_HELDOUT_TEST_S1_T050,KAPPA_HELDOUT_TEST_S1_T050_E001,2026-09-01T12:15:00.000000Z,2026-09-01T12:28:20.000000Z,10,800,8000,208,99,414.6822753695735,6371,557.7254488187228,6928.725448818723,25,398600.4418,20,100,2000,0.14931431618189722,0.148760113068691,2.97520226137382,0.0010946842226395325,5739.724001894718,0.01742244051577905,one independently generated complete analytic trace
heldout_test,1,KAPPA_HELDOUT_TEST_S1_T051,KAPPA_HELDOUT_TEST_S1_T051_E001,2026-09-01T12:30:00.000000Z,2026-09-01T12:43:20.000000Z,10,800,8000,332,185,417.3938263361086,6371,563.0588192732071,6934.058819273207,25,398600.4418,20,100,2000,0.15047294818191653,0.14990575322664806,2.9981150645329615,0.0010934214917094256,5746.352486045088,0.017402343528846894,one independently generated complete analytic trace
heldout_test,1,KAPPA_HELDOUT_TEST_S1_T052,KAPPA_HELDOUT_TEST_S1_T052_E001,2026-09-01T12:45:00.000000Z,2026-09-01T12:58:20.000000Z,10,800,8000,186,93,406.32256914122564,6371,541.4960607578089,6912.496060757809,25,398600.4418,20,100,2000,0.14576502139837616,0.14524938054584466,2.9049876109168933,0.0010985416886157625,5719.569291081551,0.01748383399357163,one independently generated complete analytic trace
heldout_test,1,KAPPA_HELDOUT_TEST_S1_T053,KAPPA_HELDOUT_TEST_S1_T053_E001,2026-09-01T13:00:00.000000Z,2026-09-01T13:13:20.000000Z,10,800,8000,198,101,411.2609595735285,6371,551.0447603450307,6922.04476034503,25,398600.4418,20,100,2000,0.14785760150142596,0.14731944947051268,2.9463889894102535,0.0010962693774889975,5731.424626282281,0.017447669038764893,one independently generated complete analytic trace
heldout_test,1,KAPPA_HELDOUT_TEST_S1_T054,KAPPA_HELDOUT_TEST_S1_T054_E001,2026-09-01T13:15:00.000000Z,2026-09-01T13:28:20.000000Z,10,800,8000,151,86,407.09148216549823,6371,542.9755591392193,6913.9755591392195,25,398600.4418,20,100,2000,0.14609006470760916,0.14557096911696665,2.911419382339333,0.0010981890976167932,5721.405649368473,0.017478222333534063,one independently generated complete analytic trace
heldout_test,1,KAPPA_HELDOUT_TEST_S1_T055,KAPPA_HELDOUT_TEST_S1_T055_E001,2026-09-01T13:30:00.000000Z,2026-09-01T13:43:20.000000Z,10,800,8000,282,125,406.8134612518285,6371,542.4403007835225,6913.440300783523,25,398600.4418,20,100,2000,0.1459725039304452,0.1454546596136454,2.909093192272908,0.001098316637504857,5720.741262240781,0.017480252193896737,one independently generated complete analytic trace
heldout_test,1,KAPPA_HELDOUT_TEST_S1_T056,KAPPA_HELDOUT_TEST_S1_T056_E001,2026-09-01T13:45:00.000000Z,2026-09-01T13:58:20.000000Z,10,800,8000,233,121,412.08166580773155,6371,552.6424081300868,6923.642408130087,25,398600.4418,20,100,2000,0.14820651396288692,0.14766454596140996,2.9532909192281993,0.0010958899490326347,5733.4090094775365,0.017441630247326905,one independently generated complete analytic trace
heldout_test,1,KAPPA_HELDOUT_TEST_S1_T057,KAPPA_HELDOUT_TEST_S1_T057_E001,2026-09-01T14:00:00.000000Z,2026-09-01T14:13:20.000000Z,10,800,8000,233,119,414.74783374517654,6371,557.8539912186075,6928.853991218608,25,398600.4418,20,100,2000,0.14934228577756598,0.14878777139722654,2.975755427944531,0.0010946537603109894,5739.8837285266745,0.01742195569276248,one independently generated complete analytic trace
heldout_test,1,KAPPA_HELDOUT_TEST_S1_T058,KAPPA_HELDOUT_TEST_S1_T058_E001,2026-09-01T14:15:00.000000Z,2026-09-01T14:28:20.000000Z,10,800,8000,267,91,417.3540281960589,6371,562.9802908738893,6933.980290873889,25,398600.4418,20,100,2000,0.15045591608216763,0.14988891356292988,2.9977782712585976,0.0010934400665132962,5746.254869930892,0.01740263915603219,one independently generated complete analytic trace
heldout_test,1,KAPPA_HELDOUT_TEST_S1_T059,KAPPA_HELDOUT_TEST_S1_T059_E001,2026-09-01T14:30:00.000000Z,2026-09-01T14:43:20.000000Z,10,800,8000,323,147,416.7894807423934,6371,561.8671460153001,6932.8671460153,25,398600.4418,20,100,2000,0.15021439656941177,0.14965011816448995,2.993002363289799,0.001093703422066949,5744.87121500016,0.017406830589847648,one independently generated complete analytic trace
heldout_test,1,KAPPA_HELDOUT_TEST_S1_T060,KAPPA_HELDOUT_TEST_S1_T060_E001,2026-09-01T14:45:00.000000Z,2026-09-01T14:58:20.000000Z,10,800,8000,255,135,415.78250164691394,6371,559.8853482649329,6930.885348264933,25,398600.4418,20,100,2000,0.14978399550807125,0.14922454999469895,2.984490999893979,0.0010941725512922749,5742.408087059775,0.017414297013363594,one independently generated complete analytic trace
heldout_test,2,KAPPA_HELDOUT_TEST_S2_T001,KAPPA_HELDOUT_TEST_S2_T001_E001,2026-09-04T00:00:00.000000Z,2026-09-04T00:13:20.000000Z,10,800,8000,234,123,409.9697768719113,6371,548.5374879257819,6919.5374879257815,25,398600.4418,20,100,2000,0.1473093381492218,0.14677714612476914,2.9355429224953826,0.0010968652760490075,5728.310891390509,0.017457153058905585,one independently generated complete analytic trace
heldout_test,2,KAPPA_HELDOUT_TEST_S2_T002,KAPPA_HELDOUT_TEST_S2_T002_E001,2026-09-04T00:15:00.000000Z,2026-09-04T00:28:20.000000Z,10,800,8000,236,127,416.9653328410584,6371,562.2137213516228,6933.213721351623,25,398600.4418,20,100,2000,0.15028961089012022,0.1497244850745805,2.99448970149161,0.001093621415530824,5745.3020011772915,0.017405525415288635,one independently generated complete analytic trace
heldout_test,2,KAPPA_HELDOUT_TEST_S2_T003,KAPPA_HELDOUT_TEST_S2_T003_E001,2026-09-04T00:30:00.000000Z,2026-09-04T00:43:20.000000Z,10,800,8000,193,91,404.4435417581613,6371,537.8916779366108,6908.891677936611,25,398600.4418,20,100,2000,0.1449718882108953,0.1444646128720921,2.8892922574418423,0.0010994014678738777,5715.096341767289,0.01749751780546132,one independently generated complete analytic trace
heldout_test,2,KAPPA_HELDOUT_TEST_S2_T004,KAPPA_HELDOUT_TEST_S2_T004_E001,2026-09-04T00:45:00.000000Z,2026-09-04T00:58:20.000000Z,10,800,8000,226,116,411.6002298346885,6371,551.7048344112741,6922.704834411274,25,398600.4418,20,100,2000,0.1480017978084764,0.1474620709144765,2.94924141828953,0.0010961125886860042,5732.244453748799,0.01744517366746311,one independently generated complete analytic trace
heldout_test,2,KAPPA_HELDOUT_TEST_S2_T005,KAPPA_HELDOUT_TEST_S2_T005_E001,2026-09-04T01:00:00.000000Z,2026-09-04T01:13:20.000000Z,10,800,8000,203,105,416.83589223533306,6371,561.9586012748841,6932.958601274884,25,398600.4418,20,100,2000,0.1502342458897859,0.14966974393250665,2.993394878650133,0.0010936817809596834,5744.984891003871,0.017406486160928117,one independently generated complete analytic trace
heldout_test,2,KAPPA_HELDOUT_TEST_S2_T006,KAPPA_HELDOUT_TEST_S2_T006_E001,2026-09-04T01:15:00.000000Z,2026-09-04T01:28:20.000000Z,10,800,8000,240,100,407.45520138148413,6371,543.6763326727847,6914.676332672785,25,398600.4418,20,100,2000,0.1462439189809535,0.14572318278213867,2.9144636556427734,0.0010980221565369875,5722.27552037374,0.017475565383728447,one independently generated complete analytic trace
heldout_test,2,KAPPA_HELDOUT_TEST_S2_T007,KAPPA_HELDOUT_TEST_S2_T007_E001,2026-09-04T01:30:00.000000Z,2026-09-04T01:43:20.000000Z,10,800,8000,169,76,408.08484849558323,6371,544.8908756470589,6915.890875647059,25,398600.4418,20,100,2000,0.14651041206121979,0.1459868259786556,2.919736519573112,0.0010977329233996015,5723.783238386442,0.01747096209537635,one independently generated complete analytic trace
heldout_test,2,KAPPA_HELDOUT_TEST_S2_T008,KAPPA_HELDOUT_TEST_S2_T008_E001,2026-09-04T01:45:00.000000Z,2026-09-04T01:58:20.000000Z,10,800,8000,239,127,407.35313583789434,6371,543.4796240817805,6914.4796240817805,25,398600.4418,20,100,2000,0.14620073854147414,0.14568046314058683,2.9136092628117365,0.0010980690129757666,5722.031341319938,0.017476311127113182,one independently generated complete analytic trace
heldout_test,2,KAPPA_HELDOUT_TEST_S2_T009,KAPPA_HELDOUT_TEST_S2_T009_E001,2026-09-04T02:00:00.000000Z,2026-09-04T02:13:20.000000Z,10,800,8000,185,83,403.7280483974865,6371,536.5233402537717,6907.5233402537715,25,398600.4418,20,100,2000,0.1446703219703644,0.14416620350680706,2.8833240701361413,0.0010997281610056761,5713.398574274716,0.01750271728814131,one independently generated complete analytic trace
heldout_test,2,KAPPA_HELDOUT_TEST_S2_T010,KAPPA_HELDOUT_TEST_S2_T010_E001,2026-09-04T02:15:00.000000Z,2026-09-04T02:28:20.000000Z,10,800,8000,190,77,404.57706965430583,6371,538.147293779613,6909.147293779613,25,398600.4418,20,100,2000,0.14502819448877097,0.14452032826624403,2.8904065653248807,0.0010993404570526148,5715.41351623237,0.017496546788082712,one independently generated complete analytic trace
heldout_test,2,KAPPA_HELDOUT_TEST_S2_T011,KAPPA_HELDOUT_TEST_S2_T011_E001,2026-09-04T02:30:00.000000Z,2026-09-04T02:43:20.000000Z,10,800,8000,267,153,413.0313181988157,6371,554.4949364532445,6925.494936453244,25,398600.4418,20,100,2000,0.14861065853845784,0.1480642480330711,2.9612849606614224,0.0010954502624648504,5735.710257663291,0.01743463241825951,one independently generated complete analytic trace
heldout_test,2,KAPPA_HELDOUT_TEST_S2_T012,KAPPA_HELDOUT_TEST_S2_T012_E001,2026-09-04T02:45:00.000000Z,2026-09-04T02:58:20.000000Z,10,800,8000,224,131,411.17584309398814,6371,550.8792430158953,6921.879243015896,25,398600.4418,20,100,2000,0.14782143421158506,0.14728367670690864,2.945673534138173,0.001096308699035443,5731.219056008288,0.017448294860613577,one independently generated complete analytic trace
heldout_test,2,KAPPA_HELDOUT_TEST_S2_T013,KAPPA_HELDOUT_TEST_S2_T013_E001,2026-09-04T03:00:00.000000Z,2026-09-04T03:13:20.000000Z,10,800,8000,199,76,413.8027393935913,6371,556.0028444651524,6927.0028444651525,25,398600.4418,20,100,2000,0.14893927985564553,0.14838923920130365,2.967784784026073,0.0010950925864902754,5737.583638765124,0.017428939828321624,one independently generated complete analytic trace
heldout_test,2,KAPPA_HELDOUT_TEST_S2_T014,KAPPA_HELDOUT_TEST_S2_T014_E001,2026-09-04T03:15:00.000000Z,2026-09-04T03:28:20.000000Z,10,800,8000,254,140,411.58496028011217,6371,551.6751150831528,6922.675115083153,25,398600.4418,20,100,2000,0.1479953067474578,0.14745565081250406,2.949113016250081,0.0010961196471780108,5732.207540806165,0.01744528600685247,one independently generated complete analytic trace
heldout_test,2,KAPPA_HELDOUT_TEST_S2_T015,KAPPA_HELDOUT_TEST_S2_T015_E001,2026-09-04T03:30:00.000000Z,2026-09-04T03:43:20.000000Z,10,800,8000,258,101,412.62023809813246,6371,553.6925146803,6924.6925146803,25,398600.4418,20,100,2000,0.14843566034046934,0.14789117644368768,2.9578235288737535,0.001095640676393859,5734.713435302321,0.017437662950063035,one independently generated complete analytic trace
heldout_test,2,KAPPA_HELDOUT_TEST_S2_T016,KAPPA_HELDOUT_TEST_S2_T016_E001,2026-09-04T03:45:00.000000Z,2026-09-04T03:58:20.000000Z,10,800,8000,233,107,417.2547699299884,6371,562.7844701440494,6933.784470144049,25,398600.4418,20,100,2000,0.15041344075533764,0.14984691795129765,2.996938359025953,0.001093486387482285,5746.011453920707,0.01740337637715053,one independently generated complete analytic trace
heldout_test,2,KAPPA_HELDOUT_TEST_S2_T017,KAPPA_HELDOUT_TEST_S2_T017_E001,2026-09-04T04:00:00.000000Z,2026-09-04T04:13:20.000000Z,10,800,8000,265,163,405.8939552267188,6371,540.6724973978502,6911.67249739785,25,398600.4418,20,100,2000,0.14558395602450996,0.14507023297641478,2.9014046595282954,0.0010987380402877655,5718.547166651285,0.017486959027489993,one independently generated complete analytic trace
heldout_test,2,KAPPA_HELDOUT_TEST_S2_T018,KAPPA_HELDOUT_TEST_S2_T018_E001,2026-09-04T04:15:00.000000Z,2026-09-04T04:28:20.000000Z,10,800,8000,281,91,406.1172369601252,6371,541.101421064172,6912.1014210641715,25,398600.4418,20,100,2000,0.14567826908146458,0.14516354768415207,2.9032709536830414,0.0010986357702091032,5719.079496186173,0.017485331348635044,one independently generated complete analytic trace
heldout_test,2,KAPPA_HELDOUT_TEST_S2_T019,KAPPA_HELDOUT_TEST_S2_T019_E001,2026-09-04T04:30:00.000000Z,2026-09-04T04:43:20.000000Z,10,800,8000,290,179,414.44085206357664,6371,557.2522546648363,6928.252254664836,25,398600.4418,20,100,2000,0.14921133455543173,0.14865827649793445,2.973165529958689,0.0010947963736554194,5739.136024172822,0.01742422545463417,one independently generated complete analytic trace
heldout_test,2,KAPPA_HELDOUT_TEST_S2_T020,KAPPA_HELDOUT_TEST_S2_T020_E001,2026-09-04T04:45:00.000000Z,2026-09-04T04:58:20.000000Z,10,800,8000,241,168,408.53225062697726,6371,545.754969456345,6916.754969456345,25,398600.4418,20,100,2000,0.14669988762624026,0.14617426898202251,2.92348537964045,0.0010975272240647072,5724.855993922158,0.017467688288782434,one independently generated complete analytic trace
heldout_test,2,KAPPA_HELDOUT_TEST_S2_T021,KAPPA_HELDOUT_TEST_S2_T021_E001,2026-09-04T05:00:00.000000Z,2026-09-04T05:13:20.000000Z,10,800,8000,216,116,410.0667381677797,6371,548.7255072185509,6919.725507218551,25,398600.4418,20,100,2000,0.14735048175369952,0.1468178440027233,2.9363568800544657,0.0010968205711472732,5728.54436948368,0.017456441558296443,one independently generated complete analytic trace
heldout_test,2,KAPPA_HELDOUT_TEST_S2_T022,KAPPA_HELDOUT_TEST_S2_T022_E001,2026-09-04T05:15:00.000000Z,2026-09-04T05:28:20.000000Z,10,800,8000,264,127,411.227095964736,6371,550.9789052681542,6921.978905268154,25,398600.4418,20,100,2000,0.14784321191366395,0.14730521687280126,2.9461043374560254,0.0010962850222367277,5731.342834877132,0.017447918032658362,one independently generated complete analytic trace
heldout_test,2,KAPPA_HELDOUT_TEST_S2_T023,KAPPA_HELDOUT_TEST_S2_T023_E001,2026-09-04T05:30:00.000000Z,2026-09-04T05:43:20.000000Z,10,800,8000,297,159,412.5481272347257,6371,553.5518357321077,6924.551835732108,25,398600.4418,20,100,2000,0.14840497106799982,0.14786082457186692,2.9572164914373382,0.0010956740650588112,5734.538680389712,0.017438194347170075,one independently generated complete analytic trace
heldout_test,2,KAPPA_HELDOUT_TEST_S2_T024,KAPPA_HELDOUT_TEST_S2_T024_E001,2026-09-04T05:45:00.000000Z,2026-09-04T05:58:20.000000Z,10,800,8000,271,123,409.1603081845622,6371,546.9695024520995,6917.9695024521,25,398600.4418,20,100,2000,0.14696603434421313,0.14643755179945844,2.928751035989169,0.001097238210535549,5726.363926127616,0.017463088495603837,one independently generated complete analytic trace
heldout_test,2,KAPPA_HELDOUT_TEST_S2_T025,KAPPA_HELDOUT_TEST_S2_T025_E001,2026-09-04T06:00:00.000000Z,2026-09-04T06:13:20.000000Z,10,800,8000,191,105,413.3887393873677,6371,555.1932507106188,6926.1932507106185,25,398600.4418,20,100,2000,0.14876288157330403,0.14821479151064043,2.9642958302128086,0.0010952845980312174,5736.5777976552035,0.017431995786908787,one independently generated complete analytic trace
heldout_test,2,KAPPA_HELDOUT_TEST_S2_T026,KAPPA_HELDOUT_TEST_S2_T026_E001,2026-09-04T06:15:00.000000Z,2026-09-04T06:28:20.000000Z,10,800,8000,231,105,406.8893460372594,6371,542.5863631122529,6913.586363112253,25,398600.4418,20,100,2000,0.14600458802936306,0.14548640242068683,2.9097280484137364,0.001098281831726057,5720.92255892547,0.017479698242722316,one independently generated complete analytic trace
heldout_test,2,KAPPA_HELDOUT_TEST_S2_T027,KAPPA_HELDOUT_TEST_S2_T027_E001,2026-09-04T06:30:00.000000Z,2026-09-04T06:43:20.000000Z,10,800,8000,253,146,409.8321046411844,6371,548.2705989179922,6919.270598917992,25,398600.4418,20,100,2000,0.1472509275184521,0.14671936785497278,2.9343873570994554,0.0010969287388310795,5727.979480121142,0.0174581631004525,one independently generated complete analytic trace
heldout_test,2,KAPPA_HELDOUT_TEST_S2_T028,KAPPA_HELDOUT_TEST_S2_T028_E001,2026-09-04T06:45:00.000000Z,2026-09-04T06:58:20.000000Z,10,800,8000,208,107,409.3507678742645,6371,547.3381654749649,6918.338165474965,25,398600.4418,20,100,2000,0.14704678160863477,0.14651742812415425,2.930348562483085,0.001097150507587912,5726.821674624372,0.017461692659839823,one independently generated complete analytic trace
heldout_test,2,KAPPA_HELDOUT_TEST_S2_T029,KAPPA_HELDOUT_TEST_S2_T029_E001,2026-09-04T07:00:00.000000Z,2026-09-04T07:13:20.000000Z,10,800,8000,195,107,412.3299648625594,6371,553.1263750177226,6924.126375017722,25,398600.4418,20,100,2000,0.14831214007971566,0.1477690133282927,2.955380266565854,0.0010957750539936225,5734.010173237759,0.017439801635987354,one independently generated complete analytic trace
heldout_test,2,KAPPA_HELDOUT_TEST_S2_T030,KAPPA_HELDOUT_TEST_S2_T030_E001,2026-09-04T07:15:00.000000Z,2026-09-04T07:28:20.000000Z,10,800,8000,232,105,415.1060404429317,6371,558.5566916264281,6929.556691626428,25,398600.4418,20,100,2000,0.14949514748146825,0.14893892988175564,2.9787785976351127,0.0010944872574212108,5740.756929398875,0.017419305716967738,one independently generated complete analytic trace
heldout_test,2,KAPPA_HELDOUT_TEST_S2_T031,KAPPA_HELDOUT_TEST_S2_T031_E001,2026-09-04T07:30:00.000000Z,2026-09-04T07:43:20.000000Z,10,800,8000,181,87,404.00453810853156,6371,537.0518406544784,6908.051840654478,25,398600.4418,20,100,2000,0.14478682808996352,0.14428149156514528,2.8856298313029054,0.0010996019613902014,5714.054292187602,0.0175007087588794,one independently generated complete analytic trace
heldout_test,2,KAPPA_HELDOUT_TEST_S2_T032,KAPPA_HELDOUT_TEST_S2_T032_E001,2026-09-04T07:45:00.000000Z,2026-09-04T07:58:20.000000Z,10,800,8000,193,95,412.44500949322105,6371,553.3507079913737,6924.350707991373,25,398600.4418,20,100,2000,0.14836109018530558,0.147817425877674,2.95634851755348,0.0010957218035527474,5734.288837556309,0.01743895412889864,one independently generated complete analytic trace
heldout_test,2,KAPPA_HELDOUT_TEST_S2_T033,KAPPA_HELDOUT_TEST_S2_T033_E001,2026-09-04T08:00:00.000000Z,2026-09-04T08:13:20.000000Z,10,800,8000,316,144,405.10110245001835,6371,539.1512300328745,6910.151230032874,25,398600.4418,20,100,2000,0.1452492515403277,0.1447390610907825,2.89478122181565,0.0010991008904464555,5716.659281958504,0.017492733967125713,one independently generated complete analytic trace
heldout_test,2,KAPPA_HELDOUT_TEST_S2_T034,KAPPA_HELDOUT_TEST_S2_T034_E001,2026-09-04T08:15:00.000000Z,2026-09-04T08:28:20.000000Z,10,800,8000,237,107,416.7894710285644,6371,561.867126874963,6932.867126874963,25,398600.4418,20,100,2000,0.1502143924151031,0.14965011405696288,2.9930022811392574,0.0010937034265962118,5744.871191209404,0.017406830661933104,one independently generated complete analytic trace
heldout_test,2,KAPPA_HELDOUT_TEST_S2_T035,KAPPA_HELDOUT_TEST_S2_T035_E001,2026-09-04T08:30:00.000000Z,2026-09-04T08:43:20.000000Z,10,800,8000,238,130,405.2567703618958,6371,539.4496926802472,6910.449692680248,25,398600.4418,20,100,2000,0.14531494341313106,0.14480406090662806,2.8960812181325615,0.0010990296858865425,5717.029656129076,0.01749160071135763,one independently generated complete analytic trace
heldout_test,2,KAPPA_HELDOUT_TEST_S2_T036,KAPPA_HELDOUT_TEST_S2_T036_E001,2026-09-04T08:45:00.000000Z,2026-09-04T08:58:20.000000Z,10,800,8000,190,88,407.56148304130323,6371,543.8812167624054,6914.8812167624055,25,398600.4418,20,100,2000,0.14628888844268478,0.1457676720656514,2.9153534413130275,0.0010979733562185617,5722.529851561225,0.01747478870253825,one independently generated complete analytic trace
heldout_test,2,KAPPA_HELDOUT_TEST_S2_T037,KAPPA_HELDOUT_TEST_S2_T037_E001,2026-09-04T09:00:00.000000Z,2026-09-04T09:13:20.000000Z,10,800,8000,250,142,403.13006721724065,6371,535.3814786452779,6906.381478645278,25,398600.4418,20,100,2000,0.14441847093328658,0.14391697886507032,2.878339577301406,0.0011000009064238217,5711.981936093718,0.017507058166291663,one independently generated complete analytic trace
heldout_test,2,KAPPA_HELDOUT_TEST_S2_T038,KAPPA_HELDOUT_TEST_S2_T038_E001,2026-09-04T09:15:00.000000Z,2026-09-04T09:28:20.000000Z,10,800,8000,337,179,414.0954701796176,6371,556.5757703077046,6927.575770307704,25,398600.4418,20,100,2000,0.14906405849613852,0.14851263526616357,2.9702527053232712,0.0010949567394296093,5738.295478643892,0.017426777755200674,one independently generated complete analytic trace
heldout_test,2,KAPPA_HELDOUT_TEST_S2_T039,KAPPA_HELDOUT_TEST_S2_T039_E001,2026-09-04T09:30:00.000000Z,2026-09-04T09:43:20.000000Z,10,800,8000,301,139,413.09882321572957,6371,554.6267796817715,6925.626779681772,25,398600.4418,20,100,2000,0.1486394036038025,0.14809267620177646,2.9618535240355293,0.0010954189814667867,5735.874047723988,0.017434134565712838,one independently generated complete analytic trace
heldout_test,2,KAPPA_HELDOUT_TEST_S2_T040,KAPPA_HELDOUT_TEST_S2_T040_E001,2026-09-04T09:45:00.000000Z,2026-09-04T09:58:20.000000Z,10,800,8000,287,159,407.4554828034957,6371,543.6768751158636,6914.676875115863,25,398600.4418,20,100,2000,0.14624403804790714,0.1457233005780996,2.914466011561992,0.001098022027330406,5722.27619372604,0.017475563327341834,one independently generated complete analytic trace
heldout_test,2,KAPPA_HELDOUT_TEST_S2_T041,KAPPA_HELDOUT_TEST_S2_T041_E001,2026-09-04T10:00:00.000000Z,2026-09-04T10:13:20.000000Z,10,800,8000,204,113,415.8671315761896,6371,560.0517226296272,6931.051722629627,25,398600.4418,20,100,2000,0.14982014840108776,0.14926029799832538,2.9852059599665077,0.0010941331544205037,5742.6148561483,0.01741366999267512,one independently generated complete analytic trace
heldout_test,2,KAPPA_HELDOUT_TEST_S2_T042,KAPPA_HELDOUT_TEST_S2_T042_E001,2026-09-04T10:15:00.000000Z,2026-09-04T10:28:20.000000Z,10,800,8000,252,110,413.7146176719239,6371,555.8304524291908,6926.830452429191,25,398600.4418,20,100,2000,0.14890172561803644,0.14835210062076415,2.967042012415283,0.001095133468048539,5737.369453584355,0.01742959047852952,one independently generated complete analytic trace
heldout_test,2,KAPPA_HELDOUT_TEST_S2_T043,KAPPA_HELDOUT_TEST_S2_T043_E001,2026-09-04T10:30:00.000000Z,2026-09-04T10:43:20.000000Z,10,800,8000,230,91,413.2961859430415,6371,555.0123671198429,6926.012367119843,25,398600.4418,20,100,2000,0.14872345770698897,0.14817580295811317,2.9635160591622633,0.001095327505903898,5736.353075507318,0.017432678686912256,one independently generated complete analytic trace
heldout_test,2,KAPPA_HELDOUT_TEST_S2_T044,KAPPA_HELDOUT_TEST_S2_T044_E001,2026-09-04T10:45:00.000000Z,2026-09-04T10:58:20.000000Z,10,800,8000,239,118,403.133367777568,6371,535.3877768135834,6906.3877768135835,25,398600.4418,20,100,2000,0.14441986056206596,0.14391835402734873,2.8783670805469748,0.0010999994017321891,5711.989749526536,0.017507034218380547,one independently generated complete analytic trace
heldout_test,2,KAPPA_HELDOUT_TEST_S2_T045,KAPPA_HELDOUT_TEST_S2_T045_E001,2026-09-04T11:00:00.000000Z,2026-09-04T11:13:20.000000Z,10,800,8000,232,146,414.5433325126965,6371,557.4530851645744,6928.453085164574,25,398600.4418,20,100,2000,0.14925504513094817,0.14870150124691903,2.9740300249383806,0.0010947487727897948,5739.385568040308,0.017423467863328206,one independently generated complete analytic trace
heldout_test,2,KAPPA_HELDOUT_TEST_S2_T046,KAPPA_HELDOUT_TEST_S2_T046_E001,2026-09-04T11:15:00.000000Z,2026-09-04T11:28:20.000000Z,10,800,8000,264,121,413.920385027921,6371,556.2330500233757,6927.233050023376,25,398600.4418,20,100,2000,0.1489894220783144,0.14843882611455092,2.9687765222910185,0.0010950379988279434,5737.869657404304,0.017428071038692428,one independently generated complete analytic trace
heldout_test,2,KAPPA_HELDOUT_TEST_S2_T047,KAPPA_HELDOUT_TEST_S2_T047_E001,2026-09-04T11:30:00.000000Z,2026-09-04T11:43:20.000000Z,10,800,8000,234,99,412.69846072384564,6371,553.8451439731286,6924.845143973129,25,398600.4418,20,100,2000,0.14846895357498652,0.1479241034918422,2.958482069836844,0.001095604453358535,5734.903037240049,0.017437086442550476,one independently generated complete analytic trace
heldout_test,2,KAPPA_HELDOUT_TEST_S2_T048,KAPPA_HELDOUT_TEST_S2_T048_E001,2026-09-04T11:45:00.000000Z,2026-09-04T11:58:20.000000Z,10,800,8000,247,124,416.7397606186384,6371,561.7691822120802,6932.7691822120805,25,398600.4418,20,100,2000,0.15019313340529566,0.14962909441069225,2.992581888213845,0.0010937266040861036,5744.7494499136665,0.017407199543141575,one independently generated complete analytic trace
heldout_test,2,KAPPA_HELDOUT_TEST_S2_T049,KAPPA_HELDOUT_TEST_S2_T049_E001,2026-09-04T12:00:00.000000Z,2026-09-04T12:13:20.000000Z,10,800,8000,146,67,410.5675496938263,6371,549.6973217014354,6920.697321701436,25,398600.4418,20,100,2000,0.1475630640459466,0.1470281193377102,2.940562386754204,0.0010965895535243256,5729.751197233347,0.017452764798633096,one independently generated complete analytic trace
heldout_test,2,KAPPA_HELDOUT_TEST_S2_T050,KAPPA_HELDOUT_TEST_S2_T050_E001,2026-09-04T12:15:00.000000Z,2026-09-04T12:28:20.000000Z,10,800,8000,229,127,412.0365860413114,6371,552.5545722526232,6923.554572252623,25,398600.4418,20,100,2000,0.1481873403290283,0.14764558249131796,2.9529116498263592,0.0010959108036585861,5733.299905616237,0.017441962159007555,one independently generated complete analytic trace
heldout_test,2,KAPPA_HELDOUT_TEST_S2_T051,KAPPA_HELDOUT_TEST_S2_T051_E001,2026-09-04T12:30:00.000000Z,2026-09-04T12:43:20.000000Z,10,800,8000,227,94,407.99957395724664,6371,544.7262826026824,6915.726282602683,25,398600.4418,20,100,2000,0.14647430911148113,0.1459511097215027,2.919022194430054,0.001097772112402626,5723.578906944509,0.017471585807730967,one independently generated complete analytic trace
heldout_test,2,KAPPA_HELDOUT_TEST_S2_T052,KAPPA_HELDOUT_TEST_S2_T052_E001,2026-09-04T12:45:00.000000Z,2026-09-04T12:58:20.000000Z,10,800,8000,254,116,405.11486046410295,6371,539.1776039687554,6910.177603968756,25,398600.4418,20,100,2000,0.14525505695815116,0.14474480537430545,2.894896107486109,0.0010990945980780648,5716.692010102404,0.0174926338209724,one independently generated complete analytic trace
heldout_test,2,KAPPA_HELDOUT_TEST_S2_T053,KAPPA_HELDOUT_TEST_S2_T053_E001,2026-09-04T13:00:00.000000Z,2026-09-04T13:13:20.000000Z,10,800,8000,239,105,415.8343781594396,6371,559.9873285683434,6930.987328568343,25,398600.4418,20,100,2000,0.1498061561102076,0.1492464624353354,2.984929248706708,0.0010941484024301388,5742.534827290731,0.017413912672285693,one independently generated complete analytic trace
heldout_test,2,KAPPA_HELDOUT_TEST_S2_T054,KAPPA_HELDOUT_TEST_S2_T054_E001,2026-09-04T13:15:00.000000Z,2026-09-04T13:28:20.000000Z,10,800,8000,281,172,416.01842590366056,6371,560.3492362525354,6931.349236252536,25,398600.4418,20,100,2000,0.14988478841988334,0.1493242136037895,2.9864842720757903,0.0010940627101214497,5742.984610527583,0.017412548836834414,one independently generated complete analytic trace
heldout_test,2,KAPPA_HELDOUT_TEST_S2_T055,KAPPA_HELDOUT_TEST_S2_T055_E001,2026-09-04T13:30:00.000000Z,2026-09-04T13:43:20.000000Z,10,800,8000,283,149,404.79715029289395,6371,538.5687728749646,6909.568772874964,25,398600.4418,20,100,2000,0.14512101698662333,0.14461217567515497,2.8922435135030993,0.0010992398700325379,5715.936510739555,0.0174949458959371,one independently generated complete analytic trace
heldout_test,2,KAPPA_HELDOUT_TEST_S2_T056,KAPPA_HELDOUT_TEST_S2_T056_E001,2026-09-04T13:45:00.000000Z,2026-09-04T13:58:20.000000Z,10,800,8000,339,144,405.07063938867316,6371,539.0928357398141,6910.092835739814,25,398600.4418,20,100,2000,0.14523639747710132,0.1447263423706822,2.8945268474136436,0.0010991148225360707,5716.58681909313,0.0174929557032187,one independently generated complete analytic trace
heldout_test,2,KAPPA_HELDOUT_TEST_S2_T057,KAPPA_HELDOUT_TEST_S2_T057_E001,2026-09-04T14:00:00.000000Z,2026-09-04T14:13:20.000000Z,10,800,8000,353,210,407.1020614991163,6371,542.9959338109455,6913.995933810946,25,398600.4418,20,100,2000,0.14609453889813057,0.14557539564611208,2.9115079129222416,0.0010981842432837663,5721.430939850078,0.017478145074424398,one independently generated complete analytic trace
heldout_test,2,KAPPA_HELDOUT_TEST_S2_T058,KAPPA_HELDOUT_TEST_S2_T058_E001,2026-09-04T14:15:00.000000Z,2026-09-04T14:28:20.000000Z,10,800,8000,316,156,403.6047677075592,6371,536.2878027903934,6907.2878027903935,25,398600.4418,20,100,2000,0.14461838613154404,0.14411481002193724,2.882296200438745,0.001099784412329719,5713.106347697413,0.017503612555769,one independently generated complete analytic trace
heldout_test,2,KAPPA_HELDOUT_TEST_S2_T059,KAPPA_HELDOUT_TEST_S2_T059_E001,2026-09-04T14:30:00.000000Z,2026-09-04T14:43:20.000000Z,10,800,8000,257,115,410.6498894613228,6371,549.8572098824582,6920.857209882458,25,398600.4418,20,100,2000,0.14759802696600882,0.14706270220182074,2.9412540440364148,0.0010965515530228542,5729.949759187139,0.01745216000186818,one independently generated complete analytic trace
heldout_test,2,KAPPA_HELDOUT_TEST_S2_T060,KAPPA_HELDOUT_TEST_S2_T060_E001,2026-09-04T14:45:00.000000Z,2026-09-04T14:58:20.000000Z,10,800,8000,218,119,417.0486931426378,6371,562.3780614174685,6933.378061417468,25,398600.4418,20,100,2000,0.15032527062530726,0.1497597427493836,2.9951948549876724,0.0010935825330231539,5745.506276339323,0.01740490658095908,one independently generated complete analytic trace
heldout_test,3,KAPPA_HELDOUT_TEST_S3_T001,KAPPA_HELDOUT_TEST_S3_T001_E001,2026-09-07T00:00:00.000000Z,2026-09-07T00:13:20.000000Z,10,800,8000,176,96,416.8504980434093,6371,561.9873845555879,6932.987384555588,25,398600.4418,20,100,2000,0.15024049274138768,0.14967592041693614,2.9935184083387227,0.0010936749701041424,5745.020667869254,0.017406377762795515,one independently generated complete analytic trace
heldout_test,3,KAPPA_HELDOUT_TEST_S3_T002,KAPPA_HELDOUT_TEST_S3_T002_E001,2026-09-07T00:15:00.000000Z,2026-09-07T00:28:20.000000Z,10,800,8000,232,139,416.9399763133567,6371,562.1637388811702,6933.1637388811705,25,398600.4418,20,100,2000,0.1502787646055878,0.1497137610431902,2.994275220863804,0.0010936332417332613,5745.239873306689,0.017405713635146224,one independently generated complete analytic trace
heldout_test,3,KAPPA_HELDOUT_TEST_S3_T003,KAPPA_HELDOUT_TEST_S3_T003_E001,2026-09-07T00:30:00.000000Z,2026-09-07T00:43:20.000000Z,10,800,8000,228,109,410.99544699062125,6371,550.5285547513819,6921.528554751382,25,398600.4418,20,100,2000,0.14774479285713665,0.147207870748198,2.9441574149639598,0.0010963920189542538,5730.783514068747,0.01744962093830725,one independently generated complete analytic trace
heldout_test,3,KAPPA_HELDOUT_TEST_S3_T004,KAPPA_HELDOUT_TEST_S3_T004_E001,2026-09-07T00:45:00.000000Z,2026-09-07T00:58:20.000000Z,10,800,8000,255,135,403.4628380884441,6371,536.0167184624722,6907.016718462472,25,398600.4418,20,100,2000,0.1445586027643046,0.14405565047731306,2.881113009546261,0.0010998491589321255,5712.77002500971,0.01750464302995114,one independently generated complete analytic trace
heldout_test,3,KAPPA_HELDOUT_TEST_S3_T005,KAPPA_HELDOUT_TEST_S3_T005_E001,2026-09-07T01:00:00.000000Z,2026-09-07T01:13:20.000000Z,10,800,8000,273,129,408.02744678302344,6371,544.7800778535479,6915.7800778535475,25,398600.4418,20,100,2000,0.14648610933160905,0.1459627835723995,2.9192556714479903,0.0010977593036932672,5723.645689943719,0.01747138195079006,one independently generated complete analytic trace
heldout_test,3,KAPPA_HELDOUT_TEST_S3_T006,KAPPA_HELDOUT_TEST_S3_T006_E001,2026-09-07T01:15:00.000000Z,2026-09-07T01:28:20.000000Z,10,800,8000,226,123,409.18062346786473,6371,547.0088178555243,6918.008817855524,25,398600.4418,20,100,2000,0.14697464637127206,0.146446070982717,2.92892141965434,0.0010972288570562287,5726.412741309808,0.017462939630356944,one independently generated complete analytic trace
heldout_test,3,KAPPA_HELDOUT_TEST_S3_T007,KAPPA_HELDOUT_TEST_S3_T007_E001,2026-09-07T01:30:00.000000Z,2026-09-07T01:43:20.000000Z,10,800,8000,286,131,412.04385709357246,6371,552.5687389360295,6923.568738936029,25,398600.4418,20,100,2000,0.1481904328351838,0.14764864110393236,2.9529728220786473,0.0010959074400579546,5733.317502477503,0.017441908625640847,one independently generated complete analytic trace
heldout_test,3,KAPPA_HELDOUT_TEST_S3_T008,KAPPA_HELDOUT_TEST_S3_T008_E001,2026-09-07T01:45:00.000000Z,2026-09-07T01:58:20.000000Z,10,800,8000,265,150,404.96883880441675,6371,538.8977253795925,6909.897725379593,25,398600.4418,20,100,2000,0.14519344534530115,0.14468384231743867,2.8936768463487734,0.0010991613753675187,5716.344704233009,0.017493696614542687,one independently generated complete analytic trace
heldout_test,3,KAPPA_HELDOUT_TEST_S3_T009,KAPPA_HELDOUT_TEST_S3_T009_E001,2026-09-07T02:00:00.000000Z,2026-09-07T02:13:20.000000Z,10,800,8000,222,133,405.6137715888906,6371,540.1345808667178,6911.134580866717,25,398600.4418,20,100,2000,0.14546564161648318,0.14495316915882936,2.8990633831765873,0.0010988663204236752,5717.879591356537,0.017489000669263045,one independently generated complete analytic trace
heldout_test,3,KAPPA_HELDOUT_TEST_S3_T010,KAPPA_HELDOUT_TEST_S3_T010_E001,2026-09-07T02:15:00.000000Z,2026-09-07T02:28:20.000000Z,10,800,8000,309,169,410.9063712202696,6371,550.3554472314298,6921.35544723143,25,398600.4418,20,100,2000,0.14770695484216573,0.14717044485119024,2.943408897023805,0.0010964331514083203,5730.568524956684,0.017450275581645868,one independently generated complete analytic trace
heldout_test,3,KAPPA_HELDOUT_TEST_S3_T011,KAPPA_HELDOUT_TEST_S3_T011_E001,2026-09-07T02:30:00.000000Z,2026-09-07T02:43:20.000000Z,10,800,8000,270,128,414.78207470049324,6371,557.9211364980077,6928.921136498007,25,398600.4418,20,100,2000,0.1493568950660455,0.14880221805605295,2.976044361121059,0.0010946378486012729,5739.967163759442,0.017421702450037033,one independently generated complete analytic trace
heldout_test,3,KAPPA_HELDOUT_TEST_S3_T012,KAPPA_HELDOUT_TEST_S3_T012_E001,2026-09-07T02:45:00.000000Z,2026-09-07T02:58:20.000000Z,10,800,8000,206,119,403.19668112905185,6371,535.5086014256173,6906.508601425618,25,398600.4418,20,100,2000,0.14444651826185256,0.1439447341577477,2.878894683154954,0.001099970536260355,5712.1396437953335,0.01750657481012784,one independently generated complete analytic trace
heldout_test,3,KAPPA_HELDOUT_TEST_S3_T013,KAPPA_HELDOUT_TEST_S3_T013_E001,2026-09-07T03:00:00.000000Z,2026-09-07T03:13:20.000000Z,10,800,8000,256,144,405.9913507062018,6371,540.8595664348561,6911.859566434856,25,398600.4418,20,100,2000,0.1456250924421863,0.14511093410397938,2.9022186820795874,0.0010986934346774216,5718.77933267558,0.017486249107152407,one independently generated complete analytic trace
heldout_test,3,KAPPA_HELDOUT_TEST_S3_T014,KAPPA_HELDOUT_TEST_S3_T014_E001,2026-09-07T03:15:00.000000Z,2026-09-07T03:28:20.000000Z,10,800,8000,241,121,413.5337408244042,6371,555.4767166580286,6926.476716658029,25,398600.4418,20,100,2000,0.1488246545673622,0.14827588195113267,2.9655176390226536,0.0010952173619624942,5736.929969701078,0.017430925691639648,one independently generated complete analytic trace
heldout_test,3,KAPPA_HELDOUT_TEST_S3_T015,KAPPA_HELDOUT_TEST_S3_T015_E001,2026-09-07T03:30:00.000000Z,2026-09-07T03:43:20.000000Z,10,800,8000,169,92,408.0849105264213,6371,544.8909953881217,6915.890995388122,25,398600.4418,20,100,2000,0.14651043832468774,0.14598685196075073,2.919737039215015,0.0010977328948905403,5723.783387037983,0.017470961641640546,one independently generated complete analytic trace
heldout_test,3,KAPPA_HELDOUT_TEST_S3_T016,KAPPA_HELDOUT_TEST_S3_T016_E001,2026-09-07T03:45:00.000000Z,2026-09-07T03:58:20.000000Z,10,800,8000,159,76,417.4068031237479,6371,563.0844262607958,6934.084426260796,25,398600.4418,20,100,2000,0.1504785019282519,0.14991124421495333,2.9982248842990664,0.0010934154348453185,5746.38431738294,0.01740224713086067,one independently generated complete analytic trace
heldout_test,3,KAPPA_HELDOUT_TEST_S3_T017,KAPPA_HELDOUT_TEST_S3_T017_E001,2026-09-07T04:00:00.000000Z,2026-09-07T04:13:20.000000Z,10,800,8000,274,130,404.04865790958667,6371,537.1362054879304,6908.13620548793,25,398600.4418,20,100,2000,0.1448054224685335,0.14429989135993343,2.8859978271986684,0.0010995818183044948,5714.158967149869,0.017500388171713465,one independently generated complete analytic trace
heldout_test,3,KAPPA_HELDOUT_TEST_S3_T018,KAPPA_HELDOUT_TEST_S3_T018_E001,2026-09-07T04:15:00.000000Z,2026-09-07T04:28:20.000000Z,10,800,8000,284,150,407.2987158218413,6371,543.3747608011081,6914.374760801108,25,398600.4418,20,100,2000,0.14617771734278023,0.14565768750046137,2.9131537500092275,0.0010980939930122127,5721.901173454198,0.017476708696741082,one independently generated complete analytic trace
heldout_test,3,KAPPA_HELDOUT_TEST_S3_T019,KAPPA_HELDOUT_TEST_S3_T019_E001,2026-09-07T04:30:00.000000Z,2026-09-07T04:43:20.000000Z,10,800,8000,250,141,406.91899532044914,6371,542.6434388063697,6913.64343880637,25,398600.4418,20,100,2000,0.14601712450188947,0.14549880549686223,2.9099761099372445,0.0010982682314292535,5720.9934034082335,0.017479481787275937,one independently generated complete analytic trace
heldout_test,3,KAPPA_HELDOUT_TEST_S3_T020,KAPPA_HELDOUT_TEST_S3_T020_E001,2026-09-07T04:45:00.000000Z,2026-09-07T04:58:20.000000Z,10,800,8000,177,87,414.2766154620279,6371,556.9305026022745,6927.930502602275,25,398600.4418,20,100,2000,0.14914129422226968,0.1485890140444555,2.9717802808891096,0.0010948726425529733,5738.736235594257,0.017425439311839153,one independently generated complete analytic trace
heldout_test,3,KAPPA_HELDOUT_TEST_S3_T021,KAPPA_HELDOUT_TEST_S3_T021_E001,2026-09-07T05:00:00.000000Z,2026-09-07T05:13:20.000000Z,10,800,8000,296,171,406.15966673072285,6371,541.1829537899154,6912.182953789916,25,398600.4418,20,100,2000,0.14569619389562344,0.14518128260950589,2.903625652190118,0.0010986163318119865,5719.180686870463,0.01748502197693635,one independently generated complete analytic trace
heldout_test,3,KAPPA_HELDOUT_TEST_S3_T022,KAPPA_HELDOUT_TEST_S3_T022_E001,2026-09-07T05:15:00.000000Z,2026-09-07T05:28:20.000000Z,10,800,8000,172,98,405.1477276363618,6371,539.2406133317785,6910.240613331778,25,398600.4418,20,100,2000,0.14526892616129022,0.14475852850722046,2.8951705701444093,0.00109907956536867,5716.770200410363,0.017492394567971574,one independently generated complete analytic trace
heldout_test,3,KAPPA_HELDOUT_TEST_S3_T023,KAPPA_HELDOUT_TEST_S3_T023_E001,2026-09-07T05:30:00.000000Z,2026-09-07T05:43:20.000000Z,10,800,8000,153,107,408.43251643287306,6371,545.5622685947463,6916.5622685947465,25,398600.4418,20,100,2000,0.1466576416518302,0.14613247664730242,2.9226495329460485,0.001097573091340946,5724.616753771892,0.01746841828915639,one independently generated complete analytic trace
heldout_test,3,KAPPA_HELDOUT_TEST_S3_T024,KAPPA_HELDOUT_TEST_S3_T024_E001,2026-09-07T05:45:00.000000Z,2026-09-07T05:58:20.000000Z,10,800,8000,225,108,412.3512566338107,6371,553.1678886276858,6924.167888627686,25,398600.4418,20,100,2000,0.14832119898199697,0.14777797277497562,2.9555594554995124,0.0010957651994860308,5734.061740714815,0.017439644796627858,one independently generated complete analytic trace
heldout_test,3,KAPPA_HELDOUT_TEST_S3_T025,KAPPA_HELDOUT_TEST_S3_T025_E001,2026-09-07T06:00:00.000000Z,2026-09-07T06:13:20.000000Z,10,800,8000,173,68,416.4069229914498,6371,561.1136891583302,6932.11368915833,25,398600.4418,20,100,2000,0.15005082485236781,0.14948838642462753,2.9897677284925503,0.0010938817401322494,5743.934720420467,0.01740966861000116,one independently generated complete analytic trace
heldout_test,3,KAPPA_HELDOUT_TEST_S3_T026,KAPPA_HELDOUT_TEST_S3_T026_E001,2026-09-07T06:15:00.000000Z,2026-09-07T06:28:20.000000Z,10,800,8000,298,188,415.65472328677436,6371,559.6342115950014,6930.634211595001,25,398600.4418,20,100,2000,0.149729416880163,0.14917058224321822,2.9834116448643644,0.0010942320240616638,5742.095980573776,0.017415243551886356,one independently generated complete analytic trace
heldout_test,3,KAPPA_HELDOUT_TEST_S3_T027,KAPPA_HELDOUT_TEST_S3_T027_E001,2026-09-07T06:30:00.000000Z,2026-09-07T06:43:20.000000Z,10,800,8000,314,157,410.7866254371072,6371,550.1227935798393,6921.12279357984,25,398600.4418,20,100,2000,0.14765609478023795,0.14712013840670038,2.9424027681340075,0.0010964884367993693,5730.279587370839,0.01745115547597249,one independently generated complete analytic trace
heldout_test,3,KAPPA_HELDOUT_TEST_S3_T028,KAPPA_HELDOUT_TEST_S3_T028_E001,2026-09-07T06:45:00.000000Z,2026-09-07T06:58:20.000000Z,10,800,8000,191,87,406.68379218841807,6371,542.1907748389193,6913.190774838919,25,398600.4418,20,100,2000,0.14591768622617224,0.1454004246816069,2.9080084936321384,0.0010983761022972383,5720.431548026575,0.017481198605461476,one independently generated complete analytic trace
heldout_test,3,KAPPA_HELDOUT_TEST_S3_T029,KAPPA_HELDOUT_TEST_S3_T029_E001,2026-09-07T07:00:00.000000Z,2026-09-07T07:13:20.000000Z,10,800,8000,202,93,407.74754117017216,6371,544.2400122329917,6915.240012232992,25,398600.4418,20,100,2000,0.14636762569191603,0.14584556785853806,2.916911357170761,0.001097887905224166,5722.975248458256,0.017473428707723233,one independently generated complete analytic trace
heldout_test,3,KAPPA_HELDOUT_TEST_S3_T030,KAPPA_HELDOUT_TEST_S3_T030_E001,2026-09-07T07:15:00.000000Z,2026-09-07T07:28:20.000000Z,10,800,8000,189,100,413.99465834400246,6371,556.3784189110681,6927.378418911068,25,398600.4418,20,100,2000,0.14902108193149904,0.14847013515256244,2.969402703051249,0.0010950035304595797,5738.050273264867,0.017427522457571887,one independently generated complete analytic trace
heldout_test,3,KAPPA_HELDOUT_TEST_S3_T031,KAPPA_HELDOUT_TEST_S3_T031_E001,2026-09-07T07:30:00.000000Z,2026-09-07T07:43:20.000000Z,10,800,8000,192,79,416.1638161778297,6371,560.6352406737568,6931.635240673757,25,398600.4418,20,100,2000,0.1499469167029202,0.1493856450342038,2.987712900684076,0.0010939949980592284,5743.340068579927,0.017411471165893463,one independently generated complete analytic trace
heldout_test,3,KAPPA_HELDOUT_TEST_S3_T032,KAPPA_HELDOUT_TEST_S3_T032_E001,2026-09-07T07:45:00.000000Z,2026-09-07T07:58:20.000000Z,10,800,8000,195,90,414.0861785816133,6371,556.5575789062874,6927.557578906288,25,398600.4418,20,100,2000,0.14906009723350205,0.14850871793074355,2.9701743586148712,0.0010949610523805513,5738.272876025438,0.01742684639794685,one independently generated complete analytic trace
heldout_test,3,KAPPA_HELDOUT_TEST_S3_T033,KAPPA_HELDOUT_TEST_S3_T033_E001,2026-09-07T08:00:00.000000Z,2026-09-07T08:13:20.000000Z,10,800,8000,263,147,403.3409134373729,6371,535.783914672443,6906.783914672443,25,398600.4418,20,100,2000,0.14450725347310928,0.14400483659048197,2.8800967318096395,0.0010999047675656322,5712.481200609637,0.017505528068841255,one independently generated complete analytic trace
heldout_test,3,KAPPA_HELDOUT_TEST_S3_T034,KAPPA_HELDOUT_TEST_S3_T034_E001,2026-09-07T08:15:00.000000Z,2026-09-07T08:28:20.000000Z,10,800,8000,271,130,406.37534539539155,6371,541.5975249915006,6912.597524991501,25,398600.4418,20,100,2000,0.14578732249124787,0.14527144510121215,2.905428902024243,0.0010985175018434544,5719.695222548197,0.0174834490491346,one independently generated complete analytic trace
heldout_test,3,KAPPA_HELDOUT_TEST_S3_T035,KAPPA_HELDOUT_TEST_S3_T035_E001,2026-09-07T08:30:00.000000Z,2026-09-07T08:43:20.000000Z,10,800,8000,257,142,410.92065578613693,6371,550.3832050397543,6921.383205039754,25,398600.4418,20,100,2000,0.14771302244492684,0.14717644638200475,2.943528927640095,0.0010964265556420172,5730.602998301551,0.017450170606764806,one independently generated complete analytic trace
heldout_test,3,KAPPA_HELDOUT_TEST_S3_T036,KAPPA_HELDOUT_TEST_S3_T036_E001,2026-09-07T08:45:00.000000Z,2026-09-07T08:58:20.000000Z,10,800,8000,250,129,403.2427617371949,6371,535.5965509218584,6906.596550921859,25,398600.4418,20,100,2000,0.14446592141229814,0.14396393521141373,2.8792787042282746,0.001099949525576037,5712.248754222717,0.017506240414701144,one independently generated complete analytic trace
heldout_test,3,KAPPA_HELDOUT_TEST_S3_T037,KAPPA_HELDOUT_TEST_S3_T037_E001,2026-09-07T09:00:00.000000Z,2026-09-07T09:13:20.000000Z,10,800,8000,183,92,410.21964062683276,6371,549.0220900060135,6920.022090006014,25,398600.4418,20,100,2000,0.1474153721740707,0.14688203093188446,2.937640618637689,0.0010967500595334468,5728.912665710206,0.017455319331107857,one independently generated complete analytic trace
heldout_test,3,KAPPA_HELDOUT_TEST_S3_T038,KAPPA_HELDOUT_TEST_S3_T038_E001,2026-09-07T09:15:00.000000Z,2026-09-07T09:28:20.000000Z,10,800,8000,239,98,409.1555004360875,6371,546.9601984714359,6917.960198471435,25,398600.4418,20,100,2000,0.14696399627933338,0.1464355357047839,2.9287107140956783,0.001097240424053602,5726.352374046914,0.017463123724837815,one independently generated complete analytic trace
heldout_test,3,KAPPA_HELDOUT_TEST_S3_T039,KAPPA_HELDOUT_TEST_S3_T039_E001,2026-09-07T09:30:00.000000Z,2026-09-07T09:43:20.000000Z,10,800,8000,273,154,409.83069096914653,6371,548.2678588453367,6919.267858845336,25,398600.4418,20,100,2000,0.14725032778314567,0.14671877460988106,2.934375492197621,0.0010969293904169414,5727.976077650136,0.017458173470763574,one independently generated complete analytic trace
heldout_test,3,KAPPA_HELDOUT_TEST_S3_T040,KAPPA_HELDOUT_TEST_S3_T040_E001,2026-09-07T09:45:00.000000Z,2026-09-07T09:58:20.000000Z,10,800,8000,319,199,412.5526068165182,6371,553.5605741178523,6924.560574117852,25,398600.4418,20,100,2000,0.14840687743455022,0.14786270998370724,2.9572541996741446,0.0010956719910457007,5734.5495353796205,0.017438161338226215,one independently generated complete analytic trace
heldout_test,3,KAPPA_HELDOUT_TEST_S3_T041,KAPPA_HELDOUT_TEST_S3_T041_E001,2026-09-07T10:00:00.000000Z,2026-09-07T10:13:20.000000Z,10,800,8000,237,110,407.3919826221615,6371,543.5544870718613,6914.554487071861,25,398600.4418,20,100,2000,0.14621717269607565,0.14569672195094052,2.9139344390188104,0.0010980511800465574,5722.12427012116,0.017476027307229837,one independently generated complete analytic trace
heldout_test,3,KAPPA_HELDOUT_TEST_S3_T042,KAPPA_HELDOUT_TEST_S3_T042_E001,2026-09-07T10:15:00.000000Z,2026-09-07T10:28:20.000000Z,10,800,8000,279,122,416.8593464959714,6371,562.0048224546953,6933.004822454695,25,398600.4418,20,100,2000,0.15024427724464734,0.1496796622871131,2.993593245742262,0.001093670843888537,5745.042342758061,0.01740631209203453,one independently generated complete analytic trace
heldout_test,3,KAPPA_HELDOUT_TEST_S3_T043,KAPPA_HELDOUT_TEST_S3_T043_E001,2026-09-07T10:30:00.000000Z,2026-09-07T10:43:20.000000Z,10,800,8000,194,88,411.17844696088116,6371,550.8843059981795,6921.884305998179,25,398600.4418,20,100,2000,0.14782254058183014,0.14728477101131282,2.945695420226256,0.0010963074962002913,5731.225344127057,0.01744827571689756,one independently generated complete analytic trace
heldout_test,3,KAPPA_HELDOUT_TEST_S3_T044,KAPPA_HELDOUT_TEST_S3_T044_E001,2026-09-07T10:45:00.000000Z,2026-09-07T10:58:20.000000Z,10,800,8000,229,118,415.6084729133412,6371,559.5433295120154,6930.543329512016,25,398600.4418,20,100,2000,0.14970966372390399,0.14915105006649793,2.9830210013299583,0.0010942535475714891,5741.983035946335,0.017415586109184495,one independently generated complete analytic trace
heldout_test,3,KAPPA_HELDOUT_TEST_S3_T045,KAPPA_HELDOUT_TEST_S3_T045_E001,2026-09-07T11:00:00.000000Z,2026-09-07T11:13:20.000000Z,10,800,8000,212,119,404.10383361850955,6371,537.2417233253223,6908.241723325322,25,398600.4418,20,100,2000,0.14482867768162616,0.14432290314499407,2.8864580628998815,0.0010995566255585473,5714.289888424696,0.017499987216708705,one independently generated complete analytic trace
heldout_test,3,KAPPA_HELDOUT_TEST_S3_T046,KAPPA_HELDOUT_TEST_S3_T046_E001,2026-09-07T11:15:00.000000Z,2026-09-07T11:28:20.000000Z,10,800,8000,248,133,411.09298378000364,6371,550.7181468257185,6921.718146825719,25,398600.4418,20,100,2000,0.1477862294261772,0.1472488557633459,2.944977115266918,0.0010963469725201187,5731.018979089018,0.017448904002041125,one independently generated complete analytic trace
heldout_test,3,KAPPA_HELDOUT_TEST_S3_T047,KAPPA_HELDOUT_TEST_S3_T047_E001,2026-09-07T11:30:00.000000Z,2026-09-07T11:43:20.000000Z,10,800,8000,251,126,411.3521220718877,6371,551.2220715484157,6922.222071548415,25,398600.4418,20,100,2000,0.14789634176428906,0.14735776692643593,2.9471553385287184,0.001096227256708462,5731.64484711456,0.017446998665721983,one independently generated complete analytic trace
heldout_test,3,KAPPA_HELDOUT_TEST_S3_T048,KAPPA_HELDOUT_TEST_S3_T048_E001,2026-09-07T11:45:00.000000Z,2026-09-07T11:58:20.000000Z,10,800,8000,228,130,405.33178546308153,6371,539.5935580065193,6910.59355800652,25,398600.4418,20,100,2000,0.14534660391838955,0.14483538764865772,2.896707752973154,0.001098995366524512,5717.208187191612,0.01749105450174654,one independently generated complete analytic trace
heldout_test,3,KAPPA_HELDOUT_TEST_S3_T049,KAPPA_HELDOUT_TEST_S3_T049_E001,2026-09-07T12:00:00.000000Z,2026-09-07T12:13:20.000000Z,10,800,8000,278,181,417.6289287359542,6371,563.522867790233,6934.522867790233,25,398600.4418,20,100,2000,0.15057357933082732,0.15000524651365804,3.000104930273161,0.0010933117382030942,5746.929341037056,0.017400596747541464,one independently generated complete analytic trace
heldout_test,3,KAPPA_HELDOUT_TEST_S3_T050,KAPPA_HELDOUT_TEST_S3_T050_E001,2026-09-07T12:15:00.000000Z,2026-09-07T12:28:20.000000Z,10,800,8000,211,139,409.1326593599015,6371,546.9159977310281,6917.915997731028,25,398600.4418,20,100,2000,0.1469543138136578,0.146425957607142,2.92851915214284,0.0010972509399914871,5726.297493286571,0.017463291091187383,one independently generated complete analytic trace
heldout_test,3,KAPPA_HELDOUT_TEST_S3_T051,KAPPA_HELDOUT_TEST_S3_T051_E001,2026-09-07T12:30:00.000000Z,2026-09-07T12:43:20.000000Z,10,800,8000,234,116,406.23155799210645,6371,541.3211179015807,6912.321117901581,25,398600.4418,20,100,2000,0.14572656693188207,0.14521133377864096,2.904226675572819,0.0010985833931098214,5719.352164420967,0.01748449774120949,one independently generated complete analytic trace
heldout_test,3,KAPPA_HELDOUT_TEST_S3_T052,KAPPA_HELDOUT_TEST_S3_T052_E001,2026-09-07T12:45:00.000000Z,2026-09-07T12:58:20.000000Z,10,800,8000,194,86,415.69849703369545,6371,559.7202363010001,6930.720236301,25,398600.4418,20,100,2000,0.1497481132702953,0.14918906942229004,2.983781388445801,0.0010942116515694413,5742.202889329076,0.017414919313602322,one independently generated complete analytic trace
heldout_test,3,KAPPA_HELDOUT_TEST_S3_T053,KAPPA_HELDOUT_TEST_S3_T053_E001,2026-09-07T13:00:00.000000Z,2026-09-07T13:13:20.000000Z,10,800,8000,192,87,408.4478127140777,6371,545.5918202964845,6916.591820296484,25,398600.4418,20,100,2000,0.14666412062514572,0.1461388860659656,2.922777721319312,0.0010975660571428552,5724.653442304648,0.017468306336416706,one independently generated complete analytic trace
heldout_test,3,KAPPA_HELDOUT_TEST_S3_T054,KAPPA_HELDOUT_TEST_S3_T054_E001,2026-09-07T13:15:00.000000Z,2026-09-07T13:28:20.000000Z,10,800,8000,215,116,413.55200854501936,6371,555.5124354541251,6926.512435454125,25,398600.4418,20,100,2000,0.1488324376521019,0.14828357899744557,2.9656715799489115,0.0010952088902108955,5736.974346482601,0.017430790859525293,one independently generated complete analytic trace
heldout_test,3,KAPPA_HELDOUT_TEST_S3_T055,KAPPA_HELDOUT_TEST_S3_T055_E001,2026-09-07T13:30:00.000000Z,2026-09-07T13:43:20.000000Z,10,800,8000,262,125,413.1644042277156,6371,554.7548853068134,6925.754885306814,25,398600.4418,20,100,2000,0.14866733153644524,0.14812029612896727,2.9624059225793453,0.0010953885886749448,5736.033196018727,0.01743365084940724,one independently generated complete analytic trace
heldout_test,3,KAPPA_HELDOUT_TEST_S3_T056,KAPPA_HELDOUT_TEST_S3_T056_E001,2026-09-07T13:45:00.000000Z,2026-09-07T13:58:20.000000Z,10,800,8000,242,117,415.32245605612906,6371,558.9815275053483,6929.981527505348,25,398600.4418,20,100,2000,0.14958753190397228,0.14903028324929052,2.98060566498581,0.0010943866142244419,5741.284867260814,0.017417703930742306,one independently generated complete analytic trace
heldout_test,3,KAPPA_HELDOUT_TEST_S3_T057,KAPPA_HELDOUT_TEST_S3_T057_E001,2026-09-07T14:00:00.000000Z,2026-09-07T14:13:20.000000Z,10,800,8000,184,84,414.8192218384181,6371,557.9939868637274,6928.9939868637275,25,398600.4418,20,100,2000,0.14937274496763603,0.1488178914816465,2.97635782963293,0.0010946205853683679,5740.057688632937,0.017421427697151975,one independently generated complete analytic trace
heldout_test,3,KAPPA_HELDOUT_TEST_S3_T058,KAPPA_HELDOUT_TEST_S3_T058_E001,2026-09-07T14:15:00.000000Z,2026-09-07T14:28:20.000000Z,10,800,8000,256,142,403.9089496921215,6371,536.8690883920259,6907.869088392026,25,398600.4418,20,100,2000,0.144746545328251,0.14424163017760083,2.8848326035520166,0.0010996455977285774,5713.827546036744,0.017501403252774498,one independently generated complete analytic trace
heldout_test,3,KAPPA_HELDOUT_TEST_S3_T059,KAPPA_HELDOUT_TEST_S3_T059_E001,2026-09-07T14:30:00.000000Z,2026-09-07T14:43:20.000000Z,10,800,8000,166,75,406.1003360374828,6371,541.0689466248052,6912.068946624805,25,398600.4418,20,100,2000,0.1456711293842154,0.1451564836092073,2.903129672184146,0.0010986435126715019,5719.039192159031,0.017485454573751287,one independently generated complete analytic trace
heldout_test,3,KAPPA_HELDOUT_TEST_S3_T060,KAPPA_HELDOUT_TEST_S3_T060_E001,2026-09-07T14:45:00.000000Z,2026-09-07T14:58:20.000000Z,10,800,8000,213,110,406.89995716895976,6371,542.606789381752,6913.606789381752,25,398600.4418,20,100,2000,0.14600907463776908,0.14549084129124226,2.909816825824845,0.001098276964414798,5720.947912740295,0.017479620777057673,one independently generated complete analytic trace
heldout_test,4,KAPPA_HELDOUT_TEST_S4_T001,KAPPA_HELDOUT_TEST_S4_T001_E001,2026-09-10T00:00:00.000000Z,2026-09-10T00:13:20.000000Z,10,800,8000,207,108,418.2057283260756,6371,564.6624665604834,6935.662466560483,25,398600.4418,20,100,2000,0.15082058509807156,0.15024945288167987,3.0049890576335976,0.0010930422861780728,5748.346049034705,0.017396308285370636,one independently generated complete analytic trace
heldout_test,4,KAPPA_HELDOUT_TEST_S4_T002,KAPPA_HELDOUT_TEST_S4_T002_E001,2026-09-10T00:15:00.000000Z,2026-09-10T00:28:20.000000Z,10,800,8000,203,128,409.8925047190201,6371,548.3876788412178,6919.387678841218,25,398600.4418,20,100,2000,0.14727655251538235,0.14674471549404616,2.9348943098809235,0.0010969008979739368,5728.124864137799,0.017457719999449083,one independently generated complete analytic trace
heldout_test,4,KAPPA_HELDOUT_TEST_S4_T003,KAPPA_HELDOUT_TEST_S4_T003_E001,2026-09-10T00:30:00.000000Z,2026-09-10T00:43:20.000000Z,10,800,8000,188,104,416.7834983865555,6371,561.8553583364594,6932.855358336459,25,398600.4418,20,100,2000,0.15021183810701327,0.14964758851240534,2.9929517702481068,0.001093706211443656,5744.856563341621,0.017406874984156752,one independently generated complete analytic trace
heldout_test,4,KAPPA_HELDOUT_TEST_S4_T004,KAPPA_HELDOUT_TEST_S4_T004_E001,2026-09-10T00:45:00.000000Z,2026-09-10T00:58:20.000000Z,10,800,8000,168,65,412.8168137007254,6371,554.0761298907203,6925.07612989072,25,398600.4418,20,100,2000,0.14851933287154478,0.14797392836369272,2.9594785672738544,0.0010955496379850423,5735.18998074405,0.017436214028785594,one independently generated complete analytic trace
heldout_test,4,KAPPA_HELDOUT_TEST_S4_T005,KAPPA_HELDOUT_TEST_S4_T005_E001,2026-09-10T01:00:00.000000Z,2026-09-10T01:13:20.000000Z,10,800,8000,218,139,404.06803880719804,6371,537.1732679104643,6908.173267910464,25,398600.4418,20,100,2000,0.14481359087867945,0.144307974274702,2.88615948549404,0.0010995729694142627,5714.20495224306,0.017500247337251335,one independently generated complete analytic trace
heldout_test,4,KAPPA_HELDOUT_TEST_S4_T006,KAPPA_HELDOUT_TEST_S4_T006_E001,2026-09-10T01:15:00.000000Z,2026-09-10T01:28:20.000000Z,10,800,8000,296,135,410.91256924166913,6371,550.3674911293446,6921.367491129345,25,398600.4418,20,100,2000,0.14770958754079894,0.14717304888224372,2.9434609776448744,0.0010964302895483155,5730.583482665371,0.01745023003372925,one independently generated complete analytic trace
heldout_test,4,KAPPA_HELDOUT_TEST_S4_T007,KAPPA_HELDOUT_TEST_S4_T007_E001,2026-09-10T01:30:00.000000Z,2026-09-10T01:43:20.000000Z,10,800,8000,284,158,415.14386811950584,6371,558.630933719865,6929.630933719865,25,398600.4418,20,100,2000,0.14951129384366563,0.14895489613441007,2.9790979226882013,0.0010944696684308949,5740.849187888031,0.017419025779492465,one independently generated complete analytic trace
heldout_test,4,KAPPA_HELDOUT_TEST_S4_T008,KAPPA_HELDOUT_TEST_S4_T008_E001,2026-09-10T01:45:00.000000Z,2026-09-10T01:58:20.000000Z,10,800,8000,210,123,403.1688829346179,6371,535.4555503046861,6906.455550304686,25,398600.4418,20,100,2000,0.1444348137685209,0.14393315154833097,2.8786630309666195,0.0010999832102249329,5712.073828740307,0.017506776522538955,one independently generated complete analytic trace
heldout_test,4,KAPPA_HELDOUT_TEST_S4_T009,KAPPA_HELDOUT_TEST_S4_T009_E001,2026-09-10T02:00:00.000000Z,2026-09-10T02:13:20.000000Z,10,800,8000,137,50,405.73406600019155,6371,540.3654876551907,6911.365487655191,25,398600.4418,20,100,2000,0.14551643428449107,0.14500342519392953,2.9000685038785905,0.0010988112516588683,5718.166152461491,0.017488124222650146,one independently generated complete analytic trace
heldout_test,4,KAPPA_HELDOUT_TEST_S4_T010,KAPPA_HELDOUT_TEST_S4_T010_E001,2026-09-10T02:15:00.000000Z,2026-09-10T02:28:20.000000Z,10,800,8000,332,191,407.8328007530112,6371,544.4044794188546,6915.404479418855,25,398600.4418,20,100,2000,0.14640371194997587,0.14588126816458677,2.9176253632917355,0.0010978487393023951,5723.179416475993,0.017472805362718176,one independently generated complete analytic trace
heldout_test,4,KAPPA_HELDOUT_TEST_S4_T011,KAPPA_HELDOUT_TEST_S4_T011_E001,2026-09-10T02:30:00.000000Z,2026-09-10T02:43:20.000000Z,10,800,8000,258,128,408.0405326104029,6371,544.8053350378277,6915.805335037828,25,398600.4418,20,100,2000,0.14649164946763943,0.14596826437178576,2.919365287435715,0.0010977532900153864,5723.677045041258,0.01747128624013397,one independently generated complete analytic trace
heldout_test,4,KAPPA_HELDOUT_TEST_S4_T012,KAPPA_HELDOUT_TEST_S4_T012_E001,2026-09-10T02:45:00.000000Z,2026-09-10T02:58:20.000000Z,10,800,8000,250,139,408.84879484439824,6371,546.366876852318,6917.3668768523185,25,398600.4418,20,100,2000,0.14683400307097977,0.14630694255837123,2.9261388511674244,0.0010973815970829253,5725.615705495367,0.017465370563382623,one independently generated complete analytic trace
heldout_test,4,KAPPA_HELDOUT_TEST_S4_T013,KAPPA_HELDOUT_TEST_S4_T013_E001,2026-09-10T03:00:00.000000Z,2026-09-10T03:13:20.000000Z,10,800,8000,308,144,415.51950304447837,6371,559.368531606371,6930.368531606371,25,398600.4418,20,100,2000,0.14967166841404972,0.1491134796484345,2.9822695929686898,0.0010942949467626483,5741.7658061637785,0.017416244997775793,one independently generated complete analytic trace
heldout_test,4,KAPPA_HELDOUT_TEST_S4_T014,KAPPA_HELDOUT_TEST_S4_T014_E001,2026-09-10T03:15:00.000000Z,2026-09-10T03:28:20.000000Z,10,800,8000,307,125,416.4409188555282,6371,561.180617073078,6932.180617073078,25,398600.4418,20,100,2000,0.15006535763694356,0.14950275589551373,2.990055117910275,0.0010938658985700086,5744.017905113856,0.01740941648370747,one independently generated complete analytic trace
heldout_test,4,KAPPA_HELDOUT_TEST_S4_T015,KAPPA_HELDOUT_TEST_S4_T015_E001,2026-09-10T03:30:00.000000Z,2026-09-10T03:43:20.000000Z,10,800,8000,248,133,418.33265081830575,6371,564.9134415492368,6935.913441549237,25,398600.4418,20,100,2000,0.15087496020535113,0.1503032105070325,3.00606421014065,0.001092982959357713,5748.658067708461,0.017395364069698816,one independently generated complete analytic trace
heldout_test,4,KAPPA_HELDOUT_TEST_S4_T016,KAPPA_HELDOUT_TEST_S4_T016_E001,2026-09-10T03:45:00.000000Z,2026-09-10T03:58:20.000000Z,10,800,8000,269,114,402.99861335082846,6371,535.1306759747889,6906.130675974789,25,398600.4418,20,100,2000,0.1443631293430399,0.14386221317341905,2.877244263468381,0.001100060828328548,5711.670796174399,0.01750801185302533,one independently generated complete analytic trace
heldout_test,4,KAPPA_HELDOUT_TEST_S4_T017,KAPPA_HELDOUT_TEST_S4_T017_E001,2026-09-10T04:00:00.000000Z,2026-09-10T04:13:20.000000Z,10,800,8000,252,122,406.7365473005544,6371,542.2922839224169,6913.292283922417,25,398600.4418,20,100,2000,0.1459399875202319,0.145422488941214,2.9084497788242802,0.001098351910912521,5720.5575414891,0.01748081358761568,one independently generated complete analytic trace
heldout_test,4,KAPPA_HELDOUT_TEST_S4_T018,KAPPA_HELDOUT_TEST_S4_T018_E001,2026-09-10T04:15:00.000000Z,2026-09-10T04:28:20.000000Z,10,800,8000,245,134,403.3147397614855,6371,535.7339470492436,6906.733947049243,25,398600.4418,20,100,2000,0.14449623119123817,0.143993929185285,2.8798785837057,0.0010999167036833699,5712.419209689819,0.017505718038055184,one independently generated complete analytic trace
heldout_test,4,KAPPA_HELDOUT_TEST_S4_T019,KAPPA_HELDOUT_TEST_S4_T019_E001,2026-09-10T04:30:00.000000Z,2026-09-10T04:43:20.000000Z,10,800,8000,215,97,412.9306644272772,6371,554.2983898522398,6925.29838985224,25,398600.4418,20,100,2000,0.14856780219839522,0.14802186393059347,2.9604372786118693,0.001095496897687158,5735.466088899761,0.017435374640874753,one independently generated complete analytic trace
heldout_test,4,KAPPA_HELDOUT_TEST_S4_T020,KAPPA_HELDOUT_TEST_S4_T020_E001,2026-09-10T04:45:00.000000Z,2026-09-10T04:58:20.000000Z,10,800,8000,220,108,407.7195561095691,6371,544.186035722491,6915.186035722491,25,398600.4418,20,100,2000,0.14635578173265523,0.14583385053213405,2.916677010642681,0.0010979007596014837,5722.908243054918,0.01747363329149228,one independently generated complete analytic trace
heldout_test,4,KAPPA_HELDOUT_TEST_S4_T021,KAPPA_HELDOUT_TEST_S4_T021_E001,2026-09-10T05:00:00.000000Z,2026-09-10T05:13:20.000000Z,10,800,8000,293,148,412.53345288818383,6371,553.523210916852,6924.523210916852,25,398600.4418,20,100,2000,0.1483987262051218,0.14785464834852566,2.9570929669705133,0.0010956808590645102,5734.503122144669,0.017438302477129113,one independently generated complete analytic trace
heldout_test,4,KAPPA_HELDOUT_TEST_S4_T022,KAPPA_HELDOUT_TEST_S4_T022_E001,2026-09-10T05:15:00.000000Z,2026-09-10T05:28:20.000000Z,10,800,8000,326,153,411.5086606369751,6371,551.5266281379527,6922.526628137953,25,398600.4418,20,100,2000,0.14796287361188393,0.14742357213673685,2.948471442734737,0.0010961549147196572,5732.023113527268,0.017445847307210844,one independently generated complete analytic trace
heldout_test,4,KAPPA_HELDOUT_TEST_S4_T023,KAPPA_HELDOUT_TEST_S4_T023_E001,2026-09-10T05:30:00.000000Z,2026-09-10T05:43:20.000000Z,10,800,8000,175,78,408.6693941879051,6371,546.020024130458,6917.020024130458,25,398600.4418,20,100,2000,0.14675798752311825,0.14623174457276472,2.9246348914552946,0.0010974641401211454,5725.185067537611,0.017466684276637678,one independently generated complete analytic trace
heldout_test,4,KAPPA_HELDOUT_TEST_S4_T024,KAPPA_HELDOUT_TEST_S4_T024_E001,2026-09-10T05:45:00.000000Z,2026-09-10T05:58:20.000000Z,10,800,8000,315,139,404.05784668677865,6371,537.1537771361059,6908.153777136105,25,398600.4418,20,100,2000,0.14480929521331815,0.14430372357149726,2.886074471429945,0.0010995776229464032,5714.180769105964,0.017500321400515637,one independently generated complete analytic trace
heldout_test,4,KAPPA_HELDOUT_TEST_S4_T025,KAPPA_HELDOUT_TEST_S4_T025_E001,2026-09-10T06:00:00.000000Z,2026-09-10T06:13:20.000000Z,10,800,8000,198,72,404.38908523663486,6371,537.7874531962459,6908.787453196246,25,398600.4418,20,100,2000,0.14494892732238546,0.14444189280597172,2.8888378561194346,0.0010994263460306034,5714.967018813545,0.017497913753623112,one independently generated complete analytic trace
heldout_test,4,KAPPA_HELDOUT_TEST_S4_T026,KAPPA_HELDOUT_TEST_S4_T026_E001,2026-09-10T06:15:00.000000Z,2026-09-10T06:28:20.000000Z,10,800,8000,191,121,404.8672557890426,6371,538.7030780473638,6909.703078047363,25,398600.4418,20,100,2000,0.1451505899317131,0.14464143769840718,2.8928287539681437,0.0010992078209963085,5716.103167356091,0.017494435819683376,one independently generated complete analytic trace
heldout_test,4,KAPPA_HELDOUT_TEST_S4_T027,KAPPA_HELDOUT_TEST_S4_T027_E001,2026-09-10T06:30:00.000000Z,2026-09-10T06:43:20.000000Z,10,800,8000,218,83,415.28937133069064,6371,558.9165662164604,6929.9165662164605,25,398600.4418,20,100,2000,0.14957340704785554,0.14901631611576976,2.9803263223153955,0.0010944020024901435,5741.204139688309,0.017417948842597508,one independently generated complete analytic trace
heldout_test,4,KAPPA_HELDOUT_TEST_S4_T028,KAPPA_HELDOUT_TEST_S4_T028_E001,2026-09-10T06:45:00.000000Z,2026-09-10T06:58:20.000000Z,10,800,8000,247,153,410.9013836979738,6371,550.3457556839292,6921.345755683929,25,398600.4418,20,100,2000,0.14770483633403192,0.14716834941085083,2.943366988217017,0.0010964354543140115,5730.556488717963,0.01745031223352829,one independently generated complete analytic trace
heldout_test,4,KAPPA_HELDOUT_TEST_S4_T029,KAPPA_HELDOUT_TEST_S4_T029_E001,2026-09-10T07:00:00.000000Z,2026-09-10T07:13:20.000000Z,10,800,8000,208,108,409.8584077271091,6371,548.3215829581308,6919.32158295813,25,398600.4418,20,100,2000,0.14726208649965838,0.1467304060663058,2.934608121326116,0.0010969166150075606,5728.042789411371,0.017457970143808278,one independently generated complete analytic trace
heldout_test,4,KAPPA_HELDOUT_TEST_S4_T030,KAPPA_HELDOUT_TEST_S4_T030_E001,2026-09-10T07:15:00.000000Z,2026-09-10T07:28:20.000000Z,10,800,8000,242,88,407.2037315293696,6371,543.1917651476745,6914.191765147674,25,398600.4418,20,100,2000,0.14613753972526616,0.14561793825773928,2.9123587651547855,0.0010981375876428358,5721.674021437069,0.017477402526836678,one independently generated complete analytic trace
heldout_test,4,KAPPA_HELDOUT_TEST_S4_T031,KAPPA_HELDOUT_TEST_S4_T031_E001,2026-09-10T07:30:00.000000Z,2026-09-10T07:43:20.000000Z,10,800,8000,224,122,406.1264750723338,6371,541.1191722639161,6912.119172263916,25,398600.4418,20,100,2000,0.14568217172644277,0.14516740898993505,2.903348179798701,0.0010986315380575743,5719.101527240439,0.017485263991851466,one independently generated complete analytic trace
heldout_test,4,KAPPA_HELDOUT_TEST_S4_T032,KAPPA_HELDOUT_TEST_S4_T032_E001,2026-09-10T07:45:00.000000Z,2026-09-10T07:58:20.000000Z,10,800,8000,234,127,409.2788203206414,6371,547.1988809411027,6918.198880941103,25,398600.4418,20,100,2000,0.14701627666670186,0.14648725232067478,2.9297450464134958,0.001097183641255103,5726.648731284448,0.017462219998531443,one independently generated complete analytic trace
heldout_test,4,KAPPA_HELDOUT_TEST_S4_T033,KAPPA_HELDOUT_TEST_S4_T033_E001,2026-09-10T08:00:00.000000Z,2026-09-10T08:13:20.000000Z,10,800,8000,279,173,405.4693775079088,6371,539.8574998256719,6910.857499825672,25,398600.4418,20,100,2000,0.1454046823192568,0.1448928534129014,2.897857068258028,0.0010989324073186577,5717.535733166935,0.01749005247486405,one independently generated complete analytic trace
heldout_test,4,KAPPA_HELDOUT_TEST_S4_T034,KAPPA_HELDOUT_TEST_S4_T034_E001,2026-09-10T08:15:00.000000Z,2026-09-10T08:28:20.000000Z,10,800,8000,264,110,417.25799077085173,6371,562.7908236220899,6933.79082362209,25,398600.4418,20,100,2000,0.15041481896372005,0.1498482805984758,2.996965611969516,0.0010934848845294985,5746.019351591766,0.017403352456914007,one independently generated complete analytic trace
heldout_test,4,KAPPA_HELDOUT_TEST_S4_T035,KAPPA_HELDOUT_TEST_S4_T035_E001,2026-09-10T08:30:00.000000Z,2026-09-10T08:43:20.000000Z,10,800,8000,251,144,406.9242751387991,6371,542.6536030178152,6913.653603017815,25,398600.4418,20,100,2000,0.14601935698791307,0.14550101422536083,2.9100202845072163,0.0010982658094768967,5721.00601963769,0.017479443240706986,one independently generated complete analytic trace
heldout_test,4,KAPPA_HELDOUT_TEST_S4_T036,KAPPA_HELDOUT_TEST_S4_T036_E001,2026-09-10T08:45:00.000000Z,2026-09-10T08:58:20.000000Z,10,800,8000,285,146,415.4732843911161,6371,559.2777410178239,6930.277741017824,25,398600.4418,20,100,2000,0.1496519319146284,0.14909396377226164,2.981879275445233,0.0010943164506643742,5741.652977404278,0.01741658724300134,one independently generated complete analytic trace
heldout_test,4,KAPPA_HELDOUT_TEST_S4_T037,KAPPA_HELDOUT_TEST_S4_T037_E001,2026-09-10T09:00:00.000000Z,2026-09-10T09:13:20.000000Z,10,800,8000,354,171,409.7147111824054,6371,548.0430901290727,6919.043090129073,25,398600.4418,20,100,2000,0.14720112790120948,0.14667010697943722,2.933402139588744,0.0010969828423343661,5727.6969745570905,0.017459024184451163,one independently generated complete analytic trace
heldout_test,4,KAPPA_HELDOUT_TEST_S4_T038,KAPPA_HELDOUT_TEST_S4_T038_E001,2026-09-10T09:15:00.000000Z,2026-09-10T09:28:20.000000Z,10,800,8000,258,155,404.46555293377975,6371,537.9338090307202,6908.93380903072,25,398600.4418,20,100,2000,0.14498116933862165,0.1444737966342641,2.889475932685282,0.0010993914115647483,5715.148618667866,0.017497357754330603,one independently generated complete analytic trace
heldout_test,4,KAPPA_HELDOUT_TEST_S4_T039,KAPPA_HELDOUT_TEST_S4_T039_E001,2026-09-10T09:30:00.000000Z,2026-09-10T09:43:20.000000Z,10,800,8000,231,110,404.0540460708041,6371,537.1465091935914,6908.146509193592,25,398600.4418,20,100,2000,0.14480769338316862,0.1443021385068087,2.886042770136174,0.0010995793582170097,5714.171751430383,0.017500349018205096,one independently generated complete analytic trace
heldout_test,4,KAPPA_HELDOUT_TEST_S4_T040,KAPPA_HELDOUT_TEST_S4_T040_E001,2026-09-10T09:45:00.000000Z,2026-09-10T09:58:20.000000Z,10,800,8000,199,101,408.5168327404937,6371,545.725176932635,6916.725176932635,25,398600.4418,20,100,2000,0.14669335651651422,0.1461678080207726,2.9233561604154517,0.0010975343151678417,5724.819005972239,0.017467801147194015,one independently generated complete analytic trace
heldout_test,4,KAPPA_HELDOUT_TEST_S4_T041,KAPPA_HELDOUT_TEST_S4_T041_E001,2026-09-10T10:00:00.000000Z,2026-09-10T10:13:20.000000Z,10,800,8000,277,119,405.1563566093831,6371,539.2571566575176,6910.257156657518,25,398600.4418,20,100,2000,0.1452725674780319,0.144762131469058,2.89524262938116,0.0010990756185357297,5716.790729604677,0.017492331752174375,one independently generated complete analytic trace
heldout_test,4,KAPPA_HELDOUT_TEST_S4_T042,KAPPA_HELDOUT_TEST_S4_T042_E001,2026-09-10T10:15:00.000000Z,2026-09-10T10:28:20.000000Z,10,800,8000,279,131,402.9776179681097,6371,535.0906256635949,6906.090625663595,25,398600.4418,20,100,2000,0.1443542911211258,0.14385346688347297,2.8770693376694596,0.0011000703976735153,5711.621111219414,0.0175081641538807,one independently generated complete analytic trace
heldout_test,4,KAPPA_HELDOUT_TEST_S4_T043,KAPPA_HELDOUT_TEST_S4_T043_E001,2026-09-10T10:30:00.000000Z,2026-09-10T10:43:20.000000Z,10,800,8000,245,122,417.87421501619764,6371,564.0072948933946,6935.007294893395,25,398600.4418,20,100,2000,0.15067859906881392,0.15010907714697766,3.002181542939553,0.001093197184483124,5747.531549077623,0.017398773568463182,one independently generated complete analytic trace
heldout_test,4,KAPPA_HELDOUT_TEST_S4_T044,KAPPA_HELDOUT_TEST_S4_T044_E001,2026-09-10T10:45:00.000000Z,2026-09-10T10:58:20.000000Z,10,800,8000,285,143,410.49632996158397,6371,549.559051483524,6920.559051483524,25,398600.4418,20,100,2000,0.14753282555453023,0.14699820940154726,2.9399641880309453,0.0010966224178708514,5729.579484047675,0.0174532878509532,one independently generated complete analytic trace
heldout_test,4,KAPPA_HELDOUT_TEST_S4_T045,KAPPA_HELDOUT_TEST_S4_T045_E001,2026-09-10T11:00:00.000000Z,2026-09-10T11:13:20.000000Z,10,800,8000,241,96,416.95419001969765,6371,562.1917563895756,6933.191756389576,25,398600.4418,20,100,2000,0.15028484449555007,0.1497197724062648,2.994395448125296,0.0010936266125683694,5745.274698851374,0.01740560812871011,one independently generated complete analytic trace
heldout_test,4,KAPPA_HELDOUT_TEST_S4_T046,KAPPA_HELDOUT_TEST_S4_T046_E001,2026-09-10T11:15:00.000000Z,2026-09-10T11:28:20.000000Z,10,800,8000,227,146,406.3414279900819,6371,541.5323161345503,6912.5323161345505,25,398600.4418,20,100,2000,0.14577299022566542,0.14525726485971843,2.9051452971943688,0.001098533046054236,5719.614289026475,0.017483696442932836,one independently generated complete analytic trace
heldout_test,4,KAPPA_HELDOUT_TEST_S4_T047,KAPPA_HELDOUT_TEST_S4_T047_E001,2026-09-10T11:30:00.000000Z,2026-09-10T11:43:20.000000Z,10,800,8000,209,86,404.25432746888254,6371,537.5295959740661,6908.529595974066,25,398600.4418,20,100,2000,0.14489211450907552,0.14438567553941192,2.8877135107882386,0.0010994878998674112,5714.64707154784,0.017498893413362537,one independently generated complete analytic trace
heldout_test,4,KAPPA_HELDOUT_TEST_S4_T048,KAPPA_HELDOUT_TEST_S4_T048_E001,2026-09-10T11:45:00.000000Z,2026-09-10T11:58:20.000000Z,10,800,8000,166,89,404.2487458694505,6371,537.5189173971339,6908.518917397134,25,398600.4418,20,100,2000,0.1448897615367773,0.1443833472223607,2.887666944447214,0.0010994904491049833,5714.633821780152,0.017498933985738607,one independently generated complete analytic trace
heldout_test,4,KAPPA_HELDOUT_TEST_S4_T049,KAPPA_HELDOUT_TEST_S4_T049_E001,2026-09-10T12:00:00.000000Z,2026-09-10T12:13:20.000000Z,10,800,8000,295,133,413.28691523525265,6371,554.994250916306,6925.994250916306,25,398600.4418,20,100,2000,0.14871950900889724,0.14817189784840096,2.9634379569680194,0.0010953318034505664,5736.330568861414,0.0174327470844918,one independently generated complete analytic trace
heldout_test,4,KAPPA_HELDOUT_TEST_S4_T050,KAPPA_HELDOUT_TEST_S4_T050_E001,2026-09-10T12:15:00.000000Z,2026-09-10T12:28:20.000000Z,10,800,8000,225,90,407.53723801015207,6371,543.8344740093119,6914.834474009312,25,398600.4418,20,100,2000,0.14627862950547849,0.14575752269802783,2.915150453960557,0.0010979844893232841,5722.471827495554,0.017474965891403106,one independently generated complete analytic trace
heldout_test,4,KAPPA_HELDOUT_TEST_S4_T051,KAPPA_HELDOUT_TEST_S4_T051_E001,2026-09-10T12:30:00.000000Z,2026-09-10T12:43:20.000000Z,10,800,8000,246,161,404.8222254869001,6371,538.6168083665714,6909.616808366572,25,398600.4418,20,100,2000,0.14513159430985395,0.14462264180583806,2.892452836116761,0.0010992284072183372,5715.996116839411,0.017494763459582924,one independently generated complete analytic trace
heldout_test,4,KAPPA_HELDOUT_TEST_S4_T052,KAPPA_HELDOUT_TEST_S4_T052_E001,2026-09-10T12:45:00.000000Z,2026-09-10T12:58:20.000000Z,10,800,8000,218,129,408.646046316005,6371,545.974894141447,6916.974894141447,25,398600.4418,20,100,2000,0.1467480957204929,0.14622195909629188,2.9244391819258375,0.0010974748807901797,5725.129036808301,0.017466855219694568,one independently generated complete analytic trace
heldout_test,4,KAPPA_HELDOUT_TEST_S4_T053,KAPPA_HELDOUT_TEST_S4_T053_E001,2026-09-10T13:00:00.000000Z,2026-09-10T13:13:20.000000Z,10,800,8000,231,121,409.903160482342,6371,548.4083357689365,6919.408335768936,25,398600.4418,20,100,2000,0.14728107345352032,0.1467491874888048,2.934983749776096,0.0010968959860108282,5728.150515009324,0.01745764182312818,one independently generated complete analytic trace
heldout_test,4,KAPPA_HELDOUT_TEST_S4_T054,KAPPA_HELDOUT_TEST_S4_T054_E001,2026-09-10T13:15:00.000000Z,2026-09-10T13:28:20.000000Z,10,800,8000,261,138,405.15511323115476,6371,539.2547728526649,6910.254772852665,25,398600.4418,20,100,2000,0.14527204278606282,0.1447616123039196,2.895232246078392,0.0010990761872518128,5716.787771455944,0.017492340803571958,one independently generated complete analytic trace
heldout_test,4,KAPPA_HELDOUT_TEST_S4_T055,KAPPA_HELDOUT_TEST_S4_T055_E001,2026-09-10T13:30:00.000000Z,2026-09-10T13:43:20.000000Z,10,800,8000,292,105,403.9223193499715,6371,536.8946469503221,6907.894646950323,25,398600.4418,20,100,2000,0.14475217929353884,0.144247205223387,2.8849441044677397,0.0010996394948568152,5713.859257117465,0.017501306122553694,one independently generated complete analytic trace
heldout_test,4,KAPPA_HELDOUT_TEST_S4_T056,KAPPA_HELDOUT_TEST_S4_T056_E001,2026-09-10T13:45:00.000000Z,2026-09-10T13:58:20.000000Z,10,800,8000,192,101,405.72640415454316,6371,540.3507787074277,6911.350778707428,25,398600.4418,20,100,2000,0.14551319896893894,0.14500022407117333,2.9000044814234665,0.0010988147594462212,5718.14789814634,0.017488180050819802,one independently generated complete analytic trace
heldout_test,4,KAPPA_HELDOUT_TEST_S4_T057,KAPPA_HELDOUT_TEST_S4_T057_E001,2026-09-10T14:00:00.000000Z,2026-09-10T14:13:20.000000Z,10,800,8000,263,104,412.48595722107746,6371,553.4305693179712,6924.430569317971,25,398600.4418,20,100,2000,0.14837851451920908,0.14783465877700133,2.9566931755400265,0.0010957028477244744,5734.388041637688,0.01743865243752164,one independently generated complete analytic trace
heldout_test,4,KAPPA_HELDOUT_TEST_S4_T058,KAPPA_HELDOUT_TEST_S4_T058_E001,2026-09-10T14:15:00.000000Z,2026-09-10T14:28:20.000000Z,10,800,8000,177,99,404.25498036273865,6371,537.5308450833633,6908.530845083364,25,398600.4418,20,100,2000,0.1448923897431857,0.1443859478894729,2.887718957789458,0.001099487601675105,5714.648621418695,0.017498888667484582,one independently generated complete analytic trace
heldout_test,4,KAPPA_HELDOUT_TEST_S4_T059,KAPPA_HELDOUT_TEST_S4_T059_E001,2026-09-10T14:30:00.000000Z,2026-09-10T14:43:20.000000Z,10,800,8000,288,173,403.86299753775734,6371,536.7812484493649,6907.781248449365,25,398600.4418,20,100,2000,0.14472718176613714,0.14422246908296774,2.884449381659355,0.001099666572577776,5713.718561482595,0.017501737077867553,one independently generated complete analytic trace
heldout_test,4,KAPPA_HELDOUT_TEST_S4_T060,KAPPA_HELDOUT_TEST_S4_T060_E001,2026-09-10T14:45:00.000000Z,2026-09-10T14:58:20.000000Z,10,800,8000,208,91,409.9554438649733,6371,548.5096981817053,6919.509698181705,25,398600.4418,20,100,2000,0.14730325660958238,0.14677113044800902,2.9354226089601805,0.0010968718838082077,5728.276382985696,0.017457258224659534,one independently generated complete analytic trace
heldout_test,5,KAPPA_HELDOUT_TEST_S5_T001,KAPPA_HELDOUT_TEST_S5_T001_E001,2026-09-13T00:00:00.000000Z,2026-09-13T00:13:20.000000Z,10,800,8000,254,111,407.9647195012614,6371,544.659017566732,6915.659017566732,25,398600.4418,20,100,2000,0.1464595536804421,0.14593651227862256,2.9187302455724513,0.0010977881286333222,5723.495402525222,0.01747184071395947,one independently generated complete analytic trace
heldout_test,5,KAPPA_HELDOUT_TEST_S5_T002,KAPPA_HELDOUT_TEST_S5_T002_E001,2026-09-13T00:15:00.000000Z,2026-09-13T00:28:20.000000Z,10,800,8000,198,98,403.92845455495365,6371,536.9063757877357,6907.906375787736,25,398600.4418,20,100,2000,0.14475476469338328,0.14424976358382,2.8849952716764,0.0010996366942642756,5713.873809370669,0.01750126154973907,one independently generated complete analytic trace
heldout_test,5,KAPPA_HELDOUT_TEST_S5_T003,KAPPA_HELDOUT_TEST_S5_T003_E001,2026-09-13T00:30:00.000000Z,2026-09-13T00:43:20.000000Z,10,800,8000,251,150,412.5941279154208,6371,553.6415743316423,6924.641574331642,25,398600.4418,20,100,2000,0.14842454795382815,0.1478801862437195,2.9576037248743905,0.001095652766352618,5734.650155720454,0.017437855367732864,one independently generated complete analytic trace
heldout_test,5,KAPPA_HELDOUT_TEST_S5_T004,KAPPA_HELDOUT_TEST_S5_T004_E001,2026-09-13T00:45:00.000000Z,2026-09-13T00:58:20.000000Z,10,800,8000,359,159,418.273200280096,6371,564.7958753065068,6935.795875306507,25,398600.4418,20,100,2000,0.1508494898773915,0.1502780294745961,3.005560589491922,0.0010930107496315486,5748.511905576073,0.017395806365643897,one independently generated complete analytic trace
heldout_test,5,KAPPA_HELDOUT_TEST_S5_T005,KAPPA_HELDOUT_TEST_S5_T005_E001,2026-09-13T01:00:00.000000Z,2026-09-13T01:13:20.000000Z,10,800,8000,292,117,408.1082486747303,6371,544.9360473537583,6915.936047353758,25,398600.4418,20,100,2000,0.14652031968210172,0.14599662744741423,2.919932548948285,0.001097722168588899,5723.839316515309,0.017470790927247817,one independently generated complete analytic trace
heldout_test,5,KAPPA_HELDOUT_TEST_S5_T006,KAPPA_HELDOUT_TEST_S5_T006_E001,2026-09-13T01:15:00.000000Z,2026-09-13T01:28:20.000000Z,10,800,8000,268,135,413.1273734111052,6371,554.6825470516424,6925.682547051642,25,398600.4418,20,100,2000,0.14865156155673248,0.14810470008394266,2.962094001678853,0.0010954057506020786,5735.943328511921,0.01743392398996087,one independently generated complete analytic trace
heldout_test,5,KAPPA_HELDOUT_TEST_S5_T007,KAPPA_HELDOUT_TEST_S5_T007_E001,2026-09-13T01:30:00.000000Z,2026-09-13T01:43:20.000000Z,10,800,8000,247,124,415.14198565315303,6371,558.6272389593848,6929.627238959385,25,398600.4418,20,100,2000,0.14951049031508573,0.148954101569954,2.9790820313990802,0.0010944705437601898,5740.8445965050105,0.017419039710790875,one independently generated complete analytic trace
heldout_test,5,KAPPA_HELDOUT_TEST_S5_T008,KAPPA_HELDOUT_TEST_S5_T008_E001,2026-09-13T01:45:00.000000Z,2026-09-13T01:58:20.000000Z,10,800,8000,173,102,404.67512471885397,6371,538.3350535917742,6909.335053591774,25,398600.4418,20,100,2000,0.14506954792010512,0.14456124743870744,2.891224948774149,0.0010992956458181454,5715.6464969924955,0.017495833595135526,one independently generated complete analytic trace
heldout_test,5,KAPPA_HELDOUT_TEST_S5_T009,KAPPA_HELDOUT_TEST_S5_T009_E001,2026-09-13T02:00:00.000000Z,2026-09-13T02:13:20.000000Z,10,800,8000,239,106,411.6682060311641,6371,551.8371503243143,6922.837150324314,25,398600.4418,20,100,2000,0.14803069575603917,0.14749065287975907,2.9498130575951813,0.0010960811639012349,5732.408797917951,0.017444673526479944,one independently generated complete analytic trace
heldout_test,5,KAPPA_HELDOUT_TEST_S5_T010,KAPPA_HELDOUT_TEST_S5_T010_E001,2026-09-13T02:15:00.000000Z,2026-09-13T02:28:20.000000Z,10,800,8000,264,105,409.2490412483076,6371,547.1412379890103,6918.14123798901,25,398600.4418,20,100,2000,0.14700365141413058,0.14647476325060882,2.9294952650121764,0.0010971973541225415,5726.577159133254,0.017462438245595124,one independently generated complete analytic trace
heldout_test,5,KAPPA_HELDOUT_TEST_S5_T011,KAPPA_HELDOUT_TEST_S5_T011_E001,2026-09-13T02:30:00.000000Z,2026-09-13T02:43:20.000000Z,10,800,8000,327,167,413.56187300789213,6371,555.531724038108,6926.531724038108,25,398600.4418,20,100,2000,0.148836640541056,0.14828773542165785,2.965754708433157,0.0010952043154074888,5736.998310531514,0.017430718049267706,one independently generated complete analytic trace
heldout_test,5,KAPPA_HELDOUT_TEST_S5_T012,KAPPA_HELDOUT_TEST_S5_T012_E001,2026-09-13T02:45:00.000000Z,2026-09-13T02:58:20.000000Z,10,800,8000,267,151,408.8126686706242,6371,546.2970188853342,6917.297018885334,25,398600.4418,20,100,2000,0.14681869445632761,0.14629179865886846,2.925835973177369,0.001097398220853898,5725.528971871823,0.017465635138914932,one independently generated complete analytic trace
heldout_test,5,KAPPA_HELDOUT_TEST_S5_T013,KAPPA_HELDOUT_TEST_S5_T013_E001,2026-09-13T03:00:00.000000Z,2026-09-13T03:13:20.000000Z,10,800,8000,272,152,410.3145525615706,6371,549.2062429850497,6920.206242985049,25,398600.4418,20,100,2000,0.14745565766372032,0.14692187936659118,2.9384375873318236,0.0010967062815505429,5729.141350678056,0.01745462258287008,one independently generated complete analytic trace
heldout_test,5,KAPPA_HELDOUT_TEST_S5_T014,KAPPA_HELDOUT_TEST_S5_T014_E001,2026-09-13T03:15:00.000000Z,2026-09-13T03:28:20.000000Z,10,800,8000,180,94,414.21819048437163,6371,556.8160737929426,6927.816073792943,25,398600.4418,20,100,2000,0.14911638152889445,0.14856437785986584,2.971287557197317,0.0010948997691731513,5738.594055896583,0.017425871045408225,one independently generated complete analytic trace
heldout_test,5,KAPPA_HELDOUT_TEST_S5_T015,KAPPA_HELDOUT_TEST_S5_T015_E001,2026-09-13T03:30:00.000000Z,2026-09-13T03:43:20.000000Z,10,800,8000,248,118,402.9615908914285,6371,535.0600540901366,6906.060054090137,25,398600.4418,20,100,2000,0.14434754449882953,0.14384679042952386,2.8769358085904773,0.001100077702327673,5711.583185337625,0.01750828041106238,one independently generated complete analytic trace
heldout_test,5,KAPPA_HELDOUT_TEST_S5_T016,KAPPA_HELDOUT_TEST_S5_T016_E001,2026-09-13T03:45:00.000000Z,2026-09-13T03:58:20.000000Z,10,800,8000,284,159,410.30309960726987,6371,549.1840191992599,6920.18401919926,25,398600.4418,20,100,2000,0.14745079621025386,0.14691707066740128,2.9383414133480255,0.0010967115645715527,5729.113752561011,0.017454706664760896,one independently generated complete analytic trace
heldout_test,5,KAPPA_HELDOUT_TEST_S5_T017,KAPPA_HELDOUT_TEST_S5_T017_E001,2026-09-13T04:00:00.000000Z,2026-09-13T04:13:20.000000Z,10,800,8000,169,100,413.8653454011666,6371,556.1253421003905,6927.12534210039,25,398600.4418,20,100,2000,0.1489659625646393,0.148415626454098,2.96831252908196,0.00109506353858385,5737.735835223846,0.017428477516532218,one independently generated complete analytic trace
heldout_test,5,KAPPA_HELDOUT_TEST_S5_T018,KAPPA_HELDOUT_TEST_S5_T018_E001,2026-09-13T04:15:00.000000Z,2026-09-13T04:28:20.000000Z,10,800,8000,267,131,412.53382660567763,6371,553.5239399042446,6924.523939904245,25,398600.4418,20,100,2000,0.14839888524424688,0.147854805639666,2.95709611279332,0.0010956806860408805,5734.504027704616,0.01743829972337252,one independently generated complete analytic trace
heldout_test,5,KAPPA_HELDOUT_TEST_S5_T019,KAPPA_HELDOUT_TEST_S5_T019_E001,2026-09-13T04:30:00.000000Z,2026-09-13T04:43:20.000000Z,10,800,8000,204,101,417.24999762771955,6371,562.7750563201137,6933.775056320113,25,398600.4418,20,100,2000,0.15041139868108294,0.14984489893336286,2.996897978667257,0.0010934886143843126,5745.999752102884,0.017403411819397075,one independently generated complete analytic trace
heldout_test,5,KAPPA_HELDOUT_TEST_S5_T020,KAPPA_HELDOUT_TEST_S5_T020_E001,2026-09-13T04:45:00.000000Z,2026-09-13T04:58:20.000000Z,10,800,8000,268,158,418.26300105384445,6371,564.7757075334608,6935.775707533461,25,398600.4418,20,100,2000,0.1508451204129992,0.15027370962938996,3.0054741925877995,0.0010930155170021404,5748.486832476763,0.017395882240703424,one independently generated complete analytic trace
heldout_test,5,KAPPA_HELDOUT_TEST_S5_T021,KAPPA_HELDOUT_TEST_S5_T021_E001,2026-09-13T05:00:00.000000Z,2026-09-13T05:13:20.000000Z,10,800,8000,293,153,415.9772244321982,6371,560.2682047727138,6931.268204772714,25,398600.4418,20,100,2000,0.14986718409224825,0.14930680662766135,2.986136132553227,0.0010940818957402077,5742.883902606449,0.01741285418544057,one independently generated complete analytic trace
heldout_test,5,KAPPA_HELDOUT_TEST_S5_T022,KAPPA_HELDOUT_TEST_S5_T022_E001,2026-09-13T05:15:00.000000Z,2026-09-13T05:28:20.000000Z,10,800,8000,227,114,411.3280264310237,6371,551.1752017875259,6922.175201787526,25,398600.4418,20,100,2000,0.14788610172600863,0.14734763866829992,2.9469527733659984,0.0010962383904911698,5731.586634513324,0.017447175865377307,one independently generated complete analytic trace
heldout_test,5,KAPPA_HELDOUT_TEST_S5_T023,KAPPA_HELDOUT_TEST_S5_T023_E001,2026-09-13T05:30:00.000000Z,2026-09-13T05:43:20.000000Z,10,800,8000,182,117,409.6735971240078,6371,547.9634258150386,6918.963425815038,25,398600.4418,20,100,2000,0.1471836884408641,0.1466528560964825,2.9330571219296497,0.0010970017882295418,5727.598053709702,0.017459325717738013,one independently generated complete analytic trace
heldout_test,5,KAPPA_HELDOUT_TEST_S5_T024,KAPPA_HELDOUT_TEST_S5_T024_E001,2026-09-13T05:45:00.000000Z,2026-09-13T05:58:20.000000Z,10,800,8000,300,192,404.7429907695896,6371,538.4650313151217,6909.465031315121,25,398600.4418,20,100,2000,0.14509817221124216,0.1445895709968937,2.8917914199378743,0.0010992646267871397,5715.807781010545,0.01749533991192408,one independently generated complete analytic trace
heldout_test,5,KAPPA_HELDOUT_TEST_S5_T025,KAPPA_HELDOUT_TEST_S5_T025_E001,2026-09-13T06:00:00.000000Z,2026-09-13T06:13:20.000000Z,10,800,8000,307,172,409.2081474829799,6371,547.0620870343729,6918.062087034373,25,398600.4418,20,100,2000,0.14698631463309958,0.14645761343502403,2.9291522687004807,0.0010972161840633497,5726.478882138705,0.0174627379334109,one independently generated complete analytic trace
heldout_test,5,KAPPA_HELDOUT_TEST_S5_T026,KAPPA_HELDOUT_TEST_S5_T026_E001,2026-09-13T06:15:00.000000Z,2026-09-13T06:28:20.000000Z,10,800,8000,301,140,405.7009318965645,6371,540.3018798293834,6911.301879829383,25,398600.4418,20,100,2000,0.14550244317310307,0.1449895819382642,2.899791638765284,0.00109882642097647,5718.087213079611,0.017488365649838113,one independently generated complete analytic trace
heldout_test,5,KAPPA_HELDOUT_TEST_S5_T027,KAPPA_HELDOUT_TEST_S5_T027_E001,2026-09-13T06:30:00.000000Z,2026-09-13T06:43:20.000000Z,10,800,8000,204,134,415.9204941006846,6371,560.1566454659256,6931.156645465926,25,398600.4418,20,100,2000,0.14984294606725151,0.14928284024484398,2.9856568048968795,0.0010941083102728527,5742.745254912343,0.017413274585784566,one independently generated complete analytic trace
heldout_test,5,KAPPA_HELDOUT_TEST_S5_T028,KAPPA_HELDOUT_TEST_S5_T028_E001,2026-09-13T06:45:00.000000Z,2026-09-13T06:58:20.000000Z,10,800,8000,231,121,413.1201509918224,6371,554.6684390753314,6925.668439075332,25,398600.4418,20,100,2000,0.14864848588892682,0.14810165833486355,2.962033166697271,0.00109540909770851,5735.925801897577,0.017433977260814235,one independently generated complete analytic trace
heldout_test,5,KAPPA_HELDOUT_TEST_S5_T029,KAPPA_HELDOUT_TEST_S5_T029_E001,2026-09-13T07:00:00.000000Z,2026-09-13T07:13:20.000000Z,10,800,8000,210,110,404.21623616330675,6371,537.4567233882489,6908.456723388249,25,398600.4418,20,100,2000,0.14487605707847756,0.14436978634816752,2.8873957269633506,0.0010995052965322891,5714.556652883816,0.0174991702898834,one independently generated complete analytic trace
heldout_test,5,KAPPA_HELDOUT_TEST_S5_T030,KAPPA_HELDOUT_TEST_S5_T030_E001,2026-09-13T07:15:00.000000Z,2026-09-13T07:28:20.000000Z,10,800,8000,279,103,405.66020850137744,6371,540.2237094979336,6911.223709497934,25,398600.4418,20,100,2000,0.14548524814774672,0.14497256858818214,2.899451371763643,0.0010988450636666854,5717.990201651828,0.01748866235746814,one independently generated complete analytic trace
heldout_test,5,KAPPA_HELDOUT_TEST_S5_T031,KAPPA_HELDOUT_TEST_S5_T031_E001,2026-09-13T07:30:00.000000Z,2026-09-13T07:43:20.000000Z,10,800,8000,291,135,408.86261363863275,6371,546.3936001187695,6917.393600118769,25,398600.4418,20,100,2000,0.14683985900884883,0.14631273547940332,2.9262547095880667,0.001097375237984212,5725.648884442919,0.01746526935518324,one independently generated complete analytic trace
heldout_test,5,KAPPA_HELDOUT_TEST_S5_T032,KAPPA_HELDOUT_TEST_S5_T032_E001,2026-09-13T07:45:00.000000Z,2026-09-13T07:58:20.000000Z,10,800,8000,260,160,411.0531164513598,6371,550.6406474267006,6921.6406474267005,25,398600.4418,20,100,2000,0.1477692920215004,0.14723210296412603,2.9446420592825207,0.0010963653857418492,5730.922727853274,0.01744919705756679,one independently generated complete analytic trace
heldout_test,5,KAPPA_HELDOUT_TEST_S5_T033,KAPPA_HELDOUT_TEST_S5_T033_E001,2026-09-13T08:00:00.000000Z,2026-09-13T08:13:20.000000Z,10,800,8000,247,148,412.1911153266775,6371,552.855704418635,6923.855704418635,25,398600.4418,20,100,2000,0.148253069927007,0.1477105913958569,2.9542118279171383,0.0010958393094464267,5733.673954764038,0.017440824293280796,one independently generated complete analytic trace
heldout_test,5,KAPPA_HELDOUT_TEST_S5_T034,KAPPA_HELDOUT_TEST_S5_T034_E001,2026-09-13T08:15:00.000000Z,2026-09-13T08:28:20.000000Z,10,800,8000,290,156,405.101522395154,6371,539.1520350498039,6910.152035049804,25,398600.4418,20,100,2000,0.14524942874167351,0.1447392364261711,2.8947847285234216,0.0010991006983823459,5716.6602809252745,0.01749273091033047,one independently generated complete analytic trace
heldout_test,5,KAPPA_HELDOUT_TEST_S5_T035,KAPPA_HELDOUT_TEST_S5_T035_E001,2026-09-13T08:30:00.000000Z,2026-09-13T08:43:20.000000Z,10,800,8000,177,92,404.69003257556045,6371,538.3636035073779,6909.363603507378,25,398600.4418,20,100,2000,0.14507583551277908,0.14456746898273445,2.891349379654689,0.001099288832289297,5715.681923280065,0.017495725154455917,one independently generated complete analytic trace
heldout_test,5,KAPPA_HELDOUT_TEST_S5_T036,KAPPA_HELDOUT_TEST_S5_T036_E001,2026-09-13T08:45:00.000000Z,2026-09-13T08:58:20.000000Z,10,800,8000,237,119,416.1704000198631,6371,560.6481944166443,6931.648194416644,25,398600.4418,20,100,2000,0.1499497303648441,0.14938842712346181,2.987768542469236,0.0010939919314025893,5743.356168197709,0.017411422358537175,one independently generated complete analytic trace
heldout_test,5,KAPPA_HELDOUT_TEST_S5_T037,KAPPA_HELDOUT_TEST_S5_T037_E001,2026-09-13T09:00:00.000000Z,2026-09-13T09:13:20.000000Z,10,800,8000,220,91,405.67000930477235,6371,540.2425218897112,6911.2425218897115,25,398600.4418,20,100,2000,0.14548938636152214,0.14497666308327972,2.8995332616655944,0.0010988405770878161,5718.013548272392,0.01748859095134768,one independently generated complete analytic trace
heldout_test,5,KAPPA_HELDOUT_TEST_S5_T038,KAPPA_HELDOUT_TEST_S5_T038_E001,2026-09-13T09:15:00.000000Z,2026-09-13T09:28:20.000000Z,10,800,8000,198,105,409.0918873079401,6371,546.8371038790136,6917.837103879014,25,398600.4418,20,100,2000,0.14693703093088445,0.1464088609837565,2.92817721967513,0.0010972697102947172,5726.199537114696,0.01746358982984162,one independently generated complete analytic trace
heldout_test,5,KAPPA_HELDOUT_TEST_S5_T039,KAPPA_HELDOUT_TEST_S5_T039_E001,2026-09-13T09:30:00.000000Z,2026-09-13T09:43:20.000000Z,10,800,8000,230,112,406.45824472721813,6371,541.756927133657,6912.756927133657,25,398600.4418,20,100,2000,0.14582235506266178,0.14530610595224872,2.906122119044974,0.0010984795057800783,5719.893065021383,0.017482844323004166,one independently generated complete analytic trace
heldout_test,5,KAPPA_HELDOUT_TEST_S5_T040,KAPPA_HELDOUT_TEST_S5_T040_E001,2026-09-13T09:45:00.000000Z,2026-09-13T09:58:20.000000Z,10,800,8000,202,106,403.6846571051557,6371,536.4404300923578,6907.440430092358,25,398600.4418,20,100,2000,0.14465204121274705,0.14414811369525396,2.882962273905079,0.0010997479611575271,5713.295708742476,0.017503032417345417,one independently generated complete analytic trace
heldout_test,5,KAPPA_HELDOUT_TEST_S5_T041,KAPPA_HELDOUT_TEST_S5_T041_E001,2026-09-13T10:00:00.000000Z,2026-09-13T10:13:20.000000Z,10,800,8000,216,118,406.70675164033565,6371,542.234950878076,6913.234950878076,25,398600.4418,20,100,2000,0.14592739176581287,0.14541002707256692,2.9082005414513383,0.0010983655742676252,5720.486379381588,0.017481031046666082,one independently generated complete analytic trace
heldout_test,5,KAPPA_HELDOUT_TEST_S5_T042,KAPPA_HELDOUT_TEST_S5_T042_E001,2026-09-13T10:15:00.000000Z,2026-09-13T10:28:20.000000Z,10,800,8000,195,105,405.3628806125089,6371,539.6532002132426,6910.653200213243,25,398600.4418,20,100,2000,0.14535972857142482,0.1448483738997896,2.8969674779957924,0.0010989811392802457,5717.282201307499,0.01749082806812138,one independently generated complete analytic trace
heldout_test,5,KAPPA_HELDOUT_TEST_S5_T043,KAPPA_HELDOUT_TEST_S5_T043_E001,2026-09-13T10:30:00.000000Z,2026-09-13T10:43:20.000000Z,10,800,8000,251,133,407.1824188747935,6371,543.1507100077648,6914.150710007765,25,398600.4418,20,100,2000,0.14612852523381198,0.14560901984673616,2.912180396934723,0.001098147368509883,5721.623060214108,0.017477558194170507,one independently generated complete analytic trace
heldout_test,5,KAPPA_HELDOUT_TEST_S5_T044,KAPPA_HELDOUT_TEST_S5_T044_E001,2026-09-13T10:45:00.000000Z,2026-09-13T10:58:20.000000Z,10,800,8000,283,131,416.56432763086144,6371,561.4236183737866,6932.423618373787,25,398600.4418,20,100,2000,0.1501181181158377,0.14955492320757613,2.9910984641515226,0.001093808384375533,5744.319934763276,0.017408501116872595,one independently generated complete analytic trace
heldout_test,5,KAPPA_HELDOUT_TEST_S5_T045,KAPPA_HELDOUT_TEST_S5_T045_E001,2026-09-13T11:00:00.000000Z,2026-09-13T11:13:20.000000Z,10,800,8000,338,169,405.37716789825225,6371,539.6806054602583,6910.680605460258,25,398600.4418,20,100,2000,0.14536575910934363,0.14485434083620022,2.8970868167240043,0.0010989746020472041,5717.316210470262,0.01749072402482611,one independently generated complete analytic trace
heldout_test,5,KAPPA_HELDOUT_TEST_S5_T046,KAPPA_HELDOUT_TEST_S5_T046_E001,2026-09-13T11:15:00.000000Z,2026-09-13T11:28:20.000000Z,10,800,8000,241,119,403.10797385852936,6371,535.3393210768184,6906.339321076818,25,398600.4418,20,100,2000,0.14440916914015983,0.14390777389956905,2.878155477991381,0.001100010978351683,5711.929636006594,0.017507218466002224,one independently generated complete analytic trace
heldout_test,5,KAPPA_HELDOUT_TEST_S5_T047,KAPPA_HELDOUT_TEST_S5_T047_E001,2026-09-13T11:30:00.000000Z,2026-09-13T11:43:20.000000Z,10,800,8000,279,152,409.31883246114955,6371,547.2763382459871,6918.276338245987,25,398600.4418,20,100,2000,0.14703324104801002,0.1465040336786239,2.930080673572478,0.0010971652151372843,5726.744906320599,0.01746192673775816,one independently generated complete analytic trace
heldout_test,5,KAPPA_HELDOUT_TEST_S5_T048,KAPPA_HELDOUT_TEST_S5_T048_E001,2026-09-13T11:45:00.000000Z,2026-09-13T11:58:20.000000Z,10,800,8000,238,109,414.4582486805184,6371,557.2863433033872,6928.286343303387,25,398600.4418,20,100,2000,0.14921875429817527,0.14866561379305754,2.9733122758611508,0.0010947882937197514,5739.178381083405,0.017424096858464026,one independently generated complete analytic trace
heldout_test,5,KAPPA_HELDOUT_TEST_S5_T049,KAPPA_HELDOUT_TEST_S5_T049_E001,2026-09-13T12:00:00.000000Z,2026-09-13T12:13:20.000000Z,10,800,8000,215,99,406.9048294194038,6371,542.616168560339,6913.616168560339,25,398600.4418,20,100,2000,0.146011134745265,0.14549287947805853,2.9098575895611707,0.0010982747294919928,5720.959554524098,0.01747958520715649,one independently generated complete analytic trace
heldout_test,5,KAPPA_HELDOUT_TEST_S5_T050,KAPPA_HELDOUT_TEST_S5_T050_E001,2026-09-13T12:15:00.000000Z,2026-09-13T12:28:20.000000Z,10,800,8000,231,94,406.27093893374814,6371,541.3968119216449,6912.396811921645,25,398600.4418,20,100,2000,0.14574320586906248,0.1452277963339883,2.904555926679766,0.0010985653481462554,5719.446110130798,0.017484210546694547,one independently generated complete analytic trace
heldout_test,5,KAPPA_HELDOUT_TEST_S5_T051,KAPPA_HELDOUT_TEST_S5_T051_E001,2026-09-13T12:30:00.000000Z,2026-09-13T12:43:20.000000Z,10,800,8000,221,85,407.74612140460215,6371,544.2372737586147,6915.237273758615,25,398600.4418,20,100,2000,0.14636702480346148,0.1458449733951357,2.916899467902714,0.0010978885573792714,5722.971848962468,0.017473439087094103,one independently generated complete analytic trace
heldout_test,5,KAPPA_HELDOUT_TEST_S5_T052,KAPPA_HELDOUT_TEST_S5_T052_E001,2026-09-13T12:45:00.000000Z,2026-09-13T12:58:20.000000Z,10,800,8000,219,112,403.9654990802339,6371,536.9771983578639,6907.977198357864,25,398600.4418,20,100,2000,0.14477037578343094,0.1442652113847503,2.8853042276950056,0.0010996197836198752,5713.961680914614,0.017500992408474348,one independently generated complete analytic trace
heldout_test,5,KAPPA_HELDOUT_TEST_S5_T053,KAPPA_HELDOUT_TEST_S5_T053_E001,2026-09-13T13:00:00.000000Z,2026-09-13T13:13:20.000000Z,10,800,8000,214,130,407.2070956353642,6371,543.1982457023281,6914.198245702328,25,398600.4418,20,100,2000,0.1461389626418657,0.14561934600718082,2.9123869201436166,0.0010981360437460456,5721.682065680955,0.0174773779549561,one independently generated complete analytic trace
heldout_test,5,KAPPA_HELDOUT_TEST_S5_T054,KAPPA_HELDOUT_TEST_S5_T054_E001,2026-09-13T13:15:00.000000Z,2026-09-13T13:28:20.000000Z,10,800,8000,219,96,411.9540177351112,6371,552.3937158731944,6923.393715873194,25,398600.4418,20,100,2000,0.14815222439759673,0.14761085132774573,2.952217026554915,0.0010959489970522932,5733.100102357942,0.01744257002574775,one independently generated complete analytic trace
heldout_test,5,KAPPA_HELDOUT_TEST_S5_T055,KAPPA_HELDOUT_TEST_S5_T055_E001,2026-09-13T13:30:00.000000Z,2026-09-13T13:43:20.000000Z,10,800,8000,202,96,404.13070154898395,6371,537.2931103572995,6908.293110357299,25,398600.4418,20,100,2000,0.14484000238094313,0.14433410927277154,2.886682185455431,0.0010995443570765572,5714.3536472554615,0.017499791957753412,one independently generated complete analytic trace
heldout_test,5,KAPPA_HELDOUT_TEST_S5_T056,KAPPA_HELDOUT_TEST_S5_T056_E001,2026-09-13T13:45:00.000000Z,2026-09-13T13:58:20.000000Z,10,800,8000,171,97,409.0126147504032,6371,546.6837331982907,6917.683733198291,25,398600.4418,20,100,2000,0.14690343035701753,0.14637562240154228,2.9275124480308454,0.0010973062015412823,5726.009110633103,0.01746417060606866,one independently generated complete analytic trace
heldout_test,5,KAPPA_HELDOUT_TEST_S5_T057,KAPPA_HELDOUT_TEST_S5_T057_E001,2026-09-13T14:00:00.000000Z,2026-09-13T14:13:20.000000Z,10,800,8000,233,114,416.84726567193997,6371,561.9810145201224,6932.981014520123,25,398600.4418,20,100,2000,0.15023911025853603,0.14967455350745795,2.993491070149159,0.0010936764774102923,5745.012750075315,0.017406401752317963,one independently generated complete analytic trace
heldout_test,5,KAPPA_HELDOUT_TEST_S5_T058,KAPPA_HELDOUT_TEST_S5_T058_E001,2026-09-13T14:15:00.000000Z,2026-09-13T14:28:20.000000Z,10,800,8000,216,89,405.1781863802482,6371,539.2990098194812,6910.299009819481,25,398600.4418,20,100,2000,0.14528177952186067,0.14477124647154405,2.895424929430881,0.001099065633500316,5716.842666773986,0.01749217283540007,one independently generated complete analytic trace
heldout_test,5,KAPPA_HELDOUT_TEST_S5_T059,KAPPA_HELDOUT_TEST_S5_T059_E001,2026-09-13T14:30:00.000000Z,2026-09-13T14:43:20.000000Z,10,800,8000,195,110,410.59092502854827,6371,549.7427090122213,6920.742709012221,25,398600.4418,20,100,2000,0.1475729892901287,0.14703793671020057,2.9407587342040116,0.0010965787661338618,5729.807562599278,0.01745259311198156,one independently generated complete analytic trace
heldout_test,5,KAPPA_HELDOUT_TEST_S5_T060,KAPPA_HELDOUT_TEST_S5_T060_E001,2026-09-13T14:45:00.000000Z,2026-09-13T14:58:20.000000Z,10,800,8000,235,92,411.88637861260514,6371,552.2619672877508,6923.261967287751,25,398600.4418,20,100,2000,0.14812346027142648,0.14758240223661856,2.951648044732371,0.001095980280806473,5732.936456261903,0.01744306792215937,one independently generated complete analytic trace
